t_s,dda_pos_x,dda_pos_y,dda_pos_z,enc_rel_x,enc_rel_y,enc_rel_z,vel_sps_x,vel_sps_y,vel_sps_z,err_steps_x,err_steps_y,err_steps_z,active_load_x,active_load_y,active_load_z,load_timer_x,load_timer_y,load_timer_z,span_steps,global_stop
0.0,0.0,0.0,0.0,0.5,0.5,0.5,0.0,0.0,0.0,0.0,0.0,0.0,0.0,0.0,0.0,0.0,0.0,0.0,0.0,0
0.0,0.0,0.0,0.0,0.5,0.5,0.5,0.0,0.0,0.0,0.5,0.4,0.30000000000000004,0.0,0.0,0.0,0.0,0.0,0.0,0.0,0
0.001,0.0,0.0,0.0,0.5,0.5,0.5,0.0,0.0,0.0,0.5,0.4,0.30000000000000004,0.0,0.0,0.0,0.0,0.0,0.0,0.0,0
0.002,1.0,1.0,1.0,0.5,0.5,0.5,1000.0,1000.0,1000.0,0.5,0.4,0.30000000000000004,0.0,0.0,0.0,0.0,0.0,0.0,0.0,0
0.003,1.0,1.0,1.0,1.5,1.5,1.5,0.0,0.0,0.0,0.5,0.19999999999999996,-0.10000000000000009,0.0,0.0,0.0,0.0,0.0,0.0,0.0,0
0.004,2.0,2.0,2.0,1.5,1.5,1.5,1000.0,1000.0,1000.0,0.5,0.19999999999999996,-0.10000000000000009,0.0,0.0,0.0,0.0,0.0,0.0,0.0,0
0.005,4.0,4.0,4.0,2.5,2.5,2.5,2000.0,2000.0,2000.0,0.5,0.0,-0.5,0.0,0.0,0.0,0.0,0.0,0.0,0.0,0
0.006,5.0,5.0,5.0,4.5,4.5,4.5,1000.0,1000.0,1000.0,0.5,-0.40000000000000036,-1.2999999999999998,0.0,0.0,0.0,0.0,0.0,0.0,0.0,0
0.007,7.0,7.0,6.0,5.5,5.5,5.5,2000.0,2000.0,1000.0,0.5,-0.5999999999999996,-1.7000000000000002,0.0,0.0,0.0,0.0,0.0,0.0,1.0,0
0.008,8.0,8.0,8.0,7.5,7.5,6.5,1000.0,1000.0,2000.0,0.5,-1.0,-1.5,0.0,0.0,0.0,0.0,0.0,0.0,0.0,0
0.009000000000000001,10.0,10.0,10.0,8.5,8.5,8.5,2000.0,2000.0,2000.0,0.5,-1.2000000000000002,-2.9000000000000004,0.0,0.0,0.0,0.0,0.0,0.0,0.0,0
0.01,12.0,12.0,12.0,10.5,10.5,10.5,2000.0,2000.0,2000.0,0.5,-1.5999999999999996,-3.7,0.0,0.0,0.0,0.0,0.0,0.0,0.0,0
0.011,15.0,15.0,15.0,12.5,12.5,12.5,3000.0,3000.0,3000.0,0.5,-2.0,-4.5,0.0,0.0,0.0,0.0,0.0,0.0,0.0,0
0.012,17.0,17.0,17.0,15.5,15.5,15.5,2000.0,2000.0,2000.0,0.5,-2.5999999999999996,-5.699999999999999,0.0,0.0,0.0,0.0,0.0,0.0,0.0,0
0.013000000000000001,20.0,20.0,20.0,17.5,17.5,17.5,3000.0,3000.0,3000.0,0.5,-3.0,-6.5,0.0,0.0,0.0,0.0,0.0,0.0,0.0,0
0.014,23.0,23.0,23.0,20.5,20.5,20.5,3000.0,3000.0,3000.0,0.5,-3.6000000000000014,-7.699999999999999,0.0,0.0,0.0,0.0,0.0,0.0,0.0,0
0.015,26.0,26.0,26.0,23.5,23.5,23.5,3000.0,3000.0,3000.0,0.5,-4.199999999999999,-8.9,0.0,0.0,0.0,0.0,0.0,0.0,0.0,0
0.016,29.0,29.0,29.0,26.5,26.5,26.5,3000.0,3000.0,3000.0,0.5,-4.800000000000001,-10.100000000000001,0.0,0.0,0.0,0.0,0.0,0.0,0.0,0
0.017,33.0,33.0,33.0,29.5,29.5,29.5,4000.0,4000.0,4000.0,0.5,-5.399999999999999,-11.3,0.0,0.0,0.0,0.0,0.0,0.0,0.0,0
0.018000000000000002,37.0,37.0,36.0,33.5,33.5,33.5,4000.0,4000.0,3000.0,0.5,-6.199999999999999,-12.899999999999999,0.0,0.0,0.0,0.0,0.0,0.0,1.0,0
0.019,41.0,40.0,40.0,37.5,37.5,36.5,4000.0,3000.0,4000.0,0.5,-7.0,-13.5,0.0,0.0,0.0,0.0,0.0,0.0,1.0,0
0.02,45.0,45.0,44.0,41.5,40.5,40.5,4000.0,5000.0,4000.0,0.5,-6.799999999999997,-15.100000000000001,0.0,0.0,0.0,0.0,0.0,0.0,1.0,0
0.021,49.0,49.0,49.0,45.5,45.5,44.5,4000.0,4000.0,5000.0,0.5,-8.600000000000001,-16.7,0.0,0.0,0.0,0.0,0.0,0.0,0.0,0
0.022,54.0,53.0,53.0,49.5,49.5,49.5,5000.0,4000.0,4000.0,0.5,-9.399999999999999,-19.3,0.0,0.0,0.0,0.0,0.0,0.0,1.0,0
0.023,58.0,58.0,58.0,54.5,53.5,53.5,4000.0,5000.0,5000.0,0.5,-9.399999999999999,-20.299999999999997,0.0,0.0,0.0,0.0,0.0,0.0,0.0,0
0.024,63.0,63.0,63.0,58.5,58.5,58.5,5000.0,5000.0,5000.0,0.5,-11.200000000000003,-22.9,0.0,0.0,0.0,0.0,0.0,0.0,0.0,0
0.025,68.0,68.0,68.0,63.5,63.5,63.5,5000.0,5000.0,5000.0,0.5,-12.200000000000003,-24.9,0.0,0.0,0.0,0.0,0.0,0.0,0.0,0
0.026000000000000002,74.0,73.0,73.0,68.5,68.5,68.5,6000.0,5000.0,5000.0,0.5,-13.200000000000003,-26.9,0.0,0.0,0.0,0.0,0.0,0.0,1.0,0
0.027,79.0,79.0,77.0,74.5,73.5,73.5,5000.0,6000.0,4000.0,0.5,-13.399999999999999,-28.299999999999997,0.0,0.0,0.0,0.0,0.0,0.0,2.0,0
0.028,85.0,84.0,82.0,79.5,79.5,77.5,6000.0,5000.0,5000.0,0.5,-15.400000000000006,-29.299999999999997,0.0,0.0,0.0,0.0,0.0,0.0,3.0,0
0.029,91.0,90.0,87.0,85.5,84.5,82.5,6000.0,6000.0,5000.0,0.5,-15.599999999999994,-30.700000000000003,0.0,0.0,0.0,0.0,0.0,0.0,4.0,0
0.03,97.0,96.0,92.0,91.5,90.5,87.5,6000.0,6000.0,5000.0,0.5,-16.799999999999997,-32.1,0.0,0.0,0.0,0.0,0.0,0.0,5.0,0
0.031,103.0,102.0,97.0,97.5,96.5,92.5,6000.0,6000.0,5000.0,0.5,-18.0,-33.5,0.0,0.0,0.0,0.0,0.0,0.0,6.0,0
0.032,109.0,108.0,101.0,103.5,102.5,97.5,6000.0,6000.0,4000.0,0.5,-19.200000000000003,-34.9,0.0,0.0,0.0,0.0,0.0,0.0,8.0,0
0.033,116.0,114.0,106.0,109.5,108.5,101.5,7000.0,6000.0,5000.0,0.5,-20.400000000000006,-35.3,0.0,0.0,0.0,0.0,0.0,0.0,10.0,0
0.034,123.0,120.0,110.0,116.5,114.5,106.5,7000.0,6000.0,4000.0,0.5,-20.799999999999997,-36.099999999999994,0.0,0.0,0.0,0.0,0.0,0.0,13.0,0
0.035,130.0,126.0,115.0,123.5,120.5,110.5,7000.0,6000.0,5000.0,0.5,-21.200000000000003,-35.900000000000006,0.0,0.0,0.0,0.0,0.0,0.0,15.0,0
0.036000000000000004,137.0,132.0,120.0,130.5,126.5,115.5,7000.0,6000.0,5000.0,0.5,-21.599999999999994,-36.7,0.0,0.0,0.0,0.0,0.0,0.0,17.0,0
0.037,145.0,137.0,124.0,137.5,132.5,120.5,8000.0,5000.0,4000.0,0.5,-22.0,-37.5,0.0,0.0,0.0,0.0,0.0,0.0,21.0,0
0.038,152.0,143.0,128.0,145.5,137.5,124.5,7000.0,6000.0,4000.0,0.5,-20.599999999999994,-36.7,0.0,0.0,0.0,0.0,0.0,0.0,24.0,0
0.039,160.0,149.0,133.0,152.5,143.5,128.5,8000.0,6000.0,5000.0,0.5,-21.0,-36.5,0.0,0.0,0.0,0.0,0.0,0.0,27.0,0
0.04,168.0,154.0,137.0,160.5,149.5,133.5,8000.0,5000.0,4000.0,0.5,-20.599999999999994,-36.7,0.0,0.0,0.0,0.0,0.0,0.0,31.0,0
0.041,176.0,160.0,142.0,168.5,154.5,137.5,8000.0,6000.0,5000.0,0.5,-19.19999999999999,-35.900000000000006,0.0,0.0,0.0,0.0,0.0,0.0,34.0,0
0.042,185.0,166.0,146.0,176.5,160.5,142.5,9000.0,6000.0,4000.0,0.5,-18.80000000000001,-36.099999999999994,0.0,0.0,0.0,0.0,0.0,0.0,39.0,0
0.043000000000000003,194.0,172.0,151.0,185.5,166.5,146.5,9000.0,6000.0,5000.0,0.5,-17.599999999999994,-34.7,0.0,0.0,0.0,0.0,0.0,0.0,43.0,0
0.044,202.0,178.0,155.0,194.5,172.5,151.5,8000.0,6000.0,4000.0,0.5,-16.400000000000006,-34.3,0.0,0.0,0.0,0.0,0.0,0.0,47.0,0
0.045,211.0,183.0,159.0,202.5,178.5,155.5,9000.0,5000.0,4000.0,0.5,-16.0,-33.5,0.0,0.0,0.0,0.0,0.0,0.0,52.0,0
0.046,221.0,190.0,164.0,211.5,183.5,159.5,10000.0,7000.0,5000.0,0.5,-13.800000000000011,-32.099999999999994,0.0,0.0,0.0,0.0,0.0,0.0,57.0,0
0.047,230.0,196.0,168.0,221.5,190.5,164.5,9000.0,6000.0,4000.0,0.5,-12.800000000000011,-31.099999999999994,0.0,0.0,0.0,0.0,0.0,0.0,62.0,0
0.048,240.0,202.0,173.0,230.5,196.5,168.5,10000.0,6000.0,5000.0,0.5,-11.599999999999994,-29.69999999999999,0.0,0.0,0.0,0.0,0.0,0.0,67.0,0
0.049,249.0,208.0,177.0,240.5,202.5,173.5,9000.0,6000.0,4000.0,0.5,-9.599999999999994,-28.69999999999999,0.0,0.0,0.0,0.0,0.0,0.0,72.0,0
0.05,259.0,215.0,182.0,249.5,208.5,177.5,10000.0,7000.0,5000.0,0.5,-8.400000000000006,-27.30000000000001,0.0,0.0,0.0,0.0,0.0,0.0,77.0,0
0.051000000000000004,269.0,222.0,186.0,259.5,215.5,182.5,10000.0,7000.0,4000.0,0.5,-7.400000000000006,-26.30000000000001,0.0,0.0,0.0,0.0,0.0,0.0,83.0,0
0.052000000000000005,279.0,229.0,191.0,269.5,222.5,186.5,10000.0,7000.0,5000.0,0.5,-6.400000000000006,-24.30000000000001,0.0,0.0,0.0,0.0,0.0,0.0,88.0,0
0.053,289.0,236.0,196.0,279.5,229.5,191.5,10000.0,7000.0,5000.0,0.5,-5.400000000000006,-23.30000000000001,0.0,0.0,0.0,0.0,0.0,0.0,93.0,0
0.054,298.0,243.0,200.0,289.5,236.5,196.5,9000.0,7000.0,4000.0,0.5,-4.400000000000006,-22.30000000000001,0.0,0.0,0.0,0.0,0.0,0.0,98.0,0
0.055,308.0,250.0,205.0,298.5,243.5,200.5,10000.0,7000.0,5000.0,0.5,-4.199999999999989,-20.900000000000006,0.0,0.0,0.0,0.0,0.0,0.0,103.0,0
0.056,318.0,258.0,209.0,308.5,250.5,205.5,10000.0,8000.0,4000.0,0.5,-3.1999999999999886,-19.900000000000006,0.0,0.0,0.0,0.0,0.0,0.0,109.0,0
0.057,328.0,265.0,214.0,318.5,258.5,209.5,10000.0,7000.0,5000.0,0.5,-3.1999999999999886,-17.900000000000006,0.0,0.0,0.0,0.0,0.0,0.0,114.0,0
0.058,338.0,272.0,219.0,328.5,265.5,214.5,10000.0,7000.0,5000.0,0.5,-2.1999999999999886,-16.900000000000006,0.0,0.0,0.0,0.0,0.0,0.0,119.0,0
0.059000000000000004,347.0,279.0,224.0,338.5,272.5,219.5,9000.0,7000.0,5000.0,0.5,-1.1999999999999886,-15.900000000000006,0.0,0.0,0.0,0.0,0.0,0.0,123.0,0
0.06,357.0,286.0,228.0,347.5,279.5,224.5,10000.0,7000.0,4000.0,0.5,-1.0,-15.5,0.0,0.0,0.0,0.0,0.0,0.0,129.0,0
0.061,367.0,293.0,233.0,357.5,286.5,228.5,10000.0,7000.0,5000.0,0.5,0.0,-13.5,0.0,0.0,0.0,0.0,0.0,0.0,134.0,0
0.062,377.0,301.0,238.0,367.5,293.5,233.5,10000.0,8000.0,5000.0,-0.125,0.5,-12.875,0.0,0.0,0.0,0.0,0.0,0.0,139.0,0
0.063,387.0,308.0,243.0,377.5,301.5,238.5,10000.0,7000.0,5000.0,-0.125,0.5,-11.875,0.0,0.0,0.0,0.0,0.0,0.0,144.0,0
0.064,396.0,315.0,247.0,387.5,308.5,243.5,9000.0,7000.0,4000.0,-1.375,0.5,-11.625,0.0,0.0,0.0,0.0,0.0,0.0,149.0,0
0.065,406.0,322.0,252.0,396.5,315.5,247.5,10000.0,7000.0,5000.0,-1.625,0.5,-10.375,0.0,0.0,0.0,0.0,0.0,0.0,154.0,0
0.066,416.0,329.0,257.0,406.5,322.5,252.5,10000.0,7000.0,5000.0,-2.875,0.5,-10.125,0.0,0.0,0.0,0.0,0.0,0.0,159.0,0
0.067,426.0,337.0,262.0,416.5,329.5,257.5,10000.0,8000.0,5000.0,-4.125,0.5,-9.875,0.0,0.0,0.0,0.0,0.0,0.0,164.0,0
0.068,436.0,344.0,267.0,426.5,337.5,262.5,10000.0,7000.0,5000.0,-4.125,0.5,-8.875,0.0,0.0,0.0,0.0,0.0,0.0,169.0,0
0.069,445.0,351.0,272.0,436.5,344.5,267.5,9000.0,7000.0,5000.0,-5.375,0.5,-8.625,0.0,0.0,0.0,0.0,0.0,0.0,173.0,0
0.07,455.0,358.0,278.0,445.5,351.5,272.5,10000.0,7000.0,6000.0,-5.625,0.5,-8.375,0.0,0.0,0.0,0.0,0.0,0.0,177.0,0
0.07100000000000001,465.0,365.0,283.0,455.5,358.5,278.5,10000.0,7000.0,5000.0,-6.875,0.5,-9.125,0.0,0.0,0.0,0.0,0.0,0.0,182.0,0
0.07200000000000001,475.0,372.0,288.0,465.5,365.5,283.5,10000.0,7000.0,5000.0,-8.125,0.5,-8.875,0.0,0.0,0.0,0.0,0.0,0.0,187.0,0
0.073,485.0,380.0,293.0,475.5,372.5,288.5,10000.0,8000.0,5000.0,-9.375,0.5,-8.625,0.0,0.0,0.0,0.0,0.0,0.0,192.0,0
0.074,494.0,387.0,298.0,485.5,380.5,293.5,9000.0,7000.0,5000.0,-9.375,0.5,-7.625,0.0,0.0,0.0,0.0,0.0,0.0,196.0,0
0.075,504.0,394.0,303.0,494.5,387.5,298.5,10000.0,7000.0,5000.0,-9.625,0.5,-7.375,0.0,0.0,0.0,0.0,0.0,0.0,201.0,0
0.076,514.0,401.0,308.0,504.5,394.5,303.5,10000.0,7000.0,5000.0,-10.875,0.5,-7.125,0.0,0.0,0.0,0.0,0.0,0.0,206.0,0
0.077,523.0,408.0,313.0,514.5,401.5,308.5,9000.0,7000.0,5000.0,-12.125,0.5,-6.875,0.0,0.0,0.0,0.0,0.0,0.0,210.0,0
0.078,532.0,416.0,318.0,523.5,408.5,313.5,9000.0,8000.0,5000.0,-12.375,0.5,-6.625,0.0,0.0,0.0,0.0,0.0,0.0,214.0,0
0.079,542.0,423.0,324.0,532.5,416.5,318.5,10000.0,7000.0,6000.0,-11.375,0.5,-5.625,0.0,0.0,0.0,0.0,0.0,0.0,218.0,0
0.08,551.0,430.0,329.0,542.5,423.5,324.5,9000.0,7000.0,5000.0,-12.625,0.5,-6.375,0.0,0.0,0.0,0.0,0.0,0.0,222.0,0
0.081,560.0,437.0,334.0,551.5,430.5,329.5,9000.0,7000.0,5000.0,-12.875,0.5,-6.125,0.0,0.0,0.0,0.0,0.0,0.0,226.0,0
0.082,570.0,444.0,339.0,560.5,437.5,334.5,10000.0,7000.0,5000.0,-13.125,0.5,-5.875,0.0,0.0,0.0,0.0,0.0,0.0,231.0,0
0.083,579.0,451.0,344.0,570.5,444.5,339.5,9000.0,7000.0,5000.0,-14.375,0.5,-5.625,0.0,0.0,0.0,0.0,0.0,0.0,235.0,0
0.084,588.0,459.0,349.0,579.5,451.5,344.5,9000.0,8000.0,5000.0,-14.625,0.5,-5.375,0.0,0.0,0.0,0.0,0.0,0.0,239.0,0
0.085,597.0,466.0,354.0,588.5,459.5,349.5,9000.0,7000.0,5000.0,-13.625,0.5,-4.375,0.0,0.0,0.0,0.0,0.0,0.0,243.0,0
0.08600000000000001,606.0,473.0,359.0,597.5,466.5,354.5,9000.0,7000.0,5000.0,-13.875,0.5,-4.125,0.0,0.0,0.0,0.0,0.0,0.0,247.0,0
0.08700000000000001,615.0,480.0,364.0,606.5,473.5,359.5,9000.0,7000.0,5000.0,-14.125,0.5,-3.875,0.0,0.0,0.0,0.0,0.0,0.0,251.0,0
0.088,624.0,487.0,370.0,615.5,480.5,364.5,9000.0,7000.0,6000.0,-14.375,0.5,-3.625,0.0,0.0,0.0,0.0,0.0,0.0,254.0,0
0.089,634.0,495.0,375.0,624.5,487.5,370.5,10000.0,8000.0,5000.0,-14.625,0.5,-4.375,0.0,0.0,0.0,0.0,0.0,0.0,259.0,0
0.09,643.0,502.0,380.0,634.5,495.5,375.5,9000.0,7000.0,5000.0,-14.625,0.5,-3.375,0.0,0.0,0.0,0.0,0.0,0.0,263.0,0
0.091,652.0,509.0,385.0,643.5,502.5,380.5,9000.0,7000.0,5000.0,-14.875,0.5,-3.125,0.0,0.0,0.0,0.0,0.0,0.0,267.0,0
0.092,661.0,516.0,390.0,652.5,509.5,385.5,9000.0,7000.0,5000.0,-15.125,0.5,-2.875,0.0,0.0,0.0,0.0,0.0,0.0,271.0,0
0.093,670.0,523.0,395.0,661.5,516.5,390.5,9000.0,7000.0,5000.0,-15.375,0.5,-2.625,0.0,0.0,0.0,0.0,0.0,0.0,275.0,0
0.094,679.0,531.0,400.0,670.5,523.5,395.5,9000.0,8000.0,5000.0,-15.625,0.5,-2.375,0.0,0.0,0.0,0.0,0.0,0.0,279.0,0
0.095,688.0,538.0,405.0,679.5,531.5,400.5,9000.0,7000.0,5000.0,-14.625,0.5,-1.375,0.0,0.0,0.0,0.0,0.0,0.0,283.0,0
0.096,697.0,545.0,411.0,688.5,538.5,405.5,9000.0,7000.0,6000.0,-14.875,0.5,-1.125,0.0,0.0,0.0,0.0,0.0,0.0,286.0,0
0.097,706.0,552.0,416.0,697.5,545.5,411.5,9000.0,7000.0,5000.0,-15.125,0.5,-1.875,0.0,0.0,0.0,0.0,0.0,0.0,290.0,0
0.098,715.0,559.0,421.0,706.5,552.5,416.5,9000.0,7000.0,5000.0,-15.375,0.5,-1.625,0.0,0.0,0.0,0.0,0.0,0.0,294.0,0
0.099,724.0,566.0,426.0,715.5,559.5,421.5,9000.0,7000.0,5000.0,-15.625,0.5,-1.375,0.0,0.0,0.0,0.0,0.0,0.0,298.0,0
0.1,733.0,574.0,431.0,724.5,566.5,426.5,9000.0,8000.0,5000.0,-15.875,0.5,-1.125,0.0,0.0,0.0,0.0,0.0,0.0,302.0,0
0.101,742.0,581.0,436.0,733.5,574.5,431.5,9000.0,7000.0,5000.0,-14.875,0.5,-0.125,0.0,0.0,0.0,0.0,0.0,0.0,306.0,0
0.10200000000000001,751.0,588.0,441.0,742.5,581.5,436.5,9000.0,7000.0,5000.0,-15.125,0.5,0.125,0.0,0.0,0.0,0.0,0.0,0.0,310.0,0
0.10300000000000001,760.0,595.0,446.0,751.5,588.5,441.5,9000.0,7000.0,5000.0,-15.375,0.5,0.375,0.0,0.0,0.0,0.0,0.0,0.0,314.0,0
0.10400000000000001,769.0,602.0,451.0,760.5,595.5,446.5,9000.0,7000.0,5000.0,-15.833333333333371,0.33333333333337123,0.5,0.0,0.0,0.0,0.0,0.0,0.0,318.0,0
0.105,778.0,610.0,457.0,769.5,602.5,451.5,9000.0,8000.0,6000.0,-16.5,0.0,0.5,0.0,0.0,0.0,0.0,0.0,0.0,321.0,0
0.106,786.0,617.0,462.0,778.5,610.5,457.5,8000.0,7000.0,5000.0,-15.5,0.0,0.5,0.0,0.0,0.0,0.0,0.0,0.0,324.0,0
0.107,795.0,624.0,467.0,786.5,617.5,462.5,9000.0,7000.0,5000.0,-15.166666666666629,-0.33333333333337123,0.5,0.0,0.0,0.0,0.0,0.0,0.0,328.0,0
0.108,804.0,631.0,472.0,795.5,624.5,467.5,9000.0,7000.0,5000.0,-15.833333333333371,-0.6666666666666288,0.5,0.0,0.0,0.0,0.0,0.0,0.0,332.0,0
0.109,813.0,638.0,477.0,804.5,631.5,472.5,9000.0,7000.0,5000.0,-16.5,-1.0,0.5,0.0,0.0,0.0,0.0,0.0,0.0,336.0,0
0.11,822.0,645.0,482.0,813.5,638.5,477.5,9000.0,7000.0,5000.0,-17.16666666666663,-1.3333333333333712,0.5,0.0,0.0,0.0,0.0,0.0,0.0,340.0,0
0.111,831.0,653.0,487.0,822.5,645.5,482.5,9000.0,8000.0,5000.0,-17.83333333333337,-1.6666666666666288,0.5,0.0,0.0,0.0,0.0,0.0,0.0,344.0,0
0.112,839.0,660.0,492.0,831.5,653.5,487.5,8000.0,7000.0,5000.0,-18.5,-3.0,0.5,0.0,0.0,0.0,0.0,0.0,0.0,347.0,0
0.113,848.0,667.0,498.0,839.5,660.5,492.5,9000.0,7000.0,6000.0,-18.16666666666663,-3.3333333333333712,0.5,0.0,0.0,0.0,0.0,0.0,0.0,350.0,0
0.114,857.0,674.0,503.0,848.5,667.5,498.5,9000.0,7000.0,5000.0,-17.16666666666663,-2.3333333333333712,0.5,0.0,0.0,0.0,0.0,0.0,0.0,354.0,0
0.115,866.0,681.0,508.0,857.5,674.5,503.5,9000.0,7000.0,5000.0,-17.83333333333337,-2.6666666666666288,0.5,0.0,0.0,0.0,0.0,0.0,0.0,358.0,0
0.116,874.0,689.0,513.0,866.5,681.5,508.5,8000.0,8000.0,5000.0,-18.5,-3.0,0.5,0.0,0.0,0.0,0.0,0.0,0.0,361.0,0
0.117,883.0,696.0,518.0,874.5,689.5,513.5,9000.0,7000.0,5000.0,-18.16666666666663,-4.333333333333371,0.5,0.0,0.0,0.0,0.0,0.0,0.0,365.0,0
0.11800000000000001,892.0,703.0,523.0,883.5,696.5,518.5,9000.0,7000.0,5000.0,-18.83333333333337,-4.666666666666629,0.5,0.0,0.0,0.0,0.0,0.0,0.0,369.0,0
0.11900000000000001,900.0,710.0,528.0,892.5,703.5,523.5,8000.0,7000.0,5000.0,-19.5,-5.0,0.5,0.0,0.0,0.0,0.0,0.0,0.0,372.0,0
0.12,909.0,717.0,533.0,900.5,710.5,528.5,9000.0,7000.0,5000.0,-19.16666666666663,-5.333333333333371,0.5,0.0,0.0,0.0,0.0,0.0,0.0,376.0,0
0.121,917.0,724.0,538.0,909.5,717.5,533.5,8000.0,7000.0,5000.0,-19.83333333333337,-5.666666666666629,0.5,0.0,0.0,0.0,0.0,0.0,0.0,379.0,0
0.122,926.0,732.0,544.0,917.5,724.5,538.5,9000.0,8000.0,6000.0,-19.5,-6.0,0.5,0.0,0.0,0.0,0.0,0.0,0.0,382.0,0
0.123,935.0,739.0,549.0,926.5,732.5,544.5,9000.0,7000.0,5000.0,-18.5,-6.0,0.5,0.0,0.0,0.0,0.0,0.0,0.0,386.0,0
0.124,943.0,746.0,554.0,935.5,739.5,549.5,8000.0,7000.0,5000.0,-19.16666666666663,-6.333333333333371,0.5,0.0,0.0,0.0,0.0,0.0,0.0,389.0,0
0.125,952.0,753.0,559.0,943.5,746.5,554.5,9000.0,7000.0,5000.0,-18.83333333333337,-6.666666666666629,0.5,0.0,0.0,0.0,0.0,0.0,0.0,393.0,0
0.126,960.0,760.0,564.0,952.5,753.5,559.5,8000.0,7000.0,5000.0,-19.5,-7.0,0.5,0.0,0.0,0.0,0.0,0.0,0.0,396.0,0
0.127,969.0,768.0,569.0,960.5,760.5,564.5,9000.0,8000.0,5000.0,-19.16666666666663,-7.333333333333371,0.5,0.0,0.0,0.0,0.0,0.0,0.0,400.0,0
0.128,977.0,775.0,574.0,969.5,768.5,569.5,8000.0,7000.0,5000.0,-19.83333333333337,-8.666666666666629,0.5,0.0,0.0,0.0,0.0,0.0,0.0,403.0,0
0.129,986.0,782.0,579.0,977.5,775.5,574.5,9000.0,7000.0,5000.0,-19.5,-9.0,0.5,0.0,0.0,0.0,0.0,0.0,0.0,407.0,0
0.13,994.0,789.0,585.0,986.5,782.5,579.5,8000.0,7000.0,6000.0,-20.16666666666663,-9.333333333333371,0.5,0.0,0.0,0.0,0.0,0.0,0.0,409.0,0
0.131,1003.0,796.0,590.0,994.5,789.5,585.5,9000.0,7000.0,5000.0,-18.16666666666663,-8.333333333333371,0.5,0.0,0.0,0.0,0.0,0.0,0.0,413.0,0
0.132,1011.0,803.0,595.0,1003.5,796.5,590.5,8000.0,7000.0,5000.0,-18.83333333333337,-8.666666666666629,0.5,0.0,0.0,0.0,0.0,0.0,0.0,416.0,0
0.133,1020.0,811.0,600.0,1011.5,803.5,595.5,9000.0,8000.0,5000.0,-18.5,-9.0,0.5,0.0,0.0,0.0,0.0,0.0,0.0,420.0,0
0.134,1028.0,818.0,605.0,1020.5,811.5,600.5,8000.0,7000.0,5000.0,-19.16666666666663,-10.333333333333371,0.5,0.0,0.0,0.0,0.0,0.0,0.0,423.0,0
0.135,1037.0,824.0,610.0,1028.5,818.5,605.5,9000.0,6000.0,5000.0,-18.83333333333337,-10.666666666666629,0.5,0.0,0.0,0.0,0.0,0.0,0.0,427.0,0
0.136,1045.0,831.0,615.0,1037.5,824.5,610.5,8000.0,7000.0,5000.0,-19.5,-10.0,0.5,0.0,0.0,0.0,0.0,0.0,0.0,430.0,0
0.137,1053.0,837.0,620.0,1045.5,831.5,615.5,8000.0,6000.0,5000.0,-19.166666666666742,-10.333333333333371,0.5,0.0,0.0,0.0,0.0,0.0,0.0,433.0,0
0.138,1062.0,844.0,625.0,1053.5,837.5,620.5,9000.0,7000.0,5000.0,-18.833333333333258,-9.666666666666629,0.5,0.0,0.0,0.0,0.0,0.0,0.0,437.0,0
0.139,1070.0,850.0,631.0,1062.5,844.5,625.5,8000.0,6000.0,6000.0,-19.5,-10.0,0.5,0.0,0.0,0.0,0.0,0.0,0.0,439.0,0
0.14,1079.0,857.0,636.0,1070.5,850.5,631.5,9000.0,7000.0,5000.0,-17.5,-8.0,0.5,0.0,0.0,0.0,0.0,0.0,0.0,443.0,0
0.14100000000000001,1087.0,864.0,641.0,1079.5,857.5,636.5,8000.0,7000.0,5000.0,-18.166666666666742,-8.333333333333371,0.5,0.0,0.0,0.0,0.0,0.0,0.0,446.0,0
0.14200000000000002,1095.0,871.0,646.0,1087.5,864.5,641.5,8000.0,7000.0,5000.0,-17.833333333333258,-8.666666666666629,0.5,0.0,0.0,0.0,0.0,0.0,0.0,449.0,0
0.14300000000000002,1104.0,878.0,651.0,1095.5,871.5,646.5,9000.0,7000.0,5000.0,-17.5,-9.0,0.5,0.0,0.0,0.0,0.0,0.0,0.0,453.0,0
0.14400000000000002,1112.0,885.0,656.0,1104.5,878.5,651.5,8000.0,7000.0,5000.0,-18.166666666666742,-9.333333333333371,0.5,0.0,0.0,0.0,0.0,0.0,0.0,456.0,0
0.145,1121.0,892.0,661.0,1112.5,885.5,656.5,9000.0,7000.0,5000.0,-17.833333333333258,-9.666666666666629,0.5,0.0,0.0,0.0,0.0,0.0,0.0,460.0,0
0.146,1129.0,899.0,666.0,1121.5,892.5,661.5,8000.0,7000.0,5000.0,-18.5,-10.0,0.5,0.0,0.0,0.0,0.0,0.0,0.0,463.0,0
0.147,1137.0,906.0,672.0,1129.5,899.5,666.5,8000.0,7000.0,6000.0,-18.166666666666742,-10.333333333333371,0.5,0.0,0.0,0.0,0.0,0.0,0.0,465.0,0
0.148,1146.0,913.0,677.0,1137.5,906.5,672.5,9000.0,7000.0,5000.0,-16.166666666666742,-9.333333333333371,0.5,0.0,0.0,0.0,0.0,0.0,0.0,469.0,0
0.149,1154.0,920.0,682.0,1146.5,913.5,677.5,8000.0,7000.0,5000.0,-16.833333333333258,-9.666666666666629,0.5,0.0,0.0,0.0,0.0,0.0,0.0,472.0,0
0.15,1162.0,927.0,687.0,1154.5,920.5,682.5,8000.0,7000.0,5000.0,-16.5,-10.0,0.5,0.0,0.0,0.0,0.0,0.0,0.0,475.0,0
0.151,1171.0,933.0,692.0,1162.5,927.5,687.5,9000.0,6000.0,5000.0,-16.166666666666742,-10.333333333333371,0.5,0.0,0.0,0.0,0.0,0.0,0.0,479.0,0
0.152,1179.0,940.0,697.0,1171.5,933.5,692.5,8000.0,7000.0,5000.0,-16.833333333333258,-9.666666666666629,0.5,0.0,0.0,0.0,0.0,0.0,0.0,482.0,0
0.153,1188.0,947.0,702.0,1179.5,940.5,697.5,9000.0,7000.0,5000.0,-16.5,-10.0,0.5,0.0,0.0,0.0,0.0,0.0,0.0,486.0,0
0.154,1196.0,953.0,707.0,1188.5,947.5,702.5,8000.0,6000.0,5000.0,-17.166666666666742,-10.333333333333371,0.5,0.0,0.0,0.0,0.0,0.0,0.0,489.0,0
0.155,1204.0,960.0,712.0,1196.5,953.5,707.5,8000.0,7000.0,5000.0,-16.833333333333258,-9.666666666666629,0.5,0.0,0.0,0.0,0.0,0.0,0.0,492.0,0
0.156,1212.0,967.0,718.0,1204.5,960.5,712.5,8000.0,7000.0,6000.0,-16.5,-10.0,0.5,0.0,0.0,0.0,0.0,0.0,0.0,494.0,0
0.157,1221.0,973.0,723.0,1212.5,967.5,718.5,9000.0,6000.0,5000.0,-14.5,-9.0,0.5,0.0,0.0,0.0,0.0,0.0,0.0,498.0,0
0.158,1229.0,980.0,728.0,1221.5,973.5,723.5,8000.0,7000.0,5000.0,-15.166666666666742,-8.333333333333371,0.5,0.0,0.0,0.0,0.0,0.0,0.0,501.0,0
0.159,1238.0,987.0,733.0,1229.5,980.5,728.5,9000.0,7000.0,5000.0,-14.833333333333258,-8.666666666666629,0.5,0.0,0.0,0.0,0.0,0.0,0.0,505.0,0
0.16,1246.0,994.0,738.0,1238.5,987.5,733.5,8000.0,7000.0,5000.0,-15.5,-9.0,0.5,0.0,0.0,0.0,0.0,0.0,0.0,508.0,0
0.161,1254.0,1001.0,743.0,1246.5,994.5,738.5,8000.0,7000.0,5000.0,-15.166666666666742,-9.333333333333371,0.5,0.0,0.0,0.0,0.0,0.0,0.0,511.0,0
0.162,1263.0,1008.0,748.0,1254.5,1001.5,743.5,9000.0,7000.0,5000.0,-14.833333333333258,-9.666666666666629,0.5,0.0,0.0,0.0,0.0,0.0,0.0,515.0,0
0.163,1271.0,1015.0,753.0,1263.5,1008.5,748.5,8000.0,7000.0,5000.0,-15.5,-10.0,0.5,0.0,0.0,0.0,0.0,0.0,0.0,518.0,0
0.164,1279.0,1022.0,758.0,1271.5,1015.5,753.5,8000.0,7000.0,5000.0,-15.166666666666742,-10.333333333333371,0.5,0.0,0.0,0.0,0.0,0.0,0.0,521.0,0
0.165,1287.0,1028.0,764.0,1279.5,1022.5,758.5,8000.0,6000.0,6000.0,-14.833333333333258,-10.666666666666629,0.5,0.0,0.0,0.0,0.0,0.0,0.0,523.0,0
0.166,1296.0,1035.0,769.0,1287.5,1028.5,764.5,9000.0,7000.0,5000.0,-12.833333333333258,-8.666666666666629,0.5,0.0,0.0,0.0,0.0,0.0,0.0,527.0,0
0.167,1304.0,1042.0,774.0,1296.5,1035.5,769.5,8000.0,7000.0,5000.0,-13.5,-9.0,0.5,0.0,0.0,0.0,0.0,0.0,0.0,530.0,0
0.168,1312.0,1048.0,779.0,1304.5,1042.5,774.5,8000.0,6000.0,5000.0,-13.166666666666742,-9.333333333333258,0.5,0.0,0.0,0.0,0.0,0.0,0.0,533.0,0
0.169,1321.0,1055.0,784.0,1312.5,1048.5,779.5,9000.0,7000.0,5000.0,-12.833333333333258,-8.666666666666742,0.5,0.0,0.0,0.0,0.0,0.0,0.0,537.0,0
0.17,1329.0,1062.0,789.0,1321.5,1055.5,784.5,8000.0,7000.0,5000.0,-13.5,-9.0,0.5,0.0,0.0,0.0,0.0,0.0,0.0,540.0,0
0.171,1337.0,1069.0,794.0,1329.5,1062.5,789.5,8000.0,7000.0,5000.0,-13.166666666666742,-9.333333333333258,0.5,0.0,0.0,0.0,0.0,0.0,0.0,543.0,0
0.17200000000000001,1346.0,1076.0,799.0,1337.5,1069.5,794.5,9000.0,7000.0,5000.0,-12.833333333333258,-9.666666666666742,0.5,0.0,0.0,0.0,0.0,0.0,0.0,547.0,0
0.17300000000000001,1354.0,1083.0,805.0,1346.5,1076.5,799.5,8000.0,7000.0,6000.0,-13.5,-10.0,0.5,0.0,0.0,0.0,0.0,0.0,0.0,549.0,0
0.17400000000000002,1362.0,1090.0,810.0,1354.5,1083.5,805.5,8000.0,7000.0,5000.0,-11.5,-9.0,0.5,0.0,0.0,0.0,0.0,0.0,0.0,552.0,0
0.17500000000000002,1371.0,1097.0,815.0,1362.5,1090.5,810.5,9000.0,7000.0,5000.0,-11.166666666666742,-9.333333333333258,0.5,0.0,0.0,0.0,0.0,0.0,0.0,556.0,0
0.176,1379.0,1104.0,820.0,1371.5,1097.5,815.5,8000.0,7000.0,5000.0,-11.833333333333258,-9.666666666666742,0.5,0.0,0.0,0.0,0.0,0.0,0.0,559.0,0
0.177,1387.0,1111.0,825.0,1379.5,1104.5,820.5,8000.0,7000.0,5000.0,-11.5,-10.0,0.5,0.0,0.0,0.0,0.0,0.0,0.0,562.0,0
0.178,1396.0,1117.0,830.0,1387.5,1111.5,825.5,9000.0,6000.0,5000.0,-11.166666666666742,-10.333333333333258,0.5,0.0,0.0,0.0,0.0,0.0,0.0,566.0,0
0.179,1404.0,1124.0,835.0,1396.5,1117.5,830.5,8000.0,7000.0,5000.0,-11.833333333333258,-9.666666666666742,0.5,0.0,0.0,0.0,0.0,0.0,0.0,569.0,0
0.18,1412.0,1131.0,840.0,1404.5,1124.5,835.5,8000.0,7000.0,5000.0,-11.5,-10.0,0.5,0.0,0.0,0.0,0.0,0.0,0.0,572.0,0
0.181,1421.0,1137.0,845.0,1412.5,1131.5,840.5,9000.0,6000.0,5000.0,-11.166666666666742,-10.333333333333258,0.5,0.0,0.0,0.0,0.0,0.0,0.0,576.0,0
0.182,1429.0,1143.0,851.0,1421.5,1137.5,845.5,8000.0,6000.0,6000.0,-11.833333333333258,-9.666666666666742,0.5,0.0,0.0,0.0,0.0,0.0,0.0,578.0,0
0.183,1438.0,1150.0,856.0,1429.5,1143.5,851.5,9000.0,7000.0,5000.0,-9.833333333333258,-7.6666666666667425,0.5,0.0,0.0,0.0,0.0,0.0,0.0,582.0,0
0.184,1446.0,1157.0,861.0,1438.5,1150.5,856.5,8000.0,7000.0,5000.0,-10.5,-8.0,0.5,0.0,0.0,0.0,0.0,0.0,0.0,585.0,0
0.185,1454.0,1164.0,866.0,1446.5,1157.5,861.5,8000.0,7000.0,5000.0,-10.166666666666742,-8.333333333333258,0.5,0.0,0.0,0.0,0.0,0.0,0.0,588.0,0
0.186,1463.0,1171.0,871.0,1454.5,1164.5,866.5,9000.0,7000.0,5000.0,-9.833333333333258,-8.666666666666742,0.5,0.0,0.0,0.0,0.0,0.0,0.0,592.0,0
0.187,1471.0,1178.0,876.0,1463.5,1171.5,871.5,8000.0,7000.0,5000.0,-10.5,-9.0,0.5,0.0,0.0,0.0,0.0,0.0,0.0,595.0,0
0.188,1479.0,1185.0,881.0,1471.5,1178.5,876.5,8000.0,7000.0,5000.0,-10.166666666666742,-9.333333333333258,0.5,0.0,0.0,0.0,0.0,0.0,0.0,598.0,0
0.189,1488.0,1192.0,886.0,1479.5,1185.5,881.5,9000.0,7000.0,5000.0,-9.833333333333258,-9.666666666666742,0.5,0.0,0.0,0.0,0.0,0.0,0.0,602.0,0
0.19,1496.0,1198.0,892.0,1488.5,1192.5,886.5,8000.0,6000.0,6000.0,-10.5,-10.0,0.5,0.0,0.0,0.0,0.0,0.0,0.0,604.0,0
0.191,1505.0,1205.0,897.0,1496.5,1198.5,892.5,9000.0,7000.0,5000.0,-8.5,-8.0,0.5,0.0,0.0,0.0,0.0,0.0,0.0,608.0,0
0.192,1514.0,1212.0,902.0,1505.5,1205.5,897.5,9000.0,7000.0,5000.0,-9.166666666666742,-8.333333333333258,0.5,0.0,0.0,0.0,0.0,0.0,0.0,612.0,0
0.193,1522.0,1219.0,907.0,1514.5,1212.5,902.5,8000.0,7000.0,5000.0,-9.833333333333258,-8.666666666666742,0.5,0.0,0.0,0.0,0.0,0.0,0.0,615.0,0
0.194,1531.0,1226.0,912.0,1522.5,1219.5,907.5,9000.0,7000.0,5000.0,-9.5,-9.0,0.5,0.0,0.0,0.0,0.0,0.0,0.0,619.0,0
0.195,1540.0,1233.0,917.0,1531.5,1226.5,912.5,9000.0,7000.0,5000.0,-10.166666666666742,-9.333333333333258,0.5,0.0,0.0,0.0,0.0,0.0,0.0,623.0,0
0.196,1548.0,1240.0,922.0,1540.5,1233.5,917.5,8000.0,7000.0,5000.0,-10.833333333333258,-9.666666666666742,0.5,0.0,0.0,0.0,0.0,0.0,0.0,626.0,0
0.197,1556.0,1246.0,927.0,1548.5,1240.5,922.5,8000.0,6000.0,5000.0,-10.5,-10.0,0.5,0.0,0.0,0.0,0.0,0.0,0.0,629.0,0
0.198,1564.0,1253.0,932.0,1556.5,1246.5,927.5,8000.0,7000.0,5000.0,-10.166666666666742,-9.333333333333258,0.5,0.0,0.0,0.0,0.0,0.0,0.0,632.0,0
0.199,1573.0,1260.0,938.0,1564.5,1253.5,932.5,9000.0,7000.0,6000.0,-9.833333333333258,-9.666666666666742,0.5,0.0,0.0,0.0,0.0,0.0,0.0,635.0,0
0.2,1582.0,1267.0,943.0,1573.5,1260.5,938.5,9000.0,7000.0,5000.0,-8.833333333333258,-8.666666666666742,0.5,0.0,0.0,0.0,0.0,0.0,0.0,639.0,0
0.201,1590.0,1274.0,948.0,1582.5,1267.5,943.5,8000.0,7000.0,5000.0,-9.5,-9.0,0.5,0.0,0.0,0.0,0.0,0.0,0.0,642.0,0
0.202,1599.0,1281.0,953.0,1590.5,1274.5,948.5,9000.0,7000.0,5000.0,-9.166666666666742,-9.333333333333258,0.5,0.0,0.0,0.0,0.0,0.0,0.0,646.0,0
0.203,1608.0,1287.0,958.0,1599.5,1281.5,953.5,9000.0,6000.0,5000.0,-9.833333333333258,-9.666666666666742,0.5,0.0,0.0,0.0,0.0,0.0,0.0,650.0,0
0.20400000000000001,1616.0,1294.0,963.0,1608.5,1287.5,958.5,8000.0,7000.0,5000.0,-10.5,-9.0,0.5,0.0,0.0,0.0,0.0,0.0,0.0,653.0,0
0.20500000000000002,1625.0,1301.0,968.0,1616.5,1294.5,963.5,9000.0,7000.0,5000.0,-10.166666666666742,-9.333333333333258,0.5,0.0,0.0,0.0,0.0,0.0,0.0,657.0,0
0.20600000000000002,1633.0,1308.0,973.0,1625.5,1301.5,968.5,8000.0,7000.0,5000.0,-10.833333333333258,-9.666666666666742,0.5,0.0,0.0,0.0,0.0,0.0,0.0,660.0,0
0.20700000000000002,1641.0,1315.0,979.0,1633.5,1308.5,973.5,8000.0,7000.0,6000.0,-10.5,-10.0,0.5,0.0,0.0,0.0,0.0,0.0,0.0,662.0,0
0.20800000000000002,1650.0,1321.0,984.0,1641.5,1315.5,979.5,9000.0,6000.0,5000.0,-8.5,-9.0,0.5,0.0,0.0,0.0,0.0,0.0,0.0,666.0,0
0.209,1658.0,1328.0,989.0,1650.5,1321.5,984.5,8000.0,7000.0,5000.0,-9.166666666666742,-8.333333333333258,0.5,0.0,0.0,0.0,0.0,0.0,0.0,669.0,0
0.21,1667.0,1335.0,994.0,1658.5,1328.5,989.5,9000.0,7000.0,5000.0,-8.833333333333258,-8.666666666666742,0.5,0.0,0.0,0.0,0.0,0.0,0.0,673.0,0
0.211,1676.0,1342.0,999.0,1667.5,1335.5,994.5,9000.0,7000.0,5000.0,-9.5,-9.0,0.5,0.0,0.0,0.0,0.0,0.0,0.0,677.0,0
0.212,1684.0,1349.0,1004.0,1676.5,1342.5,999.5,8000.0,7000.0,5000.0,-10.166666666666742,-9.333333333333258,0.5,0.0,0.0,0.0,0.0,0.0,0.0,680.0,0
0.213,1693.0,1356.0,1009.0,1684.5,1349.5,1004.5,9000.0,7000.0,5000.0,-9.833333333333258,-9.666666666666742,0.5,0.0,0.0,0.0,0.0,0.0,0.0,684.0,0
0.214,1701.0,1362.0,1014.0,1693.5,1356.5,1009.5,8000.0,6000.0,5000.0,-10.5,-10.0,0.5,0.0,0.0,0.0,0.0,0.0,0.0,687.0,0
0.215,1709.0,1369.0,1019.0,1701.5,1362.5,1014.5,8000.0,7000.0,5000.0,-10.166666666666742,-9.333333333333258,0.5,0.0,0.0,0.0,0.0,0.0,0.0,690.0,0
0.216,1718.0,1376.0,1025.0,1709.5,1369.5,1019.5,9000.0,7000.0,6000.0,-9.833333333333258,-9.666666666666742,0.5,0.0,0.0,0.0,0.0,0.0,0.0,693.0,0
0.217,1727.0,1383.0,1030.0,1718.5,1376.5,1025.5,9000.0,7000.0,5000.0,-8.833333333333258,-8.666666666666742,0.5,0.0,0.0,0.0,0.0,0.0,0.0,697.0,0
0.218,1735.0,1390.0,1035.0,1727.5,1383.5,1030.5,8000.0,7000.0,5000.0,-9.5,-9.0,0.5,0.0,0.0,0.0,0.0,0.0,0.0,700.0,0
0.219,1744.0,1397.0,1040.0,1735.5,1390.5,1035.5,9000.0,7000.0,5000.0,-9.166666666666742,-9.333333333333258,0.5,0.0,0.0,0.0,0.0,0.0,0.0,704.0,0
0.22,1753.0,1403.0,1045.0,1744.5,1397.5,1040.5,9000.0,6000.0,5000.0,-9.833333333333258,-9.666666666666742,0.5,0.0,0.0,0.0,0.0,0.0,0.0,708.0,0
0.221,1761.0,1410.0,1050.0,1753.5,1403.5,1045.5,8000.0,7000.0,5000.0,-10.5,-9.0,0.5,0.0,0.0,0.0,0.0,0.0,0.0,711.0,0
0.222,1769.0,1417.0,1055.0,1761.5,1410.5,1050.5,8000.0,7000.0,5000.0,-10.166666666666742,-9.333333333333258,0.5,0.0,0.0,0.0,0.0,0.0,0.0,714.0,0
0.223,1778.0,1424.0,1060.0,1769.5,1417.5,1055.5,9000.0,7000.0,5000.0,-9.833333333333258,-9.666666666666742,0.5,0.0,0.0,0.0,0.0,0.0,0.0,718.0,0
0.224,1786.0,1431.0,1066.0,1778.5,1424.5,1060.5,8000.0,7000.0,6000.0,-10.5,-10.0,0.5,0.0,0.0,0.0,0.0,0.0,0.0,720.0,0
0.225,1795.0,1437.0,1071.0,1786.5,1431.5,1066.5,9000.0,6000.0,5000.0,-8.5,-9.0,0.5,0.0,0.0,0.0,0.0,0.0,0.0,724.0,0
0.226,1803.0,1444.0,1076.0,1795.5,1437.5,1071.5,8000.0,7000.0,5000.0,-9.166666666666742,-8.333333333333258,0.5,0.0,0.0,0.0,0.0,0.0,0.0,727.0,0
0.227,1812.0,1451.0,1081.0,1803.5,1444.5,1076.5,9000.0,7000.0,5000.0,-8.833333333333258,-8.666666666666742,0.5,0.0,0.0,0.0,0.0,0.0,0.0,731.0,0
0.228,1820.0,1458.0,1086.0,1812.5,1451.5,1081.5,8000.0,7000.0,5000.0,-9.5,-9.0,0.5,0.0,0.0,0.0,0.0,0.0,0.0,734.0,0
0.229,1829.0,1465.0,1091.0,1820.5,1458.5,1086.5,9000.0,7000.0,5000.0,-9.166666666666742,-9.333333333333258,0.5,0.0,0.0,0.0,0.0,0.0,0.0,738.0,0
0.23,1838.0,1471.0,1096.0,1829.5,1465.5,1091.5,9000.0,6000.0,5000.0,-9.833333333333258,-9.666666666666742,0.5,0.0,0.0,0.0,0.0,0.0,0.0,742.0,0
0.231,1846.0,1478.0,1101.0,1838.5,1471.5,1096.5,8000.0,7000.0,5000.0,-10.5,-9.0,0.5,0.0,0.0,0.0,0.0,0.0,0.0,745.0,0
0.232,1854.0,1485.0,1106.0,1846.5,1478.5,1101.5,8000.0,7000.0,5000.0,-10.166666666666742,-9.333333333333258,0.5,0.0,0.0,0.0,0.0,0.0,0.0,748.0,0
0.233,1863.0,1492.0,1112.0,1854.5,1485.5,1106.5,9000.0,7000.0,6000.0,-9.833333333333258,-9.666666666666742,0.5,0.0,0.0,0.0,0.0,0.0,0.0,751.0,0
0.234,1871.0,1499.0,1117.0,1863.5,1492.5,1112.5,8000.0,7000.0,5000.0,-8.833333333333258,-8.666666666666742,0.5,0.0,0.0,0.0,0.0,0.0,0.0,754.0,0
0.23500000000000001,1880.0,1506.0,1122.0,1871.5,1499.5,1117.5,9000.0,7000.0,5000.0,-8.5,-9.0,0.5,0.0,0.0,0.0,0.0,0.0,0.0,758.0,0
0.23600000000000002,1889.0,1512.0,1127.0,1880.5,1506.5,1122.5,9000.0,6000.0,5000.0,-9.166666666666742,-9.333333333333258,0.5,0.0,0.0,0.0,0.0,0.0,0.0,762.0,0
0.23700000000000002,1897.0,1519.0,1132.0,1889.5,1512.5,1127.5,8000.0,7000.0,5000.0,-9.833333333333258,-8.666666666666742,0.5,0.0,0.0,0.0,0.0,0.0,0.0,765.0,0
0.23800000000000002,1906.0,1526.0,1137.0,1897.5,1519.5,1132.5,9000.0,7000.0,5000.0,-9.5,-9.0,0.5,0.0,0.0,0.0,0.0,0.0,0.0,769.0,0
0.23900000000000002,1914.0,1533.0,1142.0,1906.5,1526.5,1137.5,8000.0,7000.0,5000.0,-10.166666666666742,-9.333333333333258,0.5,0.0,0.0,0.0,0.0,0.0,0.0,772.0,0
0.24,1923.0,1540.0,1147.0,1914.5,1533.5,1142.5,9000.0,7000.0,5000.0,-9.833333333333258,-9.666666666666742,0.5,0.0,0.0,0.0,0.0,0.0,0.0,776.0,0
0.241,1931.0,1546.0,1152.0,1923.5,1540.5,1147.5,8000.0,6000.0,5000.0,-10.5,-10.0,0.5,0.0,0.0,0.0,0.0,0.0,0.0,779.0,0
0.242,1940.0,1553.0,1158.0,1931.5,1546.5,1152.5,9000.0,7000.0,6000.0,-10.166666666666742,-9.333333333333258,0.5,0.0,0.0,0.0,0.0,0.0,0.0,782.0,0
0.243,1948.0,1560.0,1163.0,1940.5,1553.5,1158.5,8000.0,7000.0,5000.0,-9.166666666666742,-8.333333333333258,0.5,0.0,0.0,0.0,0.0,0.0,0.0,785.0,0
0.244,1957.0,1567.0,1168.0,1948.5,1560.5,1163.5,9000.0,7000.0,5000.0,-8.833333333333258,-8.666666666666742,0.5,0.0,0.0,0.0,0.0,0.0,0.0,789.0,0
0.245,1965.0,1573.0,1173.0,1957.5,1567.5,1168.5,8000.0,6000.0,5000.0,-9.5,-9.0,0.5,0.0,0.0,0.0,0.0,0.0,0.0,792.0,0
0.246,1974.0,1580.0,1178.0,1965.5,1573.5,1173.5,9000.0,7000.0,5000.0,-9.166666666666742,-8.333333333333258,0.5,0.0,0.0,0.0,0.0,0.0,0.0,796.0,0
0.247,1983.0,1587.0,1183.0,1974.5,1580.5,1178.5,9000.0,7000.0,5000.0,-9.833333333333258,-8.666666666666742,0.5,0.0,0.0,0.0,0.0,0.0,0.0,800.0,0
0.248,1991.0,1594.0,1188.0,1983.5,1587.5,1183.5,8000.0,7000.0,5000.0,-10.5,-9.0,0.5,0.0,0.0,0.0,0.0,0.0,0.0,803.0,0
0.249,1999.0,1601.0,1193.0,1991.5,1594.5,1188.5,8000.0,7000.0,5000.0,-10.166666666666742,-9.333333333333258,0.5,0.0,0.0,0.0,0.0,0.0,0.0,806.0,0
0.25,2008.0,1607.0,1199.0,1999.5,1601.5,1193.5,9000.0,6000.0,6000.0,-9.833333333333258,-9.666666666666742,0.5,0.0,0.0,0.0,0.0,0.0,0.0,809.0,0
0.251,2016.0,1614.0,1204.0,2008.5,1607.5,1199.5,8000.0,7000.0,5000.0,-8.833333333333258,-7.6666666666667425,0.5,0.0,0.0,0.0,0.0,0.0,0.0,812.0,0
0.252,2025.0,1621.0,1209.0,2016.5,1614.5,1204.5,9000.0,7000.0,5000.0,-8.5,-8.0,0.5,0.0,0.0,0.0,0.0,0.0,0.0,816.0,0
0.253,2033.0,1628.0,1214.0,2025.5,1621.5,1209.5,8000.0,7000.0,5000.0,-9.166666666666742,-8.333333333333258,0.5,0.0,0.0,0.0,0.0,0.0,0.0,819.0,0
0.254,2042.0,1635.0,1219.0,2033.5,1628.5,1214.5,9000.0,7000.0,5000.0,-8.833333333333258,-8.666666666666742,0.5,0.0,0.0,0.0,0.0,0.0,0.0,823.0,0
0.255,2051.0,1642.0,1224.0,2042.5,1635.5,1219.5,9000.0,7000.0,5000.0,-9.5,-9.0,0.5,0.0,0.0,0.0,0.0,0.0,0.0,827.0,0
0.256,2059.0,1648.0,1229.0,2051.5,1642.5,1224.5,8000.0,6000.0,5000.0,-10.166666666666742,-9.333333333333258,0.5,0.0,0.0,0.0,0.0,0.0,0.0,830.0,0
0.257,2068.0,1655.0,1234.0,2059.5,1648.5,1229.5,9000.0,7000.0,5000.0,-9.833333333333485,-8.666666666666742,0.5,0.0,0.0,0.0,0.0,0.0,0.0,834.0,0
0.258,2076.0,1662.0,1239.0,2068.5,1655.5,1234.5,8000.0,7000.0,5000.0,-10.5,-9.0,0.5,0.0,0.0,0.0,0.0,0.0,0.0,837.0,0
0.259,2084.0,1669.0,1245.0,2076.5,1662.5,1239.5,8000.0,7000.0,6000.0,-10.166666666666515,-9.333333333333258,0.5,0.0,0.0,0.0,0.0,0.0,0.0,839.0,0
0.26,2093.0,1676.0,1250.0,2084.5,1669.5,1245.5,9000.0,7000.0,5000.0,-8.166666666666515,-8.333333333333258,0.5,0.0,0.0,0.0,0.0,0.0,0.0,843.0,0
0.261,2101.0,1682.0,1255.0,2093.5,1676.5,1250.5,8000.0,6000.0,5000.0,-8.833333333333485,-8.666666666666742,0.5,0.0,0.0,0.0,0.0,0.0,0.0,846.0,0
0.262,2110.0,1689.0,1260.0,2101.5,1682.5,1255.5,9000.0,7000.0,5000.0,-8.5,-8.0,0.5,0.0,0.0,0.0,0.0,0.0,0.0,850.0,0
0.263,2118.0,1696.0,1265.0,2110.5,1689.5,1260.5,8000.0,7000.0,5000.0,-9.166666666666515,-8.333333333333258,0.5,0.0,0.0,0.0,0.0,0.0,0.0,853.0,0
0.264,2127.0,1703.0,1270.0,2118.5,1696.5,1265.5,9000.0,7000.0,5000.0,-8.833333333333485,-8.666666666666742,0.5,0.0,0.0,0.0,0.0,0.0,0.0,857.0,0
0.265,2135.0,1710.0,1275.0,2127.5,1703.5,1270.5,8000.0,7000.0,5000.0,-9.5,-9.0,0.5,0.0,0.0,0.0,0.0,0.0,0.0,860.0,0
0.266,2144.0,1716.0,1280.0,2135.5,1710.5,1275.5,9000.0,6000.0,5000.0,-9.166666666666515,-9.333333333333258,0.5,0.0,0.0,0.0,0.0,0.0,0.0,864.0,0
0.267,2153.0,1723.0,1286.0,2144.5,1716.5,1280.5,9000.0,7000.0,6000.0,-9.833333333333485,-8.666666666666742,0.5,0.0,0.0,0.0,0.0,0.0,0.0,867.0,0
0.268,2161.0,1730.0,1291.0,2153.5,1723.5,1286.5,8000.0,7000.0,5000.0,-8.833333333333485,-7.6666666666667425,0.5,0.0,0.0,0.0,0.0,0.0,0.0,870.0,0
0.269,2170.0,1737.0,1296.0,2161.5,1730.5,1291.5,9000.0,7000.0,5000.0,-8.5,-8.0,0.5,0.0,0.0,0.0,0.0,0.0,0.0,874.0,0
0.27,2178.0,1744.0,1301.0,2170.5,1737.5,1296.5,8000.0,7000.0,5000.0,-9.166666666666515,-8.333333333333258,0.5,0.0,0.0,0.0,0.0,0.0,0.0,877.0,0
0.271,2187.0,1750.0,1306.0,2178.5,1744.5,1301.5,9000.0,6000.0,5000.0,-8.833333333333485,-8.666666666666742,0.5,0.0,0.0,0.0,0.0,0.0,0.0,881.0,0
0.272,2195.0,1757.0,1311.0,2187.5,1750.5,1306.5,8000.0,7000.0,5000.0,-9.5,-8.0,0.5,0.0,0.0,0.0,0.0,0.0,0.0,884.0,0
0.273,2204.0,1764.0,1316.0,2195.5,1757.5,1311.5,9000.0,7000.0,5000.0,-9.166666666666515,-8.333333333333258,0.5,0.0,0.0,0.0,0.0,0.0,0.0,888.0,0
0.274,2213.0,1771.0,1321.0,2204.5,1764.5,1316.5,9000.0,7000.0,5000.0,-9.833333333333485,-8.666666666666742,0.5,0.0,0.0,0.0,0.0,0.0,0.0,892.0,0
0.275,2221.0,1778.0,1326.0,2213.5,1771.5,1321.5,8000.0,7000.0,5000.0,-10.5,-9.0,0.5,0.0,0.0,0.0,0.0,0.0,0.0,895.0,0
0.276,2229.0,1784.0,1332.0,2221.5,1778.5,1326.5,8000.0,6000.0,6000.0,-10.166666666666515,-9.333333333333258,0.5,0.0,0.0,0.0,0.0,0.0,0.0,897.0,0
0.277,2238.0,1791.0,1337.0,2229.5,1784.5,1332.5,9000.0,7000.0,5000.0,-8.166666666666515,-7.3333333333332575,0.5,0.0,0.0,0.0,0.0,0.0,0.0,901.0,0
0.278,2246.0,1798.0,1342.0,2238.5,1791.5,1337.5,8000.0,7000.0,5000.0,-8.833333333333485,-7.6666666666667425,0.5,0.0,0.0,0.0,0.0,0.0,0.0,904.0,0
0.279,2255.0,1805.0,1347.0,2246.5,1798.5,1342.5,9000.0,7000.0,5000.0,-8.5,-8.0,0.5,0.0,0.0,0.0,0.0,0.0,0.0,908.0,0
0.28,2263.0,1812.0,1352.0,2255.5,1805.5,1347.5,8000.0,7000.0,5000.0,-9.166666666666515,-8.333333333333258,0.5,0.0,0.0,0.0,0.0,0.0,0.0,911.0,0
0.281,2272.0,1818.0,1357.0,2263.5,1812.5,1352.5,9000.0,6000.0,5000.0,-8.833333333333485,-8.666666666666742,0.5,0.0,0.0,0.0,0.0,0.0,0.0,915.0,0
0.28200000000000003,2280.0,1825.0,1362.0,2272.5,1818.5,1357.5,8000.0,7000.0,5000.0,-9.5,-8.0,0.5,0.0,0.0,0.0,0.0,0.0,0.0,918.0,0
0.28300000000000003,2289.0,1832.0,1367.0,2280.5,1825.5,1362.5,9000.0,7000.0,5000.0,-9.166666666666515,-8.333333333333258,0.5,0.0,0.0,0.0,0.0,0.0,0.0,922.0,0
0.28400000000000003,2298.0,1839.0,1373.0,2289.5,1832.5,1367.5,9000.0,7000.0,6000.0,-9.833333333333485,-8.666666666666742,0.5,0.0,0.0,0.0,0.0,0.0,0.0,925.0,0
0.28500000000000003,2306.0,1846.0,1378.0,2298.5,1839.5,1373.5,8000.0,7000.0,5000.0,-8.833333333333485,-7.6666666666667425,0.5,0.0,0.0,0.0,0.0,0.0,0.0,928.0,0
0.28600000000000003,2315.0,1852.0,1383.0,2306.5,1846.5,1378.5,9000.0,6000.0,5000.0,-8.5,-8.0,0.5,0.0,0.0,0.0,0.0,0.0,0.0,932.0,0
0.28700000000000003,2323.0,1859.0,1388.0,2315.5,1852.5,1383.5,8000.0,7000.0,5000.0,-9.166666666666515,-7.3333333333332575,0.5,0.0,0.0,0.0,0.0,0.0,0.0,935.0,0
0.28800000000000003,2332.0,1866.0,1393.0,2323.5,1859.5,1388.5,9000.0,7000.0,5000.0,-8.833333333333485,-7.6666666666667425,0.5,0.0,0.0,0.0,0.0,0.0,0.0,939.0,0
0.289,2340.0,1873.0,1398.0,2332.5,1866.5,1393.5,8000.0,7000.0,5000.0,-9.5,-8.0,0.5,0.0,0.0,0.0,0.0,0.0,0.0,942.0,0
0.29,2349.0,1880.0,1403.0,2340.5,1873.5,1398.5,9000.0,7000.0,5000.0,-9.166666666666515,-8.333333333333258,0.5,0.0,0.0,0.0,0.0,0.0,0.0,946.0,0
0.291,2357.0,1886.0,1408.0,2349.5,1880.5,1403.5,8000.0,6000.0,5000.0,-9.833333333333485,-8.666666666666742,0.5,0.0,0.0,0.0,0.0,0.0,0.0,949.0,0
0.292,2366.0,1893.0,1413.0,2357.5,1886.5,1408.5,9000.0,7000.0,5000.0,-9.5,-8.0,0.5,0.0,0.0,0.0,0.0,0.0,0.0,953.0,0
0.293,2374.0,1900.0,1419.0,2366.5,1893.5,1413.5,8000.0,7000.0,6000.0,-10.166666666666515,-8.333333333333258,0.5,0.0,0.0,0.0,0.0,0.0,0.0,955.0,0
0.294,2383.0,1907.0,1424.0,2374.5,1900.5,1419.5,9000.0,7000.0,5000.0,-8.166666666666515,-7.3333333333332575,0.5,0.0,0.0,0.0,0.0,0.0,0.0,959.0,0
0.295,2392.0,1914.0,1429.0,2383.5,1907.5,1424.5,9000.0,7000.0,5000.0,-8.833333333333485,-7.6666666666667425,0.5,0.0,0.0,0.0,0.0,0.0,0.0,963.0,0
0.296,2400.0,1920.0,1434.0,2392.5,1914.5,1429.5,8000.0,6000.0,5000.0,-9.5,-8.0,0.5,0.0,0.0,0.0,0.0,0.0,0.0,966.0,0
0.297,2409.0,1927.0,1439.0,2400.5,1920.5,1434.5,9000.0,7000.0,5000.0,-9.166666666666515,-7.3333333333332575,0.5,0.0,0.0,0.0,0.0,0.0,0.0,970.0,0
0.298,2417.0,1934.0,1444.0,2409.5,1927.5,1439.5,8000.0,7000.0,5000.0,-9.833333333333485,-7.6666666666667425,0.5,0.0,0.0,0.0,0.0,0.0,0.0,973.0,0
0.299,2426.0,1941.0,1449.0,2417.5,1934.5,1444.5,9000.0,7000.0,5000.0,-9.5,-8.0,0.5,0.0,0.0,0.0,0.0,0.0,0.0,977.0,0
0.3,2434.0,1948.0,1454.0,2426.5,1941.5,1449.5,8000.0,7000.0,5000.0,-10.166666666666515,-8.333333333333258,0.5,0.0,0.0,0.0,0.0,0.0,0.0,980.0,0
0.301,2443.0,1955.0,1459.0,2434.5,1948.5,1454.5,9000.0,7000.0,5000.0,-9.833333333333485,-8.666666666666742,0.5,0.0,0.0,0.0,0.0,0.0,0.0,984.0,0
0.302,2451.0,1961.0,1465.0,2443.5,1955.5,1459.5,8000.0,6000.0,6000.0,-10.5,-9.0,0.5,0.0,0.0,0.0,0.0,0.0,0.0,986.0,0
0.303,2460.0,1968.0,1470.0,2451.5,1961.5,1465.5,9000.0,7000.0,5000.0,-8.5,-7.0,0.5,0.0,0.0,0.0,0.0,0.0,0.0,990.0,0
0.304,2468.0,1975.0,1475.0,2460.5,1968.5,1470.5,8000.0,7000.0,5000.0,-9.166666666666515,-7.3333333333332575,0.5,0.0,0.0,0.0,0.0,0.0,0.0,993.0,0
0.305,2477.0,1982.0,1480.0,2468.5,1975.5,1475.5,9000.0,7000.0,5000.0,-8.833333333333485,-7.6666666666667425,0.5,0.0,0.0,0.0,0.0,0.0,0.0,997.0,0
0.306,2485.0,1989.0,1485.0,2477.5,1982.5,1480.5,8000.0,7000.0,5000.0,-9.5,-8.0,0.5,0.0,0.0,0.0,0.0,0.0,0.0,1000.0,0
0.307,2494.0,1995.0,1490.0,2485.5,1989.5,1485.5,9000.0,6000.0,5000.0,-9.166666666666515,-8.333333333333258,0.5,0.0,0.0,0.0,0.0,0.0,0.0,1004.0,0
0.308,2502.0,2002.0,1495.0,2494.5,1995.5,1490.5,8000.0,7000.0,5000.0,-9.833333333333485,-7.6666666666667425,0.5,0.0,0.0,0.0,0.0,0.0,0.0,1007.0,0
0.309,2511.0,2009.0,1500.0,2502.5,2002.5,1495.5,9000.0,7000.0,5000.0,-9.5,-8.0,0.5,0.0,0.0,0.0,0.0,0.0,0.0,1011.0,0
0.31,2519.0,2016.0,1506.0,2511.5,2009.5,1500.5,8000.0,7000.0,6000.0,-10.166666666666515,-8.333333333333258,0.5,0.0,0.0,0.0,0.0,0.0,0.0,1013.0,0
0.311,2528.0,2023.0,1511.0,2519.5,2016.5,1506.5,9000.0,7000.0,5000.0,-8.166666666666515,-7.3333333333332575,0.5,0.0,0.0,0.0,0.0,0.0,0.0,1017.0,0
0.312,2536.0,2029.0,1516.0,2528.5,2023.5,1511.5,8000.0,6000.0,5000.0,-8.833333333333485,-7.6666666666667425,0.5,0.0,0.0,0.0,0.0,0.0,0.0,1020.0,0
0.313,2545.0,2036.0,1521.0,2536.5,2029.5,1516.5,9000.0,7000.0,5000.0,-8.5,-7.0,0.5,0.0,0.0,0.0,0.0,0.0,0.0,1024.0,0
0.314,2553.0,2043.0,1526.0,2545.5,2036.5,1521.5,8000.0,7000.0,5000.0,-9.166666666666515,-7.3333333333332575,0.5,0.0,0.0,0.0,0.0,0.0,0.0,1027.0,0
0.315,2562.0,2050.0,1531.0,2553.5,2043.5,1526.5,9000.0,7000.0,5000.0,-8.833333333333485,-7.6666666666667425,0.5,0.0,0.0,0.0,0.0,0.0,0.0,1031.0,0
0.316,2570.0,2057.0,1536.0,2562.5,2050.5,1531.5,8000.0,7000.0,5000.0,-9.5,-8.0,0.5,0.0,0.0,0.0,0.0,0.0,0.0,1034.0,0
0.317,2579.0,2063.0,1541.0,2570.5,2057.5,1536.5,9000.0,6000.0,5000.0,-9.166666666666515,-8.333333333333485,0.5,0.0,0.0,0.0,0.0,0.0,0.0,1038.0,0
0.318,2588.0,2070.0,1546.0,2579.5,2063.5,1541.5,9000.0,7000.0,5000.0,-9.833333333333485,-7.666666666666515,0.5,0.0,0.0,0.0,0.0,0.0,0.0,1042.0,0
0.319,2596.0,2077.0,1552.0,2588.5,2070.5,1546.5,8000.0,7000.0,6000.0,-10.5,-8.0,0.5,0.0,0.0,0.0,0.0,0.0,0.0,1044.0,0
0.32,2604.0,2084.0,1557.0,2596.5,2077.5,1552.5,8000.0,7000.0,5000.0,-8.5,-7.0,0.5,0.0,0.0,0.0,0.0,0.0,0.0,1047.0,0
0.321,2613.0,2091.0,1562.0,2604.5,2084.5,1557.5,9000.0,7000.0,5000.0,-8.166666666666515,-7.333333333333485,0.5,0.0,0.0,0.0,0.0,0.0,0.0,1051.0,0
0.322,2621.0,2097.0,1567.0,2613.5,2091.5,1562.5,8000.0,6000.0,5000.0,-8.833333333333485,-7.666666666666515,0.5,0.0,0.0,0.0,0.0,0.0,0.0,1054.0,0
0.323,2630.0,2104.0,1572.0,2621.5,2097.5,1567.5,9000.0,7000.0,5000.0,-8.5,-7.0,0.5,0.0,0.0,0.0,0.0,0.0,0.0,1058.0,0
0.324,2639.0,2111.0,1577.0,2630.5,2104.5,1572.5,9000.0,7000.0,5000.0,-9.166666666666515,-7.333333333333485,0.5,0.0,0.0,0.0,0.0,0.0,0.0,1062.0,0
0.325,2647.0,2118.0,1582.0,2639.5,2111.5,1577.5,8000.0,7000.0,5000.0,-9.833333333333485,-7.666666666666515,0.5,0.0,0.0,0.0,0.0,0.0,0.0,1065.0,0
0.326,2656.0,2125.0,1587.0,2647.5,2118.5,1582.5,9000.0,7000.0,5000.0,-9.5,-8.0,0.5,0.0,0.0,0.0,0.0,0.0,0.0,1069.0,0
0.327,2664.0,2131.0,1593.0,2656.5,2125.5,1587.5,8000.0,6000.0,6000.0,-10.166666666666515,-8.333333333333485,0.5,0.0,0.0,0.0,0.0,0.0,0.0,1071.0,0
0.328,2672.0,2138.0,1598.0,2664.5,2131.5,1593.5,8000.0,7000.0,5000.0,-8.166666666666515,-6.333333333333485,0.5,0.0,0.0,0.0,0.0,0.0,0.0,1074.0,0
0.329,2681.0,2145.0,1603.0,2672.5,2138.5,1598.5,9000.0,7000.0,5000.0,-7.833333333333485,-6.666666666666515,0.5,0.0,0.0,0.0,0.0,0.0,0.0,1078.0,0
0.33,2690.0,2152.0,1608.0,2681.5,2145.5,1603.5,9000.0,7000.0,5000.0,-8.5,-7.0,0.5,0.0,0.0,0.0,0.0,0.0,0.0,1082.0,0
0.331,2698.0,2159.0,1613.0,2690.5,2152.5,1608.5,8000.0,7000.0,5000.0,-9.166666666666515,-7.333333333333485,0.5,0.0,0.0,0.0,0.0,0.0,0.0,1085.0,0
0.332,2707.0,2165.0,1618.0,2698.5,2159.5,1613.5,9000.0,6000.0,5000.0,-8.833333333333485,-7.666666666666515,0.5,0.0,0.0,0.0,0.0,0.0,0.0,1089.0,0
0.333,2715.0,2172.0,1623.0,2707.5,2165.5,1618.5,8000.0,7000.0,5000.0,-9.5,-7.0,0.5,0.0,0.0,0.0,0.0,0.0,0.0,1092.0,0
0.334,2724.0,2179.0,1628.0,2715.5,2172.5,1623.5,9000.0,7000.0,5000.0,-9.166666666666515,-7.333333333333485,0.5,0.0,0.0,0.0,0.0,0.0,0.0,1096.0,0
0.335,2732.0,2186.0,1633.0,2724.5,2179.5,1628.5,8000.0,7000.0,5000.0,-9.833333333333485,-7.666666666666515,0.5,0.0,0.0,0.0,0.0,0.0,0.0,1099.0,0
0.336,2741.0,2193.0,1639.0,2732.5,2186.5,1633.5,9000.0,7000.0,6000.0,-9.5,-8.0,0.5,0.0,0.0,0.0,0.0,0.0,0.0,1102.0,0
0.337,2749.0,2199.0,1644.0,2741.5,2193.5,1639.5,8000.0,6000.0,5000.0,-8.5,-7.0,0.5,0.0,0.0,0.0,0.0,0.0,0.0,1105.0,0
0.338,2758.0,2206.0,1649.0,2749.5,2199.5,1644.5,9000.0,7000.0,5000.0,-8.166666666666515,-6.333333333333485,0.5,0.0,0.0,0.0,0.0,0.0,0.0,1109.0,0
0.339,2766.0,2213.0,1654.0,2758.5,2206.5,1649.5,8000.0,7000.0,5000.0,-8.833333333333485,-6.666666666666515,0.5,0.0,0.0,0.0,0.0,0.0,0.0,1112.0,0
0.34,2775.0,2220.0,1659.0,2766.5,2213.5,1654.5,9000.0,7000.0,5000.0,-8.5,-7.0,0.5,0.0,0.0,0.0,0.0,0.0,0.0,1116.0,0
0.341,2783.0,2227.0,1664.0,2775.5,2220.5,1659.5,8000.0,7000.0,5000.0,-9.166666666666515,-7.333333333333485,0.5,0.0,0.0,0.0,0.0,0.0,0.0,1119.0,0
0.342,2792.0,2233.0,1669.0,2783.5,2227.5,1664.5,9000.0,6000.0,5000.0,-8.833333333333485,-7.666666666666515,0.5,0.0,0.0,0.0,0.0,0.0,0.0,1123.0,0
0.343,2800.0,2240.0,1674.0,2792.5,2233.5,1669.5,8000.0,7000.0,5000.0,-9.5,-7.0,0.5,0.0,0.0,0.0,0.0,0.0,0.0,1126.0,0
0.34400000000000003,2809.0,2247.0,1680.0,2800.5,2240.5,1674.5,9000.0,7000.0,6000.0,-9.166666666666515,-7.333333333333485,0.5,0.0,0.0,0.0,0.0,0.0,0.0,1129.0,0
0.34500000000000003,2817.0,2254.0,1685.0,2809.5,2247.5,1680.5,8000.0,7000.0,5000.0,-8.166666666666515,-6.333333333333485,0.5,0.0,0.0,0.0,0.0,0.0,0.0,1132.0,0
0.34600000000000003,2826.0,2261.0,1690.0,2817.5,2254.5,1685.5,9000.0,7000.0,5000.0,-7.833333333333485,-6.666666666666515,0.5,0.0,0.0,0.0,0.0,0.0,0.0,1136.0,0
0.34700000000000003,2834.0,2268.0,1695.0,2826.5,2261.5,1690.5,8000.0,7000.0,5000.0,-8.5,-7.0,0.5,0.0,0.0,0.0,0.0,0.0,0.0,1139.0,0
0.34800000000000003,2843.0,2274.0,1700.0,2834.5,2268.5,1695.5,9000.0,6000.0,5000.0,-8.166666666666515,-7.333333333333485,0.5,0.0,0.0,0.0,0.0,0.0,0.0,1143.0,0
0.34900000000000003,2852.0,2281.0,1705.0,2843.5,2274.5,1700.5,9000.0,7000.0,5000.0,-8.833333333333485,-6.666666666666515,0.5,0.0,0.0,0.0,0.0,0.0,0.0,1147.0,0
0.35000000000000003,2859.0,2288.0,1710.0,2852.5,2281.5,1705.5,7000.0,7000.0,5000.0,-9.5,-7.0,0.5,700.0,0.0,0.0,0.001,0.0,0.0,1149.0,0
0.35100000000000003,2867.0,2295.0,1715.0,2859.5,2288.5,1710.5,8000.0,7000.0,5000.0,-8.166666666666515,-7.333333333333485,0.5,700.0,0.0,0.0,0.002,0.0,0.0,1152.0,0
0.352,2875.0,2302.0,1720.0,2867.5,2295.5,1715.5,8000.0,7000.0,5000.0,-7.833333333333485,-7.666666666666515,0.5,700.0,0.0,0.0,0.003,0.0,0.0,1155.0,0
0.353,2883.0,2308.0,1726.0,2875.5,2302.5,1720.5,8000.0,6000.0,6000.0,-7.5,-8.0,0.5,700.0,0.0,0.0,0.004,0.0,0.0,1157.0,0
0.354,2891.0,2315.0,1731.0,2883.5,2308.5,1726.5,8000.0,7000.0,5000.0,-5.5,-6.0,0.5,700.0,0.0,0.0,0.005,0.0,0.0,1160.0,0
0.355,2899.0,2322.0,1736.0,2891.5,2315.5,1731.5,8000.0,7000.0,5000.0,-5.166666666666515,-6.333333333333485,0.5,700.0,0.0,0.0,0.006,0.0,0.0,1163.0,0
0.356,2906.0,2329.0,1741.0,2899.5,2322.5,1736.5,7000.0,7000.0,5000.0,-4.833333333333485,-6.666666666666515,0.5,700.0,0.0,0.0,0.007,0.0,0.0,1165.0,0
0.357,2914.0,2336.0,1746.0,2906.5,2329.5,1741.5,8000.0,7000.0,5000.0,-3.5,-7.0,0.5,700.0,0.0,0.0,0.008,0.0,0.0,1168.0,0
0.358,2922.0,2342.0,1751.0,2914.5,2336.5,1746.5,8000.0,6000.0,5000.0,-3.166666666666515,-7.333333333333485,0.5,700.0,0.0,0.0,0.009000000000000001,0.0,0.0,1171.0,0
0.359,2930.0,2349.0,1756.0,2922.5,2342.5,1751.5,8000.0,7000.0,5000.0,-2.833333333333485,-6.666666666666515,0.5,700.0,0.0,0.0,0.010000000000000002,0.0,0.0,1174.0,0
0.36,2938.0,2356.0,1761.0,2930.5,2349.5,1756.5,8000.0,7000.0,5000.0,-2.5,-7.0,0.5,700.0,0.0,0.0,0.011000000000000003,0.0,0.0,1177.0,0
0.361,2945.0,2363.0,1767.0,2938.5,2356.5,1761.5,7000.0,7000.0,6000.0,-2.166666666666515,-7.333333333333485,0.5,700.0,0.0,0.0,0.012000000000000004,0.0,0.0,1178.0,0
0.362,2953.0,2370.0,1772.0,2945.5,2363.5,1767.5,8000.0,7000.0,5000.0,0.5,-6.599999999999909,0.2999999999999545,700.0,0.0,0.0,0.013000000000000005,0.0,0.0,1181.0,0
0.363,2961.0,2376.0,1777.0,2953.5,2370.5,1772.5,8000.0,6000.0,5000.0,0.5,-7.199999999999818,0.09999999999990905,700.0,0.0,0.0,0.014000000000000005,0.0,0.0,1184.0,0
0.364,2969.0,2383.0,1782.0,2961.5,2376.5,1777.5,8000.0,7000.0,5000.0,0.5,-6.800000000000182,-0.09999999999990905,700.0,0.0,0.0,0.015000000000000006,0.0,0.0,1187.0,0
0.365,2977.0,2390.0,1787.0,2969.5,2383.5,1782.5,8000.0,7000.0,5000.0,0.5,-7.400000000000091,-0.2999999999999545,700.0,0.0,0.0,0.016000000000000007,0.0,0.0,1190.0,0
0.366,2985.0,2397.0,1792.0,2977.5,2390.5,1787.5,8000.0,7000.0,5000.0,0.5,-8.0,-0.5,700.0,0.0,0.0,0.017000000000000008,0.0,0.0,1193.0,0
0.367,2992.0,2404.0,1797.0,2985.5,2397.5,1792.5,7000.0,7000.0,5000.0,0.5,-8.599999999999909,-0.7000000000000455,700.0,0.0,0.0,0.01800000000000001,0.0,0.0,1195.0,0
0.368,3000.0,2410.0,1802.0,2992.5,2404.5,1797.5,8000.0,6000.0,5000.0,0.5,-10.0,-1.5,700.0,0.0,0.0,0.01900000000000001,0.0,0.0,1198.0,0
0.369,3008.0,2417.0,1807.0,3000.5,2410.5,1802.5,8000.0,7000.0,5000.0,0.5,-9.599999999999909,-1.7000000000000455,700.0,0.0,0.0,0.02000000000000001,0.0,0.0,1201.0,0
0.37,3016.0,2424.0,1813.0,3008.5,2417.5,1807.5,8000.0,7000.0,6000.0,0.5,-10.199999999999818,-1.900000000000091,700.0,0.0,0.0,0.02100000000000001,0.0,0.0,1203.0,0
0.371,3024.0,2430.0,1818.0,3016.5,2424.5,1813.5,8000.0,6000.0,5000.0,0.5,-10.800000000000182,-3.099999999999909,700.0,0.0,0.0,0.022000000000000013,0.0,0.0,1206.0,0
0.372,3032.0,2436.0,1823.0,3024.5,2430.5,1818.5,8000.0,6000.0,5000.0,0.5,-10.400000000000091,-3.2999999999999545,700.0,0.0,0.0,0.023000000000000013,0.0,0.0,1209.0,0
0.373,3039.0,2442.0,1828.0,3032.5,2436.5,1823.5,7000.0,6000.0,5000.0,0.5,-10.0,-3.5,700.0,0.0,0.0,0.024000000000000014,0.0,0.0,1211.0,0
0.374,3047.0,2448.0,1833.0,3039.5,2442.5,1828.5,8000.0,6000.0,5000.0,0.5,-10.400000000000091,-4.2999999999999545,700.0,0.0,0.0,0.025000000000000015,0.0,0.0,1214.0,0
0.375,3055.0,2454.0,1838.0,3047.5,2448.5,1833.5,8000.0,6000.0,5000.0,0.5,-10.0,-4.5,700.0,0.0,0.0,0.026000000000000016,0.0,0.0,1217.0,0
0.376,3063.0,2460.0,1843.0,3055.5,2454.5,1838.5,8000.0,6000.0,5000.0,0.5,-9.599999999999909,-4.7000000000000455,700.0,0.0,0.0,0.027000000000000017,0.0,0.0,1220.0,0
0.377,3071.0,2466.0,1848.0,3063.5,2460.5,1843.5,8000.0,6000.0,5000.0,0.5,-9.199999999999818,-4.900000000000091,700.0,0.0,0.0,0.028000000000000018,0.0,0.0,1223.0,0
0.378,3079.0,2473.0,1853.0,3071.5,2466.5,1848.5,8000.0,7000.0,5000.0,0.5,-8.800000000000182,-5.099999999999909,700.0,0.0,0.0,0.02900000000000002,0.0,0.0,1226.0,0
0.379,3086.0,2479.0,1859.0,3079.5,2473.5,1853.5,7000.0,6000.0,6000.0,0.5,-9.400000000000091,-5.2999999999999545,700.0,0.0,0.0,0.03000000000000002,0.0,0.0,1227.0,0
0.38,3094.0,2486.0,1864.0,3086.5,2479.5,1859.5,8000.0,7000.0,5000.0,0.5,-9.800000000000182,-7.099999999999909,700.0,0.0,0.0,0.03100000000000002,0.0,0.0,1230.0,0
0.381,3102.0,2493.0,1869.0,3094.5,2486.5,1864.5,8000.0,7000.0,5000.0,0.5,-10.400000000000091,-7.2999999999999545,700.0,0.0,0.0,0.03200000000000002,0.0,0.0,1233.0,0
0.382,3110.0,2499.0,1874.0,3102.5,2493.5,1869.5,8000.0,6000.0,5000.0,0.5,-11.0,-7.5,700.0,0.0,0.0,0.03300000000000002,0.0,0.0,1236.0,0
0.383,3118.0,2505.0,1879.0,3110.5,2499.5,1874.5,8000.0,6000.0,5000.0,0.5,-10.599999999999909,-7.7000000000000455,700.0,0.0,0.0,0.03400000000000002,0.0,0.0,1239.0,0
0.384,3125.0,2511.0,1884.0,3118.5,2505.5,1879.5,7000.0,6000.0,5000.0,0.5,-10.199999999999818,-7.900000000000091,700.0,0.0,0.0,0.035000000000000024,0.0,0.0,1241.0,0
0.385,3133.0,2517.0,1889.0,3125.5,2511.5,1884.5,8000.0,6000.0,5000.0,0.5,-10.599999999999909,-8.700000000000045,700.0,0.0,0.0,0.036000000000000025,0.0,0.0,1244.0,0
0.386,3141.0,2522.0,1894.0,3133.5,2517.5,1889.5,8000.0,5000.0,5000.0,0.5,-10.199999999999818,-8.900000000000091,700.0,0.0,0.0,0.037000000000000026,0.0,0.0,1247.0,0
0.387,3149.0,2528.0,1900.0,3141.5,2522.5,1894.5,8000.0,6000.0,6000.0,0.5,-8.800000000000182,-9.099999999999909,700.0,0.0,0.0,0.03800000000000003,0.0,0.0,1249.0,0
0.388,3157.0,2535.0,1904.0,3149.5,2528.5,1900.5,8000.0,7000.0,4000.0,0.5,-8.400000000000091,-10.299999999999955,700.0,0.0,0.0,0.03900000000000003,0.0,0.0,1253.0,0
0.389,3165.0,2541.0,1910.0,3157.5,2535.5,1904.5,8000.0,6000.0,6000.0,0.5,-9.0,-9.5,700.0,0.0,0.0,0.04000000000000003,0.0,0.0,1255.0,0
0.39,3172.0,2548.0,1914.0,3165.5,2541.5,1910.5,7000.0,7000.0,4000.0,0.5,-8.599999999999909,-10.700000000000045,700.0,0.0,0.0,0.04100000000000003,0.0,0.0,1258.0,0
0.391,3180.0,2554.0,1919.0,3172.5,2548.5,1914.5,8000.0,6000.0,5000.0,0.5,-10.0,-10.5,700.0,0.0,0.0,0.04200000000000003,0.0,0.0,1261.0,0
0.392,3188.0,2560.0,1924.0,3180.5,2554.5,1919.5,8000.0,6000.0,5000.0,0.5,-9.599999999999909,-10.700000000000045,700.0,0.0,0.0,0.04300000000000003,0.0,0.0,1264.0,0
0.393,3196.0,2567.0,1929.0,3188.5,2560.5,1924.5,8000.0,7000.0,5000.0,0.5,-9.199999999999818,-10.900000000000091,700.0,0.0,0.0,0.04400000000000003,0.0,0.0,1267.0,0
0.394,3204.0,2574.0,1934.0,3196.5,2567.5,1929.5,8000.0,7000.0,5000.0,0.5,-9.800000000000182,-11.099999999999909,700.0,0.0,0.0,0.04500000000000003,0.0,0.0,1270.0,0
0.395,3212.0,2580.0,1938.0,3204.5,2574.5,1934.5,8000.0,6000.0,4000.0,0.5,-10.400000000000091,-11.299999999999955,700.0,0.0,0.0,0.046000000000000034,0.0,0.0,1274.0,0
0.396,3219.0,2586.0,1943.0,3212.5,2580.5,1938.5,7000.0,6000.0,5000.0,0.5,-10.0,-10.5,700.0,0.0,0.0,0.047000000000000035,0.0,0.0,1276.0,0
0.397,3227.0,2592.0,1948.0,3219.5,2586.5,1943.5,8000.0,6000.0,5000.0,0.5,-10.400000000000091,-11.299999999999955,700.0,0.0,0.0,0.048000000000000036,0.0,0.0,1279.0,0
0.398,3235.0,2598.0,1953.0,3227.5,2592.5,1948.5,8000.0,6000.0,5000.0,0.5,-10.0,-11.5,700.0,0.0,0.0,0.04900000000000004,0.0,0.0,1282.0,0
0.399,3243.0,2604.0,1957.0,3235.5,2598.5,1953.5,8000.0,6000.0,4000.0,0.5,-9.599999999999909,-11.700000000000045,700.0,0.0,0.0,0.05000000000000004,0.0,0.0,1286.0,0
0.4,3251.0,2610.0,1962.0,3243.5,2604.5,1957.5,8000.0,6000.0,5000.0,0.5,-9.199999999999818,-10.900000000000091,700.0,0.0,0.0,0.05100000000000004,0.0,0.0,1289.0,0
0.401,3259.0,2617.0,1967.0,3251.5,2610.5,1962.5,8000.0,7000.0,5000.0,0.5,-8.800000000000182,-11.099999999999909,700.0,0.0,0.0,0.05200000000000004,0.0,0.0,1292.0,0
0.402,3266.0,2623.0,1972.0,3259.5,2617.5,1967.5,7000.0,6000.0,5000.0,0.5,-9.400000000000091,-11.299999999999955,700.0,0.0,0.0,0.05300000000000004,0.0,0.0,1294.0,0
0.403,3274.0,2630.0,1976.0,3266.5,2623.5,1972.5,8000.0,7000.0,4000.0,0.5,-9.800000000000182,-12.099999999999909,700.0,0.0,0.0,0.05400000000000004,0.0,0.0,1298.0,0
0.404,3282.0,2636.0,1981.0,3274.5,2630.5,1976.5,8000.0,6000.0,5000.0,0.5,-10.400000000000091,-11.299999999999955,700.0,0.0,0.0,0.05500000000000004,0.0,0.0,1301.0,0
0.405,3290.0,2642.0,1986.0,3282.5,2636.5,1981.5,8000.0,6000.0,5000.0,0.5,-10.0,-11.5,700.0,0.0,0.0,0.05600000000000004,0.0,0.0,1304.0,0
0.406,3298.0,2649.0,1990.0,3290.5,2642.5,1986.5,8000.0,7000.0,4000.0,0.5,-9.599999999999909,-11.700000000000045,700.0,0.0,0.0,0.057000000000000044,0.0,0.0,1308.0,0
0.40700000000000003,3306.0,2655.0,1995.0,3298.5,2649.5,1990.5,8000.0,6000.0,5000.0,0.5,-10.199999999999818,-10.900000000000091,700.0,0.0,0.0,0.058000000000000045,0.0,0.0,1311.0,0
0.40800000000000003,3313.0,2661.0,2000.0,3306.5,2655.5,1995.5,7000.0,6000.0,5000.0,0.5,-9.800000000000182,-11.099999999999909,700.0,0.0,0.0,0.059000000000000045,0.0,0.0,1313.0,0
0.40900000000000003,3321.0,2667.0,2004.0,3313.5,2661.5,2000.5,8000.0,6000.0,4000.0,0.5,-10.199999999999818,-11.900000000000091,700.0,0.0,0.0,0.060000000000000046,0.0,0.0,1317.0,0
0.41000000000000003,3329.0,2674.0,2009.0,3321.5,2667.5,2004.5,8000.0,7000.0,5000.0,0.5,-9.800000000000182,-11.099999999999909,700.0,0.0,0.0,0.06100000000000005,0.0,0.0,1320.0,0
0.41100000000000003,3337.0,2680.0,2014.0,3329.5,2674.5,2009.5,8000.0,6000.0,5000.0,0.5,-10.400000000000091,-11.299999999999955,700.0,0.0,0.0,0.06200000000000005,0.0,0.0,1323.0,0
0.41200000000000003,3345.0,2686.0,2018.0,3337.5,2680.5,2014.5,8000.0,6000.0,4000.0,0.5,-10.0,-11.5,700.0,0.0,0.0,0.06300000000000004,0.0,0.0,1327.0,0
0.41300000000000003,3352.0,2692.0,2023.0,3345.5,2686.5,2018.5,7000.0,6000.0,5000.0,0.5,-9.599999999999909,-10.700000000000045,700.0,0.0,0.0,0.06400000000000004,0.0,0.0,1329.0,0
0.41400000000000003,3360.0,2698.0,2028.0,3352.5,2692.5,2023.5,8000.0,6000.0,5000.0,0.5,-10.0,-11.5,700.0,0.0,0.0,0.06500000000000004,0.0,0.0,1332.0,0
0.41500000000000004,3368.0,2704.0,2032.0,3360.5,2698.5,2028.5,8000.0,6000.0,4000.0,0.5,-9.599999999999909,-11.700000000000045,700.0,0.0,0.0,0.06600000000000004,0.0,0.0,1336.0,0
0.41600000000000004,3376.0,2710.0,2037.0,3368.5,2704.5,2032.5,8000.0,6000.0,5000.0,0.5,-9.199999999999818,-10.900000000000091,700.0,0.0,0.0,0.06700000000000005,0.0,0.0,1339.0,0
0.417,3384.0,2717.0,2042.0,3376.5,2710.5,2037.5,8000.0,7000.0,5000.0,0.5,-8.800000000000182,-11.099999999999909,700.0,0.0,0.0,0.06800000000000005,0.0,0.0,1342.0,0
0.418,3392.0,2723.0,2046.0,3384.5,2717.5,2042.5,8000.0,6000.0,4000.0,0.5,-9.400000000000091,-11.299999999999955,700.0,0.0,0.0,0.06900000000000005,0.0,0.0,1346.0,0
0.419,3399.0,2730.0,2051.0,3392.5,2723.5,2046.5,7000.0,7000.0,5000.0,0.5,-9.0,-10.5,700.0,0.0,0.0,0.07000000000000005,0.0,0.0,1348.0,0
0.42,3407.0,2736.0,2055.0,3399.5,2730.5,2051.5,8000.0,6000.0,4000.0,0.5,-10.400000000000091,-11.299999999999955,700.0,0.0,0.0,0.07100000000000005,0.0,0.0,1352.0,0
0.421,3415.0,2742.0,2060.0,3407.5,2736.5,2055.5,8000.0,6000.0,5000.0,0.5,-10.0,-10.5,700.0,0.0,0.0,0.07200000000000005,0.0,0.0,1355.0,0
0.422,3423.0,2748.0,2065.0,3415.5,2742.5,2060.5,8000.0,6000.0,5000.0,0.5,-9.599999999999909,-10.699999999999818,700.0,0.0,0.0,0.07300000000000005,0.0,0.0,1358.0,0
0.423,3431.0,2754.0,2069.0,3423.5,2748.5,2065.5,8000.0,6000.0,4000.0,0.5,-9.199999999999818,-10.900000000000091,700.0,0.0,0.0,0.07400000000000005,0.0,0.0,1362.0,0
0.424,3439.0,2761.0,2074.0,3431.5,2754.5,2069.5,8000.0,7000.0,5000.0,0.5,-8.800000000000182,-10.099999999999909,700.0,0.0,0.0,0.07500000000000005,0.0,0.0,1365.0,0
0.425,3446.0,2767.0,2079.0,3439.5,2761.5,2074.5,7000.0,6000.0,5000.0,0.5,-9.400000000000091,-10.300000000000182,700.0,0.0,0.0,0.07600000000000005,0.0,0.0,1367.0,0
0.426,3454.0,2774.0,2083.0,3446.5,2767.5,2079.5,8000.0,7000.0,4000.0,0.5,-9.800000000000182,-11.099999999999909,700.0,0.0,0.0,0.07700000000000005,0.0,0.0,1371.0,0
0.427,3462.0,2780.0,2088.0,3454.5,2774.5,2083.5,8000.0,6000.0,5000.0,0.5,-10.400000000000091,-10.300000000000182,700.0,0.0,0.0,0.07800000000000006,0.0,0.0,1374.0,0
0.428,3470.0,2786.0,2092.0,3462.5,2780.5,2088.5,8000.0,6000.0,4000.0,0.5,-10.0,-10.5,700.0,0.0,0.0,0.07900000000000006,0.0,0.0,1378.0,0
0.429,3478.0,2792.0,2097.0,3470.5,2786.5,2092.5,8000.0,6000.0,5000.0,0.5,-9.599999999999909,-9.699999999999818,700.0,0.0,0.0,0.08000000000000006,0.0,0.0,1381.0,0
0.43,3486.0,2799.0,2102.0,3478.5,2792.5,2097.5,8000.0,7000.0,5000.0,0.5,-9.199999999999818,-9.900000000000091,700.0,0.0,0.0,0.08100000000000006,0.0,0.0,1384.0,0
0.431,3493.0,2805.0,2107.0,3486.5,2799.5,2102.5,7000.0,6000.0,5000.0,0.5,-9.800000000000182,-10.099999999999909,700.0,0.0,0.0,0.08200000000000006,0.0,0.0,1386.0,0
0.432,3501.0,2811.0,2111.0,3493.5,2805.5,2107.5,8000.0,6000.0,4000.0,0.5,-10.199999999999818,-10.900000000000091,700.0,0.0,0.0,0.08300000000000006,0.0,0.0,1390.0,0
0.433,3509.0,2817.0,2116.0,3501.5,2811.5,2111.5,8000.0,6000.0,5000.0,0.5,-9.800000000000182,-10.099999999999909,700.0,0.0,0.0,0.08400000000000006,0.0,0.0,1393.0,0
0.434,3517.0,2824.0,2120.0,3509.5,2817.5,2116.5,8000.0,7000.0,4000.0,0.5,-9.400000000000091,-10.300000000000182,700.0,0.0,0.0,0.08500000000000006,0.0,0.0,1397.0,0
0.435,3525.0,2830.0,2125.0,3517.5,2824.5,2120.5,8000.0,6000.0,5000.0,0.5,-10.0,-9.5,700.0,0.0,0.0,0.08600000000000006,0.0,0.0,1400.0,0
0.436,3532.0,2836.0,2130.0,3525.5,2830.5,2125.5,7000.0,6000.0,5000.0,0.5,-9.599999999999909,-9.699999999999818,700.0,0.0,0.0,0.08700000000000006,0.0,0.0,1402.0,0
0.437,3540.0,2842.0,2135.0,3532.5,2836.5,2130.5,8000.0,6000.0,5000.0,0.5,-10.0,-10.5,700.0,0.0,0.0,0.08800000000000006,0.0,0.0,1405.0,0
0.438,3548.0,2849.0,2139.0,3540.5,2842.5,2135.5,8000.0,7000.0,4000.0,0.5,-9.599999999999909,-10.699999999999818,700.0,0.0,0.0,0.08900000000000007,0.0,0.0,1409.0,0
0.439,3556.0,2855.0,2144.0,3548.5,2849.5,2139.5,8000.0,6000.0,5000.0,0.5,-10.199999999999818,-9.900000000000091,700.0,0.0,0.0,0.09000000000000007,0.0,0.0,1412.0,0
0.44,3564.0,2861.0,2148.0,3556.5,2855.5,2144.5,8000.0,6000.0,4000.0,0.5,-9.800000000000182,-10.099999999999909,700.0,0.0,0.0,0.09100000000000007,0.0,0.0,1416.0,0
0.441,3572.0,2868.0,2153.0,3564.5,2861.5,2148.5,8000.0,7000.0,5000.0,0.5,-9.400000000000091,-9.300000000000182,700.0,0.0,0.0,0.09200000000000007,0.0,0.0,1419.0,0
0.442,3579.0,2874.0,2158.0,3572.5,2868.5,2153.5,7000.0,6000.0,5000.0,0.5,-10.0,-9.5,700.0,0.0,0.0,0.09300000000000007,0.0,0.0,1421.0,0
0.443,3587.0,2880.0,2163.0,3579.5,2874.5,2158.5,8000.0,6000.0,5000.0,0.5,-10.400000000000091,-10.300000000000182,700.0,0.0,0.0,0.09400000000000007,0.0,0.0,1424.0,0
0.444,3595.0,2885.0,2167.0,3587.5,2880.5,2163.5,8000.0,5000.0,4000.0,0.5,-10.0,-10.5,700.0,0.0,0.0,0.09500000000000007,0.0,0.0,1428.0,0
0.445,3603.0,2891.0,2172.0,3595.5,2885.5,2167.5,8000.0,6000.0,5000.0,0.5,-8.599999999999909,-9.699999999999818,700.0,0.0,0.0,0.09600000000000007,0.0,0.0,1431.0,0
0.446,3611.0,2897.0,2177.0,3603.5,2891.5,2172.5,8000.0,6000.0,5000.0,0.5,-8.199999999999818,-9.900000000000091,700.0,0.0,0.0,0.09700000000000007,0.0,0.0,1434.0,0
0.447,3619.0,2904.0,2181.0,3611.5,2897.5,2177.5,8000.0,7000.0,4000.0,0.5,-7.800000000000182,-10.099999999999909,700.0,0.0,0.0,0.09800000000000007,0.0,0.0,1438.0,0
0.448,3626.0,2910.0,2186.0,3619.5,2904.5,2181.5,7000.0,6000.0,5000.0,0.5,-8.400000000000091,-9.300000000000182,700.0,0.0,0.0,0.09900000000000007,0.0,0.0,1440.0,0
0.449,3634.0,2916.0,2191.0,3626.5,2910.5,2186.5,8000.0,6000.0,5000.0,0.5,-8.800000000000182,-10.099999999999909,700.0,0.0,0.0,0.10000000000000007,0.0,0.0,1443.0,0
0.45,3642.0,2923.0,2195.0,3634.5,2916.5,2191.5,8000.0,7000.0,4000.0,0.5,-8.400000000000091,-10.300000000000182,700.0,0.0,0.0,0.10100000000000008,0.0,0.0,1447.0,0
0.451,3650.0,2929.0,2200.0,3642.5,2923.5,2195.5,8000.0,6000.0,5000.0,0.5,-9.0,-9.5,700.0,0.0,0.0,0.10200000000000008,0.0,0.0,1450.0,0
0.452,3658.0,2935.0,2205.0,3650.5,2929.5,2200.5,8000.0,6000.0,5000.0,0.5,-8.599999999999909,-9.699999999999818,700.0,0.0,0.0,0.10300000000000008,0.0,0.0,1453.0,0
0.453,3666.0,2941.0,2210.0,3658.5,2935.5,2205.5,8000.0,6000.0,5000.0,0.5,-8.199999999999818,-9.900000000000091,700.0,0.0,0.0,0.10400000000000008,0.0,0.0,1456.0,0
0.454,3673.0,2948.0,2214.0,3666.5,2941.5,2210.5,7000.0,7000.0,4000.0,0.5,-7.800000000000182,-10.099999999999909,700.0,0.0,0.0,0.10500000000000008,0.0,0.0,1459.0,0
0.455,3681.0,2954.0,2219.0,3673.5,2948.5,2214.5,8000.0,6000.0,5000.0,0.5,-9.199999999999818,-9.900000000000091,700.0,0.0,0.0,0.10600000000000008,0.0,0.0,1462.0,0
0.456,3689.0,2960.0,2224.0,3681.5,2954.5,2219.5,8000.0,6000.0,5000.0,0.5,-8.800000000000182,-10.099999999999909,700.0,0.0,0.0,0.10700000000000008,0.0,0.0,1465.0,0
0.457,3697.0,2966.0,2228.0,3689.5,2960.5,2224.5,8000.0,6000.0,4000.0,0.5,-8.400000000000091,-10.300000000000182,700.0,0.0,0.0,0.10800000000000008,0.0,0.0,1469.0,0
0.458,3705.0,2973.0,2233.0,3697.5,2966.5,2228.5,8000.0,7000.0,5000.0,0.5,-8.0,-9.5,700.0,0.0,0.0,0.10900000000000008,0.0,0.0,1472.0,0
0.459,3713.0,2979.0,2238.0,3705.5,2973.5,2233.5,8000.0,6000.0,5000.0,0.5,-8.599999999999909,-9.699999999999818,700.0,0.0,0.0,0.11000000000000008,0.0,0.0,1475.0,0
0.46,3720.0,2985.0,2242.0,3713.5,2979.5,2238.5,7000.0,6000.0,4000.0,0.5,-8.199999999999818,-9.900000000000091,700.0,0.0,0.0,0.11100000000000008,0.0,0.0,1478.0,0
0.461,3728.0,2992.0,2247.0,3720.5,2985.5,2242.5,8000.0,7000.0,5000.0,0.5,-8.599999999999909,-9.699999999999818,700.0,0.0,0.0,0.11200000000000009,0.0,0.0,1481.0,0
0.462,3736.0,2998.0,2252.0,3728.5,2992.5,2247.5,8000.0,6000.0,5000.0,0.5,-9.199999999999818,-9.900000000000091,700.0,0.0,0.0,0.11300000000000009,0.0,0.0,1484.0,0
0.463,3744.0,3004.0,2257.0,3736.5,2998.5,2252.5,8000.0,6000.0,5000.0,0.5,-8.800000000000182,-10.099999999999909,700.0,0.0,0.0,0.11400000000000009,0.0,0.0,1487.0,0
0.464,3752.0,3010.0,2261.0,3744.5,3004.5,2257.5,8000.0,6000.0,4000.0,0.5,-8.400000000000091,-10.300000000000182,700.0,0.0,0.0,0.11500000000000009,0.0,0.0,1491.0,0
0.465,3759.0,3017.0,2266.0,3752.5,3010.5,2261.5,7000.0,7000.0,5000.0,0.5,-8.0,-9.5,700.0,0.0,0.0,0.11600000000000009,0.0,0.0,1493.0,0
0.466,3767.0,3023.0,2270.0,3759.5,3017.5,2266.5,8000.0,6000.0,4000.0,0.5,-9.400000000000091,-10.300000000000182,700.0,0.0,0.0,0.11700000000000009,0.0,0.0,1497.0,0
0.467,3775.0,3029.0,2275.0,3767.5,3023.5,2270.5,8000.0,6000.0,5000.0,0.5,-9.0,-9.5,700.0,0.0,0.0,0.11800000000000009,0.0,0.0,1500.0,0
0.468,3783.0,3035.0,2280.0,3775.5,3029.5,2275.5,8000.0,6000.0,5000.0,0.5,-8.599999999999909,-9.699999999999818,700.0,0.0,0.0,0.11900000000000009,0.0,0.0,1503.0,0
0.46900000000000003,3791.0,3042.0,2284.0,3783.5,3035.5,2280.5,8000.0,7000.0,4000.0,0.5,-8.199999999999818,-9.900000000000091,700.0,0.0,0.0,0.12000000000000009,0.0,0.0,1507.0,0
0.47000000000000003,3799.0,3048.0,2289.0,3791.5,3042.5,2284.5,8000.0,6000.0,5000.0,0.5,-8.800000000000182,-9.099999999999909,700.0,0.0,0.0,0.1210000000000001,0.0,0.0,1510.0,0
0.47100000000000003,3806.0,3054.0,2294.0,3799.5,3048.5,2289.5,7000.0,6000.0,5000.0,0.5,-8.400000000000091,-9.300000000000182,700.0,0.0,0.0,0.1220000000000001,0.0,0.0,1512.0,0
0.47200000000000003,3814.0,3061.0,2299.0,3806.5,3054.5,2294.5,8000.0,7000.0,5000.0,0.5,-8.800000000000182,-10.099999999999909,700.0,0.0,0.0,0.1230000000000001,0.0,0.0,1515.0,0
0.47300000000000003,3822.0,3067.0,2303.0,3814.5,3061.5,2299.5,8000.0,6000.0,4000.0,0.5,-9.400000000000091,-10.300000000000182,700.0,0.0,0.0,0.1240000000000001,0.0,0.0,1519.0,0
0.47400000000000003,3830.0,3073.0,2308.0,3822.5,3067.5,2303.5,8000.0,6000.0,5000.0,0.5,-9.0,-9.5,700.0,0.0,0.0,0.12500000000000008,0.0,0.0,1522.0,0
0.47500000000000003,3838.0,3079.0,2313.0,3830.5,3073.5,2308.5,8000.0,6000.0,5000.0,0.5,-8.599999999999909,-9.699999999999818,700.0,0.0,0.0,0.12600000000000008,0.0,0.0,1525.0,0
0.47600000000000003,3846.0,3086.0,2317.0,3838.5,3079.5,2313.5,8000.0,7000.0,4000.0,0.5,-8.199999999999818,-9.900000000000091,700.0,0.0,0.0,0.12700000000000009,0.0,0.0,1529.0,0
0.47700000000000004,3853.0,3092.0,2322.0,3846.5,3086.5,2317.5,7000.0,6000.0,5000.0,0.5,-8.800000000000182,-9.099999999999909,700.0,0.0,0.0,0.12800000000000009,0.0,0.0,1531.0,0
0.47800000000000004,3861.0,3098.0,2327.0,3853.5,3092.5,2322.5,8000.0,6000.0,5000.0,0.5,-9.199999999999818,-9.900000000000091,700.0,0.0,0.0,0.1290000000000001,0.0,0.0,1534.0,0
0.47900000000000004,3869.0,3105.0,2331.0,3861.5,3098.5,2327.5,8000.0,7000.0,4000.0,0.5,-8.800000000000182,-10.099999999999909,700.0,0.0,0.0,0.1300000000000001,0.0,0.0,1538.0,0
0.48,3877.0,3111.0,2336.0,3869.5,3105.5,2331.5,8000.0,6000.0,5000.0,0.5,-9.400000000000091,-9.300000000000182,700.0,0.0,0.0,0.1310000000000001,0.0,0.0,1541.0,0
0.481,3885.0,3117.0,2341.0,3877.5,3111.5,2336.5,8000.0,6000.0,5000.0,0.5,-9.0,-9.5,700.0,0.0,0.0,0.1320000000000001,0.0,0.0,1544.0,0
0.482,3893.0,3123.0,2346.0,3885.5,3117.5,2341.5,8000.0,6000.0,5000.0,0.5,-8.599999999999909,-9.699999999999818,700.0,0.0,0.0,0.1330000000000001,0.0,0.0,1547.0,0
0.483,3900.0,3130.0,2350.0,3893.5,3123.5,2346.5,7000.0,7000.0,4000.0,0.5,-8.199999999999818,-9.900000000000091,700.0,0.0,0.0,0.1340000000000001,0.0,0.0,1550.0,0
0.484,3908.0,3136.0,2355.0,3900.5,3130.5,2350.5,8000.0,6000.0,5000.0,0.5,-9.599999999999909,-9.699999999999818,700.0,0.0,0.0,0.1350000000000001,0.0,0.0,1553.0,0
0.485,3916.0,3142.0,2360.0,3908.5,3136.5,2355.5,8000.0,6000.0,5000.0,0.5,-9.199999999999818,-9.900000000000091,700.0,0.0,0.0,0.1360000000000001,0.0,0.0,1556.0,0
0.486,3924.0,3148.0,2364.0,3916.5,3142.5,2360.5,8000.0,6000.0,4000.0,0.5,-8.800000000000182,-10.099999999999909,700.0,0.0,0.0,0.1370000000000001,0.0,0.0,1560.0,0
0.487,3932.0,3155.0,2369.0,3924.5,3148.5,2364.5,8000.0,7000.0,5000.0,0.5,-8.400000000000091,-9.300000000000182,700.0,0.0,0.0,0.1380000000000001,0.0,0.0,1563.0,0
0.488,3939.0,3161.0,2374.0,3932.5,3155.5,2369.5,7000.0,6000.0,5000.0,0.5,-9.0,-9.5,700.0,0.0,0.0,0.1390000000000001,0.0,0.0,1565.0,0
0.489,3947.0,3167.0,2378.0,3939.5,3161.5,2374.5,8000.0,6000.0,4000.0,0.5,-9.400000000000091,-10.300000000000182,700.0,0.0,0.0,0.1400000000000001,0.0,0.0,1569.0,0
0.49,3955.0,3174.0,2383.0,3947.5,3167.5,2378.5,8000.0,7000.0,5000.0,0.5,-9.0,-9.5,700.0,0.0,0.0,0.1410000000000001,0.0,0.0,1572.0,0
0.491,3963.0,3180.0,2388.0,3955.5,3174.5,2383.5,8000.0,6000.0,5000.0,0.5,-9.599999999999909,-9.699999999999818,700.0,0.0,0.0,0.1420000000000001,0.0,0.0,1575.0,0
0.492,3971.0,3186.0,2393.0,3963.5,3180.5,2388.5,8000.0,6000.0,5000.0,0.5,-9.199999999999818,-9.900000000000091,700.0,0.0,0.0,0.1430000000000001,0.0,0.0,1578.0,0
0.493,3979.0,3192.0,2397.0,3971.5,3186.5,2393.5,8000.0,6000.0,4000.0,0.5,-8.800000000000182,-10.099999999999909,700.0,0.0,0.0,0.1440000000000001,0.0,0.0,1582.0,0
0.494,3986.0,3199.0,2402.0,3979.5,3192.5,2397.5,7000.0,7000.0,5000.0,0.5,-8.400000000000091,-9.300000000000182,700.0,0.0,0.0,0.1450000000000001,0.0,0.0,1584.0,0
0.495,3994.0,3205.0,2407.0,3986.5,3199.5,2402.5,8000.0,6000.0,5000.0,0.5,-9.800000000000182,-10.099999999999909,700.0,0.0,0.0,0.1460000000000001,0.0,0.0,1587.0,0
0.496,4002.0,3211.0,2411.0,3994.5,3205.5,2407.5,8000.0,6000.0,4000.0,0.5,-9.400000000000091,-10.300000000000182,700.0,0.0,0.0,0.1470000000000001,0.0,0.0,1591.0,0
0.497,4010.0,3217.0,2416.0,4002.5,3211.5,2411.5,8000.0,6000.0,5000.0,0.5,-9.0,-9.5,700.0,0.0,0.0,0.1480000000000001,0.0,0.0,1594.0,0
0.498,4018.0,3224.0,2420.0,4010.5,3217.5,2416.5,8000.0,7000.0,4000.0,0.5,-8.599999999999909,-9.699999999999818,700.0,0.0,0.0,0.1490000000000001,0.0,0.0,1598.0,0
0.499,4026.0,3230.0,2425.0,4018.5,3224.5,2420.5,8000.0,6000.0,5000.0,0.5,-9.199999999999818,-8.900000000000091,700.0,0.0,0.0,0.1500000000000001,0.0,0.0,1601.0,0
0.5,4033.0,3236.0,2430.0,4026.5,3230.5,2425.5,7000.0,6000.0,5000.0,0.5,-8.800000000000182,-9.099999999999909,700.0,0.0,0.0,0.1510000000000001,0.0,0.0,1603.0,0
0.501,4041.0,3243.0,2434.0,4033.5,3236.5,2430.5,8000.0,7000.0,4000.0,0.5,-9.199999999999818,-9.900000000000091,700.0,0.0,0.0,0.1520000000000001,0.0,0.0,1607.0,0
0.502,4049.0,3249.0,2439.0,4041.5,3243.5,2434.5,8000.0,6000.0,5000.0,0.5,-9.800000000000182,-9.099999999999909,700.0,0.0,0.0,0.1530000000000001,0.0,0.0,1610.0,0
0.503,4057.0,3255.0,2444.0,4049.5,3249.5,2439.5,8000.0,6000.0,5000.0,0.5,-9.400000000000091,-9.300000000000182,700.0,0.0,0.0,0.1540000000000001,0.0,0.0,1613.0,0
0.504,4065.0,3261.0,2449.0,4057.5,3255.5,2444.5,8000.0,6000.0,5000.0,0.5,-9.0,-9.5,700.0,0.0,0.0,0.1550000000000001,0.0,0.0,1616.0,0
0.505,4073.0,3268.0,2453.0,4065.5,3261.5,2449.5,8000.0,7000.0,4000.0,0.5,-8.599999999999909,-9.699999999999818,700.0,0.0,0.0,0.1560000000000001,0.0,0.0,1620.0,0
0.506,4080.0,3274.0,2458.0,4073.5,3268.5,2453.5,7000.0,6000.0,5000.0,0.5,-9.199999999999818,-8.900000000000091,700.0,0.0,0.0,0.1570000000000001,0.0,0.0,1622.0,0
0.507,4088.0,3280.0,2463.0,4080.5,3274.5,2458.5,8000.0,6000.0,5000.0,0.5,-9.599999999999909,-9.699999999999818,700.0,0.0,0.0,0.1580000000000001,0.0,0.0,1625.0,0
0.508,4096.0,3287.0,2468.0,4088.5,3280.5,2463.5,8000.0,7000.0,5000.0,0.5,-9.199999999999818,-9.900000000000091,700.0,0.0,0.0,0.1590000000000001,0.0,0.0,1628.0,0
0.509,4104.0,3293.0,2472.0,4096.5,3287.5,2468.5,8000.0,6000.0,4000.0,0.5,-9.800000000000182,-10.099999999999909,700.0,0.0,0.0,0.16000000000000011,0.0,0.0,1632.0,0
0.51,4112.0,3299.0,2477.0,4104.5,3293.5,2472.5,8000.0,6000.0,5000.0,0.5,-9.400000000000091,-9.300000000000182,700.0,0.0,0.0,0.16100000000000012,0.0,0.0,1635.0,0
0.511,4120.0,3305.0,2482.0,4112.5,3299.5,2477.5,8000.0,6000.0,5000.0,0.5,-9.0,-9.5,700.0,0.0,0.0,0.16200000000000012,0.0,0.0,1638.0,0
0.512,4127.0,3312.0,2486.0,4120.5,3305.5,2482.5,7000.0,7000.0,4000.0,0.5,-8.599999999999909,-9.699999999999818,700.0,0.0,0.0,0.16300000000000012,0.0,0.0,1641.0,0
0.513,4135.0,3318.0,2491.0,4127.5,3312.5,2486.5,8000.0,6000.0,5000.0,0.5,-10.0,-9.5,700.0,0.0,0.0,0.16400000000000012,0.0,0.0,1644.0,0
0.514,4143.0,3324.0,2496.0,4135.5,3318.5,2491.5,8000.0,6000.0,5000.0,0.5,-9.599999999999909,-9.699999999999818,700.0,0.0,0.0,0.16500000000000012,0.0,0.0,1647.0,0
0.515,4151.0,3330.0,2500.0,4143.5,3324.5,2496.5,8000.0,6000.0,4000.0,0.5,-9.199999999999818,-9.900000000000091,700.0,0.0,0.0,0.16600000000000012,0.0,0.0,1651.0,0
0.516,4159.0,3336.0,2505.0,4151.5,3330.5,2500.5,8000.0,6000.0,5000.0,0.5,-8.800000000000182,-9.099999999999909,700.0,0.0,0.0,0.16700000000000012,0.0,0.0,1654.0,0
0.517,4166.0,3343.0,2510.0,4159.5,3336.5,2505.5,7000.0,7000.0,5000.0,0.5,-8.400000000000091,-9.300000000000182,700.0,0.0,0.0,0.16800000000000012,0.0,0.0,1656.0,0
0.518,4174.0,3349.0,2514.0,4166.5,3343.5,2510.5,8000.0,6000.0,4000.0,0.5,-9.800000000000182,-10.099999999999909,700.0,0.0,0.0,0.16900000000000012,0.0,0.0,1660.0,0
0.519,4182.0,3355.0,2519.0,4174.5,3349.5,2514.5,8000.0,6000.0,5000.0,0.5,-9.400000000000091,-9.300000000000182,700.0,0.0,0.0,0.17000000000000012,0.0,0.0,1663.0,0
0.52,4190.0,3362.0,2524.0,4182.5,3355.5,2519.5,8000.0,7000.0,5000.0,0.5,-9.0,-9.5,700.0,0.0,0.0,0.17100000000000012,0.0,0.0,1666.0,0
0.521,4198.0,3368.0,2529.0,4190.5,3362.5,2524.5,8000.0,6000.0,5000.0,0.5,-9.599999999999909,-9.699999999999818,700.0,0.0,0.0,0.17200000000000013,0.0,0.0,1669.0,0
0.522,4206.0,3374.0,2533.0,4198.5,3368.5,2529.5,8000.0,6000.0,4000.0,0.5,-9.199999999999818,-9.900000000000091,700.0,0.0,0.0,0.17300000000000013,0.0,0.0,1673.0,0
0.523,4213.0,3380.0,2538.0,4206.5,3374.5,2533.5,7000.0,6000.0,5000.0,0.5,-8.800000000000182,-9.099999999999909,700.0,0.0,0.0,0.17400000000000013,0.0,0.0,1675.0,0
0.524,4221.0,3387.0,2543.0,4213.5,3380.5,2538.5,8000.0,7000.0,5000.0,0.5,-9.199999999999818,-9.900000000000091,700.0,0.0,0.0,0.17500000000000013,0.0,0.0,1678.0,0
0.525,4229.0,3393.0,2547.0,4221.5,3387.5,2543.5,8000.0,6000.0,4000.0,0.5,-9.800000000000182,-10.099999999999909,700.0,0.0,0.0,0.17600000000000013,0.0,0.0,1682.0,0
0.526,4237.0,3399.0,2552.0,4229.5,3393.5,2547.5,8000.0,6000.0,5000.0,0.5,-9.400000000000091,-9.300000000000182,700.0,0.0,0.0,0.17700000000000013,0.0,0.0,1685.0,0
0.527,4245.0,3405.0,2557.0,4237.5,3399.5,2552.5,8000.0,6000.0,5000.0,0.5,-9.0,-9.5,700.0,0.0,0.0,0.17800000000000013,0.0,0.0,1688.0,0
0.528,4253.0,3412.0,2561.0,4245.5,3405.5,2557.5,8000.0,7000.0,4000.0,0.5,-8.599999999999909,-9.699999999999818,700.0,0.0,0.0,0.17900000000000013,0.0,0.0,1692.0,0
0.529,4260.0,3418.0,2566.0,4253.5,3412.5,2561.5,7000.0,6000.0,5000.0,0.5,-9.199999999999818,-8.900000000000091,700.0,0.0,0.0,0.18000000000000013,0.0,0.0,1694.0,0
0.53,4268.0,3424.0,2571.0,4260.5,3418.5,2566.5,8000.0,6000.0,5000.0,0.5,-9.599999999999909,-9.699999999999818,700.0,0.0,0.0,0.18100000000000013,0.0,0.0,1697.0,0
0.531,4276.0,3430.0,2575.0,4268.5,3424.5,2571.5,8000.0,6000.0,4000.0,0.5,-9.199999999999818,-9.900000000000091,700.0,0.0,0.0,0.18200000000000013,0.0,0.0,1701.0,0
0.532,4284.0,3437.0,2580.0,4276.5,3430.5,2575.5,8000.0,7000.0,5000.0,0.5,-8.800000000000182,-9.099999999999909,700.0,0.0,0.0,0.18300000000000013,0.0,0.0,1704.0,0
0.533,4292.0,3443.0,2585.0,4284.5,3437.5,2580.5,8000.0,6000.0,5000.0,0.5,-9.400000000000091,-9.300000000000182,700.0,0.0,0.0,0.18400000000000014,0.0,0.0,1707.0,0
0.534,4300.0,3449.0,2590.0,4292.5,3443.5,2585.5,8000.0,6000.0,5000.0,0.5,-9.0,-9.5,700.0,0.0,0.0,0.18500000000000014,0.0,0.0,1710.0,0
0.535,4307.0,3455.0,2594.0,4300.5,3449.5,2590.5,7000.0,6000.0,4000.0,0.5,-8.599999999999909,-9.699999999999818,700.0,0.0,0.0,0.18600000000000014,0.0,0.0,1713.0,0
0.536,4315.0,3462.0,2599.0,4307.5,3455.5,2594.5,8000.0,7000.0,5000.0,0.5,-9.0,-9.5,700.0,0.0,0.0,0.18700000000000014,0.0,0.0,1716.0,0
0.537,4323.0,3468.0,2604.0,4315.5,3462.5,2599.5,8000.0,6000.0,5000.0,0.5,-9.599999999999909,-9.699999999999818,700.0,0.0,0.0,0.18800000000000014,0.0,0.0,1719.0,0
0.538,4331.0,3474.0,2608.0,4323.5,3468.5,2604.5,8000.0,6000.0,4000.0,0.5,-9.199999999999818,-9.900000000000091,700.0,0.0,0.0,0.18900000000000014,0.0,0.0,1723.0,0
0.539,4339.0,3480.0,2613.0,4331.5,3474.5,2608.5,8000.0,6000.0,5000.0,0.5,-8.800000000000182,-9.099999999999909,700.0,0.0,0.0,0.19000000000000014,0.0,0.0,1726.0,0
0.54,4346.0,3487.0,2618.0,4339.5,3480.5,2613.5,7000.0,7000.0,5000.0,0.5,-8.400000000000091,-9.300000000000182,700.0,0.0,0.0,0.19100000000000014,0.0,0.0,1728.0,0
0.541,4354.0,3493.0,2622.0,4346.5,3487.5,2618.5,8000.0,6000.0,4000.0,0.5,-9.800000000000182,-10.099999999999909,700.0,0.0,0.0,0.19200000000000014,0.0,0.0,1732.0,0
0.542,4362.0,3499.0,2627.0,4354.5,3493.5,2622.5,8000.0,6000.0,5000.0,0.5,-9.400000000000091,-9.300000000000182,700.0,0.0,0.0,0.19300000000000014,0.0,0.0,1735.0,0
0.543,4370.0,3506.0,2632.0,4362.5,3499.5,2627.5,8000.0,7000.0,5000.0,0.5,-9.0,-9.5,700.0,0.0,0.0,0.19400000000000014,0.0,0.0,1738.0,0
0.544,4378.0,3512.0,2636.0,4370.5,3506.5,2632.5,8000.0,6000.0,4000.0,0.5,-9.599999999999909,-9.699999999999818,700.0,0.0,0.0,0.19500000000000015,0.0,0.0,1742.0,0
0.545,4386.0,3518.0,2641.0,4378.5,3512.5,2636.5,8000.0,6000.0,5000.0,0.5,-9.199999999999818,-8.900000000000091,700.0,0.0,0.0,0.19600000000000015,0.0,0.0,1745.0,0
0.546,4393.0,3524.0,2646.0,4386.5,3518.5,2641.5,7000.0,6000.0,5000.0,0.5,-8.800000000000182,-9.099999999999909,700.0,0.0,0.0,0.19700000000000015,0.0,0.0,1747.0,0
0.547,4401.0,3531.0,2651.0,4393.5,3524.5,2646.5,8000.0,7000.0,5000.0,0.5,-9.199999999999818,-9.900000000000091,700.0,0.0,0.0,0.19800000000000015,0.0,0.0,1750.0,0
0.548,4409.0,3537.0,2655.0,4401.5,3531.5,2651.5,8000.0,6000.0,4000.0,0.5,-9.800000000000182,-10.099999999999909,700.0,0.0,0.0,0.19900000000000015,0.0,0.0,1754.0,0
0.549,4417.0,3543.0,2660.0,4409.5,3537.5,2655.5,8000.0,6000.0,5000.0,0.5,-9.400000000000091,-9.300000000000182,700.0,0.0,0.0,0.20000000000000015,0.0,0.0,1757.0,0
0.55,4425.0,3549.0,2664.0,4417.5,3543.5,2660.5,8000.0,6000.0,4000.0,0.5,-9.0,-9.5,700.0,0.0,0.0,0.20100000000000015,0.0,0.0,1761.0,0
0.551,4433.0,3556.0,2669.0,4425.5,3549.5,2664.5,8000.0,7000.0,5000.0,0.5,-8.599999999999909,-8.699999999999818,700.0,0.0,0.0,0.20200000000000015,0.0,0.0,1764.0,0
0.552,4440.0,3562.0,2674.0,4433.5,3556.5,2669.5,7000.0,6000.0,5000.0,0.5,-9.199999999999818,-8.900000000000091,700.0,0.0,0.0,0.20300000000000015,0.0,0.0,1766.0,0
0.553,4448.0,3568.0,2679.0,4440.5,3562.5,2674.5,8000.0,6000.0,5000.0,0.5,-9.599999999999909,-9.699999999999818,700.0,0.0,0.0,0.20400000000000015,0.0,0.0,1769.0,0
0.554,4456.0,3574.0,2683.0,4448.5,3568.5,2679.5,8000.0,6000.0,4000.0,0.5,-9.199999999999818,-9.900000000000091,700.0,0.0,0.0,0.20500000000000015,0.0,0.0,1773.0,0
0.555,4464.0,3581.0,2688.0,4456.5,3574.5,2683.5,8000.0,7000.0,5000.0,0.5,-8.800000000000182,-9.099999999999909,700.0,0.0,0.0,0.20600000000000016,0.0,0.0,1776.0,0
0.556,4472.0,3587.0,2693.0,4464.5,3581.5,2688.5,8000.0,6000.0,5000.0,0.5,-9.400000000000091,-9.300000000000182,700.0,0.0,0.0,0.20700000000000016,0.0,0.0,1779.0,0
0.557,4480.0,3593.0,2697.0,4472.5,3587.5,2693.5,8000.0,6000.0,4000.0,0.5,-9.0,-9.5,700.0,0.0,0.0,0.20800000000000016,0.0,0.0,1783.0,0
0.558,4487.0,3599.0,2702.0,4480.5,3593.5,2697.5,7000.0,6000.0,5000.0,0.5,-8.599999999999909,-8.699999999999818,700.0,0.0,0.0,0.20900000000000016,0.0,0.0,1785.0,0
0.559,4495.0,3606.0,2707.0,4487.5,3599.5,2702.5,8000.0,7000.0,5000.0,0.5,-9.0,-9.5,700.0,0.0,0.0,0.21000000000000016,0.0,0.0,1788.0,0
0.56,4503.0,3612.0,2711.0,4495.5,3606.5,2707.5,8000.0,6000.0,4000.0,0.5,-9.599999999999909,-9.699999999999818,700.0,0.0,0.0,0.21100000000000016,0.0,0.0,1792.0,0
0.561,4511.0,3618.0,2716.0,4503.5,3612.5,2711.5,8000.0,6000.0,5000.0,0.5,-9.199999999999818,-8.900000000000091,700.0,0.0,0.0,0.21200000000000016,0.0,0.0,1795.0,0
0.562,4519.0,3624.0,2721.0,4511.5,3618.5,2716.5,8000.0,6000.0,5000.0,0.5,-8.800000000000182,-9.099999999999909,700.0,0.0,0.0,0.21300000000000016,0.0,0.0,1798.0,0
0.5630000000000001,4527.0,3631.0,2726.0,4519.5,3624.5,2721.5,8000.0,7000.0,5000.0,0.5,-8.400000000000091,-9.300000000000182,700.0,0.0,0.0,0.21400000000000016,0.0,0.0,1801.0,0
0.5640000000000001,4534.0,3637.0,2730.0,4527.5,3631.5,2726.5,7000.0,6000.0,4000.0,0.5,-9.0,-9.5,700.0,0.0,0.0,0.21500000000000016,0.0,0.0,1804.0,0
0.5650000000000001,4542.0,3643.0,2735.0,4534.5,3637.5,2730.5,8000.0,6000.0,5000.0,0.5,-9.400000000000091,-9.300000000000182,700.0,0.0,0.0,0.21600000000000016,0.0,0.0,1807.0,0
0.5660000000000001,4550.0,3650.0,2740.0,4542.5,3643.5,2735.5,8000.0,7000.0,5000.0,0.5,-9.0,-9.5,700.0,0.0,0.0,0.21700000000000016,0.0,0.0,1810.0,0
0.5670000000000001,4558.0,3656.0,2744.0,4550.5,3650.5,2740.5,8000.0,6000.0,4000.0,0.5,-9.599999999999909,-9.699999999999818,700.0,0.0,0.0,0.21800000000000017,0.0,0.0,1814.0,0
0.5680000000000001,4566.0,3662.0,2749.0,4558.5,3656.5,2744.5,8000.0,6000.0,5000.0,0.5,-9.199999999999818,-8.900000000000091,700.0,0.0,0.0,0.21900000000000017,0.0,0.0,1817.0,0
0.5690000000000001,4573.0,3668.0,2754.0,4566.5,3662.5,2749.5,7000.0,6000.0,5000.0,0.5,-8.800000000000182,-9.099999999999909,700.0,0.0,0.0,0.22000000000000017,0.0,0.0,1819.0,0
0.5700000000000001,4581.0,3675.0,2758.0,4573.5,3668.5,2754.5,8000.0,7000.0,4000.0,0.5,-9.199999999999818,-9.900000000000091,700.0,0.0,0.0,0.22100000000000017,0.0,0.0,1823.0,0
0.5710000000000001,4589.0,3681.0,2763.0,4581.5,3675.5,2758.5,8000.0,6000.0,5000.0,0.5,-9.800000000000182,-9.099999999999909,700.0,0.0,0.0,0.22200000000000017,0.0,0.0,1826.0,0
0.5720000000000001,4597.0,3687.0,2768.0,4589.5,3681.5,2763.5,8000.0,6000.0,5000.0,0.5,-9.400000000000091,-9.300000000000182,700.0,0.0,0.0,0.22300000000000017,0.0,0.0,1829.0,0
0.5730000000000001,4605.0,3693.0,2772.0,4597.5,3687.5,2768.5,8000.0,6000.0,4000.0,0.5,-9.0,-9.5,700.0,0.0,0.0,0.22400000000000017,0.0,0.0,1833.0,0
0.5740000000000001,4613.0,3700.0,2777.0,4605.5,3693.5,2772.5,8000.0,7000.0,5000.0,0.5,-8.599999999999909,-8.699999999999818,700.0,0.0,0.0,0.22500000000000017,0.0,0.0,1836.0,0
0.5750000000000001,4620.0,3706.0,2782.0,4613.5,3700.5,2777.5,7000.0,6000.0,5000.0,0.5,-9.199999999999818,-8.900000000000091,700.0,0.0,0.0,0.22600000000000017,0.0,0.0,1838.0,0
0.5760000000000001,4628.0,3712.0,2787.0,4620.5,3706.5,2782.5,8000.0,6000.0,5000.0,0.5,-9.599999999999909,-9.699999999999818,700.0,0.0,0.0,0.22700000000000017,0.0,0.0,1841.0,0
0.577,4636.0,3718.0,2791.0,4628.5,3712.5,2787.5,8000.0,6000.0,4000.0,0.5,-9.199999999999818,-9.900000000000091,700.0,0.0,0.0,0.22800000000000017,0.0,0.0,1845.0,0
0.578,4644.0,3725.0,2796.0,4636.5,3718.5,2791.5,8000.0,7000.0,5000.0,0.5,-8.800000000000182,-9.099999999999909,700.0,0.0,0.0,0.22900000000000018,0.0,0.0,1848.0,0
0.579,4652.0,3731.0,2801.0,4644.5,3725.5,2796.5,8000.0,6000.0,5000.0,0.5,-9.400000000000091,-9.300000000000182,700.0,0.0,0.0,0.23000000000000018,0.0,0.0,1851.0,0
0.58,4660.0,3737.0,2805.0,4652.5,3731.5,2801.5,8000.0,6000.0,4000.0,0.5,-9.0,-9.5,700.0,0.0,0.0,0.23100000000000018,0.0,0.0,1855.0,0
0.581,4667.0,3743.0,2810.0,4660.5,3737.5,2805.5,7000.0,6000.0,5000.0,0.5,-8.599999999999909,-8.699999999999818,700.0,0.0,0.0,0.23200000000000018,0.0,0.0,1857.0,0
0.582,4675.0,3750.0,2815.0,4667.5,3743.5,2810.5,8000.0,7000.0,5000.0,0.5,-9.0,-9.5,700.0,0.0,0.0,0.23300000000000018,0.0,0.0,1860.0,0
0.583,4683.0,3756.0,2819.0,4675.5,3750.5,2815.5,8000.0,6000.0,4000.0,0.5,-9.599999999999909,-9.699999999999818,700.0,0.0,0.0,0.23400000000000018,0.0,0.0,1864.0,0
0.584,4691.0,3762.0,2824.0,4683.5,3756.5,2819.5,8000.0,6000.0,5000.0,0.5,-9.199999999999818,-8.900000000000091,700.0,0.0,0.0,0.23500000000000018,0.0,0.0,1867.0,0
0.585,4699.0,3768.0,2829.0,4691.5,3762.5,2824.5,8000.0,6000.0,5000.0,0.5,-8.800000000000182,-9.099999999999909,700.0,0.0,0.0,0.23600000000000018,0.0,0.0,1870.0,0
0.586,4707.0,3775.0,2834.0,4699.5,3768.5,2829.5,8000.0,7000.0,5000.0,0.5,-8.400000000000091,-9.300000000000182,700.0,0.0,0.0,0.23700000000000018,0.0,0.0,1873.0,0
0.587,4714.0,3781.0,2838.0,4707.5,3775.5,2834.5,7000.0,6000.0,4000.0,0.5,-9.0,-9.5,700.0,0.0,0.0,0.23800000000000018,0.0,0.0,1876.0,0
0.588,4722.0,3787.0,2843.0,4714.5,3781.5,2838.5,8000.0,6000.0,5000.0,0.5,-9.400000000000091,-9.300000000000182,700.0,0.0,0.0,0.23900000000000018,0.0,0.0,1879.0,0
0.589,4730.0,3794.0,2848.0,4722.5,3787.5,2843.5,8000.0,7000.0,5000.0,0.5,-9.0,-9.5,700.0,0.0,0.0,0.24000000000000019,0.0,0.0,1882.0,0
0.59,4738.0,3800.0,2852.0,4730.5,3794.5,2848.5,8000.0,6000.0,4000.0,0.5,-9.599999999999909,-9.699999999999818,700.0,0.0,0.0,0.2410000000000002,0.0,0.0,1886.0,0
0.591,4746.0,3806.0,2857.0,4738.5,3800.5,2852.5,8000.0,6000.0,5000.0,0.5,-9.199999999999818,-8.900000000000091,700.0,0.0,0.0,0.2420000000000002,0.0,0.0,1889.0,0
0.592,4753.0,3812.0,2862.0,4746.5,3806.5,2857.5,7000.0,6000.0,5000.0,0.5,-8.800000000000182,-9.099999999999909,700.0,0.0,0.0,0.2430000000000002,0.0,0.0,1891.0,0
0.593,4761.0,3819.0,2866.0,4753.5,3812.5,2862.5,8000.0,7000.0,4000.0,0.5,-9.199999999999818,-9.900000000000091,700.0,0.0,0.0,0.2440000000000002,0.0,0.0,1895.0,0
0.594,4769.0,3825.0,2871.0,4761.5,3819.5,2866.5,8000.0,6000.0,5000.0,0.5,-9.800000000000182,-9.099999999999909,700.0,0.0,0.0,0.2450000000000002,0.0,0.0,1898.0,0
0.595,4777.0,3831.0,2876.0,4769.5,3825.5,2871.5,8000.0,6000.0,5000.0,0.5,-9.400000000000091,-9.300000000000182,700.0,0.0,0.0,0.2460000000000002,0.0,0.0,1901.0,0
0.596,4785.0,3837.0,2881.0,4777.5,3831.5,2876.5,8000.0,6000.0,5000.0,0.5,-9.0,-9.5,700.0,0.0,0.0,0.2470000000000002,0.0,0.0,1904.0,0
0.597,4793.0,3844.0,2885.0,4785.5,3837.5,2881.5,8000.0,7000.0,4000.0,0.5,-8.599999999999909,-9.699999999999818,700.0,0.0,0.0,0.2480000000000002,0.0,0.0,1908.0,0
0.598,4800.0,3850.0,2890.0,4793.5,3844.5,2885.5,7000.0,6000.0,5000.0,0.5,-9.199999999999818,-8.900000000000091,700.0,0.0,0.0,0.2490000000000002,0.0,0.0,1910.0,0
0.599,4808.0,3856.0,2895.0,4800.5,3850.5,2890.5,8000.0,6000.0,5000.0,0.5,-9.599999999999909,-9.699999999999818,700.0,0.0,0.0,0.25000000000000017,0.0,0.0,1913.0,0
0.6,4816.0,3862.0,2899.0,4808.5,3856.5,2895.5,8000.0,6000.0,4000.0,0.5,-9.199999999999818,-9.900000000000091,700.0,0.0,0.0,0.25100000000000017,0.0,0.0,1917.0,0
0.601,4824.0,3869.0,2904.0,4816.5,3862.5,2899.5,8000.0,7000.0,5000.0,0.5,-8.800000000000182,-9.099999999999909,700.0,0.0,0.0,0.25200000000000017,0.0,0.0,1920.0,0
0.602,4832.0,3875.0,2909.0,4824.5,3869.5,2904.5,8000.0,6000.0,5000.0,0.5,-9.400000000000091,-9.300000000000182,700.0,0.0,0.0,0.25300000000000017,0.0,0.0,1923.0,0
0.603,4840.0,3881.0,2913.0,4832.5,3875.5,2909.5,8000.0,6000.0,4000.0,0.5,-9.0,-9.5,700.0,0.0,0.0,0.25400000000000017,0.0,0.0,1927.0,0
0.604,4847.0,3887.0,2918.0,4840.5,3881.5,2913.5,7000.0,6000.0,5000.0,0.5,-8.599999999999909,-8.699999999999818,700.0,0.0,0.0,0.25500000000000017,0.0,0.0,1929.0,0
0.605,4855.0,3894.0,2923.0,4847.5,3887.5,2918.5,8000.0,7000.0,5000.0,0.5,-9.0,-9.5,700.0,0.0,0.0,0.25600000000000017,0.0,0.0,1932.0,0
0.606,4863.0,3900.0,2927.0,4855.5,3894.5,2923.5,8000.0,6000.0,4000.0,0.5,-9.599999999999909,-9.699999999999818,700.0,0.0,0.0,0.2570000000000002,0.0,0.0,1936.0,0
0.607,4871.0,3906.0,2932.0,4863.5,3900.5,2927.5,8000.0,6000.0,5000.0,0.5,-9.199999999999818,-8.900000000000091,700.0,0.0,0.0,0.2580000000000002,0.0,0.0,1939.0,0
0.608,4879.0,3912.0,2937.0,4871.5,3906.5,2932.5,8000.0,6000.0,5000.0,0.5,-8.800000000000182,-9.099999999999909,700.0,0.0,0.0,0.2590000000000002,0.0,0.0,1942.0,0
0.609,4887.0,3919.0,2942.0,4879.5,3912.5,2937.5,8000.0,7000.0,5000.0,0.5,-8.400000000000091,-9.300000000000182,700.0,0.0,0.0,0.2600000000000002,0.0,0.0,1945.0,0
0.61,4894.0,3925.0,2946.0,4887.5,3919.5,2942.5,7000.0,6000.0,4000.0,0.5,-9.0,-9.5,700.0,0.0,0.0,0.2610000000000002,0.0,0.0,1948.0,0
0.611,4902.0,3931.0,2951.0,4894.5,3925.5,2946.5,8000.0,6000.0,5000.0,0.5,-9.400000000000091,-9.300000000000182,700.0,0.0,0.0,0.2620000000000002,0.0,0.0,1951.0,0
0.612,4910.0,3938.0,2956.0,4902.5,3931.5,2951.5,8000.0,7000.0,5000.0,0.5,-9.0,-9.5,700.0,0.0,0.0,0.2630000000000002,0.0,0.0,1954.0,0
0.613,4918.0,3944.0,2960.0,4910.5,3938.5,2956.5,8000.0,6000.0,4000.0,0.5,-9.599999999999909,-9.699999999999818,700.0,0.0,0.0,0.2640000000000002,0.0,0.0,1958.0,0
0.614,4926.0,3950.0,2965.0,4918.5,3944.5,2960.5,8000.0,6000.0,5000.0,0.5,-9.199999999999818,-8.900000000000091,700.0,0.0,0.0,0.2650000000000002,0.0,0.0,1961.0,0
0.615,4934.0,3956.0,2970.0,4926.5,3950.5,2965.5,8000.0,6000.0,5000.0,0.5,-8.800000000000182,-9.099999999999909,700.0,0.0,0.0,0.2660000000000002,0.0,0.0,1964.0,0
0.616,4941.0,3963.0,2974.0,4934.5,3956.5,2970.5,7000.0,7000.0,4000.0,0.5,-8.400000000000091,-9.300000000000182,700.0,0.0,0.0,0.2670000000000002,0.0,0.0,1967.0,0
0.617,4949.0,3969.0,2979.0,4941.5,3963.5,2974.5,8000.0,6000.0,5000.0,0.5,-9.800000000000182,-9.099999999999909,700.0,0.0,0.0,0.2680000000000002,0.0,0.0,1970.0,0
0.618,4957.0,3975.0,2984.0,4949.5,3969.5,2979.5,8000.0,6000.0,5000.0,0.5,-9.400000000000091,-9.300000000000182,700.0,0.0,0.0,0.2690000000000002,0.0,0.0,1973.0,0
0.619,4965.0,3981.0,2989.0,4957.5,3975.5,2984.5,8000.0,6000.0,5000.0,0.5,-9.0,-9.5,700.0,0.0,0.0,0.2700000000000002,0.0,0.0,1976.0,0
0.62,4973.0,3988.0,2993.0,4965.5,3981.5,2989.5,8000.0,7000.0,4000.0,0.5,-8.599999999999909,-9.699999999999818,700.0,0.0,0.0,0.2710000000000002,0.0,0.0,1980.0,0
0.621,4980.0,3994.0,2998.0,4973.5,3988.5,2993.5,7000.0,6000.0,5000.0,0.5,-9.199999999999818,-8.900000000000091,700.0,0.0,0.0,0.2720000000000002,0.0,0.0,1982.0,0
0.622,4988.0,4000.0,3003.0,4980.5,3994.5,2998.5,8000.0,6000.0,5000.0,0.5,-9.599999999999909,-9.699999999999818,700.0,0.0,0.0,0.2730000000000002,0.0,0.0,1985.0,0
0.623,4996.0,4006.0,3007.0,4988.5,4000.5,3003.5,8000.0,6000.0,4000.0,0.5,-9.199999999999818,-9.900000000000091,700.0,0.0,0.0,0.2740000000000002,0.0,0.0,1989.0,0
0.624,5004.0,4013.0,3012.0,4996.5,4006.5,3007.5,8000.0,7000.0,5000.0,0.5,-8.800000000000182,-9.099999999999909,700.0,0.0,0.0,0.2750000000000002,0.0,0.0,1992.0,0
0.625,5012.0,4019.0,3017.0,5004.5,4013.5,3012.5,8000.0,6000.0,5000.0,0.5,-9.400000000000091,-9.300000000000182,700.0,0.0,0.0,0.2760000000000002,0.0,0.0,1995.0,0
0.626,5020.0,4025.0,3021.0,5012.5,4019.5,3017.5,8000.0,6000.0,4000.0,0.5,-9.0,-9.5,700.0,0.0,0.0,0.2770000000000002,0.0,0.0,1999.0,0
0.627,5027.0,4031.0,3026.0,5020.5,4025.5,3021.5,7000.0,6000.0,5000.0,0.5,-8.599999999999909,-8.699999999999818,700.0,0.0,0.0,0.2780000000000002,0.0,0.0,2001.0,0
0.628,5035.0,4038.0,3031.0,5027.5,4031.5,3026.5,8000.0,7000.0,5000.0,0.5,-9.0,-9.5,700.0,0.0,0.0,0.2790000000000002,0.0,0.0,2004.0,0
0.629,5043.0,4044.0,3036.0,5035.5,4038.5,3031.5,8000.0,6000.0,5000.0,0.5,-9.599999999999909,-9.699999999999818,700.0,0.0,0.0,0.2800000000000002,0.0,0.0,2007.0,0
0.63,5051.0,4050.0,3040.0,5043.5,4044.5,3036.5,8000.0,6000.0,4000.0,0.5,-9.199999999999818,-9.900000000000091,700.0,0.0,0.0,0.2810000000000002,0.0,0.0,2011.0,0
0.631,5059.0,4056.0,3045.0,5051.5,4050.5,3040.5,8000.0,6000.0,5000.0,0.5,-8.800000000000182,-9.099999999999909,700.0,0.0,0.0,0.2820000000000002,0.0,0.0,2014.0,0
0.632,5067.0,4063.0,3050.0,5059.5,4056.5,3045.5,8000.0,7000.0,5000.0,0.5,-8.400000000000091,-9.300000000000182,700.0,0.0,0.0,0.2830000000000002,0.0,0.0,2017.0,0
0.633,5074.0,4069.0,3054.0,5067.5,4063.5,3050.5,7000.0,6000.0,4000.0,0.5,-9.0,-9.5,700.0,0.0,0.0,0.2840000000000002,0.0,0.0,2020.0,0
0.634,5082.0,4075.0,3059.0,5074.5,4069.5,3054.5,8000.0,6000.0,5000.0,0.5,-9.400000000000091,-9.300000000000182,700.0,0.0,0.0,0.2850000000000002,0.0,0.0,2023.0,0
0.635,5090.0,4082.0,3064.0,5082.5,4075.5,3059.5,8000.0,7000.0,5000.0,0.5,-9.0,-9.5,700.0,0.0,0.0,0.2860000000000002,0.0,0.0,2026.0,0
0.636,5098.0,4088.0,3068.0,5090.5,4082.5,3064.5,8000.0,6000.0,4000.0,0.5,-9.599999999999909,-9.699999999999818,700.0,0.0,0.0,0.2870000000000002,0.0,0.0,2030.0,0
0.637,5106.0,4094.0,3073.0,5098.5,4088.5,3068.5,8000.0,6000.0,5000.0,0.5,-9.199999999999818,-8.900000000000091,700.0,0.0,0.0,0.2880000000000002,0.0,0.0,2033.0,0
0.638,5114.0,4100.0,3078.0,5106.5,4094.5,3073.5,8000.0,6000.0,5000.0,0.5,-8.800000000000182,-9.099999999999909,700.0,0.0,0.0,0.2890000000000002,0.0,0.0,2036.0,0
0.639,5121.0,4107.0,3082.0,5114.5,4100.5,3078.5,7000.0,7000.0,4000.0,0.5,-8.400000000000091,-9.300000000000182,700.0,0.0,0.0,0.2900000000000002,0.0,0.0,2039.0,0
0.64,5129.0,4113.0,3087.0,5121.5,4107.5,3082.5,8000.0,6000.0,5000.0,0.5,-9.800000000000182,-9.099999999999909,700.0,0.0,0.0,0.2910000000000002,0.0,0.0,2042.0,0
0.641,5137.0,4119.0,3092.0,5129.5,4113.5,3087.5,8000.0,6000.0,5000.0,0.5,-9.399999999999636,-9.300000000000182,700.0,0.0,0.0,0.2920000000000002,0.0,0.0,2045.0,0
0.642,5145.0,4125.0,3097.0,5137.5,4119.5,3092.5,8000.0,6000.0,5000.0,0.5,-9.0,-9.5,700.0,0.0,0.0,0.2930000000000002,0.0,0.0,2048.0,0
0.643,5153.0,4132.0,3101.0,5145.5,4125.5,3097.5,8000.0,7000.0,4000.0,0.5,-8.600000000000364,-9.699999999999818,700.0,0.0,0.0,0.2940000000000002,0.0,0.0,2052.0,0
0.644,5160.0,4138.0,3106.0,5153.5,4132.5,3101.5,7000.0,6000.0,5000.0,0.5,-9.199999999999818,-8.900000000000091,700.0,0.0,0.0,0.2950000000000002,0.0,0.0,2054.0,0
0.645,5168.0,4144.0,3111.0,5160.5,4138.5,3106.5,8000.0,6000.0,5000.0,0.5,-9.600000000000364,-9.699999999999818,700.0,0.0,0.0,0.2960000000000002,0.0,0.0,2057.0,0
0.646,5176.0,4150.0,3115.0,5168.5,4144.5,3111.5,8000.0,6000.0,4000.0,0.5,-9.199999999999818,-9.900000000000091,700.0,0.0,0.0,0.2970000000000002,0.0,0.0,2061.0,0
0.647,5184.0,4157.0,3120.0,5176.5,4150.5,3115.5,8000.0,7000.0,5000.0,0.5,-8.800000000000182,-9.099999999999909,700.0,0.0,0.0,0.2980000000000002,0.0,0.0,2064.0,0
0.648,5192.0,4163.0,3125.0,5184.5,4157.5,3120.5,8000.0,6000.0,5000.0,0.5,-9.399999999999636,-9.300000000000182,700.0,0.0,0.0,0.2990000000000002,0.0,0.0,2067.0,0
0.649,5200.0,4169.0,3129.0,5192.5,4163.5,3125.5,8000.0,6000.0,4000.0,0.5,-9.0,-9.5,700.0,0.0,0.0,0.3000000000000002,0.0,0.0,2071.0,0
0.65,5207.0,4175.0,3134.0,5200.5,4169.5,3129.5,7000.0,6000.0,5000.0,0.5,-8.600000000000364,-8.699999999999818,700.0,0.0,0.0,0.3010000000000002,0.0,0.0,2073.0,0
0.651,5215.0,4182.0,3139.0,5207.5,4175.5,3134.5,8000.0,7000.0,5000.0,0.5,-9.0,-9.5,700.0,0.0,0.0,0.3020000000000002,0.0,0.0,2076.0,0
0.652,5223.0,4188.0,3144.0,5215.5,4182.5,3139.5,8000.0,6000.0,5000.0,0.5,-9.600000000000364,-9.699999999999818,700.0,0.0,0.0,0.3030000000000002,0.0,0.0,2079.0,0
0.653,5231.0,4194.0,3148.0,5223.5,4188.5,3144.5,8000.0,6000.0,4000.0,0.5,-9.199999999999818,-9.900000000000091,700.0,0.0,0.0,0.3040000000000002,0.0,0.0,2083.0,0
0.654,5239.0,4201.0,3153.0,5231.5,4194.5,3148.5,8000.0,7000.0,5000.0,0.5,-8.800000000000182,-9.099999999999909,700.0,0.0,0.0,0.3050000000000002,0.0,0.0,2086.0,0
0.655,5247.0,4207.0,3158.0,5239.5,4201.5,3153.5,8000.0,6000.0,5000.0,0.5,-9.399999999999636,-9.300000000000182,700.0,0.0,0.0,0.3060000000000002,0.0,0.0,2089.0,0
0.656,5254.0,4213.0,3162.0,5247.5,4207.5,3158.5,7000.0,6000.0,4000.0,0.5,-9.0,-9.5,700.0,0.0,0.0,0.3070000000000002,0.0,0.0,2092.0,0
0.657,5262.0,4219.0,3167.0,5254.5,4213.5,3162.5,8000.0,6000.0,5000.0,0.5,-9.399999999999636,-9.300000000000182,700.0,0.0,0.0,0.3080000000000002,0.0,0.0,2095.0,0
0.658,5270.0,4226.0,3172.0,5262.5,4219.5,3167.5,8000.0,7000.0,5000.0,0.5,-9.0,-9.5,700.0,0.0,0.0,0.3090000000000002,0.0,0.0,2098.0,0
0.659,5278.0,4232.0,3176.0,5270.5,4226.5,3172.5,8000.0,6000.0,4000.0,0.5,-9.600000000000364,-9.699999999999818,700.0,0.0,0.0,0.3100000000000002,0.0,0.0,2102.0,0
0.66,5286.0,4238.0,3181.0,5278.5,4232.5,3176.5,8000.0,6000.0,5000.0,0.5,-9.199999999999818,-8.900000000000091,700.0,0.0,0.0,0.3110000000000002,0.0,0.0,2105.0,0
0.661,5294.0,4244.0,3186.0,5286.5,4238.5,3181.5,8000.0,6000.0,5000.0,0.5,-8.800000000000182,-9.099999999999909,700.0,0.0,0.0,0.3120000000000002,0.0,0.0,2108.0,0
0.662,5301.0,4251.0,3191.0,5294.5,4244.5,3186.5,7000.0,7000.0,5000.0,0.5,-8.399999999999636,-9.300000000000182,700.0,0.0,0.0,0.3130000000000002,0.0,0.0,2110.0,0
0.663,5309.0,4257.0,3195.0,5301.5,4251.5,3191.5,8000.0,6000.0,4000.0,0.5,-9.800000000000182,-10.099999999999909,700.0,0.0,0.0,0.3140000000000002,0.0,0.0,2114.0,0
0.664,5317.0,4263.0,3200.0,5309.5,4257.5,3195.5,8000.0,6000.0,5000.0,0.5,-9.399999999999636,-9.300000000000182,700.0,0.0,0.0,0.3150000000000002,0.0,0.0,2117.0,0
0.665,5325.0,4269.0,3204.0,5317.5,4263.5,3200.5,8000.0,6000.0,4000.0,0.5,-9.0,-9.5,700.0,0.0,0.0,0.3160000000000002,0.0,0.0,2121.0,0
0.666,5333.0,4276.0,3209.0,5325.5,4269.5,3204.5,8000.0,7000.0,5000.0,0.5,-8.600000000000364,-8.699999999999818,700.0,0.0,0.0,0.3170000000000002,0.0,0.0,2124.0,0
0.667,5341.0,4282.0,3214.0,5333.5,4276.5,3209.5,8000.0,6000.0,5000.0,0.5,-9.199999999999818,-8.900000000000091,700.0,0.0,0.0,0.3180000000000002,0.0,0.0,2127.0,0
0.668,5348.0,4288.0,3218.0,5341.5,4282.5,3214.5,7000.0,6000.0,4000.0,0.5,-8.800000000000182,-9.099999999999909,700.0,0.0,0.0,0.31900000000000023,0.0,0.0,2130.0,0
0.669,5356.0,4294.0,3223.0,5348.5,4288.5,3218.5,8000.0,6000.0,5000.0,0.5,-9.199999999999818,-8.900000000000091,700.0,0.0,0.0,0.32000000000000023,0.0,0.0,2133.0,0
0.67,5364.0,4301.0,3228.0,5356.5,4294.5,3223.5,8000.0,7000.0,5000.0,0.5,-8.800000000000182,-9.099999999999909,700.0,0.0,0.0,0.32100000000000023,0.0,0.0,2136.0,0
0.671,5372.0,4307.0,3233.0,5364.5,4301.5,3228.5,8000.0,6000.0,5000.0,0.5,-9.399999999999636,-9.300000000000182,700.0,0.0,0.0,0.32200000000000023,0.0,0.0,2139.0,0
0.672,5380.0,4313.0,3237.0,5372.5,4307.5,3233.5,8000.0,6000.0,4000.0,0.5,-9.0,-9.5,700.0,0.0,0.0,0.32300000000000023,0.0,0.0,2143.0,0
0.673,5387.0,4319.0,3242.0,5380.5,4313.5,3237.5,7000.0,6000.0,5000.0,0.5,-8.600000000000364,-8.699999999999818,700.0,0.0,0.0,0.32400000000000023,0.0,0.0,2145.0,0
0.674,5395.0,4326.0,3247.0,5387.5,4319.5,3242.5,8000.0,7000.0,5000.0,0.5,-9.0,-9.5,700.0,0.0,0.0,0.32500000000000023,0.0,0.0,2148.0,0
0.675,5403.0,4332.0,3251.0,5395.5,4326.5,3247.5,8000.0,6000.0,4000.0,0.5,-9.600000000000364,-9.699999999999818,700.0,0.0,0.0,0.32600000000000023,0.0,0.0,2152.0,0
0.676,5411.0,4338.0,3256.0,5403.5,4332.5,3251.5,8000.0,6000.0,5000.0,0.5,-9.199999999999818,-8.900000000000091,700.0,0.0,0.0,0.32700000000000023,0.0,0.0,2155.0,0
0.677,5419.0,4345.0,3261.0,5411.5,4338.5,3256.5,8000.0,7000.0,5000.0,0.5,-8.800000000000182,-9.099999999999909,700.0,0.0,0.0,0.32800000000000024,0.0,0.0,2158.0,0
0.678,5427.0,4351.0,3265.0,5419.5,4345.5,3261.5,8000.0,6000.0,4000.0,0.5,-9.399999999999636,-9.300000000000182,700.0,0.0,0.0,0.32900000000000024,0.0,0.0,2162.0,0
0.679,5434.0,4357.0,3270.0,5427.5,4351.5,3265.5,7000.0,6000.0,5000.0,0.5,-9.0,-8.5,700.0,0.0,0.0,0.33000000000000024,0.0,0.0,2164.0,0
0.68,5442.0,4363.0,3275.0,5434.5,4357.5,3270.5,8000.0,6000.0,5000.0,0.5,-9.399999999999636,-9.300000000000182,700.0,0.0,0.0,0.33100000000000024,0.0,0.0,2167.0,0
0.681,5450.0,4370.0,3279.0,5442.5,4363.5,3275.5,8000.0,7000.0,4000.0,0.5,-9.0,-9.5,700.0,0.0,0.0,0.33200000000000024,0.0,0.0,2171.0,0
0.682,5458.0,4376.0,3284.0,5450.5,4370.5,3279.5,8000.0,6000.0,5000.0,0.5,-9.600000000000364,-8.699999999999818,700.0,0.0,0.0,0.33300000000000024,0.0,0.0,2174.0,0
0.683,5466.0,4382.0,3289.0,5458.5,4376.5,3284.5,8000.0,6000.0,5000.0,0.5,-9.199999999999818,-8.900000000000091,700.0,0.0,0.0,0.33400000000000024,0.0,0.0,2177.0,0
0.684,5474.0,4388.0,3294.0,5466.5,4382.5,3289.5,8000.0,6000.0,5000.0,0.5,-8.800000000000182,-9.099999999999909,700.0,0.0,0.0,0.33500000000000024,0.0,0.0,2180.0,0
0.685,5481.0,4395.0,3298.0,5474.5,4388.5,3294.5,7000.0,7000.0,4000.0,0.5,-8.399999999999636,-9.300000000000182,700.0,0.0,0.0,0.33600000000000024,0.0,0.0,2183.0,0
0.686,5489.0,4401.0,3303.0,5481.5,4395.5,3298.5,8000.0,6000.0,5000.0,0.5,-9.800000000000182,-9.099999999999909,700.0,0.0,0.0,0.33700000000000024,0.0,0.0,2186.0,0
0.687,5497.0,4407.0,3308.0,5489.5,4401.5,3303.5,8000.0,6000.0,5000.0,0.5,-9.399999999999636,-9.300000000000182,700.0,0.0,0.0,0.33800000000000024,0.0,0.0,2189.0,0
0.6880000000000001,5505.0,4413.0,3312.0,5497.5,4407.5,3308.5,8000.0,6000.0,4000.0,0.5,-9.0,-9.5,700.0,0.0,0.0,0.33900000000000025,0.0,0.0,2193.0,0
0.6890000000000001,5513.0,4420.0,3317.0,5505.5,4413.5,3312.5,8000.0,7000.0,5000.0,0.5,-8.600000000000364,-8.699999999999818,700.0,0.0,0.0,0.34000000000000025,0.0,0.0,2196.0,0
0.6900000000000001,5521.0,4426.0,3322.0,5513.5,4420.5,3317.5,8000.0,6000.0,5000.0,0.5,-9.199999999999818,-8.900000000000091,700.0,0.0,0.0,0.34100000000000025,0.0,0.0,2199.0,0
0.6910000000000001,5528.0,4432.0,3326.0,5521.5,4426.5,3322.5,7000.0,6000.0,4000.0,0.5,-8.800000000000182,-9.099999999999909,700.0,0.0,0.0,0.34200000000000025,0.0,0.0,2202.0,0
0.6920000000000001,5536.0,4438.0,3331.0,5528.5,4432.5,3326.5,8000.0,6000.0,5000.0,0.5,-9.199999999999818,-8.900000000000091,700.0,0.0,0.0,0.34300000000000025,0.0,0.0,2205.0,0
0.6930000000000001,5544.0,4445.0,3336.0,5536.5,4438.5,3331.5,8000.0,7000.0,5000.0,0.5,-8.800000000000182,-9.099999999999909,700.0,0.0,0.0,0.34400000000000025,0.0,0.0,2208.0,0
0.6940000000000001,5552.0,4451.0,3340.0,5544.5,4445.5,3336.5,8000.0,6000.0,4000.0,0.5,-9.399999999999636,-9.300000000000182,700.0,0.0,0.0,0.34500000000000025,0.0,0.0,2212.0,0
0.6950000000000001,5560.0,4457.0,3345.0,5552.5,4451.5,3340.5,8000.0,6000.0,5000.0,0.5,-9.0,-8.5,700.0,0.0,0.0,0.34600000000000025,0.0,0.0,2215.0,0
0.6960000000000001,5567.0,4463.0,3350.0,5560.5,4457.5,3345.5,7000.0,6000.0,5000.0,0.5,-8.600000000000364,-8.699999999999818,700.0,0.0,0.0,0.34700000000000025,0.0,0.0,2217.0,0
0.6970000000000001,5575.0,4470.0,3355.0,5567.5,4463.5,3350.5,8000.0,7000.0,5000.0,0.5,-9.0,-9.5,700.0,0.0,0.0,0.34800000000000025,0.0,0.0,2220.0,0
0.6980000000000001,5583.0,4476.0,3359.0,5575.5,4470.5,3355.5,8000.0,6000.0,4000.0,0.5,-9.600000000000364,-9.699999999999818,700.0,0.0,0.0,0.34900000000000025,0.0,0.0,2224.0,0
0.6990000000000001,5591.0,4482.0,3364.0,5583.5,4476.5,3359.5,8000.0,6000.0,5000.0,0.5,-9.199999999999818,-8.900000000000091,700.0,0.0,0.0,0.35000000000000026,0.0,0.0,2227.0,0
0.7000000000000001,5599.0,4489.0,3369.0,5591.5,4482.5,3364.5,8000.0,7000.0,5000.0,0.5,-8.800000000000182,-9.099999999999909,700.0,0.0,0.0,0.35100000000000026,0.0,0.0,2230.0,0
0.7010000000000001,5607.0,4495.0,3373.0,5599.5,4489.5,3369.5,8000.0,6000.0,4000.0,0.5,-9.399999999999636,-9.300000000000182,700.0,0.0,0.0,0.35200000000000026,0.0,0.0,2234.0,0
0.7020000000000001,5614.0,4501.0,3378.0,5607.5,4495.5,3373.5,7000.0,6000.0,5000.0,0.5,-9.0,-8.5,700.0,0.0,0.0,0.35300000000000026,0.0,0.0,2236.0,0
0.7030000000000001,5622.0,4507.0,3383.0,5614.5,4501.5,3378.5,8000.0,6000.0,5000.0,0.5,-9.399999999999636,-9.300000000000182,700.0,0.0,0.0,0.35400000000000026,0.0,0.0,2239.0,0
0.704,5630.0,4514.0,3387.0,5622.5,4507.5,3383.5,8000.0,7000.0,4000.0,0.5,-9.0,-9.5,700.0,0.0,0.0,0.35500000000000026,0.0,0.0,2243.0,0
0.705,5638.0,4520.0,3392.0,5630.5,4514.5,3387.5,8000.0,6000.0,5000.0,0.5,-9.600000000000364,-8.699999999999818,700.0,0.0,0.0,0.35600000000000026,0.0,0.0,2246.0,0
0.706,5646.0,4526.0,3397.0,5638.5,4520.5,3392.5,8000.0,6000.0,5000.0,0.5,-9.199999999999818,-8.900000000000091,700.0,0.0,0.0,0.35700000000000026,0.0,0.0,2249.0,0
0.707,5654.0,4532.0,3401.0,5646.5,4526.5,3397.5,8000.0,6000.0,4000.0,0.5,-8.800000000000182,-9.099999999999909,700.0,0.0,0.0,0.35800000000000026,0.0,0.0,2253.0,0
0.708,5661.0,4539.0,3406.0,5654.5,4532.5,3401.5,7000.0,7000.0,5000.0,0.5,-8.399999999999636,-8.300000000000182,700.0,0.0,0.0,0.35900000000000026,0.0,0.0,2255.0,0
0.709,5669.0,4545.0,3411.0,5661.5,4539.5,3406.5,8000.0,6000.0,5000.0,0.5,-9.800000000000182,-9.099999999999909,700.0,0.0,0.0,0.36000000000000026,0.0,0.0,2258.0,0
0.71,5677.0,4551.0,3416.0,5669.5,4545.5,3411.5,8000.0,6000.0,5000.0,0.5,-9.399999999999636,-9.300000000000182,700.0,0.0,0.0,0.36100000000000027,0.0,0.0,2261.0,0
0.711,5685.0,4557.0,3420.0,5677.5,4551.5,3416.5,8000.0,6000.0,4000.0,0.5,-9.0,-9.5,700.0,0.0,0.0,0.36200000000000027,0.0,0.0,2265.0,0
0.712,5693.0,4564.0,3425.0,5685.5,4557.5,3420.5,8000.0,7000.0,5000.0,0.5,-8.600000000000364,-8.699999999999818,700.0,0.0,0.0,0.36300000000000027,0.0,0.0,2268.0,0
0.713,5701.0,4570.0,3430.0,5693.5,4564.5,3425.5,8000.0,6000.0,5000.0,0.5,-9.199999999999818,-8.900000000000091,700.0,0.0,0.0,0.36400000000000027,0.0,0.0,2271.0,0
0.714,5708.0,4576.0,3434.0,5701.5,4570.5,3430.5,7000.0,6000.0,4000.0,0.5,-8.800000000000182,-9.099999999999909,700.0,0.0,0.0,0.36500000000000027,0.0,0.0,2274.0,0
0.715,5716.0,4582.0,3439.0,5708.5,4576.5,3434.5,8000.0,6000.0,5000.0,0.5,-9.199999999999818,-8.900000000000091,700.0,0.0,0.0,0.36600000000000027,0.0,0.0,2277.0,0
0.716,5724.0,4589.0,3444.0,5716.5,4582.5,3439.5,8000.0,7000.0,5000.0,0.5,-8.800000000000182,-9.099999999999909,700.0,0.0,0.0,0.36700000000000027,0.0,0.0,2280.0,0
0.717,5732.0,4595.0,3448.0,5724.5,4589.5,3444.5,8000.0,6000.0,4000.0,0.5,-9.399999999999636,-9.300000000000182,700.0,0.0,0.0,0.36800000000000027,0.0,0.0,2284.0,0
0.718,5740.0,4601.0,3453.0,5732.5,4595.5,3448.5,8000.0,6000.0,5000.0,0.5,-9.0,-8.5,700.0,0.0,0.0,0.36900000000000027,0.0,0.0,2287.0,0
0.719,5748.0,4607.0,3458.0,5740.5,4601.5,3453.5,8000.0,6000.0,5000.0,0.5,-8.600000000000364,-8.699999999999818,700.0,0.0,0.0,0.3700000000000003,0.0,0.0,2290.0,0
0.72,5755.0,4614.0,3462.0,5748.5,4607.5,3458.5,7000.0,7000.0,4000.0,0.5,-8.199999999999818,-8.900000000000091,700.0,0.0,0.0,0.3710000000000003,0.0,0.0,2293.0,0
0.721,5763.0,4620.0,3467.0,5755.5,4614.5,3462.5,8000.0,6000.0,5000.0,0.5,-9.600000000000364,-8.699999999999818,700.0,0.0,0.0,0.3720000000000003,0.0,0.0,2296.0,0
0.722,5771.0,4626.0,3472.0,5763.5,4620.5,3467.5,8000.0,6000.0,5000.0,0.5,-9.199999999999818,-8.900000000000091,700.0,0.0,0.0,0.3730000000000003,0.0,0.0,2299.0,0
0.723,5779.0,4633.0,3477.0,5771.5,4626.5,3472.5,8000.0,7000.0,5000.0,0.5,-8.800000000000182,-9.099999999999909,700.0,0.0,0.0,0.3740000000000003,0.0,0.0,2302.0,0
0.724,5787.0,4639.0,3481.0,5779.5,4633.5,3477.5,8000.0,6000.0,4000.0,0.5,-9.399999999999636,-9.300000000000182,700.0,0.0,0.0,0.3750000000000003,0.0,0.0,2306.0,0
0.725,5794.0,4645.0,3486.0,5787.5,4639.5,3481.5,7000.0,6000.0,5000.0,0.5,-9.0,-8.5,700.0,0.0,0.0,0.3760000000000003,0.0,0.0,2308.0,0
0.726,5802.0,4651.0,3491.0,5794.5,4645.5,3486.5,8000.0,6000.0,5000.0,0.5,-9.399999999999636,-9.300000000000182,700.0,0.0,0.0,0.3770000000000003,0.0,0.0,2311.0,0
0.727,5810.0,4658.0,3495.0,5802.5,4651.5,3491.5,8000.0,7000.0,4000.0,0.5,-9.0,-9.5,700.0,0.0,0.0,0.3780000000000003,0.0,0.0,2315.0,0
0.728,5818.0,4664.0,3500.0,5810.5,4658.5,3495.5,8000.0,6000.0,5000.0,0.5,-9.600000000000364,-8.699999999999818,700.0,0.0,0.0,0.3790000000000003,0.0,0.0,2318.0,0
0.729,5826.0,4670.0,3505.0,5818.5,4664.5,3500.5,8000.0,6000.0,5000.0,0.5,-9.199999999999818,-8.900000000000091,700.0,0.0,0.0,0.3800000000000003,0.0,0.0,2321.0,0
0.73,5834.0,4676.0,3509.0,5826.5,4670.5,3505.5,8000.0,6000.0,4000.0,0.5,-8.800000000000182,-9.099999999999909,700.0,0.0,0.0,0.3810000000000003,0.0,0.0,2325.0,0
0.731,5841.0,4683.0,3514.0,5834.5,4676.5,3509.5,7000.0,7000.0,5000.0,0.5,-8.399999999999636,-8.300000000000182,700.0,0.0,0.0,0.3820000000000003,0.0,0.0,2327.0,0
0.732,5849.0,4689.0,3519.0,5841.5,4683.5,3514.5,8000.0,6000.0,5000.0,0.5,-9.800000000000182,-9.099999999999909,700.0,0.0,0.0,0.3830000000000003,0.0,0.0,2330.0,0
0.733,5857.0,4695.0,3523.0,5849.5,4689.5,3519.5,8000.0,6000.0,4000.0,0.5,-9.399999999999636,-9.300000000000182,700.0,0.0,0.0,0.3840000000000003,0.0,0.0,2334.0,0
0.734,5865.0,4701.0,3528.0,5857.5,4695.5,3523.5,8000.0,6000.0,5000.0,0.5,-9.0,-8.5,700.0,0.0,0.0,0.3850000000000003,0.0,0.0,2337.0,0
0.735,5873.0,4708.0,3533.0,5865.5,4701.5,3528.5,8000.0,7000.0,5000.0,0.5,-8.600000000000364,-8.699999999999818,700.0,0.0,0.0,0.3860000000000003,0.0,0.0,2340.0,0
0.736,5881.0,4714.0,3538.0,5873.5,4708.5,3533.5,8000.0,6000.0,5000.0,0.5,-9.199999999999818,-8.900000000000091,700.0,0.0,0.0,0.3870000000000003,0.0,0.0,2343.0,0
0.737,5888.0,4720.0,3542.0,5881.5,4714.5,3538.5,7000.0,6000.0,4000.0,0.5,-8.800000000000182,-9.099999999999909,700.0,0.0,0.0,0.3880000000000003,0.0,0.0,2346.0,0
0.738,5896.0,4726.0,3547.0,5888.5,4720.5,3542.5,8000.0,6000.0,5000.0,0.5,-9.199999999999818,-8.900000000000091,700.0,0.0,0.0,0.3890000000000003,0.0,0.0,2349.0,0
0.739,5904.0,4733.0,3552.0,5896.5,4726.5,3547.5,8000.0,7000.0,5000.0,0.5,-8.800000000000182,-9.099999999999909,700.0,0.0,0.0,0.3900000000000003,0.0,0.0,2352.0,0
0.74,5912.0,4739.0,3556.0,5904.5,4733.5,3552.5,8000.0,6000.0,4000.0,0.5,-9.399999999999636,-9.300000000000182,700.0,0.0,0.0,0.3910000000000003,0.0,0.0,2356.0,0
0.741,5920.0,4745.0,3561.0,5912.5,4739.5,3556.5,8000.0,6000.0,5000.0,0.5,-9.0,-8.5,700.0,0.0,0.0,0.3920000000000003,0.0,0.0,2359.0,0
0.742,5928.0,4751.0,3566.0,5920.5,4745.5,3561.5,8000.0,6000.0,5000.0,0.5,-8.600000000000364,-8.699999999999818,700.0,0.0,0.0,0.3930000000000003,0.0,0.0,2362.0,0
0.743,5935.0,4758.0,3570.0,5928.5,4751.5,3566.5,7000.0,7000.0,4000.0,0.5,-8.199999999999818,-8.900000000000091,700.0,0.0,0.0,0.3940000000000003,0.0,0.0,2365.0,0
0.744,5943.0,4764.0,3575.0,5935.5,4758.5,3570.5,8000.0,6000.0,5000.0,0.5,-9.600000000000364,-8.699999999999818,700.0,0.0,0.0,0.3950000000000003,0.0,0.0,2368.0,0
0.745,5951.0,4770.0,3580.0,5943.5,4764.5,3575.5,8000.0,6000.0,5000.0,0.5,-9.199999999999818,-8.900000000000091,700.0,0.0,0.0,0.3960000000000003,0.0,0.0,2371.0,0
0.746,5959.0,4777.0,3584.0,5951.5,4770.5,3580.5,8000.0,7000.0,4000.0,0.5,-8.800000000000182,-9.099999999999909,700.0,0.0,0.0,0.3970000000000003,0.0,0.0,2375.0,0
0.747,5967.0,4783.0,3589.0,5959.5,4777.5,3584.5,8000.0,6000.0,5000.0,0.5,-9.399999999999636,-8.300000000000182,700.0,0.0,0.0,0.3980000000000003,0.0,0.0,2378.0,0
0.748,5974.0,4789.0,3594.0,5967.5,4783.5,3589.5,7000.0,6000.0,5000.0,0.5,-9.0,-8.5,700.0,0.0,0.0,0.3990000000000003,0.0,0.0,2380.0,0
0.749,5982.0,4795.0,3598.0,5974.5,4789.5,3594.5,8000.0,6000.0,4000.0,0.5,-9.399999999999636,-9.300000000000182,700.0,0.0,0.0,0.4000000000000003,0.0,0.0,2384.0,0
0.75,5990.0,4802.0,3603.0,5982.5,4795.5,3598.5,8000.0,7000.0,5000.0,0.5,-9.0,-8.5,700.0,0.0,0.0,0.4010000000000003,0.0,0.0,2387.0,0
0.751,5998.0,4808.0,3608.0,5990.5,4802.5,3603.5,8000.0,6000.0,5000.0,0.5,-9.600000000000364,-8.699999999999818,700.0,0.0,0.0,0.4020000000000003,0.0,0.0,2390.0,0
0.752,6006.0,4814.0,3613.0,5998.5,4808.5,3608.5,8000.0,6000.0,5000.0,0.5,-9.199999999999818,-8.900000000000091,700.0,0.0,0.0,0.4030000000000003,0.0,0.0,2393.0,0
0.753,6014.0,4820.0,3617.0,6006.5,4814.5,3613.5,8000.0,6000.0,4000.0,0.5,-8.800000000000182,-9.099999999999909,700.0,0.0,0.0,0.4040000000000003,0.0,0.0,2397.0,0
0.754,6021.0,4827.0,3622.0,6014.5,4820.5,3617.5,7000.0,7000.0,5000.0,0.5,-8.399999999999636,-8.300000000000182,700.0,0.0,0.0,0.4050000000000003,0.0,0.0,2399.0,0
0.755,6029.0,4833.0,3627.0,6021.5,4827.5,3622.5,8000.0,6000.0,5000.0,0.5,-9.800000000000182,-9.099999999999909,700.0,0.0,0.0,0.4060000000000003,0.0,0.0,2402.0,0
0.756,6037.0,4839.0,3631.0,6029.5,4833.5,3627.5,8000.0,6000.0,4000.0,0.5,-9.399999999999636,-9.300000000000182,700.0,0.0,0.0,0.4070000000000003,0.0,0.0,2406.0,0
0.757,6045.0,4845.0,3636.0,6037.5,4839.5,3631.5,8000.0,6000.0,5000.0,0.5,-9.0,-8.5,700.0,0.0,0.0,0.4080000000000003,0.0,0.0,2409.0,0
0.758,6053.0,4852.0,3641.0,6045.5,4845.5,3636.5,8000.0,7000.0,5000.0,0.5,-8.600000000000364,-8.699999999999818,700.0,0.0,0.0,0.4090000000000003,0.0,0.0,2412.0,0
0.759,6061.0,4858.0,3645.0,6053.5,4852.5,3641.5,8000.0,6000.0,4000.0,0.5,-9.199999999999818,-8.900000000000091,700.0,0.0,0.0,0.4100000000000003,0.0,0.0,2416.0,0
0.76,6068.0,4864.0,3650.0,6061.5,4858.5,3645.5,7000.0,6000.0,5000.0,0.5,-8.800000000000182,-8.099999999999909,700.0,0.0,0.0,0.4110000000000003,0.0,0.0,2418.0,0
0.761,6076.0,4870.0,3655.0,6068.5,4864.5,3650.5,8000.0,6000.0,5000.0,0.5,-9.199999999999818,-8.900000000000091,700.0,0.0,0.0,0.4120000000000003,0.0,0.0,2421.0,0
0.762,6084.0,4877.0,3659.0,6076.5,4870.5,3655.5,8000.0,7000.0,4000.0,0.5,-8.800000000000182,-9.099999999999909,700.0,0.0,0.0,0.4130000000000003,0.0,0.0,2425.0,0
0.763,6092.0,4883.0,3664.0,6084.5,4877.5,3659.5,8000.0,6000.0,5000.0,0.5,-9.399999999999636,-8.300000000000182,700.0,0.0,0.0,0.4140000000000003,0.0,0.0,2428.0,0
0.764,6100.0,4889.0,3669.0,6092.5,4883.5,3664.5,8000.0,6000.0,5000.0,0.5,-9.0,-8.5,700.0,0.0,0.0,0.4150000000000003,0.0,0.0,2431.0,0
0.765,6108.0,4895.0,3674.0,6100.5,4889.5,3669.5,8000.0,6000.0,5000.0,0.5,-8.600000000000364,-8.699999999999818,700.0,0.0,0.0,0.4160000000000003,0.0,0.0,2434.0,0
0.766,6115.0,4902.0,3678.0,6108.5,4895.5,3674.5,7000.0,7000.0,4000.0,0.5,-8.199999999999818,-8.900000000000091,700.0,0.0,0.0,0.4170000000000003,0.0,0.0,2437.0,0
0.767,6123.0,4908.0,3683.0,6115.5,4902.5,3678.5,8000.0,6000.0,5000.0,0.5,-9.600000000000364,-8.699999999999818,700.0,0.0,0.0,0.4180000000000003,0.0,0.0,2440.0,0
0.768,6131.0,4914.0,3688.0,6123.5,4908.5,3683.5,8000.0,6000.0,5000.0,0.5,-9.199999999999818,-8.900000000000091,700.0,0.0,0.0,0.4190000000000003,0.0,0.0,2443.0,0
0.769,6139.0,4921.0,3692.0,6131.5,4914.5,3688.5,8000.0,7000.0,4000.0,0.5,-8.800000000000182,-9.099999999999909,700.0,0.0,0.0,0.4200000000000003,0.0,0.0,2447.0,0
0.77,6147.0,4927.0,3697.0,6139.5,4921.5,3692.5,8000.0,6000.0,5000.0,0.5,-9.399999999999636,-8.300000000000182,700.0,0.0,0.0,0.4210000000000003,0.0,0.0,2450.0,0
0.771,6155.0,4933.0,3702.0,6147.5,4927.5,3697.5,8000.0,6000.0,5000.0,0.5,-9.0,-8.5,700.0,0.0,0.0,0.4220000000000003,0.0,0.0,2453.0,0
0.772,6162.0,4939.0,3706.0,6155.5,4933.5,3702.5,7000.0,6000.0,4000.0,0.5,-8.600000000000364,-8.699999999999818,700.0,0.0,0.0,0.4230000000000003,0.0,0.0,2456.0,0
0.773,6170.0,4946.0,3711.0,6162.5,4939.5,3706.5,8000.0,7000.0,5000.0,0.5,-9.0,-8.5,700.0,0.0,0.0,0.4240000000000003,0.0,0.0,2459.0,0
0.774,6178.0,4952.0,3716.0,6170.5,4946.5,3711.5,8000.0,6000.0,5000.0,0.5,-9.600000000000364,-8.699999999999818,700.0,0.0,0.0,0.4250000000000003,0.0,0.0,2462.0,0
0.775,6186.0,4958.0,3720.0,6178.5,4952.5,3716.5,8000.0,6000.0,4000.0,0.5,-9.199999999999818,-8.900000000000091,700.0,0.0,0.0,0.4260000000000003,0.0,0.0,2466.0,0
0.776,6194.0,4964.0,3725.0,6186.5,4958.5,3720.5,8000.0,6000.0,5000.0,0.5,-8.800000000000182,-8.099999999999909,700.0,0.0,0.0,0.4270000000000003,0.0,0.0,2469.0,0
0.777,6201.0,4971.0,3730.0,6194.5,4964.5,3725.5,7000.0,7000.0,5000.0,0.5,-8.399999999999636,-8.300000000000182,700.0,0.0,0.0,0.4280000000000003,0.0,0.0,2471.0,0
0.778,6209.0,4977.0,3735.0,6201.5,4971.5,3730.5,8000.0,6000.0,5000.0,0.5,-9.800000000000182,-9.099999999999909,700.0,0.0,0.0,0.4290000000000003,0.0,0.0,2474.0,0
0.779,6217.0,4983.0,3739.0,6209.5,4977.5,3735.5,8000.0,6000.0,4000.0,0.5,-9.399999999999636,-9.300000000000182,700.0,0.0,0.0,0.4300000000000003,0.0,0.0,2478.0,0
0.78,6225.0,4989.0,3744.0,6217.5,4983.5,3739.5,8000.0,6000.0,5000.0,0.5,-9.0,-8.5,700.0,0.0,0.0,0.4310000000000003,0.0,0.0,2481.0,0
0.781,6233.0,4996.0,3749.0,6225.5,4989.5,3744.5,8000.0,7000.0,5000.0,0.5,-8.600000000000364,-8.699999999999818,700.0,0.0,0.0,0.43200000000000033,0.0,0.0,2484.0,0
0.782,6241.0,5002.0,3753.0,6233.5,4996.5,3749.5,8000.0,6000.0,4000.0,0.5,-9.199999999999818,-8.900000000000091,700.0,0.0,0.0,0.43300000000000033,0.0,0.0,2488.0,0
0.783,6248.0,5008.0,3758.0,6241.5,5002.5,3753.5,7000.0,6000.0,5000.0,0.5,-8.800000000000182,-8.099999999999909,700.0,0.0,0.0,0.43400000000000033,0.0,0.0,2490.0,0
0.784,6256.0,5014.0,3763.0,6248.5,5008.5,3758.5,8000.0,6000.0,5000.0,0.5,-9.199999999999818,-8.900000000000091,700.0,0.0,0.0,0.43500000000000033,0.0,0.0,2493.0,0
0.785,6264.0,5021.0,3767.0,6256.5,5014.5,3763.5,8000.0,7000.0,4000.0,0.5,-8.800000000000182,-9.099999999999909,700.0,0.0,0.0,0.43600000000000033,0.0,0.0,2497.0,0
0.786,6272.0,5027.0,3772.0,6264.5,5021.5,3767.5,8000.0,6000.0,5000.0,0.5,-9.399999999999636,-8.300000000000182,700.0,0.0,0.0,0.43700000000000033,0.0,0.0,2500.0,0
0.787,6280.0,5033.0,3777.0,6272.5,5027.5,3772.5,8000.0,6000.0,5000.0,0.5,-9.0,-8.5,700.0,0.0,0.0,0.43800000000000033,0.0,0.0,2503.0,0
0.788,6288.0,5039.0,3781.0,6280.5,5033.5,3777.5,8000.0,6000.0,4000.0,0.5,-8.600000000000364,-8.699999999999818,700.0,0.0,0.0,0.43900000000000033,0.0,0.0,2507.0,0
0.789,6295.0,5046.0,3786.0,6288.5,5039.5,3781.5,7000.0,7000.0,5000.0,0.5,-8.199999999999818,-7.900000000000091,700.0,0.0,0.0,0.44000000000000034,0.0,0.0,2509.0,0
0.79,6303.0,5052.0,3791.0,6295.5,5046.5,3786.5,8000.0,6000.0,5000.0,0.5,-9.600000000000364,-8.699999999999818,700.0,0.0,0.0,0.44100000000000034,0.0,0.0,2512.0,0
0.791,6311.0,5058.0,3796.0,6303.5,5052.5,3791.5,8000.0,6000.0,5000.0,0.5,-9.199999999999818,-8.900000000000091,700.0,0.0,0.0,0.44200000000000034,0.0,0.0,2515.0,0
0.792,6319.0,5065.0,3800.0,6311.5,5058.5,3796.5,8000.0,7000.0,4000.0,0.5,-8.800000000000182,-9.099999999999909,700.0,0.0,0.0,0.44300000000000034,0.0,0.0,2519.0,0
0.793,6327.0,5071.0,3805.0,6319.5,5065.5,3800.5,8000.0,6000.0,5000.0,0.5,-9.399999999999636,-8.300000000000182,700.0,0.0,0.0,0.44400000000000034,0.0,0.0,2522.0,0
0.794,6335.0,5077.0,3810.0,6327.5,5071.5,3805.5,8000.0,6000.0,5000.0,0.5,-9.0,-8.5,700.0,0.0,0.0,0.44500000000000034,0.0,0.0,2525.0,0
0.795,6342.0,5083.0,3814.0,6335.5,5077.5,3810.5,7000.0,6000.0,4000.0,0.5,-8.600000000000364,-8.699999999999818,700.0,0.0,0.0,0.44600000000000034,0.0,0.0,2528.0,0
0.796,6350.0,5090.0,3819.0,6342.5,5083.5,3814.5,8000.0,7000.0,5000.0,0.5,-9.0,-8.5,700.0,0.0,0.0,0.44700000000000034,0.0,0.0,2531.0,0
0.797,6358.0,5096.0,3824.0,6350.5,5090.5,3819.5,8000.0,6000.0,5000.0,0.5,-9.600000000000364,-8.699999999999818,700.0,0.0,0.0,0.44800000000000034,0.0,0.0,2534.0,0
0.798,6366.0,5102.0,3828.0,6358.5,5096.5,3824.5,8000.0,6000.0,4000.0,0.5,-9.199999999999818,-8.900000000000091,700.0,0.0,0.0,0.44900000000000034,0.0,0.0,2538.0,0
0.799,6374.0,5108.0,3833.0,6366.5,5102.5,3828.5,8000.0,6000.0,5000.0,0.5,-8.800000000000182,-8.099999999999909,700.0,0.0,0.0,0.45000000000000034,0.0,0.0,2541.0,0
0.8,6381.0,5115.0,3838.0,6374.5,5108.5,3833.5,7000.0,7000.0,5000.0,0.5,-8.399999999999636,-8.300000000000182,700.0,0.0,0.0,0.45100000000000035,0.0,0.0,2543.0,0
0.801,6389.0,5121.0,3842.0,6381.5,5115.5,3838.5,8000.0,6000.0,4000.0,0.5,-9.800000000000182,-9.099999999999909,700.0,0.0,0.0,0.45200000000000035,0.0,0.0,2547.0,0
0.802,6397.0,5127.0,3847.0,6389.5,5121.5,3842.5,8000.0,6000.0,5000.0,0.5,-9.399999999999636,-8.300000000000182,700.0,0.0,0.0,0.45300000000000035,0.0,0.0,2550.0,0
0.803,6405.0,5133.0,3852.0,6397.5,5127.5,3847.5,8000.0,6000.0,5000.0,0.5,-9.0,-8.5,700.0,0.0,0.0,0.45400000000000035,0.0,0.0,2553.0,0
0.804,6413.0,5140.0,3857.0,6405.5,5133.5,3852.5,8000.0,7000.0,5000.0,0.5,-8.600000000000364,-8.699999999999818,700.0,0.0,0.0,0.45500000000000035,0.0,0.0,2556.0,0
0.805,6421.0,5146.0,3861.0,6413.5,5140.5,3857.5,8000.0,6000.0,4000.0,0.5,-9.199999999999818,-8.900000000000091,700.0,0.0,0.0,0.45600000000000035,0.0,0.0,2560.0,0
0.806,6428.0,5152.0,3866.0,6421.5,5146.5,3861.5,7000.0,6000.0,5000.0,0.5,-8.800000000000182,-8.099999999999909,700.0,0.0,0.0,0.45700000000000035,0.0,0.0,2562.0,0
0.807,6436.0,5158.0,3871.0,6428.5,5152.5,3866.5,8000.0,6000.0,5000.0,0.5,-9.199999999999818,-8.900000000000091,700.0,0.0,0.0,0.45800000000000035,0.0,0.0,2565.0,0
0.808,6444.0,5165.0,3875.0,6436.5,5158.5,3871.5,8000.0,7000.0,4000.0,0.5,-8.800000000000182,-9.099999999999909,700.0,0.0,0.0,0.45900000000000035,0.0,0.0,2569.0,0
0.809,6452.0,5171.0,3880.0,6444.5,5165.5,3875.5,8000.0,6000.0,5000.0,0.5,-9.399999999999636,-8.300000000000182,700.0,0.0,0.0,0.46000000000000035,0.0,0.0,2572.0,0
0.81,6460.0,5177.0,3885.0,6452.5,5171.5,3880.5,8000.0,6000.0,5000.0,0.5,-9.0,-8.5,700.0,0.0,0.0,0.46100000000000035,0.0,0.0,2575.0,0
0.811,6468.0,5183.0,3889.0,6460.5,5177.5,3885.5,8000.0,6000.0,4000.0,0.5,-8.600000000000364,-8.699999999999818,700.0,0.0,0.0,0.46200000000000035,0.0,0.0,2579.0,0
0.812,6475.0,5190.0,3894.0,6468.5,5183.5,3889.5,7000.0,7000.0,5000.0,0.5,-8.199999999999818,-7.900000000000091,700.0,0.0,0.0,0.46300000000000036,0.0,0.0,2581.0,0
0.8130000000000001,6483.0,5196.0,3899.0,6475.5,5190.5,3894.5,8000.0,6000.0,5000.0,0.5,-9.600000000000364,-8.699999999999818,700.0,0.0,0.0,0.46400000000000036,0.0,0.0,2584.0,0
0.8140000000000001,6491.0,5202.0,3903.0,6483.5,5196.5,3899.5,8000.0,6000.0,4000.0,0.5,-9.199999999999818,-8.900000000000091,700.0,0.0,0.0,0.46500000000000036,0.0,0.0,2588.0,0
0.8150000000000001,6499.0,5209.0,3908.0,6491.5,5202.5,3903.5,8000.0,7000.0,5000.0,0.5,-8.800000000000182,-8.099999999999909,700.0,0.0,0.0,0.46600000000000036,0.0,0.0,2591.0,0
0.8160000000000001,6507.0,5215.0,3913.0,6499.5,5209.5,3908.5,8000.0,6000.0,5000.0,0.5,-9.399999999999636,-8.300000000000182,700.0,0.0,0.0,0.46700000000000036,0.0,0.0,2594.0,0
0.8170000000000001,6515.0,5221.0,3918.0,6507.5,5215.5,3913.5,8000.0,6000.0,5000.0,0.5,-9.0,-8.5,700.0,0.0,0.0,0.46800000000000036,0.0,0.0,2597.0,0
0.8180000000000001,6522.0,5227.0,3922.0,6515.5,5221.5,3918.5,7000.0,6000.0,4000.0,0.5,-8.600000000000364,-8.699999999999818,700.0,0.0,0.0,0.46900000000000036,0.0,0.0,2600.0,0
0.8190000000000001,6530.0,5234.0,3927.0,6522.5,5227.5,3922.5,8000.0,7000.0,5000.0,0.5,-9.0,-8.5,700.0,0.0,0.0,0.47000000000000036,0.0,0.0,2603.0,0
0.8200000000000001,6538.0,5240.0,3932.0,6530.5,5234.5,3927.5,8000.0,6000.0,5000.0,0.5,-9.600000000000364,-8.699999999999818,700.0,0.0,0.0,0.47100000000000036,0.0,0.0,2606.0,0
0.8210000000000001,6546.0,5246.0,3936.0,6538.5,5240.5,3932.5,8000.0,6000.0,4000.0,0.5,-9.199999999999818,-8.900000000000091,700.0,0.0,0.0,0.47200000000000036,0.0,0.0,2610.0,0
0.8220000000000001,6554.0,5252.0,3941.0,6546.5,5246.5,3936.5,8000.0,6000.0,5000.0,0.5,-8.800000000000182,-8.099999999999909,700.0,0.0,0.0,0.47300000000000036,0.0,0.0,2613.0,0
0.8230000000000001,6562.0,5259.0,3946.0,6554.5,5252.5,3941.5,8000.0,7000.0,5000.0,0.5,-8.399999999999636,-8.300000000000182,700.0,0.0,0.0,0.47400000000000037,0.0,0.0,2616.0,0
0.8240000000000001,6569.0,5265.0,3950.0,6562.5,5259.5,3946.5,7000.0,6000.0,4000.0,0.5,-9.0,-8.5,700.0,0.0,0.0,0.47500000000000037,0.0,0.0,2619.0,0
0.8250000000000001,6577.0,5271.0,3955.0,6569.5,5265.5,3950.5,8000.0,6000.0,5000.0,0.5,-9.399999999999636,-8.300000000000182,700.0,0.0,0.0,0.47600000000000037,0.0,0.0,2622.0,0
0.8260000000000001,6585.0,5277.0,3960.0,6577.5,5271.5,3955.5,8000.0,6000.0,5000.0,0.5,-9.0,-8.5,700.0,0.0,0.0,0.47700000000000037,0.0,0.0,2625.0,0
0.8270000000000001,6593.0,5284.0,3964.0,6585.5,5277.5,3960.5,8000.0,7000.0,4000.0,0.5,-8.600000000000364,-8.699999999999818,700.0,0.0,0.0,0.47800000000000037,0.0,0.0,2629.0,0
0.8280000000000001,6601.0,5290.0,3969.0,6593.5,5284.5,3964.5,8000.0,6000.0,5000.0,0.5,-9.199999999999818,-7.900000000000091,700.0,0.0,0.0,0.47900000000000037,0.0,0.0,2632.0,0
0.8290000000000001,6608.0,5296.0,3974.0,6601.5,5290.5,3969.5,7000.0,6000.0,5000.0,0.5,-8.800000000000182,-8.099999999999909,700.0,0.0,0.0,0.48000000000000037,0.0,0.0,2634.0,0
0.8300000000000001,6616.0,5302.0,3979.0,6608.5,5296.5,3974.5,8000.0,6000.0,5000.0,0.5,-9.199999999999818,-8.900000000000091,700.0,0.0,0.0,0.48100000000000037,0.0,0.0,2637.0,0
0.8310000000000001,6624.0,5309.0,3983.0,6616.5,5302.5,3979.5,8000.0,7000.0,4000.0,0.5,-8.800000000000182,-9.099999999999909,700.0,0.0,0.0,0.4820000000000004,0.0,0.0,2641.0,0
0.8320000000000001,6632.0,5315.0,3988.0,6624.5,5309.5,3983.5,8000.0,6000.0,5000.0,0.5,-9.399999999999636,-8.300000000000182,700.0,0.0,0.0,0.4830000000000004,0.0,0.0,2644.0,0
0.833,6640.0,5321.0,3993.0,6632.5,5315.5,3988.5,8000.0,6000.0,5000.0,0.5,-9.0,-8.5,700.0,0.0,0.0,0.4840000000000004,0.0,0.0,2647.0,0
0.834,6648.0,5327.0,3997.0,6640.5,5321.5,3993.5,8000.0,6000.0,4000.0,0.5,-8.600000000000364,-8.699999999999818,700.0,0.0,0.0,0.4850000000000004,0.0,0.0,2651.0,0
0.835,6655.0,5334.0,4002.0,6648.5,5327.5,3997.5,7000.0,7000.0,5000.0,0.5,-8.199999999999818,-7.900000000000091,700.0,0.0,0.0,0.4860000000000004,0.0,0.0,2653.0,0
0.836,6663.0,5340.0,4007.0,6655.5,5334.5,4002.5,8000.0,6000.0,5000.0,0.5,-9.600000000000364,-8.699999999999818,700.0,0.0,0.0,0.4870000000000004,0.0,0.0,2656.0,0
0.837,6671.0,5346.0,4011.0,6663.5,5340.5,4007.5,8000.0,6000.0,4000.0,0.5,-9.199999999999818,-8.900000000000091,700.0,0.0,0.0,0.4880000000000004,0.0,0.0,2660.0,0
0.838,6679.0,5353.0,4016.0,6671.5,5346.5,4011.5,8000.0,7000.0,5000.0,0.5,-8.800000000000182,-8.099999999999909,700.0,0.0,0.0,0.4890000000000004,0.0,0.0,2663.0,0
0.839,6687.0,5359.0,4021.0,6679.5,5353.5,4016.5,8000.0,6000.0,5000.0,0.5,-9.399999999999636,-8.300000000000182,700.0,0.0,0.0,0.4900000000000004,0.0,0.0,2666.0,0
0.84,6695.0,5365.0,4025.0,6687.5,5359.5,4021.5,8000.0,6000.0,4000.0,0.5,-9.0,-8.5,700.0,0.0,0.0,0.4910000000000004,0.0,0.0,2670.0,0
0.841,6702.0,5371.0,4030.0,6695.5,5365.5,4025.5,7000.0,6000.0,5000.0,0.5,-8.600000000000364,-7.699999999999818,700.0,0.0,0.0,0.4920000000000004,0.0,0.0,2672.0,0
0.842,6710.0,5378.0,4035.0,6702.5,5371.5,4030.5,8000.0,7000.0,5000.0,0.5,-9.0,-8.5,700.0,0.0,0.0,0.4930000000000004,0.0,0.0,2675.0,0
0.843,6718.0,5384.0,4040.0,6710.5,5378.5,4035.5,8000.0,6000.0,5000.0,0.5,-9.600000000000364,-8.699999999999818,700.0,0.0,0.0,0.4940000000000004,0.0,0.0,2678.0,0
0.844,6726.0,5390.0,4044.0,6718.5,5384.5,4040.5,8000.0,6000.0,4000.0,0.5,-9.199999999999818,-8.900000000000091,700.0,0.0,0.0,0.4950000000000004,0.0,0.0,2682.0,0
0.845,6734.0,5396.0,4049.0,6726.5,5390.5,4044.5,8000.0,6000.0,5000.0,0.5,-8.800000000000182,-8.099999999999909,700.0,0.0,0.0,0.4960000000000004,0.0,0.0,2685.0,0
0.846,6742.0,5403.0,4054.0,6734.5,5396.5,4049.5,8000.0,7000.0,5000.0,0.5,-8.399999999999636,-8.300000000000182,700.0,0.0,0.0,0.4970000000000004,0.0,0.0,2688.0,0
0.847,6749.0,5409.0,4058.0,6742.5,5403.5,4054.5,7000.0,6000.0,4000.0,0.5,-9.0,-8.5,700.0,0.0,0.0,0.4980000000000004,0.0,0.0,2691.0,0
0.848,6757.0,5415.0,4063.0,6749.5,5409.5,4058.5,8000.0,6000.0,5000.0,0.5,-9.399999999999636,-8.300000000000182,700.0,0.0,0.0,0.4990000000000004,0.0,0.0,2694.0,0
0.849,6765.0,5421.0,4068.0,6757.5,5415.5,4063.5,8000.0,6000.0,5000.0,0.5,-9.0,-8.5,700.0,0.0,0.0,0.5000000000000003,0.0,0.0,2697.0,0
0.85,6773.0,5428.0,4072.0,6765.5,5421.5,4068.5,8000.0,7000.0,4000.0,0.5,-8.600000000000364,-8.699999999999818,700.0,0.0,0.0,0.5010000000000003,0.0,0.0,2701.0,0
0.851,6781.0,5434.0,4077.0,6773.5,5428.5,4072.5,8000.0,6000.0,5000.0,0.5,-9.199999999999818,-7.900000000000091,700.0,0.0,0.0,0.5020000000000003,0.0,0.0,2704.0,0
0.852,6788.0,5440.0,4082.0,6781.5,5434.5,4077.5,7000.0,6000.0,5000.0,0.5,-8.800000000000182,-8.099999999999909,700.0,0.0,0.0,0.5030000000000003,0.0,0.0,2706.0,0
0.853,6796.0,5446.0,4086.0,6788.5,5440.5,4082.5,8000.0,6000.0,4000.0,0.5,-9.199999999999818,-8.900000000000091,700.0,0.0,0.0,0.5040000000000003,0.0,0.0,2710.0,0
0.854,6804.0,5453.0,4091.0,6796.5,5446.5,4086.5,8000.0,7000.0,5000.0,0.5,-8.800000000000182,-8.099999999999909,700.0,0.0,0.0,0.5050000000000003,0.0,0.0,2713.0,0
0.855,6812.0,5459.0,4096.0,6804.5,5453.5,4091.5,8000.0,6000.0,5000.0,0.5,-9.399999999999636,-8.300000000000182,700.0,0.0,0.0,0.5060000000000003,0.0,0.0,2716.0,0
0.856,6820.0,5465.0,4100.0,6812.5,5459.5,4096.5,8000.0,6000.0,4000.0,0.5,-9.0,-8.5,700.0,0.0,0.0,0.5070000000000003,0.0,0.0,2720.0,0
0.857,6828.0,5471.0,4105.0,6820.5,5465.5,4100.5,8000.0,6000.0,5000.0,0.5,-8.600000000000364,-7.699999999999818,700.0,0.0,0.0,0.5080000000000003,0.0,0.0,2723.0,0
0.858,6835.0,5478.0,4110.0,6828.5,5471.5,4105.5,7000.0,7000.0,5000.0,0.5,-8.199999999999818,-7.899999999999636,700.0,0.0,0.0,0.5090000000000003,0.0,0.0,2725.0,0
0.859,6843.0,5484.0,4115.0,6835.5,5478.5,4110.5,8000.0,6000.0,5000.0,0.5,-9.600000000000364,-8.699999999999818,700.0,0.0,0.0,0.5100000000000003,0.0,0.0,2728.0,0
0.86,6851.0,5490.0,4119.0,6843.5,5484.5,4115.5,8000.0,6000.0,4000.0,0.5,-9.199999999999818,-8.899999999999636,700.0,0.0,0.0,0.5110000000000003,0.0,0.0,2732.0,0
0.861,6859.0,5497.0,4124.0,6851.5,5490.5,4119.5,8000.0,7000.0,5000.0,0.5,-8.800000000000182,-8.100000000000364,700.0,0.0,0.0,0.5120000000000003,0.0,0.0,2735.0,0
0.862,6867.0,5503.0,4129.0,6859.5,5497.5,4124.5,8000.0,6000.0,5000.0,0.5,-9.399999999999636,-8.300000000000182,700.0,0.0,0.0,0.5130000000000003,0.0,0.0,2738.0,0
0.863,6875.0,5509.0,4133.0,6867.5,5503.5,4129.5,8000.0,6000.0,4000.0,0.5,-9.0,-8.5,700.0,0.0,0.0,0.5140000000000003,0.0,0.0,2742.0,0
0.864,6882.0,5515.0,4138.0,6875.5,5509.5,4133.5,7000.0,6000.0,5000.0,0.5,-8.600000000000364,-7.699999999999818,700.0,0.0,0.0,0.5150000000000003,0.0,0.0,2744.0,0
0.865,6890.0,5522.0,4143.0,6882.5,5515.5,4138.5,8000.0,7000.0,5000.0,0.5,-9.0,-8.5,700.0,0.0,0.0,0.5160000000000003,0.0,0.0,2747.0,0
0.866,6898.0,5528.0,4147.0,6890.5,5522.5,4143.5,8000.0,6000.0,4000.0,0.5,-9.600000000000364,-8.699999999999818,700.0,0.0,0.0,0.5170000000000003,0.0,0.0,2751.0,0
0.867,6906.0,5534.0,4152.0,6898.5,5528.5,4147.5,8000.0,6000.0,5000.0,0.5,-9.199999999999818,-7.899999999999636,700.0,0.0,0.0,0.5180000000000003,0.0,0.0,2754.0,0
0.868,6914.0,5540.0,4157.0,6906.5,5534.5,4152.5,8000.0,6000.0,5000.0,0.5,-8.800000000000182,-8.100000000000364,700.0,0.0,0.0,0.5190000000000003,0.0,0.0,2757.0,0
0.869,6922.0,5547.0,4161.0,6914.5,5540.5,4157.5,8000.0,7000.0,4000.0,0.5,-8.399999999999636,-8.300000000000182,700.0,0.0,0.0,0.5200000000000004,0.0,0.0,2761.0,0
0.87,6929.0,5553.0,4166.0,6922.5,5547.5,4161.5,7000.0,6000.0,5000.0,0.5,-9.0,-7.5,700.0,0.0,0.0,0.5210000000000004,0.0,0.0,2763.0,0
0.871,6937.0,5559.0,4171.0,6929.5,5553.5,4166.5,8000.0,6000.0,5000.0,0.5,-9.399999999999636,-8.300000000000182,700.0,0.0,0.0,0.5220000000000004,0.0,0.0,2766.0,0
0.872,6945.0,5565.0,4176.0,6937.5,5559.5,4171.5,8000.0,6000.0,5000.0,0.5,-9.0,-8.5,700.0,0.0,0.0,0.5230000000000004,0.0,0.0,2769.0,0
0.873,6953.0,5572.0,4180.0,6945.5,5565.5,4176.5,8000.0,7000.0,4000.0,0.5,-8.600000000000364,-8.699999999999818,700.0,0.0,0.0,0.5240000000000004,0.0,0.0,2773.0,0
0.874,6961.0,5578.0,4185.0,6953.5,5572.5,4180.5,8000.0,6000.0,5000.0,0.5,-9.199999999999818,-7.899999999999636,700.0,0.0,0.0,0.5250000000000004,0.0,0.0,2776.0,0
0.875,6969.0,5584.0,4190.0,6961.5,5578.5,4185.5,8000.0,6000.0,5000.0,0.5,-8.800000000000182,-8.100000000000364,700.0,0.0,0.0,0.5260000000000004,0.0,0.0,2779.0,0
0.876,6976.0,5590.0,4194.0,6969.5,5584.5,4190.5,7000.0,6000.0,4000.0,0.5,-8.399999999999636,-8.300000000000182,700.0,0.0,0.0,0.5270000000000004,0.0,0.0,2782.0,0
0.877,6984.0,5597.0,4199.0,6976.5,5590.5,4194.5,8000.0,7000.0,5000.0,0.5,-8.800000000000182,-8.100000000000364,700.0,0.0,0.0,0.5280000000000004,0.0,0.0,2785.0,0
0.878,6992.0,5603.0,4204.0,6984.5,5597.5,4199.5,8000.0,6000.0,5000.0,0.5,-9.399999999999636,-8.300000000000182,700.0,0.0,0.0,0.5290000000000004,0.0,0.0,2788.0,0
0.879,7000.0,5609.0,4208.0,6992.5,5603.5,4204.5,8000.0,6000.0,4000.0,0.5,-9.0,-8.5,700.0,0.0,0.0,0.5300000000000004,0.0,0.0,2792.0,0
0.88,7008.0,5616.0,4213.0,7000.5,5609.5,4208.5,8000.0,7000.0,5000.0,0.5,-8.600000000000364,-7.699999999999818,700.0,0.0,0.0,0.5310000000000004,0.0,0.0,2795.0,0
0.881,7015.0,5622.0,4218.0,7008.5,5616.5,4213.5,7000.0,6000.0,5000.0,0.5,-9.199999999999818,-7.899999999999636,700.0,0.0,0.0,0.5320000000000004,0.0,0.0,2797.0,0
0.882,7023.0,5628.0,4222.0,7015.5,5622.5,4218.5,8000.0,6000.0,4000.0,0.5,-9.600000000000364,-8.699999999999818,700.0,0.0,0.0,0.5330000000000004,0.0,0.0,2801.0,0
0.883,7031.0,5634.0,4227.0,7023.5,5628.5,4222.5,8000.0,6000.0,5000.0,0.5,-9.199999999999818,-7.899999999999636,700.0,0.0,0.0,0.5340000000000004,0.0,0.0,2804.0,0
0.884,7039.0,5641.0,4232.0,7031.5,5634.5,4227.5,8000.0,7000.0,5000.0,0.5,-8.800000000000182,-8.100000000000364,700.0,0.0,0.0,0.5350000000000004,0.0,0.0,2807.0,0
0.885,7047.0,5647.0,4237.0,7039.5,5641.5,4232.5,8000.0,6000.0,5000.0,0.5,-9.399999999999636,-8.300000000000182,700.0,0.0,0.0,0.5360000000000004,0.0,0.0,2810.0,0
0.886,7055.0,5653.0,4241.0,7047.5,5647.5,4237.5,8000.0,6000.0,4000.0,0.5,-9.0,-8.5,700.0,0.0,0.0,0.5370000000000004,0.0,0.0,2814.0,0
0.887,7062.0,5659.0,4246.0,7055.5,5653.5,4241.5,7000.0,6000.0,5000.0,0.5,-8.600000000000364,-7.699999999999818,700.0,0.0,0.0,0.5380000000000004,0.0,0.0,2816.0,0
0.888,7070.0,5666.0,4251.0,7062.5,5659.5,4246.5,8000.0,7000.0,5000.0,0.5,-9.0,-8.5,700.0,0.0,0.0,0.5390000000000004,0.0,0.0,2819.0,0
0.889,7078.0,5672.0,4255.0,7070.5,5666.5,4251.5,8000.0,6000.0,4000.0,0.5,-9.600000000000364,-8.699999999999818,700.0,0.0,0.0,0.5400000000000004,0.0,0.0,2823.0,0
0.89,7086.0,5678.0,4260.0,7078.5,5672.5,4255.5,8000.0,6000.0,5000.0,0.5,-9.199999999999818,-7.899999999999636,700.0,0.0,0.0,0.5410000000000004,0.0,0.0,2826.0,0
0.891,7094.0,5684.0,4265.0,7086.5,5678.5,4260.5,8000.0,6000.0,5000.0,0.5,-8.800000000000182,-8.100000000000364,700.0,0.0,0.0,0.5420000000000004,0.0,0.0,2829.0,0
0.892,7102.0,5691.0,4269.0,7094.5,5684.5,4265.5,8000.0,7000.0,4000.0,0.5,-8.399999999999636,-8.300000000000182,700.0,0.0,0.0,0.5430000000000004,0.0,0.0,2833.0,0
0.893,7109.0,5697.0,4274.0,7102.5,5691.5,4269.5,7000.0,6000.0,5000.0,0.5,-9.0,-7.5,700.0,0.0,0.0,0.5440000000000004,0.0,0.0,2835.0,0
0.894,7117.0,5703.0,4279.0,7109.5,5697.5,4274.5,8000.0,6000.0,5000.0,0.5,-9.399999999999636,-8.300000000000182,700.0,0.0,0.0,0.5450000000000004,0.0,0.0,2838.0,0
0.895,7125.0,5709.0,4283.0,7117.5,5703.5,4279.5,8000.0,6000.0,4000.0,0.5,-9.0,-8.5,700.0,0.0,0.0,0.5460000000000004,0.0,0.0,2842.0,0
0.896,7133.0,5716.0,4288.0,7125.5,5709.5,4283.5,8000.0,7000.0,5000.0,0.5,-8.600000000000364,-7.699999999999818,700.0,0.0,0.0,0.5470000000000004,0.0,0.0,2845.0,0
0.897,7141.0,5722.0,4293.0,7133.5,5716.5,4288.5,8000.0,6000.0,5000.0,0.5,-9.199999999999818,-7.899999999999636,700.0,0.0,0.0,0.5480000000000004,0.0,0.0,2848.0,0
0.898,7149.0,5728.0,4298.0,7141.5,5722.5,4293.5,8000.0,6000.0,5000.0,0.5,-8.800000000000182,-8.100000000000364,700.0,0.0,0.0,0.5490000000000004,0.0,0.0,2851.0,0
0.899,7156.0,5734.0,4302.0,7149.5,5728.5,4298.5,7000.0,6000.0,4000.0,0.5,-8.399999999999636,-8.300000000000182,700.0,0.0,0.0,0.5500000000000004,0.0,0.0,2854.0,0
0.9,7164.0,5740.0,4307.0,7156.5,5734.5,4302.5,8000.0,6000.0,5000.0,0.5,-8.800000000000182,-8.100000000000364,700.0,900.0,0.0,0.5510000000000004,0.001,0.0,2857.0,0
0.901,7172.0,5745.0,4312.0,7164.5,5740.5,4307.5,8000.0,5000.0,5000.0,0.5,-8.399999999999636,-8.300000000000182,700.0,900.0,0.0,0.5520000000000004,0.002,0.0,2860.0,0
0.902,7180.0,5751.0,4316.0,7172.5,5745.5,4312.5,8000.0,6000.0,4000.0,0.5,-7.0,-8.5,700.0,900.0,0.0,0.5530000000000004,0.003,0.0,2864.0,0
0.903,7188.0,5756.0,4321.0,7180.5,5751.5,4316.5,8000.0,5000.0,5000.0,0.5,-6.600000000000364,-7.699999999999818,700.0,900.0,0.0,0.5540000000000004,0.004,0.0,2867.0,0
0.904,7195.0,5761.0,4326.0,7188.5,5756.5,4321.5,7000.0,5000.0,5000.0,0.5,-5.199999999999818,-7.899999999999636,700.0,900.0,0.0,0.5550000000000004,0.005,0.0,2869.0,0
0.905,7203.0,5767.0,4330.0,7195.5,5761.5,4326.5,8000.0,6000.0,4000.0,0.5,-4.600000000000364,-8.699999999999818,700.0,900.0,0.0,0.5560000000000004,0.006,0.0,2873.0,0
0.906,7211.0,5772.0,4335.0,7203.5,5767.5,4330.5,8000.0,5000.0,5000.0,0.5,-4.199999999999818,-7.899999999999636,700.0,900.0,0.0,0.5570000000000004,0.007,0.0,2876.0,0
0.907,7219.0,5777.0,4340.0,7211.5,5772.5,4335.5,8000.0,5000.0,5000.0,0.5,-2.800000000000182,-8.100000000000364,700.0,900.0,0.0,0.5580000000000004,0.008,0.0,2879.0,0
0.908,7227.0,5783.0,4344.0,7219.5,5777.5,4340.5,8000.0,6000.0,4000.0,0.5,-1.3999999999996362,-8.300000000000182,700.0,900.0,0.0,0.5590000000000004,0.009000000000000001,0.0,2883.0,0
0.909,7235.0,5788.0,4349.0,7227.5,5783.5,4344.5,8000.0,5000.0,5000.0,0.5,-1.0,-7.5,700.0,900.0,0.0,0.5600000000000004,0.010000000000000002,0.0,2886.0,0
0.91,7242.0,5793.0,4354.0,7235.5,5788.5,4349.5,7000.0,5000.0,5000.0,0.5,0.3999999999996362,-7.699999999999818,700.0,900.0,0.0,0.5610000000000004,0.011000000000000003,0.0,2888.0,0
0.911,7250.0,5799.0,4359.0,7242.5,5793.5,4354.5,8000.0,6000.0,5000.0,-0.125,0.5,-8.875,700.0,900.0,0.0,0.5620000000000004,0.012000000000000004,0.0,2891.0,0
0.912,7258.0,5804.0,4363.0,7250.5,5799.5,4359.5,8000.0,5000.0,4000.0,-0.625,0.5,-9.375,700.0,900.0,0.0,0.5630000000000004,0.013000000000000005,0.0,2895.0,0
0.913,7266.0,5810.0,4368.0,7258.5,5804.5,4363.5,8000.0,6000.0,5000.0,-2.375,0.5,-9.625,700.0,900.0,0.0,0.5640000000000004,0.014000000000000005,0.0,2898.0,0
0.914,7274.0,5815.0,4372.0,7266.5,5810.5,4368.5,8000.0,5000.0,4000.0,-2.875,0.5,-10.125,700.0,900.0,0.0,0.5650000000000004,0.015000000000000006,0.0,2902.0,0
0.915,7282.0,5820.0,4377.0,7274.5,5815.5,4372.5,8000.0,5000.0,5000.0,-4.625,0.5,-10.375,700.0,900.0,0.0,0.5660000000000004,0.016000000000000007,0.0,2905.0,0
0.916,7289.0,5826.0,4381.0,7282.5,5820.5,4377.5,7000.0,6000.0,4000.0,-6.375,0.5,-11.625,700.0,900.0,0.0,0.5670000000000004,0.017000000000000008,0.0,2908.0,0
0.917,7297.0,5831.0,4386.0,7289.5,5826.5,4381.5,8000.0,5000.0,5000.0,-5.875,0.5,-11.125,700.0,900.0,0.0,0.5680000000000004,0.01800000000000001,0.0,2911.0,0
0.918,7305.0,5836.0,4390.0,7297.5,5831.5,4386.5,8000.0,5000.0,4000.0,-7.625,0.5,-12.375,700.0,900.0,0.0,0.5690000000000004,0.01900000000000001,0.0,2915.0,0
0.919,7313.0,5842.0,4394.0,7305.5,5836.5,4390.5,8000.0,6000.0,4000.0,-9.375,0.5,-12.625,700.0,900.0,0.0,0.5700000000000004,0.02000000000000001,0.0,2919.0,0
0.92,7321.0,5847.0,4398.0,7313.5,5842.5,4394.5,8000.0,5000.0,4000.0,-9.875,0.5,-12.125,700.0,900.0,0.0,0.5710000000000004,0.02100000000000001,0.0,2923.0,0
0.921,7328.0,5852.0,4403.0,7321.5,5847.5,4398.5,7000.0,5000.0,5000.0,-11.625,0.5,-12.375,700.0,900.0,0.0,0.5720000000000004,0.022000000000000013,0.0,2925.0,0
0.922,7336.0,5858.0,4407.0,7328.5,5852.5,4403.5,8000.0,6000.0,4000.0,-12.375,0.5,-13.625,700.0,900.0,0.0,0.5730000000000004,0.023000000000000013,0.0,2929.0,0
0.923,7343.0,5863.0,4411.0,7336.5,5858.5,4407.5,7000.0,5000.0,4000.0,-12.875,0.5,-13.125,700.0,900.0,0.0,0.5740000000000004,0.024000000000000014,0.0,2932.0,0
0.924,7350.0,5868.0,4416.0,7343.5,5863.5,4411.5,7000.0,5000.0,5000.0,-13.625,0.5,-13.375,700.0,900.0,0.0,0.5750000000000004,0.025000000000000015,0.0,2934.0,0
0.925,7358.0,5874.0,4420.0,7350.5,5868.5,4416.5,8000.0,6000.0,4000.0,-14.375,0.5,-14.625,700.0,900.0,0.0,0.5760000000000004,0.026000000000000016,0.0,2938.0,0
0.926,7365.0,5879.0,4424.0,7358.5,5874.5,4420.5,7000.0,5000.0,4000.0,-14.875,0.5,-14.125,700.0,900.0,0.0,0.5770000000000004,0.027000000000000017,0.0,2941.0,0
0.927,7372.0,5885.0,4428.0,7365.5,5879.5,4424.5,7000.0,6000.0,4000.0,-15.625,0.5,-14.375,700.0,900.0,0.0,0.5780000000000004,0.028000000000000018,0.0,2944.0,0
0.928,7379.0,5890.0,4432.0,7372.5,5885.5,4428.5,7000.0,5000.0,4000.0,-15.125,0.5,-13.875,700.0,900.0,0.0,0.5790000000000004,0.02900000000000002,0.0,2947.0,0
0.929,7386.0,5895.0,4437.0,7379.5,5890.5,4432.5,7000.0,5000.0,5000.0,-15.875,0.5,-14.125,700.0,900.0,0.0,0.5800000000000004,0.03000000000000002,0.0,2949.0,0
0.93,7393.0,5901.0,4441.0,7386.5,5895.5,4437.5,7000.0,6000.0,4000.0,-16.625,0.5,-15.375,700.0,900.0,0.0,0.5810000000000004,0.03100000000000002,0.0,2952.0,0
0.931,7400.0,5906.0,4445.0,7393.5,5901.5,4441.5,7000.0,5000.0,4000.0,-16.125,0.5,-14.875,700.0,900.0,0.0,0.5820000000000004,0.03200000000000002,0.0,2955.0,0
0.932,7407.0,5911.0,4449.0,7400.5,5906.5,4445.5,7000.0,5000.0,4000.0,-16.875,0.5,-15.125,700.0,900.0,0.0,0.5830000000000004,0.03300000000000002,0.0,2958.0,0
0.933,7414.0,5917.0,4453.0,7407.5,5911.5,4449.5,7000.0,6000.0,4000.0,-17.625,0.5,-15.375,700.0,900.0,0.0,0.5840000000000004,0.03400000000000002,0.0,2961.0,0
0.934,7421.0,5922.0,4457.0,7414.5,5917.5,4453.5,7000.0,5000.0,4000.0,-17.125,0.5,-14.875,700.0,900.0,0.0,0.5850000000000004,0.035000000000000024,0.0,2964.0,0
0.935,7428.0,5927.0,4461.0,7421.5,5922.5,4457.5,7000.0,5000.0,4000.0,-17.875,0.5,-15.125,700.0,900.0,0.0,0.5860000000000004,0.036000000000000025,0.0,2967.0,0
0.936,7435.0,5933.0,4465.0,7428.5,5927.5,4461.5,7000.0,6000.0,4000.0,-18.625,0.5,-15.375,700.0,900.0,0.0,0.5870000000000004,0.037000000000000026,0.0,2970.0,0
0.937,7442.0,5938.0,4470.0,7435.5,5933.5,4465.5,7000.0,5000.0,5000.0,-18.125,0.5,-14.875,700.0,900.0,0.0,0.5880000000000004,0.03800000000000003,0.0,2972.0,0
0.9380000000000001,7449.0,5944.0,4474.0,7442.5,5938.5,4470.5,7000.0,6000.0,4000.0,-18.875,0.5,-16.125,700.0,900.0,0.0,0.5890000000000004,0.03900000000000003,0.0,2975.0,0
0.9390000000000001,7456.0,5949.0,4478.0,7449.5,5944.5,4474.5,7000.0,5000.0,4000.0,-18.375,0.5,-15.625,700.0,900.0,0.0,0.5900000000000004,0.04000000000000003,0.0,2978.0,0
0.9400000000000001,7463.0,5954.0,4482.0,7456.5,5949.5,4478.5,7000.0,5000.0,4000.0,-19.125,0.5,-15.875,700.0,900.0,0.0,0.5910000000000004,0.04100000000000003,0.0,2981.0,0
0.9410000000000001,7470.0,5960.0,4486.0,7463.5,5954.5,4482.5,7000.0,6000.0,4000.0,-19.875,0.5,-16.125,700.0,900.0,0.0,0.5920000000000004,0.04200000000000003,0.0,2984.0,0
0.9420000000000001,7477.0,5965.0,4490.0,7470.5,5960.5,4486.5,7000.0,5000.0,4000.0,-19.375,0.5,-15.625,700.0,900.0,0.0,0.5930000000000004,0.04300000000000003,0.0,2987.0,0
0.9430000000000001,7483.0,5970.0,4494.0,7477.5,5965.5,4490.5,6000.0,5000.0,4000.0,-20.125,0.5,-15.875,700.0,900.0,0.0,0.5940000000000004,0.04400000000000003,0.0,2989.0,0
0.9440000000000001,7490.0,5976.0,4498.0,7483.5,5970.5,4494.5,7000.0,6000.0,4000.0,-19.875,0.5,-16.125,700.0,900.0,0.0,0.5950000000000004,0.04500000000000003,0.0,2992.0,0
0.9450000000000001,7497.0,5981.0,4502.0,7490.5,5976.5,4498.5,7000.0,5000.0,4000.0,-19.375,0.5,-15.625,700.0,900.0,0.0,0.5960000000000004,0.046000000000000034,0.0,2995.0,0
0.9460000000000001,7504.0,5986.0,4506.0,7497.5,5981.5,4502.5,7000.0,5000.0,4000.0,-20.125,0.5,-15.875,700.0,900.0,0.0,0.5970000000000004,0.047000000000000035,0.0,2998.0,0
0.9470000000000001,7510.0,5992.0,4510.0,7504.5,5986.5,4506.5,6000.0,6000.0,4000.0,-20.875,0.5,-16.125,700.0,900.0,0.0,0.5980000000000004,0.048000000000000036,0.0,3000.0,0
0.9480000000000001,7517.0,5997.0,4514.0,7510.5,5992.5,4510.5,7000.0,5000.0,4000.0,-19.375,0.5,-15.625,700.0,900.0,0.0,0.5990000000000004,0.04900000000000004,0.0,3003.0,0
0.9490000000000001,7524.0,6003.0,4518.0,7517.5,5997.5,4514.5,7000.0,6000.0,4000.0,-20.125,0.5,-15.875,700.0,900.0,0.0,0.6000000000000004,0.05000000000000004,0.0,3006.0,0
0.9500000000000001,7531.0,6008.0,4522.0,7524.5,6003.5,4518.5,7000.0,5000.0,4000.0,-19.625,0.5,-15.375,700.0,900.0,0.0,0.6010000000000004,0.05100000000000004,0.0,3009.0,0
0.9510000000000001,7537.0,6013.0,4526.0,7531.5,6008.5,4522.5,6000.0,5000.0,4000.0,-20.375,0.5,-15.625,700.0,900.0,0.0,0.6020000000000004,0.05200000000000004,0.0,3011.0,0
0.9520000000000001,7544.0,6019.0,4530.0,7537.5,6013.5,4526.5,7000.0,6000.0,4000.0,-20.125,0.5,-15.875,700.0,900.0,0.0,0.6030000000000004,0.05300000000000004,0.0,3014.0,0
0.9530000000000001,7551.0,6024.0,4534.0,7544.5,6019.5,4530.5,7000.0,5000.0,4000.0,-19.625,0.5,-15.375,700.0,900.0,0.0,0.6040000000000004,0.05400000000000004,0.0,3017.0,0
0.9540000000000001,7557.0,6029.0,4537.0,7551.5,6024.5,4534.5,6000.0,5000.0,3000.0,-20.375,0.5,-15.625,700.0,900.0,0.0,0.6050000000000004,0.05500000000000004,0.0,3020.0,0
0.9550000000000001,7564.0,6035.0,4541.0,7557.5,6029.5,4537.5,7000.0,6000.0,4000.0,-20.125,0.5,-14.875,700.0,900.0,0.0,0.6060000000000004,0.05600000000000004,0.0,3023.0,0
0.9560000000000001,7571.0,6040.0,4545.0,7564.5,6035.5,4541.5,7000.0,5000.0,4000.0,-19.625,0.5,-14.375,700.0,900.0,0.0,0.6070000000000004,0.057000000000000044,0.0,3026.0,0
0.9570000000000001,7577.0,6045.0,4549.0,7571.5,6040.5,4545.5,6000.0,5000.0,4000.0,-20.375,0.5,-14.625,700.0,900.0,0.0,0.6080000000000004,0.058000000000000045,0.0,3028.0,0
0.9580000000000001,7584.0,6051.0,4553.0,7577.5,6045.5,4549.5,7000.0,6000.0,4000.0,-20.125,0.5,-14.875,700.0,900.0,0.0,0.6090000000000004,0.059000000000000045,0.0,3031.0,0
0.9590000000000001,7590.0,6056.0,4557.0,7584.5,6051.5,4553.5,6000.0,5000.0,4000.0,-19.625,0.5,-14.375,700.0,900.0,0.0,0.6100000000000004,0.060000000000000046,0.0,3033.0,0
0.96,7597.0,6061.0,4561.0,7590.5,6056.5,4557.5,7000.0,5000.0,4000.0,-19.375,0.5,-14.625,700.0,900.0,0.0,0.6110000000000004,0.06100000000000005,0.0,3036.0,0
0.961,7604.0,6067.0,4565.0,7597.5,6061.5,4561.5,7000.0,6000.0,4000.0,-20.125,0.5,-14.875,700.0,900.0,0.0,0.6120000000000004,0.06200000000000005,0.0,3039.0,0
0.962,7610.0,6072.0,4569.0,7604.5,6067.5,4565.5,6000.0,5000.0,4000.0,-19.625,0.5,-14.375,700.0,900.0,0.0,0.6130000000000004,0.06300000000000004,0.0,3041.0,0
0.963,7617.0,6078.0,4573.0,7610.5,6072.5,4569.5,7000.0,6000.0,4000.0,-19.375,0.5,-14.625,700.0,900.0,0.0,0.6140000000000004,0.06400000000000004,0.0,3044.0,0
0.964,7623.0,6083.0,4577.0,7617.5,6078.5,4573.5,6000.0,5000.0,4000.0,-18.875,0.5,-14.125,700.0,900.0,0.0,0.6150000000000004,0.06500000000000004,0.0,3046.0,0
0.965,7630.0,6088.0,4581.0,7623.5,6083.5,4577.5,7000.0,5000.0,4000.0,-18.625,0.5,-14.375,700.0,900.0,0.0,0.6160000000000004,0.06600000000000004,0.0,3049.0,0
0.966,7637.0,6094.0,4584.0,7630.5,6088.5,4581.5,7000.0,6000.0,3000.0,-19.375,0.5,-14.625,700.0,900.0,0.0,0.6170000000000004,0.06700000000000005,0.0,3053.0,0
0.967,7643.0,6099.0,4588.0,7637.5,6094.5,4584.5,6000.0,5000.0,4000.0,-18.875,0.5,-13.125,700.0,900.0,0.0,0.6180000000000004,0.06800000000000005,0.0,3055.0,0
0.968,7650.0,6104.0,4592.0,7643.5,6099.5,4588.5,7000.0,5000.0,4000.0,-18.625,0.5,-13.375,700.0,900.0,0.0,0.6190000000000004,0.06900000000000005,0.0,3058.0,0
0.969,7656.0,6110.0,4596.0,7650.5,6104.5,4592.5,6000.0,6000.0,4000.0,-19.375,0.5,-13.625,700.0,900.0,0.0,0.6200000000000004,0.07000000000000005,0.0,3060.0,0
0.97,7663.0,6115.0,4600.0,7656.5,6110.5,4596.5,7000.0,5000.0,4000.0,-17.875,0.5,-13.125,700.0,900.0,0.0,0.6210000000000004,0.07100000000000005,0.0,3063.0,0
0.971,7669.0,6120.0,4604.0,7663.5,6115.5,4600.5,6000.0,5000.0,4000.0,-18.625,0.5,-13.375,700.0,900.0,0.0,0.6220000000000004,0.07200000000000005,0.0,3065.0,0
0.972,7676.0,6126.0,4608.0,7669.5,6120.5,4604.5,7000.0,6000.0,4000.0,-18.375,0.5,-13.625,700.0,900.0,0.0,0.6230000000000004,0.07300000000000005,0.0,3068.0,0
0.973,7682.0,6131.0,4611.0,7676.5,6126.5,4608.5,6000.0,5000.0,3000.0,-17.875,0.5,-13.125,700.0,900.0,0.0,0.6240000000000004,0.07400000000000005,0.0,3071.0,0
0.974,7689.0,6137.0,4615.0,7682.5,6131.5,4611.5,7000.0,6000.0,4000.0,-17.625,0.5,-12.375,700.0,900.0,0.0,0.6250000000000004,0.07500000000000005,0.0,3074.0,0
0.975,7695.0,6142.0,4619.0,7689.5,6137.5,4615.5,6000.0,5000.0,4000.0,-17.125,0.5,-11.875,700.0,900.0,0.0,0.6260000000000004,0.07600000000000005,0.0,3076.0,0
0.976,7702.0,6147.0,4623.0,7695.5,6142.5,4619.5,7000.0,5000.0,4000.0,-16.875,0.5,-12.125,700.0,900.0,0.0,0.6270000000000004,0.07700000000000005,0.0,3079.0,0
0.977,7708.0,6153.0,4627.0,7702.5,6147.5,4623.5,6000.0,6000.0,4000.0,-17.625,0.5,-12.375,700.0,900.0,0.0,0.6280000000000004,0.07800000000000006,0.0,3081.0,0
0.978,7715.0,6158.0,4631.0,7708.5,6153.5,4627.5,7000.0,5000.0,4000.0,-16.125,0.5,-11.875,700.0,900.0,0.0,0.6290000000000004,0.07900000000000006,0.0,3084.0,0
0.979,7721.0,6163.0,4635.0,7715.5,6158.5,4631.5,6000.0,5000.0,4000.0,-16.875,0.5,-12.125,700.0,900.0,0.0,0.6300000000000004,0.08000000000000006,0.0,3086.0,0
0.98,7728.0,6169.0,4638.0,7721.5,6163.5,4635.5,7000.0,6000.0,3000.0,-16.625,0.5,-12.375,700.0,900.0,0.0,0.6310000000000004,0.08100000000000006,0.0,3090.0,0
0.981,7734.0,6174.0,4642.0,7728.5,6169.5,4638.5,6000.0,5000.0,4000.0,-16.125,0.5,-10.875,700.0,900.0,0.0,0.6320000000000005,0.08200000000000006,0.0,3092.0,0
0.982,7741.0,6179.0,4646.0,7734.5,6174.5,4642.5,7000.0,5000.0,4000.0,-15.875,0.5,-11.125,700.0,900.0,0.0,0.6330000000000005,0.08300000000000006,0.0,3095.0,0
0.983,7747.0,6185.0,4650.0,7741.5,6179.5,4646.5,6000.0,6000.0,4000.0,-16.625,0.5,-11.375,700.0,900.0,0.0,0.6340000000000005,0.08400000000000006,0.0,3097.0,0
0.984,7754.0,6190.0,4654.0,7747.5,6185.5,4650.5,7000.0,5000.0,4000.0,-15.125,0.5,-10.875,700.0,900.0,0.0,0.6350000000000005,0.08500000000000006,0.0,3100.0,0
0.985,7760.0,6196.0,4658.0,7754.5,6190.5,4654.5,6000.0,6000.0,4000.0,-15.875,0.5,-11.125,700.0,900.0,0.0,0.6360000000000005,0.08600000000000006,0.0,3102.0,0
0.986,7767.0,6201.0,4661.0,7760.5,6196.5,4658.5,7000.0,5000.0,3000.0,-14.375,0.5,-10.625,700.0,900.0,0.0,0.6370000000000005,0.08700000000000006,0.0,3106.0,0
0.987,7773.0,6206.0,4666.0,7767.5,6201.5,4661.5,6000.0,5000.0,5000.0,-15.125,0.5,-9.875,700.0,900.0,0.0,0.6380000000000005,0.08800000000000006,0.0,3107.0,0
0.988,7780.0,6212.0,4669.0,7773.5,6206.5,4666.5,7000.0,6000.0,3000.0,-14.875,0.5,-11.125,700.0,900.0,0.0,0.6390000000000005,0.08900000000000007,0.0,3111.0,0
0.989,7786.0,6217.0,4673.0,7780.5,6212.5,4669.5,6000.0,5000.0,4000.0,-14.375,0.5,-9.625,700.0,900.0,0.0,0.6400000000000005,0.09000000000000007,0.0,3113.0,0
0.99,7793.0,6222.0,4677.0,7786.5,6217.5,4673.5,7000.0,5000.0,4000.0,-14.125,0.5,-9.875,700.0,900.0,0.0,0.6410000000000005,0.09100000000000007,0.0,3116.0,0
0.991,7799.0,6228.0,4681.0,7793.5,6222.5,4677.5,6000.0,6000.0,4000.0,-14.875,0.5,-10.125,700.0,900.0,0.0,0.6420000000000005,0.09200000000000007,0.0,3118.0,0
0.992,7806.0,6233.0,4686.0,7799.5,6228.5,4681.5,7000.0,5000.0,5000.0,-13.375,0.5,-9.625,700.0,900.0,0.0,0.6430000000000005,0.09300000000000007,0.0,3120.0,0
0.993,7812.0,6238.0,4689.0,7806.5,6233.5,4686.5,6000.0,5000.0,3000.0,-14.125,0.5,-10.875,700.0,900.0,0.0,0.6440000000000005,0.09400000000000007,0.0,3123.0,0
0.994,7819.0,6244.0,4693.0,7812.5,6238.5,4689.5,7000.0,6000.0,4000.0,-13.875,0.5,-10.125,700.0,900.0,0.0,0.6450000000000005,0.09500000000000007,0.0,3126.0,0
0.995,7825.0,6249.0,4697.0,7819.5,6244.5,4693.5,6000.0,5000.0,4000.0,-13.375,0.5,-9.625,700.0,900.0,0.0,0.6460000000000005,0.09600000000000007,0.0,3128.0,0
0.996,7832.0,6254.0,4701.0,7825.5,6249.5,4697.5,7000.0,5000.0,4000.0,-13.125,0.5,-9.875,700.0,900.0,0.0,0.6470000000000005,0.09700000000000007,0.0,3131.0,0
0.997,7838.0,6260.0,4705.0,7832.5,6254.5,4701.5,6000.0,6000.0,4000.0,-13.875,0.5,-10.125,700.0,900.0,0.0,0.6480000000000005,0.09800000000000007,0.0,3133.0,0
0.998,7845.0,6265.0,4709.0,7838.5,6260.5,4705.5,7000.0,5000.0,4000.0,-12.375,0.5,-9.625,700.0,900.0,0.0,0.6490000000000005,0.09900000000000007,0.0,3136.0,0
0.999,7851.0,6271.0,4714.0,7845.5,6265.5,4709.5,6000.0,6000.0,5000.0,-13.125,0.5,-9.875,700.0,900.0,0.0,0.6500000000000005,0.10000000000000007,0.0,3137.0,0
1.0,7858.0,6276.0,4717.0,7851.5,6271.5,4714.5,7000.0,5000.0,3000.0,-11.625,0.5,-10.375,700.0,900.0,0.0,0.6510000000000005,0.10100000000000008,0.0,3141.0,0
1.0010000000000001,7864.0,6281.0,4722.0,7858.5,6276.5,4717.5,6000.0,5000.0,5000.0,-12.375,0.5,-9.625,700.0,900.0,0.0,0.6520000000000005,0.10200000000000008,0.0,3142.0,0
1.002,7871.0,6287.0,4725.0,7864.5,6281.5,4722.5,7000.0,6000.0,3000.0,-12.125,0.5,-10.875,700.0,900.0,0.0,0.6530000000000005,0.10300000000000008,0.0,3146.0,0
1.0030000000000001,7877.0,6292.0,4730.0,7871.5,6287.5,4725.5,6000.0,5000.0,5000.0,-11.625,0.5,-9.375,700.0,900.0,0.0,0.6540000000000005,0.10400000000000008,0.0,3147.0,0
1.004,7884.0,6297.0,4733.0,7877.5,6292.5,4730.5,7000.0,5000.0,3000.0,-11.375,0.5,-10.625,700.0,900.0,0.0,0.6550000000000005,0.10500000000000008,0.0,3151.0,0
1.0050000000000001,7890.0,6303.0,4738.0,7884.5,6297.5,4733.5,6000.0,6000.0,5000.0,-12.125,0.5,-9.875,700.0,900.0,0.0,0.6560000000000005,0.10600000000000008,0.0,3152.0,0
1.006,7897.0,6308.0,4741.0,7890.5,6303.5,4738.5,7000.0,5000.0,3000.0,-10.625,0.5,-10.375,700.0,900.0,0.0,0.6570000000000005,0.10700000000000008,0.0,3156.0,0
1.0070000000000001,7903.0,6313.0,4746.0,7897.5,6308.5,4741.5,6000.0,5000.0,5000.0,-11.375,0.5,-9.625,700.0,900.0,0.0,0.6580000000000005,0.10800000000000008,0.0,3157.0,0
1.008,7910.0,6319.0,4749.0,7903.5,6313.5,4746.5,7000.0,6000.0,3000.0,-11.125,0.5,-10.875,700.0,900.0,0.0,0.6590000000000005,0.10900000000000008,0.0,3161.0,0
1.0090000000000001,7916.0,6324.0,4753.0,7910.5,6319.5,4749.5,6000.0,5000.0,4000.0,-10.625,0.5,-9.375,700.0,900.0,0.0,0.6600000000000005,0.11000000000000008,0.0,3163.0,0
1.01,7923.0,6330.0,4758.0,7916.5,6324.5,4753.5,7000.0,6000.0,5000.0,-10.375,0.5,-9.625,700.0,900.0,0.0,0.6610000000000005,0.11100000000000008,0.0,3165.0,0
1.0110000000000001,7929.0,6335.0,4761.0,7923.5,6330.5,4758.5,6000.0,5000.0,3000.0,-9.875,0.5,-10.125,700.0,900.0,0.0,0.6620000000000005,0.11200000000000009,0.0,3168.0,0
1.012,7936.0,6340.0,4765.0,7929.5,6335.5,4761.5,7000.0,5000.0,4000.0,-9.625,0.5,-9.375,700.0,900.0,0.0,0.6630000000000005,0.11300000000000009,0.0,3171.0,0
1.0130000000000001,7943.0,6346.0,4770.0,7936.5,6340.5,4765.5,7000.0,6000.0,5000.0,-10.375,0.5,-9.625,700.0,900.0,0.0,0.6640000000000005,0.11400000000000009,0.0,3173.0,0
1.014,7950.0,6351.0,4773.0,7943.5,6346.5,4770.5,7000.0,5000.0,3000.0,-9.875,0.5,-10.125,700.0,900.0,0.0,0.6650000000000005,0.11500000000000009,0.0,3177.0,0
1.0150000000000001,7957.0,6356.0,4777.0,7950.5,6351.5,4773.5,7000.0,5000.0,4000.0,-10.625,0.5,-9.375,700.0,900.0,0.0,0.6660000000000005,0.11600000000000009,0.0,3180.0,0
1.016,7963.0,6362.0,4782.0,7957.5,6356.5,4777.5,6000.0,6000.0,5000.0,-11.375,0.5,-9.625,700.0,900.0,0.0,0.6670000000000005,0.11700000000000009,0.0,3181.0,0
1.0170000000000001,7970.0,6367.0,4785.0,7963.5,6362.5,4782.5,7000.0,5000.0,3000.0,-9.875,0.5,-10.125,700.0,900.0,0.0,0.6680000000000005,0.11800000000000009,0.0,3185.0,0
1.018,7976.0,6372.0,4789.0,7970.5,6367.5,4785.5,6000.0,5000.0,4000.0,-10.625,0.5,-9.375,700.0,900.0,0.0,0.6690000000000005,0.11900000000000009,0.0,3187.0,0
1.0190000000000001,7983.0,6378.0,4794.0,7976.5,6372.5,4789.5,7000.0,6000.0,5000.0,-10.375,0.5,-9.625,700.0,900.0,0.0,0.6700000000000005,0.12000000000000009,0.0,3189.0,0
1.02,7989.0,6383.0,4797.0,7983.5,6378.5,4794.5,6000.0,5000.0,3000.0,-9.875,0.5,-10.125,700.0,900.0,0.0,0.6710000000000005,0.1210000000000001,0.0,3192.0,0
1.0210000000000001,7996.0,6389.0,4801.0,7989.5,6383.5,4797.5,7000.0,6000.0,4000.0,-9.625,0.5,-9.375,700.0,900.0,0.0,0.6720000000000005,0.1220000000000001,0.0,3195.0,0
1.022,8003.0,6394.0,4805.0,7996.5,6389.5,4801.5,7000.0,5000.0,4000.0,-9.125,0.5,-8.875,700.0,900.0,0.0,0.6730000000000005,0.1230000000000001,0.0,3198.0,0
1.0230000000000001,8010.0,6399.0,4810.0,8003.5,6394.5,4805.5,7000.0,5000.0,5000.0,-9.875,0.5,-9.125,700.0,900.0,0.0,0.6740000000000005,0.1240000000000001,0.0,3200.0,0
1.024,8017.0,6405.0,4813.0,8010.5,6399.5,4810.5,7000.0,6000.0,3000.0,-10.625,0.5,-10.375,700.0,900.0,0.0,0.6750000000000005,0.12500000000000008,0.0,3204.0,0
1.025,8023.0,6410.0,4817.0,8017.5,6405.5,4813.5,6000.0,5000.0,4000.0,-10.125,0.5,-8.875,700.0,900.0,0.0,0.6760000000000005,0.12600000000000008,0.0,3206.0,0
1.026,8030.0,6415.0,4821.0,8023.5,6410.5,4817.5,7000.0,5000.0,4000.0,-9.875,0.5,-9.125,700.0,900.0,0.0,0.6770000000000005,0.12700000000000009,0.0,3209.0,0
1.027,8036.0,6421.0,4826.0,8030.5,6415.5,4821.5,6000.0,6000.0,5000.0,-10.625,0.5,-9.375,700.0,900.0,0.0,0.6780000000000005,0.12800000000000009,0.0,3210.0,0
1.028,8043.0,6426.0,4830.0,8036.5,6421.5,4826.5,7000.0,5000.0,4000.0,-9.125,0.5,-9.875,700.0,900.0,0.0,0.6790000000000005,0.1290000000000001,0.0,3213.0,0
1.029,8050.0,6431.0,4833.0,8043.5,6426.5,4830.5,7000.0,5000.0,3000.0,-9.875,0.5,-10.125,700.0,900.0,0.0,0.6800000000000005,0.1300000000000001,0.0,3217.0,0
1.03,8057.0,6437.0,4837.0,8050.5,6431.5,4833.5,7000.0,6000.0,4000.0,-10.625,0.5,-9.375,700.0,900.0,0.0,0.6810000000000005,0.1310000000000001,0.0,3220.0,0
1.031,8063.0,6442.0,4842.0,8057.5,6437.5,4837.5,6000.0,5000.0,5000.0,-10.125,0.5,-8.875,700.0,900.0,0.0,0.6820000000000005,0.1320000000000001,0.0,3221.0,0
1.032,8070.0,6447.0,4845.0,8063.5,6442.5,4842.5,7000.0,5000.0,3000.0,-9.875,0.5,-10.125,700.0,900.0,0.0,0.6830000000000005,0.1330000000000001,0.0,3225.0,0
1.033,8076.0,6453.0,4849.0,8070.5,6447.5,4845.5,6000.0,6000.0,4000.0,-10.625,0.5,-9.375,700.0,900.0,0.0,0.6840000000000005,0.1340000000000001,0.0,3227.0,0
1.034,8083.0,6458.0,4853.0,8076.5,6453.5,4849.5,7000.0,5000.0,4000.0,-9.125,0.5,-8.875,700.0,900.0,0.0,0.6850000000000005,0.1350000000000001,0.0,3230.0,0
1.035,8090.0,6464.0,4857.0,8083.5,6458.5,4853.5,7000.0,6000.0,4000.0,-9.875,0.5,-9.125,700.0,900.0,0.0,0.6860000000000005,0.1360000000000001,0.0,3233.0,0
1.036,8097.0,6469.0,4861.0,8090.5,6464.5,4857.5,7000.0,5000.0,4000.0,-9.375,0.5,-8.625,700.0,900.0,0.0,0.6870000000000005,0.1370000000000001,0.0,3236.0,0
1.037,8103.0,6474.0,4866.0,8097.5,6469.5,4861.5,6000.0,5000.0,5000.0,-10.125,0.5,-8.875,700.0,900.0,0.0,0.6880000000000005,0.1380000000000001,0.0,3237.0,0
1.038,8110.0,6480.0,4869.0,8103.5,6474.5,4866.5,7000.0,6000.0,3000.0,-9.875,0.5,-10.125,700.0,900.0,0.0,0.6890000000000005,0.1390000000000001,0.0,3241.0,0
1.039,8117.0,6485.0,4873.0,8110.5,6480.5,4869.5,7000.0,5000.0,4000.0,-9.375,0.5,-8.625,700.0,900.0,0.0,0.6900000000000005,0.1400000000000001,0.0,3244.0,0
1.04,8124.0,6490.0,4877.0,8117.5,6485.5,4873.5,7000.0,5000.0,4000.0,-10.125,0.5,-8.875,700.0,900.0,0.0,0.6910000000000005,0.1410000000000001,0.0,3247.0,0
1.041,8130.0,6496.0,4881.0,8124.5,6490.5,4877.5,6000.0,6000.0,4000.0,-10.875,0.5,-9.125,700.0,900.0,0.0,0.6920000000000005,0.1420000000000001,0.0,3249.0,0
1.042,8137.0,6501.0,4885.0,8130.5,6496.5,4881.5,7000.0,5000.0,4000.0,-9.375,0.5,-8.625,700.0,900.0,0.0,0.6930000000000005,0.1430000000000001,0.0,3252.0,0
1.043,8143.0,6506.0,4889.0,8137.5,6501.5,4885.5,6000.0,5000.0,4000.0,-10.125,0.5,-8.875,700.0,900.0,0.0,0.6940000000000005,0.1440000000000001,0.0,3254.0,0
1.044,8150.0,6512.0,4894.0,8143.5,6506.5,4889.5,7000.0,6000.0,5000.0,-9.875,0.5,-9.125,700.0,900.0,0.0,0.6950000000000005,0.1450000000000001,0.0,3256.0,0
1.045,8157.0,6517.0,4898.0,8150.5,6512.5,4894.5,7000.0,5000.0,4000.0,-9.375,0.5,-9.625,700.0,900.0,0.0,0.6960000000000005,0.1460000000000001,0.0,3259.0,0
1.046,8163.0,6523.0,4902.0,8157.5,6517.5,4898.5,6000.0,6000.0,4000.0,-10.125,0.5,-9.875,700.0,900.0,0.0,0.6970000000000005,0.1470000000000001,0.0,3261.0,0
1.047,8170.0,6528.0,4906.0,8163.5,6523.5,4902.5,7000.0,5000.0,4000.0,-8.625,0.5,-9.375,700.0,900.0,0.0,0.6980000000000005,0.1480000000000001,0.0,3264.0,0
1.048,8177.0,6533.0,4910.0,8170.5,6528.5,4906.5,7000.0,5000.0,4000.0,-9.375,0.5,-9.625,700.0,900.0,0.0,0.6990000000000005,0.1490000000000001,0.0,3267.0,0
1.049,8184.0,6539.0,4914.0,8177.5,6533.5,4910.5,7000.0,6000.0,4000.0,-10.125,0.5,-9.875,700.0,900.0,0.0,0.7000000000000005,0.1500000000000001,0.0,3270.0,0
1.05,8190.0,6544.0,4918.0,8184.5,6539.5,4914.5,6000.0,5000.0,4000.0,-9.625,0.5,-9.375,700.0,900.0,0.0,0.7010000000000005,0.1510000000000001,0.0,3272.0,0
1.051,8197.0,6549.0,4922.0,8190.5,6544.5,4918.5,7000.0,5000.0,4000.0,-9.375,0.5,-9.625,700.0,900.0,0.0,0.7020000000000005,0.1520000000000001,0.0,3275.0,0
1.052,8204.0,6555.0,4926.0,8197.5,6549.5,4922.5,7000.0,6000.0,4000.0,-10.125,0.5,-9.875,700.0,900.0,0.0,0.7030000000000005,0.1530000000000001,0.0,3278.0,0
1.053,8211.0,6560.0,4930.0,8204.5,6555.5,4926.5,7000.0,5000.0,4000.0,-9.625,0.5,-9.375,700.0,900.0,0.0,0.7040000000000005,0.1540000000000001,0.0,3281.0,0
1.054,8217.0,6565.0,4934.0,8211.5,6560.5,4930.5,6000.0,5000.0,4000.0,-10.375,0.5,-9.625,700.0,900.0,0.0,0.7050000000000005,0.1550000000000001,0.0,3283.0,0
1.055,8224.0,6571.0,4938.0,8217.5,6565.5,4934.5,7000.0,6000.0,4000.0,-10.125,0.5,-9.875,700.0,900.0,0.0,0.7060000000000005,0.1560000000000001,0.0,3286.0,0
1.056,8230.0,6576.0,4942.0,8224.5,6571.5,4938.5,6000.0,5000.0,4000.0,-9.625,0.5,-9.375,700.0,900.0,0.0,0.7070000000000005,0.1570000000000001,0.0,3288.0,0
1.057,8237.0,6582.0,4946.0,8230.5,6576.5,4942.5,7000.0,6000.0,4000.0,-9.375,0.5,-9.625,700.0,900.0,0.0,0.7080000000000005,0.1580000000000001,0.0,3291.0,0
1.058,8244.0,6587.0,4950.0,8237.5,6582.5,4946.5,7000.0,5000.0,4000.0,-8.875,0.5,-9.125,700.0,900.0,0.0,0.7090000000000005,0.1590000000000001,0.0,3294.0,0
1.059,8251.0,6592.0,4954.0,8244.5,6587.5,4950.5,7000.0,5000.0,4000.0,-9.625,0.5,-9.375,700.0,900.0,0.0,0.7100000000000005,0.16000000000000011,0.0,3297.0,0
1.06,8257.0,6598.0,4958.0,8251.5,6592.5,4954.5,6000.0,6000.0,4000.0,-10.375,0.5,-9.625,700.0,900.0,0.0,0.7110000000000005,0.16100000000000012,0.0,3299.0,0
1.061,8264.0,6603.0,4962.0,8257.5,6598.5,4958.5,7000.0,5000.0,4000.0,-8.875,0.5,-9.125,700.0,900.0,0.0,0.7120000000000005,0.16200000000000012,0.0,3302.0,0
1.062,8271.0,6608.0,4966.0,8264.5,6603.5,4962.5,7000.0,5000.0,4000.0,-9.625,0.5,-9.375,700.0,900.0,0.0,0.7130000000000005,0.16300000000000012,0.0,3305.0,0
1.063,8277.0,6614.0,4970.0,8271.5,6608.5,4966.5,6000.0,6000.0,4000.0,-10.375,0.5,-9.625,700.0,900.0,0.0,0.7140000000000005,0.16400000000000012,0.0,3307.0,0
1.064,8284.0,6619.0,4974.0,8277.5,6614.5,4970.5,7000.0,5000.0,4000.0,-8.875,0.5,-9.125,700.0,900.0,0.0,0.7150000000000005,0.16500000000000012,0.0,3310.0,0
1.065,8291.0,6624.0,4978.0,8284.5,6619.5,4974.5,7000.0,5000.0,4000.0,-9.625,0.5,-9.375,700.0,900.0,0.0,0.7160000000000005,0.16600000000000012,0.0,3313.0,0
1.066,8297.0,6630.0,4982.0,8291.5,6624.5,4978.5,6000.0,6000.0,4000.0,-10.375,0.5,-9.625,700.0,900.0,0.0,0.7170000000000005,0.16700000000000012,0.0,3315.0,0
1.067,8304.0,6635.0,4986.0,8297.5,6630.5,4982.5,7000.0,5000.0,4000.0,-8.875,0.5,-9.125,700.0,900.0,0.0,0.7180000000000005,0.16800000000000012,0.0,3318.0,0
1.068,8311.0,6640.0,4990.0,8304.5,6635.5,4986.5,7000.0,5000.0,4000.0,-9.625,0.5,-9.375,700.0,900.0,0.0,0.7190000000000005,0.16900000000000012,0.0,3321.0,0
1.069,8318.0,6646.0,4994.0,8311.5,6640.5,4990.5,7000.0,6000.0,4000.0,-10.375,0.5,-9.625,700.0,900.0,0.0,0.7200000000000005,0.17000000000000012,0.0,3324.0,0
1.07,8324.0,6651.0,4998.0,8318.5,6646.5,4994.5,6000.0,5000.0,4000.0,-9.875,0.5,-9.125,700.0,900.0,0.0,0.7210000000000005,0.17100000000000012,0.0,3326.0,0
1.071,8331.0,6657.0,5002.0,8324.5,6651.5,4998.5,7000.0,6000.0,4000.0,-9.625,0.5,-9.375,700.0,900.0,0.0,0.7220000000000005,0.17200000000000013,0.0,3329.0,0
1.072,8338.0,6662.0,5006.0,8331.5,6657.5,5002.5,7000.0,5000.0,4000.0,-9.125,0.5,-8.875,700.0,900.0,0.0,0.7230000000000005,0.17300000000000013,0.0,3332.0,0
1.073,8345.0,6667.0,5010.0,8338.5,6662.5,5006.5,7000.0,5000.0,4000.0,-9.875,0.5,-9.125,700.0,900.0,0.0,0.7240000000000005,0.17400000000000013,0.0,3335.0,0
1.074,8351.0,6673.0,5014.0,8345.5,6667.5,5010.5,6000.0,6000.0,4000.0,-10.625,0.5,-9.375,700.0,900.0,0.0,0.7250000000000005,0.17500000000000013,0.0,3337.0,0
1.075,8358.0,6678.0,5018.0,8351.5,6673.5,5014.5,7000.0,5000.0,4000.0,-9.125,0.5,-8.875,700.0,900.0,0.0,0.7260000000000005,0.17600000000000013,0.0,3340.0,0
1.076,8365.0,6683.0,5022.0,8358.5,6678.5,5018.5,7000.0,5000.0,4000.0,-9.875,0.5,-9.125,700.0,900.0,0.0,0.7270000000000005,0.17700000000000013,0.0,3343.0,0
1.077,8371.0,6689.0,5026.0,8365.5,6683.5,5022.5,6000.0,6000.0,4000.0,-10.625,0.5,-9.375,700.0,900.0,0.0,0.7280000000000005,0.17800000000000013,0.0,3345.0,0
1.078,8378.0,6694.0,5030.0,8371.5,6689.5,5026.5,7000.0,5000.0,4000.0,-9.125,0.5,-8.875,700.0,900.0,0.0,0.7290000000000005,0.17900000000000013,0.0,3348.0,0
1.079,8385.0,6699.0,5035.0,8378.5,6694.5,5030.5,7000.0,5000.0,5000.0,-9.875,0.5,-9.125,700.0,900.0,0.0,0.7300000000000005,0.18000000000000013,0.0,3350.0,0
1.08,8391.0,6705.0,5038.0,8385.5,6699.5,5035.5,6000.0,6000.0,3000.0,-10.625,0.5,-10.375,700.0,900.0,0.0,0.7310000000000005,0.18100000000000013,0.0,3353.0,0
1.081,8398.0,6710.0,5042.0,8391.5,6705.5,5038.5,7000.0,5000.0,4000.0,-9.125,0.5,-8.875,700.0,900.0,0.0,0.7320000000000005,0.18200000000000013,0.0,3356.0,0
1.082,8405.0,6716.0,5046.0,8398.5,6710.5,5042.5,7000.0,6000.0,4000.0,-9.875,0.5,-9.125,700.0,900.0,0.0,0.7330000000000005,0.18300000000000013,0.0,3359.0,0
1.083,8412.0,6721.0,5050.0,8405.5,6716.5,5046.5,7000.0,5000.0,4000.0,-9.375,0.5,-8.625,700.0,900.0,0.0,0.7340000000000005,0.18400000000000014,0.0,3362.0,0
1.084,8418.0,6726.0,5054.0,8412.5,6721.5,5050.5,6000.0,5000.0,4000.0,-10.125,0.5,-8.875,700.0,900.0,0.0,0.7350000000000005,0.18500000000000014,0.0,3364.0,0
1.085,8425.0,6732.0,5058.0,8418.5,6726.5,5054.5,7000.0,6000.0,4000.0,-9.875,0.5,-9.125,700.0,900.0,0.0,0.7360000000000005,0.18600000000000014,0.0,3367.0,0
1.086,8432.0,6737.0,5062.0,8425.5,6732.5,5058.5,7000.0,5000.0,4000.0,-9.375,0.5,-8.625,700.0,900.0,0.0,0.7370000000000005,0.18700000000000014,0.0,3370.0,0
1.087,8438.0,6742.0,5066.0,8432.5,6737.5,5062.5,6000.0,5000.0,4000.0,-10.125,0.5,-8.875,700.0,900.0,0.0,0.7380000000000005,0.18800000000000014,0.0,3372.0,0
1.088,8445.0,6748.0,5071.0,8438.5,6742.5,5066.5,7000.0,6000.0,5000.0,-9.875,0.5,-9.125,700.0,900.0,0.0,0.7390000000000005,0.18900000000000014,0.0,3374.0,0
1.089,8452.0,6753.0,5075.0,8445.5,6748.5,5071.5,7000.0,5000.0,4000.0,-9.375,0.5,-9.625,700.0,900.0,0.0,0.7400000000000005,0.19000000000000014,0.0,3377.0,0
1.09,8458.0,6758.0,5079.0,8452.5,6753.5,5075.5,6000.0,5000.0,4000.0,-10.125,0.5,-9.875,700.0,900.0,0.0,0.7410000000000005,0.19100000000000014,0.0,3379.0,0
1.091,8465.0,6764.0,5082.0,8458.5,6758.5,5079.5,7000.0,6000.0,3000.0,-9.875,0.5,-10.125,700.0,900.0,0.0,0.7420000000000005,0.19200000000000014,0.0,3383.0,0
1.092,8472.0,6769.0,5086.0,8465.5,6764.5,5082.5,7000.0,5000.0,4000.0,-9.375,0.5,-8.625,700.0,900.0,0.0,0.7430000000000005,0.19300000000000014,0.0,3386.0,0
1.093,8478.0,6775.0,5090.0,8472.5,6769.5,5086.5,6000.0,6000.0,4000.0,-10.125,0.5,-8.875,700.0,900.0,0.0,0.7440000000000005,0.19400000000000014,0.0,3388.0,0
1.094,8485.0,6780.0,5094.0,8478.5,6775.5,5090.5,7000.0,5000.0,4000.0,-8.625,0.5,-8.375,700.0,900.0,0.0,0.7450000000000006,0.19500000000000015,0.0,3391.0,0
1.095,8492.0,6785.0,5098.0,8485.5,6780.5,5094.5,7000.0,5000.0,4000.0,-9.375,0.5,-8.625,700.0,900.0,0.0,0.7460000000000006,0.19600000000000015,0.0,3394.0,0
1.096,8498.0,6791.0,5102.0,8492.5,6785.5,5098.5,6000.0,6000.0,4000.0,-10.125,0.5,-8.875,700.0,900.0,0.0,0.7470000000000006,0.19700000000000015,0.0,3396.0,0
1.097,8505.0,6796.0,5106.0,8498.5,6791.5,5102.5,7000.0,5000.0,4000.0,-8.625,0.5,-8.375,700.0,900.0,0.0,0.7480000000000006,0.19800000000000015,0.0,3399.0,0
1.098,8512.0,6801.0,5111.0,8505.5,6796.5,5106.5,7000.0,5000.0,5000.0,-9.375,0.5,-8.625,700.0,900.0,0.0,0.7490000000000006,0.19900000000000015,0.0,3401.0,0
1.099,8518.0,6807.0,5115.0,8512.5,6801.5,5111.5,6000.0,6000.0,4000.0,-10.125,0.5,-9.875,700.0,900.0,0.0,0.7500000000000006,0.20000000000000015,0.0,3403.0,0
1.1,8525.0,6812.0,5119.0,8518.5,6807.5,5115.5,7000.0,5000.0,4000.0,-8.625,0.5,-9.375,700.0,900.0,0.0,0.7510000000000006,0.20100000000000015,0.0,3406.0,0
1.101,8531.0,6817.0,5123.0,8525.5,6812.5,5119.5,6000.0,5000.0,4000.0,-9.375,0.5,-9.625,700.0,900.0,0.0,0.7520000000000006,0.20200000000000015,0.0,3408.0,0
1.102,8538.0,6823.0,5127.0,8531.5,6817.5,5123.5,7000.0,6000.0,4000.0,-9.125,0.5,-9.875,700.0,900.0,0.0,0.7530000000000006,0.20300000000000015,0.0,3411.0,0
1.103,8545.0,6828.0,5131.0,8538.5,6823.5,5127.5,7000.0,5000.0,4000.0,-8.625,0.5,-9.375,700.0,900.0,0.0,0.7540000000000006,0.20400000000000015,0.0,3414.0,0
1.104,8552.0,6833.0,5135.0,8545.5,6828.5,5131.5,7000.0,5000.0,4000.0,-9.375,0.5,-9.625,700.0,900.0,0.0,0.7550000000000006,0.20500000000000015,0.0,3417.0,0
1.105,8558.0,6839.0,5139.0,8552.5,6833.5,5135.5,6000.0,6000.0,4000.0,-10.125,0.5,-9.875,700.0,900.0,0.0,0.7560000000000006,0.20600000000000016,0.0,3419.0,0
1.106,8565.0,6844.0,5143.0,8558.5,6839.5,5139.5,7000.0,5000.0,4000.0,-8.625,0.5,-9.375,700.0,900.0,0.0,0.7570000000000006,0.20700000000000016,0.0,3422.0,0
1.107,8571.0,6850.0,5147.0,8565.5,6844.5,5143.5,6000.0,6000.0,4000.0,-9.375,0.5,-9.625,700.0,900.0,0.0,0.7580000000000006,0.20800000000000016,0.0,3424.0,0
1.108,8578.0,6855.0,5151.0,8571.5,6850.5,5147.5,7000.0,5000.0,4000.0,-7.875,0.5,-9.125,700.0,900.0,0.0,0.7590000000000006,0.20900000000000016,0.0,3427.0,0
1.109,8585.0,6860.0,5155.0,8578.5,6855.5,5151.5,7000.0,5000.0,4000.0,-8.625,0.5,-9.375,700.0,900.0,0.0,0.7600000000000006,0.21000000000000016,0.0,3430.0,0
1.11,8592.0,6866.0,5159.0,8585.5,6860.5,5155.5,7000.0,6000.0,4000.0,-9.375,0.5,-9.625,700.0,900.0,0.0,0.7610000000000006,0.21100000000000016,0.0,3433.0,0
1.111,8598.0,6871.0,5163.0,8592.5,6866.5,5159.5,6000.0,5000.0,4000.0,-8.875,0.5,-9.125,700.0,900.0,0.0,0.7620000000000006,0.21200000000000016,0.0,3435.0,0
1.112,8605.0,6876.0,5167.0,8598.5,6871.5,5163.5,7000.0,5000.0,4000.0,-8.625,0.5,-9.375,700.0,900.0,0.0,0.7630000000000006,0.21300000000000016,0.0,3438.0,0
1.113,8612.0,6882.0,5171.0,8605.5,6876.5,5167.5,7000.0,6000.0,4000.0,-9.375,0.5,-9.625,700.0,900.0,0.0,0.7640000000000006,0.21400000000000016,0.0,3441.0,0
1.114,8618.0,6887.0,5175.0,8612.5,6882.5,5171.5,6000.0,5000.0,4000.0,-8.875,0.5,-9.125,700.0,900.0,0.0,0.7650000000000006,0.21500000000000016,0.0,3443.0,0
1.115,8625.0,6892.0,5179.0,8618.5,6887.5,5175.5,7000.0,5000.0,4000.0,-8.625,0.5,-9.375,700.0,900.0,0.0,0.7660000000000006,0.21600000000000016,0.0,3446.0,0
1.116,8632.0,6898.0,5183.0,8625.5,6892.5,5179.5,7000.0,6000.0,4000.0,-9.375,0.5,-9.625,700.0,900.0,0.0,0.7670000000000006,0.21700000000000016,0.0,3449.0,0
1.117,8639.0,6903.0,5187.0,8632.5,6898.5,5183.5,7000.0,5000.0,4000.0,-8.875,0.5,-9.125,700.0,900.0,0.0,0.7680000000000006,0.21800000000000017,0.0,3452.0,0
1.118,8645.0,6909.0,5191.0,8639.5,6903.5,5187.5,6000.0,6000.0,4000.0,-9.625,0.5,-9.375,700.0,900.0,0.0,0.7690000000000006,0.21900000000000017,0.0,3454.0,0
1.119,8652.0,6914.0,5195.0,8645.5,6909.5,5191.5,7000.0,5000.0,4000.0,-8.125,0.5,-8.875,700.0,900.0,0.0,0.7700000000000006,0.22000000000000017,0.0,3457.0,0
1.12,8659.0,6919.0,5199.0,8652.5,6914.5,5195.5,7000.0,5000.0,4000.0,-8.875,0.5,-9.125,700.0,900.0,0.0,0.7710000000000006,0.22100000000000017,0.0,3460.0,0
1.121,8665.0,6925.0,5203.0,8659.5,6919.5,5199.5,6000.0,6000.0,4000.0,-9.625,0.5,-9.375,700.0,900.0,0.0,0.7720000000000006,0.22200000000000017,0.0,3462.0,0
1.122,8672.0,6930.0,5207.0,8665.5,6925.5,5203.5,7000.0,5000.0,4000.0,-8.125,0.5,-8.875,700.0,900.0,0.0,0.7730000000000006,0.22300000000000017,0.0,3465.0,0
1.123,8679.0,6935.0,5211.0,8672.5,6930.5,5207.5,7000.0,5000.0,4000.0,-8.875,0.5,-9.125,700.0,900.0,0.0,0.7740000000000006,0.22400000000000017,0.0,3468.0,0
1.124,8685.0,6941.0,5215.0,8679.5,6935.5,5211.5,6000.0,6000.0,4000.0,-9.625,0.5,-9.375,700.0,900.0,0.0,0.7750000000000006,0.22500000000000017,0.0,3470.0,0
1.125,8692.0,6946.0,5219.0,8685.5,6941.5,5215.5,7000.0,5000.0,4000.0,-8.125,0.5,-8.875,700.0,900.0,0.0,0.7760000000000006,0.22600000000000017,0.0,3473.0,0
1.1260000000000001,8699.0,6951.0,5223.0,8692.5,6946.5,5219.5,7000.0,5000.0,4000.0,-8.875,0.5,-9.125,700.0,900.0,0.0,0.7770000000000006,0.22700000000000017,0.0,3476.0,0
1.127,8706.0,6957.0,5227.0,8699.5,6951.5,5223.5,7000.0,6000.0,4000.0,-9.625,0.5,-9.375,700.0,900.0,0.0,0.7780000000000006,0.22800000000000017,0.0,3479.0,0
1.1280000000000001,8712.0,6962.0,5231.0,8706.5,6957.5,5227.5,6000.0,5000.0,4000.0,-9.125,0.5,-8.875,700.0,900.0,0.0,0.7790000000000006,0.22900000000000018,0.0,3481.0,0
1.129,8719.0,6968.0,5235.0,8712.5,6962.5,5231.5,7000.0,6000.0,4000.0,-8.875,0.5,-9.125,700.0,900.0,0.0,0.7800000000000006,0.23000000000000018,0.0,3484.0,0
1.1300000000000001,8726.0,6973.0,5239.0,8719.5,6968.5,5235.5,7000.0,5000.0,4000.0,-8.375,0.5,-8.625,700.0,900.0,0.0,0.7810000000000006,0.23100000000000018,0.0,3487.0,0
1.131,8732.0,6978.0,5243.0,8726.5,6973.5,5239.5,6000.0,5000.0,4000.0,-9.125,0.5,-8.875,700.0,900.0,0.0,0.7820000000000006,0.23200000000000018,0.0,3489.0,0
1.1320000000000001,8739.0,6984.0,5247.0,8732.5,6978.5,5243.5,7000.0,6000.0,4000.0,-8.875,0.5,-9.125,700.0,900.0,0.0,0.7830000000000006,0.23300000000000018,0.0,3492.0,0
1.133,8746.0,6989.0,5251.0,8739.5,6984.5,5247.5,7000.0,5000.0,4000.0,-8.375,0.5,-8.625,700.0,900.0,0.0,0.7840000000000006,0.23400000000000018,0.0,3495.0,0
1.1340000000000001,8752.0,6994.0,5255.0,8746.5,6989.5,5251.5,6000.0,5000.0,4000.0,-9.125,0.5,-8.875,700.0,900.0,0.0,0.7850000000000006,0.23500000000000018,0.0,3497.0,0
1.135,8759.0,7000.0,5259.0,8752.5,6994.5,5255.5,7000.0,6000.0,4000.0,-8.875,0.5,-9.125,700.0,900.0,0.0,0.7860000000000006,0.23600000000000018,0.0,3500.0,0
1.1360000000000001,8766.0,7005.0,5263.0,8759.5,7000.5,5259.5,7000.0,5000.0,4000.0,-8.375,0.5,-8.625,700.0,900.0,0.0,0.7870000000000006,0.23700000000000018,0.0,3503.0,0
1.137,8773.0,7010.0,5267.0,8766.5,7005.5,5263.5,7000.0,5000.0,4000.0,-9.125,0.5,-8.875,700.0,900.0,0.0,0.7880000000000006,0.23800000000000018,0.0,3506.0,0
1.1380000000000001,8779.0,7016.0,5271.0,8773.5,7010.5,5267.5,6000.0,6000.0,4000.0,-9.875,0.5,-9.125,700.0,900.0,0.0,0.7890000000000006,0.23900000000000018,0.0,3508.0,0
1.139,8786.0,7021.0,5275.0,8779.5,7016.5,5271.5,7000.0,5000.0,4000.0,-8.375,0.5,-8.625,700.0,900.0,0.0,0.7900000000000006,0.24000000000000019,0.0,3511.0,0
1.1400000000000001,8793.0,7026.0,5279.0,8786.5,7021.5,5275.5,7000.0,5000.0,4000.0,-9.125,0.5,-8.875,700.0,900.0,0.0,0.7910000000000006,0.2410000000000002,0.0,3514.0,0
1.141,8799.0,7032.0,5283.0,8793.5,7026.5,5279.5,6000.0,6000.0,4000.0,-9.875,0.5,-9.125,700.0,900.0,0.0,0.7920000000000006,0.2420000000000002,0.0,3516.0,0
1.1420000000000001,8806.0,7037.0,5287.0,8799.5,7032.5,5283.5,7000.0,5000.0,4000.0,-8.375,0.5,-8.625,700.0,900.0,0.0,0.7930000000000006,0.2430000000000002,0.0,3519.0,0
1.143,8813.0,7043.0,5291.0,8806.5,7037.5,5287.5,7000.0,6000.0,4000.0,-9.125,0.5,-8.875,700.0,900.0,0.0,0.7940000000000006,0.2440000000000002,0.0,3522.0,0
1.1440000000000001,8819.0,7048.0,5295.0,8813.5,7043.5,5291.5,6000.0,5000.0,4000.0,-8.625,0.5,-8.375,700.0,900.0,0.0,0.7950000000000006,0.2450000000000002,0.0,3524.0,0
1.145,8826.0,7053.0,5299.0,8819.5,7048.5,5295.5,7000.0,5000.0,4000.0,-8.375,0.5,-8.625,700.0,900.0,0.0,0.7960000000000006,0.2460000000000002,0.0,3527.0,0
1.1460000000000001,8833.0,7059.0,5303.0,8826.5,7053.5,5299.5,7000.0,6000.0,4000.0,-9.125,0.5,-8.875,700.0,900.0,0.0,0.7970000000000006,0.2470000000000002,0.0,3530.0,0
1.147,8840.0,7064.0,5307.0,8833.5,7059.5,5303.5,7000.0,5000.0,4000.0,-8.625,0.5,-8.375,700.0,900.0,0.0,0.7980000000000006,0.2480000000000002,0.0,3533.0,0
1.1480000000000001,8846.0,7069.0,5311.0,8840.5,7064.5,5307.5,6000.0,5000.0,4000.0,-9.375,0.5,-8.625,700.0,900.0,0.0,0.7990000000000006,0.2490000000000002,0.0,3535.0,0
1.149,8853.0,7075.0,5315.0,8846.5,7069.5,5311.5,7000.0,6000.0,4000.0,-9.125,0.5,-8.875,700.0,900.0,0.0,0.8000000000000006,0.25000000000000017,0.0,3538.0,0
1.1500000000000001,8860.0,7080.0,5319.0,8853.5,7075.5,5315.5,7000.0,5000.0,4000.0,-8.625,0.5,-8.375,700.0,900.0,0.0,0.8010000000000006,0.25100000000000017,0.0,3541.0,0
1.151,8866.0,7085.0,5323.0,8860.5,7080.5,5319.5,6000.0,5000.0,4000.0,-9.375,0.5,-8.625,700.0,900.0,0.0,0.8020000000000006,0.25200000000000017,0.0,3543.0,0
1.1520000000000001,8873.0,7091.0,5327.0,8866.5,7085.5,5323.5,7000.0,6000.0,4000.0,-9.125,0.5,-8.875,700.0,900.0,0.0,0.8030000000000006,0.25300000000000017,0.0,3546.0,0
1.153,8880.0,7096.0,5331.0,8873.5,7091.5,5327.5,7000.0,5000.0,4000.0,-8.625,0.5,-8.375,700.0,900.0,0.0,0.8040000000000006,0.25400000000000017,0.0,3549.0,0
1.154,8886.0,7102.0,5335.0,8880.5,7096.5,5331.5,6000.0,6000.0,4000.0,-9.375,0.5,-8.625,700.0,900.0,0.0,0.8050000000000006,0.25500000000000017,0.0,3551.0,0
1.155,8893.0,7107.0,5339.0,8886.5,7102.5,5335.5,7000.0,5000.0,4000.0,-7.875,0.5,-8.125,700.0,900.0,0.0,0.8060000000000006,0.25600000000000017,0.0,3554.0,0
1.156,8900.0,7112.0,5343.0,8893.5,7107.5,5339.5,7000.0,5000.0,4000.0,-8.625,0.5,-8.375,700.0,900.0,0.0,0.8070000000000006,0.2570000000000002,0.0,3557.0,0
1.157,8907.0,7118.0,5347.0,8900.5,7112.5,5343.5,7000.0,6000.0,4000.0,-9.375,0.5,-8.625,700.0,900.0,0.0,0.8080000000000006,0.2580000000000002,0.0,3560.0,0
1.158,8913.0,7123.0,5352.0,8907.5,7118.5,5347.5,6000.0,5000.0,5000.0,-8.875,0.5,-8.125,700.0,900.0,0.0,0.8090000000000006,0.2590000000000002,0.0,3561.0,0
1.159,8920.0,7128.0,5356.0,8913.5,7123.5,5352.5,7000.0,5000.0,4000.0,-8.625,0.5,-9.375,700.0,900.0,0.0,0.8100000000000006,0.2600000000000002,0.0,3564.0,0
1.16,8927.0,7134.0,5360.0,8920.5,7128.5,5356.5,7000.0,6000.0,4000.0,-9.375,0.5,-9.625,700.0,900.0,0.0,0.8110000000000006,0.2610000000000002,0.0,3567.0,0
1.161,8933.0,7139.0,5364.0,8927.5,7134.5,5360.5,6000.0,5000.0,4000.0,-8.875,0.5,-9.125,700.0,900.0,0.0,0.8120000000000006,0.2620000000000002,0.0,3569.0,0
1.162,8940.0,7144.0,5368.0,8933.5,7139.5,5364.5,7000.0,5000.0,4000.0,-8.625,0.5,-9.375,700.0,900.0,0.0,0.8130000000000006,0.2630000000000002,0.0,3572.0,0
1.163,8947.0,7150.0,5372.0,8940.5,7144.5,5368.5,7000.0,6000.0,4000.0,-9.375,0.5,-9.625,700.0,900.0,0.0,0.8140000000000006,0.2640000000000002,0.0,3575.0,0
1.164,8953.0,7155.0,5376.0,8947.5,7150.5,5372.5,6000.0,5000.0,4000.0,-8.875,0.5,-9.125,700.0,900.0,0.0,0.8150000000000006,0.2650000000000002,0.0,3577.0,0
1.165,8960.0,7161.0,5380.0,8953.5,7155.5,5376.5,7000.0,6000.0,4000.0,-8.625,0.5,-9.375,700.0,900.0,0.0,0.8160000000000006,0.2660000000000002,0.0,3580.0,0
1.166,8967.0,7166.0,5384.0,8960.5,7161.5,5380.5,7000.0,5000.0,4000.0,-8.125,0.5,-8.875,700.0,900.0,0.0,0.8170000000000006,0.2670000000000002,0.0,3583.0,0
1.167,8974.0,7171.0,5388.0,8967.5,7166.5,5384.5,7000.0,5000.0,4000.0,-8.875,0.5,-9.125,700.0,900.0,0.0,0.8180000000000006,0.2680000000000002,0.0,3586.0,0
1.168,8980.0,7177.0,5392.0,8974.5,7171.5,5388.5,6000.0,6000.0,4000.0,-9.625,0.5,-9.375,700.0,900.0,0.0,0.8190000000000006,0.2690000000000002,0.0,3588.0,0
1.169,8987.0,7182.0,5396.0,8980.5,7177.5,5392.5,7000.0,5000.0,4000.0,-8.125,0.5,-8.875,700.0,900.0,0.0,0.8200000000000006,0.2700000000000002,0.0,3591.0,0
1.17,8994.0,7187.0,5400.0,8987.5,7182.5,5396.5,7000.0,5000.0,4000.0,-8.875,0.5,-9.125,700.0,900.0,0.0,0.8210000000000006,0.2710000000000002,0.0,3594.0,0
1.171,9000.0,7193.0,5404.0,8994.5,7187.5,5400.5,6000.0,6000.0,4000.0,-9.625,0.5,-9.375,700.0,900.0,0.0,0.8220000000000006,0.2720000000000002,0.0,3596.0,0
1.172,9007.0,7198.0,5408.0,9000.5,7193.5,5404.5,7000.0,5000.0,4000.0,-8.125,0.5,-8.875,700.0,900.0,0.0,0.8230000000000006,0.2730000000000002,0.0,3599.0,0
1.173,9014.0,7203.0,5412.0,9007.5,7198.5,5408.5,7000.0,5000.0,4000.0,-8.875,0.5,-9.125,700.0,900.0,0.0,0.8240000000000006,0.2740000000000002,0.0,3602.0,0
1.174,9020.0,7209.0,5416.0,9014.5,7203.5,5412.5,6000.0,6000.0,4000.0,-9.625,0.5,-9.375,700.0,900.0,0.0,0.8250000000000006,0.2750000000000002,0.0,3604.0,0
1.175,9027.0,7214.0,5420.0,9020.5,7209.5,5416.5,7000.0,5000.0,4000.0,-8.125,0.5,-8.875,700.0,900.0,0.0,0.8260000000000006,0.2760000000000002,0.0,3607.0,0
1.176,9034.0,7219.0,5424.0,9027.5,7214.5,5420.5,7000.0,5000.0,4000.0,-8.875,0.5,-9.125,700.0,900.0,0.0,0.8270000000000006,0.2770000000000002,0.0,3610.0,0
1.177,9041.0,7225.0,5428.0,9034.5,7219.5,5424.5,7000.0,6000.0,4000.0,-9.625,0.5,-9.375,700.0,900.0,0.0,0.8280000000000006,0.2780000000000002,0.0,3613.0,0
1.178,9047.0,7230.0,5432.0,9041.5,7225.5,5428.5,6000.0,5000.0,4000.0,-9.125,0.5,-8.875,700.0,900.0,0.0,0.8290000000000006,0.2790000000000002,0.0,3615.0,0
1.179,9054.0,7236.0,5436.0,9047.5,7230.5,5432.5,7000.0,6000.0,4000.0,-8.875,0.5,-9.125,700.0,900.0,0.0,0.8300000000000006,0.2800000000000002,0.0,3618.0,0
1.18,9061.0,7241.0,5440.0,9054.5,7236.5,5436.5,7000.0,5000.0,4000.0,-8.375,0.5,-8.625,700.0,900.0,0.0,0.8310000000000006,0.2810000000000002,0.0,3621.0,0
1.181,9067.0,7246.0,5444.0,9061.5,7241.5,5440.5,6000.0,5000.0,4000.0,-9.125,0.5,-8.875,700.0,900.0,0.0,0.8320000000000006,0.2820000000000002,0.0,3623.0,0
1.182,9074.0,7252.0,5448.0,9067.5,7246.5,5444.5,7000.0,6000.0,4000.0,-8.875,0.5,-9.125,700.0,900.0,0.0,0.8330000000000006,0.2830000000000002,0.0,3626.0,0
1.183,9081.0,7257.0,5452.0,9074.5,7252.5,5448.5,7000.0,5000.0,4000.0,-8.375,0.5,-8.625,700.0,900.0,0.0,0.8340000000000006,0.2840000000000002,0.0,3629.0,0
1.184,9088.0,7262.0,5456.0,9081.5,7257.5,5452.5,7000.0,5000.0,4000.0,-9.125,0.5,-8.875,700.0,900.0,0.0,0.8350000000000006,0.2850000000000002,0.0,3632.0,0
1.185,9094.0,7268.0,5460.0,9088.5,7262.5,5456.5,6000.0,6000.0,4000.0,-9.875,0.5,-9.125,700.0,900.0,0.0,0.8360000000000006,0.2860000000000002,0.0,3634.0,0
1.186,9101.0,7273.0,5464.0,9094.5,7268.5,5460.5,7000.0,5000.0,4000.0,-8.375,0.5,-8.625,700.0,900.0,0.0,0.8370000000000006,0.2870000000000002,0.0,3637.0,0
1.187,9108.0,7278.0,5468.0,9101.5,7273.5,5464.5,7000.0,5000.0,4000.0,-9.125,0.5,-8.875,700.0,900.0,0.0,0.8380000000000006,0.2880000000000002,0.0,3640.0,0
1.188,9114.0,7284.0,5472.0,9108.5,7278.5,5468.5,6000.0,6000.0,4000.0,-9.875,0.5,-9.125,700.0,900.0,0.0,0.8390000000000006,0.2890000000000002,0.0,3642.0,0
1.189,9121.0,7289.0,5476.0,9114.5,7284.5,5472.5,7000.0,5000.0,4000.0,-8.375,0.5,-8.625,700.0,900.0,0.0,0.8400000000000006,0.2900000000000002,0.0,3645.0,0
1.19,9128.0,7295.0,5480.0,9121.5,7289.5,5476.5,7000.0,6000.0,4000.0,-9.125,0.5,-8.875,700.0,900.0,0.0,0.8410000000000006,0.2910000000000002,0.0,3648.0,0
1.191,9134.0,7300.0,5484.0,9128.5,7295.5,5480.5,6000.0,5000.0,4000.0,-8.625,0.5,-8.375,700.0,900.0,0.0,0.8420000000000006,0.2920000000000002,0.0,3650.0,0
1.192,9141.0,7305.0,5488.0,9134.5,7300.5,5484.5,7000.0,5000.0,4000.0,-8.375,0.5,-8.625,700.0,900.0,0.0,0.8430000000000006,0.2930000000000002,0.0,3653.0,0
1.193,9148.0,7311.0,5492.0,9141.5,7305.5,5488.5,7000.0,6000.0,4000.0,-9.125,0.5,-8.875,700.0,900.0,0.0,0.8440000000000006,0.2940000000000002,0.0,3656.0,0
1.194,9155.0,7316.0,5496.0,9148.5,7311.5,5492.5,7000.0,5000.0,4000.0,-8.625,0.5,-8.375,700.0,900.0,0.0,0.8450000000000006,0.2950000000000002,0.0,3659.0,0
1.195,9161.0,7321.0,5500.0,9155.5,7316.5,5496.5,6000.0,5000.0,4000.0,-9.375,0.5,-8.625,700.0,900.0,0.0,0.8460000000000006,0.2960000000000002,0.0,3661.0,0
1.196,9168.0,7327.0,5504.0,9161.5,7321.5,5500.5,7000.0,6000.0,4000.0,-9.125,0.5,-8.875,700.0,900.0,0.0,0.8470000000000006,0.2970000000000002,0.0,3664.0,0
1.197,9175.0,7332.0,5508.0,9168.5,7327.5,5504.5,7000.0,5000.0,4000.0,-8.625,0.5,-8.375,700.0,900.0,0.0,0.8480000000000006,0.2980000000000002,0.0,3667.0,0
1.198,9181.0,7337.0,5512.0,9175.5,7332.5,5508.5,6000.0,5000.0,4000.0,-9.375,0.5,-8.625,700.0,900.0,0.0,0.8490000000000006,0.2990000000000002,0.0,3669.0,0
1.199,9188.0,7343.0,5516.0,9181.5,7337.5,5512.5,7000.0,6000.0,4000.0,-9.125,0.5,-8.875,700.0,900.0,0.0,0.8500000000000006,0.3000000000000002,0.0,3672.0,0
1.2,9195.0,7348.0,5520.0,9188.5,7343.5,5516.5,7000.0,5000.0,4000.0,-8.625,0.5,-8.375,700.0,900.0,0.0,0.8510000000000006,0.3010000000000002,0.0,3675.0,0
1.201,9201.0,7354.0,5524.0,9195.5,7348.5,5520.5,6000.0,6000.0,4000.0,-9.375,0.5,-8.625,700.0,900.0,0.0,0.8520000000000006,0.3020000000000002,0.0,3677.0,0
1.202,9208.0,7359.0,5528.0,9201.5,7354.5,5524.5,7000.0,5000.0,4000.0,-7.875,0.5,-8.125,700.0,900.0,0.0,0.8530000000000006,0.3030000000000002,0.0,3680.0,0
1.203,9215.0,7364.0,5532.0,9208.5,7359.5,5528.5,7000.0,5000.0,4000.0,-8.625,0.5,-8.375,700.0,900.0,0.0,0.8540000000000006,0.3040000000000002,0.0,3683.0,0
1.204,9222.0,7370.0,5536.0,9215.5,7364.5,5532.5,7000.0,6000.0,4000.0,-9.375,0.5,-8.625,700.0,900.0,0.0,0.8550000000000006,0.3050000000000002,0.0,3686.0,0
1.205,9228.0,7375.0,5540.0,9222.5,7370.5,5536.5,6000.0,5000.0,4000.0,-8.875,0.5,-8.125,700.0,900.0,0.0,0.8560000000000006,0.3060000000000002,0.0,3688.0,0
1.206,9235.0,7380.0,5544.0,9228.5,7375.5,5540.5,7000.0,5000.0,4000.0,-8.625,0.5,-8.375,700.0,900.0,0.0,0.8570000000000007,0.3070000000000002,0.0,3691.0,0
1.207,9242.0,7386.0,5548.0,9235.5,7380.5,5544.5,7000.0,6000.0,4000.0,-9.375,0.5,-8.625,700.0,900.0,0.0,0.8580000000000007,0.3080000000000002,0.0,3694.0,0
1.208,9248.0,7391.0,5552.0,9242.5,7386.5,5548.5,6000.0,5000.0,4000.0,-8.875,0.5,-8.125,700.0,900.0,0.0,0.8590000000000007,0.3090000000000002,0.0,3696.0,0
1.209,9255.0,7396.0,5556.0,9248.5,7391.5,5552.5,7000.0,5000.0,4000.0,-8.625,0.5,-8.375,700.0,900.0,0.0,0.8600000000000007,0.3100000000000002,0.0,3699.0,0
1.21,9262.0,7402.0,5560.0,9255.5,7396.5,5556.5,7000.0,6000.0,4000.0,-9.375,0.5,-8.625,700.0,900.0,0.0,0.8610000000000007,0.3110000000000002,0.0,3702.0,0
1.211,9268.0,7407.0,5564.0,9262.5,7402.5,5560.5,6000.0,5000.0,4000.0,-8.875,0.5,-8.125,700.0,900.0,0.0,0.8620000000000007,0.3120000000000002,0.0,3704.0,0
1.212,9275.0,7412.0,5568.0,9268.5,7407.5,5564.5,7000.0,5000.0,4000.0,-8.625,0.5,-8.375,700.0,900.0,0.0,0.8630000000000007,0.3130000000000002,0.0,3707.0,0
1.213,9282.0,7418.0,5572.0,9275.5,7412.5,5568.5,7000.0,6000.0,4000.0,-9.375,0.5,-8.625,700.0,900.0,0.0,0.8640000000000007,0.3140000000000002,0.0,3710.0,0
1.214,9289.0,7423.0,5576.0,9282.5,7418.5,5572.5,7000.0,5000.0,4000.0,-8.875,0.5,-8.125,700.0,900.0,0.0,0.8650000000000007,0.3150000000000002,0.0,3713.0,0
1.215,9295.0,7429.0,5580.0,9289.5,7423.5,5576.5,6000.0,6000.0,4000.0,-9.625,0.5,-8.375,700.0,900.0,0.0,0.8660000000000007,0.3160000000000002,0.0,3715.0,0
1.216,9302.0,7434.0,5584.0,9295.5,7429.5,5580.5,7000.0,5000.0,4000.0,-8.125,0.5,-7.875,700.0,900.0,0.0,0.8670000000000007,0.3170000000000002,0.0,3718.0,0
1.217,9309.0,7439.0,5588.0,9302.5,7434.5,5584.5,7000.0,5000.0,4000.0,-8.875,0.5,-8.125,700.0,900.0,0.0,0.8680000000000007,0.3180000000000002,0.0,3721.0,0
1.218,9315.0,7445.0,5593.0,9309.5,7439.5,5588.5,6000.0,6000.0,5000.0,-9.625,0.5,-8.375,700.0,900.0,0.0,0.8690000000000007,0.31900000000000023,0.0,3722.0,0
1.219,9322.0,7450.0,5597.0,9315.5,7445.5,5593.5,7000.0,5000.0,4000.0,-8.125,0.5,-8.875,700.0,900.0,0.0,0.8700000000000007,0.32000000000000023,0.0,3725.0,0
1.22,9329.0,7455.0,5601.0,9322.5,7450.5,5597.5,7000.0,5000.0,4000.0,-8.875,0.5,-9.125,700.0,900.0,0.0,0.8710000000000007,0.32100000000000023,0.0,3728.0,0
1.221,9335.0,7461.0,5605.0,9329.5,7455.5,5601.5,6000.0,6000.0,4000.0,-9.625,0.5,-9.375,700.0,900.0,0.0,0.8720000000000007,0.32200000000000023,0.0,3730.0,0
1.222,9342.0,7466.0,5609.0,9335.5,7461.5,5605.5,7000.0,5000.0,4000.0,-8.125,0.5,-8.875,700.0,900.0,0.0,0.8730000000000007,0.32300000000000023,0.0,3733.0,0
1.223,9349.0,7471.0,5613.0,9342.5,7466.5,5609.5,7000.0,5000.0,4000.0,-8.875,0.5,-9.125,700.0,900.0,0.0,0.8740000000000007,0.32400000000000023,0.0,3736.0,0
1.224,9356.0,7477.0,5617.0,9349.5,7471.5,5613.5,7000.0,6000.0,4000.0,-9.625,0.5,-9.375,700.0,900.0,0.0,0.8750000000000007,0.32500000000000023,0.0,3739.0,0
1.225,9362.0,7482.0,5621.0,9356.5,7477.5,5617.5,6000.0,5000.0,4000.0,-9.125,0.5,-8.875,700.0,900.0,0.0,0.8760000000000007,0.32600000000000023,0.0,3741.0,0
1.226,9369.0,7488.0,5625.0,9362.5,7482.5,5621.5,7000.0,6000.0,4000.0,-8.875,0.5,-9.125,700.0,900.0,0.0,0.8770000000000007,0.32700000000000023,0.0,3744.0,0
1.227,9376.0,7493.0,5629.0,9369.5,7488.5,5625.5,7000.0,5000.0,4000.0,-8.375,0.5,-8.625,700.0,900.0,0.0,0.8780000000000007,0.32800000000000024,0.0,3747.0,0
1.228,9382.0,7498.0,5633.0,9376.5,7493.5,5629.5,6000.0,5000.0,4000.0,-9.125,0.5,-8.875,700.0,900.0,0.0,0.8790000000000007,0.32900000000000024,0.0,3749.0,0
1.229,9389.0,7504.0,5637.0,9382.5,7498.5,5633.5,7000.0,6000.0,4000.0,-8.875,0.5,-9.125,700.0,900.0,0.0,0.8800000000000007,0.33000000000000024,0.0,3752.0,0
1.23,9396.0,7509.0,5641.0,9389.5,7504.5,5637.5,7000.0,5000.0,4000.0,-8.375,0.5,-8.625,700.0,900.0,0.0,0.8810000000000007,0.33100000000000024,0.0,3755.0,0
1.231,9402.0,7514.0,5645.0,9396.5,7509.5,5641.5,6000.0,5000.0,4000.0,-9.125,0.5,-8.875,700.0,900.0,0.0,0.8820000000000007,0.33200000000000024,0.0,3757.0,0
1.232,9409.0,7520.0,5649.0,9402.5,7514.5,5645.5,7000.0,6000.0,4000.0,-8.875,0.5,-9.125,700.0,900.0,0.0,0.8830000000000007,0.33300000000000024,0.0,3760.0,0
1.233,9416.0,7525.0,5653.0,9409.5,7520.5,5649.5,7000.0,5000.0,4000.0,-8.375,0.5,-8.625,700.0,900.0,0.0,0.8840000000000007,0.33400000000000024,0.0,3763.0,0
1.234,9423.0,7530.0,5657.0,9416.5,7525.5,5653.5,7000.0,5000.0,4000.0,-9.125,0.5,-8.875,700.0,900.0,0.0,0.8850000000000007,0.33500000000000024,0.0,3766.0,0
1.235,9429.0,7536.0,5661.0,9423.5,7530.5,5657.5,6000.0,6000.0,4000.0,-9.875,0.5,-9.125,700.0,900.0,0.0,0.8860000000000007,0.33600000000000024,0.0,3768.0,0
1.236,9436.0,7541.0,5665.0,9429.5,7536.5,5661.5,7000.0,5000.0,4000.0,-8.375,0.5,-8.625,700.0,900.0,0.0,0.8870000000000007,0.33700000000000024,0.0,3771.0,0
1.237,9443.0,7547.0,5669.0,9436.5,7541.5,5665.5,7000.0,6000.0,4000.0,-9.125,0.5,-8.875,700.0,900.0,0.0,0.8880000000000007,0.33800000000000024,0.0,3774.0,0
1.238,9449.0,7552.0,5673.0,9443.5,7547.5,5669.5,6000.0,5000.0,4000.0,-8.625,0.5,-8.375,700.0,900.0,0.0,0.8890000000000007,0.33900000000000025,0.0,3776.0,0
1.239,9456.0,7557.0,5677.0,9449.5,7552.5,5673.5,7000.0,5000.0,4000.0,-8.375,0.5,-8.625,700.0,900.0,0.0,0.8900000000000007,0.34000000000000025,0.0,3779.0,0
1.24,9463.0,7563.0,5681.0,9456.5,7557.5,5677.5,7000.0,6000.0,4000.0,-9.125,0.5,-8.875,700.0,900.0,0.0,0.8910000000000007,0.34100000000000025,0.0,3782.0,0
1.241,9470.0,7568.0,5685.0,9463.5,7563.5,5681.5,7000.0,5000.0,4000.0,-8.625,0.5,-8.375,700.0,900.0,0.0,0.8920000000000007,0.34200000000000025,0.0,3785.0,0
1.242,9476.0,7573.0,5689.0,9470.5,7568.5,5685.5,6000.0,5000.0,4000.0,-9.375,0.5,-8.625,700.0,900.0,0.0,0.8930000000000007,0.34300000000000025,0.0,3787.0,0
1.243,9483.0,7579.0,5693.0,9476.5,7573.5,5689.5,7000.0,6000.0,4000.0,-9.125,0.5,-8.875,700.0,900.0,0.0,0.8940000000000007,0.34400000000000025,0.0,3790.0,0
1.244,9490.0,7584.0,5697.0,9483.5,7579.5,5693.5,7000.0,5000.0,4000.0,-8.625,0.5,-8.375,700.0,900.0,0.0,0.8950000000000007,0.34500000000000025,0.0,3793.0,0
1.245,9496.0,7589.0,5701.0,9490.5,7584.5,5697.5,6000.0,5000.0,4000.0,-9.375,0.5,-8.625,700.0,900.0,0.0,0.8960000000000007,0.34600000000000025,0.0,3795.0,0
1.246,9503.0,7595.0,5705.0,9496.5,7589.5,5701.5,7000.0,6000.0,4000.0,-9.125,0.5,-8.875,700.0,900.0,0.0,0.8970000000000007,0.34700000000000025,0.0,3798.0,0
1.247,9510.0,7600.0,5709.0,9503.5,7595.5,5705.5,7000.0,5000.0,4000.0,-8.625,0.5,-8.375,700.0,900.0,0.0,0.8980000000000007,0.34800000000000025,0.0,3801.0,0
1.248,9516.0,7605.0,5713.0,9510.5,7600.5,5709.5,6000.0,5000.0,4000.0,-9.375,0.5,-8.625,700.0,900.0,0.0,0.8990000000000007,0.34900000000000025,0.0,3803.0,0
1.249,9523.0,7611.0,5717.0,9516.5,7605.5,5713.5,7000.0,6000.0,4000.0,-9.125,0.5,-8.875,700.0,900.0,0.0,0.9000000000000007,0.35000000000000026,0.0,3806.0,0
1.25,9530.0,7616.0,5721.0,9523.5,7611.5,5717.5,7000.0,5000.0,4000.0,-8.625,0.5,-8.375,700.0,900.0,0.0,0.9010000000000007,0.35100000000000026,0.0,3809.0,0
1.2510000000000001,9537.0,7622.0,5725.0,9530.5,7616.5,5721.5,7000.0,6000.0,4000.0,-9.375,0.5,-8.625,700.0,900.0,0.0,0.9020000000000007,0.35200000000000026,0.0,3812.0,0
1.252,9543.0,7627.0,5729.0,9537.5,7622.5,5725.5,6000.0,5000.0,4000.0,-8.875,0.5,-8.125,700.0,900.0,0.0,0.9030000000000007,0.35300000000000026,0.0,3814.0,0
1.2530000000000001,9550.0,7632.0,5733.0,9543.5,7627.5,5729.5,7000.0,5000.0,4000.0,-8.625,0.5,-8.375,700.0,900.0,0.0,0.9040000000000007,0.35400000000000026,0.0,3817.0,0
1.254,9557.0,7638.0,5737.0,9550.5,7632.5,5733.5,7000.0,6000.0,4000.0,-9.375,0.5,-8.625,700.0,900.0,0.0,0.9050000000000007,0.35500000000000026,0.0,3820.0,0
1.2550000000000001,9563.0,7643.0,5741.0,9557.5,7638.5,5737.5,6000.0,5000.0,4000.0,-8.875,0.5,-8.125,700.0,900.0,0.0,0.9060000000000007,0.35600000000000026,0.0,3822.0,0
1.256,9570.0,7648.0,5745.0,9563.5,7643.5,5741.5,7000.0,5000.0,4000.0,-8.625,0.5,-8.375,700.0,900.0,0.0,0.9070000000000007,0.35700000000000026,0.0,3825.0,0
1.2570000000000001,9577.0,7654.0,5749.0,9570.5,7648.5,5745.5,7000.0,6000.0,4000.0,-9.375,0.5,-8.625,700.0,900.0,0.0,0.9080000000000007,0.35800000000000026,0.0,3828.0,0
1.258,9583.0,7659.0,5753.0,9577.5,7654.5,5749.5,6000.0,5000.0,4000.0,-8.875,0.5,-8.125,700.0,900.0,0.0,0.9090000000000007,0.35900000000000026,0.0,3830.0,0
1.2590000000000001,9590.0,7664.0,5757.0,9583.5,7659.5,5753.5,7000.0,5000.0,4000.0,-8.625,0.5,-8.375,700.0,900.0,0.0,0.9100000000000007,0.36000000000000026,0.0,3833.0,0
1.26,9597.0,7670.0,5761.0,9590.5,7664.5,5757.5,7000.0,6000.0,4000.0,-9.375,0.5,-8.625,700.0,900.0,0.0,0.9110000000000007,0.36100000000000027,0.0,3836.0,0
1.2610000000000001,9604.0,7675.0,5765.0,9597.5,7670.5,5761.5,7000.0,5000.0,4000.0,-8.875,0.5,-8.125,700.0,900.0,0.0,0.9120000000000007,0.36200000000000027,0.0,3839.0,0
1.262,9610.0,7681.0,5769.0,9604.5,7675.5,5765.5,6000.0,6000.0,4000.0,-9.625,0.5,-8.375,700.0,900.0,0.0,0.9130000000000007,0.36300000000000027,0.0,3841.0,0
1.2630000000000001,9617.0,7686.0,5773.0,9610.5,7681.5,5769.5,7000.0,5000.0,4000.0,-8.125,0.5,-7.875,700.0,900.0,0.0,0.9140000000000007,0.36400000000000027,0.0,3844.0,0
1.264,9624.0,7691.0,5777.0,9617.5,7686.5,5773.5,7000.0,5000.0,4000.0,-8.875,0.5,-8.125,700.0,900.0,0.0,0.9150000000000007,0.36500000000000027,0.0,3847.0,0
1.2650000000000001,9630.0,7697.0,5781.0,9624.5,7691.5,5777.5,6000.0,6000.0,4000.0,-9.625,0.5,-8.375,700.0,900.0,0.0,0.9160000000000007,0.36600000000000027,0.0,3849.0,0
1.266,9637.0,7702.0,5785.0,9630.5,7697.5,5781.5,7000.0,5000.0,4000.0,-8.125,0.5,-7.875,700.0,900.0,0.0,0.9170000000000007,0.36700000000000027,0.0,3852.0,0
1.2670000000000001,9644.0,7707.0,5789.0,9637.5,7702.5,5785.5,7000.0,5000.0,4000.0,-8.875,0.5,-8.125,700.0,900.0,0.0,0.9180000000000007,0.36800000000000027,0.0,3855.0,0
1.268,9650.0,7713.0,5793.0,9644.5,7707.5,5789.5,6000.0,6000.0,4000.0,-9.625,0.5,-8.375,700.0,900.0,0.0,0.9190000000000007,0.36900000000000027,0.0,3857.0,0
1.2690000000000001,9657.0,7718.0,5797.0,9650.5,7713.5,5793.5,7000.0,5000.0,4000.0,-8.125,0.5,-7.875,700.0,900.0,0.0,0.9200000000000007,0.3700000000000003,0.0,3860.0,0
1.27,9664.0,7723.0,5801.0,9657.5,7718.5,5797.5,7000.0,5000.0,4000.0,-8.875,0.5,-8.125,700.0,900.0,0.0,0.9210000000000007,0.3710000000000003,0.0,3863.0,0
1.2710000000000001,9671.0,7729.0,5805.0,9664.5,7723.5,5801.5,7000.0,6000.0,4000.0,-9.625,0.5,-8.375,700.0,900.0,0.0,0.9220000000000007,0.3720000000000003,0.0,3866.0,0
1.272,9677.0,7734.0,5809.0,9671.5,7729.5,5805.5,6000.0,5000.0,4000.0,-9.125,0.5,-7.875,700.0,900.0,0.0,0.9230000000000007,0.3730000000000003,0.0,3868.0,0
1.2730000000000001,9684.0,7740.0,5813.0,9677.5,7734.5,5809.5,7000.0,6000.0,4000.0,-8.875,0.5,-8.125,700.0,900.0,0.0,0.9240000000000007,0.3740000000000003,0.0,3871.0,0
1.274,9691.0,7745.0,5817.0,9684.5,7740.5,5813.5,7000.0,5000.0,4000.0,-8.375,0.5,-7.625,700.0,900.0,0.0,0.9250000000000007,0.3750000000000003,0.0,3874.0,0
1.2750000000000001,9697.0,7750.0,5821.0,9691.5,7745.5,5817.5,6000.0,5000.0,4000.0,-9.125,0.5,-7.875,700.0,900.0,0.0,0.9260000000000007,0.3760000000000003,0.0,3876.0,0
1.276,9704.0,7756.0,5825.0,9697.5,7750.5,5821.5,7000.0,6000.0,4000.0,-8.875,0.5,-8.125,700.0,900.0,0.0,0.9270000000000007,0.3770000000000003,0.0,3879.0,0
1.2770000000000001,9711.0,7761.0,5829.0,9704.5,7756.5,5825.5,7000.0,5000.0,4000.0,-8.375,0.5,-7.625,700.0,900.0,0.0,0.9280000000000007,0.3780000000000003,0.0,3882.0,0
1.278,9717.0,7766.0,5834.0,9711.5,7761.5,5829.5,6000.0,5000.0,5000.0,-9.125,0.5,-7.875,700.0,900.0,0.0,0.9290000000000007,0.3790000000000003,0.0,3883.0,0
1.2790000000000001,9724.0,7772.0,5838.0,9717.5,7766.5,5834.5,7000.0,6000.0,4000.0,-8.875,0.5,-9.125,700.0,900.0,0.0,0.9300000000000007,0.3800000000000003,0.0,3886.0,0
1.28,9731.0,7777.0,5842.0,9724.5,7772.5,5838.5,7000.0,5000.0,4000.0,-8.375,0.5,-8.625,700.0,900.0,0.0,0.9310000000000007,0.3810000000000003,0.0,3889.0,0
1.281,9738.0,7782.0,5846.0,9731.5,7777.5,5842.5,7000.0,5000.0,4000.0,-9.125,0.5,-8.875,700.0,900.0,0.0,0.9320000000000007,0.3820000000000003,0.0,3892.0,0
1.282,9744.0,7788.0,5850.0,9738.5,7782.5,5846.5,6000.0,6000.0,4000.0,-9.875,0.5,-9.125,700.0,900.0,0.0,0.9330000000000007,0.3830000000000003,0.0,3894.0,0
1.283,9751.0,7793.0,5854.0,9744.5,7788.5,5850.5,7000.0,5000.0,4000.0,-8.375,0.5,-8.625,700.0,900.0,0.0,0.9340000000000007,0.3840000000000003,0.0,3897.0,0
1.284,9758.0,7798.0,5858.0,9751.5,7793.5,5854.5,7000.0,5000.0,4000.0,-9.125,0.5,-8.875,700.0,900.0,0.0,0.9350000000000007,0.3850000000000003,0.0,3900.0,0
1.285,9764.0,7804.0,5862.0,9758.5,7798.5,5858.5,6000.0,6000.0,4000.0,-9.875,0.5,-9.125,700.0,900.0,0.0,0.9360000000000007,0.3860000000000003,0.0,3902.0,0
1.286,9771.0,7809.0,5866.0,9764.5,7804.5,5862.5,7000.0,5000.0,4000.0,-8.375,0.5,-8.625,700.0,900.0,0.0,0.9370000000000007,0.3870000000000003,0.0,3905.0,0
1.287,9778.0,7815.0,5870.0,9771.5,7809.5,5866.5,7000.0,6000.0,4000.0,-9.125,0.5,-8.875,700.0,900.0,0.0,0.9380000000000007,0.3880000000000003,0.0,3908.0,0
1.288,9784.0,7820.0,5874.0,9778.5,7815.5,5870.5,6000.0,5000.0,4000.0,-8.625,0.5,-8.375,700.0,900.0,0.0,0.9390000000000007,0.3890000000000003,0.0,3910.0,0
1.289,9791.0,7825.0,5878.0,9784.5,7820.5,5874.5,7000.0,5000.0,4000.0,-8.375,0.5,-8.625,700.0,900.0,0.0,0.9400000000000007,0.3900000000000003,0.0,3913.0,0
1.29,9798.0,7831.0,5882.0,9791.5,7825.5,5878.5,7000.0,6000.0,4000.0,-9.125,0.5,-8.875,700.0,900.0,0.0,0.9410000000000007,0.3910000000000003,0.0,3916.0,0
1.291,9805.0,7836.0,5886.0,9798.5,7831.5,5882.5,7000.0,5000.0,4000.0,-8.625,0.5,-8.375,700.0,900.0,0.0,0.9420000000000007,0.3920000000000003,0.0,3919.0,0
1.292,9811.0,7841.0,5890.0,9805.5,7836.5,5886.5,6000.0,5000.0,4000.0,-9.375,0.5,-8.625,700.0,900.0,0.0,0.9430000000000007,0.3930000000000003,0.0,3921.0,0
1.293,9818.0,7847.0,5894.0,9811.5,7841.5,5890.5,7000.0,6000.0,4000.0,-9.125,0.5,-8.875,700.0,900.0,0.0,0.9440000000000007,0.3940000000000003,0.0,3924.0,0
1.294,9825.0,7852.0,5898.0,9818.5,7847.5,5894.5,7000.0,5000.0,4000.0,-8.625,0.5,-8.375,700.0,900.0,0.0,0.9450000000000007,0.3950000000000003,0.0,3927.0,0
1.295,9831.0,7857.0,5902.0,9825.5,7852.5,5898.5,6000.0,5000.0,4000.0,-9.375,0.5,-8.625,700.0,900.0,0.0,0.9460000000000007,0.3960000000000003,0.0,3929.0,0
1.296,9838.0,7863.0,5906.0,9831.5,7857.5,5902.5,7000.0,6000.0,4000.0,-9.125,0.5,-8.875,700.0,900.0,0.0,0.9470000000000007,0.3970000000000003,0.0,3932.0,0
1.297,9845.0,7868.0,5910.0,9838.5,7863.5,5906.5,7000.0,5000.0,4000.0,-8.625,0.5,-8.375,700.0,900.0,0.0,0.9480000000000007,0.3980000000000003,0.0,3935.0,0
1.298,9851.0,7874.0,5914.0,9845.5,7868.5,5910.5,6000.0,6000.0,4000.0,-9.375,0.5,-8.625,700.0,900.0,0.0,0.9490000000000007,0.3990000000000003,0.0,3937.0,0
1.299,9858.0,7879.0,5918.0,9851.5,7874.5,5914.5,7000.0,5000.0,4000.0,-7.875,0.5,-8.125,700.0,900.0,0.0,0.9500000000000007,0.4000000000000003,0.0,3940.0,0
1.3,9865.0,7884.0,5922.0,9858.5,7879.5,5918.5,7000.0,5000.0,4000.0,-8.625,0.5,-8.375,700.0,900.0,0.0,0.9510000000000007,0.4010000000000003,0.0,3943.0,0
1.301,9872.0,7890.0,5926.0,9865.5,7884.5,5922.5,7000.0,6000.0,4000.0,-9.375,0.5,-8.625,700.0,900.0,0.0,0.9520000000000007,0.4020000000000003,0.0,3946.0,0
1.302,9878.0,7895.0,5930.0,9872.5,7890.5,5926.5,6000.0,5000.0,4000.0,-8.875,0.5,-8.125,700.0,900.0,0.0,0.9530000000000007,0.4030000000000003,0.0,3948.0,0
1.303,9885.0,7900.0,5934.0,9878.5,7895.5,5930.5,7000.0,5000.0,4000.0,-8.625,0.5,-8.375,700.0,900.0,0.0,0.9540000000000007,0.4040000000000003,0.0,3951.0,0
1.304,9892.0,7906.0,5938.0,9885.5,7900.5,5934.5,7000.0,6000.0,4000.0,-9.375,0.5,-8.625,700.0,900.0,0.0,0.9550000000000007,0.4050000000000003,0.0,3954.0,0
1.305,9898.0,7911.0,5942.0,9892.5,7906.5,5938.5,6000.0,5000.0,4000.0,-8.875,0.5,-8.125,700.0,900.0,0.0,0.9560000000000007,0.4060000000000003,0.0,3956.0,0
1.306,9905.0,7916.0,5946.0,9898.5,7911.5,5942.5,7000.0,5000.0,4000.0,-8.625,0.5,-8.375,700.0,900.0,0.0,0.9570000000000007,0.4070000000000003,0.0,3959.0,0
1.307,9912.0,7922.0,5950.0,9905.5,7916.5,5946.5,7000.0,6000.0,4000.0,-9.375,0.5,-8.625,700.0,900.0,0.0,0.9580000000000007,0.4080000000000003,0.0,3962.0,0
1.308,9919.0,7927.0,5954.0,9912.5,7922.5,5950.5,7000.0,5000.0,4000.0,-8.875,0.5,-8.125,700.0,900.0,0.0,0.9590000000000007,0.4090000000000003,0.0,3965.0,0
1.309,9925.0,7932.0,5958.0,9919.5,7927.5,5954.5,6000.0,5000.0,4000.0,-9.625,0.5,-8.375,700.0,900.0,0.0,0.9600000000000007,0.4100000000000003,0.0,3967.0,0
1.31,9932.0,7938.0,5962.0,9925.5,7932.5,5958.5,7000.0,6000.0,4000.0,-9.375,0.5,-8.625,700.0,900.0,0.0,0.9610000000000007,0.4110000000000003,0.0,3970.0,0
1.311,9939.0,7943.0,5966.0,9932.5,7938.5,5962.5,7000.0,5000.0,4000.0,-8.875,0.5,-8.125,700.0,900.0,0.0,0.9620000000000007,0.4120000000000003,0.0,3973.0,0
1.312,9945.0,7949.0,5970.0,9939.5,7943.5,5966.5,6000.0,6000.0,4000.0,-9.625,0.5,-8.375,700.0,900.0,0.0,0.9630000000000007,0.4130000000000003,0.0,3975.0,0
1.313,9952.0,7954.0,5974.0,9945.5,7949.5,5970.5,7000.0,5000.0,4000.0,-8.125,0.5,-7.875,700.0,900.0,0.0,0.9640000000000007,0.4140000000000003,0.0,3978.0,0
1.314,9959.0,7959.0,5978.0,9952.5,7954.5,5974.5,7000.0,5000.0,4000.0,-8.875,0.5,-8.125,700.0,900.0,0.0,0.9650000000000007,0.4150000000000003,0.0,3981.0,0
1.315,9965.0,7965.0,5982.0,9959.5,7959.5,5978.5,6000.0,6000.0,4000.0,-9.625,0.5,-8.375,700.0,900.0,0.0,0.9660000000000007,0.4160000000000003,0.0,3983.0,0
1.316,9972.0,7970.0,5986.0,9965.5,7965.5,5982.5,7000.0,5000.0,4000.0,-8.125,0.5,-7.875,700.0,900.0,0.0,0.9670000000000007,0.4170000000000003,0.0,3986.0,0
1.317,9979.0,7975.0,5990.0,9972.5,7970.5,5986.5,7000.0,5000.0,4000.0,-8.875,0.5,-8.125,700.0,900.0,0.0,0.9680000000000007,0.4180000000000003,0.0,3989.0,0
1.318,9986.0,7981.0,5994.0,9979.5,7975.5,5990.5,7000.0,6000.0,4000.0,-9.625,0.5,-8.375,700.0,900.0,0.0,0.9690000000000007,0.4190000000000003,0.0,3992.0,0
1.319,9992.0,7986.0,5998.0,9986.5,7981.5,5994.5,6000.0,5000.0,4000.0,-9.125,0.5,-7.875,700.0,900.0,0.0,0.9700000000000008,0.4200000000000003,0.0,3994.0,0
1.32,9999.0,7991.0,6002.0,9992.5,7986.5,5998.5,7000.0,5000.0,4000.0,-8.875,0.5,-8.125,700.0,900.0,0.0,0.9710000000000008,0.4210000000000003,0.0,3997.0,0
1.321,10006.0,7997.0,6006.0,9999.5,7991.5,6002.5,7000.0,6000.0,4000.0,-9.625,0.5,-8.375,700.0,900.0,0.0,0.9720000000000008,0.4220000000000003,0.0,4000.0,0
1.322,10012.0,8002.0,6010.0,10006.5,7997.5,6006.5,6000.0,5000.0,4000.0,-9.125,0.5,-7.875,700.0,900.0,0.0,0.9730000000000008,0.4230000000000003,0.0,4002.0,0
1.323,10019.0,8008.0,6014.0,10012.5,8002.5,6010.5,7000.0,6000.0,4000.0,-8.875,0.5,-8.125,700.0,900.0,0.0,0.9740000000000008,0.4240000000000003,0.0,4005.0,0
1.324,10026.0,8013.0,6018.0,10019.5,8008.5,6014.5,7000.0,5000.0,4000.0,-8.375,0.5,-7.625,700.0,900.0,0.0,0.9750000000000008,0.4250000000000003,0.0,4008.0,0
1.325,10032.0,8018.0,6022.0,10026.5,8013.5,6018.5,6000.0,5000.0,4000.0,-9.125,0.5,-7.875,700.0,900.0,0.0,0.9760000000000008,0.4260000000000003,0.0,4010.0,0
1.326,10039.0,8024.0,6026.0,10032.5,8018.5,6022.5,7000.0,6000.0,4000.0,-8.875,0.5,-8.125,700.0,900.0,0.0,0.9770000000000008,0.4270000000000003,0.0,4013.0,0
1.327,10046.0,8029.0,6030.0,10039.5,8024.5,6026.5,7000.0,5000.0,4000.0,-8.375,0.5,-7.625,700.0,900.0,0.0,0.9780000000000008,0.4280000000000003,0.0,4016.0,0
1.328,10053.0,8034.0,6034.0,10046.5,8029.5,6030.5,7000.0,5000.0,4000.0,-9.125,0.5,-7.875,700.0,900.0,0.0,0.9790000000000008,0.4290000000000003,0.0,4019.0,0
1.329,10059.0,8040.0,6038.0,10053.5,8034.5,6034.5,6000.0,6000.0,4000.0,-9.875,0.5,-8.125,700.0,900.0,0.0,0.9800000000000008,0.4300000000000003,0.0,4021.0,0
1.33,10066.0,8045.0,6042.0,10059.5,8040.5,6038.5,7000.0,5000.0,4000.0,-8.375,0.5,-7.625,700.0,900.0,0.0,0.9810000000000008,0.4310000000000003,0.0,4024.0,0
1.331,10073.0,8050.0,6046.0,10066.5,8045.5,6042.5,7000.0,5000.0,4000.0,-9.125,0.5,-7.875,700.0,900.0,0.0,0.9820000000000008,0.43200000000000033,0.0,4027.0,0
1.332,10079.0,8056.0,6050.0,10073.5,8050.5,6046.5,6000.0,6000.0,4000.0,-9.875,0.5,-8.125,700.0,900.0,0.0,0.9830000000000008,0.43300000000000033,0.0,4029.0,0
1.333,10086.0,8061.0,6054.0,10079.5,8056.5,6050.5,7000.0,5000.0,4000.0,-8.375,0.5,-7.625,700.0,900.0,0.0,0.9840000000000008,0.43400000000000033,0.0,4032.0,0
1.334,10093.0,8067.0,6058.0,10086.5,8061.5,6054.5,7000.0,6000.0,4000.0,-9.125,0.5,-7.875,700.0,900.0,0.0,0.9850000000000008,0.43500000000000033,0.0,4035.0,0
1.335,10099.0,8072.0,6062.0,10093.5,8067.5,6058.5,6000.0,5000.0,4000.0,-8.625,0.5,-7.375,700.0,900.0,0.0,0.9860000000000008,0.43600000000000033,0.0,4037.0,0
1.336,10106.0,8077.0,6066.0,10099.5,8072.5,6062.5,7000.0,5000.0,4000.0,-8.375,0.5,-7.625,700.0,900.0,0.0,0.9870000000000008,0.43700000000000033,0.0,4040.0,0
1.337,10113.0,8083.0,6070.0,10106.5,8077.5,6066.5,7000.0,6000.0,4000.0,-9.125,0.5,-7.875,700.0,900.0,0.0,0.9880000000000008,0.43800000000000033,0.0,4043.0,0
1.338,10120.0,8088.0,6075.0,10113.5,8083.5,6070.5,7000.0,5000.0,5000.0,-8.625,0.5,-7.375,700.0,900.0,0.0,0.9890000000000008,0.43900000000000033,0.0,4045.0,0
1.339,10126.0,8093.0,6079.0,10120.5,8088.5,6075.5,6000.0,5000.0,4000.0,-9.375,0.5,-8.625,700.0,900.0,0.0,0.9900000000000008,0.44000000000000034,0.0,4047.0,0
1.34,10133.0,8099.0,6083.0,10126.5,8093.5,6079.5,7000.0,6000.0,4000.0,-9.125,0.5,-8.875,700.0,900.0,0.0,0.9910000000000008,0.44100000000000034,0.0,4050.0,0
1.341,10140.0,8104.0,6087.0,10133.5,8099.5,6083.5,7000.0,5000.0,4000.0,-8.625,0.5,-8.375,700.0,900.0,0.0,0.9920000000000008,0.44200000000000034,0.0,4053.0,0
1.342,10146.0,8109.0,6091.0,10140.5,8104.5,6087.5,6000.0,5000.0,4000.0,-9.375,0.5,-8.625,700.0,900.0,0.0,0.9930000000000008,0.44300000000000034,0.0,4055.0,0
1.343,10153.0,8115.0,6095.0,10146.5,8109.5,6091.5,7000.0,6000.0,4000.0,-9.125,0.5,-8.875,700.0,900.0,0.0,0.9940000000000008,0.44400000000000034,0.0,4058.0,0
1.344,10160.0,8120.0,6099.0,10153.5,8115.5,6095.5,7000.0,5000.0,4000.0,-8.625,0.5,-8.375,700.0,900.0,0.0,0.9950000000000008,0.44500000000000034,0.0,4061.0,0
1.345,10166.0,8125.0,6103.0,10160.5,8120.5,6099.5,6000.0,5000.0,4000.0,-9.375,0.5,-8.625,700.0,900.0,0.0,0.9960000000000008,0.44600000000000034,0.0,4063.0,0
1.346,10173.0,8131.0,6107.0,10166.5,8125.5,6103.5,7000.0,6000.0,4000.0,-9.125,0.5,-8.875,700.0,900.0,0.0,0.9970000000000008,0.44700000000000034,0.0,4066.0,0
1.347,10180.0,8136.0,6111.0,10173.5,8131.5,6107.5,7000.0,5000.0,4000.0,-8.625,0.5,-8.375,700.0,900.0,0.0,0.9980000000000008,0.44800000000000034,0.0,4069.0,0
1.348,10187.0,8142.0,6115.0,10180.5,8136.5,6111.5,7000.0,6000.0,4000.0,-9.375,0.5,-8.625,700.0,900.0,0.0,0.9990000000000008,0.44900000000000034,0.0,4072.0,0
1.349,10193.0,8147.0,6119.0,10187.5,8142.5,6115.5,6000.0,5000.0,4000.0,-8.875,0.5,-8.125,700.0,900.0,0.0,1.0000000000000007,0.45000000000000034,0.0,4074.0,0
1.35,10200.0,8152.0,6123.0,10193.5,8147.5,6119.5,7000.0,5000.0,4000.0,-8.625,0.5,-8.375,700.0,900.0,0.0,1.0010000000000006,0.45100000000000035,0.0,4077.0,0
1.351,10207.0,8158.0,6127.0,10200.5,8152.5,6123.5,7000.0,6000.0,4000.0,-9.375,0.5,-8.625,700.0,900.0,0.0,1.0020000000000004,0.45200000000000035,0.0,4080.0,0
1.352,10213.0,8163.0,6131.0,10207.5,8158.5,6127.5,6000.0,5000.0,4000.0,-8.875,0.5,-8.125,700.0,900.0,0.0,1.0030000000000003,0.45300000000000035,0.0,4082.0,0
1.353,10220.0,8168.0,6135.0,10213.5,8163.5,6131.5,7000.0,5000.0,4000.0,-8.625,0.5,-8.375,700.0,900.0,0.0,1.0040000000000002,0.45400000000000035,0.0,4085.0,0
1.354,10227.0,8174.0,6139.0,10220.5,8168.5,6135.5,7000.0,6000.0,4000.0,-9.375,0.5,-8.625,700.0,900.0,0.0,1.0050000000000001,0.45500000000000035,0.0,4088.0,0
1.355,10233.0,8179.0,6143.0,10227.5,8174.5,6139.5,6000.0,5000.0,4000.0,-8.875,0.5,-8.125,700.0,900.0,0.0,1.006,0.45600000000000035,0.0,4090.0,0
1.356,10240.0,8184.0,6147.0,10233.5,8179.5,6143.5,7000.0,5000.0,4000.0,-8.625,0.5,-8.375,700.0,900.0,0.0,1.007,0.45700000000000035,0.0,4093.0,0
1.357,10247.0,8190.0,6151.0,10240.5,8184.5,6147.5,7000.0,6000.0,4000.0,-9.375,0.5,-8.625,700.0,900.0,0.0,1.0079999999999998,0.45800000000000035,0.0,4096.0,0
1.358,10254.0,8195.0,6155.0,10247.5,8190.5,6151.5,7000.0,5000.0,4000.0,-8.875,0.5,-8.125,700.0,900.0,0.0,1.0089999999999997,0.45900000000000035,0.0,4099.0,0
1.359,10260.0,8201.0,6159.0,10254.5,8195.5,6155.5,6000.0,6000.0,4000.0,-9.625,0.5,-8.375,700.0,900.0,0.0,1.0099999999999996,0.46000000000000035,0.0,4101.0,0
1.36,10267.0,8206.0,6163.0,10260.5,8201.5,6159.5,7000.0,5000.0,4000.0,-8.125,0.5,-7.875,700.0,900.0,0.0,1.0109999999999995,0.46100000000000035,0.0,4104.0,0
1.361,10274.0,8211.0,6167.0,10267.5,8206.5,6163.5,7000.0,5000.0,4000.0,-8.875,0.5,-8.125,700.0,900.0,0.0,1.0119999999999993,0.46200000000000035,0.0,4107.0,0
1.362,10280.0,8217.0,6171.0,10274.5,8211.5,6167.5,6000.0,6000.0,4000.0,-9.625,0.5,-8.375,700.0,900.0,0.0,1.0129999999999992,0.46300000000000036,0.0,4109.0,0
1.363,10287.0,8222.0,6175.0,10280.5,8217.5,6171.5,7000.0,5000.0,4000.0,-8.125,0.5,-7.875,700.0,900.0,0.0,1.0139999999999991,0.46400000000000036,0.0,4112.0,0
1.364,10294.0,8227.0,6179.0,10287.5,8222.5,6175.5,7000.0,5000.0,4000.0,-8.875,0.5,-8.125,700.0,900.0,0.0,1.014999999999999,0.46500000000000036,0.0,4115.0,0
1.365,10301.0,8233.0,6183.0,10294.5,8227.5,6179.5,7000.0,6000.0,4000.0,-9.625,0.5,-8.375,700.0,900.0,0.0,1.015999999999999,0.46600000000000036,0.0,4118.0,0
1.366,10307.0,8238.0,6187.0,10301.5,8233.5,6183.5,6000.0,5000.0,4000.0,-9.125,0.5,-7.875,700.0,900.0,0.0,1.0169999999999988,0.46700000000000036,0.0,4120.0,0
1.367,10314.0,8243.0,6191.0,10307.5,8238.5,6187.5,7000.0,5000.0,4000.0,-8.875,0.5,-8.125,700.0,900.0,0.0,1.0179999999999987,0.46800000000000036,0.0,4123.0,0
1.368,10321.0,8249.0,6195.0,10314.5,8243.5,6191.5,7000.0,6000.0,4000.0,-9.625,0.5,-8.375,700.0,900.0,0.0,1.0189999999999986,0.46900000000000036,0.0,4126.0,0
1.369,10327.0,8254.0,6199.0,10321.5,8249.5,6195.5,6000.0,5000.0,4000.0,-9.125,0.5,-7.875,700.0,900.0,0.0,1.0199999999999985,0.47000000000000036,0.0,4128.0,0
1.37,10334.0,8260.0,6203.0,10327.5,8254.5,6199.5,7000.0,6000.0,4000.0,-8.875,0.5,-8.125,700.0,900.0,0.0,1.0209999999999984,0.47100000000000036,0.0,4131.0,0
1.371,10341.0,8265.0,6207.0,10334.5,8260.5,6203.5,7000.0,5000.0,4000.0,-8.375,0.5,-7.625,700.0,900.0,0.0,1.0219999999999982,0.47200000000000036,0.0,4134.0,0
1.372,10347.0,8270.0,6211.0,10341.5,8265.5,6207.5,6000.0,5000.0,4000.0,-9.125,0.5,-7.875,700.0,900.0,0.0,1.0229999999999981,0.47300000000000036,0.0,4136.0,0
1.373,10354.0,8276.0,6215.0,10347.5,8270.5,6211.5,7000.0,6000.0,4000.0,-8.875,0.5,-8.125,700.0,900.0,0.0,1.023999999999998,0.47400000000000037,0.0,4139.0,0
1.374,10361.0,8281.0,6219.0,10354.5,8276.5,6215.5,7000.0,5000.0,4000.0,-8.375,0.5,-7.625,700.0,900.0,0.0,1.024999999999998,0.47500000000000037,0.0,4142.0,0
1.375,10368.0,8286.0,6223.0,10361.5,8281.5,6219.5,7000.0,5000.0,4000.0,-9.125,0.5,-7.875,700.0,900.0,0.0,1.0259999999999978,0.47600000000000037,0.0,4145.0,0
1.3760000000000001,10374.0,8292.0,6227.0,10368.5,8286.5,6223.5,6000.0,6000.0,4000.0,-9.875,0.5,-8.125,700.0,900.0,0.0,1.0269999999999977,0.47700000000000037,0.0,4147.0,0
1.377,10381.0,8297.0,6231.0,10374.5,8292.5,6227.5,7000.0,5000.0,4000.0,-8.375,0.5,-7.625,700.0,900.0,0.0,1.0279999999999976,0.47800000000000037,0.0,4150.0,0
1.3780000000000001,10388.0,8302.0,6235.0,10381.5,8297.5,6231.5,7000.0,5000.0,4000.0,-9.125,0.5,-7.875,700.0,900.0,0.0,1.0289999999999975,0.47900000000000037,0.0,4153.0,0
1.379,10394.0,8308.0,6239.0,10388.5,8302.5,6235.5,6000.0,6000.0,4000.0,-9.875,0.5,-8.125,700.0,900.0,0.0,1.0299999999999974,0.48000000000000037,0.0,4155.0,0
1.3800000000000001,10401.0,8313.0,6243.0,10394.5,8308.5,6239.5,7000.0,5000.0,4000.0,-8.375,0.5,-7.625,700.0,900.0,0.0,1.0309999999999973,0.48100000000000037,0.0,4158.0,0
1.381,10408.0,8318.0,6247.0,10401.5,8313.5,6243.5,7000.0,5000.0,4000.0,-9.125,0.5,-7.875,700.0,900.0,0.0,1.0319999999999971,0.4820000000000004,0.0,4161.0,0
1.3820000000000001,10414.0,8324.0,6251.0,10408.5,8318.5,6247.5,6000.0,6000.0,4000.0,-9.875,0.5,-8.125,700.0,900.0,0.0,1.032999999999997,0.4830000000000004,0.0,4163.0,0
1.383,10421.0,8329.0,6255.0,10414.5,8324.5,6251.5,7000.0,5000.0,4000.0,-8.375,0.5,-7.625,700.0,900.0,0.0,1.033999999999997,0.4840000000000004,0.0,4166.0,0
1.3840000000000001,10428.0,8335.0,6259.0,10421.5,8329.5,6255.5,7000.0,6000.0,4000.0,-9.125,0.5,-7.875,700.0,900.0,0.0,1.0349999999999968,0.4850000000000004,0.0,4169.0,0
1.385,10435.0,8340.0,6263.0,10428.5,8335.5,6259.5,7000.0,5000.0,4000.0,-8.625,0.5,-7.375,700.0,900.0,0.0,1.0359999999999967,0.4860000000000004,0.0,4172.0,0
1.3860000000000001,10441.0,8345.0,6267.0,10435.5,8340.5,6263.5,6000.0,5000.0,4000.0,-9.375,0.5,-7.625,700.0,900.0,0.0,1.0369999999999966,0.4870000000000004,0.0,4174.0,0
1.387,10448.0,8351.0,6271.0,10441.5,8345.5,6267.5,7000.0,6000.0,4000.0,-9.125,0.5,-7.875,700.0,900.0,0.0,1.0379999999999965,0.4880000000000004,0.0,4177.0,0
1.3880000000000001,10455.0,8356.0,6275.0,10448.5,8351.5,6271.5,7000.0,5000.0,4000.0,-8.625,0.5,-7.375,700.0,900.0,0.0,1.0389999999999964,0.4890000000000004,0.0,4180.0,0
1.389,10461.0,8361.0,6279.0,10455.5,8356.5,6275.5,6000.0,5000.0,4000.0,-9.375,0.5,-7.625,700.0,900.0,0.0,1.0399999999999963,0.4900000000000004,0.0,4182.0,0
1.3900000000000001,10468.0,8367.0,6283.0,10461.5,8361.5,6279.5,7000.0,6000.0,4000.0,-9.125,0.5,-7.875,700.0,900.0,0.0,1.0409999999999962,0.4910000000000004,0.0,4185.0,0
1.391,10475.0,8372.0,6287.0,10468.5,8367.5,6283.5,7000.0,5000.0,4000.0,-8.625,0.5,-7.375,700.0,900.0,0.0,1.041999999999996,0.4920000000000004,0.0,4188.0,0
1.3920000000000001,10481.0,8377.0,6291.0,10475.5,8372.5,6287.5,6000.0,5000.0,4000.0,-9.375,0.5,-7.625,700.0,900.0,0.0,1.042999999999996,0.4930000000000004,0.0,4190.0,0
1.393,10488.0,8383.0,6295.0,10481.5,8377.5,6291.5,7000.0,6000.0,4000.0,-9.125,0.5,-7.875,700.0,900.0,0.0,1.0439999999999958,0.4940000000000004,0.0,4193.0,0
1.3940000000000001,10495.0,8388.0,6299.0,10488.5,8383.5,6295.5,7000.0,5000.0,4000.0,-8.625,0.5,-7.375,700.0,900.0,0.0,1.0449999999999957,0.4950000000000004,0.0,4196.0,0
1.395,10502.0,8394.0,6303.0,10495.5,8388.5,6299.5,7000.0,6000.0,4000.0,-9.375,0.5,-7.625,700.0,900.0,0.0,1.0459999999999956,0.4960000000000004,0.0,4199.0,0
1.3960000000000001,10508.0,8399.0,6307.0,10502.5,8394.5,6303.5,6000.0,5000.0,4000.0,-8.875,0.5,-7.125,700.0,900.0,0.0,1.0469999999999955,0.4970000000000004,0.0,4201.0,0
1.397,10515.0,8404.0,6311.0,10508.5,8399.5,6307.5,7000.0,5000.0,4000.0,-8.625,0.5,-7.375,700.0,900.0,0.0,1.0479999999999954,0.4980000000000004,0.0,4204.0,0
1.3980000000000001,10522.0,8410.0,6316.0,10515.5,8404.5,6311.5,7000.0,6000.0,5000.0,-9.375,0.5,-7.625,700.0,900.0,0.0,1.0489999999999953,0.4990000000000004,0.0,4206.0,0
1.399,10528.0,8415.0,6320.0,10522.5,8410.5,6316.5,6000.0,5000.0,4000.0,-8.875,0.5,-8.125,700.0,900.0,0.0,1.0499999999999952,0.5000000000000003,0.0,4208.0,0
1.4000000000000001,10535.0,8420.0,6323.0,10528.5,8415.5,6320.5,7000.0,5000.0,3000.0,-8.625,0.5,-8.375,700.0,900.0,900.0,1.050999999999995,0.5010000000000003,0.001,4212.0,0
1.401,10542.0,8426.0,6326.0,10535.5,8420.5,6323.5,7000.0,6000.0,3000.0,-9.375,0.5,-7.625,700.0,900.0,900.0,1.051999999999995,0.5020000000000003,0.002,4216.0,0
1.4020000000000001,10548.0,8431.0,6329.0,10542.5,8426.5,6326.5,6000.0,5000.0,3000.0,-8.875,0.5,-6.125,700.0,900.0,900.0,1.0529999999999948,0.5030000000000003,0.003,4219.0,0
1.403,10555.0,8436.0,6332.0,10548.5,8431.5,6329.5,7000.0,5000.0,3000.0,-8.625,0.5,-5.375,700.0,900.0,900.0,1.0539999999999947,0.5040000000000003,0.004,4223.0,0
1.4040000000000001,10562.0,8442.0,6335.0,10555.5,8436.5,6332.5,7000.0,6000.0,3000.0,-9.375,0.5,-4.625,700.0,900.0,900.0,1.0549999999999946,0.5050000000000003,0.005,4227.0,0
1.405,10569.0,8447.0,6338.0,10562.5,8442.5,6335.5,7000.0,5000.0,3000.0,-8.875,0.5,-3.125,700.0,900.0,900.0,1.0559999999999945,0.5060000000000003,0.006,4231.0,0
1.4060000000000001,10575.0,8453.0,6341.0,10569.5,8447.5,6338.5,6000.0,6000.0,3000.0,-9.625,0.5,-2.375,700.0,900.0,900.0,1.0569999999999944,0.5070000000000003,0.007,4234.0,0
1.407,10582.0,8458.0,6344.0,10575.5,8453.5,6341.5,7000.0,5000.0,3000.0,-8.125,0.5,-0.875,700.0,900.0,900.0,1.0579999999999943,0.5080000000000003,0.008,4238.0,0
1.408,10589.0,8463.0,6348.0,10582.5,8458.5,6344.5,7000.0,5000.0,4000.0,-8.875,0.5,-0.125,700.0,900.0,900.0,1.0589999999999942,0.5090000000000003,0.009000000000000001,4241.0,0
1.409,10595.0,8469.0,6351.0,10589.5,8463.5,6348.5,6000.0,6000.0,3000.0,-9.625,0.5,-0.375,700.0,900.0,900.0,1.059999999999994,0.5100000000000003,0.010000000000000002,4244.0,0
1.41,10602.0,8474.0,6354.0,10595.5,8469.5,6351.5,7000.0,5000.0,3000.0,-9.16666666666606,-0.33333333333393966,0.5,700.0,900.0,900.0,1.060999999999994,0.5110000000000003,0.011000000000000003,4248.0,0
1.411,10609.0,8479.0,6357.0,10602.5,8474.5,6354.5,7000.0,5000.0,3000.0,-11.16666666666606,-1.3333333333339397,0.5,700.0,900.0,900.0,1.0619999999999938,0.5120000000000003,0.012000000000000004,4252.0,0
1.412,10615.0,8485.0,6360.0,10609.5,8479.5,6357.5,6000.0,6000.0,3000.0,-13.16666666666606,-2.3333333333339397,0.5,700.0,900.0,900.0,1.0629999999999937,0.5130000000000003,0.013000000000000005,4255.0,0
1.413,10621.0,8490.0,6363.0,10615.5,8485.5,6360.5,6000.0,5000.0,3000.0,-14.16666666666606,-4.33333333333394,0.5,700.0,900.0,900.0,1.0639999999999936,0.5140000000000003,0.014000000000000005,4258.0,0
1.414,10627.0,8495.0,6366.0,10621.5,8490.5,6363.5,6000.0,5000.0,3000.0,-15.16666666666606,-5.33333333333394,0.5,700.0,900.0,900.0,1.0649999999999935,0.5150000000000003,0.015000000000000006,4261.0,0
1.415,10633.0,8501.0,6369.0,10627.5,8495.5,6366.5,6000.0,6000.0,3000.0,-16.16666666666606,-6.33333333333394,0.5,700.0,900.0,900.0,1.0659999999999934,0.5160000000000003,0.016000000000000007,4264.0,0
1.416,10639.0,8506.0,6373.0,10633.5,8501.5,6369.5,6000.0,5000.0,4000.0,-17.16666666666606,-8.33333333333394,0.5,700.0,900.0,900.0,1.0669999999999933,0.5170000000000003,0.017000000000000008,4266.0,0
1.417,10645.0,8511.0,6376.0,10639.5,8506.5,6373.5,6000.0,5000.0,3000.0,-16.5,-8.0,0.5,700.0,900.0,900.0,1.0679999999999932,0.5180000000000003,0.01800000000000001,4269.0,0
1.418,10651.0,8517.0,6379.0,10645.5,8511.5,6376.5,6000.0,6000.0,3000.0,-17.5,-9.0,0.5,700.0,900.0,900.0,1.068999999999993,0.5190000000000003,0.01900000000000001,4272.0,0
1.419,10657.0,8522.0,6382.0,10651.5,8517.5,6379.5,6000.0,5000.0,3000.0,-18.5,-11.0,0.5,700.0,900.0,900.0,1.069999999999993,0.5200000000000004,0.02000000000000001,4275.0,0
1.42,10663.0,8527.0,6385.0,10657.5,8522.5,6382.5,6000.0,5000.0,3000.0,-19.5,-12.0,0.5,700.0,900.0,900.0,1.0709999999999928,0.5210000000000004,0.02100000000000001,4278.0,0
1.421,10668.0,8532.0,6388.0,10663.5,8527.5,6385.5,5000.0,5000.0,3000.0,-20.5,-13.0,0.5,700.0,900.0,900.0,1.0719999999999927,0.5220000000000004,0.022000000000000013,4280.0,0
1.422,10674.0,8536.0,6391.0,10668.5,8532.5,6388.5,6000.0,4000.0,3000.0,-20.5,-14.0,0.5,700.0,900.0,900.0,1.0729999999999926,0.5230000000000004,0.023000000000000013,4283.0,0
1.423,10680.0,8541.0,6394.0,10674.5,8536.5,6391.5,6000.0,5000.0,3000.0,-21.5,-14.0,0.5,700.0,900.0,900.0,1.0739999999999925,0.5240000000000004,0.024000000000000014,4286.0,0
1.424,10686.0,8545.0,6397.0,10680.5,8541.5,6394.5,6000.0,4000.0,3000.0,-22.5,-15.0,0.5,700.0,900.0,900.0,1.0749999999999924,0.5250000000000004,0.025000000000000015,4289.0,0
1.425,10691.0,8549.0,6401.0,10686.5,8545.5,6397.5,5000.0,4000.0,4000.0,-23.5,-15.0,0.5,700.0,900.0,900.0,1.0759999999999923,0.5260000000000004,0.026000000000000016,4290.0,0
1.426,10697.0,8553.0,6404.0,10691.5,8549.5,6401.5,6000.0,4000.0,3000.0,-21.83333333333394,-13.66666666666606,0.5,700.0,900.0,900.0,1.0769999999999922,0.5270000000000004,0.027000000000000017,4293.0,0
1.427,10702.0,8557.0,6407.0,10697.5,8553.5,6404.5,5000.0,4000.0,3000.0,-22.83333333333394,-13.66666666666606,0.5,700.0,900.0,900.0,1.077999999999992,0.5280000000000004,0.028000000000000018,4295.0,0
1.428,10708.0,8561.0,6410.0,10702.5,8557.5,6407.5,6000.0,4000.0,3000.0,-22.83333333333394,-13.66666666666606,0.5,700.0,900.0,900.0,1.078999999999992,0.5290000000000004,0.02900000000000002,4298.0,0
1.429,10714.0,8565.0,6413.0,10708.5,8561.5,6410.5,6000.0,4000.0,3000.0,-23.83333333333394,-13.66666666666606,0.5,700.0,900.0,900.0,1.0799999999999919,0.5300000000000004,0.03000000000000002,4301.0,0
1.43,10719.0,8569.0,6416.0,10714.5,8565.5,6413.5,5000.0,4000.0,3000.0,-24.83333333333394,-13.66666666666606,0.5,700.0,900.0,900.0,1.0809999999999917,0.5310000000000004,0.03100000000000002,4303.0,0
1.431,10724.0,8573.0,6419.0,10719.5,8569.5,6416.5,5000.0,4000.0,3000.0,-24.83333333333394,-13.66666666666606,0.5,700.0,900.0,900.0,1.0819999999999916,0.5320000000000004,0.03200000000000002,4305.0,0
1.432,10730.0,8577.0,6422.0,10724.5,8573.5,6419.5,6000.0,4000.0,3000.0,-24.83333333333394,-13.66666666666606,0.5,700.0,900.0,900.0,1.0829999999999915,0.5330000000000004,0.03300000000000002,4308.0,0
1.433,10735.0,8581.0,6425.0,10730.5,8577.5,6422.5,5000.0,4000.0,3000.0,-25.83333333333394,-13.66666666666606,0.5,700.0,900.0,900.0,1.0839999999999914,0.5340000000000004,0.03400000000000002,4310.0,0
1.434,10741.0,8585.0,6429.0,10735.5,8581.5,6425.5,6000.0,4000.0,4000.0,-25.83333333333394,-13.66666666666606,0.5,700.0,900.0,900.0,1.0849999999999913,0.5350000000000004,0.035000000000000024,4312.0,0
1.435,10746.0,8589.0,6432.0,10741.5,8585.5,6429.5,5000.0,4000.0,3000.0,-25.16666666666606,-12.33333333333394,0.5,700.0,900.0,900.0,1.0859999999999912,0.5360000000000004,0.036000000000000025,4314.0,0
1.436,10751.0,8593.0,6435.0,10746.5,8589.5,6432.5,5000.0,4000.0,3000.0,-25.16666666666606,-12.33333333333394,0.5,700.0,900.0,900.0,1.086999999999991,0.5370000000000004,0.037000000000000026,4316.0,0
1.437,10757.0,8597.0,6438.0,10751.5,8593.5,6435.5,6000.0,4000.0,3000.0,-25.16666666666606,-12.33333333333394,0.5,700.0,900.0,900.0,1.087999999999991,0.5380000000000004,0.03800000000000003,4319.0,0
1.438,10762.0,8601.0,6441.0,10757.5,8597.5,6438.5,5000.0,4000.0,3000.0,-26.16666666666606,-12.33333333333394,0.5,700.0,900.0,900.0,1.0889999999999909,0.5390000000000004,0.03900000000000003,4321.0,0
1.439,10767.0,8605.0,6444.0,10762.5,8601.5,6441.5,5000.0,4000.0,3000.0,-26.16666666666606,-12.33333333333394,0.5,700.0,900.0,900.0,1.0899999999999908,0.5400000000000004,0.04000000000000003,4323.0,0
1.44,10773.0,8609.0,6447.0,10767.5,8605.5,6444.5,6000.0,4000.0,3000.0,-26.16666666666606,-12.33333333333394,0.5,700.0,900.0,900.0,1.0909999999999906,0.5410000000000004,0.04100000000000003,4326.0,0
1.441,10778.0,8613.0,6450.0,10773.5,8609.5,6447.5,5000.0,4000.0,3000.0,-27.16666666666606,-12.33333333333394,0.5,700.0,900.0,900.0,1.0919999999999905,0.5420000000000004,0.04200000000000003,4328.0,0
1.442,10783.0,8617.0,6454.0,10778.5,8613.5,6450.5,5000.0,4000.0,4000.0,-27.16666666666606,-12.33333333333394,0.5,700.0,900.0,900.0,1.0929999999999904,0.5430000000000004,0.04300000000000003,4329.0,0
1.443,10788.0,8621.0,6457.0,10783.5,8617.5,6454.5,5000.0,4000.0,3000.0,-25.5,-11.0,0.5,700.0,900.0,900.0,1.0939999999999903,0.5440000000000004,0.04400000000000003,4331.0,0
1.444,10794.0,8625.0,6460.0,10788.5,8621.5,6457.5,6000.0,4000.0,3000.0,-25.5,-11.0,0.5,700.0,900.0,900.0,1.0949999999999902,0.5450000000000004,0.04500000000000003,4334.0,0
1.445,10799.0,8628.0,6463.0,10794.5,8625.5,6460.5,5000.0,3000.0,3000.0,-26.5,-11.0,0.5,700.0,900.0,900.0,1.09599999999999,0.5460000000000004,0.046000000000000034,4336.0,0
1.446,10804.0,8633.0,6466.0,10799.5,8628.5,6463.5,5000.0,5000.0,3000.0,-26.5,-10.0,0.5,700.0,900.0,900.0,1.09699999999999,0.5470000000000004,0.047000000000000035,4338.0,0
1.447,10809.0,8636.0,6469.0,10804.5,8633.5,6466.5,5000.0,3000.0,3000.0,-26.5,-11.0,0.5,700.0,900.0,900.0,1.0979999999999899,0.5480000000000004,0.048000000000000036,4340.0,0
1.448,10814.0,8640.0,6472.0,10809.5,8636.5,6469.5,5000.0,4000.0,3000.0,-26.5,-10.0,0.5,700.0,900.0,900.0,1.0989999999999898,0.5490000000000004,0.04900000000000004,4342.0,0
1.449,10819.0,8644.0,6475.0,10814.5,8640.5,6472.5,5000.0,4000.0,3000.0,-26.5,-10.0,0.5,700.0,900.0,900.0,1.0999999999999897,0.5500000000000004,0.05000000000000004,4344.0,0
1.45,10824.0,8648.0,6478.0,10819.5,8644.5,6475.5,5000.0,4000.0,3000.0,-26.5,-10.0,0.5,700.0,900.0,900.0,1.1009999999999895,0.5510000000000004,0.05100000000000004,4346.0,0
1.451,10829.0,8652.0,6482.0,10824.5,8648.5,6478.5,5000.0,4000.0,4000.0,-26.5,-10.0,0.5,700.0,900.0,900.0,1.1019999999999894,0.5520000000000004,0.05200000000000004,4347.0,0
1.452,10835.0,8656.0,6485.0,10829.5,8652.5,6482.5,6000.0,4000.0,3000.0,-24.83333333333394,-8.66666666666606,0.5,700.0,900.0,900.0,1.1029999999999893,0.5530000000000004,0.05300000000000004,4350.0,0
1.453,10840.0,8661.0,6488.0,10835.5,8656.5,6485.5,5000.0,5000.0,3000.0,-25.83333333333394,-8.66666666666606,0.5,700.0,900.0,900.0,1.1039999999999892,0.5540000000000004,0.05400000000000004,4352.0,0
1.454,10845.0,8665.0,6491.0,10840.5,8661.5,6488.5,5000.0,4000.0,3000.0,-25.83333333333394,-9.66666666666606,0.5,700.0,900.0,900.0,1.104999999999989,0.5550000000000004,0.05500000000000004,4354.0,0
1.455,10850.0,8670.0,6494.0,10845.5,8665.5,6491.5,5000.0,5000.0,3000.0,-25.83333333333394,-9.66666666666606,0.5,700.0,900.0,900.0,1.105999999999989,0.5560000000000004,0.05600000000000004,4356.0,0
1.456,10855.0,8675.0,6497.0,10850.5,8670.5,6494.5,5000.0,5000.0,3000.0,-25.83333333333394,-10.66666666666606,0.5,700.0,900.0,900.0,1.1069999999999889,0.5570000000000004,0.057000000000000044,4358.0,0
1.457,10860.0,8679.0,6500.0,10855.5,8675.5,6497.5,5000.0,4000.0,3000.0,-25.83333333333394,-11.66666666666606,0.5,700.0,900.0,900.0,1.1079999999999888,0.5580000000000004,0.058000000000000045,4360.0,0
1.458,10865.0,8683.0,6503.0,10860.5,8679.5,6500.5,5000.0,4000.0,3000.0,-25.83333333333394,-11.66666666666606,0.5,700.0,900.0,900.0,1.1089999999999887,0.5590000000000004,0.059000000000000045,4362.0,0
1.459,10870.0,8687.0,6507.0,10865.5,8683.5,6503.5,5000.0,4000.0,4000.0,-25.83333333333394,-11.66666666666606,0.5,700.0,900.0,900.0,1.1099999999999886,0.5600000000000004,0.060000000000000046,4363.0,0
1.46,10875.0,8691.0,6510.0,10870.5,8687.5,6507.5,5000.0,4000.0,3000.0,-24.16666666666606,-10.33333333333394,0.5,700.0,900.0,900.0,1.1109999999999884,0.5610000000000004,0.06100000000000005,4365.0,0
1.461,10880.0,8695.0,6513.0,10875.5,8691.5,6510.5,5000.0,4000.0,3000.0,-24.16666666666606,-10.33333333333394,0.5,700.0,900.0,900.0,1.1119999999999883,0.5620000000000004,0.06200000000000005,4367.0,0
1.462,10885.0,8699.0,6516.0,10880.5,8695.5,6513.5,5000.0,4000.0,3000.0,-24.16666666666606,-10.33333333333394,0.5,700.0,900.0,900.0,1.1129999999999882,0.5630000000000004,0.06300000000000004,4369.0,0
1.463,10890.0,8702.0,6519.0,10885.5,8699.5,6516.5,5000.0,3000.0,3000.0,-24.16666666666606,-10.33333333333394,0.5,700.0,900.0,900.0,1.113999999999988,0.5640000000000004,0.06400000000000004,4371.0,0
1.464,10895.0,8706.0,6522.0,10890.5,8702.5,6519.5,5000.0,4000.0,3000.0,-24.16666666666606,-9.33333333333394,0.5,700.0,900.0,900.0,1.114999999999988,0.5650000000000004,0.06500000000000004,4373.0,0
1.465,10900.0,8710.0,6525.0,10895.5,8706.5,6522.5,5000.0,4000.0,3000.0,-24.16666666666606,-9.33333333333394,0.5,700.0,900.0,900.0,1.115999999999988,0.5660000000000004,0.06600000000000004,4375.0,0
1.466,10905.0,8715.0,6528.0,10900.5,8710.5,6525.5,5000.0,5000.0,3000.0,-24.16666666666606,-9.33333333333394,0.5,700.0,900.0,900.0,1.1169999999999878,0.5670000000000004,0.06700000000000005,4377.0,0
1.467,10910.0,8719.0,6531.0,10905.5,8715.5,6528.5,5000.0,4000.0,3000.0,-24.16666666666606,-10.33333333333394,0.5,700.0,900.0,900.0,1.1179999999999877,0.5680000000000004,0.06800000000000005,4379.0,0
1.468,10914.0,8723.0,6535.0,10910.5,8719.5,6531.5,4000.0,4000.0,4000.0,-24.16666666666606,-10.33333333333394,0.5,700.0,900.0,900.0,1.1189999999999876,0.5690000000000004,0.06900000000000005,4379.0,0
1.469,10919.0,8727.0,6538.0,10914.5,8723.5,6535.5,5000.0,4000.0,3000.0,-21.5,-9.0,0.5,700.0,900.0,900.0,1.1199999999999875,0.5700000000000004,0.07000000000000005,4381.0,0
1.47,10924.0,8732.0,6541.0,10919.5,8727.5,6538.5,5000.0,5000.0,3000.0,-21.5,-9.0,0.5,700.0,900.0,900.0,1.1209999999999873,0.5710000000000004,0.07100000000000005,4383.0,0
1.471,10929.0,8736.0,6544.0,10924.5,8732.5,6541.5,5000.0,4000.0,3000.0,-21.5,-10.0,0.5,700.0,900.0,900.0,1.1219999999999872,0.5720000000000004,0.07200000000000005,4385.0,0
1.472,10934.0,8740.0,6547.0,10929.5,8736.5,6544.5,5000.0,4000.0,3000.0,-21.5,-10.0,0.5,700.0,900.0,900.0,1.1229999999999871,0.5730000000000004,0.07300000000000005,4387.0,0
1.473,10939.0,8744.0,6550.0,10934.5,8740.5,6547.5,5000.0,4000.0,3000.0,-21.5,-10.0,0.5,700.0,900.0,900.0,1.123999999999987,0.5740000000000004,0.07400000000000005,4389.0,0
1.474,10944.0,8747.0,6553.0,10939.5,8744.5,6550.5,5000.0,3000.0,3000.0,-21.5,-10.0,0.5,700.0,900.0,900.0,1.124999999999987,0.5750000000000004,0.07500000000000005,4391.0,0
1.475,10949.0,8751.0,6556.0,10944.5,8747.5,6553.5,5000.0,4000.0,3000.0,-21.5,-9.0,0.5,700.0,900.0,900.0,1.1259999999999868,0.5760000000000004,0.07600000000000005,4393.0,0
1.476,10954.0,8755.0,6560.0,10949.5,8751.5,6556.5,5000.0,4000.0,4000.0,-21.5,-9.0,0.5,700.0,900.0,900.0,1.1269999999999867,0.5770000000000004,0.07700000000000005,4394.0,0
1.477,10959.0,8760.0,6563.0,10954.5,8755.5,6560.5,5000.0,5000.0,3000.0,-19.83333333333394,-7.66666666666606,0.5,700.0,900.0,900.0,1.1279999999999866,0.5780000000000004,0.07800000000000006,4396.0,0
1.478,10964.0,8764.0,6566.0,10959.5,8760.5,6563.5,5000.0,4000.0,3000.0,-19.83333333333394,-8.66666666666606,0.5,700.0,900.0,900.0,1.1289999999999865,0.5790000000000004,0.07900000000000006,4398.0,0
1.479,10969.0,8769.0,6569.0,10964.5,8764.5,6566.5,5000.0,5000.0,3000.0,-19.83333333333394,-8.66666666666606,0.5,700.0,900.0,900.0,1.1299999999999863,0.5800000000000004,0.08000000000000006,4400.0,0
1.48,10974.0,8773.0,6572.0,10969.5,8769.5,6569.5,5000.0,4000.0,3000.0,-19.83333333333394,-9.66666666666606,0.5,700.0,900.0,900.0,1.1309999999999862,0.5810000000000004,0.08100000000000006,4402.0,0
1.481,10979.0,8778.0,6575.0,10974.5,8773.5,6572.5,5000.0,5000.0,3000.0,-19.83333333333394,-9.66666666666606,0.5,700.0,900.0,900.0,1.1319999999999861,0.5820000000000004,0.08200000000000006,4404.0,0
1.482,10984.0,8782.0,6578.0,10979.5,8778.5,6575.5,5000.0,4000.0,3000.0,-19.83333333333394,-10.66666666666606,0.5,700.0,900.0,900.0,1.132999999999986,0.5830000000000004,0.08300000000000006,4406.0,0
1.483,10989.0,8786.0,6581.0,10984.5,8782.5,6578.5,5000.0,4000.0,3000.0,-19.83333333333394,-10.66666666666606,0.5,700.0,900.0,900.0,1.133999999999986,0.5840000000000004,0.08400000000000006,4408.0,0
1.484,10994.0,8790.0,6584.0,10989.5,8786.5,6581.5,5000.0,4000.0,3000.0,-19.83333333333394,-10.66666666666606,0.5,700.0,900.0,900.0,1.1349999999999858,0.5850000000000004,0.08500000000000006,4410.0,0
1.485,10998.0,8794.0,6588.0,10994.5,8790.5,6584.5,4000.0,4000.0,4000.0,-19.83333333333394,-10.66666666666606,0.5,700.0,900.0,900.0,1.1359999999999857,0.5860000000000004,0.08600000000000006,4410.0,0
1.486,11003.0,8798.0,6591.0,10998.5,8794.5,6588.5,5000.0,4000.0,3000.0,-17.16666666666606,-9.33333333333394,0.5,700.0,900.0,900.0,1.1369999999999856,0.5870000000000004,0.08700000000000006,4412.0,0
1.487,11008.0,8802.0,6594.0,11003.5,8798.5,6591.5,5000.0,4000.0,3000.0,-17.16666666666606,-9.33333333333394,0.5,700.0,900.0,900.0,1.1379999999999855,0.5880000000000004,0.08800000000000006,4414.0,0
1.488,11013.0,8807.0,6597.0,11008.5,8802.5,6594.5,5000.0,5000.0,3000.0,-17.16666666666606,-9.33333333333394,0.5,700.0,900.0,900.0,1.1389999999999854,0.5890000000000004,0.08900000000000007,4416.0,0
1.489,11018.0,8811.0,6600.0,11013.5,8807.5,6597.5,5000.0,4000.0,3000.0,-17.16666666666606,-10.33333333333394,0.5,700.0,900.0,900.0,1.1399999999999852,0.5900000000000004,0.09000000000000007,4418.0,0
1.49,11023.0,8815.0,6603.0,11018.5,8811.5,6600.5,5000.0,4000.0,3000.0,-17.16666666666606,-10.33333333333394,0.5,700.0,900.0,900.0,1.1409999999999851,0.5910000000000004,0.09100000000000007,4420.0,0
1.491,11028.0,8819.0,6606.0,11023.5,8815.5,6603.5,5000.0,4000.0,3000.0,-17.16666666666606,-10.33333333333394,0.5,700.0,900.0,900.0,1.141999999999985,0.5920000000000004,0.09200000000000007,4422.0,0
1.492,11033.0,8822.0,6609.0,11028.5,8819.5,6606.5,5000.0,3000.0,3000.0,-17.16666666666606,-10.33333333333394,0.5,700.0,900.0,900.0,1.142999999999985,0.5930000000000004,0.09300000000000007,4424.0,0
1.493,11038.0,8826.0,6613.0,11033.5,8822.5,6609.5,5000.0,4000.0,4000.0,-17.16666666666606,-9.33333333333394,0.5,700.0,900.0,900.0,1.1439999999999848,0.5940000000000004,0.09400000000000007,4425.0,0
1.494,11043.0,8830.0,6616.0,11038.5,8826.5,6613.5,5000.0,4000.0,3000.0,-15.5,-8.0,0.5,700.0,900.0,900.0,1.1449999999999847,0.5950000000000004,0.09500000000000007,4427.0,0
1.495,11048.0,8834.0,6619.0,11043.5,8830.5,6616.5,5000.0,4000.0,3000.0,-15.5,-8.0,0.5,700.0,900.0,900.0,1.1459999999999846,0.5960000000000004,0.09600000000000007,4429.0,0
1.496,11053.0,8839.0,6622.0,11048.5,8834.5,6619.5,5000.0,5000.0,3000.0,-15.5,-8.0,0.5,700.0,900.0,900.0,1.1469999999999845,0.5970000000000004,0.09700000000000007,4431.0,0
1.497,11058.0,8843.0,6625.0,11053.5,8839.5,6622.5,5000.0,4000.0,3000.0,-15.5,-9.0,0.5,700.0,900.0,900.0,1.1479999999999844,0.5980000000000004,0.09800000000000007,4433.0,0
1.498,11062.0,8847.0,6628.0,11058.5,8843.5,6625.5,4000.0,4000.0,3000.0,-15.5,-9.0,0.5,700.0,900.0,900.0,1.1489999999999843,0.5990000000000004,0.09900000000000007,4434.0,0
1.499,11067.0,8852.0,6631.0,11062.5,8847.5,6628.5,5000.0,5000.0,3000.0,-14.5,-9.0,0.5,700.0,900.0,900.0,1.1499999999999841,0.6000000000000004,0.10000000000000007,4436.0,0
1.5,11072.0,8856.0,6634.0,11067.5,8852.5,6631.5,5000.0,4000.0,3000.0,-14.5,-10.0,0.5,700.0,900.0,900.0,1.150999999999984,0.6010000000000004,0.10100000000000008,4438.0,0
1.5010000000000001,11077.0,8860.0,6637.0,11072.5,8856.5,6634.5,5000.0,4000.0,3000.0,-14.5,-10.0,0.5,700.0,900.0,900.0,1.151999999999984,0.6020000000000004,0.10200000000000008,4440.0,0
1.502,11082.0,8864.0,6641.0,11077.5,8860.5,6637.5,5000.0,4000.0,4000.0,-14.5,-10.0,0.5,700.0,900.0,900.0,1.1529999999999838,0.6030000000000004,0.10300000000000008,4441.0,0
1.5030000000000001,11087.0,8868.0,6644.0,11082.5,8864.5,6641.5,5000.0,4000.0,3000.0,-12.83333333333394,-8.66666666666606,0.5,700.0,900.0,900.0,1.1539999999999837,0.6040000000000004,0.10400000000000008,4443.0,0
1.504,11092.0,8872.0,6647.0,11087.5,8868.5,6644.5,5000.0,4000.0,3000.0,-12.83333333333394,-8.66666666666606,0.5,700.0,900.0,900.0,1.1549999999999836,0.6050000000000004,0.10500000000000008,4445.0,0
1.5050000000000001,11097.0,8877.0,6650.0,11092.5,8872.5,6647.5,5000.0,5000.0,3000.0,-12.83333333333394,-8.66666666666606,0.5,700.0,900.0,900.0,1.1559999999999835,0.6060000000000004,0.10600000000000008,4447.0,0
1.506,11102.0,8881.0,6653.0,11097.5,8877.5,6650.5,5000.0,4000.0,3000.0,-12.83333333333394,-9.66666666666606,0.5,700.0,900.0,900.0,1.1569999999999834,0.6070000000000004,0.10700000000000008,4449.0,0
1.5070000000000001,11107.0,8885.0,6656.0,11102.5,8881.5,6653.5,5000.0,4000.0,3000.0,-12.83333333333394,-9.66666666666606,0.5,700.0,900.0,900.0,1.1579999999999833,0.6080000000000004,0.10800000000000008,4451.0,0
1.508,11112.0,8890.0,6659.0,11107.5,8885.5,6656.5,5000.0,5000.0,3000.0,-12.83333333333394,-9.66666666666606,0.5,700.0,900.0,900.0,1.1589999999999832,0.6090000000000004,0.10900000000000008,4453.0,0
1.5090000000000001,11117.0,8894.0,6662.0,11112.5,8890.5,6659.5,5000.0,4000.0,3000.0,-12.83333333333394,-10.66666666666606,0.5,700.0,900.0,900.0,1.159999999999983,0.6100000000000004,0.11000000000000008,4455.0,0
1.51,11122.0,8898.0,6665.0,11117.5,8894.5,6662.5,5000.0,4000.0,3000.0,-12.83333333333394,-10.66666666666606,0.5,700.0,900.0,900.0,1.160999999999983,0.6110000000000004,0.11100000000000008,4457.0,0
1.5110000000000001,11127.0,8902.0,6669.0,11122.5,8898.5,6665.5,5000.0,4000.0,4000.0,-12.83333333333394,-10.66666666666606,0.5,700.0,900.0,900.0,1.1619999999999828,0.6120000000000004,0.11200000000000009,4458.0,0
1.512,11132.0,8906.0,6672.0,11127.5,8902.5,6669.5,5000.0,4000.0,3000.0,-11.16666666666606,-9.33333333333394,0.5,700.0,900.0,900.0,1.1629999999999827,0.6130000000000004,0.11300000000000009,4460.0,0
1.5130000000000001,11137.0,8910.0,6675.0,11132.5,8906.5,6672.5,5000.0,4000.0,3000.0,-11.16666666666606,-9.33333333333394,0.5,700.0,900.0,900.0,1.1639999999999826,0.6140000000000004,0.11400000000000009,4462.0,0
1.514,11142.0,8914.0,6678.0,11137.5,8910.5,6675.5,5000.0,4000.0,3000.0,-11.16666666666606,-9.33333333333394,0.5,700.0,900.0,900.0,1.1649999999999825,0.6150000000000004,0.11500000000000009,4464.0,0
1.5150000000000001,11146.0,8919.0,6681.0,11142.5,8914.5,6678.5,4000.0,5000.0,3000.0,-11.16666666666606,-9.33333333333394,0.5,700.0,900.0,900.0,1.1659999999999824,0.6160000000000004,0.11600000000000009,4465.0,0
1.516,11151.0,8923.0,6684.0,11146.5,8919.5,6681.5,5000.0,4000.0,3000.0,-10.16666666666606,-10.33333333333394,0.5,700.0,900.0,900.0,1.1669999999999823,0.6170000000000004,0.11700000000000009,4467.0,0
1.5170000000000001,11156.0,8927.0,6687.0,11151.5,8923.5,6684.5,5000.0,4000.0,3000.0,-10.16666666666606,-10.33333333333394,0.5,700.0,900.0,900.0,1.1679999999999822,0.6180000000000004,0.11800000000000009,4469.0,0
1.518,11161.0,8931.0,6690.0,11156.5,8927.5,6687.5,5000.0,4000.0,3000.0,-10.16666666666606,-10.33333333333394,0.5,700.0,900.0,900.0,1.168999999999982,0.6190000000000004,0.11900000000000009,4471.0,0
1.5190000000000001,11166.0,8934.0,6694.0,11161.5,8931.5,6690.5,5000.0,3000.0,4000.0,-10.16666666666606,-10.33333333333394,0.5,700.0,900.0,900.0,1.169999999999982,0.6200000000000004,0.12000000000000009,4472.0,0
1.52,11172.0,8938.0,6697.0,11166.5,8934.5,6694.5,6000.0,4000.0,3000.0,-8.5,-8.0,0.5,700.0,900.0,900.0,1.1709999999999818,0.6210000000000004,0.1210000000000001,4475.0,0
1.5210000000000001,11177.0,8942.0,6700.0,11172.5,8938.5,6697.5,5000.0,4000.0,3000.0,-9.5,-8.0,0.5,700.0,900.0,900.0,1.1719999999999817,0.6220000000000004,0.1220000000000001,4477.0,0
1.522,11182.0,8946.0,6703.0,11177.5,8942.5,6700.5,5000.0,4000.0,3000.0,-9.5,-8.0,0.5,700.0,900.0,900.0,1.1729999999999816,0.6230000000000004,0.1230000000000001,4479.0,0
1.5230000000000001,11188.0,8950.0,6706.0,11182.5,8946.5,6703.5,6000.0,4000.0,3000.0,-9.5,-8.0,0.5,700.0,900.0,900.0,1.1739999999999815,0.6240000000000004,0.1240000000000001,4482.0,0
1.524,11193.0,8955.0,6709.0,11188.5,8950.5,6706.5,5000.0,5000.0,3000.0,-10.5,-8.0,0.5,700.0,900.0,900.0,1.1749999999999814,0.6250000000000004,0.12500000000000008,4484.0,0
1.5250000000000001,11198.0,8959.0,6712.0,11193.5,8955.5,6709.5,5000.0,4000.0,3000.0,-10.5,-9.0,0.5,700.0,900.0,900.0,1.1759999999999813,0.6260000000000004,0.12600000000000008,4486.0,0
1.526,11203.0,8963.0,6715.0,11198.5,8959.5,6712.5,5000.0,4000.0,3000.0,-10.5,-9.0,0.5,700.0,900.0,900.0,1.1769999999999812,0.6270000000000004,0.12700000000000009,4488.0,0
1.5270000000000001,11208.0,8968.0,6718.0,11203.5,8963.5,6715.5,5000.0,5000.0,3000.0,-10.5,-9.0,0.5,700.0,900.0,900.0,1.177999999999981,0.6280000000000004,0.12800000000000009,4490.0,0
1.528,11213.0,8972.0,6722.0,11208.5,8968.5,6718.5,5000.0,4000.0,4000.0,-10.5,-10.0,0.5,700.0,900.0,900.0,1.178999999999981,0.6290000000000004,0.1290000000000001,4491.0,0
1.5290000000000001,11218.0,8976.0,6725.0,11213.5,8972.5,6722.5,5000.0,4000.0,3000.0,-8.83333333333394,-8.66666666666606,0.5,700.0,900.0,900.0,1.1799999999999808,0.6300000000000004,0.1300000000000001,4493.0,0
1.53,11223.0,8980.0,6728.0,11218.5,8976.5,6725.5,5000.0,4000.0,3000.0,-8.83333333333394,-8.66666666666606,0.5,700.0,900.0,900.0,1.1809999999999807,0.6310000000000004,0.1310000000000001,4495.0,0
1.5310000000000001,11228.0,8985.0,6731.0,11223.5,8980.5,6728.5,5000.0,5000.0,3000.0,-8.83333333333394,-8.66666666666606,0.5,700.0,900.0,900.0,1.1819999999999806,0.6320000000000005,0.1320000000000001,4497.0,0
1.532,11234.0,8989.0,6734.0,11228.5,8985.5,6731.5,6000.0,4000.0,3000.0,-8.83333333333394,-9.66666666666606,0.5,700.0,900.0,900.0,1.1829999999999805,0.6330000000000005,0.1330000000000001,4500.0,0
1.5330000000000001,11239.0,8993.0,6737.0,11234.5,8989.5,6734.5,5000.0,4000.0,3000.0,-9.83333333333394,-9.66666666666606,0.5,700.0,900.0,900.0,1.1839999999999804,0.6340000000000005,0.1340000000000001,4502.0,0
1.534,11244.0,8997.0,6740.0,11239.5,8993.5,6737.5,5000.0,4000.0,3000.0,-9.83333333333394,-9.66666666666606,0.5,700.0,900.0,900.0,1.1849999999999803,0.6350000000000005,0.1350000000000001,4504.0,0
1.5350000000000001,11250.0,9002.0,6743.0,11244.5,8997.5,6740.5,6000.0,5000.0,3000.0,-9.83333333333394,-9.66666666666606,0.5,700.0,900.0,900.0,1.1859999999999802,0.6360000000000005,0.1360000000000001,4507.0,0
1.536,11255.0,9006.0,6747.0,11250.5,9002.5,6743.5,5000.0,4000.0,4000.0,-10.83333333333394,-10.66666666666606,0.5,700.0,900.0,900.0,1.18699999999998,0.6370000000000005,0.1370000000000001,4508.0,0
1.537,11260.0,9010.0,6750.0,11255.5,9006.5,6747.5,5000.0,4000.0,3000.0,-9.16666666666606,-9.33333333333394,0.5,700.0,900.0,900.0,1.18799999999998,0.6380000000000005,0.1380000000000001,4510.0,0
1.538,11265.0,9014.0,6753.0,11260.5,9010.5,6750.5,5000.0,4000.0,3000.0,-9.16666666666606,-9.33333333333394,0.5,700.0,900.0,900.0,1.1889999999999799,0.6390000000000005,0.1390000000000001,4512.0,0
1.539,11271.0,9019.0,6756.0,11265.5,9014.5,6753.5,6000.0,5000.0,3000.0,-9.16666666666606,-9.33333333333394,0.5,700.0,900.0,900.0,1.1899999999999797,0.6400000000000005,0.1400000000000001,4515.0,0
1.54,11276.0,9023.0,6759.0,11271.5,9019.5,6756.5,5000.0,4000.0,3000.0,-10.16666666666606,-10.33333333333394,0.5,700.0,900.0,900.0,1.1909999999999796,0.6410000000000005,0.1410000000000001,4517.0,0
1.541,11281.0,9026.0,6762.0,11276.5,9023.5,6759.5,5000.0,3000.0,3000.0,-10.16666666666606,-10.33333333333394,0.5,700.0,900.0,900.0,1.1919999999999795,0.6420000000000005,0.1420000000000001,4519.0,0
1.542,11286.0,9031.0,6765.0,11281.5,9026.5,6762.5,5000.0,5000.0,3000.0,-10.16666666666606,-9.33333333333394,0.5,700.0,900.0,900.0,1.1929999999999794,0.6430000000000005,0.1430000000000001,4521.0,0
1.543,11291.0,9034.0,6768.0,11286.5,9031.5,6765.5,5000.0,3000.0,3000.0,-10.16666666666606,-10.33333333333394,0.5,700.0,900.0,900.0,1.1939999999999793,0.6440000000000005,0.1440000000000001,4523.0,0
1.544,11296.0,9038.0,6771.0,11291.5,9034.5,6768.5,5000.0,4000.0,3000.0,-10.16666666666606,-9.33333333333394,0.5,700.0,900.0,900.0,1.1949999999999792,0.6450000000000005,0.1450000000000001,4525.0,0
1.545,11300.0,9043.0,6775.0,11296.5,9038.5,6771.5,4000.0,5000.0,4000.0,-10.16666666666606,-9.33333333333394,0.5,700.0,900.0,900.0,1.195999999999979,0.6460000000000005,0.1460000000000001,4525.0,0
1.546,11305.0,9047.0,6778.0,11300.5,9043.5,6775.5,5000.0,4000.0,3000.0,-7.5,-9.0,0.5,700.0,900.0,900.0,1.196999999999979,0.6470000000000005,0.1470000000000001,4527.0,0
1.547,11311.0,9051.0,6781.0,11305.5,9047.5,6778.5,6000.0,4000.0,3000.0,-7.5,-9.0,0.5,700.0,900.0,900.0,1.1979999999999789,0.6480000000000005,0.1480000000000001,4530.0,0
1.548,11316.0,9055.0,6784.0,11311.5,9051.5,6781.5,5000.0,4000.0,3000.0,-8.5,-9.0,0.5,700.0,900.0,900.0,1.1989999999999787,0.6490000000000005,0.1490000000000001,4532.0,0
1.549,11321.0,9060.0,6787.0,11316.5,9055.5,6784.5,5000.0,5000.0,3000.0,-8.5,-9.0,0.5,700.0,900.0,900.0,1.1999999999999786,0.6500000000000005,0.1500000000000001,4534.0,0
1.55,11327.0,9064.0,6790.0,11321.5,9060.5,6787.5,6000.0,4000.0,3000.0,-8.5,-10.0,0.5,700.0,900.0,900.0,1.2009999999999785,0.6510000000000005,0.1510000000000001,4537.0,0
1.551,11332.0,9067.0,6793.0,11327.5,9064.5,6790.5,5000.0,3000.0,3000.0,-9.5,-10.0,0.5,700.0,900.0,900.0,1.2019999999999784,0.6520000000000005,0.1520000000000001,4539.0,0
1.552,11337.0,9071.0,6796.0,11332.5,9067.5,6793.5,5000.0,4000.0,3000.0,-9.5,-9.0,0.5,700.0,900.0,900.0,1.2029999999999783,0.6530000000000005,0.1530000000000001,4541.0,0
1.553,11343.0,9076.0,6800.0,11337.5,9071.5,6796.5,6000.0,5000.0,4000.0,-9.5,-9.0,0.5,700.0,900.0,900.0,1.2039999999999782,0.6540000000000005,0.1540000000000001,4543.0,0
1.554,11348.0,9080.0,6803.0,11343.5,9076.5,6800.5,5000.0,4000.0,3000.0,-8.83333333333394,-8.66666666666606,0.5,700.0,900.0,900.0,1.204999999999978,0.6550000000000005,0.1550000000000001,4545.0,0
1.555,11353.0,9084.0,6806.0,11348.5,9080.5,6803.5,5000.0,4000.0,3000.0,-8.83333333333394,-8.66666666666606,0.5,700.0,900.0,900.0,1.205999999999978,0.6560000000000005,0.1560000000000001,4547.0,0
1.556,11358.0,9088.0,6809.0,11353.5,9084.5,6806.5,5000.0,4000.0,3000.0,-8.83333333333394,-8.66666666666606,0.5,700.0,900.0,900.0,1.2069999999999779,0.6570000000000005,0.1570000000000001,4549.0,0
1.557,11364.0,9092.0,6812.0,11358.5,9088.5,6809.5,6000.0,4000.0,3000.0,-8.83333333333394,-8.66666666666606,0.5,700.0,900.0,900.0,1.2079999999999778,0.6580000000000005,0.1580000000000001,4552.0,0
1.558,11369.0,9097.0,6815.0,11364.5,9092.5,6812.5,5000.0,5000.0,3000.0,-9.83333333333394,-8.66666666666606,0.5,700.0,900.0,900.0,1.2089999999999776,0.6590000000000005,0.1590000000000001,4554.0,0
1.559,11374.0,9101.0,6818.0,11369.5,9097.5,6815.5,5000.0,4000.0,3000.0,-9.83333333333394,-9.66666666666606,0.5,700.0,900.0,900.0,1.2099999999999775,0.6600000000000005,0.16000000000000011,4556.0,0
1.56,11380.0,9105.0,6821.0,11374.5,9101.5,6818.5,6000.0,4000.0,3000.0,-9.83333333333394,-9.66666666666606,0.5,700.0,900.0,900.0,1.2109999999999774,0.6610000000000005,0.16100000000000012,4559.0,0
1.561,11385.0,9109.0,6824.0,11380.5,9105.5,6821.5,5000.0,4000.0,3000.0,-10.83333333333394,-9.66666666666606,0.5,700.0,900.0,900.0,1.2119999999999773,0.6620000000000005,0.16200000000000012,4561.0,0
1.562,11390.0,9113.0,6828.0,11385.5,9109.5,6824.5,5000.0,4000.0,4000.0,-10.83333333333394,-9.66666666666606,0.5,700.0,900.0,900.0,1.2129999999999772,0.6630000000000005,0.16300000000000012,4562.0,0
1.563,11395.0,9118.0,6831.0,11390.5,9113.5,6828.5,5000.0,5000.0,3000.0,-9.16666666666606,-8.33333333333394,0.5,700.0,900.0,900.0,1.213999999999977,0.6640000000000005,0.16400000000000012,4564.0,0
1.564,11400.0,9122.0,6834.0,11395.5,9118.5,6831.5,5000.0,4000.0,3000.0,-9.16666666666606,-9.33333333333394,0.5,700.0,900.0,900.0,1.214999999999977,0.6650000000000005,0.16500000000000012,4566.0,0
1.565,11405.0,9126.0,6837.0,11400.5,9122.5,6834.5,5000.0,4000.0,3000.0,-9.16666666666606,-9.33333333333394,0.5,700.0,900.0,900.0,1.2159999999999769,0.6660000000000005,0.16600000000000012,4568.0,0
1.566,11410.0,9130.0,6840.0,11405.5,9126.5,6837.5,5000.0,4000.0,3000.0,-9.16666666666606,-9.33333333333394,0.5,700.0,900.0,900.0,1.2169999999999768,0.6670000000000005,0.16700000000000012,4570.0,0
1.567,11416.0,9134.0,6843.0,11410.5,9130.5,6840.5,6000.0,4000.0,3000.0,-9.16666666666606,-9.33333333333394,0.5,700.0,900.0,900.0,1.2179999999999767,0.6680000000000005,0.16800000000000012,4573.0,0
1.568,11421.0,9138.0,6846.0,11416.5,9134.5,6843.5,5000.0,4000.0,3000.0,-10.16666666666606,-9.33333333333394,0.5,700.0,900.0,900.0,1.2189999999999765,0.6690000000000005,0.16900000000000012,4575.0,0
1.569,11426.0,9143.0,6849.0,11421.5,9138.5,6846.5,5000.0,5000.0,3000.0,-10.16666666666606,-9.33333333333394,0.5,700.0,900.0,900.0,1.2199999999999764,0.6700000000000005,0.17000000000000012,4577.0,0
1.57,11431.0,9147.0,6852.0,11426.5,9143.5,6849.5,5000.0,4000.0,3000.0,-10.16666666666606,-10.33333333333394,0.5,700.0,900.0,900.0,1.2209999999999763,0.6710000000000005,0.17100000000000012,4579.0,0
1.571,11435.0,9150.0,6856.0,11431.5,9147.5,6852.5,4000.0,3000.0,4000.0,-10.16666666666606,-10.33333333333394,0.5,700.0,900.0,900.0,1.2219999999999762,0.6720000000000005,0.17200000000000013,4579.0,0
1.572,11440.0,9154.0,6859.0,11435.5,9150.5,6856.5,5000.0,4000.0,3000.0,-7.5,-8.0,0.5,700.0,900.0,900.0,1.222999999999976,0.6730000000000005,0.17300000000000013,4581.0,0
1.573,11446.0,9159.0,6862.0,11440.5,9154.5,6859.5,6000.0,5000.0,3000.0,-7.5,-8.0,0.5,700.0,900.0,900.0,1.223999999999976,0.6740000000000005,0.17400000000000013,4584.0,0
1.574,11451.0,9163.0,6865.0,11446.5,9159.5,6862.5,5000.0,4000.0,3000.0,-8.5,-9.0,0.5,700.0,900.0,900.0,1.2249999999999759,0.6750000000000005,0.17500000000000013,4586.0,0
1.575,11456.0,9167.0,6868.0,11451.5,9163.5,6865.5,5000.0,4000.0,3000.0,-8.5,-9.0,0.5,700.0,900.0,900.0,1.2259999999999758,0.6760000000000005,0.17600000000000013,4588.0,0
1.576,11461.0,9171.0,6871.0,11456.5,9167.5,6868.5,5000.0,4000.0,3000.0,-8.5,-9.0,0.5,700.0,900.0,900.0,1.2269999999999757,0.6770000000000005,0.17700000000000013,4590.0,0
1.577,11467.0,9175.0,6874.0,11461.5,9171.5,6871.5,6000.0,4000.0,3000.0,-8.5,-9.0,0.5,700.0,900.0,900.0,1.2279999999999756,0.6780000000000005,0.17800000000000013,4593.0,0
1.578,11472.0,9179.0,6877.0,11467.5,9175.5,6874.5,5000.0,4000.0,3000.0,-9.5,-9.0,0.5,700.0,900.0,900.0,1.2289999999999754,0.6790000000000005,0.17900000000000013,4595.0,0
1.579,11477.0,9184.0,6881.0,11472.5,9179.5,6877.5,5000.0,5000.0,4000.0,-9.5,-9.0,0.5,700.0,900.0,900.0,1.2299999999999753,0.6800000000000005,0.18000000000000013,4596.0,0
1.58,11483.0,9188.0,6884.0,11477.5,9184.5,6881.5,6000.0,4000.0,3000.0,-7.83333333333394,-8.66666666666606,0.5,700.0,900.0,900.0,1.2309999999999752,0.6810000000000005,0.18100000000000013,4599.0,0
1.581,11488.0,9192.0,6887.0,11483.5,9188.5,6884.5,5000.0,4000.0,3000.0,-8.83333333333394,-8.66666666666606,0.5,700.0,900.0,900.0,1.2319999999999751,0.6820000000000005,0.18200000000000013,4601.0,0
1.582,11493.0,9196.0,6890.0,11488.5,9192.5,6887.5,5000.0,4000.0,3000.0,-8.83333333333394,-8.66666666666606,0.5,700.0,900.0,900.0,1.232999999999975,0.6830000000000005,0.18300000000000013,4603.0,0
1.583,11498.0,9200.0,6893.0,11493.5,9196.5,6890.5,5000.0,4000.0,3000.0,-8.83333333333394,-8.66666666666606,0.5,700.0,900.0,900.0,1.233999999999975,0.6840000000000005,0.18400000000000014,4605.0,0
1.584,11504.0,9204.0,6896.0,11498.5,9200.5,6893.5,6000.0,4000.0,3000.0,-8.83333333333394,-8.66666666666606,0.5,700.0,900.0,900.0,1.2349999999999748,0.6850000000000005,0.18500000000000014,4608.0,0
1.585,11509.0,9208.0,6899.0,11504.5,9204.5,6896.5,5000.0,4000.0,3000.0,-9.83333333333394,-8.66666666666606,0.5,700.0,900.0,900.0,1.2359999999999747,0.6860000000000005,0.18600000000000014,4610.0,0
1.586,11514.0,9213.0,6902.0,11509.5,9208.5,6899.5,5000.0,5000.0,3000.0,-9.83333333333394,-8.66666666666606,0.5,700.0,900.0,900.0,1.2369999999999746,0.6870000000000005,0.18700000000000014,4612.0,0
1.587,11519.0,9217.0,6905.0,11514.5,9213.5,6902.5,5000.0,4000.0,3000.0,-9.83333333333394,-9.66666666666606,0.5,700.0,900.0,900.0,1.2379999999999745,0.6880000000000005,0.18800000000000014,4614.0,0
1.588,11525.0,9221.0,6909.0,11519.5,9217.5,6905.5,6000.0,4000.0,4000.0,-9.83333333333394,-9.66666666666606,0.5,700.0,900.0,900.0,1.2389999999999743,0.6890000000000005,0.18900000000000014,4616.0,0
1.589,11530.0,9225.0,6912.0,11525.5,9221.5,6909.5,5000.0,4000.0,3000.0,-9.16666666666606,-8.33333333333394,0.5,700.0,900.0,900.0,1.2399999999999742,0.6900000000000005,0.19000000000000014,4618.0,0
1.59,11535.0,9229.0,6915.0,11530.5,9225.5,6912.5,5000.0,4000.0,3000.0,-9.16666666666606,-8.33333333333394,0.5,700.0,900.0,900.0,1.2409999999999741,0.6910000000000005,0.19100000000000014,4620.0,0
1.591,11540.0,9233.0,6918.0,11535.5,9229.5,6915.5,5000.0,4000.0,3000.0,-9.16666666666606,-8.33333333333394,0.5,700.0,900.0,900.0,1.241999999999974,0.6920000000000005,0.19200000000000014,4622.0,0
1.592,11546.0,9238.0,6921.0,11540.5,9233.5,6918.5,6000.0,5000.0,3000.0,-9.16666666666606,-8.33333333333394,0.5,700.0,900.0,900.0,1.242999999999974,0.6930000000000005,0.19300000000000014,4625.0,0
1.593,11551.0,9242.0,6924.0,11546.5,9238.5,6921.5,5000.0,4000.0,3000.0,-10.16666666666606,-9.33333333333394,0.5,700.0,900.0,900.0,1.2439999999999738,0.6940000000000005,0.19400000000000014,4627.0,0
1.594,11555.0,9246.0,6927.0,11551.5,9242.5,6924.5,4000.0,4000.0,3000.0,-10.16666666666606,-9.33333333333394,0.5,700.0,900.0,900.0,1.2449999999999737,0.6950000000000005,0.19500000000000015,4628.0,0
1.595,11561.0,9250.0,6930.0,11555.5,9246.5,6927.5,6000.0,4000.0,3000.0,-9.16666666666606,-9.33333333333394,0.5,700.0,900.0,900.0,1.2459999999999736,0.6960000000000005,0.19600000000000015,4631.0,0
1.596,11565.0,9254.0,6934.0,11561.5,9250.5,6930.5,4000.0,4000.0,4000.0,-10.16666666666606,-9.33333333333394,0.5,700.0,900.0,900.0,1.2469999999999735,0.6970000000000005,0.19700000000000015,4631.0,0
1.597,11570.0,9258.0,6937.0,11565.5,9254.5,6934.5,5000.0,4000.0,3000.0,-7.5,-8.0,0.5,700.0,900.0,900.0,1.2479999999999734,0.6980000000000005,0.19800000000000015,4633.0,0
1.598,11576.0,9263.0,6940.0,11570.5,9258.5,6937.5,6000.0,5000.0,3000.0,-7.5,-8.0,0.5,700.0,900.0,900.0,1.2489999999999732,0.6990000000000005,0.19900000000000015,4636.0,0
1.599,11581.0,9267.0,6943.0,11576.5,9263.5,6940.5,5000.0,4000.0,3000.0,-8.5,-9.0,0.5,700.0,900.0,900.0,1.2499999999999731,0.7000000000000005,0.20000000000000015,4638.0,0
1.6,11586.0,9271.0,6946.0,11581.5,9267.5,6943.5,5000.0,4000.0,3000.0,-8.5,-9.0,0.5,700.0,900.0,900.0,1.250999999999973,0.7010000000000005,0.20100000000000015,4640.0,0
1.601,11591.0,9275.0,6949.0,11586.5,9271.5,6946.5,5000.0,4000.0,3000.0,-8.5,-9.0,0.5,700.0,900.0,900.0,1.251999999999973,0.7020000000000005,0.20200000000000015,4642.0,0
1.602,11597.0,9279.0,6952.0,11591.5,9275.5,6949.5,6000.0,4000.0,3000.0,-8.5,-9.0,0.5,700.0,900.0,900.0,1.2529999999999728,0.7030000000000005,0.20300000000000015,4645.0,0
1.603,11602.0,9283.0,6955.0,11597.5,9279.5,6952.5,5000.0,4000.0,3000.0,-9.5,-9.0,0.5,700.0,900.0,900.0,1.2539999999999727,0.7040000000000005,0.20400000000000015,4647.0,0
1.604,11607.0,9288.0,6958.0,11602.5,9283.5,6955.5,5000.0,5000.0,3000.0,-9.5,-9.0,0.5,700.0,900.0,900.0,1.2549999999999726,0.7050000000000005,0.20500000000000015,4649.0,0
1.605,11612.0,9291.0,6962.0,11607.5,9288.5,6958.5,5000.0,3000.0,4000.0,-9.5,-10.0,0.5,700.0,900.0,900.0,1.2559999999999725,0.7060000000000005,0.20600000000000016,4650.0,0
1.606,11618.0,9296.0,6965.0,11612.5,9291.5,6962.5,6000.0,5000.0,3000.0,-7.83333333333394,-7.66666666666606,0.5,700.0,900.0,900.0,1.2569999999999724,0.7070000000000005,0.20700000000000016,4653.0,0
1.607,11623.0,9300.0,6968.0,11618.5,9296.5,6965.5,5000.0,4000.0,3000.0,-8.83333333333394,-8.66666666666606,0.5,700.0,900.0,900.0,1.2579999999999723,0.7080000000000005,0.20800000000000016,4655.0,0
1.608,11628.0,9304.0,6971.0,11623.5,9300.5,6968.5,5000.0,4000.0,3000.0,-8.83333333333394,-8.66666666666606,0.5,700.0,900.0,900.0,1.2589999999999721,0.7090000000000005,0.20900000000000016,4657.0,0
1.609,11633.0,9308.0,6974.0,11628.5,9304.5,6971.5,5000.0,4000.0,3000.0,-8.83333333333394,-8.66666666666606,0.5,700.0,900.0,900.0,1.259999999999972,0.7100000000000005,0.21000000000000016,4659.0,0
1.61,11639.0,9312.0,6977.0,11633.5,9308.5,6974.5,6000.0,4000.0,3000.0,-8.83333333333394,-8.66666666666606,0.5,700.0,900.0,900.0,1.260999999999972,0.7110000000000005,0.21100000000000016,4662.0,0
1.611,11644.0,9316.0,6980.0,11639.5,9312.5,6977.5,5000.0,4000.0,3000.0,-9.83333333333394,-8.66666666666606,0.5,700.0,900.0,900.0,1.2619999999999718,0.7120000000000005,0.21200000000000016,4664.0,0
1.612,11649.0,9321.0,6983.0,11644.5,9316.5,6980.5,5000.0,5000.0,3000.0,-9.83333333333394,-8.66666666666606,0.5,700.0,900.0,900.0,1.2629999999999717,0.7130000000000005,0.21300000000000016,4666.0,0
1.613,11654.0,9325.0,6987.0,11649.5,9321.5,6983.5,5000.0,4000.0,4000.0,-9.83333333333394,-9.66666666666606,0.5,700.0,900.0,900.0,1.2639999999999716,0.7140000000000005,0.21400000000000016,4667.0,0
1.614,11659.0,9329.0,6990.0,11654.5,9325.5,6987.5,5000.0,4000.0,3000.0,-8.16666666666606,-8.33333333333394,0.5,700.0,900.0,900.0,1.2649999999999715,0.7150000000000005,0.21500000000000016,4669.0,0
1.615,11665.0,9333.0,6993.0,11659.5,9329.5,6990.5,6000.0,4000.0,3000.0,-8.16666666666606,-8.33333333333394,0.5,700.0,900.0,900.0,1.2659999999999714,0.7160000000000005,0.21600000000000016,4672.0,0
1.616,11670.0,9337.0,6996.0,11665.5,9333.5,6993.5,5000.0,4000.0,3000.0,-9.16666666666606,-8.33333333333394,0.5,700.0,900.0,900.0,1.2669999999999713,0.7170000000000005,0.21700000000000016,4674.0,0
1.617,11675.0,9341.0,6999.0,11670.5,9337.5,6996.5,5000.0,4000.0,3000.0,-9.16666666666606,-8.33333333333394,0.5,700.0,900.0,900.0,1.2679999999999712,0.7180000000000005,0.21800000000000017,4676.0,0
1.618,11680.0,9345.0,7002.0,11675.5,9341.5,6999.5,5000.0,4000.0,3000.0,-9.16666666666606,-8.33333333333394,0.5,700.0,900.0,900.0,1.268999999999971,0.7190000000000005,0.21900000000000017,4678.0,0
1.619,11686.0,9350.0,7005.0,11680.5,9345.5,7002.5,6000.0,5000.0,3000.0,-9.16666666666606,-8.33333333333394,0.5,700.0,900.0,900.0,1.269999999999971,0.7200000000000005,0.22000000000000017,4681.0,0
1.62,11691.0,9354.0,7008.0,11686.5,9350.5,7005.5,5000.0,4000.0,3000.0,-10.16666666666606,-9.33333333333394,0.5,700.0,900.0,900.0,1.2709999999999708,0.7210000000000005,0.22100000000000017,4683.0,0
1.621,11696.0,9358.0,7011.0,11691.5,9354.5,7008.5,5000.0,4000.0,3000.0,-10.16666666666606,-9.33333333333394,0.5,700.0,900.0,900.0,1.2719999999999707,0.7220000000000005,0.22200000000000017,4685.0,0
1.622,11700.0,9362.0,7015.0,11696.5,9358.5,7011.5,4000.0,4000.0,4000.0,-10.16666666666606,-9.33333333333394,0.5,700.0,900.0,900.0,1.2729999999999706,0.7230000000000005,0.22300000000000017,4685.0,0
1.623,11705.0,9366.0,7018.0,11700.5,9362.5,7015.5,5000.0,4000.0,3000.0,-7.5,-8.0,0.5,700.0,900.0,900.0,1.2739999999999705,0.7240000000000005,0.22400000000000017,4687.0,0
1.624,11711.0,9370.0,7021.0,11705.5,9366.5,7018.5,6000.0,4000.0,3000.0,-7.5,-8.0,0.5,700.0,900.0,900.0,1.2749999999999704,0.7250000000000005,0.22500000000000017,4690.0,0
1.625,11716.0,9374.0,7024.0,11711.5,9370.5,7021.5,5000.0,4000.0,3000.0,-8.5,-8.0,0.5,700.0,900.0,900.0,1.2759999999999703,0.7260000000000005,0.22600000000000017,4692.0,0
1.6260000000000001,11721.0,9379.0,7027.0,11716.5,9374.5,7024.5,5000.0,5000.0,3000.0,-8.5,-8.0,0.5,700.0,900.0,900.0,1.2769999999999702,0.7270000000000005,0.22700000000000017,4694.0,0
1.627,11726.0,9383.0,7030.0,11721.5,9379.5,7027.5,5000.0,4000.0,3000.0,-8.5,-9.0,0.5,700.0,900.0,900.0,1.27799999999997,0.7280000000000005,0.22800000000000017,4696.0,0
1.6280000000000001,11731.0,9387.0,7033.0,11726.5,9383.5,7030.5,5000.0,4000.0,3000.0,-8.5,-9.0,0.5,700.0,900.0,900.0,1.27899999999997,0.7290000000000005,0.22900000000000018,4698.0,0
1.629,11737.0,9391.0,7036.0,11731.5,9387.5,7033.5,6000.0,4000.0,3000.0,-8.5,-9.0,0.5,700.0,900.0,900.0,1.2799999999999698,0.7300000000000005,0.23000000000000018,4701.0,0
1.6300000000000001,11742.0,9395.0,7039.0,11737.5,9391.5,7036.5,5000.0,4000.0,3000.0,-9.5,-9.0,0.5,700.0,900.0,900.0,1.2809999999999697,0.7310000000000005,0.23100000000000018,4703.0,0
1.631,11747.0,9399.0,7043.0,11742.5,9395.5,7039.5,5000.0,4000.0,4000.0,-9.5,-9.0,0.5,700.0,900.0,900.0,1.2819999999999696,0.7320000000000005,0.23200000000000018,4704.0,0
1.6320000000000001,11752.0,9403.0,7046.0,11747.5,9399.5,7043.5,5000.0,4000.0,3000.0,-7.83333333333394,-7.66666666666606,0.5,700.0,900.0,900.0,1.2829999999999695,0.7330000000000005,0.23300000000000018,4706.0,0
1.633,11757.0,9408.0,7049.0,11752.5,9403.5,7046.5,5000.0,5000.0,3000.0,-7.83333333333394,-7.66666666666606,0.5,700.0,900.0,900.0,1.2839999999999694,0.7340000000000005,0.23400000000000018,4708.0,0
1.6340000000000001,11763.0,9412.0,7052.0,11757.5,9408.5,7049.5,6000.0,4000.0,3000.0,-7.83333333333394,-8.66666666666606,0.5,700.0,900.0,900.0,1.2849999999999693,0.7350000000000005,0.23500000000000018,4711.0,0
1.635,11768.0,9416.0,7055.0,11763.5,9412.5,7052.5,5000.0,4000.0,3000.0,-8.83333333333394,-8.66666666666606,0.5,700.0,900.0,900.0,1.2859999999999692,0.7360000000000005,0.23600000000000018,4713.0,0
1.6360000000000001,11773.0,9420.0,7058.0,11768.5,9416.5,7055.5,5000.0,4000.0,3000.0,-8.83333333333394,-8.66666666666606,0.5,700.0,900.0,900.0,1.286999999999969,0.7370000000000005,0.23700000000000018,4715.0,0
1.637,11778.0,9424.0,7061.0,11773.5,9420.5,7058.5,5000.0,4000.0,3000.0,-8.83333333333394,-8.66666666666606,0.5,700.0,900.0,900.0,1.287999999999969,0.7380000000000005,0.23800000000000018,4717.0,0
1.6380000000000001,11784.0,9428.0,7064.0,11778.5,9424.5,7061.5,6000.0,4000.0,3000.0,-8.83333333333394,-8.66666666666606,0.5,700.0,900.0,900.0,1.2889999999999688,0.7390000000000005,0.23900000000000018,4720.0,0
1.639,11789.0,9432.0,7068.0,11784.5,9428.5,7064.5,5000.0,4000.0,4000.0,-9.83333333333394,-8.66666666666606,0.5,700.0,900.0,900.0,1.2899999999999687,0.7400000000000005,0.24000000000000019,4721.0,0
1.6400000000000001,11794.0,9437.0,7071.0,11789.5,9432.5,7068.5,5000.0,5000.0,3000.0,-8.16666666666606,-7.33333333333394,0.5,700.0,900.0,900.0,1.2909999999999686,0.7410000000000005,0.2410000000000002,4723.0,0
1.641,11799.0,9441.0,7074.0,11794.5,9437.5,7071.5,5000.0,4000.0,3000.0,-8.16666666666606,-8.33333333333394,0.5,700.0,900.0,900.0,1.2919999999999685,0.7420000000000005,0.2420000000000002,4725.0,0
1.6420000000000001,11804.0,9445.0,7077.0,11799.5,9441.5,7074.5,5000.0,4000.0,3000.0,-8.16666666666606,-8.33333333333394,0.5,700.0,900.0,900.0,1.2929999999999684,0.7430000000000005,0.2430000000000002,4727.0,0
1.643,11810.0,9449.0,7080.0,11804.5,9445.5,7077.5,6000.0,4000.0,3000.0,-8.16666666666606,-8.33333333333394,0.5,700.0,900.0,900.0,1.2939999999999683,0.7440000000000005,0.2440000000000002,4730.0,0
1.6440000000000001,11815.0,9453.0,7083.0,11810.5,9449.5,7080.5,5000.0,4000.0,3000.0,-9.16666666666606,-8.33333333333394,0.5,700.0,900.0,900.0,1.2949999999999682,0.7450000000000006,0.2450000000000002,4732.0,0
1.645,11820.0,9457.0,7086.0,11815.5,9453.5,7083.5,5000.0,4000.0,3000.0,-9.16666666666606,-8.33333333333394,0.5,700.0,900.0,900.0,1.295999999999968,0.7460000000000006,0.2460000000000002,4734.0,0
1.6460000000000001,11825.0,9461.0,7089.0,11820.5,9457.5,7086.5,5000.0,4000.0,3000.0,-9.16666666666606,-8.33333333333394,0.5,700.0,900.0,900.0,1.296999999999968,0.7470000000000006,0.2470000000000002,4736.0,0
1.647,11831.0,9466.0,7092.0,11825.5,9461.5,7089.5,6000.0,5000.0,3000.0,-9.16666666666606,-8.33333333333394,0.5,700.0,900.0,900.0,1.2979999999999678,0.7480000000000006,0.2480000000000002,4739.0,0
1.6480000000000001,11836.0,9470.0,7096.0,11831.5,9466.5,7092.5,5000.0,4000.0,4000.0,-10.16666666666606,-9.33333333333394,0.5,700.0,900.0,900.0,1.2989999999999677,0.7490000000000006,0.2490000000000002,4740.0,0
1.649,11841.0,9474.0,7099.0,11836.5,9470.5,7096.5,5000.0,4000.0,3000.0,-8.5,-8.0,0.5,700.0,900.0,900.0,1.2999999999999676,0.7500000000000006,0.25000000000000017,4742.0,0
1.6500000000000001,11846.0,9478.0,7102.0,11841.5,9474.5,7099.5,5000.0,4000.0,3000.0,-8.5,-8.0,0.5,700.0,900.0,900.0,1.3009999999999675,0.7510000000000006,0.25100000000000017,4744.0,0
1.651,11851.0,9482.0,7105.0,11846.5,9478.5,7102.5,5000.0,4000.0,3000.0,-8.5,-8.0,0.5,700.0,900.0,900.0,1.3019999999999674,0.7520000000000006,0.25200000000000017,4746.0,0
1.6520000000000001,11856.0,9486.0,7108.0,11851.5,9482.5,7105.5,5000.0,4000.0,3000.0,-8.5,-8.0,0.5,700.0,900.0,900.0,1.3029999999999673,0.7530000000000006,0.25300000000000017,4748.0,0
1.653,11862.0,9490.0,7111.0,11856.5,9486.5,7108.5,6000.0,4000.0,3000.0,-8.5,-8.0,0.5,700.0,900.0,900.0,1.3039999999999672,0.7540000000000006,0.25400000000000017,4751.0,0
1.6540000000000001,11867.0,9495.0,7114.0,11862.5,9490.5,7111.5,5000.0,5000.0,3000.0,-9.5,-8.0,0.5,700.0,900.0,900.0,1.304999999999967,0.7550000000000006,0.25500000000000017,4753.0,0
1.655,11872.0,9499.0,7117.0,11867.5,9495.5,7114.5,5000.0,4000.0,3000.0,-9.5,-9.0,0.5,700.0,900.0,900.0,1.305999999999967,0.7560000000000006,0.25600000000000017,4755.0,0
1.6560000000000001,11877.0,9503.0,7121.0,11872.5,9499.5,7117.5,5000.0,4000.0,4000.0,-9.5,-9.0,0.5,700.0,900.0,900.0,1.3069999999999669,0.7570000000000006,0.2570000000000002,4756.0,0
1.657,11882.0,9507.0,7124.0,11877.5,9503.5,7121.5,5000.0,4000.0,3000.0,-7.83333333333394,-7.66666666666606,0.5,700.0,900.0,900.0,1.3079999999999667,0.7580000000000006,0.2580000000000002,4758.0,0
1.6580000000000001,11888.0,9511.0,7127.0,11882.5,9507.5,7124.5,6000.0,4000.0,3000.0,-7.83333333333394,-7.66666666666606,0.5,700.0,900.0,900.0,1.3089999999999666,0.7590000000000006,0.2590000000000002,4761.0,0
1.659,11893.0,9515.0,7130.0,11888.5,9511.5,7127.5,5000.0,4000.0,3000.0,-8.83333333333394,-7.66666666666606,0.5,700.0,900.0,900.0,1.3099999999999665,0.7600000000000006,0.2600000000000002,4763.0,0
1.6600000000000001,11898.0,9519.0,7133.0,11893.5,9515.5,7130.5,5000.0,4000.0,3000.0,-8.83333333333394,-7.66666666666606,0.5,700.0,900.0,900.0,1.3109999999999664,0.7610000000000006,0.2610000000000002,4765.0,0
1.661,11903.0,9524.0,7136.0,11898.5,9519.5,7133.5,5000.0,5000.0,3000.0,-8.83333333333394,-7.66666666666606,0.5,700.0,900.0,900.0,1.3119999999999663,0.7620000000000006,0.2620000000000002,4767.0,0
1.6620000000000001,11908.0,9528.0,7139.0,11903.5,9524.5,7136.5,5000.0,4000.0,3000.0,-8.83333333333394,-8.66666666666606,0.5,700.0,900.0,900.0,1.3129999999999662,0.7630000000000006,0.2630000000000002,4769.0,0
1.663,11914.0,9532.0,7142.0,11908.5,9528.5,7139.5,6000.0,4000.0,3000.0,-8.83333333333394,-8.66666666666606,0.5,700.0,900.0,900.0,1.313999999999966,0.7640000000000006,0.2640000000000002,4772.0,0
1.6640000000000001,11919.0,9536.0,7145.0,11914.5,9532.5,7142.5,5000.0,4000.0,3000.0,-9.83333333333394,-8.66666666666606,0.5,700.0,900.0,900.0,1.314999999999966,0.7650000000000006,0.2650000000000002,4774.0,0
1.665,11924.0,9540.0,7149.0,11919.5,9536.5,7145.5,5000.0,4000.0,4000.0,-9.83333333333394,-8.66666666666606,0.5,700.0,900.0,900.0,1.3159999999999659,0.7660000000000006,0.2660000000000002,4775.0,0
1.666,11929.0,9544.0,7152.0,11924.5,9540.5,7149.5,5000.0,4000.0,3000.0,-8.16666666666606,-7.33333333333394,0.5,700.0,900.0,900.0,1.3169999999999658,0.7670000000000006,0.2670000000000002,4777.0,0
1.667,11935.0,9548.0,7155.0,11929.5,9544.5,7152.5,6000.0,4000.0,3000.0,-8.16666666666606,-7.33333333333394,0.5,700.0,900.0,900.0,1.3179999999999656,0.7680000000000006,0.2680000000000002,4780.0,0
1.668,11940.0,9553.0,7158.0,11935.5,9548.5,7155.5,5000.0,5000.0,3000.0,-9.16666666666606,-7.33333333333394,0.5,700.0,900.0,900.0,1.3189999999999655,0.7690000000000006,0.2690000000000002,4782.0,0
1.669,11945.0,9557.0,7161.0,11940.5,9553.5,7158.5,5000.0,4000.0,3000.0,-9.16666666666606,-8.33333333333394,0.5,700.0,900.0,900.0,1.3199999999999654,0.7700000000000006,0.2700000000000002,4784.0,0
1.67,11950.0,9561.0,7164.0,11945.5,9557.5,7161.5,5000.0,4000.0,3000.0,-9.16666666666606,-8.33333333333394,0.5,700.0,900.0,900.0,1.3209999999999653,0.7710000000000006,0.2710000000000002,4786.0,0
1.671,11955.0,9565.0,7167.0,11950.5,9561.5,7164.5,5000.0,4000.0,3000.0,-9.16666666666606,-8.33333333333394,0.5,700.0,900.0,900.0,1.3219999999999652,0.7720000000000006,0.2720000000000002,4788.0,0
1.672,11961.0,9569.0,7170.0,11955.5,9565.5,7167.5,6000.0,4000.0,3000.0,-9.16666666666606,-8.33333333333394,0.5,700.0,900.0,900.0,1.322999999999965,0.7730000000000006,0.2730000000000002,4791.0,0
1.673,11966.0,9573.0,7174.0,11961.5,9569.5,7170.5,5000.0,4000.0,4000.0,-10.16666666666606,-8.33333333333394,0.5,700.0,900.0,900.0,1.323999999999965,0.7740000000000006,0.2740000000000002,4792.0,0
1.674,11971.0,9577.0,7177.0,11966.5,9573.5,7174.5,5000.0,4000.0,3000.0,-8.5,-7.0,0.5,700.0,900.0,900.0,1.3249999999999649,0.7750000000000006,0.2750000000000002,4794.0,0
1.675,11976.0,9582.0,7180.0,11971.5,9577.5,7177.5,5000.0,5000.0,3000.0,-8.5,-7.0,0.5,700.0,900.0,900.0,1.3259999999999648,0.7760000000000006,0.2760000000000002,4796.0,0
1.676,11981.0,9586.0,7183.0,11976.5,9582.5,7180.5,5000.0,4000.0,3000.0,-8.5,-8.0,0.5,700.0,900.0,900.0,1.3269999999999647,0.7770000000000006,0.2770000000000002,4798.0,0
1.677,11986.0,9590.0,7186.0,11981.5,9586.5,7183.5,5000.0,4000.0,3000.0,-8.5,-8.0,0.5,700.0,900.0,900.0,1.3279999999999645,0.7780000000000006,0.2780000000000002,4800.0,0
1.678,11992.0,9594.0,7189.0,11986.5,9590.5,7186.5,6000.0,4000.0,3000.0,-8.5,-8.0,0.5,700.0,900.0,900.0,1.3289999999999644,0.7790000000000006,0.2790000000000002,4803.0,0
1.679,11997.0,9598.0,7192.0,11992.5,9594.5,7189.5,5000.0,4000.0,3000.0,-9.5,-8.0,0.5,700.0,900.0,900.0,1.3299999999999643,0.7800000000000006,0.2800000000000002,4805.0,0
1.68,12002.0,9602.0,7195.0,11997.5,9598.5,7192.5,5000.0,4000.0,3000.0,-9.5,-8.0,0.5,700.0,900.0,900.0,1.3309999999999642,0.7810000000000006,0.2810000000000002,4807.0,0
1.681,12007.0,9607.0,7198.0,12002.5,9602.5,7195.5,5000.0,5000.0,3000.0,-9.5,-8.0,0.5,700.0,900.0,900.0,1.331999999999964,0.7820000000000006,0.2820000000000002,4809.0,0
1.682,12012.0,9611.0,7202.0,12007.5,9607.5,7198.5,5000.0,4000.0,4000.0,-9.5,-9.0,0.5,700.0,900.0,900.0,1.332999999999964,0.7830000000000006,0.2830000000000002,4810.0,0
1.683,12018.0,9615.0,7205.0,12012.5,9611.5,7202.5,6000.0,4000.0,3000.0,-7.83333333333394,-7.66666666666606,0.5,700.0,900.0,900.0,1.3339999999999639,0.7840000000000006,0.2840000000000002,4813.0,0
1.684,12023.0,9619.0,7208.0,12018.5,9615.5,7205.5,5000.0,4000.0,3000.0,-8.83333333333394,-7.66666666666606,0.5,700.0,900.0,900.0,1.3349999999999638,0.7850000000000006,0.2850000000000002,4815.0,0
1.685,12028.0,9623.0,7211.0,12023.5,9619.5,7208.5,5000.0,4000.0,3000.0,-8.83333333333394,-7.66666666666606,0.5,700.0,900.0,900.0,1.3359999999999637,0.7860000000000006,0.2860000000000002,4817.0,0
1.686,12033.0,9627.0,7214.0,12028.5,9623.5,7211.5,5000.0,4000.0,3000.0,-8.83333333333394,-7.66666666666606,0.5,700.0,900.0,900.0,1.3369999999999636,0.7870000000000006,0.2870000000000002,4819.0,0
1.687,12038.0,9631.0,7217.0,12033.5,9627.5,7214.5,5000.0,4000.0,3000.0,-8.83333333333394,-7.66666666666606,0.5,700.0,900.0,900.0,1.3379999999999634,0.7880000000000006,0.2880000000000002,4821.0,0
1.688,12044.0,9636.0,7220.0,12038.5,9631.5,7217.5,6000.0,5000.0,3000.0,-8.83333333333394,-7.66666666666606,0.5,700.0,900.0,900.0,1.3389999999999633,0.7890000000000006,0.2890000000000002,4824.0,0
1.689,12049.0,9640.0,7223.0,12044.5,9636.5,7220.5,5000.0,4000.0,3000.0,-9.83333333333394,-8.66666666666606,0.5,700.0,900.0,900.0,1.3399999999999632,0.7900000000000006,0.2900000000000002,4826.0,0
1.69,12054.0,9644.0,7226.0,12049.5,9640.5,7223.5,5000.0,4000.0,3000.0,-9.83333333333394,-8.66666666666606,0.5,700.0,900.0,900.0,1.340999999999963,0.7910000000000006,0.2910000000000002,4828.0,0
1.691,12059.0,9648.0,7230.0,12054.5,9644.5,7226.5,5000.0,4000.0,4000.0,-9.83333333333394,-8.66666666666606,0.5,700.0,900.0,900.0,1.341999999999963,0.7920000000000006,0.2920000000000002,4829.0,0
1.692,12064.0,9652.0,7233.0,12059.5,9648.5,7230.5,5000.0,4000.0,3000.0,-8.16666666666606,-7.33333333333394,0.5,700.0,900.0,900.0,1.342999999999963,0.7930000000000006,0.2930000000000002,4831.0,0
1.693,12070.0,9656.0,7236.0,12064.5,9652.5,7233.5,6000.0,4000.0,3000.0,-8.16666666666606,-7.33333333333394,0.5,700.0,900.0,900.0,1.3439999999999628,0.7940000000000006,0.2940000000000002,4834.0,0
1.694,12075.0,9660.0,7239.0,12070.5,9656.5,7236.5,5000.0,4000.0,3000.0,-9.16666666666606,-7.33333333333394,0.5,700.0,900.0,900.0,1.3449999999999627,0.7950000000000006,0.2950000000000002,4836.0,0
1.695,12080.0,9665.0,7242.0,12075.5,9660.5,7239.5,5000.0,5000.0,3000.0,-9.16666666666606,-7.33333333333394,0.5,700.0,900.0,900.0,1.3459999999999626,0.7960000000000006,0.2960000000000002,4838.0,0
1.696,12085.0,9669.0,7245.0,12080.5,9665.5,7242.5,5000.0,4000.0,3000.0,-9.16666666666606,-8.33333333333394,0.5,700.0,900.0,900.0,1.3469999999999624,0.7970000000000006,0.2970000000000002,4840.0,0
1.697,12090.0,9673.0,7248.0,12085.5,9669.5,7245.5,5000.0,4000.0,3000.0,-9.16666666666606,-8.33333333333394,0.5,700.0,900.0,900.0,1.3479999999999623,0.7980000000000006,0.2980000000000002,4842.0,0
1.698,12096.0,9677.0,7251.0,12090.5,9673.5,7248.5,6000.0,4000.0,3000.0,-9.16666666666606,-8.33333333333394,0.5,700.0,900.0,900.0,1.3489999999999622,0.7990000000000006,0.2990000000000002,4845.0,0
1.699,12101.0,9681.0,7255.0,12096.5,9677.5,7251.5,5000.0,4000.0,4000.0,-10.16666666666606,-8.33333333333394,0.5,700.0,900.0,900.0,1.3499999999999621,0.8000000000000006,0.3000000000000002,4846.0,0
1.7,12106.0,9685.0,7258.0,12101.5,9681.5,7255.5,5000.0,4000.0,3000.0,-8.5,-7.0,0.5,700.0,900.0,900.0,1.350999999999962,0.8010000000000006,0.3010000000000002,4848.0,0
1.701,12111.0,9689.0,7261.0,12106.5,9685.5,7258.5,5000.0,4000.0,3000.0,-8.5,-7.0,0.5,700.0,900.0,900.0,1.351999999999962,0.8020000000000006,0.3020000000000002,4850.0,0
1.702,12116.0,9694.0,7264.0,12111.5,9689.5,7261.5,5000.0,5000.0,3000.0,-8.5,-7.0,0.5,700.0,900.0,900.0,1.3529999999999618,0.8030000000000006,0.3030000000000002,4852.0,0
1.703,12121.0,9698.0,7267.0,12116.5,9694.5,7264.5,5000.0,4000.0,3000.0,-8.5,-8.0,0.5,700.0,900.0,900.0,1.3539999999999617,0.8040000000000006,0.3040000000000002,4854.0,0
1.704,12127.0,9702.0,7270.0,12121.5,9698.5,7267.5,6000.0,4000.0,3000.0,-8.5,-8.0,0.5,700.0,900.0,900.0,1.3549999999999616,0.8050000000000006,0.3050000000000002,4857.0,0
1.705,12132.0,9706.0,7273.0,12127.5,9702.5,7270.5,5000.0,4000.0,3000.0,-9.5,-8.0,0.5,700.0,900.0,900.0,1.3559999999999615,0.8060000000000006,0.3060000000000002,4859.0,0
1.706,12137.0,9710.0,7276.0,12132.5,9706.5,7273.5,5000.0,4000.0,3000.0,-9.5,-8.0,0.5,700.0,900.0,900.0,1.3569999999999613,0.8070000000000006,0.3070000000000002,4861.0,0
1.707,12142.0,9714.0,7279.0,12137.5,9710.5,7276.5,5000.0,4000.0,3000.0,-9.5,-8.0,0.5,700.0,900.0,900.0,1.3579999999999612,0.8080000000000006,0.3080000000000002,4863.0,0
1.708,12147.0,9718.0,7283.0,12142.5,9714.5,7279.5,5000.0,4000.0,4000.0,-9.5,-8.0,0.5,700.0,900.0,900.0,1.3589999999999611,0.8090000000000006,0.3090000000000002,4864.0,0
1.709,12153.0,9723.0,7286.0,12147.5,9718.5,7283.5,6000.0,5000.0,3000.0,-7.83333333333394,-6.66666666666606,0.5,700.0,900.0,900.0,1.359999999999961,0.8100000000000006,0.3100000000000002,4867.0,0
1.71,12158.0,9727.0,7289.0,12153.5,9723.5,7286.5,5000.0,4000.0,3000.0,-8.83333333333394,-7.66666666666606,0.5,700.0,900.0,900.0,1.360999999999961,0.8110000000000006,0.3110000000000002,4869.0,0
1.711,12163.0,9731.0,7292.0,12158.5,9727.5,7289.5,5000.0,4000.0,3000.0,-8.83333333333394,-7.66666666666606,0.5,700.0,900.0,900.0,1.3619999999999608,0.8120000000000006,0.3120000000000002,4871.0,0
1.712,12168.0,9735.0,7295.0,12163.5,9731.5,7292.5,5000.0,4000.0,3000.0,-8.83333333333394,-7.66666666666606,0.5,700.0,900.0,900.0,1.3629999999999607,0.8130000000000006,0.3130000000000002,4873.0,0
1.713,12173.0,9739.0,7298.0,12168.5,9735.5,7295.5,5000.0,4000.0,3000.0,-8.83333333333394,-7.66666666666606,0.5,700.0,900.0,900.0,1.3639999999999606,0.8140000000000006,0.3140000000000002,4875.0,0
1.714,12179.0,9743.0,7301.0,12173.5,9739.5,7298.5,6000.0,4000.0,3000.0,-8.83333333333394,-7.66666666666606,0.5,700.0,900.0,900.0,1.3649999999999605,0.8150000000000006,0.3150000000000002,4878.0,0
1.715,12184.0,9747.0,7304.0,12179.5,9743.5,7301.5,5000.0,4000.0,3000.0,-9.83333333333394,-7.66666666666606,0.5,700.0,900.0,900.0,1.3659999999999604,0.8160000000000006,0.3160000000000002,4880.0,0
1.716,12189.0,9752.0,7308.0,12184.5,9747.5,7304.5,5000.0,5000.0,4000.0,-9.83333333333394,-7.66666666666606,0.5,700.0,900.0,900.0,1.3669999999999602,0.8170000000000006,0.3170000000000002,4881.0,0
1.717,12194.0,9756.0,7311.0,12189.5,9752.5,7308.5,5000.0,4000.0,3000.0,-8.16666666666606,-7.33333333333394,0.5,700.0,900.0,900.0,1.3679999999999601,0.8180000000000006,0.3180000000000002,4883.0,0
1.718,12199.0,9760.0,7314.0,12194.5,9756.5,7311.5,5000.0,4000.0,3000.0,-8.16666666666606,-7.33333333333394,0.5,700.0,900.0,900.0,1.36899999999996,0.8190000000000006,0.31900000000000023,4885.0,0
1.719,12205.0,9764.0,7317.0,12199.5,9760.5,7314.5,6000.0,4000.0,3000.0,-8.16666666666606,-7.33333333333394,0.5,700.0,900.0,900.0,1.36999999999996,0.8200000000000006,0.32000000000000023,4888.0,0
1.72,12210.0,9768.0,7320.0,12205.5,9764.5,7317.5,5000.0,4000.0,3000.0,-9.16666666666606,-7.33333333333394,0.5,700.0,900.0,900.0,1.3709999999999598,0.8210000000000006,0.32100000000000023,4890.0,0
1.721,12215.0,9772.0,7323.0,12210.5,9768.5,7320.5,5000.0,4000.0,3000.0,-9.16666666666606,-7.33333333333394,0.5,700.0,900.0,900.0,1.3719999999999597,0.8220000000000006,0.32200000000000023,4892.0,0
1.722,12220.0,9776.0,7326.0,12215.5,9772.5,7323.5,5000.0,4000.0,3000.0,-9.16666666666606,-7.33333333333394,0.5,700.0,900.0,900.0,1.3729999999999596,0.8230000000000006,0.32300000000000023,4894.0,0
1.723,12225.0,9781.0,7329.0,12220.5,9776.5,7326.5,5000.0,5000.0,3000.0,-9.16666666666606,-7.33333333333394,0.5,700.0,900.0,900.0,1.3739999999999595,0.8240000000000006,0.32400000000000023,4896.0,0
1.724,12231.0,9785.0,7332.0,12225.5,9781.5,7329.5,6000.0,4000.0,3000.0,-9.16666666666606,-8.33333333333394,0.5,700.0,900.0,900.0,1.3749999999999594,0.8250000000000006,0.32500000000000023,4899.0,0
1.725,12236.0,9789.0,7336.0,12231.5,9785.5,7332.5,5000.0,4000.0,4000.0,-10.16666666666606,-8.33333333333394,0.5,700.0,900.0,900.0,1.3759999999999593,0.8260000000000006,0.32600000000000023,4900.0,0
1.726,12241.0,9793.0,7339.0,12236.5,9789.5,7336.5,5000.0,4000.0,3000.0,-8.5,-7.0,0.5,700.0,900.0,900.0,1.3769999999999591,0.8270000000000006,0.32700000000000023,4902.0,0
1.727,12246.0,9797.0,7342.0,12241.5,9793.5,7339.5,5000.0,4000.0,3000.0,-8.5,-7.0,0.5,700.0,900.0,900.0,1.377999999999959,0.8280000000000006,0.32800000000000024,4904.0,0
1.728,12251.0,9801.0,7345.0,12246.5,9797.5,7342.5,5000.0,4000.0,3000.0,-8.5,-7.0,0.5,700.0,900.0,900.0,1.378999999999959,0.8290000000000006,0.32900000000000024,4906.0,0
1.729,12256.0,9805.0,7348.0,12251.5,9801.5,7345.5,5000.0,4000.0,3000.0,-8.5,-7.0,0.5,700.0,900.0,900.0,1.3799999999999588,0.8300000000000006,0.33000000000000024,4908.0,0
1.73,12262.0,9810.0,7351.0,12256.5,9805.5,7348.5,6000.0,5000.0,3000.0,-8.5,-7.0,0.5,700.0,900.0,900.0,1.3809999999999587,0.8310000000000006,0.33100000000000024,4911.0,0
1.731,12267.0,9814.0,7354.0,12262.5,9810.5,7351.5,5000.0,4000.0,3000.0,-9.5,-8.0,0.5,700.0,900.0,900.0,1.3819999999999586,0.8320000000000006,0.33200000000000024,4913.0,0
1.732,12272.0,9818.0,7357.0,12267.5,9814.5,7354.5,5000.0,4000.0,3000.0,-9.5,-8.0,0.5,700.0,900.0,900.0,1.3829999999999585,0.8330000000000006,0.33300000000000024,4915.0,0
1.733,12277.0,9822.0,7361.0,12272.5,9818.5,7357.5,5000.0,4000.0,4000.0,-9.5,-8.0,0.5,700.0,900.0,900.0,1.3839999999999584,0.8340000000000006,0.33400000000000024,4916.0,0
1.734,12282.0,9826.0,7364.0,12277.5,9822.5,7361.5,5000.0,4000.0,3000.0,-7.83333333333394,-6.66666666666606,0.5,700.0,900.0,900.0,1.3849999999999583,0.8350000000000006,0.33500000000000024,4918.0,0
1.735,12288.0,9830.0,7367.0,12282.5,9826.5,7364.5,6000.0,4000.0,3000.0,-7.83333333333394,-6.66666666666606,0.5,700.0,900.0,900.0,1.3859999999999582,0.8360000000000006,0.33600000000000024,4921.0,0
1.736,12293.0,9834.0,7370.0,12288.5,9830.5,7367.5,5000.0,4000.0,3000.0,-8.83333333333394,-6.66666666666606,0.5,700.0,900.0,900.0,1.386999999999958,0.8370000000000006,0.33700000000000024,4923.0,0
1.737,12298.0,9839.0,7373.0,12293.5,9834.5,7370.5,5000.0,5000.0,3000.0,-8.83333333333394,-6.66666666666606,0.5,700.0,900.0,900.0,1.387999999999958,0.8380000000000006,0.33800000000000024,4925.0,0
1.738,12303.0,9843.0,7376.0,12298.5,9839.5,7373.5,5000.0,4000.0,3000.0,-8.83333333333394,-7.66666666666606,0.5,700.0,900.0,900.0,1.3889999999999578,0.8390000000000006,0.33900000000000025,4927.0,0
1.739,12308.0,9847.0,7379.0,12303.5,9843.5,7376.5,5000.0,4000.0,3000.0,-8.83333333333394,-7.66666666666606,0.5,700.0,900.0,900.0,1.3899999999999577,0.8400000000000006,0.34000000000000025,4929.0,0
1.74,12314.0,9851.0,7382.0,12308.5,9847.5,7379.5,6000.0,4000.0,3000.0,-8.83333333333394,-7.66666666666606,0.5,700.0,900.0,900.0,1.3909999999999576,0.8410000000000006,0.34100000000000025,4932.0,0
1.741,12319.0,9855.0,7385.0,12314.5,9851.5,7382.5,5000.0,4000.0,3000.0,-9.83333333333394,-7.66666666666606,0.5,700.0,900.0,900.0,1.3919999999999575,0.8420000000000006,0.34200000000000025,4934.0,0
1.742,12324.0,9859.0,7389.0,12319.5,9855.5,7385.5,5000.0,4000.0,4000.0,-9.83333333333394,-7.66666666666606,0.5,700.0,900.0,900.0,1.3929999999999574,0.8430000000000006,0.34300000000000025,4935.0,0
1.743,12329.0,9863.0,7392.0,12324.5,9859.5,7389.5,5000.0,4000.0,3000.0,-8.16666666666606,-6.33333333333394,0.5,700.0,900.0,900.0,1.3939999999999573,0.8440000000000006,0.34400000000000025,4937.0,0
1.744,12334.0,9868.0,7395.0,12329.5,9863.5,7392.5,5000.0,5000.0,3000.0,-8.16666666666606,-6.33333333333394,0.5,700.0,900.0,900.0,1.3949999999999572,0.8450000000000006,0.34500000000000025,4939.0,0
1.745,12339.0,9872.0,7398.0,12334.5,9868.5,7395.5,5000.0,4000.0,3000.0,-8.16666666666606,-7.33333333333394,0.5,700.0,900.0,900.0,1.395999999999957,0.8460000000000006,0.34600000000000025,4941.0,0
1.746,12345.0,9876.0,7401.0,12339.5,9872.5,7398.5,6000.0,4000.0,3000.0,-8.16666666666606,-7.33333333333394,0.5,700.0,900.0,900.0,1.396999999999957,0.8470000000000006,0.34700000000000025,4944.0,0
1.747,12350.0,9880.0,7404.0,12345.5,9876.5,7401.5,5000.0,4000.0,3000.0,-9.16666666666606,-7.33333333333394,0.5,700.0,900.0,900.0,1.3979999999999568,0.8480000000000006,0.34800000000000025,4946.0,0
1.748,12355.0,9884.0,7407.0,12350.5,9880.5,7404.5,5000.0,4000.0,3000.0,-9.16666666666606,-7.33333333333394,0.5,700.0,900.0,900.0,1.3989999999999567,0.8490000000000006,0.34900000000000025,4948.0,0
1.749,12360.0,9888.0,7410.0,12355.5,9884.5,7407.5,5000.0,4000.0,3000.0,-9.16666666666606,-7.33333333333394,0.5,700.0,900.0,900.0,1.3999999999999566,0.8500000000000006,0.35000000000000026,4950.0,0
1.75,12365.0,9893.0,7413.0,12360.5,9888.5,7410.5,5000.0,5000.0,3000.0,-9.16666666666606,-7.33333333333394,0.5,700.0,900.0,900.0,1.4009999999999565,0.8510000000000006,0.35100000000000026,4952.0,0
1.7510000000000001,12371.0,9897.0,7417.0,12365.5,9893.5,7413.5,6000.0,4000.0,4000.0,-9.16666666666606,-8.33333333333394,0.5,700.0,900.0,900.0,1.4019999999999564,0.8520000000000006,0.35200000000000026,4954.0,0
1.752,12376.0,9901.0,7420.0,12371.5,9897.5,7417.5,5000.0,4000.0,3000.0,-8.5,-7.0,0.5,700.0,900.0,900.0,1.4029999999999563,0.8530000000000006,0.35300000000000026,4956.0,0
1.7530000000000001,12381.0,9905.0,7423.0,12376.5,9901.5,7420.5,5000.0,4000.0,3000.0,-8.5,-7.0,0.5,700.0,900.0,900.0,1.4039999999999562,0.8540000000000006,0.35400000000000026,4958.0,0
1.754,12386.0,9909.0,7426.0,12381.5,9905.5,7423.5,5000.0,4000.0,3000.0,-8.5,-7.0,0.5,700.0,900.0,900.0,1.404999999999956,0.8550000000000006,0.35500000000000026,4960.0,0
1.7550000000000001,12391.0,9913.0,7429.0,12386.5,9909.5,7426.5,5000.0,4000.0,3000.0,-8.5,-7.0,0.5,700.0,900.0,900.0,1.405999999999956,0.8560000000000006,0.35600000000000026,4962.0,0
1.756,12397.0,9917.0,7432.0,12391.5,9913.5,7429.5,6000.0,4000.0,3000.0,-8.5,-7.0,0.5,700.0,900.0,900.0,1.4069999999999558,0.8570000000000007,0.35700000000000026,4965.0,0
1.7570000000000001,12402.0,9922.0,7435.0,12397.5,9917.5,7432.5,5000.0,5000.0,3000.0,-9.5,-7.0,0.5,700.0,900.0,900.0,1.4079999999999557,0.8580000000000007,0.35800000000000026,4967.0,0
1.758,12407.0,9926.0,7438.0,12402.5,9922.5,7435.5,5000.0,4000.0,3000.0,-9.5,-8.0,0.5,700.0,900.0,900.0,1.4089999999999556,0.8590000000000007,0.35900000000000026,4969.0,0
1.7590000000000001,12412.0,9930.0,7442.0,12407.5,9926.5,7438.5,5000.0,4000.0,4000.0,-9.5,-8.0,0.5,700.0,900.0,900.0,1.4099999999999555,0.8600000000000007,0.36000000000000026,4970.0,0
1.76,12417.0,9934.0,7445.0,12412.5,9930.5,7442.5,5000.0,4000.0,3000.0,-7.83333333333394,-6.66666666666606,0.5,700.0,900.0,900.0,1.4109999999999554,0.8610000000000007,0.36100000000000027,4972.0,0
1.7610000000000001,12423.0,9938.0,7448.0,12417.5,9934.5,7445.5,6000.0,4000.0,3000.0,-7.83333333333394,-6.66666666666606,0.5,700.0,900.0,900.0,1.4119999999999553,0.8620000000000007,0.36200000000000027,4975.0,0
1.762,12428.0,9942.0,7451.0,12423.5,9938.5,7448.5,5000.0,4000.0,3000.0,-8.83333333333394,-6.66666666666606,0.5,700.0,900.0,900.0,1.4129999999999552,0.8630000000000007,0.36300000000000027,4977.0,0
1.7630000000000001,12433.0,9946.0,7454.0,12428.5,9942.5,7451.5,5000.0,4000.0,3000.0,-8.83333333333394,-6.66666666666606,0.5,700.0,900.0,900.0,1.413999999999955,0.8640000000000007,0.36400000000000027,4979.0,0
1.764,12438.0,9951.0,7457.0,12433.5,9946.5,7454.5,5000.0,5000.0,3000.0,-8.83333333333394,-6.66666666666606,0.5,700.0,900.0,900.0,1.414999999999955,0.8650000000000007,0.36500000000000027,4981.0,0
1.7650000000000001,12443.0,9955.0,7460.0,12438.5,9951.5,7457.5,5000.0,4000.0,3000.0,-8.83333333333394,-7.66666666666606,0.5,700.0,900.0,900.0,1.4159999999999549,0.8660000000000007,0.36600000000000027,4983.0,0
1.766,12448.0,9959.0,7463.0,12443.5,9955.5,7460.5,5000.0,4000.0,3000.0,-8.83333333333394,-7.66666666666606,0.5,700.0,900.0,900.0,1.4169999999999547,0.8670000000000007,0.36700000000000027,4985.0,0
1.7670000000000001,12454.0,9963.0,7466.0,12448.5,9959.5,7463.5,6000.0,4000.0,3000.0,-8.83333333333394,-7.66666666666606,0.5,700.0,900.0,900.0,1.4179999999999546,0.8680000000000007,0.36800000000000027,4988.0,0
1.768,12459.0,9967.0,7470.0,12454.5,9963.5,7466.5,5000.0,4000.0,4000.0,-9.83333333333394,-7.66666666666606,0.5,700.0,900.0,900.0,1.4189999999999545,0.8690000000000007,0.36900000000000027,4989.0,0
1.7690000000000001,12464.0,9971.0,7473.0,12459.5,9967.5,7470.5,5000.0,4000.0,3000.0,-8.16666666666606,-6.33333333333394,0.5,700.0,900.0,900.0,1.4199999999999544,0.8700000000000007,0.3700000000000003,4991.0,0
1.77,12469.0,9975.0,7476.0,12464.5,9971.5,7473.5,5000.0,4000.0,3000.0,-8.16666666666606,-6.33333333333394,0.5,700.0,900.0,900.0,1.4209999999999543,0.8710000000000007,0.3710000000000003,4993.0,0
1.7710000000000001,12474.0,9980.0,7479.0,12469.5,9975.5,7476.5,5000.0,5000.0,3000.0,-8.16666666666606,-6.33333333333394,0.5,700.0,900.0,900.0,1.4219999999999542,0.8720000000000007,0.3720000000000003,4995.0,0
1.772,12480.0,9984.0,7482.0,12474.5,9980.5,7479.5,6000.0,4000.0,3000.0,-8.16666666666606,-7.33333333333394,0.5,700.0,900.0,900.0,1.422999999999954,0.8730000000000007,0.3730000000000003,4998.0,0
1.7730000000000001,12485.0,9988.0,7485.0,12480.5,9984.5,7482.5,5000.0,4000.0,3000.0,-9.16666666666606,-7.33333333333394,0.5,700.0,900.0,900.0,1.423999999999954,0.8740000000000007,0.3740000000000003,5000.0,0
1.774,12490.0,9992.0,7488.0,12485.5,9988.5,7485.5,5000.0,4000.0,3000.0,-9.16666666666606,-7.33333333333394,0.5,700.0,900.0,900.0,1.4249999999999539,0.8750000000000007,0.3750000000000003,5002.0,0
1.7750000000000001,12495.0,9996.0,7491.0,12490.5,9992.5,7488.5,5000.0,4000.0,3000.0,-9.16666666666606,-7.33333333333394,0.5,700.0,900.0,900.0,1.4259999999999537,0.8760000000000007,0.3760000000000003,5004.0,0
1.776,12500.0,10000.0,7495.0,12495.5,9996.5,7491.5,5000.0,4000.0,4000.0,-9.16666666666606,-7.33333333333394,0.5,700.0,900.0,900.0,1.4269999999999536,0.8770000000000007,0.3770000000000003,5005.0,0
1.7770000000000001,12506.0,10004.0,7498.0,12500.5,10000.5,7495.5,6000.0,4000.0,3000.0,-7.5,-6.0,0.5,700.0,900.0,900.0,1.4279999999999535,0.8780000000000007,0.3780000000000003,5008.0,0
1.778,12511.0,10009.0,7501.0,12506.5,10004.5,7498.5,5000.0,5000.0,3000.0,-8.5,-6.0,0.5,700.0,900.0,900.0,1.4289999999999534,0.8790000000000007,0.3790000000000003,5010.0,0
1.7790000000000001,12516.0,10013.0,7504.0,12511.5,10009.5,7501.5,5000.0,4000.0,3000.0,-8.5,-7.0,0.5,700.0,900.0,900.0,1.4299999999999533,0.8800000000000007,0.3800000000000003,5012.0,0
1.78,12521.0,10017.0,7507.0,12516.5,10013.5,7504.5,5000.0,4000.0,3000.0,-8.5,-7.0,0.5,700.0,900.0,900.0,1.4309999999999532,0.8810000000000007,0.3810000000000003,5014.0,0
1.7810000000000001,12526.0,10021.0,7510.0,12521.5,10017.5,7507.5,5000.0,4000.0,3000.0,-8.5,-7.0,0.5,700.0,900.0,900.0,1.431999999999953,0.8820000000000007,0.3820000000000003,5016.0,0
1.782,12532.0,10025.0,7513.0,12526.5,10021.5,7510.5,6000.0,4000.0,3000.0,-8.5,-7.0,0.5,700.0,900.0,900.0,1.432999999999953,0.8830000000000007,0.3830000000000003,5019.0,0
1.7830000000000001,12537.0,10029.0,7516.0,12532.5,10025.5,7513.5,5000.0,4000.0,3000.0,-9.5,-7.0,0.5,700.0,900.0,900.0,1.4339999999999529,0.8840000000000007,0.3840000000000003,5021.0,0
1.784,12542.0,10033.0,7519.0,12537.5,10029.5,7516.5,5000.0,4000.0,3000.0,-9.5,-7.0,0.5,700.0,900.0,900.0,1.4349999999999528,0.8850000000000007,0.3850000000000003,5023.0,0
1.7850000000000001,12547.0,10038.0,7523.0,12542.5,10033.5,7519.5,5000.0,5000.0,4000.0,-9.5,-7.0,0.5,700.0,900.0,900.0,1.4359999999999526,0.8860000000000007,0.3860000000000003,5024.0,0
1.786,12552.0,10042.0,7526.0,12547.5,10038.5,7523.5,5000.0,4000.0,3000.0,-7.83333333333394,-6.66666666666606,0.5,700.0,900.0,900.0,1.4369999999999525,0.8870000000000007,0.3870000000000003,5026.0,0
1.7870000000000001,12558.0,10046.0,7529.0,12552.5,10042.5,7526.5,6000.0,4000.0,3000.0,-7.83333333333394,-6.66666666666606,0.5,700.0,900.0,900.0,1.4379999999999524,0.8880000000000007,0.3880000000000003,5029.0,0
1.788,12563.0,10050.0,7532.0,12558.5,10046.5,7529.5,5000.0,4000.0,3000.0,-8.83333333333394,-6.66666666666606,0.5,700.0,900.0,900.0,1.4389999999999523,0.8890000000000007,0.3890000000000003,5031.0,0
1.7890000000000001,12568.0,10054.0,7535.0,12563.5,10050.5,7532.5,5000.0,4000.0,3000.0,-8.83333333333394,-6.66666666666606,0.5,700.0,900.0,900.0,1.4399999999999522,0.8900000000000007,0.3900000000000003,5033.0,0
1.79,12573.0,10058.0,7538.0,12568.5,10054.5,7535.5,5000.0,4000.0,3000.0,-8.83333333333394,-6.66666666666606,0.5,700.0,900.0,900.0,1.440999999999952,0.8910000000000007,0.3910000000000003,5035.0,0
1.7910000000000001,12578.0,10062.0,7541.0,12573.5,10058.5,7538.5,5000.0,4000.0,3000.0,-8.83333333333394,-6.66666666666606,0.5,700.0,900.0,900.0,1.441999999999952,0.8920000000000007,0.3920000000000003,5037.0,0
1.792,12583.0,10067.0,7544.0,12578.5,10062.5,7541.5,5000.0,5000.0,3000.0,-8.83333333333394,-6.66666666666606,0.5,700.0,900.0,900.0,1.4429999999999519,0.8930000000000007,0.3930000000000003,5039.0,0
1.793,12589.0,10071.0,7548.0,12583.5,10067.5,7544.5,6000.0,4000.0,4000.0,-8.83333333333394,-7.66666666666606,0.5,700.0,900.0,900.0,1.4439999999999518,0.8940000000000007,0.3940000000000003,5041.0,0
1.794,12594.0,10075.0,7551.0,12589.5,10071.5,7548.5,5000.0,4000.0,3000.0,-8.16666666666606,-6.33333333333394,0.5,700.0,900.0,900.0,1.4449999999999517,0.8950000000000007,0.3950000000000003,5043.0,0
1.795,12599.0,10079.0,7554.0,12594.5,10075.5,7551.5,5000.0,4000.0,3000.0,-8.16666666666606,-6.33333333333394,0.5,700.0,900.0,900.0,1.4459999999999515,0.8960000000000007,0.3960000000000003,5045.0,0
1.796,12604.0,10083.0,7557.0,12599.5,10079.5,7554.5,5000.0,4000.0,3000.0,-8.16666666666606,-6.33333333333394,0.5,700.0,900.0,900.0,1.4469999999999514,0.8970000000000007,0.3970000000000003,5047.0,0
1.797,12609.0,10087.0,7560.0,12604.5,10083.5,7557.5,5000.0,4000.0,3000.0,-8.16666666666606,-6.33333333333394,0.5,700.0,900.0,900.0,1.4479999999999513,0.8980000000000007,0.3980000000000003,5049.0,0
1.798,12615.0,10091.0,7563.0,12609.5,10087.5,7560.5,6000.0,4000.0,3000.0,-8.16666666666606,-6.33333333333394,0.5,700.0,900.0,900.0,1.4489999999999512,0.8990000000000007,0.3990000000000003,5052.0,0
1.799,12620.0,10096.0,7566.0,12615.5,10091.5,7563.5,5000.0,5000.0,3000.0,-9.16666666666606,-6.33333333333394,0.5,700.0,900.0,900.0,1.449999999999951,0.9000000000000007,0.4000000000000003,5054.0,0
1.8,12626.0,10100.0,7569.0,12620.5,10096.5,7566.5,6000.0,4000.0,3000.0,-9.16666666666606,-7.33333333333394,0.5,0.0,900.0,900.0,0.0,0.9010000000000007,0.4010000000000003,5057.0,0
1.801,12631.0,10104.0,7572.0,12626.5,10100.5,7569.5,5000.0,4000.0,3000.0,-10.16666666666606,-7.33333333333394,0.5,0.0,900.0,900.0,0.0,0.9020000000000007,0.4020000000000003,5059.0,0
1.802,12637.0,10108.0,7576.0,12631.5,10104.5,7572.5,6000.0,4000.0,4000.0,-10.16666666666606,-7.33333333333394,0.5,0.0,900.0,900.0,0.0,0.9030000000000007,0.4030000000000003,5061.0,0
1.803,12643.0,10112.0,7579.0,12637.5,10108.5,7576.5,6000.0,4000.0,3000.0,-9.5,-6.0,0.5,0.0,900.0,900.0,0.0,0.9040000000000007,0.4040000000000003,5064.0,0
1.804,12648.0,10116.0,7582.0,12643.5,10112.5,7579.5,5000.0,4000.0,3000.0,-10.5,-6.0,0.5,0.0,900.0,900.0,0.0,0.9050000000000007,0.4050000000000003,5066.0,0
1.805,12654.0,10120.0,7585.0,12648.5,10116.5,7582.5,6000.0,4000.0,3000.0,-10.5,-6.0,0.5,0.0,900.0,900.0,0.0,0.9060000000000007,0.4060000000000003,5069.0,0
1.806,12659.0,10125.0,7588.0,12654.5,10120.5,7585.5,5000.0,5000.0,3000.0,-11.5,-6.0,0.5,0.0,900.0,900.0,0.0,0.9070000000000007,0.4070000000000003,5071.0,0
1.807,12664.0,10129.0,7591.0,12659.5,10125.5,7588.5,5000.0,4000.0,3000.0,-11.5,-7.0,0.5,0.0,900.0,900.0,0.0,0.9080000000000007,0.4080000000000003,5073.0,0
1.808,12670.0,10133.0,7594.0,12664.5,10129.5,7591.5,6000.0,4000.0,3000.0,-11.5,-7.0,0.5,0.0,900.0,900.0,0.0,0.9090000000000007,0.4090000000000003,5076.0,0
1.809,12675.0,10137.0,7597.0,12670.5,10133.5,7594.5,5000.0,4000.0,3000.0,-12.5,-7.0,0.5,0.0,900.0,900.0,0.0,0.9100000000000007,0.4100000000000003,5078.0,0
1.81,12680.0,10141.0,7600.0,12675.5,10137.5,7597.5,5000.0,4000.0,3000.0,-12.5,-7.0,0.5,0.0,900.0,900.0,0.0,0.9110000000000007,0.4110000000000003,5080.0,0
1.811,12686.0,10145.0,7604.0,12680.5,10141.5,7600.5,6000.0,4000.0,4000.0,-12.5,-7.0,0.5,0.0,900.0,900.0,0.0,0.9120000000000007,0.4120000000000003,5082.0,0
1.812,12691.0,10149.0,7607.0,12686.5,10145.5,7604.5,5000.0,4000.0,3000.0,-11.83333333333394,-5.66666666666606,0.5,0.0,900.0,900.0,0.0,0.9130000000000007,0.4130000000000003,5084.0,0
1.813,12696.0,10154.0,7610.0,12691.5,10149.5,7607.5,5000.0,5000.0,3000.0,-11.83333333333394,-5.66666666666606,0.5,0.0,900.0,900.0,0.0,0.9140000000000007,0.4140000000000003,5086.0,0
1.814,12702.0,10158.0,7613.0,12696.5,10154.5,7610.5,6000.0,4000.0,3000.0,-11.83333333333394,-6.66666666666606,0.5,0.0,900.0,900.0,0.0,0.9150000000000007,0.4150000000000003,5089.0,0
1.815,12707.0,10162.0,7616.0,12702.5,10158.5,7613.5,5000.0,4000.0,3000.0,-12.83333333333394,-6.66666666666606,0.5,0.0,900.0,900.0,0.0,0.9160000000000007,0.4160000000000003,5091.0,0
1.816,12712.0,10166.0,7619.0,12707.5,10162.5,7616.5,5000.0,4000.0,3000.0,-12.83333333333394,-6.66666666666606,0.5,0.0,900.0,900.0,0.0,0.9170000000000007,0.4170000000000003,5093.0,0
1.817,12718.0,10170.0,7622.0,12712.5,10166.5,7619.5,6000.0,4000.0,3000.0,-12.83333333333394,-6.66666666666606,0.5,0.0,900.0,900.0,0.0,0.9180000000000007,0.4180000000000003,5096.0,0
1.818,12723.0,10174.0,7625.0,12718.5,10170.5,7622.5,5000.0,4000.0,3000.0,-13.83333333333394,-6.66666666666606,0.5,0.0,900.0,900.0,0.0,0.9190000000000007,0.4190000000000003,5098.0,0
1.819,12728.0,10179.0,7629.0,12723.5,10174.5,7625.5,5000.0,5000.0,4000.0,-13.83333333333394,-6.66666666666606,0.5,0.0,900.0,900.0,0.0,0.9200000000000007,0.4200000000000003,5099.0,0
1.82,12733.0,10183.0,7632.0,12728.5,10179.5,7629.5,5000.0,4000.0,3000.0,-12.16666666666606,-6.33333333333394,0.5,0.0,900.0,900.0,0.0,0.9210000000000007,0.4210000000000003,5101.0,0
1.821,12738.0,10187.0,7635.0,12733.5,10183.5,7632.5,5000.0,4000.0,3000.0,-12.16666666666606,-6.33333333333394,0.5,0.0,900.0,900.0,0.0,0.9220000000000007,0.4220000000000003,5103.0,0
1.822,12744.0,10191.0,7638.0,12738.5,10187.5,7635.5,6000.0,4000.0,3000.0,-12.16666666666606,-6.33333333333394,0.5,0.0,900.0,900.0,0.0,0.9230000000000007,0.4230000000000003,5106.0,0
1.823,12749.0,10195.0,7641.0,12744.5,10191.5,7638.5,5000.0,4000.0,3000.0,-13.16666666666606,-6.33333333333394,0.5,0.0,900.0,900.0,0.0,0.9240000000000007,0.4240000000000003,5108.0,0
1.824,12754.0,10199.0,7644.0,12749.5,10195.5,7641.5,5000.0,4000.0,3000.0,-13.16666666666606,-6.33333333333394,0.5,0.0,900.0,900.0,0.0,0.9250000000000007,0.4250000000000003,5110.0,0
1.825,12759.0,10203.0,7647.0,12754.5,10199.5,7644.5,5000.0,4000.0,3000.0,-13.16666666666606,-6.33333333333394,0.5,0.0,900.0,900.0,0.0,0.9260000000000007,0.4260000000000003,5112.0,0
1.826,12765.0,10208.0,7650.0,12759.5,10203.5,7647.5,6000.0,5000.0,3000.0,-13.16666666666606,-6.33333333333394,0.5,0.0,900.0,900.0,0.0,0.9270000000000007,0.4270000000000003,5115.0,0
1.827,12770.0,10212.0,7653.0,12765.5,10208.5,7650.5,5000.0,4000.0,3000.0,-14.16666666666606,-7.33333333333394,0.5,0.0,900.0,900.0,0.0,0.9280000000000007,0.4280000000000003,5117.0,0
1.828,12775.0,10216.0,7657.0,12770.5,10212.5,7653.5,5000.0,4000.0,4000.0,-14.16666666666606,-7.33333333333394,0.5,0.0,900.0,900.0,0.0,0.9290000000000007,0.4290000000000003,5118.0,0
1.829,12780.0,10220.0,7660.0,12775.5,10216.5,7657.5,5000.0,4000.0,3000.0,-12.5,-6.0,0.5,0.0,900.0,900.0,0.0,0.9300000000000007,0.4300000000000003,5120.0,0
1.83,12785.0,10224.0,7663.0,12780.5,10220.5,7660.5,5000.0,4000.0,3000.0,-12.5,-6.0,0.5,0.0,900.0,900.0,0.0,0.9310000000000007,0.4310000000000003,5122.0,0
1.831,12790.0,10228.0,7666.0,12785.5,10224.5,7663.5,5000.0,4000.0,3000.0,-12.5,-6.0,0.5,0.0,900.0,900.0,0.0,0.9320000000000007,0.43200000000000033,5124.0,0
1.832,12795.0,10232.0,7669.0,12790.5,10228.5,7666.5,5000.0,4000.0,3000.0,-12.5,-6.0,0.5,0.0,900.0,900.0,0.0,0.9330000000000007,0.43300000000000033,5126.0,0
1.833,12801.0,10237.0,7672.0,12795.5,10232.5,7669.5,6000.0,5000.0,3000.0,-12.5,-6.0,0.5,0.0,900.0,900.0,0.0,0.9340000000000007,0.43400000000000033,5129.0,0
1.834,12806.0,10241.0,7675.0,12801.5,10237.5,7672.5,5000.0,4000.0,3000.0,-13.5,-7.0,0.5,0.0,900.0,900.0,0.0,0.9350000000000007,0.43500000000000033,5131.0,0
1.835,12811.0,10245.0,7678.0,12806.5,10241.5,7675.5,5000.0,4000.0,3000.0,-13.5,-7.0,0.5,0.0,900.0,900.0,0.0,0.9360000000000007,0.43600000000000033,5133.0,0
1.836,12816.0,10249.0,7682.0,12811.5,10245.5,7678.5,5000.0,4000.0,4000.0,-13.5,-7.0,0.5,0.0,900.0,900.0,0.0,0.9370000000000007,0.43700000000000033,5134.0,0
1.837,12821.0,10253.0,7685.0,12816.5,10249.5,7682.5,5000.0,4000.0,3000.0,-11.83333333333394,-5.66666666666606,0.5,0.0,900.0,900.0,0.0,0.9380000000000007,0.43800000000000033,5136.0,0
1.838,12826.0,10257.0,7688.0,12821.5,10253.5,7685.5,5000.0,4000.0,3000.0,-11.83333333333394,-5.66666666666606,0.5,0.0,900.0,900.0,0.0,0.9390000000000007,0.43900000000000033,5138.0,0
1.839,12831.0,10261.0,7691.0,12826.5,10257.5,7688.5,5000.0,4000.0,3000.0,-11.83333333333394,-5.66666666666606,0.5,0.0,900.0,900.0,0.0,0.9400000000000007,0.44000000000000034,5140.0,0
1.84,12836.0,10266.0,7694.0,12831.5,10261.5,7691.5,5000.0,5000.0,3000.0,-11.83333333333394,-5.66666666666606,0.5,0.0,900.0,900.0,0.0,0.9410000000000007,0.44100000000000034,5142.0,0
1.841,12842.0,10270.0,7697.0,12836.5,10266.5,7694.5,6000.0,4000.0,3000.0,-11.83333333333394,-6.66666666666606,0.5,0.0,900.0,900.0,0.0,0.9420000000000007,0.44200000000000034,5145.0,0
1.842,12847.0,10274.0,7700.0,12842.5,10270.5,7697.5,5000.0,4000.0,3000.0,-12.83333333333394,-6.66666666666606,0.5,0.0,900.0,900.0,0.0,0.9430000000000007,0.44300000000000034,5147.0,0
1.843,12852.0,10278.0,7703.0,12847.5,10274.5,7700.5,5000.0,4000.0,3000.0,-12.83333333333394,-6.66666666666606,0.5,0.0,900.0,900.0,0.0,0.9440000000000007,0.44400000000000034,5149.0,0
1.844,12857.0,10282.0,7706.0,12852.5,10278.5,7703.5,5000.0,4000.0,3000.0,-12.83333333333394,-6.66666666666606,0.5,0.0,900.0,900.0,0.0,0.9450000000000007,0.44500000000000034,5151.0,0
1.845,12862.0,10286.0,7710.0,12857.5,10282.5,7706.5,5000.0,4000.0,4000.0,-12.83333333333394,-6.66666666666606,0.5,0.0,900.0,900.0,0.0,0.9460000000000007,0.44600000000000034,5152.0,0
1.846,12867.0,10290.0,7713.0,12862.5,10286.5,7710.5,5000.0,4000.0,3000.0,-11.16666666666606,-5.33333333333394,0.5,0.0,900.0,900.0,0.0,0.9470000000000007,0.44700000000000034,5154.0,0
1.847,12872.0,10295.0,7716.0,12867.5,10290.5,7713.5,5000.0,5000.0,3000.0,-11.16666666666606,-5.33333333333394,0.5,0.0,900.0,900.0,0.0,0.9480000000000007,0.44800000000000034,5156.0,0
1.848,12877.0,10299.0,7719.0,12872.5,10295.5,7716.5,5000.0,4000.0,3000.0,-11.16666666666606,-6.33333333333394,0.5,0.0,900.0,900.0,0.0,0.9490000000000007,0.44900000000000034,5158.0,0
1.849,12882.0,10303.0,7722.0,12877.5,10299.5,7719.5,5000.0,4000.0,3000.0,-11.16666666666606,-6.33333333333394,0.5,0.0,900.0,900.0,0.0,0.9500000000000007,0.45000000000000034,5160.0,0
1.85,12887.0,10307.0,7725.0,12882.5,10303.5,7722.5,5000.0,4000.0,3000.0,-11.16666666666606,-6.33333333333394,0.5,0.0,900.0,900.0,0.0,0.9510000000000007,0.45100000000000035,5162.0,0
1.851,12892.0,10311.0,7728.0,12887.5,10307.5,7725.5,5000.0,4000.0,3000.0,-11.16666666666606,-6.33333333333394,0.5,0.0,900.0,900.0,0.0,0.9520000000000007,0.45200000000000035,5164.0,0
1.852,12897.0,10315.0,7731.0,12892.5,10311.5,7728.5,5000.0,4000.0,3000.0,-11.16666666666606,-6.33333333333394,0.5,0.0,900.0,900.0,0.0,0.9530000000000007,0.45300000000000035,5166.0,0
1.853,12902.0,10319.0,7735.0,12897.5,10315.5,7731.5,5000.0,4000.0,4000.0,-11.16666666666606,-6.33333333333394,0.5,0.0,900.0,900.0,0.0,0.9540000000000007,0.45400000000000035,5167.0,0
1.854,12908.0,10324.0,7738.0,12902.5,10319.5,7735.5,6000.0,5000.0,3000.0,-9.5,-5.0,0.5,0.0,900.0,900.0,0.0,0.9550000000000007,0.45500000000000035,5170.0,0
1.855,12913.0,10328.0,7741.0,12908.5,10324.5,7738.5,5000.0,4000.0,3000.0,-10.5,-6.0,0.5,0.0,900.0,900.0,0.0,0.9560000000000007,0.45600000000000035,5172.0,0
1.856,12918.0,10332.0,7744.0,12913.5,10328.5,7741.5,5000.0,4000.0,3000.0,-10.5,-6.0,0.5,0.0,900.0,900.0,0.0,0.9570000000000007,0.45700000000000035,5174.0,0
1.857,12923.0,10336.0,7747.0,12918.5,10332.5,7744.5,5000.0,4000.0,3000.0,-10.5,-6.0,0.5,0.0,900.0,900.0,0.0,0.9580000000000007,0.45800000000000035,5176.0,0
1.858,12928.0,10340.0,7750.0,12923.5,10336.5,7747.5,5000.0,4000.0,3000.0,-10.5,-6.0,0.5,0.0,900.0,900.0,0.0,0.9590000000000007,0.45900000000000035,5178.0,0
1.859,12933.0,10344.0,7753.0,12928.5,10340.5,7750.5,5000.0,4000.0,3000.0,-10.5,-6.0,0.5,0.0,900.0,900.0,0.0,0.9600000000000007,0.46000000000000035,5180.0,0
1.86,12938.0,10348.0,7756.0,12933.5,10344.5,7753.5,5000.0,4000.0,3000.0,-10.5,-6.0,0.5,0.0,900.0,900.0,0.0,0.9610000000000007,0.46100000000000035,5182.0,0
1.861,12943.0,10353.0,7759.0,12938.5,10348.5,7756.5,5000.0,5000.0,3000.0,-10.5,-6.0,0.5,0.0,900.0,900.0,0.0,0.9620000000000007,0.46200000000000035,5184.0,0
1.862,12948.0,10357.0,7763.0,12943.5,10353.5,7759.5,5000.0,4000.0,4000.0,-10.5,-7.0,0.5,0.0,900.0,900.0,0.0,0.9630000000000007,0.46300000000000036,5185.0,0
1.863,12953.0,10361.0,7766.0,12948.5,10357.5,7763.5,5000.0,4000.0,3000.0,-8.83333333333394,-5.66666666666606,0.5,0.0,900.0,900.0,0.0,0.9640000000000007,0.46400000000000036,5187.0,0
1.864,12959.0,10365.0,7769.0,12953.5,10361.5,7766.5,6000.0,4000.0,3000.0,-8.83333333333394,-5.66666666666606,0.5,0.0,900.0,900.0,0.0,0.9650000000000007,0.46500000000000036,5190.0,0
1.865,12964.0,10369.0,7772.0,12959.5,10365.5,7769.5,5000.0,4000.0,3000.0,-9.83333333333394,-5.66666666666606,0.5,0.0,900.0,900.0,0.0,0.9660000000000007,0.46600000000000036,5192.0,0
1.866,12970.0,10373.0,7775.0,12964.5,10369.5,7772.5,6000.0,4000.0,3000.0,-9.83333333333394,-5.66666666666606,0.5,0.0,900.0,900.0,0.0,0.9670000000000007,0.46700000000000036,5195.0,0
1.867,12975.0,10377.0,7778.0,12970.5,10373.5,7775.5,5000.0,4000.0,3000.0,-10.83333333333394,-5.66666666666606,0.5,0.0,900.0,900.0,0.0,0.9680000000000007,0.46800000000000036,5197.0,0
1.868,12980.0,10382.0,7781.0,12975.5,10377.5,7778.5,5000.0,5000.0,3000.0,-10.83333333333394,-5.66666666666606,0.5,0.0,900.0,900.0,0.0,0.9690000000000007,0.46900000000000036,5199.0,0
1.869,12985.0,10386.0,7784.0,12980.5,10382.5,7781.5,5000.0,4000.0,3000.0,-10.83333333333394,-6.66666666666606,0.5,0.0,900.0,900.0,0.0,0.9700000000000008,0.47000000000000036,5201.0,0
1.87,12990.0,10390.0,7787.0,12985.5,10386.5,7784.5,5000.0,4000.0,3000.0,-10.83333333333394,-6.66666666666606,0.5,0.0,900.0,900.0,0.0,0.9710000000000008,0.47100000000000036,5203.0,0
1.871,12995.0,10394.0,7791.0,12990.5,10390.5,7787.5,5000.0,4000.0,4000.0,-10.83333333333394,-6.66666666666606,0.5,0.0,900.0,900.0,0.0,0.9720000000000008,0.47200000000000036,5204.0,0
1.872,13000.0,10398.0,7794.0,12995.5,10394.5,7791.5,5000.0,4000.0,3000.0,-9.16666666666606,-5.33333333333394,0.5,0.0,900.0,900.0,0.0,0.9730000000000008,0.47300000000000036,5206.0,0
1.873,13006.0,10402.0,7797.0,13000.5,10398.5,7794.5,6000.0,4000.0,3000.0,-9.16666666666606,-5.33333333333394,0.5,0.0,900.0,900.0,0.0,0.9740000000000008,0.47400000000000037,5209.0,0
1.874,13011.0,10406.0,7800.0,13006.5,10402.5,7797.5,5000.0,4000.0,3000.0,-10.16666666666606,-5.33333333333394,0.5,0.0,900.0,900.0,0.0,0.9750000000000008,0.47500000000000037,5211.0,0
1.875,13016.0,10411.0,7803.0,13011.5,10406.5,7800.5,5000.0,5000.0,3000.0,-10.16666666666606,-5.33333333333394,0.5,0.0,900.0,900.0,0.0,0.9760000000000008,0.47600000000000037,5213.0,0
1.8760000000000001,13021.0,10415.0,7806.0,13016.5,10411.5,7803.5,5000.0,4000.0,3000.0,-10.16666666666606,-6.33333333333394,0.5,0.0,900.0,900.0,0.0,0.9770000000000008,0.47700000000000037,5215.0,0
1.877,13026.0,10419.0,7809.0,13021.5,10415.5,7806.5,5000.0,4000.0,3000.0,-10.16666666666606,-6.33333333333394,0.5,0.0,900.0,900.0,0.0,0.9780000000000008,0.47800000000000037,5217.0,0
1.8780000000000001,13031.0,10423.0,7812.0,13026.5,10419.5,7809.5,5000.0,4000.0,3000.0,-10.16666666666606,-6.33333333333394,0.5,0.0,900.0,900.0,0.0,0.9790000000000008,0.47900000000000037,5219.0,0
1.879,13036.0,10427.0,7816.0,13031.5,10423.5,7812.5,5000.0,4000.0,4000.0,-10.16666666666606,-6.33333333333394,0.5,0.0,900.0,900.0,0.0,0.9800000000000008,0.48000000000000037,5220.0,0
1.8800000000000001,13041.0,10431.0,7819.0,13036.5,10427.5,7816.5,5000.0,4000.0,3000.0,-8.5,-5.0,0.5,0.0,900.0,900.0,0.0,0.9810000000000008,0.48100000000000037,5222.0,0
1.881,13046.0,10435.0,7822.0,13041.5,10431.5,7819.5,5000.0,4000.0,3000.0,-8.5,-5.0,0.5,0.0,900.0,900.0,0.0,0.9820000000000008,0.4820000000000004,5224.0,0
1.8820000000000001,13052.0,10440.0,7825.0,13046.5,10435.5,7822.5,6000.0,5000.0,3000.0,-8.5,-5.0,0.5,0.0,900.0,900.0,0.0,0.9830000000000008,0.4830000000000004,5227.0,0
1.883,13057.0,10444.0,7828.0,13052.5,10440.5,7825.5,5000.0,4000.0,3000.0,-9.5,-6.0,0.5,0.0,900.0,900.0,0.0,0.9840000000000008,0.4840000000000004,5229.0,0
1.8840000000000001,13062.0,10448.0,7831.0,13057.5,10444.5,7828.5,5000.0,4000.0,3000.0,-9.5,-6.0,0.5,0.0,900.0,900.0,0.0,0.9850000000000008,0.4850000000000004,5231.0,0
1.885,13068.0,10452.0,7834.0,13062.5,10448.5,7831.5,6000.0,4000.0,3000.0,-9.5,-6.0,0.5,0.0,900.0,900.0,0.0,0.9860000000000008,0.4860000000000004,5234.0,0
1.8860000000000001,13073.0,10456.0,7837.0,13068.5,10452.5,7834.5,5000.0,4000.0,3000.0,-10.5,-6.0,0.5,0.0,900.0,900.0,0.0,0.9870000000000008,0.4870000000000004,5236.0,0
1.887,13078.0,10460.0,7840.0,13073.5,10456.5,7837.5,5000.0,4000.0,3000.0,-10.5,-6.0,0.5,0.0,900.0,900.0,0.0,0.9880000000000008,0.4880000000000004,5238.0,0
1.8880000000000001,13083.0,10464.0,7844.0,13078.5,10460.5,7840.5,5000.0,4000.0,4000.0,-10.5,-6.0,0.5,0.0,900.0,900.0,0.0,0.9890000000000008,0.4890000000000004,5239.0,0
1.889,13088.0,10469.0,7847.0,13083.5,10464.5,7844.5,5000.0,5000.0,3000.0,-8.83333333333394,-4.66666666666606,0.5,0.0,900.0,900.0,0.0,0.9900000000000008,0.4900000000000004,5241.0,0
1.8900000000000001,13093.0,10473.0,7850.0,13088.5,10469.5,7847.5,5000.0,4000.0,3000.0,-8.83333333333394,-5.66666666666606,0.5,0.0,900.0,900.0,0.0,0.9910000000000008,0.4910000000000004,5243.0,0
1.891,13099.0,10477.0,7853.0,13093.5,10473.5,7850.5,6000.0,4000.0,3000.0,-8.83333333333394,-5.66666666666606,0.5,0.0,900.0,900.0,0.0,0.9920000000000008,0.4920000000000004,5246.0,0
1.8920000000000001,13104.0,10481.0,7856.0,13099.5,10477.5,7853.5,5000.0,4000.0,3000.0,-9.83333333333394,-5.66666666666606,0.5,0.0,900.0,900.0,0.0,0.9930000000000008,0.4930000000000004,5248.0,0
1.893,13109.0,10485.0,7859.0,13104.5,10481.5,7856.5,5000.0,4000.0,3000.0,-9.83333333333394,-5.66666666666606,0.5,0.0,900.0,900.0,0.0,0.9940000000000008,0.4940000000000004,5250.0,0
1.8940000000000001,13115.0,10489.0,7862.0,13109.5,10485.5,7859.5,6000.0,4000.0,3000.0,-9.83333333333394,-5.66666666666606,0.5,0.0,900.0,900.0,0.0,0.9950000000000008,0.4950000000000004,5253.0,0
1.895,13120.0,10494.0,7865.0,13115.5,10489.5,7862.5,5000.0,5000.0,3000.0,-10.83333333333394,-5.66666666666606,0.5,0.0,900.0,900.0,0.0,0.9960000000000008,0.4960000000000004,5255.0,0
1.8960000000000001,13125.0,10498.0,7869.0,13120.5,10494.5,7865.5,5000.0,4000.0,4000.0,-10.83333333333394,-6.66666666666606,0.5,0.0,900.0,900.0,0.0,0.9970000000000008,0.4970000000000004,5256.0,0
1.897,13130.0,10502.0,7872.0,13125.5,10498.5,7869.5,5000.0,4000.0,3000.0,-9.16666666666606,-5.33333333333394,0.5,0.0,900.0,900.0,0.0,0.9980000000000008,0.4980000000000004,5258.0,0
1.8980000000000001,13135.0,10506.0,7875.0,13130.5,10502.5,7872.5,5000.0,4000.0,3000.0,-9.16666666666606,-5.33333333333394,0.5,0.0,900.0,900.0,0.0,0.9990000000000008,0.4990000000000004,5260.0,0
1.899,13141.0,10510.0,7878.0,13135.5,10506.5,7875.5,6000.0,4000.0,3000.0,-9.16666666666606,-5.33333333333394,0.5,0.0,900.0,900.0,0.0,1.0000000000000007,0.5000000000000003,5263.0,0
1.9000000000000001,13146.0,10514.0,7881.0,13141.5,10510.5,7878.5,5000.0,4000.0,3000.0,-10.16666666666606,-5.33333333333394,0.5,0.0,900.0,900.0,0.0,1.0010000000000006,0.5010000000000003,5265.0,0
1.901,13151.0,10518.0,7884.0,13146.5,10514.5,7881.5,5000.0,4000.0,3000.0,-10.16666666666606,-5.33333333333394,0.5,0.0,900.0,900.0,0.0,1.0020000000000004,0.5020000000000003,5267.0,0
1.9020000000000001,13156.0,10523.0,7887.0,13151.5,10518.5,7884.5,5000.0,5000.0,3000.0,-10.16666666666606,-5.33333333333394,0.5,0.0,900.0,900.0,0.0,1.0030000000000003,0.5030000000000003,5269.0,0
1.903,13161.0,10527.0,7890.0,13156.5,10523.5,7887.5,5000.0,4000.0,3000.0,-10.16666666666606,-6.33333333333394,0.5,0.0,900.0,900.0,0.0,1.0040000000000002,0.5040000000000003,5271.0,0
1.9040000000000001,13166.0,10531.0,7893.0,13161.5,10527.5,7890.5,5000.0,4000.0,3000.0,-10.16666666666606,-6.33333333333394,0.5,0.0,900.0,900.0,0.0,1.0050000000000001,0.5050000000000003,5273.0,0
1.905,13171.0,10535.0,7897.0,13166.5,10531.5,7893.5,5000.0,4000.0,4000.0,-10.16666666666606,-6.33333333333394,0.5,0.0,900.0,900.0,0.0,1.006,0.5060000000000003,5274.0,0
1.9060000000000001,13176.0,10539.0,7900.0,13171.5,10535.5,7897.5,5000.0,4000.0,3000.0,-8.5,-5.0,0.5,0.0,900.0,900.0,0.0,1.007,0.5070000000000003,5276.0,0
1.907,13181.0,10543.0,7903.0,13176.5,10539.5,7900.5,5000.0,4000.0,3000.0,-8.5,-5.0,0.5,0.0,900.0,900.0,0.0,1.0079999999999998,0.5080000000000003,5278.0,0
1.9080000000000001,13186.0,10547.0,7906.0,13181.5,10543.5,7903.5,5000.0,4000.0,3000.0,-8.5,-5.0,0.5,0.0,900.0,900.0,0.0,1.0089999999999997,0.5090000000000003,5280.0,0
1.909,13192.0,10552.0,7909.0,13186.5,10547.5,7906.5,6000.0,5000.0,3000.0,-8.5,-5.0,0.5,0.0,900.0,900.0,0.0,1.0099999999999996,0.5100000000000003,5283.0,0
1.9100000000000001,13197.0,10556.0,7912.0,13192.5,10552.5,7909.5,5000.0,4000.0,3000.0,-9.5,-6.0,0.5,0.0,900.0,900.0,0.0,1.0109999999999995,0.5110000000000003,5285.0,0
1.911,13202.0,10560.0,7915.0,13197.5,10556.5,7912.5,5000.0,4000.0,3000.0,-9.5,-6.0,0.5,0.0,900.0,900.0,0.0,1.0119999999999993,0.5120000000000003,5287.0,0
1.9120000000000001,13207.0,10564.0,7918.0,13202.5,10560.5,7915.5,5000.0,4000.0,3000.0,-9.5,-6.0,0.5,0.0,900.0,900.0,0.0,1.0129999999999992,0.5130000000000003,5289.0,0
1.913,13213.0,10568.0,7922.0,13207.5,10564.5,7918.5,6000.0,4000.0,4000.0,-9.5,-6.0,0.5,0.0,900.0,900.0,0.0,1.0139999999999991,0.5140000000000003,5291.0,0
1.9140000000000001,13218.0,10572.0,7925.0,13213.5,10568.5,7922.5,5000.0,4000.0,3000.0,-8.83333333333394,-4.66666666666606,0.5,0.0,900.0,900.0,0.0,1.014999999999999,0.5150000000000003,5293.0,0
1.915,13223.0,10576.0,7928.0,13218.5,10572.5,7925.5,5000.0,4000.0,3000.0,-8.83333333333394,-4.66666666666606,0.5,0.0,900.0,900.0,0.0,1.015999999999999,0.5160000000000003,5295.0,0
1.9160000000000001,13229.0,10581.0,7931.0,13223.5,10576.5,7928.5,6000.0,5000.0,3000.0,-8.83333333333394,-4.66666666666606,0.5,0.0,900.0,900.0,0.0,1.0169999999999988,0.5170000000000003,5298.0,0
1.917,13234.0,10585.0,7934.0,13229.5,10581.5,7931.5,5000.0,4000.0,3000.0,-9.83333333333394,-5.66666666666606,0.5,0.0,900.0,900.0,0.0,1.0179999999999987,0.5180000000000003,5300.0,0
1.9180000000000001,13239.0,10589.0,7937.0,13234.5,10585.5,7934.5,5000.0,4000.0,3000.0,-9.83333333333394,-5.66666666666606,0.5,0.0,900.0,900.0,0.0,1.0189999999999986,0.5190000000000003,5302.0,0
1.919,13245.0,10593.0,7940.0,13239.5,10589.5,7937.5,6000.0,4000.0,3000.0,-9.83333333333394,-5.66666666666606,0.5,0.0,900.0,900.0,0.0,1.0199999999999985,0.5200000000000004,5305.0,0
1.92,13250.0,10597.0,7943.0,13245.5,10593.5,7940.5,5000.0,4000.0,3000.0,-10.83333333333394,-5.66666666666606,0.5,0.0,900.0,900.0,0.0,1.0209999999999984,0.5210000000000004,5307.0,0
1.921,13255.0,10601.0,7946.0,13250.5,10597.5,7943.5,5000.0,4000.0,3000.0,-10.83333333333394,-5.66666666666606,0.5,0.0,900.0,900.0,0.0,1.0219999999999982,0.5220000000000004,5309.0,0
1.922,13260.0,10605.0,7950.0,13255.5,10601.5,7946.5,5000.0,4000.0,4000.0,-10.83333333333394,-5.66666666666606,0.5,0.0,900.0,900.0,0.0,1.0229999999999981,0.5230000000000004,5310.0,0
1.923,13265.0,10610.0,7953.0,13260.5,10605.5,7950.5,5000.0,5000.0,3000.0,-9.16666666666606,-4.33333333333394,0.5,0.0,900.0,900.0,0.0,1.023999999999998,0.5240000000000004,5312.0,0
1.924,13270.0,10614.0,7956.0,13265.5,10610.5,7953.5,5000.0,4000.0,3000.0,-9.16666666666606,-5.33333333333394,0.5,0.0,900.0,900.0,0.0,1.024999999999998,0.5250000000000004,5314.0,0
1.925,13275.0,10618.0,7959.0,13270.5,10614.5,7956.5,5000.0,4000.0,3000.0,-9.16666666666606,-5.33333333333394,0.5,0.0,900.0,900.0,0.0,1.0259999999999978,0.5260000000000004,5316.0,0
1.926,13280.0,10622.0,7962.0,13275.5,10618.5,7959.5,5000.0,4000.0,3000.0,-9.16666666666606,-5.33333333333394,0.5,0.0,900.0,900.0,0.0,1.0269999999999977,0.5270000000000004,5318.0,0
1.927,13286.0,10626.0,7965.0,13280.5,10622.5,7962.5,6000.0,4000.0,3000.0,-9.16666666666606,-5.33333333333394,0.5,0.0,900.0,900.0,0.0,1.0279999999999976,0.5280000000000004,5321.0,0
1.928,13291.0,10630.0,7968.0,13286.5,10626.5,7965.5,5000.0,4000.0,3000.0,-10.16666666666606,-5.33333333333394,0.5,0.0,900.0,900.0,0.0,1.0289999999999975,0.5290000000000004,5323.0,0
1.929,13296.0,10634.0,7971.0,13291.5,10630.5,7968.5,5000.0,4000.0,3000.0,-10.16666666666606,-5.33333333333394,0.5,0.0,900.0,900.0,0.0,1.0299999999999974,0.5300000000000004,5325.0,0
1.93,13301.0,10639.0,7974.0,13296.5,10634.5,7971.5,5000.0,5000.0,3000.0,-10.16666666666606,-5.33333333333394,0.5,0.0,900.0,900.0,0.0,1.0309999999999973,0.5310000000000004,5327.0,0
1.931,13305.0,10643.0,7978.0,13301.5,10639.5,7974.5,4000.0,4000.0,4000.0,-10.16666666666606,-6.33333333333394,0.5,0.0,900.0,900.0,0.0,1.0319999999999971,0.5320000000000004,5327.0,0
1.932,13310.0,10647.0,7981.0,13305.5,10643.5,7978.5,5000.0,4000.0,3000.0,-7.5,-5.0,0.5,0.0,900.0,900.0,0.0,1.032999999999997,0.5330000000000004,5329.0,0
1.933,13316.0,10651.0,7984.0,13310.5,10647.5,7981.5,6000.0,4000.0,3000.0,-7.5,-5.0,0.5,0.0,900.0,900.0,0.0,1.033999999999997,0.5340000000000004,5332.0,0
1.934,13321.0,10655.0,7987.0,13316.5,10651.5,7984.5,5000.0,4000.0,3000.0,-8.5,-5.0,0.5,0.0,900.0,900.0,0.0,1.0349999999999968,0.5350000000000004,5334.0,0
1.935,13326.0,10659.0,7990.0,13321.5,10655.5,7987.5,5000.0,4000.0,3000.0,-8.5,-5.0,0.5,0.0,900.0,900.0,0.0,1.0359999999999967,0.5360000000000004,5336.0,0
1.936,13332.0,10663.0,7993.0,13326.5,10659.5,7990.5,6000.0,4000.0,3000.0,-8.5,-5.0,0.5,0.0,900.0,900.0,0.0,1.0369999999999966,0.5370000000000004,5339.0,0
1.937,13337.0,10668.0,7996.0,13332.5,10663.5,7993.5,5000.0,5000.0,3000.0,-9.5,-5.0,0.5,0.0,900.0,900.0,0.0,1.0379999999999965,0.5380000000000004,5341.0,0
1.938,13342.0,10672.0,7999.0,13337.5,10668.5,7996.5,5000.0,4000.0,3000.0,-9.5,-6.0,0.5,0.0,900.0,900.0,0.0,1.0389999999999964,0.5390000000000004,5343.0,0
1.939,13347.0,10676.0,8003.0,13342.5,10672.5,7999.5,5000.0,4000.0,4000.0,-9.5,-6.0,0.5,0.0,900.0,900.0,0.0,1.0399999999999963,0.5400000000000004,5344.0,0
1.94,13353.0,10680.0,8006.0,13347.5,10676.5,8003.5,6000.0,4000.0,3000.0,-7.83333333333394,-4.66666666666606,0.5,0.0,900.0,900.0,0.0,1.0409999999999962,0.5410000000000004,5347.0,0
1.941,13358.0,10684.0,8009.0,13353.5,10680.5,8006.5,5000.0,4000.0,3000.0,-8.83333333333394,-4.66666666666606,0.5,0.0,900.0,900.0,0.0,1.041999999999996,0.5420000000000004,5349.0,0
1.942,13363.0,10688.0,8012.0,13358.5,10684.5,8009.5,5000.0,4000.0,3000.0,-8.83333333333394,-4.66666666666606,0.5,0.0,900.0,900.0,0.0,1.042999999999996,0.5430000000000004,5351.0,0
1.943,13368.0,10692.0,8015.0,13363.5,10688.5,8012.5,5000.0,4000.0,3000.0,-8.83333333333394,-4.66666666666606,0.5,0.0,900.0,900.0,0.0,1.0439999999999958,0.5440000000000004,5353.0,0
1.944,13374.0,10697.0,8018.0,13368.5,10692.5,8015.5,6000.0,5000.0,3000.0,-8.83333333333394,-4.66666666666606,0.5,0.0,900.0,900.0,0.0,1.0449999999999957,0.5450000000000004,5356.0,0
1.945,13379.0,10701.0,8021.0,13374.5,10697.5,8018.5,5000.0,4000.0,3000.0,-9.83333333333394,-5.66666666666606,0.5,0.0,900.0,900.0,0.0,1.0459999999999956,0.5460000000000004,5358.0,0
1.946,13384.0,10705.0,8024.0,13379.5,10701.5,8021.5,5000.0,4000.0,3000.0,-9.83333333333394,-5.66666666666606,0.5,0.0,900.0,900.0,0.0,1.0469999999999955,0.5470000000000004,5360.0,0
1.947,13389.0,10709.0,8027.0,13384.5,10705.5,8024.5,5000.0,4000.0,3000.0,-9.83333333333394,-5.66666666666606,0.5,0.0,900.0,900.0,0.0,1.0479999999999954,0.5480000000000004,5362.0,0
1.948,13395.0,10713.0,8031.0,13389.5,10709.5,8027.5,6000.0,4000.0,4000.0,-9.83333333333394,-5.66666666666606,0.5,0.0,900.0,900.0,0.0,1.0489999999999953,0.5490000000000004,5364.0,0
1.949,13400.0,10717.0,8034.0,13395.5,10713.5,8031.5,5000.0,4000.0,3000.0,-9.16666666666606,-4.33333333333394,0.5,0.0,900.0,900.0,0.0,1.0499999999999952,0.5500000000000004,5366.0,0
1.95,13405.0,10721.0,8037.0,13400.5,10717.5,8034.5,5000.0,4000.0,3000.0,-9.16666666666606,-4.33333333333394,0.5,0.0,900.0,900.0,0.0,1.050999999999995,0.5510000000000004,5368.0,0
1.951,13411.0,10726.0,8040.0,13405.5,10721.5,8037.5,6000.0,5000.0,3000.0,-9.16666666666606,-4.33333333333394,0.5,0.0,900.0,900.0,0.0,1.051999999999995,0.5520000000000004,5371.0,0
1.952,13416.0,10730.0,8043.0,13411.5,10726.5,8040.5,5000.0,4000.0,3000.0,-10.16666666666606,-5.33333333333394,0.5,0.0,900.0,900.0,0.0,1.0529999999999948,0.5530000000000004,5373.0,0
1.953,13420.0,10734.0,8046.0,13416.5,10730.5,8043.5,4000.0,4000.0,3000.0,-10.16666666666606,-5.33333333333394,0.5,0.0,900.0,900.0,0.0,1.0539999999999947,0.5540000000000004,5374.0,0
1.954,13426.0,10738.0,8049.0,13420.5,10734.5,8046.5,6000.0,4000.0,3000.0,-9.16666666666606,-5.33333333333394,0.5,0.0,900.0,900.0,0.0,1.0549999999999946,0.5550000000000004,5377.0,0
1.955,13430.0,10742.0,8052.0,13426.5,10738.5,8049.5,4000.0,4000.0,3000.0,-10.16666666666606,-5.33333333333394,0.5,0.0,900.0,900.0,0.0,1.0559999999999945,0.5560000000000004,5378.0,0
1.956,13435.0,10746.0,8056.0,13430.5,10742.5,8052.5,5000.0,4000.0,4000.0,-9.16666666666606,-5.33333333333394,0.5,0.0,900.0,900.0,0.0,1.0569999999999944,0.5570000000000004,5379.0,0
1.957,13441.0,10750.0,8059.0,13435.5,10746.5,8056.5,6000.0,4000.0,3000.0,-7.5,-4.0,0.5,0.0,900.0,900.0,0.0,1.0579999999999943,0.5580000000000004,5382.0,0
1.958,13446.0,10755.0,8062.0,13441.5,10750.5,8059.5,5000.0,5000.0,3000.0,-8.5,-4.0,0.5,0.0,900.0,900.0,0.0,1.0589999999999942,0.5590000000000004,5384.0,0
1.959,13451.0,10759.0,8065.0,13446.5,10755.5,8062.5,5000.0,4000.0,3000.0,-8.5,-5.0,0.5,0.0,900.0,900.0,0.0,1.059999999999994,0.5600000000000004,5386.0,0
1.96,13456.0,10763.0,8068.0,13451.5,10759.5,8065.5,5000.0,4000.0,3000.0,-8.5,-5.0,0.5,0.0,900.0,900.0,0.0,1.060999999999994,0.5610000000000004,5388.0,0
1.961,13462.0,10767.0,8071.0,13456.5,10763.5,8068.5,6000.0,4000.0,3000.0,-8.5,-5.0,0.5,0.0,900.0,900.0,0.0,1.0619999999999938,0.5620000000000004,5391.0,0
1.962,13467.0,10771.0,8074.0,13462.5,10767.5,8071.5,5000.0,4000.0,3000.0,-9.5,-5.0,0.5,0.0,900.0,900.0,0.0,1.0629999999999937,0.5630000000000004,5393.0,0
1.963,13472.0,10775.0,8077.0,13467.5,10771.5,8074.5,5000.0,4000.0,3000.0,-9.5,-5.0,0.5,0.0,900.0,900.0,0.0,1.0639999999999936,0.5640000000000004,5395.0,0
1.964,13477.0,10780.0,8080.0,13472.5,10775.5,8077.5,5000.0,5000.0,3000.0,-9.5,-5.0,0.5,0.0,900.0,900.0,0.0,1.0649999999999935,0.5650000000000004,5397.0,0
1.965,13483.0,10784.0,8084.0,13477.5,10780.5,8080.5,6000.0,4000.0,4000.0,-9.5,-6.0,0.5,0.0,900.0,900.0,0.0,1.0659999999999934,0.5660000000000004,5399.0,0
1.966,13488.0,10788.0,8087.0,13483.5,10784.5,8084.5,5000.0,4000.0,3000.0,-8.83333333333394,-4.66666666666606,0.5,0.0,900.0,900.0,0.0,1.0669999999999933,0.5670000000000004,5401.0,0
1.967,13493.0,10792.0,8090.0,13488.5,10788.5,8087.5,5000.0,4000.0,3000.0,-8.83333333333394,-4.66666666666606,0.5,0.0,900.0,900.0,0.0,1.0679999999999932,0.5680000000000004,5403.0,0
1.968,13498.0,10796.0,8093.0,13493.5,10792.5,8090.5,5000.0,4000.0,3000.0,-8.83333333333394,-4.66666666666606,0.5,0.0,900.0,900.0,0.0,1.068999999999993,0.5690000000000004,5405.0,0
1.969,13504.0,10800.0,8096.0,13498.5,10796.5,8093.5,6000.0,4000.0,3000.0,-8.83333333333394,-4.66666666666606,0.5,0.0,900.0,900.0,0.0,1.069999999999993,0.5700000000000004,5408.0,0
1.97,13509.0,10804.0,8099.0,13504.5,10800.5,8096.5,5000.0,4000.0,3000.0,-9.83333333333394,-4.66666666666606,0.5,0.0,900.0,900.0,0.0,1.0709999999999928,0.5710000000000004,5410.0,0
1.971,13514.0,10809.0,8102.0,13509.5,10804.5,8099.5,5000.0,5000.0,3000.0,-9.83333333333394,-4.66666666666606,0.5,0.0,900.0,900.0,0.0,1.0719999999999927,0.5720000000000004,5412.0,0
1.972,13519.0,10813.0,8105.0,13514.5,10809.5,8102.5,5000.0,4000.0,3000.0,-9.83333333333394,-5.66666666666606,0.5,0.0,900.0,900.0,0.0,1.0729999999999926,0.5730000000000004,5414.0,0
1.973,13525.0,10817.0,8109.0,13519.5,10813.5,8105.5,6000.0,4000.0,4000.0,-9.83333333333394,-5.66666666666606,0.5,0.0,900.0,900.0,0.0,1.0739999999999925,0.5740000000000004,5416.0,0
1.974,13530.0,10821.0,8112.0,13525.5,10817.5,8109.5,5000.0,4000.0,3000.0,-9.16666666666606,-4.33333333333394,0.5,0.0,900.0,900.0,0.0,1.0749999999999924,0.5750000000000004,5418.0,0
1.975,13535.0,10825.0,8115.0,13530.5,10821.5,8112.5,5000.0,4000.0,3000.0,-9.16666666666606,-4.33333333333394,0.5,0.0,900.0,900.0,0.0,1.0759999999999923,0.5760000000000004,5420.0,0
1.976,13540.0,10829.0,8118.0,13535.5,10825.5,8115.5,5000.0,4000.0,3000.0,-9.16666666666606,-4.33333333333394,0.5,0.0,900.0,900.0,0.0,1.0769999999999922,0.5770000000000004,5422.0,0
1.977,13546.0,10833.0,8121.0,13540.5,10829.5,8118.5,6000.0,4000.0,3000.0,-9.16666666666606,-4.33333333333394,0.5,0.0,900.0,900.0,0.0,1.077999999999992,0.5780000000000004,5425.0,0
1.978,13551.0,10838.0,8124.0,13546.5,10833.5,8121.5,5000.0,5000.0,3000.0,-10.16666666666606,-4.33333333333394,0.5,0.0,900.0,900.0,0.0,1.078999999999992,0.5790000000000004,5427.0,0
1.979,13556.0,10842.0,8127.0,13551.5,10838.5,8124.5,5000.0,4000.0,3000.0,-10.16666666666606,-5.33333333333394,0.5,0.0,900.0,900.0,0.0,1.0799999999999919,0.5800000000000004,5429.0,0
1.98,13560.0,10846.0,8130.0,13556.5,10842.5,8127.5,4000.0,4000.0,3000.0,-10.16666666666606,-5.33333333333394,0.5,0.0,900.0,900.0,0.0,1.0809999999999917,0.5810000000000004,5430.0,0
1.981,13565.0,10850.0,8133.0,13560.5,10846.5,8130.5,5000.0,4000.0,3000.0,-9.16666666666606,-5.33333333333394,0.5,0.0,900.0,900.0,0.0,1.0819999999999916,0.5820000000000004,5432.0,0
1.982,13571.0,10854.0,8137.0,13565.5,10850.5,8133.5,6000.0,4000.0,4000.0,-9.16666666666606,-5.33333333333394,0.5,0.0,900.0,900.0,0.0,1.0829999999999915,0.5830000000000004,5434.0,0
1.983,13576.0,10858.0,8140.0,13571.5,10854.5,8137.5,5000.0,4000.0,3000.0,-8.5,-4.0,0.5,0.0,900.0,900.0,0.0,1.0839999999999914,0.5840000000000004,5436.0,0
1.984,13581.0,10862.0,8143.0,13576.5,10858.5,8140.5,5000.0,4000.0,3000.0,-8.5,-4.0,0.5,0.0,900.0,900.0,0.0,1.0849999999999913,0.5850000000000004,5438.0,0
1.985,13586.0,10867.0,8146.0,13581.5,10862.5,8143.5,5000.0,5000.0,3000.0,-8.5,-4.0,0.5,0.0,900.0,900.0,0.0,1.0859999999999912,0.5860000000000004,5440.0,0
1.986,13592.0,10871.0,8149.0,13586.5,10867.5,8146.5,6000.0,4000.0,3000.0,-8.5,-5.0,0.5,0.0,900.0,900.0,0.0,1.086999999999991,0.5870000000000004,5443.0,0
1.987,13597.0,10875.0,8152.0,13592.5,10871.5,8149.5,5000.0,4000.0,3000.0,-9.5,-5.0,0.5,0.0,900.0,900.0,0.0,1.087999999999991,0.5880000000000004,5445.0,0
1.988,13602.0,10879.0,8155.0,13597.5,10875.5,8152.5,5000.0,4000.0,3000.0,-9.5,-5.0,0.5,0.0,900.0,900.0,0.0,1.0889999999999909,0.5890000000000004,5447.0,0
1.989,13607.0,10883.0,8158.0,13602.5,10879.5,8155.5,5000.0,4000.0,3000.0,-9.5,-5.0,0.5,0.0,900.0,900.0,0.0,1.0899999999999908,0.5900000000000004,5449.0,0
1.99,13612.0,10887.0,8161.0,13607.5,10883.5,8158.5,5000.0,4000.0,3000.0,-9.5,-5.0,0.5,0.0,900.0,900.0,0.0,1.0909999999999906,0.5910000000000004,5451.0,0
1.991,13618.0,10891.0,8165.0,13612.5,10887.5,8161.5,6000.0,4000.0,4000.0,-9.5,-5.0,0.5,0.0,900.0,900.0,0.0,1.0919999999999905,0.5920000000000004,5453.0,0
1.992,13623.0,10896.0,8168.0,13618.5,10891.5,8165.5,5000.0,5000.0,3000.0,-8.83333333333394,-3.6666666666660603,0.5,0.0,900.0,900.0,0.0,1.0929999999999904,0.5930000000000004,5455.0,0
1.993,13628.0,10900.0,8171.0,13623.5,10896.5,8168.5,5000.0,4000.0,3000.0,-8.83333333333394,-4.66666666666606,0.5,0.0,900.0,900.0,0.0,1.0939999999999903,0.5940000000000004,5457.0,0
1.994,13633.0,10904.0,8174.0,13628.5,10900.5,8171.5,5000.0,4000.0,3000.0,-8.83333333333394,-4.66666666666606,0.5,0.0,900.0,900.0,0.0,1.0949999999999902,0.5950000000000004,5459.0,0
1.995,13639.0,10908.0,8177.0,13633.5,10904.5,8174.5,6000.0,4000.0,3000.0,-8.83333333333394,-4.66666666666606,0.5,0.0,900.0,900.0,0.0,1.09599999999999,0.5960000000000004,5462.0,0
1.996,13644.0,10912.0,8180.0,13639.5,10908.5,8177.5,5000.0,4000.0,3000.0,-9.83333333333394,-4.66666666666606,0.5,0.0,900.0,900.0,0.0,1.09699999999999,0.5970000000000004,5464.0,0
1.997,13649.0,10916.0,8183.0,13644.5,10912.5,8180.5,5000.0,4000.0,3000.0,-9.83333333333394,-4.66666666666606,0.5,0.0,900.0,900.0,0.0,1.0979999999999899,0.5980000000000004,5466.0,0
1.998,13654.0,10920.0,8186.0,13649.5,10916.5,8183.5,5000.0,4000.0,3000.0,-9.83333333333394,-4.66666666666606,0.5,0.0,900.0,900.0,0.0,1.0989999999999898,0.5990000000000004,5468.0,0
1.999,13660.0,10925.0,8190.0,13654.5,10920.5,8186.5,6000.0,5000.0,4000.0,-9.83333333333394,-4.66666666666606,0.5,0.0,900.0,900.0,0.0,1.0999999999999897,0.6000000000000004,5470.0,0
2.0,13665.0,10929.0,8193.0,13660.5,10925.5,8190.5,5000.0,4000.0,3000.0,-9.16666666666606,-4.33333333333394,0.5,0.0,900.0,900.0,0.0,1.1009999999999895,0.6010000000000004,5472.0,0
2.001,13670.0,10933.0,8196.0,13665.5,10929.5,8193.5,5000.0,4000.0,3000.0,-9.16666666666606,-4.33333333333394,0.5,0.0,900.0,900.0,0.0,1.1019999999999894,0.6020000000000004,5474.0,0
2.0020000000000002,13675.0,10937.0,8199.0,13670.5,10933.5,8196.5,5000.0,4000.0,3000.0,-9.16666666666606,-4.33333333333394,0.5,0.0,900.0,900.0,0.0,1.1029999999999893,0.6030000000000004,5476.0,0
2.003,13680.0,10941.0,8202.0,13675.5,10937.5,8199.5,5000.0,4000.0,3000.0,-9.16666666666606,-4.33333333333394,0.5,0.0,900.0,900.0,0.0,1.1039999999999892,0.6040000000000004,5478.0,0
2.004,13686.0,10945.0,8205.0,13680.5,10941.5,8202.5,6000.0,4000.0,3000.0,-9.16666666666606,-4.33333333333394,0.5,0.0,900.0,900.0,0.0,1.104999999999989,0.6050000000000004,5481.0,0
2.005,13691.0,10949.0,8208.0,13686.5,10945.5,8205.5,5000.0,4000.0,3000.0,-10.16666666666606,-4.33333333333394,0.5,0.0,900.0,900.0,0.0,1.105999999999989,0.6060000000000004,5483.0,0
2.0060000000000002,13696.0,10954.0,8211.0,13691.5,10949.5,8208.5,5000.0,5000.0,3000.0,-10.16666666666606,-4.33333333333394,0.5,0.0,900.0,900.0,0.0,1.1069999999999889,0.6070000000000004,5485.0,0
2.007,13700.0,10958.0,8214.0,13696.5,10954.5,8211.5,4000.0,4000.0,3000.0,-10.16666666666606,-5.33333333333394,0.5,0.0,900.0,900.0,0.0,1.1079999999999888,0.6080000000000004,5486.0,0
2.008,13705.0,10962.0,8218.0,13700.5,10958.5,8214.5,5000.0,4000.0,4000.0,-9.16666666666606,-5.33333333333394,0.5,0.0,900.0,900.0,0.0,1.1089999999999887,0.6090000000000004,5487.0,0
2.009,13711.0,10966.0,8221.0,13705.5,10962.5,8218.5,6000.0,4000.0,3000.0,-7.5,-4.0,0.5,0.0,900.0,900.0,0.0,1.1099999999999886,0.6100000000000004,5490.0,0
2.0100000000000002,13716.0,10970.0,8224.0,13711.5,10966.5,8221.5,5000.0,4000.0,3000.0,-8.5,-4.0,0.5,0.0,900.0,900.0,0.0,1.1109999999999884,0.6110000000000004,5492.0,0
2.011,13721.0,10974.0,8227.0,13716.5,10970.5,8224.5,5000.0,4000.0,3000.0,-8.5,-4.0,0.5,0.0,900.0,900.0,0.0,1.1119999999999883,0.6120000000000004,5494.0,0
2.012,13726.0,10978.0,8230.0,13721.5,10974.5,8227.5,5000.0,4000.0,3000.0,-8.5,-4.0,0.5,0.0,900.0,900.0,0.0,1.1129999999999882,0.6130000000000004,5496.0,0
2.013,13731.0,10983.0,8233.0,13726.5,10978.5,8230.5,5000.0,5000.0,3000.0,-8.5,-4.0,0.5,0.0,900.0,900.0,0.0,1.113999999999988,0.6140000000000004,5498.0,0
2.0140000000000002,13737.0,10987.0,8236.0,13731.5,10983.5,8233.5,6000.0,4000.0,3000.0,-8.5,-5.0,0.5,0.0,900.0,900.0,0.0,1.114999999999988,0.6150000000000004,5501.0,0
2.015,13742.0,10991.0,8239.0,13737.5,10987.5,8236.5,5000.0,4000.0,3000.0,-9.5,-5.0,0.5,0.0,900.0,900.0,0.0,1.115999999999988,0.6160000000000004,5503.0,0
2.016,13747.0,10995.0,8243.0,13742.5,10991.5,8239.5,5000.0,4000.0,4000.0,-9.5,-5.0,0.5,0.0,900.0,900.0,0.0,1.1169999999999878,0.6170000000000004,5504.0,0
2.017,13752.0,10999.0,8246.0,13747.5,10995.5,8243.5,5000.0,4000.0,3000.0,-7.83333333333394,-3.6666666666660603,0.5,0.0,900.0,900.0,0.0,1.1179999999999877,0.6180000000000004,5506.0,0
2.0180000000000002,13757.0,11003.0,8249.0,13752.5,10999.5,8246.5,5000.0,4000.0,3000.0,-7.83333333333394,-3.6666666666660603,0.5,0.0,900.0,900.0,0.0,1.1189999999999876,0.6190000000000004,5508.0,0
2.019,13763.0,11007.0,8252.0,13757.5,11003.5,8249.5,6000.0,4000.0,3000.0,-7.83333333333394,-3.6666666666660603,0.5,0.0,900.0,900.0,0.0,1.1199999999999875,0.6200000000000004,5511.0,0
2.02,13768.0,11012.0,8255.0,13763.5,11007.5,8252.5,5000.0,5000.0,3000.0,-8.83333333333394,-3.6666666666660603,0.5,0.0,900.0,900.0,0.0,1.1209999999999873,0.6210000000000004,5513.0,0
2.021,13773.0,11016.0,8258.0,13768.5,11012.5,8255.5,5000.0,4000.0,3000.0,-8.83333333333394,-4.66666666666606,0.5,0.0,900.0,900.0,0.0,1.1219999999999872,0.6220000000000004,5515.0,0
2.0220000000000002,13778.0,11020.0,8261.0,13773.5,11016.5,8258.5,5000.0,4000.0,3000.0,-8.83333333333394,-4.66666666666606,0.5,0.0,900.0,900.0,0.0,1.1229999999999871,0.6230000000000004,5517.0,0
2.023,13783.0,11024.0,8264.0,13778.5,11020.5,8261.5,5000.0,4000.0,3000.0,-8.83333333333394,-4.66666666666606,0.5,0.0,900.0,900.0,0.0,1.123999999999987,0.6240000000000004,5519.0,0
2.024,13789.0,11028.0,8267.0,13783.5,11024.5,8264.5,6000.0,4000.0,3000.0,-8.83333333333394,-4.66666666666606,0.5,0.0,900.0,900.0,0.0,1.124999999999987,0.6250000000000004,5522.0,0
2.025,13794.0,11032.0,8271.0,13789.5,11028.5,8267.5,5000.0,4000.0,4000.0,-9.83333333333394,-4.66666666666606,0.5,0.0,900.0,900.0,0.0,1.1259999999999868,0.6260000000000004,5523.0,0
2.0260000000000002,13799.0,11036.0,8274.0,13794.5,11032.5,8271.5,5000.0,4000.0,3000.0,-8.16666666666606,-3.3333333333339397,0.5,0.0,900.0,900.0,0.0,1.1269999999999867,0.6270000000000004,5525.0,0
2.027,13804.0,11041.0,8277.0,13799.5,11036.5,8274.5,5000.0,5000.0,3000.0,-8.16666666666606,-3.3333333333339397,0.5,0.0,900.0,900.0,0.0,1.1279999999999866,0.6280000000000004,5527.0,0
2.028,13810.0,11045.0,8280.0,13804.5,11041.5,8277.5,6000.0,4000.0,3000.0,-8.16666666666606,-4.33333333333394,0.5,0.0,900.0,900.0,0.0,1.1289999999999865,0.6290000000000004,5530.0,0
2.029,13815.0,11049.0,8283.0,13810.5,11045.5,8280.5,5000.0,4000.0,3000.0,-9.16666666666606,-4.33333333333394,0.5,0.0,900.0,900.0,0.0,1.1299999999999863,0.6300000000000004,5532.0,0
2.0300000000000002,13820.0,11053.0,8286.0,13815.5,11049.5,8283.5,5000.0,4000.0,3000.0,-9.16666666666606,-4.33333333333394,0.5,0.0,900.0,900.0,0.0,1.1309999999999862,0.6310000000000004,5534.0,0
2.031,13825.0,11057.0,8289.0,13820.5,11053.5,8286.5,5000.0,4000.0,3000.0,-9.16666666666606,-4.33333333333394,0.5,0.0,900.0,900.0,0.0,1.1319999999999861,0.6320000000000005,5536.0,0
2.032,13830.0,11061.0,8292.0,13825.5,11057.5,8289.5,5000.0,4000.0,3000.0,-9.16666666666606,-4.33333333333394,0.5,0.0,900.0,900.0,0.0,1.132999999999986,0.6330000000000005,5538.0,0
2.033,13836.0,11066.0,8296.0,13830.5,11061.5,8292.5,6000.0,5000.0,4000.0,-9.16666666666606,-4.33333333333394,0.5,0.0,900.0,900.0,0.0,1.133999999999986,0.6340000000000005,5540.0,0
2.0340000000000003,13841.0,11070.0,8299.0,13836.5,11066.5,8296.5,5000.0,4000.0,3000.0,-8.5,-4.0,0.5,0.0,900.0,900.0,0.0,1.1349999999999858,0.6350000000000005,5542.0,0
2.035,13846.0,11074.0,8302.0,13841.5,11070.5,8299.5,5000.0,4000.0,3000.0,-8.5,-4.0,0.5,0.0,900.0,900.0,0.0,1.1359999999999857,0.6360000000000005,5544.0,0
2.036,13851.0,11078.0,8305.0,13846.5,11074.5,8302.5,5000.0,4000.0,3000.0,-8.5,-4.0,0.5,0.0,900.0,900.0,0.0,1.1369999999999856,0.6370000000000005,5546.0,0
2.037,13856.0,11082.0,8308.0,13851.5,11078.5,8305.5,5000.0,4000.0,3000.0,-8.5,-4.0,0.5,0.0,900.0,900.0,0.0,1.1379999999999855,0.6380000000000005,5548.0,0
2.0380000000000003,13862.0,11086.0,8311.0,13856.5,11082.5,8308.5,6000.0,4000.0,3000.0,-8.5,-4.0,0.5,0.0,900.0,900.0,0.0,1.1389999999999854,0.6390000000000005,5551.0,0
2.039,13867.0,11090.0,8314.0,13862.5,11086.5,8311.5,5000.0,4000.0,3000.0,-9.5,-4.0,0.5,0.0,900.0,900.0,0.0,1.1399999999999852,0.6400000000000005,5553.0,0
2.04,13872.0,11095.0,8317.0,13867.5,11090.5,8314.5,5000.0,5000.0,3000.0,-9.5,-4.0,0.5,0.0,900.0,900.0,0.0,1.1409999999999851,0.6410000000000005,5555.0,0
2.041,13877.0,11099.0,8320.0,13872.5,11095.5,8317.5,5000.0,4000.0,3000.0,-9.5,-5.0,0.5,0.0,900.0,900.0,0.0,1.141999999999985,0.6420000000000005,5557.0,0
2.0420000000000003,13882.0,11103.0,8324.0,13877.5,11099.5,8320.5,5000.0,4000.0,4000.0,-9.5,-5.0,0.5,0.0,900.0,900.0,0.0,1.142999999999985,0.6430000000000005,5558.0,0
2.043,13888.0,11107.0,8327.0,13882.5,11103.5,8324.5,6000.0,4000.0,3000.0,-7.83333333333394,-3.6666666666660603,0.5,0.0,900.0,900.0,0.0,1.1439999999999848,0.6440000000000005,5561.0,0
2.044,13893.0,11111.0,8330.0,13888.5,11107.5,8327.5,5000.0,4000.0,3000.0,-8.83333333333394,-3.6666666666660603,0.5,0.0,900.0,900.0,0.0,1.1449999999999847,0.6450000000000005,5563.0,0
2.045,13898.0,11115.0,8333.0,13893.5,11111.5,8330.5,5000.0,4000.0,3000.0,-8.83333333333394,-3.6666666666660603,0.5,0.0,900.0,900.0,0.0,1.1459999999999846,0.6460000000000005,5565.0,0
2.0460000000000003,13903.0,11119.0,8336.0,13898.5,11115.5,8333.5,5000.0,4000.0,3000.0,-8.83333333333394,-3.6666666666660603,0.5,0.0,900.0,900.0,0.0,1.1469999999999845,0.6470000000000005,5567.0,0
2.047,13908.0,11124.0,8339.0,13903.5,11119.5,8336.5,5000.0,5000.0,3000.0,-8.83333333333394,-3.6666666666660603,0.5,0.0,900.0,900.0,0.0,1.1479999999999844,0.6480000000000005,5569.0,0
2.048,13914.0,11128.0,8342.0,13908.5,11124.5,8339.5,6000.0,4000.0,3000.0,-8.83333333333394,-4.66666666666606,0.5,0.0,900.0,900.0,0.0,1.1489999999999843,0.6490000000000005,5572.0,0
2.049,13919.0,11132.0,8345.0,13914.5,11128.5,8342.5,5000.0,4000.0,3000.0,-9.83333333333394,-4.66666666666606,0.5,0.0,900.0,900.0,0.0,1.1499999999999841,0.6500000000000005,5574.0,0
2.05,13924.0,11136.0,8349.0,13919.5,11132.5,8345.5,5000.0,4000.0,4000.0,-9.83333333333394,-4.66666666666606,0.5,0.0,900.0,900.0,0.0,1.150999999999984,0.6510000000000005,5575.0,0
2.051,13929.0,11140.0,8352.0,13924.5,11136.5,8349.5,5000.0,4000.0,3000.0,-8.16666666666606,-3.3333333333339397,0.5,0.0,900.0,900.0,0.0,1.151999999999984,0.6520000000000005,5577.0,0
2.052,13935.0,11144.0,8355.0,13929.5,11140.5,8352.5,6000.0,4000.0,3000.0,-8.16666666666606,-3.3333333333339397,0.5,0.0,900.0,900.0,0.0,1.1529999999999838,0.6530000000000005,5580.0,0
2.053,13940.0,11148.0,8358.0,13935.5,11144.5,8355.5,5000.0,4000.0,3000.0,-9.16666666666606,-3.3333333333339397,0.5,0.0,900.0,900.0,0.0,1.1539999999999837,0.6540000000000005,5582.0,0
2.054,13945.0,11153.0,8361.0,13940.5,11148.5,8358.5,5000.0,5000.0,3000.0,-9.16666666666606,-3.3333333333339397,0.5,0.0,900.0,900.0,0.0,1.1549999999999836,0.6550000000000005,5584.0,0
2.055,13950.0,11157.0,8364.0,13945.5,11153.5,8361.5,5000.0,4000.0,3000.0,-9.16666666666606,-4.33333333333394,0.5,0.0,900.0,900.0,0.0,1.1559999999999835,0.6560000000000005,5586.0,0
2.056,13955.0,11161.0,8367.0,13950.5,11157.5,8364.5,5000.0,4000.0,3000.0,-9.16666666666606,-4.33333333333394,0.5,0.0,900.0,900.0,0.0,1.1569999999999834,0.6570000000000005,5588.0,0
2.057,13961.0,11165.0,8370.0,13955.5,11161.5,8367.5,6000.0,4000.0,3000.0,-9.16666666666606,-4.33333333333394,0.5,0.0,900.0,900.0,0.0,1.1579999999999833,0.6580000000000005,5591.0,0
2.058,13966.0,11169.0,8373.0,13961.5,11165.5,8370.5,5000.0,4000.0,3000.0,-10.16666666666606,-4.33333333333394,0.5,0.0,900.0,900.0,0.0,1.1589999999999832,0.6590000000000005,5593.0,0
2.059,13970.0,11173.0,8377.0,13966.5,11169.5,8373.5,4000.0,4000.0,4000.0,-10.16666666666606,-4.33333333333394,0.5,0.0,900.0,900.0,0.0,1.159999999999983,0.6600000000000005,5593.0,0
2.06,13975.0,11177.0,8380.0,13970.5,11173.5,8377.5,5000.0,4000.0,3000.0,-7.5,-3.0,0.5,0.0,900.0,900.0,0.0,1.160999999999983,0.6610000000000005,5595.0,0
2.061,13981.0,11182.0,8383.0,13975.5,11177.5,8380.5,6000.0,5000.0,3000.0,-7.5,-3.0,0.5,0.0,900.0,900.0,0.0,1.1619999999999828,0.6620000000000005,5598.0,0
2.062,13986.0,11186.0,8386.0,13981.5,11182.5,8383.5,5000.0,4000.0,3000.0,-8.5,-4.0,0.5,0.0,900.0,900.0,0.0,1.1629999999999827,0.6630000000000005,5600.0,0
2.063,13991.0,11190.0,8389.0,13986.5,11186.5,8386.5,5000.0,4000.0,3000.0,-8.5,-4.0,0.5,0.0,900.0,900.0,0.0,1.1639999999999826,0.6640000000000005,5602.0,0
2.064,13996.0,11194.0,8392.0,13991.5,11190.5,8389.5,5000.0,4000.0,3000.0,-8.5,-4.0,0.5,0.0,900.0,900.0,0.0,1.1649999999999825,0.6650000000000005,5604.0,0
2.065,14001.0,11198.0,8395.0,13996.5,11194.5,8392.5,5000.0,4000.0,3000.0,-8.5,-4.0,0.5,0.0,900.0,900.0,0.0,1.1659999999999824,0.6660000000000005,5606.0,0
2.066,14007.0,11202.0,8398.0,14001.5,11198.5,8395.5,6000.0,4000.0,3000.0,-8.5,-4.0,0.5,0.0,900.0,900.0,0.0,1.1669999999999823,0.6670000000000005,5609.0,0
2.067,14012.0,11206.0,8401.0,14007.5,11202.5,8398.5,5000.0,4000.0,3000.0,-9.5,-4.0,0.5,0.0,900.0,900.0,0.0,1.1679999999999822,0.6680000000000005,5611.0,0
2.068,14017.0,11211.0,8405.0,14012.5,11206.5,8401.5,5000.0,5000.0,4000.0,-9.5,-4.0,0.5,0.0,900.0,900.0,0.0,1.168999999999982,0.6690000000000005,5612.0,0
2.069,14022.0,11215.0,8408.0,14017.5,11211.5,8405.5,5000.0,4000.0,3000.0,-7.83333333333394,-3.6666666666660603,0.5,0.0,900.0,900.0,0.0,1.169999999999982,0.6700000000000005,5614.0,0
2.07,14027.0,11219.0,8411.0,14022.5,11215.5,8408.5,5000.0,4000.0,3000.0,-7.83333333333394,-3.6666666666660603,0.5,0.0,900.0,900.0,0.0,1.1709999999999818,0.6710000000000005,5616.0,0
2.071,14033.0,11223.0,8414.0,14027.5,11219.5,8411.5,6000.0,4000.0,3000.0,-7.83333333333394,-3.6666666666660603,0.5,0.0,900.0,900.0,0.0,1.1719999999999817,0.6720000000000005,5619.0,0
2.072,14038.0,11227.0,8417.0,14033.5,11223.5,8414.5,5000.0,4000.0,3000.0,-8.83333333333394,-3.6666666666660603,0.5,0.0,900.0,900.0,0.0,1.1729999999999816,0.6730000000000005,5621.0,0
2.073,14043.0,11231.0,8420.0,14038.5,11227.5,8417.5,5000.0,4000.0,3000.0,-8.83333333333394,-3.6666666666660603,0.5,0.0,900.0,900.0,0.0,1.1739999999999815,0.6740000000000005,5623.0,0
2.074,14048.0,11235.0,8423.0,14043.5,11231.5,8420.5,5000.0,4000.0,3000.0,-8.83333333333394,-3.6666666666660603,0.5,0.0,900.0,900.0,0.0,1.1749999999999814,0.6750000000000005,5625.0,0
2.075,14053.0,11240.0,8426.0,14048.5,11235.5,8423.5,5000.0,5000.0,3000.0,-8.83333333333394,-3.6666666666660603,0.5,0.0,900.0,900.0,0.0,1.1759999999999813,0.6760000000000005,5627.0,0
2.076,14059.0,11244.0,8430.0,14053.5,11240.5,8426.5,6000.0,4000.0,4000.0,-8.83333333333394,-4.66666666666606,0.5,0.0,900.0,900.0,0.0,1.1769999999999812,0.6770000000000005,5629.0,0
2.077,14064.0,11248.0,8433.0,14059.5,11244.5,8430.5,5000.0,4000.0,3000.0,-8.16666666666606,-3.3333333333339397,0.5,0.0,900.0,900.0,0.0,1.177999999999981,0.6780000000000005,5631.0,0
2.078,14069.0,11252.0,8436.0,14064.5,11248.5,8433.5,5000.0,4000.0,3000.0,-8.16666666666606,-3.3333333333339397,0.5,0.0,900.0,900.0,0.0,1.178999999999981,0.6790000000000005,5633.0,0
2.079,14074.0,11256.0,8439.0,14069.5,11252.5,8436.5,5000.0,4000.0,3000.0,-8.16666666666606,-3.3333333333339397,0.5,0.0,900.0,900.0,0.0,1.1799999999999808,0.6800000000000005,5635.0,0
2.08,14079.0,11260.0,8442.0,14074.5,11256.5,8439.5,5000.0,4000.0,3000.0,-8.16666666666606,-3.3333333333339397,0.5,0.0,900.0,900.0,0.0,1.1809999999999807,0.6810000000000005,5637.0,0
2.081,14085.0,11264.0,8445.0,14079.5,11260.5,8442.5,6000.0,4000.0,3000.0,-8.16666666666606,-3.3333333333339397,0.5,0.0,900.0,900.0,0.0,1.1819999999999806,0.6820000000000005,5640.0,0
2.082,14090.0,11269.0,8448.0,14085.5,11264.5,8445.5,5000.0,5000.0,3000.0,-9.16666666666606,-3.3333333333339397,0.5,0.0,900.0,900.0,0.0,1.1829999999999805,0.6830000000000005,5642.0,0
2.083,14095.0,11273.0,8451.0,14090.5,11269.5,8448.5,5000.0,4000.0,3000.0,-9.16666666666606,-4.33333333333394,0.5,0.0,900.0,900.0,0.0,1.1839999999999804,0.6840000000000005,5644.0,0
2.084,14100.0,11277.0,8454.0,14095.5,11273.5,8451.5,5000.0,4000.0,3000.0,-9.16666666666606,-4.33333333333394,0.5,0.0,900.0,900.0,0.0,1.1849999999999803,0.6850000000000005,5646.0,0
2.085,14105.0,11281.0,8458.0,14100.5,11277.5,8454.5,5000.0,4000.0,4000.0,-9.16666666666606,-4.33333333333394,0.5,0.0,900.0,900.0,0.0,1.1859999999999802,0.6860000000000005,5647.0,0
2.086,14111.0,11285.0,8461.0,14105.5,11281.5,8458.5,6000.0,4000.0,3000.0,-7.5,-3.0,0.5,0.0,900.0,900.0,0.0,1.18699999999998,0.6870000000000005,5650.0,0
2.087,14116.0,11289.0,8464.0,14111.5,11285.5,8461.5,5000.0,4000.0,3000.0,-8.5,-3.0,0.5,0.0,900.0,900.0,0.0,1.18799999999998,0.6880000000000005,5652.0,0
2.088,14121.0,11293.0,8467.0,14116.5,11289.5,8464.5,5000.0,4000.0,3000.0,-8.5,-3.0,0.5,0.0,900.0,900.0,0.0,1.1889999999999799,0.6890000000000005,5654.0,0
2.089,14126.0,11298.0,8470.0,14121.5,11293.5,8467.5,5000.0,5000.0,3000.0,-8.5,-3.0,0.5,0.0,900.0,900.0,0.0,1.1899999999999797,0.6900000000000005,5656.0,0
2.09,14131.0,11302.0,8473.0,14126.5,11298.5,8470.5,5000.0,4000.0,3000.0,-8.5,-4.0,0.5,0.0,900.0,900.0,0.0,1.1909999999999796,0.6910000000000005,5658.0,0
2.091,14137.0,11306.0,8476.0,14131.5,11302.5,8473.5,6000.0,4000.0,3000.0,-8.5,-4.0,0.5,0.0,900.0,900.0,0.0,1.1919999999999795,0.6920000000000005,5661.0,0
2.092,14142.0,11310.0,8479.0,14137.5,11306.5,8476.5,5000.0,4000.0,3000.0,-9.5,-4.0,0.5,0.0,900.0,900.0,0.0,1.1929999999999794,0.6930000000000005,5663.0,0
2.093,14147.0,11314.0,8483.0,14142.5,11310.5,8479.5,5000.0,4000.0,4000.0,-9.5,-4.0,0.5,0.0,900.0,900.0,0.0,1.1939999999999793,0.6940000000000005,5664.0,0
2.094,14152.0,11318.0,8486.0,14147.5,11314.5,8483.5,5000.0,4000.0,3000.0,-7.83333333333394,-2.6666666666660603,0.5,0.0,900.0,900.0,0.0,1.1949999999999792,0.6950000000000005,5666.0,0
2.095,14157.0,11322.0,8489.0,14152.5,11318.5,8486.5,5000.0,4000.0,3000.0,-7.83333333333394,-2.6666666666660603,0.5,0.0,900.0,900.0,0.0,1.195999999999979,0.6960000000000005,5668.0,0
2.096,14163.0,11327.0,8492.0,14157.5,11322.5,8489.5,6000.0,5000.0,3000.0,-7.83333333333394,-2.6666666666660603,0.5,0.0,900.0,900.0,0.0,1.196999999999979,0.6970000000000005,5671.0,0
2.097,14168.0,11331.0,8495.0,14163.5,11327.5,8492.5,5000.0,4000.0,3000.0,-8.83333333333394,-3.6666666666660603,0.5,0.0,900.0,900.0,0.0,1.1979999999999789,0.6980000000000005,5673.0,0
2.098,14173.0,11335.0,8498.0,14168.5,11331.5,8495.5,5000.0,4000.0,3000.0,-8.83333333333394,-3.6666666666660603,0.5,0.0,900.0,900.0,0.0,1.1989999999999787,0.6990000000000005,5675.0,0
2.099,14178.0,11339.0,8501.0,14173.5,11335.5,8498.5,5000.0,4000.0,3000.0,-8.83333333333394,-3.6666666666660603,0.5,0.0,900.0,900.0,0.0,1.1999999999999786,0.7000000000000005,5677.0,0
2.1,14183.0,11343.0,8504.0,14178.5,11339.5,8501.5,5000.0,4000.0,3000.0,-8.83333333333394,-3.6666666666660603,0.5,0.0,900.0,900.0,0.0,1.2009999999999785,0.7010000000000005,5679.0,0
2.101,14189.0,11347.0,8507.0,14183.5,11343.5,8504.5,6000.0,4000.0,3000.0,-8.83333333333394,-3.6666666666660603,0.5,0.0,900.0,900.0,0.0,1.2019999999999784,0.7020000000000005,5682.0,0
2.102,14194.0,11352.0,8511.0,14189.5,11347.5,8507.5,5000.0,5000.0,4000.0,-9.83333333333394,-3.6666666666660603,0.5,0.0,900.0,900.0,0.0,1.2029999999999783,0.7030000000000005,5683.0,0
2.103,14199.0,11356.0,8514.0,14194.5,11352.5,8511.5,5000.0,4000.0,3000.0,-8.16666666666606,-3.3333333333339397,0.5,0.0,900.0,900.0,0.0,1.2039999999999782,0.7040000000000005,5685.0,0
2.104,14204.0,11360.0,8517.0,14199.5,11356.5,8514.5,5000.0,4000.0,3000.0,-8.16666666666606,-3.3333333333339397,0.5,0.0,900.0,900.0,0.0,1.204999999999978,0.7050000000000005,5687.0,0
2.105,14209.0,11364.0,8520.0,14204.5,11360.5,8517.5,5000.0,4000.0,3000.0,-8.16666666666606,-3.3333333333339397,0.5,0.0,900.0,900.0,0.0,1.205999999999978,0.7060000000000005,5689.0,0
2.106,14215.0,11368.0,8523.0,14209.5,11364.5,8520.5,6000.0,4000.0,3000.0,-8.16666666666606,-3.3333333333339397,0.5,0.0,900.0,900.0,0.0,1.2069999999999779,0.7070000000000005,5692.0,0
2.107,14220.0,11372.0,8526.0,14215.5,11368.5,8523.5,5000.0,4000.0,3000.0,-9.16666666666606,-3.3333333333339397,0.5,0.0,900.0,900.0,0.0,1.2079999999999778,0.7080000000000005,5694.0,0
2.108,14225.0,11376.0,8529.0,14220.5,11372.5,8526.5,5000.0,4000.0,3000.0,-9.16666666666606,-3.3333333333339397,0.5,0.0,900.0,900.0,0.0,1.2089999999999776,0.7090000000000005,5696.0,0
2.109,14230.0,11381.0,8532.0,14225.5,11376.5,8529.5,5000.0,5000.0,3000.0,-9.16666666666606,-3.3333333333339397,0.5,0.0,900.0,900.0,0.0,1.2099999999999775,0.7100000000000005,5698.0,0
2.11,14235.0,11385.0,8536.0,14230.5,11381.5,8532.5,5000.0,4000.0,4000.0,-9.16666666666606,-4.33333333333394,0.5,0.0,900.0,900.0,0.0,1.2109999999999774,0.7110000000000005,5699.0,0
2.111,14240.0,11389.0,8539.0,14235.5,11385.5,8536.5,5000.0,4000.0,3000.0,-7.5,-3.0,0.5,0.0,900.0,900.0,0.0,1.2119999999999773,0.7120000000000005,5701.0,0
2.112,14246.0,11393.0,8542.0,14240.5,11389.5,8539.5,6000.0,4000.0,3000.0,-7.5,-3.0,0.5,0.0,900.0,900.0,0.0,1.2129999999999772,0.7130000000000005,5704.0,0
2.113,14251.0,11397.0,8545.0,14246.5,11393.5,8542.5,5000.0,4000.0,3000.0,-8.5,-3.0,0.5,0.0,900.0,900.0,0.0,1.213999999999977,0.7140000000000005,5706.0,0
2.114,14256.0,11401.0,8548.0,14251.5,11397.5,8545.5,5000.0,4000.0,3000.0,-8.5,-3.0,0.5,0.0,900.0,900.0,0.0,1.214999999999977,0.7150000000000005,5708.0,0
2.115,14261.0,11405.0,8551.0,14256.5,11401.5,8548.5,5000.0,4000.0,3000.0,-8.5,-3.0,0.5,0.0,900.0,900.0,0.0,1.2159999999999769,0.7160000000000005,5710.0,0
2.116,14266.0,11410.0,8554.0,14261.5,11405.5,8551.5,5000.0,5000.0,3000.0,-8.5,-3.0,0.5,0.0,900.0,900.0,0.0,1.2169999999999768,0.7170000000000005,5712.0,0
2.117,14272.0,11414.0,8557.0,14266.5,11410.5,8554.5,6000.0,4000.0,3000.0,-8.5,-4.0,0.5,0.0,900.0,900.0,0.0,1.2179999999999767,0.7180000000000005,5715.0,0
2.118,14277.0,11418.0,8560.0,14272.5,11414.5,8557.5,5000.0,4000.0,3000.0,-9.5,-4.0,0.5,0.0,900.0,900.0,0.0,1.2189999999999765,0.7190000000000005,5717.0,0
2.119,14282.0,11422.0,8564.0,14277.5,11418.5,8560.5,5000.0,4000.0,4000.0,-9.5,-4.0,0.5,0.0,900.0,900.0,0.0,1.2199999999999764,0.7200000000000005,5718.0,0
2.12,14287.0,11426.0,8567.0,14282.5,11422.5,8564.5,5000.0,4000.0,3000.0,-7.83333333333394,-2.6666666666660603,0.5,0.0,900.0,900.0,0.0,1.2209999999999763,0.7210000000000005,5720.0,0
2.121,14292.0,11430.0,8570.0,14287.5,11426.5,8567.5,5000.0,4000.0,3000.0,-7.83333333333394,-2.6666666666660603,0.5,0.0,900.0,900.0,0.0,1.2219999999999762,0.7220000000000005,5722.0,0
2.122,14298.0,11434.0,8573.0,14292.5,11430.5,8570.5,6000.0,4000.0,3000.0,-7.83333333333394,-2.6666666666660603,0.5,0.0,900.0,900.0,0.0,1.222999999999976,0.7230000000000005,5725.0,0
2.123,14303.0,11439.0,8576.0,14298.5,11434.5,8573.5,5000.0,5000.0,3000.0,-8.83333333333394,-2.6666666666660603,0.5,0.0,900.0,900.0,0.0,1.223999999999976,0.7240000000000005,5727.0,0
2.124,14308.0,11443.0,8579.0,14303.5,11439.5,8576.5,5000.0,4000.0,3000.0,-8.83333333333394,-3.6666666666660603,0.5,0.0,900.0,900.0,0.0,1.2249999999999759,0.7250000000000005,5729.0,0
2.125,14313.0,11447.0,8582.0,14308.5,11443.5,8579.5,5000.0,4000.0,3000.0,-8.83333333333394,-3.6666666666660603,0.5,0.0,900.0,900.0,0.0,1.2259999999999758,0.7260000000000005,5731.0,0
2.126,14318.0,11451.0,8585.0,14313.5,11447.5,8582.5,5000.0,4000.0,3000.0,-8.83333333333394,-3.6666666666660603,0.5,0.0,900.0,900.0,0.0,1.2269999999999757,0.7270000000000005,5733.0,0
2.1270000000000002,14324.0,11455.0,8588.0,14318.5,11451.5,8585.5,6000.0,4000.0,3000.0,-8.83333333333394,-3.6666666666660603,0.5,0.0,900.0,900.0,0.0,1.2279999999999756,0.7280000000000005,5736.0,0
2.128,14329.0,11459.0,8592.0,14324.5,11455.5,8588.5,5000.0,4000.0,4000.0,-9.83333333333394,-3.6666666666660603,0.5,0.0,900.0,900.0,0.0,1.2289999999999754,0.7290000000000005,5737.0,0
2.129,14334.0,11463.0,8595.0,14329.5,11459.5,8592.5,5000.0,4000.0,3000.0,-8.16666666666606,-2.3333333333339397,0.5,0.0,900.0,900.0,0.0,1.2299999999999753,0.7300000000000005,5739.0,0
2.13,14339.0,11468.0,8598.0,14334.5,11463.5,8595.5,5000.0,5000.0,3000.0,-8.16666666666606,-2.3333333333339397,0.5,0.0,900.0,900.0,0.0,1.2309999999999752,0.7310000000000005,5741.0,0
2.1310000000000002,14344.0,11472.0,8601.0,14339.5,11468.5,8598.5,5000.0,4000.0,3000.0,-8.16666666666606,-3.3333333333339397,0.5,0.0,900.0,900.0,0.0,1.2319999999999751,0.7320000000000005,5743.0,0
2.132,14350.0,11476.0,8604.0,14344.5,11472.5,8601.5,6000.0,4000.0,3000.0,-8.16666666666606,-3.3333333333339397,0.5,0.0,900.0,900.0,0.0,1.232999999999975,0.7330000000000005,5746.0,0
2.133,14355.0,11480.0,8607.0,14350.5,11476.5,8604.5,5000.0,4000.0,3000.0,-9.16666666666606,-3.3333333333339397,0.5,0.0,900.0,900.0,0.0,1.233999999999975,0.7340000000000005,5748.0,0
2.134,14360.0,11484.0,8610.0,14355.5,11480.5,8607.5,5000.0,4000.0,3000.0,-9.16666666666606,-3.3333333333339397,0.5,0.0,900.0,900.0,0.0,1.2349999999999748,0.7350000000000005,5750.0,0
2.1350000000000002,14365.0,11488.0,8613.0,14360.5,11484.5,8610.5,5000.0,4000.0,3000.0,-9.16666666666606,-3.3333333333339397,0.5,0.0,900.0,900.0,0.0,1.2359999999999747,0.7360000000000005,5752.0,0
2.136,14370.0,11492.0,8617.0,14365.5,11488.5,8613.5,5000.0,4000.0,4000.0,-9.16666666666606,-3.3333333333339397,0.5,0.0,900.0,900.0,0.0,1.2369999999999746,0.7370000000000005,5753.0,0
2.137,14376.0,11497.0,8620.0,14370.5,11492.5,8617.5,6000.0,5000.0,3000.0,-7.5,-2.0,0.5,0.0,900.0,900.0,0.0,1.2379999999999745,0.7380000000000005,5756.0,0
2.138,14381.0,11501.0,8623.0,14376.5,11497.5,8620.5,5000.0,4000.0,3000.0,-8.5,-3.0,0.5,0.0,900.0,900.0,0.0,1.2389999999999743,0.7390000000000005,5758.0,0
2.1390000000000002,14386.0,11505.0,8626.0,14381.5,11501.5,8623.5,5000.0,4000.0,3000.0,-8.5,-3.0,0.5,0.0,900.0,900.0,0.0,1.2399999999999742,0.7400000000000005,5760.0,0
2.14,14391.0,11509.0,8629.0,14386.5,11505.5,8626.5,5000.0,4000.0,3000.0,-8.5,-3.0,0.5,0.0,900.0,900.0,0.0,1.2409999999999741,0.7410000000000005,5762.0,0
2.141,14396.0,11513.0,8632.0,14391.5,11509.5,8629.5,5000.0,4000.0,3000.0,-8.5,-3.0,0.5,0.0,900.0,900.0,0.0,1.241999999999974,0.7420000000000005,5764.0,0
2.142,14402.0,11517.0,8635.0,14396.5,11513.5,8632.5,6000.0,4000.0,3000.0,-8.5,-3.0,0.5,0.0,900.0,900.0,0.0,1.242999999999974,0.7430000000000005,5767.0,0
2.1430000000000002,14407.0,11521.0,8638.0,14402.5,11517.5,8635.5,5000.0,4000.0,3000.0,-9.5,-3.0,0.5,0.0,900.0,900.0,0.0,1.2439999999999738,0.7440000000000005,5769.0,0
2.144,14412.0,11526.0,8641.0,14407.5,11521.5,8638.5,5000.0,5000.0,3000.0,-9.5,-3.0,0.5,0.0,900.0,900.0,0.0,1.2449999999999737,0.7450000000000006,5771.0,0
2.145,14417.0,11530.0,8645.0,14412.5,11526.5,8641.5,5000.0,4000.0,4000.0,-9.5,-4.0,0.5,0.0,900.0,900.0,0.0,1.2459999999999736,0.7460000000000006,5772.0,0
2.146,14422.0,11534.0,8648.0,14417.5,11530.5,8645.5,5000.0,4000.0,3000.0,-7.83333333333394,-2.6666666666660603,0.5,0.0,900.0,900.0,0.0,1.2469999999999735,0.7470000000000006,5774.0,0
2.1470000000000002,14428.0,11538.0,8651.0,14422.5,11534.5,8648.5,6000.0,4000.0,3000.0,-7.83333333333394,-2.6666666666660603,0.5,0.0,900.0,900.0,0.0,1.2479999999999734,0.7480000000000006,5777.0,0
2.148,14433.0,11542.0,8654.0,14428.5,11538.5,8651.5,5000.0,4000.0,3000.0,-8.83333333333394,-2.6666666666660603,0.5,0.0,900.0,900.0,0.0,1.2489999999999732,0.7490000000000006,5779.0,0
2.149,14438.0,11546.0,8657.0,14433.5,11542.5,8654.5,5000.0,4000.0,3000.0,-8.83333333333394,-2.6666666666660603,0.5,0.0,900.0,900.0,0.0,1.2499999999999731,0.7500000000000006,5781.0,0
2.15,14443.0,11550.0,8660.0,14438.5,11546.5,8657.5,5000.0,4000.0,3000.0,-8.83333333333394,-2.6666666666660603,0.5,0.0,900.0,900.0,0.0,1.250999999999973,0.7510000000000006,5783.0,0
2.1510000000000002,14448.0,11555.0,8663.0,14443.5,11550.5,8660.5,5000.0,5000.0,3000.0,-8.83333333333394,-2.6666666666660603,0.5,0.0,900.0,900.0,0.0,1.251999999999973,0.7520000000000006,5785.0,0
2.152,14454.0,11559.0,8666.0,14448.5,11555.5,8663.5,6000.0,4000.0,3000.0,-8.83333333333394,-3.6666666666660603,0.5,0.0,900.0,900.0,0.0,1.2529999999999728,0.7530000000000006,5788.0,0
2.153,14459.0,11563.0,8670.0,14454.5,11559.5,8666.5,5000.0,4000.0,4000.0,-9.83333333333394,-3.6666666666660603,0.5,0.0,900.0,900.0,0.0,1.2539999999999727,0.7540000000000006,5789.0,0
2.154,14464.0,11567.0,8673.0,14459.5,11563.5,8670.5,5000.0,4000.0,3000.0,-8.16666666666606,-2.3333333333339397,0.5,0.0,900.0,900.0,0.0,1.2549999999999726,0.7550000000000006,5791.0,0
2.1550000000000002,14469.0,11571.0,8676.0,14464.5,11567.5,8673.5,5000.0,4000.0,3000.0,-8.16666666666606,-2.3333333333339397,0.5,0.0,900.0,900.0,0.0,1.2559999999999725,0.7560000000000006,5793.0,0
2.156,14474.0,11575.0,8679.0,14469.5,11571.5,8676.5,5000.0,4000.0,3000.0,-8.16666666666606,-2.3333333333339397,0.5,0.0,900.0,900.0,0.0,1.2569999999999724,0.7570000000000006,5795.0,0
2.157,14480.0,11579.0,8682.0,14474.5,11575.5,8679.5,6000.0,4000.0,3000.0,-8.16666666666606,-2.3333333333339397,0.5,0.0,900.0,900.0,0.0,1.2579999999999723,0.7580000000000006,5798.0,0
2.158,14485.0,11584.0,8685.0,14480.5,11579.5,8682.5,5000.0,5000.0,3000.0,-9.16666666666606,-2.3333333333339397,0.5,0.0,900.0,900.0,0.0,1.2589999999999721,0.7590000000000006,5800.0,0
2.1590000000000003,14490.0,11588.0,8688.0,14485.5,11584.5,8685.5,5000.0,4000.0,3000.0,-9.16666666666606,-3.3333333333339397,0.5,0.0,900.0,900.0,0.0,1.259999999999972,0.7600000000000006,5802.0,0
2.16,14495.0,11592.0,8691.0,14490.5,11588.5,8688.5,5000.0,4000.0,3000.0,-9.16666666666606,-3.3333333333339397,0.5,0.0,900.0,900.0,0.0,1.260999999999972,0.7610000000000006,5804.0,0
2.161,14500.0,11596.0,8694.0,14495.5,11592.5,8691.5,5000.0,4000.0,3000.0,-9.16666666666606,-3.3333333333339397,0.5,0.0,900.0,900.0,0.0,1.2619999999999718,0.7620000000000006,5806.0,0
2.162,14506.0,11600.0,8698.0,14500.5,11596.5,8694.5,6000.0,4000.0,4000.0,-9.16666666666606,-3.3333333333339397,0.5,0.0,900.0,900.0,0.0,1.2629999999999717,0.7630000000000006,5808.0,0
2.1630000000000003,14511.0,11604.0,8701.0,14506.5,11600.5,8698.5,5000.0,4000.0,3000.0,-8.5,-2.0,0.5,0.0,900.0,900.0,0.0,1.2639999999999716,0.7640000000000006,5810.0,0
2.164,14516.0,11608.0,8704.0,14511.5,11604.5,8701.5,5000.0,4000.0,3000.0,-8.5,-2.0,0.5,0.0,900.0,900.0,0.0,1.2649999999999715,0.7650000000000006,5812.0,0
2.165,14521.0,11613.0,8707.0,14516.5,11608.5,8704.5,5000.0,5000.0,3000.0,-8.5,-2.0,0.5,0.0,900.0,900.0,0.0,1.2659999999999714,0.7660000000000006,5814.0,0
2.166,14526.0,11617.0,8710.0,14521.5,11613.5,8707.5,5000.0,4000.0,3000.0,-8.5,-3.0,0.5,0.0,900.0,900.0,0.0,1.2669999999999713,0.7670000000000006,5816.0,0
2.1670000000000003,14532.0,11621.0,8713.0,14526.5,11617.5,8710.5,6000.0,4000.0,3000.0,-8.5,-3.0,0.5,0.0,900.0,900.0,0.0,1.2679999999999712,0.7680000000000006,5819.0,0
2.168,14537.0,11625.0,8716.0,14532.5,11621.5,8713.5,5000.0,4000.0,3000.0,-9.5,-3.0,0.5,0.0,900.0,900.0,0.0,1.268999999999971,0.7690000000000006,5821.0,0
2.169,14542.0,11629.0,8719.0,14537.5,11625.5,8716.5,5000.0,4000.0,3000.0,-9.5,-3.0,0.5,0.0,900.0,900.0,0.0,1.269999999999971,0.7700000000000006,5823.0,0
2.17,14547.0,11633.0,8723.0,14542.5,11629.5,8719.5,5000.0,4000.0,4000.0,-9.5,-3.0,0.5,0.0,900.0,900.0,0.0,1.2709999999999708,0.7710000000000006,5824.0,0
2.1710000000000003,14552.0,11638.0,8726.0,14547.5,11633.5,8723.5,5000.0,5000.0,3000.0,-7.83333333333394,-1.6666666666660603,0.5,0.0,900.0,900.0,0.0,1.2719999999999707,0.7720000000000006,5826.0,0
2.172,14558.0,11642.0,8729.0,14552.5,11638.5,8726.5,6000.0,4000.0,3000.0,-7.83333333333394,-2.6666666666660603,0.5,0.0,900.0,900.0,0.0,1.2729999999999706,0.7730000000000006,5829.0,0
2.173,14563.0,11646.0,8732.0,14558.5,11642.5,8729.5,5000.0,4000.0,3000.0,-8.83333333333394,-2.6666666666660603,0.5,0.0,900.0,900.0,0.0,1.2739999999999705,0.7740000000000006,5831.0,0
2.174,14568.0,11650.0,8735.0,14563.5,11646.5,8732.5,5000.0,4000.0,3000.0,-8.83333333333394,-2.6666666666660603,0.5,0.0,900.0,900.0,0.0,1.2749999999999704,0.7750000000000006,5833.0,0
2.1750000000000003,14573.0,11654.0,8738.0,14568.5,11650.5,8735.5,5000.0,4000.0,3000.0,-8.83333333333394,-2.6666666666660603,0.5,0.0,900.0,900.0,0.0,1.2759999999999703,0.7760000000000006,5835.0,0
2.176,14578.0,11658.0,8741.0,14573.5,11654.5,8738.5,5000.0,4000.0,3000.0,-8.83333333333394,-2.6666666666660603,0.5,0.0,900.0,900.0,0.0,1.2769999999999702,0.7770000000000006,5837.0,0
2.177,14583.0,11662.0,8744.0,14578.5,11658.5,8741.5,5000.0,4000.0,3000.0,-8.83333333333394,-2.6666666666660603,0.5,0.0,900.0,900.0,0.0,1.27799999999997,0.7780000000000006,5839.0,0
2.178,14589.0,11667.0,8747.0,14583.5,11662.5,8744.5,6000.0,5000.0,3000.0,-8.83333333333394,-2.6666666666660603,0.5,0.0,900.0,900.0,0.0,1.27899999999997,0.7790000000000006,5842.0,0
2.179,14594.0,11671.0,8751.0,14589.5,11667.5,8747.5,5000.0,4000.0,4000.0,-9.83333333333394,-3.6666666666660603,0.5,0.0,900.0,900.0,0.0,1.2799999999999698,0.7800000000000006,5843.0,0
2.18,14599.0,11675.0,8754.0,14594.5,11671.5,8751.5,5000.0,4000.0,3000.0,-8.16666666666606,-2.3333333333339397,0.5,0.0,900.0,900.0,0.0,1.2809999999999697,0.7810000000000006,5845.0,0
2.181,14604.0,11679.0,8757.0,14599.5,11675.5,8754.5,5000.0,4000.0,3000.0,-8.16666666666606,-2.3333333333339397,0.5,0.0,900.0,900.0,0.0,1.2819999999999696,0.7820000000000006,5847.0,0
2.182,14609.0,11683.0,8760.0,14604.5,11679.5,8757.5,5000.0,4000.0,3000.0,-8.16666666666606,-2.3333333333339397,0.5,0.0,900.0,900.0,0.0,1.2829999999999695,0.7830000000000006,5849.0,0
2.183,14615.0,11687.0,8763.0,14609.5,11683.5,8760.5,6000.0,4000.0,3000.0,-8.16666666666606,-2.3333333333339397,0.5,0.0,900.0,900.0,0.0,1.2839999999999694,0.7840000000000006,5852.0,0
2.184,14620.0,11691.0,8766.0,14615.5,11687.5,8763.5,5000.0,4000.0,3000.0,-9.16666666666606,-2.3333333333339397,0.5,0.0,900.0,900.0,0.0,1.2849999999999693,0.7850000000000006,5854.0,0
2.185,14625.0,11696.0,8769.0,14620.5,11691.5,8766.5,5000.0,5000.0,3000.0,-9.16666666666606,-2.3333333333339397,0.5,0.0,900.0,900.0,0.0,1.2859999999999692,0.7860000000000006,5856.0,0
2.186,14630.0,11700.0,8772.0,14625.5,11696.5,8769.5,5000.0,4000.0,3000.0,-9.16666666666606,-3.3333333333339397,0.5,0.0,900.0,900.0,0.0,1.286999999999969,0.7870000000000006,5858.0,0
2.187,14635.0,11704.0,8775.0,14630.5,11700.5,8772.5,5000.0,4000.0,3000.0,-9.16666666666606,-3.3333333333339397,0.5,0.0,900.0,900.0,0.0,1.287999999999969,0.7880000000000006,5860.0,0
2.188,14641.0,11708.0,8779.0,14635.5,11704.5,8775.5,6000.0,4000.0,4000.0,-9.16666666666606,-3.3333333333339397,0.5,0.0,900.0,900.0,0.0,1.2889999999999688,0.7890000000000006,5862.0,0
2.189,14646.0,11712.0,8782.0,14641.5,11708.5,8779.5,5000.0,4000.0,3000.0,-8.5,-2.0,0.5,0.0,900.0,900.0,0.0,1.2899999999999687,0.7900000000000006,5864.0,0
2.19,14651.0,11716.0,8785.0,14646.5,11712.5,8782.5,5000.0,4000.0,3000.0,-8.5,-2.0,0.5,0.0,900.0,900.0,0.0,1.2909999999999686,0.7910000000000006,5866.0,0
2.191,14656.0,11720.0,8788.0,14651.5,11716.5,8785.5,5000.0,4000.0,3000.0,-8.5,-2.0,0.5,0.0,900.0,900.0,0.0,1.2919999999999685,0.7920000000000006,5868.0,0
2.192,14661.0,11725.0,8791.0,14656.5,11720.5,8788.5,5000.0,5000.0,3000.0,-8.5,-2.0,0.5,0.0,900.0,900.0,0.0,1.2929999999999684,0.7930000000000006,5870.0,0
2.193,14667.0,11729.0,8794.0,14661.5,11725.5,8791.5,6000.0,4000.0,3000.0,-8.5,-3.0,0.5,0.0,900.0,900.0,0.0,1.2939999999999683,0.7940000000000006,5873.0,0
2.194,14672.0,11733.0,8797.0,14667.5,11729.5,8794.5,5000.0,4000.0,3000.0,-9.5,-3.0,0.5,0.0,900.0,900.0,0.0,1.2949999999999682,0.7950000000000006,5875.0,0
2.195,14677.0,11737.0,8800.0,14672.5,11733.5,8797.5,5000.0,4000.0,3000.0,-9.5,-3.0,0.5,0.0,900.0,900.0,0.0,1.295999999999968,0.7960000000000006,5877.0,0
2.196,14682.0,11741.0,8804.0,14677.5,11737.5,8800.5,5000.0,4000.0,4000.0,-9.5,-3.0,0.5,0.0,900.0,900.0,0.0,1.296999999999968,0.7970000000000006,5878.0,0
2.197,14687.0,11745.0,8807.0,14682.5,11741.5,8804.5,5000.0,4000.0,3000.0,-7.83333333333394,-1.6666666666660603,0.5,0.0,900.0,900.0,0.0,1.2979999999999678,0.7980000000000006,5880.0,0
2.198,14693.0,11749.0,8810.0,14687.5,11745.5,8807.5,6000.0,4000.0,3000.0,-7.83333333333394,-1.6666666666660603,0.5,0.0,900.0,900.0,0.0,1.2989999999999677,0.7990000000000006,5883.0,0
2.199,14698.0,11754.0,8813.0,14693.5,11749.5,8810.5,5000.0,5000.0,3000.0,-8.83333333333394,-1.6666666666660603,0.5,0.0,900.0,900.0,0.0,1.2999999999999676,0.8000000000000006,5885.0,0
2.2,14703.0,11758.0,8816.0,14698.5,11754.5,8813.5,5000.0,4000.0,3000.0,-8.83333333333394,-2.6666666666660603,0.5,0.0,900.0,900.0,0.0,1.3009999999999675,0.8010000000000006,5887.0,0
2.201,14708.0,11762.0,8819.0,14703.5,11758.5,8816.5,5000.0,4000.0,3000.0,-8.83333333333394,-2.6666666666660603,0.5,0.0,900.0,900.0,0.0,1.3019999999999674,0.8020000000000006,5889.0,0
2.202,14713.0,11766.0,8822.0,14708.5,11762.5,8819.5,5000.0,4000.0,3000.0,-8.83333333333394,-2.6666666666660603,0.5,0.0,900.0,900.0,0.0,1.3029999999999673,0.8030000000000006,5891.0,0
2.203,14719.0,11770.0,8825.0,14713.5,11766.5,8822.5,6000.0,4000.0,3000.0,-8.83333333333394,-2.6666666666660603,0.5,0.0,900.0,900.0,0.0,1.3039999999999672,0.8040000000000006,5894.0,0
2.204,14724.0,11774.0,8828.0,14719.5,11770.5,8825.5,5000.0,4000.0,3000.0,-9.83333333333394,-2.6666666666660603,0.5,0.0,900.0,900.0,0.0,1.304999999999967,0.8050000000000006,5896.0,0
2.205,14729.0,11778.0,8832.0,14724.5,11774.5,8828.5,5000.0,4000.0,4000.0,-9.83333333333394,-2.6666666666660603,0.5,0.0,900.0,900.0,0.0,1.305999999999967,0.8060000000000006,5897.0,0
2.206,14734.0,11783.0,8835.0,14729.5,11778.5,8832.5,5000.0,5000.0,3000.0,-8.16666666666606,-1.3333333333339397,0.5,0.0,900.0,900.0,0.0,1.3069999999999669,0.8070000000000006,5899.0,0
2.207,14739.0,11787.0,8838.0,14734.5,11783.5,8835.5,5000.0,4000.0,3000.0,-8.16666666666606,-2.3333333333339397,0.5,0.0,900.0,900.0,0.0,1.3079999999999667,0.8080000000000006,5901.0,0
2.208,14745.0,11791.0,8841.0,14739.5,11787.5,8838.5,6000.0,4000.0,3000.0,-8.16666666666606,-2.3333333333339397,0.5,0.0,900.0,900.0,0.0,1.3089999999999666,0.8090000000000006,5904.0,0
2.209,14750.0,11795.0,8844.0,14745.5,11791.5,8841.5,5000.0,4000.0,3000.0,-9.16666666666606,-2.3333333333339397,0.5,0.0,900.0,900.0,0.0,1.3099999999999665,0.8100000000000006,5906.0,0
2.21,14755.0,11799.0,8847.0,14750.5,11795.5,8844.5,5000.0,4000.0,3000.0,-9.16666666666606,-2.3333333333339397,0.5,0.0,900.0,900.0,0.0,1.3109999999999664,0.8110000000000006,5908.0,0
2.211,14760.0,11803.0,8850.0,14755.5,11799.5,8847.5,5000.0,4000.0,3000.0,-9.16666666666606,-2.3333333333339397,0.5,0.0,900.0,900.0,0.0,1.3119999999999663,0.8120000000000006,5910.0,0
2.212,14765.0,11807.0,8853.0,14760.5,11803.5,8850.5,5000.0,4000.0,3000.0,-9.16666666666606,-2.3333333333339397,0.5,0.0,900.0,900.0,0.0,1.3129999999999662,0.8130000000000006,5912.0,0
2.213,14771.0,11812.0,8857.0,14765.5,11807.5,8853.5,6000.0,5000.0,4000.0,-9.16666666666606,-2.3333333333339397,0.5,0.0,900.0,900.0,0.0,1.313999999999966,0.8140000000000006,5914.0,0
2.214,14776.0,11816.0,8860.0,14771.5,11812.5,8857.5,5000.0,4000.0,3000.0,-8.5,-2.0,0.5,0.0,900.0,900.0,0.0,1.314999999999966,0.8150000000000006,5916.0,0
2.215,14781.0,11820.0,8863.0,14776.5,11816.5,8860.5,5000.0,4000.0,3000.0,-8.5,-2.0,0.5,0.0,900.0,900.0,0.0,1.3159999999999659,0.8160000000000006,5918.0,0
2.216,14786.0,11824.0,8866.0,14781.5,11820.5,8863.5,5000.0,4000.0,3000.0,-8.5,-2.0,0.5,0.0,900.0,900.0,0.0,1.3169999999999658,0.8170000000000006,5920.0,0
2.217,14791.0,11828.0,8869.0,14786.5,11824.5,8866.5,5000.0,4000.0,3000.0,-8.5,-2.0,0.5,0.0,900.0,900.0,0.0,1.3179999999999656,0.8180000000000006,5922.0,0
2.218,14797.0,11832.0,8872.0,14791.5,11828.5,8869.5,6000.0,4000.0,3000.0,-8.5,-2.0,0.5,0.0,900.0,900.0,0.0,1.3189999999999655,0.8190000000000006,5925.0,0
2.219,14802.0,11836.0,8875.0,14797.5,11832.5,8872.5,5000.0,4000.0,3000.0,-9.5,-2.0,0.5,0.0,900.0,900.0,0.0,1.3199999999999654,0.8200000000000006,5927.0,0
2.22,14807.0,11841.0,8878.0,14802.5,11836.5,8875.5,5000.0,5000.0,3000.0,-9.5,-2.0,0.5,0.0,900.0,900.0,0.0,1.3209999999999653,0.8210000000000006,5929.0,0
2.221,14812.0,11845.0,8881.0,14807.5,11841.5,8878.5,5000.0,4000.0,3000.0,-9.5,-3.0,0.5,0.0,900.0,900.0,0.0,1.3219999999999652,0.8220000000000006,5931.0,0
2.222,14817.0,11849.0,8885.0,14812.5,11845.5,8881.5,5000.0,4000.0,4000.0,-9.5,-3.0,0.5,0.0,900.0,900.0,0.0,1.322999999999965,0.8230000000000006,5932.0,0
2.223,14823.0,11853.0,8888.0,14817.5,11849.5,8885.5,6000.0,4000.0,3000.0,-7.83333333333394,-1.6666666666660603,0.5,0.0,900.0,900.0,0.0,1.323999999999965,0.8240000000000006,5935.0,0
2.224,14828.0,11857.0,8891.0,14823.5,11853.5,8888.5,5000.0,4000.0,3000.0,-8.83333333333394,-1.6666666666660603,0.5,0.0,900.0,900.0,0.0,1.3249999999999649,0.8250000000000006,5937.0,0
2.225,14833.0,11861.0,8894.0,14828.5,11857.5,8891.5,5000.0,4000.0,3000.0,-8.83333333333394,-1.6666666666660603,0.5,0.0,900.0,900.0,0.0,1.3259999999999648,0.8260000000000006,5939.0,0
2.226,14838.0,11865.0,8897.0,14833.5,11861.5,8894.5,5000.0,4000.0,3000.0,-8.83333333333394,-1.6666666666660603,0.5,0.0,900.0,900.0,0.0,1.3269999999999647,0.8270000000000006,5941.0,0
2.227,14843.0,11870.0,8900.0,14838.5,11865.5,8897.5,5000.0,5000.0,3000.0,-8.83333333333394,-1.6666666666660603,0.5,0.0,900.0,900.0,0.0,1.3279999999999645,0.8280000000000006,5943.0,0
2.228,14849.0,11874.0,8903.0,14843.5,11870.5,8900.5,6000.0,4000.0,3000.0,-8.83333333333394,-2.6666666666660603,0.5,0.0,900.0,900.0,0.0,1.3289999999999644,0.8290000000000006,5946.0,0
2.229,14854.0,11878.0,8906.0,14849.5,11874.5,8903.5,5000.0,4000.0,3000.0,-9.83333333333394,-2.6666666666660603,0.5,0.0,900.0,900.0,0.0,1.3299999999999643,0.8300000000000006,5948.0,0
2.23,14859.0,11882.0,8910.0,14854.5,11878.5,8906.5,5000.0,4000.0,4000.0,-9.83333333333394,-2.6666666666660603,0.5,0.0,900.0,900.0,0.0,1.3309999999999642,0.8310000000000006,5949.0,0
2.231,14864.0,11886.0,8913.0,14859.5,11882.5,8910.5,5000.0,4000.0,3000.0,-8.16666666666606,-1.3333333333339397,0.5,0.0,900.0,900.0,0.0,1.331999999999964,0.8320000000000006,5951.0,0
2.232,14869.0,11890.0,8916.0,14864.5,11886.5,8913.5,5000.0,4000.0,3000.0,-8.16666666666606,-1.3333333333339397,0.5,0.0,900.0,900.0,0.0,1.332999999999964,0.8330000000000006,5953.0,0
2.233,14875.0,11894.0,8919.0,14869.5,11890.5,8916.5,6000.0,4000.0,3000.0,-8.16666666666606,-1.3333333333339397,0.5,0.0,900.0,900.0,0.0,1.3339999999999639,0.8340000000000006,5956.0,0
2.234,14880.0,11899.0,8922.0,14875.5,11894.5,8919.5,5000.0,5000.0,3000.0,-9.16666666666606,-1.3333333333339397,0.5,0.0,900.0,900.0,0.0,1.3349999999999638,0.8350000000000006,5958.0,0
2.235,14885.0,11903.0,8925.0,14880.5,11899.5,8922.5,5000.0,4000.0,3000.0,-9.16666666666606,-2.3333333333339397,0.5,0.0,900.0,900.0,0.0,1.3359999999999637,0.8360000000000006,5960.0,0
2.236,14890.0,11907.0,8928.0,14885.5,11903.5,8925.5,5000.0,4000.0,3000.0,-9.16666666666606,-2.3333333333339397,0.5,0.0,900.0,900.0,0.0,1.3369999999999636,0.8370000000000006,5962.0,0
2.237,14895.0,11911.0,8931.0,14890.5,11907.5,8928.5,5000.0,4000.0,3000.0,-9.16666666666606,-2.3333333333339397,0.5,0.0,900.0,900.0,0.0,1.3379999999999634,0.8380000000000006,5964.0,0
2.238,14901.0,11915.0,8934.0,14895.5,11911.5,8931.5,6000.0,4000.0,3000.0,-9.16666666666606,-2.3333333333339397,0.5,0.0,900.0,900.0,0.0,1.3389999999999633,0.8390000000000006,5967.0,0
2.239,14906.0,11919.0,8938.0,14901.5,11915.5,8934.5,5000.0,4000.0,4000.0,-10.16666666666606,-2.3333333333339397,0.5,0.0,900.0,900.0,0.0,1.3399999999999632,0.8400000000000006,5968.0,0
2.24,14911.0,11924.0,8941.0,14906.5,11919.5,8938.5,5000.0,5000.0,3000.0,-8.5,-1.0,0.5,0.0,900.0,900.0,0.0,1.340999999999963,0.8410000000000006,5970.0,0
2.241,14916.0,11928.0,8944.0,14911.5,11924.5,8941.5,5000.0,4000.0,3000.0,-8.5,-2.0,0.5,0.0,900.0,900.0,0.0,1.341999999999963,0.8420000000000006,5972.0,0
2.242,14921.0,11932.0,8947.0,14916.5,11928.5,8944.5,5000.0,4000.0,3000.0,-8.5,-2.0,0.5,0.0,900.0,900.0,0.0,1.342999999999963,0.8430000000000006,5974.0,0
2.243,14926.0,11936.0,8950.0,14921.5,11932.5,8947.5,5000.0,4000.0,3000.0,-8.5,-2.0,0.5,0.0,900.0,900.0,0.0,1.3439999999999628,0.8440000000000006,5976.0,0
2.244,14931.0,11940.0,8953.0,14926.5,11936.5,8950.5,5000.0,4000.0,3000.0,-8.5,-2.0,0.5,0.0,900.0,900.0,0.0,1.3449999999999627,0.8450000000000006,5978.0,0
2.245,14937.0,11944.0,8956.0,14931.5,11940.5,8953.5,6000.0,4000.0,3000.0,-8.5,-2.0,0.5,0.0,900.0,900.0,0.0,1.3459999999999626,0.8460000000000006,5981.0,0
2.246,14942.0,11948.0,8959.0,14937.5,11944.5,8956.5,5000.0,4000.0,3000.0,-9.5,-2.0,0.5,0.0,900.0,900.0,0.0,1.3469999999999624,0.8470000000000006,5983.0,0
2.247,14947.0,11953.0,8962.0,14942.5,11948.5,8959.5,5000.0,5000.0,3000.0,-9.5,-2.0,0.5,0.0,900.0,900.0,0.0,1.3479999999999623,0.8480000000000006,5985.0,0
2.248,14952.0,11957.0,8966.0,14947.5,11953.5,8962.5,5000.0,4000.0,4000.0,-9.5,-3.0,0.5,0.0,900.0,900.0,0.0,1.3489999999999622,0.8490000000000006,5986.0,0
2.249,14957.0,11961.0,8969.0,14952.5,11957.5,8966.5,5000.0,4000.0,3000.0,-7.83333333333394,-1.6666666666660603,0.5,0.0,900.0,900.0,0.0,1.3499999999999621,0.8500000000000006,5988.0,0
2.25,14963.0,11965.0,8972.0,14957.5,11961.5,8969.5,6000.0,4000.0,3000.0,-7.83333333333394,-1.6666666666660603,0.5,0.0,900.0,900.0,0.0,1.350999999999962,0.8510000000000006,5991.0,0
2.251,14968.0,11969.0,8975.0,14963.5,11965.5,8972.5,5000.0,4000.0,3000.0,-8.83333333333394,-1.6666666666660603,0.5,0.0,900.0,900.0,0.0,1.351999999999962,0.8520000000000006,5993.0,0
2.2520000000000002,14973.0,11973.0,8978.0,14968.5,11969.5,8975.5,5000.0,4000.0,3000.0,-8.83333333333394,-1.6666666666660603,0.5,0.0,900.0,900.0,0.0,1.3529999999999618,0.8530000000000006,5995.0,0
2.253,14978.0,11977.0,8981.0,14973.5,11973.5,8978.5,5000.0,4000.0,3000.0,-8.83333333333394,-1.6666666666660603,0.5,0.0,900.0,900.0,0.0,1.3539999999999617,0.8540000000000006,5997.0,0
2.254,14983.0,11982.0,8984.0,14978.5,11977.5,8981.5,5000.0,5000.0,3000.0,-8.83333333333394,-1.6666666666660603,0.5,0.0,900.0,900.0,0.0,1.3549999999999616,0.8550000000000006,5999.0,0
2.255,14989.0,11986.0,8987.0,14983.5,11982.5,8984.5,6000.0,4000.0,3000.0,-8.83333333333394,-2.6666666666660603,0.5,0.0,900.0,900.0,0.0,1.3559999999999615,0.8560000000000006,6002.0,0
2.2560000000000002,14994.0,11990.0,8991.0,14989.5,11986.5,8987.5,5000.0,4000.0,4000.0,-9.83333333333394,-2.6666666666660603,0.5,0.0,900.0,900.0,0.0,1.3569999999999613,0.8570000000000007,6003.0,0
2.257,14999.0,11994.0,8994.0,14994.5,11990.5,8991.5,5000.0,4000.0,3000.0,-8.16666666666606,-1.3333333333339397,0.5,0.0,900.0,900.0,0.0,1.3579999999999612,0.8580000000000007,6005.0,0
2.258,15004.0,11998.0,8997.0,14999.5,11994.5,8994.5,5000.0,4000.0,3000.0,-8.16666666666606,-1.3333333333339397,0.5,0.0,900.0,900.0,0.0,1.3589999999999611,0.8590000000000007,6007.0,0
2.259,15009.0,12002.0,9000.0,15004.5,11998.5,8997.5,5000.0,4000.0,3000.0,-8.16666666666606,-1.3333333333339397,0.5,0.0,900.0,900.0,0.0,1.359999999999961,0.8600000000000007,6009.0,0
2.2600000000000002,15015.0,12006.0,9003.0,15009.5,12002.5,9000.5,6000.0,4000.0,3000.0,-8.16666666666606,-1.3333333333339397,0.5,0.0,900.0,900.0,0.0,1.360999999999961,0.8610000000000007,6012.0,0
2.261,15020.0,12011.0,9006.0,15015.5,12006.5,9003.5,5000.0,5000.0,3000.0,-9.16666666666606,-1.3333333333339397,0.5,0.0,900.0,900.0,0.0,1.3619999999999608,0.8620000000000007,6014.0,0
2.262,15025.0,12015.0,9009.0,15020.5,12011.5,9006.5,5000.0,4000.0,3000.0,-9.16666666666606,-2.3333333333339397,0.5,0.0,900.0,900.0,0.0,1.3629999999999607,0.8630000000000007,6016.0,0
2.263,15030.0,12019.0,9012.0,15025.5,12015.5,9009.5,5000.0,4000.0,3000.0,-9.16666666666606,-2.3333333333339397,0.5,0.0,900.0,900.0,0.0,1.3639999999999606,0.8640000000000007,6018.0,0
2.2640000000000002,15035.0,12023.0,9015.0,15030.5,12019.5,9012.5,5000.0,4000.0,3000.0,-9.16666666666606,-2.3333333333339397,0.5,0.0,900.0,900.0,0.0,1.3649999999999605,0.8650000000000007,6020.0,0
2.265,15040.0,12027.0,9019.0,15035.5,12023.5,9015.5,5000.0,4000.0,4000.0,-9.16666666666606,-2.3333333333339397,0.5,0.0,900.0,900.0,0.0,1.3659999999999604,0.8660000000000007,6021.0,0
2.266,15046.0,12031.0,9022.0,15040.5,12027.5,9019.5,6000.0,4000.0,3000.0,-7.5,-1.0,0.5,0.0,900.0,900.0,0.0,1.3669999999999602,0.8670000000000007,6024.0,0
2.267,15051.0,12035.0,9025.0,15046.5,12031.5,9022.5,5000.0,4000.0,3000.0,-8.5,-1.0,0.5,0.0,900.0,900.0,0.0,1.3679999999999601,0.8680000000000007,6026.0,0
2.2680000000000002,15056.0,12040.0,9028.0,15051.5,12035.5,9025.5,5000.0,5000.0,3000.0,-8.5,-1.0,0.5,0.0,900.0,900.0,0.0,1.36899999999996,0.8690000000000007,6028.0,0
2.269,15061.0,12044.0,9031.0,15056.5,12040.5,9028.5,5000.0,4000.0,3000.0,-8.5,-2.0,0.5,0.0,900.0,900.0,0.0,1.36999999999996,0.8700000000000007,6030.0,0
2.27,15066.0,12048.0,9034.0,15061.5,12044.5,9031.5,5000.0,4000.0,3000.0,-8.5,-2.0,0.5,0.0,900.0,900.0,0.0,1.3709999999999598,0.8710000000000007,6032.0,0
2.271,15072.0,12052.0,9037.0,15066.5,12048.5,9034.5,6000.0,4000.0,3000.0,-8.5,-2.0,0.5,0.0,900.0,900.0,0.0,1.3719999999999597,0.8720000000000007,6035.0,0
2.2720000000000002,15077.0,12056.0,9040.0,15072.5,12052.5,9037.5,5000.0,4000.0,3000.0,-9.5,-2.0,0.5,0.0,900.0,900.0,0.0,1.3729999999999596,0.8730000000000007,6037.0,0
2.273,15082.0,12060.0,9044.0,15077.5,12056.5,9040.5,5000.0,4000.0,4000.0,-9.5,-2.0,0.5,0.0,900.0,900.0,0.0,1.3739999999999595,0.8740000000000007,6038.0,0
2.274,15087.0,12064.0,9047.0,15082.5,12060.5,9044.5,5000.0,4000.0,3000.0,-7.83333333333394,-0.6666666666660603,0.5,0.0,900.0,900.0,0.0,1.3749999999999594,0.8750000000000007,6040.0,0
2.275,15092.0,12069.0,9050.0,15087.5,12064.5,9047.5,5000.0,5000.0,3000.0,-7.83333333333394,-0.6666666666660603,0.5,0.0,900.0,900.0,0.0,1.3759999999999593,0.8760000000000007,6042.0,0
2.2760000000000002,15098.0,12073.0,9053.0,15092.5,12069.5,9050.5,6000.0,4000.0,3000.0,-7.83333333333394,-1.6666666666660603,0.5,0.0,900.0,900.0,0.0,1.3769999999999591,0.8770000000000007,6045.0,0
2.277,15103.0,12077.0,9056.0,15098.5,12073.5,9053.5,5000.0,4000.0,3000.0,-8.83333333333394,-1.6666666666660603,0.5,0.0,900.0,900.0,0.0,1.377999999999959,0.8780000000000007,6047.0,0
2.278,15108.0,12081.0,9059.0,15103.5,12077.5,9056.5,5000.0,4000.0,3000.0,-8.83333333333394,-1.6666666666660603,0.5,0.0,900.0,900.0,0.0,1.378999999999959,0.8790000000000007,6049.0,0
2.279,15113.0,12085.0,9062.0,15108.5,12081.5,9059.5,5000.0,4000.0,3000.0,-8.83333333333394,-1.6666666666660603,0.5,0.0,900.0,900.0,0.0,1.3799999999999588,0.8800000000000007,6051.0,0
2.2800000000000002,15118.0,12089.0,9065.0,15113.5,12085.5,9062.5,5000.0,4000.0,3000.0,-8.83333333333394,-1.6666666666660603,0.5,0.0,900.0,900.0,0.0,1.3809999999999587,0.8810000000000007,6053.0,0
2.281,15124.0,12093.0,9068.0,15118.5,12089.5,9065.5,6000.0,4000.0,3000.0,-8.83333333333394,-1.6666666666660603,0.5,0.0,900.0,900.0,0.0,1.3819999999999586,0.8820000000000007,6056.0,0
2.282,15129.0,12098.0,9072.0,15124.5,12093.5,9068.5,5000.0,5000.0,4000.0,-9.83333333333394,-1.6666666666660603,0.5,0.0,900.0,900.0,0.0,1.3829999999999585,0.8830000000000007,6057.0,0
2.283,15134.0,12102.0,9075.0,15129.5,12098.5,9072.5,5000.0,4000.0,3000.0,-8.16666666666606,-1.3333333333339397,0.5,0.0,900.0,900.0,0.0,1.3839999999999584,0.8840000000000007,6059.0,0
2.2840000000000003,15139.0,12106.0,9078.0,15134.5,12102.5,9075.5,5000.0,4000.0,3000.0,-8.16666666666606,-1.3333333333339397,0.5,0.0,900.0,900.0,0.0,1.3849999999999583,0.8850000000000007,6061.0,0
2.285,15144.0,12110.0,9081.0,15139.5,12106.5,9078.5,5000.0,4000.0,3000.0,-8.16666666666606,-1.3333333333339397,0.5,0.0,900.0,900.0,0.0,1.3859999999999582,0.8860000000000007,6063.0,0
2.286,15149.0,12114.0,9084.0,15144.5,12110.5,9081.5,5000.0,4000.0,3000.0,-8.16666666666606,-1.3333333333339397,0.5,0.0,900.0,900.0,0.0,1.386999999999958,0.8870000000000007,6065.0,0
2.287,15155.0,12118.0,9087.0,15149.5,12114.5,9084.5,6000.0,4000.0,3000.0,-8.16666666666606,-1.3333333333339397,0.5,0.0,900.0,900.0,0.0,1.387999999999958,0.8880000000000007,6068.0,0
2.2880000000000003,15160.0,12122.0,9090.0,15155.5,12118.5,9087.5,5000.0,4000.0,3000.0,-9.16666666666606,-1.3333333333339397,0.5,0.0,900.0,900.0,0.0,1.3889999999999578,0.8890000000000007,6070.0,0
2.289,15165.0,12127.0,9093.0,15160.5,12122.5,9090.5,5000.0,5000.0,3000.0,-9.16666666666606,-1.3333333333339397,0.5,0.0,900.0,900.0,0.0,1.3899999999999577,0.8900000000000007,6072.0,0
2.29,15170.0,12131.0,9097.0,15165.5,12127.5,9093.5,5000.0,4000.0,4000.0,-9.16666666666606,-2.3333333333339397,0.5,0.0,900.0,900.0,0.0,1.3909999999999576,0.8910000000000007,6073.0,0
2.291,15175.0,12135.0,9100.0,15170.5,12131.5,9097.5,5000.0,4000.0,3000.0,-7.5,-1.0,0.5,0.0,900.0,900.0,0.0,1.3919999999999575,0.8920000000000007,6075.0,0
2.2920000000000003,15181.0,12139.0,9103.0,15175.5,12135.5,9100.5,6000.0,4000.0,3000.0,-7.5,-1.0,0.5,0.0,900.0,900.0,0.0,1.3929999999999574,0.8930000000000007,6078.0,0
2.293,15186.0,12143.0,9106.0,15181.5,12139.5,9103.5,5000.0,4000.0,3000.0,-8.5,-1.0,0.5,0.0,900.0,900.0,0.0,1.3939999999999573,0.8940000000000007,6080.0,0
2.294,15191.0,12147.0,9109.0,15186.5,12143.5,9106.5,5000.0,4000.0,3000.0,-8.5,-1.0,0.5,0.0,900.0,900.0,0.0,1.3949999999999572,0.8950000000000007,6082.0,0
2.295,15196.0,12151.0,9112.0,15191.5,12147.5,9109.5,5000.0,4000.0,3000.0,-8.5,-1.0,0.5,0.0,900.0,900.0,0.0,1.395999999999957,0.8960000000000007,6084.0,0
2.2960000000000003,15201.0,12156.0,9115.0,15196.5,12151.5,9112.5,5000.0,5000.0,3000.0,-8.5,-1.0,0.5,0.0,900.0,900.0,0.0,1.396999999999957,0.8970000000000007,6086.0,0
2.297,15207.0,12160.0,9118.0,15201.5,12156.5,9115.5,6000.0,4000.0,3000.0,-8.5,-2.0,0.5,0.0,900.0,900.0,0.0,1.3979999999999568,0.8980000000000007,6089.0,0
2.298,15212.0,12164.0,9121.0,15207.5,12160.5,9118.5,5000.0,4000.0,3000.0,-9.5,-2.0,0.5,0.0,900.0,900.0,0.0,1.3989999999999567,0.8990000000000007,6091.0,0
2.299,15217.0,12168.0,9125.0,15212.5,12164.5,9121.5,5000.0,4000.0,4000.0,-9.5,-2.0,0.5,0.0,900.0,900.0,0.0,1.3999999999999566,0.9000000000000007,6092.0,0
2.3000000000000003,15222.0,12172.0,9128.0,15217.5,12168.5,9125.5,5000.0,4000.0,3000.0,-7.83333333333394,-0.6666666666660603,0.5,0.0,900.0,900.0,0.0,1.4009999999999565,0.9010000000000007,6094.0,0
2.301,15227.0,12176.0,9131.0,15222.5,12172.5,9128.5,5000.0,4000.0,3000.0,-7.83333333333394,-0.6666666666660603,0.5,0.0,900.0,900.0,0.0,1.4019999999999564,0.9020000000000007,6096.0,0
2.302,15233.0,12180.0,9134.0,15227.5,12176.5,9131.5,6000.0,4000.0,3000.0,-7.83333333333394,-0.6666666666660603,0.5,0.0,900.0,900.0,0.0,1.4029999999999563,0.9030000000000007,6099.0,0
2.303,15238.0,12185.0,9137.0,15233.5,12180.5,9134.5,5000.0,5000.0,3000.0,-8.83333333333394,-0.6666666666660603,0.5,0.0,900.0,900.0,0.0,1.4039999999999562,0.9040000000000007,6101.0,0
2.3040000000000003,15243.0,12189.0,9140.0,15238.5,12185.5,9137.5,5000.0,4000.0,3000.0,-8.83333333333394,-1.6666666666660603,0.5,0.0,900.0,900.0,0.0,1.404999999999956,0.9050000000000007,6103.0,0
2.305,15248.0,12193.0,9143.0,15243.5,12189.5,9140.5,5000.0,4000.0,3000.0,-8.83333333333394,-1.6666666666660603,0.5,0.0,900.0,900.0,0.0,1.405999999999956,0.9060000000000007,6105.0,0
2.306,15253.0,12197.0,9146.0,15248.5,12193.5,9143.5,5000.0,4000.0,3000.0,-8.83333333333394,-1.6666666666660603,0.5,0.0,900.0,900.0,0.0,1.4069999999999558,0.9070000000000007,6107.0,0
2.307,15259.0,12201.0,9149.0,15253.5,12197.5,9146.5,6000.0,4000.0,3000.0,-8.83333333333394,-1.6666666666660603,0.5,0.0,900.0,900.0,0.0,1.4079999999999557,0.9080000000000007,6110.0,0
2.308,15264.0,12205.0,9153.0,15259.5,12201.5,9149.5,5000.0,4000.0,4000.0,-9.83333333333394,-1.6666666666660603,0.5,0.0,900.0,900.0,0.0,1.4089999999999556,0.9090000000000007,6111.0,0
2.309,15269.0,12210.0,9156.0,15264.5,12205.5,9153.5,5000.0,5000.0,3000.0,-8.16666666666606,-0.33333333333393966,0.5,0.0,900.0,900.0,0.0,1.4099999999999555,0.9100000000000007,6113.0,0
2.31,15274.0,12214.0,9159.0,15269.5,12210.5,9156.5,5000.0,4000.0,3000.0,-8.16666666666606,-1.3333333333339397,0.5,0.0,900.0,900.0,0.0,1.4109999999999554,0.9110000000000007,6115.0,0
2.311,15279.0,12218.0,9162.0,15274.5,12214.5,9159.5,5000.0,4000.0,3000.0,-8.16666666666606,-1.3333333333339397,0.5,0.0,900.0,900.0,0.0,1.4119999999999553,0.9120000000000007,6117.0,0
2.312,15284.0,12222.0,9165.0,15279.5,12218.5,9162.5,5000.0,4000.0,3000.0,-8.16666666666606,-1.3333333333339397,0.5,0.0,900.0,900.0,0.0,1.4129999999999552,0.9130000000000007,6119.0,0
2.313,15290.0,12226.0,9168.0,15284.5,12222.5,9165.5,6000.0,4000.0,3000.0,-8.16666666666606,-1.3333333333339397,0.5,0.0,900.0,900.0,0.0,1.413999999999955,0.9140000000000007,6122.0,0
2.314,15295.0,12230.0,9171.0,15290.5,12226.5,9168.5,5000.0,4000.0,3000.0,-9.16666666666606,-1.3333333333339397,0.5,0.0,900.0,900.0,0.0,1.414999999999955,0.9150000000000007,6124.0,0
2.315,15300.0,12234.0,9174.0,15295.5,12230.5,9171.5,5000.0,4000.0,3000.0,-9.16666666666606,-1.3333333333339397,0.5,0.0,900.0,900.0,0.0,1.4159999999999549,0.9160000000000007,6126.0,0
2.316,15305.0,12239.0,9178.0,15300.5,12234.5,9174.5,5000.0,5000.0,4000.0,-9.16666666666606,-1.3333333333339397,0.5,0.0,900.0,900.0,0.0,1.4169999999999547,0.9170000000000007,6127.0,0
2.317,15310.0,12243.0,9181.0,15305.5,12239.5,9178.5,5000.0,4000.0,3000.0,-7.5,-1.0,0.5,0.0,900.0,900.0,0.0,1.4179999999999546,0.9180000000000007,6129.0,0
2.318,15316.0,12247.0,9184.0,15310.5,12243.5,9181.5,6000.0,4000.0,3000.0,-7.5,-1.0,0.5,0.0,900.0,900.0,0.0,1.4189999999999545,0.9190000000000007,6132.0,0
2.319,15321.0,12251.0,9187.0,15316.5,12247.5,9184.5,5000.0,4000.0,3000.0,-8.5,-1.0,0.5,0.0,900.0,900.0,0.0,1.4199999999999544,0.9200000000000007,6134.0,0
2.32,15326.0,12255.0,9190.0,15321.5,12251.5,9187.5,5000.0,4000.0,3000.0,-8.5,-1.0,0.5,0.0,900.0,900.0,0.0,1.4209999999999543,0.9210000000000007,6136.0,0
2.321,15331.0,12259.0,9193.0,15326.5,12255.5,9190.5,5000.0,4000.0,3000.0,-8.5,-1.0,0.5,0.0,900.0,900.0,0.0,1.4219999999999542,0.9220000000000007,6138.0,0
2.322,15336.0,12263.0,9196.0,15331.5,12259.5,9193.5,5000.0,4000.0,3000.0,-8.5,-1.0,0.5,0.0,900.0,900.0,0.0,1.422999999999954,0.9230000000000007,6140.0,0
2.323,15342.0,12268.0,9199.0,15336.5,12263.5,9196.5,6000.0,5000.0,3000.0,-8.5,-1.0,0.5,0.0,900.0,900.0,0.0,1.423999999999954,0.9240000000000007,6143.0,0
2.324,15347.0,12272.0,9202.0,15342.5,12268.5,9199.5,5000.0,4000.0,3000.0,-9.5,-2.0,0.5,0.0,900.0,900.0,0.0,1.4249999999999539,0.9250000000000007,6145.0,0
2.325,15352.0,12276.0,9206.0,15347.5,12272.5,9202.5,5000.0,4000.0,4000.0,-9.5,-2.0,0.5,0.0,900.0,900.0,0.0,1.4259999999999537,0.9260000000000007,6146.0,0
2.326,15357.0,12280.0,9209.0,15352.5,12276.5,9206.5,5000.0,4000.0,3000.0,-7.83333333333394,-0.6666666666660603,0.5,0.0,900.0,900.0,0.0,1.4269999999999536,0.9270000000000007,6148.0,0
2.327,15362.0,12284.0,9212.0,15357.5,12280.5,9209.5,5000.0,4000.0,3000.0,-7.83333333333394,-0.6666666666660603,0.5,0.0,900.0,900.0,0.0,1.4279999999999535,0.9280000000000007,6150.0,0
2.328,15368.0,12288.0,9215.0,15362.5,12284.5,9212.5,6000.0,4000.0,3000.0,-7.83333333333394,-0.6666666666660603,0.5,0.0,900.0,900.0,0.0,1.4289999999999534,0.9290000000000007,6153.0,0
2.329,15373.0,12292.0,9218.0,15368.5,12288.5,9215.5,5000.0,4000.0,3000.0,-8.83333333333394,-0.6666666666660603,0.5,0.0,900.0,900.0,0.0,1.4299999999999533,0.9300000000000007,6155.0,0
2.33,15378.0,12297.0,9221.0,15373.5,12292.5,9218.5,5000.0,5000.0,3000.0,-8.83333333333394,-0.6666666666660603,0.5,0.0,900.0,900.0,0.0,1.4309999999999532,0.9310000000000007,6157.0,0
2.331,15383.0,12301.0,9224.0,15378.5,12297.5,9221.5,5000.0,4000.0,3000.0,-8.83333333333394,-1.6666666666660603,0.5,0.0,900.0,900.0,0.0,1.431999999999953,0.9320000000000007,6159.0,0
2.332,15388.0,12305.0,9227.0,15383.5,12301.5,9224.5,5000.0,4000.0,3000.0,-8.83333333333394,-1.6666666666660603,0.5,0.0,900.0,900.0,0.0,1.432999999999953,0.9330000000000007,6161.0,0
2.333,15393.0,12309.0,9231.0,15388.5,12305.5,9227.5,5000.0,4000.0,4000.0,-8.83333333333394,-1.6666666666660603,0.5,0.0,900.0,900.0,0.0,1.4339999999999529,0.9340000000000007,6162.0,0
2.334,15399.0,12313.0,9234.0,15393.5,12309.5,9231.5,6000.0,4000.0,3000.0,-7.16666666666606,-0.33333333333393966,0.5,0.0,900.0,900.0,0.0,1.4349999999999528,0.9350000000000007,6165.0,0
2.335,15404.0,12317.0,9237.0,15399.5,12313.5,9234.5,5000.0,4000.0,3000.0,-8.16666666666606,-0.33333333333393966,0.5,0.0,900.0,900.0,0.0,1.4359999999999526,0.9360000000000007,6167.0,0
2.336,15409.0,12321.0,9240.0,15404.5,12317.5,9237.5,5000.0,4000.0,3000.0,-8.16666666666606,-0.33333333333393966,0.5,0.0,900.0,900.0,0.0,1.4369999999999525,0.9370000000000007,6169.0,0
2.337,15414.0,12326.0,9243.0,15409.5,12321.5,9240.5,5000.0,5000.0,3000.0,-8.16666666666606,-0.33333333333393966,0.5,0.0,900.0,900.0,0.0,1.4379999999999524,0.9380000000000007,6171.0,0
2.338,15419.0,12330.0,9246.0,15414.5,12326.5,9243.5,5000.0,4000.0,3000.0,-8.16666666666606,-1.3333333333339397,0.5,0.0,900.0,900.0,0.0,1.4389999999999523,0.9390000000000007,6173.0,0
2.339,15425.0,12334.0,9249.0,15419.5,12330.5,9246.5,6000.0,4000.0,3000.0,-8.16666666666606,-1.3333333333339397,0.5,0.0,900.0,900.0,0.0,1.4399999999999522,0.9400000000000007,6176.0,0
2.34,15430.0,12338.0,9252.0,15425.5,12334.5,9249.5,5000.0,4000.0,3000.0,-9.16666666666606,-1.3333333333339397,0.5,0.0,900.0,900.0,0.0,1.440999999999952,0.9410000000000007,6178.0,0
2.341,15435.0,12342.0,9255.0,15430.5,12338.5,9252.5,5000.0,4000.0,3000.0,-9.16666666666606,-1.3333333333339397,0.5,0.0,900.0,900.0,0.0,1.441999999999952,0.9420000000000007,6180.0,0
2.342,15440.0,12346.0,9259.0,15435.5,12342.5,9255.5,5000.0,4000.0,4000.0,-9.16666666666606,-1.3333333333339397,0.5,0.0,900.0,900.0,0.0,1.4429999999999519,0.9430000000000007,6181.0,0
2.343,15445.0,12350.0,9262.0,15440.5,12346.5,9259.5,5000.0,4000.0,3000.0,-7.5,0.0,0.5,0.0,900.0,900.0,0.0,1.4439999999999518,0.9440000000000007,6183.0,0
2.344,15451.0,12355.0,9265.0,15445.5,12350.5,9262.5,6000.0,5000.0,3000.0,-7.5,0.0,0.5,0.0,900.0,900.0,0.0,1.4449999999999517,0.9450000000000007,6186.0,0
2.345,15456.0,12359.0,9268.0,15451.5,12355.5,9265.5,5000.0,4000.0,3000.0,-8.5,-1.0,0.5,0.0,900.0,900.0,0.0,1.4459999999999515,0.9460000000000007,6188.0,0
2.346,15461.0,12363.0,9271.0,15456.5,12359.5,9268.5,5000.0,4000.0,3000.0,-8.5,-1.0,0.5,0.0,900.0,900.0,0.0,1.4469999999999514,0.9470000000000007,6190.0,0
2.347,15466.0,12367.0,9274.0,15461.5,12363.5,9271.5,5000.0,4000.0,3000.0,-8.5,-1.0,0.5,0.0,900.0,900.0,0.0,1.4479999999999513,0.9480000000000007,6192.0,0
2.348,15471.0,12371.0,9277.0,15466.5,12367.5,9274.5,5000.0,4000.0,3000.0,-8.5,-1.0,0.5,0.0,900.0,900.0,0.0,1.4489999999999512,0.9490000000000007,6194.0,0
2.349,15477.0,12375.0,9280.0,15471.5,12371.5,9277.5,6000.0,4000.0,3000.0,-8.5,-1.0,0.5,0.0,900.0,900.0,0.0,1.449999999999951,0.9500000000000007,6197.0,0
2.35,15482.0,12379.0,9284.0,15477.5,12375.5,9280.5,5000.0,4000.0,4000.0,-9.5,-1.0,0.5,0.0,900.0,900.0,0.0,1.450999999999951,0.9510000000000007,6198.0,0
2.351,15487.0,12384.0,9287.0,15482.5,12379.5,9284.5,5000.0,5000.0,3000.0,-7.83333333333394,0.33333333333393966,0.5,0.0,900.0,900.0,0.0,1.4519999999999509,0.9520000000000007,6200.0,0
2.352,15492.0,12388.0,9290.0,15487.5,12384.5,9287.5,5000.0,4000.0,3000.0,-7.83333333333394,-0.6666666666660603,0.5,0.0,900.0,900.0,0.0,1.4529999999999508,0.9530000000000007,6202.0,0
2.353,15497.0,12392.0,9293.0,15492.5,12388.5,9290.5,5000.0,4000.0,3000.0,-7.83333333333394,-0.6666666666660603,0.5,0.0,900.0,900.0,0.0,1.4539999999999507,0.9540000000000007,6204.0,0
2.354,15502.0,12396.0,9296.0,15497.5,12392.5,9293.5,5000.0,4000.0,3000.0,-7.83333333333394,-0.6666666666660603,0.5,0.0,900.0,900.0,0.0,1.4549999999999506,0.9550000000000007,6206.0,0
2.355,15508.0,12400.0,9299.0,15502.5,12396.5,9296.5,6000.0,4000.0,3000.0,-7.83333333333394,-0.6666666666660603,0.5,0.0,900.0,900.0,0.0,1.4559999999999504,0.9560000000000007,6209.0,0
2.356,15513.0,12404.0,9302.0,15508.5,12400.5,9299.5,5000.0,4000.0,3000.0,-8.83333333333394,-0.6666666666660603,0.5,0.0,900.0,900.0,0.0,1.4569999999999503,0.9570000000000007,6211.0,0
2.357,15518.0,12408.0,9305.0,15513.5,12404.5,9302.5,5000.0,4000.0,3000.0,-8.83333333333394,-0.6666666666660603,0.5,0.0,900.0,900.0,0.0,1.4579999999999502,0.9580000000000007,6213.0,0
2.358,15523.0,12413.0,9308.0,15518.5,12408.5,9305.5,5000.0,5000.0,3000.0,-8.83333333333394,-0.6666666666660603,0.5,0.0,900.0,900.0,0.0,1.4589999999999501,0.9590000000000007,6215.0,0
2.359,15528.0,12417.0,9312.0,15523.5,12413.5,9308.5,5000.0,4000.0,4000.0,-8.83333333333394,-1.6666666666660603,0.5,0.0,900.0,900.0,0.0,1.45999999999995,0.9600000000000007,6216.0,0
2.36,15534.0,12421.0,9315.0,15528.5,12417.5,9312.5,6000.0,4000.0,3000.0,-7.16666666666606,-0.33333333333393966,0.5,0.0,900.0,900.0,0.0,1.46099999999995,0.9610000000000007,6219.0,0
2.361,15539.0,12425.0,9318.0,15534.5,12421.5,9315.5,5000.0,4000.0,3000.0,-8.16666666666606,-0.33333333333393966,0.5,0.0,900.0,900.0,0.0,1.4619999999999498,0.9620000000000007,6221.0,0
2.362,15544.0,12429.0,9321.0,15539.5,12425.5,9318.5,5000.0,4000.0,3000.0,-8.16666666666606,-0.33333333333393966,0.5,0.0,900.0,900.0,0.0,1.4629999999999497,0.9630000000000007,6223.0,0
2.363,15549.0,12433.0,9324.0,15544.5,12429.5,9321.5,5000.0,4000.0,3000.0,-8.16666666666606,-0.33333333333393966,0.5,0.0,900.0,900.0,0.0,1.4639999999999496,0.9640000000000007,6225.0,0
2.364,15554.0,12437.0,9327.0,15549.5,12433.5,9324.5,5000.0,4000.0,3000.0,-8.16666666666606,-0.33333333333393966,0.5,0.0,900.0,900.0,0.0,1.4649999999999495,0.9650000000000007,6227.0,0
2.365,15560.0,12442.0,9330.0,15554.5,12437.5,9327.5,6000.0,5000.0,3000.0,-8.16666666666606,-0.33333333333393966,0.5,0.0,900.0,900.0,0.0,1.4659999999999493,0.9660000000000007,6230.0,0
2.366,15565.0,12446.0,9333.0,15560.5,12442.5,9330.5,5000.0,4000.0,3000.0,-9.16666666666606,-1.3333333333339397,0.5,0.0,900.0,900.0,0.0,1.4669999999999492,0.9670000000000007,6232.0,0
2.367,15570.0,12450.0,9336.0,15565.5,12446.5,9333.5,5000.0,4000.0,3000.0,-9.16666666666606,-1.3333333333339397,0.5,0.0,900.0,900.0,0.0,1.4679999999999491,0.9680000000000007,6234.0,0
2.368,15575.0,12454.0,9340.0,15570.5,12450.5,9336.5,5000.0,4000.0,4000.0,-9.16666666666606,-1.3333333333339397,0.5,0.0,900.0,900.0,0.0,1.468999999999949,0.9690000000000007,6235.0,0
2.369,15580.0,12458.0,9343.0,15575.5,12454.5,9340.5,5000.0,4000.0,3000.0,-7.5,0.0,0.5,0.0,900.0,900.0,0.0,1.469999999999949,0.9700000000000008,6237.0,0
2.37,15586.0,12462.0,9346.0,15580.5,12458.5,9343.5,6000.0,4000.0,3000.0,-7.5,0.0,0.5,0.0,900.0,900.0,0.0,1.4709999999999488,0.9710000000000008,6240.0,0
2.371,15591.0,12466.0,9349.0,15586.5,12462.5,9346.5,5000.0,4000.0,3000.0,-8.5,0.0,0.5,0.0,900.0,900.0,0.0,1.4719999999999487,0.9720000000000008,6242.0,0
2.372,15596.0,12471.0,9352.0,15591.5,12466.5,9349.5,5000.0,5000.0,3000.0,-8.5,0.0,0.5,0.0,900.0,900.0,0.0,1.4729999999999486,0.9730000000000008,6244.0,0
2.373,15601.0,12475.0,9355.0,15596.5,12471.5,9352.5,5000.0,4000.0,3000.0,-8.5,-1.0,0.5,0.0,900.0,900.0,0.0,1.4739999999999485,0.9740000000000008,6246.0,0
2.374,15606.0,12479.0,9358.0,15601.5,12475.5,9355.5,5000.0,4000.0,3000.0,-8.5,-1.0,0.5,0.0,900.0,900.0,0.0,1.4749999999999484,0.9750000000000008,6248.0,0
2.375,15611.0,12483.0,9361.0,15606.5,12479.5,9358.5,5000.0,4000.0,3000.0,-8.5,-1.0,0.5,0.0,900.0,900.0,0.0,1.4759999999999482,0.9760000000000008,6250.0,0
2.376,15617.0,12487.0,9365.0,15611.5,12483.5,9361.5,6000.0,4000.0,4000.0,-8.5,-1.0,0.5,0.0,900.0,900.0,0.0,1.4769999999999481,0.9770000000000008,6252.0,0
2.3770000000000002,15622.0,12491.0,9368.0,15617.5,12487.5,9365.5,5000.0,4000.0,3000.0,-7.83333333333394,0.33333333333393966,0.5,0.0,900.0,900.0,0.0,1.477999999999948,0.9780000000000008,6254.0,0
2.378,15627.0,12496.0,9371.0,15622.5,12491.5,9368.5,5000.0,5000.0,3000.0,-7.83333333333394,0.33333333333393966,0.5,0.0,900.0,900.0,0.0,1.478999999999948,0.9790000000000008,6256.0,0
2.379,15632.0,12500.0,9374.0,15627.5,12496.5,9371.5,5000.0,4000.0,3000.0,-7.83333333333394,-0.6666666666660603,0.5,0.0,900.0,900.0,0.0,1.4799999999999478,0.9800000000000008,6258.0,0
2.38,15637.0,12504.0,9377.0,15632.5,12500.5,9374.5,5000.0,4000.0,3000.0,-7.83333333333394,-0.6666666666660603,0.5,0.0,900.0,900.0,0.0,1.4809999999999477,0.9810000000000008,6260.0,0
2.3810000000000002,15643.0,12508.0,9380.0,15637.5,12504.5,9377.5,6000.0,4000.0,3000.0,-7.83333333333394,-0.6666666666660603,0.5,0.0,900.0,900.0,0.0,1.4819999999999476,0.9820000000000008,6263.0,0
2.382,15648.0,12512.0,9383.0,15643.5,12508.5,9380.5,5000.0,4000.0,3000.0,-8.83333333333394,-0.6666666666660603,0.5,0.0,900.0,900.0,0.0,1.4829999999999475,0.9830000000000008,6265.0,0
2.383,15653.0,12516.0,9386.0,15648.5,12512.5,9383.5,5000.0,4000.0,3000.0,-8.83333333333394,-0.6666666666660603,0.5,0.0,900.0,900.0,0.0,1.4839999999999474,0.9840000000000008,6267.0,0
2.384,15658.0,12520.0,9389.0,15653.5,12516.5,9386.5,5000.0,4000.0,3000.0,-8.83333333333394,-0.6666666666660603,0.5,0.0,900.0,900.0,0.0,1.4849999999999473,0.9850000000000008,6269.0,0
2.3850000000000002,15663.0,12525.0,9393.0,15658.5,12520.5,9389.5,5000.0,5000.0,4000.0,-8.83333333333394,-0.6666666666660603,0.5,0.0,900.0,900.0,0.0,1.4859999999999471,0.9860000000000008,6270.0,0
2.386,15669.0,12529.0,9396.0,15663.5,12525.5,9393.5,6000.0,4000.0,3000.0,-7.16666666666606,-0.33333333333393966,0.5,0.0,900.0,900.0,0.0,1.486999999999947,0.9870000000000008,6273.0,0
2.387,15674.0,12533.0,9399.0,15669.5,12529.5,9396.5,5000.0,4000.0,3000.0,-8.16666666666606,-0.33333333333393966,0.5,0.0,900.0,900.0,0.0,1.487999999999947,0.9880000000000008,6275.0,0
2.388,15679.0,12537.0,9402.0,15674.5,12533.5,9399.5,5000.0,4000.0,3000.0,-8.16666666666606,-0.33333333333393966,0.5,0.0,900.0,900.0,0.0,1.4889999999999468,0.9890000000000008,6277.0,0
2.3890000000000002,15684.0,12541.0,9405.0,15679.5,12537.5,9402.5,5000.0,4000.0,3000.0,-8.16666666666606,-0.33333333333393966,0.5,0.0,900.0,900.0,0.0,1.4899999999999467,0.9900000000000008,6279.0,0
2.39,15689.0,12545.0,9408.0,15684.5,12541.5,9405.5,5000.0,4000.0,3000.0,-8.16666666666606,-0.33333333333393966,0.5,0.0,900.0,900.0,0.0,1.4909999999999466,0.9910000000000008,6281.0,0
2.391,15695.0,12549.0,9411.0,15689.5,12545.5,9408.5,6000.0,4000.0,3000.0,-8.16666666666606,-0.33333333333393966,0.5,0.0,900.0,900.0,0.0,1.4919999999999465,0.9920000000000008,6284.0,0
2.392,15700.0,12554.0,9414.0,15695.5,12549.5,9411.5,5000.0,5000.0,3000.0,-9.16666666666606,-0.33333333333393966,0.5,0.0,900.0,900.0,0.0,1.4929999999999464,0.9930000000000008,6286.0,0
2.3930000000000002,15705.0,12558.0,9418.0,15700.5,12554.5,9414.5,5000.0,4000.0,4000.0,-9.16666666666606,-1.3333333333339397,0.5,0.0,900.0,900.0,0.0,1.4939999999999463,0.9940000000000008,6287.0,0
2.394,15710.0,12562.0,9421.0,15705.5,12558.5,9418.5,5000.0,4000.0,3000.0,-7.5,0.0,0.5,0.0,900.0,900.0,0.0,1.4949999999999461,0.9950000000000008,6289.0,0
2.395,15715.0,12566.0,9424.0,15710.5,12562.5,9421.5,5000.0,4000.0,3000.0,-7.5,0.0,0.5,0.0,900.0,900.0,0.0,1.495999999999946,0.9960000000000008,6291.0,0
2.396,15720.0,12570.0,9427.0,15715.5,12566.5,9424.5,5000.0,4000.0,3000.0,-7.5,0.0,0.5,0.0,900.0,900.0,0.0,1.496999999999946,0.9970000000000008,6293.0,0
2.3970000000000002,15726.0,12574.0,9430.0,15720.5,12570.5,9427.5,6000.0,4000.0,3000.0,-7.5,0.0,0.5,0.0,900.0,900.0,0.0,1.4979999999999458,0.9980000000000008,6296.0,0
2.398,15731.0,12578.0,9433.0,15726.5,12574.5,9430.5,5000.0,4000.0,3000.0,-8.5,0.0,0.5,0.0,900.0,900.0,0.0,1.4989999999999457,0.9990000000000008,6298.0,0
2.399,15736.0,12583.0,9436.0,15731.5,12578.5,9433.5,5000.0,5000.0,3000.0,-8.5,0.0,0.5,0.0,900.0,900.0,0.0,1.4999999999999456,1.0000000000000007,6300.0,0
2.4,15741.0,12587.0,9439.0,15736.5,12583.5,9436.5,5000.0,4000.0,3000.0,-8.5,-1.0,0.5,0.0,900.0,900.0,0.0,1.5009999999999455,1.0010000000000006,6302.0,0
2.4010000000000002,15746.0,12591.0,9442.0,15741.5,12587.5,9439.5,5000.0,4000.0,3000.0,-8.5,-1.0,0.5,0.0,900.0,900.0,0.0,1.5019999999999454,1.0020000000000004,6304.0,0
2.402,15752.0,12595.0,9446.0,15746.5,12591.5,9442.5,6000.0,4000.0,4000.0,-8.5,-1.0,0.5,0.0,900.0,900.0,0.0,1.5029999999999453,1.0030000000000003,6306.0,0
2.403,15757.0,12599.0,9449.0,15752.5,12595.5,9446.5,5000.0,4000.0,3000.0,-7.83333333333394,0.33333333333393966,0.5,0.0,900.0,900.0,0.0,1.5039999999999452,1.0040000000000002,6308.0,0
2.404,15762.0,12603.0,9452.0,15757.5,12599.5,9449.5,5000.0,4000.0,3000.0,-7.83333333333394,0.33333333333393966,0.5,0.0,900.0,900.0,0.0,1.504999999999945,1.0050000000000001,6310.0,0
2.4050000000000002,15767.0,12607.0,9455.0,15762.5,12603.5,9452.5,5000.0,4000.0,3000.0,-7.83333333333394,0.33333333333393966,0.5,0.0,900.0,900.0,0.0,1.505999999999945,1.006,6312.0,0
2.406,15772.0,12612.0,9458.0,15767.5,12607.5,9455.5,5000.0,5000.0,3000.0,-7.83333333333394,0.33333333333393966,0.5,0.0,900.0,900.0,0.0,1.5069999999999448,1.007,6314.0,0
2.407,15778.0,12616.0,9461.0,15772.5,12612.5,9458.5,6000.0,4000.0,3000.0,-7.83333333333394,-0.6666666666660603,0.5,0.0,900.0,900.0,0.0,1.5079999999999447,1.0079999999999998,6317.0,0
2.408,15783.0,12620.0,9464.0,15778.5,12616.5,9461.5,5000.0,4000.0,3000.0,-8.83333333333394,-0.6666666666660603,0.5,0.0,900.0,900.0,0.0,1.5089999999999446,1.0089999999999997,6319.0,0
2.4090000000000003,15788.0,12624.0,9467.0,15783.5,12620.5,9464.5,5000.0,4000.0,3000.0,-8.83333333333394,-0.6666666666660603,0.5,0.0,900.0,900.0,0.0,1.5099999999999445,1.0099999999999996,6321.0,0
2.41,15793.0,12628.0,9471.0,15788.5,12624.5,9467.5,5000.0,4000.0,4000.0,-8.83333333333394,-0.6666666666660603,0.5,0.0,900.0,900.0,0.0,1.5109999999999444,1.0109999999999995,6322.0,0
2.411,15798.0,12632.0,9474.0,15793.5,12628.5,9471.5,5000.0,4000.0,3000.0,-7.375,0.5,0.375,0.0,900.0,900.0,0.0,1.5119999999999443,1.0119999999999993,6324.0,0
2.412,15804.0,12636.0,9477.0,15798.5,12632.5,9474.5,6000.0,4000.0,3000.0,-7.375,0.5,0.375,0.0,900.0,900.0,0.0,1.5129999999999442,1.0129999999999992,6327.0,0
2.4130000000000003,15809.0,12641.0,9480.0,15804.5,12636.5,9477.5,5000.0,5000.0,3000.0,-8.375,0.5,0.375,0.0,900.0,900.0,0.0,1.513999999999944,1.0139999999999991,6329.0,0
2.414,15814.0,12645.0,9483.0,15809.5,12641.5,9480.5,5000.0,4000.0,3000.0,-8.16666666666606,-0.33333333333393966,0.5,0.0,900.0,900.0,0.0,1.514999999999944,1.014999999999999,6331.0,0
2.415,15819.0,12649.0,9486.0,15814.5,12645.5,9483.5,5000.0,4000.0,3000.0,-8.16666666666606,-0.33333333333393966,0.5,0.0,900.0,900.0,0.0,1.5159999999999438,1.015999999999999,6333.0,0
2.416,15824.0,12653.0,9489.0,15819.5,12649.5,9486.5,5000.0,4000.0,3000.0,-8.16666666666606,-0.33333333333393966,0.5,0.0,900.0,900.0,0.0,1.5169999999999437,1.0169999999999988,6335.0,0
2.4170000000000003,15829.0,12657.0,9492.0,15824.5,12653.5,9489.5,5000.0,4000.0,3000.0,-8.16666666666606,-0.33333333333393966,0.5,0.0,900.0,900.0,0.0,1.5179999999999436,1.0179999999999987,6337.0,0
2.418,15835.0,12661.0,9495.0,15829.5,12657.5,9492.5,6000.0,4000.0,3000.0,-8.16666666666606,-0.33333333333393966,0.5,0.0,900.0,900.0,0.0,1.5189999999999435,1.0189999999999986,6340.0,0
2.419,15840.0,12665.0,9499.0,15835.5,12661.5,9495.5,5000.0,4000.0,4000.0,-9.16666666666606,-0.33333333333393966,0.5,0.0,900.0,900.0,0.0,1.5199999999999434,1.0199999999999985,6341.0,0
2.42,15845.0,12670.0,9502.0,15840.5,12665.5,9499.5,5000.0,5000.0,3000.0,-8.125,0.5,0.125,0.0,900.0,900.0,0.0,1.5209999999999433,1.0209999999999984,6343.0,0
2.4210000000000003,15850.0,12674.0,9505.0,15845.5,12670.5,9502.5,5000.0,4000.0,3000.0,-7.5,0.0,0.5,0.0,900.0,900.0,0.0,1.5219999999999432,1.0219999999999982,6345.0,0
2.422,15855.0,12678.0,9508.0,15850.5,12674.5,9505.5,5000.0,4000.0,3000.0,-7.5,0.0,0.5,0.0,900.0,900.0,0.0,1.522999999999943,1.0229999999999981,6347.0,0
2.423,15861.0,12682.0,9511.0,15855.5,12678.5,9508.5,6000.0,4000.0,3000.0,-7.5,0.0,0.5,0.0,900.0,900.0,0.0,1.523999999999943,1.023999999999998,6350.0,0
2.424,15866.0,12686.0,9514.0,15861.5,12682.5,9511.5,5000.0,4000.0,3000.0,-8.5,0.0,0.5,0.0,900.0,900.0,0.0,1.5249999999999428,1.024999999999998,6352.0,0
2.4250000000000003,15871.0,12690.0,9517.0,15866.5,12686.5,9514.5,5000.0,4000.0,3000.0,-8.5,0.0,0.5,0.0,900.0,900.0,0.0,1.5259999999999427,1.0259999999999978,6354.0,0
2.426,15876.0,12694.0,9520.0,15871.5,12690.5,9517.5,5000.0,4000.0,3000.0,-8.5,0.0,0.5,0.0,900.0,900.0,0.0,1.5269999999999426,1.0269999999999977,6356.0,0
2.427,15881.0,12699.0,9523.0,15876.5,12694.5,9520.5,5000.0,5000.0,3000.0,-8.5,0.0,0.5,0.0,900.0,900.0,0.0,1.5279999999999425,1.0279999999999976,6358.0,0
2.428,15887.0,12703.0,9527.0,15881.5,12699.5,9523.5,6000.0,4000.0,4000.0,-8.5,-1.0,0.5,0.0,900.0,900.0,0.0,1.5289999999999424,1.0289999999999975,6360.0,0
2.4290000000000003,15892.0,12707.0,9530.0,15887.5,12703.5,9527.5,5000.0,4000.0,3000.0,-7.83333333333394,0.33333333333393966,0.5,0.0,900.0,900.0,0.0,1.5299999999999423,1.0299999999999974,6362.0,0
2.43,15897.0,12711.0,9533.0,15892.5,12707.5,9530.5,5000.0,4000.0,3000.0,-7.83333333333394,0.33333333333393966,0.5,0.0,900.0,900.0,0.0,1.5309999999999422,1.0309999999999973,6364.0,0
2.431,15902.0,12715.0,9536.0,15897.5,12711.5,9533.5,5000.0,4000.0,3000.0,-7.83333333333394,0.33333333333393966,0.5,0.0,900.0,900.0,0.0,1.531999999999942,1.0319999999999971,6366.0,0
2.432,15907.0,12719.0,9539.0,15902.5,12715.5,9536.5,5000.0,4000.0,3000.0,-7.83333333333394,0.33333333333393966,0.5,0.0,900.0,900.0,0.0,1.532999999999942,1.032999999999997,6368.0,0
2.433,15913.0,12723.0,9542.0,15907.5,12719.5,9539.5,6000.0,4000.0,3000.0,-7.83333333333394,0.33333333333393966,0.5,0.0,900.0,900.0,0.0,1.5339999999999419,1.033999999999997,6371.0,0
2.434,15918.0,12728.0,9545.0,15913.5,12723.5,9542.5,5000.0,5000.0,3000.0,-8.83333333333394,0.33333333333393966,0.5,0.0,900.0,900.0,0.0,1.5349999999999417,1.0349999999999968,6373.0,0
2.435,15923.0,12732.0,9548.0,15918.5,12728.5,9545.5,5000.0,4000.0,3000.0,-8.83333333333394,-0.6666666666660603,0.5,0.0,900.0,900.0,0.0,1.5359999999999416,1.0359999999999967,6375.0,0
2.436,15928.0,12736.0,9552.0,15923.5,12732.5,9548.5,5000.0,4000.0,4000.0,-8.83333333333394,-0.6666666666660603,0.5,0.0,900.0,900.0,0.0,1.5369999999999415,1.0369999999999966,6376.0,0
2.437,15933.0,12740.0,9555.0,15928.5,12736.5,9552.5,5000.0,4000.0,3000.0,-7.375,0.5,0.375,0.0,900.0,900.0,0.0,1.5379999999999414,1.0379999999999965,6378.0,0
2.438,15939.0,12744.0,9558.0,15933.5,12740.5,9555.5,6000.0,4000.0,3000.0,-7.375,0.5,0.375,0.0,900.0,900.0,0.0,1.5389999999999413,1.0389999999999964,6381.0,0
2.439,15944.0,12748.0,9561.0,15939.5,12744.5,9558.5,5000.0,4000.0,3000.0,-8.375,0.5,0.375,0.0,900.0,900.0,0.0,1.5399999999999412,1.0399999999999963,6383.0,0
2.44,15949.0,12752.0,9564.0,15944.5,12748.5,9561.5,5000.0,4000.0,3000.0,-8.375,0.5,0.375,0.0,900.0,900.0,0.0,1.540999999999941,1.0409999999999962,6385.0,0
2.441,15954.0,12757.0,9567.0,15949.5,12752.5,9564.5,5000.0,5000.0,3000.0,-8.375,0.5,0.375,0.0,900.0,900.0,0.0,1.541999999999941,1.041999999999996,6387.0,0
2.442,15959.0,12761.0,9570.0,15954.5,12757.5,9567.5,5000.0,4000.0,3000.0,-8.16666666666606,-0.33333333333393966,0.5,0.0,900.0,900.0,0.0,1.5429999999999409,1.042999999999996,6389.0,0
2.443,15964.0,12765.0,9573.0,15959.5,12761.5,9570.5,5000.0,4000.0,3000.0,-8.16666666666606,-0.33333333333393966,0.5,0.0,900.0,900.0,0.0,1.5439999999999408,1.0439999999999958,6391.0,0
2.444,15970.0,12769.0,9576.0,15964.5,12765.5,9573.5,6000.0,4000.0,3000.0,-8.16666666666606,-0.33333333333393966,0.5,0.0,900.0,900.0,0.0,1.5449999999999406,1.0449999999999957,6394.0,0
2.445,15975.0,12773.0,9580.0,15970.5,12769.5,9576.5,5000.0,4000.0,4000.0,-9.16666666666606,-0.33333333333393966,0.5,0.0,900.0,900.0,0.0,1.5459999999999405,1.0459999999999956,6395.0,0
2.446,15980.0,12777.0,9583.0,15975.5,12773.5,9580.5,5000.0,4000.0,3000.0,-8.125,0.5,0.125,0.0,900.0,900.0,0.0,1.5469999999999404,1.0469999999999955,6397.0,0
2.447,15985.0,12782.0,9586.0,15980.5,12777.5,9583.5,5000.0,5000.0,3000.0,-8.125,0.5,0.125,0.0,900.0,900.0,0.0,1.5479999999999403,1.0479999999999954,6399.0,0
2.448,15990.0,12786.0,9589.0,15985.5,12782.5,9586.5,5000.0,4000.0,3000.0,-7.5,0.0,0.5,0.0,900.0,900.0,0.0,1.5489999999999402,1.0489999999999953,6401.0,0
2.449,15996.0,12790.0,9592.0,15990.5,12786.5,9589.5,6000.0,4000.0,3000.0,-7.5,0.0,0.5,0.0,900.0,900.0,0.0,1.54999999999994,1.0499999999999952,6404.0,0
2.45,16001.0,12794.0,9595.0,15996.5,12790.5,9592.5,5000.0,4000.0,3000.0,-8.5,0.0,0.5,0.0,900.0,900.0,0.0,1.55099999999994,1.050999999999995,6406.0,0
2.451,16006.0,12798.0,9598.0,16001.5,12794.5,9595.5,5000.0,4000.0,3000.0,-8.5,0.0,0.5,0.0,900.0,900.0,0.0,1.5519999999999399,1.051999999999995,6408.0,0
2.452,16011.0,12802.0,9601.0,16006.5,12798.5,9598.5,5000.0,4000.0,3000.0,-8.5,0.0,0.5,0.0,900.0,900.0,0.0,1.5529999999999398,1.0529999999999948,6410.0,0
2.453,16016.0,12806.0,9605.0,16011.5,12802.5,9601.5,5000.0,4000.0,4000.0,-8.5,0.0,0.5,0.0,900.0,900.0,0.0,1.5539999999999397,1.0539999999999947,6411.0,0
2.454,16022.0,12811.0,9608.0,16016.5,12806.5,9605.5,6000.0,5000.0,3000.0,-7.875,0.5,-0.125,0.0,900.0,900.0,0.0,1.5549999999999395,1.0549999999999946,6414.0,0
2.455,16027.0,12815.0,9611.0,16022.5,12811.5,9608.5,5000.0,4000.0,3000.0,-7.83333333333394,0.33333333333393966,0.5,0.0,900.0,900.0,0.0,1.5559999999999394,1.0559999999999945,6416.0,0
2.456,16032.0,12819.0,9614.0,16027.5,12815.5,9611.5,5000.0,4000.0,3000.0,-7.83333333333394,0.33333333333393966,0.5,0.0,900.0,900.0,0.0,1.5569999999999393,1.0569999999999944,6418.0,0
2.457,16037.0,12823.0,9617.0,16032.5,12819.5,9614.5,5000.0,4000.0,3000.0,-7.83333333333394,0.33333333333393966,0.5,0.0,900.0,900.0,0.0,1.5579999999999392,1.0579999999999943,6420.0,0
2.458,16042.0,12827.0,9620.0,16037.5,12823.5,9617.5,5000.0,4000.0,3000.0,-7.83333333333394,0.33333333333393966,0.5,0.0,900.0,900.0,0.0,1.558999999999939,1.0589999999999942,6422.0,0
2.459,16048.0,12831.0,9623.0,16042.5,12827.5,9620.5,6000.0,4000.0,3000.0,-7.83333333333394,0.33333333333393966,0.5,0.0,900.0,900.0,0.0,1.559999999999939,1.059999999999994,6425.0,0
2.46,16053.0,12835.0,9626.0,16048.5,12831.5,9623.5,5000.0,4000.0,3000.0,-8.83333333333394,0.33333333333393966,0.5,0.0,900.0,900.0,0.0,1.5609999999999389,1.060999999999994,6427.0,0
2.461,16058.0,12840.0,9629.0,16053.5,12835.5,9626.5,5000.0,5000.0,3000.0,-8.83333333333394,0.33333333333393966,0.5,0.0,900.0,900.0,0.0,1.5619999999999388,1.0619999999999938,6429.0,0
2.462,16063.0,12844.0,9633.0,16058.5,12840.5,9629.5,5000.0,4000.0,4000.0,-8.83333333333394,-0.6666666666660603,0.5,0.0,900.0,900.0,0.0,1.5629999999999387,1.0629999999999937,6430.0,0
2.463,16068.0,12848.0,9636.0,16063.5,12844.5,9633.5,5000.0,4000.0,3000.0,-7.375,0.5,0.375,0.0,900.0,900.0,0.0,1.5639999999999386,1.0639999999999936,6432.0,0
2.464,16073.0,12852.0,9639.0,16068.5,12848.5,9636.5,5000.0,4000.0,3000.0,-7.375,0.5,0.375,0.0,900.0,900.0,0.0,1.5649999999999384,1.0649999999999935,6434.0,0
2.465,16079.0,12856.0,9642.0,16073.5,12852.5,9639.5,6000.0,4000.0,3000.0,-7.375,0.5,0.375,0.0,900.0,900.0,0.0,1.5659999999999383,1.0659999999999934,6437.0,0
2.466,16084.0,12860.0,9645.0,16079.5,12856.5,9642.5,5000.0,4000.0,3000.0,-8.375,0.5,0.375,0.0,900.0,900.0,0.0,1.5669999999999382,1.0669999999999933,6439.0,0
2.467,16089.0,12864.0,9648.0,16084.5,12860.5,9645.5,5000.0,4000.0,3000.0,-8.375,0.5,0.375,0.0,900.0,900.0,0.0,1.567999999999938,1.0679999999999932,6441.0,0
2.468,16094.0,12869.0,9651.0,16089.5,12864.5,9648.5,5000.0,5000.0,3000.0,-8.375,0.5,0.375,0.0,900.0,900.0,0.0,1.568999999999938,1.068999999999993,6443.0,0
2.469,16099.0,12873.0,9654.0,16094.5,12869.5,9651.5,5000.0,4000.0,3000.0,-8.16666666666606,-0.33333333333393966,0.5,0.0,900.0,900.0,0.0,1.569999999999938,1.069999999999993,6445.0,0
2.47,16105.0,12877.0,9658.0,16099.5,12873.5,9654.5,6000.0,4000.0,4000.0,-8.16666666666606,-0.33333333333393966,0.5,0.0,900.0,900.0,0.0,1.5709999999999378,1.0709999999999928,6447.0,0
2.471,16110.0,12881.0,9661.0,16105.5,12877.5,9658.5,5000.0,4000.0,3000.0,-8.125,0.5,0.125,0.0,900.0,900.0,0.0,1.5719999999999377,1.0719999999999927,6449.0,0
2.472,16115.0,12885.0,9664.0,16110.5,12881.5,9661.5,5000.0,4000.0,3000.0,-8.125,0.5,0.125,0.0,900.0,900.0,0.0,1.5729999999999376,1.0729999999999926,6451.0,0
2.473,16120.0,12889.0,9667.0,16115.5,12885.5,9664.5,5000.0,4000.0,3000.0,-8.125,0.5,0.125,0.0,900.0,900.0,0.0,1.5739999999999374,1.0739999999999925,6453.0,0
2.474,16125.0,12893.0,9670.0,16120.5,12889.5,9667.5,5000.0,4000.0,3000.0,-8.125,0.5,0.125,0.0,900.0,900.0,0.0,1.5749999999999373,1.0749999999999924,6455.0,0
2.475,16131.0,12898.0,9673.0,16125.5,12893.5,9670.5,6000.0,5000.0,3000.0,-8.125,0.5,0.125,0.0,900.0,900.0,0.0,1.5759999999999372,1.0759999999999923,6458.0,0
2.476,16136.0,12902.0,9676.0,16131.5,12898.5,9673.5,5000.0,4000.0,3000.0,-8.5,0.0,0.5,0.0,900.0,900.0,0.0,1.5769999999999371,1.0769999999999922,6460.0,0
2.477,16141.0,12906.0,9679.0,16136.5,12902.5,9676.5,5000.0,4000.0,3000.0,-8.5,0.0,0.5,0.0,900.0,900.0,0.0,1.577999999999937,1.077999999999992,6462.0,0
2.478,16146.0,12910.0,9682.0,16141.5,12906.5,9679.5,5000.0,4000.0,3000.0,-8.5,0.0,0.5,0.0,900.0,900.0,0.0,1.578999999999937,1.078999999999992,6464.0,0
2.479,16151.0,12914.0,9686.0,16146.5,12910.5,9682.5,5000.0,4000.0,4000.0,-8.5,0.0,0.5,0.0,900.0,900.0,0.0,1.5799999999999368,1.0799999999999919,6465.0,0
2.48,16157.0,12918.0,9689.0,16151.5,12914.5,9686.5,6000.0,4000.0,3000.0,-7.875,0.5,-0.125,0.0,900.0,900.0,0.0,1.5809999999999367,1.0809999999999917,6468.0,0
2.481,16162.0,12922.0,9692.0,16157.5,12918.5,9689.5,5000.0,4000.0,3000.0,-8.875,0.5,-0.125,0.0,900.0,900.0,0.0,1.5819999999999366,1.0819999999999916,6470.0,0
2.482,16167.0,12927.0,9695.0,16162.5,12922.5,9692.5,5000.0,5000.0,3000.0,-8.875,0.5,-0.125,0.0,900.0,900.0,0.0,1.5829999999999365,1.0829999999999915,6472.0,0
2.483,16172.0,12931.0,9698.0,16167.5,12927.5,9695.5,5000.0,4000.0,3000.0,-7.83333333333394,0.33333333333393966,0.5,0.0,900.0,900.0,0.0,1.5839999999999363,1.0839999999999914,6474.0,0
2.484,16177.0,12935.0,9701.0,16172.5,12931.5,9698.5,5000.0,4000.0,3000.0,-7.83333333333394,0.33333333333393966,0.5,0.0,900.0,900.0,0.0,1.5849999999999362,1.0849999999999913,6476.0,0
2.485,16182.0,12939.0,9704.0,16177.5,12935.5,9701.5,5000.0,4000.0,3000.0,-7.83333333333394,0.33333333333393966,0.5,0.0,900.0,900.0,0.0,1.5859999999999361,1.0859999999999912,6478.0,0
2.486,16188.0,12943.0,9707.0,16182.5,12939.5,9704.5,6000.0,4000.0,3000.0,-7.83333333333394,0.33333333333393966,0.5,0.0,900.0,900.0,0.0,1.586999999999936,1.086999999999991,6481.0,0
2.487,16193.0,12947.0,9710.0,16188.5,12943.5,9707.5,5000.0,4000.0,3000.0,-8.83333333333394,0.33333333333393966,0.5,0.0,900.0,900.0,0.0,1.587999999999936,1.087999999999991,6483.0,0
2.488,16198.0,12951.0,9714.0,16193.5,12947.5,9710.5,5000.0,4000.0,4000.0,-8.83333333333394,0.33333333333393966,0.5,0.0,900.0,900.0,0.0,1.5889999999999358,1.0889999999999909,6484.0,0
2.489,16203.0,12956.0,9717.0,16198.5,12951.5,9714.5,5000.0,5000.0,3000.0,-8.625,0.5,-0.375,0.0,900.0,900.0,0.0,1.5899999999999357,1.0899999999999908,6486.0,0
2.49,16208.0,12960.0,9720.0,16203.5,12956.5,9717.5,5000.0,4000.0,3000.0,-7.375,0.5,0.375,0.0,900.0,900.0,0.0,1.5909999999999356,1.0909999999999906,6488.0,0
2.491,16214.0,12964.0,9723.0,16208.5,12960.5,9720.5,6000.0,4000.0,3000.0,-7.375,0.5,0.375,0.0,900.0,900.0,0.0,1.5919999999999355,1.0919999999999905,6491.0,0
2.492,16219.0,12968.0,9726.0,16214.5,12964.5,9723.5,5000.0,4000.0,3000.0,-8.375,0.5,0.375,0.0,900.0,900.0,0.0,1.5929999999999354,1.0929999999999904,6493.0,0
2.493,16224.0,12972.0,9729.0,16219.5,12968.5,9726.5,5000.0,4000.0,3000.0,-8.375,0.5,0.375,0.0,900.0,900.0,0.0,1.5939999999999352,1.0939999999999903,6495.0,0
2.494,16229.0,12976.0,9732.0,16224.5,12972.5,9729.5,5000.0,4000.0,3000.0,-8.375,0.5,0.375,0.0,900.0,900.0,0.0,1.5949999999999351,1.0949999999999902,6497.0,0
2.495,16234.0,12980.0,9735.0,16229.5,12976.5,9732.5,5000.0,4000.0,3000.0,-8.375,0.5,0.375,0.0,900.0,900.0,0.0,1.595999999999935,1.09599999999999,6499.0,0
2.496,16240.0,12985.0,9739.0,16234.5,12980.5,9735.5,6000.0,5000.0,4000.0,-8.375,0.5,0.375,0.0,900.0,900.0,0.0,1.596999999999935,1.09699999999999,6501.0,0
2.497,16245.0,12989.0,9742.0,16240.5,12985.5,9739.5,5000.0,4000.0,3000.0,-8.125,0.5,0.125,0.0,900.0,900.0,0.0,1.5979999999999348,1.0979999999999899,6503.0,0
2.498,16250.0,12993.0,9745.0,16245.5,12989.5,9742.5,5000.0,4000.0,3000.0,-8.125,0.5,0.125,0.0,900.0,900.0,0.0,1.5989999999999347,1.0989999999999898,6505.0,0
2.499,16255.0,12997.0,9748.0,16250.5,12993.5,9745.5,5000.0,4000.0,3000.0,-8.125,0.5,0.125,0.0,900.0,900.0,0.0,1.5999999999999346,1.0999999999999897,6507.0,0
2.5,16260.0,13001.0,9751.0,16255.5,12997.5,9748.5,5000.0,4000.0,3000.0,-8.125,0.5,0.125,0.0,900.0,900.0,0.0,1.6009999999999345,1.1009999999999895,6509.0,0
2.501,16266.0,13005.0,9754.0,16260.5,13001.5,9751.5,6000.0,4000.0,3000.0,-8.125,0.5,0.125,0.0,900.0,900.0,0.0,1.6019999999999344,1.1019999999999894,6512.0,0
2.5020000000000002,16271.0,13009.0,9757.0,16266.5,13005.5,9754.5,5000.0,4000.0,3000.0,-9.125,0.5,0.125,0.0,900.0,900.0,0.0,1.6029999999999343,1.1029999999999893,6514.0,0
2.503,16276.0,13014.0,9760.0,16271.5,13009.5,9757.5,5000.0,5000.0,3000.0,-9.125,0.5,0.125,0.0,900.0,900.0,0.0,1.6039999999999341,1.1039999999999892,6516.0,0
2.504,16281.0,13018.0,9763.0,16276.5,13014.5,9760.5,5000.0,4000.0,3000.0,-8.5,0.0,0.5,0.0,900.0,900.0,0.0,1.604999999999934,1.104999999999989,6518.0,0
2.505,16286.0,13022.0,9767.0,16281.5,13018.5,9763.5,5000.0,4000.0,4000.0,-8.5,0.0,0.5,0.0,900.0,900.0,0.0,1.605999999999934,1.105999999999989,6519.0,0
2.5060000000000002,16291.0,13026.0,9770.0,16286.5,13022.5,9767.5,5000.0,4000.0,3000.0,-7.875,0.5,-0.125,0.0,900.0,900.0,0.0,1.6069999999999338,1.1069999999999889,6521.0,0
2.507,16297.0,13030.0,9773.0,16291.5,13026.5,9770.5,6000.0,4000.0,3000.0,-7.875,0.5,-0.125,0.0,900.0,900.0,0.0,1.6079999999999337,1.1079999999999888,6524.0,0
2.508,16302.0,13034.0,9776.0,16297.5,13030.5,9773.5,5000.0,4000.0,3000.0,-8.875,0.5,-0.125,0.0,900.0,900.0,0.0,1.6089999999999336,1.1089999999999887,6526.0,0
2.509,16307.0,13038.0,9779.0,16302.5,13034.5,9776.5,5000.0,4000.0,3000.0,-8.875,0.5,-0.125,0.0,900.0,900.0,0.0,1.6099999999999335,1.1099999999999886,6528.0,0
2.5100000000000002,16312.0,13043.0,9782.0,16307.5,13038.5,9779.5,5000.0,5000.0,3000.0,-8.875,0.5,-0.125,0.0,900.0,900.0,0.0,1.6109999999999334,1.1109999999999884,6530.0,0
2.511,16317.0,13047.0,9785.0,16312.5,13043.5,9782.5,5000.0,4000.0,3000.0,-7.83333333333394,0.33333333333393966,0.5,0.0,900.0,900.0,0.0,1.6119999999999333,1.1119999999999883,6532.0,0
2.512,16323.0,13051.0,9788.0,16317.5,13047.5,9785.5,6000.0,4000.0,3000.0,-7.83333333333394,0.33333333333393966,0.5,0.0,900.0,900.0,0.0,1.6129999999999332,1.1129999999999882,6535.0,0
2.513,16328.0,13055.0,9792.0,16323.5,13051.5,9788.5,5000.0,4000.0,4000.0,-8.83333333333394,0.33333333333393966,0.5,0.0,900.0,900.0,0.0,1.613999999999933,1.113999999999988,6536.0,0
2.5140000000000002,16333.0,13059.0,9795.0,16328.5,13055.5,9792.5,5000.0,4000.0,3000.0,-8.625,0.5,-0.375,0.0,900.0,900.0,0.0,1.614999999999933,1.114999999999988,6538.0,0
2.515,16338.0,13063.0,9798.0,16333.5,13059.5,9795.5,5000.0,4000.0,3000.0,-8.625,0.5,-0.375,0.0,900.0,900.0,0.0,1.6159999999999328,1.115999999999988,6540.0,0
2.516,16343.0,13068.0,9801.0,16338.5,13063.5,9798.5,5000.0,5000.0,3000.0,-8.625,0.5,-0.375,0.0,900.0,900.0,0.0,1.6169999999999327,1.1169999999999878,6542.0,0
2.517,16349.0,13072.0,9804.0,16343.5,13068.5,9801.5,6000.0,4000.0,3000.0,-7.375,0.5,0.375,0.0,900.0,900.0,0.0,1.6179999999999326,1.1179999999999877,6545.0,0
2.5180000000000002,16354.0,13076.0,9807.0,16349.5,13072.5,9804.5,5000.0,4000.0,3000.0,-8.375,0.5,0.375,0.0,900.0,900.0,0.0,1.6189999999999325,1.1189999999999876,6547.0,0
2.519,16359.0,13080.0,9810.0,16354.5,13076.5,9807.5,5000.0,4000.0,3000.0,-8.375,0.5,0.375,0.0,900.0,900.0,0.0,1.6199999999999324,1.1199999999999875,6549.0,0
2.52,16364.0,13084.0,9813.0,16359.5,13080.5,9810.5,5000.0,4000.0,3000.0,-8.375,0.5,0.375,0.0,900.0,900.0,0.0,1.6209999999999323,1.1209999999999873,6551.0,0
2.521,16369.0,13088.0,9816.0,16364.5,13084.5,9813.5,5000.0,4000.0,3000.0,-8.375,0.5,0.375,0.0,900.0,900.0,0.0,1.6219999999999322,1.1219999999999872,6553.0,0
2.5220000000000002,16375.0,13092.0,9820.0,16369.5,13088.5,9816.5,6000.0,4000.0,4000.0,-8.375,0.5,0.375,0.0,900.0,900.0,0.0,1.622999999999932,1.1229999999999871,6555.0,0
2.523,16380.0,13097.0,9823.0,16375.5,13092.5,9820.5,5000.0,5000.0,3000.0,-9.375,0.5,-0.625,0.0,900.0,900.0,0.0,1.623999999999932,1.123999999999987,6557.0,0
2.524,16385.0,13101.0,9826.0,16380.5,13097.5,9823.5,5000.0,4000.0,3000.0,-8.125,0.5,0.125,0.0,900.0,900.0,0.0,1.6249999999999318,1.124999999999987,6559.0,0
2.525,16390.0,13105.0,9829.0,16385.5,13101.5,9826.5,5000.0,4000.0,3000.0,-8.125,0.5,0.125,0.0,900.0,900.0,0.0,1.6259999999999317,1.1259999999999868,6561.0,0
2.5260000000000002,16395.0,13109.0,9832.0,16390.5,13105.5,9829.5,5000.0,4000.0,3000.0,-8.125,0.5,0.125,0.0,900.0,900.0,0.0,1.6269999999999316,1.1269999999999867,6563.0,0
2.527,16400.0,13113.0,9835.0,16395.5,13109.5,9832.5,5000.0,4000.0,3000.0,-8.125,0.5,0.125,0.0,900.0,900.0,0.0,1.6279999999999315,1.1279999999999866,6565.0,0
2.528,16406.0,13117.0,9838.0,16400.5,13113.5,9835.5,6000.0,4000.0,3000.0,-8.125,0.5,0.125,0.0,900.0,900.0,0.0,1.6289999999999314,1.1289999999999865,6568.0,0
2.529,16411.0,13121.0,9841.0,16406.5,13117.5,9838.5,5000.0,4000.0,3000.0,-9.125,0.5,0.125,0.0,900.0,900.0,0.0,1.6299999999999313,1.1299999999999863,6570.0,0
2.5300000000000002,16416.0,13126.0,9845.0,16411.5,13121.5,9841.5,5000.0,5000.0,4000.0,-9.125,0.5,0.125,0.0,900.0,900.0,0.0,1.6309999999999312,1.1309999999999862,6571.0,0
2.531,16421.0,13130.0,9848.0,16416.5,13126.5,9845.5,5000.0,4000.0,3000.0,-7.875,0.5,-0.125,0.0,900.0,900.0,0.0,1.631999999999931,1.1319999999999861,6573.0,0
2.532,16426.0,13134.0,9851.0,16421.5,13130.5,9848.5,5000.0,4000.0,3000.0,-7.875,0.5,-0.125,0.0,900.0,900.0,0.0,1.632999999999931,1.132999999999986,6575.0,0
2.533,16432.0,13138.0,9854.0,16426.5,13134.5,9851.5,6000.0,4000.0,3000.0,-7.875,0.5,-0.125,0.0,900.0,900.0,0.0,1.6339999999999308,1.133999999999986,6578.0,0
2.5340000000000003,16437.0,13142.0,9857.0,16432.5,13138.5,9854.5,5000.0,4000.0,3000.0,-8.875,0.5,-0.125,0.0,900.0,900.0,0.0,1.6349999999999307,1.1349999999999858,6580.0,0
2.535,16442.0,13146.0,9860.0,16437.5,13142.5,9857.5,5000.0,4000.0,3000.0,-8.875,0.5,-0.125,0.0,900.0,900.0,0.0,1.6359999999999306,1.1359999999999857,6582.0,0
2.536,16447.0,13150.0,9863.0,16442.5,13146.5,9860.5,5000.0,4000.0,3000.0,-8.875,0.5,-0.125,0.0,900.0,900.0,0.0,1.6369999999999305,1.1369999999999856,6584.0,0
2.537,16452.0,13155.0,9866.0,16447.5,13150.5,9863.5,5000.0,5000.0,3000.0,-8.875,0.5,-0.125,0.0,900.0,900.0,0.0,1.6379999999999304,1.1379999999999855,6586.0,0
2.5380000000000003,16458.0,13159.0,9869.0,16452.5,13155.5,9866.5,6000.0,4000.0,3000.0,-7.833333333332121,0.33333333333393966,0.5,0.0,900.0,900.0,0.0,1.6389999999999303,1.1389999999999854,6589.0,0
2.539,16463.0,13163.0,9873.0,16458.5,13159.5,9869.5,5000.0,4000.0,4000.0,-8.83333333333212,0.33333333333393966,0.5,0.0,900.0,900.0,0.0,1.6399999999999302,1.1399999999999852,6590.0,0
2.54,16468.0,13167.0,9876.0,16463.5,13163.5,9873.5,5000.0,4000.0,3000.0,-8.625,0.5,-0.375,0.0,900.0,900.0,0.0,1.64099999999993,1.1409999999999851,6592.0,0
2.541,16473.0,13171.0,9879.0,16468.5,13167.5,9876.5,5000.0,4000.0,3000.0,-8.625,0.5,-0.375,0.0,900.0,900.0,0.0,1.64199999999993,1.141999999999985,6594.0,0
2.5420000000000003,16478.0,13175.0,9882.0,16473.5,13171.5,9879.5,5000.0,4000.0,3000.0,-8.625,0.5,-0.375,0.0,900.0,900.0,0.0,1.6429999999999298,1.142999999999985,6596.0,0
2.543,16484.0,13179.0,9885.0,16478.5,13175.5,9882.5,6000.0,4000.0,3000.0,-8.625,0.5,-0.375,0.0,900.0,900.0,0.0,1.6439999999999297,1.1439999999999848,6599.0,0
2.544,16489.0,13184.0,9888.0,16484.5,13179.5,9885.5,5000.0,5000.0,3000.0,-9.625,0.5,-0.375,0.0,900.0,900.0,0.0,1.6449999999999296,1.1449999999999847,6601.0,0
2.545,16494.0,13188.0,9891.0,16489.5,13184.5,9888.5,5000.0,4000.0,3000.0,-8.375,0.5,0.375,0.0,900.0,900.0,0.0,1.6459999999999295,1.1459999999999846,6603.0,0
2.5460000000000003,16499.0,13192.0,9894.0,16494.5,13188.5,9891.5,5000.0,4000.0,3000.0,-8.375,0.5,0.375,0.0,900.0,900.0,0.0,1.6469999999999294,1.1469999999999845,6605.0,0
2.547,16504.0,13196.0,9897.0,16499.5,13192.5,9894.5,5000.0,4000.0,3000.0,-8.375,0.5,0.375,0.0,900.0,900.0,0.0,1.6479999999999293,1.1479999999999844,6607.0,0
2.548,16510.0,13200.0,9901.0,16504.5,13196.5,9897.5,6000.0,4000.0,4000.0,-8.375,0.5,0.375,0.0,900.0,900.0,0.0,1.6489999999999292,1.1489999999999843,6609.0,0
2.549,16515.0,13204.0,9904.0,16510.5,13200.5,9901.5,5000.0,4000.0,3000.0,-9.375,0.5,-0.625,0.0,900.0,900.0,0.0,1.649999999999929,1.1499999999999841,6611.0,0
2.5500000000000003,16520.0,13208.0,9907.0,16515.5,13204.5,9904.5,5000.0,4000.0,3000.0,-9.375,0.5,-0.625,0.0,900.0,900.0,0.0,1.650999999999929,1.150999999999984,6613.0,0
2.551,16525.0,13213.0,9910.0,16520.5,13208.5,9907.5,5000.0,5000.0,3000.0,-9.375,0.5,-0.625,0.0,900.0,900.0,0.0,1.6519999999999289,1.151999999999984,6615.0,0
2.552,16530.0,13217.0,9913.0,16525.5,13213.5,9910.5,5000.0,4000.0,3000.0,-8.125,0.5,0.125,0.0,900.0,900.0,0.0,1.6529999999999287,1.1529999999999838,6617.0,0
2.553,16535.0,13221.0,9916.0,16530.5,13217.5,9913.5,5000.0,4000.0,3000.0,-8.125,0.5,0.125,0.0,900.0,900.0,0.0,1.6539999999999286,1.1539999999999837,6619.0,0
2.5540000000000003,16541.0,13225.0,9919.0,16535.5,13221.5,9916.5,6000.0,4000.0,3000.0,-8.125,0.5,0.125,0.0,900.0,900.0,0.0,1.6549999999999285,1.1549999999999836,6622.0,0
2.555,16546.0,13229.0,9922.0,16541.5,13225.5,9919.5,5000.0,4000.0,3000.0,-9.125,0.5,0.125,0.0,900.0,900.0,0.0,1.6559999999999284,1.1559999999999835,6624.0,0
2.556,16551.0,13233.0,9926.0,16546.5,13229.5,9922.5,5000.0,4000.0,4000.0,-9.125,0.5,0.125,0.0,900.0,900.0,0.0,1.6569999999999283,1.1569999999999834,6625.0,0
2.557,16556.0,13237.0,9929.0,16551.5,13233.5,9926.5,5000.0,4000.0,3000.0,-9.125,0.5,-0.875,0.0,900.0,900.0,0.0,1.6579999999999282,1.1579999999999833,6627.0,0
2.5580000000000003,16561.0,13242.0,9932.0,16556.5,13237.5,9929.5,5000.0,5000.0,3000.0,-9.125,0.5,-0.875,0.0,900.0,900.0,0.0,1.658999999999928,1.1589999999999832,6629.0,0
2.559,16567.0,13246.0,9935.0,16561.5,13242.5,9932.5,6000.0,4000.0,3000.0,-7.875,0.5,-0.125,0.0,900.0,900.0,0.0,1.659999999999928,1.159999999999983,6632.0,0
2.56,16572.0,13250.0,9938.0,16567.5,13246.5,9935.5,5000.0,4000.0,3000.0,-8.875,0.5,-0.125,0.0,900.0,900.0,0.0,1.6609999999999279,1.160999999999983,6634.0,0
2.561,16577.0,13254.0,9941.0,16572.5,13250.5,9938.5,5000.0,4000.0,3000.0,-8.875,0.5,-0.125,0.0,900.0,900.0,0.0,1.6619999999999278,1.1619999999999828,6636.0,0
2.562,16582.0,13258.0,9944.0,16577.5,13254.5,9941.5,5000.0,4000.0,3000.0,-8.875,0.5,-0.125,0.0,900.0,900.0,0.0,1.6629999999999276,1.1629999999999827,6638.0,0
2.563,16587.0,13262.0,9947.0,16582.5,13258.5,9944.5,5000.0,4000.0,3000.0,-8.875,0.5,-0.125,0.0,900.0,900.0,0.0,1.6639999999999275,1.1639999999999826,6640.0,0
2.564,16593.0,13266.0,9950.0,16587.5,13262.5,9947.5,6000.0,4000.0,3000.0,-8.875,0.5,-0.125,0.0,900.0,900.0,0.0,1.6649999999999274,1.1649999999999825,6643.0,0
2.565,16598.0,13271.0,9954.0,16593.5,13266.5,9950.5,5000.0,5000.0,4000.0,-9.875,0.5,-0.125,0.0,900.0,900.0,0.0,1.6659999999999273,1.1659999999999824,6644.0,0
2.566,16603.0,13275.0,9957.0,16598.5,13271.5,9954.5,5000.0,4000.0,3000.0,-8.625,0.5,-0.375,0.0,900.0,900.0,0.0,1.6669999999999272,1.1669999999999823,6646.0,0
2.567,16608.0,13279.0,9960.0,16603.5,13275.5,9957.5,5000.0,4000.0,3000.0,-8.625,0.5,-0.375,0.0,900.0,900.0,0.0,1.667999999999927,1.1679999999999822,6648.0,0
2.568,16613.0,13283.0,9963.0,16608.5,13279.5,9960.5,5000.0,4000.0,3000.0,-8.625,0.5,-0.375,0.0,900.0,900.0,0.0,1.668999999999927,1.168999999999982,6650.0,0
2.569,16619.0,13287.0,9966.0,16613.5,13283.5,9963.5,6000.0,4000.0,3000.0,-8.625,0.5,-0.375,0.0,900.0,900.0,0.0,1.6699999999999269,1.169999999999982,6653.0,0
2.57,16624.0,13291.0,9969.0,16619.5,13287.5,9966.5,5000.0,4000.0,3000.0,-9.625,0.5,-0.375,0.0,900.0,900.0,0.0,1.6709999999999268,1.1709999999999818,6655.0,0
2.571,16629.0,13295.0,9972.0,16624.5,13291.5,9969.5,5000.0,4000.0,3000.0,-9.625,0.5,-0.375,0.0,900.0,900.0,0.0,1.6719999999999267,1.1719999999999817,6657.0,0
2.572,16634.0,13300.0,9975.0,16629.5,13295.5,9972.5,5000.0,5000.0,3000.0,-9.625,0.5,-0.375,0.0,900.0,900.0,0.0,1.6729999999999265,1.1729999999999816,6659.0,0
2.573,16639.0,13304.0,9979.0,16634.5,13300.5,9975.5,5000.0,4000.0,4000.0,-8.375,0.5,0.375,0.0,900.0,900.0,0.0,1.6739999999999264,1.1739999999999815,6660.0,0
2.574,16644.0,13308.0,9982.0,16639.5,13304.5,9979.5,5000.0,4000.0,3000.0,-8.375,0.5,-0.625,0.0,900.0,900.0,0.0,1.6749999999999263,1.1749999999999814,6662.0,0
2.575,16650.0,13312.0,9985.0,16644.5,13308.5,9982.5,6000.0,4000.0,3000.0,-8.375,0.5,-0.625,0.0,900.0,900.0,0.0,1.6759999999999262,1.1759999999999813,6665.0,0
2.576,16655.0,13316.0,9988.0,16650.5,13312.5,9985.5,5000.0,4000.0,3000.0,-9.375,0.5,-0.625,0.0,900.0,900.0,0.0,1.676999999999926,1.1769999999999812,6667.0,0
2.577,16660.0,13320.0,9991.0,16655.5,13316.5,9988.5,5000.0,4000.0,3000.0,-9.375,0.5,-0.625,0.0,900.0,900.0,0.0,1.677999999999926,1.177999999999981,6669.0,0
2.578,16665.0,13324.0,9994.0,16660.5,13320.5,9991.5,5000.0,4000.0,3000.0,-9.375,0.5,-0.625,0.0,900.0,900.0,0.0,1.6789999999999259,1.178999999999981,6671.0,0
2.579,16670.0,13329.0,9997.0,16665.5,13324.5,9994.5,5000.0,5000.0,3000.0,-9.375,0.5,-0.625,0.0,900.0,900.0,0.0,1.6799999999999258,1.1799999999999808,6673.0,0
2.58,16676.0,13333.0,10000.0,16670.5,13329.5,9997.5,6000.0,4000.0,3000.0,-8.125,0.5,0.125,0.0,900.0,900.0,0.0,1.6809999999999257,1.1809999999999807,6676.0,0
2.581,16681.0,13337.0,10003.0,16676.5,13333.5,10000.5,5000.0,4000.0,3000.0,-9.125,0.5,0.125,0.0,900.0,900.0,0.0,1.6819999999999256,1.1819999999999806,6678.0,0
2.582,16686.0,13341.0,10007.0,16681.5,13337.5,10003.5,5000.0,4000.0,4000.0,-9.125,0.5,0.125,0.0,900.0,900.0,0.0,1.6829999999999254,1.1829999999999805,6679.0,0
2.583,16691.0,13345.0,10010.0,16686.5,13341.5,10007.5,5000.0,4000.0,3000.0,-9.125,0.5,-0.875,0.0,900.0,900.0,0.0,1.6839999999999253,1.1839999999999804,6681.0,0
2.584,16696.0,13349.0,10013.0,16691.5,13345.5,10010.5,5000.0,4000.0,3000.0,-9.125,0.5,-0.875,0.0,900.0,900.0,0.0,1.6849999999999252,1.1849999999999803,6683.0,0
2.585,16702.0,13354.0,10016.0,16696.5,13349.5,10013.5,6000.0,5000.0,3000.0,-9.125,0.5,-0.875,0.0,900.0,900.0,0.0,1.6859999999999251,1.1859999999999802,6686.0,0
2.586,16707.0,13358.0,10019.0,16702.5,13354.5,10016.5,5000.0,4000.0,3000.0,-8.875,0.5,-0.125,0.0,900.0,900.0,0.0,1.686999999999925,1.18699999999998,6688.0,0
2.587,16712.0,13362.0,10022.0,16707.5,13358.5,10019.5,5000.0,4000.0,3000.0,-8.875,0.5,-0.125,0.0,900.0,900.0,0.0,1.687999999999925,1.18799999999998,6690.0,0
2.588,16717.0,13366.0,10025.0,16712.5,13362.5,10022.5,5000.0,4000.0,3000.0,-8.875,0.5,-0.125,0.0,900.0,900.0,0.0,1.6889999999999248,1.1889999999999799,6692.0,0
2.589,16722.0,13370.0,10028.0,16717.5,13366.5,10025.5,5000.0,4000.0,3000.0,-8.875,0.5,-0.125,0.0,900.0,900.0,0.0,1.6899999999999247,1.1899999999999797,6694.0,0
2.59,16728.0,13374.0,10032.0,16722.5,13370.5,10028.5,6000.0,4000.0,4000.0,-8.875,0.5,-0.125,0.0,900.0,900.0,0.0,1.6909999999999246,1.1909999999999796,6696.0,0
2.591,16733.0,13378.0,10035.0,16728.5,13374.5,10032.5,5000.0,4000.0,3000.0,-9.875,0.5,-1.125,0.0,900.0,900.0,0.0,1.6919999999999245,1.1919999999999795,6698.0,0
2.592,16738.0,13383.0,10038.0,16733.5,13378.5,10035.5,5000.0,5000.0,3000.0,-9.875,0.5,-1.125,0.0,900.0,900.0,0.0,1.6929999999999243,1.1929999999999794,6700.0,0
2.593,16743.0,13387.0,10041.0,16738.5,13383.5,10038.5,5000.0,4000.0,3000.0,-8.625,0.5,-0.375,0.0,900.0,900.0,0.0,1.6939999999999242,1.1939999999999793,6702.0,0
2.594,16748.0,13391.0,10044.0,16743.5,13387.5,10041.5,5000.0,4000.0,3000.0,-8.625,0.5,-0.375,0.0,900.0,900.0,0.0,1.6949999999999241,1.1949999999999792,6704.0,0
2.595,16753.0,13395.0,10047.0,16748.5,13391.5,10044.5,5000.0,4000.0,3000.0,-8.625,0.5,-0.375,0.0,900.0,900.0,0.0,1.695999999999924,1.195999999999979,6706.0,0
2.596,16759.0,13399.0,10050.0,16753.5,13395.5,10047.5,6000.0,4000.0,3000.0,-8.625,0.5,-0.375,0.0,900.0,900.0,0.0,1.696999999999924,1.196999999999979,6709.0,0
2.597,16764.0,13403.0,10053.0,16759.5,13399.5,10050.5,5000.0,4000.0,3000.0,-9.625,0.5,-0.375,0.0,900.0,900.0,0.0,1.6979999999999238,1.1979999999999789,6711.0,0
2.598,16769.0,13407.0,10056.0,16764.5,13403.5,10053.5,5000.0,4000.0,3000.0,-9.625,0.5,-0.375,0.0,900.0,900.0,0.0,1.6989999999999237,1.1989999999999787,6713.0,0
2.599,16774.0,13412.0,10060.0,16769.5,13407.5,10056.5,5000.0,5000.0,4000.0,-9.625,0.5,-0.375,0.0,900.0,900.0,0.0,1.6999999999999236,1.1999999999999786,6714.0,0
2.6,16779.0,13417.0,10063.0,16774.5,13412.5,10060.5,5000.0,5000.0,3000.0,-8.375,0.5,-0.625,0.0,0.0,900.0,0.0,0.0,1.2009999999999785,6716.0,0
2.601,16785.0,13422.0,10066.0,16779.5,13417.5,10063.5,6000.0,5000.0,3000.0,-7.125,0.5,0.125,0.0,0.0,900.0,0.0,0.0,1.2019999999999784,6719.0,0
2.602,16790.0,13427.0,10069.0,16785.5,13422.5,10066.5,5000.0,5000.0,3000.0,-7.5,0.0,0.5,0.0,0.0,900.0,0.0,0.0,1.2029999999999783,6721.0,0
2.603,16795.0,13432.0,10072.0,16790.5,13427.5,10069.5,5000.0,5000.0,3000.0,-7.5,-1.0,0.5,0.0,0.0,900.0,0.0,0.0,1.2039999999999782,6723.0,0
2.604,16800.0,13437.0,10075.0,16795.5,13432.5,10072.5,5000.0,5000.0,3000.0,-7.5,-2.0,0.5,0.0,0.0,900.0,0.0,0.0,1.204999999999978,6725.0,0
2.605,16805.0,13442.0,10078.0,16800.5,13437.5,10075.5,5000.0,5000.0,3000.0,-7.5,-3.0,0.5,0.0,0.0,900.0,0.0,0.0,1.205999999999978,6727.0,0
2.606,16811.0,13447.0,10081.0,16805.5,13442.5,10078.5,6000.0,5000.0,3000.0,-7.5,-4.0,0.5,0.0,0.0,900.0,0.0,0.0,1.2069999999999779,6730.0,0
2.607,16816.0,13452.0,10085.0,16811.5,13447.5,10081.5,5000.0,5000.0,4000.0,-8.5,-5.0,0.5,0.0,0.0,900.0,0.0,0.0,1.2079999999999778,6731.0,0
2.608,16821.0,13457.0,10088.0,16816.5,13452.5,10085.5,5000.0,5000.0,3000.0,-6.833333333332121,-4.66666666666606,0.5,0.0,0.0,900.0,0.0,0.0,1.2089999999999776,6733.0,0
2.609,16826.0,13462.0,10091.0,16821.5,13457.5,10088.5,5000.0,5000.0,3000.0,-6.833333333332121,-5.66666666666606,0.5,0.0,0.0,900.0,0.0,0.0,1.2099999999999775,6735.0,0
2.61,16831.0,13467.0,10094.0,16826.5,13462.5,10091.5,5000.0,5000.0,3000.0,-6.833333333332121,-6.66666666666606,0.5,0.0,0.0,900.0,0.0,0.0,1.2109999999999774,6737.0,0
2.611,16837.0,13472.0,10097.0,16831.5,13467.5,10094.5,6000.0,5000.0,3000.0,-6.833333333332121,-7.66666666666606,0.5,0.0,0.0,900.0,0.0,0.0,1.2119999999999773,6740.0,0
2.612,16842.0,13477.0,10100.0,16837.5,13472.5,10097.5,5000.0,5000.0,3000.0,-7.833333333332121,-8.66666666666606,0.5,0.0,0.0,900.0,0.0,0.0,1.2129999999999772,6742.0,0
2.613,16847.0,13482.0,10103.0,16842.5,13477.5,10100.5,5000.0,5000.0,3000.0,-7.833333333332121,-9.66666666666606,0.5,0.0,0.0,900.0,0.0,0.0,1.213999999999977,6744.0,0
2.614,16852.0,13487.0,10106.0,16847.5,13482.5,10103.5,5000.0,5000.0,3000.0,-7.833333333332121,-10.66666666666606,0.5,0.0,0.0,900.0,0.0,0.0,1.214999999999977,6746.0,0
2.615,16857.0,13492.0,10109.0,16852.5,13487.5,10106.5,5000.0,5000.0,3000.0,-7.833333333332121,-11.66666666666606,0.5,0.0,0.0,900.0,0.0,0.0,1.2159999999999769,6748.0,0
2.616,16862.0,13496.0,10113.0,16857.5,13492.5,10109.5,5000.0,4000.0,4000.0,-7.833333333332121,-12.66666666666606,0.5,0.0,0.0,900.0,0.0,0.0,1.2169999999999768,6749.0,0
2.617,16868.0,13500.0,10116.0,16862.5,13496.5,10113.5,6000.0,4000.0,3000.0,-6.166666666667879,-11.33333333333394,0.5,0.0,0.0,900.0,0.0,0.0,1.2179999999999767,6752.0,0
2.618,16873.0,13504.0,10119.0,16868.5,13500.5,10116.5,5000.0,4000.0,3000.0,-7.166666666667879,-11.33333333333394,0.5,0.0,0.0,900.0,0.0,0.0,1.2189999999999765,6754.0,0
2.619,16878.0,13508.0,10122.0,16873.5,13504.5,10119.5,5000.0,4000.0,3000.0,-7.166666666667879,-11.33333333333394,0.5,0.0,0.0,900.0,0.0,0.0,1.2199999999999764,6756.0,0
2.62,16883.0,13512.0,10125.0,16878.5,13508.5,10122.5,5000.0,4000.0,3000.0,-7.166666666667879,-11.33333333333394,0.5,0.0,0.0,900.0,0.0,0.0,1.2209999999999763,6758.0,0
2.621,16888.0,13516.0,10128.0,16883.5,13512.5,10125.5,5000.0,4000.0,3000.0,-7.166666666667879,-11.33333333333394,0.5,0.0,0.0,900.0,0.0,0.0,1.2219999999999762,6760.0,0
2.622,16894.0,13520.0,10131.0,16888.5,13516.5,10128.5,6000.0,4000.0,3000.0,-7.166666666667879,-11.33333333333394,0.5,0.0,0.0,900.0,0.0,0.0,1.222999999999976,6763.0,0
2.623,16899.0,13524.0,10134.0,16894.5,13520.5,10131.5,5000.0,4000.0,3000.0,-8.16666666666788,-11.33333333333394,0.5,0.0,0.0,900.0,0.0,0.0,1.223999999999976,6765.0,0
2.624,16904.0,13528.0,10137.0,16899.5,13524.5,10134.5,5000.0,4000.0,3000.0,-8.16666666666788,-11.33333333333394,0.5,0.0,0.0,900.0,0.0,0.0,1.2249999999999759,6767.0,0
2.625,16909.0,13532.0,10141.0,16904.5,13528.5,10137.5,5000.0,4000.0,4000.0,-8.16666666666788,-11.33333333333394,0.5,0.0,0.0,900.0,0.0,0.0,1.2259999999999758,6768.0,0
2.626,16914.0,13536.0,10144.0,16909.5,13532.5,10141.5,5000.0,4000.0,3000.0,-6.5,-10.0,0.5,0.0,0.0,900.0,0.0,0.0,1.2269999999999757,6770.0,0
2.6270000000000002,16920.0,13540.0,10147.0,16914.5,13536.5,10144.5,6000.0,4000.0,3000.0,-6.5,-10.0,0.5,0.0,0.0,900.0,0.0,0.0,1.2279999999999756,6773.0,0
2.628,16925.0,13544.0,10150.0,16920.5,13540.5,10147.5,5000.0,4000.0,3000.0,-7.5,-10.0,0.5,0.0,0.0,900.0,0.0,0.0,1.2289999999999754,6775.0,0
2.629,16930.0,13548.0,10153.0,16925.5,13544.5,10150.5,5000.0,4000.0,3000.0,-7.5,-10.0,0.5,0.0,0.0,900.0,0.0,0.0,1.2299999999999753,6777.0,0
2.63,16935.0,13552.0,10156.0,16930.5,13548.5,10153.5,5000.0,4000.0,3000.0,-7.5,-10.0,0.5,0.0,0.0,900.0,0.0,0.0,1.2309999999999752,6779.0,0
2.6310000000000002,16940.0,13556.0,10159.0,16935.5,13552.5,10156.5,5000.0,4000.0,3000.0,-7.5,-10.0,0.5,0.0,0.0,900.0,0.0,0.0,1.2319999999999751,6781.0,0
2.632,16946.0,13560.0,10162.0,16940.5,13556.5,10159.5,6000.0,4000.0,3000.0,-7.5,-10.0,0.5,0.0,0.0,900.0,0.0,0.0,1.232999999999975,6784.0,0
2.633,16951.0,13564.0,10166.0,16946.5,13560.5,10162.5,5000.0,4000.0,4000.0,-8.5,-10.0,0.5,0.0,0.0,900.0,0.0,0.0,1.233999999999975,6785.0,0
2.634,16956.0,13568.0,10169.0,16951.5,13564.5,10166.5,5000.0,4000.0,3000.0,-6.833333333332121,-8.66666666666606,0.5,0.0,0.0,900.0,0.0,0.0,1.2349999999999748,6787.0,0
2.6350000000000002,16961.0,13572.0,10172.0,16956.5,13568.5,10169.5,5000.0,4000.0,3000.0,-6.833333333332121,-8.66666666666606,0.5,0.0,0.0,900.0,0.0,0.0,1.2359999999999747,6789.0,0
2.636,16966.0,13577.0,10175.0,16961.5,13572.5,10172.5,5000.0,5000.0,3000.0,-6.833333333332121,-8.66666666666606,0.5,0.0,0.0,900.0,0.0,0.0,1.2369999999999746,6791.0,0
2.637,16971.0,13581.0,10178.0,16966.5,13577.5,10175.5,5000.0,4000.0,3000.0,-6.833333333332121,-9.66666666666606,0.5,0.0,0.0,900.0,0.0,0.0,1.2379999999999745,6793.0,0
2.638,16977.0,13586.0,10181.0,16971.5,13581.5,10178.5,6000.0,5000.0,3000.0,-6.833333333332121,-9.66666666666606,0.5,0.0,0.0,900.0,0.0,0.0,1.2389999999999743,6796.0,0
2.6390000000000002,16982.0,13591.0,10184.0,16977.5,13586.5,10181.5,5000.0,5000.0,3000.0,-7.833333333332121,-10.66666666666606,0.5,0.0,0.0,900.0,0.0,0.0,1.2399999999999742,6798.0,0
2.64,16987.0,13595.0,10187.0,16982.5,13591.5,10184.5,5000.0,4000.0,3000.0,-7.833333333332121,-11.66666666666606,0.5,0.0,0.0,900.0,0.0,0.0,1.2409999999999741,6800.0,0
2.641,16992.0,13599.0,10190.0,16987.5,13595.5,10187.5,5000.0,4000.0,3000.0,-7.833333333332121,-11.66666666666606,0.5,0.0,0.0,900.0,0.0,0.0,1.241999999999974,6802.0,0
2.642,16997.0,13603.0,10194.0,16992.5,13599.5,10190.5,5000.0,4000.0,4000.0,-7.833333333332121,-11.66666666666606,0.5,0.0,0.0,900.0,0.0,0.0,1.242999999999974,6803.0,0
2.6430000000000002,17003.0,13607.0,10197.0,16997.5,13603.5,10194.5,6000.0,4000.0,3000.0,-6.166666666667879,-10.33333333333394,0.5,0.0,0.0,900.0,0.0,0.0,1.2439999999999738,6806.0,0
2.644,17008.0,13611.0,10200.0,17003.5,13607.5,10197.5,5000.0,4000.0,3000.0,-7.166666666667879,-10.33333333333394,0.5,0.0,0.0,900.0,0.0,0.0,1.2449999999999737,6808.0,0
2.645,17013.0,13615.0,10203.0,17008.5,13611.5,10200.5,5000.0,4000.0,3000.0,-7.166666666667879,-10.33333333333394,0.5,0.0,0.0,900.0,0.0,0.0,1.2459999999999736,6810.0,0
2.646,17018.0,13618.0,10206.0,17013.5,13615.5,10203.5,5000.0,3000.0,3000.0,-7.166666666667879,-10.33333333333394,0.5,0.0,0.0,900.0,0.0,0.0,1.2469999999999735,6812.0,0
2.6470000000000002,17023.0,13622.0,10209.0,17018.5,13618.5,10206.5,5000.0,4000.0,3000.0,-7.166666666667879,-9.33333333333394,0.5,0.0,0.0,900.0,0.0,0.0,1.2479999999999734,6814.0,0
2.648,17029.0,13626.0,10212.0,17023.5,13622.5,10209.5,6000.0,4000.0,3000.0,-7.166666666667879,-9.33333333333394,0.5,0.0,0.0,900.0,0.0,0.0,1.2489999999999732,6817.0,0
2.649,17034.0,13631.0,10215.0,17029.5,13626.5,10212.5,5000.0,5000.0,3000.0,-8.16666666666788,-9.33333333333394,0.5,0.0,0.0,900.0,0.0,0.0,1.2499999999999731,6819.0,0
2.65,17039.0,13635.0,10219.0,17034.5,13631.5,10215.5,5000.0,4000.0,4000.0,-8.16666666666788,-10.33333333333394,0.5,0.0,0.0,900.0,0.0,0.0,1.250999999999973,6820.0,0
2.6510000000000002,17044.0,13639.0,10222.0,17039.5,13635.5,10219.5,5000.0,4000.0,3000.0,-6.5,-9.0,0.5,0.0,0.0,900.0,0.0,0.0,1.251999999999973,6822.0,0
2.652,17049.0,13644.0,10225.0,17044.5,13639.5,10222.5,5000.0,5000.0,3000.0,-6.5,-9.0,0.5,0.0,0.0,900.0,0.0,0.0,1.2529999999999728,6824.0,0
2.653,17055.0,13648.0,10228.0,17049.5,13644.5,10225.5,6000.0,4000.0,3000.0,-6.5,-10.0,0.5,0.0,0.0,900.0,0.0,0.0,1.2539999999999727,6827.0,0
2.654,17060.0,13652.0,10231.0,17055.5,13648.5,10228.5,5000.0,4000.0,3000.0,-7.5,-10.0,0.5,0.0,0.0,900.0,0.0,0.0,1.2549999999999726,6829.0,0
2.6550000000000002,17065.0,13656.0,10234.0,17060.5,13652.5,10231.5,5000.0,4000.0,3000.0,-7.5,-10.0,0.5,0.0,0.0,900.0,0.0,0.0,1.2559999999999725,6831.0,0
2.656,17070.0,13660.0,10237.0,17065.5,13656.5,10234.5,5000.0,4000.0,3000.0,-7.5,-10.0,0.5,0.0,0.0,900.0,0.0,0.0,1.2569999999999724,6833.0,0
2.657,17075.0,13664.0,10240.0,17070.5,13660.5,10237.5,5000.0,4000.0,3000.0,-7.5,-10.0,0.5,0.0,0.0,900.0,0.0,0.0,1.2579999999999723,6835.0,0
2.658,17081.0,13667.0,10243.0,17075.5,13664.5,10240.5,6000.0,3000.0,3000.0,-7.5,-10.0,0.5,0.0,0.0,900.0,0.0,0.0,1.2589999999999721,6838.0,0
2.6590000000000003,17086.0,13671.0,10247.0,17081.5,13667.5,10243.5,5000.0,4000.0,4000.0,-8.5,-9.0,0.5,0.0,0.0,900.0,0.0,0.0,1.259999999999972,6839.0,0
2.66,17091.0,13675.0,10250.0,17086.5,13671.5,10247.5,5000.0,4000.0,3000.0,-6.833333333332121,-7.66666666666606,0.5,0.0,0.0,900.0,0.0,0.0,1.260999999999972,6841.0,0
2.661,17096.0,13680.0,10253.0,17091.5,13675.5,10250.5,5000.0,5000.0,3000.0,-6.833333333332121,-7.66666666666606,0.5,0.0,0.0,900.0,0.0,0.0,1.2619999999999718,6843.0,0
2.662,17101.0,13684.0,10256.0,17096.5,13680.5,10253.5,5000.0,4000.0,3000.0,-6.833333333332121,-8.66666666666606,0.5,0.0,0.0,900.0,0.0,0.0,1.2629999999999717,6845.0,0
2.6630000000000003,17106.0,13689.0,10259.0,17101.5,13684.5,10256.5,5000.0,5000.0,3000.0,-6.833333333332121,-8.66666666666606,0.5,0.0,0.0,900.0,0.0,0.0,1.2639999999999716,6847.0,0
2.664,17112.0,13693.0,10262.0,17106.5,13689.5,10259.5,6000.0,4000.0,3000.0,-6.833333333332121,-9.66666666666606,0.5,0.0,0.0,900.0,0.0,0.0,1.2649999999999715,6850.0,0
2.665,17117.0,13698.0,10265.0,17112.5,13693.5,10262.5,5000.0,5000.0,3000.0,-7.833333333332121,-9.66666666666606,0.5,0.0,0.0,900.0,0.0,0.0,1.2659999999999714,6852.0,0
2.666,17122.0,13702.0,10268.0,17117.5,13698.5,10265.5,5000.0,4000.0,3000.0,-7.833333333332121,-10.66666666666606,0.5,0.0,0.0,900.0,0.0,0.0,1.2669999999999713,6854.0,0
2.6670000000000003,17127.0,13706.0,10272.0,17122.5,13702.5,10268.5,5000.0,4000.0,4000.0,-7.833333333332121,-10.66666666666606,0.5,0.0,0.0,900.0,0.0,0.0,1.2679999999999712,6855.0,0
2.668,17132.0,13710.0,10275.0,17127.5,13706.5,10272.5,5000.0,4000.0,3000.0,-6.166666666667879,-9.33333333333394,0.5,0.0,0.0,900.0,0.0,0.0,1.268999999999971,6857.0,0
2.669,17138.0,13715.0,10278.0,17132.5,13710.5,10275.5,6000.0,5000.0,3000.0,-6.166666666667879,-9.33333333333394,0.5,0.0,0.0,900.0,0.0,0.0,1.269999999999971,6860.0,0
2.67,17143.0,13719.0,10281.0,17138.5,13715.5,10278.5,5000.0,4000.0,3000.0,-7.166666666667879,-10.33333333333394,0.5,0.0,0.0,900.0,0.0,0.0,1.2709999999999708,6862.0,0
2.6710000000000003,17148.0,13723.0,10284.0,17143.5,13719.5,10281.5,5000.0,4000.0,3000.0,-7.166666666667879,-10.33333333333394,0.5,0.0,0.0,900.0,0.0,0.0,1.2719999999999707,6864.0,0
2.672,17153.0,13727.0,10287.0,17148.5,13723.5,10284.5,5000.0,4000.0,3000.0,-7.166666666667879,-10.33333333333394,0.5,0.0,0.0,900.0,0.0,0.0,1.2729999999999706,6866.0,0
2.673,17158.0,13731.0,10290.0,17153.5,13727.5,10287.5,5000.0,4000.0,3000.0,-7.166666666667879,-10.33333333333394,0.5,0.0,0.0,900.0,0.0,0.0,1.2739999999999705,6868.0,0
2.674,17164.0,13734.0,10293.0,17158.5,13731.5,10290.5,6000.0,3000.0,3000.0,-7.166666666667879,-10.33333333333394,0.5,0.0,0.0,900.0,0.0,0.0,1.2749999999999704,6871.0,0
2.6750000000000003,17169.0,13738.0,10296.0,17164.5,13734.5,10293.5,5000.0,4000.0,3000.0,-8.16666666666788,-9.33333333333394,0.5,0.0,0.0,900.0,0.0,0.0,1.2759999999999703,6873.0,0
2.676,17174.0,13742.0,10300.0,17169.5,13738.5,10296.5,5000.0,4000.0,4000.0,-8.16666666666788,-9.33333333333394,0.5,0.0,0.0,900.0,0.0,0.0,1.2769999999999702,6874.0,0
2.677,17179.0,13746.0,10303.0,17174.5,13742.5,10300.5,5000.0,4000.0,3000.0,-6.5,-8.0,0.5,0.0,0.0,900.0,0.0,0.0,1.27799999999997,6876.0,0
2.678,17184.0,13750.0,10306.0,17179.5,13746.5,10303.5,5000.0,4000.0,3000.0,-6.5,-8.0,0.5,0.0,0.0,900.0,0.0,0.0,1.27899999999997,6878.0,0
2.6790000000000003,17190.0,13755.0,10309.0,17184.5,13750.5,10306.5,6000.0,5000.0,3000.0,-6.5,-8.0,0.5,0.0,0.0,900.0,0.0,0.0,1.2799999999999698,6881.0,0
2.68,17195.0,13759.0,10312.0,17190.5,13755.5,10309.5,5000.0,4000.0,3000.0,-7.5,-9.0,0.5,0.0,0.0,900.0,0.0,0.0,1.2809999999999697,6883.0,0
2.681,17200.0,13764.0,10315.0,17195.5,13759.5,10312.5,5000.0,5000.0,3000.0,-7.5,-9.0,0.5,0.0,0.0,900.0,0.0,0.0,1.2819999999999696,6885.0,0
2.682,17205.0,13768.0,10318.0,17200.5,13764.5,10315.5,5000.0,4000.0,3000.0,-7.5,-10.0,0.5,0.0,0.0,900.0,0.0,0.0,1.2829999999999695,6887.0,0
2.6830000000000003,17210.0,13772.0,10321.0,17205.5,13768.5,10318.5,5000.0,4000.0,3000.0,-7.5,-10.0,0.5,0.0,0.0,900.0,0.0,0.0,1.2839999999999694,6889.0,0
2.684,17215.0,13776.0,10324.0,17210.5,13772.5,10321.5,5000.0,4000.0,3000.0,-7.5,-10.0,0.5,0.0,0.0,900.0,0.0,0.0,1.2849999999999693,6891.0,0
2.685,17221.0,13779.0,10328.0,17215.5,13776.5,10324.5,6000.0,3000.0,4000.0,-7.5,-10.0,0.5,0.0,0.0,900.0,0.0,0.0,1.2859999999999692,6893.0,0
2.686,17226.0,13783.0,10331.0,17221.5,13779.5,10328.5,5000.0,4000.0,3000.0,-6.833333333332121,-7.66666666666606,0.5,0.0,0.0,900.0,0.0,0.0,1.286999999999969,6895.0,0
2.6870000000000003,17231.0,13787.0,10334.0,17226.5,13783.5,10331.5,5000.0,4000.0,3000.0,-6.833333333332121,-7.66666666666606,0.5,0.0,0.0,900.0,0.0,0.0,1.287999999999969,6897.0,0
2.688,17236.0,13791.0,10337.0,17231.5,13787.5,10334.5,5000.0,4000.0,3000.0,-6.833333333332121,-7.66666666666606,0.5,0.0,0.0,900.0,0.0,0.0,1.2889999999999688,6899.0,0
2.689,17241.0,13796.0,10340.0,17236.5,13791.5,10337.5,5000.0,5000.0,3000.0,-6.833333333332121,-7.66666666666606,0.5,0.0,0.0,900.0,0.0,0.0,1.2899999999999687,6901.0,0
2.69,17247.0,13800.0,10343.0,17241.5,13796.5,10340.5,6000.0,4000.0,3000.0,-6.833333333332121,-8.66666666666606,0.5,0.0,0.0,900.0,0.0,0.0,1.2909999999999686,6904.0,0
2.691,17252.0,13804.0,10346.0,17247.5,13800.5,10343.5,5000.0,4000.0,3000.0,-7.833333333332121,-8.66666666666606,0.5,0.0,0.0,900.0,0.0,0.0,1.2919999999999685,6906.0,0
2.692,17257.0,13809.0,10349.0,17252.5,13804.5,10346.5,5000.0,5000.0,3000.0,-7.833333333332121,-8.66666666666606,0.5,0.0,0.0,900.0,0.0,0.0,1.2929999999999684,6908.0,0
2.693,17262.0,13813.0,10353.0,17257.5,13809.5,10349.5,5000.0,4000.0,4000.0,-7.833333333332121,-9.66666666666606,0.5,0.0,0.0,900.0,0.0,0.0,1.2939999999999683,6909.0,0
2.694,17267.0,13817.0,10356.0,17262.5,13813.5,10353.5,5000.0,4000.0,3000.0,-6.166666666667879,-8.33333333333394,0.5,0.0,0.0,900.0,0.0,0.0,1.2949999999999682,6911.0,0
2.695,17273.0,13822.0,10359.0,17267.5,13817.5,10356.5,6000.0,5000.0,3000.0,-6.166666666667879,-8.33333333333394,0.5,0.0,0.0,900.0,0.0,0.0,1.295999999999968,6914.0,0
2.696,17278.0,13826.0,10362.0,17273.5,13822.5,10359.5,5000.0,4000.0,3000.0,-7.166666666667879,-9.33333333333394,0.5,0.0,0.0,900.0,0.0,0.0,1.296999999999968,6916.0,0
2.697,17283.0,13830.0,10365.0,17278.5,13826.5,10362.5,5000.0,4000.0,3000.0,-7.166666666667879,-9.33333333333394,0.5,0.0,0.0,900.0,0.0,0.0,1.2979999999999678,6918.0,0
2.698,17288.0,13835.0,10368.0,17283.5,13830.5,10365.5,5000.0,5000.0,3000.0,-7.166666666667879,-9.33333333333394,0.5,0.0,0.0,900.0,0.0,0.0,1.2989999999999677,6920.0,0
2.699,17293.0,13839.0,10371.0,17288.5,13835.5,10368.5,5000.0,4000.0,3000.0,-7.166666666667879,-10.33333333333394,0.5,0.0,0.0,900.0,0.0,0.0,1.2999999999999676,6922.0,0
2.7,17299.0,13843.0,10374.0,17293.5,13839.5,10371.5,6000.0,4000.0,3000.0,-7.166666666667879,-10.33333333333394,0.5,0.0,0.0,900.0,0.0,0.0,1.3009999999999675,6925.0,0
2.701,17304.0,13847.0,10377.0,17299.5,13843.5,10374.5,5000.0,4000.0,3000.0,-8.16666666666788,-10.33333333333394,0.5,0.0,0.0,900.0,0.0,0.0,1.3019999999999674,6927.0,0
2.702,17309.0,13850.0,10381.0,17304.5,13847.5,10377.5,5000.0,3000.0,4000.0,-8.16666666666788,-10.33333333333394,0.5,0.0,0.0,900.0,0.0,0.0,1.3029999999999673,6928.0,0
2.703,17314.0,13854.0,10384.0,17309.5,13850.5,10381.5,5000.0,4000.0,3000.0,-6.5,-8.0,0.5,0.0,0.0,900.0,0.0,0.0,1.3039999999999672,6930.0,0
2.704,17319.0,13858.0,10387.0,17314.5,13854.5,10384.5,5000.0,4000.0,3000.0,-6.5,-8.0,0.5,0.0,0.0,900.0,0.0,0.0,1.304999999999967,6932.0,0
2.705,17324.0,13862.0,10390.0,17319.5,13858.5,10387.5,5000.0,4000.0,3000.0,-6.5,-8.0,0.5,0.0,0.0,900.0,0.0,0.0,1.305999999999967,6934.0,0
2.706,17330.0,13866.0,10393.0,17324.5,13862.5,10390.5,6000.0,4000.0,3000.0,-6.5,-8.0,0.5,0.0,0.0,900.0,0.0,0.0,1.3069999999999669,6937.0,0
2.707,17335.0,13871.0,10396.0,17330.5,13866.5,10393.5,5000.0,5000.0,3000.0,-7.5,-8.0,0.5,0.0,0.0,900.0,0.0,0.0,1.3079999999999667,6939.0,0
2.708,17340.0,13875.0,10399.0,17335.5,13871.5,10396.5,5000.0,4000.0,3000.0,-7.5,-9.0,0.5,0.0,0.0,900.0,0.0,0.0,1.3089999999999666,6941.0,0
2.709,17345.0,13879.0,10402.0,17340.5,13875.5,10399.5,5000.0,4000.0,3000.0,-7.5,-9.0,0.5,0.0,0.0,900.0,0.0,0.0,1.3099999999999665,6943.0,0
2.71,17350.0,13884.0,10406.0,17345.5,13879.5,10402.5,5000.0,5000.0,4000.0,-7.5,-9.0,0.5,0.0,0.0,900.0,0.0,0.0,1.3109999999999664,6944.0,0
2.711,17356.0,13888.0,10409.0,17350.5,13884.5,10406.5,6000.0,4000.0,3000.0,-5.833333333332121,-8.66666666666606,0.5,0.0,0.0,900.0,0.0,0.0,1.3119999999999663,6947.0,0
2.712,17361.0,13892.0,10412.0,17356.5,13888.5,10409.5,5000.0,4000.0,3000.0,-6.833333333332121,-8.66666666666606,0.5,0.0,0.0,900.0,0.0,0.0,1.3129999999999662,6949.0,0
2.713,17366.0,13896.0,10415.0,17361.5,13892.5,10412.5,5000.0,4000.0,3000.0,-6.833333333332121,-8.66666666666606,0.5,0.0,0.0,900.0,0.0,0.0,1.313999999999966,6951.0,0
2.714,17371.0,13901.0,10418.0,17366.5,13896.5,10415.5,5000.0,5000.0,3000.0,-6.833333333332121,-8.66666666666606,0.5,0.0,0.0,900.0,0.0,0.0,1.314999999999966,6953.0,0
2.715,17376.0,13905.0,10421.0,17371.5,13901.5,10418.5,5000.0,4000.0,3000.0,-6.833333333332121,-9.66666666666606,0.5,0.0,0.0,900.0,0.0,0.0,1.3159999999999659,6955.0,0
2.716,17382.0,13909.0,10424.0,17376.5,13905.5,10421.5,6000.0,4000.0,3000.0,-6.833333333332121,-9.66666666666606,0.5,0.0,0.0,900.0,0.0,0.0,1.3169999999999658,6958.0,0
2.717,17387.0,13914.0,10427.0,17382.5,13909.5,10424.5,5000.0,5000.0,3000.0,-7.833333333332121,-9.66666666666606,0.5,0.0,0.0,900.0,0.0,0.0,1.3179999999999656,6960.0,0
2.718,17392.0,13918.0,10430.0,17387.5,13914.5,10427.5,5000.0,4000.0,3000.0,-7.833333333332121,-10.66666666666606,0.5,0.0,0.0,900.0,0.0,0.0,1.3189999999999655,6962.0,0
2.719,17397.0,13922.0,10434.0,17392.5,13918.5,10430.5,5000.0,4000.0,4000.0,-7.833333333332121,-10.66666666666606,0.5,0.0,0.0,900.0,0.0,0.0,1.3199999999999654,6963.0,0
2.72,17402.0,13926.0,10437.0,17397.5,13922.5,10434.5,5000.0,4000.0,3000.0,-6.166666666667879,-9.33333333333394,0.5,0.0,0.0,900.0,0.0,0.0,1.3209999999999653,6965.0,0
2.721,17408.0,13930.0,10440.0,17402.5,13926.5,10437.5,6000.0,4000.0,3000.0,-6.166666666667879,-9.33333333333394,0.5,0.0,0.0,900.0,0.0,0.0,1.3219999999999652,6968.0,0
2.722,17413.0,13934.0,10443.0,17408.5,13930.5,10440.5,5000.0,4000.0,3000.0,-7.166666666667879,-9.33333333333394,0.5,0.0,0.0,900.0,0.0,0.0,1.322999999999965,6970.0,0
2.723,17418.0,13938.0,10446.0,17413.5,13934.5,10443.5,5000.0,4000.0,3000.0,-7.166666666667879,-9.33333333333394,0.5,0.0,0.0,900.0,0.0,0.0,1.323999999999965,6972.0,0
2.724,17423.0,13943.0,10449.0,17418.5,13938.5,10446.5,5000.0,5000.0,3000.0,-7.166666666667879,-9.33333333333394,0.5,0.0,0.0,900.0,0.0,0.0,1.3249999999999649,6974.0,0
2.725,17428.0,13947.0,10452.0,17423.5,13943.5,10449.5,5000.0,4000.0,3000.0,-7.166666666667879,-10.33333333333394,0.5,0.0,0.0,900.0,0.0,0.0,1.3259999999999648,6976.0,0
2.726,17433.0,13951.0,10455.0,17428.5,13947.5,10452.5,5000.0,4000.0,3000.0,-7.166666666667879,-10.33333333333394,0.5,0.0,0.0,900.0,0.0,0.0,1.3269999999999647,6978.0,0
2.727,17439.0,13954.0,10459.0,17433.5,13951.5,10455.5,6000.0,3000.0,4000.0,-7.166666666667879,-10.33333333333394,0.5,0.0,0.0,900.0,0.0,0.0,1.3279999999999645,6980.0,0
2.728,17444.0,13958.0,10462.0,17439.5,13954.5,10459.5,5000.0,4000.0,3000.0,-6.5,-8.0,0.5,0.0,0.0,900.0,0.0,0.0,1.3289999999999644,6982.0,0
2.729,17449.0,13962.0,10465.0,17444.5,13958.5,10462.5,5000.0,4000.0,3000.0,-6.5,-8.0,0.5,0.0,0.0,900.0,0.0,0.0,1.3299999999999643,6984.0,0
2.73,17454.0,13966.0,10468.0,17449.5,13962.5,10465.5,5000.0,4000.0,3000.0,-6.5,-8.0,0.5,0.0,0.0,900.0,0.0,0.0,1.3309999999999642,6986.0,0
2.731,17459.0,13971.0,10471.0,17454.5,13966.5,10468.5,5000.0,5000.0,3000.0,-6.5,-8.0,0.5,0.0,0.0,900.0,0.0,0.0,1.331999999999964,6988.0,0
2.732,17465.0,13975.0,10474.0,17459.5,13971.5,10471.5,6000.0,4000.0,3000.0,-6.5,-9.0,0.5,0.0,0.0,900.0,0.0,0.0,1.332999999999964,6991.0,0
2.733,17470.0,13979.0,10477.0,17465.5,13975.5,10474.5,5000.0,4000.0,3000.0,-7.5,-9.0,0.5,0.0,0.0,900.0,0.0,0.0,1.3339999999999639,6993.0,0
2.734,17475.0,13983.0,10480.0,17470.5,13979.5,10477.5,5000.0,4000.0,3000.0,-7.5,-9.0,0.5,0.0,0.0,900.0,0.0,0.0,1.3349999999999638,6995.0,0
2.735,17480.0,13987.0,10483.0,17475.5,13983.5,10480.5,5000.0,4000.0,3000.0,-7.5,-9.0,0.5,0.0,0.0,900.0,0.0,0.0,1.3359999999999637,6997.0,0
2.736,17485.0,13992.0,10487.0,17480.5,13987.5,10483.5,5000.0,5000.0,4000.0,-7.5,-9.0,0.5,0.0,0.0,900.0,0.0,0.0,1.3369999999999636,6998.0,0
2.737,17491.0,13996.0,10490.0,17485.5,13992.5,10487.5,6000.0,4000.0,3000.0,-5.833333333332121,-8.66666666666606,0.5,0.0,0.0,900.0,0.0,0.0,1.3379999999999634,7001.0,0
2.738,17496.0,14000.0,10493.0,17491.5,13996.5,10490.5,5000.0,4000.0,3000.0,-6.833333333332121,-8.66666666666606,0.5,0.0,0.0,900.0,0.0,0.0,1.3389999999999633,7003.0,0
2.739,17501.0,14004.0,10496.0,17496.5,14000.5,10493.5,5000.0,4000.0,3000.0,-6.833333333332121,-8.66666666666606,0.5,0.0,0.0,900.0,0.0,0.0,1.3399999999999632,7005.0,0
2.74,17506.0,14008.0,10499.0,17501.5,14004.5,10496.5,5000.0,4000.0,3000.0,-6.833333333332121,-8.66666666666606,0.5,0.0,0.0,900.0,0.0,0.0,1.340999999999963,7007.0,0
2.741,17511.0,14013.0,10502.0,17506.5,14008.5,10499.5,5000.0,5000.0,3000.0,-6.833333333332121,-8.66666666666606,0.5,0.0,0.0,900.0,0.0,0.0,1.341999999999963,7009.0,0
2.742,17517.0,14017.0,10505.0,17511.5,14013.5,10502.5,6000.0,4000.0,3000.0,-6.833333333332121,-9.66666666666606,0.5,0.0,0.0,900.0,0.0,0.0,1.342999999999963,7012.0,0
2.743,17522.0,14021.0,10508.0,17517.5,14017.5,10505.5,5000.0,4000.0,3000.0,-7.833333333332121,-9.66666666666606,0.5,0.0,0.0,900.0,0.0,0.0,1.3439999999999628,7014.0,0
2.744,17527.0,14025.0,10511.0,17522.5,14021.5,10508.5,5000.0,4000.0,3000.0,-7.833333333332121,-9.66666666666606,0.5,0.0,0.0,900.0,0.0,0.0,1.3449999999999627,7016.0,0
2.745,17532.0,14030.0,10515.0,17527.5,14025.5,10511.5,5000.0,5000.0,4000.0,-7.833333333332121,-9.66666666666606,0.5,0.0,0.0,900.0,0.0,0.0,1.3459999999999626,7017.0,0
2.746,17537.0,14034.0,10518.0,17532.5,14030.5,10515.5,5000.0,4000.0,3000.0,-6.166666666667879,-9.33333333333394,0.5,0.0,0.0,900.0,0.0,0.0,1.3469999999999624,7019.0,0
2.747,17542.0,14038.0,10521.0,17537.5,14034.5,10518.5,5000.0,4000.0,3000.0,-6.166666666667879,-9.33333333333394,0.5,0.0,0.0,900.0,0.0,0.0,1.3479999999999623,7021.0,0
2.748,17548.0,14042.0,10524.0,17542.5,14038.5,10521.5,6000.0,4000.0,3000.0,-6.166666666667879,-9.33333333333394,0.5,0.0,0.0,900.0,0.0,0.0,1.3489999999999622,7024.0,0
2.749,17553.0,14046.0,10527.0,17548.5,14042.5,10524.5,5000.0,4000.0,3000.0,-7.166666666667879,-9.33333333333394,0.5,0.0,0.0,900.0,0.0,0.0,1.3499999999999621,7026.0,0
2.75,17558.0,14051.0,10530.0,17553.5,14046.5,10527.5,5000.0,5000.0,3000.0,-7.166666666667879,-9.33333333333394,0.5,0.0,0.0,900.0,0.0,0.0,1.350999999999962,7028.0,0
2.751,17563.0,14055.0,10533.0,17558.5,14051.5,10530.5,5000.0,4000.0,3000.0,-7.166666666667879,-10.33333333333394,0.5,0.0,0.0,900.0,0.0,0.0,1.351999999999962,7030.0,0
2.7520000000000002,17568.0,14058.0,10536.0,17563.5,14055.5,10533.5,5000.0,3000.0,3000.0,-7.166666666667879,-10.33333333333394,0.5,0.0,0.0,900.0,0.0,0.0,1.3529999999999618,7032.0,0
2.753,17574.0,14062.0,10540.0,17568.5,14058.5,10536.5,6000.0,4000.0,4000.0,-7.166666666667879,-9.33333333333394,0.5,0.0,0.0,900.0,0.0,0.0,1.3539999999999617,7034.0,0
2.754,17579.0,14067.0,10543.0,17574.5,14062.5,10540.5,5000.0,5000.0,3000.0,-6.5,-8.0,0.5,0.0,0.0,900.0,0.0,0.0,1.3549999999999616,7036.0,0
2.755,17584.0,14071.0,10546.0,17579.5,14067.5,10543.5,5000.0,4000.0,3000.0,-6.5,-9.0,0.5,0.0,0.0,900.0,0.0,0.0,1.3559999999999615,7038.0,0
2.7560000000000002,17589.0,14075.0,10549.0,17584.5,14071.5,10546.5,5000.0,4000.0,3000.0,-6.5,-9.0,0.5,0.0,0.0,900.0,0.0,0.0,1.3569999999999613,7040.0,0
2.757,17594.0,14079.0,10552.0,17589.5,14075.5,10549.5,5000.0,4000.0,3000.0,-6.5,-9.0,0.5,0.0,0.0,900.0,0.0,0.0,1.3579999999999612,7042.0,0
2.758,17600.0,14083.0,10555.0,17594.5,14079.5,10552.5,6000.0,4000.0,3000.0,-6.5,-9.0,0.5,0.0,0.0,900.0,0.0,0.0,1.3589999999999611,7045.0,0
2.759,17605.0,14088.0,10558.0,17600.5,14083.5,10555.5,5000.0,5000.0,3000.0,-7.5,-9.0,0.5,0.0,0.0,900.0,0.0,0.0,1.359999999999961,7047.0,0
2.7600000000000002,17610.0,14091.0,10561.0,17605.5,14088.5,10558.5,5000.0,3000.0,3000.0,-7.5,-10.0,0.5,0.0,0.0,900.0,0.0,0.0,1.360999999999961,7049.0,0
2.761,17615.0,14096.0,10564.0,17610.5,14091.5,10561.5,5000.0,5000.0,3000.0,-7.5,-9.0,0.5,0.0,0.0,900.0,0.0,0.0,1.3619999999999608,7051.0,0
2.762,17620.0,14100.0,10568.0,17615.5,14096.5,10564.5,5000.0,4000.0,4000.0,-7.5,-10.0,0.5,0.0,0.0,900.0,0.0,0.0,1.3629999999999607,7052.0,0
2.763,17626.0,14104.0,10571.0,17620.5,14100.5,10568.5,6000.0,4000.0,3000.0,-5.833333333332121,-8.66666666666606,0.5,0.0,0.0,900.0,0.0,0.0,1.3639999999999606,7055.0,0
2.7640000000000002,17631.0,14108.0,10574.0,17626.5,14104.5,10571.5,5000.0,4000.0,3000.0,-6.833333333332121,-8.66666666666606,0.5,0.0,0.0,900.0,0.0,0.0,1.3649999999999605,7057.0,0
2.765,17636.0,14112.0,10577.0,17631.5,14108.5,10574.5,5000.0,4000.0,3000.0,-6.833333333332121,-8.66666666666606,0.5,0.0,0.0,900.0,0.0,0.0,1.3659999999999604,7059.0,0
2.766,17641.0,14116.0,10580.0,17636.5,14112.5,10577.5,5000.0,4000.0,3000.0,-6.833333333332121,-8.66666666666606,0.5,0.0,0.0,900.0,0.0,0.0,1.3669999999999602,7061.0,0
2.767,17646.0,14120.0,10583.0,17641.5,14116.5,10580.5,5000.0,4000.0,3000.0,-6.833333333332121,-8.66666666666606,0.5,0.0,0.0,900.0,0.0,0.0,1.3679999999999601,7063.0,0
2.7680000000000002,17651.0,14125.0,10586.0,17646.5,14120.5,10583.5,5000.0,5000.0,3000.0,-6.833333333332121,-8.66666666666606,0.5,0.0,0.0,900.0,0.0,0.0,1.36899999999996,7065.0,0
2.769,17657.0,14129.0,10589.0,17651.5,14125.5,10586.5,6000.0,4000.0,3000.0,-6.833333333332121,-9.66666666666606,0.5,0.0,0.0,900.0,0.0,0.0,1.36999999999996,7068.0,0
2.77,17662.0,14133.0,10593.0,17657.5,14129.5,10589.5,5000.0,4000.0,4000.0,-7.833333333332121,-9.66666666666606,0.5,0.0,0.0,900.0,0.0,0.0,1.3709999999999598,7069.0,0
2.771,17667.0,14137.0,10596.0,17662.5,14133.5,10593.5,5000.0,4000.0,3000.0,-6.166666666667879,-8.33333333333394,0.5,0.0,0.0,900.0,0.0,0.0,1.3719999999999597,7071.0,0
2.7720000000000002,17672.0,14141.0,10599.0,17667.5,14137.5,10596.5,5000.0,4000.0,3000.0,-6.166666666667879,-8.33333333333394,0.5,0.0,0.0,900.0,0.0,0.0,1.3729999999999596,7073.0,0
2.773,17677.0,14145.0,10602.0,17672.5,14141.5,10599.5,5000.0,4000.0,3000.0,-6.166666666667879,-8.33333333333394,0.5,0.0,0.0,900.0,0.0,0.0,1.3739999999999595,7075.0,0
2.774,17683.0,14149.0,10605.0,17677.5,14145.5,10602.5,6000.0,4000.0,3000.0,-6.166666666667879,-8.33333333333394,0.5,0.0,0.0,900.0,0.0,0.0,1.3749999999999594,7078.0,0
2.775,17688.0,14154.0,10608.0,17683.5,14149.5,10605.5,5000.0,5000.0,3000.0,-7.166666666667879,-8.33333333333394,0.5,0.0,0.0,900.0,0.0,0.0,1.3759999999999593,7080.0,0
2.7760000000000002,17693.0,14158.0,10611.0,17688.5,14154.5,10608.5,5000.0,4000.0,3000.0,-7.166666666667879,-9.33333333333394,0.5,0.0,0.0,900.0,0.0,0.0,1.3769999999999591,7082.0,0
2.777,17698.0,14162.0,10614.0,17693.5,14158.5,10611.5,5000.0,4000.0,3000.0,-7.166666666667879,-9.33333333333394,0.5,0.0,0.0,900.0,0.0,0.0,1.377999999999959,7084.0,0
2.778,17703.0,14166.0,10617.0,17698.5,14162.5,10614.5,5000.0,4000.0,3000.0,-7.166666666667879,-9.33333333333394,0.5,0.0,0.0,900.0,0.0,0.0,1.378999999999959,7086.0,0
2.779,17709.0,14170.0,10621.0,17703.5,14166.5,10617.5,6000.0,4000.0,4000.0,-7.166666666667879,-9.33333333333394,0.5,0.0,0.0,900.0,0.0,0.0,1.3799999999999588,7088.0,0
2.7800000000000002,17714.0,14174.0,10624.0,17709.5,14170.5,10621.5,5000.0,4000.0,3000.0,-6.5,-8.0,0.5,0.0,0.0,900.0,0.0,0.0,1.3809999999999587,7090.0,0
2.781,17719.0,14179.0,10627.0,17714.5,14174.5,10624.5,5000.0,5000.0,3000.0,-6.5,-8.0,0.5,0.0,0.0,900.0,0.0,0.0,1.3819999999999586,7092.0,0
2.782,17724.0,14183.0,10630.0,17719.5,14179.5,10627.5,5000.0,4000.0,3000.0,-6.5,-9.0,0.5,0.0,0.0,900.0,0.0,0.0,1.3829999999999585,7094.0,0
2.783,17729.0,14187.0,10633.0,17724.5,14183.5,10630.5,5000.0,4000.0,3000.0,-6.5,-9.0,0.5,0.0,0.0,900.0,0.0,0.0,1.3839999999999584,7096.0,0
2.7840000000000003,17735.0,14191.0,10636.0,17729.5,14187.5,10633.5,6000.0,4000.0,3000.0,-6.5,-9.0,0.5,0.0,0.0,900.0,0.0,0.0,1.3849999999999583,7099.0,0
2.785,17740.0,14195.0,10639.0,17735.5,14191.5,10636.5,5000.0,4000.0,3000.0,-7.5,-9.0,0.5,0.0,0.0,900.0,0.0,0.0,1.3859999999999582,7101.0,0
2.786,17745.0,14199.0,10642.0,17740.5,14195.5,10639.5,5000.0,4000.0,3000.0,-7.5,-9.0,0.5,0.0,0.0,900.0,0.0,0.0,1.386999999999958,7103.0,0
2.787,17750.0,14203.0,10646.0,17745.5,14199.5,10642.5,5000.0,4000.0,4000.0,-7.5,-9.0,0.5,0.0,0.0,900.0,0.0,0.0,1.387999999999958,7104.0,0
2.7880000000000003,17755.0,14208.0,10649.0,17750.5,14203.5,10646.5,5000.0,5000.0,3000.0,-5.833333333332121,-7.66666666666606,0.5,0.0,0.0,900.0,0.0,0.0,1.3889999999999578,7106.0,0
2.789,17761.0,14212.0,10652.0,17755.5,14208.5,10649.5,6000.0,4000.0,3000.0,-5.833333333332121,-8.66666666666606,0.5,0.0,0.0,900.0,0.0,0.0,1.3899999999999577,7109.0,0
2.79,17766.0,14216.0,10655.0,17761.5,14212.5,10652.5,5000.0,4000.0,3000.0,-6.833333333332121,-8.66666666666606,0.5,0.0,0.0,900.0,0.0,0.0,1.3909999999999576,7111.0,0
2.791,17771.0,14220.0,10658.0,17766.5,14216.5,10655.5,5000.0,4000.0,3000.0,-6.833333333332121,-8.66666666666606,0.5,0.0,0.0,900.0,0.0,0.0,1.3919999999999575,7113.0,0
2.7920000000000003,17776.0,14224.0,10661.0,17771.5,14220.5,10658.5,5000.0,4000.0,3000.0,-6.833333333332121,-8.66666666666606,0.5,0.0,0.0,900.0,0.0,0.0,1.3929999999999574,7115.0,0
2.793,17781.0,14228.0,10664.0,17776.5,14224.5,10661.5,5000.0,4000.0,3000.0,-6.833333333332121,-8.66666666666606,0.5,0.0,0.0,900.0,0.0,0.0,1.3939999999999573,7117.0,0
2.794,17786.0,14233.0,10667.0,17781.5,14228.5,10664.5,5000.0,5000.0,3000.0,-6.833333333332121,-8.66666666666606,0.5,0.0,0.0,900.0,0.0,0.0,1.3949999999999572,7119.0,0
2.795,17792.0,14237.0,10670.0,17786.5,14233.5,10667.5,6000.0,4000.0,3000.0,-6.833333333332121,-9.66666666666606,0.5,0.0,0.0,900.0,0.0,0.0,1.395999999999957,7122.0,0
2.7960000000000003,17797.0,14241.0,10674.0,17792.5,14237.5,10670.5,5000.0,4000.0,4000.0,-7.833333333332121,-9.66666666666606,0.5,0.0,0.0,900.0,0.0,0.0,1.396999999999957,7123.0,0
2.797,17802.0,14245.0,10677.0,17797.5,14241.5,10674.5,5000.0,4000.0,3000.0,-6.166666666667879,-8.33333333333394,0.5,0.0,0.0,900.0,0.0,0.0,1.3979999999999568,7125.0,0
2.798,17807.0,14249.0,10680.0,17802.5,14245.5,10677.5,5000.0,4000.0,3000.0,-6.166666666667879,-8.33333333333394,0.5,0.0,0.0,900.0,0.0,0.0,1.3989999999999567,7127.0,0
2.799,17812.0,14253.0,10683.0,17807.5,14249.5,10680.5,5000.0,4000.0,3000.0,-6.166666666667879,-8.33333333333394,0.5,0.0,0.0,900.0,0.0,0.0,1.3999999999999566,7129.0,0
2.8000000000000003,17818.0,14257.0,10686.0,17812.5,14253.5,10683.5,6000.0,4000.0,3000.0,-6.166666666667879,-8.33333333333394,0.5,0.0,0.0,900.0,0.0,0.0,1.4009999999999565,7132.0,0
2.801,17823.0,14262.0,10689.0,17818.5,14257.5,10686.5,5000.0,5000.0,3000.0,-7.166666666667879,-8.33333333333394,0.5,0.0,0.0,900.0,0.0,0.0,1.4019999999999564,7134.0,0
2.802,17828.0,14266.0,10692.0,17823.5,14262.5,10689.5,5000.0,4000.0,3000.0,-7.166666666667879,-9.33333333333394,0.5,0.0,0.0,900.0,0.0,0.0,1.4029999999999563,7136.0,0
2.803,17833.0,14270.0,10695.0,17828.5,14266.5,10692.5,5000.0,4000.0,3000.0,-7.166666666667879,-9.33333333333394,0.5,0.0,0.0,900.0,0.0,0.0,1.4039999999999562,7138.0,0
2.8040000000000003,17838.0,14274.0,10698.0,17833.5,14270.5,10695.5,5000.0,4000.0,3000.0,-7.166666666667879,-9.33333333333394,0.5,0.0,0.0,900.0,0.0,0.0,1.404999999999956,7140.0,0
2.805,17844.0,14278.0,10702.0,17838.5,14274.5,10698.5,6000.0,4000.0,4000.0,-7.166666666667879,-9.33333333333394,0.5,0.0,0.0,900.0,0.0,0.0,1.405999999999956,7142.0,0
2.806,17849.0,14282.0,10705.0,17844.5,14278.5,10702.5,5000.0,4000.0,3000.0,-6.5,-8.0,0.5,0.0,0.0,900.0,0.0,0.0,1.4069999999999558,7144.0,0
2.807,17854.0,14286.0,10708.0,17849.5,14282.5,10705.5,5000.0,4000.0,3000.0,-6.5,-8.0,0.5,0.0,0.0,900.0,0.0,0.0,1.4079999999999557,7146.0,0
2.8080000000000003,17859.0,14291.0,10711.0,17854.5,14286.5,10708.5,5000.0,5000.0,3000.0,-6.5,-8.0,0.5,0.0,0.0,900.0,0.0,0.0,1.4089999999999556,7148.0,0
2.809,17864.0,14295.0,10714.0,17859.5,14291.5,10711.5,5000.0,4000.0,3000.0,-6.5,-9.0,0.5,0.0,0.0,900.0,0.0,0.0,1.4099999999999555,7150.0,0
2.81,17870.0,14299.0,10717.0,17864.5,14295.5,10714.5,6000.0,4000.0,3000.0,-6.5,-9.0,0.5,0.0,0.0,900.0,0.0,0.0,1.4109999999999554,7153.0,0
2.811,17875.0,14303.0,10720.0,17870.5,14299.5,10717.5,5000.0,4000.0,3000.0,-7.5,-9.0,0.5,0.0,0.0,900.0,0.0,0.0,1.4119999999999553,7155.0,0
2.8120000000000003,17880.0,14307.0,10723.0,17875.5,14303.5,10720.5,5000.0,4000.0,3000.0,-7.5,-9.0,0.5,0.0,0.0,900.0,0.0,0.0,1.4129999999999552,7157.0,0
2.813,17885.0,14311.0,10727.0,17880.5,14307.5,10723.5,5000.0,4000.0,4000.0,-7.5,-9.0,0.5,0.0,0.0,900.0,0.0,0.0,1.413999999999955,7158.0,0
2.814,17890.0,14316.0,10730.0,17885.5,14311.5,10727.5,5000.0,5000.0,3000.0,-5.833333333332121,-7.66666666666606,0.5,0.0,0.0,900.0,0.0,0.0,1.414999999999955,7160.0,0
2.815,17895.0,14320.0,10733.0,17890.5,14316.5,10730.5,5000.0,4000.0,3000.0,-5.833333333332121,-8.66666666666606,0.5,0.0,0.0,900.0,0.0,0.0,1.4159999999999549,7162.0,0
2.816,17901.0,14324.0,10736.0,17895.5,14320.5,10733.5,6000.0,4000.0,3000.0,-5.833333333332121,-8.66666666666606,0.5,0.0,0.0,900.0,0.0,0.0,1.4169999999999547,7165.0,0
2.817,17906.0,14328.0,10739.0,17901.5,14324.5,10736.5,5000.0,4000.0,3000.0,-6.833333333332121,-8.66666666666606,0.5,0.0,0.0,900.0,0.0,0.0,1.4179999999999546,7167.0,0
2.818,17911.0,14332.0,10742.0,17906.5,14328.5,10739.5,5000.0,4000.0,3000.0,-6.833333333332121,-8.66666666666606,0.5,0.0,0.0,900.0,0.0,0.0,1.4189999999999545,7169.0,0
2.819,17916.0,14336.0,10745.0,17911.5,14332.5,10742.5,5000.0,4000.0,3000.0,-6.833333333332121,-8.66666666666606,0.5,0.0,0.0,900.0,0.0,0.0,1.4199999999999544,7171.0,0
2.82,17921.0,14340.0,10748.0,17916.5,14336.5,10745.5,5000.0,4000.0,3000.0,-6.833333333332121,-8.66666666666606,0.5,0.0,0.0,900.0,0.0,0.0,1.4209999999999543,7173.0,0
2.821,17927.0,14345.0,10751.0,17921.5,14340.5,10748.5,6000.0,5000.0,3000.0,-6.833333333332121,-8.66666666666606,0.5,0.0,0.0,900.0,0.0,0.0,1.4219999999999542,7176.0,0
2.822,17932.0,14349.0,10755.0,17927.5,14345.5,10751.5,5000.0,4000.0,4000.0,-7.833333333332121,-9.66666666666606,0.5,0.0,0.0,900.0,0.0,0.0,1.422999999999954,7177.0,0
2.823,17937.0,14353.0,10758.0,17932.5,14349.5,10755.5,5000.0,4000.0,3000.0,-6.166666666667879,-8.33333333333394,0.5,0.0,0.0,900.0,0.0,0.0,1.423999999999954,7179.0,0
2.824,17942.0,14357.0,10761.0,17937.5,14353.5,10758.5,5000.0,4000.0,3000.0,-6.166666666667879,-8.33333333333394,0.5,0.0,0.0,900.0,0.0,0.0,1.4249999999999539,7181.0,0
2.825,17947.0,14361.0,10764.0,17942.5,14357.5,10761.5,5000.0,4000.0,3000.0,-6.166666666667879,-8.33333333333394,0.5,0.0,0.0,900.0,0.0,0.0,1.4259999999999537,7183.0,0
2.826,17953.0,14365.0,10767.0,17947.5,14361.5,10764.5,6000.0,4000.0,3000.0,-6.166666666667879,-8.33333333333394,0.5,0.0,0.0,900.0,0.0,0.0,1.4269999999999536,7186.0,0
2.827,17958.0,14370.0,10770.0,17953.5,14365.5,10767.5,5000.0,5000.0,3000.0,-7.166666666667879,-8.33333333333394,0.5,0.0,0.0,900.0,0.0,0.0,1.4279999999999535,7188.0,0
2.828,17963.0,14374.0,10773.0,17958.5,14370.5,10770.5,5000.0,4000.0,3000.0,-7.166666666667879,-9.33333333333394,0.5,0.0,0.0,900.0,0.0,0.0,1.4289999999999534,7190.0,0
2.829,17968.0,14378.0,10776.0,17963.5,14374.5,10773.5,5000.0,4000.0,3000.0,-7.166666666667879,-9.33333333333394,0.5,0.0,0.0,900.0,0.0,0.0,1.4299999999999533,7192.0,0
2.83,17973.0,14382.0,10780.0,17968.5,14378.5,10776.5,5000.0,4000.0,4000.0,-7.166666666667879,-9.33333333333394,0.5,0.0,0.0,900.0,0.0,0.0,1.4309999999999532,7193.0,0
2.831,17979.0,14386.0,10783.0,17973.5,14382.5,10780.5,6000.0,4000.0,3000.0,-5.5,-8.0,0.5,0.0,0.0,900.0,0.0,0.0,1.431999999999953,7196.0,0
2.832,17984.0,14390.0,10786.0,17979.5,14386.5,10783.5,5000.0,4000.0,3000.0,-6.5,-8.0,0.5,0.0,0.0,900.0,0.0,0.0,1.432999999999953,7198.0,0
2.833,17989.0,14394.0,10789.0,17984.5,14390.5,10786.5,5000.0,4000.0,3000.0,-6.5,-8.0,0.5,0.0,0.0,900.0,0.0,0.0,1.4339999999999529,7200.0,0
2.834,17994.0,14399.0,10792.0,17989.5,14394.5,10789.5,5000.0,5000.0,3000.0,-6.5,-8.0,0.5,0.0,0.0,900.0,0.0,0.0,1.4349999999999528,7202.0,0
2.835,17999.0,14403.0,10795.0,17994.5,14399.5,10792.5,5000.0,4000.0,3000.0,-6.5,-9.0,0.5,0.0,0.0,900.0,0.0,0.0,1.4359999999999526,7204.0,0
2.836,18004.0,14407.0,10798.0,17999.5,14403.5,10795.5,5000.0,4000.0,3000.0,-6.5,-9.0,0.5,0.0,0.0,900.0,0.0,0.0,1.4369999999999525,7206.0,0
2.837,18010.0,14411.0,10801.0,18004.5,14407.5,10798.5,6000.0,4000.0,3000.0,-6.5,-9.0,0.5,0.0,0.0,900.0,0.0,0.0,1.4379999999999524,7209.0,0
2.838,18015.0,14415.0,10804.0,18010.5,14411.5,10801.5,5000.0,4000.0,3000.0,-7.5,-9.0,0.5,0.0,0.0,900.0,0.0,0.0,1.4389999999999523,7211.0,0
2.839,18020.0,14419.0,10808.0,18015.5,14415.5,10804.5,5000.0,4000.0,4000.0,-7.5,-9.0,0.5,0.0,0.0,900.0,0.0,0.0,1.4399999999999522,7212.0,0
2.84,18025.0,14424.0,10811.0,18020.5,14419.5,10808.5,5000.0,5000.0,3000.0,-5.833333333332121,-7.66666666666606,0.5,0.0,0.0,900.0,0.0,0.0,1.440999999999952,7214.0,0
2.841,18030.0,14428.0,10814.0,18025.5,14424.5,10811.5,5000.0,4000.0,3000.0,-5.833333333332121,-8.66666666666606,0.5,0.0,0.0,900.0,0.0,0.0,1.441999999999952,7216.0,0
2.842,18036.0,14432.0,10817.0,18030.5,14428.5,10814.5,6000.0,4000.0,3000.0,-5.833333333332121,-8.66666666666606,0.5,0.0,0.0,900.0,0.0,0.0,1.4429999999999519,7219.0,0
2.843,18041.0,14436.0,10820.0,18036.5,14432.5,10817.5,5000.0,4000.0,3000.0,-6.833333333332121,-8.66666666666606,0.5,0.0,0.0,900.0,0.0,0.0,1.4439999999999518,7221.0,0
2.844,18046.0,14440.0,10823.0,18041.5,14436.5,10820.5,5000.0,4000.0,3000.0,-6.833333333332121,-8.66666666666606,0.5,0.0,0.0,900.0,0.0,0.0,1.4449999999999517,7223.0,0
2.845,18051.0,14444.0,10826.0,18046.5,14440.5,10823.5,5000.0,4000.0,3000.0,-6.833333333332121,-8.66666666666606,0.5,0.0,0.0,900.0,0.0,0.0,1.4459999999999515,7225.0,0
2.846,18056.0,14448.0,10829.0,18051.5,14444.5,10826.5,5000.0,4000.0,3000.0,-6.833333333332121,-8.66666666666606,0.5,0.0,0.0,900.0,0.0,0.0,1.4469999999999514,7227.0,0
2.847,18062.0,14453.0,10833.0,18056.5,14448.5,10829.5,6000.0,5000.0,4000.0,-6.833333333332121,-8.66666666666606,0.5,0.0,0.0,900.0,0.0,0.0,1.4479999999999513,7229.0,0
2.848,18067.0,14457.0,10836.0,18062.5,14453.5,10833.5,5000.0,4000.0,3000.0,-6.166666666667879,-8.33333333333394,0.5,0.0,0.0,900.0,0.0,0.0,1.4489999999999512,7231.0,0
2.849,18072.0,14461.0,10839.0,18067.5,14457.5,10836.5,5000.0,4000.0,3000.0,-6.166666666667879,-8.33333333333394,0.5,0.0,0.0,900.0,0.0,0.0,1.449999999999951,7233.0,0
2.85,18077.0,14465.0,10842.0,18072.5,14461.5,10839.5,5000.0,4000.0,3000.0,-6.166666666667879,-8.33333333333394,0.5,0.0,0.0,900.0,0.0,0.0,1.450999999999951,7235.0,0
2.851,18082.0,14469.0,10845.0,18077.5,14465.5,10842.5,5000.0,4000.0,3000.0,-6.166666666667879,-8.33333333333394,0.5,0.0,0.0,900.0,0.0,0.0,1.4519999999999509,7237.0,0
2.852,18088.0,14473.0,10848.0,18082.5,14469.5,10845.5,6000.0,4000.0,3000.0,-6.166666666667879,-8.33333333333394,0.5,0.0,0.0,900.0,0.0,0.0,1.4529999999999508,7240.0,0
2.853,18093.0,14477.0,10851.0,18088.5,14473.5,10848.5,5000.0,4000.0,3000.0,-7.166666666667879,-8.33333333333394,0.5,0.0,0.0,900.0,0.0,0.0,1.4539999999999507,7242.0,0
2.854,18098.0,14482.0,10854.0,18093.5,14477.5,10851.5,5000.0,5000.0,3000.0,-7.166666666667879,-8.33333333333394,0.5,0.0,0.0,900.0,0.0,0.0,1.4549999999999506,7244.0,0
2.855,18103.0,14486.0,10857.0,18098.5,14482.5,10854.5,5000.0,4000.0,3000.0,-7.166666666667879,-9.33333333333394,0.5,0.0,0.0,900.0,0.0,0.0,1.4559999999999504,7246.0,0
2.856,18108.0,14490.0,10861.0,18103.5,14486.5,10857.5,5000.0,4000.0,4000.0,-7.166666666667879,-9.33333333333394,0.5,0.0,0.0,900.0,0.0,0.0,1.4569999999999503,7247.0,0
2.857,18113.0,14494.0,10864.0,18108.5,14490.5,10861.5,5000.0,4000.0,3000.0,-5.5,-8.0,0.5,0.0,0.0,900.0,0.0,0.0,1.4579999999999502,7249.0,0
2.858,18119.0,14498.0,10867.0,18113.5,14494.5,10864.5,6000.0,4000.0,3000.0,-5.5,-8.0,0.5,0.0,0.0,900.0,0.0,0.0,1.4589999999999501,7252.0,0
2.859,18124.0,14502.0,10870.0,18119.5,14498.5,10867.5,5000.0,4000.0,3000.0,-6.5,-8.0,0.5,0.0,0.0,900.0,0.0,0.0,1.45999999999995,7254.0,0
2.86,18129.0,14507.0,10873.0,18124.5,14502.5,10870.5,5000.0,5000.0,3000.0,-6.5,-8.0,0.5,0.0,0.0,900.0,0.0,0.0,1.46099999999995,7256.0,0
2.861,18134.0,14511.0,10876.0,18129.5,14507.5,10873.5,5000.0,4000.0,3000.0,-6.5,-9.0,0.5,0.0,0.0,900.0,0.0,0.0,1.4619999999999498,7258.0,0
2.862,18139.0,14515.0,10879.0,18134.5,14511.5,10876.5,5000.0,4000.0,3000.0,-6.5,-9.0,0.5,0.0,0.0,900.0,0.0,0.0,1.4629999999999497,7260.0,0
2.863,18145.0,14519.0,10882.0,18139.5,14515.5,10879.5,6000.0,4000.0,3000.0,-6.5,-9.0,0.5,0.0,0.0,900.0,0.0,0.0,1.4639999999999496,7263.0,0
2.864,18150.0,14523.0,10885.0,18145.5,14519.5,10882.5,5000.0,4000.0,3000.0,-7.5,-9.0,0.5,0.0,0.0,900.0,0.0,0.0,1.4649999999999495,7265.0,0
2.865,18155.0,14527.0,10889.0,18150.5,14523.5,10885.5,5000.0,4000.0,4000.0,-7.5,-9.0,0.5,0.0,0.0,900.0,0.0,0.0,1.4659999999999493,7266.0,0
2.866,18160.0,14531.0,10892.0,18155.5,14527.5,10889.5,5000.0,4000.0,3000.0,-5.833333333332121,-7.66666666666606,0.5,0.0,0.0,900.0,0.0,0.0,1.4669999999999492,7268.0,0
2.867,18165.0,14536.0,10895.0,18160.5,14531.5,10892.5,5000.0,5000.0,3000.0,-5.833333333332121,-7.66666666666606,0.5,0.0,0.0,900.0,0.0,0.0,1.4679999999999491,7270.0,0
2.868,18171.0,14540.0,10898.0,18165.5,14536.5,10895.5,6000.0,4000.0,3000.0,-5.833333333332121,-8.66666666666606,0.5,0.0,0.0,900.0,0.0,0.0,1.468999999999949,7273.0,0
2.869,18176.0,14544.0,10901.0,18171.5,14540.5,10898.5,5000.0,4000.0,3000.0,-6.833333333332121,-8.66666666666606,0.5,0.0,0.0,900.0,0.0,0.0,1.469999999999949,7275.0,0
2.87,18181.0,14548.0,10904.0,18176.5,14544.5,10901.5,5000.0,4000.0,3000.0,-6.833333333332121,-8.66666666666606,0.5,0.0,0.0,900.0,0.0,0.0,1.4709999999999488,7277.0,0
2.871,18186.0,14552.0,10907.0,18181.5,14548.5,10904.5,5000.0,4000.0,3000.0,-6.833333333332121,-8.66666666666606,0.5,0.0,0.0,900.0,0.0,0.0,1.4719999999999487,7279.0,0
2.872,18191.0,14556.0,10910.0,18186.5,14552.5,10907.5,5000.0,4000.0,3000.0,-6.833333333332121,-8.66666666666606,0.5,0.0,0.0,900.0,0.0,0.0,1.4729999999999486,7281.0,0
2.873,18197.0,14561.0,10914.0,18191.5,14556.5,10910.5,6000.0,5000.0,4000.0,-6.833333333332121,-8.66666666666606,0.5,0.0,0.0,900.0,0.0,0.0,1.4739999999999485,7283.0,0
2.874,18202.0,14565.0,10917.0,18197.5,14561.5,10914.5,5000.0,4000.0,3000.0,-6.166666666667879,-8.33333333333394,0.5,0.0,0.0,900.0,0.0,0.0,1.4749999999999484,7285.0,0
2.875,18207.0,14569.0,10920.0,18202.5,14565.5,10917.5,5000.0,4000.0,3000.0,-6.166666666667879,-8.33333333333394,0.5,0.0,0.0,900.0,0.0,0.0,1.4759999999999482,7287.0,0
2.876,18212.0,14573.0,10923.0,18207.5,14569.5,10920.5,5000.0,4000.0,3000.0,-6.166666666667879,-8.33333333333394,0.5,0.0,0.0,900.0,0.0,0.0,1.4769999999999481,7289.0,0
2.8770000000000002,18217.0,14577.0,10926.0,18212.5,14573.5,10923.5,5000.0,4000.0,3000.0,-6.166666666667879,-8.33333333333394,0.5,0.0,0.0,900.0,0.0,0.0,1.477999999999948,7291.0,0
2.878,18222.0,14581.0,10929.0,18217.5,14577.5,10926.5,5000.0,4000.0,3000.0,-6.166666666667879,-8.33333333333394,0.5,0.0,0.0,900.0,0.0,0.0,1.478999999999948,7293.0,0
2.879,18228.0,14585.0,10932.0,18222.5,14581.5,10929.5,6000.0,4000.0,3000.0,-6.166666666667879,-8.33333333333394,0.5,0.0,0.0,900.0,0.0,0.0,1.4799999999999478,7296.0,0
2.88,18233.0,14590.0,10935.0,18228.5,14585.5,10932.5,5000.0,5000.0,3000.0,-7.166666666667879,-8.33333333333394,0.5,0.0,0.0,900.0,0.0,0.0,1.4809999999999477,7298.0,0
2.8810000000000002,18238.0,14594.0,10938.0,18233.5,14590.5,10935.5,5000.0,4000.0,3000.0,-7.166666666667879,-9.33333333333394,0.5,0.0,0.0,900.0,0.0,0.0,1.4819999999999476,7300.0,0
2.882,18243.0,14598.0,10942.0,18238.5,14594.5,10938.5,5000.0,4000.0,4000.0,-7.166666666667879,-9.33333333333394,0.5,0.0,0.0,900.0,0.0,0.0,1.4829999999999475,7301.0,0
2.883,18248.0,14602.0,10945.0,18243.5,14598.5,10942.5,5000.0,4000.0,3000.0,-5.5,-8.0,0.5,0.0,0.0,900.0,0.0,0.0,1.4839999999999474,7303.0,0
2.884,18254.0,14606.0,10948.0,18248.5,14602.5,10945.5,6000.0,4000.0,3000.0,-5.5,-8.0,0.5,0.0,0.0,900.0,0.0,0.0,1.4849999999999473,7306.0,0
2.8850000000000002,18259.0,14610.0,10951.0,18254.5,14606.5,10948.5,5000.0,4000.0,3000.0,-6.5,-8.0,0.5,0.0,0.0,900.0,0.0,0.0,1.4859999999999471,7308.0,0
2.886,18264.0,14615.0,10954.0,18259.5,14610.5,10951.5,5000.0,5000.0,3000.0,-6.5,-8.0,0.5,0.0,0.0,900.0,0.0,0.0,1.486999999999947,7310.0,0
2.887,18269.0,14619.0,10957.0,18264.5,14615.5,10954.5,5000.0,4000.0,3000.0,-6.5,-9.0,0.5,0.0,0.0,900.0,0.0,0.0,1.487999999999947,7312.0,0
2.888,18274.0,14623.0,10960.0,18269.5,14619.5,10957.5,5000.0,4000.0,3000.0,-6.5,-9.0,0.5,0.0,0.0,900.0,0.0,0.0,1.4889999999999468,7314.0,0
2.8890000000000002,18280.0,14627.0,10963.0,18274.5,14623.5,10960.5,6000.0,4000.0,3000.0,-6.5,-9.0,0.5,0.0,0.0,900.0,0.0,0.0,1.4899999999999467,7317.0,0
2.89,18285.0,14631.0,10967.0,18280.5,14627.5,10963.5,5000.0,4000.0,4000.0,-7.5,-9.0,0.5,0.0,0.0,900.0,0.0,0.0,1.4909999999999466,7318.0,0
2.891,18290.0,14635.0,10970.0,18285.5,14631.5,10967.5,5000.0,4000.0,3000.0,-5.833333333332121,-7.66666666666606,0.5,0.0,0.0,900.0,0.0,0.0,1.4919999999999465,7320.0,0
2.892,18295.0,14639.0,10973.0,18290.5,14635.5,10970.5,5000.0,4000.0,3000.0,-5.833333333332121,-7.66666666666606,0.5,0.0,0.0,900.0,0.0,0.0,1.4929999999999464,7322.0,0
2.8930000000000002,18300.0,14644.0,10976.0,18295.5,14639.5,10973.5,5000.0,5000.0,3000.0,-5.833333333332121,-7.66666666666606,0.5,0.0,0.0,900.0,0.0,0.0,1.4939999999999463,7324.0,0
2.894,18306.0,14648.0,10979.0,18300.5,14644.5,10976.5,6000.0,4000.0,3000.0,-5.833333333332121,-8.66666666666606,0.5,0.0,0.0,900.0,0.0,0.0,1.4949999999999461,7327.0,0
2.895,18311.0,14652.0,10982.0,18306.5,14648.5,10979.5,5000.0,4000.0,3000.0,-6.833333333332121,-8.66666666666606,0.5,0.0,0.0,900.0,0.0,0.0,1.495999999999946,7329.0,0
2.896,18316.0,14656.0,10985.0,18311.5,14652.5,10982.5,5000.0,4000.0,3000.0,-6.833333333332121,-8.66666666666606,0.5,0.0,0.0,900.0,0.0,0.0,1.496999999999946,7331.0,0
2.8970000000000002,18321.0,14660.0,10988.0,18316.5,14656.5,10985.5,5000.0,4000.0,3000.0,-6.833333333332121,-8.66666666666606,0.5,0.0,0.0,900.0,0.0,0.0,1.4979999999999458,7333.0,0
2.898,18326.0,14664.0,10991.0,18321.5,14660.5,10988.5,5000.0,4000.0,3000.0,-6.833333333332121,-8.66666666666606,0.5,0.0,0.0,900.0,0.0,0.0,1.4989999999999457,7335.0,0
2.899,18332.0,14668.0,10995.0,18326.5,14664.5,10991.5,6000.0,4000.0,4000.0,-6.833333333332121,-8.66666666666606,0.5,0.0,0.0,900.0,0.0,0.0,1.4999999999999456,7337.0,0
2.9,18337.0,14673.0,10998.0,18332.5,14668.5,10995.5,5000.0,5000.0,3000.0,-6.166666666667879,-7.33333333333394,0.5,0.0,0.0,900.0,0.0,0.0,1.5009999999999455,7339.0,0
2.9010000000000002,18342.0,14677.0,11001.0,18337.5,14673.5,10998.5,5000.0,4000.0,3000.0,-6.166666666667879,-8.33333333333394,0.5,0.0,0.0,900.0,0.0,0.0,1.5019999999999454,7341.0,0
2.902,18347.0,14681.0,11004.0,18342.5,14677.5,11001.5,5000.0,4000.0,3000.0,-6.166666666667879,-8.33333333333394,0.5,0.0,0.0,900.0,0.0,0.0,1.5029999999999453,7343.0,0
2.903,18352.0,14685.0,11007.0,18347.5,14681.5,11004.5,5000.0,4000.0,3000.0,-6.166666666667879,-8.33333333333394,0.5,0.0,0.0,900.0,0.0,0.0,1.5039999999999452,7345.0,0
2.904,18357.0,14689.0,11010.0,18352.5,14685.5,11007.5,5000.0,4000.0,3000.0,-6.166666666667879,-8.33333333333394,0.5,0.0,0.0,900.0,0.0,0.0,1.504999999999945,7347.0,0
2.9050000000000002,18363.0,14693.0,11013.0,18357.5,14689.5,11010.5,6000.0,4000.0,3000.0,-6.166666666667879,-8.33333333333394,0.5,0.0,0.0,900.0,0.0,0.0,1.505999999999945,7350.0,0
2.906,18368.0,14698.0,11016.0,18363.5,14693.5,11013.5,5000.0,5000.0,3000.0,-7.166666666667879,-8.33333333333394,0.5,0.0,0.0,900.0,0.0,0.0,1.5069999999999448,7352.0,0
2.907,18373.0,14702.0,11020.0,18368.5,14698.5,11016.5,5000.0,4000.0,4000.0,-7.166666666667879,-9.33333333333394,0.5,0.0,0.0,900.0,0.0,0.0,1.5079999999999447,7353.0,0
2.908,18378.0,14706.0,11023.0,18373.5,14702.5,11020.5,5000.0,4000.0,3000.0,-5.5,-8.0,0.5,0.0,0.0,900.0,0.0,0.0,1.5089999999999446,7355.0,0
2.9090000000000003,18383.0,14710.0,11026.0,18378.5,14706.5,11023.5,5000.0,4000.0,3000.0,-5.5,-8.0,0.5,0.0,0.0,900.0,0.0,0.0,1.5099999999999445,7357.0,0
2.91,18389.0,14714.0,11029.0,18383.5,14710.5,11026.5,6000.0,4000.0,3000.0,-5.5,-8.0,0.5,0.0,0.0,900.0,0.0,0.0,1.5109999999999444,7360.0,0
2.911,18394.0,14718.0,11032.0,18389.5,14714.5,11029.5,5000.0,4000.0,3000.0,-6.5,-8.0,0.5,0.0,0.0,900.0,0.0,0.0,1.5119999999999443,7362.0,0
2.912,18399.0,14722.0,11035.0,18394.5,14718.5,11032.5,5000.0,4000.0,3000.0,-6.5,-8.0,0.5,0.0,0.0,900.0,0.0,0.0,1.5129999999999442,7364.0,0
2.9130000000000003,18404.0,14727.0,11038.0,18399.5,14722.5,11035.5,5000.0,5000.0,3000.0,-6.5,-8.0,0.5,0.0,0.0,900.0,0.0,0.0,1.513999999999944,7366.0,0
2.914,18409.0,14731.0,11041.0,18404.5,14727.5,11038.5,5000.0,4000.0,3000.0,-6.5,-9.0,0.5,0.0,0.0,900.0,0.0,0.0,1.514999999999944,7368.0,0
2.915,18415.0,14735.0,11044.0,18409.5,14731.5,11041.5,6000.0,4000.0,3000.0,-6.5,-9.0,0.5,0.0,0.0,900.0,0.0,0.0,1.5159999999999438,7371.0,0
2.916,18420.0,14739.0,11048.0,18415.5,14735.5,11044.5,5000.0,4000.0,4000.0,-7.5,-9.0,0.5,0.0,0.0,900.0,0.0,0.0,1.5169999999999437,7372.0,0
2.9170000000000003,18425.0,14743.0,11051.0,18420.5,14739.5,11048.5,5000.0,4000.0,3000.0,-5.833333333332121,-7.66666666666606,0.5,0.0,0.0,900.0,0.0,0.0,1.5179999999999436,7374.0,0
2.918,18430.0,14747.0,11054.0,18425.5,14743.5,11051.5,5000.0,4000.0,3000.0,-5.833333333332121,-7.66666666666606,0.5,0.0,0.0,900.0,0.0,0.0,1.5189999999999435,7376.0,0
2.919,18435.0,14752.0,11057.0,18430.5,14747.5,11054.5,5000.0,5000.0,3000.0,-5.833333333332121,-7.66666666666606,0.5,0.0,0.0,900.0,0.0,0.0,1.5199999999999434,7378.0,0
2.92,18441.0,14756.0,11060.0,18435.5,14752.5,11057.5,6000.0,4000.0,3000.0,-5.833333333332121,-8.66666666666606,0.5,0.0,0.0,900.0,0.0,0.0,1.5209999999999433,7381.0,0
2.9210000000000003,18446.0,14760.0,11063.0,18441.5,14756.5,11060.5,5000.0,4000.0,3000.0,-6.833333333332121,-8.66666666666606,0.5,0.0,0.0,900.0,0.0,0.0,1.5219999999999432,7383.0,0
2.922,18451.0,14764.0,11066.0,18446.5,14760.5,11063.5,5000.0,4000.0,3000.0,-6.833333333332121,-8.66666666666606,0.5,0.0,0.0,900.0,0.0,0.0,1.522999999999943,7385.0,0
2.923,18456.0,14768.0,11069.0,18451.5,14764.5,11066.5,5000.0,4000.0,3000.0,-6.833333333332121,-8.66666666666606,0.5,0.0,0.0,900.0,0.0,0.0,1.523999999999943,7387.0,0
2.924,18461.0,14772.0,11072.0,18456.5,14768.5,11069.5,5000.0,4000.0,3000.0,-6.833333333332121,-8.66666666666606,0.5,0.0,0.0,900.0,0.0,0.0,1.5249999999999428,7389.0,0
2.9250000000000003,18466.0,14776.0,11076.0,18461.5,14772.5,11072.5,5000.0,4000.0,4000.0,-6.833333333332121,-8.66666666666606,0.5,0.0,0.0,900.0,0.0,0.0,1.5259999999999427,7390.0,0
2.926,18472.0,14781.0,11079.0,18466.5,14776.5,11076.5,6000.0,5000.0,3000.0,-5.166666666667879,-7.33333333333394,0.5,0.0,0.0,900.0,0.0,0.0,1.5269999999999426,7393.0,0
2.927,18477.0,14785.0,11082.0,18472.5,14781.5,11079.5,5000.0,4000.0,3000.0,-6.166666666667879,-8.33333333333394,0.5,0.0,0.0,900.0,0.0,0.0,1.5279999999999425,7395.0,0
2.928,18482.0,14789.0,11085.0,18477.5,14785.5,11082.5,5000.0,4000.0,3000.0,-6.166666666667879,-8.33333333333394,0.5,0.0,0.0,900.0,0.0,0.0,1.5289999999999424,7397.0,0
2.9290000000000003,18487.0,14793.0,11088.0,18482.5,14789.5,11085.5,5000.0,4000.0,3000.0,-6.166666666667879,-8.33333333333394,0.5,0.0,0.0,900.0,0.0,0.0,1.5299999999999423,7399.0,0
2.93,18492.0,14797.0,11091.0,18487.5,14793.5,11088.5,5000.0,4000.0,3000.0,-6.166666666667879,-8.33333333333394,0.5,0.0,0.0,900.0,0.0,0.0,1.5309999999999422,7401.0,0
2.931,18498.0,14801.0,11094.0,18492.5,14797.5,11091.5,6000.0,4000.0,3000.0,-6.166666666667879,-8.33333333333394,0.5,0.0,0.0,900.0,0.0,0.0,1.531999999999942,7404.0,0
2.932,18503.0,14806.0,11097.0,18498.5,14801.5,11094.5,5000.0,5000.0,3000.0,-7.166666666667879,-8.33333333333394,0.5,0.0,0.0,900.0,0.0,0.0,1.532999999999942,7406.0,0
2.9330000000000003,18508.0,14810.0,11101.0,18503.5,14806.5,11097.5,5000.0,4000.0,4000.0,-7.166666666667879,-9.33333333333394,0.5,0.0,0.0,900.0,0.0,0.0,1.5339999999999419,7407.0,0
2.934,18513.0,14814.0,11104.0,18508.5,14810.5,11101.5,5000.0,4000.0,3000.0,-5.5,-8.0,0.5,0.0,0.0,900.0,0.0,0.0,1.5349999999999417,7409.0,0
2.935,18518.0,14818.0,11107.0,18513.5,14814.5,11104.5,5000.0,4000.0,3000.0,-5.5,-8.0,0.5,0.0,0.0,900.0,0.0,0.0,1.5359999999999416,7411.0,0
2.936,18524.0,14822.0,11110.0,18518.5,14818.5,11107.5,6000.0,4000.0,3000.0,-5.5,-8.0,0.5,0.0,0.0,900.0,0.0,0.0,1.5369999999999415,7414.0,0
2.9370000000000003,18529.0,14826.0,11113.0,18524.5,14822.5,11110.5,5000.0,4000.0,3000.0,-6.5,-8.0,0.5,0.0,0.0,900.0,0.0,0.0,1.5379999999999414,7416.0,0
2.938,18534.0,14830.0,11116.0,18529.5,14826.5,11113.5,5000.0,4000.0,3000.0,-6.5,-8.0,0.5,0.0,0.0,900.0,0.0,0.0,1.5389999999999413,7418.0,0
2.939,18539.0,14835.0,11119.0,18534.5,14830.5,11116.5,5000.0,5000.0,3000.0,-6.5,-8.0,0.5,0.0,0.0,900.0,0.0,0.0,1.5399999999999412,7420.0,0
2.94,18544.0,14839.0,11122.0,18539.5,14835.5,11119.5,5000.0,4000.0,3000.0,-6.5,-9.0,0.5,0.0,0.0,900.0,0.0,0.0,1.540999999999941,7422.0,0
2.9410000000000003,18550.0,14843.0,11125.0,18544.5,14839.5,11122.5,6000.0,4000.0,3000.0,-6.5,-9.0,0.5,0.0,0.0,900.0,0.0,0.0,1.541999999999941,7425.0,0
2.942,18555.0,14847.0,11129.0,18550.5,14843.5,11125.5,5000.0,4000.0,4000.0,-7.5,-9.0,0.5,0.0,0.0,900.0,0.0,0.0,1.5429999999999409,7426.0,0
2.943,18560.0,14851.0,11132.0,18555.5,14847.5,11129.5,5000.0,4000.0,3000.0,-5.833333333332121,-7.66666666666606,0.5,0.0,0.0,900.0,0.0,0.0,1.5439999999999408,7428.0,0
2.944,18565.0,14855.0,11135.0,18560.5,14851.5,11132.5,5000.0,4000.0,3000.0,-5.833333333332121,-7.66666666666606,0.5,0.0,0.0,900.0,0.0,0.0,1.5449999999999406,7430.0,0
2.945,18570.0,14860.0,11138.0,18565.5,14855.5,11135.5,5000.0,5000.0,3000.0,-5.833333333332121,-7.66666666666606,0.5,0.0,0.0,900.0,0.0,0.0,1.5459999999999405,7432.0,0
2.946,18575.0,14864.0,11141.0,18570.5,14860.5,11138.5,5000.0,4000.0,3000.0,-5.833333333332121,-8.66666666666606,0.5,0.0,0.0,900.0,0.0,0.0,1.5469999999999404,7434.0,0
2.947,18581.0,14868.0,11144.0,18575.5,14864.5,11141.5,6000.0,4000.0,3000.0,-5.833333333332121,-8.66666666666606,0.5,0.0,0.0,900.0,0.0,0.0,1.5479999999999403,7437.0,0
2.948,18586.0,14872.0,11147.0,18581.5,14868.5,11144.5,5000.0,4000.0,3000.0,-6.833333333332121,-8.66666666666606,0.5,0.0,0.0,900.0,0.0,0.0,1.5489999999999402,7439.0,0
2.949,18591.0,14876.0,11150.0,18586.5,14872.5,11147.5,5000.0,4000.0,3000.0,-6.833333333332121,-8.66666666666606,0.5,0.0,0.0,900.0,0.0,0.0,1.54999999999994,7441.0,0
2.95,18596.0,14880.0,11154.0,18591.5,14876.5,11150.5,5000.0,4000.0,4000.0,-6.833333333332121,-8.66666666666606,0.5,0.0,0.0,0.0,0.0,0.0,0.0,7442.0,0
2.951,18601.0,14884.0,11158.0,18596.5,14880.5,11154.5,5000.0,4000.0,4000.0,-5.166666666667879,-7.33333333333394,0.5,0.0,0.0,0.0,0.0,0.0,0.0,7443.0,0
2.952,18607.0,14889.0,11162.0,18601.5,14884.5,11158.5,6000.0,5000.0,4000.0,-3.5,-6.0,0.5,0.0,0.0,0.0,0.0,0.0,0.0,7445.0,0
2.953,18612.0,14893.0,11166.0,18607.5,14889.5,11162.5,5000.0,4000.0,4000.0,-2.8333333333321207,-5.66666666666606,0.5,0.0,0.0,0.0,0.0,0.0,0.0,7446.0,0
2.954,18617.0,14897.0,11170.0,18612.5,14893.5,11166.5,5000.0,4000.0,4000.0,-1.1666666666678793,-4.33333333333394,0.5,0.0,0.0,0.0,0.0,0.0,0.0,7447.0,0
2.955,18622.0,14901.0,11175.0,18617.5,14897.5,11170.5,5000.0,4000.0,5000.0,0.5,-3.0,0.5,0.0,0.0,0.0,0.0,0.0,0.0,7447.0,0
2.956,18627.0,14905.0,11179.0,18622.5,14901.5,11175.5,5000.0,4000.0,4000.0,0.5,-3.0,-1.5,0.0,0.0,0.0,0.0,0.0,0.0,7448.0,0
2.957,18633.0,14909.0,11183.0,18627.5,14905.5,11179.5,6000.0,4000.0,4000.0,0.5,-3.0,-2.5,0.0,0.0,0.0,0.0,0.0,0.0,7450.0,0
2.958,18638.0,14913.0,11187.0,18633.5,14909.5,11183.5,5000.0,4000.0,4000.0,0.5,-2.2000000000007276,-2.899999999999636,0.0,0.0,0.0,0.0,0.0,0.0,7451.0,0
2.959,18643.0,14918.0,11191.0,18638.5,14913.5,11187.5,5000.0,5000.0,4000.0,0.5,-2.2000000000007276,-3.899999999999636,0.0,0.0,0.0,0.0,0.0,0.0,7452.0,0
2.96,18648.0,14922.0,11195.0,18643.5,14918.5,11191.5,5000.0,4000.0,4000.0,0.5,-3.2000000000007276,-4.899999999999636,0.0,0.0,0.0,0.0,0.0,0.0,7453.0,0
2.961,18653.0,14926.0,11199.0,18648.5,14922.5,11195.5,5000.0,4000.0,4000.0,0.5,-3.2000000000007276,-5.899999999999636,0.0,0.0,0.0,0.0,0.0,0.0,7454.0,0
2.962,18659.0,14930.0,11203.0,18653.5,14926.5,11199.5,6000.0,4000.0,4000.0,0.5,-3.2000000000007276,-6.899999999999636,0.0,0.0,0.0,0.0,0.0,0.0,7456.0,0
2.963,18664.0,14934.0,11207.0,18659.5,14930.5,11203.5,5000.0,4000.0,4000.0,0.5,-2.399999999999636,-7.299999999999272,0.0,0.0,0.0,0.0,0.0,0.0,7457.0,0
2.964,18669.0,14938.0,11211.0,18664.5,14934.5,11207.5,5000.0,4000.0,4000.0,0.5,-2.399999999999636,-8.299999999999272,0.0,0.0,0.0,0.0,0.0,0.0,7458.0,0
2.965,18674.0,14943.0,11215.0,18669.5,14938.5,11211.5,5000.0,5000.0,4000.0,0.5,-2.399999999999636,-9.299999999999272,0.0,0.0,0.0,0.0,0.0,0.0,7459.0,0
2.966,18679.0,14947.0,11219.0,18674.5,14943.5,11215.5,5000.0,4000.0,4000.0,0.5,-3.399999999999636,-10.299999999999272,0.0,0.0,0.0,0.0,0.0,0.0,7460.0,0
2.967,18684.0,14951.0,11222.0,18679.5,14947.5,11219.5,5000.0,4000.0,3000.0,0.5,-3.399999999999636,-11.299999999999272,0.0,0.0,0.0,0.0,0.0,0.0,7462.0,0
2.968,18690.0,14955.0,11226.0,18684.5,14951.5,11222.5,6000.0,4000.0,4000.0,0.5,-3.399999999999636,-11.299999999999272,0.0,0.0,0.0,0.0,0.0,0.0,7464.0,0
2.969,18695.0,14959.0,11230.0,18690.5,14955.5,11226.5,5000.0,4000.0,4000.0,0.5,-2.600000000000364,-11.700000000000728,0.0,0.0,0.0,0.0,0.0,0.0,7465.0,0
2.97,18700.0,14963.0,11233.0,18695.5,14959.5,11230.5,5000.0,4000.0,3000.0,0.5,-2.600000000000364,-12.700000000000728,0.0,0.0,0.0,0.0,0.0,0.0,7467.0,0
2.971,18705.0,14967.0,11237.0,18700.5,14963.5,11233.5,5000.0,4000.0,4000.0,0.5,-2.600000000000364,-12.700000000000728,0.0,0.0,0.0,0.0,0.0,0.0,7468.0,0
2.972,18710.0,14972.0,11240.0,18705.5,14967.5,11237.5,5000.0,5000.0,3000.0,0.5,-2.600000000000364,-13.700000000000728,0.0,0.0,0.0,0.0,0.0,0.0,7470.0,0
2.973,18716.0,14976.0,11244.0,18710.5,14972.5,11240.5,6000.0,4000.0,4000.0,0.5,-3.600000000000364,-13.700000000000728,0.0,0.0,0.0,0.0,0.0,0.0,7472.0,0
2.974,18721.0,14980.0,11248.0,18716.5,14976.5,11244.5,5000.0,4000.0,4000.0,0.5,-2.7999999999992724,-14.100000000000364,0.0,0.0,0.0,0.0,0.0,0.0,7473.0,0
2.975,18726.0,14984.0,11251.0,18721.5,14980.5,11248.5,5000.0,4000.0,3000.0,0.5,-2.7999999999992724,-15.100000000000364,0.0,0.0,0.0,0.0,0.0,0.0,7475.0,0
2.976,18731.0,14988.0,11255.0,18726.5,14984.5,11251.5,5000.0,4000.0,4000.0,0.5,-2.7999999999992724,-15.100000000000364,0.0,0.0,0.0,0.0,0.0,0.0,7476.0,0
2.977,18736.0,14992.0,11258.0,18731.5,14988.5,11255.5,5000.0,4000.0,3000.0,0.5,-2.7999999999992724,-16.100000000000364,0.0,0.0,0.0,0.0,0.0,0.0,7478.0,0
2.978,18742.0,14997.0,11262.0,18736.5,14992.5,11258.5,6000.0,5000.0,4000.0,0.5,-2.7999999999992724,-16.100000000000364,0.0,0.0,0.0,0.0,0.0,0.0,7480.0,0
2.979,18747.0,15001.0,11265.0,18742.5,14997.5,11262.5,5000.0,4000.0,3000.0,0.5,-3.0,-16.5,0.0,0.0,0.0,0.0,0.0,0.0,7482.0,0
2.98,18752.0,15005.0,11268.0,18747.5,15001.5,11265.5,5000.0,4000.0,3000.0,0.5,-3.0,-16.5,0.0,0.0,0.0,0.0,0.0,0.0,7484.0,0
2.981,18757.0,15009.0,11272.0,18752.5,15005.5,11268.5,5000.0,4000.0,4000.0,0.5,-3.0,-16.5,0.0,0.0,0.0,0.0,0.0,0.0,7485.0,0
2.982,18762.0,15013.0,11275.0,18757.5,15009.5,11272.5,5000.0,4000.0,3000.0,0.5,-3.0,-17.5,0.0,0.0,0.0,0.0,0.0,0.0,7487.0,0
2.983,18768.0,15017.0,11279.0,18762.5,15013.5,11275.5,6000.0,4000.0,4000.0,0.5,-3.0,-17.5,0.0,0.0,0.0,0.0,0.0,0.0,7489.0,0
2.984,18773.0,15021.0,11282.0,18768.5,15017.5,11279.5,5000.0,4000.0,3000.0,0.5,-2.2000000000007276,-17.899999999999636,0.0,0.0,0.0,0.0,0.0,0.0,7491.0,0
2.985,18778.0,15026.0,11285.0,18773.5,15021.5,11282.5,5000.0,5000.0,3000.0,0.5,-2.2000000000007276,-17.899999999999636,0.0,0.0,0.0,0.0,0.0,0.0,7493.0,0
2.986,18783.0,15030.0,11289.0,18778.5,15026.5,11285.5,5000.0,4000.0,4000.0,0.5,-3.2000000000007276,-17.899999999999636,0.0,0.0,0.0,0.0,0.0,0.0,7494.0,0
2.987,18788.0,15034.0,11292.0,18783.5,15030.5,11289.5,5000.0,4000.0,3000.0,0.5,-3.2000000000007276,-18.899999999999636,0.0,0.0,0.0,0.0,0.0,0.0,7496.0,0
2.988,18793.0,15038.0,11295.0,18788.5,15034.5,11292.5,5000.0,4000.0,3000.0,0.5,-3.2000000000007276,-18.899999999999636,0.0,0.0,0.0,0.0,0.0,0.0,7498.0,0
2.989,18799.0,15042.0,11299.0,18793.5,15038.5,11295.5,6000.0,4000.0,4000.0,0.5,-3.2000000000007276,-18.899999999999636,0.0,0.0,0.0,0.0,0.0,0.0,7500.0,0
2.99,18804.0,15046.0,11302.0,18799.5,15042.5,11299.5,5000.0,4000.0,3000.0,0.5,-2.399999999999636,-19.299999999999272,0.0,0.0,0.0,0.0,0.0,0.0,7502.0,0
2.991,18809.0,15051.0,11305.0,18804.5,15046.5,11302.5,5000.0,5000.0,3000.0,0.5,-2.399999999999636,-19.299999999999272,0.0,0.0,0.0,0.0,0.0,0.0,7504.0,0
2.992,18814.0,15055.0,11308.0,18809.5,15051.5,11305.5,5000.0,4000.0,3000.0,0.5,-3.399999999999636,-19.299999999999272,0.0,0.0,0.0,0.0,0.0,0.0,7506.0,0
2.993,18819.0,15059.0,11312.0,18814.5,15055.5,11308.5,5000.0,4000.0,4000.0,0.5,-3.399999999999636,-19.299999999999272,0.0,0.0,0.0,0.0,0.0,0.0,7507.0,0
2.994,18825.0,15063.0,11315.0,18819.5,15059.5,11312.5,6000.0,4000.0,3000.0,0.5,-3.399999999999636,-20.299999999999272,0.0,0.0,0.0,0.0,0.0,0.0,7510.0,0
2.995,18830.0,15067.0,11318.0,18825.5,15063.5,11315.5,5000.0,4000.0,3000.0,0.5,-2.600000000000364,-19.700000000000728,0.0,0.0,0.0,0.0,0.0,0.0,7512.0,0
2.996,18835.0,15071.0,11321.0,18830.5,15067.5,11318.5,5000.0,4000.0,3000.0,0.5,-2.600000000000364,-19.700000000000728,0.0,0.0,0.0,0.0,0.0,0.0,7514.0,0
2.997,18840.0,15075.0,11324.0,18835.5,15071.5,11321.5,5000.0,4000.0,3000.0,0.5,-2.600000000000364,-19.700000000000728,0.0,0.0,0.0,0.0,0.0,0.0,7516.0,0
2.998,18845.0,15080.0,11328.0,18840.5,15075.5,11324.5,5000.0,5000.0,4000.0,0.5,-2.600000000000364,-19.700000000000728,0.0,0.0,0.0,0.0,0.0,0.0,7517.0,0
2.999,18851.0,15084.0,11331.0,18845.5,15080.5,11328.5,6000.0,4000.0,3000.0,0.5,-3.600000000000364,-20.700000000000728,0.0,0.0,0.0,0.0,0.0,0.0,7520.0,0
3.0,18856.0,15088.0,11334.0,18851.5,15084.5,11331.5,5000.0,4000.0,3000.0,0.5,-2.7999999999992724,-20.100000000000364,0.0,0.0,0.0,0.0,0.0,0.0,7522.0,0
3.001,18861.0,15092.0,11337.0,18856.5,15088.5,11334.5,5000.0,4000.0,3000.0,0.5,-2.7999999999992724,-20.100000000000364,0.0,0.0,0.0,0.0,0.0,0.0,7524.0,0
3.0020000000000002,18866.0,15096.0,11340.0,18861.5,15092.5,11337.5,5000.0,4000.0,3000.0,0.5,-2.7999999999992724,-20.100000000000364,0.0,0.0,0.0,0.0,0.0,0.0,7526.0,0
3.003,18871.0,15100.0,11343.0,18866.5,15096.5,11340.5,5000.0,4000.0,3000.0,0.5,-2.7999999999992724,-20.100000000000364,0.0,0.0,0.0,0.0,0.0,0.0,7528.0,0
3.004,18877.0,15104.0,11346.0,18871.5,15100.5,11343.5,6000.0,4000.0,3000.0,0.5,-2.7999999999992724,-20.100000000000364,0.0,0.0,0.0,0.0,0.0,0.0,7531.0,0
3.005,18882.0,15109.0,11349.0,18877.5,15104.5,11346.5,5000.0,5000.0,3000.0,0.5,-2.0,-19.5,0.0,0.0,0.0,0.0,0.0,0.0,7533.0,0
3.0060000000000002,18887.0,15113.0,11353.0,18882.5,15109.5,11349.5,5000.0,4000.0,4000.0,0.5,-3.0,-19.5,0.0,0.0,0.0,0.0,0.0,0.0,7534.0,0
3.007,18892.0,15117.0,11356.0,18887.5,15113.5,11353.5,5000.0,4000.0,3000.0,0.5,-3.0,-20.5,0.0,0.0,0.0,0.0,0.0,0.0,7536.0,0
3.008,18897.0,15121.0,11359.0,18892.5,15117.5,11356.5,5000.0,4000.0,3000.0,0.5,-3.0,-20.5,0.0,0.0,0.0,0.0,0.0,0.0,7538.0,0
3.009,18903.0,15125.0,11362.0,18897.5,15121.5,11359.5,6000.0,4000.0,3000.0,0.5,-3.0,-20.5,0.0,0.0,0.0,0.0,0.0,0.0,7541.0,0
3.0100000000000002,18908.0,15129.0,11365.0,18903.5,15125.5,11362.5,5000.0,4000.0,3000.0,0.5,-2.2000000000007276,-19.899999999999636,0.0,0.0,0.0,0.0,0.0,0.0,7543.0,0
3.011,18913.0,15134.0,11368.0,18908.5,15129.5,11365.5,5000.0,5000.0,3000.0,0.5,-2.2000000000007276,-19.899999999999636,0.0,0.0,0.0,0.0,0.0,0.0,7545.0,0
3.012,18918.0,15138.0,11371.0,18913.5,15134.5,11368.5,5000.0,4000.0,3000.0,0.5,-3.2000000000007276,-19.899999999999636,0.0,0.0,0.0,0.0,0.0,0.0,7547.0,0
3.013,18923.0,15142.0,11374.0,18918.5,15138.5,11371.5,5000.0,4000.0,3000.0,0.5,-3.2000000000007276,-19.899999999999636,0.0,0.0,0.0,0.0,0.0,0.0,7549.0,0
3.0140000000000002,18928.0,15146.0,11377.0,18923.5,15142.5,11374.5,5000.0,4000.0,3000.0,0.5,-3.2000000000007276,-19.899999999999636,0.0,0.0,0.0,0.0,0.0,0.0,7551.0,0
3.015,18934.0,15150.0,11380.0,18928.5,15146.5,11377.5,6000.0,4000.0,3000.0,0.5,-3.2000000000007276,-19.899999999999636,0.0,0.0,0.0,0.0,0.0,0.0,7554.0,0
3.016,18939.0,15154.0,11383.0,18934.5,15150.5,11380.5,5000.0,4000.0,3000.0,0.5,-2.399999999999636,-19.299999999999272,0.0,0.0,0.0,0.0,0.0,0.0,7556.0,0
3.017,18944.0,15158.0,11386.0,18939.5,15154.5,11383.5,5000.0,4000.0,3000.0,0.5,-2.399999999999636,-19.299999999999272,0.0,0.0,0.0,0.0,0.0,0.0,7558.0,0
3.0180000000000002,18949.0,15163.0,11389.0,18944.5,15158.5,11386.5,5000.0,5000.0,3000.0,0.5,-2.399999999999636,-19.299999999999272,0.0,0.0,0.0,0.0,0.0,0.0,7560.0,0
3.019,18954.0,15167.0,11392.0,18949.5,15163.5,11389.5,5000.0,4000.0,3000.0,0.5,-3.399999999999636,-19.299999999999272,0.0,0.0,0.0,0.0,0.0,0.0,7562.0,0
3.02,18960.0,15171.0,11394.0,18954.5,15167.5,11392.5,6000.0,4000.0,2000.0,0.5,-3.399999999999636,-19.299999999999272,0.0,0.0,0.0,0.0,0.0,0.0,7566.0,0
3.021,18965.0,15175.0,11397.0,18960.5,15171.5,11394.5,5000.0,4000.0,3000.0,0.5,-2.600000000000364,-17.700000000000728,0.0,0.0,0.0,0.0,0.0,0.0,7568.0,0
3.0220000000000002,18970.0,15179.0,11400.0,18965.5,15175.5,11397.5,5000.0,4000.0,3000.0,0.5,-2.600000000000364,-17.700000000000728,0.0,0.0,0.0,0.0,0.0,0.0,7570.0,0
3.023,18975.0,15183.0,11403.0,18970.5,15179.5,11400.5,5000.0,4000.0,3000.0,0.5,-2.600000000000364,-17.700000000000728,0.0,0.0,0.0,0.0,0.0,0.0,7572.0,0
3.024,18980.0,15188.0,11406.0,18975.5,15183.5,11403.5,5000.0,5000.0,3000.0,0.5,-2.600000000000364,-17.700000000000728,0.0,0.0,0.0,0.0,0.0,0.0,7574.0,0
3.025,18986.0,15192.0,11409.0,18980.5,15188.5,11406.5,6000.0,4000.0,3000.0,0.5,-3.600000000000364,-17.700000000000728,0.0,0.0,0.0,0.0,0.0,0.0,7577.0,0
3.0260000000000002,18991.0,15196.0,11412.0,18986.5,15192.5,11409.5,5000.0,4000.0,3000.0,0.5,-2.7999999999992724,-17.100000000000364,0.0,0.0,0.0,0.0,0.0,0.0,7579.0,0
3.027,18996.0,15200.0,11415.0,18991.5,15196.5,11412.5,5000.0,4000.0,3000.0,0.5,-2.7999999999992724,-17.100000000000364,0.0,0.0,0.0,0.0,0.0,0.0,7581.0,0
3.028,19001.0,15204.0,11418.0,18996.5,15200.5,11415.5,5000.0,4000.0,3000.0,0.5,-2.7999999999992724,-17.100000000000364,0.0,0.0,0.0,0.0,0.0,0.0,7583.0,0
3.029,19006.0,15208.0,11421.0,19001.5,15204.5,11418.5,5000.0,4000.0,3000.0,0.5,-2.7999999999992724,-17.100000000000364,0.0,0.0,0.0,0.0,0.0,0.0,7585.0,0
3.0300000000000002,19012.0,15212.0,11424.0,19006.5,15208.5,11421.5,6000.0,4000.0,3000.0,0.5,-2.7999999999992724,-17.100000000000364,0.0,0.0,0.0,0.0,0.0,0.0,7588.0,0
3.031,19017.0,15217.0,11427.0,19012.5,15212.5,11424.5,5000.0,5000.0,3000.0,0.5,-2.0,-16.5,0.0,0.0,0.0,0.0,0.0,0.0,7590.0,0
3.032,19022.0,15221.0,11430.0,19017.5,15217.5,11427.5,5000.0,4000.0,3000.0,0.5,-3.0,-16.5,0.0,0.0,0.0,0.0,0.0,0.0,7592.0,0
3.033,19027.0,15225.0,11433.0,19022.5,15221.5,11430.5,5000.0,4000.0,3000.0,0.5,-3.0,-16.5,0.0,0.0,0.0,0.0,0.0,0.0,7594.0,0
3.0340000000000003,19032.0,15229.0,11435.0,19027.5,15225.5,11433.5,5000.0,4000.0,2000.0,0.5,-3.0,-16.5,0.0,0.0,0.0,0.0,0.0,0.0,7597.0,0
3.035,19037.0,15233.0,11438.0,19032.5,15229.5,11435.5,5000.0,4000.0,3000.0,0.5,-3.0,-15.5,0.0,0.0,0.0,0.0,0.0,0.0,7599.0,0
3.036,19043.0,15237.0,11441.0,19037.5,15233.5,11438.5,6000.0,4000.0,3000.0,0.5,-3.0,-15.5,0.0,0.0,0.0,0.0,0.0,0.0,7602.0,0
3.037,19048.0,15242.0,11444.0,19043.5,15237.5,11441.5,5000.0,5000.0,3000.0,0.5,-2.2000000000007276,-14.899999999999636,0.0,0.0,0.0,0.0,0.0,0.0,7604.0,0
3.0380000000000003,19053.0,15246.0,11447.0,19048.5,15242.5,11444.5,5000.0,4000.0,3000.0,0.5,-3.2000000000007276,-14.899999999999636,0.0,0.0,0.0,0.0,0.0,0.0,7606.0,0
3.039,19058.0,15250.0,11450.0,19053.5,15246.5,11447.5,5000.0,4000.0,3000.0,0.5,-3.2000000000007276,-14.899999999999636,0.0,0.0,0.0,0.0,0.0,0.0,7608.0,0
3.04,19063.0,15254.0,11453.0,19058.5,15250.5,11450.5,5000.0,4000.0,3000.0,0.5,-3.2000000000007276,-14.899999999999636,0.0,0.0,0.0,0.0,0.0,0.0,7610.0,0
3.041,19069.0,15258.0,11456.0,19063.5,15254.5,11453.5,6000.0,4000.0,3000.0,0.5,-3.2000000000007276,-14.899999999999636,0.0,0.0,0.0,0.0,0.0,0.0,7613.0,0
3.0420000000000003,19074.0,15262.0,11459.0,19069.5,15258.5,11456.5,5000.0,4000.0,3000.0,0.5,-2.399999999999636,-14.299999999999272,0.0,0.0,0.0,0.0,0.0,0.0,7615.0,0
3.043,19079.0,15266.0,11461.0,19074.5,15262.5,11459.5,5000.0,4000.0,2000.0,0.5,-2.399999999999636,-14.299999999999272,0.0,0.0,0.0,0.0,0.0,0.0,7618.0,0
3.044,19084.0,15271.0,11464.0,19079.5,15266.5,11461.5,5000.0,5000.0,3000.0,0.5,-2.399999999999636,-13.299999999999272,0.0,0.0,0.0,0.0,0.0,0.0,7620.0,0
3.045,19089.0,15275.0,11467.0,19084.5,15271.5,11464.5,5000.0,4000.0,3000.0,0.5,-3.399999999999636,-13.299999999999272,0.0,0.0,0.0,0.0,0.0,0.0,7622.0,0
3.0460000000000003,19095.0,15279.0,11470.0,19089.5,15275.5,11467.5,6000.0,4000.0,3000.0,0.5,-3.399999999999636,-13.299999999999272,0.0,0.0,0.0,0.0,0.0,0.0,7625.0,0
3.047,19100.0,15283.0,11473.0,19095.5,15279.5,11470.5,5000.0,4000.0,3000.0,0.5,-2.600000000000364,-12.700000000000728,0.0,0.0,0.0,0.0,0.0,0.0,7627.0,0
3.048,19105.0,15287.0,11476.0,19100.5,15283.5,11473.5,5000.0,4000.0,3000.0,0.5,-2.600000000000364,-12.700000000000728,0.0,0.0,0.0,0.0,0.0,0.0,7629.0,0
3.049,19110.0,15291.0,11479.0,19105.5,15287.5,11476.5,5000.0,4000.0,3000.0,0.5,-2.600000000000364,-12.700000000000728,0.0,0.0,0.0,0.0,0.0,0.0,7631.0,0
3.0500000000000003,19115.0,15295.0,11482.0,19110.5,15291.5,11479.5,5000.0,4000.0,3000.0,0.5,-2.600000000000364,-12.700000000000728,0.0,0.0,0.0,0.0,0.0,0.0,7633.0,0
3.051,19121.0,15300.0,11484.0,19115.5,15295.5,11482.5,6000.0,5000.0,2000.0,0.5,-2.600000000000364,-12.700000000000728,0.0,0.0,0.0,0.0,0.0,0.0,7637.0,0
3.052,19126.0,15304.0,11487.0,19121.5,15300.5,11484.5,5000.0,4000.0,3000.0,0.5,-2.7999999999992724,-11.100000000000364,0.0,0.0,0.0,0.0,0.0,0.0,7639.0,0
3.053,19131.0,15308.0,11490.0,19126.5,15304.5,11487.5,5000.0,4000.0,3000.0,0.5,-2.7999999999992724,-11.100000000000364,0.0,0.0,0.0,0.0,0.0,0.0,7641.0,0
3.0540000000000003,19136.0,15312.0,11493.0,19131.5,15308.5,11490.5,5000.0,4000.0,3000.0,0.5,-2.7999999999992724,-11.100000000000364,0.0,0.0,0.0,0.0,0.0,0.0,7643.0,0
3.055,19141.0,15316.0,11496.0,19136.5,15312.5,11493.5,5000.0,4000.0,3000.0,0.5,-2.7999999999992724,-11.100000000000364,0.0,0.0,0.0,0.0,0.0,0.0,7645.0,0
3.056,19146.0,15320.0,11499.0,19141.5,15316.5,11496.5,5000.0,4000.0,3000.0,0.5,-2.7999999999992724,-11.100000000000364,0.0,0.0,0.0,0.0,0.0,0.0,7647.0,0
3.057,19152.0,15325.0,11502.0,19146.5,15320.5,11499.5,6000.0,5000.0,3000.0,0.5,-2.7999999999992724,-11.100000000000364,0.0,0.0,0.0,0.0,0.0,0.0,7650.0,0
3.0580000000000003,19157.0,15329.0,11505.0,19152.5,15325.5,11502.5,5000.0,4000.0,3000.0,0.5,-3.0,-10.5,0.0,0.0,0.0,0.0,0.0,0.0,7652.0,0
3.059,19162.0,15333.0,11508.0,19157.5,15329.5,11505.5,5000.0,4000.0,3000.0,0.5,-3.0,-10.5,0.0,0.0,0.0,0.0,0.0,0.0,7654.0,0
3.06,19167.0,15337.0,11510.0,19162.5,15333.5,11508.5,5000.0,4000.0,2000.0,0.5,-3.0,-10.5,0.0,0.0,0.0,0.0,0.0,0.0,7657.0,0
3.061,19172.0,15341.0,11513.0,19167.5,15337.5,11510.5,5000.0,4000.0,3000.0,0.5,-3.0,-9.5,0.0,0.0,0.0,0.0,0.0,0.0,7659.0,0
3.0620000000000003,19178.0,15345.0,11517.0,19172.5,15341.5,11513.5,6000.0,4000.0,4000.0,0.5,-3.0,-9.5,0.0,0.0,0.0,0.0,0.0,0.0,7661.0,0
3.063,19183.0,15349.0,11520.0,19178.5,15345.5,11517.5,5000.0,4000.0,3000.0,0.5,-2.2000000000007276,-9.899999999999636,0.0,0.0,0.0,0.0,0.0,0.0,7663.0,0
3.064,19188.0,15354.0,11523.0,19183.5,15349.5,11520.5,5000.0,5000.0,3000.0,0.5,-2.2000000000007276,-9.899999999999636,0.0,0.0,0.0,0.0,0.0,0.0,7665.0,0
3.065,19193.0,15358.0,11526.0,19188.5,15354.5,11523.5,5000.0,4000.0,3000.0,0.5,-3.2000000000007276,-9.899999999999636,0.0,0.0,0.0,0.0,0.0,0.0,7667.0,0
3.0660000000000003,19198.0,15362.0,11529.0,19193.5,15358.5,11526.5,5000.0,4000.0,3000.0,0.5,-3.2000000000007276,-9.899999999999636,0.0,0.0,0.0,0.0,0.0,0.0,7669.0,0
3.067,19204.0,15366.0,11532.0,19198.5,15362.5,11529.5,6000.0,4000.0,3000.0,0.5,-3.2000000000007276,-9.899999999999636,0.0,0.0,0.0,0.0,0.0,0.0,7672.0,0
3.068,19209.0,15370.0,11536.0,19204.5,15366.5,11532.5,5000.0,4000.0,4000.0,0.5,-2.399999999999636,-9.299999999999272,0.0,0.0,0.0,0.0,0.0,0.0,7673.0,0
3.069,19214.0,15374.0,11538.0,19209.5,15370.5,11536.5,5000.0,4000.0,2000.0,0.5,-2.399999999999636,-10.299999999999272,0.0,0.0,0.0,0.0,0.0,0.0,7676.0,0
3.0700000000000003,19219.0,15379.0,11542.0,19214.5,15374.5,11538.5,5000.0,5000.0,4000.0,0.5,-2.399999999999636,-9.299999999999272,0.0,0.0,0.0,0.0,0.0,0.0,7677.0,0
3.071,19224.0,15383.0,11545.0,19219.5,15379.5,11542.5,5000.0,4000.0,3000.0,0.5,-3.399999999999636,-10.299999999999272,0.0,0.0,0.0,0.0,0.0,0.0,7679.0,0
3.072,19230.0,15387.0,11547.0,19224.5,15383.5,11545.5,6000.0,4000.0,2000.0,0.5,-3.399999999999636,-10.299999999999272,0.0,0.0,0.0,0.0,0.0,0.0,7683.0,0
3.073,19235.0,15391.0,11550.0,19230.5,15387.5,11547.5,5000.0,4000.0,3000.0,0.5,-2.600000000000364,-8.700000000000728,0.0,0.0,0.0,0.0,0.0,0.0,7685.0,0
3.074,19240.0,15395.0,11554.0,19235.5,15391.5,11550.5,5000.0,4000.0,4000.0,0.5,-2.600000000000364,-8.700000000000728,0.0,0.0,0.0,0.0,0.0,0.0,7686.0,0
3.075,19245.0,15399.0,11557.0,19240.5,15395.5,11554.5,5000.0,4000.0,3000.0,0.5,-2.600000000000364,-9.700000000000728,0.0,0.0,0.0,0.0,0.0,0.0,7688.0,0
3.076,19250.0,15403.0,11560.0,19245.5,15399.5,11557.5,5000.0,4000.0,3000.0,0.5,-2.600000000000364,-9.700000000000728,0.0,0.0,0.0,0.0,0.0,0.0,7690.0,0
3.077,19255.0,15408.0,11563.0,19250.5,15403.5,11560.5,5000.0,5000.0,3000.0,0.5,-2.600000000000364,-9.700000000000728,0.0,0.0,0.0,0.0,0.0,0.0,7692.0,0
3.078,19261.0,15412.0,11566.0,19255.5,15408.5,11563.5,6000.0,4000.0,3000.0,0.5,-3.600000000000364,-9.700000000000728,0.0,0.0,0.0,0.0,0.0,0.0,7695.0,0
3.079,19266.0,15416.0,11569.0,19261.5,15412.5,11566.5,5000.0,4000.0,3000.0,0.5,-2.7999999999992724,-9.100000000000364,0.0,0.0,0.0,0.0,0.0,0.0,7697.0,0
3.08,19271.0,15420.0,11572.0,19266.5,15416.5,11569.5,5000.0,4000.0,3000.0,0.5,-2.7999999999992724,-9.100000000000364,0.0,0.0,0.0,0.0,0.0,0.0,7699.0,0
3.081,19276.0,15424.0,11576.0,19271.5,15420.5,11572.5,5000.0,4000.0,4000.0,0.5,-2.7999999999992724,-9.100000000000364,0.0,0.0,0.0,0.0,0.0,0.0,7700.0,0
3.082,19281.0,15428.0,11579.0,19276.5,15424.5,11576.5,5000.0,4000.0,3000.0,0.5,-2.7999999999992724,-10.100000000000364,0.0,0.0,0.0,0.0,0.0,0.0,7702.0,0
3.083,19287.0,15433.0,11581.0,19281.5,15428.5,11579.5,6000.0,5000.0,2000.0,0.5,-2.7999999999992724,-10.100000000000364,0.0,0.0,0.0,0.0,0.0,0.0,7706.0,0
3.084,19292.0,15437.0,11584.0,19287.5,15433.5,11581.5,5000.0,4000.0,3000.0,0.5,-3.0,-8.5,0.0,0.0,0.0,0.0,0.0,0.0,7708.0,0
3.085,19297.0,15441.0,11588.0,19292.5,15437.5,11584.5,5000.0,4000.0,4000.0,0.5,-3.0,-8.5,0.0,0.0,0.0,0.0,0.0,0.0,7709.0,0
3.086,19302.0,15445.0,11591.0,19297.5,15441.5,11588.5,5000.0,4000.0,3000.0,0.5,-3.0,-9.5,0.0,0.0,0.0,0.0,0.0,0.0,7711.0,0
3.087,19307.0,15449.0,11594.0,19302.5,15445.5,11591.5,5000.0,4000.0,3000.0,0.5,-3.0,-9.5,0.0,0.0,0.0,0.0,0.0,0.0,7713.0,0
3.088,19313.0,15453.0,11597.0,19307.5,15449.5,11594.5,6000.0,4000.0,3000.0,0.5,-3.0,-9.5,0.0,0.0,0.0,0.0,0.0,0.0,7716.0,0
3.089,19318.0,15457.0,11600.0,19313.5,15453.5,11597.5,5000.0,4000.0,3000.0,0.5,-2.2000000000007276,-8.899999999999636,0.0,0.0,0.0,0.0,0.0,0.0,7718.0,0
3.09,19323.0,15462.0,11603.0,19318.5,15457.5,11600.5,5000.0,5000.0,3000.0,0.5,-2.2000000000007276,-8.899999999999636,0.0,0.0,0.0,0.0,0.0,0.0,7720.0,0
3.091,19328.0,15466.0,11606.0,19323.5,15462.5,11603.5,5000.0,4000.0,3000.0,0.5,-3.2000000000007276,-8.899999999999636,0.0,0.0,0.0,0.0,0.0,0.0,7722.0,0
3.092,19333.0,15470.0,11609.0,19328.5,15466.5,11606.5,5000.0,4000.0,3000.0,0.5,-3.2000000000007276,-8.899999999999636,0.0,0.0,0.0,0.0,0.0,0.0,7724.0,0
3.093,19339.0,15474.0,11613.0,19333.5,15470.5,11609.5,6000.0,4000.0,4000.0,0.5,-3.2000000000007276,-8.899999999999636,0.0,0.0,0.0,0.0,0.0,0.0,7726.0,0
3.094,19344.0,15478.0,11616.0,19339.5,15474.5,11613.5,5000.0,4000.0,3000.0,0.5,-2.399999999999636,-9.299999999999272,0.0,0.0,0.0,0.0,0.0,0.0,7728.0,0
3.095,19349.0,15482.0,11619.0,19344.5,15478.5,11616.5,5000.0,4000.0,3000.0,0.5,-2.399999999999636,-9.299999999999272,0.0,0.0,0.0,0.0,0.0,0.0,7730.0,0
3.096,19354.0,15487.0,11622.0,19349.5,15482.5,11619.5,5000.0,5000.0,3000.0,0.5,-2.399999999999636,-9.299999999999272,0.0,0.0,0.0,0.0,0.0,0.0,7732.0,0
3.097,19359.0,15491.0,11625.0,19354.5,15487.5,11622.5,5000.0,4000.0,3000.0,0.5,-3.399999999999636,-9.299999999999272,0.0,0.0,0.0,0.0,0.0,0.0,7734.0,0
3.098,19364.0,15495.0,11628.0,19359.5,15491.5,11625.5,5000.0,4000.0,3000.0,0.5,-3.399999999999636,-9.299999999999272,0.0,0.0,0.0,0.0,0.0,0.0,7736.0,0
3.099,19370.0,15499.0,11631.0,19364.5,15495.5,11628.5,6000.0,4000.0,3000.0,0.5,-3.399999999999636,-9.299999999999272,0.0,0.0,0.0,0.0,0.0,0.0,7739.0,0
3.1,19375.0,15503.0,11634.0,19370.5,15499.5,11631.5,5000.0,4000.0,3000.0,0.5,-2.600000000000364,-8.700000000000728,0.0,0.0,0.0,0.0,0.0,0.0,7741.0,0
3.101,19380.0,15507.0,11638.0,19375.5,15503.5,11634.5,5000.0,4000.0,4000.0,0.5,-2.600000000000364,-8.700000000000728,0.0,0.0,0.0,0.0,0.0,0.0,7742.0,0
3.102,19385.0,15511.0,11641.0,19380.5,15507.5,11638.5,5000.0,4000.0,3000.0,0.5,-2.600000000000364,-9.700000000000728,0.0,0.0,0.0,0.0,0.0,0.0,7744.0,0
3.103,19390.0,15516.0,11644.0,19385.5,15511.5,11641.5,5000.0,5000.0,3000.0,0.5,-2.600000000000364,-9.700000000000728,0.0,0.0,0.0,0.0,0.0,0.0,7746.0,0
3.104,19396.0,15520.0,11647.0,19390.5,15516.5,11644.5,6000.0,4000.0,3000.0,0.5,-3.600000000000364,-9.700000000000728,0.0,0.0,0.0,0.0,0.0,0.0,7749.0,0
3.105,19401.0,15524.0,11650.0,19396.5,15520.5,11647.5,5000.0,4000.0,3000.0,0.5,-2.7999999999992724,-9.100000000000364,0.0,0.0,0.0,0.0,0.0,0.0,7751.0,0
3.106,19406.0,15528.0,11653.0,19401.5,15524.5,11650.5,5000.0,4000.0,3000.0,0.5,-2.7999999999992724,-9.100000000000364,0.0,0.0,0.0,0.0,0.0,0.0,7753.0,0
3.107,19411.0,15532.0,11656.0,19406.5,15528.5,11653.5,5000.0,4000.0,3000.0,0.5,-2.7999999999992724,-9.100000000000364,0.0,0.0,0.0,0.0,0.0,0.0,7755.0,0
3.108,19416.0,15536.0,11659.0,19411.5,15532.5,11656.5,5000.0,4000.0,3000.0,0.5,-2.7999999999992724,-9.100000000000364,0.0,0.0,0.0,0.0,0.0,0.0,7757.0,0
3.109,19422.0,15540.0,11663.0,19416.5,15536.5,11659.5,6000.0,4000.0,4000.0,0.5,-2.7999999999992724,-9.100000000000364,0.0,0.0,0.0,0.0,0.0,0.0,7759.0,0
3.11,19427.0,15545.0,11666.0,19422.5,15540.5,11663.5,5000.0,5000.0,3000.0,0.5,-2.0,-9.5,0.0,0.0,0.0,0.0,0.0,0.0,7761.0,0
3.111,19432.0,15549.0,11669.0,19427.5,15545.5,11666.5,5000.0,4000.0,3000.0,0.5,-3.0,-9.5,0.0,0.0,0.0,0.0,0.0,0.0,7763.0,0
3.112,19437.0,15553.0,11672.0,19432.5,15549.5,11669.5,5000.0,4000.0,3000.0,0.5,-3.0,-9.5,0.0,0.0,0.0,0.0,0.0,0.0,7765.0,0
3.113,19442.0,15557.0,11675.0,19437.5,15553.5,11672.5,5000.0,4000.0,3000.0,0.5,-3.0,-9.5,0.0,0.0,0.0,0.0,0.0,0.0,7767.0,0
3.114,19448.0,15561.0,11678.0,19442.5,15557.5,11675.5,6000.0,4000.0,3000.0,0.5,-3.0,-9.5,0.0,0.0,0.0,0.0,0.0,0.0,7770.0,0
3.115,19453.0,15565.0,11681.0,19448.5,15561.5,11678.5,5000.0,4000.0,3000.0,0.5,-2.2000000000007276,-8.899999999999636,0.0,0.0,0.0,0.0,0.0,0.0,7772.0,0
3.116,19458.0,15570.0,11684.0,19453.5,15565.5,11681.5,5000.0,5000.0,3000.0,0.5,-2.2000000000007276,-8.899999999999636,0.0,0.0,0.0,0.0,0.0,0.0,7774.0,0
3.117,19463.0,15574.0,11688.0,19458.5,15570.5,11684.5,5000.0,4000.0,4000.0,0.5,-3.2000000000007276,-8.899999999999636,0.0,0.0,0.0,0.0,0.0,0.0,7775.0,0
3.118,19468.0,15578.0,11691.0,19463.5,15574.5,11688.5,5000.0,4000.0,3000.0,0.5,-3.2000000000007276,-9.899999999999636,0.0,0.0,0.0,0.0,0.0,0.0,7777.0,0
3.119,19474.0,15582.0,11694.0,19468.5,15578.5,11691.5,6000.0,4000.0,3000.0,0.5,-3.2000000000007276,-9.899999999999636,0.0,0.0,0.0,0.0,0.0,0.0,7780.0,0
3.12,19479.0,15586.0,11697.0,19474.5,15582.5,11694.5,5000.0,4000.0,3000.0,0.5,-2.399999999999636,-9.299999999999272,0.0,0.0,0.0,0.0,0.0,0.0,7782.0,0
3.121,19484.0,15590.0,11700.0,19479.5,15586.5,11697.5,5000.0,4000.0,3000.0,0.5,-2.399999999999636,-9.299999999999272,0.0,0.0,0.0,0.0,0.0,0.0,7784.0,0
3.122,19489.0,15594.0,11703.0,19484.5,15590.5,11700.5,5000.0,4000.0,3000.0,0.5,-2.399999999999636,-9.299999999999272,0.0,0.0,0.0,0.0,0.0,0.0,7786.0,0
3.123,19494.0,15599.0,11706.0,19489.5,15594.5,11703.5,5000.0,5000.0,3000.0,0.5,-2.399999999999636,-9.299999999999272,0.0,0.0,0.0,0.0,0.0,0.0,7788.0,0
3.124,19499.0,15603.0,11709.0,19494.5,15599.5,11706.5,5000.0,4000.0,3000.0,0.5,-3.399999999999636,-9.299999999999272,0.0,0.0,0.0,0.0,0.0,0.0,7790.0,0
3.125,19505.0,15607.0,11713.0,19499.5,15603.5,11709.5,6000.0,4000.0,4000.0,0.5,-3.399999999999636,-9.299999999999272,0.0,0.0,0.0,0.0,0.0,0.0,7792.0,0
3.126,19510.0,15611.0,11716.0,19505.5,15607.5,11713.5,5000.0,4000.0,3000.0,0.5,-2.600000000000364,-9.700000000000728,0.0,0.0,0.0,0.0,0.0,0.0,7794.0,0
3.1270000000000002,19515.0,15615.0,11719.0,19510.5,15611.5,11716.5,5000.0,4000.0,3000.0,0.5,-2.600000000000364,-9.700000000000728,0.0,0.0,0.0,0.0,0.0,0.0,7796.0,0
3.128,19520.0,15619.0,11722.0,19515.5,15615.5,11719.5,5000.0,4000.0,3000.0,0.5,-2.600000000000364,-9.700000000000728,0.0,0.0,0.0,0.0,0.0,0.0,7798.0,0
3.129,19525.0,15624.0,11725.0,19520.5,15619.5,11722.5,5000.0,5000.0,3000.0,0.5,-2.600000000000364,-9.700000000000728,0.0,0.0,0.0,0.0,0.0,0.0,7800.0,0
3.13,19531.0,15628.0,11728.0,19525.5,15624.5,11725.5,6000.0,4000.0,3000.0,0.5,-3.600000000000364,-9.700000000000728,0.0,0.0,0.0,0.0,0.0,0.0,7803.0,0
3.1310000000000002,19536.0,15632.0,11731.0,19531.5,15628.5,11728.5,5000.0,4000.0,3000.0,0.5,-2.7999999999992724,-9.100000000000364,0.0,0.0,0.0,0.0,0.0,0.0,7805.0,0
3.132,19541.0,15636.0,11734.0,19536.5,15632.5,11731.5,5000.0,4000.0,3000.0,0.5,-2.7999999999992724,-9.100000000000364,0.0,0.0,0.0,0.0,0.0,0.0,7807.0,0
3.133,19546.0,15640.0,11738.0,19541.5,15636.5,11734.5,5000.0,4000.0,4000.0,0.5,-2.7999999999992724,-9.100000000000364,0.0,0.0,0.0,0.0,0.0,0.0,7808.0,0
3.134,19551.0,15644.0,11741.0,19546.5,15640.5,11738.5,5000.0,4000.0,3000.0,0.5,-2.7999999999992724,-10.100000000000364,0.0,0.0,0.0,0.0,0.0,0.0,7810.0,0
3.1350000000000002,19557.0,15648.0,11743.0,19551.5,15644.5,11741.5,6000.0,4000.0,2000.0,0.5,-2.7999999999992724,-10.100000000000364,0.0,0.0,0.0,0.0,0.0,0.0,7814.0,0
3.136,19562.0,15653.0,11746.0,19557.5,15648.5,11743.5,5000.0,5000.0,3000.0,0.5,-2.0,-8.5,0.0,0.0,0.0,0.0,0.0,0.0,7816.0,0
3.137,19567.0,15657.0,11750.0,19562.5,15653.5,11746.5,5000.0,4000.0,4000.0,0.5,-3.0,-8.5,0.0,0.0,0.0,0.0,0.0,0.0,7817.0,0
3.138,19572.0,15661.0,11753.0,19567.5,15657.5,11750.5,5000.0,4000.0,3000.0,0.5,-3.0,-9.5,0.0,0.0,0.0,0.0,0.0,0.0,7819.0,0
3.1390000000000002,19577.0,15665.0,11756.0,19572.5,15661.5,11753.5,5000.0,4000.0,3000.0,0.5,-3.0,-9.5,0.0,0.0,0.0,0.0,0.0,0.0,7821.0,0
3.14,19583.0,15669.0,11759.0,19577.5,15665.5,11756.5,6000.0,4000.0,3000.0,0.5,-3.0,-9.5,0.0,0.0,0.0,0.0,0.0,0.0,7824.0,0
3.141,19588.0,15673.0,11762.0,19583.5,15669.5,11759.5,5000.0,4000.0,3000.0,0.5,-2.2000000000007276,-8.899999999999636,0.0,0.0,0.0,0.0,0.0,0.0,7826.0,0
3.142,19593.0,15678.0,11765.0,19588.5,15673.5,11762.5,5000.0,5000.0,3000.0,0.5,-2.2000000000007276,-8.899999999999636,0.0,0.0,0.0,0.0,0.0,0.0,7828.0,0
3.1430000000000002,19598.0,15682.0,11768.0,19593.5,15678.5,11765.5,5000.0,4000.0,3000.0,0.5,-3.2000000000007276,-8.899999999999636,0.0,0.0,0.0,0.0,0.0,0.0,7830.0,0
3.144,19603.0,15686.0,11771.0,19598.5,15682.5,11768.5,5000.0,4000.0,3000.0,0.5,-3.2000000000007276,-8.899999999999636,0.0,0.0,0.0,0.0,0.0,0.0,7832.0,0
3.145,19608.0,15690.0,11774.0,19603.5,15686.5,11771.5,5000.0,4000.0,3000.0,0.5,-3.2000000000007276,-8.899999999999636,0.0,0.0,0.0,0.0,0.0,0.0,7834.0,0
3.146,19614.0,15694.0,11778.0,19608.5,15690.5,11774.5,6000.0,4000.0,4000.0,0.5,-3.2000000000007276,-8.899999999999636,0.0,0.0,0.0,0.0,0.0,0.0,7836.0,0
3.1470000000000002,19619.0,15698.0,11781.0,19614.5,15694.5,11778.5,5000.0,4000.0,3000.0,0.5,-2.399999999999636,-9.299999999999272,0.0,0.0,0.0,0.0,0.0,0.0,7838.0,0
3.148,19624.0,15702.0,11784.0,19619.5,15698.5,11781.5,5000.0,4000.0,3000.0,0.5,-2.399999999999636,-9.299999999999272,0.0,0.0,0.0,0.0,0.0,0.0,7840.0,0
3.149,19629.0,15707.0,11787.0,19624.5,15702.5,11784.5,5000.0,5000.0,3000.0,0.5,-2.399999999999636,-9.299999999999272,0.0,0.0,0.0,0.0,0.0,0.0,7842.0,0
3.15,19634.0,15711.0,11790.0,19629.5,15707.5,11787.5,5000.0,4000.0,3000.0,0.5,-3.399999999999636,-9.299999999999272,0.0,0.0,0.0,0.0,0.0,0.0,7844.0,0
3.1510000000000002,19640.0,15715.0,11793.0,19634.5,15711.5,11790.5,6000.0,4000.0,3000.0,0.5,-3.399999999999636,-9.299999999999272,0.0,0.0,0.0,0.0,0.0,0.0,7847.0,0
3.152,19645.0,15719.0,11796.0,19640.5,15715.5,11793.5,5000.0,4000.0,3000.0,0.5,-2.600000000000364,-8.700000000000728,0.0,0.0,0.0,0.0,0.0,0.0,7849.0,0
3.153,19650.0,15723.0,11799.0,19645.5,15719.5,11796.5,5000.0,4000.0,3000.0,0.5,-2.600000000000364,-8.700000000000728,0.0,0.0,0.0,0.0,0.0,0.0,7851.0,0
3.154,19655.0,15727.0,11802.0,19650.5,15723.5,11799.5,5000.0,4000.0,3000.0,0.5,-2.600000000000364,-8.700000000000728,0.0,0.0,0.0,0.0,0.0,0.0,7853.0,0
3.1550000000000002,19660.0,15731.0,11806.0,19655.5,15727.5,11802.5,5000.0,4000.0,4000.0,0.5,-2.600000000000364,-8.700000000000728,0.0,0.0,0.0,0.0,0.0,0.0,7854.0,0
3.156,19666.0,15736.0,11809.0,19660.5,15731.5,11806.5,6000.0,5000.0,3000.0,0.5,-2.600000000000364,-9.700000000000728,0.0,0.0,0.0,0.0,0.0,0.0,7857.0,0
3.157,19671.0,15740.0,11812.0,19666.5,15736.5,11809.5,5000.0,4000.0,3000.0,0.5,-2.7999999999992724,-9.100000000000364,0.0,0.0,0.0,0.0,0.0,0.0,7859.0,0
3.158,19676.0,15744.0,11815.0,19671.5,15740.5,11812.5,5000.0,4000.0,3000.0,0.5,-2.7999999999992724,-9.100000000000364,0.0,0.0,0.0,0.0,0.0,0.0,7861.0,0
3.1590000000000003,19681.0,15748.0,11818.0,19676.5,15744.5,11815.5,5000.0,4000.0,3000.0,0.5,-2.7999999999992724,-9.100000000000364,0.0,0.0,0.0,0.0,0.0,0.0,7863.0,0
3.16,19686.0,15752.0,11821.0,19681.5,15748.5,11818.5,5000.0,4000.0,3000.0,0.5,-2.7999999999992724,-9.100000000000364,0.0,0.0,0.0,0.0,0.0,0.0,7865.0,0
3.161,19692.0,15756.0,11824.0,19686.5,15752.5,11821.5,6000.0,4000.0,3000.0,0.5,-2.7999999999992724,-9.100000000000364,0.0,0.0,0.0,0.0,0.0,0.0,7868.0,0
3.162,19697.0,15761.0,11827.0,19692.5,15756.5,11824.5,5000.0,5000.0,3000.0,0.5,-2.0,-8.5,0.0,0.0,0.0,0.0,0.0,0.0,7870.0,0
3.1630000000000003,19702.0,15765.0,11831.0,19697.5,15761.5,11827.5,5000.0,4000.0,4000.0,0.5,-3.0,-8.5,0.0,0.0,0.0,0.0,0.0,0.0,7871.0,0
3.164,19707.0,15769.0,11834.0,19702.5,15765.5,11831.5,5000.0,4000.0,3000.0,0.5,-3.0,-9.5,0.0,0.0,0.0,0.0,0.0,0.0,7873.0,0
3.165,19712.0,15773.0,11837.0,19707.5,15769.5,11834.5,5000.0,4000.0,3000.0,0.5,-3.0,-9.5,0.0,0.0,0.0,0.0,0.0,0.0,7875.0,0
3.166,19717.0,15777.0,11840.0,19712.5,15773.5,11837.5,5000.0,4000.0,3000.0,0.5,-3.0,-9.5,0.0,0.0,0.0,0.0,0.0,0.0,7877.0,0
3.1670000000000003,19723.0,15781.0,11843.0,19717.5,15777.5,11840.5,6000.0,4000.0,3000.0,0.5,-3.0,-9.5,0.0,0.0,0.0,0.0,0.0,0.0,7880.0,0
3.168,19728.0,15785.0,11846.0,19723.5,15781.5,11843.5,5000.0,4000.0,3000.0,0.5,-2.2000000000007276,-8.899999999999636,0.0,0.0,0.0,0.0,0.0,0.0,7882.0,0
3.169,19733.0,15790.0,11849.0,19728.5,15785.5,11846.5,5000.0,5000.0,3000.0,0.5,-2.2000000000007276,-8.899999999999636,0.0,0.0,0.0,0.0,0.0,0.0,7884.0,0
3.17,19738.0,15794.0,11852.0,19733.5,15790.5,11849.5,5000.0,4000.0,3000.0,0.5,-3.2000000000007276,-8.899999999999636,0.0,0.0,0.0,0.0,0.0,0.0,7886.0,0
3.1710000000000003,19743.0,15798.0,11855.0,19738.5,15794.5,11852.5,5000.0,4000.0,3000.0,0.5,-3.2000000000007276,-8.899999999999636,0.0,0.0,0.0,0.0,0.0,0.0,7888.0,0
3.172,19749.0,15802.0,11859.0,19743.5,15798.5,11855.5,6000.0,4000.0,4000.0,0.5,-3.2000000000007276,-8.899999999999636,0.0,0.0,0.0,0.0,0.0,0.0,7890.0,0
3.173,19754.0,15806.0,11862.0,19749.5,15802.5,11859.5,5000.0,4000.0,3000.0,0.5,-2.399999999999636,-9.299999999999272,0.0,0.0,0.0,0.0,0.0,0.0,7892.0,0
3.174,19759.0,15810.0,11865.0,19754.5,15806.5,11862.5,5000.0,4000.0,3000.0,0.5,-2.399999999999636,-9.299999999999272,0.0,0.0,0.0,0.0,0.0,0.0,7894.0,0
3.1750000000000003,19764.0,15815.0,11868.0,19759.5,15810.5,11865.5,5000.0,5000.0,3000.0,0.5,-2.399999999999636,-9.299999999999272,0.0,0.0,0.0,0.0,0.0,0.0,7896.0,0
3.176,19769.0,15819.0,11871.0,19764.5,15815.5,11868.5,5000.0,4000.0,3000.0,0.5,-3.399999999999636,-9.299999999999272,0.0,0.0,0.0,0.0,0.0,0.0,7898.0,0
3.177,19775.0,15823.0,11874.0,19769.5,15819.5,11871.5,6000.0,4000.0,3000.0,0.5,-3.399999999999636,-9.299999999999272,0.0,0.0,0.0,0.0,0.0,0.0,7901.0,0
3.178,19780.0,15827.0,11877.0,19775.5,15823.5,11874.5,5000.0,4000.0,3000.0,0.5,-2.600000000000364,-8.700000000000728,0.0,0.0,0.0,0.0,0.0,0.0,7903.0,0
3.1790000000000003,19785.0,15831.0,11880.0,19780.5,15827.5,11877.5,5000.0,4000.0,3000.0,0.5,-2.600000000000364,-8.700000000000728,0.0,0.0,0.0,0.0,0.0,0.0,7905.0,0
3.18,19790.0,15835.0,11883.0,19785.5,15831.5,11880.5,5000.0,4000.0,3000.0,0.5,-2.600000000000364,-8.700000000000728,0.0,0.0,0.0,0.0,0.0,0.0,7907.0,0
3.181,19795.0,15839.0,11887.0,19790.5,15835.5,11883.5,5000.0,4000.0,4000.0,0.5,-2.600000000000364,-8.700000000000728,0.0,0.0,0.0,0.0,0.0,0.0,7908.0,0
3.182,19801.0,15844.0,11890.0,19795.5,15839.5,11887.5,6000.0,5000.0,3000.0,0.5,-2.600000000000364,-9.700000000000728,0.0,0.0,0.0,0.0,0.0,0.0,7911.0,0
3.1830000000000003,19806.0,15848.0,11893.0,19801.5,15844.5,11890.5,5000.0,4000.0,3000.0,0.5,-2.7999999999992724,-9.100000000000364,0.0,0.0,0.0,0.0,0.0,0.0,7913.0,0
3.184,19811.0,15852.0,11896.0,19806.5,15848.5,11893.5,5000.0,4000.0,3000.0,0.5,-2.7999999999992724,-9.100000000000364,0.0,0.0,0.0,0.0,0.0,0.0,7915.0,0
3.185,19816.0,15856.0,11899.0,19811.5,15852.5,11896.5,5000.0,4000.0,3000.0,0.5,-2.7999999999992724,-9.100000000000364,0.0,0.0,0.0,0.0,0.0,0.0,7917.0,0
3.186,19821.0,15860.0,11902.0,19816.5,15856.5,11899.5,5000.0,4000.0,3000.0,0.5,-2.7999999999992724,-9.100000000000364,0.0,0.0,0.0,0.0,0.0,0.0,7919.0,0
3.1870000000000003,19826.0,15864.0,11905.0,19821.5,15860.5,11902.5,5000.0,4000.0,3000.0,0.5,-2.7999999999992724,-9.100000000000364,0.0,0.0,0.0,0.0,0.0,0.0,7921.0,0
3.188,19832.0,15869.0,11908.0,19826.5,15864.5,11905.5,6000.0,5000.0,3000.0,0.5,-2.7999999999992724,-9.100000000000364,0.0,0.0,0.0,0.0,0.0,0.0,7924.0,0
3.189,19837.0,15873.0,11912.0,19832.5,15869.5,11908.5,5000.0,4000.0,4000.0,0.5,-3.0,-8.5,0.0,0.0,0.0,0.0,0.0,0.0,7925.0,0
3.19,19842.0,15877.0,11915.0,19837.5,15873.5,11912.5,5000.0,4000.0,3000.0,0.5,-3.0,-9.5,0.0,0.0,0.0,0.0,0.0,0.0,7927.0,0
3.1910000000000003,19847.0,15881.0,11918.0,19842.5,15877.5,11915.5,5000.0,4000.0,3000.0,0.5,-3.0,-9.5,0.0,0.0,0.0,0.0,0.0,0.0,7929.0,0
3.192,19852.0,15885.0,11921.0,19847.5,15881.5,11918.5,5000.0,4000.0,3000.0,0.5,-3.0,-9.5,0.0,0.0,0.0,0.0,0.0,0.0,7931.0,0
3.193,19858.0,15889.0,11924.0,19852.5,15885.5,11921.5,6000.0,4000.0,3000.0,0.5,-3.0,-9.5,0.0,0.0,0.0,0.0,0.0,0.0,7934.0,0
3.194,19863.0,15893.0,11927.0,19858.5,15889.5,11924.5,5000.0,4000.0,3000.0,0.5,-2.2000000000007276,-8.899999999999636,0.0,0.0,0.0,0.0,0.0,0.0,7936.0,0
3.1950000000000003,19868.0,15898.0,11930.0,19863.5,15893.5,11927.5,5000.0,5000.0,3000.0,0.5,-2.2000000000007276,-8.899999999999636,0.0,0.0,0.0,0.0,0.0,0.0,7938.0,0
3.196,19873.0,15902.0,11933.0,19868.5,15898.5,11930.5,5000.0,4000.0,3000.0,0.5,-3.2000000000007276,-8.899999999999636,0.0,0.0,0.0,0.0,0.0,0.0,7940.0,0
3.197,19878.0,15906.0,11936.0,19873.5,15902.5,11933.5,5000.0,4000.0,3000.0,0.5,-3.2000000000007276,-8.899999999999636,0.0,0.0,0.0,0.0,0.0,0.0,7942.0,0
3.198,19884.0,15910.0,11940.0,19878.5,15906.5,11936.5,6000.0,4000.0,4000.0,0.5,-3.2000000000007276,-8.899999999999636,0.0,0.0,0.0,0.0,0.0,0.0,7944.0,0
3.1990000000000003,19889.0,15914.0,11943.0,19884.5,15910.5,11940.5,5000.0,4000.0,3000.0,0.5,-2.399999999999636,-9.299999999999272,0.0,0.0,0.0,0.0,0.0,0.0,7946.0,0
3.2,19894.0,15918.0,11946.0,19889.5,15914.5,11943.5,5000.0,4000.0,3000.0,0.5,-2.399999999999636,-9.299999999999272,0.0,0.0,0.0,0.0,0.0,0.0,7948.0,0
3.201,19899.0,15922.0,11949.0,19894.5,15918.5,11946.5,5000.0,4000.0,3000.0,0.5,-2.399999999999636,-9.299999999999272,0.0,0.0,0.0,0.0,0.0,0.0,7950.0,0
3.202,19904.0,15927.0,11952.0,19899.5,15922.5,11949.5,5000.0,5000.0,3000.0,0.5,-2.399999999999636,-9.299999999999272,0.0,0.0,0.0,0.0,0.0,0.0,7952.0,0
3.203,19910.0,15931.0,11955.0,19904.5,15927.5,11952.5,6000.0,4000.0,3000.0,0.5,-3.399999999999636,-9.299999999999272,0.0,0.0,0.0,0.0,0.0,0.0,7955.0,0
3.204,19915.0,15935.0,11958.0,19910.5,15931.5,11955.5,5000.0,4000.0,3000.0,0.5,-2.600000000000364,-8.700000000000728,0.0,0.0,0.0,0.0,0.0,0.0,7957.0,0
3.205,19920.0,15939.0,11961.0,19915.5,15935.5,11958.5,5000.0,4000.0,3000.0,0.5,-2.600000000000364,-8.700000000000728,0.0,0.0,0.0,0.0,0.0,0.0,7959.0,0
3.206,19925.0,15943.0,11964.0,19920.5,15939.5,11961.5,5000.0,4000.0,3000.0,0.5,-2.600000000000364,-8.700000000000728,0.0,0.0,0.0,0.0,0.0,0.0,7961.0,0
3.207,19930.0,15947.0,11968.0,19925.5,15943.5,11964.5,5000.0,4000.0,4000.0,0.5,-2.600000000000364,-8.700000000000728,0.0,0.0,0.0,0.0,0.0,0.0,7962.0,0
3.208,19935.0,15952.0,11971.0,19930.5,15947.5,11968.5,5000.0,5000.0,3000.0,0.5,-2.600000000000364,-9.700000000000728,0.0,0.0,0.0,0.0,0.0,0.0,7964.0,0
3.209,19940.0,15956.0,11974.0,19935.5,15952.5,11971.5,5000.0,4000.0,3000.0,0.5,-3.600000000000364,-9.700000000000728,0.0,0.0,0.0,0.0,0.0,0.0,7966.0,0
3.21,19945.0,15960.0,11977.0,19940.5,15956.5,11974.5,5000.0,4000.0,3000.0,0.5,-3.600000000000364,-9.700000000000728,0.0,0.0,0.0,0.0,0.0,0.0,7968.0,0
3.211,19949.0,15964.0,11980.0,19945.5,15960.5,11977.5,4000.0,4000.0,3000.0,0.5,-3.600000000000364,-9.700000000000728,0.0,0.0,0.0,0.0,0.0,0.0,7969.0,0
3.212,19953.0,15968.0,11983.0,19949.5,15964.5,11980.5,4000.0,4000.0,3000.0,0.5,-4.399999999999636,-10.299999999999272,0.0,0.0,0.0,0.0,0.0,0.0,7970.0,0
3.213,19958.0,15972.0,11986.0,19953.5,15968.5,11983.5,5000.0,4000.0,3000.0,0.5,-5.200000000000728,-10.899999999999636,0.0,0.0,0.0,0.0,0.0,0.0,7972.0,0
3.214,19962.0,15976.0,11989.0,19958.5,15972.5,11986.5,4000.0,4000.0,3000.0,0.5,-5.200000000000728,-10.899999999999636,0.0,0.0,0.0,0.0,0.0,0.0,7973.0,0
3.215,19966.0,15980.0,11991.0,19962.5,15976.5,11989.5,4000.0,4000.0,2000.0,0.5,-6.0,-11.5,0.0,0.0,0.0,0.0,0.0,0.0,7975.0,0
3.216,19970.0,15984.0,11994.0,19966.5,15980.5,11991.5,4000.0,4000.0,3000.0,0.5,-6.799999999999272,-11.100000000000364,0.0,0.0,0.0,0.0,0.0,0.0,7976.0,0
3.217,19973.0,15987.0,11997.0,19970.5,15984.5,11994.5,3000.0,3000.0,3000.0,0.5,-7.600000000000364,-11.700000000000728,0.0,0.0,0.0,0.0,0.0,0.0,7976.0,0
3.218,19977.0,15990.0,12000.0,19973.5,15987.5,11997.5,4000.0,3000.0,3000.0,0.5,-8.200000000000728,-12.899999999999636,0.0,0.0,0.0,0.0,0.0,0.0,7977.0,0
3.219,19980.0,15993.0,12002.0,19977.5,15990.5,12000.5,3000.0,3000.0,2000.0,0.5,-8.0,-13.5,0.0,0.0,0.0,0.0,0.0,0.0,7978.0,0
