t_s,dda_pos_x,dda_pos_y,dda_pos_z,enc_rel_x,enc_rel_y,enc_rel_z,vel_sps_x,vel_sps_y,vel_sps_z,err_steps_x,err_steps_y,err_steps_z,active_load_x,active_load_y,active_load_z,load_timer_x,load_timer_y,load_timer_z,span_steps,global_stop
0.0,0.0,0.0,0.0,0.5,0.5,0.5,0.0,0.0,0.0,0.0,0.0,0.0,0.0,0.0,0.0,0.0,0.0,0.0,0.0,0
0.0,0.0,0.0,0.0,0.5,0.5,0.5,0.0,0.0,0.0,0.5,0.4,0.30000000000000004,0.0,0.0,0.0,0.0,0.0,0.0,0.0,0
0.001,0.0,0.0,0.0,0.5,0.5,0.5,0.0,0.0,0.0,0.5,0.4,0.30000000000000004,0.0,0.0,0.0,0.0,0.0,0.0,0.0,0
0.002,1.0,1.0,1.0,0.5,0.5,0.5,1000.0,1000.0,1000.0,0.5,0.4,0.30000000000000004,0.0,0.0,0.0,0.0,0.0,0.0,0.0,0
0.003,1.0,1.0,1.0,1.5,1.5,1.5,0.0,0.0,0.0,0.5,0.19999999999999996,-0.10000000000000009,0.0,0.0,0.0,0.0,0.0,0.0,0.0,0
0.004,2.0,2.0,2.0,1.5,1.5,1.5,1000.0,1000.0,1000.0,0.5,0.19999999999999996,-0.10000000000000009,0.0,0.0,0.0,0.0,0.0,0.0,0.0,0
0.005,4.0,4.0,4.0,2.5,2.5,2.5,2000.0,2000.0,2000.0,0.5,0.0,-0.5,0.0,0.0,0.0,0.0,0.0,0.0,0.0,0
0.006,5.0,5.0,5.0,4.5,4.5,4.5,1000.0,1000.0,1000.0,0.5,-0.40000000000000036,-1.2999999999999998,0.0,0.0,0.0,0.0,0.0,0.0,0.0,0
0.007,7.0,7.0,6.0,5.5,5.5,5.5,2000.0,2000.0,1000.0,0.5,-0.5999999999999996,-1.7000000000000002,0.0,0.0,0.0,0.0,0.0,0.0,1.0,0
0.008,8.0,8.0,8.0,7.5,7.5,6.5,1000.0,1000.0,2000.0,0.5,-1.0,-1.5,0.0,0.0,0.0,0.0,0.0,0.0,0.0,0
0.009000000000000001,10.0,10.0,10.0,8.5,8.5,8.5,2000.0,2000.0,2000.0,0.5,-1.2000000000000002,-2.9000000000000004,0.0,0.0,0.0,0.0,0.0,0.0,0.0,0
0.01,12.0,12.0,12.0,10.5,10.5,10.5,2000.0,2000.0,2000.0,0.5,-1.5999999999999996,-3.7,0.0,0.0,0.0,0.0,0.0,0.0,0.0,0
0.011,15.0,15.0,15.0,12.5,12.5,12.5,3000.0,3000.0,3000.0,0.5,-2.0,-4.5,0.0,0.0,0.0,0.0,0.0,0.0,0.0,0
0.012,17.0,17.0,17.0,15.5,15.5,15.5,2000.0,2000.0,2000.0,0.5,-2.5999999999999996,-5.699999999999999,0.0,0.0,0.0,0.0,0.0,0.0,0.0,0
0.013000000000000001,20.0,20.0,20.0,17.5,17.5,17.5,3000.0,3000.0,3000.0,0.5,-3.0,-6.5,0.0,0.0,0.0,0.0,0.0,0.0,0.0,0
0.014,23.0,23.0,23.0,20.5,20.5,20.5,3000.0,3000.0,3000.0,0.5,-3.6000000000000014,-7.699999999999999,0.0,0.0,0.0,0.0,0.0,0.0,0.0,0
0.015,26.0,26.0,26.0,23.5,23.5,23.5,3000.0,3000.0,3000.0,0.5,-4.199999999999999,-8.9,0.0,0.0,0.0,0.0,0.0,0.0,0.0,0
0.016,29.0,29.0,29.0,26.5,26.5,26.5,3000.0,3000.0,3000.0,0.5,-4.800000000000001,-10.100000000000001,0.0,0.0,0.0,0.0,0.0,0.0,0.0,0
0.017,33.0,33.0,33.0,29.5,29.5,29.5,4000.0,4000.0,4000.0,0.5,-5.399999999999999,-11.3,0.0,0.0,0.0,0.0,0.0,0.0,0.0,0
0.018000000000000002,37.0,37.0,36.0,33.5,33.5,33.5,4000.0,4000.0,3000.0,0.5,-6.199999999999999,-12.899999999999999,0.0,0.0,0.0,0.0,0.0,0.0,1.0,0
0.019,41.0,40.0,40.0,37.5,37.5,36.5,4000.0,3000.0,4000.0,0.5,-7.0,-13.5,0.0,0.0,0.0,0.0,0.0,0.0,1.0,0
0.02,45.0,45.0,44.0,41.5,40.5,40.5,4000.0,5000.0,4000.0,0.5,-6.799999999999997,-15.100000000000001,0.0,0.0,0.0,0.0,0.0,0.0,1.0,0
0.021,49.0,49.0,49.0,45.5,45.5,44.5,4000.0,4000.0,5000.0,0.5,-8.600000000000001,-16.7,0.0,0.0,0.0,0.0,0.0,0.0,0.0,0
0.022,54.0,53.0,53.0,49.5,49.5,49.5,5000.0,4000.0,4000.0,0.5,-9.399999999999999,-19.3,0.0,0.0,0.0,0.0,0.0,0.0,1.0,0
0.023,58.0,58.0,58.0,54.5,53.5,53.5,4000.0,5000.0,5000.0,0.5,-9.399999999999999,-20.299999999999997,0.0,0.0,0.0,0.0,0.0,0.0,0.0,0
0.024,63.0,63.0,63.0,58.5,58.5,58.5,5000.0,5000.0,5000.0,0.5,-11.200000000000003,-22.9,0.0,0.0,0.0,0.0,0.0,0.0,0.0,0
0.025,68.0,68.0,68.0,63.5,63.5,63.5,5000.0,5000.0,5000.0,0.5,-12.200000000000003,-24.9,0.0,0.0,0.0,0.0,0.0,0.0,0.0,0
0.026000000000000002,74.0,73.0,73.0,68.5,68.5,68.5,6000.0,5000.0,5000.0,0.5,-13.200000000000003,-26.9,0.0,0.0,0.0,0.0,0.0,0.0,1.0,0
0.027,79.0,79.0,78.0,74.5,73.5,73.5,5000.0,6000.0,5000.0,0.5,-13.399999999999999,-28.299999999999997,0.0,0.0,0.0,0.0,0.0,0.0,1.0,0
0.028,85.0,84.0,83.0,79.5,79.5,78.5,6000.0,5000.0,5000.0,0.5,-15.400000000000006,-30.299999999999997,0.0,0.0,0.0,0.0,0.0,0.0,2.0,0
0.029,91.0,90.0,87.0,85.5,84.5,83.5,6000.0,6000.0,4000.0,0.5,-15.599999999999994,-31.700000000000003,0.0,0.0,0.0,0.0,0.0,0.0,4.0,0
0.03,97.0,96.0,92.0,91.5,90.5,87.5,6000.0,6000.0,5000.0,0.5,-16.799999999999997,-32.1,0.0,0.0,0.0,0.0,0.0,0.0,5.0,0
0.031,103.0,102.0,97.0,97.5,96.5,92.5,6000.0,6000.0,5000.0,0.5,-18.0,-33.5,0.0,0.0,0.0,0.0,0.0,0.0,6.0,0
0.032,109.0,108.0,102.0,103.5,102.5,97.5,6000.0,6000.0,5000.0,0.5,-19.200000000000003,-34.9,0.0,0.0,0.0,0.0,0.0,0.0,7.0,0
0.033,116.0,114.0,106.0,109.5,108.5,102.5,7000.0,6000.0,4000.0,0.5,-20.400000000000006,-36.3,0.0,0.0,0.0,0.0,0.0,0.0,10.0,0
0.034,123.0,120.0,111.0,116.5,114.5,106.5,7000.0,6000.0,5000.0,0.5,-20.799999999999997,-36.099999999999994,0.0,0.0,0.0,0.0,0.0,0.0,12.0,0
0.035,130.0,126.0,116.0,123.5,120.5,111.5,7000.0,6000.0,5000.0,0.5,-21.200000000000003,-36.900000000000006,0.0,0.0,0.0,0.0,0.0,0.0,14.0,0
0.036000000000000004,137.0,132.0,120.0,130.5,126.5,116.5,7000.0,6000.0,4000.0,0.5,-21.599999999999994,-37.7,0.0,0.0,0.0,0.0,0.0,0.0,17.0,0
0.037,145.0,137.0,125.0,137.5,132.5,120.5,8000.0,5000.0,5000.0,0.5,-22.0,-37.5,0.0,0.0,0.0,0.0,0.0,0.0,20.0,0
0.038,152.0,143.0,129.0,145.5,137.5,125.5,7000.0,6000.0,4000.0,0.5,-20.599999999999994,-37.7,0.0,0.0,0.0,0.0,0.0,0.0,23.0,0
0.039,160.0,149.0,134.0,152.5,143.5,129.5,8000.0,6000.0,5000.0,0.5,-21.0,-37.5,0.0,0.0,0.0,0.0,0.0,0.0,26.0,0
0.04,168.0,154.0,138.0,160.5,149.5,134.5,8000.0,5000.0,4000.0,0.5,-20.599999999999994,-37.7,0.0,0.0,0.0,0.0,0.0,0.0,30.0,0
0.041,176.0,160.0,143.0,168.5,154.5,138.5,8000.0,6000.0,5000.0,0.5,-19.19999999999999,-36.900000000000006,0.0,0.0,0.0,0.0,0.0,0.0,33.0,0
0.042,185.0,166.0,147.0,176.5,160.5,143.5,9000.0,6000.0,4000.0,0.5,-18.80000000000001,-37.099999999999994,0.0,0.0,0.0,0.0,0.0,0.0,38.0,0
0.043000000000000003,194.0,172.0,152.0,185.5,166.5,147.5,9000.0,6000.0,5000.0,0.5,-17.599999999999994,-35.7,0.0,0.0,0.0,0.0,0.0,0.0,42.0,0
0.044,202.0,178.0,156.0,194.5,172.5,152.5,8000.0,6000.0,4000.0,0.5,-16.400000000000006,-35.3,0.0,0.0,0.0,0.0,0.0,0.0,46.0,0
0.045,211.0,183.0,160.0,202.5,178.5,156.5,9000.0,5000.0,4000.0,0.5,-16.0,-34.5,0.0,0.0,0.0,0.0,0.0,0.0,51.0,0
0.046,221.0,190.0,165.0,211.5,183.5,160.5,10000.0,7000.0,5000.0,0.5,-13.800000000000011,-33.099999999999994,0.0,0.0,0.0,0.0,0.0,0.0,56.0,0
0.047,230.0,196.0,169.0,221.5,190.5,165.5,9000.0,6000.0,4000.0,0.5,-12.800000000000011,-32.099999999999994,0.0,0.0,0.0,0.0,0.0,0.0,61.0,0
0.048,240.0,202.0,174.0,230.5,196.5,169.5,10000.0,6000.0,5000.0,0.5,-11.599999999999994,-30.69999999999999,0.0,0.0,0.0,0.0,0.0,0.0,66.0,0
0.049,249.0,208.0,178.0,240.5,202.5,174.5,9000.0,6000.0,4000.0,0.5,-9.599999999999994,-29.69999999999999,0.0,0.0,0.0,0.0,0.0,0.0,71.0,0
0.05,259.0,215.0,183.0,249.5,208.5,178.5,10000.0,7000.0,5000.0,0.5,-8.400000000000006,-28.30000000000001,0.0,0.0,0.0,0.0,0.0,0.0,76.0,0
0.051000000000000004,269.0,222.0,187.0,259.5,215.5,183.5,10000.0,7000.0,4000.0,0.5,-7.400000000000006,-27.30000000000001,0.0,0.0,0.0,0.0,0.0,0.0,82.0,0
0.052000000000000005,279.0,229.0,192.0,269.5,222.5,187.5,10000.0,7000.0,5000.0,0.5,-6.400000000000006,-25.30000000000001,0.0,0.0,0.0,0.0,0.0,0.0,87.0,0
0.053,289.0,236.0,196.0,279.5,229.5,192.5,10000.0,7000.0,4000.0,0.5,-5.400000000000006,-24.30000000000001,0.0,0.0,0.0,0.0,0.0,0.0,93.0,0
0.054,298.0,243.0,201.0,289.5,236.5,196.5,9000.0,7000.0,5000.0,0.5,-4.400000000000006,-22.30000000000001,0.0,0.0,0.0,0.0,0.0,0.0,97.0,0
0.055,308.0,250.0,206.0,298.5,243.5,201.5,10000.0,7000.0,5000.0,0.5,-4.199999999999989,-21.900000000000006,0.0,0.0,0.0,0.0,0.0,0.0,102.0,0
0.056,318.0,258.0,210.0,308.5,250.5,206.5,10000.0,8000.0,4000.0,0.5,-3.1999999999999886,-20.900000000000006,0.0,0.0,0.0,0.0,0.0,0.0,108.0,0
0.057,328.0,265.0,215.0,318.5,258.5,210.5,10000.0,7000.0,5000.0,0.5,-3.1999999999999886,-18.900000000000006,0.0,0.0,0.0,0.0,0.0,0.0,113.0,0
0.058,338.0,272.0,220.0,328.5,265.5,215.5,10000.0,7000.0,5000.0,0.5,-2.1999999999999886,-17.900000000000006,0.0,0.0,0.0,0.0,0.0,0.0,118.0,0
0.059000000000000004,347.0,279.0,224.0,338.5,272.5,220.5,9000.0,7000.0,4000.0,0.5,-1.1999999999999886,-16.900000000000006,0.0,0.0,0.0,0.0,0.0,0.0,123.0,0
0.06,357.0,286.0,229.0,347.5,279.5,224.5,10000.0,7000.0,5000.0,0.5,-1.0,-15.5,0.0,0.0,0.0,0.0,0.0,0.0,128.0,0
0.061,367.0,293.0,234.0,357.5,286.5,229.5,10000.0,7000.0,5000.0,0.5,0.0,-14.5,0.0,0.0,0.0,0.0,0.0,0.0,133.0,0
0.062,377.0,301.0,238.0,367.5,293.5,234.5,10000.0,8000.0,4000.0,-0.125,0.5,-13.875,0.0,0.0,0.0,0.0,0.0,0.0,139.0,0
0.063,387.0,308.0,243.0,377.5,301.5,238.5,10000.0,7000.0,5000.0,-0.125,0.5,-11.875,0.0,0.0,0.0,0.0,0.0,0.0,144.0,0
0.064,396.0,315.0,248.0,387.5,308.5,243.5,9000.0,7000.0,5000.0,-1.375,0.5,-11.625,0.0,0.0,0.0,0.0,0.0,0.0,148.0,0
0.065,406.0,322.0,253.0,396.5,315.5,248.5,10000.0,7000.0,5000.0,-1.625,0.5,-11.375,0.0,0.0,0.0,0.0,0.0,0.0,153.0,0
0.066,416.0,329.0,257.0,406.5,322.5,253.5,10000.0,7000.0,4000.0,-2.875,0.5,-11.125,0.0,0.0,0.0,0.0,0.0,0.0,159.0,0
0.067,426.0,337.0,262.0,416.5,329.5,257.5,10000.0,8000.0,5000.0,-4.125,0.5,-9.875,0.0,0.0,0.0,0.0,0.0,0.0,164.0,0
0.068,436.0,344.0,267.0,426.5,337.5,262.5,10000.0,7000.0,5000.0,-4.125,0.5,-8.875,0.0,0.0,0.0,0.0,0.0,0.0,169.0,0
0.069,445.0,351.0,272.0,436.5,344.5,267.5,9000.0,7000.0,5000.0,-5.375,0.5,-8.625,0.0,0.0,0.0,0.0,0.0,0.0,173.0,0
0.07,455.0,358.0,277.0,445.5,351.5,272.5,10000.0,7000.0,5000.0,-5.625,0.5,-8.375,0.0,0.0,0.0,0.0,0.0,0.0,178.0,0
0.07100000000000001,465.0,365.0,282.0,455.5,358.5,277.5,10000.0,7000.0,5000.0,-6.875,0.5,-8.125,0.0,0.0,0.0,0.0,0.0,0.0,183.0,0
0.07200000000000001,475.0,372.0,287.0,465.5,365.5,282.5,10000.0,7000.0,5000.0,-8.125,0.5,-7.875,0.0,0.0,0.0,0.0,0.0,0.0,188.0,0
0.073,485.0,380.0,292.0,475.5,372.5,287.5,10000.0,8000.0,5000.0,-9.375,0.5,-7.625,0.0,0.0,0.0,0.0,0.0,0.0,193.0,0
0.074,494.0,387.0,297.0,485.5,380.5,292.5,9000.0,7000.0,5000.0,-9.375,0.5,-6.625,0.0,0.0,0.0,0.0,0.0,0.0,197.0,0
0.075,504.0,394.0,303.0,494.5,387.5,297.5,10000.0,7000.0,6000.0,-9.625,0.5,-6.375,0.0,0.0,0.0,0.0,0.0,0.0,201.0,0
0.076,514.0,401.0,308.0,504.5,394.5,303.5,10000.0,7000.0,5000.0,-10.875,0.5,-7.125,0.0,0.0,0.0,0.0,0.0,0.0,206.0,0
0.077,523.0,408.0,313.0,514.5,401.5,308.5,9000.0,7000.0,5000.0,-12.125,0.5,-6.875,0.0,0.0,0.0,0.0,0.0,0.0,210.0,0
0.078,532.0,416.0,318.0,523.5,408.5,313.5,9000.0,8000.0,5000.0,-12.375,0.5,-6.625,0.0,0.0,0.0,0.0,0.0,0.0,214.0,0
0.079,542.0,423.0,323.0,532.5,416.5,318.5,10000.0,7000.0,5000.0,-11.375,0.5,-5.625,0.0,0.0,0.0,0.0,0.0,0.0,219.0,0
0.08,551.0,430.0,328.0,542.5,423.5,323.5,9000.0,7000.0,5000.0,-12.625,0.5,-5.375,0.0,0.0,0.0,0.0,0.0,0.0,223.0,0
0.081,560.0,437.0,333.0,551.5,430.5,328.5,9000.0,7000.0,5000.0,-12.875,0.5,-5.125,0.0,0.0,0.0,0.0,0.0,0.0,227.0,0
0.082,570.0,444.0,338.0,560.5,437.5,333.5,10000.0,7000.0,5000.0,-13.125,0.5,-4.875,0.0,0.0,0.0,0.0,0.0,0.0,232.0,0
0.083,579.0,451.0,343.0,570.5,444.5,338.5,9000.0,7000.0,5000.0,-14.375,0.5,-4.625,0.0,0.0,0.0,0.0,0.0,0.0,236.0,0
0.084,588.0,459.0,348.0,579.5,451.5,343.5,9000.0,8000.0,5000.0,-14.625,0.5,-4.375,0.0,0.0,0.0,0.0,0.0,0.0,240.0,0
0.085,597.0,466.0,353.0,588.5,459.5,348.5,9000.0,7000.0,5000.0,-13.625,0.5,-3.375,0.0,0.0,0.0,0.0,0.0,0.0,244.0,0
0.08600000000000001,606.0,473.0,358.0,597.5,466.5,353.5,9000.0,7000.0,5000.0,-13.875,0.5,-3.125,0.0,0.0,0.0,0.0,0.0,0.0,248.0,0
0.08700000000000001,615.0,480.0,363.0,606.5,473.5,358.5,9000.0,7000.0,5000.0,-14.125,0.5,-2.875,0.0,0.0,0.0,0.0,0.0,0.0,252.0,0
0.088,624.0,487.0,368.0,615.5,480.5,363.5,9000.0,7000.0,5000.0,-14.375,0.5,-2.625,0.0,0.0,0.0,0.0,0.0,0.0,256.0,0
0.089,634.0,495.0,373.0,624.5,487.5,368.5,10000.0,8000.0,5000.0,-14.625,0.5,-2.375,0.0,0.0,0.0,0.0,0.0,0.0,261.0,0
0.09,643.0,502.0,378.0,634.5,495.5,373.5,9000.0,7000.0,5000.0,-14.625,0.5,-1.375,0.0,0.0,0.0,0.0,0.0,0.0,265.0,0
0.091,652.0,509.0,383.0,643.5,502.5,378.5,9000.0,7000.0,5000.0,-14.875,0.5,-1.125,0.0,0.0,0.0,0.0,0.0,0.0,269.0,0
0.092,661.0,516.0,388.0,652.5,509.5,383.5,9000.0,7000.0,5000.0,-15.125,0.5,-0.875,0.0,0.0,0.0,0.0,0.0,0.0,273.0,0
0.093,670.0,523.0,393.0,661.5,516.5,388.5,9000.0,7000.0,5000.0,-15.375,0.5,-0.625,0.0,0.0,0.0,0.0,0.0,0.0,277.0,0
0.094,679.0,531.0,398.0,670.5,523.5,393.5,9000.0,8000.0,5000.0,-15.625,0.5,-0.375,0.0,0.0,0.0,0.0,0.0,0.0,281.0,0
0.095,688.0,538.0,403.0,679.5,531.5,398.5,9000.0,7000.0,5000.0,-14.833333333333371,0.33333333333337123,0.5,0.0,0.0,0.0,0.0,0.0,0.0,285.0,0
0.096,697.0,545.0,408.0,688.5,538.5,403.5,9000.0,7000.0,5000.0,-15.5,0.0,0.5,0.0,0.0,0.0,0.0,0.0,0.0,289.0,0
0.097,706.0,552.0,413.0,697.5,545.5,408.5,9000.0,7000.0,5000.0,-16.16666666666663,-0.33333333333337123,0.5,0.0,0.0,0.0,0.0,0.0,0.0,293.0,0
0.098,715.0,559.0,418.0,706.5,552.5,413.5,9000.0,7000.0,5000.0,-16.83333333333337,-0.6666666666666288,0.5,0.0,0.0,0.0,0.0,0.0,0.0,297.0,0
0.099,724.0,566.0,423.0,715.5,559.5,418.5,9000.0,7000.0,5000.0,-17.5,-1.0,0.5,0.0,0.0,0.0,0.0,0.0,0.0,301.0,0
0.1,733.0,574.0,428.0,724.5,566.5,423.5,9000.0,8000.0,5000.0,-18.16666666666663,-1.3333333333333712,0.5,0.0,0.0,0.0,0.0,0.0,0.0,305.0,0
0.101,741.0,581.0,433.0,733.5,574.5,428.5,8000.0,7000.0,5000.0,-18.83333333333337,-2.6666666666666288,0.5,0.0,0.0,0.0,0.0,0.0,0.0,308.0,0
0.10200000000000001,750.0,588.0,438.0,741.5,581.5,433.5,9000.0,7000.0,5000.0,-18.5,-3.0,0.5,0.0,0.0,0.0,0.0,0.0,0.0,312.0,0
0.10300000000000001,759.0,595.0,443.0,750.5,588.5,438.5,9000.0,7000.0,5000.0,-19.16666666666663,-3.3333333333333712,0.5,0.0,0.0,0.0,0.0,0.0,0.0,316.0,0
0.10400000000000001,768.0,602.0,448.0,759.5,595.5,443.5,9000.0,7000.0,5000.0,-19.83333333333337,-3.6666666666666288,0.5,0.0,0.0,0.0,0.0,0.0,0.0,320.0,0
0.105,776.0,610.0,453.0,768.5,602.5,448.5,8000.0,8000.0,5000.0,-20.5,-4.0,0.5,0.0,0.0,0.0,0.0,0.0,0.0,323.0,0
0.106,785.0,617.0,458.0,776.5,610.5,453.5,9000.0,7000.0,5000.0,-20.16666666666663,-5.333333333333371,0.5,0.0,0.0,0.0,0.0,0.0,0.0,327.0,0
0.107,794.0,624.0,464.0,785.5,617.5,458.5,9000.0,7000.0,6000.0,-20.83333333333337,-5.666666666666629,0.5,0.0,0.0,0.0,0.0,0.0,0.0,330.0,0
0.108,802.0,631.0,469.0,794.5,624.5,464.5,8000.0,7000.0,5000.0,-19.83333333333337,-4.666666666666629,0.5,0.0,0.0,0.0,0.0,0.0,0.0,333.0,0
0.109,811.0,638.0,474.0,802.5,631.5,469.5,9000.0,7000.0,5000.0,-19.5,-5.0,0.5,0.0,0.0,0.0,0.0,0.0,0.0,337.0,0
0.11,820.0,645.0,479.0,811.5,638.5,474.5,9000.0,7000.0,5000.0,-20.16666666666663,-5.333333333333371,0.5,0.0,0.0,0.0,0.0,0.0,0.0,341.0,0
0.111,828.0,653.0,484.0,820.5,645.5,479.5,8000.0,8000.0,5000.0,-20.83333333333337,-5.666666666666629,0.5,0.0,0.0,0.0,0.0,0.0,0.0,344.0,0
0.112,837.0,660.0,489.0,828.5,653.5,484.5,9000.0,7000.0,5000.0,-20.5,-7.0,0.5,0.0,0.0,0.0,0.0,0.0,0.0,348.0,0
0.113,846.0,667.0,494.0,837.5,660.5,489.5,9000.0,7000.0,5000.0,-21.16666666666663,-7.333333333333371,0.5,0.0,0.0,0.0,0.0,0.0,0.0,352.0,0
0.114,854.0,674.0,499.0,846.5,667.5,494.5,8000.0,7000.0,5000.0,-21.83333333333337,-7.666666666666629,0.5,0.0,0.0,0.0,0.0,0.0,0.0,355.0,0
0.115,863.0,681.0,504.0,854.5,674.5,499.5,9000.0,7000.0,5000.0,-21.5,-8.0,0.5,0.0,0.0,0.0,0.0,0.0,0.0,359.0,0
0.116,871.0,689.0,509.0,863.5,681.5,504.5,8000.0,8000.0,5000.0,-22.16666666666663,-8.333333333333371,0.5,0.0,0.0,0.0,0.0,0.0,0.0,362.0,0
0.117,880.0,696.0,514.0,871.5,689.5,509.5,9000.0,7000.0,5000.0,-21.83333333333337,-9.666666666666629,0.5,0.0,0.0,0.0,0.0,0.0,0.0,366.0,0
0.11800000000000001,888.0,703.0,519.0,880.5,696.5,514.5,8000.0,7000.0,5000.0,-22.5,-10.0,0.5,0.0,0.0,0.0,0.0,0.0,0.0,369.0,0
0.11900000000000001,897.0,710.0,524.0,888.5,703.5,519.5,9000.0,7000.0,5000.0,-22.16666666666663,-10.333333333333371,0.5,0.0,0.0,0.0,0.0,0.0,0.0,373.0,0
0.12,905.0,716.0,529.0,897.5,710.5,524.5,8000.0,6000.0,5000.0,-22.83333333333337,-10.666666666666629,0.5,0.0,0.0,0.0,0.0,0.0,0.0,376.0,0
0.121,913.0,723.0,534.0,905.5,716.5,529.5,8000.0,7000.0,5000.0,-22.5,-10.0,0.5,0.0,0.0,0.0,0.0,0.0,0.0,379.0,0
0.122,922.0,729.0,539.0,913.5,723.5,534.5,9000.0,6000.0,5000.0,-22.16666666666663,-10.333333333333371,0.5,0.0,0.0,0.0,0.0,0.0,0.0,383.0,0
0.123,930.0,735.0,544.0,922.5,729.5,539.5,8000.0,6000.0,5000.0,-22.83333333333337,-9.666666666666629,0.5,0.0,0.0,0.0,0.0,0.0,0.0,386.0,0
0.124,939.0,742.0,549.0,930.5,735.5,544.5,9000.0,7000.0,5000.0,-22.5,-9.0,0.5,0.0,0.0,0.0,0.0,0.0,0.0,390.0,0
0.125,947.0,749.0,554.0,939.5,742.5,549.5,8000.0,7000.0,5000.0,-23.16666666666663,-9.333333333333371,0.5,0.0,0.0,0.0,0.0,0.0,0.0,393.0,0
0.126,955.0,756.0,559.0,947.5,749.5,554.5,8000.0,7000.0,5000.0,-22.83333333333337,-9.666666666666629,0.5,0.0,0.0,0.0,0.0,0.0,0.0,396.0,0
0.127,964.0,763.0,564.0,955.5,756.5,559.5,9000.0,7000.0,5000.0,-22.5,-10.0,0.5,0.0,0.0,0.0,0.0,0.0,0.0,400.0,0
0.128,972.0,769.0,569.0,964.5,763.5,564.5,8000.0,6000.0,5000.0,-23.16666666666663,-10.333333333333371,0.5,0.0,0.0,0.0,0.0,0.0,0.0,403.0,0
0.129,980.0,776.0,574.0,972.5,769.5,569.5,8000.0,7000.0,5000.0,-22.83333333333337,-9.666666666666629,0.5,0.0,0.0,0.0,0.0,0.0,0.0,406.0,0
0.13,989.0,783.0,579.0,980.5,776.5,574.5,9000.0,7000.0,5000.0,-22.5,-10.0,0.5,0.0,0.0,0.0,0.0,0.0,0.0,410.0,0
0.131,997.0,789.0,584.0,989.5,783.5,579.5,8000.0,6000.0,5000.0,-23.16666666666663,-10.333333333333371,0.5,0.0,0.0,0.0,0.0,0.0,0.0,413.0,0
0.132,1005.0,796.0,589.0,997.5,789.5,584.5,8000.0,7000.0,5000.0,-22.83333333333337,-9.666666666666629,0.5,0.0,0.0,0.0,0.0,0.0,0.0,416.0,0
0.133,1013.0,802.0,594.0,1005.5,796.5,589.5,8000.0,6000.0,5000.0,-22.5,-10.0,0.5,0.0,0.0,0.0,0.0,0.0,0.0,419.0,0
0.134,1021.0,809.0,599.0,1013.5,802.5,594.5,8000.0,7000.0,5000.0,-22.16666666666663,-9.333333333333371,0.5,0.0,0.0,0.0,0.0,0.0,0.0,422.0,0
0.135,1030.0,816.0,604.0,1021.5,809.5,599.5,9000.0,7000.0,5000.0,-21.83333333333337,-9.666666666666629,0.5,0.0,0.0,0.0,0.0,0.0,0.0,426.0,0
0.136,1038.0,822.0,609.0,1030.5,816.5,604.5,8000.0,6000.0,5000.0,-22.5,-10.0,0.5,0.0,0.0,0.0,0.0,0.0,0.0,429.0,0
0.137,1046.0,829.0,614.0,1038.5,822.5,609.5,8000.0,7000.0,5000.0,-22.16666666666663,-9.333333333333371,0.5,0.0,0.0,0.0,0.0,0.0,0.0,432.0,0
0.138,1054.0,836.0,619.0,1046.5,829.5,614.5,8000.0,7000.0,5000.0,-21.833333333333258,-9.666666666666629,0.5,0.0,0.0,0.0,0.0,0.0,0.0,435.0,0
0.139,1063.0,843.0,625.0,1054.5,836.5,619.5,9000.0,7000.0,6000.0,-21.5,-10.0,0.5,0.0,0.0,0.0,0.0,0.0,0.0,438.0,0
0.14,1071.0,850.0,630.0,1063.5,843.5,625.5,8000.0,7000.0,5000.0,-20.5,-9.0,0.5,0.0,0.0,0.0,0.0,0.0,0.0,441.0,0
0.14100000000000001,1079.0,857.0,635.0,1071.5,850.5,630.5,8000.0,7000.0,5000.0,-20.166666666666742,-9.333333333333371,0.5,0.0,0.0,0.0,0.0,0.0,0.0,444.0,0
0.14200000000000002,1087.0,864.0,640.0,1079.5,857.5,635.5,8000.0,7000.0,5000.0,-19.833333333333258,-9.666666666666629,0.5,0.0,0.0,0.0,0.0,0.0,0.0,447.0,0
0.14300000000000002,1096.0,871.0,645.0,1087.5,864.5,640.5,9000.0,7000.0,5000.0,-19.5,-10.0,0.5,0.0,0.0,0.0,0.0,0.0,0.0,451.0,0
0.14400000000000002,1104.0,878.0,650.0,1096.5,871.5,645.5,8000.0,7000.0,5000.0,-20.166666666666742,-10.333333333333371,0.5,0.0,0.0,0.0,0.0,0.0,0.0,454.0,0
0.145,1112.0,884.0,655.0,1104.5,878.5,650.5,8000.0,6000.0,5000.0,-19.833333333333258,-10.666666666666629,0.5,0.0,0.0,0.0,0.0,0.0,0.0,457.0,0
0.146,1120.0,890.0,660.0,1112.5,884.5,655.5,8000.0,6000.0,5000.0,-19.5,-10.0,0.5,0.0,0.0,0.0,0.0,0.0,0.0,460.0,0
0.147,1128.0,897.0,665.0,1120.5,890.5,660.5,8000.0,7000.0,5000.0,-19.166666666666742,-9.333333333333371,0.5,0.0,0.0,0.0,0.0,0.0,0.0,463.0,0
0.148,1137.0,903.0,670.0,1128.5,897.5,665.5,9000.0,6000.0,5000.0,-18.833333333333258,-9.666666666666629,0.5,0.0,0.0,0.0,0.0,0.0,0.0,467.0,0
0.149,1145.0,910.0,675.0,1137.5,903.5,670.5,8000.0,7000.0,5000.0,-19.5,-9.0,0.5,0.0,0.0,0.0,0.0,0.0,0.0,470.0,0
0.15,1153.0,917.0,680.0,1145.5,910.5,675.5,8000.0,7000.0,5000.0,-19.166666666666742,-9.333333333333371,0.5,0.0,0.0,0.0,0.0,0.0,0.0,473.0,0
0.151,1161.0,924.0,685.0,1153.5,917.5,680.5,8000.0,7000.0,5000.0,-18.833333333333258,-9.666666666666629,0.5,0.0,0.0,0.0,0.0,0.0,0.0,476.0,0
0.152,1169.0,931.0,690.0,1161.5,924.5,685.5,8000.0,7000.0,5000.0,-18.5,-10.0,0.5,0.0,0.0,0.0,0.0,0.0,0.0,479.0,0
0.153,1177.0,937.0,695.0,1169.5,931.5,690.5,8000.0,6000.0,5000.0,-18.166666666666742,-10.333333333333371,0.5,0.0,0.0,0.0,0.0,0.0,0.0,482.0,0
0.154,1186.0,944.0,700.0,1177.5,937.5,695.5,9000.0,7000.0,5000.0,-17.833333333333258,-9.666666666666629,0.5,0.0,0.0,0.0,0.0,0.0,0.0,486.0,0
0.155,1194.0,951.0,705.0,1186.5,944.5,700.5,8000.0,7000.0,5000.0,-18.5,-10.0,0.5,0.0,0.0,0.0,0.0,0.0,0.0,489.0,0
0.156,1202.0,957.0,710.0,1194.5,951.5,705.5,8000.0,6000.0,5000.0,-18.166666666666742,-10.333333333333371,0.5,0.0,0.0,0.0,0.0,0.0,0.0,492.0,0
0.157,1210.0,964.0,715.0,1202.5,957.5,710.5,8000.0,7000.0,5000.0,-17.833333333333258,-9.666666666666629,0.5,0.0,0.0,0.0,0.0,0.0,0.0,495.0,0
0.158,1218.0,970.0,720.0,1210.5,964.5,715.5,8000.0,6000.0,5000.0,-17.5,-10.0,0.5,0.0,0.0,0.0,0.0,0.0,0.0,498.0,0
0.159,1226.0,976.0,725.0,1218.5,970.5,720.5,8000.0,6000.0,5000.0,-17.166666666666742,-9.333333333333371,0.5,0.0,0.0,0.0,0.0,0.0,0.0,501.0,0
0.16,1234.0,983.0,730.0,1226.5,976.5,725.5,8000.0,7000.0,5000.0,-16.833333333333258,-8.666666666666629,0.5,0.0,0.0,0.0,0.0,0.0,0.0,504.0,0
0.161,1243.0,990.0,735.0,1234.5,983.5,730.5,9000.0,7000.0,5000.0,-16.5,-9.0,0.5,0.0,0.0,0.0,0.0,0.0,0.0,508.0,0
0.162,1251.0,997.0,740.0,1243.5,990.5,735.5,8000.0,7000.0,5000.0,-17.166666666666742,-9.333333333333371,0.5,0.0,0.0,0.0,0.0,0.0,0.0,511.0,0
0.163,1259.0,1004.0,745.0,1251.5,997.5,740.5,8000.0,7000.0,5000.0,-16.833333333333258,-9.666666666666629,0.5,0.0,0.0,0.0,0.0,0.0,0.0,514.0,0
0.164,1267.0,1011.0,750.0,1259.5,1004.5,745.5,8000.0,7000.0,5000.0,-16.5,-10.0,0.5,0.0,0.0,0.0,0.0,0.0,0.0,517.0,0
0.165,1275.0,1017.0,755.0,1267.5,1011.5,750.5,8000.0,6000.0,5000.0,-16.166666666666742,-10.333333333333371,0.5,0.0,0.0,0.0,0.0,0.0,0.0,520.0,0
0.166,1283.0,1024.0,760.0,1275.5,1017.5,755.5,8000.0,7000.0,5000.0,-15.833333333333258,-9.666666666666629,0.5,0.0,0.0,0.0,0.0,0.0,0.0,523.0,0
0.167,1291.0,1030.0,765.0,1283.5,1024.5,760.5,8000.0,6000.0,5000.0,-15.5,-10.0,0.5,0.0,0.0,0.0,0.0,0.0,0.0,526.0,0
0.168,1299.0,1037.0,770.0,1291.5,1030.5,765.5,8000.0,7000.0,5000.0,-15.166666666666742,-9.333333333333371,0.5,0.0,0.0,0.0,0.0,0.0,0.0,529.0,0
0.169,1308.0,1044.0,775.0,1299.5,1037.5,770.5,9000.0,7000.0,5000.0,-14.833333333333258,-9.666666666666742,0.5,0.0,0.0,0.0,0.0,0.0,0.0,533.0,0
0.17,1316.0,1050.0,780.0,1308.5,1044.5,775.5,8000.0,6000.0,5000.0,-15.5,-10.0,0.5,0.0,0.0,0.0,0.0,0.0,0.0,536.0,0
0.171,1324.0,1057.0,785.0,1316.5,1050.5,780.5,8000.0,7000.0,5000.0,-15.166666666666742,-9.333333333333258,0.5,0.0,0.0,0.0,0.0,0.0,0.0,539.0,0
0.17200000000000001,1332.0,1064.0,791.0,1324.5,1057.5,785.5,8000.0,7000.0,6000.0,-14.833333333333258,-9.666666666666742,0.5,0.0,0.0,0.0,0.0,0.0,0.0,541.0,0
0.17300000000000001,1340.0,1071.0,796.0,1332.5,1064.5,791.5,8000.0,7000.0,5000.0,-12.833333333333258,-8.666666666666742,0.5,0.0,0.0,0.0,0.0,0.0,0.0,544.0,0
0.17400000000000002,1348.0,1078.0,801.0,1340.5,1071.5,796.5,8000.0,7000.0,5000.0,-12.5,-9.0,0.5,0.0,0.0,0.0,0.0,0.0,0.0,547.0,0
0.17500000000000002,1357.0,1084.0,806.0,1348.5,1078.5,801.5,9000.0,6000.0,5000.0,-12.166666666666742,-9.333333333333258,0.5,0.0,0.0,0.0,0.0,0.0,0.0,551.0,0
0.176,1365.0,1091.0,811.0,1357.5,1084.5,806.5,8000.0,7000.0,5000.0,-12.833333333333258,-8.666666666666742,0.5,0.0,0.0,0.0,0.0,0.0,0.0,554.0,0
0.177,1373.0,1098.0,816.0,1365.5,1091.5,811.5,8000.0,7000.0,5000.0,-12.5,-9.0,0.5,0.0,0.0,0.0,0.0,0.0,0.0,557.0,0
0.178,1381.0,1105.0,821.0,1373.5,1098.5,816.5,8000.0,7000.0,5000.0,-12.166666666666742,-9.333333333333258,0.5,0.0,0.0,0.0,0.0,0.0,0.0,560.0,0
0.179,1389.0,1112.0,826.0,1381.5,1105.5,821.5,8000.0,7000.0,5000.0,-11.833333333333258,-9.666666666666742,0.5,0.0,0.0,0.0,0.0,0.0,0.0,563.0,0
0.18,1397.0,1118.0,831.0,1389.5,1112.5,826.5,8000.0,6000.0,5000.0,-11.5,-10.0,0.5,0.0,0.0,0.0,0.0,0.0,0.0,566.0,0
0.181,1406.0,1125.0,836.0,1397.5,1118.5,831.5,9000.0,7000.0,5000.0,-11.166666666666742,-9.333333333333258,0.5,0.0,0.0,0.0,0.0,0.0,0.0,570.0,0
0.182,1414.0,1132.0,841.0,1406.5,1125.5,836.5,8000.0,7000.0,5000.0,-11.833333333333258,-9.666666666666742,0.5,0.0,0.0,0.0,0.0,0.0,0.0,573.0,0
0.183,1422.0,1139.0,846.0,1414.5,1132.5,841.5,8000.0,7000.0,5000.0,-11.5,-10.0,0.5,0.0,0.0,0.0,0.0,0.0,0.0,576.0,0
0.184,1430.0,1145.0,851.0,1422.5,1139.5,846.5,8000.0,6000.0,5000.0,-11.166666666666742,-10.333333333333258,0.5,0.0,0.0,0.0,0.0,0.0,0.0,579.0,0
0.185,1438.0,1152.0,856.0,1430.5,1145.5,851.5,8000.0,7000.0,5000.0,-10.833333333333258,-9.666666666666742,0.5,0.0,0.0,0.0,0.0,0.0,0.0,582.0,0
0.186,1446.0,1158.0,861.0,1438.5,1152.5,856.5,8000.0,6000.0,5000.0,-10.5,-10.0,0.5,0.0,0.0,0.0,0.0,0.0,0.0,585.0,0
0.187,1455.0,1165.0,866.0,1446.5,1158.5,861.5,9000.0,7000.0,5000.0,-10.166666666666742,-9.333333333333258,0.5,0.0,0.0,0.0,0.0,0.0,0.0,589.0,0
0.188,1463.0,1171.0,871.0,1455.5,1165.5,866.5,8000.0,6000.0,5000.0,-10.833333333333258,-9.666666666666742,0.5,0.0,0.0,0.0,0.0,0.0,0.0,592.0,0
0.189,1471.0,1178.0,876.0,1463.5,1171.5,871.5,8000.0,7000.0,5000.0,-10.5,-9.0,0.5,0.0,0.0,0.0,0.0,0.0,0.0,595.0,0
0.19,1479.0,1185.0,881.0,1471.5,1178.5,876.5,8000.0,7000.0,5000.0,-10.166666666666742,-9.333333333333258,0.5,0.0,0.0,0.0,0.0,0.0,0.0,598.0,0
0.191,1488.0,1192.0,886.0,1479.5,1185.5,881.5,9000.0,7000.0,5000.0,-9.833333333333258,-9.666666666666742,0.5,0.0,0.0,0.0,0.0,0.0,0.0,602.0,0
0.192,1496.0,1198.0,891.0,1488.5,1192.5,886.5,8000.0,6000.0,5000.0,-10.5,-10.0,0.5,0.0,0.0,0.0,0.0,0.0,0.0,605.0,0
0.193,1504.0,1205.0,896.0,1496.5,1198.5,891.5,8000.0,7000.0,5000.0,-10.166666666666742,-9.333333333333258,0.5,0.0,0.0,0.0,0.0,0.0,0.0,608.0,0
0.194,1512.0,1212.0,901.0,1504.5,1205.5,896.5,8000.0,7000.0,5000.0,-9.833333333333258,-9.666666666666742,0.5,0.0,0.0,0.0,0.0,0.0,0.0,611.0,0
0.195,1521.0,1218.0,906.0,1512.5,1212.5,901.5,9000.0,6000.0,5000.0,-9.5,-10.0,0.5,0.0,0.0,0.0,0.0,0.0,0.0,615.0,0
0.196,1529.0,1225.0,911.0,1521.5,1218.5,906.5,8000.0,7000.0,5000.0,-10.166666666666742,-9.333333333333258,0.5,0.0,0.0,0.0,0.0,0.0,0.0,618.0,0
0.197,1538.0,1232.0,916.0,1529.5,1225.5,911.5,9000.0,7000.0,5000.0,-9.833333333333258,-9.666666666666742,0.5,0.0,0.0,0.0,0.0,0.0,0.0,622.0,0
0.198,1546.0,1238.0,921.0,1538.5,1232.5,916.5,8000.0,6000.0,5000.0,-10.5,-10.0,0.5,0.0,0.0,0.0,0.0,0.0,0.0,625.0,0
0.199,1554.0,1245.0,926.0,1546.5,1238.5,921.5,8000.0,7000.0,5000.0,-10.166666666666742,-9.333333333333258,0.5,0.0,0.0,0.0,0.0,0.0,0.0,628.0,0
0.2,1563.0,1252.0,931.0,1554.5,1245.5,926.5,9000.0,7000.0,5000.0,-9.833333333333258,-9.666666666666742,0.5,0.0,0.0,0.0,0.0,0.0,0.0,632.0,0
0.201,1571.0,1258.0,936.0,1563.5,1252.5,931.5,8000.0,6000.0,5000.0,-10.5,-10.0,0.5,0.0,0.0,0.0,0.0,0.0,0.0,635.0,0
0.202,1579.0,1265.0,941.0,1571.5,1258.5,936.5,8000.0,7000.0,5000.0,-10.166666666666742,-9.333333333333258,0.5,0.0,0.0,0.0,0.0,0.0,0.0,638.0,0
0.203,1587.0,1272.0,946.0,1579.5,1265.5,941.5,8000.0,7000.0,5000.0,-9.833333333333258,-9.666666666666742,0.5,0.0,0.0,0.0,0.0,0.0,0.0,641.0,0
0.20400000000000001,1596.0,1278.0,952.0,1587.5,1272.5,946.5,9000.0,6000.0,6000.0,-9.5,-10.0,0.5,0.0,0.0,0.0,0.0,0.0,0.0,644.0,0
0.20500000000000002,1604.0,1285.0,957.0,1596.5,1278.5,952.5,8000.0,7000.0,5000.0,-8.5,-8.0,0.5,0.0,0.0,0.0,0.0,0.0,0.0,647.0,0
0.20600000000000002,1613.0,1292.0,962.0,1604.5,1285.5,957.5,9000.0,7000.0,5000.0,-8.166666666666742,-8.333333333333258,0.5,0.0,0.0,0.0,0.0,0.0,0.0,651.0,0
0.20700000000000002,1621.0,1298.0,967.0,1613.5,1292.5,962.5,8000.0,6000.0,5000.0,-8.833333333333258,-8.666666666666742,0.5,0.0,0.0,0.0,0.0,0.0,0.0,654.0,0
0.20800000000000002,1630.0,1305.0,972.0,1621.5,1298.5,967.5,9000.0,7000.0,5000.0,-8.5,-8.0,0.5,0.0,0.0,0.0,0.0,0.0,0.0,658.0,0
0.209,1638.0,1312.0,977.0,1630.5,1305.5,972.5,8000.0,7000.0,5000.0,-9.166666666666742,-8.333333333333258,0.5,0.0,0.0,0.0,0.0,0.0,0.0,661.0,0
0.21,1647.0,1318.0,982.0,1638.5,1312.5,977.5,9000.0,6000.0,5000.0,-8.833333333333258,-8.666666666666742,0.5,0.0,0.0,0.0,0.0,0.0,0.0,665.0,0
0.211,1655.0,1325.0,987.0,1647.5,1318.5,982.5,8000.0,7000.0,5000.0,-9.5,-8.0,0.5,0.0,0.0,0.0,0.0,0.0,0.0,668.0,0
0.212,1664.0,1332.0,992.0,1655.5,1325.5,987.5,9000.0,7000.0,5000.0,-9.166666666666742,-8.333333333333258,0.5,0.0,0.0,0.0,0.0,0.0,0.0,672.0,0
0.213,1673.0,1338.0,997.0,1664.5,1332.5,992.5,9000.0,6000.0,5000.0,-9.833333333333258,-8.666666666666742,0.5,0.0,0.0,0.0,0.0,0.0,0.0,676.0,0
0.214,1681.0,1345.0,1002.0,1673.5,1338.5,997.5,8000.0,7000.0,5000.0,-10.5,-8.0,0.5,0.0,0.0,0.0,0.0,0.0,0.0,679.0,0
0.215,1689.0,1352.0,1007.0,1681.5,1345.5,1002.5,8000.0,7000.0,5000.0,-10.166666666666742,-8.333333333333258,0.5,0.0,0.0,0.0,0.0,0.0,0.0,682.0,0
0.216,1697.0,1358.0,1012.0,1689.5,1352.5,1007.5,8000.0,6000.0,5000.0,-9.833333333333258,-8.666666666666742,0.5,0.0,0.0,0.0,0.0,0.0,0.0,685.0,0
0.217,1706.0,1365.0,1017.0,1697.5,1358.5,1012.5,9000.0,7000.0,5000.0,-9.5,-8.0,0.5,0.0,0.0,0.0,0.0,0.0,0.0,689.0,0
0.218,1714.0,1372.0,1022.0,1706.5,1365.5,1017.5,8000.0,7000.0,5000.0,-10.166666666666742,-8.333333333333258,0.5,0.0,0.0,0.0,0.0,0.0,0.0,692.0,0
0.219,1723.0,1378.0,1027.0,1714.5,1372.5,1022.5,9000.0,6000.0,5000.0,-9.833333333333258,-8.666666666666742,0.5,0.0,0.0,0.0,0.0,0.0,0.0,696.0,0
0.22,1731.0,1385.0,1032.0,1723.5,1378.5,1027.5,8000.0,7000.0,5000.0,-10.5,-8.0,0.5,0.0,0.0,0.0,0.0,0.0,0.0,699.0,0
0.221,1739.0,1392.0,1037.0,1731.5,1385.5,1032.5,8000.0,7000.0,5000.0,-10.166666666666742,-8.333333333333258,0.5,0.0,0.0,0.0,0.0,0.0,0.0,702.0,0
0.222,1747.0,1399.0,1042.0,1739.5,1392.5,1037.5,8000.0,7000.0,5000.0,-9.833333333333258,-8.666666666666742,0.5,0.0,0.0,0.0,0.0,0.0,0.0,705.0,0
0.223,1756.0,1405.0,1047.0,1747.5,1399.5,1042.5,9000.0,6000.0,5000.0,-9.5,-9.0,0.5,0.0,0.0,0.0,0.0,0.0,0.0,709.0,0
0.224,1764.0,1412.0,1052.0,1756.5,1405.5,1047.5,8000.0,7000.0,5000.0,-10.166666666666742,-8.333333333333258,0.5,0.0,0.0,0.0,0.0,0.0,0.0,712.0,0
0.225,1773.0,1419.0,1057.0,1764.5,1412.5,1052.5,9000.0,7000.0,5000.0,-9.833333333333258,-8.666666666666742,0.5,0.0,0.0,0.0,0.0,0.0,0.0,716.0,0
0.226,1781.0,1425.0,1062.0,1773.5,1419.5,1057.5,8000.0,6000.0,5000.0,-10.5,-9.0,0.5,0.0,0.0,0.0,0.0,0.0,0.0,719.0,0
0.227,1789.0,1432.0,1067.0,1781.5,1425.5,1062.5,8000.0,7000.0,5000.0,-10.166666666666742,-8.333333333333258,0.5,0.0,0.0,0.0,0.0,0.0,0.0,722.0,0
0.228,1797.0,1439.0,1072.0,1789.5,1432.5,1067.5,8000.0,7000.0,5000.0,-9.833333333333258,-8.666666666666742,0.5,0.0,0.0,0.0,0.0,0.0,0.0,725.0,0
0.229,1806.0,1445.0,1077.0,1797.5,1439.5,1072.5,9000.0,6000.0,5000.0,-9.5,-9.0,0.5,0.0,0.0,0.0,0.0,0.0,0.0,729.0,0
0.23,1814.0,1452.0,1082.0,1806.5,1445.5,1077.5,8000.0,7000.0,5000.0,-10.166666666666742,-8.333333333333258,0.5,0.0,0.0,0.0,0.0,0.0,0.0,732.0,0
0.231,1823.0,1459.0,1087.0,1814.5,1452.5,1082.5,9000.0,7000.0,5000.0,-9.833333333333258,-8.666666666666742,0.5,0.0,0.0,0.0,0.0,0.0,0.0,736.0,0
0.232,1831.0,1465.0,1092.0,1823.5,1459.5,1087.5,8000.0,6000.0,5000.0,-10.5,-9.0,0.5,0.0,0.0,0.0,0.0,0.0,0.0,739.0,0
0.233,1839.0,1472.0,1097.0,1831.5,1465.5,1092.5,8000.0,7000.0,5000.0,-10.166666666666742,-8.333333333333258,0.5,0.0,0.0,0.0,0.0,0.0,0.0,742.0,0
0.234,1847.0,1479.0,1102.0,1839.5,1472.5,1097.5,8000.0,7000.0,5000.0,-9.833333333333258,-8.666666666666742,0.5,0.0,0.0,0.0,0.0,0.0,0.0,745.0,0
0.23500000000000001,1856.0,1485.0,1107.0,1847.5,1479.5,1102.5,9000.0,6000.0,5000.0,-9.5,-9.0,0.5,0.0,0.0,0.0,0.0,0.0,0.0,749.0,0
0.23600000000000002,1864.0,1492.0,1113.0,1856.5,1485.5,1107.5,8000.0,7000.0,6000.0,-10.166666666666742,-8.333333333333258,0.5,0.0,0.0,0.0,0.0,0.0,0.0,751.0,0
0.23700000000000002,1873.0,1499.0,1118.0,1864.5,1492.5,1113.5,9000.0,7000.0,5000.0,-8.166666666666742,-7.3333333333332575,0.5,0.0,0.0,0.0,0.0,0.0,0.0,755.0,0
0.23800000000000002,1881.0,1506.0,1123.0,1873.5,1499.5,1118.5,8000.0,7000.0,5000.0,-8.833333333333258,-7.6666666666667425,0.5,0.0,0.0,0.0,0.0,0.0,0.0,758.0,0
0.23900000000000002,1889.0,1512.0,1128.0,1881.5,1506.5,1123.5,8000.0,6000.0,5000.0,-8.5,-8.0,0.5,0.0,0.0,0.0,0.0,0.0,0.0,761.0,0
0.24,1898.0,1519.0,1133.0,1889.5,1512.5,1128.5,9000.0,7000.0,5000.0,-8.166666666666742,-7.3333333333332575,0.5,0.0,0.0,0.0,0.0,0.0,0.0,765.0,0
0.241,1906.0,1526.0,1138.0,1898.5,1519.5,1133.5,8000.0,7000.0,5000.0,-8.833333333333258,-7.6666666666667425,0.5,0.0,0.0,0.0,0.0,0.0,0.0,768.0,0
0.242,1915.0,1532.0,1143.0,1906.5,1526.5,1138.5,9000.0,6000.0,5000.0,-8.5,-8.0,0.5,0.0,0.0,0.0,0.0,0.0,0.0,772.0,0
0.243,1923.0,1539.0,1148.0,1915.5,1532.5,1143.5,8000.0,7000.0,5000.0,-9.166666666666742,-7.3333333333332575,0.5,0.0,0.0,0.0,0.0,0.0,0.0,775.0,0
0.244,1932.0,1546.0,1153.0,1923.5,1539.5,1148.5,9000.0,7000.0,5000.0,-8.833333333333258,-7.6666666666667425,0.5,0.0,0.0,0.0,0.0,0.0,0.0,779.0,0
0.245,1940.0,1552.0,1158.0,1932.5,1546.5,1153.5,8000.0,6000.0,5000.0,-9.5,-8.0,0.5,0.0,0.0,0.0,0.0,0.0,0.0,782.0,0
0.246,1949.0,1559.0,1163.0,1940.5,1552.5,1158.5,9000.0,7000.0,5000.0,-9.166666666666742,-7.3333333333332575,0.5,0.0,0.0,0.0,0.0,0.0,0.0,786.0,0
0.247,1957.0,1566.0,1168.0,1949.5,1559.5,1163.5,8000.0,7000.0,5000.0,-9.833333333333258,-7.6666666666667425,0.5,0.0,0.0,0.0,0.0,0.0,0.0,789.0,0
0.248,1966.0,1572.0,1173.0,1957.5,1566.5,1168.5,9000.0,6000.0,5000.0,-9.5,-8.0,0.5,0.0,0.0,0.0,0.0,0.0,0.0,793.0,0
0.249,1974.0,1579.0,1178.0,1966.5,1572.5,1173.5,8000.0,7000.0,5000.0,-10.166666666666742,-7.3333333333332575,0.5,0.0,0.0,0.0,0.0,0.0,0.0,796.0,0
0.25,1982.0,1586.0,1183.0,1974.5,1579.5,1178.5,8000.0,7000.0,5000.0,-9.833333333333258,-7.6666666666667425,0.5,0.0,0.0,0.0,0.0,0.0,0.0,799.0,0
0.251,1991.0,1593.0,1188.0,1982.5,1586.5,1183.5,9000.0,7000.0,5000.0,-9.5,-8.0,0.5,0.0,0.0,0.0,0.0,0.0,0.0,803.0,0
0.252,1999.0,1599.0,1193.0,1991.5,1593.5,1188.5,8000.0,6000.0,5000.0,-10.166666666666742,-8.333333333333258,0.5,0.0,0.0,0.0,0.0,0.0,0.0,806.0,0
0.253,2007.0,1606.0,1198.0,1999.5,1599.5,1193.5,8000.0,7000.0,5000.0,-9.833333333333258,-7.6666666666667425,0.5,0.0,0.0,0.0,0.0,0.0,0.0,809.0,0
0.254,2016.0,1613.0,1203.0,2007.5,1606.5,1198.5,9000.0,7000.0,5000.0,-9.5,-8.0,0.5,0.0,0.0,0.0,0.0,0.0,0.0,813.0,0
0.255,2024.0,1619.0,1208.0,2016.5,1613.5,1203.5,8000.0,6000.0,5000.0,-10.166666666666742,-8.333333333333258,0.5,0.0,0.0,0.0,0.0,0.0,0.0,816.0,0
0.256,2033.0,1626.0,1213.0,2024.5,1619.5,1208.5,9000.0,7000.0,5000.0,-9.833333333333258,-7.6666666666667425,0.5,0.0,0.0,0.0,0.0,0.0,0.0,820.0,0
0.257,2041.0,1633.0,1218.0,2033.5,1626.5,1213.5,8000.0,7000.0,5000.0,-10.5,-8.0,0.5,0.0,0.0,0.0,0.0,0.0,0.0,823.0,0
0.258,2049.0,1639.0,1223.0,2041.5,1633.5,1218.5,8000.0,6000.0,5000.0,-10.166666666666742,-8.333333333333258,0.5,0.0,0.0,0.0,0.0,0.0,0.0,826.0,0
0.259,2057.0,1646.0,1228.0,2049.5,1639.5,1223.5,8000.0,7000.0,5000.0,-9.833333333333258,-7.6666666666667425,0.5,0.0,0.0,0.0,0.0,0.0,0.0,829.0,0
0.26,2066.0,1653.0,1233.0,2057.5,1646.5,1228.5,9000.0,7000.0,5000.0,-9.5,-8.0,0.5,0.0,0.0,0.0,0.0,0.0,0.0,833.0,0
0.261,2074.0,1659.0,1238.0,2066.5,1653.5,1233.5,8000.0,6000.0,5000.0,-10.166666666666515,-8.333333333333258,0.5,0.0,0.0,0.0,0.0,0.0,0.0,836.0,0
0.262,2082.0,1666.0,1243.0,2074.5,1659.5,1238.5,8000.0,7000.0,5000.0,-9.833333333333485,-7.6666666666667425,0.5,0.0,0.0,0.0,0.0,0.0,0.0,839.0,0
0.263,2091.0,1673.0,1248.0,2082.5,1666.5,1243.5,9000.0,7000.0,5000.0,-9.5,-8.0,0.5,0.0,0.0,0.0,0.0,0.0,0.0,843.0,0
0.264,2099.0,1679.0,1253.0,2091.5,1673.5,1248.5,8000.0,6000.0,5000.0,-10.166666666666515,-8.333333333333258,0.5,0.0,0.0,0.0,0.0,0.0,0.0,846.0,0
0.265,2107.0,1686.0,1258.0,2099.5,1679.5,1253.5,8000.0,7000.0,5000.0,-9.833333333333485,-7.6666666666667425,0.5,0.0,0.0,0.0,0.0,0.0,0.0,849.0,0
0.266,2116.0,1693.0,1263.0,2107.5,1686.5,1258.5,9000.0,7000.0,5000.0,-9.5,-8.0,0.5,0.0,0.0,0.0,0.0,0.0,0.0,853.0,0
0.267,2124.0,1700.0,1268.0,2116.5,1693.5,1263.5,8000.0,7000.0,5000.0,-10.166666666666515,-8.333333333333258,0.5,0.0,0.0,0.0,0.0,0.0,0.0,856.0,0
0.268,2132.0,1706.0,1274.0,2124.5,1700.5,1268.5,8000.0,6000.0,6000.0,-9.833333333333485,-8.666666666666742,0.5,0.0,0.0,0.0,0.0,0.0,0.0,858.0,0
0.269,2141.0,1713.0,1279.0,2132.5,1706.5,1274.5,9000.0,7000.0,5000.0,-7.833333333333485,-6.6666666666667425,0.5,0.0,0.0,0.0,0.0,0.0,0.0,862.0,0
0.27,2149.0,1720.0,1284.0,2141.5,1713.5,1279.5,8000.0,7000.0,5000.0,-8.5,-7.0,0.5,0.0,0.0,0.0,0.0,0.0,0.0,865.0,0
0.271,2158.0,1726.0,1289.0,2149.5,1720.5,1284.5,9000.0,6000.0,5000.0,-8.166666666666515,-7.3333333333332575,0.5,0.0,0.0,0.0,0.0,0.0,0.0,869.0,0
0.272,2166.0,1733.0,1294.0,2158.5,1726.5,1289.5,8000.0,7000.0,5000.0,-8.833333333333485,-6.6666666666667425,0.5,0.0,0.0,0.0,0.0,0.0,0.0,872.0,0
0.273,2174.0,1740.0,1299.0,2166.5,1733.5,1294.5,8000.0,7000.0,5000.0,-8.5,-7.0,0.5,0.0,0.0,0.0,0.0,0.0,0.0,875.0,0
0.274,2183.0,1746.0,1304.0,2174.5,1740.5,1299.5,9000.0,6000.0,5000.0,-8.166666666666515,-7.3333333333332575,0.5,0.0,0.0,0.0,0.0,0.0,0.0,879.0,0
0.275,2191.0,1753.0,1309.0,2183.5,1746.5,1304.5,8000.0,7000.0,5000.0,-8.833333333333485,-6.6666666666667425,0.5,0.0,0.0,0.0,0.0,0.0,0.0,882.0,0
0.276,2200.0,1760.0,1314.0,2191.5,1753.5,1309.5,9000.0,7000.0,5000.0,-8.5,-7.0,0.5,0.0,0.0,0.0,0.0,0.0,0.0,886.0,0
0.277,2208.0,1766.0,1319.0,2200.5,1760.5,1314.5,8000.0,6000.0,5000.0,-9.166666666666515,-7.3333333333332575,0.5,0.0,0.0,0.0,0.0,0.0,0.0,889.0,0
0.278,2216.0,1773.0,1324.0,2208.5,1766.5,1319.5,8000.0,7000.0,5000.0,-8.833333333333485,-6.6666666666667425,0.5,0.0,0.0,0.0,0.0,0.0,0.0,892.0,0
0.279,2225.0,1780.0,1329.0,2216.5,1773.5,1324.5,9000.0,7000.0,5000.0,-8.5,-7.0,0.5,0.0,0.0,0.0,0.0,0.0,0.0,896.0,0
0.28,2233.0,1786.0,1334.0,2225.5,1780.5,1329.5,8000.0,6000.0,5000.0,-9.166666666666515,-7.3333333333332575,0.5,0.0,0.0,0.0,0.0,0.0,0.0,899.0,0
0.281,2242.0,1793.0,1339.0,2233.5,1786.5,1334.5,9000.0,7000.0,5000.0,-8.833333333333485,-6.6666666666667425,0.5,0.0,0.0,0.0,0.0,0.0,0.0,903.0,0
0.28200000000000003,2250.0,1800.0,1344.0,2242.5,1793.5,1339.5,8000.0,7000.0,5000.0,-9.5,-7.0,0.5,0.0,0.0,0.0,0.0,0.0,0.0,906.0,0
0.28300000000000003,2258.0,1807.0,1349.0,2250.5,1800.5,1344.5,8000.0,7000.0,5000.0,-9.166666666666515,-7.3333333333332575,0.5,0.0,0.0,0.0,0.0,0.0,0.0,909.0,0
0.28400000000000003,2267.0,1813.0,1354.0,2258.5,1807.5,1349.5,9000.0,6000.0,5000.0,-8.833333333333485,-7.6666666666667425,0.5,0.0,0.0,0.0,0.0,0.0,0.0,913.0,0
0.28500000000000003,2275.0,1820.0,1359.0,2267.5,1813.5,1354.5,8000.0,7000.0,5000.0,-9.5,-7.0,0.5,0.0,0.0,0.0,0.0,0.0,0.0,916.0,0
0.28600000000000003,2284.0,1827.0,1364.0,2275.5,1820.5,1359.5,9000.0,7000.0,5000.0,-9.166666666666515,-7.3333333333332575,0.5,0.0,0.0,0.0,0.0,0.0,0.0,920.0,0
0.28700000000000003,2292.0,1833.0,1369.0,2284.5,1827.5,1364.5,8000.0,6000.0,5000.0,-9.833333333333485,-7.6666666666667425,0.5,0.0,0.0,0.0,0.0,0.0,0.0,923.0,0
0.28800000000000003,2300.0,1840.0,1374.0,2292.5,1833.5,1369.5,8000.0,7000.0,5000.0,-9.5,-7.0,0.5,0.0,0.0,0.0,0.0,0.0,0.0,926.0,0
0.289,2309.0,1847.0,1379.0,2300.5,1840.5,1374.5,9000.0,7000.0,5000.0,-9.166666666666515,-7.3333333333332575,0.5,0.0,0.0,0.0,0.0,0.0,0.0,930.0,0
0.29,2317.0,1853.0,1384.0,2309.5,1847.5,1379.5,8000.0,6000.0,5000.0,-9.833333333333485,-7.6666666666667425,0.5,0.0,0.0,0.0,0.0,0.0,0.0,933.0,0
0.291,2326.0,1860.0,1389.0,2317.5,1853.5,1384.5,9000.0,7000.0,5000.0,-9.5,-7.0,0.5,0.0,0.0,0.0,0.0,0.0,0.0,937.0,0
0.292,2334.0,1867.0,1394.0,2326.5,1860.5,1389.5,8000.0,7000.0,5000.0,-10.166666666666515,-7.3333333333332575,0.5,0.0,0.0,0.0,0.0,0.0,0.0,940.0,0
0.293,2342.0,1873.0,1399.0,2334.5,1867.5,1394.5,8000.0,6000.0,5000.0,-9.833333333333485,-7.6666666666667425,0.5,0.0,0.0,0.0,0.0,0.0,0.0,943.0,0
0.294,2351.0,1880.0,1404.0,2342.5,1873.5,1399.5,9000.0,7000.0,5000.0,-9.5,-7.0,0.5,0.0,0.0,0.0,0.0,0.0,0.0,947.0,0
0.295,2359.0,1887.0,1409.0,2351.5,1880.5,1404.5,8000.0,7000.0,5000.0,-10.166666666666515,-7.3333333333332575,0.5,0.0,0.0,0.0,0.0,0.0,0.0,950.0,0
0.296,2367.0,1894.0,1414.0,2359.5,1887.5,1409.5,8000.0,7000.0,5000.0,-9.833333333333485,-7.6666666666667425,0.5,0.0,0.0,0.0,0.0,0.0,0.0,953.0,0
0.297,2376.0,1900.0,1419.0,2367.5,1894.5,1414.5,9000.0,6000.0,5000.0,-9.5,-8.0,0.5,0.0,0.0,0.0,0.0,0.0,0.0,957.0,0
0.298,2384.0,1907.0,1424.0,2376.5,1900.5,1419.5,8000.0,7000.0,5000.0,-10.166666666666515,-7.3333333333332575,0.5,0.0,0.0,0.0,0.0,0.0,0.0,960.0,0
0.299,2392.0,1914.0,1429.0,2384.5,1907.5,1424.5,8000.0,7000.0,5000.0,-9.833333333333485,-7.6666666666667425,0.5,0.0,0.0,0.0,0.0,0.0,0.0,963.0,0
0.3,2401.0,1920.0,1435.0,2392.5,1914.5,1429.5,9000.0,6000.0,6000.0,-9.5,-8.0,0.5,0.0,0.0,0.0,0.0,0.0,0.0,966.0,0
0.301,2409.0,1927.0,1440.0,2401.5,1920.5,1435.5,8000.0,7000.0,5000.0,-8.5,-6.0,0.5,0.0,0.0,0.0,0.0,0.0,0.0,969.0,0
0.302,2418.0,1934.0,1445.0,2409.5,1927.5,1440.5,9000.0,7000.0,5000.0,-8.166666666666515,-6.3333333333332575,0.5,0.0,0.0,0.0,0.0,0.0,0.0,973.0,0
0.303,2426.0,1940.0,1450.0,2418.5,1934.5,1445.5,8000.0,6000.0,5000.0,-8.833333333333485,-6.6666666666667425,0.5,0.0,0.0,0.0,0.0,0.0,0.0,976.0,0
0.304,2434.0,1947.0,1455.0,2426.5,1940.5,1450.5,8000.0,7000.0,5000.0,-8.5,-6.0,0.5,0.0,0.0,0.0,0.0,0.0,0.0,979.0,0
0.305,2443.0,1954.0,1460.0,2434.5,1947.5,1455.5,9000.0,7000.0,5000.0,-8.166666666666515,-6.3333333333332575,0.5,0.0,0.0,0.0,0.0,0.0,0.0,983.0,0
0.306,2451.0,1960.0,1465.0,2443.5,1954.5,1460.5,8000.0,6000.0,5000.0,-8.833333333333485,-6.6666666666667425,0.5,0.0,0.0,0.0,0.0,0.0,0.0,986.0,0
0.307,2459.0,1967.0,1470.0,2451.5,1960.5,1465.5,8000.0,7000.0,5000.0,-8.5,-6.0,0.5,0.0,0.0,0.0,0.0,0.0,0.0,989.0,0
0.308,2468.0,1974.0,1475.0,2459.5,1967.5,1470.5,9000.0,7000.0,5000.0,-8.166666666666515,-6.3333333333332575,0.5,0.0,0.0,0.0,0.0,0.0,0.0,993.0,0
0.309,2476.0,1980.0,1480.0,2468.5,1974.5,1475.5,8000.0,6000.0,5000.0,-8.833333333333485,-6.6666666666667425,0.5,0.0,0.0,0.0,0.0,0.0,0.0,996.0,0
0.31,2485.0,1987.0,1485.0,2476.5,1980.5,1480.5,9000.0,7000.0,5000.0,-8.5,-6.0,0.5,0.0,0.0,0.0,0.0,0.0,0.0,1000.0,0
0.311,2493.0,1994.0,1490.0,2485.5,1987.5,1485.5,8000.0,7000.0,5000.0,-9.166666666666515,-6.3333333333332575,0.5,0.0,0.0,0.0,0.0,0.0,0.0,1003.0,0
0.312,2501.0,2001.0,1495.0,2493.5,1994.5,1490.5,8000.0,7000.0,5000.0,-8.833333333333485,-6.6666666666667425,0.5,0.0,0.0,0.0,0.0,0.0,0.0,1006.0,0
0.313,2510.0,2007.0,1500.0,2501.5,2001.5,1495.5,9000.0,6000.0,5000.0,-8.5,-7.0,0.5,0.0,0.0,0.0,0.0,0.0,0.0,1010.0,0
0.314,2518.0,2014.0,1505.0,2510.5,2007.5,1500.5,8000.0,7000.0,5000.0,-9.166666666666515,-6.3333333333332575,0.5,0.0,0.0,0.0,0.0,0.0,0.0,1013.0,0
0.315,2527.0,2021.0,1510.0,2518.5,2014.5,1505.5,9000.0,7000.0,5000.0,-8.833333333333485,-6.6666666666667425,0.5,0.0,0.0,0.0,0.0,0.0,0.0,1017.0,0
0.316,2535.0,2027.0,1515.0,2527.5,2021.5,1510.5,8000.0,6000.0,5000.0,-9.5,-7.0,0.5,0.0,0.0,0.0,0.0,0.0,0.0,1020.0,0
0.317,2543.0,2034.0,1520.0,2535.5,2027.5,1515.5,8000.0,7000.0,5000.0,-9.166666666666515,-6.3333333333332575,0.5,0.0,0.0,0.0,0.0,0.0,0.0,1023.0,0
0.318,2552.0,2041.0,1525.0,2543.5,2034.5,1520.5,9000.0,7000.0,5000.0,-8.833333333333485,-6.6666666666667425,0.5,0.0,0.0,0.0,0.0,0.0,0.0,1027.0,0
0.319,2560.0,2047.0,1530.0,2552.5,2041.5,1525.5,8000.0,6000.0,5000.0,-9.5,-7.0,0.5,0.0,0.0,0.0,0.0,0.0,0.0,1030.0,0
0.32,2569.0,2054.0,1535.0,2560.5,2047.5,1530.5,9000.0,7000.0,5000.0,-9.166666666666515,-6.3333333333332575,0.5,0.0,0.0,0.0,0.0,0.0,0.0,1034.0,0
0.321,2577.0,2061.0,1540.0,2569.5,2054.5,1535.5,8000.0,7000.0,5000.0,-9.833333333333485,-6.6666666666667425,0.5,0.0,0.0,0.0,0.0,0.0,0.0,1037.0,0
0.322,2585.0,2067.0,1545.0,2577.5,2061.5,1540.5,8000.0,6000.0,5000.0,-9.5,-7.0,0.5,0.0,0.0,0.0,0.0,0.0,0.0,1040.0,0
0.323,2594.0,2074.0,1550.0,2585.5,2067.5,1545.5,9000.0,7000.0,5000.0,-9.166666666666515,-6.333333333333485,0.5,0.0,0.0,0.0,0.0,0.0,0.0,1044.0,0
0.324,2602.0,2081.0,1555.0,2594.5,2074.5,1550.5,8000.0,7000.0,5000.0,-9.833333333333485,-6.666666666666515,0.5,0.0,0.0,0.0,0.0,0.0,0.0,1047.0,0
0.325,2610.0,2087.0,1560.0,2602.5,2081.5,1555.5,8000.0,6000.0,5000.0,-9.5,-7.0,0.5,0.0,0.0,0.0,0.0,0.0,0.0,1050.0,0
0.326,2619.0,2094.0,1565.0,2610.5,2087.5,1560.5,9000.0,7000.0,5000.0,-9.166666666666515,-6.333333333333485,0.5,0.0,0.0,0.0,0.0,0.0,0.0,1054.0,0
0.327,2627.0,2101.0,1570.0,2619.5,2094.5,1565.5,8000.0,7000.0,5000.0,-9.833333333333485,-6.666666666666515,0.5,0.0,0.0,0.0,0.0,0.0,0.0,1057.0,0
0.328,2636.0,2108.0,1575.0,2627.5,2101.5,1570.5,9000.0,7000.0,5000.0,-9.5,-7.0,0.5,0.0,0.0,0.0,0.0,0.0,0.0,1061.0,0
0.329,2644.0,2114.0,1580.0,2636.5,2108.5,1575.5,8000.0,6000.0,5000.0,-10.166666666666515,-7.333333333333485,0.5,0.0,0.0,0.0,0.0,0.0,0.0,1064.0,0
0.33,2652.0,2121.0,1585.0,2644.5,2114.5,1580.5,8000.0,7000.0,5000.0,-9.833333333333485,-6.666666666666515,0.5,0.0,0.0,0.0,0.0,0.0,0.0,1067.0,0
0.331,2661.0,2128.0,1590.0,2652.5,2121.5,1585.5,9000.0,7000.0,5000.0,-9.5,-7.0,0.5,0.0,0.0,0.0,0.0,0.0,0.0,1071.0,0
0.332,2669.0,2134.0,1596.0,2661.5,2128.5,1590.5,8000.0,6000.0,6000.0,-10.166666666666515,-7.333333333333485,0.5,0.0,0.0,0.0,0.0,0.0,0.0,1073.0,0
0.333,2677.0,2141.0,1601.0,2669.5,2134.5,1596.5,8000.0,7000.0,5000.0,-8.166666666666515,-5.333333333333485,0.5,0.0,0.0,0.0,0.0,0.0,0.0,1076.0,0
0.334,2686.0,2148.0,1606.0,2677.5,2141.5,1601.5,9000.0,7000.0,5000.0,-7.833333333333485,-5.666666666666515,0.5,0.0,0.0,0.0,0.0,0.0,0.0,1080.0,0
0.335,2694.0,2154.0,1611.0,2686.5,2148.5,1606.5,8000.0,6000.0,5000.0,-8.5,-6.0,0.5,0.0,0.0,0.0,0.0,0.0,0.0,1083.0,0
0.336,2702.0,2161.0,1616.0,2694.5,2154.5,1611.5,8000.0,7000.0,5000.0,-8.166666666666515,-5.333333333333485,0.5,0.0,0.0,0.0,0.0,0.0,0.0,1086.0,0
0.337,2711.0,2168.0,1621.0,2702.5,2161.5,1616.5,9000.0,7000.0,5000.0,-7.833333333333485,-5.666666666666515,0.5,0.0,0.0,0.0,0.0,0.0,0.0,1090.0,0
0.338,2719.0,2174.0,1626.0,2711.5,2168.5,1621.5,8000.0,6000.0,5000.0,-8.5,-6.0,0.5,0.0,0.0,0.0,0.0,0.0,0.0,1093.0,0
0.339,2727.0,2181.0,1631.0,2719.5,2174.5,1626.5,8000.0,7000.0,5000.0,-8.166666666666515,-5.333333333333485,0.5,0.0,0.0,0.0,0.0,0.0,0.0,1096.0,0
0.34,2736.0,2188.0,1636.0,2727.5,2181.5,1631.5,9000.0,7000.0,5000.0,-7.833333333333485,-5.666666666666515,0.5,0.0,0.0,0.0,0.0,0.0,0.0,1100.0,0
0.341,2744.0,2195.0,1641.0,2736.5,2188.5,1636.5,8000.0,7000.0,5000.0,-8.5,-6.0,0.5,0.0,0.0,0.0,0.0,0.0,0.0,1103.0,0
0.342,2753.0,2201.0,1646.0,2744.5,2195.5,1641.5,9000.0,6000.0,5000.0,-8.166666666666515,-6.333333333333485,0.5,0.0,0.0,0.0,0.0,0.0,0.0,1107.0,0
0.343,2761.0,2208.0,1651.0,2753.5,2201.5,1646.5,8000.0,7000.0,5000.0,-8.833333333333485,-5.666666666666515,0.5,0.0,0.0,0.0,0.0,0.0,0.0,1110.0,0
0.34400000000000003,2769.0,2215.0,1656.0,2761.5,2208.5,1651.5,8000.0,7000.0,5000.0,-8.5,-6.0,0.5,0.0,0.0,0.0,0.0,0.0,0.0,1113.0,0
0.34500000000000003,2778.0,2221.0,1661.0,2769.5,2215.5,1656.5,9000.0,6000.0,5000.0,-8.166666666666515,-6.333333333333485,0.5,0.0,0.0,0.0,0.0,0.0,0.0,1117.0,0
0.34600000000000003,2786.0,2228.0,1666.0,2778.5,2221.5,1661.5,8000.0,7000.0,5000.0,-8.833333333333485,-5.666666666666515,0.5,0.0,0.0,0.0,0.0,0.0,0.0,1120.0,0
0.34700000000000003,2794.0,2235.0,1671.0,2786.5,2228.5,1666.5,8000.0,7000.0,5000.0,-8.5,-6.0,0.5,0.0,0.0,0.0,0.0,0.0,0.0,1123.0,0
0.34800000000000003,2803.0,2241.0,1676.0,2794.5,2235.5,1671.5,9000.0,6000.0,5000.0,-8.166666666666515,-6.333333333333485,0.5,0.0,0.0,0.0,0.0,0.0,0.0,1127.0,0
0.34900000000000003,2811.0,2248.0,1681.0,2803.5,2241.5,1676.5,8000.0,7000.0,5000.0,-8.833333333333485,-5.666666666666515,0.5,0.0,0.0,0.0,0.0,0.0,0.0,1130.0,0
0.35000000000000003,2819.0,2255.0,1686.0,2811.5,2248.5,1681.5,8000.0,7000.0,5000.0,-8.5,-6.0,0.5,700.0,0.0,0.0,0.001,0.0,0.0,1133.0,0
0.35100000000000003,2827.0,2261.0,1691.0,2819.5,2255.5,1686.5,8000.0,6000.0,5000.0,-8.166666666666515,-6.333333333333485,0.5,700.0,0.0,0.0,0.002,0.0,0.0,1136.0,0
0.352,2834.0,2268.0,1696.0,2827.5,2261.5,1691.5,7000.0,7000.0,5000.0,-7.833333333333485,-5.666666666666515,0.5,700.0,0.0,0.0,0.003,0.0,0.0,1138.0,0
0.353,2842.0,2275.0,1701.0,2834.5,2268.5,1696.5,8000.0,7000.0,5000.0,-6.5,-6.0,0.5,700.0,0.0,0.0,0.004,0.0,0.0,1141.0,0
0.354,2850.0,2281.0,1706.0,2842.5,2275.5,1701.5,8000.0,6000.0,5000.0,-6.166666666666515,-6.333333333333485,0.5,700.0,0.0,0.0,0.005,0.0,0.0,1144.0,0
0.355,2857.0,2288.0,1711.0,2850.5,2281.5,1706.5,7000.0,7000.0,5000.0,-5.833333333333485,-5.666666666666515,0.5,700.0,0.0,0.0,0.006,0.0,0.0,1146.0,0
0.356,2865.0,2295.0,1716.0,2857.5,2288.5,1711.5,8000.0,7000.0,5000.0,-4.5,-6.0,0.5,700.0,0.0,0.0,0.007,0.0,0.0,1149.0,0
0.357,2873.0,2302.0,1721.0,2865.5,2295.5,1716.5,8000.0,7000.0,5000.0,-4.166666666666515,-6.333333333333485,0.5,700.0,0.0,0.0,0.008,0.0,0.0,1152.0,0
0.358,2880.0,2308.0,1726.0,2873.5,2302.5,1721.5,7000.0,6000.0,5000.0,-3.833333333333485,-6.666666666666515,0.5,700.0,0.0,0.0,0.009000000000000001,0.0,0.0,1154.0,0
0.359,2888.0,2315.0,1731.0,2880.5,2308.5,1726.5,8000.0,7000.0,5000.0,-2.5,-6.0,0.5,700.0,0.0,0.0,0.010000000000000002,0.0,0.0,1157.0,0
0.36,2896.0,2322.0,1736.0,2888.5,2315.5,1731.5,8000.0,7000.0,5000.0,-2.166666666666515,-6.333333333333485,0.5,700.0,0.0,0.0,0.011000000000000003,0.0,0.0,1160.0,0
0.361,2903.0,2328.0,1741.0,2896.5,2322.5,1736.5,7000.0,6000.0,5000.0,-1.833333333333485,-6.666666666666515,0.5,700.0,0.0,0.0,0.012000000000000004,0.0,0.0,1162.0,0
0.362,2911.0,2335.0,1746.0,2903.5,2328.5,1741.5,8000.0,7000.0,5000.0,-0.5,-6.0,0.5,700.0,0.0,0.0,0.013000000000000005,0.0,0.0,1165.0,0
0.363,2919.0,2342.0,1751.0,2911.5,2335.5,1746.5,8000.0,7000.0,5000.0,-0.16666666666651508,-6.333333333333485,0.5,700.0,0.0,0.0,0.014000000000000005,0.0,0.0,1168.0,0
0.364,2926.0,2348.0,1757.0,2919.5,2342.5,1751.5,7000.0,6000.0,6000.0,0.16666666666651508,-6.666666666666515,0.5,700.0,0.0,0.0,0.015000000000000006,0.0,0.0,1169.0,0
0.365,2934.0,2355.0,1762.0,2926.5,2348.5,1757.5,8000.0,7000.0,5000.0,0.5,-6.800000000000182,-1.099999999999909,700.0,0.0,0.0,0.016000000000000007,0.0,0.0,1172.0,0
0.366,2942.0,2362.0,1767.0,2934.5,2355.5,1762.5,8000.0,7000.0,5000.0,0.5,-7.400000000000091,-1.2999999999999545,700.0,0.0,0.0,0.017000000000000008,0.0,0.0,1175.0,0
0.367,2949.0,2368.0,1772.0,2942.5,2362.5,1767.5,7000.0,6000.0,5000.0,0.5,-8.0,-1.5,700.0,0.0,0.0,0.01800000000000001,0.0,0.0,1177.0,0
0.368,2957.0,2375.0,1777.0,2949.5,2368.5,1772.5,8000.0,7000.0,5000.0,0.5,-8.400000000000091,-2.2999999999999545,700.0,0.0,0.0,0.01900000000000001,0.0,0.0,1180.0,0
0.369,2965.0,2382.0,1782.0,2957.5,2375.5,1777.5,8000.0,7000.0,5000.0,0.5,-9.0,-2.5,700.0,0.0,0.0,0.02000000000000001,0.0,0.0,1183.0,0
0.37,2972.0,2389.0,1787.0,2965.5,2382.5,1782.5,7000.0,7000.0,5000.0,0.5,-9.599999999999909,-2.7000000000000455,700.0,0.0,0.0,0.02100000000000001,0.0,0.0,1185.0,0
0.371,2980.0,2395.0,1792.0,2972.5,2389.5,1787.5,8000.0,6000.0,5000.0,0.5,-11.0,-3.5,700.0,0.0,0.0,0.022000000000000013,0.0,0.0,1188.0,0
0.372,2988.0,2401.0,1797.0,2980.5,2395.5,1792.5,8000.0,6000.0,5000.0,0.5,-10.599999999999909,-3.7000000000000455,700.0,0.0,0.0,0.023000000000000013,0.0,0.0,1191.0,0
0.373,2995.0,2407.0,1802.0,2988.5,2401.5,1797.5,7000.0,6000.0,5000.0,0.5,-10.199999999999818,-3.900000000000091,700.0,0.0,0.0,0.024000000000000014,0.0,0.0,1193.0,0
0.374,3003.0,2413.0,1807.0,2995.5,2407.5,1802.5,8000.0,6000.0,5000.0,0.5,-10.599999999999909,-4.7000000000000455,700.0,0.0,0.0,0.025000000000000015,0.0,0.0,1196.0,0
0.375,3011.0,2419.0,1812.0,3003.5,2413.5,1807.5,8000.0,6000.0,5000.0,0.5,-10.199999999999818,-4.900000000000091,700.0,0.0,0.0,0.026000000000000016,0.0,0.0,1199.0,0
0.376,3019.0,2425.0,1817.0,3011.5,2419.5,1812.5,8000.0,6000.0,5000.0,0.5,-9.800000000000182,-5.099999999999909,700.0,0.0,0.0,0.027000000000000017,0.0,0.0,1202.0,0
0.377,3026.0,2431.0,1822.0,3019.5,2425.5,1817.5,7000.0,6000.0,5000.0,0.5,-9.400000000000091,-5.2999999999999545,700.0,0.0,0.0,0.028000000000000018,0.0,0.0,1204.0,0
0.378,3034.0,2438.0,1827.0,3026.5,2431.5,1822.5,8000.0,7000.0,5000.0,0.5,-9.800000000000182,-6.099999999999909,700.0,0.0,0.0,0.02900000000000002,0.0,0.0,1207.0,0
0.379,3042.0,2444.0,1832.0,3034.5,2438.5,1827.5,8000.0,6000.0,5000.0,0.5,-10.400000000000091,-6.2999999999999545,700.0,0.0,0.0,0.03000000000000002,0.0,0.0,1210.0,0
0.38,3049.0,2450.0,1837.0,3042.5,2444.5,1832.5,7000.0,6000.0,5000.0,0.5,-10.0,-6.5,700.0,0.0,0.0,0.03100000000000002,0.0,0.0,1212.0,0
0.381,3057.0,2455.0,1842.0,3049.5,2450.5,1837.5,8000.0,5000.0,5000.0,0.5,-10.400000000000091,-7.2999999999999545,700.0,0.0,0.0,0.03200000000000002,0.0,0.0,1215.0,0
0.382,3065.0,2461.0,1847.0,3057.5,2455.5,1842.5,8000.0,6000.0,5000.0,0.5,-9.0,-7.5,700.0,0.0,0.0,0.03300000000000002,0.0,0.0,1218.0,0
0.383,3072.0,2468.0,1852.0,3065.5,2461.5,1847.5,7000.0,7000.0,5000.0,0.5,-8.599999999999909,-7.7000000000000455,700.0,0.0,0.0,0.03400000000000002,0.0,0.0,1220.0,0
0.384,3080.0,2474.0,1857.0,3072.5,2468.5,1852.5,8000.0,6000.0,5000.0,0.5,-10.0,-8.5,700.0,0.0,0.0,0.035000000000000024,0.0,0.0,1223.0,0
0.385,3088.0,2480.0,1862.0,3080.5,2474.5,1857.5,8000.0,6000.0,5000.0,0.5,-9.599999999999909,-8.700000000000045,700.0,0.0,0.0,0.036000000000000025,0.0,0.0,1226.0,0
0.386,3095.0,2486.0,1867.0,3088.5,2480.5,1862.5,7000.0,6000.0,5000.0,0.5,-9.199999999999818,-8.900000000000091,700.0,0.0,0.0,0.037000000000000026,0.0,0.0,1228.0,0
0.387,3103.0,2493.0,1872.0,3095.5,2486.5,1867.5,8000.0,7000.0,5000.0,0.5,-9.599999999999909,-9.700000000000045,700.0,0.0,0.0,0.03800000000000003,0.0,0.0,1231.0,0
0.388,3111.0,2499.0,1877.0,3103.5,2493.5,1872.5,8000.0,6000.0,5000.0,0.5,-10.199999999999818,-9.900000000000091,700.0,0.0,0.0,0.03900000000000003,0.0,0.0,1234.0,0
0.389,3118.0,2506.0,1882.0,3111.5,2499.5,1877.5,7000.0,7000.0,5000.0,0.5,-9.800000000000182,-10.099999999999909,700.0,0.0,0.0,0.04000000000000003,0.0,0.0,1236.0,0
0.39,3126.0,2512.0,1887.0,3118.5,2506.5,1882.5,8000.0,6000.0,5000.0,0.5,-11.199999999999818,-10.900000000000091,700.0,0.0,0.0,0.04100000000000003,0.0,0.0,1239.0,0
0.391,3134.0,2518.0,1892.0,3126.5,2512.5,1887.5,8000.0,6000.0,5000.0,0.5,-10.800000000000182,-11.099999999999909,700.0,0.0,0.0,0.04200000000000003,0.0,0.0,1242.0,0
0.392,3141.0,2524.0,1896.0,3134.5,2518.5,1892.5,7000.0,6000.0,4000.0,0.5,-10.400000000000091,-11.299999999999955,700.0,0.0,0.0,0.04300000000000003,0.0,0.0,1245.0,0
0.393,3149.0,2530.0,1901.0,3141.5,2524.5,1896.5,8000.0,6000.0,5000.0,0.5,-10.800000000000182,-11.099999999999909,700.0,0.0,0.0,0.04400000000000003,0.0,0.0,1248.0,0
0.394,3157.0,2535.0,1906.0,3149.5,2530.5,1901.5,8000.0,5000.0,5000.0,0.5,-10.400000000000091,-11.299999999999955,700.0,0.0,0.0,0.04500000000000003,0.0,0.0,1251.0,0
0.395,3164.0,2541.0,1910.0,3157.5,2535.5,1906.5,7000.0,6000.0,4000.0,0.5,-9.0,-11.5,700.0,0.0,0.0,0.046000000000000034,0.0,0.0,1254.0,0
0.396,3172.0,2547.0,1915.0,3164.5,2541.5,1910.5,8000.0,6000.0,5000.0,0.5,-9.400000000000091,-11.299999999999955,700.0,0.0,0.0,0.047000000000000035,0.0,0.0,1257.0,0
0.397,3180.0,2553.0,1920.0,3172.5,2547.5,1915.5,8000.0,6000.0,5000.0,0.5,-9.0,-11.5,700.0,0.0,0.0,0.048000000000000036,0.0,0.0,1260.0,0
0.398,3187.0,2560.0,1925.0,3180.5,2553.5,1920.5,7000.0,7000.0,5000.0,0.5,-8.599999999999909,-11.700000000000045,700.0,0.0,0.0,0.04900000000000004,0.0,0.0,1262.0,0
0.399,3195.0,2566.0,1929.0,3187.5,2560.5,1925.5,8000.0,6000.0,4000.0,0.5,-10.0,-12.5,700.0,0.0,0.0,0.05000000000000004,0.0,0.0,1266.0,0
0.4,3203.0,2572.0,1934.0,3195.5,2566.5,1929.5,8000.0,6000.0,5000.0,0.5,-9.599999999999909,-11.700000000000045,700.0,0.0,0.0,0.05100000000000004,0.0,0.0,1269.0,0
0.401,3210.0,2579.0,1938.0,3203.5,2572.5,1934.5,7000.0,7000.0,4000.0,0.5,-9.199999999999818,-11.900000000000091,700.0,0.0,0.0,0.05200000000000004,0.0,0.0,1272.0,0
0.402,3218.0,2585.0,1943.0,3210.5,2579.5,1938.5,8000.0,6000.0,5000.0,0.5,-10.599999999999909,-11.700000000000045,700.0,0.0,0.0,0.05300000000000004,0.0,0.0,1275.0,0
0.403,3226.0,2591.0,1948.0,3218.5,2585.5,1943.5,8000.0,6000.0,5000.0,0.5,-10.199999999999818,-11.900000000000091,700.0,0.0,0.0,0.05400000000000004,0.0,0.0,1278.0,0
0.404,3233.0,2597.0,1952.0,3226.5,2591.5,1948.5,7000.0,6000.0,4000.0,0.5,-9.800000000000182,-12.099999999999909,700.0,0.0,0.0,0.05500000000000004,0.0,0.0,1281.0,0
0.405,3241.0,2603.0,1957.0,3233.5,2597.5,1952.5,8000.0,6000.0,5000.0,0.5,-10.199999999999818,-11.900000000000091,700.0,0.0,0.0,0.05600000000000004,0.0,0.0,1284.0,0
0.406,3249.0,2610.0,1962.0,3241.5,2603.5,1957.5,8000.0,7000.0,5000.0,0.5,-9.800000000000182,-12.099999999999909,700.0,0.0,0.0,0.057000000000000044,0.0,0.0,1287.0,0
0.40700000000000003,3257.0,2616.0,1966.0,3249.5,2610.5,1962.5,8000.0,6000.0,4000.0,0.5,-10.400000000000091,-12.299999999999955,700.0,0.0,0.0,0.058000000000000045,0.0,0.0,1291.0,0
0.40800000000000003,3264.0,2622.0,1971.0,3257.5,2616.5,1966.5,7000.0,6000.0,5000.0,0.5,-10.0,-11.5,700.0,0.0,0.0,0.059000000000000045,0.0,0.0,1293.0,0
0.40900000000000003,3272.0,2627.0,1975.0,3264.5,2622.5,1971.5,8000.0,5000.0,4000.0,0.5,-10.400000000000091,-12.299999999999955,700.0,0.0,0.0,0.060000000000000046,0.0,0.0,1297.0,0
0.41000000000000003,3280.0,2633.0,1980.0,3272.5,2627.5,1975.5,8000.0,6000.0,5000.0,0.5,-9.0,-11.5,700.0,0.0,0.0,0.06100000000000005,0.0,0.0,1300.0,0
0.41100000000000003,3287.0,2639.0,1985.0,3280.5,2633.5,1980.5,7000.0,6000.0,5000.0,0.5,-8.599999999999909,-11.700000000000045,700.0,0.0,0.0,0.06200000000000005,0.0,0.0,1302.0,0
0.41200000000000003,3295.0,2645.0,1989.0,3287.5,2639.5,1985.5,8000.0,6000.0,4000.0,0.5,-9.0,-12.5,700.0,0.0,0.0,0.06300000000000004,0.0,0.0,1306.0,0
0.41300000000000003,3303.0,2652.0,1994.0,3295.5,2645.5,1989.5,8000.0,7000.0,5000.0,0.5,-8.599999999999909,-11.700000000000045,700.0,0.0,0.0,0.06400000000000004,0.0,0.0,1309.0,0
0.41400000000000003,3310.0,2658.0,1998.0,3303.5,2652.5,1994.5,7000.0,6000.0,4000.0,0.5,-9.199999999999818,-11.900000000000091,700.0,0.0,0.0,0.06500000000000004,0.0,0.0,1312.0,0
0.41500000000000004,3318.0,2665.0,2003.0,3310.5,2658.5,1998.5,8000.0,7000.0,5000.0,0.5,-9.599999999999909,-11.700000000000045,700.0,0.0,0.0,0.06600000000000004,0.0,0.0,1315.0,0
0.41600000000000004,3326.0,2671.0,2007.0,3318.5,2665.5,2003.5,8000.0,6000.0,4000.0,0.5,-10.199999999999818,-11.900000000000091,700.0,0.0,0.0,0.06700000000000005,0.0,0.0,1319.0,0
0.417,3333.0,2677.0,2012.0,3326.5,2671.5,2007.5,7000.0,6000.0,5000.0,0.5,-9.800000000000182,-11.099999999999909,700.0,0.0,0.0,0.06800000000000005,0.0,0.0,1321.0,0
0.418,3341.0,2683.0,2016.0,3333.5,2677.5,2012.5,8000.0,6000.0,4000.0,0.5,-10.199999999999818,-11.900000000000091,700.0,0.0,0.0,0.06900000000000005,0.0,0.0,1325.0,0
0.419,3349.0,2689.0,2021.0,3341.5,2683.5,2016.5,8000.0,6000.0,5000.0,0.5,-9.800000000000182,-11.099999999999909,700.0,0.0,0.0,0.07000000000000005,0.0,0.0,1328.0,0
0.42,3356.0,2696.0,2025.0,3349.5,2689.5,2021.5,7000.0,7000.0,4000.0,0.5,-9.400000000000091,-11.299999999999955,700.0,0.0,0.0,0.07100000000000005,0.0,0.0,1331.0,0
0.421,3364.0,2702.0,2030.0,3356.5,2696.5,2025.5,8000.0,6000.0,5000.0,0.5,-10.800000000000182,-11.099999999999909,700.0,0.0,0.0,0.07200000000000005,0.0,0.0,1334.0,0
0.422,3372.0,2708.0,2034.0,3364.5,2702.5,2030.5,8000.0,6000.0,4000.0,0.5,-10.400000000000091,-11.299999999999955,700.0,0.0,0.0,0.07300000000000005,0.0,0.0,1338.0,0
0.423,3379.0,2714.0,2039.0,3372.5,2708.5,2034.5,7000.0,6000.0,5000.0,0.5,-10.0,-10.5,700.0,0.0,0.0,0.07400000000000005,0.0,0.0,1340.0,0
0.424,3387.0,2719.0,2043.0,3379.5,2714.5,2039.5,8000.0,5000.0,4000.0,0.5,-10.400000000000091,-11.299999999999955,700.0,0.0,0.0,0.07500000000000005,0.0,0.0,1344.0,0
0.425,3395.0,2725.0,2048.0,3387.5,2719.5,2043.5,8000.0,6000.0,5000.0,0.5,-9.0,-10.5,700.0,0.0,0.0,0.07600000000000005,0.0,0.0,1347.0,0
0.426,3402.0,2731.0,2052.0,3395.5,2725.5,2048.5,7000.0,6000.0,4000.0,0.5,-8.599999999999909,-10.700000000000045,700.0,0.0,0.0,0.07700000000000005,0.0,0.0,1350.0,0
0.427,3410.0,2737.0,2057.0,3402.5,2731.5,2052.5,8000.0,6000.0,5000.0,0.5,-9.0,-10.5,700.0,0.0,0.0,0.07800000000000006,0.0,0.0,1353.0,0
0.428,3418.0,2743.0,2061.0,3410.5,2737.5,2057.5,8000.0,6000.0,4000.0,0.5,-8.599999999999909,-10.700000000000045,700.0,0.0,0.0,0.07900000000000006,0.0,0.0,1357.0,0
0.429,3425.0,2750.0,2066.0,3418.5,2743.5,2061.5,7000.0,7000.0,5000.0,0.5,-8.199999999999818,-9.900000000000091,700.0,0.0,0.0,0.08000000000000006,0.0,0.0,1359.0,0
0.43,3433.0,2756.0,2071.0,3425.5,2750.5,2066.5,8000.0,6000.0,5000.0,0.5,-9.599999999999909,-10.699999999999818,700.0,0.0,0.0,0.08100000000000006,0.0,0.0,1362.0,0
0.431,3441.0,2762.0,2075.0,3433.5,2756.5,2071.5,8000.0,6000.0,4000.0,0.5,-9.199999999999818,-10.900000000000091,700.0,0.0,0.0,0.08200000000000006,0.0,0.0,1366.0,0
0.432,3448.0,2768.0,2080.0,3441.5,2762.5,2075.5,7000.0,6000.0,5000.0,0.5,-8.800000000000182,-10.099999999999909,700.0,0.0,0.0,0.08300000000000006,0.0,0.0,1368.0,0
0.433,3456.0,2775.0,2084.0,3448.5,2768.5,2080.5,8000.0,7000.0,4000.0,0.5,-9.199999999999818,-10.900000000000091,700.0,0.0,0.0,0.08400000000000006,0.0,0.0,1372.0,0
0.434,3464.0,2781.0,2089.0,3456.5,2775.5,2084.5,8000.0,6000.0,5000.0,0.5,-9.800000000000182,-10.099999999999909,700.0,0.0,0.0,0.08500000000000006,0.0,0.0,1375.0,0
0.435,3471.0,2787.0,2093.0,3464.5,2781.5,2089.5,7000.0,6000.0,4000.0,0.5,-9.400000000000091,-10.300000000000182,700.0,0.0,0.0,0.08600000000000006,0.0,0.0,1378.0,0
0.436,3479.0,2793.0,2097.0,3471.5,2787.5,2093.5,8000.0,6000.0,4000.0,0.5,-9.800000000000182,-10.099999999999909,700.0,0.0,0.0,0.08700000000000006,0.0,0.0,1382.0,0
0.437,3487.0,2800.0,2102.0,3479.5,2793.5,2097.5,8000.0,7000.0,5000.0,0.5,-9.400000000000091,-9.300000000000182,700.0,0.0,0.0,0.08800000000000006,0.0,0.0,1385.0,0
0.438,3495.0,2806.0,2107.0,3487.5,2800.5,2102.5,8000.0,6000.0,5000.0,0.5,-10.0,-9.5,700.0,0.0,0.0,0.08900000000000007,0.0,0.0,1388.0,0
0.439,3502.0,2812.0,2111.0,3495.5,2806.5,2107.5,7000.0,6000.0,4000.0,0.5,-9.599999999999909,-9.699999999999818,700.0,0.0,0.0,0.09000000000000007,0.0,0.0,1391.0,0
0.44,3510.0,2818.0,2116.0,3502.5,2812.5,2111.5,8000.0,6000.0,5000.0,0.5,-10.0,-9.5,700.0,0.0,0.0,0.09100000000000007,0.0,0.0,1394.0,0
0.441,3518.0,2824.0,2121.0,3510.5,2818.5,2116.5,8000.0,6000.0,5000.0,0.5,-9.599999999999909,-9.699999999999818,700.0,0.0,0.0,0.09200000000000007,0.0,0.0,1397.0,0
0.442,3525.0,2831.0,2126.0,3518.5,2824.5,2121.5,7000.0,7000.0,5000.0,0.5,-9.199999999999818,-9.900000000000091,700.0,0.0,0.0,0.09300000000000007,0.0,0.0,1399.0,0
0.443,3533.0,2837.0,2130.0,3525.5,2831.5,2126.5,8000.0,6000.0,4000.0,0.5,-10.599999999999909,-10.699999999999818,700.0,0.0,0.0,0.09400000000000007,0.0,0.0,1403.0,0
0.444,3541.0,2843.0,2135.0,3533.5,2837.5,2130.5,8000.0,6000.0,5000.0,0.5,-10.199999999999818,-9.900000000000091,700.0,0.0,0.0,0.09500000000000007,0.0,0.0,1406.0,0
0.445,3548.0,2849.0,2139.0,3541.5,2843.5,2135.5,7000.0,6000.0,4000.0,0.5,-9.800000000000182,-10.099999999999909,700.0,0.0,0.0,0.09600000000000007,0.0,0.0,1409.0,0
0.446,3556.0,2854.0,2144.0,3548.5,2849.5,2139.5,8000.0,5000.0,5000.0,0.5,-10.199999999999818,-9.900000000000091,700.0,0.0,0.0,0.09700000000000007,0.0,0.0,1412.0,0
0.447,3564.0,2860.0,2149.0,3556.5,2854.5,2144.5,8000.0,6000.0,5000.0,0.5,-8.800000000000182,-10.099999999999909,700.0,0.0,0.0,0.09800000000000007,0.0,0.0,1415.0,0
0.448,3571.0,2867.0,2153.0,3564.5,2860.5,2149.5,7000.0,7000.0,4000.0,0.5,-8.400000000000091,-10.300000000000182,700.0,0.0,0.0,0.09900000000000007,0.0,0.0,1418.0,0
0.449,3579.0,2873.0,2157.0,3571.5,2867.5,2153.5,8000.0,6000.0,4000.0,0.5,-9.800000000000182,-10.099999999999909,700.0,0.0,0.0,0.10000000000000007,0.0,0.0,1422.0,0
0.45,3587.0,2879.0,2162.0,3579.5,2873.5,2157.5,8000.0,6000.0,5000.0,0.5,-9.400000000000091,-9.300000000000182,700.0,0.0,0.0,0.10100000000000008,0.0,0.0,1425.0,0
0.451,3594.0,2885.0,2167.0,3587.5,2879.5,2162.5,7000.0,6000.0,5000.0,0.5,-9.0,-9.5,700.0,0.0,0.0,0.10200000000000008,0.0,0.0,1427.0,0
0.452,3602.0,2891.0,2171.0,3594.5,2885.5,2167.5,8000.0,6000.0,4000.0,0.5,-9.400000000000091,-10.300000000000182,700.0,0.0,0.0,0.10300000000000008,0.0,0.0,1431.0,0
0.453,3610.0,2898.0,2176.0,3602.5,2891.5,2171.5,8000.0,7000.0,5000.0,0.5,-9.0,-9.5,700.0,0.0,0.0,0.10400000000000008,0.0,0.0,1434.0,0
0.454,3617.0,2904.0,2181.0,3610.5,2898.5,2176.5,7000.0,6000.0,5000.0,0.5,-9.599999999999909,-9.699999999999818,700.0,0.0,0.0,0.10500000000000008,0.0,0.0,1436.0,0
0.455,3625.0,2910.0,2185.0,3617.5,2904.5,2181.5,8000.0,6000.0,4000.0,0.5,-10.0,-10.5,700.0,0.0,0.0,0.10600000000000008,0.0,0.0,1440.0,0
0.456,3633.0,2916.0,2190.0,3625.5,2910.5,2185.5,8000.0,6000.0,5000.0,0.5,-9.599999999999909,-9.699999999999818,700.0,0.0,0.0,0.10700000000000008,0.0,0.0,1443.0,0
0.457,3640.0,2922.0,2194.0,3633.5,2916.5,2190.5,7000.0,6000.0,4000.0,0.5,-9.199999999999818,-9.900000000000091,700.0,0.0,0.0,0.10800000000000008,0.0,0.0,1446.0,0
0.458,3648.0,2928.0,2199.0,3640.5,2922.5,2194.5,8000.0,6000.0,5000.0,0.5,-9.599999999999909,-9.699999999999818,700.0,0.0,0.0,0.10900000000000008,0.0,0.0,1449.0,0
0.459,3656.0,2935.0,2204.0,3648.5,2928.5,2199.5,8000.0,7000.0,5000.0,0.5,-9.199999999999818,-9.900000000000091,700.0,0.0,0.0,0.11000000000000008,0.0,0.0,1452.0,0
0.46,3663.0,2941.0,2208.0,3656.5,2935.5,2204.5,7000.0,6000.0,4000.0,0.5,-9.800000000000182,-10.099999999999909,700.0,0.0,0.0,0.11100000000000008,0.0,0.0,1455.0,0
0.461,3671.0,2947.0,2213.0,3663.5,2941.5,2208.5,8000.0,6000.0,5000.0,0.5,-10.199999999999818,-9.900000000000091,700.0,0.0,0.0,0.11200000000000009,0.0,0.0,1458.0,0
0.462,3679.0,2953.0,2217.0,3671.5,2947.5,2213.5,8000.0,6000.0,4000.0,0.5,-9.800000000000182,-10.099999999999909,700.0,0.0,0.0,0.11300000000000009,0.0,0.0,1462.0,0
0.463,3686.0,2959.0,2222.0,3679.5,2953.5,2217.5,7000.0,6000.0,5000.0,0.5,-9.400000000000091,-9.300000000000182,700.0,0.0,0.0,0.11400000000000009,0.0,0.0,1464.0,0
0.464,3694.0,2965.0,2226.0,3686.5,2959.5,2222.5,8000.0,6000.0,4000.0,0.5,-9.800000000000182,-10.099999999999909,700.0,0.0,0.0,0.11500000000000009,0.0,0.0,1468.0,0
0.465,3702.0,2971.0,2231.0,3694.5,2965.5,2226.5,8000.0,6000.0,5000.0,0.5,-9.400000000000091,-9.300000000000182,700.0,0.0,0.0,0.11600000000000009,0.0,0.0,1471.0,0
0.466,3709.0,2978.0,2236.0,3702.5,2971.5,2231.5,7000.0,7000.0,5000.0,0.5,-9.0,-9.5,700.0,0.0,0.0,0.11700000000000009,0.0,0.0,1473.0,0
0.467,3717.0,2984.0,2240.0,3709.5,2978.5,2236.5,8000.0,6000.0,4000.0,0.5,-10.400000000000091,-10.300000000000182,700.0,0.0,0.0,0.11800000000000009,0.0,0.0,1477.0,0
0.468,3725.0,2989.0,2245.0,3717.5,2984.5,2240.5,8000.0,5000.0,5000.0,0.5,-10.0,-9.5,700.0,0.0,0.0,0.11900000000000009,0.0,0.0,1480.0,0
0.46900000000000003,3733.0,2995.0,2249.0,3725.5,2989.5,2245.5,8000.0,6000.0,4000.0,0.5,-8.599999999999909,-9.699999999999818,700.0,0.0,0.0,0.12000000000000009,0.0,0.0,1484.0,0
0.47000000000000003,3740.0,3001.0,2254.0,3733.5,2995.5,2249.5,7000.0,6000.0,5000.0,0.5,-8.199999999999818,-8.900000000000091,700.0,0.0,0.0,0.1210000000000001,0.0,0.0,1486.0,0
0.47100000000000003,3748.0,3008.0,2259.0,3740.5,3001.5,2254.5,8000.0,7000.0,5000.0,0.5,-8.599999999999909,-9.699999999999818,700.0,0.0,0.0,0.1220000000000001,0.0,0.0,1489.0,0
0.47200000000000003,3756.0,3014.0,2263.0,3748.5,3008.5,2259.5,8000.0,6000.0,4000.0,0.5,-9.199999999999818,-9.900000000000091,700.0,0.0,0.0,0.1230000000000001,0.0,0.0,1493.0,0
0.47300000000000003,3763.0,3020.0,2268.0,3756.5,3014.5,2263.5,7000.0,6000.0,5000.0,0.5,-8.800000000000182,-9.099999999999909,700.0,0.0,0.0,0.1240000000000001,0.0,0.0,1495.0,0
0.47400000000000003,3771.0,3026.0,2273.0,3763.5,3020.5,2268.5,8000.0,6000.0,5000.0,0.5,-9.199999999999818,-9.900000000000091,700.0,0.0,0.0,0.12500000000000008,0.0,0.0,1498.0,0
0.47500000000000003,3779.0,3032.0,2277.0,3771.5,3026.5,2273.5,8000.0,6000.0,4000.0,0.5,-8.800000000000182,-10.099999999999909,700.0,0.0,0.0,0.12600000000000008,0.0,0.0,1502.0,0
0.47600000000000003,3786.0,3038.0,2282.0,3779.5,3032.5,2277.5,7000.0,6000.0,5000.0,0.5,-8.400000000000091,-9.300000000000182,700.0,0.0,0.0,0.12700000000000009,0.0,0.0,1504.0,0
0.47700000000000004,3794.0,3044.0,2286.0,3786.5,3038.5,2282.5,8000.0,6000.0,4000.0,0.5,-8.800000000000182,-10.099999999999909,700.0,0.0,0.0,0.12800000000000009,0.0,0.0,1508.0,0
0.47800000000000004,3802.0,3051.0,2291.0,3794.5,3044.5,2286.5,8000.0,7000.0,5000.0,0.5,-8.400000000000091,-9.300000000000182,700.0,0.0,0.0,0.1290000000000001,0.0,0.0,1511.0,0
0.47900000000000004,3809.0,3057.0,2295.0,3802.5,3051.5,2291.5,7000.0,6000.0,4000.0,0.5,-9.0,-9.5,700.0,0.0,0.0,0.1300000000000001,0.0,0.0,1514.0,0
0.48,3817.0,3063.0,2300.0,3809.5,3057.5,2295.5,8000.0,6000.0,5000.0,0.5,-9.400000000000091,-9.300000000000182,700.0,0.0,0.0,0.1310000000000001,0.0,0.0,1517.0,0
0.481,3825.0,3069.0,2305.0,3817.5,3063.5,2300.5,8000.0,6000.0,5000.0,0.5,-9.0,-9.5,700.0,0.0,0.0,0.1320000000000001,0.0,0.0,1520.0,0
0.482,3832.0,3075.0,2309.0,3825.5,3069.5,2305.5,7000.0,6000.0,4000.0,0.5,-8.599999999999909,-9.699999999999818,700.0,0.0,0.0,0.1330000000000001,0.0,0.0,1523.0,0
0.483,3840.0,3081.0,2314.0,3832.5,3075.5,2309.5,8000.0,6000.0,5000.0,0.5,-9.0,-9.5,700.0,0.0,0.0,0.1340000000000001,0.0,0.0,1526.0,0
0.484,3848.0,3087.0,2319.0,3840.5,3081.5,2314.5,8000.0,6000.0,5000.0,0.5,-8.599999999999909,-9.699999999999818,700.0,0.0,0.0,0.1350000000000001,0.0,0.0,1529.0,0
0.485,3855.0,3094.0,2323.0,3848.5,3087.5,2319.5,7000.0,7000.0,4000.0,0.5,-8.199999999999818,-9.900000000000091,700.0,0.0,0.0,0.1360000000000001,0.0,0.0,1532.0,0
0.486,3863.0,3100.0,2328.0,3855.5,3094.5,2323.5,8000.0,6000.0,5000.0,0.5,-9.599999999999909,-9.699999999999818,700.0,0.0,0.0,0.1370000000000001,0.0,0.0,1535.0,0
0.487,3871.0,3106.0,2332.0,3863.5,3100.5,2328.5,8000.0,6000.0,4000.0,0.5,-9.199999999999818,-9.900000000000091,700.0,0.0,0.0,0.1380000000000001,0.0,0.0,1539.0,0
0.488,3878.0,3112.0,2337.0,3871.5,3106.5,2332.5,7000.0,6000.0,5000.0,0.5,-8.800000000000182,-9.099999999999909,700.0,0.0,0.0,0.1390000000000001,0.0,0.0,1541.0,0
0.489,3886.0,3118.0,2342.0,3878.5,3112.5,2337.5,8000.0,6000.0,5000.0,0.5,-9.199999999999818,-9.900000000000091,700.0,0.0,0.0,0.1400000000000001,0.0,0.0,1544.0,0
0.49,3894.0,3124.0,2346.0,3886.5,3118.5,2342.5,8000.0,6000.0,4000.0,0.5,-8.800000000000182,-10.099999999999909,700.0,0.0,0.0,0.1410000000000001,0.0,0.0,1548.0,0
0.491,3901.0,3130.0,2351.0,3894.5,3124.5,2346.5,7000.0,6000.0,5000.0,0.5,-8.400000000000091,-9.300000000000182,700.0,0.0,0.0,0.1420000000000001,0.0,0.0,1550.0,0
0.492,3909.0,3137.0,2355.0,3901.5,3130.5,2351.5,8000.0,7000.0,4000.0,0.5,-8.800000000000182,-10.099999999999909,700.0,0.0,0.0,0.1430000000000001,0.0,0.0,1554.0,0
0.493,3917.0,3143.0,2360.0,3909.5,3137.5,2355.5,8000.0,6000.0,5000.0,0.5,-9.400000000000091,-9.300000000000182,700.0,0.0,0.0,0.1440000000000001,0.0,0.0,1557.0,0
0.494,3924.0,3149.0,2364.0,3917.5,3143.5,2360.5,7000.0,6000.0,4000.0,0.5,-9.0,-9.5,700.0,0.0,0.0,0.1450000000000001,0.0,0.0,1560.0,0
0.495,3932.0,3155.0,2369.0,3924.5,3149.5,2364.5,8000.0,6000.0,5000.0,0.5,-9.400000000000091,-9.300000000000182,700.0,0.0,0.0,0.1460000000000001,0.0,0.0,1563.0,0
0.496,3940.0,3161.0,2374.0,3932.5,3155.5,2369.5,8000.0,6000.0,5000.0,0.5,-9.0,-9.5,700.0,0.0,0.0,0.1470000000000001,0.0,0.0,1566.0,0
0.497,3947.0,3167.0,2378.0,3940.5,3161.5,2374.5,7000.0,6000.0,4000.0,0.5,-8.599999999999909,-9.699999999999818,700.0,0.0,0.0,0.1480000000000001,0.0,0.0,1569.0,0
0.498,3955.0,3173.0,2383.0,3947.5,3167.5,2378.5,8000.0,6000.0,5000.0,0.5,-9.0,-9.5,700.0,0.0,0.0,0.1490000000000001,0.0,0.0,1572.0,0
0.499,3963.0,3180.0,2387.0,3955.5,3173.5,2383.5,8000.0,7000.0,4000.0,0.5,-8.599999999999909,-9.699999999999818,700.0,0.0,0.0,0.1500000000000001,0.0,0.0,1576.0,0
0.5,3971.0,3186.0,2392.0,3963.5,3180.5,2387.5,8000.0,6000.0,5000.0,0.5,-9.199999999999818,-8.900000000000091,700.0,0.0,0.0,0.1510000000000001,0.0,0.0,1579.0,0
0.501,3978.0,3192.0,2397.0,3971.5,3186.5,2392.5,7000.0,6000.0,5000.0,0.5,-8.800000000000182,-9.099999999999909,700.0,0.0,0.0,0.1520000000000001,0.0,0.0,1581.0,0
0.502,3986.0,3198.0,2401.0,3978.5,3192.5,2397.5,8000.0,6000.0,4000.0,0.5,-9.199999999999818,-9.900000000000091,700.0,0.0,0.0,0.1530000000000001,0.0,0.0,1585.0,0
0.503,3994.0,3204.0,2406.0,3986.5,3198.5,2401.5,8000.0,6000.0,5000.0,0.5,-8.800000000000182,-9.099999999999909,700.0,0.0,0.0,0.1540000000000001,0.0,0.0,1588.0,0
0.504,4001.0,3210.0,2411.0,3994.5,3204.5,2406.5,7000.0,6000.0,5000.0,0.5,-8.400000000000091,-9.300000000000182,700.0,0.0,0.0,0.1550000000000001,0.0,0.0,1590.0,0
0.505,4009.0,3216.0,2415.0,4001.5,3210.5,2411.5,8000.0,6000.0,4000.0,0.5,-8.800000000000182,-10.099999999999909,700.0,0.0,0.0,0.1560000000000001,0.0,0.0,1594.0,0
0.506,4017.0,3222.0,2420.0,4009.5,3216.5,2415.5,8000.0,6000.0,5000.0,0.5,-8.400000000000091,-9.300000000000182,700.0,0.0,0.0,0.1570000000000001,0.0,0.0,1597.0,0
0.507,4024.0,3229.0,2424.0,4017.5,3222.5,2420.5,7000.0,7000.0,4000.0,0.5,-8.0,-9.5,700.0,0.0,0.0,0.1580000000000001,0.0,0.0,1600.0,0
0.508,4032.0,3235.0,2429.0,4024.5,3229.5,2424.5,8000.0,6000.0,5000.0,0.5,-9.400000000000091,-9.300000000000182,700.0,0.0,0.0,0.1590000000000001,0.0,0.0,1603.0,0
0.509,4040.0,3241.0,2433.0,4032.5,3235.5,2429.5,8000.0,6000.0,4000.0,0.5,-9.0,-9.5,700.0,0.0,0.0,0.16000000000000011,0.0,0.0,1607.0,0
0.51,4047.0,3247.0,2438.0,4040.5,3241.5,2433.5,7000.0,6000.0,5000.0,0.5,-8.599999999999909,-8.699999999999818,700.0,0.0,0.0,0.16100000000000012,0.0,0.0,1609.0,0
0.511,4055.0,3253.0,2443.0,4047.5,3247.5,2438.5,8000.0,6000.0,5000.0,0.5,-9.0,-9.5,700.0,0.0,0.0,0.16200000000000012,0.0,0.0,1612.0,0
0.512,4063.0,3259.0,2447.0,4055.5,3253.5,2443.5,8000.0,6000.0,4000.0,0.5,-8.599999999999909,-9.699999999999818,700.0,0.0,0.0,0.16300000000000012,0.0,0.0,1616.0,0
0.513,4070.0,3265.0,2452.0,4063.5,3259.5,2447.5,7000.0,6000.0,5000.0,0.5,-8.199999999999818,-8.900000000000091,700.0,0.0,0.0,0.16400000000000012,0.0,0.0,1618.0,0
0.514,4078.0,3272.0,2456.0,4070.5,3265.5,2452.5,8000.0,7000.0,4000.0,0.5,-8.599999999999909,-9.699999999999818,700.0,0.0,0.0,0.16500000000000012,0.0,0.0,1622.0,0
0.515,4086.0,3278.0,2461.0,4078.5,3272.5,2456.5,8000.0,6000.0,5000.0,0.5,-9.199999999999818,-8.900000000000091,700.0,0.0,0.0,0.16600000000000012,0.0,0.0,1625.0,0
0.516,4093.0,3284.0,2466.0,4086.5,3278.5,2461.5,7000.0,6000.0,5000.0,0.5,-8.800000000000182,-9.099999999999909,700.0,0.0,0.0,0.16700000000000012,0.0,0.0,1627.0,0
0.517,4101.0,3290.0,2470.0,4093.5,3284.5,2466.5,8000.0,6000.0,4000.0,0.5,-9.199999999999818,-9.900000000000091,700.0,0.0,0.0,0.16800000000000012,0.0,0.0,1631.0,0
0.518,4109.0,3296.0,2475.0,4101.5,3290.5,2470.5,8000.0,6000.0,5000.0,0.5,-8.800000000000182,-9.099999999999909,700.0,0.0,0.0,0.16900000000000012,0.0,0.0,1634.0,0
0.519,4116.0,3302.0,2480.0,4109.5,3296.5,2475.5,7000.0,6000.0,5000.0,0.5,-8.400000000000091,-9.300000000000182,700.0,0.0,0.0,0.17000000000000012,0.0,0.0,1636.0,0
0.52,4124.0,3308.0,2484.0,4116.5,3302.5,2480.5,8000.0,6000.0,4000.0,0.5,-8.800000000000182,-10.099999999999909,700.0,0.0,0.0,0.17100000000000012,0.0,0.0,1640.0,0
0.521,4132.0,3315.0,2489.0,4124.5,3308.5,2484.5,8000.0,7000.0,5000.0,0.5,-8.400000000000091,-9.300000000000182,700.0,0.0,0.0,0.17200000000000013,0.0,0.0,1643.0,0
0.522,4139.0,3321.0,2493.0,4132.5,3315.5,2489.5,7000.0,6000.0,4000.0,0.5,-9.0,-9.5,700.0,0.0,0.0,0.17300000000000013,0.0,0.0,1646.0,0
0.523,4147.0,3327.0,2498.0,4139.5,3321.5,2493.5,8000.0,6000.0,5000.0,0.5,-9.400000000000091,-9.300000000000182,700.0,0.0,0.0,0.17400000000000013,0.0,0.0,1649.0,0
0.524,4155.0,3333.0,2502.0,4147.5,3327.5,2498.5,8000.0,6000.0,4000.0,0.5,-9.0,-9.5,700.0,0.0,0.0,0.17500000000000013,0.0,0.0,1653.0,0
0.525,4162.0,3339.0,2507.0,4155.5,3333.5,2502.5,7000.0,6000.0,5000.0,0.5,-8.599999999999909,-8.699999999999818,700.0,0.0,0.0,0.17600000000000013,0.0,0.0,1655.0,0
0.526,4170.0,3345.0,2512.0,4162.5,3339.5,2507.5,8000.0,6000.0,5000.0,0.5,-9.0,-9.5,700.0,0.0,0.0,0.17700000000000013,0.0,0.0,1658.0,0
0.527,4178.0,3351.0,2516.0,4170.5,3345.5,2512.5,8000.0,6000.0,4000.0,0.5,-8.599999999999909,-9.699999999999818,700.0,0.0,0.0,0.17800000000000013,0.0,0.0,1662.0,0
0.528,4186.0,3358.0,2521.0,4178.5,3351.5,2516.5,8000.0,7000.0,5000.0,0.5,-8.199999999999818,-8.900000000000091,700.0,0.0,0.0,0.17900000000000013,0.0,0.0,1665.0,0
0.529,4193.0,3364.0,2525.0,4186.5,3358.5,2521.5,7000.0,6000.0,4000.0,0.5,-8.800000000000182,-9.099999999999909,700.0,0.0,0.0,0.18000000000000013,0.0,0.0,1668.0,0
0.53,4201.0,3370.0,2530.0,4193.5,3364.5,2525.5,8000.0,6000.0,5000.0,0.5,-9.199999999999818,-8.900000000000091,700.0,0.0,0.0,0.18100000000000013,0.0,0.0,1671.0,0
0.531,4209.0,3376.0,2535.0,4201.5,3370.5,2530.5,8000.0,6000.0,5000.0,0.5,-8.800000000000182,-9.099999999999909,700.0,0.0,0.0,0.18200000000000013,0.0,0.0,1674.0,0
0.532,4216.0,3382.0,2539.0,4209.5,3376.5,2535.5,7000.0,6000.0,4000.0,0.5,-8.400000000000091,-9.300000000000182,700.0,0.0,0.0,0.18300000000000013,0.0,0.0,1677.0,0
0.533,4224.0,3388.0,2544.0,4216.5,3382.5,2539.5,8000.0,6000.0,5000.0,0.5,-8.800000000000182,-9.099999999999909,700.0,0.0,0.0,0.18400000000000014,0.0,0.0,1680.0,0
0.534,4232.0,3394.0,2548.0,4224.5,3388.5,2544.5,8000.0,6000.0,4000.0,0.5,-8.400000000000091,-9.300000000000182,700.0,0.0,0.0,0.18500000000000014,0.0,0.0,1684.0,0
0.535,4239.0,3401.0,2553.0,4232.5,3394.5,2548.5,7000.0,7000.0,5000.0,0.5,-8.0,-8.5,700.0,0.0,0.0,0.18600000000000014,0.0,0.0,1686.0,0
0.536,4247.0,3407.0,2558.0,4239.5,3401.5,2553.5,8000.0,6000.0,5000.0,0.5,-9.400000000000091,-9.300000000000182,700.0,0.0,0.0,0.18700000000000014,0.0,0.0,1689.0,0
0.537,4255.0,3413.0,2562.0,4247.5,3407.5,2558.5,8000.0,6000.0,4000.0,0.5,-9.0,-9.5,700.0,0.0,0.0,0.18800000000000014,0.0,0.0,1693.0,0
0.538,4262.0,3419.0,2567.0,4255.5,3413.5,2562.5,7000.0,6000.0,5000.0,0.5,-8.599999999999909,-8.699999999999818,700.0,0.0,0.0,0.18900000000000014,0.0,0.0,1695.0,0
0.539,4270.0,3425.0,2571.0,4262.5,3419.5,2567.5,8000.0,6000.0,4000.0,0.5,-9.0,-9.5,700.0,0.0,0.0,0.19000000000000014,0.0,0.0,1699.0,0
0.54,4278.0,3431.0,2576.0,4270.5,3425.5,2571.5,8000.0,6000.0,5000.0,0.5,-8.599999999999909,-8.699999999999818,700.0,0.0,0.0,0.19100000000000014,0.0,0.0,1702.0,0
0.541,4285.0,3437.0,2581.0,4278.5,3431.5,2576.5,7000.0,6000.0,5000.0,0.5,-8.199999999999818,-8.900000000000091,700.0,0.0,0.0,0.19200000000000014,0.0,0.0,1704.0,0
0.542,4293.0,3444.0,2585.0,4285.5,3437.5,2581.5,8000.0,7000.0,4000.0,0.5,-8.599999999999909,-9.699999999999818,700.0,0.0,0.0,0.19300000000000014,0.0,0.0,1708.0,0
0.543,4301.0,3450.0,2590.0,4293.5,3444.5,2585.5,8000.0,6000.0,5000.0,0.5,-9.199999999999818,-8.900000000000091,700.0,0.0,0.0,0.19400000000000014,0.0,0.0,1711.0,0
0.544,4308.0,3456.0,2594.0,4301.5,3450.5,2590.5,7000.0,6000.0,4000.0,0.5,-8.800000000000182,-9.099999999999909,700.0,0.0,0.0,0.19500000000000015,0.0,0.0,1714.0,0
0.545,4316.0,3462.0,2599.0,4308.5,3456.5,2594.5,8000.0,6000.0,5000.0,0.5,-9.199999999999818,-8.900000000000091,700.0,0.0,0.0,0.19600000000000015,0.0,0.0,1717.0,0
0.546,4324.0,3468.0,2604.0,4316.5,3462.5,2599.5,8000.0,6000.0,5000.0,0.5,-8.800000000000182,-9.099999999999909,700.0,0.0,0.0,0.19700000000000015,0.0,0.0,1720.0,0
0.547,4331.0,3474.0,2608.0,4324.5,3468.5,2604.5,7000.0,6000.0,4000.0,0.5,-8.400000000000091,-9.300000000000182,700.0,0.0,0.0,0.19800000000000015,0.0,0.0,1723.0,0
0.548,4339.0,3480.0,2613.0,4331.5,3474.5,2608.5,8000.0,6000.0,5000.0,0.5,-8.800000000000182,-9.099999999999909,700.0,0.0,0.0,0.19900000000000015,0.0,0.0,1726.0,0
0.549,4347.0,3487.0,2617.0,4339.5,3480.5,2613.5,8000.0,7000.0,4000.0,0.5,-8.400000000000091,-9.300000000000182,700.0,0.0,0.0,0.20000000000000015,0.0,0.0,1730.0,0
0.55,4354.0,3493.0,2622.0,4347.5,3487.5,2617.5,7000.0,6000.0,5000.0,0.5,-9.0,-8.5,700.0,0.0,0.0,0.20100000000000015,0.0,0.0,1732.0,0
0.551,4362.0,3499.0,2627.0,4354.5,3493.5,2622.5,8000.0,6000.0,5000.0,0.5,-9.400000000000091,-9.300000000000182,700.0,0.0,0.0,0.20200000000000015,0.0,0.0,1735.0,0
0.552,4370.0,3505.0,2631.0,4362.5,3499.5,2627.5,8000.0,6000.0,4000.0,0.5,-9.0,-9.5,700.0,0.0,0.0,0.20300000000000015,0.0,0.0,1739.0,0
0.553,4377.0,3511.0,2636.0,4370.5,3505.5,2631.5,7000.0,6000.0,5000.0,0.5,-8.599999999999909,-8.699999999999818,700.0,0.0,0.0,0.20400000000000015,0.0,0.0,1741.0,0
0.554,4385.0,3517.0,2640.0,4377.5,3511.5,2636.5,8000.0,6000.0,4000.0,0.5,-9.0,-9.5,700.0,0.0,0.0,0.20500000000000015,0.0,0.0,1745.0,0
0.555,4393.0,3523.0,2645.0,4385.5,3517.5,2640.5,8000.0,6000.0,5000.0,0.5,-8.599999999999909,-8.699999999999818,700.0,0.0,0.0,0.20600000000000016,0.0,0.0,1748.0,0
0.556,4400.0,3529.0,2650.0,4393.5,3523.5,2645.5,7000.0,6000.0,5000.0,0.5,-8.199999999999818,-8.900000000000091,700.0,0.0,0.0,0.20700000000000016,0.0,0.0,1750.0,0
0.557,4408.0,3536.0,2654.0,4400.5,3529.5,2650.5,8000.0,7000.0,4000.0,0.5,-8.599999999999909,-9.699999999999818,700.0,0.0,0.0,0.20800000000000016,0.0,0.0,1754.0,0
0.558,4416.0,3542.0,2659.0,4408.5,3536.5,2654.5,8000.0,6000.0,5000.0,0.5,-9.199999999999818,-8.900000000000091,700.0,0.0,0.0,0.20900000000000016,0.0,0.0,1757.0,0
0.559,4424.0,3548.0,2663.0,4416.5,3542.5,2659.5,8000.0,6000.0,4000.0,0.5,-8.800000000000182,-9.099999999999909,700.0,0.0,0.0,0.21000000000000016,0.0,0.0,1761.0,0
0.56,4431.0,3554.0,2668.0,4424.5,3548.5,2663.5,7000.0,6000.0,5000.0,0.5,-8.400000000000091,-8.300000000000182,700.0,0.0,0.0,0.21100000000000016,0.0,0.0,1763.0,0
0.561,4439.0,3560.0,2673.0,4431.5,3554.5,2668.5,8000.0,6000.0,5000.0,0.5,-8.800000000000182,-9.099999999999909,700.0,0.0,0.0,0.21200000000000016,0.0,0.0,1766.0,0
0.562,4447.0,3566.0,2677.0,4439.5,3560.5,2673.5,8000.0,6000.0,4000.0,0.5,-8.400000000000091,-9.300000000000182,700.0,0.0,0.0,0.21300000000000016,0.0,0.0,1770.0,0
0.5630000000000001,4454.0,3572.0,2682.0,4447.5,3566.5,2677.5,7000.0,6000.0,5000.0,0.5,-8.0,-8.5,700.0,0.0,0.0,0.21400000000000016,0.0,0.0,1772.0,0
0.5640000000000001,4462.0,3579.0,2686.0,4454.5,3572.5,2682.5,8000.0,7000.0,4000.0,0.5,-8.400000000000091,-9.300000000000182,700.0,0.0,0.0,0.21500000000000016,0.0,0.0,1776.0,0
0.5650000000000001,4470.0,3585.0,2691.0,4462.5,3579.5,2686.5,8000.0,6000.0,5000.0,0.5,-9.0,-8.5,700.0,0.0,0.0,0.21600000000000016,0.0,0.0,1779.0,0
0.5660000000000001,4477.0,3591.0,2696.0,4470.5,3585.5,2691.5,7000.0,6000.0,5000.0,0.5,-8.599999999999909,-8.699999999999818,700.0,0.0,0.0,0.21700000000000016,0.0,0.0,1781.0,0
0.5670000000000001,4485.0,3597.0,2700.0,4477.5,3591.5,2696.5,8000.0,6000.0,4000.0,0.5,-9.0,-9.5,700.0,0.0,0.0,0.21800000000000017,0.0,0.0,1785.0,0
0.5680000000000001,4493.0,3603.0,2705.0,4485.5,3597.5,2700.5,8000.0,6000.0,5000.0,0.5,-8.599999999999909,-8.699999999999818,700.0,0.0,0.0,0.21900000000000017,0.0,0.0,1788.0,0
0.5690000000000001,4500.0,3609.0,2710.0,4493.5,3603.5,2705.5,7000.0,6000.0,5000.0,0.5,-8.199999999999818,-8.900000000000091,700.0,0.0,0.0,0.22000000000000017,0.0,0.0,1790.0,0
0.5700000000000001,4508.0,3615.0,2714.0,4500.5,3609.5,2710.5,8000.0,6000.0,4000.0,0.5,-8.599999999999909,-9.699999999999818,700.0,0.0,0.0,0.22100000000000017,0.0,0.0,1794.0,0
0.5710000000000001,4516.0,3622.0,2719.0,4508.5,3615.5,2714.5,8000.0,7000.0,5000.0,0.5,-8.199999999999818,-8.900000000000091,700.0,0.0,0.0,0.22200000000000017,0.0,0.0,1797.0,0
0.5720000000000001,4523.0,3628.0,2723.0,4516.5,3622.5,2719.5,7000.0,6000.0,4000.0,0.5,-8.800000000000182,-9.099999999999909,700.0,0.0,0.0,0.22300000000000017,0.0,0.0,1800.0,0
0.5730000000000001,4531.0,3634.0,2728.0,4523.5,3628.5,2723.5,8000.0,6000.0,5000.0,0.5,-9.199999999999818,-8.900000000000091,700.0,0.0,0.0,0.22400000000000017,0.0,0.0,1803.0,0
0.5740000000000001,4539.0,3640.0,2733.0,4531.5,3634.5,2728.5,8000.0,6000.0,5000.0,0.5,-8.800000000000182,-9.099999999999909,700.0,0.0,0.0,0.22500000000000017,0.0,0.0,1806.0,0
0.5750000000000001,4546.0,3646.0,2737.0,4539.5,3640.5,2733.5,7000.0,6000.0,4000.0,0.5,-8.400000000000091,-9.300000000000182,700.0,0.0,0.0,0.22600000000000017,0.0,0.0,1809.0,0
0.5760000000000001,4554.0,3652.0,2742.0,4546.5,3646.5,2737.5,8000.0,6000.0,5000.0,0.5,-8.800000000000182,-9.099999999999909,700.0,0.0,0.0,0.22700000000000017,0.0,0.0,1812.0,0
0.577,4562.0,3658.0,2746.0,4554.5,3652.5,2742.5,8000.0,6000.0,4000.0,0.5,-8.400000000000091,-9.300000000000182,700.0,0.0,0.0,0.22800000000000017,0.0,0.0,1816.0,0
0.578,4569.0,3665.0,2751.0,4562.5,3658.5,2746.5,7000.0,7000.0,5000.0,0.5,-8.0,-8.5,700.0,0.0,0.0,0.22900000000000018,0.0,0.0,1818.0,0
0.579,4577.0,3671.0,2756.0,4569.5,3665.5,2751.5,8000.0,6000.0,5000.0,0.5,-9.400000000000091,-9.300000000000182,700.0,0.0,0.0,0.23000000000000018,0.0,0.0,1821.0,0
0.58,4585.0,3677.0,2760.0,4577.5,3671.5,2756.5,8000.0,6000.0,4000.0,0.5,-9.0,-9.5,700.0,0.0,0.0,0.23100000000000018,0.0,0.0,1825.0,0
0.581,4592.0,3683.0,2765.0,4585.5,3677.5,2760.5,7000.0,6000.0,5000.0,0.5,-8.599999999999909,-8.699999999999818,700.0,0.0,0.0,0.23200000000000018,0.0,0.0,1827.0,0
0.582,4600.0,3689.0,2769.0,4592.5,3683.5,2765.5,8000.0,6000.0,4000.0,0.5,-9.0,-9.5,700.0,0.0,0.0,0.23300000000000018,0.0,0.0,1831.0,0
0.583,4608.0,3695.0,2774.0,4600.5,3689.5,2769.5,8000.0,6000.0,5000.0,0.5,-8.599999999999909,-8.699999999999818,700.0,0.0,0.0,0.23400000000000018,0.0,0.0,1834.0,0
0.584,4615.0,3701.0,2779.0,4608.5,3695.5,2774.5,7000.0,6000.0,5000.0,0.5,-8.199999999999818,-8.900000000000091,700.0,0.0,0.0,0.23500000000000018,0.0,0.0,1836.0,0
0.585,4623.0,3708.0,2783.0,4615.5,3701.5,2779.5,8000.0,7000.0,4000.0,0.5,-8.599999999999909,-9.699999999999818,700.0,0.0,0.0,0.23600000000000018,0.0,0.0,1840.0,0
0.586,4631.0,3714.0,2788.0,4623.5,3708.5,2783.5,8000.0,6000.0,5000.0,0.5,-9.199999999999818,-8.900000000000091,700.0,0.0,0.0,0.23700000000000018,0.0,0.0,1843.0,0
0.587,4638.0,3720.0,2792.0,4631.5,3714.5,2788.5,7000.0,6000.0,4000.0,0.5,-8.800000000000182,-9.099999999999909,700.0,0.0,0.0,0.23800000000000018,0.0,0.0,1846.0,0
0.588,4646.0,3726.0,2797.0,4638.5,3720.5,2792.5,8000.0,6000.0,5000.0,0.5,-9.199999999999818,-8.900000000000091,700.0,0.0,0.0,0.23900000000000018,0.0,0.0,1849.0,0
0.589,4654.0,3732.0,2802.0,4646.5,3726.5,2797.5,8000.0,6000.0,5000.0,0.5,-8.800000000000182,-9.099999999999909,700.0,0.0,0.0,0.24000000000000019,0.0,0.0,1852.0,0
0.59,4662.0,3738.0,2806.0,4654.5,3732.5,2802.5,8000.0,6000.0,4000.0,0.5,-8.400000000000091,-9.300000000000182,700.0,0.0,0.0,0.2410000000000002,0.0,0.0,1856.0,0
0.591,4669.0,3744.0,2811.0,4662.5,3738.5,2806.5,7000.0,6000.0,5000.0,0.5,-8.0,-8.5,700.0,0.0,0.0,0.2420000000000002,0.0,0.0,1858.0,0
0.592,4677.0,3751.0,2815.0,4669.5,3744.5,2811.5,8000.0,7000.0,4000.0,0.5,-8.400000000000091,-9.300000000000182,700.0,0.0,0.0,0.2430000000000002,0.0,0.0,1862.0,0
0.593,4685.0,3757.0,2820.0,4677.5,3751.5,2815.5,8000.0,6000.0,5000.0,0.5,-9.0,-8.5,700.0,0.0,0.0,0.2440000000000002,0.0,0.0,1865.0,0
0.594,4692.0,3763.0,2825.0,4685.5,3757.5,2820.5,7000.0,6000.0,5000.0,0.5,-8.599999999999909,-8.699999999999818,700.0,0.0,0.0,0.2450000000000002,0.0,0.0,1867.0,0
0.595,4700.0,3769.0,2829.0,4692.5,3763.5,2825.5,8000.0,6000.0,4000.0,0.5,-9.0,-9.5,700.0,0.0,0.0,0.2460000000000002,0.0,0.0,1871.0,0
0.596,4708.0,3775.0,2834.0,4700.5,3769.5,2829.5,8000.0,6000.0,5000.0,0.5,-8.599999999999909,-8.699999999999818,700.0,0.0,0.0,0.2470000000000002,0.0,0.0,1874.0,0
0.597,4715.0,3781.0,2838.0,4708.5,3775.5,2834.5,7000.0,6000.0,4000.0,0.5,-8.199999999999818,-8.900000000000091,700.0,0.0,0.0,0.2480000000000002,0.0,0.0,1877.0,0
0.598,4723.0,3787.0,2843.0,4715.5,3781.5,2838.5,8000.0,6000.0,5000.0,0.5,-8.599999999999909,-8.699999999999818,700.0,0.0,0.0,0.2490000000000002,0.0,0.0,1880.0,0
0.599,4731.0,3793.0,2848.0,4723.5,3787.5,2843.5,8000.0,6000.0,5000.0,0.5,-8.199999999999818,-8.900000000000091,700.0,0.0,0.0,0.25000000000000017,0.0,0.0,1883.0,0
0.6,4738.0,3800.0,2852.0,4731.5,3793.5,2848.5,7000.0,7000.0,4000.0,0.5,-7.800000000000182,-9.099999999999909,700.0,0.0,0.0,0.25100000000000017,0.0,0.0,1886.0,0
0.601,4746.0,3806.0,2857.0,4738.5,3800.5,2852.5,8000.0,6000.0,5000.0,0.5,-9.199999999999818,-8.900000000000091,700.0,0.0,0.0,0.25200000000000017,0.0,0.0,1889.0,0
0.602,4754.0,3812.0,2861.0,4746.5,3806.5,2857.5,8000.0,6000.0,4000.0,0.5,-8.800000000000182,-9.099999999999909,700.0,0.0,0.0,0.25300000000000017,0.0,0.0,1893.0,0
0.603,4761.0,3818.0,2866.0,4754.5,3812.5,2861.5,7000.0,6000.0,5000.0,0.5,-8.400000000000091,-8.300000000000182,700.0,0.0,0.0,0.25400000000000017,0.0,0.0,1895.0,0
0.604,4769.0,3824.0,2871.0,4761.5,3818.5,2866.5,8000.0,6000.0,5000.0,0.5,-8.800000000000182,-9.099999999999909,700.0,0.0,0.0,0.25500000000000017,0.0,0.0,1898.0,0
0.605,4777.0,3830.0,2875.0,4769.5,3824.5,2871.5,8000.0,6000.0,4000.0,0.5,-8.400000000000091,-9.300000000000182,700.0,0.0,0.0,0.25600000000000017,0.0,0.0,1902.0,0
0.606,4784.0,3836.0,2880.0,4777.5,3830.5,2875.5,7000.0,6000.0,5000.0,0.5,-8.0,-8.5,700.0,0.0,0.0,0.2570000000000002,0.0,0.0,1904.0,0
0.607,4792.0,3843.0,2884.0,4784.5,3836.5,2880.5,8000.0,7000.0,4000.0,0.5,-8.400000000000091,-9.300000000000182,700.0,0.0,0.0,0.2580000000000002,0.0,0.0,1908.0,0
0.608,4800.0,3849.0,2889.0,4792.5,3843.5,2884.5,8000.0,6000.0,5000.0,0.5,-9.0,-8.5,700.0,0.0,0.0,0.2590000000000002,0.0,0.0,1911.0,0
0.609,4807.0,3855.0,2894.0,4800.5,3849.5,2889.5,7000.0,6000.0,5000.0,0.5,-8.599999999999909,-8.699999999999818,700.0,0.0,0.0,0.2600000000000002,0.0,0.0,1913.0,0
0.61,4815.0,3861.0,2898.0,4807.5,3855.5,2894.5,8000.0,6000.0,4000.0,0.5,-9.0,-9.5,700.0,0.0,0.0,0.2610000000000002,0.0,0.0,1917.0,0
0.611,4823.0,3867.0,2903.0,4815.5,3861.5,2898.5,8000.0,6000.0,5000.0,0.5,-8.599999999999909,-8.699999999999818,700.0,0.0,0.0,0.2620000000000002,0.0,0.0,1920.0,0
0.612,4830.0,3873.0,2907.0,4823.5,3867.5,2903.5,7000.0,6000.0,4000.0,0.5,-8.199999999999818,-8.900000000000091,700.0,0.0,0.0,0.2630000000000002,0.0,0.0,1923.0,0
0.613,4838.0,3879.0,2912.0,4830.5,3873.5,2907.5,8000.0,6000.0,5000.0,0.5,-8.599999999999909,-8.699999999999818,700.0,0.0,0.0,0.2640000000000002,0.0,0.0,1926.0,0
0.614,4846.0,3886.0,2917.0,4838.5,3879.5,2912.5,8000.0,7000.0,5000.0,0.5,-8.199999999999818,-8.900000000000091,700.0,0.0,0.0,0.2650000000000002,0.0,0.0,1929.0,0
0.615,4853.0,3892.0,2921.0,4846.5,3886.5,2917.5,7000.0,6000.0,4000.0,0.5,-8.800000000000182,-9.099999999999909,700.0,0.0,0.0,0.2660000000000002,0.0,0.0,1932.0,0
0.616,4861.0,3898.0,2926.0,4853.5,3892.5,2921.5,8000.0,6000.0,5000.0,0.5,-9.199999999999818,-8.900000000000091,700.0,0.0,0.0,0.2670000000000002,0.0,0.0,1935.0,0
0.617,4869.0,3904.0,2930.0,4861.5,3898.5,2926.5,8000.0,6000.0,4000.0,0.5,-8.800000000000182,-9.099999999999909,700.0,0.0,0.0,0.2680000000000002,0.0,0.0,1939.0,0
0.618,4876.0,3910.0,2935.0,4869.5,3904.5,2930.5,7000.0,6000.0,5000.0,0.5,-8.400000000000091,-8.300000000000182,700.0,0.0,0.0,0.2690000000000002,0.0,0.0,1941.0,0
0.619,4884.0,3916.0,2940.0,4876.5,3910.5,2935.5,8000.0,6000.0,5000.0,0.5,-8.800000000000182,-9.099999999999909,700.0,0.0,0.0,0.2700000000000002,0.0,0.0,1944.0,0
0.62,4892.0,3922.0,2944.0,4884.5,3916.5,2940.5,8000.0,6000.0,4000.0,0.5,-8.400000000000091,-9.300000000000182,700.0,0.0,0.0,0.2710000000000002,0.0,0.0,1948.0,0
0.621,4900.0,3929.0,2949.0,4892.5,3922.5,2944.5,8000.0,7000.0,5000.0,0.5,-8.0,-8.5,700.0,0.0,0.0,0.2720000000000002,0.0,0.0,1951.0,0
0.622,4907.0,3935.0,2954.0,4900.5,3929.5,2949.5,7000.0,6000.0,5000.0,0.5,-8.599999999999909,-8.699999999999818,700.0,0.0,0.0,0.2730000000000002,0.0,0.0,1953.0,0
0.623,4915.0,3941.0,2958.0,4907.5,3935.5,2954.5,8000.0,6000.0,4000.0,0.5,-9.0,-9.5,700.0,0.0,0.0,0.2740000000000002,0.0,0.0,1957.0,0
0.624,4923.0,3947.0,2963.0,4915.5,3941.5,2958.5,8000.0,6000.0,5000.0,0.5,-8.599999999999909,-8.699999999999818,700.0,0.0,0.0,0.2750000000000002,0.0,0.0,1960.0,0
0.625,4930.0,3953.0,2967.0,4923.5,3947.5,2963.5,7000.0,6000.0,4000.0,0.5,-8.199999999999818,-8.900000000000091,700.0,0.0,0.0,0.2760000000000002,0.0,0.0,1963.0,0
0.626,4938.0,3959.0,2972.0,4930.5,3953.5,2967.5,8000.0,6000.0,5000.0,0.5,-8.599999999999909,-8.699999999999818,700.0,0.0,0.0,0.2770000000000002,0.0,0.0,1966.0,0
0.627,4946.0,3965.0,2977.0,4938.5,3959.5,2972.5,8000.0,6000.0,5000.0,0.5,-8.199999999999818,-8.900000000000091,700.0,0.0,0.0,0.2780000000000002,0.0,0.0,1969.0,0
0.628,4953.0,3972.0,2981.0,4946.5,3965.5,2977.5,7000.0,7000.0,4000.0,0.5,-7.800000000000182,-9.099999999999909,700.0,0.0,0.0,0.2790000000000002,0.0,0.0,1972.0,0
0.629,4961.0,3978.0,2986.0,4953.5,3972.5,2981.5,8000.0,6000.0,5000.0,0.5,-9.199999999999818,-8.900000000000091,700.0,0.0,0.0,0.2800000000000002,0.0,0.0,1975.0,0
0.63,4969.0,3984.0,2990.0,4961.5,3978.5,2986.5,8000.0,6000.0,4000.0,0.5,-8.800000000000182,-9.099999999999909,700.0,0.0,0.0,0.2810000000000002,0.0,0.0,1979.0,0
0.631,4976.0,3990.0,2995.0,4969.5,3984.5,2990.5,7000.0,6000.0,5000.0,0.5,-8.400000000000091,-8.300000000000182,700.0,0.0,0.0,0.2820000000000002,0.0,0.0,1981.0,0
0.632,4984.0,3996.0,3000.0,4976.5,3990.5,2995.5,8000.0,6000.0,5000.0,0.5,-8.800000000000182,-9.099999999999909,700.0,0.0,0.0,0.2830000000000002,0.0,0.0,1984.0,0
0.633,4992.0,4002.0,3004.0,4984.5,3996.5,3000.5,8000.0,6000.0,4000.0,0.5,-8.400000000000091,-9.300000000000182,700.0,0.0,0.0,0.2840000000000002,0.0,0.0,1988.0,0
0.634,4999.0,4008.0,3009.0,4992.5,4002.5,3004.5,7000.0,6000.0,5000.0,0.5,-8.0,-8.5,700.0,0.0,0.0,0.2850000000000002,0.0,0.0,1990.0,0
0.635,5007.0,4015.0,3013.0,4999.5,4008.5,3009.5,8000.0,7000.0,4000.0,0.5,-8.400000000000091,-9.300000000000182,700.0,0.0,0.0,0.2860000000000002,0.0,0.0,1994.0,0
0.636,5015.0,4021.0,3018.0,5007.5,4015.5,3013.5,8000.0,6000.0,5000.0,0.5,-9.0,-8.5,700.0,0.0,0.0,0.2870000000000002,0.0,0.0,1997.0,0
0.637,5022.0,4027.0,3023.0,5015.5,4021.5,3018.5,7000.0,6000.0,5000.0,0.5,-8.599999999999909,-8.699999999999818,700.0,0.0,0.0,0.2880000000000002,0.0,0.0,1999.0,0
0.638,5030.0,4033.0,3027.0,5022.5,4027.5,3023.5,8000.0,6000.0,4000.0,0.5,-9.0,-9.5,700.0,0.0,0.0,0.2890000000000002,0.0,0.0,2003.0,0
0.639,5038.0,4039.0,3032.0,5030.5,4033.5,3027.5,8000.0,6000.0,5000.0,0.5,-8.599999999999909,-8.699999999999818,700.0,0.0,0.0,0.2900000000000002,0.0,0.0,2006.0,0
0.64,5045.0,4045.0,3036.0,5038.5,4039.5,3032.5,7000.0,6000.0,4000.0,0.5,-8.199999999999818,-8.900000000000091,700.0,0.0,0.0,0.2910000000000002,0.0,0.0,2009.0,0
0.641,5053.0,4051.0,3041.0,5045.5,4045.5,3036.5,8000.0,6000.0,5000.0,0.5,-8.599999999999909,-8.699999999999818,700.0,0.0,0.0,0.2920000000000002,0.0,0.0,2012.0,0
0.642,5061.0,4057.0,3046.0,5053.5,4051.5,3041.5,8000.0,6000.0,5000.0,0.5,-8.199999999999818,-8.900000000000091,700.0,0.0,0.0,0.2930000000000002,0.0,0.0,2015.0,0
0.643,5068.0,4064.0,3050.0,5061.5,4057.5,3046.5,7000.0,7000.0,4000.0,0.5,-7.800000000000182,-9.099999999999909,700.0,0.0,0.0,0.2940000000000002,0.0,0.0,2018.0,0
0.644,5076.0,4070.0,3055.0,5068.5,4064.5,3050.5,8000.0,6000.0,5000.0,0.5,-9.199999999999818,-8.900000000000091,700.0,0.0,0.0,0.2950000000000002,0.0,0.0,2021.0,0
0.645,5084.0,4076.0,3059.0,5076.5,4070.5,3055.5,8000.0,6000.0,4000.0,0.5,-8.800000000000182,-9.099999999999909,700.0,0.0,0.0,0.2960000000000002,0.0,0.0,2025.0,0
0.646,5091.0,4082.0,3064.0,5084.5,4076.5,3059.5,7000.0,6000.0,5000.0,0.5,-8.400000000000091,-8.300000000000182,700.0,0.0,0.0,0.2970000000000002,0.0,0.0,2027.0,0
0.647,5099.0,4088.0,3069.0,5091.5,4082.5,3064.5,8000.0,6000.0,5000.0,0.5,-8.800000000000182,-9.099999999999909,700.0,0.0,0.0,0.2980000000000002,0.0,0.0,2030.0,0
0.648,5107.0,4094.0,3073.0,5099.5,4088.5,3069.5,8000.0,6000.0,4000.0,0.5,-8.400000000000091,-9.300000000000182,700.0,0.0,0.0,0.2990000000000002,0.0,0.0,2034.0,0
0.649,5114.0,4100.0,3078.0,5107.5,4094.5,3073.5,7000.0,6000.0,5000.0,0.5,-8.0,-8.5,700.0,0.0,0.0,0.3000000000000002,0.0,0.0,2036.0,0
0.65,5122.0,4107.0,3082.0,5114.5,4100.5,3078.5,8000.0,7000.0,4000.0,0.5,-8.400000000000091,-9.300000000000182,700.0,0.0,0.0,0.3010000000000002,0.0,0.0,2040.0,0
0.651,5130.0,4113.0,3087.0,5122.5,4107.5,3082.5,8000.0,6000.0,5000.0,0.5,-9.0,-8.5,700.0,0.0,0.0,0.3020000000000002,0.0,0.0,2043.0,0
0.652,5138.0,4119.0,3092.0,5130.5,4113.5,3087.5,8000.0,6000.0,5000.0,0.5,-8.600000000000364,-8.699999999999818,700.0,0.0,0.0,0.3030000000000002,0.0,0.0,2046.0,0
0.653,5145.0,4125.0,3096.0,5138.5,4119.5,3092.5,7000.0,6000.0,4000.0,0.5,-8.199999999999818,-8.900000000000091,700.0,0.0,0.0,0.3040000000000002,0.0,0.0,2049.0,0
0.654,5153.0,4131.0,3101.0,5145.5,4125.5,3096.5,8000.0,6000.0,5000.0,0.5,-8.600000000000364,-8.699999999999818,700.0,0.0,0.0,0.3050000000000002,0.0,0.0,2052.0,0
0.655,5161.0,4137.0,3105.0,5153.5,4131.5,3101.5,8000.0,6000.0,4000.0,0.5,-8.199999999999818,-8.900000000000091,700.0,0.0,0.0,0.3060000000000002,0.0,0.0,2056.0,0
0.656,5168.0,4143.0,3110.0,5161.5,4137.5,3105.5,7000.0,6000.0,5000.0,0.5,-7.800000000000182,-8.099999999999909,700.0,0.0,0.0,0.3070000000000002,0.0,0.0,2058.0,0
0.657,5176.0,4150.0,3115.0,5168.5,4143.5,3110.5,8000.0,7000.0,5000.0,0.5,-8.199999999999818,-8.900000000000091,700.0,0.0,0.0,0.3080000000000002,0.0,0.0,2061.0,0
0.658,5184.0,4156.0,3119.0,5176.5,4150.5,3115.5,8000.0,6000.0,4000.0,0.5,-8.800000000000182,-9.099999999999909,700.0,0.0,0.0,0.3090000000000002,0.0,0.0,2065.0,0
0.659,5191.0,4162.0,3124.0,5184.5,4156.5,3119.5,7000.0,6000.0,5000.0,0.5,-8.399999999999636,-8.300000000000182,700.0,0.0,0.0,0.3100000000000002,0.0,0.0,2067.0,0
0.66,5199.0,4168.0,3128.0,5191.5,4162.5,3124.5,8000.0,6000.0,4000.0,0.5,-8.800000000000182,-9.099999999999909,700.0,0.0,0.0,0.3110000000000002,0.0,0.0,2071.0,0
0.661,5207.0,4174.0,3133.0,5199.5,4168.5,3128.5,8000.0,6000.0,5000.0,0.5,-8.399999999999636,-8.300000000000182,700.0,0.0,0.0,0.3120000000000002,0.0,0.0,2074.0,0
0.662,5214.0,4180.0,3138.0,5207.5,4174.5,3133.5,7000.0,6000.0,5000.0,0.5,-8.0,-8.5,700.0,0.0,0.0,0.3130000000000002,0.0,0.0,2076.0,0
0.663,5222.0,4186.0,3142.0,5214.5,4180.5,3138.5,8000.0,6000.0,4000.0,0.5,-8.399999999999636,-9.300000000000182,700.0,0.0,0.0,0.3140000000000002,0.0,0.0,2080.0,0
0.664,5230.0,4193.0,3147.0,5222.5,4186.5,3142.5,8000.0,7000.0,5000.0,0.5,-8.0,-8.5,700.0,0.0,0.0,0.3150000000000002,0.0,0.0,2083.0,0
0.665,5237.0,4199.0,3151.0,5230.5,4193.5,3147.5,7000.0,6000.0,4000.0,0.5,-8.600000000000364,-8.699999999999818,700.0,0.0,0.0,0.3160000000000002,0.0,0.0,2086.0,0
0.666,5245.0,4205.0,3156.0,5237.5,4199.5,3151.5,8000.0,6000.0,5000.0,0.5,-9.0,-8.5,700.0,0.0,0.0,0.3170000000000002,0.0,0.0,2089.0,0
0.667,5253.0,4211.0,3161.0,5245.5,4205.5,3156.5,8000.0,6000.0,5000.0,0.5,-8.600000000000364,-8.699999999999818,700.0,0.0,0.0,0.3180000000000002,0.0,0.0,2092.0,0
0.668,5260.0,4217.0,3165.0,5253.5,4211.5,3161.5,7000.0,6000.0,4000.0,0.5,-8.199999999999818,-8.900000000000091,700.0,0.0,0.0,0.31900000000000023,0.0,0.0,2095.0,0
0.669,5268.0,4223.0,3170.0,5260.5,4217.5,3165.5,8000.0,6000.0,5000.0,0.5,-8.600000000000364,-8.699999999999818,700.0,0.0,0.0,0.32000000000000023,0.0,0.0,2098.0,0
0.67,5276.0,4229.0,3174.0,5268.5,4223.5,3170.5,8000.0,6000.0,4000.0,0.5,-8.199999999999818,-8.900000000000091,700.0,0.0,0.0,0.32100000000000023,0.0,0.0,2102.0,0
0.671,5283.0,4236.0,3179.0,5276.5,4229.5,3174.5,7000.0,7000.0,5000.0,0.5,-7.800000000000182,-8.099999999999909,700.0,0.0,0.0,0.32200000000000023,0.0,0.0,2104.0,0
0.672,5291.0,4242.0,3184.0,5283.5,4236.5,3179.5,8000.0,6000.0,5000.0,0.5,-9.199999999999818,-8.900000000000091,700.0,0.0,0.0,0.32300000000000023,0.0,0.0,2107.0,0
0.673,5299.0,4248.0,3188.0,5291.5,4242.5,3184.5,8000.0,6000.0,4000.0,0.5,-8.800000000000182,-9.099999999999909,700.0,0.0,0.0,0.32400000000000023,0.0,0.0,2111.0,0
0.674,5306.0,4254.0,3193.0,5299.5,4248.5,3188.5,7000.0,6000.0,5000.0,0.5,-8.399999999999636,-8.300000000000182,700.0,0.0,0.0,0.32500000000000023,0.0,0.0,2113.0,0
0.675,5314.0,4260.0,3198.0,5306.5,4254.5,3193.5,8000.0,6000.0,5000.0,0.5,-8.800000000000182,-9.099999999999909,700.0,0.0,0.0,0.32600000000000023,0.0,0.0,2116.0,0
0.676,5322.0,4266.0,3202.0,5314.5,4260.5,3198.5,8000.0,6000.0,4000.0,0.5,-8.399999999999636,-9.300000000000182,700.0,0.0,0.0,0.32700000000000023,0.0,0.0,2120.0,0
0.677,5329.0,4272.0,3207.0,5322.5,4266.5,3202.5,7000.0,6000.0,5000.0,0.5,-8.0,-8.5,700.0,0.0,0.0,0.32800000000000024,0.0,0.0,2122.0,0
0.678,5337.0,4279.0,3211.0,5329.5,4272.5,3207.5,8000.0,7000.0,4000.0,0.5,-8.399999999999636,-9.300000000000182,700.0,0.0,0.0,0.32900000000000024,0.0,0.0,2126.0,0
0.679,5345.0,4285.0,3216.0,5337.5,4279.5,3211.5,8000.0,6000.0,5000.0,0.5,-9.0,-8.5,700.0,0.0,0.0,0.33000000000000024,0.0,0.0,2129.0,0
0.68,5352.0,4291.0,3221.0,5345.5,4285.5,3216.5,7000.0,6000.0,5000.0,0.5,-8.600000000000364,-8.699999999999818,700.0,0.0,0.0,0.33100000000000024,0.0,0.0,2131.0,0
0.681,5360.0,4297.0,3225.0,5352.5,4291.5,3221.5,8000.0,6000.0,4000.0,0.5,-9.0,-9.5,700.0,0.0,0.0,0.33200000000000024,0.0,0.0,2135.0,0
0.682,5368.0,4303.0,3230.0,5360.5,4297.5,3225.5,8000.0,6000.0,5000.0,0.5,-8.600000000000364,-8.699999999999818,700.0,0.0,0.0,0.33300000000000024,0.0,0.0,2138.0,0
0.683,5376.0,4309.0,3234.0,5368.5,4303.5,3230.5,8000.0,6000.0,4000.0,0.5,-8.199999999999818,-8.900000000000091,700.0,0.0,0.0,0.33400000000000024,0.0,0.0,2142.0,0
0.684,5383.0,4315.0,3239.0,5376.5,4309.5,3234.5,7000.0,6000.0,5000.0,0.5,-7.800000000000182,-8.099999999999909,700.0,0.0,0.0,0.33500000000000024,0.0,0.0,2144.0,0
0.685,5391.0,4322.0,3244.0,5383.5,4315.5,3239.5,8000.0,7000.0,5000.0,0.5,-8.199999999999818,-8.900000000000091,700.0,0.0,0.0,0.33600000000000024,0.0,0.0,2147.0,0
0.686,5399.0,4328.0,3248.0,5391.5,4322.5,3244.5,8000.0,6000.0,4000.0,0.5,-8.800000000000182,-9.099999999999909,700.0,0.0,0.0,0.33700000000000024,0.0,0.0,2151.0,0
0.687,5406.0,4334.0,3253.0,5399.5,4328.5,3248.5,7000.0,6000.0,5000.0,0.5,-8.399999999999636,-8.300000000000182,700.0,0.0,0.0,0.33800000000000024,0.0,0.0,2153.0,0
0.6880000000000001,5414.0,4340.0,3257.0,5406.5,4334.5,3253.5,8000.0,6000.0,4000.0,0.5,-8.800000000000182,-9.099999999999909,700.0,0.0,0.0,0.33900000000000025,0.0,0.0,2157.0,0
0.6890000000000001,5422.0,4346.0,3262.0,5414.5,4340.5,3257.5,8000.0,6000.0,5000.0,0.5,-8.399999999999636,-8.300000000000182,700.0,0.0,0.0,0.34000000000000025,0.0,0.0,2160.0,0
0.6900000000000001,5429.0,4352.0,3267.0,5422.5,4346.5,3262.5,7000.0,6000.0,5000.0,0.5,-8.0,-8.5,700.0,0.0,0.0,0.34100000000000025,0.0,0.0,2162.0,0
0.6910000000000001,5437.0,4358.0,3271.0,5429.5,4352.5,3267.5,8000.0,6000.0,4000.0,0.5,-8.399999999999636,-9.300000000000182,700.0,0.0,0.0,0.34200000000000025,0.0,0.0,2166.0,0
0.6920000000000001,5445.0,4364.0,3276.0,5437.5,4358.5,3271.5,8000.0,6000.0,5000.0,0.5,-8.0,-8.5,700.0,0.0,0.0,0.34300000000000025,0.0,0.0,2169.0,0
0.6930000000000001,5452.0,4371.0,3280.0,5445.5,4364.5,3276.5,7000.0,7000.0,4000.0,0.5,-7.600000000000364,-8.699999999999818,700.0,0.0,0.0,0.34400000000000025,0.0,0.0,2172.0,0
0.6940000000000001,5460.0,4377.0,3285.0,5452.5,4371.5,3280.5,8000.0,6000.0,5000.0,0.5,-9.0,-8.5,700.0,0.0,0.0,0.34500000000000025,0.0,0.0,2175.0,0
0.6950000000000001,5468.0,4383.0,3290.0,5460.5,4377.5,3285.5,8000.0,6000.0,5000.0,0.5,-8.600000000000364,-8.699999999999818,700.0,0.0,0.0,0.34600000000000025,0.0,0.0,2178.0,0
0.6960000000000001,5475.0,4389.0,3294.0,5468.5,4383.5,3290.5,7000.0,6000.0,4000.0,0.5,-8.199999999999818,-8.900000000000091,700.0,0.0,0.0,0.34700000000000025,0.0,0.0,2181.0,0
0.6970000000000001,5483.0,4395.0,3299.0,5475.5,4389.5,3294.5,8000.0,6000.0,5000.0,0.5,-8.600000000000364,-8.699999999999818,700.0,0.0,0.0,0.34800000000000025,0.0,0.0,2184.0,0
0.6980000000000001,5491.0,4401.0,3303.0,5483.5,4395.5,3299.5,8000.0,6000.0,4000.0,0.5,-8.199999999999818,-8.900000000000091,700.0,0.0,0.0,0.34900000000000025,0.0,0.0,2188.0,0
0.6990000000000001,5498.0,4407.0,3308.0,5491.5,4401.5,3303.5,7000.0,6000.0,5000.0,0.5,-7.800000000000182,-8.099999999999909,700.0,0.0,0.0,0.35000000000000026,0.0,0.0,2190.0,0
0.7000000000000001,5506.0,4414.0,3313.0,5498.5,4407.5,3308.5,8000.0,7000.0,5000.0,0.5,-8.199999999999818,-8.900000000000091,700.0,0.0,0.0,0.35100000000000026,0.0,0.0,2193.0,0
0.7010000000000001,5514.0,4420.0,3317.0,5506.5,4414.5,3313.5,8000.0,6000.0,4000.0,0.5,-8.800000000000182,-9.099999999999909,700.0,0.0,0.0,0.35200000000000026,0.0,0.0,2197.0,0
0.7020000000000001,5521.0,4426.0,3322.0,5514.5,4420.5,3317.5,7000.0,6000.0,5000.0,0.5,-8.399999999999636,-8.300000000000182,700.0,0.0,0.0,0.35300000000000026,0.0,0.0,2199.0,0
0.7030000000000001,5529.0,4432.0,3326.0,5521.5,4426.5,3322.5,8000.0,6000.0,4000.0,0.5,-8.800000000000182,-9.099999999999909,700.0,0.0,0.0,0.35400000000000026,0.0,0.0,2203.0,0
0.704,5537.0,4438.0,3331.0,5529.5,4432.5,3326.5,8000.0,6000.0,5000.0,0.5,-8.399999999999636,-8.300000000000182,700.0,0.0,0.0,0.35500000000000026,0.0,0.0,2206.0,0
0.705,5544.0,4444.0,3336.0,5537.5,4438.5,3331.5,7000.0,6000.0,5000.0,0.5,-8.0,-8.5,700.0,0.0,0.0,0.35600000000000026,0.0,0.0,2208.0,0
0.706,5552.0,4450.0,3340.0,5544.5,4444.5,3336.5,8000.0,6000.0,4000.0,0.5,-8.399999999999636,-9.300000000000182,700.0,0.0,0.0,0.35700000000000026,0.0,0.0,2212.0,0
0.707,5560.0,4457.0,3345.0,5552.5,4450.5,3340.5,8000.0,7000.0,5000.0,0.5,-8.0,-8.5,700.0,0.0,0.0,0.35800000000000026,0.0,0.0,2215.0,0
0.708,5567.0,4463.0,3349.0,5560.5,4457.5,3345.5,7000.0,6000.0,4000.0,0.5,-8.600000000000364,-8.699999999999818,700.0,0.0,0.0,0.35900000000000026,0.0,0.0,2218.0,0
0.709,5575.0,4469.0,3354.0,5567.5,4463.5,3349.5,8000.0,6000.0,5000.0,0.5,-9.0,-8.5,700.0,0.0,0.0,0.36000000000000026,0.0,0.0,2221.0,0
0.71,5583.0,4475.0,3359.0,5575.5,4469.5,3354.5,8000.0,6000.0,5000.0,0.5,-8.600000000000364,-8.699999999999818,700.0,0.0,0.0,0.36100000000000027,0.0,0.0,2224.0,0
0.711,5591.0,4481.0,3363.0,5583.5,4475.5,3359.5,8000.0,6000.0,4000.0,0.5,-8.199999999999818,-8.900000000000091,700.0,0.0,0.0,0.36200000000000027,0.0,0.0,2228.0,0
0.712,5598.0,4487.0,3368.0,5591.5,4481.5,3363.5,7000.0,6000.0,5000.0,0.5,-7.800000000000182,-8.099999999999909,700.0,0.0,0.0,0.36300000000000027,0.0,0.0,2230.0,0
0.713,5606.0,4493.0,3372.0,5598.5,4487.5,3368.5,8000.0,6000.0,4000.0,0.5,-8.199999999999818,-8.900000000000091,700.0,0.0,0.0,0.36400000000000027,0.0,0.0,2234.0,0
0.714,5614.0,4500.0,3377.0,5606.5,4493.5,3372.5,8000.0,7000.0,5000.0,0.5,-7.800000000000182,-8.099999999999909,700.0,0.0,0.0,0.36500000000000027,0.0,0.0,2237.0,0
0.715,5621.0,4506.0,3382.0,5614.5,4500.5,3377.5,7000.0,6000.0,5000.0,0.5,-8.399999999999636,-8.300000000000182,700.0,0.0,0.0,0.36600000000000027,0.0,0.0,2239.0,0
0.716,5629.0,4512.0,3386.0,5621.5,4506.5,3382.5,8000.0,6000.0,4000.0,0.5,-8.800000000000182,-9.099999999999909,700.0,0.0,0.0,0.36700000000000027,0.0,0.0,2243.0,0
0.717,5637.0,4518.0,3391.0,5629.5,4512.5,3386.5,8000.0,6000.0,5000.0,0.5,-8.399999999999636,-8.300000000000182,700.0,0.0,0.0,0.36800000000000027,0.0,0.0,2246.0,0
0.718,5644.0,4524.0,3395.0,5637.5,4518.5,3391.5,7000.0,6000.0,4000.0,0.5,-8.0,-8.5,700.0,0.0,0.0,0.36900000000000027,0.0,0.0,2249.0,0
0.719,5652.0,4530.0,3400.0,5644.5,4524.5,3395.5,8000.0,6000.0,5000.0,0.5,-8.399999999999636,-8.300000000000182,700.0,0.0,0.0,0.3700000000000003,0.0,0.0,2252.0,0
0.72,5660.0,4536.0,3405.0,5652.5,4530.5,3400.5,8000.0,6000.0,5000.0,0.5,-8.0,-8.5,700.0,0.0,0.0,0.3710000000000003,0.0,0.0,2255.0,0
0.721,5667.0,4543.0,3409.0,5660.5,4536.5,3405.5,7000.0,7000.0,4000.0,0.5,-7.600000000000364,-8.699999999999818,700.0,0.0,0.0,0.3720000000000003,0.0,0.0,2258.0,0
0.722,5675.0,4549.0,3414.0,5667.5,4543.5,3409.5,8000.0,6000.0,5000.0,0.5,-9.0,-8.5,700.0,0.0,0.0,0.3730000000000003,0.0,0.0,2261.0,0
0.723,5683.0,4555.0,3418.0,5675.5,4549.5,3414.5,8000.0,6000.0,4000.0,0.5,-8.600000000000364,-8.699999999999818,700.0,0.0,0.0,0.3740000000000003,0.0,0.0,2265.0,0
0.724,5690.0,4561.0,3423.0,5683.5,4555.5,3418.5,7000.0,6000.0,5000.0,0.5,-8.199999999999818,-7.900000000000091,700.0,0.0,0.0,0.3750000000000003,0.0,0.0,2267.0,0
0.725,5698.0,4567.0,3428.0,5690.5,4561.5,3423.5,8000.0,6000.0,5000.0,0.5,-8.600000000000364,-8.699999999999818,700.0,0.0,0.0,0.3760000000000003,0.0,0.0,2270.0,0
0.726,5706.0,4573.0,3432.0,5698.5,4567.5,3428.5,8000.0,6000.0,4000.0,0.5,-8.199999999999818,-8.900000000000091,700.0,0.0,0.0,0.3770000000000003,0.0,0.0,2274.0,0
0.727,5713.0,4579.0,3437.0,5706.5,4573.5,3432.5,7000.0,6000.0,5000.0,0.5,-7.800000000000182,-8.099999999999909,700.0,0.0,0.0,0.3780000000000003,0.0,0.0,2276.0,0
0.728,5721.0,4586.0,3442.0,5713.5,4579.5,3437.5,8000.0,7000.0,5000.0,0.5,-8.199999999999818,-8.900000000000091,700.0,0.0,0.0,0.3790000000000003,0.0,0.0,2279.0,0
0.729,5729.0,4592.0,3446.0,5721.5,4586.5,3442.5,8000.0,6000.0,4000.0,0.5,-8.800000000000182,-9.099999999999909,700.0,0.0,0.0,0.3800000000000003,0.0,0.0,2283.0,0
0.73,5736.0,4598.0,3451.0,5729.5,4592.5,3446.5,7000.0,6000.0,5000.0,0.5,-8.399999999999636,-8.300000000000182,700.0,0.0,0.0,0.3810000000000003,0.0,0.0,2285.0,0
0.731,5744.0,4604.0,3455.0,5736.5,4598.5,3451.5,8000.0,6000.0,4000.0,0.5,-8.800000000000182,-9.099999999999909,700.0,0.0,0.0,0.3820000000000003,0.0,0.0,2289.0,0
0.732,5752.0,4610.0,3460.0,5744.5,4604.5,3455.5,8000.0,6000.0,5000.0,0.5,-8.399999999999636,-8.300000000000182,700.0,0.0,0.0,0.3830000000000003,0.0,0.0,2292.0,0
0.733,5759.0,4616.0,3465.0,5752.5,4610.5,3460.5,7000.0,6000.0,5000.0,0.5,-8.0,-8.5,700.0,0.0,0.0,0.3840000000000003,0.0,0.0,2294.0,0
0.734,5767.0,4622.0,3469.0,5759.5,4616.5,3465.5,8000.0,6000.0,4000.0,0.5,-8.399999999999636,-9.300000000000182,700.0,0.0,0.0,0.3850000000000003,0.0,0.0,2298.0,0
0.735,5775.0,4628.0,3474.0,5767.5,4622.5,3469.5,8000.0,6000.0,5000.0,0.5,-8.0,-8.5,700.0,0.0,0.0,0.3860000000000003,0.0,0.0,2301.0,0
0.736,5782.0,4635.0,3478.0,5775.5,4628.5,3474.5,7000.0,7000.0,4000.0,0.5,-7.600000000000364,-8.699999999999818,700.0,0.0,0.0,0.3870000000000003,0.0,0.0,2304.0,0
0.737,5790.0,4641.0,3483.0,5782.5,4635.5,3478.5,8000.0,6000.0,5000.0,0.5,-9.0,-8.5,700.0,0.0,0.0,0.3880000000000003,0.0,0.0,2307.0,0
0.738,5798.0,4647.0,3488.0,5790.5,4641.5,3483.5,8000.0,6000.0,5000.0,0.5,-8.600000000000364,-8.699999999999818,700.0,0.0,0.0,0.3890000000000003,0.0,0.0,2310.0,0
0.739,5805.0,4653.0,3492.0,5798.5,4647.5,3488.5,7000.0,6000.0,4000.0,0.5,-8.199999999999818,-8.900000000000091,700.0,0.0,0.0,0.3900000000000003,0.0,0.0,2313.0,0
0.74,5813.0,4659.0,3497.0,5805.5,4653.5,3492.5,8000.0,6000.0,5000.0,0.5,-8.600000000000364,-8.699999999999818,700.0,0.0,0.0,0.3910000000000003,0.0,0.0,2316.0,0
0.741,5821.0,4665.0,3501.0,5813.5,4659.5,3497.5,8000.0,6000.0,4000.0,0.5,-8.199999999999818,-8.900000000000091,700.0,0.0,0.0,0.3920000000000003,0.0,0.0,2320.0,0
0.742,5829.0,4671.0,3506.0,5821.5,4665.5,3501.5,8000.0,6000.0,5000.0,0.5,-7.800000000000182,-8.099999999999909,700.0,0.0,0.0,0.3930000000000003,0.0,0.0,2323.0,0
0.743,5836.0,4678.0,3511.0,5829.5,4671.5,3506.5,7000.0,7000.0,5000.0,0.5,-7.399999999999636,-8.300000000000182,700.0,0.0,0.0,0.3940000000000003,0.0,0.0,2325.0,0
0.744,5844.0,4684.0,3515.0,5836.5,4678.5,3511.5,8000.0,6000.0,4000.0,0.5,-8.800000000000182,-9.099999999999909,700.0,0.0,0.0,0.3950000000000003,0.0,0.0,2329.0,0
0.745,5852.0,4690.0,3520.0,5844.5,4684.5,3515.5,8000.0,6000.0,5000.0,0.5,-8.399999999999636,-8.300000000000182,700.0,0.0,0.0,0.3960000000000003,0.0,0.0,2332.0,0
0.746,5859.0,4696.0,3524.0,5852.5,4690.5,3520.5,7000.0,6000.0,4000.0,0.5,-8.0,-8.5,700.0,0.0,0.0,0.3970000000000003,0.0,0.0,2335.0,0
0.747,5867.0,4702.0,3529.0,5859.5,4696.5,3524.5,8000.0,6000.0,5000.0,0.5,-8.399999999999636,-8.300000000000182,700.0,0.0,0.0,0.3980000000000003,0.0,0.0,2338.0,0
0.748,5875.0,4708.0,3534.0,5867.5,4702.5,3529.5,8000.0,6000.0,5000.0,0.5,-8.0,-8.5,700.0,0.0,0.0,0.3990000000000003,0.0,0.0,2341.0,0
0.749,5882.0,4714.0,3538.0,5875.5,4708.5,3534.5,7000.0,6000.0,4000.0,0.5,-7.600000000000364,-8.699999999999818,700.0,0.0,0.0,0.4000000000000003,0.0,0.0,2344.0,0
0.75,5890.0,4721.0,3543.0,5882.5,4714.5,3538.5,8000.0,7000.0,5000.0,0.5,-8.0,-8.5,700.0,0.0,0.0,0.4010000000000003,0.0,0.0,2347.0,0
0.751,5898.0,4727.0,3547.0,5890.5,4721.5,3543.5,8000.0,6000.0,4000.0,0.5,-8.600000000000364,-8.699999999999818,700.0,0.0,0.0,0.4020000000000003,0.0,0.0,2351.0,0
0.752,5905.0,4733.0,3552.0,5898.5,4727.5,3547.5,7000.0,6000.0,5000.0,0.5,-8.199999999999818,-7.900000000000091,700.0,0.0,0.0,0.4030000000000003,0.0,0.0,2353.0,0
0.753,5913.0,4739.0,3557.0,5905.5,4733.5,3552.5,8000.0,6000.0,5000.0,0.5,-8.600000000000364,-8.699999999999818,700.0,0.0,0.0,0.4040000000000003,0.0,0.0,2356.0,0
0.754,5921.0,4745.0,3561.0,5913.5,4739.5,3557.5,8000.0,6000.0,4000.0,0.5,-8.199999999999818,-8.900000000000091,700.0,0.0,0.0,0.4050000000000003,0.0,0.0,2360.0,0
0.755,5928.0,4751.0,3566.0,5921.5,4745.5,3561.5,7000.0,6000.0,5000.0,0.5,-7.800000000000182,-8.099999999999909,700.0,0.0,0.0,0.4060000000000003,0.0,0.0,2362.0,0
0.756,5936.0,4757.0,3570.0,5928.5,4751.5,3566.5,8000.0,6000.0,4000.0,0.5,-8.199999999999818,-8.900000000000091,700.0,0.0,0.0,0.4070000000000003,0.0,0.0,2366.0,0
0.757,5944.0,4764.0,3575.0,5936.5,4757.5,3570.5,8000.0,7000.0,5000.0,0.5,-7.800000000000182,-8.099999999999909,700.0,0.0,0.0,0.4080000000000003,0.0,0.0,2369.0,0
0.758,5951.0,4770.0,3580.0,5944.5,4764.5,3575.5,7000.0,6000.0,5000.0,0.5,-8.399999999999636,-8.300000000000182,700.0,0.0,0.0,0.4090000000000003,0.0,0.0,2371.0,0
0.759,5959.0,4776.0,3584.0,5951.5,4770.5,3580.5,8000.0,6000.0,4000.0,0.5,-8.800000000000182,-9.099999999999909,700.0,0.0,0.0,0.4100000000000003,0.0,0.0,2375.0,0
0.76,5967.0,4782.0,3589.0,5959.5,4776.5,3584.5,8000.0,6000.0,5000.0,0.5,-8.399999999999636,-8.300000000000182,700.0,0.0,0.0,0.4110000000000003,0.0,0.0,2378.0,0
0.761,5974.0,4788.0,3593.0,5967.5,4782.5,3589.5,7000.0,6000.0,4000.0,0.5,-8.0,-8.5,700.0,0.0,0.0,0.4120000000000003,0.0,0.0,2381.0,0
0.762,5982.0,4794.0,3598.0,5974.5,4788.5,3593.5,8000.0,6000.0,5000.0,0.5,-8.399999999999636,-8.300000000000182,700.0,0.0,0.0,0.4130000000000003,0.0,0.0,2384.0,0
0.763,5990.0,4800.0,3603.0,5982.5,4794.5,3598.5,8000.0,6000.0,5000.0,0.5,-8.0,-8.5,700.0,0.0,0.0,0.4140000000000003,0.0,0.0,2387.0,0
0.764,5997.0,4807.0,3607.0,5990.5,4800.5,3603.5,7000.0,7000.0,4000.0,0.5,-7.600000000000364,-8.699999999999818,700.0,0.0,0.0,0.4150000000000003,0.0,0.0,2390.0,0
0.765,6005.0,4813.0,3612.0,5997.5,4807.5,3607.5,8000.0,6000.0,5000.0,0.5,-9.0,-8.5,700.0,0.0,0.0,0.4160000000000003,0.0,0.0,2393.0,0
0.766,6013.0,4819.0,3616.0,6005.5,4813.5,3612.5,8000.0,6000.0,4000.0,0.5,-8.600000000000364,-8.699999999999818,700.0,0.0,0.0,0.4170000000000003,0.0,0.0,2397.0,0
0.767,6020.0,4825.0,3621.0,6013.5,4819.5,3616.5,7000.0,6000.0,5000.0,0.5,-8.199999999999818,-7.900000000000091,700.0,0.0,0.0,0.4180000000000003,0.0,0.0,2399.0,0
0.768,6028.0,4831.0,3626.0,6020.5,4825.5,3621.5,8000.0,6000.0,5000.0,0.5,-8.600000000000364,-8.699999999999818,700.0,0.0,0.0,0.4190000000000003,0.0,0.0,2402.0,0
0.769,6036.0,4837.0,3630.0,6028.5,4831.5,3626.5,8000.0,6000.0,4000.0,0.5,-8.199999999999818,-8.900000000000091,700.0,0.0,0.0,0.4200000000000003,0.0,0.0,2406.0,0
0.77,6043.0,4843.0,3635.0,6036.5,4837.5,3630.5,7000.0,6000.0,5000.0,0.5,-7.800000000000182,-8.099999999999909,700.0,0.0,0.0,0.4210000000000003,0.0,0.0,2408.0,0
0.771,6051.0,4850.0,3639.0,6043.5,4843.5,3635.5,8000.0,7000.0,4000.0,0.5,-8.199999999999818,-8.900000000000091,700.0,0.0,0.0,0.4220000000000003,0.0,0.0,2412.0,0
0.772,6059.0,4856.0,3644.0,6051.5,4850.5,3639.5,8000.0,6000.0,5000.0,0.5,-8.800000000000182,-8.099999999999909,700.0,0.0,0.0,0.4230000000000003,0.0,0.0,2415.0,0
0.773,6067.0,4862.0,3649.0,6059.5,4856.5,3644.5,8000.0,6000.0,5000.0,0.5,-8.399999999999636,-8.300000000000182,700.0,0.0,0.0,0.4240000000000003,0.0,0.0,2418.0,0
0.774,6074.0,4868.0,3653.0,6067.5,4862.5,3649.5,7000.0,6000.0,4000.0,0.5,-8.0,-8.5,700.0,0.0,0.0,0.4250000000000003,0.0,0.0,2421.0,0
0.775,6082.0,4874.0,3658.0,6074.5,4868.5,3653.5,8000.0,6000.0,5000.0,0.5,-8.399999999999636,-8.300000000000182,700.0,0.0,0.0,0.4260000000000003,0.0,0.0,2424.0,0
0.776,6090.0,4880.0,3662.0,6082.5,4874.5,3658.5,8000.0,6000.0,4000.0,0.5,-8.0,-8.5,700.0,0.0,0.0,0.4270000000000003,0.0,0.0,2428.0,0
0.777,6097.0,4886.0,3667.0,6090.5,4880.5,3662.5,7000.0,6000.0,5000.0,0.5,-7.600000000000364,-7.699999999999818,700.0,0.0,0.0,0.4280000000000003,0.0,0.0,2430.0,0
0.778,6105.0,4892.0,3672.0,6097.5,4886.5,3667.5,8000.0,6000.0,5000.0,0.5,-8.0,-8.5,700.0,0.0,0.0,0.4290000000000003,0.0,0.0,2433.0,0
0.779,6113.0,4899.0,3676.0,6105.5,4892.5,3672.5,8000.0,7000.0,4000.0,0.5,-7.600000000000364,-8.699999999999818,700.0,0.0,0.0,0.4300000000000003,0.0,0.0,2437.0,0
0.78,6120.0,4905.0,3681.0,6113.5,4899.5,3676.5,7000.0,6000.0,5000.0,0.5,-8.199999999999818,-7.900000000000091,700.0,0.0,0.0,0.4310000000000003,0.0,0.0,2439.0,0
0.781,6128.0,4911.0,3686.0,6120.5,4905.5,3681.5,8000.0,6000.0,5000.0,0.5,-8.600000000000364,-8.699999999999818,700.0,0.0,0.0,0.43200000000000033,0.0,0.0,2442.0,0
0.782,6136.0,4917.0,3690.0,6128.5,4911.5,3686.5,8000.0,6000.0,4000.0,0.5,-8.199999999999818,-8.900000000000091,700.0,0.0,0.0,0.43300000000000033,0.0,0.0,2446.0,0
0.783,6143.0,4923.0,3695.0,6136.5,4917.5,3690.5,7000.0,6000.0,5000.0,0.5,-7.800000000000182,-8.099999999999909,700.0,0.0,0.0,0.43400000000000033,0.0,0.0,2448.0,0
0.784,6151.0,4929.0,3699.0,6143.5,4923.5,3695.5,8000.0,6000.0,4000.0,0.5,-8.199999999999818,-8.900000000000091,700.0,0.0,0.0,0.43500000000000033,0.0,0.0,2452.0,0
0.785,6159.0,4935.0,3704.0,6151.5,4929.5,3699.5,8000.0,6000.0,5000.0,0.5,-7.800000000000182,-8.099999999999909,700.0,0.0,0.0,0.43600000000000033,0.0,0.0,2455.0,0
0.786,6166.0,4942.0,3709.0,6159.5,4935.5,3704.5,7000.0,7000.0,5000.0,0.5,-7.399999999999636,-8.300000000000182,700.0,0.0,0.0,0.43700000000000033,0.0,0.0,2457.0,0
0.787,6174.0,4948.0,3713.0,6166.5,4942.5,3709.5,8000.0,6000.0,4000.0,0.5,-8.800000000000182,-9.099999999999909,700.0,0.0,0.0,0.43800000000000033,0.0,0.0,2461.0,0
0.788,6182.0,4954.0,3718.0,6174.5,4948.5,3713.5,8000.0,6000.0,5000.0,0.5,-8.399999999999636,-8.300000000000182,700.0,0.0,0.0,0.43900000000000033,0.0,0.0,2464.0,0
0.789,6189.0,4960.0,3722.0,6182.5,4954.5,3718.5,7000.0,6000.0,4000.0,0.5,-8.0,-8.5,700.0,0.0,0.0,0.44000000000000034,0.0,0.0,2467.0,0
0.79,6197.0,4966.0,3727.0,6189.5,4960.5,3722.5,8000.0,6000.0,5000.0,0.5,-8.399999999999636,-8.300000000000182,700.0,0.0,0.0,0.44100000000000034,0.0,0.0,2470.0,0
0.791,6205.0,4972.0,3732.0,6197.5,4966.5,3727.5,8000.0,6000.0,5000.0,0.5,-8.0,-8.5,700.0,0.0,0.0,0.44200000000000034,0.0,0.0,2473.0,0
0.792,6212.0,4978.0,3736.0,6205.5,4972.5,3732.5,7000.0,6000.0,4000.0,0.5,-7.600000000000364,-8.699999999999818,700.0,0.0,0.0,0.44300000000000034,0.0,0.0,2476.0,0
0.793,6220.0,4985.0,3741.0,6212.5,4978.5,3736.5,8000.0,7000.0,5000.0,0.5,-8.0,-8.5,700.0,0.0,0.0,0.44400000000000034,0.0,0.0,2479.0,0
0.794,6228.0,4991.0,3745.0,6220.5,4985.5,3741.5,8000.0,6000.0,4000.0,0.5,-8.600000000000364,-8.699999999999818,700.0,0.0,0.0,0.44500000000000034,0.0,0.0,2483.0,0
0.795,6235.0,4997.0,3750.0,6228.5,4991.5,3745.5,7000.0,6000.0,5000.0,0.5,-8.199999999999818,-7.900000000000091,700.0,0.0,0.0,0.44600000000000034,0.0,0.0,2485.0,0
0.796,6243.0,5003.0,3755.0,6235.5,4997.5,3750.5,8000.0,6000.0,5000.0,0.5,-8.600000000000364,-8.699999999999818,700.0,0.0,0.0,0.44700000000000034,0.0,0.0,2488.0,0
0.797,6251.0,5009.0,3759.0,6243.5,5003.5,3755.5,8000.0,6000.0,4000.0,0.5,-8.199999999999818,-8.900000000000091,700.0,0.0,0.0,0.44800000000000034,0.0,0.0,2492.0,0
0.798,6258.0,5015.0,3764.0,6251.5,5009.5,3759.5,7000.0,6000.0,5000.0,0.5,-7.800000000000182,-8.099999999999909,700.0,0.0,0.0,0.44900000000000034,0.0,0.0,2494.0,0
0.799,6266.0,5021.0,3768.0,6258.5,5015.5,3764.5,8000.0,6000.0,4000.0,0.5,-8.199999999999818,-8.900000000000091,700.0,0.0,0.0,0.45000000000000034,0.0,0.0,2498.0,0
0.8,6274.0,5028.0,3773.0,6266.5,5021.5,3768.5,8000.0,7000.0,5000.0,0.5,-7.800000000000182,-8.099999999999909,700.0,0.0,0.0,0.45100000000000035,0.0,0.0,2501.0,0
0.801,6281.0,5034.0,3778.0,6274.5,5028.5,3773.5,7000.0,6000.0,5000.0,0.5,-8.399999999999636,-8.300000000000182,700.0,0.0,0.0,0.45200000000000035,0.0,0.0,2503.0,0
0.802,6289.0,5040.0,3782.0,6281.5,5034.5,3778.5,8000.0,6000.0,4000.0,0.5,-8.800000000000182,-9.099999999999909,700.0,0.0,0.0,0.45300000000000035,0.0,0.0,2507.0,0
0.803,6297.0,5046.0,3787.0,6289.5,5040.5,3782.5,8000.0,6000.0,5000.0,0.5,-8.399999999999636,-8.300000000000182,700.0,0.0,0.0,0.45400000000000035,0.0,0.0,2510.0,0
0.804,6305.0,5052.0,3791.0,6297.5,5046.5,3787.5,8000.0,6000.0,4000.0,0.5,-8.0,-8.5,700.0,0.0,0.0,0.45500000000000035,0.0,0.0,2514.0,0
0.805,6312.0,5058.0,3796.0,6305.5,5052.5,3791.5,7000.0,6000.0,5000.0,0.5,-7.600000000000364,-7.699999999999818,700.0,0.0,0.0,0.45600000000000035,0.0,0.0,2516.0,0
0.806,6320.0,5064.0,3801.0,6312.5,5058.5,3796.5,8000.0,6000.0,5000.0,0.5,-8.0,-8.5,700.0,0.0,0.0,0.45700000000000035,0.0,0.0,2519.0,0
0.807,6328.0,5071.0,3805.0,6320.5,5064.5,3801.5,8000.0,7000.0,4000.0,0.5,-7.600000000000364,-8.699999999999818,700.0,0.0,0.0,0.45800000000000035,0.0,0.0,2523.0,0
0.808,6335.0,5077.0,3810.0,6328.5,5071.5,3805.5,7000.0,6000.0,5000.0,0.5,-8.199999999999818,-7.900000000000091,700.0,0.0,0.0,0.45900000000000035,0.0,0.0,2525.0,0
0.809,6343.0,5083.0,3814.0,6335.5,5077.5,3810.5,8000.0,6000.0,4000.0,0.5,-8.600000000000364,-8.699999999999818,700.0,0.0,0.0,0.46000000000000035,0.0,0.0,2529.0,0
0.81,6351.0,5089.0,3819.0,6343.5,5083.5,3814.5,8000.0,6000.0,5000.0,0.5,-8.199999999999818,-7.900000000000091,700.0,0.0,0.0,0.46100000000000035,0.0,0.0,2532.0,0
0.811,6358.0,5095.0,3824.0,6351.5,5089.5,3819.5,7000.0,6000.0,5000.0,0.5,-7.800000000000182,-8.099999999999909,700.0,0.0,0.0,0.46200000000000035,0.0,0.0,2534.0,0
0.812,6366.0,5101.0,3828.0,6358.5,5095.5,3824.5,8000.0,6000.0,4000.0,0.5,-8.199999999999818,-8.900000000000091,700.0,0.0,0.0,0.46300000000000036,0.0,0.0,2538.0,0
0.8130000000000001,6374.0,5107.0,3833.0,6366.5,5101.5,3828.5,8000.0,6000.0,5000.0,0.5,-7.800000000000182,-8.099999999999909,700.0,0.0,0.0,0.46400000000000036,0.0,0.0,2541.0,0
0.8140000000000001,6381.0,5114.0,3837.0,6374.5,5107.5,3833.5,7000.0,7000.0,4000.0,0.5,-7.399999999999636,-8.300000000000182,700.0,0.0,0.0,0.46500000000000036,0.0,0.0,2544.0,0
0.8150000000000001,6389.0,5120.0,3842.0,6381.5,5114.5,3837.5,8000.0,6000.0,5000.0,0.5,-8.800000000000182,-8.099999999999909,700.0,0.0,0.0,0.46600000000000036,0.0,0.0,2547.0,0
0.8160000000000001,6397.0,5126.0,3847.0,6389.5,5120.5,3842.5,8000.0,6000.0,5000.0,0.5,-8.399999999999636,-8.300000000000182,700.0,0.0,0.0,0.46700000000000036,0.0,0.0,2550.0,0
0.8170000000000001,6404.0,5132.0,3851.0,6397.5,5126.5,3847.5,7000.0,6000.0,4000.0,0.5,-8.0,-8.5,700.0,0.0,0.0,0.46800000000000036,0.0,0.0,2553.0,0
0.8180000000000001,6412.0,5138.0,3856.0,6404.5,5132.5,3851.5,8000.0,6000.0,5000.0,0.5,-8.399999999999636,-8.300000000000182,700.0,0.0,0.0,0.46900000000000036,0.0,0.0,2556.0,0
0.8190000000000001,6420.0,5144.0,3860.0,6412.5,5138.5,3856.5,8000.0,6000.0,4000.0,0.5,-8.0,-8.5,700.0,0.0,0.0,0.47000000000000036,0.0,0.0,2560.0,0
0.8200000000000001,6427.0,5150.0,3865.0,6420.5,5144.5,3860.5,7000.0,6000.0,5000.0,0.5,-7.600000000000364,-7.699999999999818,700.0,0.0,0.0,0.47100000000000036,0.0,0.0,2562.0,0
0.8210000000000001,6435.0,5157.0,3870.0,6427.5,5150.5,3865.5,8000.0,7000.0,5000.0,0.5,-8.0,-8.5,700.0,0.0,0.0,0.47200000000000036,0.0,0.0,2565.0,0
0.8220000000000001,6443.0,5163.0,3874.0,6435.5,5157.5,3870.5,8000.0,6000.0,4000.0,0.5,-8.600000000000364,-8.699999999999818,700.0,0.0,0.0,0.47300000000000036,0.0,0.0,2569.0,0
0.8230000000000001,6450.0,5169.0,3879.0,6443.5,5163.5,3874.5,7000.0,6000.0,5000.0,0.5,-8.199999999999818,-7.900000000000091,700.0,0.0,0.0,0.47400000000000037,0.0,0.0,2571.0,0
0.8240000000000001,6458.0,5175.0,3883.0,6450.5,5169.5,3879.5,8000.0,6000.0,4000.0,0.5,-8.600000000000364,-8.699999999999818,700.0,0.0,0.0,0.47500000000000037,0.0,0.0,2575.0,0
0.8250000000000001,6466.0,5181.0,3888.0,6458.5,5175.5,3883.5,8000.0,6000.0,5000.0,0.5,-8.199999999999818,-7.900000000000091,700.0,0.0,0.0,0.47600000000000037,0.0,0.0,2578.0,0
0.8260000000000001,6473.0,5187.0,3893.0,6466.5,5181.5,3888.5,7000.0,6000.0,5000.0,0.5,-7.800000000000182,-8.099999999999909,700.0,0.0,0.0,0.47700000000000037,0.0,0.0,2580.0,0
0.8270000000000001,6481.0,5193.0,3897.0,6473.5,5187.5,3893.5,8000.0,6000.0,4000.0,0.5,-8.199999999999818,-8.900000000000091,700.0,0.0,0.0,0.47800000000000037,0.0,0.0,2584.0,0
0.8280000000000001,6489.0,5199.0,3902.0,6481.5,5193.5,3897.5,8000.0,6000.0,5000.0,0.5,-7.800000000000182,-8.099999999999909,700.0,0.0,0.0,0.47900000000000037,0.0,0.0,2587.0,0
0.8290000000000001,6496.0,5206.0,3906.0,6489.5,5199.5,3902.5,7000.0,7000.0,4000.0,0.5,-7.399999999999636,-8.300000000000182,700.0,0.0,0.0,0.48000000000000037,0.0,0.0,2590.0,0
0.8300000000000001,6504.0,5212.0,3911.0,6496.5,5206.5,3906.5,8000.0,6000.0,5000.0,0.5,-8.800000000000182,-8.099999999999909,700.0,0.0,0.0,0.48100000000000037,0.0,0.0,2593.0,0
0.8310000000000001,6512.0,5218.0,3916.0,6504.5,5212.5,3911.5,8000.0,6000.0,5000.0,0.5,-8.399999999999636,-8.300000000000182,700.0,0.0,0.0,0.4820000000000004,0.0,0.0,2596.0,0
0.8320000000000001,6519.0,5224.0,3920.0,6512.5,5218.5,3916.5,7000.0,6000.0,4000.0,0.5,-8.0,-8.5,700.0,0.0,0.0,0.4830000000000004,0.0,0.0,2599.0,0
0.833,6527.0,5230.0,3925.0,6519.5,5224.5,3920.5,8000.0,6000.0,5000.0,0.5,-8.399999999999636,-8.300000000000182,700.0,0.0,0.0,0.4840000000000004,0.0,0.0,2602.0,0
0.834,6535.0,5236.0,3930.0,6527.5,5230.5,3925.5,8000.0,6000.0,5000.0,0.5,-8.0,-8.5,700.0,0.0,0.0,0.4850000000000004,0.0,0.0,2605.0,0
0.835,6543.0,5242.0,3934.0,6535.5,5236.5,3930.5,8000.0,6000.0,4000.0,0.5,-7.600000000000364,-8.699999999999818,700.0,0.0,0.0,0.4860000000000004,0.0,0.0,2609.0,0
0.836,6550.0,5249.0,3939.0,6543.5,5242.5,3934.5,7000.0,7000.0,5000.0,0.5,-7.199999999999818,-7.900000000000091,700.0,0.0,0.0,0.4870000000000004,0.0,0.0,2611.0,0
0.837,6558.0,5255.0,3943.0,6550.5,5249.5,3939.5,8000.0,6000.0,4000.0,0.5,-8.600000000000364,-8.699999999999818,700.0,0.0,0.0,0.4880000000000004,0.0,0.0,2615.0,0
0.838,6566.0,5261.0,3948.0,6558.5,5255.5,3943.5,8000.0,6000.0,5000.0,0.5,-8.199999999999818,-7.900000000000091,700.0,0.0,0.0,0.4890000000000004,0.0,0.0,2618.0,0
0.839,6573.0,5267.0,3953.0,6566.5,5261.5,3948.5,7000.0,6000.0,5000.0,0.5,-7.800000000000182,-8.099999999999909,700.0,0.0,0.0,0.4900000000000004,0.0,0.0,2620.0,0
0.84,6581.0,5273.0,3957.0,6573.5,5267.5,3953.5,8000.0,6000.0,4000.0,0.5,-8.199999999999818,-8.900000000000091,700.0,0.0,0.0,0.4910000000000004,0.0,0.0,2624.0,0
0.841,6589.0,5279.0,3962.0,6581.5,5273.5,3957.5,8000.0,6000.0,5000.0,0.5,-7.800000000000182,-8.099999999999909,700.0,0.0,0.0,0.4920000000000004,0.0,0.0,2627.0,0
0.842,6596.0,5285.0,3966.0,6589.5,5279.5,3962.5,7000.0,6000.0,4000.0,0.5,-7.399999999999636,-8.300000000000182,700.0,0.0,0.0,0.4930000000000004,0.0,0.0,2630.0,0
0.843,6604.0,5292.0,3971.0,6596.5,5285.5,3966.5,8000.0,7000.0,5000.0,0.5,-7.800000000000182,-8.099999999999909,700.0,0.0,0.0,0.4940000000000004,0.0,0.0,2633.0,0
0.844,6612.0,5298.0,3976.0,6604.5,5292.5,3971.5,8000.0,6000.0,5000.0,0.5,-8.399999999999636,-8.300000000000182,700.0,0.0,0.0,0.4950000000000004,0.0,0.0,2636.0,0
0.845,6619.0,5304.0,3980.0,6612.5,5298.5,3976.5,7000.0,6000.0,4000.0,0.5,-8.0,-8.5,700.0,0.0,0.0,0.4960000000000004,0.0,0.0,2639.0,0
0.846,6627.0,5310.0,3985.0,6619.5,5304.5,3980.5,8000.0,6000.0,5000.0,0.5,-8.399999999999636,-8.300000000000182,700.0,0.0,0.0,0.4970000000000004,0.0,0.0,2642.0,0
0.847,6635.0,5316.0,3989.0,6627.5,5310.5,3985.5,8000.0,6000.0,4000.0,0.5,-8.0,-8.5,700.0,0.0,0.0,0.4980000000000004,0.0,0.0,2646.0,0
0.848,6642.0,5322.0,3994.0,6635.5,5316.5,3989.5,7000.0,6000.0,5000.0,0.5,-7.600000000000364,-7.699999999999818,700.0,0.0,0.0,0.4990000000000004,0.0,0.0,2648.0,0
0.849,6650.0,5328.0,3999.0,6642.5,5322.5,3994.5,8000.0,6000.0,5000.0,0.5,-8.0,-8.5,700.0,0.0,0.0,0.5000000000000003,0.0,0.0,2651.0,0
0.85,6658.0,5335.0,4003.0,6650.5,5328.5,3999.5,8000.0,7000.0,4000.0,0.5,-7.600000000000364,-8.699999999999818,700.0,0.0,0.0,0.5010000000000003,0.0,0.0,2655.0,0
0.851,6665.0,5341.0,4008.0,6658.5,5335.5,4003.5,7000.0,6000.0,5000.0,0.5,-8.199999999999818,-7.900000000000091,700.0,0.0,0.0,0.5020000000000003,0.0,0.0,2657.0,0
0.852,6673.0,5347.0,4012.0,6665.5,5341.5,4008.5,8000.0,6000.0,4000.0,0.5,-8.600000000000364,-8.699999999999818,700.0,0.0,0.0,0.5030000000000003,0.0,0.0,2661.0,0
0.853,6681.0,5353.0,4017.0,6673.5,5347.5,4012.5,8000.0,6000.0,5000.0,0.5,-8.199999999999818,-7.900000000000091,700.0,0.0,0.0,0.5040000000000003,0.0,0.0,2664.0,0
0.854,6688.0,5359.0,4022.0,6681.5,5353.5,4017.5,7000.0,6000.0,5000.0,0.5,-7.800000000000182,-8.099999999999909,700.0,0.0,0.0,0.5050000000000003,0.0,0.0,2666.0,0
0.855,6696.0,5365.0,4026.0,6688.5,5359.5,4022.5,8000.0,6000.0,4000.0,0.5,-8.199999999999818,-8.900000000000091,700.0,0.0,0.0,0.5060000000000003,0.0,0.0,2670.0,0
0.856,6704.0,5371.0,4031.0,6696.5,5365.5,4026.5,8000.0,6000.0,5000.0,0.5,-7.800000000000182,-8.099999999999909,700.0,0.0,0.0,0.5070000000000003,0.0,0.0,2673.0,0
0.857,6711.0,5378.0,4035.0,6704.5,5371.5,4031.5,7000.0,7000.0,4000.0,0.5,-7.399999999999636,-8.300000000000182,700.0,0.0,0.0,0.5080000000000003,0.0,0.0,2676.0,0
0.858,6719.0,5384.0,4040.0,6711.5,5378.5,4035.5,8000.0,6000.0,5000.0,0.5,-8.800000000000182,-8.099999999999909,700.0,0.0,0.0,0.5090000000000003,0.0,0.0,2679.0,0
0.859,6727.0,5390.0,4045.0,6719.5,5384.5,4040.5,8000.0,6000.0,5000.0,0.5,-8.399999999999636,-8.300000000000182,700.0,0.0,0.0,0.5100000000000003,0.0,0.0,2682.0,0
0.86,6734.0,5396.0,4049.0,6727.5,5390.5,4045.5,7000.0,6000.0,4000.0,0.5,-8.0,-8.5,700.0,0.0,0.0,0.5110000000000003,0.0,0.0,2685.0,0
0.861,6742.0,5402.0,4054.0,6734.5,5396.5,4049.5,8000.0,6000.0,5000.0,0.5,-8.399999999999636,-8.300000000000182,700.0,0.0,0.0,0.5120000000000003,0.0,0.0,2688.0,0
0.862,6750.0,5408.0,4058.0,6742.5,5402.5,4054.5,8000.0,6000.0,4000.0,0.5,-8.0,-8.5,700.0,0.0,0.0,0.5130000000000003,0.0,0.0,2692.0,0
0.863,6757.0,5414.0,4063.0,6750.5,5408.5,4058.5,7000.0,6000.0,5000.0,0.5,-7.600000000000364,-7.699999999999818,700.0,0.0,0.0,0.5140000000000003,0.0,0.0,2694.0,0
0.864,6765.0,5421.0,4068.0,6757.5,5414.5,4063.5,8000.0,7000.0,5000.0,0.5,-8.0,-8.5,700.0,0.0,0.0,0.5150000000000003,0.0,0.0,2697.0,0
0.865,6773.0,5427.0,4072.0,6765.5,5421.5,4068.5,8000.0,6000.0,4000.0,0.5,-8.600000000000364,-8.699999999999818,700.0,0.0,0.0,0.5160000000000003,0.0,0.0,2701.0,0
0.866,6781.0,5433.0,4077.0,6773.5,5427.5,4072.5,8000.0,6000.0,5000.0,0.5,-8.199999999999818,-7.900000000000091,700.0,0.0,0.0,0.5170000000000003,0.0,0.0,2704.0,0
0.867,6788.0,5439.0,4081.0,6781.5,5433.5,4077.5,7000.0,6000.0,4000.0,0.5,-7.800000000000182,-8.099999999999909,700.0,0.0,0.0,0.5180000000000003,0.0,0.0,2707.0,0
0.868,6796.0,5445.0,4086.0,6788.5,5439.5,4081.5,8000.0,6000.0,5000.0,0.5,-8.199999999999818,-7.900000000000091,700.0,0.0,0.0,0.5190000000000003,0.0,0.0,2710.0,0
0.869,6804.0,5451.0,4091.0,6796.5,5445.5,4086.5,8000.0,6000.0,5000.0,0.5,-7.800000000000182,-8.099999999999909,700.0,0.0,0.0,0.5200000000000004,0.0,0.0,2713.0,0
0.87,6811.0,5457.0,4095.0,6804.5,5451.5,4091.5,7000.0,6000.0,4000.0,0.5,-7.399999999999636,-8.300000000000182,700.0,0.0,0.0,0.5210000000000004,0.0,0.0,2716.0,0
0.871,6819.0,5463.0,4100.0,6811.5,5457.5,4095.5,8000.0,6000.0,5000.0,0.5,-7.800000000000182,-8.099999999999909,700.0,0.0,0.0,0.5220000000000004,0.0,0.0,2719.0,0
0.872,6827.0,5470.0,4104.0,6819.5,5463.5,4100.5,8000.0,7000.0,4000.0,0.5,-7.399999999999636,-8.300000000000182,700.0,0.0,0.0,0.5230000000000004,0.0,0.0,2723.0,0
0.873,6834.0,5476.0,4109.0,6827.5,5470.5,4104.5,7000.0,6000.0,5000.0,0.5,-8.0,-7.5,700.0,0.0,0.0,0.5240000000000004,0.0,0.0,2725.0,0
0.874,6842.0,5482.0,4114.0,6834.5,5476.5,4109.5,8000.0,6000.0,5000.0,0.5,-8.399999999999636,-8.300000000000182,700.0,0.0,0.0,0.5250000000000004,0.0,0.0,2728.0,0
0.875,6850.0,5488.0,4118.0,6842.5,5482.5,4114.5,8000.0,6000.0,4000.0,0.5,-8.0,-8.5,700.0,0.0,0.0,0.5260000000000004,0.0,0.0,2732.0,0
0.876,6857.0,5494.0,4123.0,6850.5,5488.5,4118.5,7000.0,6000.0,5000.0,0.5,-7.600000000000364,-7.699999999999818,700.0,0.0,0.0,0.5270000000000004,0.0,0.0,2734.0,0
0.877,6865.0,5500.0,4127.0,6857.5,5494.5,4123.5,8000.0,6000.0,4000.0,0.5,-8.0,-8.5,700.0,0.0,0.0,0.5280000000000004,0.0,0.0,2738.0,0
0.878,6873.0,5506.0,4132.0,6865.5,5500.5,4127.5,8000.0,6000.0,5000.0,0.5,-7.600000000000364,-7.699999999999818,700.0,0.0,0.0,0.5290000000000004,0.0,0.0,2741.0,0
0.879,6880.0,5513.0,4137.0,6873.5,5506.5,4132.5,7000.0,7000.0,5000.0,0.5,-7.199999999999818,-7.899999999999636,700.0,0.0,0.0,0.5300000000000004,0.0,0.0,2743.0,0
0.88,6888.0,5519.0,4141.0,6880.5,5513.5,4137.5,8000.0,6000.0,4000.0,0.5,-8.600000000000364,-8.699999999999818,700.0,0.0,0.0,0.5310000000000004,0.0,0.0,2747.0,0
0.881,6896.0,5525.0,4146.0,6888.5,5519.5,4141.5,8000.0,6000.0,5000.0,0.5,-8.199999999999818,-7.899999999999636,700.0,0.0,0.0,0.5320000000000004,0.0,0.0,2750.0,0
0.882,6903.0,5531.0,4151.0,6896.5,5525.5,4146.5,7000.0,6000.0,5000.0,0.5,-7.800000000000182,-8.100000000000364,700.0,0.0,0.0,0.5330000000000004,0.0,0.0,2752.0,0
0.883,6911.0,5537.0,4155.0,6903.5,5531.5,4151.5,8000.0,6000.0,4000.0,0.5,-8.199999999999818,-8.899999999999636,700.0,0.0,0.0,0.5340000000000004,0.0,0.0,2756.0,0
0.884,6919.0,5543.0,4160.0,6911.5,5537.5,4155.5,8000.0,6000.0,5000.0,0.5,-7.800000000000182,-8.100000000000364,700.0,0.0,0.0,0.5350000000000004,0.0,0.0,2759.0,0
0.885,6926.0,5549.0,4164.0,6919.5,5543.5,4160.5,7000.0,6000.0,4000.0,0.5,-7.399999999999636,-8.300000000000182,700.0,0.0,0.0,0.5360000000000004,0.0,0.0,2762.0,0
0.886,6934.0,5556.0,4169.0,6926.5,5549.5,4164.5,8000.0,7000.0,5000.0,0.5,-7.800000000000182,-8.100000000000364,700.0,0.0,0.0,0.5370000000000004,0.0,0.0,2765.0,0
0.887,6942.0,5562.0,4174.0,6934.5,5556.5,4169.5,8000.0,6000.0,5000.0,0.5,-8.399999999999636,-8.300000000000182,700.0,0.0,0.0,0.5380000000000004,0.0,0.0,2768.0,0
0.888,6949.0,5568.0,4178.0,6942.5,5562.5,4174.5,7000.0,6000.0,4000.0,0.5,-8.0,-8.5,700.0,0.0,0.0,0.5390000000000004,0.0,0.0,2771.0,0
0.889,6957.0,5574.0,4183.0,6949.5,5568.5,4178.5,8000.0,6000.0,5000.0,0.5,-8.399999999999636,-8.300000000000182,700.0,0.0,0.0,0.5400000000000004,0.0,0.0,2774.0,0
0.89,6965.0,5580.0,4187.0,6957.5,5574.5,4183.5,8000.0,6000.0,4000.0,0.5,-8.0,-8.5,700.0,0.0,0.0,0.5410000000000004,0.0,0.0,2778.0,0
0.891,6972.0,5586.0,4192.0,6965.5,5580.5,4187.5,7000.0,6000.0,5000.0,0.5,-7.600000000000364,-7.699999999999818,700.0,0.0,0.0,0.5420000000000004,0.0,0.0,2780.0,0
0.892,6980.0,5592.0,4197.0,6972.5,5586.5,4192.5,8000.0,6000.0,5000.0,0.5,-8.0,-8.5,700.0,0.0,0.0,0.5430000000000004,0.0,0.0,2783.0,0
0.893,6988.0,5599.0,4201.0,6980.5,5592.5,4197.5,8000.0,7000.0,4000.0,0.5,-7.600000000000364,-8.699999999999818,700.0,0.0,0.0,0.5440000000000004,0.0,0.0,2787.0,0
0.894,6996.0,5605.0,4206.0,6988.5,5599.5,4201.5,8000.0,6000.0,5000.0,0.5,-8.199999999999818,-7.899999999999636,700.0,0.0,0.0,0.5450000000000004,0.0,0.0,2790.0,0
0.895,7003.0,5611.0,4210.0,6996.5,5605.5,4206.5,7000.0,6000.0,4000.0,0.5,-7.800000000000182,-8.100000000000364,700.0,0.0,0.0,0.5460000000000004,0.0,0.0,2793.0,0
0.896,7011.0,5617.0,4215.0,7003.5,5611.5,4210.5,8000.0,6000.0,5000.0,0.5,-8.199999999999818,-7.899999999999636,700.0,0.0,0.0,0.5470000000000004,0.0,0.0,2796.0,0
0.897,7019.0,5623.0,4220.0,7011.5,5617.5,4215.5,8000.0,6000.0,5000.0,0.5,-7.800000000000182,-8.100000000000364,700.0,0.0,0.0,0.5480000000000004,0.0,0.0,2799.0,0
0.898,7026.0,5629.0,4224.0,7019.5,5623.5,4220.5,7000.0,6000.0,4000.0,0.5,-7.399999999999636,-8.300000000000182,700.0,0.0,0.0,0.5490000000000004,0.0,0.0,2802.0,0
0.899,7034.0,5635.0,4229.0,7026.5,5629.5,4224.5,8000.0,6000.0,5000.0,0.5,-7.800000000000182,-8.100000000000364,700.0,0.0,0.0,0.5500000000000004,0.0,0.0,2805.0,0
0.9,7042.0,5641.0,4233.0,7034.5,5635.5,4229.5,8000.0,6000.0,4000.0,0.5,-7.399999999999636,-8.300000000000182,700.0,900.0,0.0,0.5510000000000004,0.001,0.0,2809.0,0
0.901,7049.0,5646.0,4238.0,7042.5,5641.5,4233.5,7000.0,5000.0,5000.0,0.5,-7.0,-7.5,700.0,900.0,0.0,0.5520000000000004,0.002,0.0,2811.0,0
0.902,7057.0,5651.0,4243.0,7049.5,5646.5,4238.5,8000.0,5000.0,5000.0,0.5,-6.399999999999636,-8.300000000000182,700.0,900.0,0.0,0.5530000000000004,0.003,0.0,2814.0,0
0.903,7065.0,5656.0,4247.0,7057.5,5651.5,4243.5,8000.0,5000.0,4000.0,0.5,-5.0,-8.5,700.0,900.0,0.0,0.5540000000000004,0.004,0.0,2818.0,0
0.904,7072.0,5662.0,4252.0,7065.5,5656.5,4247.5,7000.0,6000.0,5000.0,0.5,-3.600000000000364,-7.699999999999818,700.0,900.0,0.0,0.5550000000000004,0.005,0.0,2820.0,0
0.905,7080.0,5667.0,4256.0,7072.5,5662.5,4252.5,8000.0,5000.0,4000.0,0.5,-4.0,-8.5,700.0,900.0,0.0,0.5560000000000004,0.006,0.0,2824.0,0
0.906,7088.0,5672.0,4261.0,7080.5,5667.5,4256.5,8000.0,5000.0,5000.0,0.5,-2.600000000000364,-7.699999999999818,700.0,900.0,0.0,0.5570000000000004,0.007,0.0,2827.0,0
0.907,7095.0,5677.0,4266.0,7088.5,5672.5,4261.5,7000.0,5000.0,5000.0,0.5,-1.199999999999818,-7.899999999999636,700.0,900.0,0.0,0.5580000000000004,0.008,0.0,2829.0,0
0.908,7103.0,5683.0,4270.0,7095.5,5677.5,4266.5,8000.0,6000.0,4000.0,0.5,-0.6000000000003638,-8.699999999999818,700.0,900.0,0.0,0.5590000000000004,0.009000000000000001,0.0,2833.0,0
0.909,7111.0,5688.0,4275.0,7103.5,5683.5,4270.5,8000.0,5000.0,5000.0,0.5,-0.1999999999998181,-7.899999999999636,700.0,900.0,0.0,0.5600000000000004,0.010000000000000002,0.0,2836.0,0
0.91,7118.0,5693.0,4279.0,7111.5,5688.5,4275.5,7000.0,5000.0,4000.0,-0.375,0.5,-8.625,700.0,900.0,0.0,0.5610000000000004,0.011000000000000003,0.0,2839.0,0
0.911,7126.0,5698.0,4284.0,7118.5,5693.5,4279.5,8000.0,5000.0,5000.0,-1.125,0.5,-8.875,700.0,900.0,0.0,0.5620000000000004,0.012000000000000004,0.0,2842.0,0
0.912,7134.0,5704.0,4288.0,7126.5,5698.5,4284.5,8000.0,6000.0,4000.0,-2.875,0.5,-10.125,700.0,900.0,0.0,0.5630000000000004,0.013000000000000005,0.0,2846.0,0
0.913,7141.0,5709.0,4293.0,7134.5,5704.5,4288.5,7000.0,5000.0,5000.0,-3.375,0.5,-9.625,700.0,900.0,0.0,0.5640000000000004,0.014000000000000005,0.0,2848.0,0
0.914,7149.0,5714.0,4297.0,7141.5,5709.5,4293.5,8000.0,5000.0,4000.0,-4.125,0.5,-10.875,700.0,900.0,0.0,0.5650000000000004,0.015000000000000006,0.0,2852.0,0
0.915,7157.0,5719.0,4302.0,7149.5,5714.5,4297.5,8000.0,5000.0,5000.0,-5.875,0.5,-11.125,700.0,900.0,0.0,0.5660000000000004,0.016000000000000007,0.0,2855.0,0
0.916,7164.0,5724.0,4306.0,7157.5,5719.5,4302.5,7000.0,5000.0,4000.0,-7.625,0.5,-12.375,700.0,900.0,0.0,0.5670000000000004,0.017000000000000008,0.0,2858.0,0
0.917,7172.0,5730.0,4310.0,7164.5,5724.5,4306.5,8000.0,6000.0,4000.0,-8.375,0.5,-12.625,700.0,900.0,0.0,0.5680000000000004,0.01800000000000001,0.0,2862.0,0
0.918,7180.0,5735.0,4315.0,7172.5,5730.5,4310.5,8000.0,5000.0,5000.0,-8.875,0.5,-12.125,700.0,900.0,0.0,0.5690000000000004,0.01900000000000001,0.0,2865.0,0
0.919,7187.0,5740.0,4319.0,7180.5,5735.5,4315.5,7000.0,5000.0,4000.0,-10.625,0.5,-13.375,700.0,900.0,0.0,0.5700000000000004,0.02000000000000001,0.0,2868.0,0
0.92,7195.0,5745.0,4323.0,7187.5,5740.5,4319.5,8000.0,5000.0,4000.0,-11.375,0.5,-13.625,700.0,900.0,0.0,0.5710000000000004,0.02100000000000001,0.0,2872.0,0
0.921,7202.0,5751.0,4327.0,7195.5,5745.5,4323.5,7000.0,6000.0,4000.0,-13.125,0.5,-13.875,700.0,900.0,0.0,0.5720000000000004,0.022000000000000013,0.0,2875.0,0
0.922,7209.0,5756.0,4331.0,7202.5,5751.5,4327.5,7000.0,5000.0,4000.0,-12.625,0.5,-13.375,700.0,900.0,0.0,0.5730000000000004,0.023000000000000013,0.0,2878.0,0
0.923,7216.0,5761.0,4336.0,7209.5,5756.5,4331.5,7000.0,5000.0,5000.0,-13.375,0.5,-13.625,700.0,900.0,0.0,0.5740000000000004,0.024000000000000014,0.0,2880.0,0
0.924,7223.0,5766.0,4340.0,7216.5,5761.5,4336.5,7000.0,5000.0,4000.0,-14.125,0.5,-14.875,700.0,900.0,0.0,0.5750000000000004,0.025000000000000015,0.0,2883.0,0
0.925,7230.0,5772.0,4344.0,7223.5,5766.5,4340.5,7000.0,6000.0,4000.0,-14.875,0.5,-15.125,700.0,900.0,0.0,0.5760000000000004,0.026000000000000016,0.0,2886.0,0
0.926,7237.0,5777.0,4348.0,7230.5,5772.5,4344.5,7000.0,5000.0,4000.0,-14.375,0.5,-14.625,700.0,900.0,0.0,0.5770000000000004,0.027000000000000017,0.0,2889.0,0
0.927,7244.0,5782.0,4352.0,7237.5,5777.5,4348.5,7000.0,5000.0,4000.0,-15.125,0.5,-14.875,700.0,900.0,0.0,0.5780000000000004,0.028000000000000018,0.0,2892.0,0
0.928,7251.0,5787.0,4356.0,7244.5,5782.5,4352.5,7000.0,5000.0,4000.0,-15.875,0.5,-15.125,700.0,900.0,0.0,0.5790000000000004,0.02900000000000002,0.0,2895.0,0
0.929,7258.0,5793.0,4360.0,7251.5,5787.5,4356.5,7000.0,6000.0,4000.0,-16.625,0.5,-15.375,700.0,900.0,0.0,0.5800000000000004,0.03000000000000002,0.0,2898.0,0
0.93,7265.0,5798.0,4364.0,7258.5,5793.5,4360.5,7000.0,5000.0,4000.0,-16.125,0.5,-14.875,700.0,900.0,0.0,0.5810000000000004,0.03100000000000002,0.0,2901.0,0
0.931,7272.0,5803.0,4368.0,7265.5,5798.5,4364.5,7000.0,5000.0,4000.0,-16.875,0.5,-15.125,700.0,900.0,0.0,0.5820000000000004,0.03200000000000002,0.0,2904.0,0
0.932,7279.0,5808.0,4372.0,7272.5,5803.5,4368.5,7000.0,5000.0,4000.0,-17.625,0.5,-15.375,700.0,900.0,0.0,0.5830000000000004,0.03300000000000002,0.0,2907.0,0
0.933,7285.0,5814.0,4376.0,7279.5,5808.5,4372.5,6000.0,6000.0,4000.0,-18.375,0.5,-15.625,700.0,900.0,0.0,0.5840000000000004,0.03400000000000002,0.0,2909.0,0
0.934,7292.0,5819.0,4381.0,7285.5,5814.5,4376.5,7000.0,5000.0,5000.0,-16.875,0.5,-15.125,700.0,900.0,0.0,0.5850000000000004,0.035000000000000024,0.0,2911.0,0
0.935,7299.0,5824.0,4385.0,7292.5,5819.5,4381.5,7000.0,5000.0,4000.0,-17.625,0.5,-16.375,700.0,900.0,0.0,0.5860000000000004,0.036000000000000025,0.0,2914.0,0
0.936,7306.0,5829.0,4389.0,7299.5,5824.5,4385.5,7000.0,5000.0,4000.0,-18.375,0.5,-16.625,700.0,900.0,0.0,0.5870000000000004,0.037000000000000026,0.0,2917.0,0
0.937,7313.0,5835.0,4392.0,7306.5,5829.5,4389.5,7000.0,6000.0,3000.0,-19.125,0.5,-16.875,700.0,900.0,0.0,0.5880000000000004,0.03800000000000003,0.0,2921.0,0
0.9380000000000001,7319.0,5840.0,4396.0,7313.5,5835.5,4392.5,6000.0,5000.0,4000.0,-18.625,0.5,-15.375,700.0,900.0,0.0,0.5890000000000004,0.03900000000000003,0.0,2923.0,0
0.9390000000000001,7326.0,5845.0,4400.0,7319.5,5840.5,4396.5,7000.0,5000.0,4000.0,-18.375,0.5,-15.625,700.0,900.0,0.0,0.5900000000000004,0.04000000000000003,0.0,2926.0,0
0.9400000000000001,7333.0,5850.0,4404.0,7326.5,5845.5,4400.5,7000.0,5000.0,4000.0,-19.125,0.5,-15.875,700.0,900.0,0.0,0.5910000000000004,0.04100000000000003,0.0,2929.0,0
0.9410000000000001,7339.0,5855.0,4408.0,7333.5,5850.5,4404.5,6000.0,5000.0,4000.0,-19.875,0.5,-16.125,700.0,900.0,0.0,0.5920000000000004,0.04200000000000003,0.0,2931.0,0
0.9420000000000001,7346.0,5861.0,4412.0,7339.5,5855.5,4408.5,7000.0,6000.0,4000.0,-19.625,0.5,-16.375,700.0,900.0,0.0,0.5930000000000004,0.04300000000000003,0.0,2934.0,0
0.9430000000000001,7353.0,5866.0,4416.0,7346.5,5861.5,4412.5,7000.0,5000.0,4000.0,-19.125,0.5,-15.875,700.0,900.0,0.0,0.5940000000000004,0.04400000000000003,0.0,2937.0,0
0.9440000000000001,7359.0,5871.0,4420.0,7353.5,5866.5,4416.5,6000.0,5000.0,4000.0,-19.875,0.5,-16.125,700.0,900.0,0.0,0.5950000000000004,0.04500000000000003,0.0,2939.0,0
0.9450000000000001,7366.0,5876.0,4424.0,7359.5,5871.5,4420.5,7000.0,5000.0,4000.0,-19.625,0.5,-16.375,700.0,900.0,0.0,0.5960000000000004,0.046000000000000034,0.0,2942.0,0
0.9460000000000001,7373.0,5882.0,4428.0,7366.5,5876.5,4424.5,7000.0,6000.0,4000.0,-20.375,0.5,-16.625,700.0,900.0,0.0,0.5970000000000004,0.047000000000000035,0.0,2945.0,0
0.9470000000000001,7379.0,5887.0,4432.0,7373.5,5882.5,4428.5,6000.0,5000.0,4000.0,-19.875,0.5,-16.125,700.0,900.0,0.0,0.5980000000000004,0.048000000000000036,0.0,2947.0,0
0.9480000000000001,7386.0,5892.0,4436.0,7379.5,5887.5,4432.5,7000.0,5000.0,4000.0,-19.625,0.5,-16.375,700.0,900.0,0.0,0.5990000000000004,0.04900000000000004,0.0,2950.0,0
0.9490000000000001,7392.0,5897.0,4440.0,7386.5,5892.5,4436.5,6000.0,5000.0,4000.0,-20.375,0.5,-16.625,700.0,900.0,0.0,0.6000000000000004,0.05000000000000004,0.0,2952.0,0
0.9500000000000001,7399.0,5903.0,4443.0,7392.5,5897.5,4440.5,7000.0,6000.0,3000.0,-20.125,0.5,-16.875,700.0,900.0,0.0,0.6010000000000004,0.05100000000000004,0.0,2956.0,0
0.9510000000000001,7405.0,5908.0,4447.0,7399.5,5903.5,4443.5,6000.0,5000.0,4000.0,-19.625,0.5,-15.375,700.0,900.0,0.0,0.6020000000000004,0.05200000000000004,0.0,2958.0,0
0.9520000000000001,7412.0,5913.0,4451.0,7405.5,5908.5,4447.5,7000.0,5000.0,4000.0,-19.375,0.5,-15.625,700.0,900.0,0.0,0.6030000000000004,0.05300000000000004,0.0,2961.0,0
0.9530000000000001,7418.0,5918.0,4455.0,7412.5,5913.5,4451.5,6000.0,5000.0,4000.0,-20.125,0.5,-15.875,700.0,900.0,0.0,0.6040000000000004,0.05400000000000004,0.0,2963.0,0
0.9540000000000001,7425.0,5924.0,4459.0,7418.5,5918.5,4455.5,7000.0,6000.0,4000.0,-19.875,0.5,-16.125,700.0,900.0,0.0,0.6050000000000004,0.05500000000000004,0.0,2966.0,0
0.9550000000000001,7431.0,5929.0,4463.0,7425.5,5924.5,4459.5,6000.0,5000.0,4000.0,-19.375,0.5,-15.625,700.0,900.0,0.0,0.6060000000000004,0.05600000000000004,0.0,2968.0,0
0.9560000000000001,7438.0,5934.0,4466.0,7431.5,5929.5,4463.5,7000.0,5000.0,3000.0,-19.125,0.5,-15.875,700.0,900.0,0.0,0.6070000000000004,0.057000000000000044,0.0,2972.0,0
0.9570000000000001,7444.0,5939.0,4470.0,7438.5,5934.5,4466.5,6000.0,5000.0,4000.0,-19.875,0.5,-15.125,700.0,900.0,0.0,0.6080000000000004,0.058000000000000045,0.0,2974.0,0
0.9580000000000001,7451.0,5945.0,4474.0,7444.5,5939.5,4470.5,7000.0,6000.0,4000.0,-19.625,0.5,-15.375,700.0,900.0,0.0,0.6090000000000004,0.059000000000000045,0.0,2977.0,0
0.9590000000000001,7457.0,5950.0,4478.0,7451.5,5945.5,4474.5,6000.0,5000.0,4000.0,-19.125,0.5,-14.875,700.0,900.0,0.0,0.6100000000000004,0.060000000000000046,0.0,2979.0,0
0.96,7464.0,5955.0,4482.0,7457.5,5950.5,4478.5,7000.0,5000.0,4000.0,-18.875,0.5,-15.125,700.0,900.0,0.0,0.6110000000000004,0.06100000000000005,0.0,2982.0,0
0.961,7470.0,5960.0,4485.0,7464.5,5955.5,4482.5,6000.0,5000.0,3000.0,-19.625,0.5,-15.375,700.0,900.0,0.0,0.6120000000000004,0.06200000000000005,0.0,2985.0,0
0.962,7477.0,5965.0,4489.0,7470.5,5960.5,4485.5,7000.0,5000.0,4000.0,-19.375,0.5,-14.625,700.0,900.0,0.0,0.6130000000000004,0.06300000000000004,0.0,2988.0,0
0.963,7483.0,5971.0,4493.0,7477.5,5965.5,4489.5,6000.0,6000.0,4000.0,-20.125,0.5,-14.875,700.0,900.0,0.0,0.6140000000000004,0.06400000000000004,0.0,2990.0,0
0.964,7490.0,5976.0,4497.0,7483.5,5971.5,4493.5,7000.0,5000.0,4000.0,-18.625,0.5,-14.375,700.0,900.0,0.0,0.6150000000000004,0.06500000000000004,0.0,2993.0,0
0.965,7496.0,5981.0,4501.0,7490.5,5976.5,4497.5,6000.0,5000.0,4000.0,-19.375,0.5,-14.625,700.0,900.0,0.0,0.6160000000000004,0.06600000000000004,0.0,2995.0,0
0.966,7502.0,5986.0,4504.0,7496.5,5981.5,4501.5,6000.0,5000.0,3000.0,-19.125,0.5,-14.875,700.0,900.0,0.0,0.6170000000000004,0.06700000000000005,0.0,2998.0,0
0.967,7509.0,5992.0,4508.0,7502.5,5986.5,4504.5,7000.0,6000.0,4000.0,-18.875,0.5,-14.125,700.0,900.0,0.0,0.6180000000000004,0.06800000000000005,0.0,3001.0,0
0.968,7515.0,5997.0,4512.0,7509.5,5992.5,4508.5,6000.0,5000.0,4000.0,-18.375,0.5,-13.625,700.0,900.0,0.0,0.6190000000000004,0.06900000000000005,0.0,3003.0,0
0.969,7522.0,6002.0,4516.0,7515.5,5997.5,4512.5,7000.0,5000.0,4000.0,-18.125,0.5,-13.875,700.0,900.0,0.0,0.6200000000000004,0.07000000000000005,0.0,3006.0,0
0.97,7528.0,6007.0,4519.0,7522.5,6002.5,4516.5,6000.0,5000.0,3000.0,-18.875,0.5,-14.125,700.0,900.0,0.0,0.6210000000000004,0.07100000000000005,0.0,3009.0,0
0.971,7534.0,6013.0,4523.0,7528.5,6007.5,4519.5,6000.0,6000.0,4000.0,-18.625,0.5,-13.375,700.0,900.0,0.0,0.6220000000000004,0.07200000000000005,0.0,3011.0,0
0.972,7541.0,6018.0,4527.0,7534.5,6013.5,4523.5,7000.0,5000.0,4000.0,-17.125,0.5,-12.875,700.0,900.0,0.0,0.6230000000000004,0.07300000000000005,0.0,3014.0,0
0.973,7547.0,6023.0,4531.0,7541.5,6018.5,4527.5,6000.0,5000.0,4000.0,-17.875,0.5,-13.125,700.0,900.0,0.0,0.6240000000000004,0.07400000000000005,0.0,3016.0,0
0.974,7553.0,6028.0,4534.0,7547.5,6023.5,4531.5,6000.0,5000.0,3000.0,-17.625,0.5,-13.375,700.0,900.0,0.0,0.6250000000000004,0.07500000000000005,0.0,3019.0,0
0.975,7560.0,6034.0,4538.0,7553.5,6028.5,4534.5,7000.0,6000.0,4000.0,-17.375,0.5,-12.625,700.0,900.0,0.0,0.6260000000000004,0.07600000000000005,0.0,3022.0,0
0.976,7566.0,6039.0,4542.0,7560.5,6034.5,4538.5,6000.0,5000.0,4000.0,-16.875,0.5,-12.125,700.0,900.0,0.0,0.6270000000000004,0.07700000000000005,0.0,3024.0,0
0.977,7572.0,6044.0,4545.0,7566.5,6039.5,4542.5,6000.0,5000.0,3000.0,-16.625,0.5,-12.375,700.0,900.0,0.0,0.6280000000000004,0.07800000000000006,0.0,3027.0,0
0.978,7579.0,6049.0,4549.0,7572.5,6044.5,4545.5,7000.0,5000.0,4000.0,-16.375,0.5,-11.625,700.0,900.0,0.0,0.6290000000000004,0.07900000000000006,0.0,3030.0,0
0.979,7585.0,6055.0,4553.0,7579.5,6049.5,4549.5,6000.0,6000.0,4000.0,-17.125,0.5,-11.875,700.0,900.0,0.0,0.6300000000000004,0.08000000000000006,0.0,3032.0,0
0.98,7592.0,6060.0,4557.0,7585.5,6055.5,4553.5,7000.0,5000.0,4000.0,-15.625,0.5,-11.375,700.0,900.0,0.0,0.6310000000000004,0.08100000000000006,0.0,3035.0,0
0.981,7598.0,6065.0,4560.0,7592.5,6060.5,4557.5,6000.0,5000.0,3000.0,-16.375,0.5,-11.625,700.0,900.0,0.0,0.6320000000000005,0.08200000000000006,0.0,3038.0,0
0.982,7604.0,6070.0,4564.0,7598.5,6065.5,4560.5,6000.0,5000.0,4000.0,-16.125,0.5,-10.875,700.0,900.0,0.0,0.6330000000000005,0.08300000000000006,0.0,3040.0,0
0.983,7611.0,6076.0,4568.0,7604.5,6070.5,4564.5,7000.0,6000.0,4000.0,-15.875,0.5,-11.125,700.0,900.0,0.0,0.6340000000000005,0.08400000000000006,0.0,3043.0,0
0.984,7617.0,6081.0,4571.0,7611.5,6076.5,4568.5,6000.0,5000.0,3000.0,-15.375,0.5,-10.625,700.0,900.0,0.0,0.6350000000000005,0.08500000000000006,0.0,3046.0,0
0.985,7623.0,6086.0,4575.0,7617.5,6081.5,4571.5,6000.0,5000.0,4000.0,-15.125,0.5,-9.875,700.0,900.0,0.0,0.6360000000000005,0.08600000000000006,0.0,3048.0,0
0.986,7630.0,6091.0,4579.0,7623.5,6086.5,4575.5,7000.0,5000.0,4000.0,-14.875,0.5,-10.125,700.0,900.0,0.0,0.6370000000000005,0.08700000000000006,0.0,3051.0,0
0.987,7636.0,6096.0,4583.0,7630.5,6091.5,4579.5,6000.0,5000.0,4000.0,-15.625,0.5,-10.375,700.0,900.0,0.0,0.6380000000000005,0.08800000000000006,0.0,3053.0,0
0.988,7642.0,6102.0,4586.0,7636.5,6096.5,4583.5,6000.0,6000.0,3000.0,-15.375,0.5,-10.625,700.0,900.0,0.0,0.6390000000000005,0.08900000000000007,0.0,3056.0,0
0.989,7649.0,6107.0,4590.0,7642.5,6102.5,4586.5,7000.0,5000.0,4000.0,-13.875,0.5,-9.125,700.0,900.0,0.0,0.6400000000000005,0.09000000000000007,0.0,3059.0,0
0.99,7655.0,6112.0,4594.0,7649.5,6107.5,4590.5,6000.0,5000.0,4000.0,-14.625,0.5,-9.375,700.0,900.0,0.0,0.6410000000000005,0.09100000000000007,0.0,3061.0,0
0.991,7661.0,6117.0,4598.0,7655.5,6112.5,4594.5,6000.0,5000.0,4000.0,-14.375,0.5,-9.625,700.0,900.0,0.0,0.6420000000000005,0.09200000000000007,0.0,3063.0,0
0.992,7668.0,6123.0,4602.0,7661.5,6117.5,4598.5,7000.0,6000.0,4000.0,-14.125,0.5,-9.875,700.0,900.0,0.0,0.6430000000000005,0.09300000000000007,0.0,3066.0,0
0.993,7674.0,6128.0,4606.0,7668.5,6123.5,4602.5,6000.0,5000.0,4000.0,-13.625,0.5,-9.375,700.0,900.0,0.0,0.6440000000000005,0.09400000000000007,0.0,3068.0,0
0.994,7680.0,6133.0,4610.0,7674.5,6128.5,4606.5,6000.0,5000.0,4000.0,-13.375,0.5,-9.625,700.0,900.0,0.0,0.6450000000000005,0.09500000000000007,0.0,3070.0,0
0.995,7687.0,6138.0,4614.0,7680.5,6133.5,4610.5,7000.0,5000.0,4000.0,-13.125,0.5,-9.875,700.0,900.0,0.0,0.6460000000000005,0.09600000000000007,0.0,3073.0,0
0.996,7693.0,6144.0,4618.0,7687.5,6138.5,4614.5,6000.0,6000.0,4000.0,-13.875,0.5,-10.125,700.0,900.0,0.0,0.6470000000000005,0.09700000000000007,0.0,3075.0,0
0.997,7699.0,6149.0,4622.0,7693.5,6144.5,4618.5,6000.0,5000.0,4000.0,-12.375,0.5,-9.625,700.0,900.0,0.0,0.6480000000000005,0.09800000000000007,0.0,3077.0,0
0.998,7706.0,6154.0,4626.0,7699.5,6149.5,4622.5,7000.0,5000.0,4000.0,-12.125,0.5,-9.875,700.0,900.0,0.0,0.6490000000000005,0.09900000000000007,0.0,3080.0,0
0.999,7712.0,6159.0,4630.0,7706.5,6154.5,4626.5,6000.0,5000.0,4000.0,-12.875,0.5,-10.125,700.0,900.0,0.0,0.6500000000000005,0.10000000000000007,0.0,3082.0,0
1.0,7718.0,6165.0,4633.0,7712.5,6159.5,4630.5,6000.0,6000.0,3000.0,-12.625,0.5,-10.375,700.0,900.0,0.0,0.6510000000000005,0.10100000000000008,0.0,3085.0,0
1.0010000000000001,7725.0,6170.0,4637.0,7718.5,6165.5,4633.5,7000.0,5000.0,4000.0,-11.125,0.5,-8.875,700.0,900.0,0.0,0.6520000000000005,0.10200000000000008,0.0,3088.0,0
1.002,7731.0,6175.0,4641.0,7725.5,6170.5,4637.5,6000.0,5000.0,4000.0,-11.875,0.5,-9.125,700.0,900.0,0.0,0.6530000000000005,0.10300000000000008,0.0,3090.0,0
1.0030000000000001,7737.0,6180.0,4645.0,7731.5,6175.5,4641.5,6000.0,5000.0,4000.0,-11.625,0.5,-9.375,700.0,900.0,0.0,0.6540000000000005,0.10400000000000008,0.0,3092.0,0
1.004,7744.0,6186.0,4649.0,7737.5,6180.5,4645.5,7000.0,6000.0,4000.0,-11.375,0.5,-9.625,700.0,900.0,0.0,0.6550000000000005,0.10500000000000008,0.0,3095.0,0
1.0050000000000001,7750.0,6191.0,4653.0,7744.5,6186.5,4649.5,6000.0,5000.0,4000.0,-10.875,0.5,-9.125,700.0,900.0,0.0,0.6560000000000005,0.10600000000000008,0.0,3097.0,0
1.006,7756.0,6196.0,4657.0,7750.5,6191.5,4653.5,6000.0,5000.0,4000.0,-10.625,0.5,-9.375,700.0,900.0,0.0,0.6570000000000005,0.10700000000000008,0.0,3099.0,0
1.0070000000000001,7763.0,6201.0,4661.0,7756.5,6196.5,4657.5,7000.0,5000.0,4000.0,-10.375,0.5,-9.625,700.0,900.0,0.0,0.6580000000000005,0.10800000000000008,0.0,3102.0,0
1.008,7769.0,6207.0,4665.0,7763.5,6201.5,4661.5,6000.0,6000.0,4000.0,-11.125,0.5,-9.875,700.0,900.0,0.0,0.6590000000000005,0.10900000000000008,0.0,3104.0,0
1.0090000000000001,7776.0,6212.0,4669.0,7769.5,6207.5,4665.5,7000.0,5000.0,4000.0,-9.625,0.5,-9.375,700.0,900.0,0.0,0.6600000000000005,0.11000000000000008,0.0,3107.0,0
1.01,7782.0,6217.0,4673.0,7776.5,6212.5,4669.5,6000.0,5000.0,4000.0,-10.375,0.5,-9.625,700.0,900.0,0.0,0.6610000000000005,0.11100000000000008,0.0,3109.0,0
1.0110000000000001,7788.0,6222.0,4676.0,7782.5,6217.5,4673.5,6000.0,5000.0,3000.0,-10.125,0.5,-9.875,700.0,900.0,0.0,0.6620000000000005,0.11200000000000009,0.0,3112.0,0
1.012,7795.0,6227.0,4680.0,7788.5,6222.5,4676.5,7000.0,5000.0,4000.0,-9.875,0.5,-9.125,700.0,900.0,0.0,0.6630000000000005,0.11300000000000009,0.0,3115.0,0
1.0130000000000001,7801.0,6233.0,4684.0,7795.5,6227.5,4680.5,6000.0,6000.0,4000.0,-10.625,0.5,-9.375,700.0,900.0,0.0,0.6640000000000005,0.11400000000000009,0.0,3117.0,0
1.014,7808.0,6238.0,4688.0,7801.5,6233.5,4684.5,7000.0,5000.0,4000.0,-9.125,0.5,-8.875,700.0,900.0,0.0,0.6650000000000005,0.11500000000000009,0.0,3120.0,0
1.0150000000000001,7815.0,6243.0,4692.0,7808.5,6238.5,4688.5,7000.0,5000.0,4000.0,-9.875,0.5,-9.125,700.0,900.0,0.0,0.6660000000000005,0.11600000000000009,0.0,3123.0,0
1.016,7821.0,6248.0,4696.0,7815.5,6243.5,4692.5,6000.0,5000.0,4000.0,-10.625,0.5,-9.375,700.0,900.0,0.0,0.6670000000000005,0.11700000000000009,0.0,3125.0,0
1.0170000000000001,7827.0,6254.0,4700.0,7821.5,6248.5,4696.5,6000.0,6000.0,4000.0,-10.375,0.5,-9.625,700.0,900.0,0.0,0.6680000000000005,0.11800000000000009,0.0,3127.0,0
1.018,7834.0,6259.0,4704.0,7827.5,6254.5,4700.5,7000.0,5000.0,4000.0,-8.875,0.5,-9.125,700.0,900.0,0.0,0.6690000000000005,0.11900000000000009,0.0,3130.0,0
1.0190000000000001,7841.0,6264.0,4708.0,7834.5,6259.5,4704.5,7000.0,5000.0,4000.0,-9.625,0.5,-9.375,700.0,900.0,0.0,0.6700000000000005,0.12000000000000009,0.0,3133.0,0
1.02,7847.0,6269.0,4712.0,7841.5,6264.5,4708.5,6000.0,5000.0,4000.0,-10.375,0.5,-9.625,700.0,900.0,0.0,0.6710000000000005,0.1210000000000001,0.0,3135.0,0
1.0210000000000001,7854.0,6275.0,4716.0,7847.5,6269.5,4712.5,7000.0,6000.0,4000.0,-10.125,0.5,-9.875,700.0,900.0,0.0,0.6720000000000005,0.1220000000000001,0.0,3138.0,0
1.022,7860.0,6280.0,4720.0,7854.5,6275.5,4716.5,6000.0,5000.0,4000.0,-9.625,0.5,-9.375,700.0,900.0,0.0,0.6730000000000005,0.1230000000000001,0.0,3140.0,0
1.0230000000000001,7867.0,6285.0,4724.0,7860.5,6280.5,4720.5,7000.0,5000.0,4000.0,-9.375,0.5,-9.625,700.0,900.0,0.0,0.6740000000000005,0.1240000000000001,0.0,3143.0,0
1.024,7873.0,6290.0,4728.0,7867.5,6285.5,4724.5,6000.0,5000.0,4000.0,-10.125,0.5,-9.875,700.0,900.0,0.0,0.6750000000000005,0.12500000000000008,0.0,3145.0,0
1.025,7880.0,6296.0,4731.0,7873.5,6290.5,4728.5,7000.0,6000.0,3000.0,-9.875,0.5,-10.125,700.0,900.0,0.0,0.6760000000000005,0.12600000000000008,0.0,3149.0,0
1.026,7887.0,6301.0,4735.0,7880.5,6296.5,4731.5,7000.0,5000.0,4000.0,-9.375,0.5,-8.625,700.0,900.0,0.0,0.6770000000000005,0.12700000000000009,0.0,3152.0,0
1.027,7893.0,6306.0,4739.0,7887.5,6301.5,4735.5,6000.0,5000.0,4000.0,-10.125,0.5,-8.875,700.0,900.0,0.0,0.6780000000000005,0.12800000000000009,0.0,3154.0,0
1.028,7900.0,6311.0,4743.0,7893.5,6306.5,4739.5,7000.0,5000.0,4000.0,-9.875,0.5,-9.125,700.0,900.0,0.0,0.6790000000000005,0.1290000000000001,0.0,3157.0,0
1.029,7907.0,6317.0,4747.0,7900.5,6311.5,4743.5,7000.0,6000.0,4000.0,-10.625,0.5,-9.375,700.0,900.0,0.0,0.6800000000000005,0.1300000000000001,0.0,3160.0,0
1.03,7913.0,6322.0,4751.0,7907.5,6317.5,4747.5,6000.0,5000.0,4000.0,-10.125,0.5,-8.875,700.0,900.0,0.0,0.6810000000000005,0.1310000000000001,0.0,3162.0,0
1.031,7919.0,6327.0,4755.0,7913.5,6322.5,4751.5,6000.0,5000.0,4000.0,-9.875,0.5,-9.125,700.0,900.0,0.0,0.6820000000000005,0.1320000000000001,0.0,3164.0,0
1.032,7926.0,6332.0,4759.0,7919.5,6327.5,4755.5,7000.0,5000.0,4000.0,-9.625,0.5,-9.375,700.0,900.0,0.0,0.6830000000000005,0.1330000000000001,0.0,3167.0,0
1.033,7933.0,6338.0,4763.0,7926.5,6332.5,4759.5,7000.0,6000.0,4000.0,-10.375,0.5,-9.625,700.0,900.0,0.0,0.6840000000000005,0.1340000000000001,0.0,3170.0,0
1.034,7939.0,6343.0,4767.0,7933.5,6338.5,4763.5,6000.0,5000.0,4000.0,-9.875,0.5,-9.125,700.0,900.0,0.0,0.6850000000000005,0.1350000000000001,0.0,3172.0,0
1.035,7946.0,6348.0,4771.0,7939.5,6343.5,4767.5,7000.0,5000.0,4000.0,-9.625,0.5,-9.375,700.0,900.0,0.0,0.6860000000000005,0.1360000000000001,0.0,3175.0,0
1.036,7953.0,6353.0,4775.0,7946.5,6348.5,4771.5,7000.0,5000.0,4000.0,-10.375,0.5,-9.625,700.0,900.0,0.0,0.6870000000000005,0.1370000000000001,0.0,3178.0,0
1.037,7959.0,6358.0,4779.0,7953.5,6353.5,4775.5,6000.0,5000.0,4000.0,-11.125,0.5,-9.875,700.0,900.0,0.0,0.6880000000000005,0.1380000000000001,0.0,3180.0,0
1.038,7965.0,6364.0,4782.0,7959.5,6358.5,4779.5,6000.0,6000.0,3000.0,-10.875,0.5,-10.125,700.0,900.0,0.0,0.6890000000000005,0.1390000000000001,0.0,3183.0,0
1.039,7972.0,6369.0,4786.0,7965.5,6364.5,4782.5,7000.0,5000.0,4000.0,-9.375,0.5,-8.625,700.0,900.0,0.0,0.6900000000000005,0.1400000000000001,0.0,3186.0,0
1.04,7978.0,6374.0,4790.0,7972.5,6369.5,4786.5,6000.0,5000.0,4000.0,-10.125,0.5,-8.875,700.0,900.0,0.0,0.6910000000000005,0.1410000000000001,0.0,3188.0,0
1.041,7984.0,6379.0,4794.0,7978.5,6374.5,4790.5,6000.0,5000.0,4000.0,-9.875,0.5,-9.125,700.0,900.0,0.0,0.6920000000000005,0.1420000000000001,0.0,3190.0,0
1.042,7991.0,6385.0,4798.0,7984.5,6379.5,4794.5,7000.0,6000.0,4000.0,-9.625,0.5,-9.375,700.0,900.0,0.0,0.6930000000000005,0.1430000000000001,0.0,3193.0,0
1.043,7998.0,6390.0,4802.0,7991.5,6385.5,4798.5,7000.0,5000.0,4000.0,-9.125,0.5,-8.875,700.0,900.0,0.0,0.6940000000000005,0.1440000000000001,0.0,3196.0,0
1.044,8004.0,6395.0,4806.0,7998.5,6390.5,4802.5,6000.0,5000.0,4000.0,-9.875,0.5,-9.125,700.0,900.0,0.0,0.6950000000000005,0.1450000000000001,0.0,3198.0,0
1.045,8011.0,6400.0,4810.0,8004.5,6395.5,4806.5,7000.0,5000.0,4000.0,-9.625,0.5,-9.375,700.0,900.0,0.0,0.6960000000000005,0.1460000000000001,0.0,3201.0,0
1.046,8017.0,6406.0,4814.0,8011.5,6400.5,4810.5,6000.0,6000.0,4000.0,-10.375,0.5,-9.625,700.0,900.0,0.0,0.6970000000000005,0.1470000000000001,0.0,3203.0,0
1.047,8024.0,6411.0,4818.0,8017.5,6406.5,4814.5,7000.0,5000.0,4000.0,-8.875,0.5,-9.125,700.0,900.0,0.0,0.6980000000000005,0.1480000000000001,0.0,3206.0,0
1.048,8031.0,6416.0,4822.0,8024.5,6411.5,4818.5,7000.0,5000.0,4000.0,-9.625,0.5,-9.375,700.0,900.0,0.0,0.6990000000000005,0.1490000000000001,0.0,3209.0,0
1.049,8037.0,6421.0,4826.0,8031.5,6416.5,4822.5,6000.0,5000.0,4000.0,-10.375,0.5,-9.625,700.0,900.0,0.0,0.7000000000000005,0.1500000000000001,0.0,3211.0,0
1.05,8043.0,6427.0,4830.0,8037.5,6421.5,4826.5,6000.0,6000.0,4000.0,-10.125,0.5,-9.875,700.0,900.0,0.0,0.7010000000000005,0.1510000000000001,0.0,3213.0,0
1.051,8050.0,6432.0,4833.0,8043.5,6427.5,4830.5,7000.0,5000.0,3000.0,-8.625,0.5,-9.375,700.0,900.0,0.0,0.7020000000000005,0.1520000000000001,0.0,3217.0,0
1.052,8057.0,6437.0,4837.0,8050.5,6432.5,4833.5,7000.0,5000.0,4000.0,-9.375,0.5,-8.625,700.0,900.0,0.0,0.7030000000000005,0.1530000000000001,0.0,3220.0,0
1.053,8063.0,6442.0,4841.0,8057.5,6437.5,4837.5,6000.0,5000.0,4000.0,-10.125,0.5,-8.875,700.0,900.0,0.0,0.7040000000000005,0.1540000000000001,0.0,3222.0,0
1.054,8070.0,6448.0,4845.0,8063.5,6442.5,4841.5,7000.0,6000.0,4000.0,-9.875,0.5,-9.125,700.0,900.0,0.0,0.7050000000000005,0.1550000000000001,0.0,3225.0,0
1.055,8076.0,6453.0,4849.0,8070.5,6448.5,4845.5,6000.0,5000.0,4000.0,-9.375,0.5,-8.625,700.0,900.0,0.0,0.7060000000000005,0.1560000000000001,0.0,3227.0,0
1.056,8083.0,6458.0,4853.0,8076.5,6453.5,4849.5,7000.0,5000.0,4000.0,-9.125,0.5,-8.875,700.0,900.0,0.0,0.7070000000000005,0.1570000000000001,0.0,3230.0,0
1.057,8090.0,6463.0,4857.0,8083.5,6458.5,4853.5,7000.0,5000.0,4000.0,-9.875,0.5,-9.125,700.0,900.0,0.0,0.7080000000000005,0.1580000000000001,0.0,3233.0,0
1.058,8096.0,6469.0,4861.0,8090.5,6463.5,4857.5,6000.0,6000.0,4000.0,-10.625,0.5,-9.375,700.0,900.0,0.0,0.7090000000000005,0.1590000000000001,0.0,3235.0,0
1.059,8103.0,6474.0,4865.0,8096.5,6469.5,4861.5,7000.0,5000.0,4000.0,-9.125,0.5,-8.875,700.0,900.0,0.0,0.7100000000000005,0.16000000000000011,0.0,3238.0,0
1.06,8109.0,6479.0,4869.0,8103.5,6474.5,4865.5,6000.0,5000.0,4000.0,-9.875,0.5,-9.125,700.0,900.0,0.0,0.7110000000000005,0.16100000000000012,0.0,3240.0,0
1.061,8116.0,6484.0,4873.0,8109.5,6479.5,4869.5,7000.0,5000.0,4000.0,-9.625,0.5,-9.375,700.0,900.0,0.0,0.7120000000000005,0.16200000000000012,0.0,3243.0,0
1.062,8122.0,6489.0,4877.0,8116.5,6484.5,4873.5,6000.0,5000.0,4000.0,-10.375,0.5,-9.625,700.0,900.0,0.0,0.7130000000000005,0.16300000000000012,0.0,3245.0,0
1.063,8129.0,6495.0,4881.0,8122.5,6489.5,4877.5,7000.0,6000.0,4000.0,-10.125,0.5,-9.875,700.0,900.0,0.0,0.7140000000000005,0.16400000000000012,0.0,3248.0,0
1.064,8135.0,6500.0,4885.0,8129.5,6495.5,4881.5,6000.0,5000.0,4000.0,-9.625,0.5,-9.375,700.0,900.0,0.0,0.7150000000000005,0.16500000000000012,0.0,3250.0,0
1.065,8142.0,6505.0,4888.0,8135.5,6500.5,4885.5,7000.0,5000.0,3000.0,-9.375,0.5,-9.625,700.0,900.0,0.0,0.7160000000000005,0.16600000000000012,0.0,3254.0,0
1.066,8148.0,6510.0,4892.0,8142.5,6505.5,4888.5,6000.0,5000.0,4000.0,-10.125,0.5,-8.875,700.0,900.0,0.0,0.7170000000000005,0.16700000000000012,0.0,3256.0,0
1.067,8155.0,6516.0,4896.0,8148.5,6510.5,4892.5,7000.0,6000.0,4000.0,-9.875,0.5,-9.125,700.0,900.0,0.0,0.7180000000000005,0.16800000000000012,0.0,3259.0,0
1.068,8161.0,6521.0,4900.0,8155.5,6516.5,4896.5,6000.0,5000.0,4000.0,-9.375,0.5,-8.625,700.0,900.0,0.0,0.7190000000000005,0.16900000000000012,0.0,3261.0,0
1.069,8168.0,6526.0,4904.0,8161.5,6521.5,4900.5,7000.0,5000.0,4000.0,-9.125,0.5,-8.875,700.0,900.0,0.0,0.7200000000000005,0.17000000000000012,0.0,3264.0,0
1.07,8175.0,6531.0,4908.0,8168.5,6526.5,4904.5,7000.0,5000.0,4000.0,-9.875,0.5,-9.125,700.0,900.0,0.0,0.7210000000000005,0.17100000000000012,0.0,3267.0,0
1.071,8181.0,6537.0,4912.0,8175.5,6531.5,4908.5,6000.0,6000.0,4000.0,-10.625,0.5,-9.375,700.0,900.0,0.0,0.7220000000000005,0.17200000000000013,0.0,3269.0,0
1.072,8188.0,6542.0,4916.0,8181.5,6537.5,4912.5,7000.0,5000.0,4000.0,-9.125,0.5,-8.875,700.0,900.0,0.0,0.7230000000000005,0.17300000000000013,0.0,3272.0,0
1.073,8194.0,6547.0,4920.0,8188.5,6542.5,4916.5,6000.0,5000.0,4000.0,-9.875,0.5,-9.125,700.0,900.0,0.0,0.7240000000000005,0.17400000000000013,0.0,3274.0,0
1.074,8201.0,6552.0,4924.0,8194.5,6547.5,4920.5,7000.0,5000.0,4000.0,-9.625,0.5,-9.375,700.0,900.0,0.0,0.7250000000000005,0.17500000000000013,0.0,3277.0,0
1.075,8207.0,6558.0,4928.0,8201.5,6552.5,4924.5,6000.0,6000.0,4000.0,-10.375,0.5,-9.625,700.0,900.0,0.0,0.7260000000000005,0.17600000000000013,0.0,3279.0,0
1.076,8214.0,6563.0,4932.0,8207.5,6558.5,4928.5,7000.0,5000.0,4000.0,-8.875,0.5,-9.125,700.0,900.0,0.0,0.7270000000000005,0.17700000000000013,0.0,3282.0,0
1.077,8221.0,6568.0,4936.0,8214.5,6563.5,4932.5,7000.0,5000.0,4000.0,-9.625,0.5,-9.375,700.0,900.0,0.0,0.7280000000000005,0.17800000000000013,0.0,3285.0,0
1.078,8227.0,6573.0,4940.0,8221.5,6568.5,4936.5,6000.0,5000.0,4000.0,-10.375,0.5,-9.625,700.0,900.0,0.0,0.7290000000000005,0.17900000000000013,0.0,3287.0,0
1.079,8233.0,6579.0,4943.0,8227.5,6573.5,4940.5,6000.0,6000.0,3000.0,-10.125,0.5,-9.875,700.0,900.0,0.0,0.7300000000000005,0.18000000000000013,0.0,3290.0,0
1.08,8240.0,6584.0,4947.0,8233.5,6579.5,4943.5,7000.0,5000.0,4000.0,-8.625,0.5,-8.375,700.0,900.0,0.0,0.7310000000000005,0.18100000000000013,0.0,3293.0,0
1.081,8246.0,6589.0,4951.0,8240.5,6584.5,4947.5,6000.0,5000.0,4000.0,-9.375,0.5,-8.625,700.0,900.0,0.0,0.7320000000000005,0.18200000000000013,0.0,3295.0,0
1.082,8253.0,6594.0,4955.0,8246.5,6589.5,4951.5,7000.0,5000.0,4000.0,-9.125,0.5,-8.875,700.0,900.0,0.0,0.7330000000000005,0.18300000000000013,0.0,3298.0,0
1.083,8259.0,6600.0,4959.0,8253.5,6594.5,4955.5,6000.0,6000.0,4000.0,-9.875,0.5,-9.125,700.0,900.0,0.0,0.7340000000000005,0.18400000000000014,0.0,3300.0,0
1.084,8266.0,6605.0,4963.0,8259.5,6600.5,4959.5,7000.0,5000.0,4000.0,-8.375,0.5,-8.625,700.0,900.0,0.0,0.7350000000000005,0.18500000000000014,0.0,3303.0,0
1.085,8273.0,6610.0,4967.0,8266.5,6605.5,4963.5,7000.0,5000.0,4000.0,-9.125,0.5,-8.875,700.0,900.0,0.0,0.7360000000000005,0.18600000000000014,0.0,3306.0,0
1.086,8279.0,6615.0,4971.0,8273.5,6610.5,4967.5,6000.0,5000.0,4000.0,-9.875,0.5,-9.125,700.0,900.0,0.0,0.7370000000000005,0.18700000000000014,0.0,3308.0,0
1.087,8286.0,6620.0,4975.0,8279.5,6615.5,4971.5,7000.0,5000.0,4000.0,-9.625,0.5,-9.375,700.0,900.0,0.0,0.7380000000000005,0.18800000000000014,0.0,3311.0,0
1.088,8292.0,6626.0,4979.0,8286.5,6620.5,4975.5,6000.0,6000.0,4000.0,-10.375,0.5,-9.625,700.0,900.0,0.0,0.7390000000000005,0.18900000000000014,0.0,3313.0,0
1.089,8299.0,6631.0,4983.0,8292.5,6626.5,4979.5,7000.0,5000.0,4000.0,-8.875,0.5,-9.125,700.0,900.0,0.0,0.7400000000000005,0.19000000000000014,0.0,3316.0,0
1.09,8305.0,6636.0,4987.0,8299.5,6631.5,4983.5,6000.0,5000.0,4000.0,-9.625,0.5,-9.375,700.0,900.0,0.0,0.7410000000000005,0.19100000000000014,0.0,3318.0,0
1.091,8312.0,6641.0,4991.0,8305.5,6636.5,4987.5,7000.0,5000.0,4000.0,-9.375,0.5,-9.625,700.0,900.0,0.0,0.7420000000000005,0.19200000000000014,0.0,3321.0,0
1.092,8318.0,6647.0,4995.0,8312.5,6641.5,4991.5,6000.0,6000.0,4000.0,-10.125,0.5,-9.875,700.0,900.0,0.0,0.7430000000000005,0.19300000000000014,0.0,3323.0,0
1.093,8325.0,6652.0,4998.0,8318.5,6647.5,4995.5,7000.0,5000.0,3000.0,-8.625,0.5,-9.375,700.0,900.0,0.0,0.7440000000000005,0.19400000000000014,0.0,3327.0,0
1.094,8331.0,6657.0,5002.0,8325.5,6652.5,4998.5,6000.0,5000.0,4000.0,-9.375,0.5,-8.625,700.0,900.0,0.0,0.7450000000000006,0.19500000000000015,0.0,3329.0,0
1.095,8338.0,6662.0,5006.0,8331.5,6657.5,5002.5,7000.0,5000.0,4000.0,-9.125,0.5,-8.875,700.0,900.0,0.0,0.7460000000000006,0.19600000000000015,0.0,3332.0,0
1.096,8345.0,6668.0,5010.0,8338.5,6662.5,5006.5,7000.0,6000.0,4000.0,-9.875,0.5,-9.125,700.0,900.0,0.0,0.7470000000000006,0.19700000000000015,0.0,3335.0,0
1.097,8351.0,6673.0,5014.0,8345.5,6668.5,5010.5,6000.0,5000.0,4000.0,-9.375,0.5,-8.625,700.0,900.0,0.0,0.7480000000000006,0.19800000000000015,0.0,3337.0,0
1.098,8358.0,6678.0,5018.0,8351.5,6673.5,5014.5,7000.0,5000.0,4000.0,-9.125,0.5,-8.875,700.0,900.0,0.0,0.7490000000000006,0.19900000000000015,0.0,3340.0,0
1.099,8364.0,6683.0,5022.0,8358.5,6678.5,5018.5,6000.0,5000.0,4000.0,-9.875,0.5,-9.125,700.0,900.0,0.0,0.7500000000000006,0.20000000000000015,0.0,3342.0,0
1.1,8371.0,6689.0,5026.0,8364.5,6683.5,5022.5,7000.0,6000.0,4000.0,-9.625,0.5,-9.375,700.0,900.0,0.0,0.7510000000000006,0.20100000000000015,0.0,3345.0,0
1.101,8377.0,6694.0,5030.0,8371.5,6689.5,5026.5,6000.0,5000.0,4000.0,-9.125,0.5,-8.875,700.0,900.0,0.0,0.7520000000000006,0.20200000000000015,0.0,3347.0,0
1.102,8384.0,6699.0,5034.0,8377.5,6694.5,5030.5,7000.0,5000.0,4000.0,-8.875,0.5,-9.125,700.0,900.0,0.0,0.7530000000000006,0.20300000000000015,0.0,3350.0,0
1.103,8391.0,6704.0,5038.0,8384.5,6699.5,5034.5,7000.0,5000.0,4000.0,-9.625,0.5,-9.375,700.0,900.0,0.0,0.7540000000000006,0.20400000000000015,0.0,3353.0,0
1.104,8397.0,6710.0,5042.0,8391.5,6704.5,5038.5,6000.0,6000.0,4000.0,-10.375,0.5,-9.625,700.0,900.0,0.0,0.7550000000000006,0.20500000000000015,0.0,3355.0,0
1.105,8404.0,6715.0,5046.0,8397.5,6710.5,5042.5,7000.0,5000.0,4000.0,-8.875,0.5,-9.125,700.0,900.0,0.0,0.7560000000000006,0.20600000000000016,0.0,3358.0,0
1.106,8410.0,6720.0,5050.0,8404.5,6715.5,5046.5,6000.0,5000.0,4000.0,-9.625,0.5,-9.375,700.0,900.0,0.0,0.7570000000000006,0.20700000000000016,0.0,3360.0,0
1.107,8417.0,6725.0,5053.0,8410.5,6720.5,5050.5,7000.0,5000.0,3000.0,-9.375,0.5,-9.625,700.0,900.0,0.0,0.7580000000000006,0.20800000000000016,0.0,3364.0,0
1.108,8423.0,6730.0,5057.0,8417.5,6725.5,5053.5,6000.0,5000.0,4000.0,-10.125,0.5,-8.875,700.0,900.0,0.0,0.7590000000000006,0.20900000000000016,0.0,3366.0,0
1.109,8430.0,6736.0,5061.0,8423.5,6730.5,5057.5,7000.0,6000.0,4000.0,-9.875,0.5,-9.125,700.0,900.0,0.0,0.7600000000000006,0.21000000000000016,0.0,3369.0,0
1.11,8436.0,6741.0,5065.0,8430.5,6736.5,5061.5,6000.0,5000.0,4000.0,-9.375,0.5,-8.625,700.0,900.0,0.0,0.7610000000000006,0.21100000000000016,0.0,3371.0,0
1.111,8443.0,6746.0,5069.0,8436.5,6741.5,5065.5,7000.0,5000.0,4000.0,-9.125,0.5,-8.875,700.0,900.0,0.0,0.7620000000000006,0.21200000000000016,0.0,3374.0,0
1.112,8449.0,6751.0,5073.0,8443.5,6746.5,5069.5,6000.0,5000.0,4000.0,-9.875,0.5,-9.125,700.0,900.0,0.0,0.7630000000000006,0.21300000000000016,0.0,3376.0,0
1.113,8456.0,6757.0,5077.0,8449.5,6751.5,5073.5,7000.0,6000.0,4000.0,-9.625,0.5,-9.375,700.0,900.0,0.0,0.7640000000000006,0.21400000000000016,0.0,3379.0,0
1.114,8463.0,6762.0,5081.0,8456.5,6757.5,5077.5,7000.0,5000.0,4000.0,-9.125,0.5,-8.875,700.0,900.0,0.0,0.7650000000000006,0.21500000000000016,0.0,3382.0,0
1.115,8469.0,6767.0,5085.0,8463.5,6762.5,5081.5,6000.0,5000.0,4000.0,-9.875,0.5,-9.125,700.0,900.0,0.0,0.7660000000000006,0.21600000000000016,0.0,3384.0,0
1.116,8476.0,6772.0,5089.0,8469.5,6767.5,5085.5,7000.0,5000.0,4000.0,-9.625,0.5,-9.375,700.0,900.0,0.0,0.7670000000000006,0.21700000000000016,0.0,3387.0,0
1.117,8482.0,6778.0,5093.0,8476.5,6772.5,5089.5,6000.0,6000.0,4000.0,-10.375,0.5,-9.625,700.0,900.0,0.0,0.7680000000000006,0.21800000000000017,0.0,3389.0,0
1.118,8489.0,6783.0,5097.0,8482.5,6778.5,5093.5,7000.0,5000.0,4000.0,-8.875,0.5,-9.125,700.0,900.0,0.0,0.7690000000000006,0.21900000000000017,0.0,3392.0,0
1.119,8495.0,6788.0,5101.0,8489.5,6783.5,5097.5,6000.0,5000.0,4000.0,-9.625,0.5,-9.375,700.0,900.0,0.0,0.7700000000000006,0.22000000000000017,0.0,3394.0,0
1.12,8502.0,6793.0,5105.0,8495.5,6788.5,5101.5,7000.0,5000.0,4000.0,-9.375,0.5,-9.625,700.0,900.0,0.0,0.7710000000000006,0.22100000000000017,0.0,3397.0,0
1.121,8508.0,6799.0,5108.0,8502.5,6793.5,5105.5,6000.0,6000.0,3000.0,-10.125,0.5,-9.875,700.0,900.0,0.0,0.7720000000000006,0.22200000000000017,0.0,3400.0,0
1.122,8515.0,6804.0,5112.0,8508.5,6799.5,5108.5,7000.0,5000.0,4000.0,-8.625,0.5,-8.375,700.0,900.0,0.0,0.7730000000000006,0.22300000000000017,0.0,3403.0,0
1.123,8521.0,6809.0,5116.0,8515.5,6804.5,5112.5,6000.0,5000.0,4000.0,-9.375,0.5,-8.625,700.0,900.0,0.0,0.7740000000000006,0.22400000000000017,0.0,3405.0,0
1.124,8528.0,6814.0,5120.0,8521.5,6809.5,5116.5,7000.0,5000.0,4000.0,-9.125,0.5,-8.875,700.0,900.0,0.0,0.7750000000000006,0.22500000000000017,0.0,3408.0,0
1.125,8534.0,6820.0,5124.0,8528.5,6814.5,5120.5,6000.0,6000.0,4000.0,-9.875,0.5,-9.125,700.0,900.0,0.0,0.7760000000000006,0.22600000000000017,0.0,3410.0,0
1.1260000000000001,8541.0,6825.0,5128.0,8534.5,6820.5,5124.5,7000.0,5000.0,4000.0,-8.375,0.5,-8.625,700.0,900.0,0.0,0.7770000000000006,0.22700000000000017,0.0,3413.0,0
1.127,8547.0,6830.0,5132.0,8541.5,6825.5,5128.5,6000.0,5000.0,4000.0,-9.125,0.5,-8.875,700.0,900.0,0.0,0.7780000000000006,0.22800000000000017,0.0,3415.0,0
1.1280000000000001,8554.0,6835.0,5136.0,8547.5,6830.5,5132.5,7000.0,5000.0,4000.0,-8.875,0.5,-9.125,700.0,900.0,0.0,0.7790000000000006,0.22900000000000018,0.0,3418.0,0
1.129,8561.0,6841.0,5140.0,8554.5,6835.5,5136.5,7000.0,6000.0,4000.0,-9.625,0.5,-9.375,700.0,900.0,0.0,0.7800000000000006,0.23000000000000018,0.0,3421.0,0
1.1300000000000001,8567.0,6846.0,5144.0,8561.5,6841.5,5140.5,6000.0,5000.0,4000.0,-9.125,0.5,-8.875,700.0,900.0,0.0,0.7810000000000006,0.23100000000000018,0.0,3423.0,0
1.131,8574.0,6851.0,5148.0,8567.5,6846.5,5144.5,7000.0,5000.0,4000.0,-8.875,0.5,-9.125,700.0,900.0,0.0,0.7820000000000006,0.23200000000000018,0.0,3426.0,0
1.1320000000000001,8580.0,6856.0,5152.0,8574.5,6851.5,5148.5,6000.0,5000.0,4000.0,-9.625,0.5,-9.375,700.0,900.0,0.0,0.7830000000000006,0.23300000000000018,0.0,3428.0,0
1.133,8587.0,6861.0,5156.0,8580.5,6856.5,5152.5,7000.0,5000.0,4000.0,-9.375,0.5,-9.625,700.0,900.0,0.0,0.7840000000000006,0.23400000000000018,0.0,3431.0,0
1.1340000000000001,8593.0,6867.0,5160.0,8587.5,6861.5,5156.5,6000.0,6000.0,4000.0,-10.125,0.5,-9.875,700.0,900.0,0.0,0.7850000000000006,0.23500000000000018,0.0,3433.0,0
1.135,8600.0,6872.0,5163.0,8593.5,6867.5,5160.5,7000.0,5000.0,3000.0,-8.625,0.5,-9.375,700.0,900.0,0.0,0.7860000000000006,0.23600000000000018,0.0,3437.0,0
1.1360000000000001,8606.0,6877.0,5167.0,8600.5,6872.5,5163.5,6000.0,5000.0,4000.0,-9.375,0.5,-8.625,700.0,900.0,0.0,0.7870000000000006,0.23700000000000018,0.0,3439.0,0
1.137,8613.0,6882.0,5171.0,8606.5,6877.5,5167.5,7000.0,5000.0,4000.0,-9.125,0.5,-8.875,700.0,900.0,0.0,0.7880000000000006,0.23800000000000018,0.0,3442.0,0
1.1380000000000001,8619.0,6888.0,5175.0,8613.5,6882.5,5171.5,6000.0,6000.0,4000.0,-9.875,0.5,-9.125,700.0,900.0,0.0,0.7890000000000006,0.23900000000000018,0.0,3444.0,0
1.139,8626.0,6893.0,5179.0,8619.5,6888.5,5175.5,7000.0,5000.0,4000.0,-8.375,0.5,-8.625,700.0,900.0,0.0,0.7900000000000006,0.24000000000000019,0.0,3447.0,0
1.1400000000000001,8632.0,6898.0,5183.0,8626.5,6893.5,5179.5,6000.0,5000.0,4000.0,-9.125,0.5,-8.875,700.0,900.0,0.0,0.7910000000000006,0.2410000000000002,0.0,3449.0,0
1.141,8639.0,6903.0,5187.0,8632.5,6898.5,5183.5,7000.0,5000.0,4000.0,-8.875,0.5,-9.125,700.0,900.0,0.0,0.7920000000000006,0.2420000000000002,0.0,3452.0,0
1.1420000000000001,8646.0,6909.0,5191.0,8639.5,6903.5,5187.5,7000.0,6000.0,4000.0,-9.625,0.5,-9.375,700.0,900.0,0.0,0.7930000000000006,0.2430000000000002,0.0,3455.0,0
1.143,8652.0,6914.0,5195.0,8646.5,6909.5,5191.5,6000.0,5000.0,4000.0,-9.125,0.5,-8.875,700.0,900.0,0.0,0.7940000000000006,0.2440000000000002,0.0,3457.0,0
1.1440000000000001,8659.0,6919.0,5199.0,8652.5,6914.5,5195.5,7000.0,5000.0,4000.0,-8.875,0.5,-9.125,700.0,900.0,0.0,0.7950000000000006,0.2450000000000002,0.0,3460.0,0
1.145,8665.0,6924.0,5203.0,8659.5,6919.5,5199.5,6000.0,5000.0,4000.0,-9.625,0.5,-9.375,700.0,900.0,0.0,0.7960000000000006,0.2460000000000002,0.0,3462.0,0
1.1460000000000001,8672.0,6930.0,5207.0,8665.5,6924.5,5203.5,7000.0,6000.0,4000.0,-9.375,0.5,-9.625,700.0,900.0,0.0,0.7970000000000006,0.2470000000000002,0.0,3465.0,0
1.147,8678.0,6935.0,5211.0,8672.5,6930.5,5207.5,6000.0,5000.0,4000.0,-8.875,0.5,-9.125,700.0,900.0,0.0,0.7980000000000006,0.2480000000000002,0.0,3467.0,0
1.1480000000000001,8685.0,6940.0,5215.0,8678.5,6935.5,5211.5,7000.0,5000.0,4000.0,-8.625,0.5,-9.375,700.0,900.0,0.0,0.7990000000000006,0.2490000000000002,0.0,3470.0,0
1.149,8691.0,6945.0,5218.0,8685.5,6940.5,5215.5,6000.0,5000.0,3000.0,-9.375,0.5,-9.625,700.0,900.0,0.0,0.8000000000000006,0.25000000000000017,0.0,3473.0,0
1.1500000000000001,8698.0,6951.0,5222.0,8691.5,6945.5,5218.5,7000.0,6000.0,4000.0,-9.125,0.5,-8.875,700.0,900.0,0.0,0.8010000000000006,0.25100000000000017,0.0,3476.0,0
1.151,8705.0,6956.0,5226.0,8698.5,6951.5,5222.5,7000.0,5000.0,4000.0,-8.625,0.5,-8.375,700.0,900.0,0.0,0.8020000000000006,0.25200000000000017,0.0,3479.0,0
1.1520000000000001,8711.0,6961.0,5230.0,8705.5,6956.5,5226.5,6000.0,5000.0,4000.0,-9.375,0.5,-8.625,700.0,900.0,0.0,0.8030000000000006,0.25300000000000017,0.0,3481.0,0
1.153,8718.0,6966.0,5234.0,8711.5,6961.5,5230.5,7000.0,5000.0,4000.0,-9.125,0.5,-8.875,700.0,900.0,0.0,0.8040000000000006,0.25400000000000017,0.0,3484.0,0
1.154,8724.0,6972.0,5238.0,8718.5,6966.5,5234.5,6000.0,6000.0,4000.0,-9.875,0.5,-9.125,700.0,900.0,0.0,0.8050000000000006,0.25500000000000017,0.0,3486.0,0
1.155,8731.0,6977.0,5242.0,8724.5,6972.5,5238.5,7000.0,5000.0,4000.0,-8.375,0.5,-8.625,700.0,900.0,0.0,0.8060000000000006,0.25600000000000017,0.0,3489.0,0
1.156,8737.0,6982.0,5246.0,8731.5,6977.5,5242.5,6000.0,5000.0,4000.0,-9.125,0.5,-8.875,700.0,900.0,0.0,0.8070000000000006,0.2570000000000002,0.0,3491.0,0
1.157,8744.0,6987.0,5250.0,8737.5,6982.5,5246.5,7000.0,5000.0,4000.0,-8.875,0.5,-9.125,700.0,900.0,0.0,0.8080000000000006,0.2580000000000002,0.0,3494.0,0
1.158,8750.0,6992.0,5254.0,8744.5,6987.5,5250.5,6000.0,5000.0,4000.0,-9.625,0.5,-9.375,700.0,900.0,0.0,0.8090000000000006,0.2590000000000002,0.0,3496.0,0
1.159,8757.0,6998.0,5258.0,8750.5,6992.5,5254.5,7000.0,6000.0,4000.0,-9.375,0.5,-9.625,700.0,900.0,0.0,0.8100000000000006,0.2600000000000002,0.0,3499.0,0
1.16,8763.0,7003.0,5262.0,8757.5,6998.5,5258.5,6000.0,5000.0,4000.0,-8.875,0.5,-9.125,700.0,900.0,0.0,0.8110000000000006,0.2610000000000002,0.0,3501.0,0
1.161,8770.0,7008.0,5266.0,8763.5,7003.5,5262.5,7000.0,5000.0,4000.0,-8.625,0.5,-9.375,700.0,900.0,0.0,0.8120000000000006,0.2620000000000002,0.0,3504.0,0
1.162,8777.0,7013.0,5270.0,8770.5,7008.5,5266.5,7000.0,5000.0,4000.0,-9.375,0.5,-9.625,700.0,900.0,0.0,0.8130000000000006,0.2630000000000002,0.0,3507.0,0
1.163,8783.0,7019.0,5273.0,8777.5,7013.5,5270.5,6000.0,6000.0,3000.0,-10.125,0.5,-9.875,700.0,900.0,0.0,0.8140000000000006,0.2640000000000002,0.0,3510.0,0
1.164,8789.0,7024.0,5277.0,8783.5,7019.5,5273.5,6000.0,5000.0,4000.0,-8.625,0.5,-8.375,700.0,900.0,0.0,0.8150000000000006,0.2650000000000002,0.0,3512.0,0
1.165,8796.0,7029.0,5281.0,8789.5,7024.5,5277.5,7000.0,5000.0,4000.0,-8.375,0.5,-8.625,700.0,900.0,0.0,0.8160000000000006,0.2660000000000002,0.0,3515.0,0
1.166,8803.0,7034.0,5285.0,8796.5,7029.5,5281.5,7000.0,5000.0,4000.0,-9.125,0.5,-8.875,700.0,900.0,0.0,0.8170000000000006,0.2670000000000002,0.0,3518.0,0
1.167,8809.0,7040.0,5289.0,8803.5,7034.5,5285.5,6000.0,6000.0,4000.0,-9.875,0.5,-9.125,700.0,900.0,0.0,0.8180000000000006,0.2680000000000002,0.0,3520.0,0
1.168,8816.0,7045.0,5293.0,8809.5,7040.5,5289.5,7000.0,5000.0,4000.0,-8.375,0.5,-8.625,700.0,900.0,0.0,0.8190000000000006,0.2690000000000002,0.0,3523.0,0
1.169,8822.0,7050.0,5297.0,8816.5,7045.5,5293.5,6000.0,5000.0,4000.0,-9.125,0.5,-8.875,700.0,900.0,0.0,0.8200000000000006,0.2700000000000002,0.0,3525.0,0
1.17,8829.0,7055.0,5301.0,8822.5,7050.5,5297.5,7000.0,5000.0,4000.0,-8.875,0.5,-9.125,700.0,900.0,0.0,0.8210000000000006,0.2710000000000002,0.0,3528.0,0
1.171,8835.0,7061.0,5305.0,8829.5,7055.5,5301.5,6000.0,6000.0,4000.0,-9.625,0.5,-9.375,700.0,900.0,0.0,0.8220000000000006,0.2720000000000002,0.0,3530.0,0
1.172,8842.0,7066.0,5309.0,8835.5,7061.5,5305.5,7000.0,5000.0,4000.0,-8.125,0.5,-8.875,700.0,900.0,0.0,0.8230000000000006,0.2730000000000002,0.0,3533.0,0
1.173,8848.0,7071.0,5313.0,8842.5,7066.5,5309.5,6000.0,5000.0,4000.0,-8.875,0.5,-9.125,700.0,900.0,0.0,0.8240000000000006,0.2740000000000002,0.0,3535.0,0
1.174,8855.0,7076.0,5317.0,8848.5,7071.5,5313.5,7000.0,5000.0,4000.0,-8.625,0.5,-9.375,700.0,900.0,0.0,0.8250000000000006,0.2750000000000002,0.0,3538.0,0
1.175,8861.0,7082.0,5321.0,8855.5,7076.5,5317.5,6000.0,6000.0,4000.0,-9.375,0.5,-9.625,700.0,900.0,0.0,0.8260000000000006,0.2760000000000002,0.0,3540.0,0
1.176,8868.0,7087.0,5325.0,8861.5,7082.5,5321.5,7000.0,5000.0,4000.0,-7.875,0.5,-9.125,700.0,900.0,0.0,0.8270000000000006,0.2770000000000002,0.0,3543.0,0
1.177,8875.0,7092.0,5328.0,8868.5,7087.5,5325.5,7000.0,5000.0,3000.0,-8.625,0.5,-9.375,700.0,900.0,0.0,0.8280000000000006,0.2780000000000002,0.0,3547.0,0
1.178,8881.0,7097.0,5332.0,8875.5,7092.5,5328.5,6000.0,5000.0,4000.0,-9.375,0.5,-8.625,700.0,900.0,0.0,0.8290000000000006,0.2790000000000002,0.0,3549.0,0
1.179,8888.0,7103.0,5336.0,8881.5,7097.5,5332.5,7000.0,6000.0,4000.0,-9.125,0.5,-8.875,700.0,900.0,0.0,0.8300000000000006,0.2800000000000002,0.0,3552.0,0
1.18,8894.0,7108.0,5340.0,8888.5,7103.5,5336.5,6000.0,5000.0,4000.0,-8.625,0.5,-8.375,700.0,900.0,0.0,0.8310000000000006,0.2810000000000002,0.0,3554.0,0
1.181,8901.0,7113.0,5344.0,8894.5,7108.5,5340.5,7000.0,5000.0,4000.0,-8.375,0.5,-8.625,700.0,900.0,0.0,0.8320000000000006,0.2820000000000002,0.0,3557.0,0
1.182,8907.0,7118.0,5348.0,8901.5,7113.5,5344.5,6000.0,5000.0,4000.0,-9.125,0.5,-8.875,700.0,900.0,0.0,0.8330000000000006,0.2830000000000002,0.0,3559.0,0
1.183,8914.0,7123.0,5352.0,8907.5,7118.5,5348.5,7000.0,5000.0,4000.0,-8.875,0.5,-9.125,700.0,900.0,0.0,0.8340000000000006,0.2840000000000002,0.0,3562.0,0
1.184,8920.0,7129.0,5356.0,8914.5,7123.5,5352.5,6000.0,6000.0,4000.0,-9.625,0.5,-9.375,700.0,900.0,0.0,0.8350000000000006,0.2850000000000002,0.0,3564.0,0
1.185,8927.0,7134.0,5360.0,8920.5,7129.5,5356.5,7000.0,5000.0,4000.0,-8.125,0.5,-8.875,700.0,900.0,0.0,0.8360000000000006,0.2860000000000002,0.0,3567.0,0
1.186,8933.0,7139.0,5364.0,8927.5,7134.5,5360.5,6000.0,5000.0,4000.0,-8.875,0.5,-9.125,700.0,900.0,0.0,0.8370000000000006,0.2870000000000002,0.0,3569.0,0
1.187,8940.0,7144.0,5368.0,8933.5,7139.5,5364.5,7000.0,5000.0,4000.0,-8.625,0.5,-9.375,700.0,900.0,0.0,0.8380000000000006,0.2880000000000002,0.0,3572.0,0
1.188,8946.0,7150.0,5372.0,8940.5,7144.5,5368.5,6000.0,6000.0,4000.0,-9.375,0.5,-9.625,700.0,900.0,0.0,0.8390000000000006,0.2890000000000002,0.0,3574.0,0
1.189,8953.0,7155.0,5376.0,8946.5,7150.5,5372.5,7000.0,5000.0,4000.0,-7.875,0.5,-9.125,700.0,900.0,0.0,0.8400000000000006,0.2900000000000002,0.0,3577.0,0
1.19,8960.0,7160.0,5380.0,8953.5,7155.5,5376.5,7000.0,5000.0,4000.0,-8.625,0.5,-9.375,700.0,900.0,0.0,0.8410000000000006,0.2910000000000002,0.0,3580.0,0
1.191,8966.0,7165.0,5383.0,8960.5,7160.5,5380.5,6000.0,5000.0,3000.0,-9.375,0.5,-9.625,700.0,900.0,0.0,0.8420000000000006,0.2920000000000002,0.0,3583.0,0
1.192,8973.0,7171.0,5387.0,8966.5,7165.5,5383.5,7000.0,6000.0,4000.0,-9.125,0.5,-8.875,700.0,900.0,0.0,0.8430000000000006,0.2930000000000002,0.0,3586.0,0
1.193,8979.0,7176.0,5391.0,8973.5,7171.5,5387.5,6000.0,5000.0,4000.0,-8.625,0.5,-8.375,700.0,900.0,0.0,0.8440000000000006,0.2940000000000002,0.0,3588.0,0
1.194,8986.0,7181.0,5395.0,8979.5,7176.5,5391.5,7000.0,5000.0,4000.0,-8.375,0.5,-8.625,700.0,900.0,0.0,0.8450000000000006,0.2950000000000002,0.0,3591.0,0
1.195,8992.0,7186.0,5399.0,8986.5,7181.5,5395.5,6000.0,5000.0,4000.0,-9.125,0.5,-8.875,700.0,900.0,0.0,0.8460000000000006,0.2960000000000002,0.0,3593.0,0
1.196,8999.0,7192.0,5403.0,8992.5,7186.5,5399.5,7000.0,6000.0,4000.0,-8.875,0.5,-9.125,700.0,900.0,0.0,0.8470000000000006,0.2970000000000002,0.0,3596.0,0
1.197,9005.0,7197.0,5407.0,8999.5,7192.5,5403.5,6000.0,5000.0,4000.0,-8.375,0.5,-8.625,700.0,900.0,0.0,0.8480000000000006,0.2980000000000002,0.0,3598.0,0
1.198,9012.0,7202.0,5411.0,9005.5,7197.5,5407.5,7000.0,5000.0,4000.0,-8.125,0.5,-8.875,700.0,900.0,0.0,0.8490000000000006,0.2990000000000002,0.0,3601.0,0
1.199,9018.0,7207.0,5415.0,9012.5,7202.5,5411.5,6000.0,5000.0,4000.0,-8.875,0.5,-9.125,700.0,900.0,0.0,0.8500000000000006,0.3000000000000002,0.0,3603.0,0
1.2,9025.0,7213.0,5419.0,9018.5,7207.5,5415.5,7000.0,6000.0,4000.0,-8.625,0.5,-9.375,700.0,900.0,0.0,0.8510000000000006,0.3010000000000002,0.0,3606.0,0
1.201,9032.0,7218.0,5423.0,9025.5,7213.5,5419.5,7000.0,5000.0,4000.0,-8.125,0.5,-8.875,700.0,900.0,0.0,0.8520000000000006,0.3020000000000002,0.0,3609.0,0
1.202,9038.0,7223.0,5427.0,9032.5,7218.5,5423.5,6000.0,5000.0,4000.0,-8.875,0.5,-9.125,700.0,900.0,0.0,0.8530000000000006,0.3030000000000002,0.0,3611.0,0
1.203,9045.0,7228.0,5431.0,9038.5,7223.5,5427.5,7000.0,5000.0,4000.0,-8.625,0.5,-9.375,700.0,900.0,0.0,0.8540000000000006,0.3040000000000002,0.0,3614.0,0
1.204,9051.0,7234.0,5435.0,9045.5,7228.5,5431.5,6000.0,6000.0,4000.0,-9.375,0.5,-9.625,700.0,900.0,0.0,0.8550000000000006,0.3050000000000002,0.0,3616.0,0
1.205,9058.0,7239.0,5438.0,9051.5,7234.5,5435.5,7000.0,5000.0,3000.0,-7.875,0.5,-9.125,700.0,900.0,0.0,0.8560000000000006,0.3060000000000002,0.0,3620.0,0
1.206,9064.0,7244.0,5442.0,9058.5,7239.5,5438.5,6000.0,5000.0,4000.0,-8.625,0.5,-8.375,700.0,900.0,0.0,0.8570000000000007,0.3070000000000002,0.0,3622.0,0
1.207,9071.0,7249.0,5446.0,9064.5,7244.5,5442.5,7000.0,5000.0,4000.0,-8.375,0.5,-8.625,700.0,900.0,0.0,0.8580000000000007,0.3080000000000002,0.0,3625.0,0
1.208,9077.0,7254.0,5450.0,9071.5,7249.5,5446.5,6000.0,5000.0,4000.0,-9.125,0.5,-8.875,700.0,900.0,0.0,0.8590000000000007,0.3090000000000002,0.0,3627.0,0
1.209,9084.0,7260.0,5454.0,9077.5,7254.5,5450.5,7000.0,6000.0,4000.0,-8.875,0.5,-9.125,700.0,900.0,0.0,0.8600000000000007,0.3100000000000002,0.0,3630.0,0
1.21,9090.0,7265.0,5458.0,9084.5,7260.5,5454.5,6000.0,5000.0,4000.0,-8.375,0.5,-8.625,700.0,900.0,0.0,0.8610000000000007,0.3110000000000002,0.0,3632.0,0
1.211,9097.0,7270.0,5462.0,9090.5,7265.5,5458.5,7000.0,5000.0,4000.0,-8.125,0.5,-8.875,700.0,900.0,0.0,0.8620000000000007,0.3120000000000002,0.0,3635.0,0
1.212,9104.0,7275.0,5466.0,9097.5,7270.5,5462.5,7000.0,5000.0,4000.0,-8.875,0.5,-9.125,700.0,900.0,0.0,0.8630000000000007,0.3130000000000002,0.0,3638.0,0
1.213,9110.0,7281.0,5470.0,9104.5,7275.5,5466.5,6000.0,6000.0,4000.0,-9.625,0.5,-9.375,700.0,900.0,0.0,0.8640000000000007,0.3140000000000002,0.0,3640.0,0
1.214,9117.0,7286.0,5474.0,9110.5,7281.5,5470.5,7000.0,5000.0,4000.0,-8.125,0.5,-8.875,700.0,900.0,0.0,0.8650000000000007,0.3150000000000002,0.0,3643.0,0
1.215,9123.0,7291.0,5478.0,9117.5,7286.5,5474.5,6000.0,5000.0,4000.0,-8.875,0.5,-9.125,700.0,900.0,0.0,0.8660000000000007,0.3160000000000002,0.0,3645.0,0
1.216,9130.0,7296.0,5482.0,9123.5,7291.5,5478.5,7000.0,5000.0,4000.0,-8.625,0.5,-9.375,700.0,900.0,0.0,0.8670000000000007,0.3170000000000002,0.0,3648.0,0
1.217,9136.0,7302.0,5486.0,9130.5,7296.5,5482.5,6000.0,6000.0,4000.0,-9.375,0.5,-9.625,700.0,900.0,0.0,0.8680000000000007,0.3180000000000002,0.0,3650.0,0
1.218,9143.0,7307.0,5490.0,9136.5,7302.5,5486.5,7000.0,5000.0,4000.0,-7.875,0.5,-9.125,700.0,900.0,0.0,0.8690000000000007,0.31900000000000023,0.0,3653.0,0
1.219,9149.0,7312.0,5493.0,9143.5,7307.5,5490.5,6000.0,5000.0,3000.0,-8.625,0.5,-9.375,700.0,900.0,0.0,0.8700000000000007,0.32000000000000023,0.0,3656.0,0
1.22,9156.0,7317.0,5497.0,9149.5,7312.5,5493.5,7000.0,5000.0,4000.0,-8.375,0.5,-8.625,700.0,900.0,0.0,0.8710000000000007,0.32100000000000023,0.0,3659.0,0
1.221,9162.0,7323.0,5501.0,9156.5,7317.5,5497.5,6000.0,6000.0,4000.0,-9.125,0.5,-8.875,700.0,900.0,0.0,0.8720000000000007,0.32200000000000023,0.0,3661.0,0
1.222,9169.0,7328.0,5505.0,9162.5,7323.5,5501.5,7000.0,5000.0,4000.0,-7.625,0.5,-8.375,700.0,900.0,0.0,0.8730000000000007,0.32300000000000023,0.0,3664.0,0
1.223,9176.0,7333.0,5509.0,9169.5,7328.5,5505.5,7000.0,5000.0,4000.0,-8.375,0.5,-8.625,700.0,900.0,0.0,0.8740000000000007,0.32400000000000023,0.0,3667.0,0
1.224,9182.0,7338.0,5513.0,9176.5,7333.5,5509.5,6000.0,5000.0,4000.0,-9.125,0.5,-8.875,700.0,900.0,0.0,0.8750000000000007,0.32500000000000023,0.0,3669.0,0
1.225,9189.0,7344.0,5517.0,9182.5,7338.5,5513.5,7000.0,6000.0,4000.0,-8.875,0.5,-9.125,700.0,900.0,0.0,0.8760000000000007,0.32600000000000023,0.0,3672.0,0
1.226,9195.0,7349.0,5521.0,9189.5,7344.5,5517.5,6000.0,5000.0,4000.0,-8.375,0.5,-8.625,700.0,900.0,0.0,0.8770000000000007,0.32700000000000023,0.0,3674.0,0
1.227,9202.0,7354.0,5525.0,9195.5,7349.5,5521.5,7000.0,5000.0,4000.0,-8.125,0.5,-8.875,700.0,900.0,0.0,0.8780000000000007,0.32800000000000024,0.0,3677.0,0
1.228,9208.0,7359.0,5529.0,9202.5,7354.5,5525.5,6000.0,5000.0,4000.0,-8.875,0.5,-9.125,700.0,900.0,0.0,0.8790000000000007,0.32900000000000024,0.0,3679.0,0
1.229,9215.0,7364.0,5533.0,9208.5,7359.5,5529.5,7000.0,5000.0,4000.0,-8.625,0.5,-9.375,700.0,900.0,0.0,0.8800000000000007,0.33000000000000024,0.0,3682.0,0
1.23,9221.0,7370.0,5537.0,9215.5,7364.5,5533.5,6000.0,6000.0,4000.0,-9.375,0.5,-9.625,700.0,900.0,0.0,0.8810000000000007,0.33100000000000024,0.0,3684.0,0
1.231,9228.0,7375.0,5541.0,9221.5,7370.5,5537.5,7000.0,5000.0,4000.0,-7.875,0.5,-9.125,700.0,900.0,0.0,0.8820000000000007,0.33200000000000024,0.0,3687.0,0
1.232,9234.0,7380.0,5545.0,9228.5,7375.5,5541.5,6000.0,5000.0,4000.0,-8.625,0.5,-9.375,700.0,900.0,0.0,0.8830000000000007,0.33300000000000024,0.0,3689.0,0
1.233,9241.0,7385.0,5548.0,9234.5,7380.5,5545.5,7000.0,5000.0,3000.0,-8.375,0.5,-9.625,700.0,900.0,0.0,0.8840000000000007,0.33400000000000024,0.0,3693.0,0
1.234,9248.0,7391.0,5552.0,9241.5,7385.5,5548.5,7000.0,6000.0,4000.0,-9.125,0.5,-8.875,700.0,900.0,0.0,0.8850000000000007,0.33500000000000024,0.0,3696.0,0
1.235,9254.0,7396.0,5556.0,9248.5,7391.5,5552.5,6000.0,5000.0,4000.0,-8.625,0.5,-8.375,700.0,900.0,0.0,0.8860000000000007,0.33600000000000024,0.0,3698.0,0
1.236,9261.0,7401.0,5560.0,9254.5,7396.5,5556.5,7000.0,5000.0,4000.0,-8.375,0.5,-8.625,700.0,900.0,0.0,0.8870000000000007,0.33700000000000024,0.0,3701.0,0
1.237,9267.0,7406.0,5564.0,9261.5,7401.5,5560.5,6000.0,5000.0,4000.0,-9.125,0.5,-8.875,700.0,900.0,0.0,0.8880000000000007,0.33800000000000024,0.0,3703.0,0
1.238,9274.0,7412.0,5568.0,9267.5,7406.5,5564.5,7000.0,6000.0,4000.0,-8.875,0.5,-9.125,700.0,900.0,0.0,0.8890000000000007,0.33900000000000025,0.0,3706.0,0
1.239,9280.0,7417.0,5572.0,9274.5,7412.5,5568.5,6000.0,5000.0,4000.0,-8.375,0.5,-8.625,700.0,900.0,0.0,0.8900000000000007,0.34000000000000025,0.0,3708.0,0
1.24,9287.0,7422.0,5576.0,9280.5,7417.5,5572.5,7000.0,5000.0,4000.0,-8.125,0.5,-8.875,700.0,900.0,0.0,0.8910000000000007,0.34100000000000025,0.0,3711.0,0
1.241,9293.0,7427.0,5580.0,9287.5,7422.5,5576.5,6000.0,5000.0,4000.0,-8.875,0.5,-9.125,700.0,900.0,0.0,0.8920000000000007,0.34200000000000025,0.0,3713.0,0
1.242,9300.0,7433.0,5584.0,9293.5,7427.5,5580.5,7000.0,6000.0,4000.0,-8.625,0.5,-9.375,700.0,900.0,0.0,0.8930000000000007,0.34300000000000025,0.0,3716.0,0
1.243,9306.0,7438.0,5588.0,9300.5,7433.5,5584.5,6000.0,5000.0,4000.0,-8.125,0.5,-8.875,700.0,900.0,0.0,0.8940000000000007,0.34400000000000025,0.0,3718.0,0
1.244,9313.0,7443.0,5592.0,9306.5,7438.5,5588.5,7000.0,5000.0,4000.0,-7.875,0.5,-9.125,700.0,900.0,0.0,0.8950000000000007,0.34500000000000025,0.0,3721.0,0
1.245,9319.0,7448.0,5596.0,9313.5,7443.5,5592.5,6000.0,5000.0,4000.0,-8.625,0.5,-9.375,700.0,900.0,0.0,0.8960000000000007,0.34600000000000025,0.0,3723.0,0
1.246,9326.0,7454.0,5600.0,9319.5,7448.5,5596.5,7000.0,6000.0,4000.0,-8.375,0.5,-9.625,700.0,900.0,0.0,0.8970000000000007,0.34700000000000025,0.0,3726.0,0
1.247,9333.0,7459.0,5603.0,9326.5,7454.5,5600.5,7000.0,5000.0,3000.0,-7.875,0.5,-9.125,700.0,900.0,0.0,0.8980000000000007,0.34800000000000025,0.0,3730.0,0
1.248,9339.0,7464.0,5607.0,9333.5,7459.5,5603.5,6000.0,5000.0,4000.0,-8.625,0.5,-8.375,700.0,900.0,0.0,0.8990000000000007,0.34900000000000025,0.0,3732.0,0
1.249,9346.0,7469.0,5611.0,9339.5,7464.5,5607.5,7000.0,5000.0,4000.0,-8.375,0.5,-8.625,700.0,900.0,0.0,0.9000000000000007,0.35000000000000026,0.0,3735.0,0
1.25,9352.0,7475.0,5615.0,9346.5,7469.5,5611.5,6000.0,6000.0,4000.0,-9.125,0.5,-8.875,700.0,900.0,0.0,0.9010000000000007,0.35100000000000026,0.0,3737.0,0
1.2510000000000001,9359.0,7480.0,5619.0,9352.5,7475.5,5615.5,7000.0,5000.0,4000.0,-7.625,0.5,-8.375,700.0,900.0,0.0,0.9020000000000007,0.35200000000000026,0.0,3740.0,0
1.252,9365.0,7485.0,5623.0,9359.5,7480.5,5619.5,6000.0,5000.0,4000.0,-8.375,0.5,-8.625,700.0,900.0,0.0,0.9030000000000007,0.35300000000000026,0.0,3742.0,0
1.2530000000000001,9372.0,7490.0,5627.0,9365.5,7485.5,5623.5,7000.0,5000.0,4000.0,-8.125,0.5,-8.875,700.0,900.0,0.0,0.9040000000000007,0.35400000000000026,0.0,3745.0,0
1.254,9378.0,7495.0,5631.0,9372.5,7490.5,5627.5,6000.0,5000.0,4000.0,-8.875,0.5,-9.125,700.0,900.0,0.0,0.9050000000000007,0.35500000000000026,0.0,3747.0,0
1.2550000000000001,9385.0,7501.0,5635.0,9378.5,7495.5,5631.5,7000.0,6000.0,4000.0,-8.625,0.5,-9.375,700.0,900.0,0.0,0.9060000000000007,0.35600000000000026,0.0,3750.0,0
1.256,9391.0,7506.0,5639.0,9385.5,7501.5,5635.5,6000.0,5000.0,4000.0,-8.125,0.5,-8.875,700.0,900.0,0.0,0.9070000000000007,0.35700000000000026,0.0,3752.0,0
1.2570000000000001,9398.0,7511.0,5643.0,9391.5,7506.5,5639.5,7000.0,5000.0,4000.0,-7.875,0.5,-9.125,700.0,900.0,0.0,0.9080000000000007,0.35800000000000026,0.0,3755.0,0
1.258,9405.0,7516.0,5647.0,9398.5,7511.5,5643.5,7000.0,5000.0,4000.0,-8.625,0.5,-9.375,700.0,900.0,0.0,0.9090000000000007,0.35900000000000026,0.0,3758.0,0
1.2590000000000001,9411.0,7522.0,5651.0,9405.5,7516.5,5647.5,6000.0,6000.0,4000.0,-9.375,0.5,-9.625,700.0,900.0,0.0,0.9100000000000007,0.36000000000000026,0.0,3760.0,0
1.26,9418.0,7527.0,5655.0,9411.5,7522.5,5651.5,7000.0,5000.0,4000.0,-7.875,0.5,-9.125,700.0,900.0,0.0,0.9110000000000007,0.36100000000000027,0.0,3763.0,0
1.2610000000000001,9424.0,7532.0,5658.0,9418.5,7527.5,5655.5,6000.0,5000.0,3000.0,-8.625,0.5,-9.375,700.0,900.0,0.0,0.9120000000000007,0.36200000000000027,0.0,3766.0,0
1.262,9431.0,7537.0,5662.0,9424.5,7532.5,5658.5,7000.0,5000.0,4000.0,-8.375,0.5,-8.625,700.0,900.0,0.0,0.9130000000000007,0.36300000000000027,0.0,3769.0,0
1.2630000000000001,9437.0,7543.0,5666.0,9431.5,7537.5,5662.5,6000.0,6000.0,4000.0,-9.125,0.5,-8.875,700.0,900.0,0.0,0.9140000000000007,0.36400000000000027,0.0,3771.0,0
1.264,9444.0,7548.0,5670.0,9437.5,7543.5,5666.5,7000.0,5000.0,4000.0,-7.625,0.5,-8.375,700.0,900.0,0.0,0.9150000000000007,0.36500000000000027,0.0,3774.0,0
1.2650000000000001,9450.0,7553.0,5674.0,9444.5,7548.5,5670.5,6000.0,5000.0,4000.0,-8.375,0.5,-8.625,700.0,900.0,0.0,0.9160000000000007,0.36600000000000027,0.0,3776.0,0
1.266,9457.0,7558.0,5678.0,9450.5,7553.5,5674.5,7000.0,5000.0,4000.0,-8.125,0.5,-8.875,700.0,900.0,0.0,0.9170000000000007,0.36700000000000027,0.0,3779.0,0
1.2670000000000001,9463.0,7564.0,5682.0,9457.5,7558.5,5678.5,6000.0,6000.0,4000.0,-8.875,0.5,-9.125,700.0,900.0,0.0,0.9180000000000007,0.36800000000000027,0.0,3781.0,0
1.268,9470.0,7569.0,5686.0,9463.5,7564.5,5682.5,7000.0,5000.0,4000.0,-7.375,0.5,-8.625,700.0,900.0,0.0,0.9190000000000007,0.36900000000000027,0.0,3784.0,0
1.2690000000000001,9477.0,7574.0,5690.0,9470.5,7569.5,5686.5,7000.0,5000.0,4000.0,-8.125,0.5,-8.875,700.0,900.0,0.0,0.9200000000000007,0.3700000000000003,0.0,3787.0,0
1.27,9483.0,7579.0,5694.0,9477.5,7574.5,5690.5,6000.0,5000.0,4000.0,-8.875,0.5,-9.125,700.0,900.0,0.0,0.9210000000000007,0.3710000000000003,0.0,3789.0,0
1.2710000000000001,9490.0,7585.0,5698.0,9483.5,7579.5,5694.5,7000.0,6000.0,4000.0,-8.625,0.5,-9.375,700.0,900.0,0.0,0.9220000000000007,0.3720000000000003,0.0,3792.0,0
1.272,9496.0,7590.0,5702.0,9490.5,7585.5,5698.5,6000.0,5000.0,4000.0,-8.125,0.5,-8.875,700.0,900.0,0.0,0.9230000000000007,0.3730000000000003,0.0,3794.0,0
1.2730000000000001,9503.0,7595.0,5706.0,9496.5,7590.5,5702.5,7000.0,5000.0,4000.0,-7.875,0.5,-9.125,700.0,900.0,0.0,0.9240000000000007,0.3740000000000003,0.0,3797.0,0
1.274,9509.0,7600.0,5710.0,9503.5,7595.5,5706.5,6000.0,5000.0,4000.0,-8.625,0.5,-9.375,700.0,900.0,0.0,0.9250000000000007,0.3750000000000003,0.0,3799.0,0
1.2750000000000001,9516.0,7606.0,5713.0,9509.5,7600.5,5710.5,7000.0,6000.0,3000.0,-8.375,0.5,-9.625,700.0,900.0,0.0,0.9260000000000007,0.3760000000000003,0.0,3803.0,0
1.276,9522.0,7611.0,5717.0,9516.5,7606.5,5713.5,6000.0,5000.0,4000.0,-7.875,0.5,-8.125,700.0,900.0,0.0,0.9270000000000007,0.3770000000000003,0.0,3805.0,0
1.2770000000000001,9529.0,7616.0,5721.0,9522.5,7611.5,5717.5,7000.0,5000.0,4000.0,-7.625,0.5,-8.375,700.0,900.0,0.0,0.9280000000000007,0.3780000000000003,0.0,3808.0,0
1.278,9535.0,7621.0,5725.0,9529.5,7616.5,5721.5,6000.0,5000.0,4000.0,-8.375,0.5,-8.625,700.0,900.0,0.0,0.9290000000000007,0.3790000000000003,0.0,3810.0,0
1.2790000000000001,9542.0,7626.0,5729.0,9535.5,7621.5,5725.5,7000.0,5000.0,4000.0,-8.125,0.5,-8.875,700.0,900.0,0.0,0.9300000000000007,0.3800000000000003,0.0,3813.0,0
1.28,9549.0,7632.0,5733.0,9542.5,7626.5,5729.5,7000.0,6000.0,4000.0,-8.875,0.5,-9.125,700.0,900.0,0.0,0.9310000000000007,0.3810000000000003,0.0,3816.0,0
1.281,9555.0,7637.0,5737.0,9549.5,7632.5,5733.5,6000.0,5000.0,4000.0,-8.375,0.5,-8.625,700.0,900.0,0.0,0.9320000000000007,0.3820000000000003,0.0,3818.0,0
1.282,9562.0,7642.0,5741.0,9555.5,7637.5,5737.5,7000.0,5000.0,4000.0,-8.125,0.5,-8.875,700.0,900.0,0.0,0.9330000000000007,0.3830000000000003,0.0,3821.0,0
1.283,9568.0,7647.0,5745.0,9562.5,7642.5,5741.5,6000.0,5000.0,4000.0,-8.875,0.5,-9.125,700.0,900.0,0.0,0.9340000000000007,0.3840000000000003,0.0,3823.0,0
1.284,9575.0,7653.0,5749.0,9568.5,7647.5,5745.5,7000.0,6000.0,4000.0,-8.625,0.5,-9.375,700.0,900.0,0.0,0.9350000000000007,0.3850000000000003,0.0,3826.0,0
1.285,9581.0,7658.0,5753.0,9575.5,7653.5,5749.5,6000.0,5000.0,4000.0,-8.125,0.5,-8.875,700.0,900.0,0.0,0.9360000000000007,0.3860000000000003,0.0,3828.0,0
1.286,9588.0,7663.0,5757.0,9581.5,7658.5,5753.5,7000.0,5000.0,4000.0,-7.875,0.5,-9.125,700.0,900.0,0.0,0.9370000000000007,0.3870000000000003,0.0,3831.0,0
1.287,9594.0,7668.0,5761.0,9588.5,7663.5,5757.5,6000.0,5000.0,4000.0,-8.625,0.5,-9.375,700.0,900.0,0.0,0.9380000000000007,0.3880000000000003,0.0,3833.0,0
1.288,9601.0,7674.0,5765.0,9594.5,7668.5,5761.5,7000.0,6000.0,4000.0,-8.375,0.5,-9.625,700.0,900.0,0.0,0.9390000000000007,0.3890000000000003,0.0,3836.0,0
1.289,9607.0,7679.0,5768.0,9601.5,7674.5,5765.5,6000.0,5000.0,3000.0,-7.875,0.5,-9.125,700.0,900.0,0.0,0.9400000000000007,0.3900000000000003,0.0,3839.0,0
1.29,9614.0,7684.0,5772.0,9607.5,7679.5,5768.5,7000.0,5000.0,4000.0,-7.625,0.5,-8.375,700.0,900.0,0.0,0.9410000000000007,0.3910000000000003,0.0,3842.0,0
1.291,9621.0,7689.0,5776.0,9614.5,7684.5,5772.5,7000.0,5000.0,4000.0,-8.375,0.5,-8.625,700.0,900.0,0.0,0.9420000000000007,0.3920000000000003,0.0,3845.0,0
1.292,9627.0,7695.0,5780.0,9621.5,7689.5,5776.5,6000.0,6000.0,4000.0,-9.125,0.5,-8.875,700.0,900.0,0.0,0.9430000000000007,0.3930000000000003,0.0,3847.0,0
1.293,9634.0,7700.0,5784.0,9627.5,7695.5,5780.5,7000.0,5000.0,4000.0,-7.625,0.5,-8.375,700.0,900.0,0.0,0.9440000000000007,0.3940000000000003,0.0,3850.0,0
1.294,9640.0,7705.0,5788.0,9634.5,7700.5,5784.5,6000.0,5000.0,4000.0,-8.375,0.5,-8.625,700.0,900.0,0.0,0.9450000000000007,0.3950000000000003,0.0,3852.0,0
1.295,9647.0,7710.0,5792.0,9640.5,7705.5,5788.5,7000.0,5000.0,4000.0,-8.125,0.5,-8.875,700.0,900.0,0.0,0.9460000000000007,0.3960000000000003,0.0,3855.0,0
1.296,9653.0,7716.0,5796.0,9647.5,7710.5,5792.5,6000.0,6000.0,4000.0,-8.875,0.5,-9.125,700.0,900.0,0.0,0.9470000000000007,0.3970000000000003,0.0,3857.0,0
1.297,9660.0,7721.0,5800.0,9653.5,7716.5,5796.5,7000.0,5000.0,4000.0,-7.375,0.5,-8.625,700.0,900.0,0.0,0.9480000000000007,0.3980000000000003,0.0,3860.0,0
1.298,9666.0,7726.0,5804.0,9660.5,7721.5,5800.5,6000.0,5000.0,4000.0,-8.125,0.5,-8.875,700.0,900.0,0.0,0.9490000000000007,0.3990000000000003,0.0,3862.0,0
1.299,9673.0,7731.0,5808.0,9666.5,7726.5,5804.5,7000.0,5000.0,4000.0,-7.875,0.5,-9.125,700.0,900.0,0.0,0.9500000000000007,0.4000000000000003,0.0,3865.0,0
1.3,9679.0,7737.0,5812.0,9673.5,7731.5,5808.5,6000.0,6000.0,4000.0,-8.625,0.5,-9.375,700.0,900.0,0.0,0.9510000000000007,0.4010000000000003,0.0,3867.0,0
1.301,9686.0,7742.0,5816.0,9679.5,7737.5,5812.5,7000.0,5000.0,4000.0,-7.125,0.5,-8.875,700.0,900.0,0.0,0.9520000000000007,0.4020000000000003,0.0,3870.0,0
1.302,9692.0,7747.0,5820.0,9686.5,7742.5,5816.5,6000.0,5000.0,4000.0,-7.875,0.5,-9.125,700.0,900.0,0.0,0.9530000000000007,0.4030000000000003,0.0,3872.0,0
1.303,9699.0,7752.0,5823.0,9692.5,7747.5,5820.5,7000.0,5000.0,3000.0,-7.625,0.5,-9.375,700.0,900.0,0.0,0.9540000000000007,0.4040000000000003,0.0,3876.0,0
1.304,9706.0,7757.0,5827.0,9699.5,7752.5,5823.5,7000.0,5000.0,4000.0,-8.375,0.5,-8.625,700.0,900.0,0.0,0.9550000000000007,0.4050000000000003,0.0,3879.0,0
1.305,9712.0,7763.0,5831.0,9706.5,7757.5,5827.5,6000.0,6000.0,4000.0,-9.125,0.5,-8.875,700.0,900.0,0.0,0.9560000000000007,0.4060000000000003,0.0,3881.0,0
1.306,9719.0,7768.0,5835.0,9712.5,7763.5,5831.5,7000.0,5000.0,4000.0,-7.625,0.5,-8.375,700.0,900.0,0.0,0.9570000000000007,0.4070000000000003,0.0,3884.0,0
1.307,9725.0,7773.0,5839.0,9719.5,7768.5,5835.5,6000.0,5000.0,4000.0,-8.375,0.5,-8.625,700.0,900.0,0.0,0.9580000000000007,0.4080000000000003,0.0,3886.0,0
1.308,9732.0,7778.0,5843.0,9725.5,7773.5,5839.5,7000.0,5000.0,4000.0,-8.125,0.5,-8.875,700.0,900.0,0.0,0.9590000000000007,0.4090000000000003,0.0,3889.0,0
1.309,9738.0,7784.0,5847.0,9732.5,7778.5,5843.5,6000.0,6000.0,4000.0,-8.875,0.5,-9.125,700.0,900.0,0.0,0.9600000000000007,0.4100000000000003,0.0,3891.0,0
1.31,9745.0,7789.0,5851.0,9738.5,7784.5,5847.5,7000.0,5000.0,4000.0,-7.375,0.5,-8.625,700.0,900.0,0.0,0.9610000000000007,0.4110000000000003,0.0,3894.0,0
1.311,9751.0,7794.0,5855.0,9745.5,7789.5,5851.5,6000.0,5000.0,4000.0,-8.125,0.5,-8.875,700.0,900.0,0.0,0.9620000000000007,0.4120000000000003,0.0,3896.0,0
1.312,9758.0,7799.0,5859.0,9751.5,7794.5,5855.5,7000.0,5000.0,4000.0,-7.875,0.5,-9.125,700.0,900.0,0.0,0.9630000000000007,0.4130000000000003,0.0,3899.0,0
1.313,9764.0,7805.0,5863.0,9758.5,7799.5,5859.5,6000.0,6000.0,4000.0,-8.625,0.5,-9.375,700.0,900.0,0.0,0.9640000000000007,0.4140000000000003,0.0,3901.0,0
1.314,9771.0,7810.0,5867.0,9764.5,7805.5,5863.5,7000.0,5000.0,4000.0,-7.125,0.5,-8.875,700.0,900.0,0.0,0.9650000000000007,0.4150000000000003,0.0,3904.0,0
1.315,9778.0,7815.0,5871.0,9771.5,7810.5,5867.5,7000.0,5000.0,4000.0,-7.875,0.5,-9.125,700.0,900.0,0.0,0.9660000000000007,0.4160000000000003,0.0,3907.0,0
1.316,9784.0,7820.0,5875.0,9778.5,7815.5,5871.5,6000.0,5000.0,4000.0,-8.625,0.5,-9.375,700.0,900.0,0.0,0.9670000000000007,0.4170000000000003,0.0,3909.0,0
1.317,9791.0,7826.0,5878.0,9784.5,7820.5,5875.5,7000.0,6000.0,3000.0,-8.375,0.5,-9.625,700.0,900.0,0.0,0.9680000000000007,0.4180000000000003,0.0,3913.0,0
1.318,9797.0,7831.0,5882.0,9791.5,7826.5,5878.5,6000.0,5000.0,4000.0,-7.875,0.5,-8.125,700.0,900.0,0.0,0.9690000000000007,0.4190000000000003,0.0,3915.0,0
1.319,9804.0,7836.0,5886.0,9797.5,7831.5,5882.5,7000.0,5000.0,4000.0,-7.625,0.5,-8.375,700.0,900.0,0.0,0.9700000000000008,0.4200000000000003,0.0,3918.0,0
1.32,9810.0,7841.0,5890.0,9804.5,7836.5,5886.5,6000.0,5000.0,4000.0,-8.375,0.5,-8.625,700.0,900.0,0.0,0.9710000000000008,0.4210000000000003,0.0,3920.0,0
1.321,9817.0,7847.0,5894.0,9810.5,7841.5,5890.5,7000.0,6000.0,4000.0,-8.125,0.5,-8.875,700.0,900.0,0.0,0.9720000000000008,0.4220000000000003,0.0,3923.0,0
1.322,9823.0,7852.0,5898.0,9817.5,7847.5,5894.5,6000.0,5000.0,4000.0,-7.625,0.5,-8.375,700.0,900.0,0.0,0.9730000000000008,0.4230000000000003,0.0,3925.0,0
1.323,9830.0,7857.0,5902.0,9823.5,7852.5,5898.5,7000.0,5000.0,4000.0,-7.375,0.5,-8.625,700.0,900.0,0.0,0.9740000000000008,0.4240000000000003,0.0,3928.0,0
1.324,9836.0,7862.0,5906.0,9830.5,7857.5,5902.5,6000.0,5000.0,4000.0,-8.125,0.5,-8.875,700.0,900.0,0.0,0.9750000000000008,0.4250000000000003,0.0,3930.0,0
1.325,9843.0,7868.0,5910.0,9836.5,7862.5,5906.5,7000.0,6000.0,4000.0,-7.875,0.5,-9.125,700.0,900.0,0.0,0.9760000000000008,0.4260000000000003,0.0,3933.0,0
1.326,9850.0,7873.0,5914.0,9843.5,7868.5,5910.5,7000.0,5000.0,4000.0,-7.375,0.5,-8.625,700.0,900.0,0.0,0.9770000000000008,0.4270000000000003,0.0,3936.0,0
1.327,9856.0,7878.0,5918.0,9850.5,7873.5,5914.5,6000.0,5000.0,4000.0,-8.125,0.5,-8.875,700.0,900.0,0.0,0.9780000000000008,0.4280000000000003,0.0,3938.0,0
1.328,9863.0,7883.0,5922.0,9856.5,7878.5,5918.5,7000.0,5000.0,4000.0,-7.875,0.5,-9.125,700.0,900.0,0.0,0.9790000000000008,0.4290000000000003,0.0,3941.0,0
1.329,9869.0,7888.0,5926.0,9863.5,7883.5,5922.5,6000.0,5000.0,4000.0,-8.625,0.5,-9.375,700.0,900.0,0.0,0.9800000000000008,0.4300000000000003,0.0,3943.0,0
1.33,9876.0,7894.0,5930.0,9869.5,7888.5,5926.5,7000.0,6000.0,4000.0,-8.375,0.5,-9.625,700.0,900.0,0.0,0.9810000000000008,0.4310000000000003,0.0,3946.0,0
1.331,9882.0,7899.0,5933.0,9876.5,7894.5,5930.5,6000.0,5000.0,3000.0,-7.875,0.5,-9.125,700.0,900.0,0.0,0.9820000000000008,0.43200000000000033,0.0,3949.0,0
1.332,9889.0,7904.0,5937.0,9882.5,7899.5,5933.5,7000.0,5000.0,4000.0,-7.625,0.5,-8.375,700.0,900.0,0.0,0.9830000000000008,0.43300000000000033,0.0,3952.0,0
1.333,9895.0,7909.0,5941.0,9889.5,7904.5,5937.5,6000.0,5000.0,4000.0,-8.375,0.5,-8.625,700.0,900.0,0.0,0.9840000000000008,0.43400000000000033,0.0,3954.0,0
1.334,9902.0,7915.0,5945.0,9895.5,7909.5,5941.5,7000.0,6000.0,4000.0,-8.125,0.5,-8.875,700.0,900.0,0.0,0.9850000000000008,0.43500000000000033,0.0,3957.0,0
1.335,9908.0,7920.0,5949.0,9902.5,7915.5,5945.5,6000.0,5000.0,4000.0,-7.625,0.5,-8.375,700.0,900.0,0.0,0.9860000000000008,0.43600000000000033,0.0,3959.0,0
1.336,9915.0,7925.0,5953.0,9908.5,7920.5,5949.5,7000.0,5000.0,4000.0,-7.375,0.5,-8.625,700.0,900.0,0.0,0.9870000000000008,0.43700000000000033,0.0,3962.0,0
1.337,9922.0,7930.0,5957.0,9915.5,7925.5,5953.5,7000.0,5000.0,4000.0,-8.125,0.5,-8.875,700.0,900.0,0.0,0.9880000000000008,0.43800000000000033,0.0,3965.0,0
1.338,9928.0,7936.0,5961.0,9922.5,7930.5,5957.5,6000.0,6000.0,4000.0,-8.875,0.5,-9.125,700.0,900.0,0.0,0.9890000000000008,0.43900000000000033,0.0,3967.0,0
1.339,9935.0,7941.0,5965.0,9928.5,7936.5,5961.5,7000.0,5000.0,4000.0,-7.375,0.5,-8.625,700.0,900.0,0.0,0.9900000000000008,0.44000000000000034,0.0,3970.0,0
1.34,9941.0,7946.0,5969.0,9935.5,7941.5,5965.5,6000.0,5000.0,4000.0,-8.125,0.5,-8.875,700.0,900.0,0.0,0.9910000000000008,0.44100000000000034,0.0,3972.0,0
1.341,9948.0,7951.0,5973.0,9941.5,7946.5,5969.5,7000.0,5000.0,4000.0,-7.875,0.5,-9.125,700.0,900.0,0.0,0.9920000000000008,0.44200000000000034,0.0,3975.0,0
1.342,9954.0,7957.0,5977.0,9948.5,7951.5,5973.5,6000.0,6000.0,4000.0,-8.625,0.5,-9.375,700.0,900.0,0.0,0.9930000000000008,0.44300000000000034,0.0,3977.0,0
1.343,9961.0,7962.0,5981.0,9954.5,7957.5,5977.5,7000.0,5000.0,4000.0,-7.125,0.5,-8.875,700.0,900.0,0.0,0.9940000000000008,0.44400000000000034,0.0,3980.0,0
1.344,9967.0,7967.0,5985.0,9961.5,7962.5,5981.5,6000.0,5000.0,4000.0,-7.875,0.5,-9.125,700.0,900.0,0.0,0.9950000000000008,0.44500000000000034,0.0,3982.0,0
1.345,9974.0,7972.0,5988.0,9967.5,7967.5,5985.5,7000.0,5000.0,3000.0,-7.625,0.5,-9.375,700.0,900.0,0.0,0.9960000000000008,0.44600000000000034,0.0,3986.0,0
1.346,9980.0,7978.0,5992.0,9974.5,7972.5,5988.5,6000.0,6000.0,4000.0,-8.375,0.5,-8.625,700.0,900.0,0.0,0.9970000000000008,0.44700000000000034,0.0,3988.0,0
1.347,9987.0,7983.0,5996.0,9980.5,7978.5,5992.5,7000.0,5000.0,4000.0,-6.875,0.5,-8.125,700.0,900.0,0.0,0.9980000000000008,0.44800000000000034,0.0,3991.0,0
1.348,9993.0,7988.0,6000.0,9987.5,7983.5,5996.5,6000.0,5000.0,4000.0,-7.625,0.5,-8.375,700.0,900.0,0.0,0.9990000000000008,0.44900000000000034,0.0,3993.0,0
1.349,10000.0,7993.0,6004.0,9993.5,7988.5,6000.5,7000.0,5000.0,4000.0,-7.375,0.5,-8.625,700.0,900.0,0.0,1.0000000000000007,0.45000000000000034,0.0,3996.0,0
1.35,10007.0,7998.0,6008.0,10000.5,7993.5,6004.5,7000.0,5000.0,4000.0,-8.125,0.5,-8.875,700.0,900.0,0.0,1.0010000000000006,0.45100000000000035,0.0,3999.0,0
1.351,10013.0,8004.0,6012.0,10007.5,7998.5,6008.5,6000.0,6000.0,4000.0,-8.875,0.5,-9.125,700.0,900.0,0.0,1.0020000000000004,0.45200000000000035,0.0,4001.0,0
1.352,10020.0,8009.0,6016.0,10013.5,8004.5,6012.5,7000.0,5000.0,4000.0,-7.375,0.5,-8.625,700.0,900.0,0.0,1.0030000000000003,0.45300000000000035,0.0,4004.0,0
1.353,10026.0,8014.0,6020.0,10020.5,8009.5,6016.5,6000.0,5000.0,4000.0,-8.125,0.5,-8.875,700.0,900.0,0.0,1.0040000000000002,0.45400000000000035,0.0,4006.0,0
1.354,10033.0,8019.0,6024.0,10026.5,8014.5,6020.5,7000.0,5000.0,4000.0,-7.875,0.5,-9.125,700.0,900.0,0.0,1.0050000000000001,0.45500000000000035,0.0,4009.0,0
1.355,10039.0,8025.0,6028.0,10033.5,8019.5,6024.5,6000.0,6000.0,4000.0,-8.625,0.5,-9.375,700.0,900.0,0.0,1.006,0.45600000000000035,0.0,4011.0,0
1.356,10046.0,8030.0,6032.0,10039.5,8025.5,6028.5,7000.0,5000.0,4000.0,-7.125,0.5,-8.875,700.0,900.0,0.0,1.007,0.45700000000000035,0.0,4014.0,0
1.357,10052.0,8035.0,6036.0,10046.5,8030.5,6032.5,6000.0,5000.0,4000.0,-7.875,0.5,-9.125,700.0,900.0,0.0,1.0079999999999998,0.45800000000000035,0.0,4016.0,0
1.358,10059.0,8040.0,6040.0,10052.5,8035.5,6036.5,7000.0,5000.0,4000.0,-7.625,0.5,-9.375,700.0,900.0,0.0,1.0089999999999997,0.45900000000000035,0.0,4019.0,0
1.359,10065.0,8046.0,6043.0,10059.5,8040.5,6040.5,6000.0,6000.0,3000.0,-8.375,0.5,-9.625,700.0,900.0,0.0,1.0099999999999996,0.46000000000000035,0.0,4022.0,0
1.36,10072.0,8051.0,6047.0,10065.5,8046.5,6043.5,7000.0,5000.0,4000.0,-6.875,0.5,-8.125,700.0,900.0,0.0,1.0109999999999995,0.46100000000000035,0.0,4025.0,0
1.361,10079.0,8056.0,6051.0,10072.5,8051.5,6047.5,7000.0,5000.0,4000.0,-7.625,0.5,-8.375,700.0,900.0,0.0,1.0119999999999993,0.46200000000000035,0.0,4028.0,0
1.362,10085.0,8061.0,6055.0,10079.5,8056.5,6051.5,6000.0,5000.0,4000.0,-8.375,0.5,-8.625,700.0,900.0,0.0,1.0129999999999992,0.46300000000000036,0.0,4030.0,0
1.363,10092.0,8067.0,6059.0,10085.5,8061.5,6055.5,7000.0,6000.0,4000.0,-8.125,0.5,-8.875,700.0,900.0,0.0,1.0139999999999991,0.46400000000000036,0.0,4033.0,0
1.364,10098.0,8072.0,6063.0,10092.5,8067.5,6059.5,6000.0,5000.0,4000.0,-7.625,0.5,-8.375,700.0,900.0,0.0,1.014999999999999,0.46500000000000036,0.0,4035.0,0
1.365,10105.0,8077.0,6067.0,10098.5,8072.5,6063.5,7000.0,5000.0,4000.0,-7.375,0.5,-8.625,700.0,900.0,0.0,1.015999999999999,0.46600000000000036,0.0,4038.0,0
1.366,10111.0,8082.0,6071.0,10105.5,8077.5,6067.5,6000.0,5000.0,4000.0,-8.125,0.5,-8.875,700.0,900.0,0.0,1.0169999999999988,0.46700000000000036,0.0,4040.0,0
1.367,10118.0,8088.0,6075.0,10111.5,8082.5,6071.5,7000.0,6000.0,4000.0,-7.875,0.5,-9.125,700.0,900.0,0.0,1.0179999999999987,0.46800000000000036,0.0,4043.0,0
1.368,10124.0,8093.0,6079.0,10118.5,8088.5,6075.5,6000.0,5000.0,4000.0,-7.375,0.5,-8.625,700.0,900.0,0.0,1.0189999999999986,0.46900000000000036,0.0,4045.0,0
1.369,10131.0,8098.0,6083.0,10124.5,8093.5,6079.5,7000.0,5000.0,4000.0,-7.125,0.5,-8.875,700.0,900.0,0.0,1.0199999999999985,0.47000000000000036,0.0,4048.0,0
1.37,10137.0,8103.0,6087.0,10131.5,8098.5,6083.5,6000.0,5000.0,4000.0,-7.875,0.5,-9.125,700.0,900.0,0.0,1.0209999999999984,0.47100000000000036,0.0,4050.0,0
1.371,10144.0,8109.0,6091.0,10137.5,8103.5,6087.5,7000.0,6000.0,4000.0,-7.625,0.5,-9.375,700.0,900.0,0.0,1.0219999999999982,0.47200000000000036,0.0,4053.0,0
1.372,10151.0,8114.0,6095.0,10144.5,8109.5,6091.5,7000.0,5000.0,4000.0,-7.125,0.5,-8.875,700.0,900.0,0.0,1.0229999999999981,0.47300000000000036,0.0,4056.0,0
1.373,10157.0,8119.0,6098.0,10151.5,8114.5,6095.5,6000.0,5000.0,3000.0,-7.875,0.5,-9.125,700.0,900.0,0.0,1.023999999999998,0.47400000000000037,0.0,4059.0,0
1.374,10164.0,8124.0,6102.0,10157.5,8119.5,6098.5,7000.0,5000.0,4000.0,-7.625,0.5,-8.375,700.0,900.0,0.0,1.024999999999998,0.47500000000000037,0.0,4062.0,0
1.375,10170.0,8129.0,6106.0,10164.5,8124.5,6102.5,6000.0,5000.0,4000.0,-8.375,0.5,-8.625,700.0,900.0,0.0,1.0259999999999978,0.47600000000000037,0.0,4064.0,0
1.3760000000000001,10177.0,8135.0,6110.0,10170.5,8129.5,6106.5,7000.0,6000.0,4000.0,-8.125,0.5,-8.875,700.0,900.0,0.0,1.0269999999999977,0.47700000000000037,0.0,4067.0,0
1.377,10183.0,8140.0,6114.0,10177.5,8135.5,6110.5,6000.0,5000.0,4000.0,-7.625,0.5,-8.375,700.0,900.0,0.0,1.0279999999999976,0.47800000000000037,0.0,4069.0,0
1.3780000000000001,10190.0,8145.0,6118.0,10183.5,8140.5,6114.5,7000.0,5000.0,4000.0,-7.375,0.5,-8.625,700.0,900.0,0.0,1.0289999999999975,0.47900000000000037,0.0,4072.0,0
1.379,10196.0,8150.0,6122.0,10190.5,8145.5,6118.5,6000.0,5000.0,4000.0,-8.125,0.5,-8.875,700.0,900.0,0.0,1.0299999999999974,0.48000000000000037,0.0,4074.0,0
1.3800000000000001,10203.0,8156.0,6126.0,10196.5,8150.5,6122.5,7000.0,6000.0,4000.0,-7.875,0.5,-9.125,700.0,900.0,0.0,1.0309999999999973,0.48100000000000037,0.0,4077.0,0
1.381,10209.0,8161.0,6130.0,10203.5,8156.5,6126.5,6000.0,5000.0,4000.0,-7.375,0.5,-8.625,700.0,900.0,0.0,1.0319999999999971,0.4820000000000004,0.0,4079.0,0
1.3820000000000001,10216.0,8166.0,6134.0,10209.5,8161.5,6130.5,7000.0,5000.0,4000.0,-7.125,0.5,-8.875,700.0,900.0,0.0,1.032999999999997,0.4830000000000004,0.0,4082.0,0
1.383,10223.0,8171.0,6138.0,10216.5,8166.5,6134.5,7000.0,5000.0,4000.0,-7.875,0.5,-9.125,700.0,900.0,0.0,1.033999999999997,0.4840000000000004,0.0,4085.0,0
1.3840000000000001,10229.0,8177.0,6142.0,10223.5,8171.5,6138.5,6000.0,6000.0,4000.0,-8.625,0.5,-9.375,700.0,900.0,0.0,1.0349999999999968,0.4850000000000004,0.0,4087.0,0
1.385,10236.0,8182.0,6146.0,10229.5,8177.5,6142.5,7000.0,5000.0,4000.0,-7.125,0.5,-8.875,700.0,900.0,0.0,1.0359999999999967,0.4860000000000004,0.0,4090.0,0
1.3860000000000001,10242.0,8187.0,6150.0,10236.5,8182.5,6146.5,6000.0,5000.0,4000.0,-7.875,0.5,-9.125,700.0,900.0,0.0,1.0369999999999966,0.4870000000000004,0.0,4092.0,0
1.387,10249.0,8192.0,6153.0,10242.5,8187.5,6150.5,7000.0,5000.0,3000.0,-7.625,0.5,-9.375,700.0,900.0,0.0,1.0379999999999965,0.4880000000000004,0.0,4096.0,0
1.3880000000000001,10255.0,8198.0,6157.0,10249.5,8192.5,6153.5,6000.0,6000.0,4000.0,-8.375,0.5,-8.625,700.0,900.0,0.0,1.0389999999999964,0.4890000000000004,0.0,4098.0,0
1.389,10262.0,8203.0,6161.0,10255.5,8198.5,6157.5,7000.0,5000.0,4000.0,-6.875,0.5,-8.125,700.0,900.0,0.0,1.0399999999999963,0.4900000000000004,0.0,4101.0,0
1.3900000000000001,10268.0,8208.0,6165.0,10262.5,8203.5,6161.5,6000.0,5000.0,4000.0,-7.625,0.5,-8.375,700.0,900.0,0.0,1.0409999999999962,0.4910000000000004,0.0,4103.0,0
1.391,10275.0,8213.0,6169.0,10268.5,8208.5,6165.5,7000.0,5000.0,4000.0,-7.375,0.5,-8.625,700.0,900.0,0.0,1.041999999999996,0.4920000000000004,0.0,4106.0,0
1.3920000000000001,10281.0,8219.0,6173.0,10275.5,8213.5,6169.5,6000.0,6000.0,4000.0,-8.125,0.5,-8.875,700.0,900.0,0.0,1.042999999999996,0.4930000000000004,0.0,4108.0,0
1.393,10288.0,8224.0,6177.0,10281.5,8219.5,6173.5,7000.0,5000.0,4000.0,-6.625,0.5,-8.375,700.0,900.0,0.0,1.0439999999999958,0.4940000000000004,0.0,4111.0,0
1.3940000000000001,10295.0,8229.0,6181.0,10288.5,8224.5,6177.5,7000.0,5000.0,4000.0,-7.375,0.5,-8.625,700.0,900.0,0.0,1.0449999999999957,0.4950000000000004,0.0,4114.0,0
1.395,10301.0,8234.0,6185.0,10295.5,8229.5,6181.5,6000.0,5000.0,4000.0,-8.125,0.5,-8.875,700.0,900.0,0.0,1.0459999999999956,0.4960000000000004,0.0,4116.0,0
1.3960000000000001,10308.0,8240.0,6189.0,10301.5,8234.5,6185.5,7000.0,6000.0,4000.0,-7.875,0.5,-9.125,700.0,900.0,0.0,1.0469999999999955,0.4970000000000004,0.0,4119.0,0
1.397,10314.0,8245.0,6193.0,10308.5,8240.5,6189.5,6000.0,5000.0,4000.0,-7.375,0.5,-8.625,700.0,900.0,0.0,1.0479999999999954,0.4980000000000004,0.0,4121.0,0
1.3980000000000001,10321.0,8250.0,6197.0,10314.5,8245.5,6193.5,7000.0,5000.0,4000.0,-7.125,0.5,-8.875,700.0,900.0,0.0,1.0489999999999953,0.4990000000000004,0.0,4124.0,0
1.399,10327.0,8255.0,6201.0,10321.5,8250.5,6197.5,6000.0,5000.0,4000.0,-7.875,0.5,-9.125,700.0,900.0,0.0,1.0499999999999952,0.5000000000000003,0.0,4126.0,0
1.4000000000000001,10334.0,8260.0,6204.0,10327.5,8255.5,6201.5,7000.0,5000.0,3000.0,-7.625,0.5,-9.375,700.0,900.0,900.0,1.050999999999995,0.5010000000000003,0.001,4130.0,0
1.401,10340.0,8266.0,6207.0,10334.5,8260.5,6204.5,6000.0,6000.0,3000.0,-8.375,0.5,-8.625,700.0,900.0,900.0,1.051999999999995,0.5020000000000003,0.002,4133.0,0
1.4020000000000001,10347.0,8271.0,6210.0,10340.5,8266.5,6207.5,7000.0,5000.0,3000.0,-6.875,0.5,-7.125,700.0,900.0,900.0,1.0529999999999948,0.5030000000000003,0.003,4137.0,0
1.403,10353.0,8276.0,6213.0,10347.5,8271.5,6210.5,6000.0,5000.0,3000.0,-7.625,0.5,-6.375,700.0,900.0,900.0,1.0539999999999947,0.5040000000000003,0.004,4140.0,0
1.4040000000000001,10360.0,8281.0,6216.0,10353.5,8276.5,6213.5,7000.0,5000.0,3000.0,-7.375,0.5,-5.625,700.0,900.0,900.0,1.0549999999999946,0.5050000000000003,0.005,4144.0,0
1.405,10366.0,8287.0,6219.0,10360.5,8281.5,6216.5,6000.0,6000.0,3000.0,-8.125,0.5,-4.875,700.0,900.0,900.0,1.0559999999999945,0.5060000000000003,0.006,4147.0,0
1.4060000000000001,10373.0,8292.0,6222.0,10366.5,8287.5,6219.5,7000.0,5000.0,3000.0,-6.625,0.5,-3.375,700.0,900.0,900.0,1.0569999999999944,0.5070000000000003,0.007,4151.0,0
1.407,10380.0,8297.0,6225.0,10373.5,8292.5,6222.5,7000.0,5000.0,3000.0,-7.375,0.5,-2.625,700.0,900.0,900.0,1.0579999999999943,0.5080000000000003,0.008,4155.0,0
1.408,10386.0,8302.0,6228.0,10380.5,8297.5,6225.5,6000.0,5000.0,3000.0,-8.125,0.5,-1.875,700.0,900.0,900.0,1.0589999999999942,0.5090000000000003,0.009000000000000001,4158.0,0
1.409,10393.0,8308.0,6231.0,10386.5,8302.5,6228.5,7000.0,6000.0,3000.0,-7.875,0.5,-1.125,700.0,900.0,900.0,1.059999999999994,0.5100000000000003,0.010000000000000002,4162.0,0
1.41,10399.0,8313.0,6234.0,10393.5,8308.5,6231.5,6000.0,5000.0,3000.0,-7.375,0.5,0.375,700.0,900.0,900.0,1.060999999999994,0.5110000000000003,0.011000000000000003,4165.0,0
1.411,10406.0,8318.0,6237.0,10399.5,8313.5,6234.5,7000.0,5000.0,3000.0,-8.16666666666606,-0.33333333333393966,0.5,700.0,900.0,900.0,1.0619999999999938,0.5120000000000003,0.012000000000000004,4169.0,0
1.412,10412.0,8323.0,6240.0,10406.5,8318.5,6237.5,6000.0,5000.0,3000.0,-10.16666666666606,-1.3333333333339397,0.5,700.0,900.0,900.0,1.0629999999999937,0.5130000000000003,0.013000000000000005,4172.0,0
1.413,10418.0,8329.0,6243.0,10412.5,8323.5,6240.5,6000.0,6000.0,3000.0,-11.16666666666606,-2.3333333333339397,0.5,700.0,900.0,900.0,1.0639999999999936,0.5140000000000003,0.014000000000000005,4175.0,0
1.414,10424.0,8334.0,6246.0,10418.5,8329.5,6243.5,6000.0,5000.0,3000.0,-12.16666666666606,-4.33333333333394,0.5,700.0,900.0,900.0,1.0649999999999935,0.5150000000000003,0.015000000000000006,4178.0,0
1.415,10430.0,8339.0,6249.0,10424.5,8334.5,6246.5,6000.0,5000.0,3000.0,-13.16666666666606,-5.33333333333394,0.5,700.0,900.0,900.0,1.0659999999999934,0.5160000000000003,0.016000000000000007,4181.0,0
1.416,10436.0,8344.0,6252.0,10430.5,8339.5,6249.5,6000.0,5000.0,3000.0,-14.16666666666606,-6.33333333333394,0.5,700.0,900.0,900.0,1.0669999999999933,0.5170000000000003,0.017000000000000008,4184.0,0
1.417,10442.0,8350.0,6255.0,10436.5,8344.5,6252.5,6000.0,6000.0,3000.0,-15.16666666666606,-7.33333333333394,0.5,700.0,900.0,900.0,1.0679999999999932,0.5180000000000003,0.01800000000000001,4187.0,0
1.418,10448.0,8355.0,6258.0,10442.5,8350.5,6255.5,6000.0,5000.0,3000.0,-16.16666666666606,-9.33333333333394,0.5,700.0,900.0,900.0,1.068999999999993,0.5190000000000003,0.01900000000000001,4190.0,0
1.419,10454.0,8360.0,6261.0,10448.5,8355.5,6258.5,6000.0,5000.0,3000.0,-17.16666666666606,-10.33333333333394,0.5,700.0,900.0,900.0,1.069999999999993,0.5200000000000004,0.02000000000000001,4193.0,0
1.42,10459.0,8365.0,6264.0,10454.5,8360.5,6261.5,5000.0,5000.0,3000.0,-18.16666666666606,-11.33333333333394,0.5,700.0,900.0,900.0,1.0709999999999928,0.5210000000000004,0.02100000000000001,4195.0,0
1.421,10465.0,8369.0,6267.0,10459.5,8365.5,6264.5,6000.0,4000.0,3000.0,-18.16666666666606,-12.33333333333394,0.5,700.0,900.0,900.0,1.0719999999999927,0.5220000000000004,0.022000000000000013,4198.0,0
1.422,10471.0,8374.0,6270.0,10465.5,8369.5,6267.5,6000.0,5000.0,3000.0,-19.16666666666606,-12.33333333333394,0.5,700.0,900.0,900.0,1.0729999999999926,0.5230000000000004,0.023000000000000013,4201.0,0
1.423,10477.0,8378.0,6273.0,10471.5,8374.5,6270.5,6000.0,4000.0,3000.0,-20.16666666666606,-13.33333333333394,0.5,700.0,900.0,900.0,1.0739999999999925,0.5240000000000004,0.024000000000000014,4204.0,0
1.424,10482.0,8382.0,6276.0,10477.5,8378.5,6273.5,5000.0,4000.0,3000.0,-21.16666666666606,-13.33333333333394,0.5,700.0,900.0,900.0,1.0749999999999924,0.5250000000000004,0.025000000000000015,4206.0,0
1.425,10488.0,8386.0,6279.0,10482.5,8382.5,6276.5,6000.0,4000.0,3000.0,-21.16666666666606,-13.33333333333394,0.5,700.0,900.0,900.0,1.0759999999999923,0.5260000000000004,0.026000000000000016,4209.0,0
1.426,10493.0,8390.0,6282.0,10488.5,8386.5,6279.5,5000.0,4000.0,3000.0,-22.16666666666606,-13.33333333333394,0.5,700.0,900.0,900.0,1.0769999999999922,0.5270000000000004,0.027000000000000017,4211.0,0
1.427,10499.0,8394.0,6285.0,10493.5,8390.5,6282.5,6000.0,4000.0,3000.0,-22.16666666666606,-13.33333333333394,0.5,700.0,900.0,900.0,1.077999999999992,0.5280000000000004,0.028000000000000018,4214.0,0
1.428,10504.0,8398.0,6288.0,10499.5,8394.5,6285.5,5000.0,4000.0,3000.0,-23.16666666666606,-13.33333333333394,0.5,700.0,900.0,900.0,1.078999999999992,0.5290000000000004,0.02900000000000002,4216.0,0
1.429,10510.0,8402.0,6291.0,10504.5,8398.5,6288.5,6000.0,4000.0,3000.0,-23.16666666666606,-13.33333333333394,0.5,700.0,900.0,900.0,1.0799999999999919,0.5300000000000004,0.03000000000000002,4219.0,0
1.43,10515.0,8406.0,6294.0,10510.5,8402.5,6291.5,5000.0,4000.0,3000.0,-24.16666666666606,-13.33333333333394,0.5,700.0,900.0,900.0,1.0809999999999917,0.5310000000000004,0.03100000000000002,4221.0,0
1.431,10520.0,8410.0,6298.0,10515.5,8406.5,6294.5,5000.0,4000.0,4000.0,-24.16666666666606,-13.33333333333394,0.5,700.0,900.0,900.0,1.0819999999999916,0.5320000000000004,0.03200000000000002,4222.0,0
1.432,10526.0,8414.0,6301.0,10520.5,8410.5,6298.5,6000.0,4000.0,3000.0,-22.5,-12.0,0.5,700.0,900.0,900.0,1.0829999999999915,0.5330000000000004,0.03300000000000002,4225.0,0
1.433,10531.0,8418.0,6304.0,10526.5,8414.5,6301.5,5000.0,4000.0,3000.0,-23.5,-12.0,0.5,700.0,900.0,900.0,1.0839999999999914,0.5340000000000004,0.03400000000000002,4227.0,0
1.434,10536.0,8422.0,6307.0,10531.5,8418.5,6304.5,5000.0,4000.0,3000.0,-23.5,-12.0,0.5,700.0,900.0,900.0,1.0849999999999913,0.5350000000000004,0.035000000000000024,4229.0,0
1.435,10542.0,8426.0,6310.0,10536.5,8422.5,6307.5,6000.0,4000.0,3000.0,-23.5,-12.0,0.5,700.0,900.0,900.0,1.0859999999999912,0.5360000000000004,0.036000000000000025,4232.0,0
1.436,10547.0,8430.0,6313.0,10542.5,8426.5,6310.5,5000.0,4000.0,3000.0,-24.5,-12.0,0.5,700.0,900.0,900.0,1.086999999999991,0.5370000000000004,0.037000000000000026,4234.0,0
1.437,10552.0,8434.0,6316.0,10547.5,8430.5,6313.5,5000.0,4000.0,3000.0,-24.5,-12.0,0.5,700.0,900.0,900.0,1.087999999999991,0.5380000000000004,0.03800000000000003,4236.0,0
1.438,10557.0,8437.0,6319.0,10552.5,8434.5,6316.5,5000.0,3000.0,3000.0,-24.5,-12.0,0.5,700.0,900.0,900.0,1.0889999999999909,0.5390000000000004,0.03900000000000003,4238.0,0
1.439,10563.0,8441.0,6322.0,10557.5,8437.5,6319.5,6000.0,4000.0,3000.0,-24.5,-11.0,0.5,700.0,900.0,900.0,1.0899999999999908,0.5400000000000004,0.04000000000000003,4241.0,0
1.44,10568.0,8445.0,6325.0,10563.5,8441.5,6322.5,5000.0,4000.0,3000.0,-25.5,-11.0,0.5,700.0,900.0,900.0,1.0909999999999906,0.5410000000000004,0.04100000000000003,4243.0,0
1.441,10573.0,8449.0,6328.0,10568.5,8445.5,6325.5,5000.0,4000.0,3000.0,-25.5,-11.0,0.5,700.0,900.0,900.0,1.0919999999999905,0.5420000000000004,0.04200000000000003,4245.0,0
1.442,10578.0,8453.0,6331.0,10573.5,8449.5,6328.5,5000.0,4000.0,3000.0,-25.5,-11.0,0.5,700.0,900.0,900.0,1.0929999999999904,0.5430000000000004,0.04300000000000003,4247.0,0
1.443,10583.0,8457.0,6334.0,10578.5,8453.5,6331.5,5000.0,4000.0,3000.0,-25.5,-11.0,0.5,700.0,900.0,900.0,1.0939999999999903,0.5440000000000004,0.04400000000000003,4249.0,0
1.444,10588.0,8461.0,6337.0,10583.5,8457.5,6334.5,5000.0,4000.0,3000.0,-25.5,-11.0,0.5,700.0,900.0,900.0,1.0949999999999902,0.5450000000000004,0.04500000000000003,4251.0,0
1.445,10593.0,8465.0,6340.0,10588.5,8461.5,6337.5,5000.0,4000.0,3000.0,-25.5,-11.0,0.5,700.0,900.0,900.0,1.09599999999999,0.5460000000000004,0.046000000000000034,4253.0,0
1.446,10599.0,8469.0,6343.0,10593.5,8465.5,6340.5,6000.0,4000.0,3000.0,-25.5,-11.0,0.5,700.0,900.0,900.0,1.09699999999999,0.5470000000000004,0.047000000000000035,4256.0,0
1.447,10604.0,8473.0,6346.0,10599.5,8469.5,6343.5,5000.0,4000.0,3000.0,-26.5,-11.0,0.5,700.0,900.0,900.0,1.0979999999999899,0.5480000000000004,0.048000000000000036,4258.0,0
1.448,10609.0,8476.0,6349.0,10604.5,8473.5,6346.5,5000.0,3000.0,3000.0,-26.5,-11.0,0.5,700.0,900.0,900.0,1.0989999999999898,0.5490000000000004,0.04900000000000004,4260.0,0
1.449,10614.0,8480.0,6352.0,10609.5,8476.5,6349.5,5000.0,4000.0,3000.0,-26.5,-10.0,0.5,700.0,900.0,900.0,1.0999999999999897,0.5500000000000004,0.05000000000000004,4262.0,0
1.45,10619.0,8484.0,6355.0,10614.5,8480.5,6352.5,5000.0,4000.0,3000.0,-26.5,-10.0,0.5,700.0,900.0,900.0,1.1009999999999895,0.5510000000000004,0.05100000000000004,4264.0,0
1.451,10624.0,8488.0,6358.0,10619.5,8484.5,6355.5,5000.0,4000.0,3000.0,-26.5,-10.0,0.5,700.0,900.0,900.0,1.1019999999999894,0.5520000000000004,0.05200000000000004,4266.0,0
1.452,10628.0,8492.0,6361.0,10624.5,8488.5,6358.5,4000.0,4000.0,3000.0,-26.5,-10.0,0.5,700.0,900.0,900.0,1.1029999999999893,0.5530000000000004,0.05300000000000004,4267.0,0
1.453,10633.0,8496.0,6364.0,10628.5,8492.5,6361.5,5000.0,4000.0,3000.0,-25.5,-10.0,0.5,700.0,900.0,900.0,1.1039999999999892,0.5540000000000004,0.05400000000000004,4269.0,0
1.454,10638.0,8499.0,6367.0,10633.5,8496.5,6364.5,5000.0,3000.0,3000.0,-25.5,-10.0,0.5,700.0,900.0,900.0,1.104999999999989,0.5550000000000004,0.05500000000000004,4271.0,0
1.455,10643.0,8503.0,6370.0,10638.5,8499.5,6367.5,5000.0,4000.0,3000.0,-25.5,-9.0,0.5,700.0,900.0,900.0,1.105999999999989,0.5560000000000004,0.05600000000000004,4273.0,0
1.456,10648.0,8508.0,6373.0,10643.5,8503.5,6370.5,5000.0,5000.0,3000.0,-25.5,-9.0,0.5,700.0,900.0,900.0,1.1069999999999889,0.5570000000000004,0.057000000000000044,4275.0,0
1.457,10653.0,8512.0,6376.0,10648.5,8508.5,6373.5,5000.0,4000.0,3000.0,-25.5,-10.0,0.5,700.0,900.0,900.0,1.1079999999999888,0.5580000000000004,0.058000000000000045,4277.0,0
1.458,10658.0,8515.0,6379.0,10653.5,8512.5,6376.5,5000.0,3000.0,3000.0,-25.5,-10.0,0.5,700.0,900.0,900.0,1.1089999999999887,0.5590000000000004,0.059000000000000045,4279.0,0
1.459,10663.0,8519.0,6382.0,10658.5,8515.5,6379.5,5000.0,4000.0,3000.0,-25.5,-9.0,0.5,700.0,900.0,900.0,1.1099999999999886,0.5600000000000004,0.060000000000000046,4281.0,0
1.46,10668.0,8524.0,6385.0,10663.5,8519.5,6382.5,5000.0,5000.0,3000.0,-25.5,-9.0,0.5,700.0,900.0,900.0,1.1109999999999884,0.5610000000000004,0.06100000000000005,4283.0,0
1.461,10673.0,8528.0,6388.0,10668.5,8524.5,6385.5,5000.0,4000.0,3000.0,-25.5,-10.0,0.5,700.0,900.0,900.0,1.1119999999999883,0.5620000000000004,0.06200000000000005,4285.0,0
1.462,10677.0,8531.0,6391.0,10673.5,8528.5,6388.5,4000.0,3000.0,3000.0,-25.5,-10.0,0.5,700.0,900.0,900.0,1.1129999999999882,0.5630000000000004,0.06300000000000004,4286.0,0
1.463,10682.0,8535.0,6394.0,10677.5,8531.5,6391.5,5000.0,4000.0,3000.0,-24.5,-9.0,0.5,700.0,900.0,900.0,1.113999999999988,0.5640000000000004,0.06400000000000004,4288.0,0
1.464,10687.0,8540.0,6397.0,10682.5,8535.5,6394.5,5000.0,5000.0,3000.0,-24.5,-9.0,0.5,700.0,900.0,900.0,1.114999999999988,0.5650000000000004,0.06500000000000004,4290.0,0
1.465,10692.0,8544.0,6400.0,10687.5,8540.5,6397.5,5000.0,4000.0,3000.0,-24.5,-10.0,0.5,700.0,900.0,900.0,1.115999999999988,0.5660000000000004,0.06600000000000004,4292.0,0
1.466,10697.0,8548.0,6404.0,10692.5,8544.5,6400.5,5000.0,4000.0,4000.0,-24.5,-10.0,0.5,700.0,900.0,900.0,1.1169999999999878,0.5670000000000004,0.06700000000000005,4293.0,0
1.467,10702.0,8552.0,6407.0,10697.5,8548.5,6404.5,5000.0,4000.0,3000.0,-22.83333333333394,-8.66666666666606,0.5,700.0,900.0,900.0,1.1179999999999877,0.5680000000000004,0.06800000000000005,4295.0,0
1.468,10706.0,8556.0,6410.0,10702.5,8552.5,6407.5,4000.0,4000.0,3000.0,-22.83333333333394,-8.66666666666606,0.5,700.0,900.0,900.0,1.1189999999999876,0.5690000000000004,0.06900000000000005,4296.0,0
1.469,10711.0,8560.0,6413.0,10706.5,8556.5,6410.5,5000.0,4000.0,3000.0,-21.83333333333394,-8.66666666666606,0.5,700.0,900.0,900.0,1.1199999999999875,0.5700000000000004,0.07000000000000005,4298.0,0
1.47,10716.0,8565.0,6416.0,10711.5,8560.5,6413.5,5000.0,5000.0,3000.0,-21.83333333333394,-8.66666666666606,0.5,700.0,900.0,900.0,1.1209999999999873,0.5710000000000004,0.07100000000000005,4300.0,0
1.471,10721.0,8569.0,6419.0,10716.5,8565.5,6416.5,5000.0,4000.0,3000.0,-21.83333333333394,-9.66666666666606,0.5,700.0,900.0,900.0,1.1219999999999872,0.5720000000000004,0.07200000000000005,4302.0,0
1.472,10726.0,8574.0,6422.0,10721.5,8569.5,6419.5,5000.0,5000.0,3000.0,-21.83333333333394,-9.66666666666606,0.5,700.0,900.0,900.0,1.1229999999999871,0.5730000000000004,0.07300000000000005,4304.0,0
1.473,10731.0,8578.0,6425.0,10726.5,8574.5,6422.5,5000.0,4000.0,3000.0,-21.83333333333394,-10.66666666666606,0.5,700.0,900.0,900.0,1.123999999999987,0.5740000000000004,0.07400000000000005,4306.0,0
1.474,10735.0,8582.0,6428.0,10731.5,8578.5,6425.5,4000.0,4000.0,3000.0,-21.83333333333394,-10.66666666666606,0.5,700.0,900.0,900.0,1.124999999999987,0.5750000000000004,0.07500000000000005,4307.0,0
1.475,10740.0,8586.0,6431.0,10735.5,8582.5,6428.5,5000.0,4000.0,3000.0,-20.83333333333394,-10.66666666666606,0.5,700.0,900.0,900.0,1.1259999999999868,0.5760000000000004,0.07600000000000005,4309.0,0
1.476,10745.0,8590.0,6434.0,10740.5,8586.5,6431.5,5000.0,4000.0,3000.0,-20.83333333333394,-10.66666666666606,0.5,700.0,900.0,900.0,1.1269999999999867,0.5770000000000004,0.07700000000000005,4311.0,0
1.477,10750.0,8594.0,6437.0,10745.5,8590.5,6434.5,5000.0,4000.0,3000.0,-20.83333333333394,-10.66666666666606,0.5,700.0,900.0,900.0,1.1279999999999866,0.5780000000000004,0.07800000000000006,4313.0,0
1.478,10755.0,8597.0,6440.0,10750.5,8594.5,6437.5,5000.0,3000.0,3000.0,-20.83333333333394,-10.66666666666606,0.5,700.0,900.0,900.0,1.1289999999999865,0.5790000000000004,0.07900000000000006,4315.0,0
1.479,10759.0,8601.0,6443.0,10755.5,8597.5,6440.5,4000.0,4000.0,3000.0,-20.83333333333394,-9.66666666666606,0.5,700.0,900.0,900.0,1.1299999999999863,0.5800000000000004,0.08000000000000006,4316.0,0
1.48,10764.0,8605.0,6446.0,10759.5,8601.5,6443.5,5000.0,4000.0,3000.0,-19.83333333333394,-9.66666666666606,0.5,700.0,900.0,900.0,1.1309999999999862,0.5810000000000004,0.08100000000000006,4318.0,0
1.481,10769.0,8609.0,6449.0,10764.5,8605.5,6446.5,5000.0,4000.0,3000.0,-19.83333333333394,-9.66666666666606,0.5,700.0,900.0,900.0,1.1319999999999861,0.5820000000000004,0.08200000000000006,4320.0,0
1.482,10774.0,8613.0,6452.0,10769.5,8609.5,6449.5,5000.0,4000.0,3000.0,-19.83333333333394,-9.66666666666606,0.5,700.0,900.0,900.0,1.132999999999986,0.5830000000000004,0.08300000000000006,4322.0,0
1.483,10779.0,8618.0,6455.0,10774.5,8613.5,6452.5,5000.0,5000.0,3000.0,-19.83333333333394,-9.66666666666606,0.5,700.0,900.0,900.0,1.133999999999986,0.5840000000000004,0.08400000000000006,4324.0,0
1.484,10783.0,8622.0,6458.0,10779.5,8618.5,6455.5,4000.0,4000.0,3000.0,-19.83333333333394,-10.66666666666606,0.5,700.0,900.0,900.0,1.1349999999999858,0.5850000000000004,0.08500000000000006,4325.0,0
1.485,10788.0,8626.0,6461.0,10783.5,8622.5,6458.5,5000.0,4000.0,3000.0,-18.83333333333394,-10.66666666666606,0.5,700.0,900.0,900.0,1.1359999999999857,0.5860000000000004,0.08600000000000006,4327.0,0
1.486,10793.0,8630.0,6464.0,10788.5,8626.5,6461.5,5000.0,4000.0,3000.0,-18.83333333333394,-10.66666666666606,0.5,700.0,900.0,900.0,1.1369999999999856,0.5870000000000004,0.08700000000000006,4329.0,0
1.487,10798.0,8634.0,6467.0,10793.5,8630.5,6464.5,5000.0,4000.0,3000.0,-18.83333333333394,-10.66666666666606,0.5,700.0,900.0,900.0,1.1379999999999855,0.5880000000000004,0.08800000000000006,4331.0,0
1.488,10802.0,8637.0,6470.0,10798.5,8634.5,6467.5,4000.0,3000.0,3000.0,-18.83333333333394,-10.66666666666606,0.5,700.0,900.0,900.0,1.1389999999999854,0.5890000000000004,0.08900000000000007,4332.0,0
1.489,10807.0,8641.0,6473.0,10802.5,8637.5,6470.5,5000.0,4000.0,3000.0,-17.83333333333394,-9.66666666666606,0.5,700.0,900.0,900.0,1.1399999999999852,0.5900000000000004,0.09000000000000007,4334.0,0
1.49,10812.0,8645.0,6476.0,10807.5,8641.5,6473.5,5000.0,4000.0,3000.0,-17.83333333333394,-9.66666666666606,0.5,700.0,900.0,900.0,1.1409999999999851,0.5910000000000004,0.09100000000000007,4336.0,0
1.491,10817.0,8649.0,6479.0,10812.5,8645.5,6476.5,5000.0,4000.0,3000.0,-17.83333333333394,-9.66666666666606,0.5,700.0,900.0,900.0,1.141999999999985,0.5920000000000004,0.09200000000000007,4338.0,0
1.492,10821.0,8653.0,6482.0,10817.5,8649.5,6479.5,4000.0,4000.0,3000.0,-17.83333333333394,-9.66666666666606,0.5,700.0,900.0,900.0,1.142999999999985,0.5930000000000004,0.09300000000000007,4339.0,0
1.493,10826.0,8658.0,6485.0,10821.5,8653.5,6482.5,5000.0,5000.0,3000.0,-16.83333333333394,-9.66666666666606,0.5,700.0,900.0,900.0,1.1439999999999848,0.5940000000000004,0.09400000000000007,4341.0,0
1.494,10831.0,8662.0,6488.0,10826.5,8658.5,6485.5,5000.0,4000.0,3000.0,-16.83333333333394,-10.66666666666606,0.5,700.0,900.0,900.0,1.1449999999999847,0.5950000000000004,0.09500000000000007,4343.0,0
1.495,10836.0,8666.0,6491.0,10831.5,8662.5,6488.5,5000.0,4000.0,3000.0,-16.83333333333394,-10.66666666666606,0.5,700.0,900.0,900.0,1.1459999999999846,0.5960000000000004,0.09600000000000007,4345.0,0
1.496,10841.0,8670.0,6494.0,10836.5,8666.5,6491.5,5000.0,4000.0,3000.0,-16.83333333333394,-10.66666666666606,0.5,700.0,900.0,900.0,1.1469999999999845,0.5970000000000004,0.09700000000000007,4347.0,0
1.497,10845.0,8673.0,6497.0,10841.5,8670.5,6494.5,4000.0,3000.0,3000.0,-16.83333333333394,-10.66666666666606,0.5,700.0,900.0,900.0,1.1479999999999844,0.5980000000000004,0.09800000000000007,4348.0,0
1.498,10850.0,8677.0,6500.0,10845.5,8673.5,6497.5,5000.0,4000.0,3000.0,-15.83333333333394,-9.66666666666606,0.5,700.0,900.0,900.0,1.1489999999999843,0.5990000000000004,0.09900000000000007,4350.0,0
1.499,10855.0,8681.0,6503.0,10850.5,8677.5,6500.5,5000.0,4000.0,3000.0,-15.83333333333394,-9.66666666666606,0.5,700.0,900.0,900.0,1.1499999999999841,0.6000000000000004,0.10000000000000007,4352.0,0
1.5,10860.0,8685.0,6506.0,10855.5,8681.5,6503.5,5000.0,4000.0,3000.0,-15.83333333333394,-9.66666666666606,0.5,700.0,900.0,900.0,1.150999999999984,0.6010000000000004,0.10100000000000008,4354.0,0
1.5010000000000001,10864.0,8690.0,6510.0,10860.5,8685.5,6506.5,4000.0,5000.0,4000.0,-15.83333333333394,-9.66666666666606,0.5,700.0,900.0,900.0,1.151999999999984,0.6020000000000004,0.10200000000000008,4354.0,0
1.502,10869.0,8694.0,6513.0,10864.5,8690.5,6510.5,5000.0,4000.0,3000.0,-13.16666666666606,-9.33333333333394,0.5,700.0,900.0,900.0,1.1529999999999838,0.6030000000000004,0.10300000000000008,4356.0,0
1.5030000000000001,10874.0,8698.0,6516.0,10869.5,8694.5,6513.5,5000.0,4000.0,3000.0,-13.16666666666606,-9.33333333333394,0.5,700.0,900.0,900.0,1.1539999999999837,0.6040000000000004,0.10400000000000008,4358.0,0
1.504,10879.0,8702.0,6519.0,10874.5,8698.5,6516.5,5000.0,4000.0,3000.0,-13.16666666666606,-9.33333333333394,0.5,700.0,900.0,900.0,1.1549999999999836,0.6050000000000004,0.10500000000000008,4360.0,0
1.5050000000000001,10884.0,8707.0,6522.0,10879.5,8702.5,6519.5,5000.0,5000.0,3000.0,-13.16666666666606,-9.33333333333394,0.5,700.0,900.0,900.0,1.1559999999999835,0.6060000000000004,0.10600000000000008,4362.0,0
1.506,10888.0,8711.0,6525.0,10884.5,8707.5,6522.5,4000.0,4000.0,3000.0,-13.16666666666606,-10.33333333333394,0.5,700.0,900.0,900.0,1.1569999999999834,0.6070000000000004,0.10700000000000008,4363.0,0
1.5070000000000001,10893.0,8715.0,6528.0,10888.5,8711.5,6525.5,5000.0,4000.0,3000.0,-12.16666666666606,-10.33333333333394,0.5,700.0,900.0,900.0,1.1579999999999833,0.6080000000000004,0.10800000000000008,4365.0,0
1.508,10898.0,8719.0,6531.0,10893.5,8715.5,6528.5,5000.0,4000.0,3000.0,-12.16666666666606,-10.33333333333394,0.5,700.0,900.0,900.0,1.1589999999999832,0.6090000000000004,0.10900000000000008,4367.0,0
1.5090000000000001,10903.0,8722.0,6534.0,10898.5,8719.5,6531.5,5000.0,3000.0,3000.0,-12.16666666666606,-10.33333333333394,0.5,700.0,900.0,900.0,1.159999999999983,0.6100000000000004,0.11000000000000008,4369.0,0
1.51,10908.0,8726.0,6537.0,10903.5,8722.5,6534.5,5000.0,4000.0,3000.0,-12.16666666666606,-9.33333333333394,0.5,700.0,900.0,900.0,1.160999999999983,0.6110000000000004,0.11100000000000008,4371.0,0
1.5110000000000001,10912.0,8730.0,6540.0,10908.5,8726.5,6537.5,4000.0,4000.0,3000.0,-12.16666666666606,-9.33333333333394,0.5,700.0,900.0,900.0,1.1619999999999828,0.6120000000000004,0.11200000000000009,4372.0,0
1.512,10917.0,8734.0,6543.0,10912.5,8730.5,6540.5,5000.0,4000.0,3000.0,-11.16666666666606,-9.33333333333394,0.5,700.0,900.0,900.0,1.1629999999999827,0.6130000000000004,0.11300000000000009,4374.0,0
1.5130000000000001,10922.0,8738.0,6546.0,10917.5,8734.5,6543.5,5000.0,4000.0,3000.0,-11.16666666666606,-9.33333333333394,0.5,700.0,900.0,900.0,1.1639999999999826,0.6140000000000004,0.11400000000000009,4376.0,0
1.514,10927.0,8742.0,6549.0,10922.5,8738.5,6546.5,5000.0,4000.0,3000.0,-11.16666666666606,-9.33333333333394,0.5,700.0,900.0,900.0,1.1649999999999825,0.6150000000000004,0.11500000000000009,4378.0,0
1.5150000000000001,10932.0,8747.0,6552.0,10927.5,8742.5,6549.5,5000.0,5000.0,3000.0,-11.16666666666606,-9.33333333333394,0.5,700.0,900.0,900.0,1.1659999999999824,0.6160000000000004,0.11600000000000009,4380.0,0
1.516,10937.0,8751.0,6555.0,10932.5,8747.5,6552.5,5000.0,4000.0,3000.0,-11.16666666666606,-10.33333333333394,0.5,700.0,900.0,900.0,1.1669999999999823,0.6170000000000004,0.11700000000000009,4382.0,0
1.5170000000000001,10941.0,8755.0,6558.0,10937.5,8751.5,6555.5,4000.0,4000.0,3000.0,-11.16666666666606,-10.33333333333394,0.5,700.0,900.0,900.0,1.1679999999999822,0.6180000000000004,0.11800000000000009,4383.0,0
1.518,10946.0,8758.0,6561.0,10941.5,8755.5,6558.5,5000.0,3000.0,3000.0,-10.16666666666606,-10.33333333333394,0.5,700.0,900.0,900.0,1.168999999999982,0.6190000000000004,0.11900000000000009,4385.0,0
1.5190000000000001,10951.0,8762.0,6564.0,10946.5,8758.5,6561.5,5000.0,4000.0,3000.0,-10.16666666666606,-9.33333333333394,0.5,700.0,900.0,900.0,1.169999999999982,0.6200000000000004,0.12000000000000009,4387.0,0
1.52,10956.0,8766.0,6567.0,10951.5,8762.5,6564.5,5000.0,4000.0,3000.0,-10.16666666666606,-9.33333333333394,0.5,700.0,900.0,900.0,1.1709999999999818,0.6210000000000004,0.1210000000000001,4389.0,0
1.5210000000000001,10961.0,8770.0,6570.0,10956.5,8766.5,6567.5,5000.0,4000.0,3000.0,-10.16666666666606,-9.33333333333394,0.5,700.0,900.0,900.0,1.1719999999999817,0.6220000000000004,0.1220000000000001,4391.0,0
1.522,10965.0,8775.0,6573.0,10961.5,8770.5,6570.5,4000.0,5000.0,3000.0,-10.16666666666606,-9.33333333333394,0.5,700.0,900.0,900.0,1.1729999999999816,0.6230000000000004,0.1230000000000001,4392.0,0
1.5230000000000001,10970.0,8779.0,6576.0,10965.5,8775.5,6573.5,5000.0,4000.0,3000.0,-9.16666666666606,-10.33333333333394,0.5,700.0,900.0,900.0,1.1739999999999815,0.6240000000000004,0.1240000000000001,4394.0,0
1.524,10976.0,8783.0,6579.0,10970.5,8779.5,6576.5,6000.0,4000.0,3000.0,-9.16666666666606,-10.33333333333394,0.5,700.0,900.0,900.0,1.1749999999999814,0.6250000000000004,0.12500000000000008,4397.0,0
1.5250000000000001,10981.0,8786.0,6582.0,10976.5,8783.5,6579.5,5000.0,3000.0,3000.0,-10.16666666666606,-10.33333333333394,0.5,700.0,900.0,900.0,1.1759999999999813,0.6260000000000004,0.12600000000000008,4399.0,0
1.526,10986.0,8790.0,6585.0,10981.5,8786.5,6582.5,5000.0,4000.0,3000.0,-10.16666666666606,-9.33333333333394,0.5,700.0,900.0,900.0,1.1769999999999812,0.6270000000000004,0.12700000000000009,4401.0,0
1.5270000000000001,10990.0,8794.0,6588.0,10986.5,8790.5,6585.5,4000.0,4000.0,3000.0,-10.16666666666606,-9.33333333333394,0.5,700.0,900.0,900.0,1.177999999999981,0.6280000000000004,0.12800000000000009,4402.0,0
1.528,10995.0,8798.0,6591.0,10990.5,8794.5,6588.5,5000.0,4000.0,3000.0,-9.16666666666606,-9.33333333333394,0.5,700.0,900.0,900.0,1.178999999999981,0.6290000000000004,0.1290000000000001,4404.0,0
1.5290000000000001,11000.0,8802.0,6594.0,10995.5,8798.5,6591.5,5000.0,4000.0,3000.0,-9.16666666666606,-9.33333333333394,0.5,700.0,900.0,900.0,1.1799999999999808,0.6300000000000004,0.1300000000000001,4406.0,0
1.53,11006.0,8807.0,6597.0,11000.5,8802.5,6594.5,6000.0,5000.0,3000.0,-9.16666666666606,-9.33333333333394,0.5,700.0,900.0,900.0,1.1809999999999807,0.6310000000000004,0.1310000000000001,4409.0,0
1.5310000000000001,11011.0,8811.0,6600.0,11006.5,8807.5,6597.5,5000.0,4000.0,3000.0,-10.16666666666606,-10.33333333333394,0.5,700.0,900.0,900.0,1.1819999999999806,0.6320000000000005,0.1320000000000001,4411.0,0
1.532,11015.0,8814.0,6603.0,11011.5,8811.5,6600.5,4000.0,3000.0,3000.0,-10.16666666666606,-10.33333333333394,0.5,700.0,900.0,900.0,1.1829999999999805,0.6330000000000005,0.1330000000000001,4412.0,0
1.5330000000000001,11020.0,8818.0,6606.0,11015.5,8814.5,6603.5,5000.0,4000.0,3000.0,-9.16666666666606,-9.33333333333394,0.5,700.0,900.0,900.0,1.1839999999999804,0.6340000000000005,0.1340000000000001,4414.0,0
1.534,11026.0,8822.0,6609.0,11020.5,8818.5,6606.5,6000.0,4000.0,3000.0,-9.16666666666606,-9.33333333333394,0.5,700.0,900.0,900.0,1.1849999999999803,0.6350000000000005,0.1350000000000001,4417.0,0
1.5350000000000001,11031.0,8827.0,6612.0,11026.5,8822.5,6609.5,5000.0,5000.0,3000.0,-10.16666666666606,-9.33333333333394,0.5,700.0,900.0,900.0,1.1859999999999802,0.6360000000000005,0.1360000000000001,4419.0,0
1.536,11035.0,8831.0,6615.0,11031.5,8827.5,6612.5,4000.0,4000.0,3000.0,-10.16666666666606,-10.33333333333394,0.5,700.0,900.0,900.0,1.18699999999998,0.6370000000000005,0.1370000000000001,4420.0,0
1.537,11040.0,8834.0,6619.0,11035.5,8831.5,6615.5,5000.0,3000.0,4000.0,-9.16666666666606,-10.33333333333394,0.5,700.0,900.0,900.0,1.18799999999998,0.6380000000000005,0.1380000000000001,4421.0,0
1.538,11046.0,8838.0,6622.0,11040.5,8834.5,6619.5,6000.0,4000.0,3000.0,-7.5,-8.0,0.5,700.0,900.0,900.0,1.1889999999999799,0.6390000000000005,0.1390000000000001,4424.0,0
1.539,11051.0,8842.0,6625.0,11046.5,8838.5,6622.5,5000.0,4000.0,3000.0,-8.5,-8.0,0.5,700.0,900.0,900.0,1.1899999999999797,0.6400000000000005,0.1400000000000001,4426.0,0
1.54,11056.0,8846.0,6628.0,11051.5,8842.5,6625.5,5000.0,4000.0,3000.0,-8.5,-8.0,0.5,700.0,900.0,900.0,1.1909999999999796,0.6410000000000005,0.1410000000000001,4428.0,0
1.541,11061.0,8851.0,6631.0,11056.5,8846.5,6628.5,5000.0,5000.0,3000.0,-8.5,-8.0,0.5,700.0,900.0,900.0,1.1919999999999795,0.6420000000000005,0.1420000000000001,4430.0,0
1.542,11066.0,8855.0,6634.0,11061.5,8851.5,6631.5,5000.0,4000.0,3000.0,-8.5,-9.0,0.5,700.0,900.0,900.0,1.1929999999999794,0.6430000000000005,0.1430000000000001,4432.0,0
1.543,11071.0,8859.0,6637.0,11066.5,8855.5,6634.5,5000.0,4000.0,3000.0,-8.5,-9.0,0.5,700.0,900.0,900.0,1.1939999999999793,0.6440000000000005,0.1440000000000001,4434.0,0
1.544,11077.0,8863.0,6640.0,11071.5,8859.5,6637.5,6000.0,4000.0,3000.0,-8.5,-9.0,0.5,700.0,900.0,900.0,1.1949999999999792,0.6450000000000005,0.1450000000000001,4437.0,0
1.545,11082.0,8867.0,6643.0,11077.5,8863.5,6640.5,5000.0,4000.0,3000.0,-9.5,-9.0,0.5,700.0,900.0,900.0,1.195999999999979,0.6460000000000005,0.1460000000000001,4439.0,0
1.546,11087.0,8871.0,6646.0,11082.5,8867.5,6643.5,5000.0,4000.0,3000.0,-9.5,-9.0,0.5,700.0,900.0,900.0,1.196999999999979,0.6470000000000005,0.1470000000000001,4441.0,0
1.547,11092.0,8875.0,6649.0,11087.5,8871.5,6646.5,5000.0,4000.0,3000.0,-9.5,-9.0,0.5,700.0,900.0,900.0,1.1979999999999789,0.6480000000000005,0.1480000000000001,4443.0,0
1.548,11097.0,8879.0,6652.0,11092.5,8875.5,6649.5,5000.0,4000.0,3000.0,-9.5,-9.0,0.5,700.0,900.0,900.0,1.1989999999999787,0.6490000000000005,0.1490000000000001,4445.0,0
1.549,11103.0,8883.0,6655.0,11097.5,8879.5,6652.5,6000.0,4000.0,3000.0,-9.5,-9.0,0.5,700.0,900.0,900.0,1.1999999999999786,0.6500000000000005,0.1500000000000001,4448.0,0
1.55,11107.0,8888.0,6658.0,11103.5,8883.5,6655.5,4000.0,5000.0,3000.0,-10.5,-9.0,0.5,700.0,900.0,900.0,1.2009999999999785,0.6510000000000005,0.1510000000000001,4449.0,0
1.551,11113.0,8891.0,6661.0,11107.5,8888.5,6658.5,6000.0,3000.0,3000.0,-9.5,-10.0,0.5,700.0,900.0,900.0,1.2019999999999784,0.6520000000000005,0.1520000000000001,4452.0,0
1.552,11118.0,8896.0,6664.0,11113.5,8891.5,6661.5,5000.0,5000.0,3000.0,-10.5,-9.0,0.5,700.0,900.0,900.0,1.2029999999999783,0.6530000000000005,0.1530000000000001,4454.0,0
1.553,11122.0,8899.0,6667.0,11118.5,8896.5,6664.5,4000.0,3000.0,3000.0,-10.5,-10.0,0.5,700.0,900.0,900.0,1.2039999999999782,0.6540000000000005,0.1540000000000001,4455.0,0
1.554,11127.0,8904.0,6670.0,11122.5,8899.5,6667.5,5000.0,5000.0,3000.0,-9.5,-9.0,0.5,700.0,900.0,900.0,1.204999999999978,0.6550000000000005,0.1550000000000001,4457.0,0
1.555,11133.0,8907.0,6673.0,11127.5,8904.5,6670.5,6000.0,3000.0,3000.0,-9.5,-10.0,0.5,700.0,900.0,900.0,1.205999999999978,0.6560000000000005,0.1560000000000001,4460.0,0
1.556,11137.0,8912.0,6676.0,11133.5,8907.5,6673.5,4000.0,5000.0,3000.0,-10.5,-9.0,0.5,700.0,900.0,900.0,1.2069999999999779,0.6570000000000005,0.1570000000000001,4461.0,0
1.557,11143.0,8915.0,6679.0,11137.5,8912.5,6676.5,6000.0,3000.0,3000.0,-9.5,-10.0,0.5,700.0,900.0,900.0,1.2079999999999778,0.6580000000000005,0.1580000000000001,4464.0,0
1.558,11148.0,8919.0,6682.0,11143.5,8915.5,6679.5,5000.0,4000.0,3000.0,-10.5,-9.0,0.5,700.0,900.0,900.0,1.2089999999999776,0.6590000000000005,0.1590000000000001,4466.0,0
1.559,11152.0,8923.0,6685.0,11148.5,8919.5,6682.5,4000.0,4000.0,3000.0,-10.5,-9.0,0.5,700.0,900.0,900.0,1.2099999999999775,0.6600000000000005,0.16000000000000011,4467.0,0
1.56,11157.0,8928.0,6688.0,11152.5,8923.5,6685.5,5000.0,5000.0,3000.0,-9.5,-9.0,0.5,700.0,900.0,900.0,1.2109999999999774,0.6610000000000005,0.16100000000000012,4469.0,0
1.561,11162.0,8931.0,6691.0,11157.5,8928.5,6688.5,5000.0,3000.0,3000.0,-9.5,-10.0,0.5,700.0,900.0,900.0,1.2119999999999773,0.6620000000000005,0.16200000000000012,4471.0,0
1.562,11168.0,8935.0,6694.0,11162.5,8931.5,6691.5,6000.0,4000.0,3000.0,-9.5,-9.0,0.5,700.0,900.0,900.0,1.2129999999999772,0.6630000000000005,0.16300000000000012,4474.0,0
1.563,11172.0,8939.0,6697.0,11168.5,8935.5,6694.5,4000.0,4000.0,3000.0,-10.5,-9.0,0.5,700.0,900.0,900.0,1.213999999999977,0.6640000000000005,0.16400000000000012,4475.0,0
1.564,11178.0,8944.0,6700.0,11172.5,8939.5,6697.5,6000.0,5000.0,3000.0,-9.5,-9.0,0.5,700.0,900.0,900.0,1.214999999999977,0.6650000000000005,0.16500000000000012,4478.0,0
1.565,11183.0,8947.0,6703.0,11178.5,8944.5,6700.5,5000.0,3000.0,3000.0,-10.5,-10.0,0.5,700.0,900.0,900.0,1.2159999999999769,0.6660000000000005,0.16600000000000012,4480.0,0
1.566,11187.0,8951.0,6706.0,11183.5,8947.5,6703.5,4000.0,4000.0,3000.0,-10.5,-9.0,0.5,700.0,900.0,900.0,1.2169999999999768,0.6670000000000005,0.16700000000000012,4481.0,0
1.567,11192.0,8955.0,6709.0,11187.5,8951.5,6706.5,5000.0,4000.0,3000.0,-9.5,-9.0,0.5,700.0,900.0,900.0,1.2179999999999767,0.6680000000000005,0.16800000000000012,4483.0,0
1.568,11197.0,8959.0,6712.0,11192.5,8955.5,6709.5,5000.0,4000.0,3000.0,-9.5,-9.0,0.5,700.0,900.0,900.0,1.2189999999999765,0.6690000000000005,0.16900000000000012,4485.0,0
1.569,11202.0,8963.0,6715.0,11197.5,8959.5,6712.5,5000.0,4000.0,3000.0,-9.5,-9.0,0.5,700.0,900.0,900.0,1.2199999999999764,0.6700000000000005,0.17000000000000012,4487.0,0
1.57,11208.0,8968.0,6718.0,11202.5,8963.5,6715.5,6000.0,5000.0,3000.0,-9.5,-9.0,0.5,700.0,900.0,900.0,1.2209999999999763,0.6710000000000005,0.17100000000000012,4490.0,0
1.571,11212.0,8971.0,6721.0,11208.5,8968.5,6718.5,4000.0,3000.0,3000.0,-10.5,-10.0,0.5,700.0,900.0,900.0,1.2219999999999762,0.6720000000000005,0.17200000000000013,4491.0,0
1.572,11218.0,8975.0,6725.0,11212.5,8971.5,6721.5,6000.0,4000.0,4000.0,-9.5,-9.0,0.5,700.0,900.0,900.0,1.222999999999976,0.6730000000000005,0.17300000000000013,4493.0,0
1.573,11223.0,8979.0,6728.0,11218.5,8975.5,6725.5,5000.0,4000.0,3000.0,-8.83333333333394,-7.66666666666606,0.5,700.0,900.0,900.0,1.223999999999976,0.6740000000000005,0.17400000000000013,4495.0,0
1.574,11228.0,8983.0,6731.0,11223.5,8979.5,6728.5,5000.0,4000.0,3000.0,-8.83333333333394,-7.66666666666606,0.5,700.0,900.0,900.0,1.2249999999999759,0.6750000000000005,0.17500000000000013,4497.0,0
1.575,11233.0,8987.0,6734.0,11228.5,8983.5,6731.5,5000.0,4000.0,3000.0,-8.83333333333394,-7.66666666666606,0.5,700.0,900.0,900.0,1.2259999999999758,0.6760000000000005,0.17600000000000013,4499.0,0
1.576,11238.0,8991.0,6737.0,11233.5,8987.5,6734.5,5000.0,4000.0,3000.0,-8.83333333333394,-7.66666666666606,0.5,700.0,900.0,900.0,1.2269999999999757,0.6770000000000005,0.17700000000000013,4501.0,0
1.577,11243.0,8995.0,6740.0,11238.5,8991.5,6737.5,5000.0,4000.0,3000.0,-8.83333333333394,-7.66666666666606,0.5,700.0,900.0,900.0,1.2279999999999756,0.6780000000000005,0.17800000000000013,4503.0,0
1.578,11248.0,8999.0,6743.0,11243.5,8995.5,6740.5,5000.0,4000.0,3000.0,-8.83333333333394,-7.66666666666606,0.5,700.0,900.0,900.0,1.2289999999999754,0.6790000000000005,0.17900000000000013,4505.0,0
1.579,11253.0,9003.0,6746.0,11248.5,8999.5,6743.5,5000.0,4000.0,3000.0,-8.83333333333394,-7.66666666666606,0.5,700.0,900.0,900.0,1.2299999999999753,0.6800000000000005,0.18000000000000013,4507.0,0
1.58,11258.0,9007.0,6749.0,11253.5,9003.5,6746.5,5000.0,4000.0,3000.0,-8.83333333333394,-7.66666666666606,0.5,700.0,900.0,900.0,1.2309999999999752,0.6810000000000005,0.18100000000000013,4509.0,0
1.581,11264.0,9011.0,6752.0,11258.5,9007.5,6749.5,6000.0,4000.0,3000.0,-8.83333333333394,-7.66666666666606,0.5,700.0,900.0,900.0,1.2319999999999751,0.6820000000000005,0.18200000000000013,4512.0,0
1.582,11269.0,9015.0,6755.0,11264.5,9011.5,6752.5,5000.0,4000.0,3000.0,-9.83333333333394,-7.66666666666606,0.5,700.0,900.0,900.0,1.232999999999975,0.6830000000000005,0.18300000000000013,4514.0,0
1.583,11274.0,9019.0,6758.0,11269.5,9015.5,6755.5,5000.0,4000.0,3000.0,-9.83333333333394,-7.66666666666606,0.5,700.0,900.0,900.0,1.233999999999975,0.6840000000000005,0.18400000000000014,4516.0,0
1.584,11279.0,9023.0,6761.0,11274.5,9019.5,6758.5,5000.0,4000.0,3000.0,-9.83333333333394,-7.66666666666606,0.5,700.0,900.0,900.0,1.2349999999999748,0.6850000000000005,0.18500000000000014,4518.0,0
1.585,11284.0,9028.0,6764.0,11279.5,9023.5,6761.5,5000.0,5000.0,3000.0,-9.83333333333394,-7.66666666666606,0.5,700.0,900.0,900.0,1.2359999999999747,0.6860000000000005,0.18600000000000014,4520.0,0
1.586,11289.0,9032.0,6767.0,11284.5,9028.5,6764.5,5000.0,4000.0,3000.0,-9.83333333333394,-8.66666666666606,0.5,700.0,900.0,900.0,1.2369999999999746,0.6870000000000005,0.18700000000000014,4522.0,0
1.587,11294.0,9036.0,6770.0,11289.5,9032.5,6767.5,5000.0,4000.0,3000.0,-9.83333333333394,-8.66666666666606,0.5,700.0,900.0,900.0,1.2379999999999745,0.6880000000000005,0.18800000000000014,4524.0,0
1.588,11299.0,9040.0,6773.0,11294.5,9036.5,6770.5,5000.0,4000.0,3000.0,-9.83333333333394,-8.66666666666606,0.5,700.0,900.0,900.0,1.2389999999999743,0.6890000000000005,0.18900000000000014,4526.0,0
1.589,11304.0,9044.0,6776.0,11299.5,9040.5,6773.5,5000.0,4000.0,3000.0,-9.83333333333394,-8.66666666666606,0.5,700.0,900.0,900.0,1.2399999999999742,0.6900000000000005,0.19000000000000014,4528.0,0
1.59,11310.0,9048.0,6779.0,11304.5,9044.5,6776.5,6000.0,4000.0,3000.0,-9.83333333333394,-8.66666666666606,0.5,700.0,900.0,900.0,1.2409999999999741,0.6910000000000005,0.19100000000000014,4531.0,0
1.591,11314.0,9052.0,6782.0,11310.5,9048.5,6779.5,4000.0,4000.0,3000.0,-10.83333333333394,-8.66666666666606,0.5,700.0,900.0,900.0,1.241999999999974,0.6920000000000005,0.19200000000000014,4532.0,0
1.592,11320.0,9056.0,6785.0,11314.5,9052.5,6782.5,6000.0,4000.0,3000.0,-9.83333333333394,-8.66666666666606,0.5,700.0,900.0,900.0,1.242999999999974,0.6930000000000005,0.19300000000000014,4535.0,0
1.593,11324.0,9060.0,6788.0,11320.5,9056.5,6785.5,4000.0,4000.0,3000.0,-10.83333333333394,-8.66666666666606,0.5,700.0,900.0,900.0,1.2439999999999738,0.6940000000000005,0.19400000000000014,4536.0,0
1.594,11330.0,9064.0,6791.0,11324.5,9060.5,6788.5,6000.0,4000.0,3000.0,-9.83333333333394,-8.66666666666606,0.5,700.0,900.0,900.0,1.2449999999999737,0.6950000000000005,0.19500000000000015,4539.0,0
1.595,11334.0,9068.0,6794.0,11330.5,9064.5,6791.5,4000.0,4000.0,3000.0,-10.83333333333394,-8.66666666666606,0.5,700.0,900.0,900.0,1.2459999999999736,0.6960000000000005,0.19600000000000015,4540.0,0
1.596,11340.0,9072.0,6797.0,11334.5,9068.5,6794.5,6000.0,4000.0,3000.0,-9.83333333333394,-8.66666666666606,0.5,700.0,900.0,900.0,1.2469999999999735,0.6970000000000005,0.19700000000000015,4543.0,0
1.597,11344.0,9076.0,6800.0,11340.5,9072.5,6797.5,4000.0,4000.0,3000.0,-10.83333333333394,-8.66666666666606,0.5,700.0,900.0,900.0,1.2479999999999734,0.6980000000000005,0.19800000000000015,4544.0,0
1.598,11350.0,9080.0,6803.0,11344.5,9076.5,6800.5,6000.0,4000.0,3000.0,-9.83333333333394,-8.66666666666606,0.5,700.0,900.0,900.0,1.2489999999999732,0.6990000000000005,0.19900000000000015,4547.0,0
1.599,11354.0,9084.0,6806.0,11350.5,9080.5,6803.5,4000.0,4000.0,3000.0,-10.83333333333394,-8.66666666666606,0.5,700.0,900.0,900.0,1.2499999999999731,0.7000000000000005,0.20000000000000015,4548.0,0
1.6,11360.0,9088.0,6809.0,11354.5,9084.5,6806.5,6000.0,4000.0,3000.0,-9.83333333333394,-8.66666666666606,0.5,700.0,900.0,900.0,1.250999999999973,0.7010000000000005,0.20100000000000015,4551.0,0
1.601,11364.0,9092.0,6812.0,11360.5,9088.5,6809.5,4000.0,4000.0,3000.0,-10.83333333333394,-8.66666666666606,0.5,700.0,900.0,900.0,1.251999999999973,0.7020000000000005,0.20200000000000015,4552.0,0
1.602,11369.0,9096.0,6815.0,11364.5,9092.5,6812.5,5000.0,4000.0,3000.0,-9.83333333333394,-8.66666666666606,0.5,700.0,900.0,900.0,1.2529999999999728,0.7030000000000005,0.20300000000000015,4554.0,0
1.603,11375.0,9100.0,6818.0,11369.5,9096.5,6815.5,6000.0,4000.0,3000.0,-9.83333333333394,-8.66666666666606,0.5,700.0,900.0,900.0,1.2539999999999727,0.7040000000000005,0.20400000000000015,4557.0,0
1.604,11379.0,9104.0,6821.0,11375.5,9100.5,6818.5,4000.0,4000.0,3000.0,-10.83333333333394,-8.66666666666606,0.5,700.0,900.0,900.0,1.2549999999999726,0.7050000000000005,0.20500000000000015,4558.0,0
1.605,11384.0,9108.0,6824.0,11379.5,9104.5,6821.5,5000.0,4000.0,3000.0,-9.83333333333394,-8.66666666666606,0.5,700.0,900.0,900.0,1.2559999999999725,0.7060000000000005,0.20600000000000016,4560.0,0
1.606,11390.0,9112.0,6827.0,11384.5,9108.5,6824.5,6000.0,4000.0,3000.0,-9.83333333333394,-8.66666666666606,0.5,700.0,900.0,900.0,1.2569999999999724,0.7070000000000005,0.20700000000000016,4563.0,0
1.607,11394.0,9116.0,6831.0,11390.5,9112.5,6827.5,4000.0,4000.0,4000.0,-10.83333333333394,-8.66666666666606,0.5,700.0,900.0,900.0,1.2579999999999723,0.7080000000000005,0.20800000000000016,4563.0,0
1.608,11399.0,9120.0,6834.0,11394.5,9116.5,6831.5,5000.0,4000.0,3000.0,-8.16666666666606,-7.33333333333394,0.5,700.0,900.0,900.0,1.2589999999999721,0.7090000000000005,0.20900000000000016,4565.0,0
1.609,11404.0,9124.0,6837.0,11399.5,9120.5,6834.5,5000.0,4000.0,3000.0,-8.16666666666606,-7.33333333333394,0.5,700.0,900.0,900.0,1.259999999999972,0.7100000000000005,0.21000000000000016,4567.0,0
1.61,11410.0,9128.0,6840.0,11404.5,9124.5,6837.5,6000.0,4000.0,3000.0,-8.16666666666606,-7.33333333333394,0.5,700.0,900.0,900.0,1.260999999999972,0.7110000000000005,0.21100000000000016,4570.0,0
1.611,11415.0,9132.0,6843.0,11410.5,9128.5,6840.5,5000.0,4000.0,3000.0,-9.16666666666606,-7.33333333333394,0.5,700.0,900.0,900.0,1.2619999999999718,0.7120000000000005,0.21200000000000016,4572.0,0
1.612,11420.0,9136.0,6846.0,11415.5,9132.5,6843.5,5000.0,4000.0,3000.0,-9.16666666666606,-7.33333333333394,0.5,700.0,900.0,900.0,1.2629999999999717,0.7130000000000005,0.21300000000000016,4574.0,0
1.613,11425.0,9140.0,6849.0,11420.5,9136.5,6846.5,5000.0,4000.0,3000.0,-9.16666666666606,-7.33333333333394,0.5,700.0,900.0,900.0,1.2639999999999716,0.7140000000000005,0.21400000000000016,4576.0,0
1.614,11430.0,9144.0,6852.0,11425.5,9140.5,6849.5,5000.0,4000.0,3000.0,-9.16666666666606,-7.33333333333394,0.5,700.0,900.0,900.0,1.2649999999999715,0.7150000000000005,0.21500000000000016,4578.0,0
1.615,11435.0,9148.0,6855.0,11430.5,9144.5,6852.5,5000.0,4000.0,3000.0,-9.16666666666606,-7.33333333333394,0.5,700.0,900.0,900.0,1.2659999999999714,0.7160000000000005,0.21600000000000016,4580.0,0
1.616,11440.0,9152.0,6858.0,11435.5,9148.5,6855.5,5000.0,4000.0,3000.0,-9.16666666666606,-7.33333333333394,0.5,700.0,900.0,900.0,1.2669999999999713,0.7170000000000005,0.21700000000000016,4582.0,0
1.617,11445.0,9156.0,6861.0,11440.5,9152.5,6858.5,5000.0,4000.0,3000.0,-9.16666666666606,-7.33333333333394,0.5,700.0,900.0,900.0,1.2679999999999712,0.7180000000000005,0.21800000000000017,4584.0,0
1.618,11450.0,9160.0,6864.0,11445.5,9156.5,6861.5,5000.0,4000.0,3000.0,-9.16666666666606,-7.33333333333394,0.5,700.0,900.0,900.0,1.268999999999971,0.7190000000000005,0.21900000000000017,4586.0,0
1.619,11455.0,9164.0,6867.0,11450.5,9160.5,6864.5,5000.0,4000.0,3000.0,-9.16666666666606,-7.33333333333394,0.5,700.0,900.0,900.0,1.269999999999971,0.7200000000000005,0.22000000000000017,4588.0,0
1.62,11460.0,9168.0,6870.0,11455.5,9164.5,6867.5,5000.0,4000.0,3000.0,-9.16666666666606,-7.33333333333394,0.5,700.0,900.0,900.0,1.2709999999999708,0.7210000000000005,0.22100000000000017,4590.0,0
1.621,11465.0,9172.0,6873.0,11460.5,9168.5,6870.5,5000.0,4000.0,3000.0,-9.16666666666606,-7.33333333333394,0.5,700.0,900.0,900.0,1.2719999999999707,0.7220000000000005,0.22200000000000017,4592.0,0
1.622,11470.0,9176.0,6876.0,11465.5,9172.5,6873.5,5000.0,4000.0,3000.0,-9.16666666666606,-7.33333333333394,0.5,700.0,900.0,900.0,1.2729999999999706,0.7230000000000005,0.22300000000000017,4594.0,0
1.623,11475.0,9180.0,6879.0,11470.5,9176.5,6876.5,5000.0,4000.0,3000.0,-9.16666666666606,-7.33333333333394,0.5,700.0,900.0,900.0,1.2739999999999705,0.7240000000000005,0.22400000000000017,4596.0,0
1.624,11480.0,9184.0,6882.0,11475.5,9180.5,6879.5,5000.0,4000.0,3000.0,-9.16666666666606,-7.33333333333394,0.5,700.0,900.0,900.0,1.2749999999999704,0.7250000000000005,0.22500000000000017,4598.0,0
1.625,11485.0,9188.0,6885.0,11480.5,9184.5,6882.5,5000.0,4000.0,3000.0,-9.16666666666606,-7.33333333333394,0.5,700.0,900.0,900.0,1.2759999999999703,0.7260000000000005,0.22600000000000017,4600.0,0
1.6260000000000001,11490.0,9192.0,6888.0,11485.5,9188.5,6885.5,5000.0,4000.0,3000.0,-9.16666666666606,-7.33333333333394,0.5,700.0,900.0,900.0,1.2769999999999702,0.7270000000000005,0.22700000000000017,4602.0,0
1.627,11495.0,9196.0,6891.0,11490.5,9192.5,6888.5,5000.0,4000.0,3000.0,-9.16666666666606,-7.33333333333394,0.5,700.0,900.0,900.0,1.27799999999997,0.7280000000000005,0.22800000000000017,4604.0,0
1.6280000000000001,11501.0,9200.0,6894.0,11495.5,9196.5,6891.5,6000.0,4000.0,3000.0,-9.16666666666606,-7.33333333333394,0.5,700.0,900.0,900.0,1.27899999999997,0.7290000000000005,0.22900000000000018,4607.0,0
1.629,11505.0,9204.0,6897.0,11501.5,9200.5,6894.5,4000.0,4000.0,3000.0,-10.16666666666606,-7.33333333333394,0.5,700.0,900.0,900.0,1.2799999999999698,0.7300000000000005,0.23000000000000018,4608.0,0
1.6300000000000001,11510.0,9208.0,6900.0,11505.5,9204.5,6897.5,5000.0,4000.0,3000.0,-9.16666666666606,-7.33333333333394,0.5,700.0,900.0,900.0,1.2809999999999697,0.7310000000000005,0.23100000000000018,4610.0,0
1.631,11516.0,9212.0,6903.0,11510.5,9208.5,6900.5,6000.0,4000.0,3000.0,-9.16666666666606,-7.33333333333394,0.5,700.0,900.0,900.0,1.2819999999999696,0.7320000000000005,0.23200000000000018,4613.0,0
1.6320000000000001,11520.0,9216.0,6906.0,11516.5,9212.5,6903.5,4000.0,4000.0,3000.0,-10.16666666666606,-7.33333333333394,0.5,700.0,900.0,900.0,1.2829999999999695,0.7330000000000005,0.23300000000000018,4614.0,0
1.633,11525.0,9220.0,6909.0,11520.5,9216.5,6906.5,5000.0,4000.0,3000.0,-9.16666666666606,-7.33333333333394,0.5,700.0,900.0,900.0,1.2839999999999694,0.7340000000000005,0.23400000000000018,4616.0,0
1.6340000000000001,11530.0,9224.0,6912.0,11525.5,9220.5,6909.5,5000.0,4000.0,3000.0,-9.16666666666606,-7.33333333333394,0.5,700.0,900.0,900.0,1.2849999999999693,0.7350000000000005,0.23500000000000018,4618.0,0
1.635,11535.0,9228.0,6915.0,11530.5,9224.5,6912.5,5000.0,4000.0,3000.0,-9.16666666666606,-7.33333333333394,0.5,700.0,900.0,900.0,1.2859999999999692,0.7360000000000005,0.23600000000000018,4620.0,0
1.6360000000000001,11541.0,9232.0,6918.0,11535.5,9228.5,6915.5,6000.0,4000.0,3000.0,-9.16666666666606,-7.33333333333394,0.5,700.0,900.0,900.0,1.286999999999969,0.7370000000000005,0.23700000000000018,4623.0,0
1.637,11545.0,9236.0,6921.0,11541.5,9232.5,6918.5,4000.0,4000.0,3000.0,-10.16666666666606,-7.33333333333394,0.5,700.0,900.0,900.0,1.287999999999969,0.7380000000000005,0.23800000000000018,4624.0,0
1.6380000000000001,11550.0,9240.0,6924.0,11545.5,9236.5,6921.5,5000.0,4000.0,3000.0,-9.16666666666606,-7.33333333333394,0.5,700.0,900.0,900.0,1.2889999999999688,0.7390000000000005,0.23900000000000018,4626.0,0
1.639,11555.0,9244.0,6927.0,11550.5,9240.5,6924.5,5000.0,4000.0,3000.0,-9.16666666666606,-7.33333333333394,0.5,700.0,900.0,900.0,1.2899999999999687,0.7400000000000005,0.24000000000000019,4628.0,0
1.6400000000000001,11560.0,9248.0,6930.0,11555.5,9244.5,6927.5,5000.0,4000.0,3000.0,-9.16666666666606,-7.33333333333394,0.5,700.0,900.0,900.0,1.2909999999999686,0.7410000000000005,0.2410000000000002,4630.0,0
1.641,11566.0,9252.0,6933.0,11560.5,9248.5,6930.5,6000.0,4000.0,3000.0,-9.16666666666606,-7.33333333333394,0.5,700.0,900.0,900.0,1.2919999999999685,0.7420000000000005,0.2420000000000002,4633.0,0
1.6420000000000001,11570.0,9256.0,6937.0,11566.5,9252.5,6933.5,4000.0,4000.0,4000.0,-10.16666666666606,-7.33333333333394,0.5,700.0,900.0,900.0,1.2929999999999684,0.7430000000000005,0.2430000000000002,4633.0,0
1.643,11575.0,9260.0,6940.0,11570.5,9256.5,6937.5,5000.0,4000.0,3000.0,-7.5,-6.0,0.5,700.0,900.0,900.0,1.2939999999999683,0.7440000000000005,0.2440000000000002,4635.0,0
1.6440000000000001,11580.0,9264.0,6943.0,11575.5,9260.5,6940.5,5000.0,4000.0,3000.0,-7.5,-6.0,0.5,700.0,900.0,900.0,1.2949999999999682,0.7450000000000006,0.2450000000000002,4637.0,0
1.645,11585.0,9268.0,6946.0,11580.5,9264.5,6943.5,5000.0,4000.0,3000.0,-7.5,-6.0,0.5,700.0,900.0,900.0,1.295999999999968,0.7460000000000006,0.2460000000000002,4639.0,0
1.6460000000000001,11591.0,9272.0,6949.0,11585.5,9268.5,6946.5,6000.0,4000.0,3000.0,-7.5,-6.0,0.5,700.0,900.0,900.0,1.296999999999968,0.7470000000000006,0.2470000000000002,4642.0,0
1.647,11596.0,9276.0,6952.0,11591.5,9272.5,6949.5,5000.0,4000.0,3000.0,-8.5,-6.0,0.5,700.0,900.0,900.0,1.2979999999999678,0.7480000000000006,0.2480000000000002,4644.0,0
1.6480000000000001,11601.0,9280.0,6955.0,11596.5,9276.5,6952.5,5000.0,4000.0,3000.0,-8.5,-6.0,0.5,700.0,900.0,900.0,1.2989999999999677,0.7490000000000006,0.2490000000000002,4646.0,0
1.649,11606.0,9284.0,6958.0,11601.5,9280.5,6955.5,5000.0,4000.0,3000.0,-8.5,-6.0,0.5,700.0,900.0,900.0,1.2999999999999676,0.7500000000000006,0.25000000000000017,4648.0,0
1.6500000000000001,11611.0,9288.0,6961.0,11606.5,9284.5,6958.5,5000.0,4000.0,3000.0,-8.5,-6.0,0.5,700.0,900.0,900.0,1.3009999999999675,0.7510000000000006,0.25100000000000017,4650.0,0
1.651,11616.0,9292.0,6964.0,11611.5,9288.5,6961.5,5000.0,4000.0,3000.0,-8.5,-6.0,0.5,700.0,900.0,900.0,1.3019999999999674,0.7520000000000006,0.25200000000000017,4652.0,0
1.6520000000000001,11621.0,9296.0,6967.0,11616.5,9292.5,6964.5,5000.0,4000.0,3000.0,-8.5,-6.0,0.5,700.0,900.0,900.0,1.3029999999999673,0.7530000000000006,0.25300000000000017,4654.0,0
1.653,11626.0,9300.0,6970.0,11621.5,9296.5,6967.5,5000.0,4000.0,3000.0,-8.5,-6.0,0.5,700.0,900.0,900.0,1.3039999999999672,0.7540000000000006,0.25400000000000017,4656.0,0
1.6540000000000001,11631.0,9304.0,6973.0,11626.5,9300.5,6970.5,5000.0,4000.0,3000.0,-8.5,-6.0,0.5,700.0,900.0,900.0,1.304999999999967,0.7550000000000006,0.25500000000000017,4658.0,0
1.655,11636.0,9308.0,6976.0,11631.5,9304.5,6973.5,5000.0,4000.0,3000.0,-8.5,-6.0,0.5,700.0,900.0,900.0,1.305999999999967,0.7560000000000006,0.25600000000000017,4660.0,0
1.6560000000000001,11641.0,9312.0,6979.0,11636.5,9308.5,6976.5,5000.0,4000.0,3000.0,-8.5,-6.0,0.5,700.0,900.0,900.0,1.3069999999999669,0.7570000000000006,0.2570000000000002,4662.0,0
1.657,11646.0,9316.0,6982.0,11641.5,9312.5,6979.5,5000.0,4000.0,3000.0,-8.5,-6.0,0.5,700.0,900.0,900.0,1.3079999999999667,0.7580000000000006,0.2580000000000002,4664.0,0
1.6580000000000001,11651.0,9320.0,6985.0,11646.5,9316.5,6982.5,5000.0,4000.0,3000.0,-8.5,-6.0,0.5,700.0,900.0,900.0,1.3089999999999666,0.7590000000000006,0.2590000000000002,4666.0,0
1.659,11656.0,9324.0,6988.0,11651.5,9320.5,6985.5,5000.0,4000.0,3000.0,-8.5,-6.0,0.5,700.0,900.0,900.0,1.3099999999999665,0.7600000000000006,0.2600000000000002,4668.0,0
1.6600000000000001,11661.0,9328.0,6991.0,11656.5,9324.5,6988.5,5000.0,4000.0,3000.0,-8.5,-6.0,0.5,700.0,900.0,900.0,1.3109999999999664,0.7610000000000006,0.2610000000000002,4670.0,0
1.661,11666.0,9332.0,6994.0,11661.5,9328.5,6991.5,5000.0,4000.0,3000.0,-8.5,-6.0,0.5,700.0,900.0,900.0,1.3119999999999663,0.7620000000000006,0.2620000000000002,4672.0,0
1.6620000000000001,11671.0,9336.0,6997.0,11666.5,9332.5,6994.5,5000.0,4000.0,3000.0,-8.5,-6.0,0.5,700.0,900.0,900.0,1.3129999999999662,0.7630000000000006,0.2630000000000002,4674.0,0
1.663,11676.0,9340.0,7000.0,11671.5,9336.5,6997.5,5000.0,4000.0,3000.0,-8.5,-6.0,0.5,700.0,900.0,900.0,1.313999999999966,0.7640000000000006,0.2640000000000002,4676.0,0
1.6640000000000001,11681.0,9344.0,7003.0,11676.5,9340.5,7000.5,5000.0,4000.0,3000.0,-8.5,-6.0,0.5,700.0,900.0,900.0,1.314999999999966,0.7650000000000006,0.2650000000000002,4678.0,0
1.665,11686.0,9348.0,7006.0,11681.5,9344.5,7003.5,5000.0,4000.0,3000.0,-8.5,-6.0,0.5,700.0,900.0,900.0,1.3159999999999659,0.7660000000000006,0.2660000000000002,4680.0,0
1.666,11691.0,9352.0,7009.0,11686.5,9348.5,7006.5,5000.0,4000.0,3000.0,-8.5,-6.0,0.5,700.0,900.0,900.0,1.3169999999999658,0.7670000000000006,0.2670000000000002,4682.0,0
1.667,11696.0,9356.0,7012.0,11691.5,9352.5,7009.5,5000.0,4000.0,3000.0,-8.5,-6.0,0.5,700.0,900.0,900.0,1.3179999999999656,0.7680000000000006,0.2680000000000002,4684.0,0
1.668,11701.0,9361.0,7015.0,11696.5,9356.5,7012.5,5000.0,5000.0,3000.0,-8.5,-6.0,0.5,700.0,900.0,900.0,1.3189999999999655,0.7690000000000006,0.2690000000000002,4686.0,0
1.669,11706.0,9365.0,7018.0,11701.5,9361.5,7015.5,5000.0,4000.0,3000.0,-8.5,-7.0,0.5,700.0,900.0,900.0,1.3199999999999654,0.7700000000000006,0.2700000000000002,4688.0,0
1.67,11711.0,9369.0,7021.0,11706.5,9365.5,7018.5,5000.0,4000.0,3000.0,-8.5,-7.0,0.5,700.0,900.0,900.0,1.3209999999999653,0.7710000000000006,0.2710000000000002,4690.0,0
1.671,11716.0,9373.0,7024.0,11711.5,9369.5,7021.5,5000.0,4000.0,3000.0,-8.5,-7.0,0.5,700.0,900.0,900.0,1.3219999999999652,0.7720000000000006,0.2720000000000002,4692.0,0
1.672,11721.0,9377.0,7027.0,11716.5,9373.5,7024.5,5000.0,4000.0,3000.0,-8.5,-7.0,0.5,700.0,900.0,900.0,1.322999999999965,0.7730000000000006,0.2730000000000002,4694.0,0
1.673,11726.0,9381.0,7030.0,11721.5,9377.5,7027.5,5000.0,4000.0,3000.0,-8.5,-7.0,0.5,700.0,900.0,900.0,1.323999999999965,0.7740000000000006,0.2740000000000002,4696.0,0
1.674,11731.0,9385.0,7033.0,11726.5,9381.5,7030.5,5000.0,4000.0,3000.0,-8.5,-7.0,0.5,700.0,900.0,900.0,1.3249999999999649,0.7750000000000006,0.2750000000000002,4698.0,0
1.675,11736.0,9389.0,7036.0,11731.5,9385.5,7033.5,5000.0,4000.0,3000.0,-8.5,-7.0,0.5,700.0,900.0,900.0,1.3259999999999648,0.7760000000000006,0.2760000000000002,4700.0,0
1.676,11741.0,9393.0,7039.0,11736.5,9389.5,7036.5,5000.0,4000.0,3000.0,-8.5,-7.0,0.5,700.0,900.0,900.0,1.3269999999999647,0.7770000000000006,0.2770000000000002,4702.0,0
1.677,11746.0,9397.0,7043.0,11741.5,9393.5,7039.5,5000.0,4000.0,4000.0,-8.5,-7.0,0.5,700.0,900.0,900.0,1.3279999999999645,0.7780000000000006,0.2780000000000002,4703.0,0
1.678,11751.0,9401.0,7046.0,11746.5,9397.5,7043.5,5000.0,4000.0,3000.0,-6.83333333333394,-5.66666666666606,0.5,700.0,900.0,900.0,1.3289999999999644,0.7790000000000006,0.2790000000000002,4705.0,0
1.679,11757.0,9405.0,7049.0,11751.5,9401.5,7046.5,6000.0,4000.0,3000.0,-6.83333333333394,-5.66666666666606,0.5,700.0,900.0,900.0,1.3299999999999643,0.7800000000000006,0.2800000000000002,4708.0,0
1.68,11762.0,9409.0,7052.0,11757.5,9405.5,7049.5,5000.0,4000.0,3000.0,-7.83333333333394,-5.66666666666606,0.5,700.0,900.0,900.0,1.3309999999999642,0.7810000000000006,0.2810000000000002,4710.0,0
1.681,11767.0,9413.0,7055.0,11762.5,9409.5,7052.5,5000.0,4000.0,3000.0,-7.83333333333394,-5.66666666666606,0.5,700.0,900.0,900.0,1.331999999999964,0.7820000000000006,0.2820000000000002,4712.0,0
1.682,11772.0,9417.0,7058.0,11767.5,9413.5,7055.5,5000.0,4000.0,3000.0,-7.83333333333394,-5.66666666666606,0.5,700.0,900.0,900.0,1.332999999999964,0.7830000000000006,0.2830000000000002,4714.0,0
1.683,11777.0,9421.0,7061.0,11772.5,9417.5,7058.5,5000.0,4000.0,3000.0,-7.83333333333394,-5.66666666666606,0.5,700.0,900.0,900.0,1.3339999999999639,0.7840000000000006,0.2840000000000002,4716.0,0
1.684,11782.0,9425.0,7064.0,11777.5,9421.5,7061.5,5000.0,4000.0,3000.0,-7.83333333333394,-5.66666666666606,0.5,700.0,900.0,900.0,1.3349999999999638,0.7850000000000006,0.2850000000000002,4718.0,0
1.685,11787.0,9429.0,7067.0,11782.5,9425.5,7064.5,5000.0,4000.0,3000.0,-7.83333333333394,-5.66666666666606,0.5,700.0,900.0,900.0,1.3359999999999637,0.7860000000000006,0.2860000000000002,4720.0,0
1.686,11792.0,9433.0,7070.0,11787.5,9429.5,7067.5,5000.0,4000.0,3000.0,-7.83333333333394,-5.66666666666606,0.5,700.0,900.0,900.0,1.3369999999999636,0.7870000000000006,0.2870000000000002,4722.0,0
1.687,11797.0,9437.0,7073.0,11792.5,9433.5,7070.5,5000.0,4000.0,3000.0,-7.83333333333394,-5.66666666666606,0.5,700.0,900.0,900.0,1.3379999999999634,0.7880000000000006,0.2880000000000002,4724.0,0
1.688,11802.0,9441.0,7076.0,11797.5,9437.5,7073.5,5000.0,4000.0,3000.0,-7.83333333333394,-5.66666666666606,0.5,700.0,900.0,900.0,1.3389999999999633,0.7890000000000006,0.2890000000000002,4726.0,0
1.689,11807.0,9445.0,7079.0,11802.5,9441.5,7076.5,5000.0,4000.0,3000.0,-7.83333333333394,-5.66666666666606,0.5,700.0,900.0,900.0,1.3399999999999632,0.7900000000000006,0.2900000000000002,4728.0,0
1.69,11812.0,9449.0,7082.0,11807.5,9445.5,7079.5,5000.0,4000.0,3000.0,-7.83333333333394,-5.66666666666606,0.5,700.0,900.0,900.0,1.340999999999963,0.7910000000000006,0.2910000000000002,4730.0,0
1.691,11817.0,9453.0,7085.0,11812.5,9449.5,7082.5,5000.0,4000.0,3000.0,-7.83333333333394,-5.66666666666606,0.5,700.0,900.0,900.0,1.341999999999963,0.7920000000000006,0.2920000000000002,4732.0,0
1.692,11822.0,9457.0,7088.0,11817.5,9453.5,7085.5,5000.0,4000.0,3000.0,-7.83333333333394,-5.66666666666606,0.5,700.0,900.0,900.0,1.342999999999963,0.7930000000000006,0.2930000000000002,4734.0,0
1.693,11827.0,9461.0,7091.0,11822.5,9457.5,7088.5,5000.0,4000.0,3000.0,-7.83333333333394,-5.66666666666606,0.5,700.0,900.0,900.0,1.3439999999999628,0.7940000000000006,0.2940000000000002,4736.0,0
1.694,11832.0,9465.0,7094.0,11827.5,9461.5,7091.5,5000.0,4000.0,3000.0,-7.83333333333394,-5.66666666666606,0.5,700.0,900.0,900.0,1.3449999999999627,0.7950000000000006,0.2950000000000002,4738.0,0
1.695,11837.0,9469.0,7097.0,11832.5,9465.5,7094.5,5000.0,4000.0,3000.0,-7.83333333333394,-5.66666666666606,0.5,700.0,900.0,900.0,1.3459999999999626,0.7960000000000006,0.2960000000000002,4740.0,0
1.696,11842.0,9473.0,7100.0,11837.5,9469.5,7097.5,5000.0,4000.0,3000.0,-7.83333333333394,-5.66666666666606,0.5,700.0,900.0,900.0,1.3469999999999624,0.7970000000000006,0.2970000000000002,4742.0,0
1.697,11847.0,9477.0,7103.0,11842.5,9473.5,7100.5,5000.0,4000.0,3000.0,-7.83333333333394,-5.66666666666606,0.5,700.0,900.0,900.0,1.3479999999999623,0.7980000000000006,0.2980000000000002,4744.0,0
1.698,11852.0,9481.0,7106.0,11847.5,9477.5,7103.5,5000.0,4000.0,3000.0,-7.83333333333394,-5.66666666666606,0.5,700.0,900.0,900.0,1.3489999999999622,0.7990000000000006,0.2990000000000002,4746.0,0
1.699,11857.0,9485.0,7109.0,11852.5,9481.5,7106.5,5000.0,4000.0,3000.0,-7.83333333333394,-5.66666666666606,0.5,700.0,900.0,900.0,1.3499999999999621,0.8000000000000006,0.3000000000000002,4748.0,0
1.7,11862.0,9489.0,7112.0,11857.5,9485.5,7109.5,5000.0,4000.0,3000.0,-7.83333333333394,-5.66666666666606,0.5,700.0,900.0,900.0,1.350999999999962,0.8010000000000006,0.3010000000000002,4750.0,0
1.701,11867.0,9493.0,7115.0,11862.5,9489.5,7112.5,5000.0,4000.0,3000.0,-7.83333333333394,-5.66666666666606,0.5,700.0,900.0,900.0,1.351999999999962,0.8020000000000006,0.3020000000000002,4752.0,0
1.702,11872.0,9497.0,7118.0,11867.5,9493.5,7115.5,5000.0,4000.0,3000.0,-7.83333333333394,-5.66666666666606,0.5,700.0,900.0,900.0,1.3529999999999618,0.8030000000000006,0.3030000000000002,4754.0,0
1.703,11877.0,9501.0,7121.0,11872.5,9497.5,7118.5,5000.0,4000.0,3000.0,-7.83333333333394,-5.66666666666606,0.5,700.0,900.0,900.0,1.3539999999999617,0.8040000000000006,0.3040000000000002,4756.0,0
1.704,11882.0,9505.0,7124.0,11877.5,9501.5,7121.5,5000.0,4000.0,3000.0,-7.83333333333394,-5.66666666666606,0.5,700.0,900.0,900.0,1.3549999999999616,0.8050000000000006,0.3050000000000002,4758.0,0
1.705,11887.0,9509.0,7127.0,11882.5,9505.5,7124.5,5000.0,4000.0,3000.0,-7.83333333333394,-5.66666666666606,0.5,700.0,900.0,900.0,1.3559999999999615,0.8060000000000006,0.3060000000000002,4760.0,0
1.706,11892.0,9513.0,7130.0,11887.5,9509.5,7127.5,5000.0,4000.0,3000.0,-7.83333333333394,-5.66666666666606,0.5,700.0,900.0,900.0,1.3569999999999613,0.8070000000000006,0.3070000000000002,4762.0,0
1.707,11897.0,9517.0,7133.0,11892.5,9513.5,7130.5,5000.0,4000.0,3000.0,-7.83333333333394,-5.66666666666606,0.5,700.0,900.0,900.0,1.3579999999999612,0.8080000000000006,0.3080000000000002,4764.0,0
1.708,11902.0,9521.0,7136.0,11897.5,9517.5,7133.5,5000.0,4000.0,3000.0,-7.83333333333394,-5.66666666666606,0.5,700.0,900.0,900.0,1.3589999999999611,0.8090000000000006,0.3090000000000002,4766.0,0
1.709,11907.0,9525.0,7139.0,11902.5,9521.5,7136.5,5000.0,4000.0,3000.0,-7.83333333333394,-5.66666666666606,0.5,700.0,900.0,900.0,1.359999999999961,0.8100000000000006,0.3100000000000002,4768.0,0
1.71,11912.0,9529.0,7142.0,11907.5,9525.5,7139.5,5000.0,4000.0,3000.0,-7.83333333333394,-5.66666666666606,0.5,700.0,900.0,900.0,1.360999999999961,0.8110000000000006,0.3110000000000002,4770.0,0
1.711,11918.0,9533.0,7145.0,11912.5,9529.5,7142.5,6000.0,4000.0,3000.0,-7.83333333333394,-5.66666666666606,0.5,700.0,900.0,900.0,1.3619999999999608,0.8120000000000006,0.3120000000000002,4773.0,0
1.712,11923.0,9537.0,7149.0,11918.5,9533.5,7145.5,5000.0,4000.0,4000.0,-8.83333333333394,-5.66666666666606,0.5,700.0,900.0,900.0,1.3629999999999607,0.8130000000000006,0.3130000000000002,4774.0,0
1.713,11928.0,9541.0,7152.0,11923.5,9537.5,7149.5,5000.0,4000.0,3000.0,-7.16666666666606,-4.33333333333394,0.5,700.0,900.0,900.0,1.3639999999999606,0.8140000000000006,0.3140000000000002,4776.0,0
1.714,11933.0,9545.0,7155.0,11928.5,9541.5,7152.5,5000.0,4000.0,3000.0,-7.16666666666606,-4.33333333333394,0.5,700.0,900.0,900.0,1.3649999999999605,0.8150000000000006,0.3150000000000002,4778.0,0
1.715,11938.0,9549.0,7158.0,11933.5,9545.5,7155.5,5000.0,4000.0,3000.0,-7.16666666666606,-4.33333333333394,0.5,700.0,900.0,900.0,1.3659999999999604,0.8160000000000006,0.3160000000000002,4780.0,0
1.716,11943.0,9553.0,7161.0,11938.5,9549.5,7158.5,5000.0,4000.0,3000.0,-7.16666666666606,-4.33333333333394,0.5,700.0,900.0,900.0,1.3669999999999602,0.8170000000000006,0.3170000000000002,4782.0,0
1.717,11948.0,9557.0,7164.0,11943.5,9553.5,7161.5,5000.0,4000.0,3000.0,-7.16666666666606,-4.33333333333394,0.5,700.0,900.0,900.0,1.3679999999999601,0.8180000000000006,0.3180000000000002,4784.0,0
1.718,11953.0,9561.0,7167.0,11948.5,9557.5,7164.5,5000.0,4000.0,3000.0,-7.16666666666606,-4.33333333333394,0.5,700.0,900.0,900.0,1.36899999999996,0.8190000000000006,0.31900000000000023,4786.0,0
1.719,11958.0,9565.0,7170.0,11953.5,9561.5,7167.5,5000.0,4000.0,3000.0,-7.16666666666606,-4.33333333333394,0.5,700.0,900.0,900.0,1.36999999999996,0.8200000000000006,0.32000000000000023,4788.0,0
1.72,11963.0,9569.0,7173.0,11958.5,9565.5,7170.5,5000.0,4000.0,3000.0,-7.16666666666606,-4.33333333333394,0.5,700.0,900.0,900.0,1.3709999999999598,0.8210000000000006,0.32100000000000023,4790.0,0
1.721,11968.0,9573.0,7176.0,11963.5,9569.5,7173.5,5000.0,4000.0,3000.0,-7.16666666666606,-4.33333333333394,0.5,700.0,900.0,900.0,1.3719999999999597,0.8220000000000006,0.32200000000000023,4792.0,0
1.722,11973.0,9577.0,7179.0,11968.5,9573.5,7176.5,5000.0,4000.0,3000.0,-7.16666666666606,-4.33333333333394,0.5,700.0,900.0,900.0,1.3729999999999596,0.8230000000000006,0.32300000000000023,4794.0,0
1.723,11978.0,9581.0,7182.0,11973.5,9577.5,7179.5,5000.0,4000.0,3000.0,-7.16666666666606,-4.33333333333394,0.5,700.0,900.0,900.0,1.3739999999999595,0.8240000000000006,0.32400000000000023,4796.0,0
1.724,11983.0,9585.0,7185.0,11978.5,9581.5,7182.5,5000.0,4000.0,3000.0,-7.16666666666606,-4.33333333333394,0.5,700.0,900.0,900.0,1.3749999999999594,0.8250000000000006,0.32500000000000023,4798.0,0
1.725,11988.0,9589.0,7188.0,11983.5,9585.5,7185.5,5000.0,4000.0,3000.0,-7.16666666666606,-4.33333333333394,0.5,700.0,900.0,900.0,1.3759999999999593,0.8260000000000006,0.32600000000000023,4800.0,0
1.726,11993.0,9593.0,7191.0,11988.5,9589.5,7188.5,5000.0,4000.0,3000.0,-7.16666666666606,-4.33333333333394,0.5,700.0,900.0,900.0,1.3769999999999591,0.8270000000000006,0.32700000000000023,4802.0,0
1.727,11998.0,9597.0,7194.0,11993.5,9593.5,7191.5,5000.0,4000.0,3000.0,-7.16666666666606,-4.33333333333394,0.5,700.0,900.0,900.0,1.377999999999959,0.8280000000000006,0.32800000000000024,4804.0,0
1.728,12003.0,9601.0,7197.0,11998.5,9597.5,7194.5,5000.0,4000.0,3000.0,-7.16666666666606,-4.33333333333394,0.5,700.0,900.0,900.0,1.378999999999959,0.8290000000000006,0.32900000000000024,4806.0,0
1.729,12008.0,9605.0,7200.0,12003.5,9601.5,7197.5,5000.0,4000.0,3000.0,-7.16666666666606,-4.33333333333394,0.5,700.0,900.0,900.0,1.3799999999999588,0.8300000000000006,0.33000000000000024,4808.0,0
1.73,12013.0,9609.0,7203.0,12008.5,9605.5,7200.5,5000.0,4000.0,3000.0,-7.16666666666606,-4.33333333333394,0.5,700.0,900.0,900.0,1.3809999999999587,0.8310000000000006,0.33100000000000024,4810.0,0
1.731,12018.0,9613.0,7206.0,12013.5,9609.5,7203.5,5000.0,4000.0,3000.0,-7.16666666666606,-4.33333333333394,0.5,700.0,900.0,900.0,1.3819999999999586,0.8320000000000006,0.33200000000000024,4812.0,0
1.732,12023.0,9617.0,7209.0,12018.5,9613.5,7206.5,5000.0,4000.0,3000.0,-7.16666666666606,-4.33333333333394,0.5,700.0,900.0,900.0,1.3829999999999585,0.8330000000000006,0.33300000000000024,4814.0,0
1.733,12028.0,9621.0,7212.0,12023.5,9617.5,7209.5,5000.0,4000.0,3000.0,-7.16666666666606,-4.33333333333394,0.5,700.0,900.0,900.0,1.3839999999999584,0.8340000000000006,0.33400000000000024,4816.0,0
1.734,12033.0,9625.0,7215.0,12028.5,9621.5,7212.5,5000.0,4000.0,3000.0,-7.16666666666606,-4.33333333333394,0.5,700.0,900.0,900.0,1.3849999999999583,0.8350000000000006,0.33500000000000024,4818.0,0
1.735,12038.0,9629.0,7218.0,12033.5,9625.5,7215.5,5000.0,4000.0,3000.0,-7.16666666666606,-4.33333333333394,0.5,700.0,900.0,900.0,1.3859999999999582,0.8360000000000006,0.33600000000000024,4820.0,0
1.736,12043.0,9633.0,7221.0,12038.5,9629.5,7218.5,5000.0,4000.0,3000.0,-7.16666666666606,-4.33333333333394,0.5,700.0,900.0,900.0,1.386999999999958,0.8370000000000006,0.33700000000000024,4822.0,0
1.737,12048.0,9637.0,7224.0,12043.5,9633.5,7221.5,5000.0,4000.0,3000.0,-7.16666666666606,-4.33333333333394,0.5,700.0,900.0,900.0,1.387999999999958,0.8380000000000006,0.33800000000000024,4824.0,0
1.738,12053.0,9641.0,7227.0,12048.5,9637.5,7224.5,5000.0,4000.0,3000.0,-7.16666666666606,-4.33333333333394,0.5,700.0,900.0,900.0,1.3889999999999578,0.8390000000000006,0.33900000000000025,4826.0,0
1.739,12058.0,9645.0,7230.0,12053.5,9641.5,7227.5,5000.0,4000.0,3000.0,-7.16666666666606,-4.33333333333394,0.5,700.0,900.0,900.0,1.3899999999999577,0.8400000000000006,0.34000000000000025,4828.0,0
1.74,12063.0,9649.0,7233.0,12058.5,9645.5,7230.5,5000.0,4000.0,3000.0,-7.16666666666606,-4.33333333333394,0.5,700.0,900.0,900.0,1.3909999999999576,0.8410000000000006,0.34100000000000025,4830.0,0
1.741,12068.0,9653.0,7236.0,12063.5,9649.5,7233.5,5000.0,4000.0,3000.0,-7.16666666666606,-4.33333333333394,0.5,700.0,900.0,900.0,1.3919999999999575,0.8420000000000006,0.34200000000000025,4832.0,0
1.742,12073.0,9657.0,7239.0,12068.5,9653.5,7236.5,5000.0,4000.0,3000.0,-7.16666666666606,-4.33333333333394,0.5,700.0,900.0,900.0,1.3929999999999574,0.8430000000000006,0.34300000000000025,4834.0,0
1.743,12078.0,9661.0,7242.0,12073.5,9657.5,7239.5,5000.0,4000.0,3000.0,-7.16666666666606,-4.33333333333394,0.5,700.0,900.0,900.0,1.3939999999999573,0.8440000000000006,0.34400000000000025,4836.0,0
1.744,12084.0,9665.0,7245.0,12078.5,9661.5,7242.5,6000.0,4000.0,3000.0,-7.16666666666606,-4.33333333333394,0.5,700.0,900.0,900.0,1.3949999999999572,0.8450000000000006,0.34500000000000025,4839.0,0
1.745,12089.0,9669.0,7248.0,12084.5,9665.5,7245.5,5000.0,4000.0,3000.0,-8.16666666666606,-4.33333333333394,0.5,700.0,900.0,900.0,1.395999999999957,0.8460000000000006,0.34600000000000025,4841.0,0
1.746,12094.0,9673.0,7251.0,12089.5,9669.5,7248.5,5000.0,4000.0,3000.0,-8.16666666666606,-4.33333333333394,0.5,700.0,900.0,900.0,1.396999999999957,0.8470000000000006,0.34700000000000025,4843.0,0
1.747,12099.0,9677.0,7255.0,12094.5,9673.5,7251.5,5000.0,4000.0,4000.0,-8.16666666666606,-4.33333333333394,0.5,700.0,900.0,900.0,1.3979999999999568,0.8480000000000006,0.34800000000000025,4844.0,0
1.748,12104.0,9681.0,7258.0,12099.5,9677.5,7255.5,5000.0,4000.0,3000.0,-6.5,-3.0,0.5,700.0,900.0,900.0,1.3989999999999567,0.8490000000000006,0.34900000000000025,4846.0,0
1.749,12109.0,9685.0,7261.0,12104.5,9681.5,7258.5,5000.0,4000.0,3000.0,-6.5,-3.0,0.5,700.0,900.0,900.0,1.3999999999999566,0.8500000000000006,0.35000000000000026,4848.0,0
1.75,12114.0,9689.0,7264.0,12109.5,9685.5,7261.5,5000.0,4000.0,3000.0,-6.5,-3.0,0.5,700.0,900.0,900.0,1.4009999999999565,0.8510000000000006,0.35100000000000026,4850.0,0
1.7510000000000001,12119.0,9694.0,7267.0,12114.5,9689.5,7264.5,5000.0,5000.0,3000.0,-6.5,-3.0,0.5,700.0,900.0,900.0,1.4019999999999564,0.8520000000000006,0.35200000000000026,4852.0,0
1.752,12124.0,9698.0,7270.0,12119.5,9694.5,7267.5,5000.0,4000.0,3000.0,-6.5,-4.0,0.5,700.0,900.0,900.0,1.4029999999999563,0.8530000000000006,0.35300000000000026,4854.0,0
1.7530000000000001,12129.0,9702.0,7273.0,12124.5,9698.5,7270.5,5000.0,4000.0,3000.0,-6.5,-4.0,0.5,700.0,900.0,900.0,1.4039999999999562,0.8540000000000006,0.35400000000000026,4856.0,0
1.754,12134.0,9706.0,7276.0,12129.5,9702.5,7273.5,5000.0,4000.0,3000.0,-6.5,-4.0,0.5,700.0,900.0,900.0,1.404999999999956,0.8550000000000006,0.35500000000000026,4858.0,0
1.7550000000000001,12139.0,9710.0,7279.0,12134.5,9706.5,7276.5,5000.0,4000.0,3000.0,-6.5,-4.0,0.5,700.0,900.0,900.0,1.405999999999956,0.8560000000000006,0.35600000000000026,4860.0,0
1.756,12144.0,9714.0,7282.0,12139.5,9710.5,7279.5,5000.0,4000.0,3000.0,-6.5,-4.0,0.5,700.0,900.0,900.0,1.4069999999999558,0.8570000000000007,0.35700000000000026,4862.0,0
1.7570000000000001,12149.0,9718.0,7285.0,12144.5,9714.5,7282.5,5000.0,4000.0,3000.0,-6.5,-4.0,0.5,700.0,900.0,900.0,1.4079999999999557,0.8580000000000007,0.35800000000000026,4864.0,0
1.758,12154.0,9722.0,7288.0,12149.5,9718.5,7285.5,5000.0,4000.0,3000.0,-6.5,-4.0,0.5,700.0,900.0,900.0,1.4089999999999556,0.8590000000000007,0.35900000000000026,4866.0,0
1.7590000000000001,12159.0,9726.0,7291.0,12154.5,9722.5,7288.5,5000.0,4000.0,3000.0,-6.5,-4.0,0.5,700.0,900.0,900.0,1.4099999999999555,0.8600000000000007,0.36000000000000026,4868.0,0
1.76,12164.0,9730.0,7294.0,12159.5,9726.5,7291.5,5000.0,4000.0,3000.0,-6.5,-4.0,0.5,700.0,900.0,900.0,1.4109999999999554,0.8610000000000007,0.36100000000000027,4870.0,0
1.7610000000000001,12169.0,9734.0,7297.0,12164.5,9730.5,7294.5,5000.0,4000.0,3000.0,-6.5,-4.0,0.5,700.0,900.0,900.0,1.4119999999999553,0.8620000000000007,0.36200000000000027,4872.0,0
1.762,12174.0,9738.0,7300.0,12169.5,9734.5,7297.5,5000.0,4000.0,3000.0,-6.5,-4.0,0.5,700.0,900.0,900.0,1.4129999999999552,0.8630000000000007,0.36300000000000027,4874.0,0
1.7630000000000001,12179.0,9742.0,7303.0,12174.5,9738.5,7300.5,5000.0,4000.0,3000.0,-6.5,-4.0,0.5,700.0,900.0,900.0,1.413999999999955,0.8640000000000007,0.36400000000000027,4876.0,0
1.764,12184.0,9746.0,7306.0,12179.5,9742.5,7303.5,5000.0,4000.0,3000.0,-6.5,-4.0,0.5,700.0,900.0,900.0,1.414999999999955,0.8650000000000007,0.36500000000000027,4878.0,0
1.7650000000000001,12189.0,9750.0,7309.0,12184.5,9746.5,7306.5,5000.0,4000.0,3000.0,-6.5,-4.0,0.5,700.0,900.0,900.0,1.4159999999999549,0.8660000000000007,0.36600000000000027,4880.0,0
1.766,12194.0,9754.0,7312.0,12189.5,9750.5,7309.5,5000.0,4000.0,3000.0,-6.5,-4.0,0.5,700.0,900.0,900.0,1.4169999999999547,0.8670000000000007,0.36700000000000027,4882.0,0
1.7670000000000001,12199.0,9758.0,7315.0,12194.5,9754.5,7312.5,5000.0,4000.0,3000.0,-6.5,-4.0,0.5,700.0,900.0,900.0,1.4179999999999546,0.8680000000000007,0.36800000000000027,4884.0,0
1.768,12204.0,9762.0,7318.0,12199.5,9758.5,7315.5,5000.0,4000.0,3000.0,-6.5,-4.0,0.5,700.0,900.0,900.0,1.4189999999999545,0.8690000000000007,0.36900000000000027,4886.0,0
1.7690000000000001,12209.0,9766.0,7321.0,12204.5,9762.5,7318.5,5000.0,4000.0,3000.0,-6.5,-4.0,0.5,700.0,900.0,900.0,1.4199999999999544,0.8700000000000007,0.3700000000000003,4888.0,0
1.77,12214.0,9770.0,7324.0,12209.5,9766.5,7321.5,5000.0,4000.0,3000.0,-6.5,-4.0,0.5,700.0,900.0,900.0,1.4209999999999543,0.8710000000000007,0.3710000000000003,4890.0,0
1.7710000000000001,12219.0,9774.0,7327.0,12214.5,9770.5,7324.5,5000.0,4000.0,3000.0,-6.5,-4.0,0.5,700.0,900.0,900.0,1.4219999999999542,0.8720000000000007,0.3720000000000003,4892.0,0
1.772,12224.0,9778.0,7330.0,12219.5,9774.5,7327.5,5000.0,4000.0,3000.0,-6.5,-4.0,0.5,700.0,900.0,900.0,1.422999999999954,0.8730000000000007,0.3730000000000003,4894.0,0
1.7730000000000001,12229.0,9782.0,7333.0,12224.5,9778.5,7330.5,5000.0,4000.0,3000.0,-6.5,-4.0,0.5,700.0,900.0,900.0,1.423999999999954,0.8740000000000007,0.3740000000000003,4896.0,0
1.774,12234.0,9786.0,7336.0,12229.5,9782.5,7333.5,5000.0,4000.0,3000.0,-6.5,-4.0,0.5,700.0,900.0,900.0,1.4249999999999539,0.8750000000000007,0.3750000000000003,4898.0,0
1.7750000000000001,12239.0,9790.0,7339.0,12234.5,9786.5,7336.5,5000.0,4000.0,3000.0,-6.5,-4.0,0.5,700.0,900.0,900.0,1.4259999999999537,0.8760000000000007,0.3760000000000003,4900.0,0
1.776,12245.0,9794.0,7342.0,12239.5,9790.5,7339.5,6000.0,4000.0,3000.0,-6.5,-4.0,0.5,700.0,900.0,900.0,1.4269999999999536,0.8770000000000007,0.3770000000000003,4903.0,0
1.7770000000000001,12250.0,9798.0,7345.0,12245.5,9794.5,7342.5,5000.0,4000.0,3000.0,-7.5,-4.0,0.5,700.0,900.0,900.0,1.4279999999999535,0.8780000000000007,0.3780000000000003,4905.0,0
1.778,12255.0,9802.0,7348.0,12250.5,9798.5,7345.5,5000.0,4000.0,3000.0,-7.5,-4.0,0.5,700.0,900.0,900.0,1.4289999999999534,0.8790000000000007,0.3790000000000003,4907.0,0
1.7790000000000001,12260.0,9806.0,7351.0,12255.5,9802.5,7348.5,5000.0,4000.0,3000.0,-7.5,-4.0,0.5,700.0,900.0,900.0,1.4299999999999533,0.8800000000000007,0.3800000000000003,4909.0,0
1.78,12265.0,9810.0,7354.0,12260.5,9806.5,7351.5,5000.0,4000.0,3000.0,-7.5,-4.0,0.5,700.0,900.0,900.0,1.4309999999999532,0.8810000000000007,0.3810000000000003,4911.0,0
1.7810000000000001,12270.0,9814.0,7357.0,12265.5,9810.5,7354.5,5000.0,4000.0,3000.0,-7.5,-4.0,0.5,700.0,900.0,900.0,1.431999999999953,0.8820000000000007,0.3820000000000003,4913.0,0
1.782,12275.0,9818.0,7360.0,12270.5,9814.5,7357.5,5000.0,4000.0,3000.0,-7.5,-4.0,0.5,700.0,900.0,900.0,1.432999999999953,0.8830000000000007,0.3830000000000003,4915.0,0
1.7830000000000001,12280.0,9822.0,7364.0,12275.5,9818.5,7360.5,5000.0,4000.0,4000.0,-7.5,-4.0,0.5,700.0,900.0,900.0,1.4339999999999529,0.8840000000000007,0.3840000000000003,4916.0,0
1.784,12285.0,9826.0,7367.0,12280.5,9822.5,7364.5,5000.0,4000.0,3000.0,-5.83333333333394,-2.6666666666660603,0.5,700.0,900.0,900.0,1.4349999999999528,0.8850000000000007,0.3850000000000003,4918.0,0
1.7850000000000001,12290.0,9830.0,7370.0,12285.5,9826.5,7367.5,5000.0,4000.0,3000.0,-5.83333333333394,-2.6666666666660603,0.5,700.0,900.0,900.0,1.4359999999999526,0.8860000000000007,0.3860000000000003,4920.0,0
1.786,12295.0,9834.0,7373.0,12290.5,9830.5,7370.5,5000.0,4000.0,3000.0,-5.83333333333394,-2.6666666666660603,0.5,700.0,900.0,900.0,1.4369999999999525,0.8870000000000007,0.3870000000000003,4922.0,0
1.7870000000000001,12300.0,9838.0,7376.0,12295.5,9834.5,7373.5,5000.0,4000.0,3000.0,-5.83333333333394,-2.6666666666660603,0.5,700.0,900.0,900.0,1.4379999999999524,0.8880000000000007,0.3880000000000003,4924.0,0
1.788,12305.0,9842.0,7379.0,12300.5,9838.5,7376.5,5000.0,4000.0,3000.0,-5.83333333333394,-2.6666666666660603,0.5,700.0,900.0,900.0,1.4389999999999523,0.8890000000000007,0.3890000000000003,4926.0,0
1.7890000000000001,12310.0,9846.0,7382.0,12305.5,9842.5,7379.5,5000.0,4000.0,3000.0,-5.83333333333394,-2.6666666666660603,0.5,700.0,900.0,900.0,1.4399999999999522,0.8900000000000007,0.3900000000000003,4928.0,0
1.79,12315.0,9850.0,7385.0,12310.5,9846.5,7382.5,5000.0,4000.0,3000.0,-5.83333333333394,-2.6666666666660603,0.5,700.0,900.0,900.0,1.440999999999952,0.8910000000000007,0.3910000000000003,4930.0,0
1.7910000000000001,12320.0,9854.0,7388.0,12315.5,9850.5,7385.5,5000.0,4000.0,3000.0,-5.83333333333394,-2.6666666666660603,0.5,700.0,900.0,900.0,1.441999999999952,0.8920000000000007,0.3920000000000003,4932.0,0
1.792,12325.0,9858.0,7391.0,12320.5,9854.5,7388.5,5000.0,4000.0,3000.0,-5.83333333333394,-2.6666666666660603,0.5,700.0,900.0,900.0,1.4429999999999519,0.8930000000000007,0.3930000000000003,4934.0,0
1.793,12330.0,9862.0,7394.0,12325.5,9858.5,7391.5,5000.0,4000.0,3000.0,-5.83333333333394,-2.6666666666660603,0.5,700.0,900.0,900.0,1.4439999999999518,0.8940000000000007,0.3940000000000003,4936.0,0
1.794,12335.0,9866.0,7397.0,12330.5,9862.5,7394.5,5000.0,4000.0,3000.0,-5.83333333333394,-2.6666666666660603,0.5,700.0,900.0,900.0,1.4449999999999517,0.8950000000000007,0.3950000000000003,4938.0,0
1.795,12340.0,9870.0,7400.0,12335.5,9866.5,7397.5,5000.0,4000.0,3000.0,-5.83333333333394,-2.6666666666660603,0.5,700.0,900.0,900.0,1.4459999999999515,0.8960000000000007,0.3960000000000003,4940.0,0
1.796,12345.0,9874.0,7403.0,12340.5,9870.5,7400.5,5000.0,4000.0,3000.0,-5.83333333333394,-2.6666666666660603,0.5,700.0,900.0,900.0,1.4469999999999514,0.8970000000000007,0.3970000000000003,4942.0,0
1.797,12350.0,9878.0,7406.0,12345.5,9874.5,7403.5,5000.0,4000.0,3000.0,-5.83333333333394,-2.6666666666660603,0.5,700.0,900.0,900.0,1.4479999999999513,0.8980000000000007,0.3980000000000003,4944.0,0
1.798,12355.0,9882.0,7409.0,12350.5,9878.5,7406.5,5000.0,4000.0,3000.0,-5.83333333333394,-2.6666666666660603,0.5,700.0,900.0,900.0,1.4489999999999512,0.8990000000000007,0.3990000000000003,4946.0,0
1.799,12360.0,9886.0,7412.0,12355.5,9882.5,7409.5,5000.0,4000.0,3000.0,-5.83333333333394,-2.6666666666660603,0.5,700.0,900.0,900.0,1.449999999999951,0.9000000000000007,0.4000000000000003,4948.0,0
1.8,12366.0,9890.0,7415.0,12360.5,9886.5,7412.5,6000.0,4000.0,3000.0,-5.83333333333394,-2.6666666666660603,0.5,0.0,900.0,900.0,0.0,0.9010000000000007,0.4010000000000003,4951.0,0
1.801,12372.0,9894.0,7418.0,12366.5,9890.5,7415.5,6000.0,4000.0,3000.0,-6.83333333333394,-2.6666666666660603,0.5,0.0,900.0,900.0,0.0,0.9020000000000007,0.4020000000000003,4954.0,0
1.802,12377.0,9898.0,7421.0,12372.5,9894.5,7418.5,5000.0,4000.0,3000.0,-7.83333333333394,-2.6666666666660603,0.5,0.0,900.0,900.0,0.0,0.9030000000000007,0.4030000000000003,4956.0,0
1.803,12383.0,9902.0,7424.0,12377.5,9898.5,7421.5,6000.0,4000.0,3000.0,-7.83333333333394,-2.6666666666660603,0.5,0.0,900.0,900.0,0.0,0.9040000000000007,0.4040000000000003,4959.0,0
1.804,12389.0,9906.0,7427.0,12383.5,9902.5,7424.5,6000.0,4000.0,3000.0,-8.83333333333394,-2.6666666666660603,0.5,0.0,900.0,900.0,0.0,0.9050000000000007,0.4050000000000003,4962.0,0
1.805,12395.0,9910.0,7430.0,12389.5,9906.5,7427.5,6000.0,4000.0,3000.0,-9.83333333333394,-2.6666666666660603,0.5,0.0,900.0,900.0,0.0,0.9060000000000007,0.4060000000000003,4965.0,0
1.806,12400.0,9914.0,7433.0,12395.5,9910.5,7430.5,5000.0,4000.0,3000.0,-10.83333333333394,-2.6666666666660603,0.5,0.0,900.0,900.0,0.0,0.9070000000000007,0.4070000000000003,4967.0,0
1.807,12405.0,9918.0,7436.0,12400.5,9914.5,7433.5,5000.0,4000.0,3000.0,-10.83333333333394,-2.6666666666660603,0.5,0.0,900.0,900.0,0.0,0.9080000000000007,0.4080000000000003,4969.0,0
1.808,12411.0,9922.0,7439.0,12405.5,9918.5,7436.5,6000.0,4000.0,3000.0,-10.83333333333394,-2.6666666666660603,0.5,0.0,900.0,900.0,0.0,0.9090000000000007,0.4090000000000003,4972.0,0
1.809,12416.0,9926.0,7442.0,12411.5,9922.5,7439.5,5000.0,4000.0,3000.0,-11.83333333333394,-2.6666666666660603,0.5,0.0,900.0,900.0,0.0,0.9100000000000007,0.4100000000000003,4974.0,0
1.81,12421.0,9930.0,7445.0,12416.5,9926.5,7442.5,5000.0,4000.0,3000.0,-11.83333333333394,-2.6666666666660603,0.5,0.0,900.0,900.0,0.0,0.9110000000000007,0.4110000000000003,4976.0,0
1.811,12426.0,9934.0,7448.0,12421.5,9930.5,7445.5,5000.0,4000.0,3000.0,-11.83333333333394,-2.6666666666660603,0.5,0.0,900.0,900.0,0.0,0.9120000000000007,0.4120000000000003,4978.0,0
1.812,12432.0,9938.0,7451.0,12426.5,9934.5,7448.5,6000.0,4000.0,3000.0,-11.83333333333394,-2.6666666666660603,0.5,0.0,900.0,900.0,0.0,0.9130000000000007,0.4130000000000003,4981.0,0
1.813,12437.0,9942.0,7454.0,12432.5,9938.5,7451.5,5000.0,4000.0,3000.0,-12.83333333333394,-2.6666666666660603,0.5,0.0,900.0,900.0,0.0,0.9140000000000007,0.4140000000000003,4983.0,0
1.814,12442.0,9946.0,7457.0,12437.5,9942.5,7454.5,5000.0,4000.0,3000.0,-12.83333333333394,-2.6666666666660603,0.5,0.0,900.0,900.0,0.0,0.9150000000000007,0.4150000000000003,4985.0,0
1.815,12447.0,9950.0,7460.0,12442.5,9946.5,7457.5,5000.0,4000.0,3000.0,-12.83333333333394,-2.6666666666660603,0.5,0.0,900.0,900.0,0.0,0.9160000000000007,0.4160000000000003,4987.0,0
1.816,12452.0,9954.0,7463.0,12447.5,9950.5,7460.5,5000.0,4000.0,3000.0,-12.83333333333394,-2.6666666666660603,0.5,0.0,900.0,900.0,0.0,0.9170000000000007,0.4170000000000003,4989.0,0
1.817,12457.0,9958.0,7466.0,12452.5,9954.5,7463.5,5000.0,4000.0,3000.0,-12.83333333333394,-2.6666666666660603,0.5,0.0,900.0,900.0,0.0,0.9180000000000007,0.4180000000000003,4991.0,0
1.818,12463.0,9962.0,7470.0,12457.5,9958.5,7466.5,6000.0,4000.0,4000.0,-12.83333333333394,-2.6666666666660603,0.5,0.0,900.0,900.0,0.0,0.9190000000000007,0.4190000000000003,4993.0,0
1.819,12468.0,9966.0,7473.0,12463.5,9962.5,7470.5,5000.0,4000.0,3000.0,-12.16666666666606,-1.3333333333339397,0.5,0.0,900.0,900.0,0.0,0.9200000000000007,0.4200000000000003,4995.0,0
1.82,12473.0,9970.0,7476.0,12468.5,9966.5,7473.5,5000.0,4000.0,3000.0,-12.16666666666606,-1.3333333333339397,0.5,0.0,900.0,900.0,0.0,0.9210000000000007,0.4210000000000003,4997.0,0
1.821,12478.0,9974.0,7479.0,12473.5,9970.5,7476.5,5000.0,4000.0,3000.0,-12.16666666666606,-1.3333333333339397,0.5,0.0,900.0,900.0,0.0,0.9220000000000007,0.4220000000000003,4999.0,0
1.822,12483.0,9978.0,7482.0,12478.5,9974.5,7479.5,5000.0,4000.0,3000.0,-12.16666666666606,-1.3333333333339397,0.5,0.0,900.0,900.0,0.0,0.9230000000000007,0.4230000000000003,5001.0,0
1.823,12488.0,9982.0,7485.0,12483.5,9978.5,7482.5,5000.0,4000.0,3000.0,-12.16666666666606,-1.3333333333339397,0.5,0.0,900.0,900.0,0.0,0.9240000000000007,0.4240000000000003,5003.0,0
1.824,12493.0,9986.0,7488.0,12488.5,9982.5,7485.5,5000.0,4000.0,3000.0,-12.16666666666606,-1.3333333333339397,0.5,0.0,900.0,900.0,0.0,0.9250000000000007,0.4250000000000003,5005.0,0
1.825,12498.0,9990.0,7491.0,12493.5,9986.5,7488.5,5000.0,4000.0,3000.0,-12.16666666666606,-1.3333333333339397,0.5,0.0,900.0,900.0,0.0,0.9260000000000007,0.4260000000000003,5007.0,0
1.826,12503.0,9994.0,7494.0,12498.5,9990.5,7491.5,5000.0,4000.0,3000.0,-12.16666666666606,-1.3333333333339397,0.5,0.0,900.0,900.0,0.0,0.9270000000000007,0.4270000000000003,5009.0,0
1.827,12509.0,9998.0,7497.0,12503.5,9994.5,7494.5,6000.0,4000.0,3000.0,-12.16666666666606,-1.3333333333339397,0.5,0.0,900.0,900.0,0.0,0.9280000000000007,0.4280000000000003,5012.0,0
1.828,12514.0,10002.0,7500.0,12509.5,9998.5,7497.5,5000.0,4000.0,3000.0,-13.16666666666606,-1.3333333333339397,0.5,0.0,900.0,900.0,0.0,0.9290000000000007,0.4290000000000003,5014.0,0
1.829,12519.0,10006.0,7503.0,12514.5,10002.5,7500.5,5000.0,4000.0,3000.0,-13.16666666666606,-1.3333333333339397,0.5,0.0,900.0,900.0,0.0,0.9300000000000007,0.4300000000000003,5016.0,0
1.83,12524.0,10010.0,7506.0,12519.5,10006.5,7503.5,5000.0,4000.0,3000.0,-13.16666666666606,-1.3333333333339397,0.5,0.0,900.0,900.0,0.0,0.9310000000000007,0.4310000000000003,5018.0,0
1.831,12529.0,10014.0,7509.0,12524.5,10010.5,7506.5,5000.0,4000.0,3000.0,-13.16666666666606,-1.3333333333339397,0.5,0.0,900.0,900.0,0.0,0.9320000000000007,0.43200000000000033,5020.0,0
1.832,12534.0,10018.0,7512.0,12529.5,10014.5,7509.5,5000.0,4000.0,3000.0,-13.16666666666606,-1.3333333333339397,0.5,0.0,900.0,900.0,0.0,0.9330000000000007,0.43300000000000033,5022.0,0
1.833,12539.0,10022.0,7515.0,12534.5,10018.5,7512.5,5000.0,4000.0,3000.0,-13.16666666666606,-1.3333333333339397,0.5,0.0,900.0,900.0,0.0,0.9340000000000007,0.43400000000000033,5024.0,0
1.834,12544.0,10027.0,7518.0,12539.5,10022.5,7515.5,5000.0,5000.0,3000.0,-13.16666666666606,-1.3333333333339397,0.5,0.0,900.0,900.0,0.0,0.9350000000000007,0.43500000000000033,5026.0,0
1.835,12549.0,10031.0,7521.0,12544.5,10027.5,7518.5,5000.0,4000.0,3000.0,-13.16666666666606,-2.3333333333339397,0.5,0.0,900.0,900.0,0.0,0.9360000000000007,0.43600000000000033,5028.0,0
1.836,12554.0,10035.0,7524.0,12549.5,10031.5,7521.5,5000.0,4000.0,3000.0,-13.16666666666606,-2.3333333333339397,0.5,0.0,900.0,900.0,0.0,0.9370000000000007,0.43700000000000033,5030.0,0
1.837,12559.0,10039.0,7527.0,12554.5,10035.5,7524.5,5000.0,4000.0,3000.0,-13.16666666666606,-2.3333333333339397,0.5,0.0,900.0,900.0,0.0,0.9380000000000007,0.43800000000000033,5032.0,0
1.838,12563.0,10043.0,7530.0,12559.5,10039.5,7527.5,4000.0,4000.0,3000.0,-13.16666666666606,-2.3333333333339397,0.5,0.0,900.0,900.0,0.0,0.9390000000000007,0.43900000000000033,5033.0,0
1.839,12568.0,10047.0,7533.0,12563.5,10043.5,7530.5,5000.0,4000.0,3000.0,-12.16666666666606,-2.3333333333339397,0.5,0.0,900.0,900.0,0.0,0.9400000000000007,0.44000000000000034,5035.0,0
1.84,12573.0,10051.0,7536.0,12568.5,10047.5,7533.5,5000.0,4000.0,3000.0,-12.16666666666606,-2.3333333333339397,0.5,0.0,900.0,900.0,0.0,0.9410000000000007,0.44100000000000034,5037.0,0
1.841,12578.0,10055.0,7539.0,12573.5,10051.5,7536.5,5000.0,4000.0,3000.0,-12.16666666666606,-2.3333333333339397,0.5,0.0,900.0,900.0,0.0,0.9420000000000007,0.44200000000000034,5039.0,0
1.842,12583.0,10059.0,7542.0,12578.5,10055.5,7539.5,5000.0,4000.0,3000.0,-12.16666666666606,-2.3333333333339397,0.5,0.0,900.0,900.0,0.0,0.9430000000000007,0.44300000000000034,5041.0,0
1.843,12588.0,10063.0,7545.0,12583.5,10059.5,7542.5,5000.0,4000.0,3000.0,-12.16666666666606,-2.3333333333339397,0.5,0.0,900.0,900.0,0.0,0.9440000000000007,0.44400000000000034,5043.0,0
1.844,12593.0,10067.0,7548.0,12588.5,10063.5,7545.5,5000.0,4000.0,3000.0,-12.16666666666606,-2.3333333333339397,0.5,0.0,900.0,900.0,0.0,0.9450000000000007,0.44500000000000034,5045.0,0
1.845,12598.0,10071.0,7551.0,12593.5,10067.5,7548.5,5000.0,4000.0,3000.0,-12.16666666666606,-2.3333333333339397,0.5,0.0,900.0,900.0,0.0,0.9460000000000007,0.44600000000000034,5047.0,0
1.846,12603.0,10075.0,7554.0,12598.5,10071.5,7551.5,5000.0,4000.0,3000.0,-12.16666666666606,-2.3333333333339397,0.5,0.0,900.0,900.0,0.0,0.9470000000000007,0.44700000000000034,5049.0,0
1.847,12608.0,10079.0,7557.0,12603.5,10075.5,7554.5,5000.0,4000.0,3000.0,-12.16666666666606,-2.3333333333339397,0.5,0.0,900.0,900.0,0.0,0.9480000000000007,0.44800000000000034,5051.0,0
1.848,12613.0,10083.0,7560.0,12608.5,10079.5,7557.5,5000.0,4000.0,3000.0,-12.16666666666606,-2.3333333333339397,0.5,0.0,900.0,900.0,0.0,0.9490000000000007,0.44900000000000034,5053.0,0
1.849,12618.0,10087.0,7563.0,12613.5,10083.5,7560.5,5000.0,4000.0,3000.0,-12.16666666666606,-2.3333333333339397,0.5,0.0,900.0,900.0,0.0,0.9500000000000007,0.45000000000000034,5055.0,0
1.85,12623.0,10091.0,7566.0,12618.5,10087.5,7563.5,5000.0,4000.0,3000.0,-12.16666666666606,-2.3333333333339397,0.5,0.0,900.0,900.0,0.0,0.9510000000000007,0.45100000000000035,5057.0,0
1.851,12628.0,10095.0,7569.0,12623.5,10091.5,7566.5,5000.0,4000.0,3000.0,-12.16666666666606,-2.3333333333339397,0.5,0.0,900.0,900.0,0.0,0.9520000000000007,0.45200000000000035,5059.0,0
1.852,12633.0,10099.0,7572.0,12628.5,10095.5,7569.5,5000.0,4000.0,3000.0,-12.16666666666606,-2.3333333333339397,0.5,0.0,900.0,900.0,0.0,0.9530000000000007,0.45300000000000035,5061.0,0
1.853,12637.0,10103.0,7576.0,12633.5,10099.5,7572.5,4000.0,4000.0,4000.0,-12.16666666666606,-2.3333333333339397,0.5,0.0,900.0,900.0,0.0,0.9540000000000007,0.45400000000000035,5061.0,0
1.854,12643.0,10107.0,7579.0,12637.5,10103.5,7576.5,6000.0,4000.0,3000.0,-9.5,-1.0,0.5,0.0,900.0,900.0,0.0,0.9550000000000007,0.45500000000000035,5064.0,0
1.855,12648.0,10111.0,7582.0,12643.5,10107.5,7579.5,5000.0,4000.0,3000.0,-10.5,-1.0,0.5,0.0,900.0,900.0,0.0,0.9560000000000007,0.45600000000000035,5066.0,0
1.856,12652.0,10115.0,7585.0,12648.5,10111.5,7582.5,4000.0,4000.0,3000.0,-10.5,-1.0,0.5,0.0,900.0,900.0,0.0,0.9570000000000007,0.45700000000000035,5067.0,0
1.857,12658.0,10119.0,7588.0,12652.5,10115.5,7585.5,6000.0,4000.0,3000.0,-9.5,-1.0,0.5,0.0,900.0,900.0,0.0,0.9580000000000007,0.45800000000000035,5070.0,0
1.858,12663.0,10123.0,7591.0,12658.5,10119.5,7588.5,5000.0,4000.0,3000.0,-10.5,-1.0,0.5,0.0,900.0,900.0,0.0,0.9590000000000007,0.45900000000000035,5072.0,0
1.859,12667.0,10127.0,7594.0,12663.5,10123.5,7591.5,4000.0,4000.0,3000.0,-10.5,-1.0,0.5,0.0,900.0,900.0,0.0,0.9600000000000007,0.46000000000000035,5073.0,0
1.86,12673.0,10131.0,7597.0,12667.5,10127.5,7594.5,6000.0,4000.0,3000.0,-9.5,-1.0,0.5,0.0,900.0,900.0,0.0,0.9610000000000007,0.46100000000000035,5076.0,0
1.861,12677.0,10135.0,7600.0,12673.5,10131.5,7597.5,4000.0,4000.0,3000.0,-10.5,-1.0,0.5,0.0,900.0,900.0,0.0,0.9620000000000007,0.46200000000000035,5077.0,0
1.862,12683.0,10139.0,7603.0,12677.5,10135.5,7600.5,6000.0,4000.0,3000.0,-9.5,-1.0,0.5,0.0,900.0,900.0,0.0,0.9630000000000007,0.46300000000000036,5080.0,0
1.863,12688.0,10143.0,7606.0,12683.5,10139.5,7603.5,5000.0,4000.0,3000.0,-10.5,-1.0,0.5,0.0,900.0,900.0,0.0,0.9640000000000007,0.46400000000000036,5082.0,0
1.864,12692.0,10147.0,7609.0,12688.5,10143.5,7606.5,4000.0,4000.0,3000.0,-10.5,-1.0,0.5,0.0,900.0,900.0,0.0,0.9650000000000007,0.46500000000000036,5083.0,0
1.865,12698.0,10151.0,7612.0,12692.5,10147.5,7609.5,6000.0,4000.0,3000.0,-9.5,-1.0,0.5,0.0,900.0,900.0,0.0,0.9660000000000007,0.46600000000000036,5086.0,0
1.866,12702.0,10155.0,7615.0,12698.5,10151.5,7612.5,4000.0,4000.0,3000.0,-10.5,-1.0,0.5,0.0,900.0,900.0,0.0,0.9670000000000007,0.46700000000000036,5087.0,0
1.867,12708.0,10159.0,7618.0,12702.5,10155.5,7615.5,6000.0,4000.0,3000.0,-9.5,-1.0,0.5,0.0,900.0,900.0,0.0,0.9680000000000007,0.46800000000000036,5090.0,0
1.868,12712.0,10163.0,7621.0,12708.5,10159.5,7618.5,4000.0,4000.0,3000.0,-10.5,-1.0,0.5,0.0,900.0,900.0,0.0,0.9690000000000007,0.46900000000000036,5091.0,0
1.869,12718.0,10167.0,7624.0,12712.5,10163.5,7621.5,6000.0,4000.0,3000.0,-9.5,-1.0,0.5,0.0,900.0,900.0,0.0,0.9700000000000008,0.47000000000000036,5094.0,0
1.87,12722.0,10171.0,7627.0,12718.5,10167.5,7624.5,4000.0,4000.0,3000.0,-10.5,-1.0,0.5,0.0,900.0,900.0,0.0,0.9710000000000008,0.47100000000000036,5095.0,0
1.871,12728.0,10175.0,7630.0,12722.5,10171.5,7627.5,6000.0,4000.0,3000.0,-9.5,-1.0,0.5,0.0,900.0,900.0,0.0,0.9720000000000008,0.47200000000000036,5098.0,0
1.872,12732.0,10179.0,7633.0,12728.5,10175.5,7630.5,4000.0,4000.0,3000.0,-10.5,-1.0,0.5,0.0,900.0,900.0,0.0,0.9730000000000008,0.47300000000000036,5099.0,0
1.873,12738.0,10183.0,7636.0,12732.5,10179.5,7633.5,6000.0,4000.0,3000.0,-9.5,-1.0,0.5,0.0,900.0,900.0,0.0,0.9740000000000008,0.47400000000000037,5102.0,0
1.874,12742.0,10187.0,7639.0,12738.5,10183.5,7636.5,4000.0,4000.0,3000.0,-10.5,-1.0,0.5,0.0,900.0,900.0,0.0,0.9750000000000008,0.47500000000000037,5103.0,0
1.875,12748.0,10191.0,7642.0,12742.5,10187.5,7639.5,6000.0,4000.0,3000.0,-9.5,-1.0,0.5,0.0,900.0,900.0,0.0,0.9760000000000008,0.47600000000000037,5106.0,0
1.8760000000000001,12752.0,10195.0,7645.0,12748.5,10191.5,7642.5,4000.0,4000.0,3000.0,-10.5,-1.0,0.5,0.0,900.0,900.0,0.0,0.9770000000000008,0.47700000000000037,5107.0,0
1.877,12758.0,10199.0,7648.0,12752.5,10195.5,7645.5,6000.0,4000.0,3000.0,-9.5,-1.0,0.5,0.0,900.0,900.0,0.0,0.9780000000000008,0.47800000000000037,5110.0,0
1.8780000000000001,12762.0,10203.0,7651.0,12758.5,10199.5,7648.5,4000.0,4000.0,3000.0,-10.5,-1.0,0.5,0.0,900.0,900.0,0.0,0.9790000000000008,0.47900000000000037,5111.0,0
1.879,12768.0,10207.0,7654.0,12762.5,10203.5,7651.5,6000.0,4000.0,3000.0,-9.5,-1.0,0.5,0.0,900.0,900.0,0.0,0.9800000000000008,0.48000000000000037,5114.0,0
1.8800000000000001,12772.0,10211.0,7657.0,12768.5,10207.5,7654.5,4000.0,4000.0,3000.0,-10.5,-1.0,0.5,0.0,900.0,900.0,0.0,0.9810000000000008,0.48100000000000037,5115.0,0
1.881,12778.0,10215.0,7660.0,12772.5,10211.5,7657.5,6000.0,4000.0,3000.0,-9.5,-1.0,0.5,0.0,900.0,900.0,0.0,0.9820000000000008,0.4820000000000004,5118.0,0
1.8820000000000001,12782.0,10219.0,7663.0,12778.5,10215.5,7660.5,4000.0,4000.0,3000.0,-10.5,-1.0,0.5,0.0,900.0,900.0,0.0,0.9830000000000008,0.4830000000000004,5119.0,0
1.883,12788.0,10223.0,7666.0,12782.5,10219.5,7663.5,6000.0,4000.0,3000.0,-9.5,-1.0,0.5,0.0,900.0,900.0,0.0,0.9840000000000008,0.4840000000000004,5122.0,0
1.8840000000000001,12792.0,10227.0,7669.0,12788.5,10223.5,7666.5,4000.0,4000.0,3000.0,-10.5,-1.0,0.5,0.0,900.0,900.0,0.0,0.9850000000000008,0.4850000000000004,5123.0,0
1.885,12798.0,10231.0,7672.0,12792.5,10227.5,7669.5,6000.0,4000.0,3000.0,-9.5,-1.0,0.5,0.0,900.0,900.0,0.0,0.9860000000000008,0.4860000000000004,5126.0,0
1.8860000000000001,12802.0,10235.0,7675.0,12798.5,10231.5,7672.5,4000.0,4000.0,3000.0,-10.5,-1.0,0.5,0.0,900.0,900.0,0.0,0.9870000000000008,0.4870000000000004,5127.0,0
1.887,12808.0,10239.0,7678.0,12802.5,10235.5,7675.5,6000.0,4000.0,3000.0,-9.5,-1.0,0.5,0.0,900.0,900.0,0.0,0.9880000000000008,0.4880000000000004,5130.0,0
1.8880000000000001,12812.0,10243.0,7682.0,12808.5,10239.5,7678.5,4000.0,4000.0,4000.0,-10.5,-1.0,0.5,0.0,900.0,900.0,0.0,0.9890000000000008,0.4890000000000004,5130.0,0
1.889,12818.0,10247.0,7685.0,12812.5,10243.5,7682.5,6000.0,4000.0,3000.0,-7.83333333333394,0.33333333333393966,0.5,0.0,900.0,900.0,0.0,0.9900000000000008,0.4900000000000004,5133.0,0
1.8900000000000001,12823.0,10251.0,7688.0,12818.5,10247.5,7685.5,5000.0,4000.0,3000.0,-8.83333333333394,0.33333333333393966,0.5,0.0,900.0,900.0,0.0,0.9910000000000008,0.4910000000000004,5135.0,0
1.891,12828.0,10255.0,7691.0,12823.5,10251.5,7688.5,5000.0,4000.0,3000.0,-8.83333333333394,0.33333333333393966,0.5,0.0,900.0,900.0,0.0,0.9920000000000008,0.4920000000000004,5137.0,0
1.8920000000000001,12833.0,10259.0,7694.0,12828.5,10255.5,7691.5,5000.0,4000.0,3000.0,-8.83333333333394,0.33333333333393966,0.5,0.0,900.0,900.0,0.0,0.9930000000000008,0.4930000000000004,5139.0,0
1.893,12839.0,10263.0,7697.0,12833.5,10259.5,7694.5,6000.0,4000.0,3000.0,-8.83333333333394,0.33333333333393966,0.5,0.0,900.0,900.0,0.0,0.9940000000000008,0.4940000000000004,5142.0,0
1.8940000000000001,12844.0,10267.0,7700.0,12839.5,10263.5,7697.5,5000.0,4000.0,3000.0,-9.83333333333394,0.33333333333393966,0.5,0.0,900.0,900.0,0.0,0.9950000000000008,0.4950000000000004,5144.0,0
1.895,12849.0,10271.0,7703.0,12844.5,10267.5,7700.5,5000.0,4000.0,3000.0,-9.83333333333394,0.33333333333393966,0.5,0.0,900.0,900.0,0.0,0.9960000000000008,0.4960000000000004,5146.0,0
1.8960000000000001,12854.0,10275.0,7706.0,12849.5,10271.5,7703.5,5000.0,4000.0,3000.0,-9.83333333333394,0.33333333333393966,0.5,0.0,900.0,900.0,0.0,0.9970000000000008,0.4970000000000004,5148.0,0
1.897,12860.0,10279.0,7709.0,12854.5,10275.5,7706.5,6000.0,4000.0,3000.0,-9.83333333333394,0.33333333333393966,0.5,0.0,900.0,900.0,0.0,0.9980000000000008,0.4980000000000004,5151.0,0
1.8980000000000001,12865.0,10283.0,7712.0,12860.5,10279.5,7709.5,5000.0,4000.0,3000.0,-10.83333333333394,0.33333333333393966,0.5,0.0,900.0,900.0,0.0,0.9990000000000008,0.4990000000000004,5153.0,0
1.899,12869.0,10287.0,7715.0,12865.5,10283.5,7712.5,4000.0,4000.0,3000.0,-10.83333333333394,0.33333333333393966,0.5,0.0,900.0,900.0,0.0,1.0000000000000007,0.5000000000000003,5154.0,0
1.9000000000000001,12874.0,10291.0,7718.0,12869.5,10287.5,7715.5,5000.0,4000.0,3000.0,-9.83333333333394,0.33333333333393966,0.5,0.0,900.0,900.0,0.0,1.0010000000000006,0.5010000000000003,5156.0,0
1.901,12880.0,10295.0,7721.0,12874.5,10291.5,7718.5,6000.0,4000.0,3000.0,-9.83333333333394,0.33333333333393966,0.5,0.0,900.0,900.0,0.0,1.0020000000000004,0.5020000000000003,5159.0,0
1.9020000000000001,12885.0,10299.0,7724.0,12880.5,10295.5,7721.5,5000.0,4000.0,3000.0,-10.83333333333394,0.33333333333393966,0.5,0.0,900.0,900.0,0.0,1.0030000000000003,0.5030000000000003,5161.0,0
1.903,12890.0,10303.0,7727.0,12885.5,10299.5,7724.5,5000.0,4000.0,3000.0,-10.83333333333394,0.33333333333393966,0.5,0.0,900.0,900.0,0.0,1.0040000000000002,0.5040000000000003,5163.0,0
1.9040000000000001,12894.0,10307.0,7730.0,12890.5,10303.5,7727.5,4000.0,4000.0,3000.0,-10.83333333333394,0.33333333333393966,0.5,0.0,900.0,900.0,0.0,1.0050000000000001,0.5050000000000003,5164.0,0
1.905,12899.0,10311.0,7733.0,12894.5,10307.5,7730.5,5000.0,4000.0,3000.0,-9.83333333333394,0.33333333333393966,0.5,0.0,900.0,900.0,0.0,1.006,0.5060000000000003,5166.0,0
1.9060000000000001,12905.0,10315.0,7736.0,12899.5,10311.5,7733.5,6000.0,4000.0,3000.0,-9.83333333333394,0.33333333333393966,0.5,0.0,900.0,900.0,0.0,1.007,0.5070000000000003,5169.0,0
1.907,12910.0,10319.0,7739.0,12905.5,10315.5,7736.5,5000.0,4000.0,3000.0,-10.83333333333394,0.33333333333393966,0.5,0.0,900.0,900.0,0.0,1.0079999999999998,0.5080000000000003,5171.0,0
1.9080000000000001,12914.0,10323.0,7742.0,12910.5,10319.5,7739.5,4000.0,4000.0,3000.0,-10.83333333333394,0.33333333333393966,0.5,0.0,900.0,900.0,0.0,1.0089999999999997,0.5090000000000003,5172.0,0
1.909,12919.0,10327.0,7745.0,12914.5,10323.5,7742.5,5000.0,4000.0,3000.0,-9.83333333333394,0.33333333333393966,0.5,0.0,900.0,900.0,0.0,1.0099999999999996,0.5100000000000003,5174.0,0
1.9100000000000001,12924.0,10331.0,7748.0,12919.5,10327.5,7745.5,5000.0,4000.0,3000.0,-9.83333333333394,0.33333333333393966,0.5,0.0,900.0,900.0,0.0,1.0109999999999995,0.5110000000000003,5176.0,0
1.911,12930.0,10335.0,7751.0,12924.5,10331.5,7748.5,6000.0,4000.0,3000.0,-9.83333333333394,0.33333333333393966,0.5,0.0,900.0,900.0,0.0,1.0119999999999993,0.5120000000000003,5179.0,0
1.9120000000000001,12935.0,10339.0,7754.0,12930.5,10335.5,7751.5,5000.0,4000.0,3000.0,-10.83333333333394,0.33333333333393966,0.5,0.0,900.0,900.0,0.0,1.0129999999999992,0.5130000000000003,5181.0,0
1.913,12939.0,10343.0,7757.0,12935.5,10339.5,7754.5,4000.0,4000.0,3000.0,-10.83333333333394,0.33333333333393966,0.5,0.0,900.0,900.0,0.0,1.0139999999999991,0.5140000000000003,5182.0,0
1.9140000000000001,12944.0,10347.0,7760.0,12939.5,10343.5,7757.5,5000.0,4000.0,3000.0,-9.83333333333394,0.33333333333393966,0.5,0.0,900.0,900.0,0.0,1.014999999999999,0.5150000000000003,5184.0,0
1.915,12950.0,10351.0,7763.0,12944.5,10347.5,7760.5,6000.0,4000.0,3000.0,-9.83333333333394,0.33333333333393966,0.5,0.0,900.0,900.0,0.0,1.015999999999999,0.5160000000000003,5187.0,0
1.9160000000000001,12955.0,10355.0,7766.0,12950.5,10351.5,7763.5,5000.0,4000.0,3000.0,-10.83333333333394,0.33333333333393966,0.5,0.0,900.0,900.0,0.0,1.0169999999999988,0.5170000000000003,5189.0,0
1.917,12959.0,10360.0,7769.0,12955.5,10355.5,7766.5,4000.0,5000.0,3000.0,-10.83333333333394,0.33333333333393966,0.5,0.0,900.0,900.0,0.0,1.0179999999999987,0.5180000000000003,5190.0,0
1.9180000000000001,12964.0,10364.0,7772.0,12959.5,10360.5,7769.5,5000.0,4000.0,3000.0,-9.83333333333394,-0.6666666666660603,0.5,0.0,900.0,900.0,0.0,1.0189999999999986,0.5190000000000003,5192.0,0
1.919,12970.0,10368.0,7775.0,12964.5,10364.5,7772.5,6000.0,4000.0,3000.0,-9.83333333333394,-0.6666666666660603,0.5,0.0,900.0,900.0,0.0,1.0199999999999985,0.5200000000000004,5195.0,0
1.92,12975.0,10372.0,7778.0,12970.5,10368.5,7775.5,5000.0,4000.0,3000.0,-10.83333333333394,-0.6666666666660603,0.5,0.0,900.0,900.0,0.0,1.0209999999999984,0.5210000000000004,5197.0,0
1.921,12979.0,10376.0,7781.0,12975.5,10372.5,7778.5,4000.0,4000.0,3000.0,-10.83333333333394,-0.6666666666660603,0.5,0.0,900.0,900.0,0.0,1.0219999999999982,0.5220000000000004,5198.0,0
1.922,12984.0,10380.0,7784.0,12979.5,10376.5,7781.5,5000.0,4000.0,3000.0,-9.83333333333394,-0.6666666666660603,0.5,0.0,900.0,900.0,0.0,1.0229999999999981,0.5230000000000004,5200.0,0
1.923,12989.0,10384.0,7788.0,12984.5,10380.5,7784.5,5000.0,4000.0,4000.0,-9.83333333333394,-0.6666666666660603,0.5,0.0,900.0,900.0,0.0,1.023999999999998,0.5240000000000004,5201.0,0
1.924,12995.0,10388.0,7791.0,12989.5,10384.5,7788.5,6000.0,4000.0,3000.0,-8.375,0.5,0.375,0.0,900.0,900.0,0.0,1.024999999999998,0.5250000000000004,5204.0,0
1.925,13000.0,10392.0,7794.0,12995.5,10388.5,7791.5,5000.0,4000.0,3000.0,-9.375,0.5,0.375,0.0,900.0,900.0,0.0,1.0259999999999978,0.5260000000000004,5206.0,0
1.926,13005.0,10396.0,7797.0,13000.5,10392.5,7794.5,5000.0,4000.0,3000.0,-9.375,0.5,0.375,0.0,900.0,900.0,0.0,1.0269999999999977,0.5270000000000004,5208.0,0
1.927,13010.0,10400.0,7800.0,13005.5,10396.5,7797.5,5000.0,4000.0,3000.0,-9.375,0.5,0.375,0.0,900.0,900.0,0.0,1.0279999999999976,0.5280000000000004,5210.0,0
1.928,13015.0,10404.0,7803.0,13010.5,10400.5,7800.5,5000.0,4000.0,3000.0,-9.375,0.5,0.375,0.0,900.0,900.0,0.0,1.0289999999999975,0.5290000000000004,5212.0,0
1.929,13020.0,10408.0,7806.0,13015.5,10404.5,7803.5,5000.0,4000.0,3000.0,-9.375,0.5,0.375,0.0,900.0,900.0,0.0,1.0299999999999974,0.5300000000000004,5214.0,0
1.93,13026.0,10412.0,7809.0,13020.5,10408.5,7806.5,6000.0,4000.0,3000.0,-9.375,0.5,0.375,0.0,900.0,900.0,0.0,1.0309999999999973,0.5310000000000004,5217.0,0
1.931,13031.0,10416.0,7812.0,13026.5,10412.5,7809.5,5000.0,4000.0,3000.0,-10.375,0.5,0.375,0.0,900.0,900.0,0.0,1.0319999999999971,0.5320000000000004,5219.0,0
1.932,13035.0,10420.0,7815.0,13031.5,10416.5,7812.5,4000.0,4000.0,3000.0,-10.375,0.5,0.375,0.0,900.0,900.0,0.0,1.032999999999997,0.5330000000000004,5220.0,0
1.933,13040.0,10424.0,7818.0,13035.5,10420.5,7815.5,5000.0,4000.0,3000.0,-9.375,0.5,0.375,0.0,900.0,900.0,0.0,1.033999999999997,0.5340000000000004,5222.0,0
1.934,13045.0,10428.0,7821.0,13040.5,10424.5,7818.5,5000.0,4000.0,3000.0,-9.375,0.5,0.375,0.0,900.0,900.0,0.0,1.0349999999999968,0.5350000000000004,5224.0,0
1.935,13051.0,10432.0,7824.0,13045.5,10428.5,7821.5,6000.0,4000.0,3000.0,-9.375,0.5,0.375,0.0,900.0,900.0,0.0,1.0359999999999967,0.5360000000000004,5227.0,0
1.936,13056.0,10436.0,7827.0,13051.5,10432.5,7824.5,5000.0,4000.0,3000.0,-10.375,0.5,0.375,0.0,900.0,900.0,0.0,1.0369999999999966,0.5370000000000004,5229.0,0
1.937,13060.0,10440.0,7830.0,13056.5,10436.5,7827.5,4000.0,4000.0,3000.0,-10.375,0.5,0.375,0.0,900.0,900.0,0.0,1.0379999999999965,0.5380000000000004,5230.0,0
1.938,13065.0,10444.0,7833.0,13060.5,10440.5,7830.5,5000.0,4000.0,3000.0,-9.375,0.5,0.375,0.0,900.0,900.0,0.0,1.0389999999999964,0.5390000000000004,5232.0,0
1.939,13070.0,10448.0,7836.0,13065.5,10444.5,7833.5,5000.0,4000.0,3000.0,-9.375,0.5,0.375,0.0,900.0,900.0,0.0,1.0399999999999963,0.5400000000000004,5234.0,0
1.94,13075.0,10452.0,7839.0,13070.5,10448.5,7836.5,5000.0,4000.0,3000.0,-9.375,0.5,0.375,0.0,900.0,900.0,0.0,1.0409999999999962,0.5410000000000004,5236.0,0
1.941,13081.0,10456.0,7842.0,13075.5,10452.5,7839.5,6000.0,4000.0,3000.0,-9.375,0.5,0.375,0.0,900.0,900.0,0.0,1.041999999999996,0.5420000000000004,5239.0,0
1.942,13086.0,10460.0,7845.0,13081.5,10456.5,7842.5,5000.0,4000.0,3000.0,-10.375,0.5,0.375,0.0,900.0,900.0,0.0,1.042999999999996,0.5430000000000004,5241.0,0
1.943,13090.0,10464.0,7848.0,13086.5,10460.5,7845.5,4000.0,4000.0,3000.0,-10.375,0.5,0.375,0.0,900.0,900.0,0.0,1.0439999999999958,0.5440000000000004,5242.0,0
1.944,13095.0,10468.0,7851.0,13090.5,10464.5,7848.5,5000.0,4000.0,3000.0,-9.375,0.5,0.375,0.0,900.0,900.0,0.0,1.0449999999999957,0.5450000000000004,5244.0,0
1.945,13100.0,10472.0,7854.0,13095.5,10468.5,7851.5,5000.0,4000.0,3000.0,-9.375,0.5,0.375,0.0,900.0,900.0,0.0,1.0459999999999956,0.5460000000000004,5246.0,0
1.946,13105.0,10476.0,7857.0,13100.5,10472.5,7854.5,5000.0,4000.0,3000.0,-9.375,0.5,0.375,0.0,900.0,900.0,0.0,1.0469999999999955,0.5470000000000004,5248.0,0
1.947,13111.0,10480.0,7860.0,13105.5,10476.5,7857.5,6000.0,4000.0,3000.0,-9.375,0.5,0.375,0.0,900.0,900.0,0.0,1.0479999999999954,0.5480000000000004,5251.0,0
1.948,13116.0,10484.0,7863.0,13111.5,10480.5,7860.5,5000.0,4000.0,3000.0,-10.375,0.5,0.375,0.0,900.0,900.0,0.0,1.0489999999999953,0.5490000000000004,5253.0,0
1.949,13120.0,10488.0,7866.0,13116.5,10484.5,7863.5,4000.0,4000.0,3000.0,-10.375,0.5,0.375,0.0,900.0,900.0,0.0,1.0499999999999952,0.5500000000000004,5254.0,0
1.95,13125.0,10492.0,7869.0,13120.5,10488.5,7866.5,5000.0,4000.0,3000.0,-9.375,0.5,0.375,0.0,900.0,900.0,0.0,1.050999999999995,0.5510000000000004,5256.0,0
1.951,13130.0,10496.0,7872.0,13125.5,10492.5,7869.5,5000.0,4000.0,3000.0,-9.375,0.5,0.375,0.0,900.0,900.0,0.0,1.051999999999995,0.5520000000000004,5258.0,0
1.952,13135.0,10500.0,7875.0,13130.5,10496.5,7872.5,5000.0,4000.0,3000.0,-9.375,0.5,0.375,0.0,900.0,900.0,0.0,1.0529999999999948,0.5530000000000004,5260.0,0
1.953,13140.0,10504.0,7878.0,13135.5,10500.5,7875.5,5000.0,4000.0,3000.0,-9.375,0.5,0.375,0.0,900.0,900.0,0.0,1.0539999999999947,0.5540000000000004,5262.0,0
1.954,13146.0,10508.0,7881.0,13140.5,10504.5,7878.5,6000.0,4000.0,3000.0,-9.375,0.5,0.375,0.0,900.0,900.0,0.0,1.0549999999999946,0.5550000000000004,5265.0,0
1.955,13151.0,10512.0,7884.0,13146.5,10508.5,7881.5,5000.0,4000.0,3000.0,-10.375,0.5,0.375,0.0,900.0,900.0,0.0,1.0559999999999945,0.5560000000000004,5267.0,0
1.956,13155.0,10516.0,7887.0,13151.5,10512.5,7884.5,4000.0,4000.0,3000.0,-10.375,0.5,0.375,0.0,900.0,900.0,0.0,1.0569999999999944,0.5570000000000004,5268.0,0
1.957,13160.0,10520.0,7890.0,13155.5,10516.5,7887.5,5000.0,4000.0,3000.0,-9.375,0.5,0.375,0.0,900.0,900.0,0.0,1.0579999999999943,0.5580000000000004,5270.0,0
1.958,13165.0,10524.0,7894.0,13160.5,10520.5,7890.5,5000.0,4000.0,4000.0,-9.375,0.5,0.375,0.0,900.0,900.0,0.0,1.0589999999999942,0.5590000000000004,5271.0,0
1.959,13170.0,10528.0,7897.0,13165.5,10524.5,7894.5,5000.0,4000.0,3000.0,-9.375,0.5,-0.625,0.0,900.0,900.0,0.0,1.059999999999994,0.5600000000000004,5273.0,0
1.96,13175.0,10532.0,7900.0,13170.5,10528.5,7897.5,5000.0,4000.0,3000.0,-9.375,0.5,-0.625,0.0,900.0,900.0,0.0,1.060999999999994,0.5610000000000004,5275.0,0
1.961,13181.0,10536.0,7903.0,13175.5,10532.5,7900.5,6000.0,4000.0,3000.0,-9.375,0.5,-0.625,0.0,900.0,900.0,0.0,1.0619999999999938,0.5620000000000004,5278.0,0
1.962,13185.0,10540.0,7906.0,13181.5,10536.5,7903.5,4000.0,4000.0,3000.0,-10.375,0.5,-0.625,0.0,900.0,900.0,0.0,1.0629999999999937,0.5630000000000004,5279.0,0
1.963,13191.0,10544.0,7909.0,13185.5,10540.5,7906.5,6000.0,4000.0,3000.0,-9.375,0.5,-0.625,0.0,900.0,900.0,0.0,1.0639999999999936,0.5640000000000004,5282.0,0
1.964,13195.0,10548.0,7912.0,13191.5,10544.5,7909.5,4000.0,4000.0,3000.0,-10.375,0.5,-0.625,0.0,900.0,900.0,0.0,1.0649999999999935,0.5650000000000004,5283.0,0
1.965,13200.0,10552.0,7915.0,13195.5,10548.5,7912.5,5000.0,4000.0,3000.0,-9.375,0.5,-0.625,0.0,900.0,900.0,0.0,1.0659999999999934,0.5660000000000004,5285.0,0
1.966,13206.0,10556.0,7918.0,13200.5,10552.5,7915.5,6000.0,4000.0,3000.0,-9.375,0.5,-0.625,0.0,900.0,900.0,0.0,1.0669999999999933,0.5670000000000004,5288.0,0
1.967,13210.0,10560.0,7921.0,13206.5,10556.5,7918.5,4000.0,4000.0,3000.0,-10.375,0.5,-0.625,0.0,900.0,900.0,0.0,1.0679999999999932,0.5680000000000004,5289.0,0
1.968,13216.0,10564.0,7924.0,13210.5,10560.5,7921.5,6000.0,4000.0,3000.0,-9.375,0.5,-0.625,0.0,900.0,900.0,0.0,1.068999999999993,0.5690000000000004,5292.0,0
1.969,13220.0,10568.0,7927.0,13216.5,10564.5,7924.5,4000.0,4000.0,3000.0,-10.375,0.5,-0.625,0.0,900.0,900.0,0.0,1.069999999999993,0.5700000000000004,5293.0,0
1.97,13225.0,10572.0,7930.0,13220.5,10568.5,7927.5,5000.0,4000.0,3000.0,-9.375,0.5,-0.625,0.0,900.0,900.0,0.0,1.0709999999999928,0.5710000000000004,5295.0,0
1.971,13231.0,10576.0,7933.0,13225.5,10572.5,7930.5,6000.0,4000.0,3000.0,-9.375,0.5,-0.625,0.0,900.0,900.0,0.0,1.0719999999999927,0.5720000000000004,5298.0,0
1.972,13235.0,10580.0,7936.0,13231.5,10576.5,7933.5,4000.0,4000.0,3000.0,-10.375,0.5,-0.625,0.0,900.0,900.0,0.0,1.0729999999999926,0.5730000000000004,5299.0,0
1.973,13240.0,10584.0,7939.0,13235.5,10580.5,7936.5,5000.0,4000.0,3000.0,-9.375,0.5,-0.625,0.0,900.0,900.0,0.0,1.0739999999999925,0.5740000000000004,5301.0,0
1.974,13246.0,10588.0,7942.0,13240.5,10584.5,7939.5,6000.0,4000.0,3000.0,-9.375,0.5,-0.625,0.0,900.0,900.0,0.0,1.0749999999999924,0.5750000000000004,5304.0,0
1.975,13250.0,10592.0,7945.0,13246.5,10588.5,7942.5,4000.0,4000.0,3000.0,-10.375,0.5,-0.625,0.0,900.0,900.0,0.0,1.0759999999999923,0.5760000000000004,5305.0,0
1.976,13255.0,10596.0,7948.0,13250.5,10592.5,7945.5,5000.0,4000.0,3000.0,-9.375,0.5,-0.625,0.0,900.0,900.0,0.0,1.0769999999999922,0.5770000000000004,5307.0,0
1.977,13261.0,10600.0,7951.0,13255.5,10596.5,7948.5,6000.0,4000.0,3000.0,-9.375,0.5,-0.625,0.0,900.0,900.0,0.0,1.077999999999992,0.5780000000000004,5310.0,0
1.978,13265.0,10604.0,7954.0,13261.5,10600.5,7951.5,4000.0,4000.0,3000.0,-10.375,0.5,-0.625,0.0,900.0,900.0,0.0,1.078999999999992,0.5790000000000004,5311.0,0
1.979,13270.0,10608.0,7957.0,13265.5,10604.5,7954.5,5000.0,4000.0,3000.0,-9.375,0.5,-0.625,0.0,900.0,900.0,0.0,1.0799999999999919,0.5800000000000004,5313.0,0
1.98,13275.0,10612.0,7960.0,13270.5,10608.5,7957.5,5000.0,4000.0,3000.0,-9.375,0.5,-0.625,0.0,900.0,900.0,0.0,1.0809999999999917,0.5810000000000004,5315.0,0
1.981,13281.0,10616.0,7963.0,13275.5,10612.5,7960.5,6000.0,4000.0,3000.0,-9.375,0.5,-0.625,0.0,900.0,900.0,0.0,1.0819999999999916,0.5820000000000004,5318.0,0
1.982,13285.0,10620.0,7966.0,13281.5,10616.5,7963.5,4000.0,4000.0,3000.0,-10.375,0.5,-0.625,0.0,900.0,900.0,0.0,1.0829999999999915,0.5830000000000004,5319.0,0
1.983,13290.0,10624.0,7969.0,13285.5,10620.5,7966.5,5000.0,4000.0,3000.0,-9.375,0.5,-0.625,0.0,900.0,900.0,0.0,1.0839999999999914,0.5840000000000004,5321.0,0
1.984,13295.0,10628.0,7972.0,13290.5,10624.5,7969.5,5000.0,4000.0,3000.0,-9.375,0.5,-0.625,0.0,900.0,900.0,0.0,1.0849999999999913,0.5850000000000004,5323.0,0
1.985,13301.0,10632.0,7975.0,13295.5,10628.5,7972.5,6000.0,4000.0,3000.0,-9.375,0.5,-0.625,0.0,900.0,900.0,0.0,1.0859999999999912,0.5860000000000004,5326.0,0
1.986,13305.0,10636.0,7978.0,13301.5,10632.5,7975.5,4000.0,4000.0,3000.0,-10.375,0.5,-0.625,0.0,900.0,900.0,0.0,1.086999999999991,0.5870000000000004,5327.0,0
1.987,13310.0,10640.0,7981.0,13305.5,10636.5,7978.5,5000.0,4000.0,3000.0,-9.375,0.5,-0.625,0.0,900.0,900.0,0.0,1.087999999999991,0.5880000000000004,5329.0,0
1.988,13315.0,10644.0,7984.0,13310.5,10640.5,7981.5,5000.0,4000.0,3000.0,-9.375,0.5,-0.625,0.0,900.0,900.0,0.0,1.0889999999999909,0.5890000000000004,5331.0,0
1.989,13320.0,10648.0,7987.0,13315.5,10644.5,7984.5,5000.0,4000.0,3000.0,-9.375,0.5,-0.625,0.0,900.0,900.0,0.0,1.0899999999999908,0.5900000000000004,5333.0,0
1.99,13326.0,10652.0,7990.0,13320.5,10648.5,7987.5,6000.0,4000.0,3000.0,-9.375,0.5,-0.625,0.0,900.0,900.0,0.0,1.0909999999999906,0.5910000000000004,5336.0,0
1.991,13330.0,10656.0,7993.0,13326.5,10652.5,7990.5,4000.0,4000.0,3000.0,-10.375,0.5,-0.625,0.0,900.0,900.0,0.0,1.0919999999999905,0.5920000000000004,5337.0,0
1.992,13335.0,10660.0,7996.0,13330.5,10656.5,7993.5,5000.0,4000.0,3000.0,-9.375,0.5,-0.625,0.0,900.0,900.0,0.0,1.0929999999999904,0.5930000000000004,5339.0,0
1.993,13340.0,10664.0,8000.0,13335.5,10660.5,7996.5,5000.0,4000.0,4000.0,-9.375,0.5,-0.625,0.0,900.0,900.0,0.0,1.0939999999999903,0.5940000000000004,5340.0,0
1.994,13345.0,10668.0,8003.0,13340.5,10664.5,8000.5,5000.0,4000.0,3000.0,-9.375,0.5,-1.625,0.0,900.0,900.0,0.0,1.0949999999999902,0.5950000000000004,5342.0,0
1.995,13351.0,10672.0,8006.0,13345.5,10668.5,8003.5,6000.0,4000.0,3000.0,-9.375,0.5,-1.625,0.0,900.0,900.0,0.0,1.09599999999999,0.5960000000000004,5345.0,0
1.996,13355.0,10676.0,8009.0,13351.5,10672.5,8006.5,4000.0,4000.0,3000.0,-10.375,0.5,-1.625,0.0,900.0,900.0,0.0,1.09699999999999,0.5970000000000004,5346.0,0
1.997,13360.0,10680.0,8012.0,13355.5,10676.5,8009.5,5000.0,4000.0,3000.0,-9.375,0.5,-1.625,0.0,900.0,900.0,0.0,1.0979999999999899,0.5980000000000004,5348.0,0
1.998,13365.0,10684.0,8015.0,13360.5,10680.5,8012.5,5000.0,4000.0,3000.0,-9.375,0.5,-1.625,0.0,900.0,900.0,0.0,1.0989999999999898,0.5990000000000004,5350.0,0
1.999,13370.0,10688.0,8018.0,13365.5,10684.5,8015.5,5000.0,4000.0,3000.0,-9.375,0.5,-1.625,0.0,900.0,900.0,0.0,1.0999999999999897,0.6000000000000004,5352.0,0
2.0,13375.0,10693.0,8021.0,13370.5,10688.5,8018.5,5000.0,5000.0,3000.0,-9.375,0.5,-1.625,0.0,900.0,900.0,0.0,1.1009999999999895,0.6010000000000004,5354.0,0
2.001,13380.0,10697.0,8024.0,13375.5,10693.5,8021.5,5000.0,4000.0,3000.0,-8.125,0.5,-0.875,0.0,900.0,900.0,0.0,1.1019999999999894,0.6020000000000004,5356.0,0
2.0020000000000002,13385.0,10701.0,8027.0,13380.5,10697.5,8024.5,5000.0,4000.0,3000.0,-8.125,0.5,-0.875,0.0,900.0,900.0,0.0,1.1029999999999893,0.6030000000000004,5358.0,0
2.003,13391.0,10705.0,8030.0,13385.5,10701.5,8027.5,6000.0,4000.0,3000.0,-8.125,0.5,-0.875,0.0,900.0,900.0,0.0,1.1039999999999892,0.6040000000000004,5361.0,0
2.004,13396.0,10709.0,8033.0,13391.5,10705.5,8030.5,5000.0,4000.0,3000.0,-9.125,0.5,-0.875,0.0,900.0,900.0,0.0,1.104999999999989,0.6050000000000004,5363.0,0
2.005,13401.0,10713.0,8036.0,13396.5,10709.5,8033.5,5000.0,4000.0,3000.0,-9.125,0.5,-0.875,0.0,900.0,900.0,0.0,1.105999999999989,0.6060000000000004,5365.0,0
2.0060000000000002,13406.0,10717.0,8039.0,13401.5,10713.5,8036.5,5000.0,4000.0,3000.0,-9.125,0.5,-0.875,0.0,900.0,900.0,0.0,1.1069999999999889,0.6070000000000004,5367.0,0
2.007,13411.0,10721.0,8042.0,13406.5,10717.5,8039.5,5000.0,4000.0,3000.0,-9.125,0.5,-0.875,0.0,900.0,900.0,0.0,1.1079999999999888,0.6080000000000004,5369.0,0
2.008,13416.0,10725.0,8045.0,13411.5,10721.5,8042.5,5000.0,4000.0,3000.0,-9.125,0.5,-0.875,0.0,900.0,900.0,0.0,1.1089999999999887,0.6090000000000004,5371.0,0
2.009,13421.0,10729.0,8048.0,13416.5,10725.5,8045.5,5000.0,4000.0,3000.0,-9.125,0.5,-0.875,0.0,900.0,900.0,0.0,1.1099999999999886,0.6100000000000004,5373.0,0
2.0100000000000002,13426.0,10733.0,8051.0,13421.5,10729.5,8048.5,5000.0,4000.0,3000.0,-9.125,0.5,-0.875,0.0,900.0,900.0,0.0,1.1109999999999884,0.6110000000000004,5375.0,0
2.011,13431.0,10737.0,8054.0,13426.5,10733.5,8051.5,5000.0,4000.0,3000.0,-9.125,0.5,-0.875,0.0,900.0,900.0,0.0,1.1119999999999883,0.6120000000000004,5377.0,0
2.012,13436.0,10741.0,8057.0,13431.5,10737.5,8054.5,5000.0,4000.0,3000.0,-9.125,0.5,-0.875,0.0,900.0,900.0,0.0,1.1129999999999882,0.6130000000000004,5379.0,0
2.013,13441.0,10745.0,8060.0,13436.5,10741.5,8057.5,5000.0,4000.0,3000.0,-9.125,0.5,-0.875,0.0,900.0,900.0,0.0,1.113999999999988,0.6140000000000004,5381.0,0
2.0140000000000002,13446.0,10749.0,8063.0,13441.5,10745.5,8060.5,5000.0,4000.0,3000.0,-9.125,0.5,-0.875,0.0,900.0,900.0,0.0,1.114999999999988,0.6150000000000004,5383.0,0
2.015,13451.0,10753.0,8066.0,13446.5,10749.5,8063.5,5000.0,4000.0,3000.0,-9.125,0.5,-0.875,0.0,900.0,900.0,0.0,1.115999999999988,0.6160000000000004,5385.0,0
2.016,13456.0,10757.0,8069.0,13451.5,10753.5,8066.5,5000.0,4000.0,3000.0,-9.125,0.5,-0.875,0.0,900.0,900.0,0.0,1.1169999999999878,0.6170000000000004,5387.0,0
2.017,13461.0,10761.0,8072.0,13456.5,10757.5,8069.5,5000.0,4000.0,3000.0,-9.125,0.5,-0.875,0.0,900.0,900.0,0.0,1.1179999999999877,0.6180000000000004,5389.0,0
2.0180000000000002,13466.0,10765.0,8075.0,13461.5,10761.5,8072.5,5000.0,4000.0,3000.0,-9.125,0.5,-0.875,0.0,900.0,900.0,0.0,1.1189999999999876,0.6190000000000004,5391.0,0
2.019,13471.0,10769.0,8078.0,13466.5,10765.5,8075.5,5000.0,4000.0,3000.0,-9.125,0.5,-0.875,0.0,900.0,900.0,0.0,1.1199999999999875,0.6200000000000004,5393.0,0
2.02,13476.0,10773.0,8081.0,13471.5,10769.5,8078.5,5000.0,4000.0,3000.0,-9.125,0.5,-0.875,0.0,900.0,900.0,0.0,1.1209999999999873,0.6210000000000004,5395.0,0
2.021,13481.0,10777.0,8084.0,13476.5,10773.5,8081.5,5000.0,4000.0,3000.0,-9.125,0.5,-0.875,0.0,900.0,900.0,0.0,1.1219999999999872,0.6220000000000004,5397.0,0
2.0220000000000002,13486.0,10781.0,8087.0,13481.5,10777.5,8084.5,5000.0,4000.0,3000.0,-9.125,0.5,-0.875,0.0,900.0,900.0,0.0,1.1229999999999871,0.6230000000000004,5399.0,0
2.023,13491.0,10785.0,8090.0,13486.5,10781.5,8087.5,5000.0,4000.0,3000.0,-9.125,0.5,-0.875,0.0,900.0,900.0,0.0,1.123999999999987,0.6240000000000004,5401.0,0
2.024,13496.0,10789.0,8093.0,13491.5,10785.5,8090.5,5000.0,4000.0,3000.0,-9.125,0.5,-0.875,0.0,900.0,900.0,0.0,1.124999999999987,0.6250000000000004,5403.0,0
2.025,13501.0,10793.0,8096.0,13496.5,10789.5,8093.5,5000.0,4000.0,3000.0,-9.125,0.5,-0.875,0.0,900.0,900.0,0.0,1.1259999999999868,0.6260000000000004,5405.0,0
2.0260000000000002,13506.0,10797.0,8099.0,13501.5,10793.5,8096.5,5000.0,4000.0,3000.0,-9.125,0.5,-0.875,0.0,900.0,900.0,0.0,1.1269999999999867,0.6270000000000004,5407.0,0
2.027,13511.0,10801.0,8102.0,13506.5,10797.5,8099.5,5000.0,4000.0,3000.0,-9.125,0.5,-0.875,0.0,900.0,900.0,0.0,1.1279999999999866,0.6280000000000004,5409.0,0
2.028,13516.0,10805.0,8105.0,13511.5,10801.5,8102.5,5000.0,4000.0,3000.0,-9.125,0.5,-0.875,0.0,900.0,900.0,0.0,1.1289999999999865,0.6290000000000004,5411.0,0
2.029,13521.0,10809.0,8109.0,13516.5,10805.5,8105.5,5000.0,4000.0,4000.0,-9.125,0.5,-0.875,0.0,900.0,900.0,0.0,1.1299999999999863,0.6300000000000004,5412.0,0
2.0300000000000002,13526.0,10813.0,8112.0,13521.5,10809.5,8109.5,5000.0,4000.0,3000.0,-9.125,0.5,-1.875,0.0,900.0,900.0,0.0,1.1309999999999862,0.6310000000000004,5414.0,0
2.031,13531.0,10817.0,8115.0,13526.5,10813.5,8112.5,5000.0,4000.0,3000.0,-9.125,0.5,-1.875,0.0,900.0,900.0,0.0,1.1319999999999861,0.6320000000000005,5416.0,0
2.032,13536.0,10821.0,8118.0,13531.5,10817.5,8115.5,5000.0,4000.0,3000.0,-9.125,0.5,-1.875,0.0,900.0,900.0,0.0,1.132999999999986,0.6330000000000005,5418.0,0
2.033,13541.0,10825.0,8121.0,13536.5,10821.5,8118.5,5000.0,4000.0,3000.0,-9.125,0.5,-1.875,0.0,900.0,900.0,0.0,1.133999999999986,0.6340000000000005,5420.0,0
2.0340000000000003,13546.0,10829.0,8124.0,13541.5,10825.5,8121.5,5000.0,4000.0,3000.0,-9.125,0.5,-1.875,0.0,900.0,900.0,0.0,1.1349999999999858,0.6350000000000005,5422.0,0
2.035,13551.0,10833.0,8127.0,13546.5,10829.5,8124.5,5000.0,4000.0,3000.0,-9.125,0.5,-1.875,0.0,900.0,900.0,0.0,1.1359999999999857,0.6360000000000005,5424.0,0
2.036,13556.0,10837.0,8130.0,13551.5,10833.5,8127.5,5000.0,4000.0,3000.0,-9.125,0.5,-1.875,0.0,900.0,900.0,0.0,1.1369999999999856,0.6370000000000005,5426.0,0
2.037,13561.0,10841.0,8133.0,13556.5,10837.5,8130.5,5000.0,4000.0,3000.0,-9.125,0.5,-1.875,0.0,900.0,900.0,0.0,1.1379999999999855,0.6380000000000005,5428.0,0
2.0380000000000003,13566.0,10845.0,8136.0,13561.5,10841.5,8133.5,5000.0,4000.0,3000.0,-9.125,0.5,-1.875,0.0,900.0,900.0,0.0,1.1389999999999854,0.6390000000000005,5430.0,0
2.039,13571.0,10849.0,8139.0,13566.5,10845.5,8136.5,5000.0,4000.0,3000.0,-9.125,0.5,-1.875,0.0,900.0,900.0,0.0,1.1399999999999852,0.6400000000000005,5432.0,0
2.04,13576.0,10853.0,8142.0,13571.5,10849.5,8139.5,5000.0,4000.0,3000.0,-9.125,0.5,-1.875,0.0,900.0,900.0,0.0,1.1409999999999851,0.6410000000000005,5434.0,0
2.041,13581.0,10857.0,8145.0,13576.5,10853.5,8142.5,5000.0,4000.0,3000.0,-9.125,0.5,-1.875,0.0,900.0,900.0,0.0,1.141999999999985,0.6420000000000005,5436.0,0
2.0420000000000003,13587.0,10861.0,8148.0,13581.5,10857.5,8145.5,6000.0,4000.0,3000.0,-9.125,0.5,-1.875,0.0,900.0,900.0,0.0,1.142999999999985,0.6430000000000005,5439.0,0
2.043,13591.0,10865.0,8151.0,13587.5,10861.5,8148.5,4000.0,4000.0,3000.0,-10.125,0.5,-1.875,0.0,900.0,900.0,0.0,1.1439999999999848,0.6440000000000005,5440.0,0
2.044,13596.0,10869.0,8154.0,13591.5,10865.5,8151.5,5000.0,4000.0,3000.0,-9.125,0.5,-1.875,0.0,900.0,900.0,0.0,1.1449999999999847,0.6450000000000005,5442.0,0
2.045,13601.0,10873.0,8157.0,13596.5,10869.5,8154.5,5000.0,4000.0,3000.0,-9.125,0.5,-1.875,0.0,900.0,900.0,0.0,1.1459999999999846,0.6460000000000005,5444.0,0
2.0460000000000003,13606.0,10877.0,8160.0,13601.5,10873.5,8157.5,5000.0,4000.0,3000.0,-9.125,0.5,-1.875,0.0,900.0,900.0,0.0,1.1469999999999845,0.6470000000000005,5446.0,0
2.047,13611.0,10881.0,8163.0,13606.5,10877.5,8160.5,5000.0,4000.0,3000.0,-9.125,0.5,-1.875,0.0,900.0,900.0,0.0,1.1479999999999844,0.6480000000000005,5448.0,0
2.048,13616.0,10885.0,8166.0,13611.5,10881.5,8163.5,5000.0,4000.0,3000.0,-9.125,0.5,-1.875,0.0,900.0,900.0,0.0,1.1489999999999843,0.6490000000000005,5450.0,0
2.049,13621.0,10889.0,8169.0,13616.5,10885.5,8166.5,5000.0,4000.0,3000.0,-9.125,0.5,-1.875,0.0,900.0,900.0,0.0,1.1499999999999841,0.6500000000000005,5452.0,0
2.05,13626.0,10893.0,8172.0,13621.5,10889.5,8169.5,5000.0,4000.0,3000.0,-9.125,0.5,-1.875,0.0,900.0,900.0,0.0,1.150999999999984,0.6510000000000005,5454.0,0
2.051,13631.0,10897.0,8175.0,13626.5,10893.5,8172.5,5000.0,4000.0,3000.0,-9.125,0.5,-1.875,0.0,900.0,900.0,0.0,1.151999999999984,0.6520000000000005,5456.0,0
2.052,13637.0,10901.0,8178.0,13631.5,10897.5,8175.5,6000.0,4000.0,3000.0,-9.125,0.5,-1.875,0.0,900.0,900.0,0.0,1.1529999999999838,0.6530000000000005,5459.0,0
2.053,13641.0,10905.0,8181.0,13637.5,10901.5,8178.5,4000.0,4000.0,3000.0,-10.125,0.5,-1.875,0.0,900.0,900.0,0.0,1.1539999999999837,0.6540000000000005,5460.0,0
2.054,13646.0,10909.0,8184.0,13641.5,10905.5,8181.5,5000.0,4000.0,3000.0,-9.125,0.5,-1.875,0.0,900.0,900.0,0.0,1.1549999999999836,0.6550000000000005,5462.0,0
2.055,13651.0,10913.0,8187.0,13646.5,10909.5,8184.5,5000.0,4000.0,3000.0,-9.125,0.5,-1.875,0.0,900.0,900.0,0.0,1.1559999999999835,0.6560000000000005,5464.0,0
2.056,13656.0,10917.0,8190.0,13651.5,10913.5,8187.5,5000.0,4000.0,3000.0,-9.125,0.5,-1.875,0.0,900.0,900.0,0.0,1.1569999999999834,0.6570000000000005,5466.0,0
2.057,13661.0,10921.0,8193.0,13656.5,10917.5,8190.5,5000.0,4000.0,3000.0,-9.125,0.5,-1.875,0.0,900.0,900.0,0.0,1.1579999999999833,0.6580000000000005,5468.0,0
2.058,13666.0,10925.0,8196.0,13661.5,10921.5,8193.5,5000.0,4000.0,3000.0,-9.125,0.5,-1.875,0.0,900.0,900.0,0.0,1.1589999999999832,0.6590000000000005,5470.0,0
2.059,13671.0,10929.0,8199.0,13666.5,10925.5,8196.5,5000.0,4000.0,3000.0,-9.125,0.5,-1.875,0.0,900.0,900.0,0.0,1.159999999999983,0.6600000000000005,5472.0,0
2.06,13676.0,10933.0,8202.0,13671.5,10929.5,8199.5,5000.0,4000.0,3000.0,-9.125,0.5,-1.875,0.0,900.0,900.0,0.0,1.160999999999983,0.6610000000000005,5474.0,0
2.061,13681.0,10937.0,8205.0,13676.5,10933.5,8202.5,5000.0,4000.0,3000.0,-9.125,0.5,-1.875,0.0,900.0,900.0,0.0,1.1619999999999828,0.6620000000000005,5476.0,0
2.062,13686.0,10941.0,8208.0,13681.5,10937.5,8205.5,5000.0,4000.0,3000.0,-9.125,0.5,-1.875,0.0,900.0,900.0,0.0,1.1629999999999827,0.6630000000000005,5478.0,0
2.063,13691.0,10945.0,8211.0,13686.5,10941.5,8208.5,5000.0,4000.0,3000.0,-9.125,0.5,-1.875,0.0,900.0,900.0,0.0,1.1639999999999826,0.6640000000000005,5480.0,0
2.064,13696.0,10949.0,8215.0,13691.5,10945.5,8211.5,5000.0,4000.0,4000.0,-9.125,0.5,-1.875,0.0,900.0,900.0,0.0,1.1649999999999825,0.6650000000000005,5481.0,0
2.065,13701.0,10953.0,8218.0,13696.5,10949.5,8215.5,5000.0,4000.0,3000.0,-9.125,0.5,-2.875,0.0,900.0,900.0,0.0,1.1659999999999824,0.6660000000000005,5483.0,0
2.066,13706.0,10957.0,8221.0,13701.5,10953.5,8218.5,5000.0,4000.0,3000.0,-9.125,0.5,-2.875,0.0,900.0,900.0,0.0,1.1669999999999823,0.6670000000000005,5485.0,0
2.067,13712.0,10961.0,8224.0,13706.5,10957.5,8221.5,6000.0,4000.0,3000.0,-9.125,0.5,-2.875,0.0,900.0,900.0,0.0,1.1679999999999822,0.6680000000000005,5488.0,0
2.068,13716.0,10965.0,8227.0,13712.5,10961.5,8224.5,4000.0,4000.0,3000.0,-10.125,0.5,-2.875,0.0,900.0,900.0,0.0,1.168999999999982,0.6690000000000005,5489.0,0
2.069,13721.0,10969.0,8230.0,13716.5,10965.5,8227.5,5000.0,4000.0,3000.0,-9.125,0.5,-2.875,0.0,900.0,900.0,0.0,1.169999999999982,0.6700000000000005,5491.0,0
2.07,13726.0,10973.0,8233.0,13721.5,10969.5,8230.5,5000.0,4000.0,3000.0,-9.125,0.5,-2.875,0.0,900.0,900.0,0.0,1.1709999999999818,0.6710000000000005,5493.0,0
2.071,13731.0,10977.0,8236.0,13726.5,10973.5,8233.5,5000.0,4000.0,3000.0,-9.125,0.5,-2.875,0.0,900.0,900.0,0.0,1.1719999999999817,0.6720000000000005,5495.0,0
2.072,13736.0,10981.0,8239.0,13731.5,10977.5,8236.5,5000.0,4000.0,3000.0,-9.125,0.5,-2.875,0.0,900.0,900.0,0.0,1.1729999999999816,0.6730000000000005,5497.0,0
2.073,13741.0,10985.0,8242.0,13736.5,10981.5,8239.5,5000.0,4000.0,3000.0,-9.125,0.5,-2.875,0.0,900.0,900.0,0.0,1.1739999999999815,0.6740000000000005,5499.0,0
2.074,13746.0,10989.0,8245.0,13741.5,10985.5,8242.5,5000.0,4000.0,3000.0,-9.125,0.5,-2.875,0.0,900.0,900.0,0.0,1.1749999999999814,0.6750000000000005,5501.0,0
2.075,13751.0,10993.0,8248.0,13746.5,10989.5,8245.5,5000.0,4000.0,3000.0,-9.125,0.5,-2.875,0.0,900.0,900.0,0.0,1.1759999999999813,0.6760000000000005,5503.0,0
2.076,13756.0,10997.0,8251.0,13751.5,10993.5,8248.5,5000.0,4000.0,3000.0,-9.125,0.5,-2.875,0.0,900.0,900.0,0.0,1.1769999999999812,0.6770000000000005,5505.0,0
2.077,13761.0,11001.0,8254.0,13756.5,10997.5,8251.5,5000.0,4000.0,3000.0,-9.125,0.5,-2.875,0.0,900.0,900.0,0.0,1.177999999999981,0.6780000000000005,5507.0,0
2.078,13766.0,11005.0,8257.0,13761.5,11001.5,8254.5,5000.0,4000.0,3000.0,-9.125,0.5,-2.875,0.0,900.0,900.0,0.0,1.178999999999981,0.6790000000000005,5509.0,0
2.079,13771.0,11009.0,8260.0,13766.5,11005.5,8257.5,5000.0,4000.0,3000.0,-9.125,0.5,-2.875,0.0,900.0,900.0,0.0,1.1799999999999808,0.6800000000000005,5511.0,0
2.08,13776.0,11013.0,8263.0,13771.5,11009.5,8260.5,5000.0,4000.0,3000.0,-9.125,0.5,-2.875,0.0,900.0,900.0,0.0,1.1809999999999807,0.6810000000000005,5513.0,0
2.081,13781.0,11017.0,8266.0,13776.5,11013.5,8263.5,5000.0,4000.0,3000.0,-9.125,0.5,-2.875,0.0,900.0,900.0,0.0,1.1819999999999806,0.6820000000000005,5515.0,0
2.082,13786.0,11021.0,8269.0,13781.5,11017.5,8266.5,5000.0,4000.0,3000.0,-9.125,0.5,-2.875,0.0,900.0,900.0,0.0,1.1829999999999805,0.6830000000000005,5517.0,0
2.083,13791.0,11026.0,8272.0,13786.5,11021.5,8269.5,5000.0,5000.0,3000.0,-9.125,0.5,-2.875,0.0,900.0,900.0,0.0,1.1839999999999804,0.6840000000000005,5519.0,0
2.084,13796.0,11030.0,8275.0,13791.5,11026.5,8272.5,5000.0,4000.0,3000.0,-7.875,0.5,-2.125,0.0,900.0,900.0,0.0,1.1849999999999803,0.6850000000000005,5521.0,0
2.085,13801.0,11034.0,8278.0,13796.5,11030.5,8275.5,5000.0,4000.0,3000.0,-7.875,0.5,-2.125,0.0,900.0,900.0,0.0,1.1859999999999802,0.6860000000000005,5523.0,0
2.086,13806.0,11038.0,8281.0,13801.5,11034.5,8278.5,5000.0,4000.0,3000.0,-7.875,0.5,-2.125,0.0,900.0,900.0,0.0,1.18699999999998,0.6870000000000005,5525.0,0
2.087,13811.0,11042.0,8284.0,13806.5,11038.5,8281.5,5000.0,4000.0,3000.0,-7.875,0.5,-2.125,0.0,900.0,900.0,0.0,1.18799999999998,0.6880000000000005,5527.0,0
2.088,13816.0,11046.0,8287.0,13811.5,11042.5,8284.5,5000.0,4000.0,3000.0,-7.875,0.5,-2.125,0.0,900.0,900.0,0.0,1.1889999999999799,0.6890000000000005,5529.0,0
2.089,13821.0,11050.0,8290.0,13816.5,11046.5,8287.5,5000.0,4000.0,3000.0,-7.875,0.5,-2.125,0.0,900.0,900.0,0.0,1.1899999999999797,0.6900000000000005,5531.0,0
2.09,13826.0,11054.0,8293.0,13821.5,11050.5,8290.5,5000.0,4000.0,3000.0,-7.875,0.5,-2.125,0.0,900.0,900.0,0.0,1.1909999999999796,0.6910000000000005,5533.0,0
2.091,13831.0,11058.0,8296.0,13826.5,11054.5,8293.5,5000.0,4000.0,3000.0,-7.875,0.5,-2.125,0.0,900.0,900.0,0.0,1.1919999999999795,0.6920000000000005,5535.0,0
2.092,13836.0,11062.0,8299.0,13831.5,11058.5,8296.5,5000.0,4000.0,3000.0,-7.875,0.5,-2.125,0.0,900.0,900.0,0.0,1.1929999999999794,0.6930000000000005,5537.0,0
2.093,13841.0,11066.0,8302.0,13836.5,11062.5,8299.5,5000.0,4000.0,3000.0,-7.875,0.5,-2.125,0.0,900.0,900.0,0.0,1.1939999999999793,0.6940000000000005,5539.0,0
2.094,13847.0,11070.0,8305.0,13841.5,11066.5,8302.5,6000.0,4000.0,3000.0,-7.875,0.5,-2.125,0.0,900.0,900.0,0.0,1.1949999999999792,0.6950000000000005,5542.0,0
2.095,13852.0,11074.0,8308.0,13847.5,11070.5,8305.5,5000.0,4000.0,3000.0,-8.875,0.5,-2.125,0.0,900.0,900.0,0.0,1.195999999999979,0.6960000000000005,5544.0,0
2.096,13857.0,11078.0,8311.0,13852.5,11074.5,8308.5,5000.0,4000.0,3000.0,-8.875,0.5,-2.125,0.0,900.0,900.0,0.0,1.196999999999979,0.6970000000000005,5546.0,0
2.097,13862.0,11082.0,8314.0,13857.5,11078.5,8311.5,5000.0,4000.0,3000.0,-8.875,0.5,-2.125,0.0,900.0,900.0,0.0,1.1979999999999789,0.6980000000000005,5548.0,0
2.098,13867.0,11086.0,8317.0,13862.5,11082.5,8314.5,5000.0,4000.0,3000.0,-8.875,0.5,-2.125,0.0,900.0,900.0,0.0,1.1989999999999787,0.6990000000000005,5550.0,0
2.099,13872.0,11090.0,8321.0,13867.5,11086.5,8317.5,5000.0,4000.0,4000.0,-8.875,0.5,-2.125,0.0,900.0,900.0,0.0,1.1999999999999786,0.7000000000000005,5551.0,0
2.1,13877.0,11094.0,8324.0,13872.5,11090.5,8321.5,5000.0,4000.0,3000.0,-8.875,0.5,-3.125,0.0,900.0,900.0,0.0,1.2009999999999785,0.7010000000000005,5553.0,0
2.101,13882.0,11098.0,8327.0,13877.5,11094.5,8324.5,5000.0,4000.0,3000.0,-8.875,0.5,-3.125,0.0,900.0,900.0,0.0,1.2019999999999784,0.7020000000000005,5555.0,0
2.102,13887.0,11102.0,8330.0,13882.5,11098.5,8327.5,5000.0,4000.0,3000.0,-8.875,0.5,-3.125,0.0,900.0,900.0,0.0,1.2029999999999783,0.7030000000000005,5557.0,0
2.103,13892.0,11106.0,8333.0,13887.5,11102.5,8330.5,5000.0,4000.0,3000.0,-8.875,0.5,-3.125,0.0,900.0,900.0,0.0,1.2039999999999782,0.7040000000000005,5559.0,0
2.104,13897.0,11110.0,8336.0,13892.5,11106.5,8333.5,5000.0,4000.0,3000.0,-8.875,0.5,-3.125,0.0,900.0,900.0,0.0,1.204999999999978,0.7050000000000005,5561.0,0
2.105,13902.0,11114.0,8339.0,13897.5,11110.5,8336.5,5000.0,4000.0,3000.0,-8.875,0.5,-3.125,0.0,900.0,900.0,0.0,1.205999999999978,0.7060000000000005,5563.0,0
2.106,13907.0,11118.0,8342.0,13902.5,11114.5,8339.5,5000.0,4000.0,3000.0,-8.875,0.5,-3.125,0.0,900.0,900.0,0.0,1.2069999999999779,0.7070000000000005,5565.0,0
2.107,13912.0,11122.0,8345.0,13907.5,11118.5,8342.5,5000.0,4000.0,3000.0,-8.875,0.5,-3.125,0.0,900.0,900.0,0.0,1.2079999999999778,0.7080000000000005,5567.0,0
2.108,13917.0,11126.0,8348.0,13912.5,11122.5,8345.5,5000.0,4000.0,3000.0,-8.875,0.5,-3.125,0.0,900.0,900.0,0.0,1.2089999999999776,0.7090000000000005,5569.0,0
2.109,13922.0,11130.0,8351.0,13917.5,11126.5,8348.5,5000.0,4000.0,3000.0,-8.875,0.5,-3.125,0.0,900.0,900.0,0.0,1.2099999999999775,0.7100000000000005,5571.0,0
2.11,13927.0,11134.0,8354.0,13922.5,11130.5,8351.5,5000.0,4000.0,3000.0,-8.875,0.5,-3.125,0.0,900.0,900.0,0.0,1.2109999999999774,0.7110000000000005,5573.0,0
2.111,13932.0,11138.0,8357.0,13927.5,11134.5,8354.5,5000.0,4000.0,3000.0,-8.875,0.5,-3.125,0.0,900.0,900.0,0.0,1.2119999999999773,0.7120000000000005,5575.0,0
2.112,13937.0,11142.0,8360.0,13932.5,11138.5,8357.5,5000.0,4000.0,3000.0,-8.875,0.5,-3.125,0.0,900.0,900.0,0.0,1.2129999999999772,0.7130000000000005,5577.0,0
2.113,13942.0,11146.0,8363.0,13937.5,11142.5,8360.5,5000.0,4000.0,3000.0,-8.875,0.5,-3.125,0.0,900.0,900.0,0.0,1.213999999999977,0.7140000000000005,5579.0,0
2.114,13947.0,11150.0,8366.0,13942.5,11146.5,8363.5,5000.0,4000.0,3000.0,-8.875,0.5,-3.125,0.0,900.0,900.0,0.0,1.214999999999977,0.7150000000000005,5581.0,0
2.115,13952.0,11154.0,8369.0,13947.5,11150.5,8366.5,5000.0,4000.0,3000.0,-8.875,0.5,-3.125,0.0,900.0,900.0,0.0,1.2159999999999769,0.7160000000000005,5583.0,0
2.116,13957.0,11158.0,8372.0,13952.5,11154.5,8369.5,5000.0,4000.0,3000.0,-8.875,0.5,-3.125,0.0,900.0,900.0,0.0,1.2169999999999768,0.7170000000000005,5585.0,0
2.117,13962.0,11162.0,8375.0,13957.5,11158.5,8372.5,5000.0,4000.0,3000.0,-8.875,0.5,-3.125,0.0,900.0,900.0,0.0,1.2179999999999767,0.7180000000000005,5587.0,0
2.118,13967.0,11166.0,8378.0,13962.5,11162.5,8375.5,5000.0,4000.0,3000.0,-8.875,0.5,-3.125,0.0,900.0,900.0,0.0,1.2189999999999765,0.7190000000000005,5589.0,0
2.119,13972.0,11170.0,8381.0,13967.5,11166.5,8378.5,5000.0,4000.0,3000.0,-8.875,0.5,-3.125,0.0,900.0,900.0,0.0,1.2199999999999764,0.7200000000000005,5591.0,0
2.12,13977.0,11174.0,8384.0,13972.5,11170.5,8381.5,5000.0,4000.0,3000.0,-8.875,0.5,-3.125,0.0,900.0,900.0,0.0,1.2209999999999763,0.7210000000000005,5593.0,0
2.121,13982.0,11178.0,8387.0,13977.5,11174.5,8384.5,5000.0,4000.0,3000.0,-8.875,0.5,-3.125,0.0,900.0,900.0,0.0,1.2219999999999762,0.7220000000000005,5595.0,0
2.122,13987.0,11182.0,8390.0,13982.5,11178.5,8387.5,5000.0,4000.0,3000.0,-8.875,0.5,-3.125,0.0,900.0,900.0,0.0,1.222999999999976,0.7230000000000005,5597.0,0
2.123,13992.0,11186.0,8393.0,13987.5,11182.5,8390.5,5000.0,4000.0,3000.0,-8.875,0.5,-3.125,0.0,900.0,900.0,0.0,1.223999999999976,0.7240000000000005,5599.0,0
2.124,13997.0,11190.0,8396.0,13992.5,11186.5,8393.5,5000.0,4000.0,3000.0,-8.875,0.5,-3.125,0.0,900.0,900.0,0.0,1.2249999999999759,0.7250000000000005,5601.0,0
2.125,14002.0,11194.0,8399.0,13997.5,11190.5,8396.5,5000.0,4000.0,3000.0,-8.875,0.5,-3.125,0.0,900.0,900.0,0.0,1.2259999999999758,0.7260000000000005,5603.0,0
2.126,14007.0,11198.0,8402.0,14002.5,11194.5,8399.5,5000.0,4000.0,3000.0,-8.875,0.5,-3.125,0.0,900.0,900.0,0.0,1.2269999999999757,0.7270000000000005,5605.0,0
2.1270000000000002,14012.0,11202.0,8405.0,14007.5,11198.5,8402.5,5000.0,4000.0,3000.0,-8.875,0.5,-3.125,0.0,900.0,900.0,0.0,1.2279999999999756,0.7280000000000005,5607.0,0
2.128,14017.0,11206.0,8408.0,14012.5,11202.5,8405.5,5000.0,4000.0,3000.0,-8.875,0.5,-3.125,0.0,900.0,900.0,0.0,1.2289999999999754,0.7290000000000005,5609.0,0
2.129,14022.0,11210.0,8411.0,14017.5,11206.5,8408.5,5000.0,4000.0,3000.0,-8.875,0.5,-3.125,0.0,900.0,900.0,0.0,1.2299999999999753,0.7300000000000005,5611.0,0
2.13,14027.0,11214.0,8414.0,14022.5,11210.5,8411.5,5000.0,4000.0,3000.0,-8.875,0.5,-3.125,0.0,900.0,900.0,0.0,1.2309999999999752,0.7310000000000005,5613.0,0
2.1310000000000002,14032.0,11218.0,8417.0,14027.5,11214.5,8414.5,5000.0,4000.0,3000.0,-8.875,0.5,-3.125,0.0,900.0,900.0,0.0,1.2319999999999751,0.7320000000000005,5615.0,0
2.132,14037.0,11222.0,8420.0,14032.5,11218.5,8417.5,5000.0,4000.0,3000.0,-8.875,0.5,-3.125,0.0,900.0,900.0,0.0,1.232999999999975,0.7330000000000005,5617.0,0
2.133,14042.0,11226.0,8423.0,14037.5,11222.5,8420.5,5000.0,4000.0,3000.0,-8.875,0.5,-3.125,0.0,900.0,900.0,0.0,1.233999999999975,0.7340000000000005,5619.0,0
2.134,14047.0,11230.0,8427.0,14042.5,11226.5,8423.5,5000.0,4000.0,4000.0,-8.875,0.5,-3.125,0.0,900.0,900.0,0.0,1.2349999999999748,0.7350000000000005,5620.0,0
2.1350000000000002,14052.0,11234.0,8430.0,14047.5,11230.5,8427.5,5000.0,4000.0,3000.0,-8.875,0.5,-4.125,0.0,900.0,900.0,0.0,1.2359999999999747,0.7360000000000005,5622.0,0
2.136,14057.0,11238.0,8433.0,14052.5,11234.5,8430.5,5000.0,4000.0,3000.0,-8.875,0.5,-4.125,0.0,900.0,900.0,0.0,1.2369999999999746,0.7370000000000005,5624.0,0
2.137,14062.0,11242.0,8436.0,14057.5,11238.5,8433.5,5000.0,4000.0,3000.0,-8.875,0.5,-4.125,0.0,900.0,900.0,0.0,1.2379999999999745,0.7380000000000005,5626.0,0
2.138,14067.0,11246.0,8439.0,14062.5,11242.5,8436.5,5000.0,4000.0,3000.0,-8.875,0.5,-4.125,0.0,900.0,900.0,0.0,1.2389999999999743,0.7390000000000005,5628.0,0
2.1390000000000002,14072.0,11250.0,8442.0,14067.5,11246.5,8439.5,5000.0,4000.0,3000.0,-8.875,0.5,-4.125,0.0,900.0,900.0,0.0,1.2399999999999742,0.7400000000000005,5630.0,0
2.14,14077.0,11254.0,8445.0,14072.5,11250.5,8442.5,5000.0,4000.0,3000.0,-8.875,0.5,-4.125,0.0,900.0,900.0,0.0,1.2409999999999741,0.7410000000000005,5632.0,0
2.141,14082.0,11258.0,8448.0,14077.5,11254.5,8445.5,5000.0,4000.0,3000.0,-8.875,0.5,-4.125,0.0,900.0,900.0,0.0,1.241999999999974,0.7420000000000005,5634.0,0
2.142,14087.0,11262.0,8451.0,14082.5,11258.5,8448.5,5000.0,4000.0,3000.0,-8.875,0.5,-4.125,0.0,900.0,900.0,0.0,1.242999999999974,0.7430000000000005,5636.0,0
2.1430000000000002,14092.0,11266.0,8454.0,14087.5,11262.5,8451.5,5000.0,4000.0,3000.0,-8.875,0.5,-4.125,0.0,900.0,900.0,0.0,1.2439999999999738,0.7440000000000005,5638.0,0
2.144,14097.0,11270.0,8457.0,14092.5,11266.5,8454.5,5000.0,4000.0,3000.0,-8.875,0.5,-4.125,0.0,900.0,900.0,0.0,1.2449999999999737,0.7450000000000006,5640.0,0
2.145,14102.0,11274.0,8460.0,14097.5,11270.5,8457.5,5000.0,4000.0,3000.0,-8.875,0.5,-4.125,0.0,900.0,900.0,0.0,1.2459999999999736,0.7460000000000006,5642.0,0
2.146,14107.0,11278.0,8463.0,14102.5,11274.5,8460.5,5000.0,4000.0,3000.0,-8.875,0.5,-4.125,0.0,900.0,900.0,0.0,1.2469999999999735,0.7470000000000006,5644.0,0
2.1470000000000002,14112.0,11282.0,8466.0,14107.5,11278.5,8463.5,5000.0,4000.0,3000.0,-8.875,0.5,-4.125,0.0,900.0,900.0,0.0,1.2479999999999734,0.7480000000000006,5646.0,0
2.148,14117.0,11286.0,8469.0,14112.5,11282.5,8466.5,5000.0,4000.0,3000.0,-8.875,0.5,-4.125,0.0,900.0,900.0,0.0,1.2489999999999732,0.7490000000000006,5648.0,0
2.149,14122.0,11290.0,8472.0,14117.5,11286.5,8469.5,5000.0,4000.0,3000.0,-8.875,0.5,-4.125,0.0,900.0,900.0,0.0,1.2499999999999731,0.7500000000000006,5650.0,0
2.15,14127.0,11294.0,8475.0,14122.5,11290.5,8472.5,5000.0,4000.0,3000.0,-8.875,0.5,-4.125,0.0,900.0,900.0,0.0,1.250999999999973,0.7510000000000006,5652.0,0
2.1510000000000002,14132.0,11298.0,8478.0,14127.5,11294.5,8475.5,5000.0,4000.0,3000.0,-8.875,0.5,-4.125,0.0,900.0,900.0,0.0,1.251999999999973,0.7520000000000006,5654.0,0
2.152,14137.0,11302.0,8481.0,14132.5,11298.5,8478.5,5000.0,4000.0,3000.0,-8.875,0.5,-4.125,0.0,900.0,900.0,0.0,1.2529999999999728,0.7530000000000006,5656.0,0
2.153,14142.0,11306.0,8484.0,14137.5,11302.5,8481.5,5000.0,4000.0,3000.0,-8.875,0.5,-4.125,0.0,900.0,900.0,0.0,1.2539999999999727,0.7540000000000006,5658.0,0
2.154,14147.0,11310.0,8487.0,14142.5,11306.5,8484.5,5000.0,4000.0,3000.0,-8.875,0.5,-4.125,0.0,900.0,900.0,0.0,1.2549999999999726,0.7550000000000006,5660.0,0
2.1550000000000002,14152.0,11314.0,8490.0,14147.5,11310.5,8487.5,5000.0,4000.0,3000.0,-8.875,0.5,-4.125,0.0,900.0,900.0,0.0,1.2559999999999725,0.7560000000000006,5662.0,0
2.156,14157.0,11318.0,8493.0,14152.5,11314.5,8490.5,5000.0,4000.0,3000.0,-8.875,0.5,-4.125,0.0,900.0,900.0,0.0,1.2569999999999724,0.7570000000000006,5664.0,0
2.157,14162.0,11322.0,8496.0,14157.5,11318.5,8493.5,5000.0,4000.0,3000.0,-8.875,0.5,-4.125,0.0,900.0,900.0,0.0,1.2579999999999723,0.7580000000000006,5666.0,0
2.158,14167.0,11326.0,8499.0,14162.5,11322.5,8496.5,5000.0,4000.0,3000.0,-8.875,0.5,-4.125,0.0,900.0,900.0,0.0,1.2589999999999721,0.7590000000000006,5668.0,0
2.1590000000000003,14172.0,11330.0,8502.0,14167.5,11326.5,8499.5,5000.0,4000.0,3000.0,-8.875,0.5,-4.125,0.0,900.0,900.0,0.0,1.259999999999972,0.7600000000000006,5670.0,0
2.16,14177.0,11334.0,8505.0,14172.5,11330.5,8502.5,5000.0,4000.0,3000.0,-8.875,0.5,-4.125,0.0,900.0,900.0,0.0,1.260999999999972,0.7610000000000006,5672.0,0
2.161,14182.0,11338.0,8508.0,14177.5,11334.5,8505.5,5000.0,4000.0,3000.0,-8.875,0.5,-4.125,0.0,900.0,900.0,0.0,1.2619999999999718,0.7620000000000006,5674.0,0
2.162,14187.0,11342.0,8511.0,14182.5,11338.5,8508.5,5000.0,4000.0,3000.0,-8.875,0.5,-4.125,0.0,900.0,900.0,0.0,1.2629999999999717,0.7630000000000006,5676.0,0
2.1630000000000003,14192.0,11346.0,8514.0,14187.5,11342.5,8511.5,5000.0,4000.0,3000.0,-8.875,0.5,-4.125,0.0,900.0,900.0,0.0,1.2639999999999716,0.7640000000000006,5678.0,0
2.164,14197.0,11350.0,8517.0,14192.5,11346.5,8514.5,5000.0,4000.0,3000.0,-8.875,0.5,-4.125,0.0,900.0,900.0,0.0,1.2649999999999715,0.7650000000000006,5680.0,0
2.165,14202.0,11354.0,8520.0,14197.5,11350.5,8517.5,5000.0,4000.0,3000.0,-8.875,0.5,-4.125,0.0,900.0,900.0,0.0,1.2659999999999714,0.7660000000000006,5682.0,0
2.166,14207.0,11359.0,8523.0,14202.5,11354.5,8520.5,5000.0,5000.0,3000.0,-8.875,0.5,-4.125,0.0,900.0,900.0,0.0,1.2669999999999713,0.7670000000000006,5684.0,0
2.1670000000000003,14212.0,11363.0,8526.0,14207.5,11359.5,8523.5,5000.0,4000.0,3000.0,-7.625,0.5,-3.375,0.0,900.0,900.0,0.0,1.2679999999999712,0.7680000000000006,5686.0,0
2.168,14217.0,11367.0,8529.0,14212.5,11363.5,8526.5,5000.0,4000.0,3000.0,-7.625,0.5,-3.375,0.0,900.0,900.0,0.0,1.268999999999971,0.7690000000000006,5688.0,0
2.169,14222.0,11371.0,8533.0,14217.5,11367.5,8529.5,5000.0,4000.0,4000.0,-7.625,0.5,-3.375,0.0,900.0,900.0,0.0,1.269999999999971,0.7700000000000006,5689.0,0
2.17,14227.0,11375.0,8536.0,14222.5,11371.5,8533.5,5000.0,4000.0,3000.0,-7.625,0.5,-4.375,0.0,900.0,900.0,0.0,1.2709999999999708,0.7710000000000006,5691.0,0
2.1710000000000003,14232.0,11379.0,8539.0,14227.5,11375.5,8536.5,5000.0,4000.0,3000.0,-7.625,0.5,-4.375,0.0,900.0,900.0,0.0,1.2719999999999707,0.7720000000000006,5693.0,0
2.172,14237.0,11383.0,8542.0,14232.5,11379.5,8539.5,5000.0,4000.0,3000.0,-7.625,0.5,-4.375,0.0,900.0,900.0,0.0,1.2729999999999706,0.7730000000000006,5695.0,0
2.173,14242.0,11387.0,8545.0,14237.5,11383.5,8542.5,5000.0,4000.0,3000.0,-7.625,0.5,-4.375,0.0,900.0,900.0,0.0,1.2739999999999705,0.7740000000000006,5697.0,0
2.174,14247.0,11391.0,8548.0,14242.5,11387.5,8545.5,5000.0,4000.0,3000.0,-7.625,0.5,-4.375,0.0,900.0,900.0,0.0,1.2749999999999704,0.7750000000000006,5699.0,0
2.1750000000000003,14252.0,11395.0,8551.0,14247.5,11391.5,8548.5,5000.0,4000.0,3000.0,-7.625,0.5,-4.375,0.0,900.0,900.0,0.0,1.2759999999999703,0.7760000000000006,5701.0,0
2.176,14257.0,11399.0,8554.0,14252.5,11395.5,8551.5,5000.0,4000.0,3000.0,-7.625,0.5,-4.375,0.0,900.0,900.0,0.0,1.2769999999999702,0.7770000000000006,5703.0,0
2.177,14262.0,11403.0,8557.0,14257.5,11399.5,8554.5,5000.0,4000.0,3000.0,-7.625,0.5,-4.375,0.0,900.0,900.0,0.0,1.27799999999997,0.7780000000000006,5705.0,0
2.178,14267.0,11407.0,8560.0,14262.5,11403.5,8557.5,5000.0,4000.0,3000.0,-7.625,0.5,-4.375,0.0,900.0,900.0,0.0,1.27899999999997,0.7790000000000006,5707.0,0
2.179,14272.0,11411.0,8563.0,14267.5,11407.5,8560.5,5000.0,4000.0,3000.0,-7.625,0.5,-4.375,0.0,900.0,900.0,0.0,1.2799999999999698,0.7800000000000006,5709.0,0
2.18,14277.0,11415.0,8566.0,14272.5,11411.5,8563.5,5000.0,4000.0,3000.0,-7.625,0.5,-4.375,0.0,900.0,900.0,0.0,1.2809999999999697,0.7810000000000006,5711.0,0
2.181,14282.0,11419.0,8569.0,14277.5,11415.5,8566.5,5000.0,4000.0,3000.0,-7.625,0.5,-4.375,0.0,900.0,900.0,0.0,1.2819999999999696,0.7820000000000006,5713.0,0
2.182,14287.0,11423.0,8572.0,14282.5,11419.5,8569.5,5000.0,4000.0,3000.0,-7.625,0.5,-4.375,0.0,900.0,900.0,0.0,1.2829999999999695,0.7830000000000006,5715.0,0
2.183,14292.0,11427.0,8575.0,14287.5,11423.5,8572.5,5000.0,4000.0,3000.0,-7.625,0.5,-4.375,0.0,900.0,900.0,0.0,1.2839999999999694,0.7840000000000006,5717.0,0
2.184,14297.0,11431.0,8578.0,14292.5,11427.5,8575.5,5000.0,4000.0,3000.0,-7.625,0.5,-4.375,0.0,900.0,900.0,0.0,1.2849999999999693,0.7850000000000006,5719.0,0
2.185,14302.0,11435.0,8581.0,14297.5,11431.5,8578.5,5000.0,4000.0,3000.0,-7.625,0.5,-4.375,0.0,900.0,900.0,0.0,1.2859999999999692,0.7860000000000006,5721.0,0
2.186,14307.0,11439.0,8584.0,14302.5,11435.5,8581.5,5000.0,4000.0,3000.0,-7.625,0.5,-4.375,0.0,900.0,900.0,0.0,1.286999999999969,0.7870000000000006,5723.0,0
2.187,14312.0,11443.0,8587.0,14307.5,11439.5,8584.5,5000.0,4000.0,3000.0,-7.625,0.5,-4.375,0.0,900.0,900.0,0.0,1.287999999999969,0.7880000000000006,5725.0,0
2.188,14317.0,11447.0,8590.0,14312.5,11443.5,8587.5,5000.0,4000.0,3000.0,-7.625,0.5,-4.375,0.0,900.0,900.0,0.0,1.2889999999999688,0.7890000000000006,5727.0,0
2.189,14322.0,11451.0,8593.0,14317.5,11447.5,8590.5,5000.0,4000.0,3000.0,-7.625,0.5,-4.375,0.0,900.0,900.0,0.0,1.2899999999999687,0.7900000000000006,5729.0,0
2.19,14327.0,11455.0,8596.0,14322.5,11451.5,8593.5,5000.0,4000.0,3000.0,-7.625,0.5,-4.375,0.0,900.0,900.0,0.0,1.2909999999999686,0.7910000000000006,5731.0,0
2.191,14332.0,11459.0,8599.0,14327.5,11455.5,8596.5,5000.0,4000.0,3000.0,-7.625,0.5,-4.375,0.0,900.0,900.0,0.0,1.2919999999999685,0.7920000000000006,5733.0,0
2.192,14337.0,11463.0,8602.0,14332.5,11459.5,8599.5,5000.0,4000.0,3000.0,-7.625,0.5,-4.375,0.0,900.0,900.0,0.0,1.2929999999999684,0.7930000000000006,5735.0,0
2.193,14342.0,11467.0,8605.0,14337.5,11463.5,8602.5,5000.0,4000.0,3000.0,-7.625,0.5,-4.375,0.0,900.0,900.0,0.0,1.2939999999999683,0.7940000000000006,5737.0,0
2.194,14347.0,11471.0,8608.0,14342.5,11467.5,8605.5,5000.0,4000.0,3000.0,-7.625,0.5,-4.375,0.0,900.0,900.0,0.0,1.2949999999999682,0.7950000000000006,5739.0,0
2.195,14352.0,11475.0,8611.0,14347.5,11471.5,8608.5,5000.0,4000.0,3000.0,-7.625,0.5,-4.375,0.0,900.0,900.0,0.0,1.295999999999968,0.7960000000000006,5741.0,0
2.196,14357.0,11479.0,8614.0,14352.5,11475.5,8611.5,5000.0,4000.0,3000.0,-7.625,0.5,-4.375,0.0,900.0,900.0,0.0,1.296999999999968,0.7970000000000006,5743.0,0
2.197,14362.0,11483.0,8617.0,14357.5,11479.5,8614.5,5000.0,4000.0,3000.0,-7.625,0.5,-4.375,0.0,900.0,900.0,0.0,1.2979999999999678,0.7980000000000006,5745.0,0
2.198,14367.0,11487.0,8620.0,14362.5,11483.5,8617.5,5000.0,4000.0,3000.0,-7.625,0.5,-4.375,0.0,900.0,900.0,0.0,1.2989999999999677,0.7990000000000006,5747.0,0
2.199,14372.0,11491.0,8623.0,14367.5,11487.5,8620.5,5000.0,4000.0,3000.0,-7.625,0.5,-4.375,0.0,900.0,900.0,0.0,1.2999999999999676,0.8000000000000006,5749.0,0
2.2,14377.0,11495.0,8626.0,14372.5,11491.5,8623.5,5000.0,4000.0,3000.0,-7.625,0.5,-4.375,0.0,900.0,900.0,0.0,1.3009999999999675,0.8010000000000006,5751.0,0
2.201,14382.0,11499.0,8629.0,14377.5,11495.5,8626.5,5000.0,4000.0,3000.0,-7.625,0.5,-4.375,0.0,900.0,900.0,0.0,1.3019999999999674,0.8020000000000006,5753.0,0
2.202,14387.0,11503.0,8632.0,14382.5,11499.5,8629.5,5000.0,4000.0,3000.0,-7.625,0.5,-4.375,0.0,900.0,900.0,0.0,1.3029999999999673,0.8030000000000006,5755.0,0
2.203,14392.0,11507.0,8635.0,14387.5,11503.5,8632.5,5000.0,4000.0,3000.0,-7.625,0.5,-4.375,0.0,900.0,900.0,0.0,1.3039999999999672,0.8040000000000006,5757.0,0
2.204,14397.0,11511.0,8639.0,14392.5,11507.5,8635.5,5000.0,4000.0,4000.0,-7.625,0.5,-4.375,0.0,900.0,900.0,0.0,1.304999999999967,0.8050000000000006,5758.0,0
2.205,14402.0,11515.0,8642.0,14397.5,11511.5,8639.5,5000.0,4000.0,3000.0,-7.625,0.5,-5.375,0.0,900.0,900.0,0.0,1.305999999999967,0.8060000000000006,5760.0,0
2.206,14407.0,11519.0,8645.0,14402.5,11515.5,8642.5,5000.0,4000.0,3000.0,-7.625,0.5,-5.375,0.0,900.0,900.0,0.0,1.3069999999999669,0.8070000000000006,5762.0,0
2.207,14412.0,11523.0,8648.0,14407.5,11519.5,8645.5,5000.0,4000.0,3000.0,-7.625,0.5,-5.375,0.0,900.0,900.0,0.0,1.3079999999999667,0.8080000000000006,5764.0,0
2.208,14417.0,11527.0,8651.0,14412.5,11523.5,8648.5,5000.0,4000.0,3000.0,-7.625,0.5,-5.375,0.0,900.0,900.0,0.0,1.3089999999999666,0.8090000000000006,5766.0,0
2.209,14422.0,11531.0,8654.0,14417.5,11527.5,8651.5,5000.0,4000.0,3000.0,-7.625,0.5,-5.375,0.0,900.0,900.0,0.0,1.3099999999999665,0.8100000000000006,5768.0,0
2.21,14427.0,11535.0,8657.0,14422.5,11531.5,8654.5,5000.0,4000.0,3000.0,-7.625,0.5,-5.375,0.0,900.0,900.0,0.0,1.3109999999999664,0.8110000000000006,5770.0,0
2.211,14432.0,11539.0,8660.0,14427.5,11535.5,8657.5,5000.0,4000.0,3000.0,-7.625,0.5,-5.375,0.0,900.0,900.0,0.0,1.3119999999999663,0.8120000000000006,5772.0,0
2.212,14437.0,11543.0,8663.0,14432.5,11539.5,8660.5,5000.0,4000.0,3000.0,-7.625,0.5,-5.375,0.0,900.0,900.0,0.0,1.3129999999999662,0.8130000000000006,5774.0,0
2.213,14442.0,11547.0,8666.0,14437.5,11543.5,8663.5,5000.0,4000.0,3000.0,-7.625,0.5,-5.375,0.0,900.0,900.0,0.0,1.313999999999966,0.8140000000000006,5776.0,0
2.214,14447.0,11551.0,8669.0,14442.5,11547.5,8666.5,5000.0,4000.0,3000.0,-7.625,0.5,-5.375,0.0,900.0,900.0,0.0,1.314999999999966,0.8150000000000006,5778.0,0
2.215,14452.0,11555.0,8672.0,14447.5,11551.5,8669.5,5000.0,4000.0,3000.0,-7.625,0.5,-5.375,0.0,900.0,900.0,0.0,1.3159999999999659,0.8160000000000006,5780.0,0
2.216,14457.0,11559.0,8675.0,14452.5,11555.5,8672.5,5000.0,4000.0,3000.0,-7.625,0.5,-5.375,0.0,900.0,900.0,0.0,1.3169999999999658,0.8170000000000006,5782.0,0
2.217,14462.0,11563.0,8678.0,14457.5,11559.5,8675.5,5000.0,4000.0,3000.0,-7.625,0.5,-5.375,0.0,900.0,900.0,0.0,1.3179999999999656,0.8180000000000006,5784.0,0
2.218,14467.0,11567.0,8681.0,14462.5,11563.5,8678.5,5000.0,4000.0,3000.0,-7.625,0.5,-5.375,0.0,900.0,900.0,0.0,1.3189999999999655,0.8190000000000006,5786.0,0
2.219,14472.0,11571.0,8684.0,14467.5,11567.5,8681.5,5000.0,4000.0,3000.0,-7.625,0.5,-5.375,0.0,900.0,900.0,0.0,1.3199999999999654,0.8200000000000006,5788.0,0
2.22,14477.0,11575.0,8687.0,14472.5,11571.5,8684.5,5000.0,4000.0,3000.0,-7.625,0.5,-5.375,0.0,900.0,900.0,0.0,1.3209999999999653,0.8210000000000006,5790.0,0
2.221,14482.0,11579.0,8690.0,14477.5,11575.5,8687.5,5000.0,4000.0,3000.0,-7.625,0.5,-5.375,0.0,900.0,900.0,0.0,1.3219999999999652,0.8220000000000006,5792.0,0
2.222,14487.0,11583.0,8693.0,14482.5,11579.5,8690.5,5000.0,4000.0,3000.0,-7.625,0.5,-5.375,0.0,900.0,900.0,0.0,1.322999999999965,0.8230000000000006,5794.0,0
2.223,14492.0,11587.0,8696.0,14487.5,11583.5,8693.5,5000.0,4000.0,3000.0,-7.625,0.5,-5.375,0.0,900.0,900.0,0.0,1.323999999999965,0.8240000000000006,5796.0,0
2.224,14497.0,11591.0,8699.0,14492.5,11587.5,8696.5,5000.0,4000.0,3000.0,-7.625,0.5,-5.375,0.0,900.0,900.0,0.0,1.3249999999999649,0.8250000000000006,5798.0,0
2.225,14502.0,11595.0,8702.0,14497.5,11591.5,8699.5,5000.0,4000.0,3000.0,-7.625,0.5,-5.375,0.0,900.0,900.0,0.0,1.3259999999999648,0.8260000000000006,5800.0,0
2.226,14507.0,11599.0,8705.0,14502.5,11595.5,8702.5,5000.0,4000.0,3000.0,-7.625,0.5,-5.375,0.0,900.0,900.0,0.0,1.3269999999999647,0.8270000000000006,5802.0,0
2.227,14512.0,11603.0,8708.0,14507.5,11599.5,8705.5,5000.0,4000.0,3000.0,-7.625,0.5,-5.375,0.0,900.0,900.0,0.0,1.3279999999999645,0.8280000000000006,5804.0,0
2.228,14517.0,11607.0,8711.0,14512.5,11603.5,8708.5,5000.0,4000.0,3000.0,-7.625,0.5,-5.375,0.0,900.0,900.0,0.0,1.3289999999999644,0.8290000000000006,5806.0,0
2.229,14522.0,11611.0,8714.0,14517.5,11607.5,8711.5,5000.0,4000.0,3000.0,-7.625,0.5,-5.375,0.0,900.0,900.0,0.0,1.3299999999999643,0.8300000000000006,5808.0,0
2.23,14527.0,11615.0,8717.0,14522.5,11611.5,8714.5,5000.0,4000.0,3000.0,-7.625,0.5,-5.375,0.0,900.0,900.0,0.0,1.3309999999999642,0.8310000000000006,5810.0,0
2.231,14532.0,11619.0,8720.0,14527.5,11615.5,8717.5,5000.0,4000.0,3000.0,-7.625,0.5,-5.375,0.0,900.0,900.0,0.0,1.331999999999964,0.8320000000000006,5812.0,0
2.232,14537.0,11623.0,8723.0,14532.5,11619.5,8720.5,5000.0,4000.0,3000.0,-7.625,0.5,-5.375,0.0,900.0,900.0,0.0,1.332999999999964,0.8330000000000006,5814.0,0
2.233,14542.0,11627.0,8726.0,14537.5,11623.5,8723.5,5000.0,4000.0,3000.0,-7.625,0.5,-5.375,0.0,900.0,900.0,0.0,1.3339999999999639,0.8340000000000006,5816.0,0
2.234,14547.0,11631.0,8729.0,14542.5,11627.5,8726.5,5000.0,4000.0,3000.0,-7.625,0.5,-5.375,0.0,900.0,900.0,0.0,1.3349999999999638,0.8350000000000006,5818.0,0
2.235,14552.0,11635.0,8732.0,14547.5,11631.5,8729.5,5000.0,4000.0,3000.0,-7.625,0.5,-5.375,0.0,900.0,900.0,0.0,1.3359999999999637,0.8360000000000006,5820.0,0
2.236,14557.0,11639.0,8735.0,14552.5,11635.5,8732.5,5000.0,4000.0,3000.0,-7.625,0.5,-5.375,0.0,900.0,900.0,0.0,1.3369999999999636,0.8370000000000006,5822.0,0
2.237,14562.0,11643.0,8738.0,14557.5,11639.5,8735.5,5000.0,4000.0,3000.0,-7.625,0.5,-5.375,0.0,900.0,900.0,0.0,1.3379999999999634,0.8380000000000006,5824.0,0
2.238,14567.0,11647.0,8741.0,14562.5,11643.5,8738.5,5000.0,4000.0,3000.0,-7.625,0.5,-5.375,0.0,900.0,900.0,0.0,1.3389999999999633,0.8390000000000006,5826.0,0
2.239,14572.0,11651.0,8745.0,14567.5,11647.5,8741.5,5000.0,4000.0,4000.0,-7.625,0.5,-5.375,0.0,900.0,900.0,0.0,1.3399999999999632,0.8400000000000006,5827.0,0
2.24,14577.0,11655.0,8748.0,14572.5,11651.5,8745.5,5000.0,4000.0,3000.0,-7.625,0.5,-6.375,0.0,900.0,900.0,0.0,1.340999999999963,0.8410000000000006,5829.0,0
2.241,14582.0,11659.0,8751.0,14577.5,11655.5,8748.5,5000.0,4000.0,3000.0,-7.625,0.5,-6.375,0.0,900.0,900.0,0.0,1.341999999999963,0.8420000000000006,5831.0,0
2.242,14587.0,11663.0,8754.0,14582.5,11659.5,8751.5,5000.0,4000.0,3000.0,-7.625,0.5,-6.375,0.0,900.0,900.0,0.0,1.342999999999963,0.8430000000000006,5833.0,0
2.243,14592.0,11667.0,8757.0,14587.5,11663.5,8754.5,5000.0,4000.0,3000.0,-7.625,0.5,-6.375,0.0,900.0,900.0,0.0,1.3439999999999628,0.8440000000000006,5835.0,0
2.244,14598.0,11671.0,8760.0,14592.5,11667.5,8757.5,6000.0,4000.0,3000.0,-7.625,0.5,-6.375,0.0,900.0,900.0,0.0,1.3449999999999627,0.8450000000000006,5838.0,0
2.245,14603.0,11675.0,8763.0,14598.5,11671.5,8760.5,5000.0,4000.0,3000.0,-8.625,0.5,-6.375,0.0,900.0,900.0,0.0,1.3459999999999626,0.8460000000000006,5840.0,0
2.246,14608.0,11679.0,8766.0,14603.5,11675.5,8763.5,5000.0,4000.0,3000.0,-8.625,0.5,-6.375,0.0,900.0,900.0,0.0,1.3469999999999624,0.8470000000000006,5842.0,0
2.247,14613.0,11683.0,8769.0,14608.5,11679.5,8766.5,5000.0,4000.0,3000.0,-8.625,0.5,-6.375,0.0,900.0,900.0,0.0,1.3479999999999623,0.8480000000000006,5844.0,0
2.248,14618.0,11687.0,8772.0,14613.5,11683.5,8769.5,5000.0,4000.0,3000.0,-8.625,0.5,-6.375,0.0,900.0,900.0,0.0,1.3489999999999622,0.8490000000000006,5846.0,0
2.249,14623.0,11692.0,8775.0,14618.5,11687.5,8772.5,5000.0,5000.0,3000.0,-8.625,0.5,-6.375,0.0,900.0,900.0,0.0,1.3499999999999621,0.8500000000000006,5848.0,0
2.25,14628.0,11696.0,8778.0,14623.5,11692.5,8775.5,5000.0,4000.0,3000.0,-7.375,0.5,-5.625,0.0,900.0,900.0,0.0,1.350999999999962,0.8510000000000006,5850.0,0
2.251,14633.0,11700.0,8781.0,14628.5,11696.5,8778.5,5000.0,4000.0,3000.0,-7.375,0.5,-5.625,0.0,900.0,900.0,0.0,1.351999999999962,0.8520000000000006,5852.0,0
2.2520000000000002,14638.0,11704.0,8784.0,14633.5,11700.5,8781.5,5000.0,4000.0,3000.0,-7.375,0.5,-5.625,0.0,900.0,900.0,0.0,1.3529999999999618,0.8530000000000006,5854.0,0
2.253,14643.0,11708.0,8787.0,14638.5,11704.5,8784.5,5000.0,4000.0,3000.0,-7.375,0.5,-5.625,0.0,900.0,900.0,0.0,1.3539999999999617,0.8540000000000006,5856.0,0
2.254,14648.0,11712.0,8790.0,14643.5,11708.5,8787.5,5000.0,4000.0,3000.0,-7.375,0.5,-5.625,0.0,900.0,900.0,0.0,1.3549999999999616,0.8550000000000006,5858.0,0
2.255,14653.0,11716.0,8793.0,14648.5,11712.5,8790.5,5000.0,4000.0,3000.0,-7.375,0.5,-5.625,0.0,900.0,900.0,0.0,1.3559999999999615,0.8560000000000006,5860.0,0
2.2560000000000002,14658.0,11720.0,8796.0,14653.5,11716.5,8793.5,5000.0,4000.0,3000.0,-7.375,0.5,-5.625,0.0,900.0,900.0,0.0,1.3569999999999613,0.8570000000000007,5862.0,0
2.257,14663.0,11724.0,8799.0,14658.5,11720.5,8796.5,5000.0,4000.0,3000.0,-7.375,0.5,-5.625,0.0,900.0,900.0,0.0,1.3579999999999612,0.8580000000000007,5864.0,0
2.258,14668.0,11728.0,8802.0,14663.5,11724.5,8799.5,5000.0,4000.0,3000.0,-7.375,0.5,-5.625,0.0,900.0,900.0,0.0,1.3589999999999611,0.8590000000000007,5866.0,0
2.259,14673.0,11732.0,8805.0,14668.5,11728.5,8802.5,5000.0,4000.0,3000.0,-7.375,0.5,-5.625,0.0,900.0,900.0,0.0,1.359999999999961,0.8600000000000007,5868.0,0
2.2600000000000002,14678.0,11736.0,8808.0,14673.5,11732.5,8805.5,5000.0,4000.0,3000.0,-7.375,0.5,-5.625,0.0,900.0,900.0,0.0,1.360999999999961,0.8610000000000007,5870.0,0
2.261,14683.0,11740.0,8811.0,14678.5,11736.5,8808.5,5000.0,4000.0,3000.0,-7.375,0.5,-5.625,0.0,900.0,900.0,0.0,1.3619999999999608,0.8620000000000007,5872.0,0
2.262,14688.0,11744.0,8814.0,14683.5,11740.5,8811.5,5000.0,4000.0,3000.0,-7.375,0.5,-5.625,0.0,900.0,900.0,0.0,1.3629999999999607,0.8630000000000007,5874.0,0
2.263,14693.0,11748.0,8817.0,14688.5,11744.5,8814.5,5000.0,4000.0,3000.0,-7.375,0.5,-5.625,0.0,900.0,900.0,0.0,1.3639999999999606,0.8640000000000007,5876.0,0
2.2640000000000002,14698.0,11752.0,8820.0,14693.5,11748.5,8817.5,5000.0,4000.0,3000.0,-7.375,0.5,-5.625,0.0,900.0,900.0,0.0,1.3649999999999605,0.8650000000000007,5878.0,0
2.265,14703.0,11756.0,8823.0,14698.5,11752.5,8820.5,5000.0,4000.0,3000.0,-7.375,0.5,-5.625,0.0,900.0,900.0,0.0,1.3659999999999604,0.8660000000000007,5880.0,0
2.266,14708.0,11760.0,8826.0,14703.5,11756.5,8823.5,5000.0,4000.0,3000.0,-7.375,0.5,-5.625,0.0,900.0,900.0,0.0,1.3669999999999602,0.8670000000000007,5882.0,0
2.267,14713.0,11764.0,8829.0,14708.5,11760.5,8826.5,5000.0,4000.0,3000.0,-7.375,0.5,-5.625,0.0,900.0,900.0,0.0,1.3679999999999601,0.8680000000000007,5884.0,0
2.2680000000000002,14718.0,11768.0,8832.0,14713.5,11764.5,8829.5,5000.0,4000.0,3000.0,-7.375,0.5,-5.625,0.0,900.0,900.0,0.0,1.36899999999996,0.8690000000000007,5886.0,0
2.269,14723.0,11772.0,8835.0,14718.5,11768.5,8832.5,5000.0,4000.0,3000.0,-7.375,0.5,-5.625,0.0,900.0,900.0,0.0,1.36999999999996,0.8700000000000007,5888.0,0
2.27,14728.0,11776.0,8838.0,14723.5,11772.5,8835.5,5000.0,4000.0,3000.0,-7.375,0.5,-5.625,0.0,900.0,900.0,0.0,1.3709999999999598,0.8710000000000007,5890.0,0
2.271,14733.0,11780.0,8841.0,14728.5,11776.5,8838.5,5000.0,4000.0,3000.0,-7.375,0.5,-5.625,0.0,900.0,900.0,0.0,1.3719999999999597,0.8720000000000007,5892.0,0
2.2720000000000002,14738.0,11784.0,8844.0,14733.5,11780.5,8841.5,5000.0,4000.0,3000.0,-7.375,0.5,-5.625,0.0,900.0,900.0,0.0,1.3729999999999596,0.8730000000000007,5894.0,0
2.273,14743.0,11788.0,8847.0,14738.5,11784.5,8844.5,5000.0,4000.0,3000.0,-7.375,0.5,-5.625,0.0,900.0,900.0,0.0,1.3739999999999595,0.8740000000000007,5896.0,0
2.274,14748.0,11792.0,8850.0,14743.5,11788.5,8847.5,5000.0,4000.0,3000.0,-7.375,0.5,-5.625,0.0,900.0,900.0,0.0,1.3749999999999594,0.8750000000000007,5898.0,0
2.275,14753.0,11796.0,8854.0,14748.5,11792.5,8850.5,5000.0,4000.0,4000.0,-7.375,0.5,-5.625,0.0,900.0,900.0,0.0,1.3759999999999593,0.8760000000000007,5899.0,0
2.2760000000000002,14758.0,11800.0,8857.0,14753.5,11796.5,8854.5,5000.0,4000.0,3000.0,-7.375,0.5,-6.625,0.0,900.0,900.0,0.0,1.3769999999999591,0.8770000000000007,5901.0,0
2.277,14763.0,11804.0,8860.0,14758.5,11800.5,8857.5,5000.0,4000.0,3000.0,-7.375,0.5,-6.625,0.0,900.0,900.0,0.0,1.377999999999959,0.8780000000000007,5903.0,0
2.278,14768.0,11808.0,8863.0,14763.5,11804.5,8860.5,5000.0,4000.0,3000.0,-7.375,0.5,-6.625,0.0,900.0,900.0,0.0,1.378999999999959,0.8790000000000007,5905.0,0
2.279,14773.0,11812.0,8866.0,14768.5,11808.5,8863.5,5000.0,4000.0,3000.0,-7.375,0.5,-6.625,0.0,900.0,900.0,0.0,1.3799999999999588,0.8800000000000007,5907.0,0
2.2800000000000002,14778.0,11816.0,8869.0,14773.5,11812.5,8866.5,5000.0,4000.0,3000.0,-7.375,0.5,-6.625,0.0,900.0,900.0,0.0,1.3809999999999587,0.8810000000000007,5909.0,0
2.281,14783.0,11820.0,8872.0,14778.5,11816.5,8869.5,5000.0,4000.0,3000.0,-7.375,0.5,-6.625,0.0,900.0,900.0,0.0,1.3819999999999586,0.8820000000000007,5911.0,0
2.282,14788.0,11824.0,8875.0,14783.5,11820.5,8872.5,5000.0,4000.0,3000.0,-7.375,0.5,-6.625,0.0,900.0,900.0,0.0,1.3829999999999585,0.8830000000000007,5913.0,0
2.283,14793.0,11828.0,8878.0,14788.5,11824.5,8875.5,5000.0,4000.0,3000.0,-7.375,0.5,-6.625,0.0,900.0,900.0,0.0,1.3839999999999584,0.8840000000000007,5915.0,0
2.2840000000000003,14798.0,11832.0,8881.0,14793.5,11828.5,8878.5,5000.0,4000.0,3000.0,-7.375,0.5,-6.625,0.0,900.0,900.0,0.0,1.3849999999999583,0.8850000000000007,5917.0,0
2.285,14803.0,11836.0,8884.0,14798.5,11832.5,8881.5,5000.0,4000.0,3000.0,-7.375,0.5,-6.625,0.0,900.0,900.0,0.0,1.3859999999999582,0.8860000000000007,5919.0,0
2.286,14808.0,11840.0,8887.0,14803.5,11836.5,8884.5,5000.0,4000.0,3000.0,-7.375,0.5,-6.625,0.0,900.0,900.0,0.0,1.386999999999958,0.8870000000000007,5921.0,0
2.287,14813.0,11844.0,8890.0,14808.5,11840.5,8887.5,5000.0,4000.0,3000.0,-7.375,0.5,-6.625,0.0,900.0,900.0,0.0,1.387999999999958,0.8880000000000007,5923.0,0
2.2880000000000003,14818.0,11848.0,8893.0,14813.5,11844.5,8890.5,5000.0,4000.0,3000.0,-7.375,0.5,-6.625,0.0,900.0,900.0,0.0,1.3889999999999578,0.8890000000000007,5925.0,0
2.289,14823.0,11852.0,8896.0,14818.5,11848.5,8893.5,5000.0,4000.0,3000.0,-7.375,0.5,-6.625,0.0,900.0,900.0,0.0,1.3899999999999577,0.8900000000000007,5927.0,0
2.29,14828.0,11856.0,8899.0,14823.5,11852.5,8896.5,5000.0,4000.0,3000.0,-7.375,0.5,-6.625,0.0,900.0,900.0,0.0,1.3909999999999576,0.8910000000000007,5929.0,0
2.291,14833.0,11860.0,8902.0,14828.5,11856.5,8899.5,5000.0,4000.0,3000.0,-7.375,0.5,-6.625,0.0,900.0,900.0,0.0,1.3919999999999575,0.8920000000000007,5931.0,0
2.2920000000000003,14838.0,11864.0,8905.0,14833.5,11860.5,8902.5,5000.0,4000.0,3000.0,-7.375,0.5,-6.625,0.0,900.0,900.0,0.0,1.3929999999999574,0.8930000000000007,5933.0,0
2.293,14843.0,11868.0,8908.0,14838.5,11864.5,8905.5,5000.0,4000.0,3000.0,-7.375,0.5,-6.625,0.0,900.0,900.0,0.0,1.3939999999999573,0.8940000000000007,5935.0,0
2.294,14848.0,11872.0,8911.0,14843.5,11868.5,8908.5,5000.0,4000.0,3000.0,-7.375,0.5,-6.625,0.0,900.0,900.0,0.0,1.3949999999999572,0.8950000000000007,5937.0,0
2.295,14853.0,11876.0,8914.0,14848.5,11872.5,8911.5,5000.0,4000.0,3000.0,-7.375,0.5,-6.625,0.0,900.0,900.0,0.0,1.395999999999957,0.8960000000000007,5939.0,0
2.2960000000000003,14858.0,11880.0,8917.0,14853.5,11876.5,8914.5,5000.0,4000.0,3000.0,-7.375,0.5,-6.625,0.0,900.0,900.0,0.0,1.396999999999957,0.8970000000000007,5941.0,0
2.297,14863.0,11884.0,8920.0,14858.5,11880.5,8917.5,5000.0,4000.0,3000.0,-7.375,0.5,-6.625,0.0,900.0,900.0,0.0,1.3979999999999568,0.8980000000000007,5943.0,0
2.298,14868.0,11888.0,8923.0,14863.5,11884.5,8920.5,5000.0,4000.0,3000.0,-7.375,0.5,-6.625,0.0,900.0,900.0,0.0,1.3989999999999567,0.8990000000000007,5945.0,0
2.299,14873.0,11892.0,8926.0,14868.5,11888.5,8923.5,5000.0,4000.0,3000.0,-7.375,0.5,-6.625,0.0,900.0,900.0,0.0,1.3999999999999566,0.9000000000000007,5947.0,0
2.3000000000000003,14878.0,11896.0,8929.0,14873.5,11892.5,8926.5,5000.0,4000.0,3000.0,-7.375,0.5,-6.625,0.0,900.0,900.0,0.0,1.4009999999999565,0.9010000000000007,5949.0,0
2.301,14883.0,11900.0,8932.0,14878.5,11896.5,8929.5,5000.0,4000.0,3000.0,-7.375,0.5,-6.625,0.0,900.0,900.0,0.0,1.4019999999999564,0.9020000000000007,5951.0,0
2.302,14888.0,11904.0,8935.0,14883.5,11900.5,8932.5,5000.0,4000.0,3000.0,-7.375,0.5,-6.625,0.0,900.0,900.0,0.0,1.4029999999999563,0.9030000000000007,5953.0,0
2.303,14893.0,11908.0,8938.0,14888.5,11904.5,8935.5,5000.0,4000.0,3000.0,-7.375,0.5,-6.625,0.0,900.0,900.0,0.0,1.4039999999999562,0.9040000000000007,5955.0,0
2.3040000000000003,14898.0,11912.0,8941.0,14893.5,11908.5,8938.5,5000.0,4000.0,3000.0,-7.375,0.5,-6.625,0.0,900.0,900.0,0.0,1.404999999999956,0.9050000000000007,5957.0,0
2.305,14903.0,11916.0,8944.0,14898.5,11912.5,8941.5,5000.0,4000.0,3000.0,-7.375,0.5,-6.625,0.0,900.0,900.0,0.0,1.405999999999956,0.9060000000000007,5959.0,0
2.306,14908.0,11920.0,8947.0,14903.5,11916.5,8944.5,5000.0,4000.0,3000.0,-7.375,0.5,-6.625,0.0,900.0,900.0,0.0,1.4069999999999558,0.9070000000000007,5961.0,0
2.307,14913.0,11924.0,8950.0,14908.5,11920.5,8947.5,5000.0,4000.0,3000.0,-7.375,0.5,-6.625,0.0,900.0,900.0,0.0,1.4079999999999557,0.9080000000000007,5963.0,0
2.308,14918.0,11928.0,8953.0,14913.5,11924.5,8950.5,5000.0,4000.0,3000.0,-7.375,0.5,-6.625,0.0,900.0,900.0,0.0,1.4089999999999556,0.9090000000000007,5965.0,0
2.309,14923.0,11932.0,8956.0,14918.5,11928.5,8953.5,5000.0,4000.0,3000.0,-7.375,0.5,-6.625,0.0,900.0,900.0,0.0,1.4099999999999555,0.9100000000000007,5967.0,0
2.31,14928.0,11936.0,8960.0,14923.5,11932.5,8956.5,5000.0,4000.0,4000.0,-7.375,0.5,-6.625,0.0,900.0,900.0,0.0,1.4109999999999554,0.9110000000000007,5968.0,0
2.311,14933.0,11940.0,8963.0,14928.5,11936.5,8960.5,5000.0,4000.0,3000.0,-7.375,0.5,-7.625,0.0,900.0,900.0,0.0,1.4119999999999553,0.9120000000000007,5970.0,0
2.312,14938.0,11944.0,8966.0,14933.5,11940.5,8963.5,5000.0,4000.0,3000.0,-7.375,0.5,-7.625,0.0,900.0,900.0,0.0,1.4129999999999552,0.9130000000000007,5972.0,0
2.313,14943.0,11948.0,8969.0,14938.5,11944.5,8966.5,5000.0,4000.0,3000.0,-7.375,0.5,-7.625,0.0,900.0,900.0,0.0,1.413999999999955,0.9140000000000007,5974.0,0
2.314,14948.0,11952.0,8972.0,14943.5,11948.5,8969.5,5000.0,4000.0,3000.0,-7.375,0.5,-7.625,0.0,900.0,900.0,0.0,1.414999999999955,0.9150000000000007,5976.0,0
2.315,14953.0,11956.0,8975.0,14948.5,11952.5,8972.5,5000.0,4000.0,3000.0,-7.375,0.5,-7.625,0.0,900.0,900.0,0.0,1.4159999999999549,0.9160000000000007,5978.0,0
2.316,14958.0,11960.0,8978.0,14953.5,11956.5,8975.5,5000.0,4000.0,3000.0,-7.375,0.5,-7.625,0.0,900.0,900.0,0.0,1.4169999999999547,0.9170000000000007,5980.0,0
2.317,14963.0,11964.0,8981.0,14958.5,11960.5,8978.5,5000.0,4000.0,3000.0,-7.375,0.5,-7.625,0.0,900.0,900.0,0.0,1.4179999999999546,0.9180000000000007,5982.0,0
2.318,14968.0,11968.0,8984.0,14963.5,11964.5,8981.5,5000.0,4000.0,3000.0,-7.375,0.5,-7.625,0.0,900.0,900.0,0.0,1.4189999999999545,0.9190000000000007,5984.0,0
2.319,14973.0,11972.0,8987.0,14968.5,11968.5,8984.5,5000.0,4000.0,3000.0,-7.375,0.5,-7.625,0.0,900.0,900.0,0.0,1.4199999999999544,0.9200000000000007,5986.0,0
2.32,14978.0,11976.0,8990.0,14973.5,11972.5,8987.5,5000.0,4000.0,3000.0,-7.375,0.5,-7.625,0.0,900.0,900.0,0.0,1.4209999999999543,0.9210000000000007,5988.0,0
2.321,14983.0,11980.0,8993.0,14978.5,11976.5,8990.5,5000.0,4000.0,3000.0,-7.375,0.5,-7.625,0.0,900.0,900.0,0.0,1.4219999999999542,0.9220000000000007,5990.0,0
2.322,14988.0,11984.0,8996.0,14983.5,11980.5,8993.5,5000.0,4000.0,3000.0,-7.375,0.5,-7.625,0.0,900.0,900.0,0.0,1.422999999999954,0.9230000000000007,5992.0,0
2.323,14993.0,11988.0,8999.0,14988.5,11984.5,8996.5,5000.0,4000.0,3000.0,-7.375,0.5,-7.625,0.0,900.0,900.0,0.0,1.423999999999954,0.9240000000000007,5994.0,0
2.324,14998.0,11992.0,9002.0,14993.5,11988.5,8999.5,5000.0,4000.0,3000.0,-7.375,0.5,-7.625,0.0,900.0,900.0,0.0,1.4249999999999539,0.9250000000000007,5996.0,0
2.325,15003.0,11996.0,9005.0,14998.5,11992.5,9002.5,5000.0,4000.0,3000.0,-7.375,0.5,-7.625,0.0,900.0,900.0,0.0,1.4259999999999537,0.9260000000000007,5998.0,0
2.326,15008.0,12000.0,9008.0,15003.5,11996.5,9005.5,5000.0,4000.0,3000.0,-7.375,0.5,-7.625,0.0,900.0,900.0,0.0,1.4269999999999536,0.9270000000000007,6000.0,0
2.327,15013.0,12004.0,9011.0,15008.5,12000.5,9008.5,5000.0,4000.0,3000.0,-7.375,0.5,-7.625,0.0,900.0,900.0,0.0,1.4279999999999535,0.9280000000000007,6002.0,0
2.328,15018.0,12008.0,9014.0,15013.5,12004.5,9011.5,5000.0,4000.0,3000.0,-7.375,0.5,-7.625,0.0,900.0,900.0,0.0,1.4289999999999534,0.9290000000000007,6004.0,0
2.329,15023.0,12012.0,9017.0,15018.5,12008.5,9014.5,5000.0,4000.0,3000.0,-7.375,0.5,-7.625,0.0,900.0,900.0,0.0,1.4299999999999533,0.9300000000000007,6006.0,0
2.33,15028.0,12016.0,9020.0,15023.5,12012.5,9017.5,5000.0,4000.0,3000.0,-7.375,0.5,-7.625,0.0,900.0,900.0,0.0,1.4309999999999532,0.9310000000000007,6008.0,0
2.331,15033.0,12020.0,9023.0,15028.5,12016.5,9020.5,5000.0,4000.0,3000.0,-7.375,0.5,-7.625,0.0,900.0,900.0,0.0,1.431999999999953,0.9320000000000007,6010.0,0
2.332,15038.0,12025.0,9026.0,15033.5,12020.5,9023.5,5000.0,5000.0,3000.0,-7.375,0.5,-7.625,0.0,900.0,900.0,0.0,1.432999999999953,0.9330000000000007,6012.0,0
2.333,15043.0,12029.0,9029.0,15038.5,12025.5,9026.5,5000.0,4000.0,3000.0,-6.125,0.5,-6.875,0.0,900.0,900.0,0.0,1.4339999999999529,0.9340000000000007,6014.0,0
2.334,15048.0,12033.0,9032.0,15043.5,12029.5,9029.5,5000.0,4000.0,3000.0,-6.125,0.5,-6.875,0.0,900.0,900.0,0.0,1.4349999999999528,0.9350000000000007,6016.0,0
2.335,15053.0,12037.0,9035.0,15048.5,12033.5,9032.5,5000.0,4000.0,3000.0,-6.125,0.5,-6.875,0.0,900.0,900.0,0.0,1.4359999999999526,0.9360000000000007,6018.0,0
2.336,15058.0,12041.0,9038.0,15053.5,12037.5,9035.5,5000.0,4000.0,3000.0,-6.125,0.5,-6.875,0.0,900.0,900.0,0.0,1.4369999999999525,0.9370000000000007,6020.0,0
2.337,15063.0,12045.0,9041.0,15058.5,12041.5,9038.5,5000.0,4000.0,3000.0,-6.125,0.5,-6.875,0.0,900.0,900.0,0.0,1.4379999999999524,0.9380000000000007,6022.0,0
2.338,15068.0,12049.0,9044.0,15063.5,12045.5,9041.5,5000.0,4000.0,3000.0,-6.125,0.5,-6.875,0.0,900.0,900.0,0.0,1.4389999999999523,0.9390000000000007,6024.0,0
2.339,15073.0,12053.0,9047.0,15068.5,12049.5,9044.5,5000.0,4000.0,3000.0,-6.125,0.5,-6.875,0.0,900.0,900.0,0.0,1.4399999999999522,0.9400000000000007,6026.0,0
2.34,15078.0,12057.0,9050.0,15073.5,12053.5,9047.5,5000.0,4000.0,3000.0,-6.125,0.5,-6.875,0.0,900.0,900.0,0.0,1.440999999999952,0.9410000000000007,6028.0,0
2.341,15083.0,12061.0,9053.0,15078.5,12057.5,9050.5,5000.0,4000.0,3000.0,-6.125,0.5,-6.875,0.0,900.0,900.0,0.0,1.441999999999952,0.9420000000000007,6030.0,0
2.342,15088.0,12065.0,9056.0,15083.5,12061.5,9053.5,5000.0,4000.0,3000.0,-6.125,0.5,-6.875,0.0,900.0,900.0,0.0,1.4429999999999519,0.9430000000000007,6032.0,0
2.343,15093.0,12069.0,9059.0,15088.5,12065.5,9056.5,5000.0,4000.0,3000.0,-6.125,0.5,-6.875,0.0,900.0,900.0,0.0,1.4439999999999518,0.9440000000000007,6034.0,0
2.344,15098.0,12073.0,9062.0,15093.5,12069.5,9059.5,5000.0,4000.0,3000.0,-6.125,0.5,-6.875,0.0,900.0,900.0,0.0,1.4449999999999517,0.9450000000000007,6036.0,0
2.345,15103.0,12077.0,9066.0,15098.5,12073.5,9062.5,5000.0,4000.0,4000.0,-6.125,0.5,-6.875,0.0,900.0,900.0,0.0,1.4459999999999515,0.9460000000000007,6037.0,0
2.346,15108.0,12081.0,9069.0,15103.5,12077.5,9066.5,5000.0,4000.0,3000.0,-6.125,0.5,-7.875,0.0,900.0,900.0,0.0,1.4469999999999514,0.9470000000000007,6039.0,0
2.347,15113.0,12085.0,9072.0,15108.5,12081.5,9069.5,5000.0,4000.0,3000.0,-6.125,0.5,-7.875,0.0,900.0,900.0,0.0,1.4479999999999513,0.9480000000000007,6041.0,0
2.348,15118.0,12089.0,9075.0,15113.5,12085.5,9072.5,5000.0,4000.0,3000.0,-6.125,0.5,-7.875,0.0,900.0,900.0,0.0,1.4489999999999512,0.9490000000000007,6043.0,0
2.349,15123.0,12093.0,9078.0,15118.5,12089.5,9075.5,5000.0,4000.0,3000.0,-6.125,0.5,-7.875,0.0,900.0,900.0,0.0,1.449999999999951,0.9500000000000007,6045.0,0
2.35,15128.0,12097.0,9081.0,15123.5,12093.5,9078.5,5000.0,4000.0,3000.0,-6.125,0.5,-7.875,0.0,900.0,900.0,0.0,1.450999999999951,0.9510000000000007,6047.0,0
2.351,15133.0,12101.0,9084.0,15128.5,12097.5,9081.5,5000.0,4000.0,3000.0,-6.125,0.5,-7.875,0.0,900.0,900.0,0.0,1.4519999999999509,0.9520000000000007,6049.0,0
2.352,15138.0,12105.0,9087.0,15133.5,12101.5,9084.5,5000.0,4000.0,3000.0,-6.125,0.5,-7.875,0.0,900.0,900.0,0.0,1.4529999999999508,0.9530000000000007,6051.0,0
2.353,15143.0,12109.0,9090.0,15138.5,12105.5,9087.5,5000.0,4000.0,3000.0,-6.125,0.5,-7.875,0.0,900.0,900.0,0.0,1.4539999999999507,0.9540000000000007,6053.0,0
2.354,15148.0,12113.0,9093.0,15143.5,12109.5,9090.5,5000.0,4000.0,3000.0,-6.125,0.5,-7.875,0.0,900.0,900.0,0.0,1.4549999999999506,0.9550000000000007,6055.0,0
2.355,15153.0,12117.0,9096.0,15148.5,12113.5,9093.5,5000.0,4000.0,3000.0,-6.125,0.5,-7.875,0.0,900.0,900.0,0.0,1.4559999999999504,0.9560000000000007,6057.0,0
2.356,15158.0,12121.0,9099.0,15153.5,12117.5,9096.5,5000.0,4000.0,3000.0,-6.125,0.5,-7.875,0.0,900.0,900.0,0.0,1.4569999999999503,0.9570000000000007,6059.0,0
2.357,15163.0,12125.0,9102.0,15158.5,12121.5,9099.5,5000.0,4000.0,3000.0,-6.125,0.5,-7.875,0.0,900.0,900.0,0.0,1.4579999999999502,0.9580000000000007,6061.0,0
2.358,15168.0,12129.0,9105.0,15163.5,12125.5,9102.5,5000.0,4000.0,3000.0,-6.125,0.5,-7.875,0.0,900.0,900.0,0.0,1.4589999999999501,0.9590000000000007,6063.0,0
2.359,15173.0,12133.0,9108.0,15168.5,12129.5,9105.5,5000.0,4000.0,3000.0,-6.125,0.5,-7.875,0.0,900.0,900.0,0.0,1.45999999999995,0.9600000000000007,6065.0,0
2.36,15178.0,12137.0,9111.0,15173.5,12133.5,9108.5,5000.0,4000.0,3000.0,-6.125,0.5,-7.875,0.0,900.0,900.0,0.0,1.46099999999995,0.9610000000000007,6067.0,0
2.361,15183.0,12141.0,9114.0,15178.5,12137.5,9111.5,5000.0,4000.0,3000.0,-6.125,0.5,-7.875,0.0,900.0,900.0,0.0,1.4619999999999498,0.9620000000000007,6069.0,0
2.362,15188.0,12145.0,9117.0,15183.5,12141.5,9114.5,5000.0,4000.0,3000.0,-6.125,0.5,-7.875,0.0,900.0,900.0,0.0,1.4629999999999497,0.9630000000000007,6071.0,0
2.363,15193.0,12149.0,9120.0,15188.5,12145.5,9117.5,5000.0,4000.0,3000.0,-6.125,0.5,-7.875,0.0,900.0,900.0,0.0,1.4639999999999496,0.9640000000000007,6073.0,0
2.364,15198.0,12153.0,9123.0,15193.5,12149.5,9120.5,5000.0,4000.0,3000.0,-6.125,0.5,-7.875,0.0,900.0,900.0,0.0,1.4649999999999495,0.9650000000000007,6075.0,0
2.365,15203.0,12157.0,9126.0,15198.5,12153.5,9123.5,5000.0,4000.0,3000.0,-6.125,0.5,-7.875,0.0,900.0,900.0,0.0,1.4659999999999493,0.9660000000000007,6077.0,0
2.366,15208.0,12161.0,9129.0,15203.5,12157.5,9126.5,5000.0,4000.0,3000.0,-6.125,0.5,-7.875,0.0,900.0,900.0,0.0,1.4669999999999492,0.9670000000000007,6079.0,0
2.367,15213.0,12165.0,9132.0,15208.5,12161.5,9129.5,5000.0,4000.0,3000.0,-6.125,0.5,-7.875,0.0,900.0,900.0,0.0,1.4679999999999491,0.9680000000000007,6081.0,0
2.368,15218.0,12169.0,9135.0,15213.5,12165.5,9132.5,5000.0,4000.0,3000.0,-6.125,0.5,-7.875,0.0,900.0,900.0,0.0,1.468999999999949,0.9690000000000007,6083.0,0
2.369,15223.0,12173.0,9138.0,15218.5,12169.5,9135.5,5000.0,4000.0,3000.0,-6.125,0.5,-7.875,0.0,900.0,900.0,0.0,1.469999999999949,0.9700000000000008,6085.0,0
2.37,15228.0,12177.0,9141.0,15223.5,12173.5,9138.5,5000.0,4000.0,3000.0,-6.125,0.5,-7.875,0.0,900.0,900.0,0.0,1.4709999999999488,0.9710000000000008,6087.0,0
2.371,15233.0,12181.0,9144.0,15228.5,12177.5,9141.5,5000.0,4000.0,3000.0,-6.125,0.5,-7.875,0.0,900.0,900.0,0.0,1.4719999999999487,0.9720000000000008,6089.0,0
2.372,15238.0,12185.0,9147.0,15233.5,12181.5,9144.5,5000.0,4000.0,3000.0,-6.125,0.5,-7.875,0.0,900.0,900.0,0.0,1.4729999999999486,0.9730000000000008,6091.0,0
2.373,15243.0,12189.0,9150.0,15238.5,12185.5,9147.5,5000.0,4000.0,3000.0,-6.125,0.5,-7.875,0.0,900.0,900.0,0.0,1.4739999999999485,0.9740000000000008,6093.0,0
2.374,15248.0,12193.0,9153.0,15243.5,12189.5,9150.5,5000.0,4000.0,3000.0,-6.125,0.5,-7.875,0.0,900.0,900.0,0.0,1.4749999999999484,0.9750000000000008,6095.0,0
2.375,15253.0,12197.0,9156.0,15248.5,12193.5,9153.5,5000.0,4000.0,3000.0,-6.125,0.5,-7.875,0.0,900.0,900.0,0.0,1.4759999999999482,0.9760000000000008,6097.0,0
2.376,15258.0,12201.0,9159.0,15253.5,12197.5,9156.5,5000.0,4000.0,3000.0,-6.125,0.5,-7.875,0.0,900.0,900.0,0.0,1.4769999999999481,0.9770000000000008,6099.0,0
2.3770000000000002,15263.0,12205.0,9162.0,15258.5,12201.5,9159.5,5000.0,4000.0,3000.0,-6.125,0.5,-7.875,0.0,900.0,900.0,0.0,1.477999999999948,0.9780000000000008,6101.0,0
2.378,15268.0,12209.0,9165.0,15263.5,12205.5,9162.5,5000.0,4000.0,3000.0,-6.125,0.5,-7.875,0.0,900.0,900.0,0.0,1.478999999999948,0.9790000000000008,6103.0,0
2.379,15273.0,12213.0,9168.0,15268.5,12209.5,9165.5,5000.0,4000.0,3000.0,-6.125,0.5,-7.875,0.0,900.0,900.0,0.0,1.4799999999999478,0.9800000000000008,6105.0,0
2.38,15278.0,12217.0,9172.0,15273.5,12213.5,9168.5,5000.0,4000.0,4000.0,-6.125,0.5,-7.875,0.0,900.0,900.0,0.0,1.4809999999999477,0.9810000000000008,6106.0,0
2.3810000000000002,15283.0,12221.0,9175.0,15278.5,12217.5,9172.5,5000.0,4000.0,3000.0,-6.125,0.5,-8.875,0.0,900.0,900.0,0.0,1.4819999999999476,0.9820000000000008,6108.0,0
2.382,15288.0,12225.0,9178.0,15283.5,12221.5,9175.5,5000.0,4000.0,3000.0,-6.125,0.5,-8.875,0.0,900.0,900.0,0.0,1.4829999999999475,0.9830000000000008,6110.0,0
2.383,15293.0,12229.0,9181.0,15288.5,12225.5,9178.5,5000.0,4000.0,3000.0,-6.125,0.5,-8.875,0.0,900.0,900.0,0.0,1.4839999999999474,0.9840000000000008,6112.0,0
2.384,15298.0,12233.0,9184.0,15293.5,12229.5,9181.5,5000.0,4000.0,3000.0,-6.125,0.5,-8.875,0.0,900.0,900.0,0.0,1.4849999999999473,0.9850000000000008,6114.0,0
2.3850000000000002,15303.0,12237.0,9187.0,15298.5,12233.5,9184.5,5000.0,4000.0,3000.0,-6.125,0.5,-8.875,0.0,900.0,900.0,0.0,1.4859999999999471,0.9860000000000008,6116.0,0
2.386,15308.0,12241.0,9190.0,15303.5,12237.5,9187.5,5000.0,4000.0,3000.0,-6.125,0.5,-8.875,0.0,900.0,900.0,0.0,1.486999999999947,0.9870000000000008,6118.0,0
2.387,15313.0,12245.0,9193.0,15308.5,12241.5,9190.5,5000.0,4000.0,3000.0,-6.125,0.5,-8.875,0.0,900.0,900.0,0.0,1.487999999999947,0.9880000000000008,6120.0,0
2.388,15318.0,12249.0,9196.0,15313.5,12245.5,9193.5,5000.0,4000.0,3000.0,-6.125,0.5,-8.875,0.0,900.0,900.0,0.0,1.4889999999999468,0.9890000000000008,6122.0,0
2.3890000000000002,15323.0,12253.0,9199.0,15318.5,12249.5,9196.5,5000.0,4000.0,3000.0,-6.125,0.5,-8.875,0.0,900.0,900.0,0.0,1.4899999999999467,0.9900000000000008,6124.0,0
2.39,15328.0,12257.0,9202.0,15323.5,12253.5,9199.5,5000.0,4000.0,3000.0,-6.125,0.5,-8.875,0.0,900.0,900.0,0.0,1.4909999999999466,0.9910000000000008,6126.0,0
2.391,15333.0,12261.0,9205.0,15328.5,12257.5,9202.5,5000.0,4000.0,3000.0,-6.125,0.5,-8.875,0.0,900.0,900.0,0.0,1.4919999999999465,0.9920000000000008,6128.0,0
2.392,15338.0,12265.0,9208.0,15333.5,12261.5,9205.5,5000.0,4000.0,3000.0,-6.125,0.5,-8.875,0.0,900.0,900.0,0.0,1.4929999999999464,0.9930000000000008,6130.0,0
2.3930000000000002,15344.0,12269.0,9211.0,15338.5,12265.5,9208.5,6000.0,4000.0,3000.0,-6.125,0.5,-8.875,0.0,900.0,900.0,0.0,1.4939999999999463,0.9940000000000008,6133.0,0
2.394,15349.0,12273.0,9214.0,15344.5,12269.5,9211.5,5000.0,4000.0,3000.0,-7.125,0.5,-8.875,0.0,900.0,900.0,0.0,1.4949999999999461,0.9950000000000008,6135.0,0
2.395,15354.0,12277.0,9217.0,15349.5,12273.5,9214.5,5000.0,4000.0,3000.0,-7.125,0.5,-8.875,0.0,900.0,900.0,0.0,1.495999999999946,0.9960000000000008,6137.0,0
2.396,15359.0,12281.0,9220.0,15354.5,12277.5,9217.5,5000.0,4000.0,3000.0,-7.125,0.5,-8.875,0.0,900.0,900.0,0.0,1.496999999999946,0.9970000000000008,6139.0,0
2.3970000000000002,15364.0,12285.0,9223.0,15359.5,12281.5,9220.5,5000.0,4000.0,3000.0,-7.125,0.5,-8.875,0.0,900.0,900.0,0.0,1.4979999999999458,0.9980000000000008,6141.0,0
2.398,15369.0,12289.0,9226.0,15364.5,12285.5,9223.5,5000.0,4000.0,3000.0,-7.125,0.5,-8.875,0.0,900.0,900.0,0.0,1.4989999999999457,0.9990000000000008,6143.0,0
2.399,15374.0,12293.0,9229.0,15369.5,12289.5,9226.5,5000.0,4000.0,3000.0,-7.125,0.5,-8.875,0.0,900.0,900.0,0.0,1.4999999999999456,1.0000000000000007,6145.0,0
2.4,15379.0,12297.0,9232.0,15374.5,12293.5,9229.5,5000.0,4000.0,3000.0,-7.125,0.5,-8.875,0.0,900.0,900.0,0.0,1.5009999999999455,1.0010000000000006,6147.0,0
2.4010000000000002,15384.0,12301.0,9235.0,15379.5,12297.5,9232.5,5000.0,4000.0,3000.0,-7.125,0.5,-8.875,0.0,900.0,900.0,0.0,1.5019999999999454,1.0020000000000004,6149.0,0
2.402,15389.0,12305.0,9238.0,15384.5,12301.5,9235.5,5000.0,4000.0,3000.0,-7.125,0.5,-8.875,0.0,900.0,900.0,0.0,1.5029999999999453,1.0030000000000003,6151.0,0
2.403,15394.0,12309.0,9241.0,15389.5,12305.5,9238.5,5000.0,4000.0,3000.0,-7.125,0.5,-8.875,0.0,900.0,900.0,0.0,1.5039999999999452,1.0040000000000002,6153.0,0
2.404,15399.0,12313.0,9244.0,15394.5,12309.5,9241.5,5000.0,4000.0,3000.0,-7.125,0.5,-8.875,0.0,900.0,900.0,0.0,1.504999999999945,1.0050000000000001,6155.0,0
2.4050000000000002,15404.0,12317.0,9247.0,15399.5,12313.5,9244.5,5000.0,4000.0,3000.0,-7.125,0.5,-8.875,0.0,900.0,900.0,0.0,1.505999999999945,1.006,6157.0,0
2.406,15409.0,12321.0,9250.0,15404.5,12317.5,9247.5,5000.0,4000.0,3000.0,-7.125,0.5,-8.875,0.0,900.0,900.0,0.0,1.5069999999999448,1.007,6159.0,0
2.407,15414.0,12325.0,9253.0,15409.5,12321.5,9250.5,5000.0,4000.0,3000.0,-7.125,0.5,-8.875,0.0,900.0,900.0,0.0,1.5079999999999447,1.0079999999999998,6161.0,0
2.408,15419.0,12329.0,9256.0,15414.5,12325.5,9253.5,5000.0,4000.0,3000.0,-7.125,0.5,-8.875,0.0,900.0,900.0,0.0,1.5089999999999446,1.0089999999999997,6163.0,0
2.4090000000000003,15424.0,12333.0,9259.0,15419.5,12329.5,9256.5,5000.0,4000.0,3000.0,-7.125,0.5,-8.875,0.0,900.0,900.0,0.0,1.5099999999999445,1.0099999999999996,6165.0,0
2.41,15429.0,12337.0,9262.0,15424.5,12333.5,9259.5,5000.0,4000.0,3000.0,-7.125,0.5,-8.875,0.0,900.0,900.0,0.0,1.5109999999999444,1.0109999999999995,6167.0,0
2.411,15434.0,12341.0,9265.0,15429.5,12337.5,9262.5,5000.0,4000.0,3000.0,-7.125,0.5,-8.875,0.0,900.0,900.0,0.0,1.5119999999999443,1.0119999999999993,6169.0,0
2.412,15439.0,12345.0,9268.0,15434.5,12341.5,9265.5,5000.0,4000.0,3000.0,-7.125,0.5,-8.875,0.0,900.0,900.0,0.0,1.5129999999999442,1.0129999999999992,6171.0,0
2.4130000000000003,15444.0,12349.0,9271.0,15439.5,12345.5,9268.5,5000.0,4000.0,3000.0,-7.125,0.5,-8.875,0.0,900.0,900.0,0.0,1.513999999999944,1.0139999999999991,6173.0,0
2.414,15449.0,12353.0,9274.0,15444.5,12349.5,9271.5,5000.0,4000.0,3000.0,-7.125,0.5,-8.875,0.0,900.0,900.0,0.0,1.514999999999944,1.014999999999999,6175.0,0
2.415,15454.0,12358.0,9278.0,15449.5,12353.5,9274.5,5000.0,5000.0,4000.0,-7.125,0.5,-8.875,0.0,900.0,900.0,0.0,1.5159999999999438,1.015999999999999,6176.0,0
2.416,15459.0,12362.0,9281.0,15454.5,12358.5,9278.5,5000.0,4000.0,3000.0,-5.875,0.5,-9.125,0.0,900.0,900.0,0.0,1.5169999999999437,1.0169999999999988,6178.0,0
2.4170000000000003,15464.0,12366.0,9284.0,15459.5,12362.5,9281.5,5000.0,4000.0,3000.0,-5.875,0.5,-9.125,0.0,900.0,900.0,0.0,1.5179999999999436,1.0179999999999987,6180.0,0
2.418,15469.0,12370.0,9287.0,15464.5,12366.5,9284.5,5000.0,4000.0,3000.0,-5.875,0.5,-9.125,0.0,900.0,900.0,0.0,1.5189999999999435,1.0189999999999986,6182.0,0
2.419,15474.0,12374.0,9290.0,15469.5,12370.5,9287.5,5000.0,4000.0,3000.0,-5.875,0.5,-9.125,0.0,900.0,900.0,0.0,1.5199999999999434,1.0199999999999985,6184.0,0
2.42,15479.0,12378.0,9293.0,15474.5,12374.5,9290.5,5000.0,4000.0,3000.0,-5.875,0.5,-9.125,0.0,900.0,900.0,0.0,1.5209999999999433,1.0209999999999984,6186.0,0
2.4210000000000003,15484.0,12382.0,9296.0,15479.5,12378.5,9293.5,5000.0,4000.0,3000.0,-5.875,0.5,-9.125,0.0,900.0,900.0,0.0,1.5219999999999432,1.0219999999999982,6188.0,0
2.422,15489.0,12386.0,9299.0,15484.5,12382.5,9296.5,5000.0,4000.0,3000.0,-5.875,0.5,-9.125,0.0,900.0,900.0,0.0,1.522999999999943,1.0229999999999981,6190.0,0
2.423,15494.0,12390.0,9302.0,15489.5,12386.5,9299.5,5000.0,4000.0,3000.0,-5.875,0.5,-9.125,0.0,900.0,900.0,0.0,1.523999999999943,1.023999999999998,6192.0,0
2.424,15499.0,12394.0,9305.0,15494.5,12390.5,9302.5,5000.0,4000.0,3000.0,-5.875,0.5,-9.125,0.0,900.0,900.0,0.0,1.5249999999999428,1.024999999999998,6194.0,0
2.4250000000000003,15504.0,12398.0,9308.0,15499.5,12394.5,9305.5,5000.0,4000.0,3000.0,-5.875,0.5,-9.125,0.0,900.0,900.0,0.0,1.5259999999999427,1.0259999999999978,6196.0,0
2.426,15509.0,12402.0,9311.0,15504.5,12398.5,9308.5,5000.0,4000.0,3000.0,-5.875,0.5,-9.125,0.0,900.0,900.0,0.0,1.5269999999999426,1.0269999999999977,6198.0,0
2.427,15514.0,12406.0,9314.0,15509.5,12402.5,9311.5,5000.0,4000.0,3000.0,-5.875,0.5,-9.125,0.0,900.0,900.0,0.0,1.5279999999999425,1.0279999999999976,6200.0,0
2.428,15519.0,12410.0,9317.0,15514.5,12406.5,9314.5,5000.0,4000.0,3000.0,-5.875,0.5,-9.125,0.0,900.0,900.0,0.0,1.5289999999999424,1.0289999999999975,6202.0,0
2.4290000000000003,15524.0,12414.0,9320.0,15519.5,12410.5,9317.5,5000.0,4000.0,3000.0,-5.875,0.5,-9.125,0.0,900.0,900.0,0.0,1.5299999999999423,1.0299999999999974,6204.0,0
2.43,15529.0,12418.0,9323.0,15524.5,12414.5,9320.5,5000.0,4000.0,3000.0,-5.875,0.5,-9.125,0.0,900.0,900.0,0.0,1.5309999999999422,1.0309999999999973,6206.0,0
2.431,15534.0,12422.0,9326.0,15529.5,12418.5,9323.5,5000.0,4000.0,3000.0,-5.875,0.5,-9.125,0.0,900.0,900.0,0.0,1.531999999999942,1.0319999999999971,6208.0,0
2.432,15539.0,12426.0,9329.0,15534.5,12422.5,9326.5,5000.0,4000.0,3000.0,-5.875,0.5,-9.125,0.0,900.0,900.0,0.0,1.532999999999942,1.032999999999997,6210.0,0
2.433,15544.0,12430.0,9332.0,15539.5,12426.5,9329.5,5000.0,4000.0,3000.0,-5.875,0.5,-9.125,0.0,900.0,900.0,0.0,1.5339999999999419,1.033999999999997,6212.0,0
2.434,15549.0,12434.0,9335.0,15544.5,12430.5,9332.5,5000.0,4000.0,3000.0,-5.875,0.5,-9.125,0.0,900.0,900.0,0.0,1.5349999999999417,1.0349999999999968,6214.0,0
2.435,15554.0,12438.0,9338.0,15549.5,12434.5,9335.5,5000.0,4000.0,3000.0,-5.875,0.5,-9.125,0.0,900.0,900.0,0.0,1.5359999999999416,1.0359999999999967,6216.0,0
2.436,15559.0,12442.0,9341.0,15554.5,12438.5,9338.5,5000.0,4000.0,3000.0,-5.875,0.5,-9.125,0.0,900.0,900.0,0.0,1.5369999999999415,1.0369999999999966,6218.0,0
2.437,15564.0,12446.0,9344.0,15559.5,12442.5,9341.5,5000.0,4000.0,3000.0,-5.875,0.5,-9.125,0.0,900.0,900.0,0.0,1.5379999999999414,1.0379999999999965,6220.0,0
2.438,15569.0,12450.0,9347.0,15564.5,12446.5,9344.5,5000.0,4000.0,3000.0,-5.875,0.5,-9.125,0.0,900.0,900.0,0.0,1.5389999999999413,1.0389999999999964,6222.0,0
2.439,15574.0,12454.0,9350.0,15569.5,12450.5,9347.5,5000.0,4000.0,3000.0,-5.875,0.5,-9.125,0.0,900.0,900.0,0.0,1.5399999999999412,1.0399999999999963,6224.0,0
2.44,15579.0,12458.0,9353.0,15574.5,12454.5,9350.5,5000.0,4000.0,3000.0,-5.875,0.5,-9.125,0.0,900.0,900.0,0.0,1.540999999999941,1.0409999999999962,6226.0,0
2.441,15584.0,12462.0,9356.0,15579.5,12458.5,9353.5,5000.0,4000.0,3000.0,-5.875,0.5,-9.125,0.0,900.0,900.0,0.0,1.541999999999941,1.041999999999996,6228.0,0
2.442,15589.0,12466.0,9359.0,15584.5,12462.5,9356.5,5000.0,4000.0,3000.0,-5.875,0.5,-9.125,0.0,900.0,900.0,0.0,1.5429999999999409,1.042999999999996,6230.0,0
2.443,15594.0,12470.0,9362.0,15589.5,12466.5,9359.5,5000.0,4000.0,3000.0,-5.875,0.5,-9.125,0.0,900.0,900.0,0.0,1.5439999999999408,1.0439999999999958,6232.0,0
2.444,15599.0,12474.0,9365.0,15594.5,12470.5,9362.5,5000.0,4000.0,3000.0,-5.875,0.5,-9.125,0.0,900.0,900.0,0.0,1.5449999999999406,1.0449999999999957,6234.0,0
2.445,15604.0,12478.0,9368.0,15599.5,12474.5,9365.5,5000.0,4000.0,3000.0,-5.875,0.5,-9.125,0.0,900.0,900.0,0.0,1.5459999999999405,1.0459999999999956,6236.0,0
2.446,15609.0,12482.0,9371.0,15604.5,12478.5,9368.5,5000.0,4000.0,3000.0,-5.875,0.5,-9.125,0.0,900.0,900.0,0.0,1.5469999999999404,1.0469999999999955,6238.0,0
2.447,15614.0,12486.0,9374.0,15609.5,12482.5,9371.5,5000.0,4000.0,3000.0,-5.875,0.5,-9.125,0.0,900.0,900.0,0.0,1.5479999999999403,1.0479999999999954,6240.0,0
2.448,15619.0,12490.0,9377.0,15614.5,12486.5,9374.5,5000.0,4000.0,3000.0,-5.875,0.5,-9.125,0.0,900.0,900.0,0.0,1.5489999999999402,1.0489999999999953,6242.0,0
2.449,15624.0,12494.0,9380.0,15619.5,12490.5,9377.5,5000.0,4000.0,3000.0,-5.875,0.5,-9.125,0.0,900.0,900.0,0.0,1.54999999999994,1.0499999999999952,6244.0,0
2.45,15629.0,12498.0,9384.0,15624.5,12494.5,9380.5,5000.0,4000.0,4000.0,-5.875,0.5,-9.125,0.0,900.0,900.0,0.0,1.55099999999994,1.050999999999995,6245.0,0
2.451,15634.0,12502.0,9386.0,15629.5,12498.5,9384.5,5000.0,4000.0,2000.0,-5.875,0.5,-10.125,0.0,900.0,900.0,0.0,1.5519999999999399,1.051999999999995,6248.0,0
2.452,15639.0,12506.0,9389.0,15634.5,12502.5,9386.5,5000.0,4000.0,3000.0,-5.875,0.5,-9.125,0.0,900.0,900.0,0.0,1.5529999999999398,1.0529999999999948,6250.0,0
2.453,15644.0,12510.0,9392.0,15639.5,12506.5,9389.5,5000.0,4000.0,3000.0,-5.875,0.5,-9.125,0.0,900.0,900.0,0.0,1.5539999999999397,1.0539999999999947,6252.0,0
2.454,15649.0,12514.0,9395.0,15644.5,12510.5,9392.5,5000.0,4000.0,3000.0,-5.875,0.5,-9.125,0.0,900.0,900.0,0.0,1.5549999999999395,1.0549999999999946,6254.0,0
2.455,15654.0,12518.0,9398.0,15649.5,12514.5,9395.5,5000.0,4000.0,3000.0,-5.875,0.5,-9.125,0.0,900.0,900.0,0.0,1.5559999999999394,1.0559999999999945,6256.0,0
2.456,15659.0,12522.0,9401.0,15654.5,12518.5,9398.5,5000.0,4000.0,3000.0,-5.875,0.5,-9.125,0.0,900.0,900.0,0.0,1.5569999999999393,1.0569999999999944,6258.0,0
2.457,15664.0,12526.0,9404.0,15659.5,12522.5,9401.5,5000.0,4000.0,3000.0,-5.875,0.5,-9.125,0.0,900.0,900.0,0.0,1.5579999999999392,1.0579999999999943,6260.0,0
2.458,15669.0,12530.0,9407.0,15664.5,12526.5,9404.5,5000.0,4000.0,3000.0,-5.875,0.5,-9.125,0.0,900.0,900.0,0.0,1.558999999999939,1.0589999999999942,6262.0,0
2.459,15674.0,12534.0,9411.0,15669.5,12530.5,9407.5,5000.0,4000.0,4000.0,-5.875,0.5,-9.125,0.0,900.0,900.0,0.0,1.559999999999939,1.059999999999994,6263.0,0
2.46,15679.0,12538.0,9413.0,15674.5,12534.5,9411.5,5000.0,4000.0,2000.0,-5.875,0.5,-10.125,0.0,900.0,900.0,0.0,1.5609999999999389,1.060999999999994,6266.0,0
2.461,15684.0,12542.0,9416.0,15679.5,12538.5,9413.5,5000.0,4000.0,3000.0,-5.875,0.5,-9.125,0.0,900.0,900.0,0.0,1.5619999999999388,1.0619999999999938,6268.0,0
2.462,15689.0,12546.0,9419.0,15684.5,12542.5,9416.5,5000.0,4000.0,3000.0,-5.875,0.5,-9.125,0.0,900.0,900.0,0.0,1.5629999999999387,1.0629999999999937,6270.0,0
2.463,15694.0,12550.0,9422.0,15689.5,12546.5,9419.5,5000.0,4000.0,3000.0,-5.875,0.5,-9.125,0.0,900.0,900.0,0.0,1.5639999999999386,1.0639999999999936,6272.0,0
2.464,15699.0,12554.0,9425.0,15694.5,12550.5,9422.5,5000.0,4000.0,3000.0,-5.875,0.5,-9.125,0.0,900.0,900.0,0.0,1.5649999999999384,1.0649999999999935,6274.0,0
2.465,15704.0,12558.0,9428.0,15699.5,12554.5,9425.5,5000.0,4000.0,3000.0,-5.875,0.5,-9.125,0.0,900.0,900.0,0.0,1.5659999999999383,1.0659999999999934,6276.0,0
2.466,15709.0,12562.0,9431.0,15704.5,12558.5,9428.5,5000.0,4000.0,3000.0,-5.875,0.5,-9.125,0.0,900.0,900.0,0.0,1.5669999999999382,1.0669999999999933,6278.0,0
2.467,15714.0,12566.0,9434.0,15709.5,12562.5,9431.5,5000.0,4000.0,3000.0,-5.875,0.5,-9.125,0.0,900.0,900.0,0.0,1.567999999999938,1.0679999999999932,6280.0,0
2.468,15719.0,12570.0,9437.0,15714.5,12566.5,9434.5,5000.0,4000.0,3000.0,-5.875,0.5,-9.125,0.0,900.0,900.0,0.0,1.568999999999938,1.068999999999993,6282.0,0
2.469,15724.0,12574.0,9440.0,15719.5,12570.5,9437.5,5000.0,4000.0,3000.0,-5.875,0.5,-9.125,0.0,900.0,900.0,0.0,1.569999999999938,1.069999999999993,6284.0,0
2.47,15729.0,12578.0,9444.0,15724.5,12574.5,9440.5,5000.0,4000.0,4000.0,-5.875,0.5,-9.125,0.0,900.0,900.0,0.0,1.5709999999999378,1.0709999999999928,6285.0,0
2.471,15734.0,12582.0,9446.0,15729.5,12578.5,9444.5,5000.0,4000.0,2000.0,-5.875,0.5,-10.125,0.0,900.0,900.0,0.0,1.5719999999999377,1.0719999999999927,6288.0,0
2.472,15739.0,12586.0,9449.0,15734.5,12582.5,9446.5,5000.0,4000.0,3000.0,-5.875,0.5,-9.125,0.0,900.0,900.0,0.0,1.5729999999999376,1.0729999999999926,6290.0,0
2.473,15744.0,12590.0,9452.0,15739.5,12586.5,9449.5,5000.0,4000.0,3000.0,-5.875,0.5,-9.125,0.0,900.0,900.0,0.0,1.5739999999999374,1.0739999999999925,6292.0,0
2.474,15749.0,12594.0,9455.0,15744.5,12590.5,9452.5,5000.0,4000.0,3000.0,-5.875,0.5,-9.125,0.0,900.0,900.0,0.0,1.5749999999999373,1.0749999999999924,6294.0,0
2.475,15754.0,12598.0,9458.0,15749.5,12594.5,9455.5,5000.0,4000.0,3000.0,-5.875,0.5,-9.125,0.0,900.0,900.0,0.0,1.5759999999999372,1.0759999999999923,6296.0,0
2.476,15759.0,12602.0,9461.0,15754.5,12598.5,9458.5,5000.0,4000.0,3000.0,-5.875,0.5,-9.125,0.0,900.0,900.0,0.0,1.5769999999999371,1.0769999999999922,6298.0,0
2.477,15764.0,12606.0,9464.0,15759.5,12602.5,9461.5,5000.0,4000.0,3000.0,-5.875,0.5,-9.125,0.0,900.0,900.0,0.0,1.577999999999937,1.077999999999992,6300.0,0
2.478,15769.0,12610.0,9467.0,15764.5,12606.5,9464.5,5000.0,4000.0,3000.0,-5.875,0.5,-9.125,0.0,900.0,900.0,0.0,1.578999999999937,1.078999999999992,6302.0,0
2.479,15774.0,12614.0,9470.0,15769.5,12610.5,9467.5,5000.0,4000.0,3000.0,-5.875,0.5,-9.125,0.0,900.0,900.0,0.0,1.5799999999999368,1.0799999999999919,6304.0,0
2.48,15779.0,12618.0,9473.0,15774.5,12614.5,9470.5,5000.0,4000.0,3000.0,-5.875,0.5,-9.125,0.0,900.0,900.0,0.0,1.5809999999999367,1.0809999999999917,6306.0,0
2.481,15784.0,12622.0,9476.0,15779.5,12618.5,9473.5,5000.0,4000.0,3000.0,-5.875,0.5,-9.125,0.0,900.0,900.0,0.0,1.5819999999999366,1.0819999999999916,6308.0,0
2.482,15789.0,12626.0,9479.0,15784.5,12622.5,9476.5,5000.0,4000.0,3000.0,-5.875,0.5,-9.125,0.0,900.0,900.0,0.0,1.5829999999999365,1.0829999999999915,6310.0,0
2.483,15794.0,12630.0,9482.0,15789.5,12626.5,9479.5,5000.0,4000.0,3000.0,-5.875,0.5,-9.125,0.0,900.0,900.0,0.0,1.5839999999999363,1.0839999999999914,6312.0,0
2.484,15799.0,12634.0,9485.0,15794.5,12630.5,9482.5,5000.0,4000.0,3000.0,-5.875,0.5,-9.125,0.0,900.0,900.0,0.0,1.5849999999999362,1.0849999999999913,6314.0,0
2.485,15804.0,12638.0,9488.0,15799.5,12634.5,9485.5,5000.0,4000.0,3000.0,-5.875,0.5,-9.125,0.0,900.0,900.0,0.0,1.5859999999999361,1.0859999999999912,6316.0,0
2.486,15809.0,12642.0,9491.0,15804.5,12638.5,9488.5,5000.0,4000.0,3000.0,-5.875,0.5,-9.125,0.0,900.0,900.0,0.0,1.586999999999936,1.086999999999991,6318.0,0
2.487,15814.0,12646.0,9494.0,15809.5,12642.5,9491.5,5000.0,4000.0,3000.0,-5.875,0.5,-9.125,0.0,900.0,900.0,0.0,1.587999999999936,1.087999999999991,6320.0,0
2.488,15819.0,12650.0,9498.0,15814.5,12646.5,9494.5,5000.0,4000.0,4000.0,-5.875,0.5,-9.125,0.0,900.0,900.0,0.0,1.5889999999999358,1.0889999999999909,6321.0,0
2.489,15824.0,12654.0,9500.0,15819.5,12650.5,9498.5,5000.0,4000.0,2000.0,-5.875,0.5,-10.125,0.0,900.0,900.0,0.0,1.5899999999999357,1.0899999999999908,6324.0,0
2.49,15829.0,12658.0,9503.0,15824.5,12654.5,9500.5,5000.0,4000.0,3000.0,-5.875,0.5,-9.125,0.0,900.0,900.0,0.0,1.5909999999999356,1.0909999999999906,6326.0,0
2.491,15834.0,12662.0,9506.0,15829.5,12658.5,9503.5,5000.0,4000.0,3000.0,-5.875,0.5,-9.125,0.0,900.0,900.0,0.0,1.5919999999999355,1.0919999999999905,6328.0,0
2.492,15839.0,12666.0,9509.0,15834.5,12662.5,9506.5,5000.0,4000.0,3000.0,-5.875,0.5,-9.125,0.0,900.0,900.0,0.0,1.5929999999999354,1.0929999999999904,6330.0,0
2.493,15844.0,12670.0,9512.0,15839.5,12666.5,9509.5,5000.0,4000.0,3000.0,-5.875,0.5,-9.125,0.0,900.0,900.0,0.0,1.5939999999999352,1.0939999999999903,6332.0,0
2.494,15849.0,12674.0,9515.0,15844.5,12670.5,9512.5,5000.0,4000.0,3000.0,-5.875,0.5,-9.125,0.0,900.0,900.0,0.0,1.5949999999999351,1.0949999999999902,6334.0,0
2.495,15854.0,12678.0,9518.0,15849.5,12674.5,9515.5,5000.0,4000.0,3000.0,-5.875,0.5,-9.125,0.0,900.0,900.0,0.0,1.595999999999935,1.09599999999999,6336.0,0
2.496,15859.0,12682.0,9521.0,15854.5,12678.5,9518.5,5000.0,4000.0,3000.0,-5.875,0.5,-9.125,0.0,900.0,900.0,0.0,1.596999999999935,1.09699999999999,6338.0,0
2.497,15864.0,12686.0,9524.0,15859.5,12682.5,9521.5,5000.0,4000.0,3000.0,-5.875,0.5,-9.125,0.0,900.0,900.0,0.0,1.5979999999999348,1.0979999999999899,6340.0,0
2.498,15869.0,12691.0,9527.0,15864.5,12686.5,9524.5,5000.0,5000.0,3000.0,-5.875,0.5,-9.125,0.0,900.0,900.0,0.0,1.5989999999999347,1.0989999999999898,6342.0,0
2.499,15874.0,12695.0,9530.0,15869.5,12691.5,9527.5,5000.0,4000.0,3000.0,-4.625,0.5,-8.375,0.0,900.0,900.0,0.0,1.5999999999999346,1.0999999999999897,6344.0,0
2.5,15879.0,12699.0,9533.0,15874.5,12695.5,9530.5,5000.0,4000.0,3000.0,-4.625,0.5,-8.375,0.0,900.0,900.0,0.0,1.6009999999999345,1.1009999999999895,6346.0,0
2.501,15884.0,12703.0,9536.0,15879.5,12699.5,9533.5,5000.0,4000.0,3000.0,-4.625,0.5,-8.375,0.0,900.0,900.0,0.0,1.6019999999999344,1.1019999999999894,6348.0,0
2.5020000000000002,15889.0,12707.0,9539.0,15884.5,12703.5,9536.5,5000.0,4000.0,3000.0,-4.625,0.5,-8.375,0.0,900.0,900.0,0.0,1.6029999999999343,1.1029999999999893,6350.0,0
2.503,15894.0,12711.0,9542.0,15889.5,12707.5,9539.5,5000.0,4000.0,3000.0,-4.625,0.5,-8.375,0.0,900.0,900.0,0.0,1.6039999999999341,1.1039999999999892,6352.0,0
2.504,15899.0,12715.0,9545.0,15894.5,12711.5,9542.5,5000.0,4000.0,3000.0,-4.625,0.5,-8.375,0.0,900.0,900.0,0.0,1.604999999999934,1.104999999999989,6354.0,0
2.505,15904.0,12719.0,9548.0,15899.5,12715.5,9545.5,5000.0,4000.0,3000.0,-4.625,0.5,-8.375,0.0,900.0,900.0,0.0,1.605999999999934,1.105999999999989,6356.0,0
2.5060000000000002,15909.0,12723.0,9551.0,15904.5,12719.5,9548.5,5000.0,4000.0,3000.0,-4.625,0.5,-8.375,0.0,900.0,900.0,0.0,1.6069999999999338,1.1069999999999889,6358.0,0
2.507,15914.0,12727.0,9554.0,15909.5,12723.5,9551.5,5000.0,4000.0,3000.0,-4.625,0.5,-8.375,0.0,900.0,900.0,0.0,1.6079999999999337,1.1079999999999888,6360.0,0
2.508,15919.0,12731.0,9557.0,15914.5,12727.5,9554.5,5000.0,4000.0,3000.0,-4.625,0.5,-8.375,0.0,900.0,900.0,0.0,1.6089999999999336,1.1089999999999887,6362.0,0
2.509,15924.0,12735.0,9560.0,15919.5,12731.5,9557.5,5000.0,4000.0,3000.0,-4.625,0.5,-8.375,0.0,900.0,900.0,0.0,1.6099999999999335,1.1099999999999886,6364.0,0
2.5100000000000002,15929.0,12739.0,9563.0,15924.5,12735.5,9560.5,5000.0,4000.0,3000.0,-4.625,0.5,-8.375,0.0,900.0,900.0,0.0,1.6109999999999334,1.1109999999999884,6366.0,0
2.511,15934.0,12743.0,9566.0,15929.5,12739.5,9563.5,5000.0,4000.0,3000.0,-4.625,0.5,-8.375,0.0,900.0,900.0,0.0,1.6119999999999333,1.1119999999999883,6368.0,0
2.512,15939.0,12747.0,9569.0,15934.5,12743.5,9566.5,5000.0,4000.0,3000.0,-4.625,0.5,-8.375,0.0,900.0,900.0,0.0,1.6129999999999332,1.1129999999999882,6370.0,0
2.513,15944.0,12751.0,9572.0,15939.5,12747.5,9569.5,5000.0,4000.0,3000.0,-4.625,0.5,-8.375,0.0,900.0,900.0,0.0,1.613999999999933,1.113999999999988,6372.0,0
2.5140000000000002,15949.0,12755.0,9575.0,15944.5,12751.5,9572.5,5000.0,4000.0,3000.0,-4.625,0.5,-8.375,0.0,900.0,900.0,0.0,1.614999999999933,1.114999999999988,6374.0,0
2.515,15954.0,12759.0,9578.0,15949.5,12755.5,9575.5,5000.0,4000.0,3000.0,-4.625,0.5,-8.375,0.0,900.0,900.0,0.0,1.6159999999999328,1.115999999999988,6376.0,0
2.516,15959.0,12763.0,9581.0,15954.5,12759.5,9578.5,5000.0,4000.0,3000.0,-4.625,0.5,-8.375,0.0,900.0,900.0,0.0,1.6169999999999327,1.1169999999999878,6378.0,0
2.517,15964.0,12767.0,9584.0,15959.5,12763.5,9581.5,5000.0,4000.0,3000.0,-4.625,0.5,-8.375,0.0,900.0,900.0,0.0,1.6179999999999326,1.1179999999999877,6380.0,0
2.5180000000000002,15969.0,12771.0,9587.0,15964.5,12767.5,9584.5,5000.0,4000.0,3000.0,-4.625,0.5,-8.375,0.0,900.0,900.0,0.0,1.6189999999999325,1.1189999999999876,6382.0,0
2.519,15974.0,12775.0,9590.0,15969.5,12771.5,9587.5,5000.0,4000.0,3000.0,-4.625,0.5,-8.375,0.0,900.0,900.0,0.0,1.6199999999999324,1.1199999999999875,6384.0,0
2.52,15979.0,12779.0,9593.0,15974.5,12775.5,9590.5,5000.0,4000.0,3000.0,-4.625,0.5,-8.375,0.0,900.0,900.0,0.0,1.6209999999999323,1.1209999999999873,6386.0,0
2.521,15984.0,12783.0,9596.0,15979.5,12779.5,9593.5,5000.0,4000.0,3000.0,-4.625,0.5,-8.375,0.0,900.0,900.0,0.0,1.6219999999999322,1.1219999999999872,6388.0,0
2.5220000000000002,15989.0,12787.0,9599.0,15984.5,12783.5,9596.5,5000.0,4000.0,3000.0,-4.625,0.5,-8.375,0.0,900.0,900.0,0.0,1.622999999999932,1.1229999999999871,6390.0,0
2.523,15994.0,12791.0,9602.0,15989.5,12787.5,9599.5,5000.0,4000.0,3000.0,-4.625,0.5,-8.375,0.0,900.0,900.0,0.0,1.623999999999932,1.123999999999987,6392.0,0
2.524,15999.0,12795.0,9605.0,15994.5,12791.5,9602.5,5000.0,4000.0,3000.0,-4.625,0.5,-8.375,0.0,900.0,900.0,0.0,1.6249999999999318,1.124999999999987,6394.0,0
2.525,16004.0,12799.0,9608.0,15999.5,12795.5,9605.5,5000.0,4000.0,3000.0,-4.625,0.5,-8.375,0.0,900.0,900.0,0.0,1.6259999999999317,1.1259999999999868,6396.0,0
2.5260000000000002,16009.0,12803.0,9611.0,16004.5,12799.5,9608.5,5000.0,4000.0,3000.0,-4.625,0.5,-8.375,0.0,900.0,900.0,0.0,1.6269999999999316,1.1269999999999867,6398.0,0
2.527,16014.0,12807.0,9614.0,16009.5,12803.5,9611.5,5000.0,4000.0,3000.0,-4.625,0.5,-8.375,0.0,900.0,900.0,0.0,1.6279999999999315,1.1279999999999866,6400.0,0
2.528,16019.0,12811.0,9617.0,16014.5,12807.5,9614.5,5000.0,4000.0,3000.0,-4.625,0.5,-8.375,0.0,900.0,900.0,0.0,1.6289999999999314,1.1289999999999865,6402.0,0
2.529,16024.0,12815.0,9620.0,16019.5,12811.5,9617.5,5000.0,4000.0,3000.0,-4.625,0.5,-8.375,0.0,900.0,900.0,0.0,1.6299999999999313,1.1299999999999863,6404.0,0
2.5300000000000002,16029.0,12819.0,9623.0,16024.5,12815.5,9620.5,5000.0,4000.0,3000.0,-4.625,0.5,-8.375,0.0,900.0,900.0,0.0,1.6309999999999312,1.1309999999999862,6406.0,0
2.531,16034.0,12823.0,9626.0,16029.5,12819.5,9623.5,5000.0,4000.0,3000.0,-4.625,0.5,-8.375,0.0,900.0,900.0,0.0,1.631999999999931,1.1319999999999861,6408.0,0
2.532,16039.0,12827.0,9629.0,16034.5,12823.5,9626.5,5000.0,4000.0,3000.0,-4.625,0.5,-8.375,0.0,900.0,900.0,0.0,1.632999999999931,1.132999999999986,6410.0,0
2.533,16044.0,12831.0,9632.0,16039.5,12827.5,9629.5,5000.0,4000.0,3000.0,-4.625,0.5,-8.375,0.0,900.0,900.0,0.0,1.6339999999999308,1.133999999999986,6412.0,0
2.5340000000000003,16049.0,12835.0,9635.0,16044.5,12831.5,9632.5,5000.0,4000.0,3000.0,-4.625,0.5,-8.375,0.0,900.0,900.0,0.0,1.6349999999999307,1.1349999999999858,6414.0,0
2.535,16054.0,12839.0,9638.0,16049.5,12835.5,9635.5,5000.0,4000.0,3000.0,-4.625,0.5,-8.375,0.0,900.0,900.0,0.0,1.6359999999999306,1.1359999999999857,6416.0,0
2.536,16059.0,12843.0,9642.0,16054.5,12839.5,9638.5,5000.0,4000.0,4000.0,-4.625,0.5,-8.375,0.0,900.0,900.0,0.0,1.6369999999999305,1.1369999999999856,6417.0,0
2.537,16064.0,12847.0,9645.0,16059.5,12843.5,9642.5,5000.0,4000.0,3000.0,-4.625,0.5,-9.375,0.0,900.0,900.0,0.0,1.6379999999999304,1.1379999999999855,6419.0,0
2.5380000000000003,16069.0,12851.0,9648.0,16064.5,12847.5,9645.5,5000.0,4000.0,3000.0,-4.625,0.5,-9.375,0.0,900.0,900.0,0.0,1.6389999999999303,1.1389999999999854,6421.0,0
2.539,16074.0,12855.0,9651.0,16069.5,12851.5,9648.5,5000.0,4000.0,3000.0,-4.625,0.5,-9.375,0.0,900.0,900.0,0.0,1.6399999999999302,1.1399999999999852,6423.0,0
2.54,16079.0,12859.0,9654.0,16074.5,12855.5,9651.5,5000.0,4000.0,3000.0,-4.625,0.5,-9.375,0.0,900.0,900.0,0.0,1.64099999999993,1.1409999999999851,6425.0,0
2.541,16084.0,12863.0,9657.0,16079.5,12859.5,9654.5,5000.0,4000.0,3000.0,-4.625,0.5,-9.375,0.0,900.0,900.0,0.0,1.64199999999993,1.141999999999985,6427.0,0
2.5420000000000003,16090.0,12867.0,9660.0,16084.5,12863.5,9657.5,6000.0,4000.0,3000.0,-4.625,0.5,-9.375,0.0,900.0,900.0,0.0,1.6429999999999298,1.142999999999985,6430.0,0
2.543,16095.0,12871.0,9663.0,16090.5,12867.5,9660.5,5000.0,4000.0,3000.0,-5.625,0.5,-9.375,0.0,900.0,900.0,0.0,1.6439999999999297,1.1439999999999848,6432.0,0
2.544,16100.0,12875.0,9666.0,16095.5,12871.5,9663.5,5000.0,4000.0,3000.0,-5.625,0.5,-9.375,0.0,900.0,900.0,0.0,1.6449999999999296,1.1449999999999847,6434.0,0
2.545,16105.0,12879.0,9669.0,16100.5,12875.5,9666.5,5000.0,4000.0,3000.0,-5.625,0.5,-9.375,0.0,900.0,900.0,0.0,1.6459999999999295,1.1459999999999846,6436.0,0
2.5460000000000003,16110.0,12883.0,9672.0,16105.5,12879.5,9669.5,5000.0,4000.0,3000.0,-5.625,0.5,-9.375,0.0,900.0,900.0,0.0,1.6469999999999294,1.1469999999999845,6438.0,0
2.547,16115.0,12887.0,9675.0,16110.5,12883.5,9672.5,5000.0,4000.0,3000.0,-5.625,0.5,-9.375,0.0,900.0,900.0,0.0,1.6479999999999293,1.1479999999999844,6440.0,0
2.548,16120.0,12891.0,9678.0,16115.5,12887.5,9675.5,5000.0,4000.0,3000.0,-5.625,0.5,-9.375,0.0,900.0,900.0,0.0,1.6489999999999292,1.1489999999999843,6442.0,0
2.549,16125.0,12895.0,9681.0,16120.5,12891.5,9678.5,5000.0,4000.0,3000.0,-5.625,0.5,-9.375,0.0,900.0,900.0,0.0,1.649999999999929,1.1499999999999841,6444.0,0
2.5500000000000003,16130.0,12899.0,9684.0,16125.5,12895.5,9681.5,5000.0,4000.0,3000.0,-5.625,0.5,-9.375,0.0,900.0,900.0,0.0,1.650999999999929,1.150999999999984,6446.0,0
2.551,16135.0,12903.0,9687.0,16130.5,12899.5,9684.5,5000.0,4000.0,3000.0,-5.625,0.5,-9.375,0.0,900.0,900.0,0.0,1.6519999999999289,1.151999999999984,6448.0,0
2.552,16140.0,12907.0,9690.0,16135.5,12903.5,9687.5,5000.0,4000.0,3000.0,-5.625,0.5,-9.375,0.0,900.0,900.0,0.0,1.6529999999999287,1.1529999999999838,6450.0,0
2.553,16145.0,12911.0,9693.0,16140.5,12907.5,9690.5,5000.0,4000.0,3000.0,-5.625,0.5,-9.375,0.0,900.0,900.0,0.0,1.6539999999999286,1.1539999999999837,6452.0,0
2.5540000000000003,16150.0,12915.0,9696.0,16145.5,12911.5,9693.5,5000.0,4000.0,3000.0,-5.625,0.5,-9.375,0.0,900.0,900.0,0.0,1.6549999999999285,1.1549999999999836,6454.0,0
2.555,16155.0,12919.0,9699.0,16150.5,12915.5,9696.5,5000.0,4000.0,3000.0,-5.625,0.5,-9.375,0.0,900.0,900.0,0.0,1.6559999999999284,1.1559999999999835,6456.0,0
2.556,16160.0,12923.0,9702.0,16155.5,12919.5,9699.5,5000.0,4000.0,3000.0,-5.625,0.5,-9.375,0.0,900.0,900.0,0.0,1.6569999999999283,1.1569999999999834,6458.0,0
2.557,16165.0,12927.0,9705.0,16160.5,12923.5,9702.5,5000.0,4000.0,3000.0,-5.625,0.5,-9.375,0.0,900.0,900.0,0.0,1.6579999999999282,1.1579999999999833,6460.0,0
2.5580000000000003,16170.0,12931.0,9708.0,16165.5,12927.5,9705.5,5000.0,4000.0,3000.0,-5.625,0.5,-9.375,0.0,900.0,900.0,0.0,1.658999999999928,1.1589999999999832,6462.0,0
2.559,16175.0,12935.0,9711.0,16170.5,12931.5,9708.5,5000.0,4000.0,3000.0,-5.625,0.5,-9.375,0.0,900.0,900.0,0.0,1.659999999999928,1.159999999999983,6464.0,0
2.56,16180.0,12939.0,9714.0,16175.5,12935.5,9711.5,5000.0,4000.0,3000.0,-5.625,0.5,-9.375,0.0,900.0,900.0,0.0,1.6609999999999279,1.160999999999983,6466.0,0
2.561,16185.0,12943.0,9717.0,16180.5,12939.5,9714.5,5000.0,4000.0,3000.0,-5.625,0.5,-9.375,0.0,900.0,900.0,0.0,1.6619999999999278,1.1619999999999828,6468.0,0
2.562,16190.0,12947.0,9720.0,16185.5,12943.5,9717.5,5000.0,4000.0,3000.0,-5.625,0.5,-9.375,0.0,900.0,900.0,0.0,1.6629999999999276,1.1629999999999827,6470.0,0
2.563,16195.0,12951.0,9723.0,16190.5,12947.5,9720.5,5000.0,4000.0,3000.0,-5.625,0.5,-9.375,0.0,900.0,900.0,0.0,1.6639999999999275,1.1639999999999826,6472.0,0
2.564,16200.0,12955.0,9726.0,16195.5,12951.5,9723.5,5000.0,4000.0,3000.0,-5.625,0.5,-9.375,0.0,900.0,900.0,0.0,1.6649999999999274,1.1649999999999825,6474.0,0
2.565,16205.0,12959.0,9729.0,16200.5,12955.5,9726.5,5000.0,4000.0,3000.0,-5.625,0.5,-9.375,0.0,900.0,900.0,0.0,1.6659999999999273,1.1659999999999824,6476.0,0
2.566,16210.0,12963.0,9732.0,16205.5,12959.5,9729.5,5000.0,4000.0,3000.0,-5.625,0.5,-9.375,0.0,900.0,900.0,0.0,1.6669999999999272,1.1669999999999823,6478.0,0
2.567,16215.0,12967.0,9735.0,16210.5,12963.5,9732.5,5000.0,4000.0,3000.0,-5.625,0.5,-9.375,0.0,900.0,900.0,0.0,1.667999999999927,1.1679999999999822,6480.0,0
2.568,16220.0,12971.0,9738.0,16215.5,12967.5,9735.5,5000.0,4000.0,3000.0,-5.625,0.5,-9.375,0.0,900.0,900.0,0.0,1.668999999999927,1.168999999999982,6482.0,0
2.569,16225.0,12975.0,9741.0,16220.5,12971.5,9738.5,5000.0,4000.0,3000.0,-5.625,0.5,-9.375,0.0,900.0,900.0,0.0,1.6699999999999269,1.169999999999982,6484.0,0
2.57,16230.0,12979.0,9744.0,16225.5,12975.5,9741.5,5000.0,4000.0,3000.0,-5.625,0.5,-9.375,0.0,900.0,900.0,0.0,1.6709999999999268,1.1709999999999818,6486.0,0
2.571,16235.0,12983.0,9747.0,16230.5,12979.5,9744.5,5000.0,4000.0,3000.0,-5.625,0.5,-9.375,0.0,900.0,900.0,0.0,1.6719999999999267,1.1719999999999817,6488.0,0
2.572,16240.0,12987.0,9750.0,16235.5,12983.5,9747.5,5000.0,4000.0,3000.0,-5.625,0.5,-9.375,0.0,900.0,900.0,0.0,1.6729999999999265,1.1729999999999816,6490.0,0
2.573,16245.0,12991.0,9753.0,16240.5,12987.5,9750.5,5000.0,4000.0,3000.0,-5.625,0.5,-9.375,0.0,900.0,900.0,0.0,1.6739999999999264,1.1739999999999815,6492.0,0
2.574,16250.0,12995.0,9756.0,16245.5,12991.5,9753.5,5000.0,4000.0,3000.0,-5.625,0.5,-9.375,0.0,900.0,900.0,0.0,1.6749999999999263,1.1749999999999814,6494.0,0
2.575,16255.0,12999.0,9759.0,16250.5,12995.5,9756.5,5000.0,4000.0,3000.0,-5.625,0.5,-9.375,0.0,900.0,900.0,0.0,1.6759999999999262,1.1759999999999813,6496.0,0
2.576,16260.0,13003.0,9762.0,16255.5,12999.5,9759.5,5000.0,4000.0,3000.0,-5.625,0.5,-9.375,0.0,900.0,900.0,0.0,1.676999999999926,1.1769999999999812,6498.0,0
2.577,16265.0,13007.0,9765.0,16260.5,13003.5,9762.5,5000.0,4000.0,3000.0,-5.625,0.5,-9.375,0.0,900.0,900.0,0.0,1.677999999999926,1.177999999999981,6500.0,0
2.578,16270.0,13011.0,9768.0,16265.5,13007.5,9765.5,5000.0,4000.0,3000.0,-5.625,0.5,-9.375,0.0,900.0,900.0,0.0,1.6789999999999259,1.178999999999981,6502.0,0
2.579,16275.0,13015.0,9771.0,16270.5,13011.5,9768.5,5000.0,4000.0,3000.0,-5.625,0.5,-9.375,0.0,900.0,900.0,0.0,1.6799999999999258,1.1799999999999808,6504.0,0
2.58,16280.0,13019.0,9774.0,16275.5,13015.5,9771.5,5000.0,4000.0,3000.0,-5.625,0.5,-9.375,0.0,900.0,900.0,0.0,1.6809999999999257,1.1809999999999807,6506.0,0
2.581,16285.0,13024.0,9777.0,16280.5,13019.5,9774.5,5000.0,5000.0,3000.0,-5.625,0.5,-9.375,0.0,900.0,900.0,0.0,1.6819999999999256,1.1819999999999806,6508.0,0
2.582,16290.0,13028.0,9780.0,16285.5,13024.5,9777.5,5000.0,4000.0,3000.0,-4.375,0.5,-8.625,0.0,900.0,900.0,0.0,1.6829999999999254,1.1829999999999805,6510.0,0
2.583,16295.0,13032.0,9783.0,16290.5,13028.5,9780.5,5000.0,4000.0,3000.0,-4.375,0.5,-8.625,0.0,900.0,900.0,0.0,1.6839999999999253,1.1839999999999804,6512.0,0
2.584,16300.0,13036.0,9786.0,16295.5,13032.5,9783.5,5000.0,4000.0,3000.0,-4.375,0.5,-8.625,0.0,900.0,900.0,0.0,1.6849999999999252,1.1849999999999803,6514.0,0
2.585,16305.0,13040.0,9789.0,16300.5,13036.5,9786.5,5000.0,4000.0,3000.0,-4.375,0.5,-8.625,0.0,900.0,900.0,0.0,1.6859999999999251,1.1859999999999802,6516.0,0
2.586,16310.0,13044.0,9792.0,16305.5,13040.5,9789.5,5000.0,4000.0,3000.0,-4.375,0.5,-8.625,0.0,900.0,900.0,0.0,1.686999999999925,1.18699999999998,6518.0,0
2.587,16315.0,13048.0,9795.0,16310.5,13044.5,9792.5,5000.0,4000.0,3000.0,-4.375,0.5,-8.625,0.0,900.0,900.0,0.0,1.687999999999925,1.18799999999998,6520.0,0
2.588,16320.0,13052.0,9798.0,16315.5,13048.5,9795.5,5000.0,4000.0,3000.0,-4.375,0.5,-8.625,0.0,900.0,900.0,0.0,1.6889999999999248,1.1889999999999799,6522.0,0
2.589,16325.0,13056.0,9801.0,16320.5,13052.5,9798.5,5000.0,4000.0,3000.0,-4.375,0.5,-8.625,0.0,900.0,900.0,0.0,1.6899999999999247,1.1899999999999797,6524.0,0
2.59,16330.0,13060.0,9804.0,16325.5,13056.5,9801.5,5000.0,4000.0,3000.0,-4.375,0.5,-8.625,0.0,900.0,900.0,0.0,1.6909999999999246,1.1909999999999796,6526.0,0
2.591,16335.0,13064.0,9807.0,16330.5,13060.5,9804.5,5000.0,4000.0,3000.0,-4.375,0.5,-8.625,0.0,900.0,900.0,0.0,1.6919999999999245,1.1919999999999795,6528.0,0
2.592,16340.0,13068.0,9810.0,16335.5,13064.5,9807.5,5000.0,4000.0,3000.0,-4.375,0.5,-8.625,0.0,900.0,900.0,0.0,1.6929999999999243,1.1929999999999794,6530.0,0
2.593,16345.0,13072.0,9813.0,16340.5,13068.5,9810.5,5000.0,4000.0,3000.0,-4.375,0.5,-8.625,0.0,900.0,900.0,0.0,1.6939999999999242,1.1939999999999793,6532.0,0
2.594,16350.0,13076.0,9816.0,16345.5,13072.5,9813.5,5000.0,4000.0,3000.0,-4.375,0.5,-8.625,0.0,900.0,900.0,0.0,1.6949999999999241,1.1949999999999792,6534.0,0
2.595,16355.0,13080.0,9819.0,16350.5,13076.5,9816.5,5000.0,4000.0,3000.0,-4.375,0.5,-8.625,0.0,900.0,900.0,0.0,1.695999999999924,1.195999999999979,6536.0,0
2.596,16360.0,13084.0,9822.0,16355.5,13080.5,9819.5,5000.0,4000.0,3000.0,-4.375,0.5,-8.625,0.0,900.0,900.0,0.0,1.696999999999924,1.196999999999979,6538.0,0
2.597,16365.0,13088.0,9825.0,16360.5,13084.5,9822.5,5000.0,4000.0,3000.0,-4.375,0.5,-8.625,0.0,900.0,900.0,0.0,1.6979999999999238,1.1979999999999789,6540.0,0
2.598,16370.0,13092.0,9828.0,16365.5,13088.5,9825.5,5000.0,4000.0,3000.0,-4.375,0.5,-8.625,0.0,900.0,900.0,0.0,1.6989999999999237,1.1989999999999787,6542.0,0
2.599,16375.0,13096.0,9831.0,16370.5,13092.5,9828.5,5000.0,4000.0,3000.0,-4.375,0.5,-8.625,0.0,900.0,900.0,0.0,1.6999999999999236,1.1999999999999786,6544.0,0
2.6,16380.0,13101.0,9834.0,16375.5,13096.5,9831.5,5000.0,5000.0,3000.0,-4.375,0.5,-8.625,0.0,0.0,900.0,0.0,0.0,1.2009999999999785,6546.0,0
2.601,16385.0,13106.0,9837.0,16380.5,13101.5,9834.5,5000.0,5000.0,3000.0,-3.125,0.5,-7.875,0.0,0.0,900.0,0.0,0.0,1.2019999999999784,6548.0,0
2.602,16390.0,13110.0,9840.0,16385.5,13106.5,9837.5,5000.0,4000.0,3000.0,-1.875,0.5,-7.125,0.0,0.0,900.0,0.0,0.0,1.2029999999999783,6550.0,0
2.603,16395.0,13115.0,9843.0,16390.5,13110.5,9840.5,5000.0,5000.0,3000.0,-1.875,0.5,-7.125,0.0,0.0,900.0,0.0,0.0,1.2039999999999782,6552.0,0
2.604,16400.0,13120.0,9846.0,16395.5,13115.5,9843.5,5000.0,5000.0,3000.0,-0.625,0.5,-6.375,0.0,0.0,900.0,0.0,0.0,1.204999999999978,6554.0,0
2.605,16405.0,13125.0,9849.0,16400.5,13120.5,9846.5,5000.0,5000.0,3000.0,0.5,0.3999999999996362,-5.700000000000728,0.0,0.0,900.0,0.0,0.0,1.205999999999978,6556.0,0
2.606,16410.0,13130.0,9852.0,16405.5,13125.5,9849.5,5000.0,5000.0,3000.0,0.5,-0.6000000000003638,-5.700000000000728,0.0,0.0,900.0,0.0,0.0,1.2069999999999779,6558.0,0
2.607,16415.0,13135.0,9855.0,16410.5,13130.5,9852.5,5000.0,5000.0,3000.0,0.5,-1.6000000000003638,-5.700000000000728,0.0,0.0,900.0,0.0,0.0,1.2079999999999778,6560.0,0
2.608,16420.0,13140.0,9858.0,16415.5,13135.5,9855.5,5000.0,5000.0,3000.0,0.5,-2.600000000000364,-5.700000000000728,0.0,0.0,900.0,0.0,0.0,1.2089999999999776,6562.0,0
2.609,16425.0,13145.0,9861.0,16420.5,13140.5,9858.5,5000.0,5000.0,3000.0,0.5,-3.600000000000364,-5.700000000000728,0.0,0.0,900.0,0.0,0.0,1.2099999999999775,6564.0,0
2.61,16430.0,13150.0,9864.0,16425.5,13145.5,9861.5,5000.0,5000.0,3000.0,0.5,-4.600000000000364,-5.700000000000728,0.0,0.0,900.0,0.0,0.0,1.2109999999999774,6566.0,0
2.611,16435.0,13155.0,9867.0,16430.5,13150.5,9864.5,5000.0,5000.0,3000.0,0.5,-5.600000000000364,-5.700000000000728,0.0,0.0,900.0,0.0,0.0,1.2119999999999773,6568.0,0
2.612,16440.0,13160.0,9870.0,16435.5,13155.5,9867.5,5000.0,5000.0,3000.0,0.5,-6.600000000000364,-5.700000000000728,0.0,0.0,900.0,0.0,0.0,1.2129999999999772,6570.0,0
2.613,16445.0,13164.0,9873.0,16440.5,13160.5,9870.5,5000.0,4000.0,3000.0,0.5,-7.600000000000364,-5.700000000000728,0.0,0.0,900.0,0.0,0.0,1.213999999999977,6572.0,0
2.614,16450.0,13169.0,9876.0,16445.5,13164.5,9873.5,5000.0,5000.0,3000.0,0.5,-7.600000000000364,-5.700000000000728,0.0,0.0,900.0,0.0,0.0,1.214999999999977,6574.0,0
2.615,16455.0,13174.0,9879.0,16450.5,13169.5,9876.5,5000.0,5000.0,3000.0,0.5,-8.600000000000364,-5.700000000000728,0.0,0.0,900.0,0.0,0.0,1.2159999999999769,6576.0,0
2.616,16460.0,13179.0,9882.0,16455.5,13174.5,9879.5,5000.0,5000.0,3000.0,0.5,-9.600000000000364,-5.700000000000728,0.0,0.0,900.0,0.0,0.0,1.2169999999999768,6578.0,0
2.617,16465.0,13184.0,9885.0,16460.5,13179.5,9882.5,5000.0,5000.0,3000.0,0.5,-10.600000000000364,-5.700000000000728,0.0,0.0,900.0,0.0,0.0,1.2179999999999767,6580.0,0
2.618,16470.0,13188.0,9888.0,16465.5,13184.5,9885.5,5000.0,4000.0,3000.0,0.5,-11.600000000000364,-5.700000000000728,0.0,0.0,900.0,0.0,0.0,1.2189999999999765,6582.0,0
2.619,16475.0,13193.0,9891.0,16470.5,13188.5,9888.5,5000.0,5000.0,3000.0,0.5,-11.600000000000364,-5.700000000000728,0.0,0.0,900.0,0.0,0.0,1.2199999999999764,6584.0,0
2.62,16480.0,13197.0,9894.0,16475.5,13193.5,9891.5,5000.0,4000.0,3000.0,0.5,-12.600000000000364,-5.700000000000728,0.0,0.0,900.0,0.0,0.0,1.2209999999999763,6586.0,0
2.621,16485.0,13201.0,9897.0,16480.5,13197.5,9894.5,5000.0,4000.0,3000.0,0.5,-12.600000000000364,-5.700000000000728,0.0,0.0,900.0,0.0,0.0,1.2219999999999762,6588.0,0
2.622,16490.0,13205.0,9900.0,16485.5,13201.5,9897.5,5000.0,4000.0,3000.0,0.5,-12.600000000000364,-5.700000000000728,0.0,0.0,900.0,0.0,0.0,1.222999999999976,6590.0,0
2.623,16495.0,13208.0,9903.0,16490.5,13205.5,9900.5,5000.0,3000.0,3000.0,0.5,-12.600000000000364,-5.700000000000728,0.0,0.0,900.0,0.0,0.0,1.223999999999976,6592.0,0
2.624,16500.0,13212.0,9906.0,16495.5,13208.5,9903.5,5000.0,4000.0,3000.0,0.5,-11.600000000000364,-5.700000000000728,0.0,0.0,900.0,0.0,0.0,1.2249999999999759,6594.0,0
2.625,16505.0,13216.0,9909.0,16500.5,13212.5,9906.5,5000.0,4000.0,3000.0,0.5,-11.600000000000364,-5.700000000000728,0.0,0.0,900.0,0.0,0.0,1.2259999999999758,6596.0,0
2.626,16510.0,13220.0,9912.0,16505.5,13216.5,9909.5,5000.0,4000.0,3000.0,0.5,-11.600000000000364,-5.700000000000728,0.0,0.0,900.0,0.0,0.0,1.2269999999999757,6598.0,0
2.6270000000000002,16515.0,13224.0,9915.0,16510.5,13220.5,9912.5,5000.0,4000.0,3000.0,0.5,-11.600000000000364,-5.700000000000728,0.0,0.0,900.0,0.0,0.0,1.2279999999999756,6600.0,0
2.628,16520.0,13227.0,9918.0,16515.5,13224.5,9915.5,5000.0,3000.0,3000.0,0.5,-11.600000000000364,-5.700000000000728,0.0,0.0,900.0,0.0,0.0,1.2289999999999754,6602.0,0
2.629,16525.0,13231.0,9921.0,16520.5,13227.5,9918.5,5000.0,4000.0,3000.0,0.5,-10.600000000000364,-5.700000000000728,0.0,0.0,900.0,0.0,0.0,1.2299999999999753,6604.0,0
2.63,16530.0,13235.0,9924.0,16525.5,13231.5,9921.5,5000.0,4000.0,3000.0,0.5,-10.600000000000364,-5.700000000000728,0.0,0.0,900.0,0.0,0.0,1.2309999999999752,6606.0,0
2.6310000000000002,16535.0,13239.0,9927.0,16530.5,13235.5,9924.5,5000.0,4000.0,3000.0,0.5,-10.600000000000364,-5.700000000000728,0.0,0.0,900.0,0.0,0.0,1.2319999999999751,6608.0,0
2.632,16540.0,13243.0,9930.0,16535.5,13239.5,9927.5,5000.0,4000.0,3000.0,0.5,-10.600000000000364,-5.700000000000728,0.0,0.0,900.0,0.0,0.0,1.232999999999975,6610.0,0
2.633,16545.0,13246.0,9933.0,16540.5,13243.5,9930.5,5000.0,3000.0,3000.0,0.5,-10.600000000000364,-5.700000000000728,0.0,0.0,900.0,0.0,0.0,1.233999999999975,6612.0,0
2.634,16550.0,13250.0,9936.0,16545.5,13246.5,9933.5,5000.0,4000.0,3000.0,0.5,-9.600000000000364,-5.700000000000728,0.0,0.0,900.0,0.0,0.0,1.2349999999999748,6614.0,0
2.6350000000000002,16555.0,13254.0,9939.0,16550.5,13250.5,9936.5,5000.0,4000.0,3000.0,0.5,-9.600000000000364,-5.700000000000728,0.0,0.0,900.0,0.0,0.0,1.2359999999999747,6616.0,0
2.636,16560.0,13259.0,9942.0,16555.5,13254.5,9939.5,5000.0,5000.0,3000.0,0.5,-9.600000000000364,-5.700000000000728,0.0,0.0,900.0,0.0,0.0,1.2369999999999746,6618.0,0
2.637,16565.0,13263.0,9945.0,16560.5,13259.5,9942.5,5000.0,4000.0,3000.0,0.5,-10.600000000000364,-5.700000000000728,0.0,0.0,900.0,0.0,0.0,1.2379999999999745,6620.0,0
2.638,16570.0,13267.0,9948.0,16565.5,13263.5,9945.5,5000.0,4000.0,3000.0,0.5,-10.600000000000364,-5.700000000000728,0.0,0.0,900.0,0.0,0.0,1.2389999999999743,6622.0,0
2.6390000000000002,16575.0,13271.0,9951.0,16570.5,13267.5,9948.5,5000.0,4000.0,3000.0,0.5,-10.600000000000364,-5.700000000000728,0.0,0.0,900.0,0.0,0.0,1.2399999999999742,6624.0,0
2.64,16580.0,13274.0,9954.0,16575.5,13271.5,9951.5,5000.0,3000.0,3000.0,0.5,-10.600000000000364,-5.700000000000728,0.0,0.0,900.0,0.0,0.0,1.2409999999999741,6626.0,0
2.641,16585.0,13278.0,9957.0,16580.5,13274.5,9954.5,5000.0,4000.0,3000.0,0.5,-9.600000000000364,-5.700000000000728,0.0,0.0,900.0,0.0,0.0,1.241999999999974,6628.0,0
2.642,16590.0,13282.0,9960.0,16585.5,13278.5,9957.5,5000.0,4000.0,3000.0,0.5,-9.600000000000364,-5.700000000000728,0.0,0.0,900.0,0.0,0.0,1.242999999999974,6630.0,0
2.6430000000000002,16595.0,13287.0,9963.0,16590.5,13282.5,9960.5,5000.0,5000.0,3000.0,0.5,-9.600000000000364,-5.700000000000728,0.0,0.0,900.0,0.0,0.0,1.2439999999999738,6632.0,0
2.644,16600.0,13291.0,9966.0,16595.5,13287.5,9963.5,5000.0,4000.0,3000.0,0.5,-10.600000000000364,-5.700000000000728,0.0,0.0,900.0,0.0,0.0,1.2449999999999737,6634.0,0
2.645,16605.0,13295.0,9969.0,16600.5,13291.5,9966.5,5000.0,4000.0,3000.0,0.5,-10.600000000000364,-5.700000000000728,0.0,0.0,900.0,0.0,0.0,1.2459999999999736,6636.0,0
2.646,16610.0,13298.0,9972.0,16605.5,13295.5,9969.5,5000.0,3000.0,3000.0,0.5,-10.600000000000364,-5.700000000000728,0.0,0.0,900.0,0.0,0.0,1.2469999999999735,6638.0,0
2.6470000000000002,16615.0,13302.0,9975.0,16610.5,13298.5,9972.5,5000.0,4000.0,3000.0,0.5,-9.600000000000364,-5.700000000000728,0.0,0.0,900.0,0.0,0.0,1.2479999999999734,6640.0,0
2.648,16620.0,13306.0,9978.0,16615.5,13302.5,9975.5,5000.0,4000.0,3000.0,0.5,-9.600000000000364,-5.700000000000728,0.0,0.0,900.0,0.0,0.0,1.2489999999999732,6642.0,0
2.649,16625.0,13310.0,9981.0,16620.5,13306.5,9978.5,5000.0,4000.0,3000.0,0.5,-9.600000000000364,-5.700000000000728,0.0,0.0,900.0,0.0,0.0,1.2499999999999731,6644.0,0
2.65,16630.0,13315.0,9984.0,16625.5,13310.5,9981.5,5000.0,5000.0,3000.0,0.5,-9.600000000000364,-5.700000000000728,0.0,0.0,900.0,0.0,0.0,1.250999999999973,6646.0,0
2.6510000000000002,16635.0,13319.0,9987.0,16630.5,13315.5,9984.5,5000.0,4000.0,3000.0,0.5,-10.600000000000364,-5.700000000000728,0.0,0.0,900.0,0.0,0.0,1.251999999999973,6648.0,0
2.652,16640.0,13323.0,9990.0,16635.5,13319.5,9987.5,5000.0,4000.0,3000.0,0.5,-10.600000000000364,-5.700000000000728,0.0,0.0,900.0,0.0,0.0,1.2529999999999728,6650.0,0
2.653,16645.0,13327.0,9993.0,16640.5,13323.5,9990.5,5000.0,4000.0,3000.0,0.5,-10.600000000000364,-5.700000000000728,0.0,0.0,900.0,0.0,0.0,1.2539999999999727,6652.0,0
2.654,16650.0,13331.0,9996.0,16645.5,13327.5,9993.5,5000.0,4000.0,3000.0,0.5,-10.600000000000364,-5.700000000000728,0.0,0.0,900.0,0.0,0.0,1.2549999999999726,6654.0,0
2.6550000000000002,16655.0,13334.0,9999.0,16650.5,13331.5,9996.5,5000.0,3000.0,3000.0,0.5,-10.600000000000364,-5.700000000000728,0.0,0.0,900.0,0.0,0.0,1.2559999999999725,6656.0,0
2.656,16660.0,13338.0,10002.0,16655.5,13334.5,9999.5,5000.0,4000.0,3000.0,0.5,-9.600000000000364,-5.700000000000728,0.0,0.0,900.0,0.0,0.0,1.2569999999999724,6658.0,0
2.657,16665.0,13342.0,10005.0,16660.5,13338.5,10002.5,5000.0,4000.0,3000.0,0.5,-9.600000000000364,-5.700000000000728,0.0,0.0,900.0,0.0,0.0,1.2579999999999723,6660.0,0
2.658,16670.0,13346.0,10008.0,16665.5,13342.5,10005.5,5000.0,4000.0,3000.0,0.5,-9.600000000000364,-5.700000000000728,0.0,0.0,900.0,0.0,0.0,1.2589999999999721,6662.0,0
2.6590000000000003,16675.0,13351.0,10011.0,16670.5,13346.5,10008.5,5000.0,5000.0,3000.0,0.5,-9.600000000000364,-5.700000000000728,0.0,0.0,900.0,0.0,0.0,1.259999999999972,6664.0,0
2.66,16680.0,13355.0,10014.0,16675.5,13351.5,10011.5,5000.0,4000.0,3000.0,0.5,-10.600000000000364,-5.700000000000728,0.0,0.0,900.0,0.0,0.0,1.260999999999972,6666.0,0
2.661,16685.0,13359.0,10017.0,16680.5,13355.5,10014.5,5000.0,4000.0,3000.0,0.5,-10.600000000000364,-5.700000000000728,0.0,0.0,900.0,0.0,0.0,1.2619999999999718,6668.0,0
2.662,16690.0,13363.0,10020.0,16685.5,13359.5,10017.5,5000.0,4000.0,3000.0,0.5,-10.600000000000364,-5.700000000000728,0.0,0.0,900.0,0.0,0.0,1.2629999999999717,6670.0,0
2.6630000000000003,16695.0,13366.0,10023.0,16690.5,13363.5,10020.5,5000.0,3000.0,3000.0,0.5,-10.600000000000364,-5.700000000000728,0.0,0.0,900.0,0.0,0.0,1.2639999999999716,6672.0,0
2.664,16700.0,13370.0,10026.0,16695.5,13366.5,10023.5,5000.0,4000.0,3000.0,0.5,-9.600000000000364,-5.700000000000728,0.0,0.0,900.0,0.0,0.0,1.2649999999999715,6674.0,0
2.665,16705.0,13374.0,10029.0,16700.5,13370.5,10026.5,5000.0,4000.0,3000.0,0.5,-9.600000000000364,-5.700000000000728,0.0,0.0,900.0,0.0,0.0,1.2659999999999714,6676.0,0
2.666,16710.0,13378.0,10032.0,16705.5,13374.5,10029.5,5000.0,4000.0,3000.0,0.5,-9.600000000000364,-5.700000000000728,0.0,0.0,900.0,0.0,0.0,1.2669999999999713,6678.0,0
2.6670000000000003,16715.0,13382.0,10035.0,16710.5,13378.5,10032.5,5000.0,4000.0,3000.0,0.5,-9.600000000000364,-5.700000000000728,0.0,0.0,900.0,0.0,0.0,1.2679999999999712,6680.0,0
2.668,16720.0,13387.0,10038.0,16715.5,13382.5,10035.5,5000.0,5000.0,3000.0,0.5,-9.600000000000364,-5.700000000000728,0.0,0.0,900.0,0.0,0.0,1.268999999999971,6682.0,0
2.669,16725.0,13391.0,10041.0,16720.5,13387.5,10038.5,5000.0,4000.0,3000.0,0.5,-10.600000000000364,-5.700000000000728,0.0,0.0,900.0,0.0,0.0,1.269999999999971,6684.0,0
2.67,16730.0,13395.0,10044.0,16725.5,13391.5,10041.5,5000.0,4000.0,3000.0,0.5,-10.600000000000364,-5.700000000000728,0.0,0.0,900.0,0.0,0.0,1.2709999999999708,6686.0,0
2.6710000000000003,16735.0,13399.0,10047.0,16730.5,13395.5,10044.5,5000.0,4000.0,3000.0,0.5,-10.600000000000364,-5.700000000000728,0.0,0.0,900.0,0.0,0.0,1.2719999999999707,6688.0,0
2.672,16740.0,13402.0,10050.0,16735.5,13399.5,10047.5,5000.0,3000.0,3000.0,0.5,-10.600000000000364,-5.700000000000728,0.0,0.0,900.0,0.0,0.0,1.2729999999999706,6690.0,0
2.673,16745.0,13406.0,10053.0,16740.5,13402.5,10050.5,5000.0,4000.0,3000.0,0.5,-9.600000000000364,-5.700000000000728,0.0,0.0,900.0,0.0,0.0,1.2739999999999705,6692.0,0
2.674,16750.0,13410.0,10056.0,16745.5,13406.5,10053.5,5000.0,4000.0,3000.0,0.5,-9.600000000000364,-5.700000000000728,0.0,0.0,900.0,0.0,0.0,1.2749999999999704,6694.0,0
2.6750000000000003,16755.0,13414.0,10059.0,16750.5,13410.5,10056.5,5000.0,4000.0,3000.0,0.5,-9.600000000000364,-5.700000000000728,0.0,0.0,900.0,0.0,0.0,1.2759999999999703,6696.0,0
2.676,16760.0,13419.0,10062.0,16755.5,13414.5,10059.5,5000.0,5000.0,3000.0,0.5,-9.600000000000364,-5.700000000000728,0.0,0.0,900.0,0.0,0.0,1.2769999999999702,6698.0,0
2.677,16765.0,13423.0,10065.0,16760.5,13419.5,10062.5,5000.0,4000.0,3000.0,0.5,-10.600000000000364,-5.700000000000728,0.0,0.0,900.0,0.0,0.0,1.27799999999997,6700.0,0
2.678,16770.0,13427.0,10068.0,16765.5,13423.5,10065.5,5000.0,4000.0,3000.0,0.5,-10.600000000000364,-5.700000000000728,0.0,0.0,900.0,0.0,0.0,1.27899999999997,6702.0,0
2.6790000000000003,16775.0,13431.0,10071.0,16770.5,13427.5,10068.5,5000.0,4000.0,3000.0,0.5,-10.600000000000364,-5.700000000000728,0.0,0.0,900.0,0.0,0.0,1.2799999999999698,6704.0,0
2.68,16780.0,13434.0,10074.0,16775.5,13431.5,10071.5,5000.0,3000.0,3000.0,0.5,-10.600000000000364,-5.700000000000728,0.0,0.0,900.0,0.0,0.0,1.2809999999999697,6706.0,0
2.681,16785.0,13438.0,10077.0,16780.5,13434.5,10074.5,5000.0,4000.0,3000.0,0.5,-9.600000000000364,-5.700000000000728,0.0,0.0,900.0,0.0,0.0,1.2819999999999696,6708.0,0
2.682,16790.0,13442.0,10080.0,16785.5,13438.5,10077.5,5000.0,4000.0,3000.0,0.5,-9.600000000000364,-5.700000000000728,0.0,0.0,900.0,0.0,0.0,1.2829999999999695,6710.0,0
2.6830000000000003,16795.0,13446.0,10083.0,16790.5,13442.5,10080.5,5000.0,4000.0,3000.0,0.5,-9.600000000000364,-5.700000000000728,0.0,0.0,900.0,0.0,0.0,1.2839999999999694,6712.0,0
2.684,16800.0,13450.0,10086.0,16795.5,13446.5,10083.5,5000.0,4000.0,3000.0,0.5,-9.600000000000364,-5.700000000000728,0.0,0.0,900.0,0.0,0.0,1.2849999999999693,6714.0,0
2.685,16805.0,13454.0,10089.0,16800.5,13450.5,10086.5,5000.0,4000.0,3000.0,0.5,-9.600000000000364,-5.700000000000728,0.0,0.0,900.0,0.0,0.0,1.2859999999999692,6716.0,0
2.686,16810.0,13459.0,10092.0,16805.5,13454.5,10089.5,5000.0,5000.0,3000.0,0.5,-9.600000000000364,-5.700000000000728,0.0,0.0,900.0,0.0,0.0,1.286999999999969,6718.0,0
2.6870000000000003,16815.0,13463.0,10095.0,16810.5,13459.5,10092.5,5000.0,4000.0,3000.0,0.5,-10.600000000000364,-5.700000000000728,0.0,0.0,900.0,0.0,0.0,1.287999999999969,6720.0,0
2.688,16820.0,13467.0,10098.0,16815.5,13463.5,10095.5,5000.0,4000.0,3000.0,0.5,-10.600000000000364,-5.700000000000728,0.0,0.0,900.0,0.0,0.0,1.2889999999999688,6722.0,0
2.689,16825.0,13470.0,10101.0,16820.5,13467.5,10098.5,5000.0,3000.0,3000.0,0.5,-10.600000000000364,-5.700000000000728,0.0,0.0,900.0,0.0,0.0,1.2899999999999687,6724.0,0
2.69,16830.0,13474.0,10104.0,16825.5,13470.5,10101.5,5000.0,4000.0,3000.0,0.5,-9.600000000000364,-5.700000000000728,0.0,0.0,900.0,0.0,0.0,1.2909999999999686,6726.0,0
2.691,16836.0,13478.0,10107.0,16830.5,13474.5,10104.5,6000.0,4000.0,3000.0,0.5,-9.600000000000364,-5.700000000000728,0.0,0.0,900.0,0.0,0.0,1.2919999999999685,6729.0,0
2.692,16841.0,13483.0,10110.0,16836.5,13478.5,10107.5,5000.0,5000.0,3000.0,0.5,-8.799999999999272,-5.100000000000364,0.0,0.0,900.0,0.0,0.0,1.2929999999999684,6731.0,0
2.693,16846.0,13487.0,10113.0,16841.5,13483.5,10110.5,5000.0,4000.0,3000.0,0.5,-9.799999999999272,-5.100000000000364,0.0,0.0,900.0,0.0,0.0,1.2939999999999683,6733.0,0
2.694,16851.0,13491.0,10116.0,16846.5,13487.5,10113.5,5000.0,4000.0,3000.0,0.5,-9.799999999999272,-5.100000000000364,0.0,0.0,900.0,0.0,0.0,1.2949999999999682,6735.0,0
2.695,16856.0,13495.0,10119.0,16851.5,13491.5,10116.5,5000.0,4000.0,3000.0,0.5,-9.799999999999272,-5.100000000000364,0.0,0.0,900.0,0.0,0.0,1.295999999999968,6737.0,0
2.696,16861.0,13499.0,10122.0,16856.5,13495.5,10119.5,5000.0,4000.0,3000.0,0.5,-9.799999999999272,-5.100000000000364,0.0,0.0,900.0,0.0,0.0,1.296999999999968,6739.0,0
2.697,16866.0,13504.0,10125.0,16861.5,13499.5,10122.5,5000.0,5000.0,3000.0,0.5,-9.799999999999272,-5.100000000000364,0.0,0.0,900.0,0.0,0.0,1.2979999999999678,6741.0,0
2.698,16871.0,13508.0,10128.0,16866.5,13504.5,10125.5,5000.0,4000.0,3000.0,0.5,-10.799999999999272,-5.100000000000364,0.0,0.0,900.0,0.0,0.0,1.2989999999999677,6743.0,0
2.699,16876.0,13512.0,10131.0,16871.5,13508.5,10128.5,5000.0,4000.0,3000.0,0.5,-10.799999999999272,-5.100000000000364,0.0,0.0,900.0,0.0,0.0,1.2999999999999676,6745.0,0
2.7,16881.0,13515.0,10134.0,16876.5,13512.5,10131.5,5000.0,3000.0,3000.0,0.5,-10.799999999999272,-5.100000000000364,0.0,0.0,900.0,0.0,0.0,1.3009999999999675,6747.0,0
2.701,16886.0,13519.0,10137.0,16881.5,13515.5,10134.5,5000.0,4000.0,3000.0,0.5,-9.799999999999272,-5.100000000000364,0.0,0.0,900.0,0.0,0.0,1.3019999999999674,6749.0,0
2.702,16891.0,13523.0,10140.0,16886.5,13519.5,10137.5,5000.0,4000.0,3000.0,0.5,-9.799999999999272,-5.100000000000364,0.0,0.0,900.0,0.0,0.0,1.3029999999999673,6751.0,0
2.703,16896.0,13527.0,10143.0,16891.5,13523.5,10140.5,5000.0,4000.0,3000.0,0.5,-9.799999999999272,-5.100000000000364,0.0,0.0,900.0,0.0,0.0,1.3039999999999672,6753.0,0
2.704,16901.0,13531.0,10146.0,16896.5,13527.5,10143.5,5000.0,4000.0,3000.0,0.5,-9.799999999999272,-5.100000000000364,0.0,0.0,900.0,0.0,0.0,1.304999999999967,6755.0,0
2.705,16906.0,13536.0,10149.0,16901.5,13531.5,10146.5,5000.0,5000.0,3000.0,0.5,-9.799999999999272,-5.100000000000364,0.0,0.0,900.0,0.0,0.0,1.305999999999967,6757.0,0
2.706,16911.0,13540.0,10152.0,16906.5,13536.5,10149.5,5000.0,4000.0,3000.0,0.5,-10.799999999999272,-5.100000000000364,0.0,0.0,900.0,0.0,0.0,1.3069999999999669,6759.0,0
2.707,16916.0,13543.0,10155.0,16911.5,13540.5,10152.5,5000.0,3000.0,3000.0,0.5,-10.799999999999272,-5.100000000000364,0.0,0.0,900.0,0.0,0.0,1.3079999999999667,6761.0,0
2.708,16921.0,13547.0,10158.0,16916.5,13543.5,10155.5,5000.0,4000.0,3000.0,0.5,-9.799999999999272,-5.100000000000364,0.0,0.0,900.0,0.0,0.0,1.3089999999999666,6763.0,0
2.709,16926.0,13551.0,10161.0,16921.5,13547.5,10158.5,5000.0,4000.0,3000.0,0.5,-9.799999999999272,-5.100000000000364,0.0,0.0,900.0,0.0,0.0,1.3099999999999665,6765.0,0
2.71,16931.0,13556.0,10164.0,16926.5,13551.5,10161.5,5000.0,5000.0,3000.0,0.5,-9.799999999999272,-5.100000000000364,0.0,0.0,900.0,0.0,0.0,1.3109999999999664,6767.0,0
2.711,16936.0,13560.0,10167.0,16931.5,13556.5,10164.5,5000.0,4000.0,3000.0,0.5,-10.799999999999272,-5.100000000000364,0.0,0.0,900.0,0.0,0.0,1.3119999999999663,6769.0,0
2.712,16941.0,13563.0,10170.0,16936.5,13560.5,10167.5,5000.0,3000.0,3000.0,0.5,-10.799999999999272,-5.100000000000364,0.0,0.0,900.0,0.0,0.0,1.3129999999999662,6771.0,0
2.713,16946.0,13567.0,10173.0,16941.5,13563.5,10170.5,5000.0,4000.0,3000.0,0.5,-9.799999999999272,-5.100000000000364,0.0,0.0,900.0,0.0,0.0,1.313999999999966,6773.0,0
2.714,16951.0,13571.0,10176.0,16946.5,13567.5,10173.5,5000.0,4000.0,3000.0,0.5,-9.799999999999272,-5.100000000000364,0.0,0.0,900.0,0.0,0.0,1.314999999999966,6775.0,0
2.715,16956.0,13575.0,10179.0,16951.5,13571.5,10176.5,5000.0,4000.0,3000.0,0.5,-9.799999999999272,-5.100000000000364,0.0,0.0,900.0,0.0,0.0,1.3159999999999659,6777.0,0
2.716,16961.0,13580.0,10182.0,16956.5,13575.5,10179.5,5000.0,5000.0,3000.0,0.5,-9.799999999999272,-5.100000000000364,0.0,0.0,900.0,0.0,0.0,1.3169999999999658,6779.0,0
2.717,16966.0,13583.0,10185.0,16961.5,13580.5,10182.5,5000.0,3000.0,3000.0,0.5,-10.799999999999272,-5.100000000000364,0.0,0.0,900.0,0.0,0.0,1.3179999999999656,6781.0,0
2.718,16971.0,13588.0,10188.0,16966.5,13583.5,10185.5,5000.0,5000.0,3000.0,0.5,-9.799999999999272,-5.100000000000364,0.0,0.0,900.0,0.0,0.0,1.3189999999999655,6783.0,0
2.719,16976.0,13591.0,10191.0,16971.5,13588.5,10188.5,5000.0,3000.0,3000.0,0.5,-10.799999999999272,-5.100000000000364,0.0,0.0,900.0,0.0,0.0,1.3199999999999654,6785.0,0
2.72,16981.0,13596.0,10194.0,16976.5,13591.5,10191.5,5000.0,5000.0,3000.0,0.5,-9.799999999999272,-5.100000000000364,0.0,0.0,900.0,0.0,0.0,1.3209999999999653,6787.0,0
2.721,16986.0,13599.0,10197.0,16981.5,13596.5,10194.5,5000.0,3000.0,3000.0,0.5,-10.799999999999272,-5.100000000000364,0.0,0.0,900.0,0.0,0.0,1.3219999999999652,6789.0,0
2.722,16991.0,13603.0,10200.0,16986.5,13599.5,10197.5,5000.0,4000.0,3000.0,0.5,-9.799999999999272,-5.100000000000364,0.0,0.0,900.0,0.0,0.0,1.322999999999965,6791.0,0
2.723,16996.0,13608.0,10203.0,16991.5,13603.5,10200.5,5000.0,5000.0,3000.0,0.5,-9.799999999999272,-5.100000000000364,0.0,0.0,900.0,0.0,0.0,1.323999999999965,6793.0,0
2.724,17001.0,13611.0,10206.0,16996.5,13608.5,10203.5,5000.0,3000.0,3000.0,0.5,-10.799999999999272,-5.100000000000364,0.0,0.0,900.0,0.0,0.0,1.3249999999999649,6795.0,0
2.725,17006.0,13615.0,10209.0,17001.5,13611.5,10206.5,5000.0,4000.0,3000.0,0.5,-9.799999999999272,-5.100000000000364,0.0,0.0,900.0,0.0,0.0,1.3259999999999648,6797.0,0
2.726,17011.0,13620.0,10212.0,17006.5,13615.5,10209.5,5000.0,5000.0,3000.0,0.5,-9.799999999999272,-5.100000000000364,0.0,0.0,900.0,0.0,0.0,1.3269999999999647,6799.0,0
2.727,17016.0,13623.0,10215.0,17011.5,13620.5,10212.5,5000.0,3000.0,3000.0,0.5,-10.799999999999272,-5.100000000000364,0.0,0.0,900.0,0.0,0.0,1.3279999999999645,6801.0,0
2.728,17021.0,13627.0,10218.0,17016.5,13623.5,10215.5,5000.0,4000.0,3000.0,0.5,-9.799999999999272,-5.100000000000364,0.0,0.0,900.0,0.0,0.0,1.3289999999999644,6803.0,0
2.729,17026.0,13631.0,10221.0,17021.5,13627.5,10218.5,5000.0,4000.0,3000.0,0.5,-9.799999999999272,-5.100000000000364,0.0,0.0,900.0,0.0,0.0,1.3299999999999643,6805.0,0
2.73,17031.0,13635.0,10224.0,17026.5,13631.5,10221.5,5000.0,4000.0,3000.0,0.5,-9.799999999999272,-5.100000000000364,0.0,0.0,900.0,0.0,0.0,1.3309999999999642,6807.0,0
2.731,17036.0,13640.0,10227.0,17031.5,13635.5,10224.5,5000.0,5000.0,3000.0,0.5,-9.799999999999272,-5.100000000000364,0.0,0.0,900.0,0.0,0.0,1.331999999999964,6809.0,0
2.732,17041.0,13643.0,10230.0,17036.5,13640.5,10227.5,5000.0,3000.0,3000.0,0.5,-10.799999999999272,-5.100000000000364,0.0,0.0,900.0,0.0,0.0,1.332999999999964,6811.0,0
2.733,17046.0,13647.0,10233.0,17041.5,13643.5,10230.5,5000.0,4000.0,3000.0,0.5,-9.799999999999272,-5.100000000000364,0.0,0.0,900.0,0.0,0.0,1.3339999999999639,6813.0,0
2.734,17051.0,13651.0,10236.0,17046.5,13647.5,10233.5,5000.0,4000.0,3000.0,0.5,-9.799999999999272,-5.100000000000364,0.0,0.0,900.0,0.0,0.0,1.3349999999999638,6815.0,0
2.735,17056.0,13655.0,10239.0,17051.5,13651.5,10236.5,5000.0,4000.0,3000.0,0.5,-9.799999999999272,-5.100000000000364,0.0,0.0,900.0,0.0,0.0,1.3359999999999637,6817.0,0
2.736,17061.0,13659.0,10242.0,17056.5,13655.5,10239.5,5000.0,4000.0,3000.0,0.5,-9.799999999999272,-5.100000000000364,0.0,0.0,900.0,0.0,0.0,1.3369999999999636,6819.0,0
2.737,17066.0,13663.0,10245.0,17061.5,13659.5,10242.5,5000.0,4000.0,3000.0,0.5,-9.799999999999272,-5.100000000000364,0.0,0.0,900.0,0.0,0.0,1.3379999999999634,6821.0,0
2.738,17071.0,13667.0,10248.0,17066.5,13663.5,10245.5,5000.0,4000.0,3000.0,0.5,-9.799999999999272,-5.100000000000364,0.0,0.0,900.0,0.0,0.0,1.3389999999999633,6823.0,0
2.739,17076.0,13671.0,10251.0,17071.5,13667.5,10248.5,5000.0,4000.0,3000.0,0.5,-9.799999999999272,-5.100000000000364,0.0,0.0,900.0,0.0,0.0,1.3399999999999632,6825.0,0
2.74,17081.0,13676.0,10254.0,17076.5,13671.5,10251.5,5000.0,5000.0,3000.0,0.5,-9.799999999999272,-5.100000000000364,0.0,0.0,900.0,0.0,0.0,1.340999999999963,6827.0,0
2.741,17086.0,13679.0,10257.0,17081.5,13676.5,10254.5,5000.0,3000.0,3000.0,0.5,-10.799999999999272,-5.100000000000364,0.0,0.0,900.0,0.0,0.0,1.341999999999963,6829.0,0
2.742,17091.0,13683.0,10260.0,17086.5,13679.5,10257.5,5000.0,4000.0,3000.0,0.5,-9.799999999999272,-5.100000000000364,0.0,0.0,900.0,0.0,0.0,1.342999999999963,6831.0,0
2.743,17096.0,13687.0,10263.0,17091.5,13683.5,10260.5,5000.0,4000.0,3000.0,0.5,-9.799999999999272,-5.100000000000364,0.0,0.0,900.0,0.0,0.0,1.3439999999999628,6833.0,0
2.744,17101.0,13691.0,10266.0,17096.5,13687.5,10263.5,5000.0,4000.0,3000.0,0.5,-9.799999999999272,-5.100000000000364,0.0,0.0,900.0,0.0,0.0,1.3449999999999627,6835.0,0
2.745,17106.0,13695.0,10269.0,17101.5,13691.5,10266.5,5000.0,4000.0,3000.0,0.5,-9.799999999999272,-5.100000000000364,0.0,0.0,900.0,0.0,0.0,1.3459999999999626,6837.0,0
2.746,17111.0,13699.0,10272.0,17106.5,13695.5,10269.5,5000.0,4000.0,3000.0,0.5,-9.799999999999272,-5.100000000000364,0.0,0.0,900.0,0.0,0.0,1.3469999999999624,6839.0,0
2.747,17116.0,13703.0,10275.0,17111.5,13699.5,10272.5,5000.0,4000.0,3000.0,0.5,-9.799999999999272,-5.100000000000364,0.0,0.0,900.0,0.0,0.0,1.3479999999999623,6841.0,0
2.748,17121.0,13707.0,10278.0,17116.5,13703.5,10275.5,5000.0,4000.0,3000.0,0.5,-9.799999999999272,-5.100000000000364,0.0,0.0,900.0,0.0,0.0,1.3489999999999622,6843.0,0
2.749,17126.0,13711.0,10281.0,17121.5,13707.5,10278.5,5000.0,4000.0,3000.0,0.5,-9.799999999999272,-5.100000000000364,0.0,0.0,900.0,0.0,0.0,1.3499999999999621,6845.0,0
2.75,17131.0,13715.0,10284.0,17126.5,13711.5,10281.5,5000.0,4000.0,3000.0,0.5,-9.799999999999272,-5.100000000000364,0.0,0.0,900.0,0.0,0.0,1.350999999999962,6847.0,0
2.751,17136.0,13719.0,10287.0,17131.5,13715.5,10284.5,5000.0,4000.0,3000.0,0.5,-9.799999999999272,-5.100000000000364,0.0,0.0,900.0,0.0,0.0,1.351999999999962,6849.0,0
2.7520000000000002,17141.0,13723.0,10290.0,17136.5,13719.5,10287.5,5000.0,4000.0,3000.0,0.5,-9.799999999999272,-5.100000000000364,0.0,0.0,900.0,0.0,0.0,1.3529999999999618,6851.0,0
2.753,17146.0,13727.0,10293.0,17141.5,13723.5,10290.5,5000.0,4000.0,3000.0,0.5,-9.799999999999272,-5.100000000000364,0.0,0.0,900.0,0.0,0.0,1.3539999999999617,6853.0,0
2.754,17151.0,13731.0,10296.0,17146.5,13727.5,10293.5,5000.0,4000.0,3000.0,0.5,-9.799999999999272,-5.100000000000364,0.0,0.0,900.0,0.0,0.0,1.3549999999999616,6855.0,0
2.755,17156.0,13735.0,10299.0,17151.5,13731.5,10296.5,5000.0,4000.0,3000.0,0.5,-9.799999999999272,-5.100000000000364,0.0,0.0,900.0,0.0,0.0,1.3559999999999615,6857.0,0
2.7560000000000002,17161.0,13739.0,10302.0,17156.5,13735.5,10299.5,5000.0,4000.0,3000.0,0.5,-9.799999999999272,-5.100000000000364,0.0,0.0,900.0,0.0,0.0,1.3569999999999613,6859.0,0
2.757,17166.0,13743.0,10305.0,17161.5,13739.5,10302.5,5000.0,4000.0,3000.0,0.5,-9.799999999999272,-5.100000000000364,0.0,0.0,900.0,0.0,0.0,1.3579999999999612,6861.0,0
2.758,17171.0,13747.0,10308.0,17166.5,13743.5,10305.5,5000.0,4000.0,3000.0,0.5,-9.799999999999272,-5.100000000000364,0.0,0.0,900.0,0.0,0.0,1.3589999999999611,6863.0,0
2.759,17176.0,13751.0,10311.0,17171.5,13747.5,10308.5,5000.0,4000.0,3000.0,0.5,-9.799999999999272,-5.100000000000364,0.0,0.0,900.0,0.0,0.0,1.359999999999961,6865.0,0
2.7600000000000002,17181.0,13755.0,10314.0,17176.5,13751.5,10311.5,5000.0,4000.0,3000.0,0.5,-9.799999999999272,-5.100000000000364,0.0,0.0,900.0,0.0,0.0,1.360999999999961,6867.0,0
2.761,17186.0,13759.0,10317.0,17181.5,13755.5,10314.5,5000.0,4000.0,3000.0,0.5,-9.799999999999272,-5.100000000000364,0.0,0.0,900.0,0.0,0.0,1.3619999999999608,6869.0,0
2.762,17191.0,13763.0,10320.0,17186.5,13759.5,10317.5,5000.0,4000.0,3000.0,0.5,-9.799999999999272,-5.100000000000364,0.0,0.0,900.0,0.0,0.0,1.3629999999999607,6871.0,0
2.763,17196.0,13767.0,10323.0,17191.5,13763.5,10320.5,5000.0,4000.0,3000.0,0.5,-9.799999999999272,-5.100000000000364,0.0,0.0,900.0,0.0,0.0,1.3639999999999606,6873.0,0
2.7640000000000002,17201.0,13771.0,10326.0,17196.5,13767.5,10323.5,5000.0,4000.0,3000.0,0.5,-9.799999999999272,-5.100000000000364,0.0,0.0,900.0,0.0,0.0,1.3649999999999605,6875.0,0
2.765,17206.0,13775.0,10329.0,17201.5,13771.5,10326.5,5000.0,4000.0,3000.0,0.5,-9.799999999999272,-5.100000000000364,0.0,0.0,900.0,0.0,0.0,1.3659999999999604,6877.0,0
2.766,17211.0,13779.0,10332.0,17206.5,13775.5,10329.5,5000.0,4000.0,3000.0,0.5,-9.799999999999272,-5.100000000000364,0.0,0.0,900.0,0.0,0.0,1.3669999999999602,6879.0,0
2.767,17216.0,13783.0,10335.0,17211.5,13779.5,10332.5,5000.0,4000.0,3000.0,0.5,-9.799999999999272,-5.100000000000364,0.0,0.0,900.0,0.0,0.0,1.3679999999999601,6881.0,0
2.7680000000000002,17221.0,13787.0,10338.0,17216.5,13783.5,10335.5,5000.0,4000.0,3000.0,0.5,-9.799999999999272,-5.100000000000364,0.0,0.0,900.0,0.0,0.0,1.36899999999996,6883.0,0
2.769,17226.0,13791.0,10341.0,17221.5,13787.5,10338.5,5000.0,4000.0,3000.0,0.5,-9.799999999999272,-5.100000000000364,0.0,0.0,900.0,0.0,0.0,1.36999999999996,6885.0,0
2.77,17231.0,13795.0,10344.0,17226.5,13791.5,10341.5,5000.0,4000.0,3000.0,0.5,-9.799999999999272,-5.100000000000364,0.0,0.0,900.0,0.0,0.0,1.3709999999999598,6887.0,0
2.771,17236.0,13799.0,10347.0,17231.5,13795.5,10344.5,5000.0,4000.0,3000.0,0.5,-9.799999999999272,-5.100000000000364,0.0,0.0,900.0,0.0,0.0,1.3719999999999597,6889.0,0
2.7720000000000002,17241.0,13803.0,10350.0,17236.5,13799.5,10347.5,5000.0,4000.0,3000.0,0.5,-9.799999999999272,-5.100000000000364,0.0,0.0,900.0,0.0,0.0,1.3729999999999596,6891.0,0
2.773,17246.0,13807.0,10353.0,17241.5,13803.5,10350.5,5000.0,4000.0,3000.0,0.5,-9.799999999999272,-5.100000000000364,0.0,0.0,900.0,0.0,0.0,1.3739999999999595,6893.0,0
2.774,17251.0,13811.0,10356.0,17246.5,13807.5,10353.5,5000.0,4000.0,3000.0,0.5,-9.799999999999272,-5.100000000000364,0.0,0.0,900.0,0.0,0.0,1.3749999999999594,6895.0,0
2.775,17256.0,13815.0,10359.0,17251.5,13811.5,10356.5,5000.0,4000.0,3000.0,0.5,-9.799999999999272,-5.100000000000364,0.0,0.0,900.0,0.0,0.0,1.3759999999999593,6897.0,0
2.7760000000000002,17261.0,13819.0,10362.0,17256.5,13815.5,10359.5,5000.0,4000.0,3000.0,0.5,-9.799999999999272,-5.100000000000364,0.0,0.0,900.0,0.0,0.0,1.3769999999999591,6899.0,0
2.777,17266.0,13823.0,10365.0,17261.5,13819.5,10362.5,5000.0,4000.0,3000.0,0.5,-9.799999999999272,-5.100000000000364,0.0,0.0,900.0,0.0,0.0,1.377999999999959,6901.0,0
2.778,17271.0,13827.0,10368.0,17266.5,13823.5,10365.5,5000.0,4000.0,3000.0,0.5,-9.799999999999272,-5.100000000000364,0.0,0.0,900.0,0.0,0.0,1.378999999999959,6903.0,0
2.779,17276.0,13831.0,10371.0,17271.5,13827.5,10368.5,5000.0,4000.0,3000.0,0.5,-9.799999999999272,-5.100000000000364,0.0,0.0,900.0,0.0,0.0,1.3799999999999588,6905.0,0
2.7800000000000002,17281.0,13835.0,10374.0,17276.5,13831.5,10371.5,5000.0,4000.0,3000.0,0.5,-9.799999999999272,-5.100000000000364,0.0,0.0,900.0,0.0,0.0,1.3809999999999587,6907.0,0
2.781,17286.0,13839.0,10377.0,17281.5,13835.5,10374.5,5000.0,4000.0,3000.0,0.5,-9.799999999999272,-5.100000000000364,0.0,0.0,900.0,0.0,0.0,1.3819999999999586,6909.0,0
2.782,17291.0,13843.0,10380.0,17286.5,13839.5,10377.5,5000.0,4000.0,3000.0,0.5,-9.799999999999272,-5.100000000000364,0.0,0.0,900.0,0.0,0.0,1.3829999999999585,6911.0,0
2.783,17296.0,13848.0,10383.0,17291.5,13843.5,10380.5,5000.0,5000.0,3000.0,0.5,-9.799999999999272,-5.100000000000364,0.0,0.0,900.0,0.0,0.0,1.3839999999999584,6913.0,0
2.7840000000000003,17301.0,13851.0,10386.0,17296.5,13848.5,10383.5,5000.0,3000.0,3000.0,0.5,-10.799999999999272,-5.100000000000364,0.0,0.0,900.0,0.0,0.0,1.3849999999999583,6915.0,0
2.785,17306.0,13855.0,10389.0,17301.5,13851.5,10386.5,5000.0,4000.0,3000.0,0.5,-9.799999999999272,-5.100000000000364,0.0,0.0,900.0,0.0,0.0,1.3859999999999582,6917.0,0
2.786,17311.0,13859.0,10392.0,17306.5,13855.5,10389.5,5000.0,4000.0,3000.0,0.5,-9.799999999999272,-5.100000000000364,0.0,0.0,900.0,0.0,0.0,1.386999999999958,6919.0,0
2.787,17316.0,13863.0,10395.0,17311.5,13859.5,10392.5,5000.0,4000.0,3000.0,0.5,-9.799999999999272,-5.100000000000364,0.0,0.0,900.0,0.0,0.0,1.387999999999958,6921.0,0
2.7880000000000003,17321.0,13867.0,10398.0,17316.5,13863.5,10395.5,5000.0,4000.0,3000.0,0.5,-9.799999999999272,-5.100000000000364,0.0,0.0,900.0,0.0,0.0,1.3889999999999578,6923.0,0
2.789,17326.0,13871.0,10401.0,17321.5,13867.5,10398.5,5000.0,4000.0,3000.0,0.5,-9.799999999999272,-5.100000000000364,0.0,0.0,900.0,0.0,0.0,1.3899999999999577,6925.0,0
2.79,17331.0,13875.0,10404.0,17326.5,13871.5,10401.5,5000.0,4000.0,3000.0,0.5,-9.799999999999272,-5.100000000000364,0.0,0.0,900.0,0.0,0.0,1.3909999999999576,6927.0,0
2.791,17336.0,13879.0,10407.0,17331.5,13875.5,10404.5,5000.0,4000.0,3000.0,0.5,-9.799999999999272,-5.100000000000364,0.0,0.0,900.0,0.0,0.0,1.3919999999999575,6929.0,0
2.7920000000000003,17341.0,13883.0,10410.0,17336.5,13879.5,10407.5,5000.0,4000.0,3000.0,0.5,-9.799999999999272,-5.100000000000364,0.0,0.0,900.0,0.0,0.0,1.3929999999999574,6931.0,0
2.793,17346.0,13887.0,10414.0,17341.5,13883.5,10410.5,5000.0,4000.0,4000.0,0.5,-9.799999999999272,-5.100000000000364,0.0,0.0,900.0,0.0,0.0,1.3939999999999573,6932.0,0
2.794,17351.0,13891.0,10417.0,17346.5,13887.5,10414.5,5000.0,4000.0,3000.0,0.5,-9.799999999999272,-6.100000000000364,0.0,0.0,900.0,0.0,0.0,1.3949999999999572,6934.0,0
2.795,17356.0,13895.0,10420.0,17351.5,13891.5,10417.5,5000.0,4000.0,3000.0,0.5,-9.799999999999272,-6.100000000000364,0.0,0.0,900.0,0.0,0.0,1.395999999999957,6936.0,0
2.7960000000000003,17361.0,13899.0,10423.0,17356.5,13895.5,10420.5,5000.0,4000.0,3000.0,0.5,-9.799999999999272,-6.100000000000364,0.0,0.0,900.0,0.0,0.0,1.396999999999957,6938.0,0
2.797,17366.0,13903.0,10426.0,17361.5,13899.5,10423.5,5000.0,4000.0,3000.0,0.5,-9.799999999999272,-6.100000000000364,0.0,0.0,900.0,0.0,0.0,1.3979999999999568,6940.0,0
2.798,17371.0,13907.0,10429.0,17366.5,13903.5,10426.5,5000.0,4000.0,3000.0,0.5,-9.799999999999272,-6.100000000000364,0.0,0.0,900.0,0.0,0.0,1.3989999999999567,6942.0,0
2.799,17376.0,13911.0,10432.0,17371.5,13907.5,10429.5,5000.0,4000.0,3000.0,0.5,-9.799999999999272,-6.100000000000364,0.0,0.0,900.0,0.0,0.0,1.3999999999999566,6944.0,0
2.8000000000000003,17381.0,13915.0,10435.0,17376.5,13911.5,10432.5,5000.0,4000.0,3000.0,0.5,-9.799999999999272,-6.100000000000364,0.0,0.0,900.0,0.0,0.0,1.4009999999999565,6946.0,0
2.801,17386.0,13919.0,10438.0,17381.5,13915.5,10435.5,5000.0,4000.0,3000.0,0.5,-9.799999999999272,-6.100000000000364,0.0,0.0,900.0,0.0,0.0,1.4019999999999564,6948.0,0
2.802,17391.0,13923.0,10441.0,17386.5,13919.5,10438.5,5000.0,4000.0,3000.0,0.5,-9.799999999999272,-6.100000000000364,0.0,0.0,900.0,0.0,0.0,1.4029999999999563,6950.0,0
2.803,17396.0,13927.0,10444.0,17391.5,13923.5,10441.5,5000.0,4000.0,3000.0,0.5,-9.799999999999272,-6.100000000000364,0.0,0.0,900.0,0.0,0.0,1.4039999999999562,6952.0,0
2.8040000000000003,17401.0,13931.0,10447.0,17396.5,13927.5,10444.5,5000.0,4000.0,3000.0,0.5,-9.799999999999272,-6.100000000000364,0.0,0.0,900.0,0.0,0.0,1.404999999999956,6954.0,0
2.805,17406.0,13935.0,10450.0,17401.5,13931.5,10447.5,5000.0,4000.0,3000.0,0.5,-9.799999999999272,-6.100000000000364,0.0,0.0,900.0,0.0,0.0,1.405999999999956,6956.0,0
2.806,17411.0,13939.0,10453.0,17406.5,13935.5,10450.5,5000.0,4000.0,3000.0,0.5,-9.799999999999272,-6.100000000000364,0.0,0.0,900.0,0.0,0.0,1.4069999999999558,6958.0,0
2.807,17416.0,13943.0,10456.0,17411.5,13939.5,10453.5,5000.0,4000.0,3000.0,0.5,-9.799999999999272,-6.100000000000364,0.0,0.0,900.0,0.0,0.0,1.4079999999999557,6960.0,0
2.8080000000000003,17421.0,13947.0,10459.0,17416.5,13943.5,10456.5,5000.0,4000.0,3000.0,0.5,-9.799999999999272,-6.100000000000364,0.0,0.0,900.0,0.0,0.0,1.4089999999999556,6962.0,0
2.809,17426.0,13951.0,10462.0,17421.5,13947.5,10459.5,5000.0,4000.0,3000.0,0.5,-9.799999999999272,-6.100000000000364,0.0,0.0,900.0,0.0,0.0,1.4099999999999555,6964.0,0
2.81,17431.0,13955.0,10465.0,17426.5,13951.5,10462.5,5000.0,4000.0,3000.0,0.5,-9.799999999999272,-6.100000000000364,0.0,0.0,900.0,0.0,0.0,1.4109999999999554,6966.0,0
2.811,17436.0,13959.0,10468.0,17431.5,13955.5,10465.5,5000.0,4000.0,3000.0,0.5,-9.799999999999272,-6.100000000000364,0.0,0.0,900.0,0.0,0.0,1.4119999999999553,6968.0,0
2.8120000000000003,17441.0,13963.0,10471.0,17436.5,13959.5,10468.5,5000.0,4000.0,3000.0,0.5,-9.799999999999272,-6.100000000000364,0.0,0.0,900.0,0.0,0.0,1.4129999999999552,6970.0,0
2.813,17446.0,13967.0,10474.0,17441.5,13963.5,10471.5,5000.0,4000.0,3000.0,0.5,-9.799999999999272,-6.100000000000364,0.0,0.0,900.0,0.0,0.0,1.413999999999955,6972.0,0
2.814,17451.0,13971.0,10477.0,17446.5,13967.5,10474.5,5000.0,4000.0,3000.0,0.5,-9.799999999999272,-6.100000000000364,0.0,0.0,900.0,0.0,0.0,1.414999999999955,6974.0,0
2.815,17456.0,13975.0,10480.0,17451.5,13971.5,10477.5,5000.0,4000.0,3000.0,0.5,-9.799999999999272,-6.100000000000364,0.0,0.0,900.0,0.0,0.0,1.4159999999999549,6976.0,0
2.816,17461.0,13979.0,10483.0,17456.5,13975.5,10480.5,5000.0,4000.0,3000.0,0.5,-9.799999999999272,-6.100000000000364,0.0,0.0,900.0,0.0,0.0,1.4169999999999547,6978.0,0
2.817,17466.0,13983.0,10486.0,17461.5,13979.5,10483.5,5000.0,4000.0,3000.0,0.5,-9.799999999999272,-6.100000000000364,0.0,0.0,900.0,0.0,0.0,1.4179999999999546,6980.0,0
2.818,17471.0,13987.0,10489.0,17466.5,13983.5,10486.5,5000.0,4000.0,3000.0,0.5,-9.799999999999272,-6.100000000000364,0.0,0.0,900.0,0.0,0.0,1.4189999999999545,6982.0,0
2.819,17476.0,13991.0,10492.0,17471.5,13987.5,10489.5,5000.0,4000.0,3000.0,0.5,-9.799999999999272,-6.100000000000364,0.0,0.0,900.0,0.0,0.0,1.4199999999999544,6984.0,0
2.82,17481.0,13995.0,10495.0,17476.5,13991.5,10492.5,5000.0,4000.0,3000.0,0.5,-9.799999999999272,-6.100000000000364,0.0,0.0,900.0,0.0,0.0,1.4209999999999543,6986.0,0
2.821,17486.0,13999.0,10498.0,17481.5,13995.5,10495.5,5000.0,4000.0,3000.0,0.5,-9.799999999999272,-6.100000000000364,0.0,0.0,900.0,0.0,0.0,1.4219999999999542,6988.0,0
2.822,17491.0,14003.0,10501.0,17486.5,13999.5,10498.5,5000.0,4000.0,3000.0,0.5,-9.799999999999272,-6.100000000000364,0.0,0.0,900.0,0.0,0.0,1.422999999999954,6990.0,0
2.823,17496.0,14007.0,10504.0,17491.5,14003.5,10501.5,5000.0,4000.0,3000.0,0.5,-9.799999999999272,-6.100000000000364,0.0,0.0,900.0,0.0,0.0,1.423999999999954,6992.0,0
2.824,17501.0,14011.0,10507.0,17496.5,14007.5,10504.5,5000.0,4000.0,3000.0,0.5,-9.799999999999272,-6.100000000000364,0.0,0.0,900.0,0.0,0.0,1.4249999999999539,6994.0,0
2.825,17506.0,14015.0,10510.0,17501.5,14011.5,10507.5,5000.0,4000.0,3000.0,0.5,-9.799999999999272,-6.100000000000364,0.0,0.0,900.0,0.0,0.0,1.4259999999999537,6996.0,0
2.826,17511.0,14019.0,10513.0,17506.5,14015.5,10510.5,5000.0,4000.0,3000.0,0.5,-9.799999999999272,-6.100000000000364,0.0,0.0,900.0,0.0,0.0,1.4269999999999536,6998.0,0
2.827,17516.0,14023.0,10516.0,17511.5,14019.5,10513.5,5000.0,4000.0,3000.0,0.5,-9.799999999999272,-6.100000000000364,0.0,0.0,900.0,0.0,0.0,1.4279999999999535,7000.0,0
2.828,17521.0,14027.0,10519.0,17516.5,14023.5,10516.5,5000.0,4000.0,3000.0,0.5,-9.799999999999272,-6.100000000000364,0.0,0.0,900.0,0.0,0.0,1.4289999999999534,7002.0,0
2.829,17526.0,14031.0,10522.0,17521.5,14027.5,10519.5,5000.0,4000.0,3000.0,0.5,-9.799999999999272,-6.100000000000364,0.0,0.0,900.0,0.0,0.0,1.4299999999999533,7004.0,0
2.83,17531.0,14035.0,10525.0,17526.5,14031.5,10522.5,5000.0,4000.0,3000.0,0.5,-9.799999999999272,-6.100000000000364,0.0,0.0,900.0,0.0,0.0,1.4309999999999532,7006.0,0
2.831,17536.0,14039.0,10528.0,17531.5,14035.5,10525.5,5000.0,4000.0,3000.0,0.5,-9.799999999999272,-6.100000000000364,0.0,0.0,900.0,0.0,0.0,1.431999999999953,7008.0,0
2.832,17541.0,14043.0,10531.0,17536.5,14039.5,10528.5,5000.0,4000.0,3000.0,0.5,-9.799999999999272,-6.100000000000364,0.0,0.0,900.0,0.0,0.0,1.432999999999953,7010.0,0
2.833,17546.0,14047.0,10534.0,17541.5,14043.5,10531.5,5000.0,4000.0,3000.0,0.5,-9.799999999999272,-6.100000000000364,0.0,0.0,900.0,0.0,0.0,1.4339999999999529,7012.0,0
2.834,17551.0,14051.0,10537.0,17546.5,14047.5,10534.5,5000.0,4000.0,3000.0,0.5,-9.799999999999272,-6.100000000000364,0.0,0.0,900.0,0.0,0.0,1.4349999999999528,7014.0,0
2.835,17556.0,14055.0,10540.0,17551.5,14051.5,10537.5,5000.0,4000.0,3000.0,0.5,-9.799999999999272,-6.100000000000364,0.0,0.0,900.0,0.0,0.0,1.4359999999999526,7016.0,0
2.836,17561.0,14059.0,10543.0,17556.5,14055.5,10540.5,5000.0,4000.0,3000.0,0.5,-9.799999999999272,-6.100000000000364,0.0,0.0,900.0,0.0,0.0,1.4369999999999525,7018.0,0
2.837,17566.0,14063.0,10546.0,17561.5,14059.5,10543.5,5000.0,4000.0,3000.0,0.5,-9.799999999999272,-6.100000000000364,0.0,0.0,900.0,0.0,0.0,1.4379999999999524,7020.0,0
2.838,17571.0,14067.0,10549.0,17566.5,14063.5,10546.5,5000.0,4000.0,3000.0,0.5,-9.799999999999272,-6.100000000000364,0.0,0.0,900.0,0.0,0.0,1.4389999999999523,7022.0,0
2.839,17576.0,14071.0,10552.0,17571.5,14067.5,10549.5,5000.0,4000.0,3000.0,0.5,-9.799999999999272,-6.100000000000364,0.0,0.0,900.0,0.0,0.0,1.4399999999999522,7024.0,0
2.84,17582.0,14075.0,10555.0,17576.5,14071.5,10552.5,6000.0,4000.0,3000.0,0.5,-9.799999999999272,-6.100000000000364,0.0,0.0,900.0,0.0,0.0,1.440999999999952,7027.0,0
2.841,17587.0,14079.0,10558.0,17582.5,14075.5,10555.5,5000.0,4000.0,3000.0,0.5,-9.0,-5.5,0.0,0.0,900.0,0.0,0.0,1.441999999999952,7029.0,0
2.842,17592.0,14083.0,10561.0,17587.5,14079.5,10558.5,5000.0,4000.0,3000.0,0.5,-9.0,-5.5,0.0,0.0,900.0,0.0,0.0,1.4429999999999519,7031.0,0
2.843,17597.0,14087.0,10564.0,17592.5,14083.5,10561.5,5000.0,4000.0,3000.0,0.5,-9.0,-5.5,0.0,0.0,900.0,0.0,0.0,1.4439999999999518,7033.0,0
2.844,17602.0,14091.0,10567.0,17597.5,14087.5,10564.5,5000.0,4000.0,3000.0,0.5,-9.0,-5.5,0.0,0.0,900.0,0.0,0.0,1.4449999999999517,7035.0,0
2.845,17607.0,14095.0,10570.0,17602.5,14091.5,10567.5,5000.0,4000.0,3000.0,0.5,-9.0,-5.5,0.0,0.0,900.0,0.0,0.0,1.4459999999999515,7037.0,0
2.846,17612.0,14099.0,10573.0,17607.5,14095.5,10570.5,5000.0,4000.0,3000.0,0.5,-9.0,-5.5,0.0,0.0,900.0,0.0,0.0,1.4469999999999514,7039.0,0
2.847,17617.0,14103.0,10576.0,17612.5,14099.5,10573.5,5000.0,4000.0,3000.0,0.5,-9.0,-5.5,0.0,0.0,900.0,0.0,0.0,1.4479999999999513,7041.0,0
2.848,17622.0,14107.0,10579.0,17617.5,14103.5,10576.5,5000.0,4000.0,3000.0,0.5,-9.0,-5.5,0.0,0.0,900.0,0.0,0.0,1.4489999999999512,7043.0,0
2.849,17627.0,14111.0,10582.0,17622.5,14107.5,10579.5,5000.0,4000.0,3000.0,0.5,-9.0,-5.5,0.0,0.0,900.0,0.0,0.0,1.449999999999951,7045.0,0
2.85,17632.0,14115.0,10585.0,17627.5,14111.5,10582.5,5000.0,4000.0,3000.0,0.5,-9.0,-5.5,0.0,0.0,900.0,0.0,0.0,1.450999999999951,7047.0,0
2.851,17637.0,14119.0,10588.0,17632.5,14115.5,10585.5,5000.0,4000.0,3000.0,0.5,-9.0,-5.5,0.0,0.0,900.0,0.0,0.0,1.4519999999999509,7049.0,0
2.852,17642.0,14123.0,10591.0,17637.5,14119.5,10588.5,5000.0,4000.0,3000.0,0.5,-9.0,-5.5,0.0,0.0,900.0,0.0,0.0,1.4529999999999508,7051.0,0
2.853,17647.0,14126.0,10594.0,17642.5,14123.5,10591.5,5000.0,3000.0,3000.0,0.5,-9.0,-5.5,0.0,0.0,900.0,0.0,0.0,1.4539999999999507,7053.0,0
2.854,17652.0,14130.0,10597.0,17647.5,14126.5,10594.5,5000.0,4000.0,3000.0,0.5,-8.0,-5.5,0.0,0.0,900.0,0.0,0.0,1.4549999999999506,7055.0,0
2.855,17657.0,14134.0,10600.0,17652.5,14130.5,10597.5,5000.0,4000.0,3000.0,0.5,-8.0,-5.5,0.0,0.0,900.0,0.0,0.0,1.4559999999999504,7057.0,0
2.856,17662.0,14138.0,10603.0,17657.5,14134.5,10600.5,5000.0,4000.0,3000.0,0.5,-8.0,-5.5,0.0,0.0,900.0,0.0,0.0,1.4569999999999503,7059.0,0
2.857,17667.0,14142.0,10606.0,17662.5,14138.5,10603.5,5000.0,4000.0,3000.0,0.5,-8.0,-5.5,0.0,0.0,900.0,0.0,0.0,1.4579999999999502,7061.0,0
2.858,17672.0,14146.0,10609.0,17667.5,14142.5,10606.5,5000.0,4000.0,3000.0,0.5,-8.0,-5.5,0.0,0.0,900.0,0.0,0.0,1.4589999999999501,7063.0,0
2.859,17677.0,14150.0,10612.0,17672.5,14146.5,10609.5,5000.0,4000.0,3000.0,0.5,-8.0,-5.5,0.0,0.0,900.0,0.0,0.0,1.45999999999995,7065.0,0
2.86,17682.0,14154.0,10615.0,17677.5,14150.5,10612.5,5000.0,4000.0,3000.0,0.5,-8.0,-5.5,0.0,0.0,900.0,0.0,0.0,1.46099999999995,7067.0,0
2.861,17687.0,14158.0,10618.0,17682.5,14154.5,10615.5,5000.0,4000.0,3000.0,0.5,-8.0,-5.5,0.0,0.0,900.0,0.0,0.0,1.4619999999999498,7069.0,0
2.862,17692.0,14162.0,10621.0,17687.5,14158.5,10618.5,5000.0,4000.0,3000.0,0.5,-8.0,-5.5,0.0,0.0,900.0,0.0,0.0,1.4629999999999497,7071.0,0
2.863,17697.0,14166.0,10624.0,17692.5,14162.5,10621.5,5000.0,4000.0,3000.0,0.5,-8.0,-5.5,0.0,0.0,900.0,0.0,0.0,1.4639999999999496,7073.0,0
2.864,17702.0,14170.0,10627.0,17697.5,14166.5,10624.5,5000.0,4000.0,3000.0,0.5,-8.0,-5.5,0.0,0.0,900.0,0.0,0.0,1.4649999999999495,7075.0,0
2.865,17707.0,14174.0,10630.0,17702.5,14170.5,10627.5,5000.0,4000.0,3000.0,0.5,-8.0,-5.5,0.0,0.0,900.0,0.0,0.0,1.4659999999999493,7077.0,0
2.866,17712.0,14178.0,10633.0,17707.5,14174.5,10630.5,5000.0,4000.0,3000.0,0.5,-8.0,-5.5,0.0,0.0,900.0,0.0,0.0,1.4669999999999492,7079.0,0
2.867,17717.0,14182.0,10636.0,17712.5,14178.5,10633.5,5000.0,4000.0,3000.0,0.5,-8.0,-5.5,0.0,0.0,900.0,0.0,0.0,1.4679999999999491,7081.0,0
2.868,17722.0,14186.0,10639.0,17717.5,14182.5,10636.5,5000.0,4000.0,3000.0,0.5,-8.0,-5.5,0.0,0.0,900.0,0.0,0.0,1.468999999999949,7083.0,0
2.869,17727.0,14190.0,10642.0,17722.5,14186.5,10639.5,5000.0,4000.0,3000.0,0.5,-8.0,-5.5,0.0,0.0,900.0,0.0,0.0,1.469999999999949,7085.0,0
2.87,17732.0,14194.0,10645.0,17727.5,14190.5,10642.5,5000.0,4000.0,3000.0,0.5,-8.0,-5.5,0.0,0.0,900.0,0.0,0.0,1.4709999999999488,7087.0,0
2.871,17737.0,14198.0,10648.0,17732.5,14194.5,10645.5,5000.0,4000.0,3000.0,0.5,-8.0,-5.5,0.0,0.0,900.0,0.0,0.0,1.4719999999999487,7089.0,0
2.872,17742.0,14202.0,10651.0,17737.5,14198.5,10648.5,5000.0,4000.0,3000.0,0.5,-8.0,-5.5,0.0,0.0,900.0,0.0,0.0,1.4729999999999486,7091.0,0
2.873,17747.0,14206.0,10654.0,17742.5,14202.5,10651.5,5000.0,4000.0,3000.0,0.5,-8.0,-5.5,0.0,0.0,900.0,0.0,0.0,1.4739999999999485,7093.0,0
2.874,17752.0,14210.0,10657.0,17747.5,14206.5,10654.5,5000.0,4000.0,3000.0,0.5,-8.0,-5.5,0.0,0.0,900.0,0.0,0.0,1.4749999999999484,7095.0,0
2.875,17757.0,14214.0,10660.0,17752.5,14210.5,10657.5,5000.0,4000.0,3000.0,0.5,-8.0,-5.5,0.0,0.0,900.0,0.0,0.0,1.4759999999999482,7097.0,0
2.876,17762.0,14218.0,10663.0,17757.5,14214.5,10660.5,5000.0,4000.0,3000.0,0.5,-8.0,-5.5,0.0,0.0,900.0,0.0,0.0,1.4769999999999481,7099.0,0
2.8770000000000002,17767.0,14222.0,10666.0,17762.5,14218.5,10663.5,5000.0,4000.0,3000.0,0.5,-8.0,-5.5,0.0,0.0,900.0,0.0,0.0,1.477999999999948,7101.0,0
2.878,17772.0,14226.0,10669.0,17767.5,14222.5,10666.5,5000.0,4000.0,3000.0,0.5,-8.0,-5.5,0.0,0.0,900.0,0.0,0.0,1.478999999999948,7103.0,0
2.879,17777.0,14230.0,10672.0,17772.5,14226.5,10669.5,5000.0,4000.0,3000.0,0.5,-8.0,-5.5,0.0,0.0,900.0,0.0,0.0,1.4799999999999478,7105.0,0
2.88,17782.0,14234.0,10675.0,17777.5,14230.5,10672.5,5000.0,4000.0,3000.0,0.5,-8.0,-5.5,0.0,0.0,900.0,0.0,0.0,1.4809999999999477,7107.0,0
2.8810000000000002,17787.0,14238.0,10678.0,17782.5,14234.5,10675.5,5000.0,4000.0,3000.0,0.5,-8.0,-5.5,0.0,0.0,900.0,0.0,0.0,1.4819999999999476,7109.0,0
2.882,17792.0,14242.0,10681.0,17787.5,14238.5,10678.5,5000.0,4000.0,3000.0,0.5,-8.0,-5.5,0.0,0.0,900.0,0.0,0.0,1.4829999999999475,7111.0,0
2.883,17797.0,14246.0,10684.0,17792.5,14242.5,10681.5,5000.0,4000.0,3000.0,0.5,-8.0,-5.5,0.0,0.0,900.0,0.0,0.0,1.4839999999999474,7113.0,0
2.884,17802.0,14250.0,10687.0,17797.5,14246.5,10684.5,5000.0,4000.0,3000.0,0.5,-8.0,-5.5,0.0,0.0,900.0,0.0,0.0,1.4849999999999473,7115.0,0
2.8850000000000002,17807.0,14254.0,10690.0,17802.5,14250.5,10687.5,5000.0,4000.0,3000.0,0.5,-8.0,-5.5,0.0,0.0,900.0,0.0,0.0,1.4859999999999471,7117.0,0
2.886,17812.0,14258.0,10693.0,17807.5,14254.5,10690.5,5000.0,4000.0,3000.0,0.5,-8.0,-5.5,0.0,0.0,900.0,0.0,0.0,1.486999999999947,7119.0,0
2.887,17817.0,14262.0,10696.0,17812.5,14258.5,10693.5,5000.0,4000.0,3000.0,0.5,-8.0,-5.5,0.0,0.0,900.0,0.0,0.0,1.487999999999947,7121.0,0
2.888,17822.0,14266.0,10699.0,17817.5,14262.5,10696.5,5000.0,4000.0,3000.0,0.5,-8.0,-5.5,0.0,0.0,900.0,0.0,0.0,1.4889999999999468,7123.0,0
2.8890000000000002,17827.0,14270.0,10702.0,17822.5,14266.5,10699.5,5000.0,4000.0,3000.0,0.5,-8.0,-5.5,0.0,0.0,900.0,0.0,0.0,1.4899999999999467,7125.0,0
2.89,17832.0,14274.0,10705.0,17827.5,14270.5,10702.5,5000.0,4000.0,3000.0,0.5,-8.0,-5.5,0.0,0.0,900.0,0.0,0.0,1.4909999999999466,7127.0,0
2.891,17837.0,14278.0,10708.0,17832.5,14274.5,10705.5,5000.0,4000.0,3000.0,0.5,-8.0,-5.5,0.0,0.0,900.0,0.0,0.0,1.4919999999999465,7129.0,0
2.892,17842.0,14282.0,10711.0,17837.5,14278.5,10708.5,5000.0,4000.0,3000.0,0.5,-8.0,-5.5,0.0,0.0,900.0,0.0,0.0,1.4929999999999464,7131.0,0
2.8930000000000002,17847.0,14286.0,10714.0,17842.5,14282.5,10711.5,5000.0,4000.0,3000.0,0.5,-8.0,-5.5,0.0,0.0,900.0,0.0,0.0,1.4939999999999463,7133.0,0
2.894,17852.0,14290.0,10717.0,17847.5,14286.5,10714.5,5000.0,4000.0,3000.0,0.5,-8.0,-5.5,0.0,0.0,900.0,0.0,0.0,1.4949999999999461,7135.0,0
2.895,17857.0,14294.0,10720.0,17852.5,14290.5,10717.5,5000.0,4000.0,3000.0,0.5,-8.0,-5.5,0.0,0.0,900.0,0.0,0.0,1.495999999999946,7137.0,0
2.896,17862.0,14298.0,10723.0,17857.5,14294.5,10720.5,5000.0,4000.0,3000.0,0.5,-8.0,-5.5,0.0,0.0,900.0,0.0,0.0,1.496999999999946,7139.0,0
2.8970000000000002,17867.0,14302.0,10726.0,17862.5,14298.5,10723.5,5000.0,4000.0,3000.0,0.5,-8.0,-5.5,0.0,0.0,900.0,0.0,0.0,1.4979999999999458,7141.0,0
2.898,17872.0,14306.0,10729.0,17867.5,14302.5,10726.5,5000.0,4000.0,3000.0,0.5,-8.0,-5.5,0.0,0.0,900.0,0.0,0.0,1.4989999999999457,7143.0,0
2.899,17877.0,14310.0,10732.0,17872.5,14306.5,10729.5,5000.0,4000.0,3000.0,0.5,-8.0,-5.5,0.0,0.0,900.0,0.0,0.0,1.4999999999999456,7145.0,0
2.9,17882.0,14314.0,10735.0,17877.5,14310.5,10732.5,5000.0,4000.0,3000.0,0.5,-8.0,-5.5,0.0,0.0,900.0,0.0,0.0,1.5009999999999455,7147.0,0
2.9010000000000002,17887.0,14318.0,10738.0,17882.5,14314.5,10735.5,5000.0,4000.0,3000.0,0.5,-8.0,-5.5,0.0,0.0,900.0,0.0,0.0,1.5019999999999454,7149.0,0
2.902,17892.0,14322.0,10741.0,17887.5,14318.5,10738.5,5000.0,4000.0,3000.0,0.5,-8.0,-5.5,0.0,0.0,900.0,0.0,0.0,1.5029999999999453,7151.0,0
2.903,17897.0,14326.0,10744.0,17892.5,14322.5,10741.5,5000.0,4000.0,3000.0,0.5,-8.0,-5.5,0.0,0.0,900.0,0.0,0.0,1.5039999999999452,7153.0,0
2.904,17902.0,14330.0,10747.0,17897.5,14326.5,10744.5,5000.0,4000.0,3000.0,0.5,-8.0,-5.5,0.0,0.0,900.0,0.0,0.0,1.504999999999945,7155.0,0
2.9050000000000002,17907.0,14334.0,10750.0,17902.5,14330.5,10747.5,5000.0,4000.0,3000.0,0.5,-8.0,-5.5,0.0,0.0,900.0,0.0,0.0,1.505999999999945,7157.0,0
2.906,17912.0,14338.0,10753.0,17907.5,14334.5,10750.5,5000.0,4000.0,3000.0,0.5,-8.0,-5.5,0.0,0.0,900.0,0.0,0.0,1.5069999999999448,7159.0,0
2.907,17917.0,14342.0,10756.0,17912.5,14338.5,10753.5,5000.0,4000.0,3000.0,0.5,-8.0,-5.5,0.0,0.0,900.0,0.0,0.0,1.5079999999999447,7161.0,0
2.908,17922.0,14346.0,10759.0,17917.5,14342.5,10756.5,5000.0,4000.0,3000.0,0.5,-8.0,-5.5,0.0,0.0,900.0,0.0,0.0,1.5089999999999446,7163.0,0
2.9090000000000003,17927.0,14350.0,10762.0,17922.5,14346.5,10759.5,5000.0,4000.0,3000.0,0.5,-8.0,-5.5,0.0,0.0,900.0,0.0,0.0,1.5099999999999445,7165.0,0
2.91,17932.0,14354.0,10765.0,17927.5,14350.5,10762.5,5000.0,4000.0,3000.0,0.5,-8.0,-5.5,0.0,0.0,900.0,0.0,0.0,1.5109999999999444,7167.0,0
2.911,17937.0,14358.0,10768.0,17932.5,14354.5,10765.5,5000.0,4000.0,3000.0,0.5,-8.0,-5.5,0.0,0.0,900.0,0.0,0.0,1.5119999999999443,7169.0,0
2.912,17942.0,14362.0,10771.0,17937.5,14358.5,10768.5,5000.0,4000.0,3000.0,0.5,-8.0,-5.5,0.0,0.0,900.0,0.0,0.0,1.5129999999999442,7171.0,0
2.9130000000000003,17947.0,14366.0,10774.0,17942.5,14362.5,10771.5,5000.0,4000.0,3000.0,0.5,-8.0,-5.5,0.0,0.0,900.0,0.0,0.0,1.513999999999944,7173.0,0
2.914,17952.0,14370.0,10777.0,17947.5,14366.5,10774.5,5000.0,4000.0,3000.0,0.5,-8.0,-5.5,0.0,0.0,900.0,0.0,0.0,1.514999999999944,7175.0,0
2.915,17957.0,14374.0,10780.0,17952.5,14370.5,10777.5,5000.0,4000.0,3000.0,0.5,-8.0,-5.5,0.0,0.0,900.0,0.0,0.0,1.5159999999999438,7177.0,0
2.916,17962.0,14378.0,10783.0,17957.5,14374.5,10780.5,5000.0,4000.0,3000.0,0.5,-8.0,-5.5,0.0,0.0,900.0,0.0,0.0,1.5169999999999437,7179.0,0
2.9170000000000003,17967.0,14382.0,10786.0,17962.5,14378.5,10783.5,5000.0,4000.0,3000.0,0.5,-8.0,-5.5,0.0,0.0,900.0,0.0,0.0,1.5179999999999436,7181.0,0
2.918,17972.0,14386.0,10789.0,17967.5,14382.5,10786.5,5000.0,4000.0,3000.0,0.5,-8.0,-5.5,0.0,0.0,900.0,0.0,0.0,1.5189999999999435,7183.0,0
2.919,17977.0,14390.0,10792.0,17972.5,14386.5,10789.5,5000.0,4000.0,3000.0,0.5,-8.0,-5.5,0.0,0.0,900.0,0.0,0.0,1.5199999999999434,7185.0,0
2.92,17982.0,14394.0,10795.0,17977.5,14390.5,10792.5,5000.0,4000.0,3000.0,0.5,-8.0,-5.5,0.0,0.0,900.0,0.0,0.0,1.5209999999999433,7187.0,0
2.9210000000000003,17987.0,14398.0,10798.0,17982.5,14394.5,10795.5,5000.0,4000.0,3000.0,0.5,-8.0,-5.5,0.0,0.0,900.0,0.0,0.0,1.5219999999999432,7189.0,0
2.922,17992.0,14402.0,10801.0,17987.5,14398.5,10798.5,5000.0,4000.0,3000.0,0.5,-8.0,-5.5,0.0,0.0,900.0,0.0,0.0,1.522999999999943,7191.0,0
2.923,17997.0,14406.0,10804.0,17992.5,14402.5,10801.5,5000.0,4000.0,3000.0,0.5,-8.0,-5.5,0.0,0.0,900.0,0.0,0.0,1.523999999999943,7193.0,0
2.924,18002.0,14410.0,10807.0,17997.5,14406.5,10804.5,5000.0,4000.0,3000.0,0.5,-8.0,-5.5,0.0,0.0,900.0,0.0,0.0,1.5249999999999428,7195.0,0
2.9250000000000003,18007.0,14414.0,10810.0,18002.5,14410.5,10807.5,5000.0,4000.0,3000.0,0.5,-8.0,-5.5,0.0,0.0,900.0,0.0,0.0,1.5259999999999427,7197.0,0
2.926,18012.0,14418.0,10813.0,18007.5,14414.5,10810.5,5000.0,4000.0,3000.0,0.5,-8.0,-5.5,0.0,0.0,900.0,0.0,0.0,1.5269999999999426,7199.0,0
2.927,18017.0,14422.0,10816.0,18012.5,14418.5,10813.5,5000.0,4000.0,3000.0,0.5,-8.0,-5.5,0.0,0.0,900.0,0.0,0.0,1.5279999999999425,7201.0,0
2.928,18022.0,14426.0,10819.0,18017.5,14422.5,10816.5,5000.0,4000.0,3000.0,0.5,-8.0,-5.5,0.0,0.0,900.0,0.0,0.0,1.5289999999999424,7203.0,0
2.9290000000000003,18027.0,14430.0,10822.0,18022.5,14426.5,10819.5,5000.0,4000.0,3000.0,0.5,-8.0,-5.5,0.0,0.0,900.0,0.0,0.0,1.5299999999999423,7205.0,0
2.93,18032.0,14434.0,10825.0,18027.5,14430.5,10822.5,5000.0,4000.0,3000.0,0.5,-8.0,-5.5,0.0,0.0,900.0,0.0,0.0,1.5309999999999422,7207.0,0
2.931,18037.0,14438.0,10828.0,18032.5,14434.5,10825.5,5000.0,4000.0,3000.0,0.5,-8.0,-5.5,0.0,0.0,900.0,0.0,0.0,1.531999999999942,7209.0,0
2.932,18042.0,14442.0,10831.0,18037.5,14438.5,10828.5,5000.0,4000.0,3000.0,0.5,-8.0,-5.5,0.0,0.0,900.0,0.0,0.0,1.532999999999942,7211.0,0
2.9330000000000003,18047.0,14446.0,10834.0,18042.5,14442.5,10831.5,5000.0,4000.0,3000.0,0.5,-8.0,-5.5,0.0,0.0,900.0,0.0,0.0,1.5339999999999419,7213.0,0
2.934,18052.0,14450.0,10837.0,18047.5,14446.5,10834.5,5000.0,4000.0,3000.0,0.5,-8.0,-5.5,0.0,0.0,900.0,0.0,0.0,1.5349999999999417,7215.0,0
2.935,18057.0,14454.0,10840.0,18052.5,14450.5,10837.5,5000.0,4000.0,3000.0,0.5,-8.0,-5.5,0.0,0.0,900.0,0.0,0.0,1.5359999999999416,7217.0,0
2.936,18062.0,14458.0,10843.0,18057.5,14454.5,10840.5,5000.0,4000.0,3000.0,0.5,-8.0,-5.5,0.0,0.0,900.0,0.0,0.0,1.5369999999999415,7219.0,0
2.9370000000000003,18067.0,14462.0,10846.0,18062.5,14458.5,10843.5,5000.0,4000.0,3000.0,0.5,-8.0,-5.5,0.0,0.0,900.0,0.0,0.0,1.5379999999999414,7221.0,0
2.938,18072.0,14465.0,10849.0,18067.5,14462.5,10846.5,5000.0,3000.0,3000.0,0.5,-8.0,-5.5,0.0,0.0,900.0,0.0,0.0,1.5389999999999413,7223.0,0
2.939,18077.0,14469.0,10852.0,18072.5,14465.5,10849.5,5000.0,4000.0,3000.0,0.5,-7.0,-5.5,0.0,0.0,900.0,0.0,0.0,1.5399999999999412,7225.0,0
2.94,18082.0,14473.0,10855.0,18077.5,14469.5,10852.5,5000.0,4000.0,3000.0,0.5,-7.0,-5.5,0.0,0.0,900.0,0.0,0.0,1.540999999999941,7227.0,0
2.9410000000000003,18087.0,14477.0,10858.0,18082.5,14473.5,10855.5,5000.0,4000.0,3000.0,0.5,-7.0,-5.5,0.0,0.0,900.0,0.0,0.0,1.541999999999941,7229.0,0
2.942,18092.0,14481.0,10861.0,18087.5,14477.5,10858.5,5000.0,4000.0,3000.0,0.5,-7.0,-5.5,0.0,0.0,900.0,0.0,0.0,1.5429999999999409,7231.0,0
2.943,18097.0,14485.0,10864.0,18092.5,14481.5,10861.5,5000.0,4000.0,3000.0,0.5,-7.0,-5.5,0.0,0.0,900.0,0.0,0.0,1.5439999999999408,7233.0,0
2.944,18102.0,14489.0,10867.0,18097.5,14485.5,10864.5,5000.0,4000.0,3000.0,0.5,-7.0,-5.5,0.0,0.0,900.0,0.0,0.0,1.5449999999999406,7235.0,0
2.945,18107.0,14493.0,10870.0,18102.5,14489.5,10867.5,5000.0,4000.0,3000.0,0.5,-7.0,-5.5,0.0,0.0,900.0,0.0,0.0,1.5459999999999405,7237.0,0
2.946,18112.0,14497.0,10873.0,18107.5,14493.5,10870.5,5000.0,4000.0,3000.0,0.5,-7.0,-5.5,0.0,0.0,900.0,0.0,0.0,1.5469999999999404,7239.0,0
2.947,18117.0,14501.0,10876.0,18112.5,14497.5,10873.5,5000.0,4000.0,3000.0,0.5,-7.0,-5.5,0.0,0.0,900.0,0.0,0.0,1.5479999999999403,7241.0,0
2.948,18122.0,14505.0,10879.0,18117.5,14501.5,10876.5,5000.0,4000.0,3000.0,0.5,-7.0,-5.5,0.0,0.0,900.0,0.0,0.0,1.5489999999999402,7243.0,0
2.949,18127.0,14509.0,10882.0,18122.5,14505.5,10879.5,5000.0,4000.0,3000.0,0.5,-7.0,-5.5,0.0,0.0,900.0,0.0,0.0,1.54999999999994,7245.0,0
2.95,18132.0,14513.0,10886.0,18127.5,14509.5,10882.5,5000.0,4000.0,4000.0,0.5,-7.0,-5.5,0.0,0.0,0.0,0.0,0.0,0.0,7246.0,0
2.951,18137.0,14517.0,10890.0,18132.5,14513.5,10886.5,5000.0,4000.0,4000.0,0.5,-7.0,-6.5,0.0,0.0,0.0,0.0,0.0,0.0,7247.0,0
2.952,18142.0,14521.0,10894.0,18137.5,14517.5,10890.5,5000.0,4000.0,4000.0,0.5,-7.0,-7.5,0.0,0.0,0.0,0.0,0.0,0.0,7248.0,0
2.953,18147.0,14525.0,10898.0,18142.5,14521.5,10894.5,5000.0,4000.0,4000.0,0.5,-7.0,-8.5,0.0,0.0,0.0,0.0,0.0,0.0,7249.0,0
2.954,18152.0,14529.0,10902.0,18147.5,14525.5,10898.5,5000.0,4000.0,4000.0,0.5,-7.0,-9.5,0.0,0.0,0.0,0.0,0.0,0.0,7250.0,0
2.955,18157.0,14533.0,10905.0,18152.5,14529.5,10902.5,5000.0,4000.0,3000.0,0.5,-7.0,-10.5,0.0,0.0,0.0,0.0,0.0,0.0,7252.0,0
2.956,18162.0,14537.0,10909.0,18157.5,14533.5,10905.5,5000.0,4000.0,4000.0,0.5,-7.0,-10.5,0.0,0.0,0.0,0.0,0.0,0.0,7253.0,0
2.957,18167.0,14541.0,10913.0,18162.5,14537.5,10909.5,5000.0,4000.0,4000.0,0.5,-7.0,-11.5,0.0,0.0,0.0,0.0,0.0,0.0,7254.0,0
2.958,18172.0,14545.0,10916.0,18167.5,14541.5,10913.5,5000.0,4000.0,3000.0,0.5,-7.0,-12.5,0.0,0.0,0.0,0.0,0.0,0.0,7256.0,0
2.959,18177.0,14549.0,10920.0,18172.5,14545.5,10916.5,5000.0,4000.0,4000.0,0.5,-7.0,-12.5,0.0,0.0,0.0,0.0,0.0,0.0,7257.0,0
2.96,18182.0,14553.0,10923.0,18177.5,14549.5,10920.5,5000.0,4000.0,3000.0,0.5,-7.0,-13.5,0.0,0.0,0.0,0.0,0.0,0.0,7259.0,0
2.961,18187.0,14557.0,10927.0,18182.5,14553.5,10923.5,5000.0,4000.0,4000.0,0.5,-7.0,-13.5,0.0,0.0,0.0,0.0,0.0,0.0,7260.0,0
2.962,18192.0,14561.0,10930.0,18187.5,14557.5,10927.5,5000.0,4000.0,3000.0,0.5,-7.0,-14.5,0.0,0.0,0.0,0.0,0.0,0.0,7262.0,0
2.963,18197.0,14565.0,10934.0,18192.5,14561.5,10930.5,5000.0,4000.0,4000.0,0.5,-7.0,-14.5,0.0,0.0,0.0,0.0,0.0,0.0,7263.0,0
2.964,18202.0,14569.0,10937.0,18197.5,14565.5,10934.5,5000.0,4000.0,3000.0,0.5,-7.0,-15.5,0.0,0.0,0.0,0.0,0.0,0.0,7265.0,0
2.965,18207.0,14573.0,10941.0,18202.5,14569.5,10937.5,5000.0,4000.0,4000.0,0.5,-7.0,-15.5,0.0,0.0,0.0,0.0,0.0,0.0,7266.0,0
2.966,18212.0,14577.0,10944.0,18207.5,14573.5,10941.5,5000.0,4000.0,3000.0,0.5,-7.0,-16.5,0.0,0.0,0.0,0.0,0.0,0.0,7268.0,0
2.967,18217.0,14581.0,10947.0,18212.5,14577.5,10944.5,5000.0,4000.0,3000.0,0.5,-7.0,-16.5,0.0,0.0,0.0,0.0,0.0,0.0,7270.0,0
2.968,18222.0,14585.0,10951.0,18217.5,14581.5,10947.5,5000.0,4000.0,4000.0,0.5,-7.0,-16.5,0.0,0.0,0.0,0.0,0.0,0.0,7271.0,0
2.969,18227.0,14589.0,10954.0,18222.5,14585.5,10951.5,5000.0,4000.0,3000.0,0.5,-7.0,-17.5,0.0,0.0,0.0,0.0,0.0,0.0,7273.0,0
2.97,18232.0,14593.0,10957.0,18227.5,14589.5,10954.5,5000.0,4000.0,3000.0,0.5,-7.0,-17.5,0.0,0.0,0.0,0.0,0.0,0.0,7275.0,0
2.971,18237.0,14597.0,10961.0,18232.5,14593.5,10957.5,5000.0,4000.0,4000.0,0.5,-7.0,-17.5,0.0,0.0,0.0,0.0,0.0,0.0,7276.0,0
2.972,18242.0,14601.0,10964.0,18237.5,14597.5,10961.5,5000.0,4000.0,3000.0,0.5,-7.0,-18.5,0.0,0.0,0.0,0.0,0.0,0.0,7278.0,0
2.973,18247.0,14605.0,10967.0,18242.5,14601.5,10964.5,5000.0,4000.0,3000.0,0.5,-7.0,-18.5,0.0,0.0,0.0,0.0,0.0,0.0,7280.0,0
2.974,18252.0,14609.0,10971.0,18247.5,14605.5,10967.5,5000.0,4000.0,4000.0,0.5,-7.0,-18.5,0.0,0.0,0.0,0.0,0.0,0.0,7281.0,0
2.975,18257.0,14613.0,10974.0,18252.5,14609.5,10971.5,5000.0,4000.0,3000.0,0.5,-7.0,-19.5,0.0,0.0,0.0,0.0,0.0,0.0,7283.0,0
2.976,18262.0,14617.0,10977.0,18257.5,14613.5,10974.5,5000.0,4000.0,3000.0,0.5,-7.0,-19.5,0.0,0.0,0.0,0.0,0.0,0.0,7285.0,0
2.977,18267.0,14621.0,10980.0,18262.5,14617.5,10977.5,5000.0,4000.0,3000.0,0.5,-7.0,-19.5,0.0,0.0,0.0,0.0,0.0,0.0,7287.0,0
2.978,18272.0,14625.0,10983.0,18267.5,14621.5,10980.5,5000.0,4000.0,3000.0,0.5,-7.0,-19.5,0.0,0.0,0.0,0.0,0.0,0.0,7289.0,0
2.979,18277.0,14629.0,10987.0,18272.5,14625.5,10983.5,5000.0,4000.0,4000.0,0.5,-7.0,-19.5,0.0,0.0,0.0,0.0,0.0,0.0,7290.0,0
2.98,18282.0,14633.0,10990.0,18277.5,14629.5,10987.5,5000.0,4000.0,3000.0,0.5,-7.0,-20.5,0.0,0.0,0.0,0.0,0.0,0.0,7292.0,0
2.981,18287.0,14637.0,10993.0,18282.5,14633.5,10990.5,5000.0,4000.0,3000.0,0.5,-7.0,-20.5,0.0,0.0,0.0,0.0,0.0,0.0,7294.0,0
2.982,18292.0,14641.0,10996.0,18287.5,14637.5,10993.5,5000.0,4000.0,3000.0,0.5,-7.0,-20.5,0.0,0.0,0.0,0.0,0.0,0.0,7296.0,0
2.983,18297.0,14645.0,10999.0,18292.5,14641.5,10996.5,5000.0,4000.0,3000.0,0.5,-7.0,-20.5,0.0,0.0,0.0,0.0,0.0,0.0,7298.0,0
2.984,18302.0,14649.0,11002.0,18297.5,14645.5,10999.5,5000.0,4000.0,3000.0,0.5,-7.0,-20.5,0.0,0.0,0.0,0.0,0.0,0.0,7300.0,0
2.985,18307.0,14653.0,11005.0,18302.5,14649.5,11002.5,5000.0,4000.0,3000.0,0.5,-7.0,-20.5,0.0,0.0,0.0,0.0,0.0,0.0,7302.0,0
2.986,18312.0,14657.0,11008.0,18307.5,14653.5,11005.5,5000.0,4000.0,3000.0,0.5,-7.0,-20.5,0.0,0.0,0.0,0.0,0.0,0.0,7304.0,0
2.987,18317.0,14661.0,11011.0,18312.5,14657.5,11008.5,5000.0,4000.0,3000.0,0.5,-7.0,-20.5,0.0,0.0,0.0,0.0,0.0,0.0,7306.0,0
2.988,18322.0,14665.0,11014.0,18317.5,14661.5,11011.5,5000.0,4000.0,3000.0,0.5,-7.0,-20.5,0.0,0.0,0.0,0.0,0.0,0.0,7308.0,0
2.989,18327.0,14669.0,11017.0,18322.5,14665.5,11014.5,5000.0,4000.0,3000.0,0.5,-7.0,-20.5,0.0,0.0,0.0,0.0,0.0,0.0,7310.0,0
2.99,18333.0,14673.0,11020.0,18327.5,14669.5,11017.5,6000.0,4000.0,3000.0,0.5,-7.0,-20.5,0.0,0.0,0.0,0.0,0.0,0.0,7313.0,0
2.991,18338.0,14677.0,11023.0,18333.5,14673.5,11020.5,5000.0,4000.0,3000.0,0.5,-6.200000000000728,-19.899999999999636,0.0,0.0,0.0,0.0,0.0,0.0,7315.0,0
2.992,18343.0,14681.0,11026.0,18338.5,14677.5,11023.5,5000.0,4000.0,3000.0,0.5,-6.200000000000728,-19.899999999999636,0.0,0.0,0.0,0.0,0.0,0.0,7317.0,0
2.993,18348.0,14685.0,11029.0,18343.5,14681.5,11026.5,5000.0,4000.0,3000.0,0.5,-6.200000000000728,-19.899999999999636,0.0,0.0,0.0,0.0,0.0,0.0,7319.0,0
2.994,18353.0,14689.0,11032.0,18348.5,14685.5,11029.5,5000.0,4000.0,3000.0,0.5,-6.200000000000728,-19.899999999999636,0.0,0.0,0.0,0.0,0.0,0.0,7321.0,0
2.995,18358.0,14693.0,11035.0,18353.5,14689.5,11032.5,5000.0,4000.0,3000.0,0.5,-6.200000000000728,-19.899999999999636,0.0,0.0,0.0,0.0,0.0,0.0,7323.0,0
2.996,18363.0,14697.0,11038.0,18358.5,14693.5,11035.5,5000.0,4000.0,3000.0,0.5,-6.200000000000728,-19.899999999999636,0.0,0.0,0.0,0.0,0.0,0.0,7325.0,0
2.997,18368.0,14701.0,11041.0,18363.5,14697.5,11038.5,5000.0,4000.0,3000.0,0.5,-6.200000000000728,-19.899999999999636,0.0,0.0,0.0,0.0,0.0,0.0,7327.0,0
2.998,18373.0,14705.0,11044.0,18368.5,14701.5,11041.5,5000.0,4000.0,3000.0,0.5,-6.200000000000728,-19.899999999999636,0.0,0.0,0.0,0.0,0.0,0.0,7329.0,0
2.999,18378.0,14709.0,11047.0,18373.5,14705.5,11044.5,5000.0,4000.0,3000.0,0.5,-6.200000000000728,-19.899999999999636,0.0,0.0,0.0,0.0,0.0,0.0,7331.0,0
3.0,18383.0,14713.0,11050.0,18378.5,14709.5,11047.5,5000.0,4000.0,3000.0,0.5,-6.200000000000728,-19.899999999999636,0.0,0.0,0.0,0.0,0.0,0.0,7333.0,0
3.001,18388.0,14717.0,11053.0,18383.5,14713.5,11050.5,5000.0,4000.0,3000.0,0.5,-6.200000000000728,-19.899999999999636,0.0,0.0,0.0,0.0,0.0,0.0,7335.0,0
3.0020000000000002,18393.0,14721.0,11056.0,18388.5,14717.5,11053.5,5000.0,4000.0,3000.0,0.5,-6.200000000000728,-19.899999999999636,0.0,0.0,0.0,0.0,0.0,0.0,7337.0,0
3.003,18398.0,14725.0,11059.0,18393.5,14721.5,11056.5,5000.0,4000.0,3000.0,0.5,-6.200000000000728,-19.899999999999636,0.0,0.0,0.0,0.0,0.0,0.0,7339.0,0
3.004,18403.0,14729.0,11062.0,18398.5,14725.5,11059.5,5000.0,4000.0,3000.0,0.5,-6.200000000000728,-19.899999999999636,0.0,0.0,0.0,0.0,0.0,0.0,7341.0,0
3.005,18408.0,14733.0,11064.0,18403.5,14729.5,11062.5,5000.0,4000.0,2000.0,0.5,-6.200000000000728,-19.899999999999636,0.0,0.0,0.0,0.0,0.0,0.0,7344.0,0
3.0060000000000002,18413.0,14737.0,11067.0,18408.5,14733.5,11064.5,5000.0,4000.0,3000.0,0.5,-6.200000000000728,-18.899999999999636,0.0,0.0,0.0,0.0,0.0,0.0,7346.0,0
3.007,18418.0,14741.0,11070.0,18413.5,14737.5,11067.5,5000.0,4000.0,3000.0,0.5,-6.200000000000728,-18.899999999999636,0.0,0.0,0.0,0.0,0.0,0.0,7348.0,0
3.008,18423.0,14745.0,11073.0,18418.5,14741.5,11070.5,5000.0,4000.0,3000.0,0.5,-6.200000000000728,-18.899999999999636,0.0,0.0,0.0,0.0,0.0,0.0,7350.0,0
3.009,18428.0,14749.0,11076.0,18423.5,14745.5,11073.5,5000.0,4000.0,3000.0,0.5,-6.200000000000728,-18.899999999999636,0.0,0.0,0.0,0.0,0.0,0.0,7352.0,0
3.0100000000000002,18433.0,14753.0,11079.0,18428.5,14749.5,11076.5,5000.0,4000.0,3000.0,0.5,-6.200000000000728,-18.899999999999636,0.0,0.0,0.0,0.0,0.0,0.0,7354.0,0
3.011,18438.0,14757.0,11081.0,18433.5,14753.5,11079.5,5000.0,4000.0,2000.0,0.5,-6.200000000000728,-18.899999999999636,0.0,0.0,0.0,0.0,0.0,0.0,7357.0,0
3.012,18443.0,14761.0,11084.0,18438.5,14757.5,11081.5,5000.0,4000.0,3000.0,0.5,-6.200000000000728,-17.899999999999636,0.0,0.0,0.0,0.0,0.0,0.0,7359.0,0
3.013,18448.0,14765.0,11087.0,18443.5,14761.5,11084.5,5000.0,4000.0,3000.0,0.5,-6.200000000000728,-17.899999999999636,0.0,0.0,0.0,0.0,0.0,0.0,7361.0,0
3.0140000000000002,18453.0,14769.0,11090.0,18448.5,14765.5,11087.5,5000.0,4000.0,3000.0,0.5,-6.200000000000728,-17.899999999999636,0.0,0.0,0.0,0.0,0.0,0.0,7363.0,0
3.015,18458.0,14773.0,11093.0,18453.5,14769.5,11090.5,5000.0,4000.0,3000.0,0.5,-6.200000000000728,-17.899999999999636,0.0,0.0,0.0,0.0,0.0,0.0,7365.0,0
3.016,18463.0,14777.0,11095.0,18458.5,14773.5,11093.5,5000.0,4000.0,2000.0,0.5,-6.200000000000728,-17.899999999999636,0.0,0.0,0.0,0.0,0.0,0.0,7368.0,0
3.017,18468.0,14781.0,11098.0,18463.5,14777.5,11095.5,5000.0,4000.0,3000.0,0.5,-6.200000000000728,-16.899999999999636,0.0,0.0,0.0,0.0,0.0,0.0,7370.0,0
3.0180000000000002,18473.0,14785.0,11101.0,18468.5,14781.5,11098.5,5000.0,4000.0,3000.0,0.5,-6.200000000000728,-16.899999999999636,0.0,0.0,0.0,0.0,0.0,0.0,7372.0,0
3.019,18478.0,14789.0,11104.0,18473.5,14785.5,11101.5,5000.0,4000.0,3000.0,0.5,-6.200000000000728,-16.899999999999636,0.0,0.0,0.0,0.0,0.0,0.0,7374.0,0
3.02,18483.0,14793.0,11107.0,18478.5,14789.5,11104.5,5000.0,4000.0,3000.0,0.5,-6.200000000000728,-16.899999999999636,0.0,0.0,0.0,0.0,0.0,0.0,7376.0,0
3.021,18488.0,14797.0,11109.0,18483.5,14793.5,11107.5,5000.0,4000.0,2000.0,0.5,-6.200000000000728,-16.899999999999636,0.0,0.0,0.0,0.0,0.0,0.0,7379.0,0
3.0220000000000002,18493.0,14801.0,11112.0,18488.5,14797.5,11109.5,5000.0,4000.0,3000.0,0.5,-6.200000000000728,-15.899999999999636,0.0,0.0,0.0,0.0,0.0,0.0,7381.0,0
3.023,18498.0,14804.0,11115.0,18493.5,14801.5,11112.5,5000.0,3000.0,3000.0,0.5,-6.200000000000728,-15.899999999999636,0.0,0.0,0.0,0.0,0.0,0.0,7383.0,0
3.024,18503.0,14808.0,11118.0,18498.5,14804.5,11115.5,5000.0,4000.0,3000.0,0.5,-5.200000000000728,-15.899999999999636,0.0,0.0,0.0,0.0,0.0,0.0,7385.0,0
3.025,18508.0,14812.0,11120.0,18503.5,14808.5,11118.5,5000.0,4000.0,2000.0,0.5,-5.200000000000728,-15.899999999999636,0.0,0.0,0.0,0.0,0.0,0.0,7388.0,0
3.0260000000000002,18513.0,14816.0,11123.0,18508.5,14812.5,11120.5,5000.0,4000.0,3000.0,0.5,-5.200000000000728,-14.899999999999636,0.0,0.0,0.0,0.0,0.0,0.0,7390.0,0
3.027,18518.0,14820.0,11126.0,18513.5,14816.5,11123.5,5000.0,4000.0,3000.0,0.5,-5.200000000000728,-14.899999999999636,0.0,0.0,0.0,0.0,0.0,0.0,7392.0,0
3.028,18523.0,14824.0,11128.0,18518.5,14820.5,11126.5,5000.0,4000.0,2000.0,0.5,-5.200000000000728,-14.899999999999636,0.0,0.0,0.0,0.0,0.0,0.0,7395.0,0
3.029,18528.0,14828.0,11131.0,18523.5,14824.5,11128.5,5000.0,4000.0,3000.0,0.5,-5.200000000000728,-13.899999999999636,0.0,0.0,0.0,0.0,0.0,0.0,7397.0,0
3.0300000000000002,18533.0,14832.0,11134.0,18528.5,14828.5,11131.5,5000.0,4000.0,3000.0,0.5,-5.200000000000728,-13.899999999999636,0.0,0.0,0.0,0.0,0.0,0.0,7399.0,0
3.031,18538.0,14836.0,11137.0,18533.5,14832.5,11134.5,5000.0,4000.0,3000.0,0.5,-5.200000000000728,-13.899999999999636,0.0,0.0,0.0,0.0,0.0,0.0,7401.0,0
3.032,18543.0,14840.0,11139.0,18538.5,14836.5,11137.5,5000.0,4000.0,2000.0,0.5,-5.200000000000728,-13.899999999999636,0.0,0.0,0.0,0.0,0.0,0.0,7404.0,0
3.033,18548.0,14844.0,11142.0,18543.5,14840.5,11139.5,5000.0,4000.0,3000.0,0.5,-5.200000000000728,-12.899999999999636,0.0,0.0,0.0,0.0,0.0,0.0,7406.0,0
3.0340000000000003,18553.0,14848.0,11145.0,18548.5,14844.5,11142.5,5000.0,4000.0,3000.0,0.5,-5.200000000000728,-12.899999999999636,0.0,0.0,0.0,0.0,0.0,0.0,7408.0,0
3.035,18558.0,14852.0,11148.0,18553.5,14848.5,11145.5,5000.0,4000.0,3000.0,0.5,-5.200000000000728,-12.899999999999636,0.0,0.0,0.0,0.0,0.0,0.0,7410.0,0
3.036,18563.0,14856.0,11150.0,18558.5,14852.5,11148.5,5000.0,4000.0,2000.0,0.5,-5.200000000000728,-12.899999999999636,0.0,0.0,0.0,0.0,0.0,0.0,7413.0,0
3.037,18568.0,14860.0,11153.0,18563.5,14856.5,11150.5,5000.0,4000.0,3000.0,0.5,-5.200000000000728,-11.899999999999636,0.0,0.0,0.0,0.0,0.0,0.0,7415.0,0
3.0380000000000003,18573.0,14864.0,11156.0,18568.5,14860.5,11153.5,5000.0,4000.0,3000.0,0.5,-5.200000000000728,-11.899999999999636,0.0,0.0,0.0,0.0,0.0,0.0,7417.0,0
3.039,18578.0,14868.0,11159.0,18573.5,14864.5,11156.5,5000.0,4000.0,3000.0,0.5,-5.200000000000728,-11.899999999999636,0.0,0.0,0.0,0.0,0.0,0.0,7419.0,0
3.04,18583.0,14872.0,11161.0,18578.5,14868.5,11159.5,5000.0,4000.0,2000.0,0.5,-5.200000000000728,-11.899999999999636,0.0,0.0,0.0,0.0,0.0,0.0,7422.0,0
3.041,18588.0,14876.0,11164.0,18583.5,14872.5,11161.5,5000.0,4000.0,3000.0,0.5,-5.200000000000728,-10.899999999999636,0.0,0.0,0.0,0.0,0.0,0.0,7424.0,0
3.0420000000000003,18593.0,14880.0,11167.0,18588.5,14876.5,11164.5,5000.0,4000.0,3000.0,0.5,-5.200000000000728,-10.899999999999636,0.0,0.0,0.0,0.0,0.0,0.0,7426.0,0
3.043,18598.0,14884.0,11169.0,18593.5,14880.5,11167.5,5000.0,4000.0,2000.0,0.5,-5.200000000000728,-10.899999999999636,0.0,0.0,0.0,0.0,0.0,0.0,7429.0,0
3.044,18603.0,14888.0,11172.0,18598.5,14884.5,11169.5,5000.0,4000.0,3000.0,0.5,-5.200000000000728,-9.899999999999636,0.0,0.0,0.0,0.0,0.0,0.0,7431.0,0
3.045,18608.0,14892.0,11175.0,18603.5,14888.5,11172.5,5000.0,4000.0,3000.0,0.5,-5.200000000000728,-9.899999999999636,0.0,0.0,0.0,0.0,0.0,0.0,7433.0,0
3.0460000000000003,18613.0,14896.0,11178.0,18608.5,14892.5,11175.5,5000.0,4000.0,3000.0,0.5,-5.200000000000728,-9.899999999999636,0.0,0.0,0.0,0.0,0.0,0.0,7435.0,0
3.047,18618.0,14900.0,11181.0,18613.5,14896.5,11178.5,5000.0,4000.0,3000.0,0.5,-5.200000000000728,-9.899999999999636,0.0,0.0,0.0,0.0,0.0,0.0,7437.0,0
3.048,18623.0,14904.0,11184.0,18618.5,14900.5,11181.5,5000.0,4000.0,3000.0,0.5,-5.200000000000728,-9.899999999999636,0.0,0.0,0.0,0.0,0.0,0.0,7439.0,0
3.049,18628.0,14908.0,11187.0,18623.5,14904.5,11184.5,5000.0,4000.0,3000.0,0.5,-5.200000000000728,-9.899999999999636,0.0,0.0,0.0,0.0,0.0,0.0,7441.0,0
3.0500000000000003,18633.0,14912.0,11190.0,18628.5,14908.5,11187.5,5000.0,4000.0,3000.0,0.5,-5.200000000000728,-9.899999999999636,0.0,0.0,0.0,0.0,0.0,0.0,7443.0,0
3.051,18638.0,14916.0,11193.0,18633.5,14912.5,11190.5,5000.0,4000.0,3000.0,0.5,-5.200000000000728,-9.899999999999636,0.0,0.0,0.0,0.0,0.0,0.0,7445.0,0
3.052,18643.0,14920.0,11196.0,18638.5,14916.5,11193.5,5000.0,4000.0,3000.0,0.5,-5.200000000000728,-9.899999999999636,0.0,0.0,0.0,0.0,0.0,0.0,7447.0,0
3.053,18648.0,14924.0,11199.0,18643.5,14920.5,11196.5,5000.0,4000.0,3000.0,0.5,-5.200000000000728,-9.899999999999636,0.0,0.0,0.0,0.0,0.0,0.0,7449.0,0
3.0540000000000003,18653.0,14928.0,11202.0,18648.5,14924.5,11199.5,5000.0,4000.0,3000.0,0.5,-5.200000000000728,-9.899999999999636,0.0,0.0,0.0,0.0,0.0,0.0,7451.0,0
3.055,18658.0,14932.0,11205.0,18653.5,14928.5,11202.5,5000.0,4000.0,3000.0,0.5,-5.200000000000728,-9.899999999999636,0.0,0.0,0.0,0.0,0.0,0.0,7453.0,0
3.056,18663.0,14936.0,11208.0,18658.5,14932.5,11205.5,5000.0,4000.0,3000.0,0.5,-5.200000000000728,-9.899999999999636,0.0,0.0,0.0,0.0,0.0,0.0,7455.0,0
3.057,18668.0,14940.0,11211.0,18663.5,14936.5,11208.5,5000.0,4000.0,3000.0,0.5,-5.200000000000728,-9.899999999999636,0.0,0.0,0.0,0.0,0.0,0.0,7457.0,0
3.0580000000000003,18673.0,14944.0,11214.0,18668.5,14940.5,11211.5,5000.0,4000.0,3000.0,0.5,-5.200000000000728,-9.899999999999636,0.0,0.0,0.0,0.0,0.0,0.0,7459.0,0
3.059,18678.0,14948.0,11217.0,18673.5,14944.5,11214.5,5000.0,4000.0,3000.0,0.5,-5.200000000000728,-9.899999999999636,0.0,0.0,0.0,0.0,0.0,0.0,7461.0,0
3.06,18683.0,14952.0,11220.0,18678.5,14948.5,11217.5,5000.0,4000.0,3000.0,0.5,-5.200000000000728,-9.899999999999636,0.0,0.0,0.0,0.0,0.0,0.0,7463.0,0
3.061,18688.0,14956.0,11223.0,18683.5,14952.5,11220.5,5000.0,4000.0,3000.0,0.5,-5.200000000000728,-9.899999999999636,0.0,0.0,0.0,0.0,0.0,0.0,7465.0,0
3.0620000000000003,18693.0,14960.0,11226.0,18688.5,14956.5,11223.5,5000.0,4000.0,3000.0,0.5,-5.200000000000728,-9.899999999999636,0.0,0.0,0.0,0.0,0.0,0.0,7467.0,0
3.063,18698.0,14964.0,11229.0,18693.5,14960.5,11226.5,5000.0,4000.0,3000.0,0.5,-5.200000000000728,-9.899999999999636,0.0,0.0,0.0,0.0,0.0,0.0,7469.0,0
3.064,18703.0,14968.0,11232.0,18698.5,14964.5,11229.5,5000.0,4000.0,3000.0,0.5,-5.200000000000728,-9.899999999999636,0.0,0.0,0.0,0.0,0.0,0.0,7471.0,0
3.065,18708.0,14972.0,11235.0,18703.5,14968.5,11232.5,5000.0,4000.0,3000.0,0.5,-5.200000000000728,-9.899999999999636,0.0,0.0,0.0,0.0,0.0,0.0,7473.0,0
3.0660000000000003,18713.0,14976.0,11238.0,18708.5,14972.5,11235.5,5000.0,4000.0,3000.0,0.5,-5.200000000000728,-9.899999999999636,0.0,0.0,0.0,0.0,0.0,0.0,7475.0,0
3.067,18718.0,14980.0,11241.0,18713.5,14976.5,11238.5,5000.0,4000.0,3000.0,0.5,-5.200000000000728,-9.899999999999636,0.0,0.0,0.0,0.0,0.0,0.0,7477.0,0
3.068,18723.0,14984.0,11244.0,18718.5,14980.5,11241.5,5000.0,4000.0,3000.0,0.5,-5.200000000000728,-9.899999999999636,0.0,0.0,0.0,0.0,0.0,0.0,7479.0,0
3.069,18728.0,14988.0,11247.0,18723.5,14984.5,11244.5,5000.0,4000.0,3000.0,0.5,-5.200000000000728,-9.899999999999636,0.0,0.0,0.0,0.0,0.0,0.0,7481.0,0
3.0700000000000003,18733.0,14992.0,11250.0,18728.5,14988.5,11247.5,5000.0,4000.0,3000.0,0.5,-5.200000000000728,-9.899999999999636,0.0,0.0,0.0,0.0,0.0,0.0,7483.0,0
3.071,18738.0,14996.0,11253.0,18733.5,14992.5,11250.5,5000.0,4000.0,3000.0,0.5,-5.200000000000728,-9.899999999999636,0.0,0.0,0.0,0.0,0.0,0.0,7485.0,0
3.072,18743.0,15000.0,11256.0,18738.5,14996.5,11253.5,5000.0,4000.0,3000.0,0.5,-5.200000000000728,-9.899999999999636,0.0,0.0,0.0,0.0,0.0,0.0,7487.0,0
3.073,18748.0,15004.0,11259.0,18743.5,15000.5,11256.5,5000.0,4000.0,3000.0,0.5,-5.200000000000728,-9.899999999999636,0.0,0.0,0.0,0.0,0.0,0.0,7489.0,0
3.074,18753.0,15008.0,11262.0,18748.5,15004.5,11259.5,5000.0,4000.0,3000.0,0.5,-5.200000000000728,-9.899999999999636,0.0,0.0,0.0,0.0,0.0,0.0,7491.0,0
3.075,18758.0,15012.0,11265.0,18753.5,15008.5,11262.5,5000.0,4000.0,3000.0,0.5,-5.200000000000728,-9.899999999999636,0.0,0.0,0.0,0.0,0.0,0.0,7493.0,0
3.076,18763.0,15016.0,11268.0,18758.5,15012.5,11265.5,5000.0,4000.0,3000.0,0.5,-5.200000000000728,-9.899999999999636,0.0,0.0,0.0,0.0,0.0,0.0,7495.0,0
3.077,18768.0,15020.0,11271.0,18763.5,15016.5,11268.5,5000.0,4000.0,3000.0,0.5,-5.200000000000728,-9.899999999999636,0.0,0.0,0.0,0.0,0.0,0.0,7497.0,0
3.078,18773.0,15024.0,11274.0,18768.5,15020.5,11271.5,5000.0,4000.0,3000.0,0.5,-5.200000000000728,-9.899999999999636,0.0,0.0,0.0,0.0,0.0,0.0,7499.0,0
3.079,18778.0,15028.0,11277.0,18773.5,15024.5,11274.5,5000.0,4000.0,3000.0,0.5,-5.200000000000728,-9.899999999999636,0.0,0.0,0.0,0.0,0.0,0.0,7501.0,0
3.08,18783.0,15032.0,11280.0,18778.5,15028.5,11277.5,5000.0,4000.0,3000.0,0.5,-5.200000000000728,-9.899999999999636,0.0,0.0,0.0,0.0,0.0,0.0,7503.0,0
3.081,18788.0,15036.0,11283.0,18783.5,15032.5,11280.5,5000.0,4000.0,3000.0,0.5,-5.200000000000728,-9.899999999999636,0.0,0.0,0.0,0.0,0.0,0.0,7505.0,0
3.082,18793.0,15040.0,11286.0,18788.5,15036.5,11283.5,5000.0,4000.0,3000.0,0.5,-5.200000000000728,-9.899999999999636,0.0,0.0,0.0,0.0,0.0,0.0,7507.0,0
3.083,18798.0,15044.0,11289.0,18793.5,15040.5,11286.5,5000.0,4000.0,3000.0,0.5,-5.200000000000728,-9.899999999999636,0.0,0.0,0.0,0.0,0.0,0.0,7509.0,0
3.084,18803.0,15048.0,11292.0,18798.5,15044.5,11289.5,5000.0,4000.0,3000.0,0.5,-5.200000000000728,-9.899999999999636,0.0,0.0,0.0,0.0,0.0,0.0,7511.0,0
3.085,18808.0,15052.0,11295.0,18803.5,15048.5,11292.5,5000.0,4000.0,3000.0,0.5,-5.200000000000728,-9.899999999999636,0.0,0.0,0.0,0.0,0.0,0.0,7513.0,0
3.086,18813.0,15056.0,11298.0,18808.5,15052.5,11295.5,5000.0,4000.0,3000.0,0.5,-5.200000000000728,-9.899999999999636,0.0,0.0,0.0,0.0,0.0,0.0,7515.0,0
3.087,18818.0,15060.0,11301.0,18813.5,15056.5,11298.5,5000.0,4000.0,3000.0,0.5,-5.200000000000728,-9.899999999999636,0.0,0.0,0.0,0.0,0.0,0.0,7517.0,0
3.088,18823.0,15064.0,11304.0,18818.5,15060.5,11301.5,5000.0,4000.0,3000.0,0.5,-5.200000000000728,-9.899999999999636,0.0,0.0,0.0,0.0,0.0,0.0,7519.0,0
3.089,18828.0,15068.0,11307.0,18823.5,15064.5,11304.5,5000.0,4000.0,3000.0,0.5,-5.200000000000728,-9.899999999999636,0.0,0.0,0.0,0.0,0.0,0.0,7521.0,0
3.09,18833.0,15072.0,11310.0,18828.5,15068.5,11307.5,5000.0,4000.0,3000.0,0.5,-5.200000000000728,-9.899999999999636,0.0,0.0,0.0,0.0,0.0,0.0,7523.0,0
3.091,18838.0,15076.0,11313.0,18833.5,15072.5,11310.5,5000.0,4000.0,3000.0,0.5,-5.200000000000728,-9.899999999999636,0.0,0.0,0.0,0.0,0.0,0.0,7525.0,0
3.092,18843.0,15080.0,11316.0,18838.5,15076.5,11313.5,5000.0,4000.0,3000.0,0.5,-5.200000000000728,-9.899999999999636,0.0,0.0,0.0,0.0,0.0,0.0,7527.0,0
3.093,18848.0,15084.0,11319.0,18843.5,15080.5,11316.5,5000.0,4000.0,3000.0,0.5,-5.200000000000728,-9.899999999999636,0.0,0.0,0.0,0.0,0.0,0.0,7529.0,0
3.094,18853.0,15088.0,11322.0,18848.5,15084.5,11319.5,5000.0,4000.0,3000.0,0.5,-5.200000000000728,-9.899999999999636,0.0,0.0,0.0,0.0,0.0,0.0,7531.0,0
3.095,18858.0,15092.0,11325.0,18853.5,15088.5,11322.5,5000.0,4000.0,3000.0,0.5,-5.200000000000728,-9.899999999999636,0.0,0.0,0.0,0.0,0.0,0.0,7533.0,0
3.096,18863.0,15096.0,11328.0,18858.5,15092.5,11325.5,5000.0,4000.0,3000.0,0.5,-5.200000000000728,-9.899999999999636,0.0,0.0,0.0,0.0,0.0,0.0,7535.0,0
3.097,18868.0,15100.0,11331.0,18863.5,15096.5,11328.5,5000.0,4000.0,3000.0,0.5,-5.200000000000728,-9.899999999999636,0.0,0.0,0.0,0.0,0.0,0.0,7537.0,0
3.098,18873.0,15104.0,11334.0,18868.5,15100.5,11331.5,5000.0,4000.0,3000.0,0.5,-5.200000000000728,-9.899999999999636,0.0,0.0,0.0,0.0,0.0,0.0,7539.0,0
3.099,18878.0,15108.0,11337.0,18873.5,15104.5,11334.5,5000.0,4000.0,3000.0,0.5,-5.200000000000728,-9.899999999999636,0.0,0.0,0.0,0.0,0.0,0.0,7541.0,0
3.1,18883.0,15112.0,11340.0,18878.5,15108.5,11337.5,5000.0,4000.0,3000.0,0.5,-5.200000000000728,-9.899999999999636,0.0,0.0,0.0,0.0,0.0,0.0,7543.0,0
3.101,18888.0,15116.0,11343.0,18883.5,15112.5,11340.5,5000.0,4000.0,3000.0,0.5,-5.200000000000728,-9.899999999999636,0.0,0.0,0.0,0.0,0.0,0.0,7545.0,0
3.102,18893.0,15120.0,11346.0,18888.5,15116.5,11343.5,5000.0,4000.0,3000.0,0.5,-5.200000000000728,-9.899999999999636,0.0,0.0,0.0,0.0,0.0,0.0,7547.0,0
3.103,18898.0,15124.0,11349.0,18893.5,15120.5,11346.5,5000.0,4000.0,3000.0,0.5,-5.200000000000728,-9.899999999999636,0.0,0.0,0.0,0.0,0.0,0.0,7549.0,0
3.104,18903.0,15128.0,11352.0,18898.5,15124.5,11349.5,5000.0,4000.0,3000.0,0.5,-5.200000000000728,-9.899999999999636,0.0,0.0,0.0,0.0,0.0,0.0,7551.0,0
3.105,18908.0,15132.0,11355.0,18903.5,15128.5,11352.5,5000.0,4000.0,3000.0,0.5,-5.200000000000728,-9.899999999999636,0.0,0.0,0.0,0.0,0.0,0.0,7553.0,0
3.106,18913.0,15136.0,11358.0,18908.5,15132.5,11355.5,5000.0,4000.0,3000.0,0.5,-5.200000000000728,-9.899999999999636,0.0,0.0,0.0,0.0,0.0,0.0,7555.0,0
3.107,18918.0,15140.0,11361.0,18913.5,15136.5,11358.5,5000.0,4000.0,3000.0,0.5,-5.200000000000728,-9.899999999999636,0.0,0.0,0.0,0.0,0.0,0.0,7557.0,0
3.108,18923.0,15143.0,11364.0,18918.5,15140.5,11361.5,5000.0,3000.0,3000.0,0.5,-5.200000000000728,-9.899999999999636,0.0,0.0,0.0,0.0,0.0,0.0,7559.0,0
3.109,18928.0,15147.0,11367.0,18923.5,15143.5,11364.5,5000.0,4000.0,3000.0,0.5,-4.200000000000728,-9.899999999999636,0.0,0.0,0.0,0.0,0.0,0.0,7561.0,0
3.11,18933.0,15151.0,11370.0,18928.5,15147.5,11367.5,5000.0,4000.0,3000.0,0.5,-4.200000000000728,-9.899999999999636,0.0,0.0,0.0,0.0,0.0,0.0,7563.0,0
3.111,18938.0,15155.0,11373.0,18933.5,15151.5,11370.5,5000.0,4000.0,3000.0,0.5,-4.200000000000728,-9.899999999999636,0.0,0.0,0.0,0.0,0.0,0.0,7565.0,0
3.112,18943.0,15159.0,11376.0,18938.5,15155.5,11373.5,5000.0,4000.0,3000.0,0.5,-4.200000000000728,-9.899999999999636,0.0,0.0,0.0,0.0,0.0,0.0,7567.0,0
3.113,18948.0,15163.0,11379.0,18943.5,15159.5,11376.5,5000.0,4000.0,3000.0,0.5,-4.200000000000728,-9.899999999999636,0.0,0.0,0.0,0.0,0.0,0.0,7569.0,0
3.114,18953.0,15167.0,11382.0,18948.5,15163.5,11379.5,5000.0,4000.0,3000.0,0.5,-4.200000000000728,-9.899999999999636,0.0,0.0,0.0,0.0,0.0,0.0,7571.0,0
3.115,18958.0,15171.0,11385.0,18953.5,15167.5,11382.5,5000.0,4000.0,3000.0,0.5,-4.200000000000728,-9.899999999999636,0.0,0.0,0.0,0.0,0.0,0.0,7573.0,0
3.116,18963.0,15175.0,11388.0,18958.5,15171.5,11385.5,5000.0,4000.0,3000.0,0.5,-4.200000000000728,-9.899999999999636,0.0,0.0,0.0,0.0,0.0,0.0,7575.0,0
3.117,18968.0,15179.0,11391.0,18963.5,15175.5,11388.5,5000.0,4000.0,3000.0,0.5,-4.200000000000728,-9.899999999999636,0.0,0.0,0.0,0.0,0.0,0.0,7577.0,0
3.118,18973.0,15183.0,11394.0,18968.5,15179.5,11391.5,5000.0,4000.0,3000.0,0.5,-4.200000000000728,-9.899999999999636,0.0,0.0,0.0,0.0,0.0,0.0,7579.0,0
3.119,18978.0,15187.0,11397.0,18973.5,15183.5,11394.5,5000.0,4000.0,3000.0,0.5,-4.200000000000728,-9.899999999999636,0.0,0.0,0.0,0.0,0.0,0.0,7581.0,0
3.12,18983.0,15191.0,11400.0,18978.5,15187.5,11397.5,5000.0,4000.0,3000.0,0.5,-4.200000000000728,-9.899999999999636,0.0,0.0,0.0,0.0,0.0,0.0,7583.0,0
3.121,18988.0,15195.0,11403.0,18983.5,15191.5,11400.5,5000.0,4000.0,3000.0,0.5,-4.200000000000728,-9.899999999999636,0.0,0.0,0.0,0.0,0.0,0.0,7585.0,0
3.122,18993.0,15199.0,11406.0,18988.5,15195.5,11403.5,5000.0,4000.0,3000.0,0.5,-4.200000000000728,-9.899999999999636,0.0,0.0,0.0,0.0,0.0,0.0,7587.0,0
3.123,18998.0,15203.0,11409.0,18993.5,15199.5,11406.5,5000.0,4000.0,3000.0,0.5,-4.200000000000728,-9.899999999999636,0.0,0.0,0.0,0.0,0.0,0.0,7589.0,0
3.124,19003.0,15207.0,11412.0,18998.5,15203.5,11409.5,5000.0,4000.0,3000.0,0.5,-4.200000000000728,-9.899999999999636,0.0,0.0,0.0,0.0,0.0,0.0,7591.0,0
3.125,19008.0,15211.0,11415.0,19003.5,15207.5,11412.5,5000.0,4000.0,3000.0,0.5,-4.200000000000728,-9.899999999999636,0.0,0.0,0.0,0.0,0.0,0.0,7593.0,0
3.126,19013.0,15215.0,11418.0,19008.5,15211.5,11415.5,5000.0,4000.0,3000.0,0.5,-4.200000000000728,-9.899999999999636,0.0,0.0,0.0,0.0,0.0,0.0,7595.0,0
3.1270000000000002,19018.0,15219.0,11421.0,19013.5,15215.5,11418.5,5000.0,4000.0,3000.0,0.5,-4.200000000000728,-9.899999999999636,0.0,0.0,0.0,0.0,0.0,0.0,7597.0,0
3.128,19023.0,15223.0,11424.0,19018.5,15219.5,11421.5,5000.0,4000.0,3000.0,0.5,-4.200000000000728,-9.899999999999636,0.0,0.0,0.0,0.0,0.0,0.0,7599.0,0
3.129,19028.0,15227.0,11427.0,19023.5,15223.5,11424.5,5000.0,4000.0,3000.0,0.5,-4.200000000000728,-9.899999999999636,0.0,0.0,0.0,0.0,0.0,0.0,7601.0,0
3.13,19033.0,15231.0,11430.0,19028.5,15227.5,11427.5,5000.0,4000.0,3000.0,0.5,-4.200000000000728,-9.899999999999636,0.0,0.0,0.0,0.0,0.0,0.0,7603.0,0
3.1310000000000002,19038.0,15235.0,11433.0,19033.5,15231.5,11430.5,5000.0,4000.0,3000.0,0.5,-4.200000000000728,-9.899999999999636,0.0,0.0,0.0,0.0,0.0,0.0,7605.0,0
3.132,19043.0,15239.0,11436.0,19038.5,15235.5,11433.5,5000.0,4000.0,3000.0,0.5,-4.200000000000728,-9.899999999999636,0.0,0.0,0.0,0.0,0.0,0.0,7607.0,0
3.133,19048.0,15243.0,11439.0,19043.5,15239.5,11436.5,5000.0,4000.0,3000.0,0.5,-4.200000000000728,-9.899999999999636,0.0,0.0,0.0,0.0,0.0,0.0,7609.0,0
3.134,19053.0,15247.0,11441.0,19048.5,15243.5,11439.5,5000.0,4000.0,2000.0,0.5,-4.200000000000728,-9.899999999999636,0.0,0.0,0.0,0.0,0.0,0.0,7612.0,0
3.1350000000000002,19058.0,15251.0,11444.0,19053.5,15247.5,11441.5,5000.0,4000.0,3000.0,0.5,-4.200000000000728,-8.899999999999636,0.0,0.0,0.0,0.0,0.0,0.0,7614.0,0
3.136,19063.0,15255.0,11447.0,19058.5,15251.5,11444.5,5000.0,4000.0,3000.0,0.5,-4.200000000000728,-8.899999999999636,0.0,0.0,0.0,0.0,0.0,0.0,7616.0,0
3.137,19068.0,15259.0,11450.0,19063.5,15255.5,11447.5,5000.0,4000.0,3000.0,0.5,-4.200000000000728,-8.899999999999636,0.0,0.0,0.0,0.0,0.0,0.0,7618.0,0
3.138,19073.0,15263.0,11453.0,19068.5,15259.5,11450.5,5000.0,4000.0,3000.0,0.5,-4.200000000000728,-8.899999999999636,0.0,0.0,0.0,0.0,0.0,0.0,7620.0,0
3.1390000000000002,19079.0,15267.0,11456.0,19073.5,15263.5,11453.5,6000.0,4000.0,3000.0,0.5,-4.200000000000728,-8.899999999999636,0.0,0.0,0.0,0.0,0.0,0.0,7623.0,0
3.14,19084.0,15271.0,11459.0,19079.5,15267.5,11456.5,5000.0,4000.0,3000.0,0.5,-3.399999999999636,-8.299999999999272,0.0,0.0,0.0,0.0,0.0,0.0,7625.0,0
3.141,19089.0,15275.0,11462.0,19084.5,15271.5,11459.5,5000.0,4000.0,3000.0,0.5,-3.399999999999636,-8.299999999999272,0.0,0.0,0.0,0.0,0.0,0.0,7627.0,0
3.142,19094.0,15279.0,11465.0,19089.5,15275.5,11462.5,5000.0,4000.0,3000.0,0.5,-3.399999999999636,-8.299999999999272,0.0,0.0,0.0,0.0,0.0,0.0,7629.0,0
3.1430000000000002,19099.0,15283.0,11468.0,19094.5,15279.5,11465.5,5000.0,4000.0,3000.0,0.5,-3.399999999999636,-8.299999999999272,0.0,0.0,0.0,0.0,0.0,0.0,7631.0,0
3.144,19104.0,15287.0,11471.0,19099.5,15283.5,11468.5,5000.0,4000.0,3000.0,0.5,-3.399999999999636,-8.299999999999272,0.0,0.0,0.0,0.0,0.0,0.0,7633.0,0
3.145,19109.0,15291.0,11474.0,19104.5,15287.5,11471.5,5000.0,4000.0,3000.0,0.5,-3.399999999999636,-8.299999999999272,0.0,0.0,0.0,0.0,0.0,0.0,7635.0,0
3.146,19114.0,15295.0,11477.0,19109.5,15291.5,11474.5,5000.0,4000.0,3000.0,0.5,-3.399999999999636,-8.299999999999272,0.0,0.0,0.0,0.0,0.0,0.0,7637.0,0
3.1470000000000002,19119.0,15299.0,11480.0,19114.5,15295.5,11477.5,5000.0,4000.0,3000.0,0.5,-3.399999999999636,-8.299999999999272,0.0,0.0,0.0,0.0,0.0,0.0,7639.0,0
3.148,19124.0,15303.0,11483.0,19119.5,15299.5,11480.5,5000.0,4000.0,3000.0,0.5,-3.399999999999636,-8.299999999999272,0.0,0.0,0.0,0.0,0.0,0.0,7641.0,0
3.149,19129.0,15307.0,11486.0,19124.5,15303.5,11483.5,5000.0,4000.0,3000.0,0.5,-3.399999999999636,-8.299999999999272,0.0,0.0,0.0,0.0,0.0,0.0,7643.0,0
3.15,19134.0,15311.0,11489.0,19129.5,15307.5,11486.5,5000.0,4000.0,3000.0,0.5,-3.399999999999636,-8.299999999999272,0.0,0.0,0.0,0.0,0.0,0.0,7645.0,0
3.1510000000000002,19139.0,15315.0,11492.0,19134.5,15311.5,11489.5,5000.0,4000.0,3000.0,0.5,-3.399999999999636,-8.299999999999272,0.0,0.0,0.0,0.0,0.0,0.0,7647.0,0
3.152,19144.0,15319.0,11495.0,19139.5,15315.5,11492.5,5000.0,4000.0,3000.0,0.5,-3.399999999999636,-8.299999999999272,0.0,0.0,0.0,0.0,0.0,0.0,7649.0,0
3.153,19149.0,15323.0,11498.0,19144.5,15319.5,11495.5,5000.0,4000.0,3000.0,0.5,-3.399999999999636,-8.299999999999272,0.0,0.0,0.0,0.0,0.0,0.0,7651.0,0
3.154,19154.0,15327.0,11501.0,19149.5,15323.5,11498.5,5000.0,4000.0,3000.0,0.5,-3.399999999999636,-8.299999999999272,0.0,0.0,0.0,0.0,0.0,0.0,7653.0,0
3.1550000000000002,19159.0,15331.0,11504.0,19154.5,15327.5,11501.5,5000.0,4000.0,3000.0,0.5,-3.399999999999636,-8.299999999999272,0.0,0.0,0.0,0.0,0.0,0.0,7655.0,0
3.156,19164.0,15335.0,11507.0,19159.5,15331.5,11504.5,5000.0,4000.0,3000.0,0.5,-3.399999999999636,-8.299999999999272,0.0,0.0,0.0,0.0,0.0,0.0,7657.0,0
3.157,19169.0,15339.0,11510.0,19164.5,15335.5,11507.5,5000.0,4000.0,3000.0,0.5,-3.399999999999636,-8.299999999999272,0.0,0.0,0.0,0.0,0.0,0.0,7659.0,0
3.158,19174.0,15343.0,11513.0,19169.5,15339.5,11510.5,5000.0,4000.0,3000.0,0.5,-3.399999999999636,-8.299999999999272,0.0,0.0,0.0,0.0,0.0,0.0,7661.0,0
3.1590000000000003,19179.0,15347.0,11516.0,19174.5,15343.5,11513.5,5000.0,4000.0,3000.0,0.5,-3.399999999999636,-8.299999999999272,0.0,0.0,0.0,0.0,0.0,0.0,7663.0,0
3.16,19184.0,15351.0,11519.0,19179.5,15347.5,11516.5,5000.0,4000.0,3000.0,0.5,-3.399999999999636,-8.299999999999272,0.0,0.0,0.0,0.0,0.0,0.0,7665.0,0
3.161,19189.0,15355.0,11522.0,19184.5,15351.5,11519.5,5000.0,4000.0,3000.0,0.5,-3.399999999999636,-8.299999999999272,0.0,0.0,0.0,0.0,0.0,0.0,7667.0,0
3.162,19194.0,15359.0,11525.0,19189.5,15355.5,11522.5,5000.0,4000.0,3000.0,0.5,-3.399999999999636,-8.299999999999272,0.0,0.0,0.0,0.0,0.0,0.0,7669.0,0
3.1630000000000003,19199.0,15363.0,11528.0,19194.5,15359.5,11525.5,5000.0,4000.0,3000.0,0.5,-3.399999999999636,-8.299999999999272,0.0,0.0,0.0,0.0,0.0,0.0,7671.0,0
3.164,19204.0,15367.0,11531.0,19199.5,15363.5,11528.5,5000.0,4000.0,3000.0,0.5,-3.399999999999636,-8.299999999999272,0.0,0.0,0.0,0.0,0.0,0.0,7673.0,0
3.165,19209.0,15371.0,11534.0,19204.5,15367.5,11531.5,5000.0,4000.0,3000.0,0.5,-3.399999999999636,-8.299999999999272,0.0,0.0,0.0,0.0,0.0,0.0,7675.0,0
3.166,19214.0,15375.0,11537.0,19209.5,15371.5,11534.5,5000.0,4000.0,3000.0,0.5,-3.399999999999636,-8.299999999999272,0.0,0.0,0.0,0.0,0.0,0.0,7677.0,0
3.1670000000000003,19219.0,15379.0,11540.0,19214.5,15375.5,11537.5,5000.0,4000.0,3000.0,0.5,-3.399999999999636,-8.299999999999272,0.0,0.0,0.0,0.0,0.0,0.0,7679.0,0
3.168,19224.0,15383.0,11543.0,19219.5,15379.5,11540.5,5000.0,4000.0,3000.0,0.5,-3.399999999999636,-8.299999999999272,0.0,0.0,0.0,0.0,0.0,0.0,7681.0,0
3.169,19229.0,15387.0,11546.0,19224.5,15383.5,11543.5,5000.0,4000.0,3000.0,0.5,-3.399999999999636,-8.299999999999272,0.0,0.0,0.0,0.0,0.0,0.0,7683.0,0
3.17,19234.0,15391.0,11549.0,19229.5,15387.5,11546.5,5000.0,4000.0,3000.0,0.5,-3.399999999999636,-8.299999999999272,0.0,0.0,0.0,0.0,0.0,0.0,7685.0,0
3.1710000000000003,19239.0,15395.0,11552.0,19234.5,15391.5,11549.5,5000.0,4000.0,3000.0,0.5,-3.399999999999636,-8.299999999999272,0.0,0.0,0.0,0.0,0.0,0.0,7687.0,0
3.172,19244.0,15399.0,11555.0,19239.5,15395.5,11552.5,5000.0,4000.0,3000.0,0.5,-3.399999999999636,-8.299999999999272,0.0,0.0,0.0,0.0,0.0,0.0,7689.0,0
3.173,19249.0,15403.0,11558.0,19244.5,15399.5,11555.5,5000.0,4000.0,3000.0,0.5,-3.399999999999636,-8.299999999999272,0.0,0.0,0.0,0.0,0.0,0.0,7691.0,0
3.174,19254.0,15407.0,11561.0,19249.5,15403.5,11558.5,5000.0,4000.0,3000.0,0.5,-3.399999999999636,-8.299999999999272,0.0,0.0,0.0,0.0,0.0,0.0,7693.0,0
3.1750000000000003,19259.0,15411.0,11564.0,19254.5,15407.5,11561.5,5000.0,4000.0,3000.0,0.5,-3.399999999999636,-8.299999999999272,0.0,0.0,0.0,0.0,0.0,0.0,7695.0,0
3.176,19264.0,15415.0,11567.0,19259.5,15411.5,11564.5,5000.0,4000.0,3000.0,0.5,-3.399999999999636,-8.299999999999272,0.0,0.0,0.0,0.0,0.0,0.0,7697.0,0
3.177,19269.0,15419.0,11570.0,19264.5,15415.5,11567.5,5000.0,4000.0,3000.0,0.5,-3.399999999999636,-8.299999999999272,0.0,0.0,0.0,0.0,0.0,0.0,7699.0,0
3.178,19274.0,15423.0,11573.0,19269.5,15419.5,11570.5,5000.0,4000.0,3000.0,0.5,-3.399999999999636,-8.299999999999272,0.0,0.0,0.0,0.0,0.0,0.0,7701.0,0
3.1790000000000003,19279.0,15427.0,11576.0,19274.5,15423.5,11573.5,5000.0,4000.0,3000.0,0.5,-3.399999999999636,-8.299999999999272,0.0,0.0,0.0,0.0,0.0,0.0,7703.0,0
3.18,19284.0,15431.0,11579.0,19279.5,15427.5,11576.5,5000.0,4000.0,3000.0,0.5,-3.399999999999636,-8.299999999999272,0.0,0.0,0.0,0.0,0.0,0.0,7705.0,0
3.181,19289.0,15435.0,11582.0,19284.5,15431.5,11579.5,5000.0,4000.0,3000.0,0.5,-3.399999999999636,-8.299999999999272,0.0,0.0,0.0,0.0,0.0,0.0,7707.0,0
3.182,19294.0,15439.0,11585.0,19289.5,15435.5,11582.5,5000.0,4000.0,3000.0,0.5,-3.399999999999636,-8.299999999999272,0.0,0.0,0.0,0.0,0.0,0.0,7709.0,0
3.1830000000000003,19299.0,15443.0,11588.0,19294.5,15439.5,11585.5,5000.0,4000.0,3000.0,0.5,-3.399999999999636,-8.299999999999272,0.0,0.0,0.0,0.0,0.0,0.0,7711.0,0
3.184,19304.0,15447.0,11591.0,19299.5,15443.5,11588.5,5000.0,4000.0,3000.0,0.5,-3.399999999999636,-8.299999999999272,0.0,0.0,0.0,0.0,0.0,0.0,7713.0,0
3.185,19309.0,15451.0,11594.0,19304.5,15447.5,11591.5,5000.0,4000.0,3000.0,0.5,-3.399999999999636,-8.299999999999272,0.0,0.0,0.0,0.0,0.0,0.0,7715.0,0
3.186,19314.0,15455.0,11597.0,19309.5,15451.5,11594.5,5000.0,4000.0,3000.0,0.5,-3.399999999999636,-8.299999999999272,0.0,0.0,0.0,0.0,0.0,0.0,7717.0,0
3.1870000000000003,19319.0,15459.0,11600.0,19314.5,15455.5,11597.5,5000.0,4000.0,3000.0,0.5,-3.399999999999636,-8.299999999999272,0.0,0.0,0.0,0.0,0.0,0.0,7719.0,0
3.188,19324.0,15463.0,11603.0,19319.5,15459.5,11600.5,5000.0,4000.0,3000.0,0.5,-3.399999999999636,-8.299999999999272,0.0,0.0,0.0,0.0,0.0,0.0,7721.0,0
3.189,19329.0,15467.0,11606.0,19324.5,15463.5,11603.5,5000.0,4000.0,3000.0,0.5,-3.399999999999636,-8.299999999999272,0.0,0.0,0.0,0.0,0.0,0.0,7723.0,0
3.19,19334.0,15471.0,11609.0,19329.5,15467.5,11606.5,5000.0,4000.0,3000.0,0.5,-3.399999999999636,-8.299999999999272,0.0,0.0,0.0,0.0,0.0,0.0,7725.0,0
3.1910000000000003,19339.0,15475.0,11612.0,19334.5,15471.5,11609.5,5000.0,4000.0,3000.0,0.5,-3.399999999999636,-8.299999999999272,0.0,0.0,0.0,0.0,0.0,0.0,7727.0,0
3.192,19344.0,15479.0,11615.0,19339.5,15475.5,11612.5,5000.0,4000.0,3000.0,0.5,-3.399999999999636,-8.299999999999272,0.0,0.0,0.0,0.0,0.0,0.0,7729.0,0
3.193,19349.0,15482.0,11618.0,19344.5,15479.5,11615.5,5000.0,3000.0,3000.0,0.5,-3.399999999999636,-8.299999999999272,0.0,0.0,0.0,0.0,0.0,0.0,7731.0,0
3.194,19354.0,15486.0,11621.0,19349.5,15482.5,11618.5,5000.0,4000.0,3000.0,0.5,-2.399999999999636,-8.299999999999272,0.0,0.0,0.0,0.0,0.0,0.0,7733.0,0
3.1950000000000003,19359.0,15490.0,11624.0,19354.5,15486.5,11621.5,5000.0,4000.0,3000.0,0.5,-2.399999999999636,-8.299999999999272,0.0,0.0,0.0,0.0,0.0,0.0,7735.0,0
3.196,19364.0,15494.0,11627.0,19359.5,15490.5,11624.5,5000.0,4000.0,3000.0,0.5,-2.399999999999636,-8.299999999999272,0.0,0.0,0.0,0.0,0.0,0.0,7737.0,0
3.197,19369.0,15498.0,11630.0,19364.5,15494.5,11627.5,5000.0,4000.0,3000.0,0.5,-2.399999999999636,-8.299999999999272,0.0,0.0,0.0,0.0,0.0,0.0,7739.0,0
3.198,19374.0,15502.0,11633.0,19369.5,15498.5,11630.5,5000.0,4000.0,3000.0,0.5,-2.399999999999636,-8.299999999999272,0.0,0.0,0.0,0.0,0.0,0.0,7741.0,0
3.1990000000000003,19379.0,15506.0,11636.0,19374.5,15502.5,11633.5,5000.0,4000.0,3000.0,0.5,-2.399999999999636,-8.299999999999272,0.0,0.0,0.0,0.0,0.0,0.0,7743.0,0
3.2,19384.0,15510.0,11639.0,19379.5,15506.5,11636.5,5000.0,4000.0,3000.0,0.5,-2.399999999999636,-8.299999999999272,0.0,0.0,0.0,0.0,0.0,0.0,7745.0,0
3.201,19389.0,15514.0,11642.0,19384.5,15510.5,11639.5,5000.0,4000.0,3000.0,0.5,-2.399999999999636,-8.299999999999272,0.0,0.0,0.0,0.0,0.0,0.0,7747.0,0
3.202,19394.0,15518.0,11645.0,19389.5,15514.5,11642.5,5000.0,4000.0,3000.0,0.5,-2.399999999999636,-8.299999999999272,0.0,0.0,0.0,0.0,0.0,0.0,7749.0,0
3.203,19399.0,15522.0,11648.0,19394.5,15518.5,11645.5,5000.0,4000.0,3000.0,0.5,-2.399999999999636,-8.299999999999272,0.0,0.0,0.0,0.0,0.0,0.0,7751.0,0
3.204,19404.0,15526.0,11651.0,19399.5,15522.5,11648.5,5000.0,4000.0,3000.0,0.5,-2.399999999999636,-8.299999999999272,0.0,0.0,0.0,0.0,0.0,0.0,7753.0,0
3.205,19409.0,15530.0,11654.0,19404.5,15526.5,11651.5,5000.0,4000.0,3000.0,0.5,-2.399999999999636,-8.299999999999272,0.0,0.0,0.0,0.0,0.0,0.0,7755.0,0
3.206,19414.0,15534.0,11657.0,19409.5,15530.5,11654.5,5000.0,4000.0,3000.0,0.5,-2.399999999999636,-8.299999999999272,0.0,0.0,0.0,0.0,0.0,0.0,7757.0,0
3.207,19419.0,15538.0,11660.0,19414.5,15534.5,11657.5,5000.0,4000.0,3000.0,0.5,-2.399999999999636,-8.299999999999272,0.0,0.0,0.0,0.0,0.0,0.0,7759.0,0
3.208,19424.0,15542.0,11663.0,19419.5,15538.5,11660.5,5000.0,4000.0,3000.0,0.5,-2.399999999999636,-8.299999999999272,0.0,0.0,0.0,0.0,0.0,0.0,7761.0,0
3.209,19429.0,15546.0,11666.0,19424.5,15542.5,11663.5,5000.0,4000.0,3000.0,0.5,-2.399999999999636,-8.299999999999272,0.0,0.0,0.0,0.0,0.0,0.0,7763.0,0
3.21,19434.0,15550.0,11669.0,19429.5,15546.5,11666.5,5000.0,4000.0,3000.0,0.5,-2.399999999999636,-8.299999999999272,0.0,0.0,0.0,0.0,0.0,0.0,7765.0,0
3.211,19439.0,15554.0,11672.0,19434.5,15550.5,11669.5,5000.0,4000.0,3000.0,0.5,-2.399999999999636,-8.299999999999272,0.0,0.0,0.0,0.0,0.0,0.0,7767.0,0
3.212,19444.0,15558.0,11675.0,19439.5,15554.5,11672.5,5000.0,4000.0,3000.0,0.5,-2.399999999999636,-8.299999999999272,0.0,0.0,0.0,0.0,0.0,0.0,7769.0,0
3.213,19449.0,15562.0,11678.0,19444.5,15558.5,11675.5,5000.0,4000.0,3000.0,0.5,-2.399999999999636,-8.299999999999272,0.0,0.0,0.0,0.0,0.0,0.0,7771.0,0
3.214,19454.0,15566.0,11681.0,19449.5,15562.5,11678.5,5000.0,4000.0,3000.0,0.5,-2.399999999999636,-8.299999999999272,0.0,0.0,0.0,0.0,0.0,0.0,7773.0,0
3.215,19459.0,15570.0,11684.0,19454.5,15566.5,11681.5,5000.0,4000.0,3000.0,0.5,-2.399999999999636,-8.299999999999272,0.0,0.0,0.0,0.0,0.0,0.0,7775.0,0
3.216,19464.0,15574.0,11687.0,19459.5,15570.5,11684.5,5000.0,4000.0,3000.0,0.5,-2.399999999999636,-8.299999999999272,0.0,0.0,0.0,0.0,0.0,0.0,7777.0,0
3.217,19469.0,15578.0,11690.0,19464.5,15574.5,11687.5,5000.0,4000.0,3000.0,0.5,-2.399999999999636,-8.299999999999272,0.0,0.0,0.0,0.0,0.0,0.0,7779.0,0
3.218,19474.0,15582.0,11693.0,19469.5,15578.5,11690.5,5000.0,4000.0,3000.0,0.5,-2.399999999999636,-8.299999999999272,0.0,0.0,0.0,0.0,0.0,0.0,7781.0,0
3.219,19479.0,15586.0,11696.0,19474.5,15582.5,11693.5,5000.0,4000.0,3000.0,0.5,-2.399999999999636,-8.299999999999272,0.0,0.0,0.0,0.0,0.0,0.0,7783.0,0
3.22,19484.0,15590.0,11699.0,19479.5,15586.5,11696.5,5000.0,4000.0,3000.0,0.5,-2.399999999999636,-8.299999999999272,0.0,0.0,0.0,0.0,0.0,0.0,7785.0,0
3.221,19489.0,15594.0,11702.0,19484.5,15590.5,11699.5,5000.0,4000.0,3000.0,0.5,-2.399999999999636,-8.299999999999272,0.0,0.0,0.0,0.0,0.0,0.0,7787.0,0
3.222,19494.0,15598.0,11705.0,19489.5,15594.5,11702.5,5000.0,4000.0,3000.0,0.5,-2.399999999999636,-8.299999999999272,0.0,0.0,0.0,0.0,0.0,0.0,7789.0,0
3.223,19499.0,15602.0,11708.0,19494.5,15598.5,11705.5,5000.0,4000.0,3000.0,0.5,-2.399999999999636,-8.299999999999272,0.0,0.0,0.0,0.0,0.0,0.0,7791.0,0
3.224,19504.0,15606.0,11711.0,19499.5,15602.5,11708.5,5000.0,4000.0,3000.0,0.5,-2.399999999999636,-8.299999999999272,0.0,0.0,0.0,0.0,0.0,0.0,7793.0,0
3.225,19509.0,15610.0,11714.0,19504.5,15606.5,11711.5,5000.0,4000.0,3000.0,0.5,-2.399999999999636,-8.299999999999272,0.0,0.0,0.0,0.0,0.0,0.0,7795.0,0
3.226,19514.0,15614.0,11717.0,19509.5,15610.5,11714.5,5000.0,4000.0,3000.0,0.5,-2.399999999999636,-8.299999999999272,0.0,0.0,0.0,0.0,0.0,0.0,7797.0,0
3.227,19519.0,15618.0,11720.0,19514.5,15614.5,11717.5,5000.0,4000.0,3000.0,0.5,-2.399999999999636,-8.299999999999272,0.0,0.0,0.0,0.0,0.0,0.0,7799.0,0
3.228,19524.0,15622.0,11723.0,19519.5,15618.5,11720.5,5000.0,4000.0,3000.0,0.5,-2.399999999999636,-8.299999999999272,0.0,0.0,0.0,0.0,0.0,0.0,7801.0,0
3.229,19529.0,15626.0,11726.0,19524.5,15622.5,11723.5,5000.0,4000.0,3000.0,0.5,-2.399999999999636,-8.299999999999272,0.0,0.0,0.0,0.0,0.0,0.0,7803.0,0
3.23,19534.0,15630.0,11729.0,19529.5,15626.5,11726.5,5000.0,4000.0,3000.0,0.5,-2.399999999999636,-8.299999999999272,0.0,0.0,0.0,0.0,0.0,0.0,7805.0,0
3.231,19539.0,15634.0,11732.0,19534.5,15630.5,11729.5,5000.0,4000.0,3000.0,0.5,-2.399999999999636,-8.299999999999272,0.0,0.0,0.0,0.0,0.0,0.0,7807.0,0
3.232,19544.0,15638.0,11735.0,19539.5,15634.5,11732.5,5000.0,4000.0,3000.0,0.5,-2.399999999999636,-8.299999999999272,0.0,0.0,0.0,0.0,0.0,0.0,7809.0,0
3.233,19549.0,15642.0,11738.0,19544.5,15638.5,11735.5,5000.0,4000.0,3000.0,0.5,-2.399999999999636,-8.299999999999272,0.0,0.0,0.0,0.0,0.0,0.0,7811.0,0
3.234,19554.0,15646.0,11741.0,19549.5,15642.5,11738.5,5000.0,4000.0,3000.0,0.5,-2.399999999999636,-8.299999999999272,0.0,0.0,0.0,0.0,0.0,0.0,7813.0,0
3.235,19559.0,15650.0,11744.0,19554.5,15646.5,11741.5,5000.0,4000.0,3000.0,0.5,-2.399999999999636,-8.299999999999272,0.0,0.0,0.0,0.0,0.0,0.0,7815.0,0
3.236,19564.0,15654.0,11747.0,19559.5,15650.5,11744.5,5000.0,4000.0,3000.0,0.5,-2.399999999999636,-8.299999999999272,0.0,0.0,0.0,0.0,0.0,0.0,7817.0,0
3.237,19569.0,15658.0,11750.0,19564.5,15654.5,11747.5,5000.0,4000.0,3000.0,0.5,-2.399999999999636,-8.299999999999272,0.0,0.0,0.0,0.0,0.0,0.0,7819.0,0
3.238,19574.0,15662.0,11753.0,19569.5,15658.5,11750.5,5000.0,4000.0,3000.0,0.5,-2.399999999999636,-8.299999999999272,0.0,0.0,0.0,0.0,0.0,0.0,7821.0,0
3.239,19579.0,15666.0,11755.0,19574.5,15662.5,11753.5,5000.0,4000.0,2000.0,0.5,-2.399999999999636,-8.299999999999272,0.0,0.0,0.0,0.0,0.0,0.0,7824.0,0
3.24,19584.0,15670.0,11758.0,19579.5,15666.5,11755.5,5000.0,4000.0,3000.0,0.5,-2.399999999999636,-7.299999999999272,0.0,0.0,0.0,0.0,0.0,0.0,7826.0,0
3.241,19589.0,15674.0,11761.0,19584.5,15670.5,11758.5,5000.0,4000.0,3000.0,0.5,-2.399999999999636,-7.299999999999272,0.0,0.0,0.0,0.0,0.0,0.0,7828.0,0
3.242,19594.0,15678.0,11764.0,19589.5,15674.5,11761.5,5000.0,4000.0,3000.0,0.5,-2.399999999999636,-7.299999999999272,0.0,0.0,0.0,0.0,0.0,0.0,7830.0,0
3.243,19599.0,15682.0,11767.0,19594.5,15678.5,11764.5,5000.0,4000.0,3000.0,0.5,-2.399999999999636,-7.299999999999272,0.0,0.0,0.0,0.0,0.0,0.0,7832.0,0
3.244,19604.0,15686.0,11770.0,19599.5,15682.5,11767.5,5000.0,4000.0,3000.0,0.5,-2.399999999999636,-7.299999999999272,0.0,0.0,0.0,0.0,0.0,0.0,7834.0,0
3.245,19609.0,15690.0,11773.0,19604.5,15686.5,11770.5,5000.0,4000.0,3000.0,0.5,-2.399999999999636,-7.299999999999272,0.0,0.0,0.0,0.0,0.0,0.0,7836.0,0
3.246,19614.0,15694.0,11776.0,19609.5,15690.5,11773.5,5000.0,4000.0,3000.0,0.5,-2.399999999999636,-7.299999999999272,0.0,0.0,0.0,0.0,0.0,0.0,7838.0,0
3.247,19619.0,15698.0,11779.0,19614.5,15694.5,11776.5,5000.0,4000.0,3000.0,0.5,-2.399999999999636,-7.299999999999272,0.0,0.0,0.0,0.0,0.0,0.0,7840.0,0
3.248,19624.0,15702.0,11782.0,19619.5,15698.5,11779.5,5000.0,4000.0,3000.0,0.5,-2.399999999999636,-7.299999999999272,0.0,0.0,0.0,0.0,0.0,0.0,7842.0,0
3.249,19629.0,15706.0,11785.0,19624.5,15702.5,11782.5,5000.0,4000.0,3000.0,0.5,-2.399999999999636,-7.299999999999272,0.0,0.0,0.0,0.0,0.0,0.0,7844.0,0
3.25,19634.0,15710.0,11788.0,19629.5,15706.5,11785.5,5000.0,4000.0,3000.0,0.5,-2.399999999999636,-7.299999999999272,0.0,0.0,0.0,0.0,0.0,0.0,7846.0,0
3.251,19639.0,15714.0,11791.0,19634.5,15710.5,11788.5,5000.0,4000.0,3000.0,0.5,-2.399999999999636,-7.299999999999272,0.0,0.0,0.0,0.0,0.0,0.0,7848.0,0
3.2520000000000002,19644.0,15718.0,11794.0,19639.5,15714.5,11791.5,5000.0,4000.0,3000.0,0.5,-2.399999999999636,-7.299999999999272,0.0,0.0,0.0,0.0,0.0,0.0,7850.0,0
3.253,19649.0,15722.0,11797.0,19644.5,15718.5,11794.5,5000.0,4000.0,3000.0,0.5,-2.399999999999636,-7.299999999999272,0.0,0.0,0.0,0.0,0.0,0.0,7852.0,0
3.254,19654.0,15726.0,11800.0,19649.5,15722.5,11797.5,5000.0,4000.0,3000.0,0.5,-2.399999999999636,-7.299999999999272,0.0,0.0,0.0,0.0,0.0,0.0,7854.0,0
3.255,19659.0,15730.0,11803.0,19654.5,15726.5,11800.5,5000.0,4000.0,3000.0,0.5,-2.399999999999636,-7.299999999999272,0.0,0.0,0.0,0.0,0.0,0.0,7856.0,0
3.2560000000000002,19664.0,15734.0,11806.0,19659.5,15730.5,11803.5,5000.0,4000.0,3000.0,0.5,-2.399999999999636,-7.299999999999272,0.0,0.0,0.0,0.0,0.0,0.0,7858.0,0
3.257,19669.0,15738.0,11809.0,19664.5,15734.5,11806.5,5000.0,4000.0,3000.0,0.5,-2.399999999999636,-7.299999999999272,0.0,0.0,0.0,0.0,0.0,0.0,7860.0,0
3.258,19674.0,15742.0,11812.0,19669.5,15738.5,11809.5,5000.0,4000.0,3000.0,0.5,-2.399999999999636,-7.299999999999272,0.0,0.0,0.0,0.0,0.0,0.0,7862.0,0
3.259,19679.0,15746.0,11815.0,19674.5,15742.5,11812.5,5000.0,4000.0,3000.0,0.5,-2.399999999999636,-7.299999999999272,0.0,0.0,0.0,0.0,0.0,0.0,7864.0,0
3.2600000000000002,19684.0,15750.0,11818.0,19679.5,15746.5,11815.5,5000.0,4000.0,3000.0,0.5,-2.399999999999636,-7.299999999999272,0.0,0.0,0.0,0.0,0.0,0.0,7866.0,0
3.261,19689.0,15754.0,11821.0,19684.5,15750.5,11818.5,5000.0,4000.0,3000.0,0.5,-2.399999999999636,-7.299999999999272,0.0,0.0,0.0,0.0,0.0,0.0,7868.0,0
3.262,19694.0,15758.0,11824.0,19689.5,15754.5,11821.5,5000.0,4000.0,3000.0,0.5,-2.399999999999636,-7.299999999999272,0.0,0.0,0.0,0.0,0.0,0.0,7870.0,0
3.263,19699.0,15762.0,11827.0,19694.5,15758.5,11824.5,5000.0,4000.0,3000.0,0.5,-2.399999999999636,-7.299999999999272,0.0,0.0,0.0,0.0,0.0,0.0,7872.0,0
3.2640000000000002,19704.0,15766.0,11830.0,19699.5,15762.5,11827.5,5000.0,4000.0,3000.0,0.5,-2.399999999999636,-7.299999999999272,0.0,0.0,0.0,0.0,0.0,0.0,7874.0,0
3.265,19709.0,15770.0,11833.0,19704.5,15766.5,11830.5,5000.0,4000.0,3000.0,0.5,-2.399999999999636,-7.299999999999272,0.0,0.0,0.0,0.0,0.0,0.0,7876.0,0
3.266,19714.0,15774.0,11836.0,19709.5,15770.5,11833.5,5000.0,4000.0,3000.0,0.5,-2.399999999999636,-7.299999999999272,0.0,0.0,0.0,0.0,0.0,0.0,7878.0,0
3.267,19719.0,15778.0,11839.0,19714.5,15774.5,11836.5,5000.0,4000.0,3000.0,0.5,-2.399999999999636,-7.299999999999272,0.0,0.0,0.0,0.0,0.0,0.0,7880.0,0
3.2680000000000002,19724.0,15782.0,11842.0,19719.5,15778.5,11839.5,5000.0,4000.0,3000.0,0.5,-2.399999999999636,-7.299999999999272,0.0,0.0,0.0,0.0,0.0,0.0,7882.0,0
3.269,19729.0,15786.0,11845.0,19724.5,15782.5,11842.5,5000.0,4000.0,3000.0,0.5,-2.399999999999636,-7.299999999999272,0.0,0.0,0.0,0.0,0.0,0.0,7884.0,0
3.27,19734.0,15790.0,11848.0,19729.5,15786.5,11845.5,5000.0,4000.0,3000.0,0.5,-2.399999999999636,-7.299999999999272,0.0,0.0,0.0,0.0,0.0,0.0,7886.0,0
3.271,19739.0,15794.0,11851.0,19734.5,15790.5,11848.5,5000.0,4000.0,3000.0,0.5,-2.399999999999636,-7.299999999999272,0.0,0.0,0.0,0.0,0.0,0.0,7888.0,0
3.2720000000000002,19744.0,15798.0,11854.0,19739.5,15794.5,11851.5,5000.0,4000.0,3000.0,0.5,-2.399999999999636,-7.299999999999272,0.0,0.0,0.0,0.0,0.0,0.0,7890.0,0
3.273,19749.0,15802.0,11857.0,19744.5,15798.5,11854.5,5000.0,4000.0,3000.0,0.5,-2.399999999999636,-7.299999999999272,0.0,0.0,0.0,0.0,0.0,0.0,7892.0,0
3.274,19754.0,15806.0,11860.0,19749.5,15802.5,11857.5,5000.0,4000.0,3000.0,0.5,-2.399999999999636,-7.299999999999272,0.0,0.0,0.0,0.0,0.0,0.0,7894.0,0
3.275,19759.0,15810.0,11863.0,19754.5,15806.5,11860.5,5000.0,4000.0,3000.0,0.5,-2.399999999999636,-7.299999999999272,0.0,0.0,0.0,0.0,0.0,0.0,7896.0,0
3.2760000000000002,19764.0,15814.0,11866.0,19759.5,15810.5,11863.5,5000.0,4000.0,3000.0,0.5,-2.399999999999636,-7.299999999999272,0.0,0.0,0.0,0.0,0.0,0.0,7898.0,0
3.277,19769.0,15818.0,11869.0,19764.5,15814.5,11866.5,5000.0,4000.0,3000.0,0.5,-2.399999999999636,-7.299999999999272,0.0,0.0,0.0,0.0,0.0,0.0,7900.0,0
3.278,19774.0,15821.0,11872.0,19769.5,15818.5,11869.5,5000.0,3000.0,3000.0,0.5,-2.399999999999636,-7.299999999999272,0.0,0.0,0.0,0.0,0.0,0.0,7902.0,0
3.279,19779.0,15825.0,11875.0,19774.5,15821.5,11872.5,5000.0,4000.0,3000.0,0.5,-1.3999999999996362,-7.299999999999272,0.0,0.0,0.0,0.0,0.0,0.0,7904.0,0
3.2800000000000002,19784.0,15829.0,11878.0,19779.5,15825.5,11875.5,5000.0,4000.0,3000.0,0.5,-1.3999999999996362,-7.299999999999272,0.0,0.0,0.0,0.0,0.0,0.0,7906.0,0
3.281,19789.0,15833.0,11881.0,19784.5,15829.5,11878.5,5000.0,4000.0,3000.0,0.5,-1.3999999999996362,-7.299999999999272,0.0,0.0,0.0,0.0,0.0,0.0,7908.0,0
3.282,19794.0,15837.0,11884.0,19789.5,15833.5,11881.5,5000.0,4000.0,3000.0,0.5,-1.3999999999996362,-7.299999999999272,0.0,0.0,0.0,0.0,0.0,0.0,7910.0,0
3.283,19799.0,15841.0,11887.0,19794.5,15837.5,11884.5,5000.0,4000.0,3000.0,0.5,-1.3999999999996362,-7.299999999999272,0.0,0.0,0.0,0.0,0.0,0.0,7912.0,0
3.2840000000000003,19804.0,15845.0,11890.0,19799.5,15841.5,11887.5,5000.0,4000.0,3000.0,0.5,-1.3999999999996362,-7.299999999999272,0.0,0.0,0.0,0.0,0.0,0.0,7914.0,0
3.285,19809.0,15849.0,11893.0,19804.5,15845.5,11890.5,5000.0,4000.0,3000.0,0.5,-1.3999999999996362,-7.299999999999272,0.0,0.0,0.0,0.0,0.0,0.0,7916.0,0
3.286,19814.0,15853.0,11896.0,19809.5,15849.5,11893.5,5000.0,4000.0,3000.0,0.5,-1.3999999999996362,-7.299999999999272,0.0,0.0,0.0,0.0,0.0,0.0,7918.0,0
3.287,19819.0,15857.0,11899.0,19814.5,15853.5,11896.5,5000.0,4000.0,3000.0,0.5,-1.3999999999996362,-7.299999999999272,0.0,0.0,0.0,0.0,0.0,0.0,7920.0,0
3.2880000000000003,19825.0,15861.0,11902.0,19819.5,15857.5,11899.5,6000.0,4000.0,3000.0,0.5,-1.3999999999996362,-7.299999999999272,0.0,0.0,0.0,0.0,0.0,0.0,7923.0,0
3.289,19830.0,15865.0,11905.0,19825.5,15861.5,11902.5,5000.0,4000.0,3000.0,0.5,-0.6000000000003638,-6.700000000000728,0.0,0.0,0.0,0.0,0.0,0.0,7925.0,0
3.29,19835.0,15869.0,11908.0,19830.5,15865.5,11905.5,5000.0,4000.0,3000.0,0.5,-0.6000000000003638,-6.700000000000728,0.0,0.0,0.0,0.0,0.0,0.0,7927.0,0
3.291,19840.0,15873.0,11911.0,19835.5,15869.5,11908.5,5000.0,4000.0,3000.0,0.5,-0.6000000000003638,-6.700000000000728,0.0,0.0,0.0,0.0,0.0,0.0,7929.0,0
3.2920000000000003,19845.0,15877.0,11914.0,19840.5,15873.5,11911.5,5000.0,4000.0,3000.0,0.5,-0.6000000000003638,-6.700000000000728,0.0,0.0,0.0,0.0,0.0,0.0,7931.0,0
3.293,19850.0,15881.0,11917.0,19845.5,15877.5,11914.5,5000.0,4000.0,3000.0,0.5,-0.6000000000003638,-6.700000000000728,0.0,0.0,0.0,0.0,0.0,0.0,7933.0,0
3.294,19855.0,15885.0,11920.0,19850.5,15881.5,11917.5,5000.0,4000.0,3000.0,0.5,-0.6000000000003638,-6.700000000000728,0.0,0.0,0.0,0.0,0.0,0.0,7935.0,0
3.295,19860.0,15889.0,11923.0,19855.5,15885.5,11920.5,5000.0,4000.0,3000.0,0.5,-0.6000000000003638,-6.700000000000728,0.0,0.0,0.0,0.0,0.0,0.0,7937.0,0
3.2960000000000003,19865.0,15893.0,11926.0,19860.5,15889.5,11923.5,5000.0,4000.0,3000.0,0.5,-0.6000000000003638,-6.700000000000728,0.0,0.0,0.0,0.0,0.0,0.0,7939.0,0
3.297,19870.0,15897.0,11929.0,19865.5,15893.5,11926.5,5000.0,4000.0,3000.0,0.5,-0.6000000000003638,-6.700000000000728,0.0,0.0,0.0,0.0,0.0,0.0,7941.0,0
3.298,19875.0,15901.0,11932.0,19870.5,15897.5,11929.5,5000.0,4000.0,3000.0,0.5,-0.6000000000003638,-6.700000000000728,0.0,0.0,0.0,0.0,0.0,0.0,7943.0,0
3.299,19880.0,15905.0,11935.0,19875.5,15901.5,11932.5,5000.0,4000.0,3000.0,0.5,-0.6000000000003638,-6.700000000000728,0.0,0.0,0.0,0.0,0.0,0.0,7945.0,0
3.3000000000000003,19885.0,15909.0,11938.0,19880.5,15905.5,11935.5,5000.0,4000.0,3000.0,0.5,-0.6000000000003638,-6.700000000000728,0.0,0.0,0.0,0.0,0.0,0.0,7947.0,0
3.301,19890.0,15913.0,11941.0,19885.5,15909.5,11938.5,5000.0,4000.0,3000.0,0.5,-0.6000000000003638,-6.700000000000728,0.0,0.0,0.0,0.0,0.0,0.0,7949.0,0
3.302,19895.0,15917.0,11944.0,19890.5,15913.5,11941.5,5000.0,4000.0,3000.0,0.5,-0.6000000000003638,-6.700000000000728,0.0,0.0,0.0,0.0,0.0,0.0,7951.0,0
3.303,19900.0,15921.0,11947.0,19895.5,15917.5,11944.5,5000.0,4000.0,3000.0,0.5,-0.6000000000003638,-6.700000000000728,0.0,0.0,0.0,0.0,0.0,0.0,7953.0,0
3.3040000000000003,19905.0,15925.0,11950.0,19900.5,15921.5,11947.5,5000.0,4000.0,3000.0,0.5,-0.6000000000003638,-6.700000000000728,0.0,0.0,0.0,0.0,0.0,0.0,7955.0,0
3.305,19910.0,15929.0,11953.0,19905.5,15925.5,11950.5,5000.0,4000.0,3000.0,0.5,-0.6000000000003638,-6.700000000000728,0.0,0.0,0.0,0.0,0.0,0.0,7957.0,0
3.306,19915.0,15933.0,11956.0,19910.5,15929.5,11953.5,5000.0,4000.0,3000.0,0.5,-0.6000000000003638,-6.700000000000728,0.0,0.0,0.0,0.0,0.0,0.0,7959.0,0
3.307,19920.0,15937.0,11959.0,19915.5,15933.5,11956.5,5000.0,4000.0,3000.0,0.5,-0.6000000000003638,-6.700000000000728,0.0,0.0,0.0,0.0,0.0,0.0,7961.0,0
3.3080000000000003,19925.0,15941.0,11962.0,19920.5,15937.5,11959.5,5000.0,4000.0,3000.0,0.5,-0.6000000000003638,-6.700000000000728,0.0,0.0,0.0,0.0,0.0,0.0,7963.0,0
3.309,19930.0,15945.0,11965.0,19925.5,15941.5,11962.5,5000.0,4000.0,3000.0,0.5,-0.6000000000003638,-6.700000000000728,0.0,0.0,0.0,0.0,0.0,0.0,7965.0,0
3.31,19935.0,15949.0,11968.0,19930.5,15945.5,11965.5,5000.0,4000.0,3000.0,0.5,-0.6000000000003638,-6.700000000000728,0.0,0.0,0.0,0.0,0.0,0.0,7967.0,0
3.311,19939.0,15953.0,11971.0,19935.5,15949.5,11968.5,4000.0,4000.0,3000.0,0.5,-0.6000000000003638,-6.700000000000728,0.0,0.0,0.0,0.0,0.0,0.0,7968.0,0
3.3120000000000003,19944.0,15957.0,11974.0,19939.5,15953.5,11971.5,5000.0,4000.0,3000.0,0.5,-1.3999999999996362,-7.299999999999272,0.0,0.0,0.0,0.0,0.0,0.0,7970.0,0
3.313,19949.0,15961.0,11977.0,19944.5,15957.5,11974.5,5000.0,4000.0,3000.0,0.5,-1.3999999999996362,-7.299999999999272,0.0,0.0,0.0,0.0,0.0,0.0,7972.0,0
3.314,19954.0,15965.0,11980.0,19949.5,15961.5,11977.5,5000.0,4000.0,3000.0,0.5,-1.3999999999996362,-7.299999999999272,0.0,0.0,0.0,0.0,0.0,0.0,7974.0,0
3.315,19958.0,15969.0,11983.0,19954.5,15965.5,11980.5,4000.0,4000.0,3000.0,0.5,-1.3999999999996362,-7.299999999999272,0.0,0.0,0.0,0.0,0.0,0.0,7975.0,0
3.3160000000000003,19963.0,15973.0,11986.0,19958.5,15969.5,11983.5,5000.0,4000.0,3000.0,0.5,-2.2000000000007276,-7.899999999999636,0.0,0.0,0.0,0.0,0.0,0.0,7977.0,0
3.317,19967.0,15976.0,11989.0,19963.5,15973.5,11986.5,4000.0,3000.0,3000.0,0.5,-2.2000000000007276,-7.899999999999636,0.0,0.0,0.0,0.0,0.0,0.0,7978.0,0
3.318,19970.0,15980.0,11992.0,19967.5,15976.5,11989.5,3000.0,4000.0,3000.0,0.5,-2.0,-8.5,0.0,0.0,0.0,0.0,0.0,0.0,7978.0,0
3.319,19974.0,15983.0,11995.0,19970.5,15980.5,11992.5,4000.0,3000.0,3000.0,0.5,-3.600000000000364,-9.700000000000728,0.0,0.0,0.0,0.0,0.0,0.0,7979.0,0
3.3200000000000003,19977.0,15986.0,11998.0,19974.5,15983.5,11995.5,3000.0,3000.0,3000.0,0.5,-3.399999999999636,-10.299999999999272,0.0,0.0,0.0,0.0,0.0,0.0,7979.0,0
3.321,19981.0,15989.0,12000.0,19977.5,15986.5,11998.5,4000.0,3000.0,2000.0,0.5,-4.0,-11.5,0.0,0.0,0.0,0.0,0.0,0.0,7981.0,0
