t_s,dda_pos_x,dda_pos_y,dda_pos_z,enc_rel_x,enc_rel_y,enc_rel_z,vel_sps_x,vel_sps_y,vel_sps_z,err_steps_x,err_steps_y,err_steps_z,active_load_x,active_load_y,active_load_z,load_timer_x,load_timer_y,load_timer_z,span_steps,global_stop
0.0,0.0,0.0,0.0,0.5,0.5,0.5,0.0,0.0,0.0,0.0,0.0,0.0,0.0,0.0,0.0,0.0,0.0,0.0,0.0,0
0.0,0.0,0.0,0.0,0.5,0.5,0.5,0.0,0.0,0.0,0.5,0.5,0.5,0.0,0.0,0.0,0.0,0.0,0.0,0.0,0
0.001,0.0,0.0,0.0,0.5,0.5,0.5,0.0,0.0,0.0,0.5,0.5,0.5,0.0,0.0,0.0,0.0,0.0,0.0,0.0,0
0.002,1.0,1.0,1.0,0.5,0.5,0.5,1000.0,1000.0,1000.0,0.5,0.5,0.5,0.0,0.0,0.0,0.0,0.0,0.0,0.0,0
0.003,1.0,1.0,1.0,1.5,1.5,1.5,0.0,0.0,0.0,0.5,0.5,0.5,0.0,0.0,0.0,0.0,0.0,0.0,0.0,0
0.004,2.0,2.0,2.0,1.5,1.5,1.5,1000.0,1000.0,1000.0,0.5,0.5,0.5,0.0,0.0,0.0,0.0,0.0,0.0,0.0,0
0.005,4.0,4.0,4.0,2.5,2.5,2.5,2000.0,2000.0,2000.0,0.5,0.5,0.5,0.0,0.0,0.0,0.0,0.0,0.0,0.0,0
0.006,5.0,5.0,5.0,4.5,4.5,4.5,1000.0,1000.0,1000.0,0.5,0.5,0.5,0.0,0.0,0.0,0.0,0.0,0.0,0.0,0
0.007,7.0,7.0,6.0,5.5,5.5,5.5,2000.0,2000.0,1000.0,0.5,0.5,0.5,0.0,0.0,0.0,0.0,0.0,0.0,1.0,0
0.008,8.0,8.0,8.0,7.5,7.5,6.5,1000.0,1000.0,2000.0,-0.5,-0.5,0.5,0.0,0.0,0.0,0.0,0.0,0.0,0.0,0
0.009000000000000001,10.0,10.0,10.0,8.5,8.5,8.5,2000.0,2000.0,2000.0,0.5,0.5,0.5,0.0,0.0,0.0,0.0,0.0,0.0,0.0,0
0.01,12.0,12.0,12.0,10.5,10.5,10.5,2000.0,2000.0,2000.0,0.5,0.5,0.5,0.0,0.0,0.0,0.0,0.0,0.0,0.0,0
0.011,15.0,15.0,15.0,12.5,12.5,12.5,3000.0,3000.0,3000.0,0.5,0.5,0.5,0.0,0.0,0.0,0.0,0.0,0.0,0.0,0
0.012,17.0,17.0,17.0,15.5,15.5,15.5,2000.0,2000.0,2000.0,0.5,0.5,0.5,0.0,0.0,0.0,0.0,0.0,0.0,0.0,0
0.013000000000000001,20.0,20.0,20.0,17.5,17.5,17.5,3000.0,3000.0,3000.0,0.5,0.5,0.5,0.0,0.0,0.0,0.0,0.0,0.0,0.0,0
0.014,23.0,23.0,23.0,20.5,20.5,20.5,3000.0,3000.0,3000.0,0.5,0.5,0.5,0.0,0.0,0.0,0.0,0.0,0.0,0.0,0
0.015,26.0,26.0,26.0,23.5,23.5,23.5,3000.0,3000.0,3000.0,0.5,0.5,0.5,0.0,0.0,0.0,0.0,0.0,0.0,0.0,0
0.016,29.0,29.0,29.0,26.5,26.5,26.5,3000.0,3000.0,3000.0,0.5,0.5,0.5,0.0,0.0,0.0,0.0,0.0,0.0,0.0,0
0.017,33.0,33.0,33.0,29.5,29.5,29.5,4000.0,4000.0,4000.0,0.5,0.5,0.5,0.0,0.0,0.0,0.0,0.0,0.0,0.0,0
0.018000000000000002,37.0,37.0,36.0,33.5,33.5,33.5,4000.0,4000.0,3000.0,0.5,0.5,0.5,0.0,0.0,0.0,0.0,0.0,0.0,1.0,0
0.019,41.0,40.0,40.0,37.5,37.5,36.5,4000.0,3000.0,4000.0,-0.5,-0.5,0.5,0.0,0.0,0.0,0.0,0.0,0.0,1.0,0
0.02,45.0,45.0,44.0,41.5,40.5,40.5,4000.0,5000.0,4000.0,-0.5,0.5,0.5,0.0,0.0,0.0,0.0,0.0,0.0,1.0,0
0.021,49.0,49.0,49.0,45.5,45.5,44.5,4000.0,4000.0,5000.0,-0.5,-0.5,0.5,0.0,0.0,0.0,0.0,0.0,0.0,0.0,0
0.022,54.0,53.0,53.0,49.5,49.5,49.5,5000.0,4000.0,4000.0,0.5,0.5,0.5,0.0,0.0,0.0,0.0,0.0,0.0,1.0,0
0.023,58.0,58.0,58.0,54.5,53.5,53.5,4000.0,5000.0,5000.0,-0.5,0.5,0.5,0.0,0.0,0.0,0.0,0.0,0.0,0.0,0
0.024,63.0,63.0,63.0,58.5,58.5,58.5,5000.0,5000.0,5000.0,0.5,0.5,0.5,0.0,0.0,0.0,0.0,0.0,0.0,0.0,0
0.025,68.0,68.0,68.0,63.5,63.5,63.5,5000.0,5000.0,5000.0,0.5,0.5,0.5,0.0,0.0,0.0,0.0,0.0,0.0,0.0,0
0.026000000000000002,74.0,73.0,73.0,68.5,68.5,68.5,6000.0,5000.0,5000.0,0.5,0.5,0.5,0.0,0.0,0.0,0.0,0.0,0.0,1.0,0
0.027,79.0,79.0,78.0,74.5,73.5,73.5,5000.0,6000.0,5000.0,-0.5,0.5,0.5,0.0,0.0,0.0,0.0,0.0,0.0,1.0,0
0.028,85.0,84.0,84.0,79.5,79.5,78.5,6000.0,5000.0,6000.0,-0.5,-0.5,0.5,0.0,0.0,0.0,0.0,0.0,0.0,1.0,0
0.029,91.0,90.0,90.0,85.5,84.5,84.5,6000.0,6000.0,6000.0,-0.5,0.5,0.5,0.0,0.0,0.0,0.0,0.0,0.0,1.0,0
0.03,97.0,96.0,96.0,91.5,90.5,90.5,6000.0,6000.0,6000.0,-0.5,0.5,0.5,0.0,0.0,0.0,0.0,0.0,0.0,1.0,0
0.031,103.0,102.0,102.0,97.5,96.5,96.5,6000.0,6000.0,6000.0,-0.5,0.5,0.5,0.0,0.0,0.0,0.0,0.0,0.0,1.0,0
0.032,109.0,109.0,108.0,103.5,102.5,102.5,6000.0,7000.0,6000.0,-0.5,0.5,0.5,0.0,0.0,0.0,0.0,0.0,0.0,1.0,0
0.033,116.0,116.0,115.0,109.5,109.5,108.5,7000.0,7000.0,7000.0,-0.5,-0.5,0.5,0.0,0.0,0.0,0.0,0.0,0.0,1.0,0
0.034,123.0,122.0,122.0,116.5,116.5,115.5,7000.0,6000.0,7000.0,-0.5,-0.5,0.5,0.0,0.0,0.0,0.0,0.0,0.0,1.0,0
0.035,130.0,129.0,129.0,123.5,122.5,122.5,7000.0,7000.0,7000.0,-0.5,0.5,0.5,0.0,0.0,0.0,0.0,0.0,0.0,1.0,0
0.036000000000000004,137.0,137.0,136.0,130.5,129.5,129.5,7000.0,8000.0,7000.0,-0.5,0.5,0.5,0.0,0.0,0.0,0.0,0.0,0.0,1.0,0
0.037,145.0,144.0,143.0,137.5,137.5,136.5,8000.0,7000.0,7000.0,-0.5,-0.5,0.5,0.0,0.0,0.0,0.0,0.0,0.0,2.0,0
0.038,152.0,152.0,151.0,145.5,144.5,143.5,7000.0,8000.0,8000.0,-1.5,-0.5,0.5,0.0,0.0,0.0,0.0,0.0,0.0,1.0,0
0.039,160.0,159.0,159.0,152.5,152.5,151.5,8000.0,7000.0,8000.0,-0.5,-0.5,0.5,0.0,0.0,0.0,0.0,0.0,0.0,1.0,0
0.04,168.0,167.0,166.0,160.5,159.5,159.5,8000.0,8000.0,7000.0,-0.5,0.5,0.5,0.0,0.0,0.0,0.0,0.0,0.0,2.0,0
0.041,176.0,175.0,174.0,168.5,167.5,166.5,8000.0,8000.0,8000.0,-1.5,-0.5,0.5,0.0,0.0,0.0,0.0,0.0,0.0,2.0,0
0.042,184.0,183.0,182.0,176.5,175.5,174.5,8000.0,8000.0,8000.0,-1.5,-0.5,0.5,0.0,0.0,0.0,0.0,0.0,0.0,2.0,0
0.043000000000000003,192.0,191.0,190.0,184.5,183.5,182.5,8000.0,8000.0,8000.0,-1.5,-0.5,0.5,0.0,0.0,0.0,0.0,0.0,0.0,2.0,0
0.044,199.0,198.0,197.0,192.5,191.5,190.5,7000.0,7000.0,7000.0,-1.5,-0.5,0.5,0.0,0.0,0.0,0.0,0.0,0.0,2.0,0
0.045,207.0,206.0,205.0,199.5,198.5,197.5,8000.0,8000.0,8000.0,-1.5,-0.5,0.5,0.0,0.0,0.0,0.0,0.0,0.0,2.0,0
0.046,215.0,214.0,213.0,207.5,206.5,205.5,8000.0,8000.0,8000.0,-1.5,-0.5,0.5,0.0,0.0,0.0,0.0,0.0,0.0,2.0,0
0.047,223.0,222.0,221.0,215.5,214.5,213.5,8000.0,8000.0,8000.0,-1.5,-0.5,0.5,0.0,0.0,0.0,0.0,0.0,0.0,2.0,0
0.048,231.0,230.0,228.0,223.5,222.5,221.5,8000.0,8000.0,7000.0,-1.5,-0.5,0.5,0.0,0.0,0.0,0.0,0.0,0.0,3.0,0
0.049,239.0,237.0,236.0,231.5,230.5,228.5,8000.0,7000.0,8000.0,-2.5,-1.5,0.5,0.0,0.0,0.0,0.0,0.0,0.0,3.0,0
0.05,246.0,245.0,244.0,239.5,237.5,236.5,7000.0,8000.0,8000.0,-2.5,-0.5,0.5,0.0,0.0,0.0,0.0,0.0,0.0,2.0,0
0.051000000000000004,254.0,253.0,252.0,246.5,245.5,244.5,8000.0,8000.0,8000.0,-1.5,-0.5,0.5,0.0,0.0,0.0,0.0,0.0,0.0,2.0,0
0.052000000000000005,262.0,261.0,259.0,254.5,253.5,252.5,8000.0,8000.0,7000.0,-1.5,-0.5,0.5,0.0,0.0,0.0,0.0,0.0,0.0,3.0,0
0.053,270.0,269.0,267.0,262.5,261.5,259.5,8000.0,8000.0,8000.0,-2.5,-1.5,0.5,0.0,0.0,0.0,0.0,0.0,0.0,3.0,0
0.054,278.0,276.0,275.0,270.5,269.5,267.5,8000.0,7000.0,8000.0,-2.5,-1.5,0.5,0.0,0.0,0.0,0.0,0.0,0.0,3.0,0
0.055,286.0,284.0,283.0,278.5,276.5,275.5,8000.0,8000.0,8000.0,-2.5,-0.5,0.5,0.0,0.0,0.0,0.0,0.0,0.0,3.0,0
0.056,294.0,292.0,290.0,286.5,284.5,283.5,8000.0,8000.0,7000.0,-2.5,-0.5,0.5,0.0,0.0,0.0,0.0,0.0,0.0,4.0,0
0.057,301.0,300.0,298.0,294.5,292.5,290.5,7000.0,8000.0,8000.0,-3.5,-1.5,0.5,0.0,0.0,0.0,0.0,0.0,0.0,3.0,0
0.058,309.0,308.0,306.0,301.5,300.5,298.5,8000.0,8000.0,8000.0,-2.5,-1.5,0.5,0.0,0.0,0.0,0.0,0.0,0.0,3.0,0
0.059000000000000004,317.0,315.0,314.0,309.5,308.5,306.5,8000.0,7000.0,8000.0,-2.5,-1.5,0.5,0.0,0.0,0.0,0.0,0.0,0.0,3.0,0
0.06,325.0,323.0,322.0,317.5,315.5,314.5,8000.0,8000.0,8000.0,-2.5,-0.5,0.5,0.0,0.0,0.0,0.0,0.0,0.0,3.0,0
0.061,333.0,331.0,329.0,325.5,323.5,322.5,8000.0,8000.0,7000.0,-2.5,-0.5,0.5,0.0,0.0,0.0,0.0,0.0,0.0,4.0,0
0.062,341.0,339.0,337.0,333.5,331.5,329.5,8000.0,8000.0,8000.0,-3.5,-1.5,0.5,0.0,0.0,0.0,0.0,0.0,0.0,4.0,0
0.063,348.0,347.0,345.0,341.5,339.5,337.5,7000.0,8000.0,8000.0,-3.5,-1.5,0.5,0.0,0.0,0.0,0.0,0.0,0.0,3.0,0
0.064,356.0,354.0,353.0,348.5,347.5,345.5,8000.0,7000.0,8000.0,-2.5,-1.5,0.5,0.0,0.0,0.0,0.0,0.0,0.0,3.0,0
0.065,364.0,362.0,360.0,356.5,354.5,353.5,8000.0,8000.0,7000.0,-2.5,-0.5,0.5,0.0,0.0,0.0,0.0,0.0,0.0,4.0,0
0.066,372.0,370.0,368.0,364.5,362.5,360.5,8000.0,8000.0,8000.0,-3.5,-1.5,0.5,0.0,0.0,0.0,0.0,0.0,0.0,4.0,0
0.067,380.0,378.0,376.0,372.5,370.5,368.5,8000.0,8000.0,8000.0,-3.5,-1.5,0.5,0.0,0.0,0.0,0.0,0.0,0.0,4.0,0
0.068,388.0,386.0,384.0,380.5,378.5,376.5,8000.0,8000.0,8000.0,-3.5,-1.5,0.5,0.0,0.0,0.0,0.0,0.0,0.0,4.0,0
0.069,395.0,393.0,391.0,388.5,386.5,384.5,7000.0,7000.0,7000.0,-3.5,-1.5,0.5,0.0,0.0,0.0,0.0,0.0,0.0,4.0,0
0.07,403.0,401.0,399.0,395.5,393.5,391.5,8000.0,8000.0,8000.0,-3.5,-1.5,0.5,0.0,0.0,0.0,0.0,0.0,0.0,4.0,0
0.07100000000000001,411.0,409.0,407.0,403.5,401.5,399.5,8000.0,8000.0,8000.0,-3.5,-1.5,0.5,0.0,0.0,0.0,0.0,0.0,0.0,4.0,0
0.07200000000000001,419.0,417.0,415.0,411.5,409.5,407.5,8000.0,8000.0,8000.0,-3.5,-1.5,0.5,0.0,0.0,0.0,0.0,0.0,0.0,4.0,0
0.073,427.0,425.0,422.0,419.5,417.5,415.5,8000.0,8000.0,7000.0,-3.5,-1.5,0.5,0.0,0.0,0.0,0.0,0.0,0.0,5.0,0
0.074,435.0,432.0,430.0,427.5,425.5,422.5,8000.0,7000.0,8000.0,-4.5,-2.5,0.5,0.0,0.0,0.0,0.0,0.0,0.0,5.0,0
0.075,442.0,440.0,438.0,435.5,432.5,430.5,7000.0,8000.0,8000.0,-4.5,-1.5,0.5,0.0,0.0,0.0,0.0,0.0,0.0,4.0,0
0.076,450.0,448.0,446.0,442.5,440.5,438.5,8000.0,8000.0,8000.0,-3.5,-1.5,0.5,0.0,0.0,0.0,0.0,0.0,0.0,4.0,0
0.077,458.0,456.0,453.0,450.5,448.5,446.5,8000.0,8000.0,7000.0,-3.5,-1.5,0.5,0.0,0.0,0.0,0.0,0.0,0.0,5.0,0
0.078,466.0,464.0,461.0,458.5,456.5,453.5,8000.0,8000.0,8000.0,-4.5,-2.5,0.5,0.0,0.0,0.0,0.0,0.0,0.0,5.0,0
0.079,474.0,471.0,469.0,466.5,464.5,461.5,8000.0,7000.0,8000.0,-4.5,-2.5,0.5,0.0,0.0,0.0,0.0,0.0,0.0,5.0,0
0.08,482.0,479.0,477.0,474.5,471.5,469.5,8000.0,8000.0,8000.0,-4.5,-1.5,0.5,0.0,0.0,0.0,0.0,0.0,0.0,5.0,0
0.081,490.0,487.0,485.0,482.5,479.5,477.5,8000.0,8000.0,8000.0,-4.5,-1.5,0.5,0.0,0.0,0.0,0.0,0.0,0.0,5.0,0
0.082,497.0,495.0,492.0,490.5,487.5,485.5,7000.0,8000.0,7000.0,-4.5,-1.5,0.5,0.0,0.0,0.0,0.0,0.0,0.0,5.0,0
0.083,505.0,503.0,500.0,497.5,495.5,492.5,8000.0,8000.0,8000.0,-4.5,-2.5,0.5,0.0,0.0,0.0,0.0,0.0,0.0,5.0,0
0.084,513.0,510.0,508.0,505.5,503.5,500.5,8000.0,7000.0,8000.0,-4.5,-2.5,0.5,0.0,0.0,0.0,0.0,0.0,0.0,5.0,0
0.085,521.0,518.0,516.0,513.5,510.5,508.5,8000.0,8000.0,8000.0,-4.5,-1.5,0.5,0.0,0.0,0.0,0.0,0.0,0.0,5.0,0
0.08600000000000001,529.0,526.0,523.0,521.5,518.5,516.5,8000.0,8000.0,7000.0,-4.5,-1.5,0.5,0.0,0.0,0.0,0.0,0.0,0.0,6.0,0
0.08700000000000001,537.0,534.0,531.0,529.5,526.5,523.5,8000.0,8000.0,8000.0,-5.5,-2.5,0.5,0.0,0.0,0.0,0.0,0.0,0.0,6.0,0
0.088,544.0,542.0,539.0,537.5,534.5,531.5,7000.0,8000.0,8000.0,-5.5,-2.5,0.5,0.0,0.0,0.0,0.0,0.0,0.0,5.0,0
0.089,552.0,549.0,547.0,544.5,542.5,539.5,8000.0,7000.0,8000.0,-4.5,-2.5,0.5,0.0,0.0,0.0,0.0,0.0,0.0,5.0,0
0.09,560.0,557.0,554.0,552.5,549.5,547.5,8000.0,8000.0,7000.0,-4.5,-1.5,0.5,0.0,0.0,0.0,0.0,0.0,0.0,6.0,0
0.091,568.0,565.0,562.0,560.5,557.5,554.5,8000.0,8000.0,8000.0,-5.5,-2.5,0.5,0.0,0.0,0.0,0.0,0.0,0.0,6.0,0
0.092,576.0,573.0,570.0,568.5,565.5,562.5,8000.0,8000.0,8000.0,-5.5,-2.5,0.5,0.0,0.0,0.0,0.0,0.0,0.0,6.0,0
0.093,584.0,581.0,578.0,576.5,573.5,570.5,8000.0,8000.0,8000.0,-5.5,-2.5,0.5,0.0,0.0,0.0,0.0,0.0,0.0,6.0,0
0.094,591.0,588.0,585.0,584.5,581.5,578.5,7000.0,7000.0,7000.0,-5.5,-2.5,0.5,0.0,0.0,0.0,0.0,0.0,0.0,6.0,0
0.095,599.0,596.0,593.0,591.5,588.5,585.5,8000.0,8000.0,8000.0,-5.5,-2.5,0.5,0.0,0.0,0.0,0.0,0.0,0.0,6.0,0
0.096,607.0,604.0,601.0,599.5,596.5,593.5,8000.0,8000.0,8000.0,-5.5,-2.5,0.5,0.0,0.0,0.0,0.0,0.0,0.0,6.0,0
0.097,615.0,612.0,609.0,607.5,604.5,601.5,8000.0,8000.0,8000.0,-5.5,-2.5,0.5,0.0,0.0,0.0,0.0,0.0,0.0,6.0,0
0.098,623.0,620.0,616.0,615.5,612.5,609.5,8000.0,8000.0,7000.0,-5.5,-2.5,0.5,0.0,0.0,0.0,0.0,0.0,0.0,7.0,0
0.099,631.0,627.0,624.0,623.5,620.5,616.5,8000.0,7000.0,8000.0,-6.5,-3.5,0.5,0.0,0.0,0.0,0.0,0.0,0.0,7.0,0
0.1,638.0,635.0,632.0,631.5,627.5,624.5,7000.0,8000.0,8000.0,-6.5,-2.5,0.5,0.0,0.0,0.0,0.0,0.0,0.0,6.0,0
0.101,646.0,643.0,640.0,638.5,635.5,632.5,8000.0,8000.0,8000.0,-5.5,-2.5,0.5,0.0,0.0,0.0,0.0,0.0,0.0,6.0,0
0.10200000000000001,654.0,651.0,647.0,646.5,643.5,640.5,8000.0,8000.0,7000.0,-5.5,-2.5,0.5,0.0,0.0,0.0,0.0,0.0,0.0,7.0,0
0.10300000000000001,662.0,659.0,655.0,654.5,651.5,647.5,8000.0,8000.0,8000.0,-6.5,-3.5,0.5,0.0,0.0,0.0,0.0,0.0,0.0,7.0,0
0.10400000000000001,670.0,666.0,663.0,662.5,659.5,655.5,8000.0,7000.0,8000.0,-6.5,-3.5,0.5,0.0,0.0,0.0,0.0,0.0,0.0,7.0,0
0.105,678.0,674.0,671.0,670.5,666.5,663.5,8000.0,8000.0,8000.0,-6.5,-2.5,0.5,0.0,0.0,0.0,0.0,0.0,0.0,7.0,0
0.106,686.0,682.0,679.0,678.5,674.5,671.5,8000.0,8000.0,8000.0,-6.5,-2.5,0.5,0.0,0.0,0.0,0.0,0.0,0.0,7.0,0
0.107,693.0,690.0,686.0,686.5,682.5,679.5,7000.0,8000.0,7000.0,-6.5,-2.5,0.5,0.0,0.0,0.0,0.0,0.0,0.0,7.0,0
0.108,701.0,698.0,694.0,693.5,690.5,686.5,8000.0,8000.0,8000.0,-6.5,-3.5,0.5,0.0,0.0,0.0,0.0,0.0,0.0,7.0,0
0.109,709.0,705.0,702.0,701.5,698.5,694.5,8000.0,7000.0,8000.0,-6.5,-3.5,0.5,0.0,0.0,0.0,0.0,0.0,0.0,7.0,0
0.11,717.0,713.0,710.0,709.5,705.5,702.5,8000.0,8000.0,8000.0,-6.5,-2.5,0.5,0.0,0.0,0.0,0.0,0.0,0.0,7.0,0
0.111,725.0,721.0,717.0,717.5,713.5,710.5,8000.0,8000.0,7000.0,-6.5,-2.5,0.5,0.0,0.0,0.0,0.0,0.0,0.0,8.0,0
0.112,733.0,729.0,725.0,725.5,721.5,717.5,8000.0,8000.0,8000.0,-7.5,-3.5,0.5,0.0,0.0,0.0,0.0,0.0,0.0,8.0,0
0.113,740.0,737.0,733.0,733.5,729.5,725.5,7000.0,8000.0,8000.0,-7.5,-3.5,0.5,0.0,0.0,0.0,0.0,0.0,0.0,7.0,0
0.114,748.0,744.0,741.0,740.5,737.5,733.5,8000.0,7000.0,8000.0,-6.5,-3.5,0.5,0.0,0.0,0.0,0.0,0.0,0.0,7.0,0
0.115,756.0,752.0,748.0,748.5,744.5,741.5,8000.0,8000.0,7000.0,-6.5,-2.5,0.5,0.0,0.0,0.0,0.0,0.0,0.0,8.0,0
0.116,764.0,760.0,756.0,756.5,752.5,748.5,8000.0,8000.0,8000.0,-7.5,-3.5,0.5,0.0,0.0,0.0,0.0,0.0,0.0,8.0,0
0.117,772.0,768.0,764.0,764.5,760.5,756.5,8000.0,8000.0,8000.0,-7.5,-3.5,0.5,0.0,0.0,0.0,0.0,0.0,0.0,8.0,0
0.11800000000000001,780.0,776.0,772.0,772.5,768.5,764.5,8000.0,8000.0,8000.0,-7.5,-3.5,0.5,0.0,0.0,0.0,0.0,0.0,0.0,8.0,0
0.11900000000000001,787.0,783.0,779.0,780.5,776.5,772.5,7000.0,7000.0,7000.0,-7.5,-3.5,0.5,0.0,0.0,0.0,0.0,0.0,0.0,8.0,0
0.12,795.0,791.0,787.0,787.5,783.5,779.5,8000.0,8000.0,8000.0,-7.5,-3.5,0.5,0.0,0.0,0.0,0.0,0.0,0.0,8.0,0
0.121,803.0,799.0,795.0,795.5,791.5,787.5,8000.0,8000.0,8000.0,-7.5,-3.5,0.5,0.0,0.0,0.0,0.0,0.0,0.0,8.0,0
0.122,811.0,807.0,803.0,803.5,799.5,795.5,8000.0,8000.0,8000.0,-7.5,-3.5,0.5,0.0,0.0,0.0,0.0,0.0,0.0,8.0,0
0.123,819.0,815.0,810.0,811.5,807.5,803.5,8000.0,8000.0,7000.0,-7.5,-3.5,0.5,0.0,0.0,0.0,0.0,0.0,0.0,9.0,0
0.124,827.0,822.0,818.0,819.5,815.5,810.5,8000.0,7000.0,8000.0,-8.5,-4.5,0.5,0.0,0.0,0.0,0.0,0.0,0.0,9.0,0
0.125,834.0,830.0,826.0,827.5,822.5,818.5,7000.0,8000.0,8000.0,-8.5,-3.5,0.5,0.0,0.0,0.0,0.0,0.0,0.0,8.0,0
0.126,842.0,838.0,834.0,834.5,830.5,826.5,8000.0,8000.0,8000.0,-7.5,-3.5,0.5,0.0,0.0,0.0,0.0,0.0,0.0,8.0,0
0.127,850.0,846.0,841.0,842.5,838.5,834.5,8000.0,8000.0,7000.0,-7.5,-3.5,0.5,0.0,0.0,0.0,0.0,0.0,0.0,9.0,0
0.128,858.0,854.0,849.0,850.5,846.5,841.5,8000.0,8000.0,8000.0,-8.5,-4.5,0.5,0.0,0.0,0.0,0.0,0.0,0.0,9.0,0
0.129,866.0,861.0,857.0,858.5,854.5,849.5,8000.0,7000.0,8000.0,-8.5,-4.5,0.5,0.0,0.0,0.0,0.0,0.0,0.0,9.0,0
0.13,874.0,869.0,865.0,866.5,861.5,857.5,8000.0,8000.0,8000.0,-8.5,-3.5,0.5,0.0,0.0,0.0,0.0,0.0,0.0,9.0,0
0.131,882.0,877.0,873.0,874.5,869.5,865.5,8000.0,8000.0,8000.0,-8.5,-3.5,0.5,0.0,0.0,0.0,0.0,0.0,0.0,9.0,0
0.132,889.0,885.0,880.0,882.5,877.5,873.5,7000.0,8000.0,7000.0,-8.5,-3.5,0.5,0.0,0.0,0.0,0.0,0.0,0.0,9.0,0
0.133,897.0,893.0,888.0,889.5,885.5,880.5,8000.0,8000.0,8000.0,-8.5,-4.5,0.5,0.0,0.0,0.0,0.0,0.0,0.0,9.0,0
0.134,905.0,900.0,896.0,897.5,893.5,888.5,8000.0,7000.0,8000.0,-8.5,-4.5,0.5,0.0,0.0,0.0,0.0,0.0,0.0,9.0,0
0.135,913.0,908.0,904.0,905.5,900.5,896.5,8000.0,8000.0,8000.0,-8.5,-3.5,0.5,0.0,0.0,0.0,0.0,0.0,0.0,9.0,0
0.136,921.0,916.0,911.0,913.5,908.5,904.5,8000.0,8000.0,7000.0,-8.5,-3.5,0.5,0.0,0.0,0.0,0.0,0.0,0.0,10.0,0
0.137,929.0,924.0,919.0,921.5,916.5,911.5,8000.0,8000.0,8000.0,-9.5,-4.5,0.5,0.0,0.0,0.0,0.0,0.0,0.0,10.0,0
0.138,936.0,932.0,927.0,929.5,924.5,919.5,7000.0,8000.0,8000.0,-9.5,-4.5,0.5,0.0,0.0,0.0,0.0,0.0,0.0,9.0,0
0.139,944.0,939.0,935.0,936.5,932.5,927.5,8000.0,7000.0,8000.0,-8.5,-4.5,0.5,0.0,0.0,0.0,0.0,0.0,0.0,9.0,0
0.14,952.0,947.0,942.0,944.5,939.5,935.5,8000.0,8000.0,7000.0,-8.5,-3.5,0.5,0.0,0.0,0.0,0.0,0.0,0.0,10.0,0
0.14100000000000001,960.0,955.0,950.0,952.5,947.5,942.5,8000.0,8000.0,8000.0,-9.5,-4.5,0.5,0.0,0.0,0.0,0.0,0.0,0.0,10.0,0
0.14200000000000002,968.0,963.0,958.0,960.5,955.5,950.5,8000.0,8000.0,8000.0,-9.5,-4.5,0.5,0.0,0.0,0.0,0.0,0.0,0.0,10.0,0
0.14300000000000002,976.0,971.0,966.0,968.5,963.5,958.5,8000.0,8000.0,8000.0,-9.5,-4.5,0.5,0.0,0.0,0.0,0.0,0.0,0.0,10.0,0
0.14400000000000002,983.0,978.0,973.0,976.5,971.5,966.5,7000.0,7000.0,7000.0,-9.5,-4.5,0.5,0.0,0.0,0.0,0.0,0.0,0.0,10.0,0
0.145,991.0,986.0,981.0,983.5,978.5,973.5,8000.0,8000.0,8000.0,-9.5,-4.5,0.5,0.0,0.0,0.0,0.0,0.0,0.0,10.0,0
0.146,999.0,994.0,989.0,991.5,986.5,981.5,8000.0,8000.0,8000.0,-9.5,-4.5,0.5,0.0,0.0,0.0,0.0,0.0,0.0,10.0,0
0.147,1007.0,1002.0,997.0,999.5,994.5,989.5,8000.0,8000.0,8000.0,-9.5,-4.5,0.5,0.0,0.0,0.0,0.0,0.0,0.0,10.0,0
0.148,1015.0,1010.0,1004.0,1007.5,1002.5,997.5,8000.0,8000.0,7000.0,-9.5,-4.5,0.5,0.0,0.0,0.0,0.0,0.0,0.0,11.0,0
0.149,1022.0,1017.0,1012.0,1015.5,1010.5,1004.5,7000.0,7000.0,8000.0,-10.5,-5.5,0.5,0.0,0.0,0.0,0.0,0.0,0.0,10.0,0
0.15,1030.0,1025.0,1020.0,1022.5,1017.5,1012.5,8000.0,8000.0,8000.0,-9.5,-4.5,0.5,0.0,0.0,0.0,0.0,0.0,0.0,10.0,0
0.151,1038.0,1033.0,1028.0,1030.5,1025.5,1020.5,8000.0,8000.0,8000.0,-9.5,-4.5,0.5,0.0,0.0,0.0,0.0,0.0,0.0,10.0,0
0.152,1046.0,1041.0,1035.0,1038.5,1033.5,1028.5,8000.0,8000.0,7000.0,-9.5,-4.5,0.5,0.0,0.0,0.0,0.0,0.0,0.0,11.0,0
0.153,1054.0,1049.0,1043.0,1046.5,1041.5,1035.5,8000.0,8000.0,8000.0,-10.5,-5.5,0.5,0.0,0.0,0.0,0.0,0.0,0.0,11.0,0
0.154,1061.0,1056.0,1051.0,1054.5,1049.5,1043.5,7000.0,7000.0,8000.0,-10.5,-5.5,0.5,0.0,0.0,0.0,0.0,0.0,0.0,10.0,0
0.155,1069.0,1064.0,1059.0,1061.5,1056.5,1051.5,8000.0,8000.0,8000.0,-9.5,-4.5,0.5,0.0,0.0,0.0,0.0,0.0,0.0,10.0,0
0.156,1077.0,1072.0,1067.0,1069.5,1064.5,1059.5,8000.0,8000.0,8000.0,-9.5,-4.5,0.5,0.0,0.0,0.0,0.0,0.0,0.0,10.0,0
0.157,1084.0,1080.0,1074.0,1077.5,1072.5,1067.5,7000.0,8000.0,7000.0,-9.5,-4.5,0.5,0.0,0.0,0.0,0.0,0.0,0.0,10.0,0
0.158,1092.0,1088.0,1082.0,1084.5,1080.5,1074.5,8000.0,8000.0,8000.0,-9.5,-5.5,0.5,0.0,0.0,0.0,0.0,0.0,0.0,10.0,0
0.159,1100.0,1095.0,1090.0,1092.5,1088.5,1082.5,8000.0,7000.0,8000.0,-9.5,-5.5,0.5,0.0,0.0,0.0,0.0,0.0,0.0,10.0,0
0.16,1108.0,1103.0,1098.0,1100.5,1095.5,1090.5,8000.0,8000.0,8000.0,-9.5,-4.5,0.5,0.0,0.0,0.0,0.0,0.0,0.0,10.0,0
0.161,1116.0,1111.0,1105.0,1108.5,1103.5,1098.5,8000.0,8000.0,7000.0,-9.5,-4.5,0.5,0.0,0.0,0.0,0.0,0.0,0.0,11.0,0
0.162,1123.0,1119.0,1113.0,1116.5,1111.5,1105.5,7000.0,8000.0,8000.0,-10.5,-5.5,0.5,0.0,0.0,0.0,0.0,0.0,0.0,10.0,0
0.163,1131.0,1127.0,1121.0,1123.5,1119.5,1113.5,8000.0,8000.0,8000.0,-9.5,-5.5,0.5,0.0,0.0,0.0,0.0,0.0,0.0,10.0,0
0.164,1139.0,1134.0,1129.0,1131.5,1127.5,1121.5,8000.0,7000.0,8000.0,-9.5,-5.5,0.5,0.0,0.0,0.0,0.0,0.0,0.0,10.0,0
0.165,1147.0,1142.0,1136.0,1139.5,1134.5,1129.5,8000.0,8000.0,7000.0,-9.5,-4.5,0.5,0.0,0.0,0.0,0.0,0.0,0.0,11.0,0
0.166,1155.0,1150.0,1144.0,1147.5,1142.5,1136.5,8000.0,8000.0,8000.0,-10.5,-5.5,0.5,0.0,0.0,0.0,0.0,0.0,0.0,11.0,0
0.167,1162.0,1158.0,1152.0,1155.5,1150.5,1144.5,7000.0,8000.0,8000.0,-10.5,-5.5,0.5,0.0,0.0,0.0,0.0,0.0,0.0,10.0,0
0.168,1170.0,1166.0,1160.0,1162.5,1158.5,1152.5,8000.0,8000.0,8000.0,-9.5,-5.5,0.5,0.0,0.0,0.0,0.0,0.0,0.0,10.0,0
0.169,1178.0,1173.0,1167.0,1170.5,1166.5,1160.5,8000.0,7000.0,7000.0,-9.5,-5.5,0.5,0.0,0.0,0.0,0.0,0.0,0.0,11.0,0
0.17,1185.0,1181.0,1175.0,1178.5,1173.5,1167.5,7000.0,8000.0,8000.0,-10.5,-5.5,0.5,0.0,0.0,0.0,0.0,0.0,0.0,10.0,0
0.171,1193.0,1189.0,1183.0,1185.5,1181.5,1175.5,8000.0,8000.0,8000.0,-9.5,-5.5,0.5,0.0,0.0,0.0,0.0,0.0,0.0,10.0,0
0.17200000000000001,1201.0,1197.0,1191.0,1193.5,1189.5,1183.5,8000.0,8000.0,8000.0,-9.5,-5.5,0.5,0.0,0.0,0.0,0.0,0.0,0.0,10.0,0
0.17300000000000001,1209.0,1205.0,1198.0,1201.5,1197.5,1191.5,8000.0,8000.0,7000.0,-9.5,-5.5,0.5,0.0,0.0,0.0,0.0,0.0,0.0,11.0,0
0.17400000000000002,1216.0,1212.0,1206.0,1209.5,1205.5,1198.5,7000.0,7000.0,8000.0,-10.5,-6.5,0.5,0.0,0.0,0.0,0.0,0.0,0.0,10.0,0
0.17500000000000002,1224.0,1220.0,1214.0,1216.5,1212.5,1206.5,8000.0,8000.0,8000.0,-9.5,-5.5,0.5,0.0,0.0,0.0,0.0,0.0,0.0,10.0,0
0.176,1232.0,1228.0,1222.0,1224.5,1220.5,1214.5,8000.0,8000.0,8000.0,-9.5,-5.5,0.5,0.0,0.0,0.0,0.0,0.0,0.0,10.0,0
0.177,1240.0,1236.0,1229.0,1232.5,1228.5,1222.5,8000.0,8000.0,7000.0,-9.5,-5.5,0.5,0.0,0.0,0.0,0.0,0.0,0.0,11.0,0
0.178,1248.0,1244.0,1237.0,1240.5,1236.5,1229.5,8000.0,8000.0,8000.0,-10.5,-6.5,0.5,0.0,0.0,0.0,0.0,0.0,0.0,11.0,0
0.179,1255.0,1251.0,1245.0,1248.5,1244.5,1237.5,7000.0,7000.0,8000.0,-10.5,-6.5,0.5,0.0,0.0,0.0,0.0,0.0,0.0,10.0,0
0.18,1263.0,1259.0,1253.0,1255.5,1251.5,1245.5,8000.0,8000.0,8000.0,-9.5,-5.5,0.5,0.0,0.0,0.0,0.0,0.0,0.0,10.0,0
0.181,1271.0,1267.0,1261.0,1263.5,1259.5,1253.5,8000.0,8000.0,8000.0,-9.5,-5.5,0.5,0.0,0.0,0.0,0.0,0.0,0.0,10.0,0
0.182,1279.0,1275.0,1268.0,1271.5,1267.5,1261.5,8000.0,8000.0,7000.0,-9.5,-5.5,0.5,0.0,0.0,0.0,0.0,0.0,0.0,11.0,0
0.183,1286.0,1283.0,1276.0,1279.5,1275.5,1268.5,7000.0,8000.0,8000.0,-10.5,-6.5,0.5,0.0,0.0,0.0,0.0,0.0,0.0,10.0,0
0.184,1294.0,1290.0,1284.0,1286.5,1283.5,1276.5,8000.0,7000.0,8000.0,-9.5,-6.5,0.5,0.0,0.0,0.0,0.0,0.0,0.0,10.0,0
0.185,1302.0,1298.0,1292.0,1294.5,1290.5,1284.5,8000.0,8000.0,8000.0,-9.5,-5.5,0.5,0.0,0.0,0.0,0.0,0.0,0.0,10.0,0
0.186,1310.0,1306.0,1299.0,1302.5,1298.5,1292.5,8000.0,8000.0,7000.0,-9.5,-5.5,0.5,0.0,0.0,0.0,0.0,0.0,0.0,11.0,0
0.187,1317.0,1314.0,1307.0,1310.5,1306.5,1299.5,7000.0,8000.0,8000.0,-10.5,-6.5,0.5,0.0,0.0,0.0,0.0,0.0,0.0,10.0,0
0.188,1325.0,1322.0,1315.0,1317.5,1314.5,1307.5,8000.0,8000.0,8000.0,-9.5,-6.5,0.5,0.0,0.0,0.0,0.0,0.0,0.0,10.0,0
0.189,1333.0,1329.0,1323.0,1325.5,1322.5,1315.5,8000.0,7000.0,8000.0,-9.5,-6.5,0.5,0.0,0.0,0.0,0.0,0.0,0.0,10.0,0
0.19,1341.0,1337.0,1330.0,1333.5,1329.5,1323.5,8000.0,8000.0,7000.0,-9.5,-5.5,0.5,0.0,0.0,0.0,0.0,0.0,0.0,11.0,0
0.191,1348.0,1345.0,1338.0,1341.5,1337.5,1330.5,7000.0,8000.0,8000.0,-10.5,-6.5,0.5,0.0,0.0,0.0,0.0,0.0,0.0,10.0,0
0.192,1356.0,1353.0,1346.0,1348.5,1345.5,1338.5,8000.0,8000.0,8000.0,-9.5,-6.5,0.5,0.0,0.0,0.0,0.0,0.0,0.0,10.0,0
0.193,1364.0,1361.0,1354.0,1356.5,1353.5,1346.5,8000.0,8000.0,8000.0,-9.5,-6.5,0.5,0.0,0.0,0.0,0.0,0.0,0.0,10.0,0
0.194,1372.0,1368.0,1361.0,1364.5,1361.5,1354.5,8000.0,7000.0,7000.0,-9.5,-6.5,0.5,0.0,0.0,0.0,0.0,0.0,0.0,11.0,0
0.195,1380.0,1376.0,1369.0,1372.5,1368.5,1361.5,8000.0,8000.0,8000.0,-10.5,-6.5,0.5,0.0,0.0,0.0,0.0,0.0,0.0,11.0,0
0.196,1387.0,1384.0,1377.0,1380.5,1376.5,1369.5,7000.0,8000.0,8000.0,-10.5,-6.5,0.5,0.0,0.0,0.0,0.0,0.0,0.0,10.0,0
0.197,1395.0,1392.0,1385.0,1387.5,1384.5,1377.5,8000.0,8000.0,8000.0,-9.5,-6.5,0.5,0.0,0.0,0.0,0.0,0.0,0.0,10.0,0
0.198,1403.0,1400.0,1392.0,1395.5,1392.5,1385.5,8000.0,8000.0,7000.0,-9.5,-6.5,0.5,0.0,0.0,0.0,0.0,0.0,0.0,11.0,0
0.199,1410.0,1407.0,1400.0,1403.5,1400.5,1392.5,7000.0,7000.0,8000.0,-10.5,-7.5,0.5,0.0,0.0,0.0,0.0,0.0,0.0,10.0,0
0.2,1418.0,1415.0,1408.0,1410.5,1407.5,1400.5,8000.0,8000.0,8000.0,-9.5,-6.5,0.5,0.0,0.0,0.0,0.0,0.0,0.0,10.0,0
0.201,1426.0,1423.0,1416.0,1418.5,1415.5,1408.5,8000.0,8000.0,8000.0,-9.5,-6.5,0.5,0.0,0.0,0.0,0.0,0.0,0.0,10.0,0
0.202,1434.0,1431.0,1423.0,1426.5,1423.5,1416.5,8000.0,8000.0,7000.0,-9.5,-6.5,0.5,0.0,0.0,0.0,0.0,0.0,0.0,11.0,0
0.203,1441.0,1439.0,1431.0,1434.5,1431.5,1423.5,7000.0,8000.0,8000.0,-10.5,-7.5,0.5,0.0,0.0,0.0,0.0,0.0,0.0,10.0,0
0.20400000000000001,1449.0,1446.0,1439.0,1441.5,1439.5,1431.5,8000.0,7000.0,8000.0,-9.5,-7.5,0.5,0.0,0.0,0.0,0.0,0.0,0.0,10.0,0
0.20500000000000002,1457.0,1454.0,1447.0,1449.5,1446.5,1439.5,8000.0,8000.0,8000.0,-9.5,-6.5,0.5,0.0,0.0,0.0,0.0,0.0,0.0,10.0,0
0.20600000000000002,1465.0,1462.0,1455.0,1457.5,1454.5,1447.5,8000.0,8000.0,8000.0,-9.5,-6.5,0.5,0.0,0.0,0.0,0.0,0.0,0.0,10.0,0
0.20700000000000002,1473.0,1470.0,1462.0,1465.5,1462.5,1455.5,8000.0,8000.0,7000.0,-9.5,-6.5,0.5,0.0,0.0,0.0,0.0,0.0,0.0,11.0,0
0.20800000000000002,1480.0,1478.0,1470.0,1473.5,1470.5,1462.5,7000.0,8000.0,8000.0,-10.5,-7.5,0.5,0.0,0.0,0.0,0.0,0.0,0.0,10.0,0
0.209,1488.0,1485.0,1478.0,1480.5,1478.5,1470.5,8000.0,7000.0,8000.0,-9.5,-7.5,0.5,0.0,0.0,0.0,0.0,0.0,0.0,10.0,0
0.21,1496.0,1493.0,1486.0,1488.5,1485.5,1478.5,8000.0,8000.0,8000.0,-9.5,-6.5,0.5,0.0,0.0,0.0,0.0,0.0,0.0,10.0,0
0.211,1504.0,1501.0,1493.0,1496.5,1493.5,1486.5,8000.0,8000.0,7000.0,-9.5,-6.5,0.5,0.0,0.0,0.0,0.0,0.0,0.0,11.0,0
0.212,1512.0,1509.0,1501.0,1504.5,1501.5,1493.5,8000.0,8000.0,8000.0,-10.5,-7.5,0.5,0.0,0.0,0.0,0.0,0.0,0.0,11.0,0
0.213,1519.0,1517.0,1509.0,1512.5,1509.5,1501.5,7000.0,8000.0,8000.0,-10.5,-7.5,0.5,0.0,0.0,0.0,0.0,0.0,0.0,10.0,0
0.214,1527.0,1524.0,1517.0,1519.5,1517.5,1509.5,8000.0,7000.0,8000.0,-9.5,-7.5,0.5,0.0,0.0,0.0,0.0,0.0,0.0,10.0,0
0.215,1535.0,1532.0,1524.0,1527.5,1524.5,1517.5,8000.0,8000.0,7000.0,-9.5,-6.5,0.5,0.0,0.0,0.0,0.0,0.0,0.0,11.0,0
0.216,1542.0,1540.0,1532.0,1535.5,1532.5,1524.5,7000.0,8000.0,8000.0,-10.5,-7.5,0.5,0.0,0.0,0.0,0.0,0.0,0.0,10.0,0
0.217,1550.0,1548.0,1540.0,1542.5,1540.5,1532.5,8000.0,8000.0,8000.0,-9.5,-7.5,0.5,0.0,0.0,0.0,0.0,0.0,0.0,10.0,0
0.218,1558.0,1556.0,1548.0,1550.5,1548.5,1540.5,8000.0,8000.0,8000.0,-9.5,-7.5,0.5,0.0,0.0,0.0,0.0,0.0,0.0,10.0,0
0.219,1566.0,1563.0,1555.0,1558.5,1556.5,1548.5,8000.0,7000.0,7000.0,-9.5,-7.5,0.5,0.0,0.0,0.0,0.0,0.0,0.0,11.0,0
0.22,1573.0,1571.0,1563.0,1566.5,1563.5,1555.5,7000.0,8000.0,8000.0,-10.5,-7.5,0.5,0.0,0.0,0.0,0.0,0.0,0.0,10.0,0
0.221,1581.0,1579.0,1571.0,1573.5,1571.5,1563.5,8000.0,8000.0,8000.0,-9.5,-7.5,0.5,0.0,0.0,0.0,0.0,0.0,0.0,10.0,0
0.222,1589.0,1587.0,1579.0,1581.5,1579.5,1571.5,8000.0,8000.0,8000.0,-9.5,-7.5,0.5,0.0,0.0,0.0,0.0,0.0,0.0,10.0,0
0.223,1597.0,1595.0,1586.0,1589.5,1587.5,1579.5,8000.0,8000.0,7000.0,-9.5,-7.5,0.5,0.0,0.0,0.0,0.0,0.0,0.0,11.0,0
0.224,1605.0,1602.0,1594.0,1597.5,1595.5,1586.5,8000.0,7000.0,8000.0,-10.5,-8.5,0.5,0.0,0.0,0.0,0.0,0.0,0.0,11.0,0
0.225,1612.0,1610.0,1602.0,1605.5,1602.5,1594.5,7000.0,8000.0,8000.0,-10.5,-7.5,0.5,0.0,0.0,0.0,0.0,0.0,0.0,10.0,0
0.226,1620.0,1618.0,1610.0,1612.5,1610.5,1602.5,8000.0,8000.0,8000.0,-9.5,-7.5,0.5,0.0,0.0,0.0,0.0,0.0,0.0,10.0,0
0.227,1628.0,1626.0,1617.0,1620.5,1618.5,1610.5,8000.0,8000.0,7000.0,-9.5,-7.5,0.5,0.0,0.0,0.0,0.0,0.0,0.0,11.0,0
0.228,1635.0,1634.0,1625.0,1628.5,1626.5,1617.5,7000.0,8000.0,8000.0,-10.5,-8.5,0.5,0.0,0.0,0.0,0.0,0.0,0.0,10.0,0
0.229,1643.0,1641.0,1633.0,1635.5,1634.5,1625.5,8000.0,7000.0,8000.0,-9.5,-8.5,0.5,0.0,0.0,0.0,0.0,0.0,0.0,10.0,0
0.23,1651.0,1649.0,1641.0,1643.5,1641.5,1633.5,8000.0,8000.0,8000.0,-9.5,-7.5,0.5,0.0,0.0,0.0,0.0,0.0,0.0,10.0,0
0.231,1659.0,1657.0,1649.0,1651.5,1649.5,1641.5,8000.0,8000.0,8000.0,-9.5,-7.5,0.5,0.0,0.0,0.0,0.0,0.0,0.0,10.0,0
0.232,1667.0,1665.0,1656.0,1659.5,1657.5,1649.5,8000.0,8000.0,7000.0,-9.5,-7.5,0.5,0.0,0.0,0.0,0.0,0.0,0.0,11.0,0
0.233,1674.0,1673.0,1664.0,1667.5,1665.5,1656.5,7000.0,8000.0,8000.0,-10.5,-8.5,0.5,0.0,0.0,0.0,0.0,0.0,0.0,10.0,0
0.234,1682.0,1680.0,1672.0,1674.5,1673.5,1664.5,8000.0,7000.0,8000.0,-9.5,-8.5,0.5,0.0,0.0,0.0,0.0,0.0,0.0,10.0,0
0.23500000000000001,1690.0,1688.0,1680.0,1682.5,1680.5,1672.5,8000.0,8000.0,8000.0,-9.5,-7.5,0.5,0.0,0.0,0.0,0.0,0.0,0.0,10.0,0
0.23600000000000002,1698.0,1696.0,1687.0,1690.5,1688.5,1680.5,8000.0,8000.0,7000.0,-9.5,-7.5,0.5,0.0,0.0,0.0,0.0,0.0,0.0,11.0,0
0.23700000000000002,1706.0,1704.0,1695.0,1698.5,1696.5,1687.5,8000.0,8000.0,8000.0,-10.5,-8.5,0.5,0.0,0.0,0.0,0.0,0.0,0.0,11.0,0
0.23800000000000002,1713.0,1712.0,1703.0,1706.5,1704.5,1695.5,7000.0,8000.0,8000.0,-10.5,-8.5,0.5,0.0,0.0,0.0,0.0,0.0,0.0,10.0,0
0.23900000000000002,1721.0,1719.0,1711.0,1713.5,1712.5,1703.5,8000.0,7000.0,8000.0,-9.5,-8.5,0.5,0.0,0.0,0.0,0.0,0.0,0.0,10.0,0
0.24,1729.0,1727.0,1718.0,1721.5,1719.5,1711.5,8000.0,8000.0,7000.0,-9.5,-7.5,0.5,0.0,0.0,0.0,0.0,0.0,0.0,11.0,0
0.241,1736.0,1735.0,1726.0,1729.5,1727.5,1718.5,7000.0,8000.0,8000.0,-10.5,-8.5,0.5,0.0,0.0,0.0,0.0,0.0,0.0,10.0,0
0.242,1744.0,1743.0,1734.0,1736.5,1735.5,1726.5,8000.0,8000.0,8000.0,-9.5,-8.5,0.5,0.0,0.0,0.0,0.0,0.0,0.0,10.0,0
0.243,1752.0,1751.0,1742.0,1744.5,1743.5,1734.5,8000.0,8000.0,8000.0,-9.5,-8.5,0.5,0.0,0.0,0.0,0.0,0.0,0.0,10.0,0
0.244,1760.0,1758.0,1749.0,1752.5,1751.5,1742.5,8000.0,7000.0,7000.0,-9.5,-8.5,0.5,0.0,0.0,0.0,0.0,0.0,0.0,11.0,0
0.245,1767.0,1766.0,1757.0,1760.5,1758.5,1749.5,7000.0,8000.0,8000.0,-10.5,-8.5,0.5,0.0,0.0,0.0,0.0,0.0,0.0,10.0,0
0.246,1775.0,1774.0,1765.0,1767.5,1766.5,1757.5,8000.0,8000.0,8000.0,-9.5,-8.5,0.5,0.0,0.0,0.0,0.0,0.0,0.0,10.0,0
0.247,1783.0,1782.0,1773.0,1775.5,1774.5,1765.5,8000.0,8000.0,8000.0,-9.5,-8.5,0.5,0.0,0.0,0.0,0.0,0.0,0.0,10.0,0
0.248,1791.0,1790.0,1780.0,1783.5,1782.5,1773.5,8000.0,8000.0,7000.0,-9.5,-8.5,0.5,0.0,0.0,0.0,0.0,0.0,0.0,11.0,0
0.249,1799.0,1797.0,1788.0,1791.5,1790.5,1780.5,8000.0,7000.0,8000.0,-10.5,-9.5,0.5,0.0,0.0,0.0,0.0,0.0,0.0,11.0,0
0.25,1806.0,1805.0,1796.0,1799.5,1797.5,1788.5,7000.0,8000.0,8000.0,-10.5,-8.5,0.5,0.0,0.0,0.0,0.0,0.0,0.0,10.0,0
0.251,1814.0,1813.0,1804.0,1806.5,1805.5,1796.5,8000.0,8000.0,8000.0,-9.5,-8.5,0.5,0.0,0.0,0.0,0.0,0.0,0.0,10.0,0
0.252,1822.0,1821.0,1811.0,1814.5,1813.5,1804.5,8000.0,8000.0,7000.0,-9.5,-8.5,0.5,0.0,0.0,0.0,0.0,0.0,0.0,11.0,0
0.253,1829.0,1829.0,1819.0,1822.5,1821.5,1811.5,7000.0,8000.0,8000.0,-10.5,-9.5,0.5,0.0,0.0,0.0,0.0,0.0,0.0,10.0,0
0.254,1837.0,1836.0,1827.0,1829.5,1829.5,1819.5,8000.0,7000.0,8000.0,-9.5,-9.5,0.5,0.0,0.0,0.0,0.0,0.0,0.0,10.0,0
0.255,1845.0,1844.0,1835.0,1837.5,1836.5,1827.5,8000.0,8000.0,8000.0,-9.5,-8.5,0.5,0.0,0.0,0.0,0.0,0.0,0.0,10.0,0
0.256,1853.0,1852.0,1843.0,1845.5,1844.5,1835.5,8000.0,8000.0,8000.0,-9.5,-8.5,0.5,0.0,0.0,0.0,0.0,0.0,0.0,10.0,0
0.257,1861.0,1860.0,1850.0,1853.5,1852.5,1843.5,8000.0,8000.0,7000.0,-9.5,-8.5,0.5,0.0,0.0,0.0,0.0,0.0,0.0,11.0,0
0.258,1868.0,1868.0,1858.0,1861.5,1860.5,1850.5,7000.0,8000.0,8000.0,-10.5,-9.5,0.5,0.0,0.0,0.0,0.0,0.0,0.0,10.0,0
0.259,1876.0,1875.0,1866.0,1868.5,1868.5,1858.5,8000.0,7000.0,8000.0,-9.5,-9.5,0.5,0.0,0.0,0.0,0.0,0.0,0.0,10.0,0
0.26,1884.0,1883.0,1874.0,1876.5,1875.5,1866.5,8000.0,8000.0,8000.0,-9.5,-8.5,0.5,0.0,0.0,0.0,0.0,0.0,0.0,10.0,0
0.261,1892.0,1891.0,1881.0,1884.5,1883.5,1874.5,8000.0,8000.0,7000.0,-9.5,-8.5,0.5,0.0,0.0,0.0,0.0,0.0,0.0,11.0,0
0.262,1899.0,1899.0,1889.0,1892.5,1891.5,1881.5,7000.0,8000.0,8000.0,-10.5,-9.5,0.5,0.0,0.0,0.0,0.0,0.0,0.0,10.0,0
0.263,1907.0,1907.0,1897.0,1899.5,1899.5,1889.5,8000.0,8000.0,8000.0,-9.5,-9.5,0.5,0.0,0.0,0.0,0.0,0.0,0.0,10.0,0
0.264,1915.0,1914.0,1905.0,1907.5,1907.5,1897.5,8000.0,7000.0,8000.0,-9.5,-9.5,0.5,0.0,0.0,0.0,0.0,0.0,0.0,10.0,0
0.265,1923.0,1922.0,1912.0,1915.5,1914.5,1905.5,8000.0,8000.0,7000.0,-9.5,-8.5,0.5,0.0,0.0,0.0,0.0,0.0,0.0,11.0,0
0.266,1931.0,1930.0,1920.0,1923.5,1922.5,1912.5,8000.0,8000.0,8000.0,-10.5,-9.5,0.5,0.0,0.0,0.0,0.0,0.0,0.0,11.0,0
0.267,1938.0,1938.0,1928.0,1931.5,1930.5,1920.5,7000.0,8000.0,8000.0,-10.5,-9.5,0.5,0.0,0.0,0.0,0.0,0.0,0.0,10.0,0
0.268,1946.0,1946.0,1936.0,1938.5,1938.5,1928.5,8000.0,8000.0,8000.0,-9.5,-9.5,0.5,0.0,0.0,0.0,0.0,0.0,0.0,10.0,0
0.269,1954.0,1953.0,1943.0,1946.5,1946.5,1936.5,8000.0,7000.0,7000.0,-9.5,-9.5,0.5,0.0,0.0,0.0,0.0,0.0,0.0,11.0,0
0.27,1961.0,1961.0,1951.0,1954.5,1953.5,1943.5,7000.0,8000.0,8000.0,-10.5,-9.5,0.5,0.0,0.0,0.0,0.0,0.0,0.0,10.0,0
0.271,1969.0,1969.0,1959.0,1961.5,1961.5,1951.5,8000.0,8000.0,8000.0,-9.5,-9.5,0.5,0.0,0.0,0.0,0.0,0.0,0.0,10.0,0
0.272,1977.0,1977.0,1967.0,1969.5,1969.5,1959.5,8000.0,8000.0,8000.0,-9.5,-9.5,0.5,0.0,0.0,0.0,0.0,0.0,0.0,10.0,0
0.273,1985.0,1985.0,1974.0,1977.5,1977.5,1967.5,8000.0,8000.0,7000.0,-9.5,-9.5,0.5,0.0,0.0,0.0,0.0,0.0,0.0,11.0,0
0.274,1992.0,1992.0,1982.0,1985.5,1985.5,1974.5,7000.0,7000.0,8000.0,-10.5,-10.5,0.5,0.0,0.0,0.0,0.0,0.0,0.0,10.0,0
0.275,2000.0,2000.0,1990.0,1992.5,1992.5,1982.5,8000.0,8000.0,8000.0,-9.5,-9.5,0.5,0.0,0.0,0.0,0.0,0.0,0.0,10.0,0
0.276,2008.0,2008.0,1998.0,2000.5,2000.5,1990.5,8000.0,8000.0,8000.0,-9.5,-9.5,0.5,0.0,0.0,0.0,0.0,0.0,0.0,10.0,0
0.277,2016.0,2016.0,2005.0,2008.5,2008.5,1998.5,8000.0,8000.0,7000.0,-9.5,-9.5,0.5,0.0,0.0,0.0,0.0,0.0,0.0,11.0,0
0.278,2024.0,2023.0,2013.0,2016.5,2016.5,2005.5,8000.0,7000.0,8000.0,-10.5,-10.5,0.5,0.0,0.0,0.0,0.0,0.0,0.0,11.0,0
0.279,2031.0,2031.0,2021.0,2024.5,2023.5,2013.5,7000.0,8000.0,8000.0,-10.5,-9.5,0.5,0.0,0.0,0.0,0.0,0.0,0.0,10.0,0
0.28,2039.0,2039.0,2029.0,2031.5,2031.5,2021.5,8000.0,8000.0,8000.0,-9.5,-9.5,0.5,0.0,0.0,0.0,0.0,0.0,0.0,10.0,0
0.281,2047.0,2047.0,2037.0,2039.5,2039.5,2029.5,8000.0,8000.0,8000.0,-9.5,-9.5,0.5,0.0,0.0,0.0,0.0,0.0,0.0,10.0,0
0.28200000000000003,2054.0,2054.0,2044.0,2047.5,2047.5,2037.5,7000.0,7000.0,7000.0,-9.5,-9.5,0.5,0.0,0.0,0.0,0.0,0.0,0.0,10.0,0
0.28300000000000003,2062.0,2062.0,2052.0,2054.5,2054.5,2044.5,8000.0,8000.0,8000.0,-9.5,-9.5,0.5,0.0,0.0,0.0,0.0,0.0,0.0,10.0,0
0.28400000000000003,2070.0,2070.0,2060.0,2062.5,2062.5,2052.5,8000.0,8000.0,8000.0,-9.5,-9.5,0.5,0.0,0.0,0.0,0.0,0.0,0.0,10.0,0
0.28500000000000003,2078.0,2078.0,2068.0,2070.5,2070.5,2060.5,8000.0,8000.0,8000.0,-9.5,-9.5,0.5,0.0,0.0,0.0,0.0,0.0,0.0,10.0,0
0.28600000000000003,2086.0,2086.0,2075.0,2078.5,2078.5,2068.5,8000.0,8000.0,7000.0,-9.5,-9.5,0.5,0.0,0.0,0.0,0.0,0.0,0.0,11.0,0
0.28700000000000003,2093.0,2093.0,2083.0,2086.5,2086.5,2075.5,7000.0,7000.0,8000.0,-10.5,-10.5,0.5,0.0,0.0,0.0,0.0,0.0,0.0,10.0,0
0.28800000000000003,2101.0,2101.0,2091.0,2093.5,2093.5,2083.5,8000.0,8000.0,8000.0,-9.5,-9.5,0.5,0.0,0.0,0.0,0.0,0.0,0.0,10.0,0
0.289,2109.0,2109.0,2099.0,2101.5,2101.5,2091.5,8000.0,8000.0,8000.0,-9.5,-9.5,0.5,0.0,0.0,0.0,0.0,0.0,0.0,10.0,0
0.29,2117.0,2117.0,2106.0,2109.5,2109.5,2099.5,8000.0,8000.0,7000.0,-9.5,-9.5,0.5,0.0,0.0,0.0,0.0,0.0,0.0,11.0,0
0.291,2125.0,2124.0,2114.0,2117.5,2117.5,2106.5,8000.0,7000.0,8000.0,-10.5,-10.5,0.5,0.0,0.0,0.0,0.0,0.0,0.0,11.0,0
0.292,2132.0,2132.0,2122.0,2125.5,2124.5,2114.5,7000.0,8000.0,8000.0,-10.5,-9.5,0.5,0.0,0.0,0.0,0.0,0.0,0.0,10.0,0
0.293,2140.0,2140.0,2130.0,2132.5,2132.5,2122.5,8000.0,8000.0,8000.0,-9.5,-9.5,0.5,0.0,0.0,0.0,0.0,0.0,0.0,10.0,0
0.294,2148.0,2148.0,2137.0,2140.5,2140.5,2130.5,8000.0,8000.0,7000.0,-9.5,-9.5,0.5,0.0,0.0,0.0,0.0,0.0,0.0,11.0,0
0.295,2155.0,2155.0,2145.0,2148.5,2148.5,2137.5,7000.0,7000.0,8000.0,-10.5,-10.5,0.5,0.0,0.0,0.0,0.0,0.0,0.0,10.0,0
0.296,2163.0,2163.0,2153.0,2155.5,2155.5,2145.5,8000.0,8000.0,8000.0,-9.5,-9.5,0.5,0.0,0.0,0.0,0.0,0.0,0.0,10.0,0
0.297,2171.0,2171.0,2161.0,2163.5,2163.5,2153.5,8000.0,8000.0,8000.0,-9.5,-9.5,0.5,0.0,0.0,0.0,0.0,0.0,0.0,10.0,0
0.298,2179.0,2179.0,2168.0,2171.5,2171.5,2161.5,8000.0,8000.0,7000.0,-9.5,-9.5,0.5,0.0,0.0,0.0,0.0,0.0,0.0,11.0,0
0.299,2186.0,2186.0,2176.0,2179.5,2179.5,2168.5,7000.0,7000.0,8000.0,-10.5,-10.5,0.5,0.0,0.0,0.0,0.0,0.0,0.0,10.0,0
0.3,2194.0,2194.0,2184.0,2186.5,2186.5,2176.5,8000.0,8000.0,8000.0,-9.5,-9.5,0.5,0.0,0.0,0.0,0.0,0.0,0.0,10.0,0
0.301,2202.0,2202.0,2192.0,2194.5,2194.5,2184.5,8000.0,8000.0,8000.0,-9.5,-9.5,0.5,0.0,0.0,0.0,0.0,0.0,0.0,10.0,0
0.302,2210.0,2210.0,2199.0,2202.5,2202.5,2192.5,8000.0,8000.0,7000.0,-9.5,-9.5,0.5,0.0,0.0,0.0,0.0,0.0,0.0,11.0,0
0.303,2218.0,2217.0,2207.0,2210.5,2210.5,2199.5,8000.0,7000.0,8000.0,-10.5,-10.5,0.5,0.0,0.0,0.0,0.0,0.0,0.0,11.0,0
0.304,2225.0,2225.0,2215.0,2218.5,2217.5,2207.5,7000.0,8000.0,8000.0,-10.5,-9.5,0.5,0.0,0.0,0.0,0.0,0.0,0.0,10.0,0
0.305,2233.0,2233.0,2223.0,2225.5,2225.5,2215.5,8000.0,8000.0,8000.0,-9.5,-9.5,0.5,0.0,0.0,0.0,0.0,0.0,0.0,10.0,0
0.306,2241.0,2241.0,2231.0,2233.5,2233.5,2223.5,8000.0,8000.0,8000.0,-9.5,-9.5,0.5,0.0,0.0,0.0,0.0,0.0,0.0,10.0,0
0.307,2248.0,2248.0,2238.0,2241.5,2241.5,2231.5,7000.0,7000.0,7000.0,-9.5,-9.5,0.5,0.0,0.0,0.0,0.0,0.0,0.0,10.0,0
0.308,2256.0,2256.0,2246.0,2248.5,2248.5,2238.5,8000.0,8000.0,8000.0,-9.5,-9.5,0.5,0.0,0.0,0.0,0.0,0.0,0.0,10.0,0
0.309,2264.0,2264.0,2254.0,2256.5,2256.5,2246.5,8000.0,8000.0,8000.0,-9.5,-9.5,0.5,0.0,0.0,0.0,0.0,0.0,0.0,10.0,0
0.31,2272.0,2272.0,2262.0,2264.5,2264.5,2254.5,8000.0,8000.0,8000.0,-9.5,-9.5,0.5,0.0,0.0,0.0,0.0,0.0,0.0,10.0,0
0.311,2280.0,2280.0,2269.0,2272.5,2272.5,2262.5,8000.0,8000.0,7000.0,-9.5,-9.5,0.5,0.0,0.0,0.0,0.0,0.0,0.0,11.0,0
0.312,2287.0,2287.0,2277.0,2280.5,2280.5,2269.5,7000.0,7000.0,8000.0,-10.5,-10.5,0.5,0.0,0.0,0.0,0.0,0.0,0.0,10.0,0
0.313,2295.0,2295.0,2285.0,2287.5,2287.5,2277.5,8000.0,8000.0,8000.0,-9.5,-9.5,0.5,0.0,0.0,0.0,0.0,0.0,0.0,10.0,0
0.314,2303.0,2303.0,2293.0,2295.5,2295.5,2285.5,8000.0,8000.0,8000.0,-9.5,-9.5,0.5,0.0,0.0,0.0,0.0,0.0,0.0,10.0,0
0.315,2311.0,2311.0,2300.0,2303.5,2303.5,2293.5,8000.0,8000.0,7000.0,-9.5,-9.5,0.5,0.0,0.0,0.0,0.0,0.0,0.0,11.0,0
0.316,2319.0,2318.0,2308.0,2311.5,2311.5,2300.5,8000.0,7000.0,8000.0,-10.5,-10.5,0.5,0.0,0.0,0.0,0.0,0.0,0.0,11.0,0
0.317,2326.0,2326.0,2316.0,2319.5,2318.5,2308.5,7000.0,8000.0,8000.0,-10.5,-9.5,0.5,0.0,0.0,0.0,0.0,0.0,0.0,10.0,0
0.318,2334.0,2334.0,2324.0,2326.5,2326.5,2316.5,8000.0,8000.0,8000.0,-9.5,-9.5,0.5,0.0,0.0,0.0,0.0,0.0,0.0,10.0,0
0.319,2342.0,2342.0,2331.0,2334.5,2334.5,2324.5,8000.0,8000.0,7000.0,-9.5,-9.5,0.5,0.0,0.0,0.0,0.0,0.0,0.0,11.0,0
0.32,2349.0,2349.0,2339.0,2342.5,2342.5,2331.5,7000.0,7000.0,8000.0,-10.5,-10.5,0.5,0.0,0.0,0.0,0.0,0.0,0.0,10.0,0
0.321,2357.0,2357.0,2347.0,2349.5,2349.5,2339.5,8000.0,8000.0,8000.0,-9.5,-9.5,0.5,0.0,0.0,0.0,0.0,0.0,0.0,10.0,0
0.322,2365.0,2365.0,2355.0,2357.5,2357.5,2347.5,8000.0,8000.0,8000.0,-9.5,-9.5,0.5,0.0,0.0,0.0,0.0,0.0,0.0,10.0,0
0.323,2373.0,2373.0,2362.0,2365.5,2365.5,2355.5,8000.0,8000.0,7000.0,-9.5,-9.5,0.5,0.0,0.0,0.0,0.0,0.0,0.0,11.0,0
0.324,2380.0,2380.0,2370.0,2373.5,2373.5,2362.5,7000.0,7000.0,8000.0,-10.5,-10.5,0.5,0.0,0.0,0.0,0.0,0.0,0.0,10.0,0
0.325,2388.0,2388.0,2378.0,2380.5,2380.5,2370.5,8000.0,8000.0,8000.0,-9.5,-9.5,0.5,0.0,0.0,0.0,0.0,0.0,0.0,10.0,0
0.326,2396.0,2396.0,2386.0,2388.5,2388.5,2378.5,8000.0,8000.0,8000.0,-9.5,-9.5,0.5,0.0,0.0,0.0,0.0,0.0,0.0,10.0,0
0.327,2404.0,2404.0,2393.0,2396.5,2396.5,2386.5,8000.0,8000.0,7000.0,-9.5,-9.5,0.5,0.0,0.0,0.0,0.0,0.0,0.0,11.0,0
0.328,2412.0,2411.0,2401.0,2404.5,2404.5,2393.5,8000.0,7000.0,8000.0,-10.5,-10.5,0.5,0.0,0.0,0.0,0.0,0.0,0.0,11.0,0
0.329,2419.0,2419.0,2409.0,2412.5,2411.5,2401.5,7000.0,8000.0,8000.0,-10.5,-9.5,0.5,0.0,0.0,0.0,0.0,0.0,0.0,10.0,0
0.33,2427.0,2427.0,2417.0,2419.5,2419.5,2409.5,8000.0,8000.0,8000.0,-9.5,-9.5,0.5,0.0,0.0,0.0,0.0,0.0,0.0,10.0,0
0.331,2435.0,2435.0,2425.0,2427.5,2427.5,2417.5,8000.0,8000.0,8000.0,-9.5,-9.5,0.5,0.0,0.0,0.0,0.0,0.0,0.0,10.0,0
0.332,2443.0,2442.0,2432.0,2435.5,2435.5,2425.5,8000.0,7000.0,7000.0,-9.5,-9.5,0.5,0.0,0.0,0.0,0.0,0.0,0.0,11.0,0
0.333,2450.0,2450.0,2440.0,2443.5,2442.5,2432.5,7000.0,8000.0,8000.0,-10.5,-9.5,0.5,0.0,0.0,0.0,0.0,0.0,0.0,10.0,0
0.334,2458.0,2458.0,2448.0,2450.5,2450.5,2440.5,8000.0,8000.0,8000.0,-9.5,-9.5,0.5,0.0,0.0,0.0,0.0,0.0,0.0,10.0,0
0.335,2466.0,2466.0,2456.0,2458.5,2458.5,2448.5,8000.0,8000.0,8000.0,-9.5,-9.5,0.5,0.0,0.0,0.0,0.0,0.0,0.0,10.0,0
0.336,2474.0,2474.0,2463.0,2466.5,2466.5,2456.5,8000.0,8000.0,7000.0,-9.5,-9.5,0.5,0.0,0.0,0.0,0.0,0.0,0.0,11.0,0
0.337,2481.0,2481.0,2471.0,2474.5,2474.5,2463.5,7000.0,7000.0,8000.0,-10.5,-10.5,0.5,0.0,0.0,0.0,0.0,0.0,0.0,10.0,0
0.338,2489.0,2489.0,2479.0,2481.5,2481.5,2471.5,8000.0,8000.0,8000.0,-9.5,-9.5,0.5,0.0,0.0,0.0,0.0,0.0,0.0,10.0,0
0.339,2497.0,2497.0,2487.0,2489.5,2489.5,2479.5,8000.0,8000.0,8000.0,-9.5,-9.5,0.5,0.0,0.0,0.0,0.0,0.0,0.0,10.0,0
0.34,2505.0,2505.0,2494.0,2497.5,2497.5,2487.5,8000.0,8000.0,7000.0,-9.5,-9.5,0.5,0.0,0.0,0.0,0.0,0.0,0.0,11.0,0
0.341,2512.0,2512.0,2502.0,2505.5,2505.5,2494.5,7000.0,7000.0,8000.0,-10.5,-10.5,0.5,0.0,0.0,0.0,0.0,0.0,0.0,10.0,0
0.342,2520.0,2520.0,2510.0,2512.5,2512.5,2502.5,8000.0,8000.0,8000.0,-9.5,-9.5,0.5,0.0,0.0,0.0,0.0,0.0,0.0,10.0,0
0.343,2528.0,2528.0,2518.0,2520.5,2520.5,2510.5,8000.0,8000.0,8000.0,-9.5,-9.5,0.5,0.0,0.0,0.0,0.0,0.0,0.0,10.0,0
0.34400000000000003,2536.0,2536.0,2525.0,2528.5,2528.5,2518.5,8000.0,8000.0,7000.0,-9.5,-9.5,0.5,0.0,0.0,0.0,0.0,0.0,0.0,11.0,0
0.34500000000000003,2544.0,2543.0,2533.0,2536.5,2536.5,2525.5,8000.0,7000.0,8000.0,-10.5,-10.5,0.5,0.0,0.0,0.0,0.0,0.0,0.0,11.0,0
0.34600000000000003,2551.0,2551.0,2541.0,2544.5,2543.5,2533.5,7000.0,8000.0,8000.0,-10.5,-9.5,0.5,0.0,0.0,0.0,0.0,0.0,0.0,10.0,0
0.34700000000000003,2559.0,2559.0,2549.0,2551.5,2551.5,2541.5,8000.0,8000.0,8000.0,-9.5,-9.5,0.5,0.0,0.0,0.0,0.0,0.0,0.0,10.0,0
0.34800000000000003,2567.0,2567.0,2556.0,2559.5,2559.5,2549.5,8000.0,8000.0,7000.0,-9.5,-9.5,0.5,0.0,0.0,0.0,0.0,0.0,0.0,11.0,0
0.34900000000000003,2574.0,2574.0,2564.0,2567.5,2567.5,2556.5,7000.0,7000.0,8000.0,-10.5,-10.5,0.5,0.0,0.0,0.0,0.0,0.0,0.0,10.0,0
0.35000000000000003,2581.0,2582.0,2572.0,2574.5,2574.5,2564.5,7000.0,8000.0,8000.0,-9.5,-9.5,0.5,700.0,0.0,0.0,0.001,0.0,0.0,10.0,0
0.35100000000000003,2589.0,2590.0,2580.0,2581.5,2582.5,2572.5,8000.0,8000.0,8000.0,-8.5,-9.5,0.5,700.0,0.0,0.0,0.002,0.0,0.0,10.0,0
0.352,2596.0,2598.0,2587.0,2589.5,2590.5,2580.5,7000.0,8000.0,7000.0,-8.5,-9.5,0.5,700.0,0.0,0.0,0.003,0.0,0.0,11.0,0
0.353,2603.0,2605.0,2595.0,2596.5,2598.5,2587.5,7000.0,7000.0,8000.0,-8.5,-10.5,0.5,700.0,0.0,0.0,0.004,0.0,0.0,10.0,0
0.354,2610.0,2613.0,2603.0,2603.5,2605.5,2595.5,7000.0,8000.0,8000.0,-7.5,-9.5,0.5,700.0,0.0,0.0,0.005,0.0,0.0,10.0,0
0.355,2617.0,2621.0,2611.0,2610.5,2613.5,2603.5,7000.0,8000.0,8000.0,-6.5,-9.5,0.5,700.0,0.0,0.0,0.006,0.0,0.0,10.0,0
0.356,2624.0,2629.0,2619.0,2617.5,2621.5,2611.5,7000.0,8000.0,8000.0,-5.5,-9.5,0.5,700.0,0.0,0.0,0.007,0.0,0.0,10.0,0
0.357,2631.0,2636.0,2626.0,2624.5,2629.5,2619.5,7000.0,7000.0,7000.0,-4.5,-9.5,0.5,700.0,0.0,0.0,0.008,0.0,0.0,10.0,0
0.358,2639.0,2644.0,2634.0,2631.5,2636.5,2626.5,8000.0,8000.0,8000.0,-4.5,-9.5,0.5,700.0,0.0,0.0,0.009000000000000001,0.0,0.0,10.0,0
0.359,2646.0,2652.0,2642.0,2639.5,2644.5,2634.5,7000.0,8000.0,8000.0,-4.5,-9.5,0.5,700.0,0.0,0.0,0.010000000000000002,0.0,0.0,10.0,0
0.36,2653.0,2660.0,2650.0,2646.5,2652.5,2642.5,7000.0,8000.0,8000.0,-3.5,-9.5,0.5,700.0,0.0,0.0,0.011000000000000003,0.0,0.0,10.0,0
0.361,2660.0,2668.0,2657.0,2653.5,2660.5,2650.5,7000.0,8000.0,7000.0,-2.5,-9.5,0.5,700.0,0.0,0.0,0.012000000000000004,0.0,0.0,11.0,0
0.362,2667.0,2675.0,2665.0,2660.5,2668.5,2657.5,7000.0,7000.0,8000.0,-2.5,-10.5,0.5,700.0,0.0,0.0,0.013000000000000005,0.0,0.0,10.0,0
0.363,2674.0,2683.0,2673.0,2667.5,2675.5,2665.5,7000.0,8000.0,8000.0,-1.5,-9.5,0.5,700.0,0.0,0.0,0.014000000000000005,0.0,0.0,10.0,0
0.364,2681.0,2691.0,2681.0,2674.5,2683.5,2673.5,7000.0,8000.0,8000.0,-0.5,-9.5,0.5,700.0,0.0,0.0,0.015000000000000006,0.0,0.0,10.0,0
0.365,2689.0,2699.0,2688.0,2681.5,2691.5,2681.5,8000.0,8000.0,7000.0,0.5,-9.5,0.5,700.0,0.0,0.0,0.016000000000000007,0.0,0.0,11.0,0
0.366,2696.0,2706.0,2696.0,2689.5,2699.5,2688.5,7000.0,7000.0,8000.0,-0.5,-10.5,0.5,700.0,0.0,0.0,0.017000000000000008,0.0,0.0,10.0,0
0.367,2703.0,2714.0,2704.0,2696.5,2706.5,2696.5,7000.0,8000.0,8000.0,0.5,-9.5,0.5,700.0,0.0,0.0,0.01800000000000001,0.0,0.0,11.0,0
0.368,2710.0,2722.0,2712.0,2703.5,2714.5,2704.5,7000.0,8000.0,8000.0,0.5,-10.5,-0.5,700.0,0.0,0.0,0.01900000000000001,0.0,0.0,12.0,0
0.369,2717.0,2729.0,2719.0,2710.5,2722.5,2712.5,7000.0,7000.0,7000.0,0.5,-11.5,-1.5,700.0,0.0,0.0,0.02000000000000001,0.0,0.0,12.0,0
0.37,2724.0,2737.0,2727.0,2717.5,2729.5,2719.5,7000.0,8000.0,8000.0,0.5,-11.5,-1.5,700.0,0.0,0.0,0.02100000000000001,0.0,0.0,13.0,0
0.371,2731.0,2744.0,2735.0,2724.5,2737.5,2727.5,7000.0,7000.0,8000.0,0.5,-12.5,-2.5,700.0,0.0,0.0,0.022000000000000013,0.0,0.0,13.0,0
0.372,2739.0,2751.0,2743.0,2731.5,2744.5,2735.5,8000.0,7000.0,8000.0,0.5,-12.5,-3.5,700.0,0.0,0.0,0.023000000000000013,0.0,0.0,12.0,0
0.373,2746.0,2759.0,2750.0,2739.5,2751.5,2743.5,7000.0,8000.0,7000.0,0.5,-11.5,-3.5,700.0,0.0,0.0,0.024000000000000014,0.0,0.0,13.0,0
0.374,2753.0,2766.0,2758.0,2746.5,2759.5,2750.5,7000.0,7000.0,8000.0,0.5,-12.5,-3.5,700.0,0.0,0.0,0.025000000000000015,0.0,0.0,13.0,0
0.375,2760.0,2774.0,2766.0,2753.5,2766.5,2758.5,7000.0,8000.0,8000.0,0.5,-12.5,-4.5,700.0,0.0,0.0,0.026000000000000016,0.0,0.0,14.0,0
0.376,2767.0,2781.0,2774.0,2760.5,2774.5,2766.5,7000.0,7000.0,8000.0,0.5,-13.5,-5.5,700.0,0.0,0.0,0.027000000000000017,0.0,0.0,14.0,0
0.377,2774.0,2788.0,2781.0,2767.5,2781.5,2774.5,7000.0,7000.0,7000.0,0.5,-13.5,-6.5,700.0,0.0,0.0,0.028000000000000018,0.0,0.0,14.0,0
0.378,2781.0,2796.0,2789.0,2774.5,2788.5,2781.5,7000.0,8000.0,8000.0,0.5,-13.5,-6.5,700.0,0.0,0.0,0.02900000000000002,0.0,0.0,15.0,0
0.379,2789.0,2803.0,2797.0,2781.5,2796.5,2789.5,8000.0,7000.0,8000.0,0.5,-14.5,-7.5,700.0,0.0,0.0,0.03000000000000002,0.0,0.0,14.0,0
0.38,2796.0,2810.0,2805.0,2789.5,2803.5,2797.5,7000.0,7000.0,8000.0,0.5,-13.5,-7.5,700.0,0.0,0.0,0.03100000000000002,0.0,0.0,14.0,0
0.381,2803.0,2818.0,2813.0,2796.5,2810.5,2805.5,7000.0,8000.0,8000.0,0.5,-13.5,-8.5,700.0,0.0,0.0,0.03200000000000002,0.0,0.0,15.0,0
0.382,2810.0,2825.0,2820.0,2803.5,2818.5,2813.5,7000.0,7000.0,7000.0,0.5,-14.5,-9.5,700.0,0.0,0.0,0.03300000000000002,0.0,0.0,15.0,0
0.383,2817.0,2832.0,2828.0,2810.5,2825.5,2820.5,7000.0,7000.0,8000.0,0.5,-14.5,-9.5,700.0,0.0,0.0,0.03400000000000002,0.0,0.0,15.0,0
0.384,2824.0,2840.0,2836.0,2817.5,2832.5,2828.5,7000.0,8000.0,8000.0,0.5,-14.5,-10.5,700.0,0.0,0.0,0.035000000000000024,0.0,0.0,16.0,0
0.385,2831.0,2847.0,2843.0,2824.5,2840.5,2836.5,7000.0,7000.0,7000.0,0.5,-15.5,-11.5,700.0,0.0,0.0,0.036000000000000025,0.0,0.0,16.0,0
0.386,2838.0,2854.0,2850.0,2831.5,2847.5,2843.5,7000.0,7000.0,7000.0,0.5,-15.5,-11.5,700.0,0.0,0.0,0.037000000000000026,0.0,0.0,16.0,0
0.387,2846.0,2862.0,2858.0,2838.5,2854.5,2850.5,8000.0,8000.0,8000.0,0.5,-15.5,-11.5,700.0,0.0,0.0,0.03800000000000003,0.0,0.0,16.0,0
0.388,2853.0,2869.0,2865.0,2846.5,2862.5,2858.5,7000.0,7000.0,7000.0,0.5,-15.5,-11.5,700.0,0.0,0.0,0.03900000000000003,0.0,0.0,16.0,0
0.389,2860.0,2876.0,2873.0,2853.5,2869.5,2865.5,7000.0,7000.0,8000.0,0.5,-15.5,-11.5,700.0,0.0,0.0,0.04000000000000003,0.0,0.0,16.0,0
0.39,2867.0,2884.0,2880.0,2860.5,2876.5,2873.5,7000.0,8000.0,7000.0,0.5,-15.5,-12.5,700.0,0.0,0.0,0.04100000000000003,0.0,0.0,17.0,0
0.391,2874.0,2891.0,2887.0,2867.5,2884.5,2880.5,7000.0,7000.0,7000.0,0.5,-16.5,-12.5,700.0,0.0,0.0,0.04200000000000003,0.0,0.0,17.0,0
0.392,2881.0,2898.0,2895.0,2874.5,2891.5,2887.5,7000.0,7000.0,8000.0,0.5,-16.5,-12.5,700.0,0.0,0.0,0.04300000000000003,0.0,0.0,17.0,0
0.393,2888.0,2905.0,2902.0,2881.5,2898.5,2895.5,7000.0,7000.0,7000.0,0.5,-16.5,-13.5,700.0,0.0,0.0,0.04400000000000003,0.0,0.0,17.0,0
0.394,2896.0,2913.0,2909.0,2888.5,2905.5,2902.5,8000.0,8000.0,7000.0,0.5,-16.5,-13.5,700.0,0.0,0.0,0.04500000000000003,0.0,0.0,17.0,0
0.395,2903.0,2920.0,2917.0,2896.5,2913.5,2909.5,7000.0,7000.0,8000.0,0.5,-16.5,-12.5,700.0,0.0,0.0,0.046000000000000034,0.0,0.0,17.0,0
0.396,2910.0,2927.0,2924.0,2903.5,2920.5,2917.5,7000.0,7000.0,7000.0,0.5,-16.5,-13.5,700.0,0.0,0.0,0.047000000000000035,0.0,0.0,17.0,0
0.397,2917.0,2934.0,2931.0,2910.5,2927.5,2924.5,7000.0,7000.0,7000.0,0.5,-16.5,-13.5,700.0,0.0,0.0,0.048000000000000036,0.0,0.0,17.0,0
0.398,2924.0,2942.0,2939.0,2917.5,2934.5,2931.5,7000.0,8000.0,8000.0,0.5,-16.5,-13.5,700.0,0.0,0.0,0.04900000000000004,0.0,0.0,18.0,0
0.399,2931.0,2949.0,2946.0,2924.5,2942.5,2939.5,7000.0,7000.0,7000.0,0.5,-17.5,-14.5,700.0,0.0,0.0,0.05000000000000004,0.0,0.0,18.0,0
0.4,2938.0,2956.0,2953.0,2931.5,2949.5,2946.5,7000.0,7000.0,7000.0,0.5,-17.5,-14.5,700.0,0.0,0.0,0.05100000000000004,0.0,0.0,18.0,0
0.401,2946.0,2963.0,2960.0,2938.5,2956.5,2953.5,8000.0,7000.0,7000.0,0.5,-17.5,-14.5,700.0,0.0,0.0,0.05200000000000004,0.0,0.0,17.0,0
0.402,2953.0,2971.0,2968.0,2946.5,2963.5,2960.5,7000.0,8000.0,8000.0,0.5,-16.5,-13.5,700.0,0.0,0.0,0.05300000000000004,0.0,0.0,18.0,0
0.403,2960.0,2978.0,2975.0,2953.5,2971.5,2968.5,7000.0,7000.0,7000.0,0.5,-17.5,-14.5,700.0,0.0,0.0,0.05400000000000004,0.0,0.0,18.0,0
0.404,2967.0,2985.0,2982.0,2960.5,2978.5,2975.5,7000.0,7000.0,7000.0,0.5,-17.5,-14.5,700.0,0.0,0.0,0.05500000000000004,0.0,0.0,18.0,0
0.405,2974.0,2992.0,2990.0,2967.5,2985.5,2982.5,7000.0,7000.0,8000.0,0.5,-17.5,-14.5,700.0,0.0,0.0,0.05600000000000004,0.0,0.0,18.0,0
0.406,2981.0,3000.0,2997.0,2974.5,2992.5,2990.5,7000.0,8000.0,7000.0,0.5,-17.5,-15.5,700.0,0.0,0.0,0.057000000000000044,0.0,0.0,19.0,0
0.40700000000000003,2988.0,3007.0,3004.0,2981.5,3000.5,2997.5,7000.0,7000.0,7000.0,0.5,-18.5,-15.5,700.0,0.0,0.0,0.058000000000000045,0.0,0.0,19.0,0
0.40800000000000003,2996.0,3014.0,3011.0,2988.5,3007.5,3004.5,8000.0,7000.0,7000.0,0.5,-18.5,-15.5,700.0,0.0,0.0,0.059000000000000045,0.0,0.0,18.0,0
0.40900000000000003,3003.0,3021.0,3019.0,2996.5,3014.5,3011.5,7000.0,7000.0,8000.0,0.5,-17.5,-14.5,700.0,0.0,0.0,0.060000000000000046,0.0,0.0,18.0,0
0.41000000000000003,3010.0,3028.0,3026.0,3003.5,3021.5,3019.5,7000.0,7000.0,7000.0,0.5,-17.5,-15.5,700.0,0.0,0.0,0.06100000000000005,0.0,0.0,18.0,0
0.41100000000000003,3017.0,3036.0,3033.0,3010.5,3028.5,3026.5,7000.0,8000.0,7000.0,0.5,-17.5,-15.5,700.0,0.0,0.0,0.06200000000000005,0.0,0.0,19.0,0
0.41200000000000003,3024.0,3043.0,3041.0,3017.5,3036.5,3033.5,7000.0,7000.0,8000.0,0.5,-18.5,-15.5,700.0,0.0,0.0,0.06300000000000004,0.0,0.0,19.0,0
0.41300000000000003,3031.0,3050.0,3048.0,3024.5,3043.5,3041.5,7000.0,7000.0,7000.0,0.5,-18.5,-16.5,700.0,0.0,0.0,0.06400000000000004,0.0,0.0,19.0,0
0.41400000000000003,3038.0,3057.0,3055.0,3031.5,3050.5,3048.5,7000.0,7000.0,7000.0,0.5,-18.5,-16.5,700.0,0.0,0.0,0.06500000000000004,0.0,0.0,19.0,0
0.41500000000000004,3046.0,3064.0,3062.0,3038.5,3057.5,3055.5,8000.0,7000.0,7000.0,0.5,-18.5,-16.5,700.0,0.0,0.0,0.06600000000000004,0.0,0.0,18.0,0
0.41600000000000004,3053.0,3072.0,3070.0,3046.5,3064.5,3062.5,7000.0,8000.0,8000.0,0.5,-17.5,-15.5,700.0,0.0,0.0,0.06700000000000005,0.0,0.0,19.0,0
0.417,3060.0,3079.0,3077.0,3053.5,3072.5,3070.5,7000.0,7000.0,7000.0,0.5,-18.5,-16.5,700.0,0.0,0.0,0.06800000000000005,0.0,0.0,19.0,0
0.418,3067.0,3086.0,3084.0,3060.5,3079.5,3077.5,7000.0,7000.0,7000.0,0.5,-18.5,-16.5,700.0,0.0,0.0,0.06900000000000005,0.0,0.0,19.0,0
0.419,3074.0,3093.0,3091.0,3067.5,3086.5,3084.5,7000.0,7000.0,7000.0,0.5,-18.5,-16.5,700.0,0.0,0.0,0.07000000000000005,0.0,0.0,19.0,0
0.42,3081.0,3101.0,3098.0,3074.5,3093.5,3091.5,7000.0,8000.0,7000.0,0.5,-18.5,-16.5,700.0,0.0,0.0,0.07100000000000005,0.0,0.0,20.0,0
0.421,3088.0,3108.0,3106.0,3081.5,3101.5,3098.5,7000.0,7000.0,8000.0,0.5,-19.5,-16.5,700.0,0.0,0.0,0.07200000000000005,0.0,0.0,20.0,0
0.422,3096.0,3115.0,3113.0,3088.5,3108.5,3106.5,8000.0,7000.0,7000.0,0.5,-19.5,-17.5,700.0,0.0,0.0,0.07300000000000005,0.0,0.0,19.0,0
0.423,3103.0,3122.0,3120.0,3096.5,3115.5,3113.5,7000.0,7000.0,7000.0,0.5,-18.5,-16.5,700.0,0.0,0.0,0.07400000000000005,0.0,0.0,19.0,0
0.424,3110.0,3129.0,3127.0,3103.5,3122.5,3120.5,7000.0,7000.0,7000.0,0.5,-18.5,-16.5,700.0,0.0,0.0,0.07500000000000005,0.0,0.0,19.0,0
0.425,3117.0,3136.0,3135.0,3110.5,3129.5,3127.5,7000.0,7000.0,8000.0,0.5,-18.5,-16.5,700.0,0.0,0.0,0.07600000000000005,0.0,0.0,19.0,0
0.426,3124.0,3144.0,3142.0,3117.5,3136.5,3135.5,7000.0,8000.0,7000.0,0.5,-18.5,-17.5,700.0,0.0,0.0,0.07700000000000005,0.0,0.0,20.0,0
0.427,3131.0,3151.0,3149.0,3124.5,3144.5,3142.5,7000.0,7000.0,7000.0,0.5,-19.5,-17.5,700.0,0.0,0.0,0.07800000000000006,0.0,0.0,20.0,0
0.428,3138.0,3158.0,3156.0,3131.5,3151.5,3149.5,7000.0,7000.0,7000.0,0.5,-19.5,-17.5,700.0,0.0,0.0,0.07900000000000006,0.0,0.0,20.0,0
0.429,3146.0,3165.0,3163.0,3138.5,3158.5,3156.5,8000.0,7000.0,7000.0,0.5,-19.5,-17.5,700.0,0.0,0.0,0.08000000000000006,0.0,0.0,19.0,0
0.43,3153.0,3172.0,3171.0,3146.5,3165.5,3163.5,7000.0,7000.0,8000.0,0.5,-18.5,-16.5,700.0,0.0,0.0,0.08100000000000006,0.0,0.0,19.0,0
0.431,3160.0,3180.0,3178.0,3153.5,3172.5,3171.5,7000.0,8000.0,7000.0,0.5,-18.5,-17.5,700.0,0.0,0.0,0.08200000000000006,0.0,0.0,20.0,0
0.432,3167.0,3187.0,3185.0,3160.5,3180.5,3178.5,7000.0,7000.0,7000.0,0.5,-19.5,-17.5,700.0,0.0,0.0,0.08300000000000006,0.0,0.0,20.0,0
0.433,3174.0,3194.0,3192.0,3167.5,3187.5,3185.5,7000.0,7000.0,7000.0,0.5,-19.5,-17.5,700.0,0.0,0.0,0.08400000000000006,0.0,0.0,20.0,0
0.434,3181.0,3201.0,3199.0,3174.5,3194.5,3192.5,7000.0,7000.0,7000.0,0.5,-19.5,-17.5,700.0,0.0,0.0,0.08500000000000006,0.0,0.0,20.0,0
0.435,3188.0,3208.0,3207.0,3181.5,3201.5,3199.5,7000.0,7000.0,8000.0,0.5,-19.5,-17.5,700.0,0.0,0.0,0.08600000000000006,0.0,0.0,20.0,0
0.436,3195.0,3215.0,3214.0,3188.5,3208.5,3207.5,7000.0,7000.0,7000.0,0.5,-19.5,-18.5,700.0,0.0,0.0,0.08700000000000006,0.0,0.0,20.0,0
0.437,3203.0,3223.0,3221.0,3195.5,3215.5,3214.5,8000.0,8000.0,7000.0,0.5,-19.5,-18.5,700.0,0.0,0.0,0.08800000000000006,0.0,0.0,20.0,0
0.438,3210.0,3230.0,3228.0,3203.5,3223.5,3221.5,7000.0,7000.0,7000.0,0.5,-19.5,-17.5,700.0,0.0,0.0,0.08900000000000007,0.0,0.0,20.0,0
0.439,3217.0,3237.0,3235.0,3210.5,3230.5,3228.5,7000.0,7000.0,7000.0,0.5,-19.5,-17.5,700.0,0.0,0.0,0.09000000000000007,0.0,0.0,20.0,0
0.44,3224.0,3244.0,3242.0,3217.5,3237.5,3235.5,7000.0,7000.0,7000.0,0.5,-19.5,-17.5,700.0,0.0,0.0,0.09100000000000007,0.0,0.0,20.0,0
0.441,3231.0,3251.0,3250.0,3224.5,3244.5,3242.5,7000.0,7000.0,8000.0,0.5,-19.5,-17.5,700.0,0.0,0.0,0.09200000000000007,0.0,0.0,20.0,0
0.442,3238.0,3258.0,3257.0,3231.5,3251.5,3250.5,7000.0,7000.0,7000.0,0.5,-19.5,-18.5,700.0,0.0,0.0,0.09300000000000007,0.0,0.0,20.0,0
0.443,3245.0,3266.0,3264.0,3238.5,3258.5,3257.5,7000.0,8000.0,7000.0,0.5,-19.5,-18.5,700.0,0.0,0.0,0.09400000000000007,0.0,0.0,21.0,0
0.444,3253.0,3273.0,3271.0,3245.5,3266.5,3264.5,8000.0,7000.0,7000.0,0.5,-20.5,-18.5,700.0,0.0,0.0,0.09500000000000007,0.0,0.0,20.0,0
0.445,3260.0,3280.0,3278.0,3253.5,3273.5,3271.5,7000.0,7000.0,7000.0,0.5,-19.5,-17.5,700.0,0.0,0.0,0.09600000000000007,0.0,0.0,20.0,0
0.446,3267.0,3287.0,3286.0,3260.5,3280.5,3278.5,7000.0,7000.0,8000.0,0.5,-19.5,-17.5,700.0,0.0,0.0,0.09700000000000007,0.0,0.0,20.0,0
0.447,3274.0,3294.0,3293.0,3267.5,3287.5,3286.5,7000.0,7000.0,7000.0,0.5,-19.5,-18.5,700.0,0.0,0.0,0.09800000000000007,0.0,0.0,20.0,0
0.448,3281.0,3301.0,3300.0,3274.5,3294.5,3293.5,7000.0,7000.0,7000.0,0.5,-19.5,-18.5,700.0,0.0,0.0,0.09900000000000007,0.0,0.0,20.0,0
0.449,3288.0,3309.0,3307.0,3281.5,3301.5,3300.5,7000.0,8000.0,7000.0,0.5,-19.5,-18.5,700.0,0.0,0.0,0.10000000000000007,0.0,0.0,21.0,0
0.45,3295.0,3316.0,3314.0,3288.5,3309.5,3307.5,7000.0,7000.0,7000.0,0.5,-20.5,-18.5,700.0,0.0,0.0,0.10100000000000008,0.0,0.0,21.0,0
0.451,3303.0,3323.0,3321.0,3295.5,3316.5,3314.5,8000.0,7000.0,7000.0,0.5,-20.5,-18.5,700.0,0.0,0.0,0.10200000000000008,0.0,0.0,20.0,0
0.452,3310.0,3330.0,3329.0,3303.5,3323.5,3321.5,7000.0,7000.0,8000.0,0.5,-19.5,-17.5,700.0,0.0,0.0,0.10300000000000008,0.0,0.0,20.0,0
0.453,3317.0,3337.0,3336.0,3310.5,3330.5,3329.5,7000.0,7000.0,7000.0,0.5,-19.5,-18.5,700.0,0.0,0.0,0.10400000000000008,0.0,0.0,20.0,0
0.454,3324.0,3344.0,3343.0,3317.5,3337.5,3336.5,7000.0,7000.0,7000.0,0.5,-19.5,-18.5,700.0,0.0,0.0,0.10500000000000008,0.0,0.0,20.0,0
0.455,3331.0,3352.0,3350.0,3324.5,3344.5,3343.5,7000.0,8000.0,7000.0,0.5,-19.5,-18.5,700.0,0.0,0.0,0.10600000000000008,0.0,0.0,21.0,0
0.456,3338.0,3359.0,3357.0,3331.5,3352.5,3350.5,7000.0,7000.0,7000.0,0.5,-20.5,-18.5,700.0,0.0,0.0,0.10700000000000008,0.0,0.0,21.0,0
0.457,3345.0,3366.0,3364.0,3338.5,3359.5,3357.5,7000.0,7000.0,7000.0,0.5,-20.5,-18.5,700.0,0.0,0.0,0.10800000000000008,0.0,0.0,21.0,0
0.458,3353.0,3373.0,3372.0,3345.5,3366.5,3364.5,8000.0,7000.0,8000.0,0.5,-20.5,-18.5,700.0,0.0,0.0,0.10900000000000008,0.0,0.0,20.0,0
0.459,3360.0,3380.0,3379.0,3353.5,3373.5,3372.5,7000.0,7000.0,7000.0,0.5,-19.5,-18.5,700.0,0.0,0.0,0.11000000000000008,0.0,0.0,20.0,0
0.46,3367.0,3387.0,3386.0,3360.5,3380.5,3379.5,7000.0,7000.0,7000.0,0.5,-19.5,-18.5,700.0,0.0,0.0,0.11100000000000008,0.0,0.0,20.0,0
0.461,3374.0,3394.0,3393.0,3367.5,3387.5,3386.5,7000.0,7000.0,7000.0,0.5,-19.5,-18.5,700.0,0.0,0.0,0.11200000000000009,0.0,0.0,20.0,0
0.462,3381.0,3402.0,3400.0,3374.5,3394.5,3393.5,7000.0,8000.0,7000.0,0.5,-19.5,-18.5,700.0,0.0,0.0,0.11300000000000009,0.0,0.0,21.0,0
0.463,3388.0,3409.0,3407.0,3381.5,3402.5,3400.5,7000.0,7000.0,7000.0,0.5,-20.5,-18.5,700.0,0.0,0.0,0.11400000000000009,0.0,0.0,21.0,0
0.464,3395.0,3416.0,3415.0,3388.5,3409.5,3407.5,7000.0,7000.0,8000.0,0.5,-20.5,-18.5,700.0,0.0,0.0,0.11500000000000009,0.0,0.0,21.0,0
0.465,3403.0,3423.0,3422.0,3395.5,3416.5,3415.5,8000.0,7000.0,7000.0,0.5,-20.5,-19.5,700.0,0.0,0.0,0.11600000000000009,0.0,0.0,20.0,0
0.466,3410.0,3430.0,3429.0,3403.5,3423.5,3422.5,7000.0,7000.0,7000.0,0.5,-19.5,-18.5,700.0,0.0,0.0,0.11700000000000009,0.0,0.0,20.0,0
0.467,3417.0,3437.0,3436.0,3410.5,3430.5,3429.5,7000.0,7000.0,7000.0,0.5,-19.5,-18.5,700.0,0.0,0.0,0.11800000000000009,0.0,0.0,20.0,0
0.468,3424.0,3445.0,3443.0,3417.5,3437.5,3436.5,7000.0,8000.0,7000.0,0.5,-19.5,-18.5,700.0,0.0,0.0,0.11900000000000009,0.0,0.0,21.0,0
0.46900000000000003,3431.0,3452.0,3450.0,3424.5,3445.5,3443.5,7000.0,7000.0,7000.0,0.5,-20.5,-18.5,700.0,0.0,0.0,0.12000000000000009,0.0,0.0,21.0,0
0.47000000000000003,3438.0,3459.0,3458.0,3431.5,3452.5,3450.5,7000.0,7000.0,8000.0,0.5,-20.5,-18.5,700.0,0.0,0.0,0.1210000000000001,0.0,0.0,21.0,0
0.47100000000000003,3445.0,3466.0,3465.0,3438.5,3459.5,3458.5,7000.0,7000.0,7000.0,0.5,-20.5,-19.5,700.0,0.0,0.0,0.1220000000000001,0.0,0.0,21.0,0
0.47200000000000003,3453.0,3473.0,3472.0,3445.5,3466.5,3465.5,8000.0,7000.0,7000.0,0.5,-20.5,-19.5,700.0,0.0,0.0,0.1230000000000001,0.0,0.0,20.0,0
0.47300000000000003,3460.0,3480.0,3479.0,3453.5,3473.5,3472.5,7000.0,7000.0,7000.0,0.5,-19.5,-18.5,700.0,0.0,0.0,0.1240000000000001,0.0,0.0,20.0,0
0.47400000000000003,3467.0,3487.0,3486.0,3460.5,3480.5,3479.5,7000.0,7000.0,7000.0,0.5,-19.5,-18.5,700.0,0.0,0.0,0.12500000000000008,0.0,0.0,20.0,0
0.47500000000000003,3474.0,3495.0,3493.0,3467.5,3487.5,3486.5,7000.0,8000.0,7000.0,0.5,-19.5,-18.5,700.0,0.0,0.0,0.12600000000000008,0.0,0.0,21.0,0
0.47600000000000003,3481.0,3502.0,3500.0,3474.5,3495.5,3493.5,7000.0,7000.0,7000.0,0.5,-20.5,-18.5,700.0,0.0,0.0,0.12700000000000009,0.0,0.0,21.0,0
0.47700000000000004,3488.0,3509.0,3508.0,3481.5,3502.5,3500.5,7000.0,7000.0,8000.0,0.5,-20.5,-18.5,700.0,0.0,0.0,0.12800000000000009,0.0,0.0,21.0,0
0.47800000000000004,3495.0,3516.0,3515.0,3488.5,3509.5,3508.5,7000.0,7000.0,7000.0,0.5,-20.5,-19.5,700.0,0.0,0.0,0.1290000000000001,0.0,0.0,21.0,0
0.47900000000000004,3503.0,3523.0,3522.0,3495.5,3516.5,3515.5,8000.0,7000.0,7000.0,0.5,-20.5,-19.5,700.0,0.0,0.0,0.1300000000000001,0.0,0.0,20.0,0
0.48,3510.0,3530.0,3529.0,3503.5,3523.5,3522.5,7000.0,7000.0,7000.0,0.5,-19.5,-18.5,700.0,0.0,0.0,0.1310000000000001,0.0,0.0,20.0,0
0.481,3517.0,3538.0,3536.0,3510.5,3530.5,3529.5,7000.0,8000.0,7000.0,0.5,-19.5,-18.5,700.0,0.0,0.0,0.1320000000000001,0.0,0.0,21.0,0
0.482,3524.0,3545.0,3543.0,3517.5,3538.5,3536.5,7000.0,7000.0,7000.0,0.5,-20.5,-18.5,700.0,0.0,0.0,0.1330000000000001,0.0,0.0,21.0,0
0.483,3531.0,3552.0,3551.0,3524.5,3545.5,3543.5,7000.0,7000.0,8000.0,0.5,-20.5,-18.5,700.0,0.0,0.0,0.1340000000000001,0.0,0.0,21.0,0
0.484,3538.0,3559.0,3558.0,3531.5,3552.5,3551.5,7000.0,7000.0,7000.0,0.5,-20.5,-19.5,700.0,0.0,0.0,0.1350000000000001,0.0,0.0,21.0,0
0.485,3545.0,3566.0,3565.0,3538.5,3559.5,3558.5,7000.0,7000.0,7000.0,0.5,-20.5,-19.5,700.0,0.0,0.0,0.1360000000000001,0.0,0.0,21.0,0
0.486,3552.0,3573.0,3572.0,3545.5,3566.5,3565.5,7000.0,7000.0,7000.0,0.5,-20.5,-19.5,700.0,0.0,0.0,0.1370000000000001,0.0,0.0,21.0,0
0.487,3560.0,3580.0,3579.0,3552.5,3573.5,3572.5,8000.0,7000.0,7000.0,0.5,-20.5,-19.5,700.0,0.0,0.0,0.1380000000000001,0.0,0.0,20.0,0
0.488,3567.0,3588.0,3586.0,3560.5,3580.5,3579.5,7000.0,8000.0,7000.0,0.5,-19.5,-18.5,700.0,0.0,0.0,0.1390000000000001,0.0,0.0,21.0,0
0.489,3574.0,3595.0,3593.0,3567.5,3588.5,3586.5,7000.0,7000.0,7000.0,0.5,-20.5,-18.5,700.0,0.0,0.0,0.1400000000000001,0.0,0.0,21.0,0
0.49,3581.0,3602.0,3601.0,3574.5,3595.5,3593.5,7000.0,7000.0,8000.0,0.5,-20.5,-18.5,700.0,0.0,0.0,0.1410000000000001,0.0,0.0,21.0,0
0.491,3588.0,3609.0,3608.0,3581.5,3602.5,3601.5,7000.0,7000.0,7000.0,0.5,-20.5,-19.5,700.0,0.0,0.0,0.1420000000000001,0.0,0.0,21.0,0
0.492,3595.0,3616.0,3615.0,3588.5,3609.5,3608.5,7000.0,7000.0,7000.0,0.5,-20.5,-19.5,700.0,0.0,0.0,0.1430000000000001,0.0,0.0,21.0,0
0.493,3602.0,3623.0,3622.0,3595.5,3616.5,3615.5,7000.0,7000.0,7000.0,0.5,-20.5,-19.5,700.0,0.0,0.0,0.1440000000000001,0.0,0.0,21.0,0
0.494,3610.0,3630.0,3629.0,3602.5,3623.5,3622.5,8000.0,7000.0,7000.0,0.5,-20.5,-19.5,700.0,0.0,0.0,0.1450000000000001,0.0,0.0,20.0,0
0.495,3617.0,3638.0,3636.0,3610.5,3630.5,3629.5,7000.0,8000.0,7000.0,0.5,-19.5,-18.5,700.0,0.0,0.0,0.1460000000000001,0.0,0.0,21.0,0
0.496,3624.0,3645.0,3643.0,3617.5,3638.5,3636.5,7000.0,7000.0,7000.0,0.5,-20.5,-18.5,700.0,0.0,0.0,0.1470000000000001,0.0,0.0,21.0,0
0.497,3631.0,3652.0,3651.0,3624.5,3645.5,3643.5,7000.0,7000.0,8000.0,0.5,-20.5,-18.5,700.0,0.0,0.0,0.1480000000000001,0.0,0.0,21.0,0
0.498,3638.0,3659.0,3658.0,3631.5,3652.5,3651.5,7000.0,7000.0,7000.0,0.5,-20.5,-19.5,700.0,0.0,0.0,0.1490000000000001,0.0,0.0,21.0,0
0.499,3645.0,3666.0,3665.0,3638.5,3659.5,3658.5,7000.0,7000.0,7000.0,0.5,-20.5,-19.5,700.0,0.0,0.0,0.1500000000000001,0.0,0.0,21.0,0
0.5,3652.0,3673.0,3672.0,3645.5,3666.5,3665.5,7000.0,7000.0,7000.0,0.5,-20.5,-19.5,700.0,0.0,0.0,0.1510000000000001,0.0,0.0,21.0,0
0.501,3660.0,3680.0,3679.0,3652.5,3673.5,3672.5,8000.0,7000.0,7000.0,0.5,-20.5,-19.5,700.0,0.0,0.0,0.1520000000000001,0.0,0.0,20.0,0
0.502,3667.0,3688.0,3686.0,3660.5,3680.5,3679.5,7000.0,8000.0,7000.0,0.5,-19.5,-18.5,700.0,0.0,0.0,0.1530000000000001,0.0,0.0,21.0,0
0.503,3674.0,3695.0,3694.0,3667.5,3688.5,3686.5,7000.0,7000.0,8000.0,0.5,-20.5,-18.5,700.0,0.0,0.0,0.1540000000000001,0.0,0.0,21.0,0
0.504,3681.0,3702.0,3701.0,3674.5,3695.5,3694.5,7000.0,7000.0,7000.0,0.5,-20.5,-19.5,700.0,0.0,0.0,0.1550000000000001,0.0,0.0,21.0,0
0.505,3688.0,3709.0,3708.0,3681.5,3702.5,3701.5,7000.0,7000.0,7000.0,0.5,-20.5,-19.5,700.0,0.0,0.0,0.1560000000000001,0.0,0.0,21.0,0
0.506,3695.0,3716.0,3715.0,3688.5,3709.5,3708.5,7000.0,7000.0,7000.0,0.5,-20.5,-19.5,700.0,0.0,0.0,0.1570000000000001,0.0,0.0,21.0,0
0.507,3702.0,3723.0,3722.0,3695.5,3716.5,3715.5,7000.0,7000.0,7000.0,0.5,-20.5,-19.5,700.0,0.0,0.0,0.1580000000000001,0.0,0.0,21.0,0
0.508,3710.0,3730.0,3729.0,3702.5,3723.5,3722.5,8000.0,7000.0,7000.0,0.5,-20.5,-19.5,700.0,0.0,0.0,0.1590000000000001,0.0,0.0,20.0,0
0.509,3717.0,3738.0,3736.0,3710.5,3730.5,3729.5,7000.0,8000.0,7000.0,0.5,-19.5,-18.5,700.0,0.0,0.0,0.16000000000000011,0.0,0.0,21.0,0
0.51,3724.0,3745.0,3744.0,3717.5,3738.5,3736.5,7000.0,7000.0,8000.0,0.5,-20.5,-18.5,700.0,0.0,0.0,0.16100000000000012,0.0,0.0,21.0,0
0.511,3731.0,3752.0,3751.0,3724.5,3745.5,3744.5,7000.0,7000.0,7000.0,0.5,-20.5,-19.5,700.0,0.0,0.0,0.16200000000000012,0.0,0.0,21.0,0
0.512,3738.0,3759.0,3758.0,3731.5,3752.5,3751.5,7000.0,7000.0,7000.0,0.5,-20.5,-19.5,700.0,0.0,0.0,0.16300000000000012,0.0,0.0,21.0,0
0.513,3745.0,3766.0,3765.0,3738.5,3759.5,3758.5,7000.0,7000.0,7000.0,0.5,-20.5,-19.5,700.0,0.0,0.0,0.16400000000000012,0.0,0.0,21.0,0
0.514,3752.0,3773.0,3772.0,3745.5,3766.5,3765.5,7000.0,7000.0,7000.0,0.5,-20.5,-19.5,700.0,0.0,0.0,0.16500000000000012,0.0,0.0,21.0,0
0.515,3760.0,3780.0,3779.0,3752.5,3773.5,3772.5,8000.0,7000.0,7000.0,0.5,-20.5,-19.5,700.0,0.0,0.0,0.16600000000000012,0.0,0.0,20.0,0
0.516,3767.0,3788.0,3786.0,3760.5,3780.5,3779.5,7000.0,8000.0,7000.0,0.5,-19.5,-18.5,700.0,0.0,0.0,0.16700000000000012,0.0,0.0,21.0,0
0.517,3774.0,3795.0,3794.0,3767.5,3788.5,3786.5,7000.0,7000.0,8000.0,0.5,-20.5,-18.5,700.0,0.0,0.0,0.16800000000000012,0.0,0.0,21.0,0
0.518,3781.0,3802.0,3801.0,3774.5,3795.5,3794.5,7000.0,7000.0,7000.0,0.5,-20.5,-19.5,700.0,0.0,0.0,0.16900000000000012,0.0,0.0,21.0,0
0.519,3788.0,3809.0,3808.0,3781.5,3802.5,3801.5,7000.0,7000.0,7000.0,0.5,-20.5,-19.5,700.0,0.0,0.0,0.17000000000000012,0.0,0.0,21.0,0
0.52,3795.0,3816.0,3815.0,3788.5,3809.5,3808.5,7000.0,7000.0,7000.0,0.5,-20.5,-19.5,700.0,0.0,0.0,0.17100000000000012,0.0,0.0,21.0,0
0.521,3802.0,3823.0,3822.0,3795.5,3816.5,3815.5,7000.0,7000.0,7000.0,0.5,-20.5,-19.5,700.0,0.0,0.0,0.17200000000000013,0.0,0.0,21.0,0
0.522,3810.0,3830.0,3829.0,3802.5,3823.5,3822.5,8000.0,7000.0,7000.0,0.5,-20.5,-19.5,700.0,0.0,0.0,0.17300000000000013,0.0,0.0,20.0,0
0.523,3817.0,3838.0,3836.0,3810.5,3830.5,3829.5,7000.0,8000.0,7000.0,0.5,-19.5,-18.5,700.0,0.0,0.0,0.17400000000000013,0.0,0.0,21.0,0
0.524,3824.0,3845.0,3844.0,3817.5,3838.5,3836.5,7000.0,7000.0,8000.0,0.5,-20.5,-18.5,700.0,0.0,0.0,0.17500000000000013,0.0,0.0,21.0,0
0.525,3831.0,3852.0,3851.0,3824.5,3845.5,3844.5,7000.0,7000.0,7000.0,0.5,-20.5,-19.5,700.0,0.0,0.0,0.17600000000000013,0.0,0.0,21.0,0
0.526,3838.0,3859.0,3858.0,3831.5,3852.5,3851.5,7000.0,7000.0,7000.0,0.5,-20.5,-19.5,700.0,0.0,0.0,0.17700000000000013,0.0,0.0,21.0,0
0.527,3845.0,3866.0,3865.0,3838.5,3859.5,3858.5,7000.0,7000.0,7000.0,0.5,-20.5,-19.5,700.0,0.0,0.0,0.17800000000000013,0.0,0.0,21.0,0
0.528,3852.0,3873.0,3872.0,3845.5,3866.5,3865.5,7000.0,7000.0,7000.0,0.5,-20.5,-19.5,700.0,0.0,0.0,0.17900000000000013,0.0,0.0,21.0,0
0.529,3860.0,3880.0,3879.0,3852.5,3873.5,3872.5,8000.0,7000.0,7000.0,0.5,-20.5,-19.5,700.0,0.0,0.0,0.18000000000000013,0.0,0.0,20.0,0
0.53,3867.0,3888.0,3886.0,3860.5,3880.5,3879.5,7000.0,8000.0,7000.0,0.5,-19.5,-18.5,700.0,0.0,0.0,0.18100000000000013,0.0,0.0,21.0,0
0.531,3874.0,3895.0,3894.0,3867.5,3888.5,3886.5,7000.0,7000.0,8000.0,0.5,-20.5,-18.5,700.0,0.0,0.0,0.18200000000000013,0.0,0.0,21.0,0
0.532,3881.0,3902.0,3901.0,3874.5,3895.5,3894.5,7000.0,7000.0,7000.0,0.5,-20.5,-19.5,700.0,0.0,0.0,0.18300000000000013,0.0,0.0,21.0,0
0.533,3888.0,3909.0,3908.0,3881.5,3902.5,3901.5,7000.0,7000.0,7000.0,0.5,-20.5,-19.5,700.0,0.0,0.0,0.18400000000000014,0.0,0.0,21.0,0
0.534,3895.0,3916.0,3915.0,3888.5,3909.5,3908.5,7000.0,7000.0,7000.0,0.5,-20.5,-19.5,700.0,0.0,0.0,0.18500000000000014,0.0,0.0,21.0,0
0.535,3902.0,3923.0,3922.0,3895.5,3916.5,3915.5,7000.0,7000.0,7000.0,0.5,-20.5,-19.5,700.0,0.0,0.0,0.18600000000000014,0.0,0.0,21.0,0
0.536,3909.0,3930.0,3929.0,3902.5,3923.5,3922.5,7000.0,7000.0,7000.0,0.5,-20.5,-19.5,700.0,0.0,0.0,0.18700000000000014,0.0,0.0,21.0,0
0.537,3917.0,3937.0,3936.0,3909.5,3930.5,3929.5,8000.0,7000.0,7000.0,0.5,-20.5,-19.5,700.0,0.0,0.0,0.18800000000000014,0.0,0.0,20.0,0
0.538,3924.0,3945.0,3943.0,3917.5,3937.5,3936.5,7000.0,8000.0,7000.0,0.5,-19.5,-18.5,700.0,0.0,0.0,0.18900000000000014,0.0,0.0,21.0,0
0.539,3931.0,3952.0,3951.0,3924.5,3945.5,3943.5,7000.0,7000.0,8000.0,0.5,-20.5,-18.5,700.0,0.0,0.0,0.19000000000000014,0.0,0.0,21.0,0
0.54,3938.0,3959.0,3958.0,3931.5,3952.5,3951.5,7000.0,7000.0,7000.0,0.5,-20.5,-19.5,700.0,0.0,0.0,0.19100000000000014,0.0,0.0,21.0,0
0.541,3945.0,3966.0,3965.0,3938.5,3959.5,3958.5,7000.0,7000.0,7000.0,0.5,-20.5,-19.5,700.0,0.0,0.0,0.19200000000000014,0.0,0.0,21.0,0
0.542,3952.0,3973.0,3972.0,3945.5,3966.5,3965.5,7000.0,7000.0,7000.0,0.5,-20.5,-19.5,700.0,0.0,0.0,0.19300000000000014,0.0,0.0,21.0,0
0.543,3959.0,3980.0,3979.0,3952.5,3973.5,3972.5,7000.0,7000.0,7000.0,0.5,-20.5,-19.5,700.0,0.0,0.0,0.19400000000000014,0.0,0.0,21.0,0
0.544,3967.0,3987.0,3986.0,3959.5,3980.5,3979.5,8000.0,7000.0,7000.0,0.5,-20.5,-19.5,700.0,0.0,0.0,0.19500000000000015,0.0,0.0,20.0,0
0.545,3974.0,3995.0,3993.0,3967.5,3987.5,3986.5,7000.0,8000.0,7000.0,0.5,-19.5,-18.5,700.0,0.0,0.0,0.19600000000000015,0.0,0.0,21.0,0
0.546,3981.0,4002.0,4001.0,3974.5,3995.5,3993.5,7000.0,7000.0,8000.0,0.5,-20.5,-18.5,700.0,0.0,0.0,0.19700000000000015,0.0,0.0,21.0,0
0.547,3988.0,4009.0,4008.0,3981.5,4002.5,4001.5,7000.0,7000.0,7000.0,0.5,-20.5,-19.5,700.0,0.0,0.0,0.19800000000000015,0.0,0.0,21.0,0
0.548,3995.0,4016.0,4015.0,3988.5,4009.5,4008.5,7000.0,7000.0,7000.0,0.5,-20.5,-19.5,700.0,0.0,0.0,0.19900000000000015,0.0,0.0,21.0,0
0.549,4002.0,4023.0,4022.0,3995.5,4016.5,4015.5,7000.0,7000.0,7000.0,0.5,-20.5,-19.5,700.0,0.0,0.0,0.20000000000000015,0.0,0.0,21.0,0
0.55,4009.0,4030.0,4029.0,4002.5,4023.5,4022.5,7000.0,7000.0,7000.0,0.5,-20.5,-19.5,700.0,0.0,0.0,0.20100000000000015,0.0,0.0,21.0,0
0.551,4017.0,4037.0,4036.0,4009.5,4030.5,4029.5,8000.0,7000.0,7000.0,0.5,-20.5,-19.5,700.0,0.0,0.0,0.20200000000000015,0.0,0.0,20.0,0
0.552,4024.0,4045.0,4043.0,4017.5,4037.5,4036.5,7000.0,8000.0,7000.0,0.5,-19.5,-18.5,700.0,0.0,0.0,0.20300000000000015,0.0,0.0,21.0,0
0.553,4031.0,4052.0,4051.0,4024.5,4045.5,4043.5,7000.0,7000.0,8000.0,0.5,-20.5,-18.5,700.0,0.0,0.0,0.20400000000000015,0.0,0.0,21.0,0
0.554,4038.0,4059.0,4058.0,4031.5,4052.5,4051.5,7000.0,7000.0,7000.0,0.5,-20.5,-19.5,700.0,0.0,0.0,0.20500000000000015,0.0,0.0,21.0,0
0.555,4045.0,4066.0,4065.0,4038.5,4059.5,4058.5,7000.0,7000.0,7000.0,0.5,-20.5,-19.5,700.0,0.0,0.0,0.20600000000000016,0.0,0.0,21.0,0
0.556,4052.0,4073.0,4072.0,4045.5,4066.5,4065.5,7000.0,7000.0,7000.0,0.5,-20.5,-19.5,700.0,0.0,0.0,0.20700000000000016,0.0,0.0,21.0,0
0.557,4059.0,4080.0,4079.0,4052.5,4073.5,4072.5,7000.0,7000.0,7000.0,0.5,-20.5,-19.5,700.0,0.0,0.0,0.20800000000000016,0.0,0.0,21.0,0
0.558,4067.0,4087.0,4086.0,4059.5,4080.5,4079.5,8000.0,7000.0,7000.0,0.5,-20.5,-19.5,700.0,0.0,0.0,0.20900000000000016,0.0,0.0,20.0,0
0.559,4074.0,4095.0,4093.0,4067.5,4087.5,4086.5,7000.0,8000.0,7000.0,0.5,-19.5,-18.5,700.0,0.0,0.0,0.21000000000000016,0.0,0.0,21.0,0
0.56,4081.0,4102.0,4101.0,4074.5,4095.5,4093.5,7000.0,7000.0,8000.0,0.5,-20.5,-18.5,700.0,0.0,0.0,0.21100000000000016,0.0,0.0,21.0,0
0.561,4088.0,4109.0,4108.0,4081.5,4102.5,4101.5,7000.0,7000.0,7000.0,0.5,-20.5,-19.5,700.0,0.0,0.0,0.21200000000000016,0.0,0.0,21.0,0
0.562,4095.0,4116.0,4115.0,4088.5,4109.5,4108.5,7000.0,7000.0,7000.0,0.5,-20.5,-19.5,700.0,0.0,0.0,0.21300000000000016,0.0,0.0,21.0,0
0.5630000000000001,4102.0,4123.0,4122.0,4095.5,4116.5,4115.5,7000.0,7000.0,7000.0,0.5,-20.5,-19.5,700.0,0.0,0.0,0.21400000000000016,0.0,0.0,21.0,0
0.5640000000000001,4109.0,4130.0,4129.0,4102.5,4123.5,4122.5,7000.0,7000.0,7000.0,0.5,-20.5,-19.5,700.0,0.0,0.0,0.21500000000000016,0.0,0.0,21.0,0
0.5650000000000001,4117.0,4137.0,4136.0,4109.5,4130.5,4129.5,8000.0,7000.0,7000.0,0.5,-20.5,-19.5,700.0,0.0,0.0,0.21600000000000016,0.0,0.0,20.0,0
0.5660000000000001,4124.0,4145.0,4143.0,4117.5,4137.5,4136.5,7000.0,8000.0,7000.0,0.5,-19.5,-18.5,700.0,0.0,0.0,0.21700000000000016,0.0,0.0,21.0,0
0.5670000000000001,4131.0,4152.0,4151.0,4124.5,4145.5,4143.5,7000.0,7000.0,8000.0,0.5,-20.5,-18.5,700.0,0.0,0.0,0.21800000000000017,0.0,0.0,21.0,0
0.5680000000000001,4138.0,4159.0,4158.0,4131.5,4152.5,4151.5,7000.0,7000.0,7000.0,0.5,-20.5,-19.5,700.0,0.0,0.0,0.21900000000000017,0.0,0.0,21.0,0
0.5690000000000001,4145.0,4166.0,4165.0,4138.5,4159.5,4158.5,7000.0,7000.0,7000.0,0.5,-20.5,-19.5,700.0,0.0,0.0,0.22000000000000017,0.0,0.0,21.0,0
0.5700000000000001,4152.0,4173.0,4172.0,4145.5,4166.5,4165.5,7000.0,7000.0,7000.0,0.5,-20.5,-19.5,700.0,0.0,0.0,0.22100000000000017,0.0,0.0,21.0,0
0.5710000000000001,4159.0,4180.0,4179.0,4152.5,4173.5,4172.5,7000.0,7000.0,7000.0,0.5,-20.5,-19.5,700.0,0.0,0.0,0.22200000000000017,0.0,0.0,21.0,0
0.5720000000000001,4167.0,4187.0,4186.0,4159.5,4180.5,4179.5,8000.0,7000.0,7000.0,0.5,-20.5,-19.5,700.0,0.0,0.0,0.22300000000000017,0.0,0.0,20.0,0
0.5730000000000001,4174.0,4195.0,4193.0,4167.5,4187.5,4186.5,7000.0,8000.0,7000.0,0.5,-19.5,-18.5,700.0,0.0,0.0,0.22400000000000017,0.0,0.0,21.0,0
0.5740000000000001,4181.0,4202.0,4201.0,4174.5,4195.5,4193.5,7000.0,7000.0,8000.0,0.5,-20.5,-18.5,700.0,0.0,0.0,0.22500000000000017,0.0,0.0,21.0,0
0.5750000000000001,4188.0,4209.0,4208.0,4181.5,4202.5,4201.5,7000.0,7000.0,7000.0,0.5,-20.5,-19.5,700.0,0.0,0.0,0.22600000000000017,0.0,0.0,21.0,0
0.5760000000000001,4195.0,4216.0,4215.0,4188.5,4209.5,4208.5,7000.0,7000.0,7000.0,0.5,-20.5,-19.5,700.0,0.0,0.0,0.22700000000000017,0.0,0.0,21.0,0
0.577,4202.0,4223.0,4222.0,4195.5,4216.5,4215.5,7000.0,7000.0,7000.0,0.5,-20.5,-19.5,700.0,0.0,0.0,0.22800000000000017,0.0,0.0,21.0,0
0.578,4209.0,4230.0,4229.0,4202.5,4223.5,4222.5,7000.0,7000.0,7000.0,0.5,-20.5,-19.5,700.0,0.0,0.0,0.22900000000000018,0.0,0.0,21.0,0
0.579,4217.0,4237.0,4236.0,4209.5,4230.5,4229.5,8000.0,7000.0,7000.0,0.5,-20.5,-19.5,700.0,0.0,0.0,0.23000000000000018,0.0,0.0,20.0,0
0.58,4224.0,4245.0,4243.0,4217.5,4237.5,4236.5,7000.0,8000.0,7000.0,0.5,-19.5,-18.5,700.0,0.0,0.0,0.23100000000000018,0.0,0.0,21.0,0
0.581,4231.0,4252.0,4251.0,4224.5,4245.5,4243.5,7000.0,7000.0,8000.0,0.5,-20.5,-18.5,700.0,0.0,0.0,0.23200000000000018,0.0,0.0,21.0,0
0.582,4238.0,4259.0,4258.0,4231.5,4252.5,4251.5,7000.0,7000.0,7000.0,0.5,-20.5,-19.5,700.0,0.0,0.0,0.23300000000000018,0.0,0.0,21.0,0
0.583,4245.0,4266.0,4265.0,4238.5,4259.5,4258.5,7000.0,7000.0,7000.0,0.5,-20.5,-19.5,700.0,0.0,0.0,0.23400000000000018,0.0,0.0,21.0,0
0.584,4252.0,4273.0,4272.0,4245.5,4266.5,4265.5,7000.0,7000.0,7000.0,0.5,-20.5,-19.5,700.0,0.0,0.0,0.23500000000000018,0.0,0.0,21.0,0
0.585,4259.0,4280.0,4279.0,4252.5,4273.5,4272.5,7000.0,7000.0,7000.0,0.5,-20.5,-19.5,700.0,0.0,0.0,0.23600000000000018,0.0,0.0,21.0,0
0.586,4266.0,4287.0,4286.0,4259.5,4280.5,4279.5,7000.0,7000.0,7000.0,0.5,-20.5,-19.5,700.0,0.0,0.0,0.23700000000000018,0.0,0.0,21.0,0
0.587,4274.0,4295.0,4293.0,4266.5,4287.5,4286.5,8000.0,8000.0,7000.0,0.5,-20.5,-19.5,700.0,0.0,0.0,0.23800000000000018,0.0,0.0,21.0,0
0.588,4281.0,4302.0,4301.0,4274.5,4295.5,4293.5,7000.0,7000.0,8000.0,0.5,-20.5,-18.5,700.0,0.0,0.0,0.23900000000000018,0.0,0.0,21.0,0
0.589,4288.0,4309.0,4308.0,4281.5,4302.5,4301.5,7000.0,7000.0,7000.0,0.5,-20.5,-19.5,700.0,0.0,0.0,0.24000000000000019,0.0,0.0,21.0,0
0.59,4295.0,4316.0,4315.0,4288.5,4309.5,4308.5,7000.0,7000.0,7000.0,0.5,-20.5,-19.5,700.0,0.0,0.0,0.2410000000000002,0.0,0.0,21.0,0
0.591,4302.0,4323.0,4322.0,4295.5,4316.5,4315.5,7000.0,7000.0,7000.0,0.5,-20.5,-19.5,700.0,0.0,0.0,0.2420000000000002,0.0,0.0,21.0,0
0.592,4309.0,4330.0,4329.0,4302.5,4323.5,4322.5,7000.0,7000.0,7000.0,0.5,-20.5,-19.5,700.0,0.0,0.0,0.2430000000000002,0.0,0.0,21.0,0
0.593,4316.0,4337.0,4336.0,4309.5,4330.5,4329.5,7000.0,7000.0,7000.0,0.5,-20.5,-19.5,700.0,0.0,0.0,0.2440000000000002,0.0,0.0,21.0,0
0.594,4324.0,4345.0,4343.0,4316.5,4337.5,4336.5,8000.0,8000.0,7000.0,0.5,-20.5,-19.5,700.0,0.0,0.0,0.2450000000000002,0.0,0.0,21.0,0
0.595,4331.0,4352.0,4351.0,4324.5,4345.5,4343.5,7000.0,7000.0,8000.0,0.5,-20.5,-18.5,700.0,0.0,0.0,0.2460000000000002,0.0,0.0,21.0,0
0.596,4338.0,4359.0,4358.0,4331.5,4352.5,4351.5,7000.0,7000.0,7000.0,0.5,-20.5,-19.5,700.0,0.0,0.0,0.2470000000000002,0.0,0.0,21.0,0
0.597,4345.0,4366.0,4365.0,4338.5,4359.5,4358.5,7000.0,7000.0,7000.0,0.5,-20.5,-19.5,700.0,0.0,0.0,0.2480000000000002,0.0,0.0,21.0,0
0.598,4352.0,4373.0,4372.0,4345.5,4366.5,4365.5,7000.0,7000.0,7000.0,0.5,-20.5,-19.5,700.0,0.0,0.0,0.2490000000000002,0.0,0.0,21.0,0
0.599,4359.0,4380.0,4379.0,4352.5,4373.5,4372.5,7000.0,7000.0,7000.0,0.5,-20.5,-19.5,700.0,0.0,0.0,0.25000000000000017,0.0,0.0,21.0,0
0.6,4366.0,4387.0,4386.0,4359.5,4380.5,4379.5,7000.0,7000.0,7000.0,0.5,-20.5,-19.5,700.0,0.0,0.0,0.25100000000000017,0.0,0.0,21.0,0
0.601,4374.0,4395.0,4393.0,4366.5,4387.5,4386.5,8000.0,8000.0,7000.0,0.5,-20.5,-19.5,700.0,0.0,0.0,0.25200000000000017,0.0,0.0,21.0,0
0.602,4381.0,4402.0,4401.0,4374.5,4395.5,4393.5,7000.0,7000.0,8000.0,0.5,-20.5,-18.5,700.0,0.0,0.0,0.25300000000000017,0.0,0.0,21.0,0
0.603,4388.0,4409.0,4408.0,4381.5,4402.5,4401.5,7000.0,7000.0,7000.0,0.5,-20.5,-19.5,700.0,0.0,0.0,0.25400000000000017,0.0,0.0,21.0,0
0.604,4395.0,4416.0,4415.0,4388.5,4409.5,4408.5,7000.0,7000.0,7000.0,0.5,-20.5,-19.5,700.0,0.0,0.0,0.25500000000000017,0.0,0.0,21.0,0
0.605,4402.0,4423.0,4422.0,4395.5,4416.5,4415.5,7000.0,7000.0,7000.0,0.5,-20.5,-19.5,700.0,0.0,0.0,0.25600000000000017,0.0,0.0,21.0,0
0.606,4409.0,4430.0,4429.0,4402.5,4423.5,4422.5,7000.0,7000.0,7000.0,0.5,-20.5,-19.5,700.0,0.0,0.0,0.2570000000000002,0.0,0.0,21.0,0
0.607,4416.0,4437.0,4436.0,4409.5,4430.5,4429.5,7000.0,7000.0,7000.0,0.5,-20.5,-19.5,700.0,0.0,0.0,0.2580000000000002,0.0,0.0,21.0,0
0.608,4424.0,4444.0,4443.0,4416.5,4437.5,4436.5,8000.0,7000.0,7000.0,0.5,-20.5,-19.5,700.0,0.0,0.0,0.2590000000000002,0.0,0.0,20.0,0
0.609,4431.0,4452.0,4451.0,4424.5,4444.5,4443.5,7000.0,8000.0,8000.0,0.5,-19.5,-18.5,700.0,0.0,0.0,0.2600000000000002,0.0,0.0,21.0,0
0.61,4438.0,4459.0,4458.0,4431.5,4452.5,4451.5,7000.0,7000.0,7000.0,0.5,-20.5,-19.5,700.0,0.0,0.0,0.2610000000000002,0.0,0.0,21.0,0
0.611,4445.0,4466.0,4465.0,4438.5,4459.5,4458.5,7000.0,7000.0,7000.0,0.5,-20.5,-19.5,700.0,0.0,0.0,0.2620000000000002,0.0,0.0,21.0,0
0.612,4452.0,4473.0,4472.0,4445.5,4466.5,4465.5,7000.0,7000.0,7000.0,0.5,-20.5,-19.5,700.0,0.0,0.0,0.2630000000000002,0.0,0.0,21.0,0
0.613,4459.0,4480.0,4479.0,4452.5,4473.5,4472.5,7000.0,7000.0,7000.0,0.5,-20.5,-19.5,700.0,0.0,0.0,0.2640000000000002,0.0,0.0,21.0,0
0.614,4466.0,4487.0,4486.0,4459.5,4480.5,4479.5,7000.0,7000.0,7000.0,0.5,-20.5,-19.5,700.0,0.0,0.0,0.2650000000000002,0.0,0.0,21.0,0
0.615,4474.0,4494.0,4493.0,4466.5,4487.5,4486.5,8000.0,7000.0,7000.0,0.5,-20.5,-19.5,700.0,0.0,0.0,0.2660000000000002,0.0,0.0,20.0,0
0.616,4481.0,4502.0,4500.0,4474.5,4494.5,4493.5,7000.0,8000.0,7000.0,0.5,-19.5,-18.5,700.0,0.0,0.0,0.2670000000000002,0.0,0.0,21.0,0
0.617,4488.0,4509.0,4508.0,4481.5,4502.5,4500.5,7000.0,7000.0,8000.0,0.5,-20.5,-18.5,700.0,0.0,0.0,0.2680000000000002,0.0,0.0,21.0,0
0.618,4495.0,4516.0,4515.0,4488.5,4509.5,4508.5,7000.0,7000.0,7000.0,0.5,-20.5,-19.5,700.0,0.0,0.0,0.2690000000000002,0.0,0.0,21.0,0
0.619,4502.0,4523.0,4522.0,4495.5,4516.5,4515.5,7000.0,7000.0,7000.0,0.5,-20.5,-19.5,700.0,0.0,0.0,0.2700000000000002,0.0,0.0,21.0,0
0.62,4509.0,4530.0,4529.0,4502.5,4523.5,4522.5,7000.0,7000.0,7000.0,0.5,-20.5,-19.5,700.0,0.0,0.0,0.2710000000000002,0.0,0.0,21.0,0
0.621,4516.0,4537.0,4536.0,4509.5,4530.5,4529.5,7000.0,7000.0,7000.0,0.5,-20.5,-19.5,700.0,0.0,0.0,0.2720000000000002,0.0,0.0,21.0,0
0.622,4524.0,4544.0,4543.0,4516.5,4537.5,4536.5,8000.0,7000.0,7000.0,0.5,-20.5,-19.5,700.0,0.0,0.0,0.2730000000000002,0.0,0.0,20.0,0
0.623,4531.0,4552.0,4550.0,4524.5,4544.5,4543.5,7000.0,8000.0,7000.0,0.5,-19.5,-18.5,700.0,0.0,0.0,0.2740000000000002,0.0,0.0,21.0,0
0.624,4538.0,4559.0,4558.0,4531.5,4552.5,4550.5,7000.0,7000.0,8000.0,0.5,-20.5,-18.5,700.0,0.0,0.0,0.2750000000000002,0.0,0.0,21.0,0
0.625,4545.0,4566.0,4565.0,4538.5,4559.5,4558.5,7000.0,7000.0,7000.0,0.5,-20.5,-19.5,700.0,0.0,0.0,0.2760000000000002,0.0,0.0,21.0,0
0.626,4552.0,4573.0,4572.0,4545.5,4566.5,4565.5,7000.0,7000.0,7000.0,0.5,-20.5,-19.5,700.0,0.0,0.0,0.2770000000000002,0.0,0.0,21.0,0
0.627,4559.0,4580.0,4579.0,4552.5,4573.5,4572.5,7000.0,7000.0,7000.0,0.5,-20.5,-19.5,700.0,0.0,0.0,0.2780000000000002,0.0,0.0,21.0,0
0.628,4566.0,4587.0,4586.0,4559.5,4580.5,4579.5,7000.0,7000.0,7000.0,0.5,-20.5,-19.5,700.0,0.0,0.0,0.2790000000000002,0.0,0.0,21.0,0
0.629,4574.0,4594.0,4593.0,4566.5,4587.5,4586.5,8000.0,7000.0,7000.0,0.5,-20.5,-19.5,700.0,0.0,0.0,0.2800000000000002,0.0,0.0,20.0,0
0.63,4581.0,4602.0,4600.0,4574.5,4594.5,4593.5,7000.0,8000.0,7000.0,0.5,-19.5,-18.5,700.0,0.0,0.0,0.2810000000000002,0.0,0.0,21.0,0
0.631,4588.0,4609.0,4608.0,4581.5,4602.5,4600.5,7000.0,7000.0,8000.0,0.5,-20.5,-18.5,700.0,0.0,0.0,0.2820000000000002,0.0,0.0,21.0,0
0.632,4595.0,4616.0,4615.0,4588.5,4609.5,4608.5,7000.0,7000.0,7000.0,0.5,-20.5,-19.5,700.0,0.0,0.0,0.2830000000000002,0.0,0.0,21.0,0
0.633,4602.0,4623.0,4622.0,4595.5,4616.5,4615.5,7000.0,7000.0,7000.0,0.5,-20.5,-19.5,700.0,0.0,0.0,0.2840000000000002,0.0,0.0,21.0,0
0.634,4609.0,4630.0,4629.0,4602.5,4623.5,4622.5,7000.0,7000.0,7000.0,0.5,-20.5,-19.5,700.0,0.0,0.0,0.2850000000000002,0.0,0.0,21.0,0
0.635,4616.0,4637.0,4636.0,4609.5,4630.5,4629.5,7000.0,7000.0,7000.0,0.5,-20.5,-19.5,700.0,0.0,0.0,0.2860000000000002,0.0,0.0,21.0,0
0.636,4623.0,4644.0,4643.0,4616.5,4637.5,4636.5,7000.0,7000.0,7000.0,0.5,-20.5,-19.5,700.0,0.0,0.0,0.2870000000000002,0.0,0.0,21.0,0
0.637,4631.0,4652.0,4650.0,4623.5,4644.5,4643.5,8000.0,8000.0,7000.0,0.5,-20.5,-19.5,700.0,0.0,0.0,0.2880000000000002,0.0,0.0,21.0,0
0.638,4638.0,4659.0,4658.0,4631.5,4652.5,4650.5,7000.0,7000.0,8000.0,0.5,-20.5,-18.5,700.0,0.0,0.0,0.2890000000000002,0.0,0.0,21.0,0
0.639,4645.0,4666.0,4665.0,4638.5,4659.5,4658.5,7000.0,7000.0,7000.0,0.5,-20.5,-19.5,700.0,0.0,0.0,0.2900000000000002,0.0,0.0,21.0,0
0.64,4652.0,4673.0,4672.0,4645.5,4666.5,4665.5,7000.0,7000.0,7000.0,0.5,-20.5,-19.5,700.0,0.0,0.0,0.2910000000000002,0.0,0.0,21.0,0
0.641,4659.0,4680.0,4679.0,4652.5,4673.5,4672.5,7000.0,7000.0,7000.0,0.5,-20.5,-19.5,700.0,0.0,0.0,0.2920000000000002,0.0,0.0,21.0,0
0.642,4666.0,4687.0,4686.0,4659.5,4680.5,4679.5,7000.0,7000.0,7000.0,0.5,-20.5,-19.5,700.0,0.0,0.0,0.2930000000000002,0.0,0.0,21.0,0
0.643,4673.0,4694.0,4693.0,4666.5,4687.5,4686.5,7000.0,7000.0,7000.0,0.5,-20.5,-19.5,700.0,0.0,0.0,0.2940000000000002,0.0,0.0,21.0,0
0.644,4681.0,4702.0,4700.0,4673.5,4694.5,4693.5,8000.0,8000.0,7000.0,0.5,-20.5,-19.5,700.0,0.0,0.0,0.2950000000000002,0.0,0.0,21.0,0
0.645,4688.0,4709.0,4708.0,4681.5,4702.5,4700.5,7000.0,7000.0,8000.0,0.5,-20.5,-18.5,700.0,0.0,0.0,0.2960000000000002,0.0,0.0,21.0,0
0.646,4695.0,4716.0,4715.0,4688.5,4709.5,4708.5,7000.0,7000.0,7000.0,0.5,-20.5,-19.5,700.0,0.0,0.0,0.2970000000000002,0.0,0.0,21.0,0
0.647,4702.0,4723.0,4722.0,4695.5,4716.5,4715.5,7000.0,7000.0,7000.0,0.5,-20.5,-19.5,700.0,0.0,0.0,0.2980000000000002,0.0,0.0,21.0,0
0.648,4709.0,4730.0,4729.0,4702.5,4723.5,4722.5,7000.0,7000.0,7000.0,0.5,-20.5,-19.5,700.0,0.0,0.0,0.2990000000000002,0.0,0.0,21.0,0
0.649,4716.0,4737.0,4736.0,4709.5,4730.5,4729.5,7000.0,7000.0,7000.0,0.5,-20.5,-19.5,700.0,0.0,0.0,0.3000000000000002,0.0,0.0,21.0,0
0.65,4723.0,4744.0,4743.0,4716.5,4737.5,4736.5,7000.0,7000.0,7000.0,0.5,-20.5,-19.5,700.0,0.0,0.0,0.3010000000000002,0.0,0.0,21.0,0
0.651,4731.0,4752.0,4750.0,4723.5,4744.5,4743.5,8000.0,8000.0,7000.0,0.5,-20.5,-19.5,700.0,0.0,0.0,0.3020000000000002,0.0,0.0,21.0,0
0.652,4738.0,4759.0,4758.0,4731.5,4752.5,4750.5,7000.0,7000.0,8000.0,0.5,-20.5,-18.5,700.0,0.0,0.0,0.3030000000000002,0.0,0.0,21.0,0
0.653,4745.0,4766.0,4765.0,4738.5,4759.5,4758.5,7000.0,7000.0,7000.0,0.5,-20.5,-19.5,700.0,0.0,0.0,0.3040000000000002,0.0,0.0,21.0,0
0.654,4752.0,4773.0,4772.0,4745.5,4766.5,4765.5,7000.0,7000.0,7000.0,0.5,-20.5,-19.5,700.0,0.0,0.0,0.3050000000000002,0.0,0.0,21.0,0
0.655,4759.0,4780.0,4779.0,4752.5,4773.5,4772.5,7000.0,7000.0,7000.0,0.5,-20.5,-19.5,700.0,0.0,0.0,0.3060000000000002,0.0,0.0,21.0,0
0.656,4766.0,4787.0,4786.0,4759.5,4780.5,4779.5,7000.0,7000.0,7000.0,0.5,-20.5,-19.5,700.0,0.0,0.0,0.3070000000000002,0.0,0.0,21.0,0
0.657,4773.0,4794.0,4793.0,4766.5,4787.5,4786.5,7000.0,7000.0,7000.0,0.5,-20.5,-19.5,700.0,0.0,0.0,0.3080000000000002,0.0,0.0,21.0,0
0.658,4781.0,4802.0,4800.0,4773.5,4794.5,4793.5,8000.0,8000.0,7000.0,0.5,-20.5,-19.5,700.0,0.0,0.0,0.3090000000000002,0.0,0.0,21.0,0
0.659,4788.0,4809.0,4808.0,4781.5,4802.5,4800.5,7000.0,7000.0,8000.0,0.5,-20.5,-18.5,700.0,0.0,0.0,0.3100000000000002,0.0,0.0,21.0,0
0.66,4795.0,4816.0,4815.0,4788.5,4809.5,4808.5,7000.0,7000.0,7000.0,0.5,-20.5,-19.5,700.0,0.0,0.0,0.3110000000000002,0.0,0.0,21.0,0
0.661,4802.0,4823.0,4822.0,4795.5,4816.5,4815.5,7000.0,7000.0,7000.0,0.5,-20.5,-19.5,700.0,0.0,0.0,0.3120000000000002,0.0,0.0,21.0,0
0.662,4809.0,4830.0,4829.0,4802.5,4823.5,4822.5,7000.0,7000.0,7000.0,0.5,-20.5,-19.5,700.0,0.0,0.0,0.3130000000000002,0.0,0.0,21.0,0
0.663,4816.0,4837.0,4836.0,4809.5,4830.5,4829.5,7000.0,7000.0,7000.0,0.5,-20.5,-19.5,700.0,0.0,0.0,0.3140000000000002,0.0,0.0,21.0,0
0.664,4823.0,4844.0,4843.0,4816.5,4837.5,4836.5,7000.0,7000.0,7000.0,0.5,-20.5,-19.5,700.0,0.0,0.0,0.3150000000000002,0.0,0.0,21.0,0
0.665,4831.0,4851.0,4850.0,4823.5,4844.5,4843.5,8000.0,7000.0,7000.0,0.5,-20.5,-19.5,700.0,0.0,0.0,0.3160000000000002,0.0,0.0,20.0,0
0.666,4838.0,4859.0,4857.0,4831.5,4851.5,4850.5,7000.0,8000.0,7000.0,0.5,-19.5,-18.5,700.0,0.0,0.0,0.3170000000000002,0.0,0.0,21.0,0
0.667,4845.0,4866.0,4865.0,4838.5,4859.5,4857.5,7000.0,7000.0,8000.0,0.5,-20.5,-18.5,700.0,0.0,0.0,0.3180000000000002,0.0,0.0,21.0,0
0.668,4852.0,4873.0,4872.0,4845.5,4866.5,4865.5,7000.0,7000.0,7000.0,0.5,-20.5,-19.5,700.0,0.0,0.0,0.31900000000000023,0.0,0.0,21.0,0
0.669,4859.0,4880.0,4879.0,4852.5,4873.5,4872.5,7000.0,7000.0,7000.0,0.5,-20.5,-19.5,700.0,0.0,0.0,0.32000000000000023,0.0,0.0,21.0,0
0.67,4866.0,4887.0,4886.0,4859.5,4880.5,4879.5,7000.0,7000.0,7000.0,0.5,-20.5,-19.5,700.0,0.0,0.0,0.32100000000000023,0.0,0.0,21.0,0
0.671,4873.0,4894.0,4893.0,4866.5,4887.5,4886.5,7000.0,7000.0,7000.0,0.5,-20.5,-19.5,700.0,0.0,0.0,0.32200000000000023,0.0,0.0,21.0,0
0.672,4881.0,4901.0,4900.0,4873.5,4894.5,4893.5,8000.0,7000.0,7000.0,0.5,-20.5,-19.5,700.0,0.0,0.0,0.32300000000000023,0.0,0.0,20.0,0
0.673,4888.0,4909.0,4907.0,4881.5,4901.5,4900.5,7000.0,8000.0,7000.0,0.5,-19.5,-18.5,700.0,0.0,0.0,0.32400000000000023,0.0,0.0,21.0,0
0.674,4895.0,4916.0,4915.0,4888.5,4909.5,4907.5,7000.0,7000.0,8000.0,0.5,-20.5,-18.5,700.0,0.0,0.0,0.32500000000000023,0.0,0.0,21.0,0
0.675,4902.0,4923.0,4922.0,4895.5,4916.5,4915.5,7000.0,7000.0,7000.0,0.5,-20.5,-19.5,700.0,0.0,0.0,0.32600000000000023,0.0,0.0,21.0,0
0.676,4909.0,4930.0,4929.0,4902.5,4923.5,4922.5,7000.0,7000.0,7000.0,0.5,-20.5,-19.5,700.0,0.0,0.0,0.32700000000000023,0.0,0.0,21.0,0
0.677,4916.0,4937.0,4936.0,4909.5,4930.5,4929.5,7000.0,7000.0,7000.0,0.5,-20.5,-19.5,700.0,0.0,0.0,0.32800000000000024,0.0,0.0,21.0,0
0.678,4923.0,4944.0,4943.0,4916.5,4937.5,4936.5,7000.0,7000.0,7000.0,0.5,-20.5,-19.5,700.0,0.0,0.0,0.32900000000000024,0.0,0.0,21.0,0
0.679,4931.0,4951.0,4950.0,4923.5,4944.5,4943.5,8000.0,7000.0,7000.0,0.5,-20.5,-19.5,700.0,0.0,0.0,0.33000000000000024,0.0,0.0,20.0,0
0.68,4938.0,4959.0,4957.0,4931.5,4951.5,4950.5,7000.0,8000.0,7000.0,0.5,-19.5,-18.5,700.0,0.0,0.0,0.33100000000000024,0.0,0.0,21.0,0
0.681,4945.0,4966.0,4965.0,4938.5,4959.5,4957.5,7000.0,7000.0,8000.0,0.5,-20.5,-18.5,700.0,0.0,0.0,0.33200000000000024,0.0,0.0,21.0,0
0.682,4952.0,4973.0,4972.0,4945.5,4966.5,4965.5,7000.0,7000.0,7000.0,0.5,-20.5,-19.5,700.0,0.0,0.0,0.33300000000000024,0.0,0.0,21.0,0
0.683,4959.0,4980.0,4979.0,4952.5,4973.5,4972.5,7000.0,7000.0,7000.0,0.5,-20.5,-19.5,700.0,0.0,0.0,0.33400000000000024,0.0,0.0,21.0,0
0.684,4966.0,4987.0,4986.0,4959.5,4980.5,4979.5,7000.0,7000.0,7000.0,0.5,-20.5,-19.5,700.0,0.0,0.0,0.33500000000000024,0.0,0.0,21.0,0
0.685,4973.0,4994.0,4993.0,4966.5,4987.5,4986.5,7000.0,7000.0,7000.0,0.5,-20.5,-19.5,700.0,0.0,0.0,0.33600000000000024,0.0,0.0,21.0,0
0.686,4980.0,5001.0,5000.0,4973.5,4994.5,4993.5,7000.0,7000.0,7000.0,0.5,-20.5,-19.5,700.0,0.0,0.0,0.33700000000000024,0.0,0.0,21.0,0
0.687,4988.0,5009.0,5007.0,4980.5,5001.5,5000.5,8000.0,8000.0,7000.0,0.5,-20.5,-19.5,700.0,0.0,0.0,0.33800000000000024,0.0,0.0,21.0,0
0.6880000000000001,4995.0,5016.0,5015.0,4988.5,5009.5,5007.5,7000.0,7000.0,8000.0,0.5,-20.5,-18.5,700.0,0.0,0.0,0.33900000000000025,0.0,0.0,21.0,0
0.6890000000000001,5002.0,5023.0,5022.0,4995.5,5016.5,5015.5,7000.0,7000.0,7000.0,0.5,-20.5,-19.5,700.0,0.0,0.0,0.34000000000000025,0.0,0.0,21.0,0
0.6900000000000001,5009.0,5030.0,5029.0,5002.5,5023.5,5022.5,7000.0,7000.0,7000.0,0.5,-20.5,-19.5,700.0,0.0,0.0,0.34100000000000025,0.0,0.0,21.0,0
0.6910000000000001,5016.0,5037.0,5036.0,5009.5,5030.5,5029.5,7000.0,7000.0,7000.0,0.5,-20.5,-19.5,700.0,0.0,0.0,0.34200000000000025,0.0,0.0,21.0,0
0.6920000000000001,5023.0,5044.0,5043.0,5016.5,5037.5,5036.5,7000.0,7000.0,7000.0,0.5,-20.5,-19.5,700.0,0.0,0.0,0.34300000000000025,0.0,0.0,21.0,0
0.6930000000000001,5030.0,5051.0,5050.0,5023.5,5044.5,5043.5,7000.0,7000.0,7000.0,0.5,-20.5,-19.5,700.0,0.0,0.0,0.34400000000000025,0.0,0.0,21.0,0
0.6940000000000001,5038.0,5059.0,5057.0,5030.5,5051.5,5050.5,8000.0,8000.0,7000.0,0.5,-20.5,-19.5,700.0,0.0,0.0,0.34500000000000025,0.0,0.0,21.0,0
0.6950000000000001,5045.0,5066.0,5065.0,5038.5,5059.5,5057.5,7000.0,7000.0,8000.0,0.5,-20.5,-18.5,700.0,0.0,0.0,0.34600000000000025,0.0,0.0,21.0,0
0.6960000000000001,5052.0,5073.0,5072.0,5045.5,5066.5,5065.5,7000.0,7000.0,7000.0,0.5,-20.5,-19.5,700.0,0.0,0.0,0.34700000000000025,0.0,0.0,21.0,0
0.6970000000000001,5059.0,5080.0,5079.0,5052.5,5073.5,5072.5,7000.0,7000.0,7000.0,0.5,-20.5,-19.5,700.0,0.0,0.0,0.34800000000000025,0.0,0.0,21.0,0
0.6980000000000001,5066.0,5087.0,5086.0,5059.5,5080.5,5079.5,7000.0,7000.0,7000.0,0.5,-20.5,-19.5,700.0,0.0,0.0,0.34900000000000025,0.0,0.0,21.0,0
0.6990000000000001,5073.0,5094.0,5093.0,5066.5,5087.5,5086.5,7000.0,7000.0,7000.0,0.5,-20.5,-19.5,700.0,0.0,0.0,0.35000000000000026,0.0,0.0,21.0,0
0.7000000000000001,5080.0,5101.0,5100.0,5073.5,5094.5,5093.5,7000.0,7000.0,7000.0,0.5,-20.5,-19.5,700.0,0.0,0.0,0.35100000000000026,0.0,0.0,21.0,0
0.7010000000000001,5088.0,5109.0,5107.0,5080.5,5101.5,5100.5,8000.0,8000.0,7000.0,0.5,-20.5,-19.5,700.0,0.0,0.0,0.35200000000000026,0.0,0.0,21.0,0
0.7020000000000001,5095.0,5116.0,5115.0,5088.5,5109.5,5107.5,7000.0,7000.0,8000.0,0.5,-20.5,-18.5,700.0,0.0,0.0,0.35300000000000026,0.0,0.0,21.0,0
0.7030000000000001,5102.0,5123.0,5122.0,5095.5,5116.5,5115.5,7000.0,7000.0,7000.0,0.5,-20.5,-19.5,700.0,0.0,0.0,0.35400000000000026,0.0,0.0,21.0,0
0.704,5109.0,5130.0,5129.0,5102.5,5123.5,5122.5,7000.0,7000.0,7000.0,0.5,-20.5,-19.5,700.0,0.0,0.0,0.35500000000000026,0.0,0.0,21.0,0
0.705,5116.0,5137.0,5136.0,5109.5,5130.5,5129.5,7000.0,7000.0,7000.0,0.5,-20.5,-19.5,700.0,0.0,0.0,0.35600000000000026,0.0,0.0,21.0,0
0.706,5123.0,5144.0,5143.0,5116.5,5137.5,5136.5,7000.0,7000.0,7000.0,0.5,-20.5,-19.5,700.0,0.0,0.0,0.35700000000000026,0.0,0.0,21.0,0
0.707,5130.0,5151.0,5150.0,5123.5,5144.5,5143.5,7000.0,7000.0,7000.0,0.5,-20.5,-19.5,700.0,0.0,0.0,0.35800000000000026,0.0,0.0,21.0,0
0.708,5138.0,5159.0,5157.0,5130.5,5151.5,5150.5,8000.0,8000.0,7000.0,0.5,-20.5,-19.5,700.0,0.0,0.0,0.35900000000000026,0.0,0.0,21.0,0
0.709,5145.0,5166.0,5165.0,5138.5,5159.5,5157.5,7000.0,7000.0,8000.0,0.5,-20.5,-18.5,700.0,0.0,0.0,0.36000000000000026,0.0,0.0,21.0,0
0.71,5152.0,5173.0,5172.0,5145.5,5166.5,5165.5,7000.0,7000.0,7000.0,0.5,-20.5,-19.5,700.0,0.0,0.0,0.36100000000000027,0.0,0.0,21.0,0
0.711,5159.0,5180.0,5179.0,5152.5,5173.5,5172.5,7000.0,7000.0,7000.0,0.5,-20.5,-19.5,700.0,0.0,0.0,0.36200000000000027,0.0,0.0,21.0,0
0.712,5166.0,5187.0,5186.0,5159.5,5180.5,5179.5,7000.0,7000.0,7000.0,0.5,-20.5,-19.5,700.0,0.0,0.0,0.36300000000000027,0.0,0.0,21.0,0
0.713,5173.0,5194.0,5193.0,5166.5,5187.5,5186.5,7000.0,7000.0,7000.0,0.5,-20.5,-19.5,700.0,0.0,0.0,0.36400000000000027,0.0,0.0,21.0,0
0.714,5180.0,5201.0,5200.0,5173.5,5194.5,5193.5,7000.0,7000.0,7000.0,0.5,-20.5,-19.5,700.0,0.0,0.0,0.36500000000000027,0.0,0.0,21.0,0
0.715,5188.0,5208.0,5207.0,5180.5,5201.5,5200.5,8000.0,7000.0,7000.0,0.5,-20.5,-19.5,700.0,0.0,0.0,0.36600000000000027,0.0,0.0,20.0,0
0.716,5195.0,5216.0,5214.0,5188.5,5208.5,5207.5,7000.0,8000.0,7000.0,0.5,-19.5,-18.5,700.0,0.0,0.0,0.36700000000000027,0.0,0.0,21.0,0
0.717,5202.0,5223.0,5222.0,5195.5,5216.5,5214.5,7000.0,7000.0,8000.0,0.5,-20.5,-18.5,700.0,0.0,0.0,0.36800000000000027,0.0,0.0,21.0,0
0.718,5209.0,5230.0,5229.0,5202.5,5223.5,5222.5,7000.0,7000.0,7000.0,0.5,-20.5,-19.5,700.0,0.0,0.0,0.36900000000000027,0.0,0.0,21.0,0
0.719,5216.0,5237.0,5236.0,5209.5,5230.5,5229.5,7000.0,7000.0,7000.0,0.5,-20.5,-19.5,700.0,0.0,0.0,0.3700000000000003,0.0,0.0,21.0,0
0.72,5223.0,5244.0,5243.0,5216.5,5237.5,5236.5,7000.0,7000.0,7000.0,0.5,-20.5,-19.5,700.0,0.0,0.0,0.3710000000000003,0.0,0.0,21.0,0
0.721,5230.0,5251.0,5250.0,5223.5,5244.5,5243.5,7000.0,7000.0,7000.0,0.5,-20.5,-19.5,700.0,0.0,0.0,0.3720000000000003,0.0,0.0,21.0,0
0.722,5238.0,5258.0,5257.0,5230.5,5251.5,5250.5,8000.0,7000.0,7000.0,0.5,-20.5,-19.5,700.0,0.0,0.0,0.3730000000000003,0.0,0.0,20.0,0
0.723,5245.0,5266.0,5264.0,5238.5,5258.5,5257.5,7000.0,8000.0,7000.0,0.5,-19.5,-18.5,700.0,0.0,0.0,0.3740000000000003,0.0,0.0,21.0,0
0.724,5252.0,5273.0,5272.0,5245.5,5266.5,5264.5,7000.0,7000.0,8000.0,0.5,-20.5,-18.5,700.0,0.0,0.0,0.3750000000000003,0.0,0.0,21.0,0
0.725,5259.0,5280.0,5279.0,5252.5,5273.5,5272.5,7000.0,7000.0,7000.0,0.5,-20.5,-19.5,700.0,0.0,0.0,0.3760000000000003,0.0,0.0,21.0,0
0.726,5266.0,5287.0,5286.0,5259.5,5280.5,5279.5,7000.0,7000.0,7000.0,0.5,-20.5,-19.5,700.0,0.0,0.0,0.3770000000000003,0.0,0.0,21.0,0
0.727,5273.0,5294.0,5293.0,5266.5,5287.5,5286.5,7000.0,7000.0,7000.0,0.5,-20.5,-19.5,700.0,0.0,0.0,0.3780000000000003,0.0,0.0,21.0,0
0.728,5280.0,5301.0,5300.0,5273.5,5294.5,5293.5,7000.0,7000.0,7000.0,0.5,-20.5,-19.5,700.0,0.0,0.0,0.3790000000000003,0.0,0.0,21.0,0
0.729,5288.0,5308.0,5307.0,5280.5,5301.5,5300.5,8000.0,7000.0,7000.0,0.5,-20.5,-19.5,700.0,0.0,0.0,0.3800000000000003,0.0,0.0,20.0,0
0.73,5295.0,5316.0,5314.0,5288.5,5308.5,5307.5,7000.0,8000.0,7000.0,0.5,-19.5,-18.5,700.0,0.0,0.0,0.3810000000000003,0.0,0.0,21.0,0
0.731,5302.0,5323.0,5322.0,5295.5,5316.5,5314.5,7000.0,7000.0,8000.0,0.5,-20.5,-18.5,700.0,0.0,0.0,0.3820000000000003,0.0,0.0,21.0,0
0.732,5309.0,5330.0,5329.0,5302.5,5323.5,5322.5,7000.0,7000.0,7000.0,0.5,-20.5,-19.5,700.0,0.0,0.0,0.3830000000000003,0.0,0.0,21.0,0
0.733,5316.0,5337.0,5336.0,5309.5,5330.5,5329.5,7000.0,7000.0,7000.0,0.5,-20.5,-19.5,700.0,0.0,0.0,0.3840000000000003,0.0,0.0,21.0,0
0.734,5323.0,5344.0,5343.0,5316.5,5337.5,5336.5,7000.0,7000.0,7000.0,0.5,-20.5,-19.5,700.0,0.0,0.0,0.3850000000000003,0.0,0.0,21.0,0
0.735,5330.0,5351.0,5350.0,5323.5,5344.5,5343.5,7000.0,7000.0,7000.0,0.5,-20.5,-19.5,700.0,0.0,0.0,0.3860000000000003,0.0,0.0,21.0,0
0.736,5337.0,5358.0,5357.0,5330.5,5351.5,5350.5,7000.0,7000.0,7000.0,0.5,-20.5,-19.5,700.0,0.0,0.0,0.3870000000000003,0.0,0.0,21.0,0
0.737,5345.0,5366.0,5364.0,5337.5,5358.5,5357.5,8000.0,8000.0,7000.0,0.5,-20.5,-19.5,700.0,0.0,0.0,0.3880000000000003,0.0,0.0,21.0,0
0.738,5352.0,5373.0,5372.0,5345.5,5366.5,5364.5,7000.0,7000.0,8000.0,0.5,-20.5,-18.5,700.0,0.0,0.0,0.3890000000000003,0.0,0.0,21.0,0
0.739,5359.0,5380.0,5379.0,5352.5,5373.5,5372.5,7000.0,7000.0,7000.0,0.5,-20.5,-19.5,700.0,0.0,0.0,0.3900000000000003,0.0,0.0,21.0,0
0.74,5366.0,5387.0,5386.0,5359.5,5380.5,5379.5,7000.0,7000.0,7000.0,0.5,-20.5,-19.5,700.0,0.0,0.0,0.3910000000000003,0.0,0.0,21.0,0
0.741,5373.0,5394.0,5393.0,5366.5,5387.5,5386.5,7000.0,7000.0,7000.0,0.5,-20.5,-19.5,700.0,0.0,0.0,0.3920000000000003,0.0,0.0,21.0,0
0.742,5380.0,5401.0,5400.0,5373.5,5394.5,5393.5,7000.0,7000.0,7000.0,0.5,-20.5,-19.5,700.0,0.0,0.0,0.3930000000000003,0.0,0.0,21.0,0
0.743,5387.0,5408.0,5407.0,5380.5,5401.5,5400.5,7000.0,7000.0,7000.0,0.5,-20.5,-19.5,700.0,0.0,0.0,0.3940000000000003,0.0,0.0,21.0,0
0.744,5395.0,5416.0,5414.0,5387.5,5408.5,5407.5,8000.0,8000.0,7000.0,0.5,-20.5,-19.5,700.0,0.0,0.0,0.3950000000000003,0.0,0.0,21.0,0
0.745,5402.0,5423.0,5422.0,5395.5,5416.5,5414.5,7000.0,7000.0,8000.0,0.5,-20.5,-18.5,700.0,0.0,0.0,0.3960000000000003,0.0,0.0,21.0,0
0.746,5409.0,5430.0,5429.0,5402.5,5423.5,5422.5,7000.0,7000.0,7000.0,0.5,-20.5,-19.5,700.0,0.0,0.0,0.3970000000000003,0.0,0.0,21.0,0
0.747,5416.0,5437.0,5436.0,5409.5,5430.5,5429.5,7000.0,7000.0,7000.0,0.5,-20.5,-19.5,700.0,0.0,0.0,0.3980000000000003,0.0,0.0,21.0,0
0.748,5423.0,5444.0,5443.0,5416.5,5437.5,5436.5,7000.0,7000.0,7000.0,0.5,-20.5,-19.5,700.0,0.0,0.0,0.3990000000000003,0.0,0.0,21.0,0
0.749,5430.0,5451.0,5450.0,5423.5,5444.5,5443.5,7000.0,7000.0,7000.0,0.5,-20.5,-19.5,700.0,0.0,0.0,0.4000000000000003,0.0,0.0,21.0,0
0.75,5437.0,5458.0,5457.0,5430.5,5451.5,5450.5,7000.0,7000.0,7000.0,0.5,-20.5,-19.5,700.0,0.0,0.0,0.4010000000000003,0.0,0.0,21.0,0
0.751,5445.0,5466.0,5464.0,5437.5,5458.5,5457.5,8000.0,8000.0,7000.0,0.5,-20.5,-19.5,700.0,0.0,0.0,0.4020000000000003,0.0,0.0,21.0,0
0.752,5452.0,5473.0,5472.0,5445.5,5466.5,5464.5,7000.0,7000.0,8000.0,0.5,-20.5,-18.5,700.0,0.0,0.0,0.4030000000000003,0.0,0.0,21.0,0
0.753,5459.0,5480.0,5479.0,5452.5,5473.5,5472.5,7000.0,7000.0,7000.0,0.5,-20.5,-19.5,700.0,0.0,0.0,0.4040000000000003,0.0,0.0,21.0,0
0.754,5466.0,5487.0,5486.0,5459.5,5480.5,5479.5,7000.0,7000.0,7000.0,0.5,-20.5,-19.5,700.0,0.0,0.0,0.4050000000000003,0.0,0.0,21.0,0
0.755,5473.0,5494.0,5493.0,5466.5,5487.5,5486.5,7000.0,7000.0,7000.0,0.5,-20.5,-19.5,700.0,0.0,0.0,0.4060000000000003,0.0,0.0,21.0,0
0.756,5480.0,5501.0,5500.0,5473.5,5494.5,5493.5,7000.0,7000.0,7000.0,0.5,-20.5,-19.5,700.0,0.0,0.0,0.4070000000000003,0.0,0.0,21.0,0
0.757,5487.0,5508.0,5507.0,5480.5,5501.5,5500.5,7000.0,7000.0,7000.0,0.5,-20.5,-19.5,700.0,0.0,0.0,0.4080000000000003,0.0,0.0,21.0,0
0.758,5495.0,5515.0,5514.0,5487.5,5508.5,5507.5,8000.0,7000.0,7000.0,0.5,-20.5,-19.5,700.0,0.0,0.0,0.4090000000000003,0.0,0.0,20.0,0
0.759,5502.0,5523.0,5522.0,5495.5,5515.5,5514.5,7000.0,8000.0,8000.0,0.5,-19.5,-18.5,700.0,0.0,0.0,0.4100000000000003,0.0,0.0,21.0,0
0.76,5509.0,5530.0,5529.0,5502.5,5523.5,5522.5,7000.0,7000.0,7000.0,0.5,-20.5,-19.5,700.0,0.0,0.0,0.4110000000000003,0.0,0.0,21.0,0
0.761,5516.0,5537.0,5536.0,5509.5,5530.5,5529.5,7000.0,7000.0,7000.0,0.5,-20.5,-19.5,700.0,0.0,0.0,0.4120000000000003,0.0,0.0,21.0,0
0.762,5523.0,5544.0,5543.0,5516.5,5537.5,5536.5,7000.0,7000.0,7000.0,0.5,-20.5,-19.5,700.0,0.0,0.0,0.4130000000000003,0.0,0.0,21.0,0
0.763,5530.0,5551.0,5550.0,5523.5,5544.5,5543.5,7000.0,7000.0,7000.0,0.5,-20.5,-19.5,700.0,0.0,0.0,0.4140000000000003,0.0,0.0,21.0,0
0.764,5537.0,5558.0,5557.0,5530.5,5551.5,5550.5,7000.0,7000.0,7000.0,0.5,-20.5,-19.5,700.0,0.0,0.0,0.4150000000000003,0.0,0.0,21.0,0
0.765,5545.0,5565.0,5564.0,5537.5,5558.5,5557.5,8000.0,7000.0,7000.0,0.5,-20.5,-19.5,700.0,0.0,0.0,0.4160000000000003,0.0,0.0,20.0,0
0.766,5552.0,5573.0,5572.0,5545.5,5565.5,5564.5,7000.0,8000.0,8000.0,0.5,-19.5,-18.5,700.0,0.0,0.0,0.4170000000000003,0.0,0.0,21.0,0
0.767,5559.0,5580.0,5579.0,5552.5,5573.5,5572.5,7000.0,7000.0,7000.0,0.5,-20.5,-19.5,700.0,0.0,0.0,0.4180000000000003,0.0,0.0,21.0,0
0.768,5566.0,5587.0,5586.0,5559.5,5580.5,5579.5,7000.0,7000.0,7000.0,0.5,-20.5,-19.5,700.0,0.0,0.0,0.4190000000000003,0.0,0.0,21.0,0
0.769,5573.0,5594.0,5593.0,5566.5,5587.5,5586.5,7000.0,7000.0,7000.0,0.5,-20.5,-19.5,700.0,0.0,0.0,0.4200000000000003,0.0,0.0,21.0,0
0.77,5580.0,5601.0,5600.0,5573.5,5594.5,5593.5,7000.0,7000.0,7000.0,0.5,-20.5,-19.5,700.0,0.0,0.0,0.4210000000000003,0.0,0.0,21.0,0
0.771,5587.0,5608.0,5607.0,5580.5,5601.5,5600.5,7000.0,7000.0,7000.0,0.5,-20.5,-19.5,700.0,0.0,0.0,0.4220000000000003,0.0,0.0,21.0,0
0.772,5595.0,5615.0,5614.0,5587.5,5608.5,5607.5,8000.0,7000.0,7000.0,0.5,-20.5,-19.5,700.0,0.0,0.0,0.4230000000000003,0.0,0.0,20.0,0
0.773,5602.0,5623.0,5621.0,5595.5,5615.5,5614.5,7000.0,8000.0,7000.0,0.5,-19.5,-18.5,700.0,0.0,0.0,0.4240000000000003,0.0,0.0,21.0,0
0.774,5609.0,5630.0,5629.0,5602.5,5623.5,5621.5,7000.0,7000.0,8000.0,0.5,-20.5,-18.5,700.0,0.0,0.0,0.4250000000000003,0.0,0.0,21.0,0
0.775,5616.0,5637.0,5636.0,5609.5,5630.5,5629.5,7000.0,7000.0,7000.0,0.5,-20.5,-19.5,700.0,0.0,0.0,0.4260000000000003,0.0,0.0,21.0,0
0.776,5623.0,5644.0,5643.0,5616.5,5637.5,5636.5,7000.0,7000.0,7000.0,0.5,-20.5,-19.5,700.0,0.0,0.0,0.4270000000000003,0.0,0.0,21.0,0
0.777,5630.0,5651.0,5650.0,5623.5,5644.5,5643.5,7000.0,7000.0,7000.0,0.5,-20.5,-19.5,700.0,0.0,0.0,0.4280000000000003,0.0,0.0,21.0,0
0.778,5637.0,5658.0,5657.0,5630.5,5651.5,5650.5,7000.0,7000.0,7000.0,0.5,-20.5,-19.5,700.0,0.0,0.0,0.4290000000000003,0.0,0.0,21.0,0
0.779,5645.0,5665.0,5664.0,5637.5,5658.5,5657.5,8000.0,7000.0,7000.0,0.5,-20.5,-19.5,700.0,0.0,0.0,0.4300000000000003,0.0,0.0,20.0,0
0.78,5652.0,5673.0,5671.0,5645.5,5665.5,5664.5,7000.0,8000.0,7000.0,0.5,-19.5,-18.5,700.0,0.0,0.0,0.4310000000000003,0.0,0.0,21.0,0
0.781,5659.0,5680.0,5679.0,5652.5,5673.5,5671.5,7000.0,7000.0,8000.0,0.5,-20.5,-18.5,700.0,0.0,0.0,0.43200000000000033,0.0,0.0,21.0,0
0.782,5666.0,5687.0,5686.0,5659.5,5680.5,5679.5,7000.0,7000.0,7000.0,0.5,-20.5,-19.5,700.0,0.0,0.0,0.43300000000000033,0.0,0.0,21.0,0
0.783,5673.0,5694.0,5693.0,5666.5,5687.5,5686.5,7000.0,7000.0,7000.0,0.5,-20.5,-19.5,700.0,0.0,0.0,0.43400000000000033,0.0,0.0,21.0,0
0.784,5680.0,5701.0,5700.0,5673.5,5694.5,5693.5,7000.0,7000.0,7000.0,0.5,-20.5,-19.5,700.0,0.0,0.0,0.43500000000000033,0.0,0.0,21.0,0
0.785,5687.0,5708.0,5707.0,5680.5,5701.5,5700.5,7000.0,7000.0,7000.0,0.5,-20.5,-19.5,700.0,0.0,0.0,0.43600000000000033,0.0,0.0,21.0,0
0.786,5694.0,5715.0,5714.0,5687.5,5708.5,5707.5,7000.0,7000.0,7000.0,0.5,-20.5,-19.5,700.0,0.0,0.0,0.43700000000000033,0.0,0.0,21.0,0
0.787,5702.0,5723.0,5721.0,5694.5,5715.5,5714.5,8000.0,8000.0,7000.0,0.5,-20.5,-19.5,700.0,0.0,0.0,0.43800000000000033,0.0,0.0,21.0,0
0.788,5709.0,5730.0,5729.0,5702.5,5723.5,5721.5,7000.0,7000.0,8000.0,0.5,-20.5,-18.5,700.0,0.0,0.0,0.43900000000000033,0.0,0.0,21.0,0
0.789,5716.0,5737.0,5736.0,5709.5,5730.5,5729.5,7000.0,7000.0,7000.0,0.5,-20.5,-19.5,700.0,0.0,0.0,0.44000000000000034,0.0,0.0,21.0,0
0.79,5723.0,5744.0,5743.0,5716.5,5737.5,5736.5,7000.0,7000.0,7000.0,0.5,-20.5,-19.5,700.0,0.0,0.0,0.44100000000000034,0.0,0.0,21.0,0
0.791,5730.0,5751.0,5750.0,5723.5,5744.5,5743.5,7000.0,7000.0,7000.0,0.5,-20.5,-19.5,700.0,0.0,0.0,0.44200000000000034,0.0,0.0,21.0,0
0.792,5737.0,5758.0,5757.0,5730.5,5751.5,5750.5,7000.0,7000.0,7000.0,0.5,-20.5,-19.5,700.0,0.0,0.0,0.44300000000000034,0.0,0.0,21.0,0
0.793,5744.0,5765.0,5764.0,5737.5,5758.5,5757.5,7000.0,7000.0,7000.0,0.5,-20.5,-19.5,700.0,0.0,0.0,0.44400000000000034,0.0,0.0,21.0,0
0.794,5752.0,5773.0,5771.0,5744.5,5765.5,5764.5,8000.0,8000.0,7000.0,0.5,-20.5,-19.5,700.0,0.0,0.0,0.44500000000000034,0.0,0.0,21.0,0
0.795,5759.0,5780.0,5779.0,5752.5,5773.5,5771.5,7000.0,7000.0,8000.0,0.5,-20.5,-18.5,700.0,0.0,0.0,0.44600000000000034,0.0,0.0,21.0,0
0.796,5766.0,5787.0,5786.0,5759.5,5780.5,5779.5,7000.0,7000.0,7000.0,0.5,-20.5,-19.5,700.0,0.0,0.0,0.44700000000000034,0.0,0.0,21.0,0
0.797,5773.0,5794.0,5793.0,5766.5,5787.5,5786.5,7000.0,7000.0,7000.0,0.5,-20.5,-19.5,700.0,0.0,0.0,0.44800000000000034,0.0,0.0,21.0,0
0.798,5780.0,5801.0,5800.0,5773.5,5794.5,5793.5,7000.0,7000.0,7000.0,0.5,-20.5,-19.5,700.0,0.0,0.0,0.44900000000000034,0.0,0.0,21.0,0
0.799,5787.0,5808.0,5807.0,5780.5,5801.5,5800.5,7000.0,7000.0,7000.0,0.5,-20.5,-19.5,700.0,0.0,0.0,0.45000000000000034,0.0,0.0,21.0,0
0.8,5794.0,5815.0,5814.0,5787.5,5808.5,5807.5,7000.0,7000.0,7000.0,0.5,-20.5,-19.5,700.0,0.0,0.0,0.45100000000000035,0.0,0.0,21.0,0
0.801,5802.0,5823.0,5821.0,5794.5,5815.5,5814.5,8000.0,8000.0,7000.0,0.5,-20.5,-19.5,700.0,0.0,0.0,0.45200000000000035,0.0,0.0,21.0,0
0.802,5809.0,5830.0,5829.0,5802.5,5823.5,5821.5,7000.0,7000.0,8000.0,0.5,-20.5,-18.5,700.0,0.0,0.0,0.45300000000000035,0.0,0.0,21.0,0
0.803,5816.0,5837.0,5836.0,5809.5,5830.5,5829.5,7000.0,7000.0,7000.0,0.5,-20.5,-19.5,700.0,0.0,0.0,0.45400000000000035,0.0,0.0,21.0,0
0.804,5823.0,5844.0,5843.0,5816.5,5837.5,5836.5,7000.0,7000.0,7000.0,0.5,-20.5,-19.5,700.0,0.0,0.0,0.45500000000000035,0.0,0.0,21.0,0
0.805,5830.0,5851.0,5850.0,5823.5,5844.5,5843.5,7000.0,7000.0,7000.0,0.5,-20.5,-19.5,700.0,0.0,0.0,0.45600000000000035,0.0,0.0,21.0,0
0.806,5837.0,5858.0,5857.0,5830.5,5851.5,5850.5,7000.0,7000.0,7000.0,0.5,-20.5,-19.5,700.0,0.0,0.0,0.45700000000000035,0.0,0.0,21.0,0
0.807,5844.0,5865.0,5864.0,5837.5,5858.5,5857.5,7000.0,7000.0,7000.0,0.5,-20.5,-19.5,700.0,0.0,0.0,0.45800000000000035,0.0,0.0,21.0,0
0.808,5852.0,5873.0,5871.0,5844.5,5865.5,5864.5,8000.0,8000.0,7000.0,0.5,-20.5,-19.5,700.0,0.0,0.0,0.45900000000000035,0.0,0.0,21.0,0
0.809,5859.0,5880.0,5879.0,5852.5,5873.5,5871.5,7000.0,7000.0,8000.0,0.5,-20.5,-18.5,700.0,0.0,0.0,0.46000000000000035,0.0,0.0,21.0,0
0.81,5866.0,5887.0,5886.0,5859.5,5880.5,5879.5,7000.0,7000.0,7000.0,0.5,-20.5,-19.5,700.0,0.0,0.0,0.46100000000000035,0.0,0.0,21.0,0
0.811,5873.0,5894.0,5893.0,5866.5,5887.5,5886.5,7000.0,7000.0,7000.0,0.5,-20.5,-19.5,700.0,0.0,0.0,0.46200000000000035,0.0,0.0,21.0,0
0.812,5880.0,5901.0,5900.0,5873.5,5894.5,5893.5,7000.0,7000.0,7000.0,0.5,-20.5,-19.5,700.0,0.0,0.0,0.46300000000000036,0.0,0.0,21.0,0
0.8130000000000001,5887.0,5908.0,5907.0,5880.5,5901.5,5900.5,7000.0,7000.0,7000.0,0.5,-20.5,-19.5,700.0,0.0,0.0,0.46400000000000036,0.0,0.0,21.0,0
0.8140000000000001,5894.0,5915.0,5914.0,5887.5,5908.5,5907.5,7000.0,7000.0,7000.0,0.5,-20.5,-19.5,700.0,0.0,0.0,0.46500000000000036,0.0,0.0,21.0,0
0.8150000000000001,5902.0,5922.0,5921.0,5894.5,5915.5,5914.5,8000.0,7000.0,7000.0,0.5,-20.5,-19.5,700.0,0.0,0.0,0.46600000000000036,0.0,0.0,20.0,0
0.8160000000000001,5909.0,5930.0,5928.0,5902.5,5922.5,5921.5,7000.0,8000.0,7000.0,0.5,-19.5,-18.5,700.0,0.0,0.0,0.46700000000000036,0.0,0.0,21.0,0
0.8170000000000001,5916.0,5937.0,5936.0,5909.5,5930.5,5928.5,7000.0,7000.0,8000.0,0.5,-20.5,-18.5,700.0,0.0,0.0,0.46800000000000036,0.0,0.0,21.0,0
0.8180000000000001,5923.0,5944.0,5943.0,5916.5,5937.5,5936.5,7000.0,7000.0,7000.0,0.5,-20.5,-19.5,700.0,0.0,0.0,0.46900000000000036,0.0,0.0,21.0,0
0.8190000000000001,5930.0,5951.0,5950.0,5923.5,5944.5,5943.5,7000.0,7000.0,7000.0,0.5,-20.5,-19.5,700.0,0.0,0.0,0.47000000000000036,0.0,0.0,21.0,0
0.8200000000000001,5937.0,5958.0,5957.0,5930.5,5951.5,5950.5,7000.0,7000.0,7000.0,0.5,-20.5,-19.5,700.0,0.0,0.0,0.47100000000000036,0.0,0.0,21.0,0
0.8210000000000001,5944.0,5965.0,5964.0,5937.5,5958.5,5957.5,7000.0,7000.0,7000.0,0.5,-20.5,-19.5,700.0,0.0,0.0,0.47200000000000036,0.0,0.0,21.0,0
0.8220000000000001,5952.0,5972.0,5971.0,5944.5,5965.5,5964.5,8000.0,7000.0,7000.0,0.5,-20.5,-19.5,700.0,0.0,0.0,0.47300000000000036,0.0,0.0,20.0,0
0.8230000000000001,5959.0,5980.0,5978.0,5952.5,5972.5,5971.5,7000.0,8000.0,7000.0,0.5,-19.5,-18.5,700.0,0.0,0.0,0.47400000000000037,0.0,0.0,21.0,0
0.8240000000000001,5966.0,5987.0,5986.0,5959.5,5980.5,5978.5,7000.0,7000.0,8000.0,0.5,-20.5,-18.5,700.0,0.0,0.0,0.47500000000000037,0.0,0.0,21.0,0
0.8250000000000001,5973.0,5994.0,5993.0,5966.5,5987.5,5986.5,7000.0,7000.0,7000.0,0.5,-20.5,-19.5,700.0,0.0,0.0,0.47600000000000037,0.0,0.0,21.0,0
0.8260000000000001,5980.0,6001.0,6000.0,5973.5,5994.5,5993.5,7000.0,7000.0,7000.0,0.5,-20.5,-19.5,700.0,0.0,0.0,0.47700000000000037,0.0,0.0,21.0,0
0.8270000000000001,5987.0,6008.0,6007.0,5980.5,6001.5,6000.5,7000.0,7000.0,7000.0,0.5,-20.5,-19.5,700.0,0.0,0.0,0.47800000000000037,0.0,0.0,21.0,0
0.8280000000000001,5994.0,6015.0,6014.0,5987.5,6008.5,6007.5,7000.0,7000.0,7000.0,0.5,-20.5,-19.5,700.0,0.0,0.0,0.47900000000000037,0.0,0.0,21.0,0
0.8290000000000001,6002.0,6022.0,6021.0,5994.5,6015.5,6014.5,8000.0,7000.0,7000.0,0.5,-20.5,-19.5,700.0,0.0,0.0,0.48000000000000037,0.0,0.0,20.0,0
0.8300000000000001,6009.0,6030.0,6028.0,6002.5,6022.5,6021.5,7000.0,8000.0,7000.0,0.5,-19.5,-18.5,700.0,0.0,0.0,0.48100000000000037,0.0,0.0,21.0,0
0.8310000000000001,6016.0,6037.0,6036.0,6009.5,6030.5,6028.5,7000.0,7000.0,8000.0,0.5,-20.5,-18.5,700.0,0.0,0.0,0.4820000000000004,0.0,0.0,21.0,0
0.8320000000000001,6023.0,6044.0,6043.0,6016.5,6037.5,6036.5,7000.0,7000.0,7000.0,0.5,-20.5,-19.5,700.0,0.0,0.0,0.4830000000000004,0.0,0.0,21.0,0
0.833,6030.0,6051.0,6050.0,6023.5,6044.5,6043.5,7000.0,7000.0,7000.0,0.5,-20.5,-19.5,700.0,0.0,0.0,0.4840000000000004,0.0,0.0,21.0,0
0.834,6037.0,6058.0,6057.0,6030.5,6051.5,6050.5,7000.0,7000.0,7000.0,0.5,-20.5,-19.5,700.0,0.0,0.0,0.4850000000000004,0.0,0.0,21.0,0
0.835,6044.0,6065.0,6064.0,6037.5,6058.5,6057.5,7000.0,7000.0,7000.0,0.5,-20.5,-19.5,700.0,0.0,0.0,0.4860000000000004,0.0,0.0,21.0,0
0.836,6051.0,6072.0,6071.0,6044.5,6065.5,6064.5,7000.0,7000.0,7000.0,0.5,-20.5,-19.5,700.0,0.0,0.0,0.4870000000000004,0.0,0.0,21.0,0
0.837,6059.0,6080.0,6078.0,6051.5,6072.5,6071.5,8000.0,8000.0,7000.0,0.5,-20.5,-19.5,700.0,0.0,0.0,0.4880000000000004,0.0,0.0,21.0,0
0.838,6066.0,6087.0,6086.0,6059.5,6080.5,6078.5,7000.0,7000.0,8000.0,0.5,-20.5,-18.5,700.0,0.0,0.0,0.4890000000000004,0.0,0.0,21.0,0
0.839,6073.0,6094.0,6093.0,6066.5,6087.5,6086.5,7000.0,7000.0,7000.0,0.5,-20.5,-19.5,700.0,0.0,0.0,0.4900000000000004,0.0,0.0,21.0,0
0.84,6080.0,6101.0,6100.0,6073.5,6094.5,6093.5,7000.0,7000.0,7000.0,0.5,-20.5,-19.5,700.0,0.0,0.0,0.4910000000000004,0.0,0.0,21.0,0
0.841,6087.0,6108.0,6107.0,6080.5,6101.5,6100.5,7000.0,7000.0,7000.0,0.5,-20.5,-19.5,700.0,0.0,0.0,0.4920000000000004,0.0,0.0,21.0,0
0.842,6094.0,6115.0,6114.0,6087.5,6108.5,6107.5,7000.0,7000.0,7000.0,0.5,-20.5,-19.5,700.0,0.0,0.0,0.4930000000000004,0.0,0.0,21.0,0
0.843,6101.0,6122.0,6121.0,6094.5,6115.5,6114.5,7000.0,7000.0,7000.0,0.5,-20.5,-19.5,700.0,0.0,0.0,0.4940000000000004,0.0,0.0,21.0,0
0.844,6109.0,6130.0,6128.0,6101.5,6122.5,6121.5,8000.0,8000.0,7000.0,0.5,-20.5,-19.5,700.0,0.0,0.0,0.4950000000000004,0.0,0.0,21.0,0
0.845,6116.0,6137.0,6136.0,6109.5,6130.5,6128.5,7000.0,7000.0,8000.0,0.5,-20.5,-18.5,700.0,0.0,0.0,0.4960000000000004,0.0,0.0,21.0,0
0.846,6123.0,6144.0,6143.0,6116.5,6137.5,6136.5,7000.0,7000.0,7000.0,0.5,-20.5,-19.5,700.0,0.0,0.0,0.4970000000000004,0.0,0.0,21.0,0
0.847,6130.0,6151.0,6150.0,6123.5,6144.5,6143.5,7000.0,7000.0,7000.0,0.5,-20.5,-19.5,700.0,0.0,0.0,0.4980000000000004,0.0,0.0,21.0,0
0.848,6137.0,6158.0,6157.0,6130.5,6151.5,6150.5,7000.0,7000.0,7000.0,0.5,-20.5,-19.5,700.0,0.0,0.0,0.4990000000000004,0.0,0.0,21.0,0
0.849,6144.0,6165.0,6164.0,6137.5,6158.5,6157.5,7000.0,7000.0,7000.0,0.5,-20.5,-19.5,700.0,0.0,0.0,0.5000000000000003,0.0,0.0,21.0,0
0.85,6151.0,6172.0,6171.0,6144.5,6165.5,6164.5,7000.0,7000.0,7000.0,0.5,-20.5,-19.5,700.0,0.0,0.0,0.5010000000000003,0.0,0.0,21.0,0
0.851,6159.0,6180.0,6178.0,6151.5,6172.5,6171.5,8000.0,8000.0,7000.0,0.5,-20.5,-19.5,700.0,0.0,0.0,0.5020000000000003,0.0,0.0,21.0,0
0.852,6166.0,6187.0,6186.0,6159.5,6180.5,6178.5,7000.0,7000.0,8000.0,0.5,-20.5,-18.5,700.0,0.0,0.0,0.5030000000000003,0.0,0.0,21.0,0
0.853,6173.0,6194.0,6193.0,6166.5,6187.5,6186.5,7000.0,7000.0,7000.0,0.5,-20.5,-19.5,700.0,0.0,0.0,0.5040000000000003,0.0,0.0,21.0,0
0.854,6180.0,6201.0,6200.0,6173.5,6194.5,6193.5,7000.0,7000.0,7000.0,0.5,-20.5,-19.5,700.0,0.0,0.0,0.5050000000000003,0.0,0.0,21.0,0
0.855,6187.0,6208.0,6207.0,6180.5,6201.5,6200.5,7000.0,7000.0,7000.0,0.5,-20.5,-19.5,700.0,0.0,0.0,0.5060000000000003,0.0,0.0,21.0,0
0.856,6194.0,6215.0,6214.0,6187.5,6208.5,6207.5,7000.0,7000.0,7000.0,0.5,-20.5,-19.5,700.0,0.0,0.0,0.5070000000000003,0.0,0.0,21.0,0
0.857,6201.0,6222.0,6221.0,6194.5,6215.5,6214.5,7000.0,7000.0,7000.0,0.5,-20.5,-19.5,700.0,0.0,0.0,0.5080000000000003,0.0,0.0,21.0,0
0.858,6209.0,6230.0,6228.0,6201.5,6222.5,6221.5,8000.0,8000.0,7000.0,0.5,-20.5,-19.5,700.0,0.0,0.0,0.5090000000000003,0.0,0.0,21.0,0
0.859,6216.0,6237.0,6236.0,6209.5,6230.5,6228.5,7000.0,7000.0,8000.0,0.5,-20.5,-18.5,700.0,0.0,0.0,0.5100000000000003,0.0,0.0,21.0,0
0.86,6223.0,6244.0,6243.0,6216.5,6237.5,6236.5,7000.0,7000.0,7000.0,0.5,-20.5,-19.5,700.0,0.0,0.0,0.5110000000000003,0.0,0.0,21.0,0
0.861,6230.0,6251.0,6250.0,6223.5,6244.5,6243.5,7000.0,7000.0,7000.0,0.5,-20.5,-19.5,700.0,0.0,0.0,0.5120000000000003,0.0,0.0,21.0,0
0.862,6237.0,6258.0,6257.0,6230.5,6251.5,6250.5,7000.0,7000.0,7000.0,0.5,-20.5,-19.5,700.0,0.0,0.0,0.5130000000000003,0.0,0.0,21.0,0
0.863,6244.0,6265.0,6264.0,6237.5,6258.5,6257.5,7000.0,7000.0,7000.0,0.5,-20.5,-19.5,700.0,0.0,0.0,0.5140000000000003,0.0,0.0,21.0,0
0.864,6251.0,6272.0,6271.0,6244.5,6265.5,6264.5,7000.0,7000.0,7000.0,0.5,-20.5,-19.5,700.0,0.0,0.0,0.5150000000000003,0.0,0.0,21.0,0
0.865,6259.0,6279.0,6278.0,6251.5,6272.5,6271.5,8000.0,7000.0,7000.0,0.5,-20.5,-19.5,700.0,0.0,0.0,0.5160000000000003,0.0,0.0,20.0,0
0.866,6266.0,6287.0,6285.0,6259.5,6279.5,6278.5,7000.0,8000.0,7000.0,0.5,-19.5,-18.5,700.0,0.0,0.0,0.5170000000000003,0.0,0.0,21.0,0
0.867,6273.0,6294.0,6293.0,6266.5,6287.5,6285.5,7000.0,7000.0,8000.0,0.5,-20.5,-18.5,700.0,0.0,0.0,0.5180000000000003,0.0,0.0,21.0,0
0.868,6280.0,6301.0,6300.0,6273.5,6294.5,6293.5,7000.0,7000.0,7000.0,0.5,-20.5,-19.5,700.0,0.0,0.0,0.5190000000000003,0.0,0.0,21.0,0
0.869,6287.0,6308.0,6307.0,6280.5,6301.5,6300.5,7000.0,7000.0,7000.0,0.5,-20.5,-19.5,700.0,0.0,0.0,0.5200000000000004,0.0,0.0,21.0,0
0.87,6294.0,6315.0,6314.0,6287.5,6308.5,6307.5,7000.0,7000.0,7000.0,0.5,-20.5,-19.5,700.0,0.0,0.0,0.5210000000000004,0.0,0.0,21.0,0
0.871,6301.0,6322.0,6321.0,6294.5,6315.5,6314.5,7000.0,7000.0,7000.0,0.5,-20.5,-19.5,700.0,0.0,0.0,0.5220000000000004,0.0,0.0,21.0,0
0.872,6309.0,6329.0,6328.0,6301.5,6322.5,6321.5,8000.0,7000.0,7000.0,0.5,-20.5,-19.5,700.0,0.0,0.0,0.5230000000000004,0.0,0.0,20.0,0
0.873,6316.0,6337.0,6335.0,6309.5,6329.5,6328.5,7000.0,8000.0,7000.0,0.5,-19.5,-18.5,700.0,0.0,0.0,0.5240000000000004,0.0,0.0,21.0,0
0.874,6323.0,6344.0,6343.0,6316.5,6337.5,6335.5,7000.0,7000.0,8000.0,0.5,-20.5,-18.5,700.0,0.0,0.0,0.5250000000000004,0.0,0.0,21.0,0
0.875,6330.0,6351.0,6350.0,6323.5,6344.5,6343.5,7000.0,7000.0,7000.0,0.5,-20.5,-19.5,700.0,0.0,0.0,0.5260000000000004,0.0,0.0,21.0,0
0.876,6337.0,6358.0,6357.0,6330.5,6351.5,6350.5,7000.0,7000.0,7000.0,0.5,-20.5,-19.5,700.0,0.0,0.0,0.5270000000000004,0.0,0.0,21.0,0
0.877,6344.0,6365.0,6364.0,6337.5,6358.5,6357.5,7000.0,7000.0,7000.0,0.5,-20.5,-19.5,700.0,0.0,0.0,0.5280000000000004,0.0,0.0,21.0,0
0.878,6351.0,6372.0,6371.0,6344.5,6365.5,6364.5,7000.0,7000.0,7000.0,0.5,-20.5,-19.5,700.0,0.0,0.0,0.5290000000000004,0.0,0.0,21.0,0
0.879,6359.0,6379.0,6378.0,6351.5,6372.5,6371.5,8000.0,7000.0,7000.0,0.5,-20.5,-19.5,700.0,0.0,0.0,0.5300000000000004,0.0,0.0,20.0,0
0.88,6366.0,6387.0,6385.0,6359.5,6379.5,6378.5,7000.0,8000.0,7000.0,0.5,-19.5,-18.5,700.0,0.0,0.0,0.5310000000000004,0.0,0.0,21.0,0
0.881,6373.0,6394.0,6393.0,6366.5,6387.5,6385.5,7000.0,7000.0,8000.0,0.5,-20.5,-18.5,700.0,0.0,0.0,0.5320000000000004,0.0,0.0,21.0,0
0.882,6380.0,6401.0,6400.0,6373.5,6394.5,6393.5,7000.0,7000.0,7000.0,0.5,-20.5,-19.5,700.0,0.0,0.0,0.5330000000000004,0.0,0.0,21.0,0
0.883,6387.0,6408.0,6407.0,6380.5,6401.5,6400.5,7000.0,7000.0,7000.0,0.5,-20.5,-19.5,700.0,0.0,0.0,0.5340000000000004,0.0,0.0,21.0,0
0.884,6394.0,6415.0,6414.0,6387.5,6408.5,6407.5,7000.0,7000.0,7000.0,0.5,-20.5,-19.5,700.0,0.0,0.0,0.5350000000000004,0.0,0.0,21.0,0
0.885,6401.0,6422.0,6421.0,6394.5,6415.5,6414.5,7000.0,7000.0,7000.0,0.5,-20.5,-19.5,700.0,0.0,0.0,0.5360000000000004,0.0,0.0,21.0,0
0.886,6408.0,6429.0,6428.0,6401.5,6422.5,6421.5,7000.0,7000.0,7000.0,0.5,-20.5,-19.5,700.0,0.0,0.0,0.5370000000000004,0.0,0.0,21.0,0
0.887,6416.0,6437.0,6435.0,6408.5,6429.5,6428.5,8000.0,8000.0,7000.0,0.5,-20.5,-19.5,700.0,0.0,0.0,0.5380000000000004,0.0,0.0,21.0,0
0.888,6423.0,6444.0,6443.0,6416.5,6437.5,6435.5,7000.0,7000.0,8000.0,0.5,-20.5,-18.5,700.0,0.0,0.0,0.5390000000000004,0.0,0.0,21.0,0
0.889,6430.0,6451.0,6450.0,6423.5,6444.5,6443.5,7000.0,7000.0,7000.0,0.5,-20.5,-19.5,700.0,0.0,0.0,0.5400000000000004,0.0,0.0,21.0,0
0.89,6437.0,6458.0,6457.0,6430.5,6451.5,6450.5,7000.0,7000.0,7000.0,0.5,-20.5,-19.5,700.0,0.0,0.0,0.5410000000000004,0.0,0.0,21.0,0
0.891,6444.0,6465.0,6464.0,6437.5,6458.5,6457.5,7000.0,7000.0,7000.0,0.5,-20.5,-19.5,700.0,0.0,0.0,0.5420000000000004,0.0,0.0,21.0,0
0.892,6451.0,6472.0,6471.0,6444.5,6465.5,6464.5,7000.0,7000.0,7000.0,0.5,-20.5,-19.5,700.0,0.0,0.0,0.5430000000000004,0.0,0.0,21.0,0
0.893,6458.0,6479.0,6478.0,6451.5,6472.5,6471.5,7000.0,7000.0,7000.0,0.5,-20.5,-19.5,700.0,0.0,0.0,0.5440000000000004,0.0,0.0,21.0,0
0.894,6466.0,6487.0,6485.0,6458.5,6479.5,6478.5,8000.0,8000.0,7000.0,0.5,-20.5,-19.5,700.0,0.0,0.0,0.5450000000000004,0.0,0.0,21.0,0
0.895,6473.0,6494.0,6493.0,6466.5,6487.5,6485.5,7000.0,7000.0,8000.0,0.5,-20.5,-18.5,700.0,0.0,0.0,0.5460000000000004,0.0,0.0,21.0,0
0.896,6480.0,6501.0,6500.0,6473.5,6494.5,6493.5,7000.0,7000.0,7000.0,0.5,-20.5,-19.5,700.0,0.0,0.0,0.5470000000000004,0.0,0.0,21.0,0
0.897,6487.0,6508.0,6507.0,6480.5,6501.5,6500.5,7000.0,7000.0,7000.0,0.5,-20.5,-19.5,700.0,0.0,0.0,0.5480000000000004,0.0,0.0,21.0,0
0.898,6494.0,6515.0,6514.0,6487.5,6508.5,6507.5,7000.0,7000.0,7000.0,0.5,-20.5,-19.5,700.0,0.0,0.0,0.5490000000000004,0.0,0.0,21.0,0
0.899,6501.0,6522.0,6521.0,6494.5,6515.5,6514.5,7000.0,7000.0,7000.0,0.5,-20.5,-19.5,700.0,0.0,0.0,0.5500000000000004,0.0,0.0,21.0,0
0.9,6508.0,6528.0,6528.0,6501.5,6522.5,6521.5,7000.0,6000.0,7000.0,0.5,-20.5,-19.5,700.0,900.0,0.0,0.5510000000000004,0.001,0.0,20.0,0
0.901,6516.0,6535.0,6535.0,6508.5,6528.5,6528.5,8000.0,7000.0,7000.0,0.5,-19.5,-19.5,700.0,900.0,0.0,0.5520000000000004,0.002,0.0,19.0,0
0.902,6523.0,6541.0,6543.0,6516.5,6535.5,6535.5,7000.0,6000.0,8000.0,0.5,-18.5,-18.5,700.0,900.0,0.0,0.5530000000000004,0.003,0.0,20.0,0
0.903,6530.0,6547.0,6550.0,6523.5,6541.5,6543.5,7000.0,6000.0,7000.0,0.5,-17.5,-19.5,700.0,900.0,0.0,0.5540000000000004,0.004,0.0,20.0,0
0.904,6537.0,6554.0,6557.0,6530.5,6547.5,6550.5,7000.0,7000.0,7000.0,0.5,-16.5,-19.5,700.0,900.0,0.0,0.5550000000000004,0.005,0.0,20.0,0
0.905,6544.0,6560.0,6564.0,6537.5,6554.5,6557.5,7000.0,6000.0,7000.0,0.5,-16.5,-19.5,700.0,900.0,0.0,0.5560000000000004,0.006,0.0,20.0,0
0.906,6551.0,6567.0,6571.0,6544.5,6560.5,6564.5,7000.0,7000.0,7000.0,0.5,-15.5,-19.5,700.0,900.0,0.0,0.5570000000000004,0.007,0.0,20.0,0
0.907,6558.0,6573.0,6578.0,6551.5,6567.5,6571.5,7000.0,6000.0,7000.0,0.5,-15.5,-19.5,700.0,900.0,0.0,0.5580000000000004,0.008,0.0,20.0,0
0.908,6566.0,6579.0,6585.0,6558.5,6573.5,6578.5,8000.0,6000.0,7000.0,0.5,-14.5,-19.5,700.0,900.0,0.0,0.5590000000000004,0.009000000000000001,0.0,19.0,0
0.909,6573.0,6586.0,6593.0,6566.5,6579.5,6585.5,7000.0,7000.0,8000.0,0.5,-12.5,-18.5,700.0,900.0,0.0,0.5600000000000004,0.010000000000000002,0.0,20.0,0
0.91,6580.0,6592.0,6600.0,6573.5,6586.5,6593.5,7000.0,6000.0,7000.0,0.5,-12.5,-19.5,700.0,900.0,0.0,0.5610000000000004,0.011000000000000003,0.0,20.0,0
0.911,6587.0,6599.0,6607.0,6580.5,6592.5,6600.5,7000.0,7000.0,7000.0,0.5,-11.5,-19.5,700.0,900.0,0.0,0.5620000000000004,0.012000000000000004,0.0,20.0,0
0.912,6594.0,6605.0,6614.0,6587.5,6599.5,6607.5,7000.0,6000.0,7000.0,0.5,-11.5,-19.5,700.0,900.0,0.0,0.5630000000000004,0.013000000000000005,0.0,20.0,0
0.913,6601.0,6612.0,6621.0,6594.5,6605.5,6614.5,7000.0,7000.0,7000.0,0.5,-10.5,-19.5,700.0,900.0,0.0,0.5640000000000004,0.014000000000000005,0.0,20.0,0
0.914,6608.0,6619.0,6628.0,6601.5,6612.5,6621.5,7000.0,7000.0,7000.0,0.5,-10.5,-19.5,700.0,900.0,0.0,0.5650000000000004,0.015000000000000006,0.0,20.0,0
0.915,6616.0,6625.0,6635.0,6608.5,6619.5,6628.5,8000.0,6000.0,7000.0,0.5,-10.5,-19.5,700.0,900.0,0.0,0.5660000000000004,0.016000000000000007,0.0,19.0,0
0.916,6623.0,6632.0,6642.0,6616.5,6625.5,6635.5,7000.0,7000.0,7000.0,0.5,-8.5,-18.5,700.0,900.0,0.0,0.5670000000000004,0.017000000000000008,0.0,19.0,0
0.917,6630.0,6639.0,6650.0,6623.5,6632.5,6642.5,7000.0,7000.0,8000.0,0.5,-8.5,-18.5,700.0,900.0,0.0,0.5680000000000004,0.01800000000000001,0.0,20.0,0
0.918,6637.0,6646.0,6657.0,6630.5,6639.5,6650.5,7000.0,7000.0,7000.0,0.5,-8.5,-19.5,700.0,900.0,0.0,0.5690000000000004,0.01900000000000001,0.0,20.0,0
0.919,6644.0,6653.0,6664.0,6637.5,6646.5,6657.5,7000.0,7000.0,7000.0,0.5,-8.5,-19.5,700.0,900.0,0.0,0.5700000000000004,0.02000000000000001,0.0,20.0,0
0.92,6651.0,6659.0,6671.0,6644.5,6653.5,6664.5,7000.0,6000.0,7000.0,0.5,-8.5,-19.5,700.0,900.0,0.0,0.5710000000000004,0.02100000000000001,0.0,20.0,0
0.921,6658.0,6666.0,6678.0,6651.5,6659.5,6671.5,7000.0,7000.0,7000.0,0.5,-7.5,-19.5,700.0,900.0,0.0,0.5720000000000004,0.022000000000000013,0.0,20.0,0
0.922,6666.0,6673.0,6685.0,6658.5,6666.5,6678.5,8000.0,7000.0,7000.0,0.5,-7.5,-19.5,700.0,900.0,0.0,0.5730000000000004,0.023000000000000013,0.0,19.0,0
0.923,6673.0,6680.0,6692.0,6666.5,6673.5,6685.5,7000.0,7000.0,7000.0,0.5,-6.5,-18.5,700.0,900.0,0.0,0.5740000000000004,0.024000000000000014,0.0,19.0,0
0.924,6680.0,6687.0,6700.0,6673.5,6680.5,6692.5,7000.0,7000.0,8000.0,0.5,-6.5,-18.5,700.0,900.0,0.0,0.5750000000000004,0.025000000000000015,0.0,20.0,0
0.925,6687.0,6694.0,6707.0,6680.5,6687.5,6700.5,7000.0,7000.0,7000.0,0.5,-6.5,-19.5,700.0,900.0,0.0,0.5760000000000004,0.026000000000000016,0.0,20.0,0
0.926,6694.0,6701.0,6714.0,6687.5,6694.5,6707.5,7000.0,7000.0,7000.0,0.5,-6.5,-19.5,700.0,900.0,0.0,0.5770000000000004,0.027000000000000017,0.0,20.0,0
0.927,6701.0,6708.0,6721.0,6694.5,6701.5,6714.5,7000.0,7000.0,7000.0,0.5,-6.5,-19.5,700.0,900.0,0.0,0.5780000000000004,0.028000000000000018,0.0,20.0,0
0.928,6708.0,6715.0,6728.0,6701.5,6708.5,6721.5,7000.0,7000.0,7000.0,0.5,-6.5,-19.5,700.0,900.0,0.0,0.5790000000000004,0.02900000000000002,0.0,20.0,0
0.929,6716.0,6722.0,6735.0,6708.5,6715.5,6728.5,8000.0,7000.0,7000.0,0.5,-6.5,-19.5,700.0,900.0,0.0,0.5800000000000004,0.03000000000000002,0.0,19.0,0
0.93,6723.0,6728.0,6742.0,6716.5,6722.5,6735.5,7000.0,6000.0,7000.0,0.5,-5.5,-18.5,700.0,900.0,0.0,0.5810000000000004,0.03100000000000002,0.0,19.0,0
0.931,6730.0,6735.0,6750.0,6723.5,6728.5,6742.5,7000.0,7000.0,8000.0,0.5,-4.5,-18.5,700.0,900.0,0.0,0.5820000000000004,0.03200000000000002,0.0,20.0,0
0.932,6737.0,6742.0,6757.0,6730.5,6735.5,6750.5,7000.0,7000.0,7000.0,0.5,-4.5,-19.5,700.0,900.0,0.0,0.5830000000000004,0.03300000000000002,0.0,20.0,0
0.933,6744.0,6749.0,6764.0,6737.5,6742.5,6757.5,7000.0,7000.0,7000.0,0.5,-4.5,-19.5,700.0,900.0,0.0,0.5840000000000004,0.03400000000000002,0.0,20.0,0
0.934,6751.0,6756.0,6771.0,6744.5,6749.5,6764.5,7000.0,7000.0,7000.0,0.5,-4.5,-19.5,700.0,900.0,0.0,0.5850000000000004,0.035000000000000024,0.0,20.0,0
0.935,6758.0,6763.0,6778.0,6751.5,6756.5,6771.5,7000.0,7000.0,7000.0,0.5,-4.5,-19.5,700.0,900.0,0.0,0.5860000000000004,0.036000000000000025,0.0,20.0,0
0.936,6765.0,6770.0,6785.0,6758.5,6763.5,6778.5,7000.0,7000.0,7000.0,0.5,-4.5,-19.5,700.0,900.0,0.0,0.5870000000000004,0.037000000000000026,0.0,20.0,0
0.937,6773.0,6777.0,6792.0,6765.5,6770.5,6785.5,8000.0,7000.0,7000.0,0.5,-4.5,-19.5,700.0,900.0,0.0,0.5880000000000004,0.03800000000000003,0.0,19.0,0
0.9380000000000001,6780.0,6784.0,6800.0,6773.5,6777.5,6792.5,7000.0,7000.0,8000.0,0.5,-3.5,-18.5,700.0,900.0,0.0,0.5890000000000004,0.03900000000000003,0.0,20.0,0
0.9390000000000001,6787.0,6791.0,6807.0,6780.5,6784.5,6800.5,7000.0,7000.0,7000.0,0.5,-3.5,-19.5,700.0,900.0,0.0,0.5900000000000004,0.04000000000000003,0.0,20.0,0
0.9400000000000001,6794.0,6797.0,6814.0,6787.5,6791.5,6807.5,7000.0,6000.0,7000.0,0.5,-3.5,-19.5,700.0,900.0,0.0,0.5910000000000004,0.04100000000000003,0.0,20.0,0
0.9410000000000001,6801.0,6804.0,6821.0,6794.5,6797.5,6814.5,7000.0,7000.0,7000.0,0.5,-2.5,-19.5,700.0,900.0,0.0,0.5920000000000004,0.04200000000000003,0.0,20.0,0
0.9420000000000001,6808.0,6811.0,6828.0,6801.5,6804.5,6821.5,7000.0,7000.0,7000.0,0.5,-2.5,-19.5,700.0,900.0,0.0,0.5930000000000004,0.04300000000000003,0.0,20.0,0
0.9430000000000001,6815.0,6818.0,6835.0,6808.5,6811.5,6828.5,7000.0,7000.0,7000.0,0.5,-2.5,-19.5,700.0,900.0,0.0,0.5940000000000004,0.04400000000000003,0.0,20.0,0
0.9440000000000001,6823.0,6825.0,6842.0,6815.5,6818.5,6835.5,8000.0,7000.0,7000.0,0.5,-2.5,-19.5,700.0,900.0,0.0,0.5950000000000004,0.04500000000000003,0.0,19.0,0
0.9450000000000001,6830.0,6832.0,6850.0,6823.5,6825.5,6842.5,7000.0,7000.0,8000.0,0.5,-1.5,-18.5,700.0,900.0,0.0,0.5960000000000004,0.046000000000000034,0.0,20.0,0
0.9460000000000001,6837.0,6839.0,6857.0,6830.5,6832.5,6850.5,7000.0,7000.0,7000.0,0.5,-1.5,-19.5,700.0,900.0,0.0,0.5970000000000004,0.047000000000000035,0.0,20.0,0
0.9470000000000001,6844.0,6846.0,6864.0,6837.5,6839.5,6857.5,7000.0,7000.0,7000.0,0.5,-1.5,-19.5,700.0,900.0,0.0,0.5980000000000004,0.048000000000000036,0.0,20.0,0
0.9480000000000001,6851.0,6853.0,6871.0,6844.5,6846.5,6864.5,7000.0,7000.0,7000.0,0.5,-1.5,-19.5,700.0,900.0,0.0,0.5990000000000004,0.04900000000000004,0.0,20.0,0
0.9490000000000001,6858.0,6860.0,6878.0,6851.5,6853.5,6871.5,7000.0,7000.0,7000.0,0.5,-1.5,-19.5,700.0,900.0,0.0,0.6000000000000004,0.05000000000000004,0.0,20.0,0
0.9500000000000001,6865.0,6866.0,6885.0,6858.5,6860.5,6878.5,7000.0,6000.0,7000.0,0.5,-1.5,-19.5,700.0,900.0,0.0,0.6010000000000004,0.05100000000000004,0.0,20.0,0
0.9510000000000001,6873.0,6873.0,6892.0,6865.5,6866.5,6885.5,8000.0,7000.0,7000.0,0.5,-0.5,-19.5,700.0,900.0,0.0,0.6020000000000004,0.05200000000000004,0.0,19.0,0
0.9520000000000001,6880.0,6880.0,6900.0,6873.5,6873.5,6892.5,7000.0,7000.0,8000.0,0.5,0.5,-18.5,700.0,900.0,0.0,0.6030000000000004,0.05300000000000004,0.0,20.0,0
0.9530000000000001,6887.0,6887.0,6907.0,6880.5,6880.5,6900.5,7000.0,7000.0,7000.0,0.5,0.5,-19.5,700.0,900.0,0.0,0.6040000000000004,0.05400000000000004,0.0,20.0,0
0.9540000000000001,6894.0,6894.0,6914.0,6887.5,6887.5,6907.5,7000.0,7000.0,7000.0,0.5,0.5,-19.5,700.0,900.0,0.0,0.6050000000000004,0.05500000000000004,0.0,20.0,0
0.9550000000000001,6901.0,6901.0,6921.0,6894.5,6894.5,6914.5,7000.0,7000.0,7000.0,0.5,0.5,-19.5,700.0,900.0,0.0,0.6060000000000004,0.05600000000000004,0.0,20.0,0
0.9560000000000001,6908.0,6908.0,6928.0,6901.5,6901.5,6921.5,7000.0,7000.0,7000.0,0.5,0.5,-19.5,700.0,900.0,0.0,0.6070000000000004,0.057000000000000044,0.0,20.0,0
0.9570000000000001,6915.0,6915.0,6935.0,6908.5,6908.5,6928.5,7000.0,7000.0,7000.0,0.5,0.5,-19.5,700.0,900.0,0.0,0.6080000000000004,0.058000000000000045,0.0,20.0,0
0.9580000000000001,6923.0,6922.0,6942.0,6915.5,6915.5,6935.5,8000.0,7000.0,7000.0,0.5,0.5,-19.5,700.0,900.0,0.0,0.6090000000000004,0.059000000000000045,0.0,20.0,0
0.9590000000000001,6930.0,6929.0,6949.0,6923.5,6922.5,6942.5,7000.0,7000.0,7000.0,-0.5,0.5,-19.5,700.0,900.0,0.0,0.6100000000000004,0.060000000000000046,0.0,20.0,0
0.96,6937.0,6935.0,6957.0,6930.5,6929.5,6949.5,7000.0,6000.0,8000.0,-0.5,0.5,-19.5,700.0,900.0,0.0,0.6110000000000004,0.06100000000000005,0.0,22.0,0
0.961,6944.0,6942.0,6964.0,6937.5,6935.5,6957.5,7000.0,7000.0,7000.0,-1.5,0.5,-21.5,700.0,900.0,0.0,0.6120000000000004,0.06200000000000005,0.0,22.0,0
0.962,6951.0,6949.0,6971.0,6944.5,6942.5,6964.5,7000.0,7000.0,7000.0,-1.5,0.5,-21.5,700.0,900.0,0.0,0.6130000000000004,0.06300000000000004,0.0,22.0,0
0.963,6958.0,6956.0,6978.0,6951.5,6949.5,6971.5,7000.0,7000.0,7000.0,-1.5,0.5,-21.5,700.0,900.0,0.0,0.6140000000000004,0.06400000000000004,0.0,22.0,0
0.964,6965.0,6963.0,6985.0,6958.5,6956.5,6978.5,7000.0,7000.0,7000.0,-1.5,0.5,-21.5,700.0,900.0,0.0,0.6150000000000004,0.06500000000000004,0.0,22.0,0
0.965,6973.0,6970.0,6992.0,6965.5,6963.5,6985.5,8000.0,7000.0,7000.0,-1.5,0.5,-21.5,700.0,900.0,0.0,0.6160000000000004,0.06600000000000004,0.0,22.0,0
0.966,6980.0,6977.0,6999.0,6973.5,6970.5,6992.5,7000.0,7000.0,7000.0,-2.5,0.5,-21.5,700.0,900.0,0.0,0.6170000000000004,0.06700000000000005,0.0,22.0,0
0.967,6987.0,6984.0,7006.0,6980.5,6977.5,6999.5,7000.0,7000.0,7000.0,-2.5,0.5,-21.5,700.0,900.0,0.0,0.6180000000000004,0.06800000000000005,0.0,22.0,0
0.968,6994.0,6991.0,7013.0,6987.5,6984.5,7006.5,7000.0,7000.0,7000.0,-2.5,0.5,-21.5,700.0,900.0,0.0,0.6190000000000004,0.06900000000000005,0.0,22.0,0
0.969,7001.0,6998.0,7020.0,6994.5,6991.5,7013.5,7000.0,7000.0,7000.0,-2.5,0.5,-21.5,700.0,900.0,0.0,0.6200000000000004,0.07000000000000005,0.0,22.0,0
0.97,7008.0,7004.0,7027.0,7001.5,6998.5,7020.5,7000.0,6000.0,7000.0,-2.5,0.5,-21.5,700.0,900.0,0.0,0.6210000000000004,0.07100000000000005,0.0,23.0,0
0.971,7015.0,7011.0,7034.0,7008.5,7004.5,7027.5,7000.0,7000.0,7000.0,-3.5,0.5,-22.5,700.0,900.0,0.0,0.6220000000000004,0.07200000000000005,0.0,23.0,0
0.972,7023.0,7018.0,7041.0,7015.5,7011.5,7034.5,8000.0,7000.0,7000.0,-3.5,0.5,-22.5,700.0,900.0,0.0,0.6230000000000004,0.07300000000000005,0.0,23.0,0
0.973,7030.0,7025.0,7048.0,7023.5,7018.5,7041.5,7000.0,7000.0,7000.0,-4.5,0.5,-22.5,700.0,900.0,0.0,0.6240000000000004,0.07400000000000005,0.0,23.0,0
0.974,7037.0,7032.0,7055.0,7030.5,7025.5,7048.5,7000.0,7000.0,7000.0,-4.5,0.5,-22.5,700.0,900.0,0.0,0.6250000000000004,0.07500000000000005,0.0,23.0,0
0.975,7044.0,7039.0,7063.0,7037.5,7032.5,7055.5,7000.0,7000.0,8000.0,-4.5,0.5,-22.5,700.0,900.0,0.0,0.6260000000000004,0.07600000000000005,0.0,24.0,0
0.976,7051.0,7046.0,7070.0,7044.5,7039.5,7063.5,7000.0,7000.0,7000.0,-4.5,0.5,-23.5,700.0,900.0,0.0,0.6270000000000004,0.07700000000000005,0.0,24.0,0
0.977,7058.0,7053.0,7077.0,7051.5,7046.5,7070.5,7000.0,7000.0,7000.0,-4.5,0.5,-23.5,700.0,900.0,0.0,0.6280000000000004,0.07800000000000006,0.0,24.0,0
0.978,7065.0,7060.0,7084.0,7058.5,7053.5,7077.5,7000.0,7000.0,7000.0,-4.5,0.5,-23.5,700.0,900.0,0.0,0.6290000000000004,0.07900000000000006,0.0,24.0,0
0.979,7073.0,7067.0,7091.0,7065.5,7060.5,7084.5,8000.0,7000.0,7000.0,-4.5,0.5,-23.5,700.0,900.0,0.0,0.6300000000000004,0.08000000000000006,0.0,24.0,0
0.98,7080.0,7073.0,7098.0,7073.5,7067.5,7091.5,7000.0,6000.0,7000.0,-5.5,0.5,-23.5,700.0,900.0,0.0,0.6310000000000004,0.08100000000000006,0.0,25.0,0
0.981,7087.0,7080.0,7105.0,7080.5,7073.5,7098.5,7000.0,7000.0,7000.0,-6.5,0.5,-24.5,700.0,900.0,0.0,0.6320000000000005,0.08200000000000006,0.0,25.0,0
0.982,7094.0,7087.0,7111.0,7087.5,7080.5,7105.5,7000.0,7000.0,6000.0,-6.5,0.5,-24.5,700.0,900.0,0.0,0.6330000000000005,0.08300000000000006,0.0,24.0,0
0.983,7101.0,7094.0,7118.0,7094.5,7087.5,7111.5,7000.0,7000.0,7000.0,-6.5,0.5,-23.5,700.0,900.0,0.0,0.6340000000000005,0.08400000000000006,0.0,24.0,0
0.984,7108.0,7101.0,7125.0,7101.5,7094.5,7118.5,7000.0,7000.0,7000.0,-6.5,0.5,-23.5,700.0,900.0,0.0,0.6350000000000005,0.08500000000000006,0.0,24.0,0
0.985,7115.0,7108.0,7132.0,7108.5,7101.5,7125.5,7000.0,7000.0,7000.0,-6.5,0.5,-23.5,700.0,900.0,0.0,0.6360000000000005,0.08600000000000006,0.0,24.0,0
0.986,7122.0,7115.0,7139.0,7115.5,7108.5,7132.5,7000.0,7000.0,7000.0,-6.5,0.5,-23.5,700.0,900.0,0.0,0.6370000000000005,0.08700000000000006,0.0,24.0,0
0.987,7130.0,7122.0,7146.0,7122.5,7115.5,7139.5,8000.0,7000.0,7000.0,-6.5,0.5,-23.5,700.0,900.0,0.0,0.6380000000000005,0.08800000000000006,0.0,24.0,0
0.988,7137.0,7129.0,7154.0,7130.5,7122.5,7146.5,7000.0,7000.0,8000.0,-7.5,0.5,-23.5,700.0,900.0,0.0,0.6390000000000005,0.08900000000000007,0.0,25.0,0
0.989,7144.0,7136.0,7160.0,7137.5,7129.5,7154.5,7000.0,7000.0,6000.0,-7.5,0.5,-24.5,700.0,900.0,0.0,0.6400000000000005,0.09000000000000007,0.0,24.0,0
0.99,7151.0,7142.0,7167.0,7144.5,7136.5,7160.5,7000.0,6000.0,7000.0,-7.5,0.5,-23.5,700.0,900.0,0.0,0.6410000000000005,0.09100000000000007,0.0,25.0,0
0.991,7158.0,7149.0,7174.0,7151.5,7142.5,7167.5,7000.0,7000.0,7000.0,-8.5,0.5,-24.5,700.0,900.0,0.0,0.6420000000000005,0.09200000000000007,0.0,25.0,0
0.992,7165.0,7156.0,7181.0,7158.5,7149.5,7174.5,7000.0,7000.0,7000.0,-8.5,0.5,-24.5,700.0,900.0,0.0,0.6430000000000005,0.09300000000000007,0.0,25.0,0
0.993,7172.0,7163.0,7188.0,7165.5,7156.5,7181.5,7000.0,7000.0,7000.0,-8.5,0.5,-24.5,700.0,900.0,0.0,0.6440000000000005,0.09400000000000007,0.0,25.0,0
0.994,7180.0,7170.0,7195.0,7172.5,7163.5,7188.5,8000.0,7000.0,7000.0,-8.5,0.5,-24.5,700.0,900.0,0.0,0.6450000000000005,0.09500000000000007,0.0,25.0,0
0.995,7187.0,7177.0,7202.0,7180.5,7170.5,7195.5,7000.0,7000.0,7000.0,-9.5,0.5,-24.5,700.0,900.0,0.0,0.6460000000000005,0.09600000000000007,0.0,25.0,0
0.996,7194.0,7184.0,7209.0,7187.5,7177.5,7202.5,7000.0,7000.0,7000.0,-9.5,0.5,-24.5,700.0,900.0,0.0,0.6470000000000005,0.09700000000000007,0.0,25.0,0
0.997,7201.0,7191.0,7216.0,7194.5,7184.5,7209.5,7000.0,7000.0,7000.0,-9.5,0.5,-24.5,700.0,900.0,0.0,0.6480000000000005,0.09800000000000007,0.0,25.0,0
0.998,7208.0,7198.0,7223.0,7201.5,7191.5,7216.5,7000.0,7000.0,7000.0,-9.5,0.5,-24.5,700.0,900.0,0.0,0.6490000000000005,0.09900000000000007,0.0,25.0,0
0.999,7215.0,7205.0,7230.0,7208.5,7198.5,7223.5,7000.0,7000.0,7000.0,-9.5,0.5,-24.5,700.0,900.0,0.0,0.6500000000000005,0.10000000000000007,0.0,25.0,0
1.0,7222.0,7211.0,7237.0,7215.5,7205.5,7230.5,7000.0,6000.0,7000.0,-9.5,0.5,-24.5,700.0,900.0,0.0,0.6510000000000005,0.10100000000000008,0.0,26.0,0
1.0010000000000001,7229.0,7218.0,7244.0,7222.5,7211.5,7237.5,7000.0,7000.0,7000.0,-10.5,0.5,-25.5,700.0,900.0,0.0,0.6520000000000005,0.10200000000000008,0.0,26.0,0
1.002,7236.0,7225.0,7251.0,7229.5,7218.5,7244.5,7000.0,7000.0,7000.0,-10.5,0.5,-25.5,700.0,900.0,0.0,0.6530000000000005,0.10300000000000008,0.0,26.0,0
1.0030000000000001,7243.0,7232.0,7258.0,7236.5,7225.5,7251.5,7000.0,7000.0,7000.0,-10.5,0.5,-25.5,700.0,900.0,0.0,0.6540000000000005,0.10400000000000008,0.0,26.0,0
1.004,7250.0,7239.0,7265.0,7243.5,7232.5,7258.5,7000.0,7000.0,7000.0,-10.5,0.5,-25.5,700.0,900.0,0.0,0.6550000000000005,0.10500000000000008,0.0,26.0,0
1.0050000000000001,7257.0,7246.0,7272.0,7250.5,7239.5,7265.5,7000.0,7000.0,7000.0,-10.5,0.5,-25.5,700.0,900.0,0.0,0.6560000000000005,0.10600000000000008,0.0,26.0,0
1.006,7263.0,7253.0,7279.0,7257.5,7246.5,7272.5,6000.0,7000.0,7000.0,-10.5,0.5,-25.5,700.0,900.0,0.0,0.6570000000000005,0.10700000000000008,0.0,26.0,0
1.0070000000000001,7270.0,7260.0,7286.0,7263.5,7253.5,7279.5,7000.0,7000.0,7000.0,-9.5,0.5,-25.5,700.0,900.0,0.0,0.6580000000000005,0.10800000000000008,0.0,26.0,0
1.008,7278.0,7267.0,7293.0,7270.5,7260.5,7286.5,8000.0,7000.0,7000.0,-9.5,0.5,-25.5,700.0,900.0,0.0,0.6590000000000005,0.10900000000000008,0.0,26.0,0
1.0090000000000001,7284.0,7274.0,7300.0,7278.5,7267.5,7293.5,6000.0,7000.0,7000.0,-10.5,0.5,-25.5,700.0,900.0,0.0,0.6600000000000005,0.11000000000000008,0.0,26.0,0
1.01,7292.0,7280.0,7307.0,7284.5,7274.5,7300.5,8000.0,6000.0,7000.0,-9.5,0.5,-25.5,700.0,900.0,0.0,0.6610000000000005,0.11100000000000008,0.0,27.0,0
1.0110000000000001,7299.0,7287.0,7314.0,7292.5,7280.5,7307.5,7000.0,7000.0,7000.0,-11.5,0.5,-26.5,700.0,900.0,0.0,0.6620000000000005,0.11200000000000009,0.0,27.0,0
1.012,7305.0,7294.0,7320.0,7299.5,7287.5,7314.5,6000.0,7000.0,6000.0,-11.5,0.5,-26.5,700.0,900.0,0.0,0.6630000000000005,0.11300000000000009,0.0,26.0,0
1.0130000000000001,7312.0,7301.0,7327.0,7305.5,7294.5,7320.5,7000.0,7000.0,7000.0,-10.5,0.5,-25.5,700.0,900.0,0.0,0.6640000000000005,0.11400000000000009,0.0,26.0,0
1.014,7319.0,7308.0,7334.0,7312.5,7301.5,7327.5,7000.0,7000.0,7000.0,-10.5,0.5,-25.5,700.0,900.0,0.0,0.6650000000000005,0.11500000000000009,0.0,26.0,0
1.0150000000000001,7326.0,7315.0,7341.0,7319.5,7308.5,7334.5,7000.0,7000.0,7000.0,-10.5,0.5,-25.5,700.0,900.0,0.0,0.6660000000000005,0.11600000000000009,0.0,26.0,0
1.016,7333.0,7322.0,7348.0,7326.5,7315.5,7341.5,7000.0,7000.0,7000.0,-10.5,0.5,-25.5,700.0,900.0,0.0,0.6670000000000005,0.11700000000000009,0.0,26.0,0
1.0170000000000001,7339.0,7329.0,7355.0,7333.5,7322.5,7348.5,6000.0,7000.0,7000.0,-10.5,0.5,-25.5,700.0,900.0,0.0,0.6680000000000005,0.11800000000000009,0.0,26.0,0
1.018,7346.0,7336.0,7362.0,7339.5,7329.5,7355.5,7000.0,7000.0,7000.0,-9.5,0.5,-25.5,700.0,900.0,0.0,0.6690000000000005,0.11900000000000009,0.0,26.0,0
1.0190000000000001,7353.0,7343.0,7369.0,7346.5,7336.5,7362.5,7000.0,7000.0,7000.0,-9.5,0.5,-25.5,700.0,900.0,0.0,0.6700000000000005,0.12000000000000009,0.0,26.0,0
1.02,7361.0,7349.0,7376.0,7353.5,7343.5,7369.5,8000.0,6000.0,7000.0,-9.5,0.5,-25.5,700.0,900.0,0.0,0.6710000000000005,0.1210000000000001,0.0,27.0,0
1.0210000000000001,7368.0,7356.0,7383.0,7361.5,7349.5,7376.5,7000.0,7000.0,7000.0,-11.5,0.5,-26.5,700.0,900.0,0.0,0.6720000000000005,0.1220000000000001,0.0,27.0,0
1.022,7374.0,7363.0,7390.0,7368.5,7356.5,7383.5,6000.0,7000.0,7000.0,-11.5,0.5,-26.5,700.0,900.0,0.0,0.6730000000000005,0.1230000000000001,0.0,27.0,0
1.0230000000000001,7381.0,7370.0,7397.0,7374.5,7363.5,7390.5,7000.0,7000.0,7000.0,-10.5,0.5,-26.5,700.0,900.0,0.0,0.6740000000000005,0.1240000000000001,0.0,27.0,0
1.024,7388.0,7377.0,7404.0,7381.5,7370.5,7397.5,7000.0,7000.0,7000.0,-10.5,0.5,-26.5,700.0,900.0,0.0,0.6750000000000005,0.12500000000000008,0.0,27.0,0
1.025,7395.0,7384.0,7411.0,7388.5,7377.5,7404.5,7000.0,7000.0,7000.0,-10.5,0.5,-26.5,700.0,900.0,0.0,0.6760000000000005,0.12600000000000008,0.0,27.0,0
1.026,7402.0,7391.0,7417.0,7395.5,7384.5,7411.5,7000.0,7000.0,6000.0,-10.5,0.5,-26.5,700.0,900.0,0.0,0.6770000000000005,0.12700000000000009,0.0,26.0,0
1.027,7408.0,7398.0,7424.0,7402.5,7391.5,7417.5,6000.0,7000.0,7000.0,-10.5,0.5,-25.5,700.0,900.0,0.0,0.6780000000000005,0.12800000000000009,0.0,26.0,0
1.028,7415.0,7405.0,7431.0,7408.5,7398.5,7424.5,7000.0,7000.0,7000.0,-9.5,0.5,-25.5,700.0,900.0,0.0,0.6790000000000005,0.1290000000000001,0.0,26.0,0
1.029,7422.0,7412.0,7438.0,7415.5,7405.5,7431.5,7000.0,7000.0,7000.0,-9.5,0.5,-25.5,700.0,900.0,0.0,0.6800000000000005,0.1300000000000001,0.0,26.0,0
1.03,7430.0,7418.0,7445.0,7422.5,7412.5,7438.5,8000.0,6000.0,7000.0,-9.5,0.5,-25.5,700.0,900.0,0.0,0.6810000000000005,0.1310000000000001,0.0,27.0,0
1.031,7437.0,7425.0,7452.0,7430.5,7418.5,7445.5,7000.0,7000.0,7000.0,-11.5,0.5,-26.5,700.0,900.0,0.0,0.6820000000000005,0.1320000000000001,0.0,27.0,0
1.032,7443.0,7432.0,7459.0,7437.5,7425.5,7452.5,6000.0,7000.0,7000.0,-11.5,0.5,-26.5,700.0,900.0,0.0,0.6830000000000005,0.1330000000000001,0.0,27.0,0
1.033,7450.0,7439.0,7466.0,7443.5,7432.5,7459.5,7000.0,7000.0,7000.0,-10.5,0.5,-26.5,700.0,900.0,0.0,0.6840000000000005,0.1340000000000001,0.0,27.0,0
1.034,7457.0,7446.0,7473.0,7450.5,7439.5,7466.5,7000.0,7000.0,7000.0,-10.5,0.5,-26.5,700.0,900.0,0.0,0.6850000000000005,0.1350000000000001,0.0,27.0,0
1.035,7464.0,7453.0,7480.0,7457.5,7446.5,7473.5,7000.0,7000.0,7000.0,-10.5,0.5,-26.5,700.0,900.0,0.0,0.6860000000000005,0.1360000000000001,0.0,27.0,0
1.036,7470.0,7460.0,7487.0,7464.5,7453.5,7480.5,6000.0,7000.0,7000.0,-10.5,0.5,-26.5,700.0,900.0,0.0,0.6870000000000005,0.1370000000000001,0.0,27.0,0
1.037,7477.0,7467.0,7494.0,7470.5,7460.5,7487.5,7000.0,7000.0,7000.0,-9.5,0.5,-26.5,700.0,900.0,0.0,0.6880000000000005,0.1380000000000001,0.0,27.0,0
1.038,7485.0,7474.0,7500.0,7477.5,7467.5,7494.5,8000.0,7000.0,6000.0,-9.5,0.5,-26.5,700.0,900.0,0.0,0.6890000000000005,0.1390000000000001,0.0,26.0,0
1.039,7492.0,7481.0,7507.0,7485.5,7474.5,7500.5,7000.0,7000.0,7000.0,-10.5,0.5,-25.5,700.0,900.0,0.0,0.6900000000000005,0.1400000000000001,0.0,26.0,0
1.04,7498.0,7487.0,7514.0,7492.5,7481.5,7507.5,6000.0,6000.0,7000.0,-10.5,0.5,-25.5,700.0,900.0,0.0,0.6910000000000005,0.1410000000000001,0.0,27.0,0
1.041,7505.0,7494.0,7521.0,7498.5,7487.5,7514.5,7000.0,7000.0,7000.0,-10.5,0.5,-26.5,700.0,900.0,0.0,0.6920000000000005,0.1420000000000001,0.0,27.0,0
1.042,7512.0,7501.0,7528.0,7505.5,7494.5,7521.5,7000.0,7000.0,7000.0,-10.5,0.5,-26.5,700.0,900.0,0.0,0.6930000000000005,0.1430000000000001,0.0,27.0,0
1.043,7519.0,7508.0,7535.0,7512.5,7501.5,7528.5,7000.0,7000.0,7000.0,-10.5,0.5,-26.5,700.0,900.0,0.0,0.6940000000000005,0.1440000000000001,0.0,27.0,0
1.044,7526.0,7515.0,7542.0,7519.5,7508.5,7535.5,7000.0,7000.0,7000.0,-10.5,0.5,-26.5,700.0,900.0,0.0,0.6950000000000005,0.1450000000000001,0.0,27.0,0
1.045,7532.0,7522.0,7549.0,7526.5,7515.5,7542.5,6000.0,7000.0,7000.0,-10.5,0.5,-26.5,700.0,900.0,0.0,0.6960000000000005,0.1460000000000001,0.0,27.0,0
1.046,7539.0,7529.0,7556.0,7532.5,7522.5,7549.5,7000.0,7000.0,7000.0,-9.5,0.5,-26.5,700.0,900.0,0.0,0.6970000000000005,0.1470000000000001,0.0,27.0,0
1.047,7546.0,7536.0,7563.0,7539.5,7529.5,7556.5,7000.0,7000.0,7000.0,-9.5,0.5,-26.5,700.0,900.0,0.0,0.6980000000000005,0.1480000000000001,0.0,27.0,0
1.048,7554.0,7543.0,7570.0,7546.5,7536.5,7563.5,8000.0,7000.0,7000.0,-9.5,0.5,-26.5,700.0,900.0,0.0,0.6990000000000005,0.1490000000000001,0.0,27.0,0
1.049,7561.0,7550.0,7577.0,7554.5,7543.5,7570.5,7000.0,7000.0,7000.0,-10.5,0.5,-26.5,700.0,900.0,0.0,0.7000000000000005,0.1500000000000001,0.0,27.0,0
1.05,7567.0,7556.0,7583.0,7561.5,7550.5,7577.5,6000.0,6000.0,6000.0,-10.5,0.5,-26.5,700.0,900.0,0.0,0.7010000000000005,0.1510000000000001,0.0,27.0,0
1.051,7574.0,7563.0,7590.0,7567.5,7556.5,7583.5,7000.0,7000.0,7000.0,-10.5,0.5,-26.5,700.0,900.0,0.0,0.7020000000000005,0.1520000000000001,0.0,27.0,0
1.052,7581.0,7570.0,7597.0,7574.5,7563.5,7590.5,7000.0,7000.0,7000.0,-10.5,0.5,-26.5,700.0,900.0,0.0,0.7030000000000005,0.1530000000000001,0.0,27.0,0
1.053,7588.0,7577.0,7604.0,7581.5,7570.5,7597.5,7000.0,7000.0,7000.0,-10.5,0.5,-26.5,700.0,900.0,0.0,0.7040000000000005,0.1540000000000001,0.0,27.0,0
1.054,7595.0,7584.0,7611.0,7588.5,7577.5,7604.5,7000.0,7000.0,7000.0,-10.5,0.5,-26.5,700.0,900.0,0.0,0.7050000000000005,0.1550000000000001,0.0,27.0,0
1.055,7601.0,7591.0,7618.0,7595.5,7584.5,7611.5,6000.0,7000.0,7000.0,-10.5,0.5,-26.5,700.0,900.0,0.0,0.7060000000000005,0.1560000000000001,0.0,27.0,0
1.056,7608.0,7598.0,7625.0,7601.5,7591.5,7618.5,7000.0,7000.0,7000.0,-9.5,0.5,-26.5,700.0,900.0,0.0,0.7070000000000005,0.1570000000000001,0.0,27.0,0
1.057,7616.0,7605.0,7632.0,7608.5,7598.5,7625.5,8000.0,7000.0,7000.0,-9.5,0.5,-26.5,700.0,900.0,0.0,0.7080000000000005,0.1580000000000001,0.0,27.0,0
1.058,7622.0,7612.0,7639.0,7616.5,7605.5,7632.5,6000.0,7000.0,7000.0,-10.5,0.5,-26.5,700.0,900.0,0.0,0.7090000000000005,0.1590000000000001,0.0,27.0,0
1.059,7630.0,7619.0,7646.0,7622.5,7612.5,7639.5,8000.0,7000.0,7000.0,-9.5,0.5,-26.5,700.0,900.0,0.0,0.7100000000000005,0.16000000000000011,0.0,27.0,0
1.06,7637.0,7625.0,7653.0,7630.5,7619.5,7646.5,7000.0,6000.0,7000.0,-10.5,0.5,-26.5,700.0,900.0,0.0,0.7110000000000005,0.16100000000000012,0.0,28.0,0
1.061,7643.0,7632.0,7659.0,7637.5,7625.5,7653.5,6000.0,7000.0,6000.0,-11.5,0.5,-27.5,700.0,900.0,0.0,0.7120000000000005,0.16200000000000012,0.0,27.0,0
1.062,7650.0,7639.0,7666.0,7643.5,7632.5,7659.5,7000.0,7000.0,7000.0,-10.5,0.5,-26.5,700.0,900.0,0.0,0.7130000000000005,0.16300000000000012,0.0,27.0,0
1.063,7657.0,7646.0,7673.0,7650.5,7639.5,7666.5,7000.0,7000.0,7000.0,-10.5,0.5,-26.5,700.0,900.0,0.0,0.7140000000000005,0.16400000000000012,0.0,27.0,0
1.064,7664.0,7653.0,7680.0,7657.5,7646.5,7673.5,7000.0,7000.0,7000.0,-10.5,0.5,-26.5,700.0,900.0,0.0,0.7150000000000005,0.16500000000000012,0.0,27.0,0
1.065,7670.0,7660.0,7687.0,7664.5,7653.5,7680.5,6000.0,7000.0,7000.0,-10.5,0.5,-26.5,700.0,900.0,0.0,0.7160000000000005,0.16600000000000012,0.0,27.0,0
1.066,7677.0,7667.0,7694.0,7670.5,7660.5,7687.5,7000.0,7000.0,7000.0,-9.5,0.5,-26.5,700.0,900.0,0.0,0.7170000000000005,0.16700000000000012,0.0,27.0,0
1.067,7685.0,7674.0,7701.0,7677.5,7667.5,7694.5,8000.0,7000.0,7000.0,-9.5,0.5,-26.5,700.0,900.0,0.0,0.7180000000000005,0.16800000000000012,0.0,27.0,0
1.068,7692.0,7681.0,7708.0,7685.5,7674.5,7701.5,7000.0,7000.0,7000.0,-10.5,0.5,-26.5,700.0,900.0,0.0,0.7190000000000005,0.16900000000000012,0.0,27.0,0
1.069,7698.0,7688.0,7715.0,7692.5,7681.5,7708.5,6000.0,7000.0,7000.0,-10.5,0.5,-26.5,700.0,900.0,0.0,0.7200000000000005,0.17000000000000012,0.0,27.0,0
1.07,7705.0,7694.0,7722.0,7698.5,7688.5,7715.5,7000.0,6000.0,7000.0,-9.5,0.5,-26.5,700.0,900.0,0.0,0.7210000000000005,0.17100000000000012,0.0,28.0,0
1.071,7712.0,7701.0,7728.0,7705.5,7694.5,7722.5,7000.0,7000.0,6000.0,-10.5,0.5,-27.5,700.0,900.0,0.0,0.7220000000000005,0.17200000000000013,0.0,27.0,0
1.072,7719.0,7708.0,7735.0,7712.5,7701.5,7728.5,7000.0,7000.0,7000.0,-10.5,0.5,-26.5,700.0,900.0,0.0,0.7230000000000005,0.17300000000000013,0.0,27.0,0
1.073,7726.0,7715.0,7742.0,7719.5,7708.5,7735.5,7000.0,7000.0,7000.0,-10.5,0.5,-26.5,700.0,900.0,0.0,0.7240000000000005,0.17400000000000013,0.0,27.0,0
1.074,7733.0,7722.0,7749.0,7726.5,7715.5,7742.5,7000.0,7000.0,7000.0,-10.5,0.5,-26.5,700.0,900.0,0.0,0.7250000000000005,0.17500000000000013,0.0,27.0,0
1.075,7739.0,7729.0,7756.0,7733.5,7722.5,7749.5,6000.0,7000.0,7000.0,-10.5,0.5,-26.5,700.0,900.0,0.0,0.7260000000000005,0.17600000000000013,0.0,27.0,0
1.076,7746.0,7736.0,7763.0,7739.5,7729.5,7756.5,7000.0,7000.0,7000.0,-9.5,0.5,-26.5,700.0,900.0,0.0,0.7270000000000005,0.17700000000000013,0.0,27.0,0
1.077,7754.0,7743.0,7770.0,7746.5,7736.5,7763.5,8000.0,7000.0,7000.0,-9.5,0.5,-26.5,700.0,900.0,0.0,0.7280000000000005,0.17800000000000013,0.0,27.0,0
1.078,7760.0,7750.0,7777.0,7754.5,7743.5,7770.5,6000.0,7000.0,7000.0,-10.5,0.5,-26.5,700.0,900.0,0.0,0.7290000000000005,0.17900000000000013,0.0,27.0,0
1.079,7768.0,7757.0,7784.0,7760.5,7750.5,7777.5,8000.0,7000.0,7000.0,-9.5,0.5,-26.5,700.0,900.0,0.0,0.7300000000000005,0.18000000000000013,0.0,27.0,0
1.08,7775.0,7763.0,7791.0,7768.5,7757.5,7784.5,7000.0,6000.0,7000.0,-10.5,0.5,-26.5,700.0,900.0,0.0,0.7310000000000005,0.18100000000000013,0.0,28.0,0
1.081,7781.0,7770.0,7798.0,7775.5,7763.5,7791.5,6000.0,7000.0,7000.0,-11.5,0.5,-27.5,700.0,900.0,0.0,0.7320000000000005,0.18200000000000013,0.0,28.0,0
1.082,7788.0,7777.0,7804.0,7781.5,7770.5,7798.5,7000.0,7000.0,6000.0,-10.5,0.5,-27.5,700.0,900.0,0.0,0.7330000000000005,0.18300000000000013,0.0,27.0,0
1.083,7795.0,7784.0,7811.0,7788.5,7777.5,7804.5,7000.0,7000.0,7000.0,-10.5,0.5,-26.5,700.0,900.0,0.0,0.7340000000000005,0.18400000000000014,0.0,27.0,0
1.084,7802.0,7791.0,7818.0,7795.5,7784.5,7811.5,7000.0,7000.0,7000.0,-10.5,0.5,-26.5,700.0,900.0,0.0,0.7350000000000005,0.18500000000000014,0.0,27.0,0
1.085,7808.0,7798.0,7825.0,7802.5,7791.5,7818.5,6000.0,7000.0,7000.0,-10.5,0.5,-26.5,700.0,900.0,0.0,0.7360000000000005,0.18600000000000014,0.0,27.0,0
1.086,7815.0,7805.0,7832.0,7808.5,7798.5,7825.5,7000.0,7000.0,7000.0,-9.5,0.5,-26.5,700.0,900.0,0.0,0.7370000000000005,0.18700000000000014,0.0,27.0,0
1.087,7823.0,7812.0,7839.0,7815.5,7805.5,7832.5,8000.0,7000.0,7000.0,-9.5,0.5,-26.5,700.0,900.0,0.0,0.7380000000000005,0.18800000000000014,0.0,27.0,0
1.088,7830.0,7819.0,7846.0,7823.5,7812.5,7839.5,7000.0,7000.0,7000.0,-10.5,0.5,-26.5,700.0,900.0,0.0,0.7390000000000005,0.18900000000000014,0.0,27.0,0
1.089,7836.0,7826.0,7853.0,7830.5,7819.5,7846.5,6000.0,7000.0,7000.0,-10.5,0.5,-26.5,700.0,900.0,0.0,0.7400000000000005,0.19000000000000014,0.0,27.0,0
1.09,7843.0,7832.0,7860.0,7836.5,7826.5,7853.5,7000.0,6000.0,7000.0,-9.5,0.5,-26.5,700.0,900.0,0.0,0.7410000000000005,0.19100000000000014,0.0,28.0,0
1.091,7850.0,7839.0,7867.0,7843.5,7832.5,7860.5,7000.0,7000.0,7000.0,-10.5,0.5,-27.5,700.0,900.0,0.0,0.7420000000000005,0.19200000000000014,0.0,28.0,0
1.092,7857.0,7846.0,7873.0,7850.5,7839.5,7867.5,7000.0,7000.0,6000.0,-10.5,0.5,-27.5,700.0,900.0,0.0,0.7430000000000005,0.19300000000000014,0.0,27.0,0
1.093,7864.0,7853.0,7880.0,7857.5,7846.5,7873.5,7000.0,7000.0,7000.0,-10.5,0.5,-26.5,700.0,900.0,0.0,0.7440000000000005,0.19400000000000014,0.0,27.0,0
1.094,7871.0,7860.0,7887.0,7864.5,7853.5,7880.5,7000.0,7000.0,7000.0,-10.5,0.5,-26.5,700.0,900.0,0.0,0.7450000000000006,0.19500000000000015,0.0,27.0,0
1.095,7877.0,7867.0,7894.0,7871.5,7860.5,7887.5,6000.0,7000.0,7000.0,-10.5,0.5,-26.5,700.0,900.0,0.0,0.7460000000000006,0.19600000000000015,0.0,27.0,0
1.096,7884.0,7874.0,7901.0,7877.5,7867.5,7894.5,7000.0,7000.0,7000.0,-9.5,0.5,-26.5,700.0,900.0,0.0,0.7470000000000006,0.19700000000000015,0.0,27.0,0
1.097,7891.0,7881.0,7908.0,7884.5,7874.5,7901.5,7000.0,7000.0,7000.0,-9.5,0.5,-26.5,700.0,900.0,0.0,0.7480000000000006,0.19800000000000015,0.0,27.0,0
1.098,7899.0,7888.0,7915.0,7891.5,7881.5,7908.5,8000.0,7000.0,7000.0,-9.5,0.5,-26.5,700.0,900.0,0.0,0.7490000000000006,0.19900000000000015,0.0,27.0,0
1.099,7906.0,7895.0,7922.0,7899.5,7888.5,7915.5,7000.0,7000.0,7000.0,-10.5,0.5,-26.5,700.0,900.0,0.0,0.7500000000000006,0.20000000000000015,0.0,27.0,0
1.1,7912.0,7901.0,7929.0,7906.5,7895.5,7922.5,6000.0,6000.0,7000.0,-10.5,0.5,-26.5,700.0,900.0,0.0,0.7510000000000006,0.20100000000000015,0.0,28.0,0
1.101,7919.0,7908.0,7936.0,7912.5,7901.5,7929.5,7000.0,7000.0,7000.0,-10.5,0.5,-27.5,700.0,900.0,0.0,0.7520000000000006,0.20200000000000015,0.0,28.0,0
1.102,7926.0,7915.0,7942.0,7919.5,7908.5,7936.5,7000.0,7000.0,6000.0,-10.5,0.5,-27.5,700.0,900.0,0.0,0.7530000000000006,0.20300000000000015,0.0,27.0,0
1.103,7933.0,7922.0,7949.0,7926.5,7915.5,7942.5,7000.0,7000.0,7000.0,-10.5,0.5,-26.5,700.0,900.0,0.0,0.7540000000000006,0.20400000000000015,0.0,27.0,0
1.104,7940.0,7929.0,7956.0,7933.5,7922.5,7949.5,7000.0,7000.0,7000.0,-10.5,0.5,-26.5,700.0,900.0,0.0,0.7550000000000006,0.20500000000000015,0.0,27.0,0
1.105,7946.0,7936.0,7963.0,7940.5,7929.5,7956.5,6000.0,7000.0,7000.0,-10.5,0.5,-26.5,700.0,900.0,0.0,0.7560000000000006,0.20600000000000016,0.0,27.0,0
1.106,7953.0,7943.0,7970.0,7946.5,7936.5,7963.5,7000.0,7000.0,7000.0,-9.5,0.5,-26.5,700.0,900.0,0.0,0.7570000000000006,0.20700000000000016,0.0,27.0,0
1.107,7961.0,7950.0,7977.0,7953.5,7943.5,7970.5,8000.0,7000.0,7000.0,-9.5,0.5,-26.5,700.0,900.0,0.0,0.7580000000000006,0.20800000000000016,0.0,27.0,0
1.108,7967.0,7957.0,7984.0,7961.5,7950.5,7977.5,6000.0,7000.0,7000.0,-10.5,0.5,-26.5,700.0,900.0,0.0,0.7590000000000006,0.20900000000000016,0.0,27.0,0
1.109,7975.0,7964.0,7991.0,7967.5,7957.5,7984.5,8000.0,7000.0,7000.0,-9.5,0.5,-26.5,700.0,900.0,0.0,0.7600000000000006,0.21000000000000016,0.0,27.0,0
1.11,7982.0,7970.0,7998.0,7975.5,7964.5,7991.5,7000.0,6000.0,7000.0,-10.5,0.5,-26.5,700.0,900.0,0.0,0.7610000000000006,0.21100000000000016,0.0,28.0,0
1.111,7988.0,7977.0,8005.0,7982.5,7970.5,7998.5,6000.0,7000.0,7000.0,-11.5,0.5,-27.5,700.0,900.0,0.0,0.7620000000000006,0.21200000000000016,0.0,28.0,0
1.112,7995.0,7984.0,8011.0,7988.5,7977.5,8005.5,7000.0,7000.0,6000.0,-10.5,0.5,-27.5,700.0,900.0,0.0,0.7630000000000006,0.21300000000000016,0.0,27.0,0
1.113,8002.0,7991.0,8018.0,7995.5,7984.5,8011.5,7000.0,7000.0,7000.0,-10.5,0.5,-26.5,700.0,900.0,0.0,0.7640000000000006,0.21400000000000016,0.0,27.0,0
1.114,8009.0,7998.0,8025.0,8002.5,7991.5,8018.5,7000.0,7000.0,7000.0,-10.5,0.5,-26.5,700.0,900.0,0.0,0.7650000000000006,0.21500000000000016,0.0,27.0,0
1.115,8016.0,8005.0,8032.0,8009.5,7998.5,8025.5,7000.0,7000.0,7000.0,-10.5,0.5,-26.5,700.0,900.0,0.0,0.7660000000000006,0.21600000000000016,0.0,27.0,0
1.116,8022.0,8012.0,8039.0,8016.5,8005.5,8032.5,6000.0,7000.0,7000.0,-10.5,0.5,-26.5,700.0,900.0,0.0,0.7670000000000006,0.21700000000000016,0.0,27.0,0
1.117,8029.0,8019.0,8046.0,8022.5,8012.5,8039.5,7000.0,7000.0,7000.0,-9.5,0.5,-26.5,700.0,900.0,0.0,0.7680000000000006,0.21800000000000017,0.0,27.0,0
1.118,8036.0,8026.0,8053.0,8029.5,8019.5,8046.5,7000.0,7000.0,7000.0,-9.5,0.5,-26.5,700.0,900.0,0.0,0.7690000000000006,0.21900000000000017,0.0,27.0,0
1.119,8044.0,8033.0,8060.0,8036.5,8026.5,8053.5,8000.0,7000.0,7000.0,-9.5,0.5,-26.5,700.0,900.0,0.0,0.7700000000000006,0.22000000000000017,0.0,27.0,0
1.12,8051.0,8039.0,8067.0,8044.5,8033.5,8060.5,7000.0,6000.0,7000.0,-10.5,0.5,-26.5,700.0,900.0,0.0,0.7710000000000006,0.22100000000000017,0.0,28.0,0
1.121,8057.0,8046.0,8074.0,8051.5,8039.5,8067.5,6000.0,7000.0,7000.0,-11.5,0.5,-27.5,700.0,900.0,0.0,0.7720000000000006,0.22200000000000017,0.0,28.0,0
1.122,8064.0,8053.0,8080.0,8057.5,8046.5,8074.5,7000.0,7000.0,6000.0,-10.5,0.5,-27.5,700.0,900.0,0.0,0.7730000000000006,0.22300000000000017,0.0,27.0,0
1.123,8071.0,8060.0,8087.0,8064.5,8053.5,8080.5,7000.0,7000.0,7000.0,-10.5,0.5,-26.5,700.0,900.0,0.0,0.7740000000000006,0.22400000000000017,0.0,27.0,0
1.124,8078.0,8067.0,8094.0,8071.5,8060.5,8087.5,7000.0,7000.0,7000.0,-10.5,0.5,-26.5,700.0,900.0,0.0,0.7750000000000006,0.22500000000000017,0.0,27.0,0
1.125,8084.0,8074.0,8101.0,8078.5,8067.5,8094.5,6000.0,7000.0,7000.0,-10.5,0.5,-26.5,700.0,900.0,0.0,0.7760000000000006,0.22600000000000017,0.0,27.0,0
1.1260000000000001,8091.0,8081.0,8108.0,8084.5,8074.5,8101.5,7000.0,7000.0,7000.0,-9.5,0.5,-26.5,700.0,900.0,0.0,0.7770000000000006,0.22700000000000017,0.0,27.0,0
1.127,8099.0,8088.0,8115.0,8091.5,8081.5,8108.5,8000.0,7000.0,7000.0,-9.5,0.5,-26.5,700.0,900.0,0.0,0.7780000000000006,0.22800000000000017,0.0,27.0,0
1.1280000000000001,8106.0,8095.0,8122.0,8099.5,8088.5,8115.5,7000.0,7000.0,7000.0,-10.5,0.5,-26.5,700.0,900.0,0.0,0.7790000000000006,0.22900000000000018,0.0,27.0,0
1.129,8112.0,8102.0,8129.0,8106.5,8095.5,8122.5,6000.0,7000.0,7000.0,-10.5,0.5,-26.5,700.0,900.0,0.0,0.7800000000000006,0.23000000000000018,0.0,27.0,0
1.1300000000000001,8119.0,8108.0,8136.0,8112.5,8102.5,8129.5,7000.0,6000.0,7000.0,-9.5,0.5,-26.5,700.0,900.0,0.0,0.7810000000000006,0.23100000000000018,0.0,28.0,0
1.131,8126.0,8115.0,8143.0,8119.5,8108.5,8136.5,7000.0,7000.0,7000.0,-10.5,0.5,-27.5,700.0,900.0,0.0,0.7820000000000006,0.23200000000000018,0.0,28.0,0
1.1320000000000001,8133.0,8122.0,8149.0,8126.5,8115.5,8143.5,7000.0,7000.0,6000.0,-10.5,0.5,-27.5,700.0,900.0,0.0,0.7830000000000006,0.23300000000000018,0.0,27.0,0
1.133,8140.0,8129.0,8156.0,8133.5,8122.5,8149.5,7000.0,7000.0,7000.0,-10.5,0.5,-26.5,700.0,900.0,0.0,0.7840000000000006,0.23400000000000018,0.0,27.0,0
1.1340000000000001,8147.0,8136.0,8163.0,8140.5,8129.5,8156.5,7000.0,7000.0,7000.0,-10.5,0.5,-26.5,700.0,900.0,0.0,0.7850000000000006,0.23500000000000018,0.0,27.0,0
1.135,8153.0,8143.0,8170.0,8147.5,8136.5,8163.5,6000.0,7000.0,7000.0,-10.5,0.5,-26.5,700.0,900.0,0.0,0.7860000000000006,0.23600000000000018,0.0,27.0,0
1.1360000000000001,8160.0,8150.0,8177.0,8153.5,8143.5,8170.5,7000.0,7000.0,7000.0,-9.5,0.5,-26.5,700.0,900.0,0.0,0.7870000000000006,0.23700000000000018,0.0,27.0,0
1.137,8167.0,8157.0,8184.0,8160.5,8150.5,8177.5,7000.0,7000.0,7000.0,-9.5,0.5,-26.5,700.0,900.0,0.0,0.7880000000000006,0.23800000000000018,0.0,27.0,0
1.1380000000000001,8175.0,8164.0,8191.0,8167.5,8157.5,8184.5,8000.0,7000.0,7000.0,-9.5,0.5,-26.5,700.0,900.0,0.0,0.7890000000000006,0.23900000000000018,0.0,27.0,0
1.139,8182.0,8171.0,8198.0,8175.5,8164.5,8191.5,7000.0,7000.0,7000.0,-10.5,0.5,-26.5,700.0,900.0,0.0,0.7900000000000006,0.24000000000000019,0.0,27.0,0
1.1400000000000001,8188.0,8177.0,8205.0,8182.5,8171.5,8198.5,6000.0,6000.0,7000.0,-10.5,0.5,-26.5,700.0,900.0,0.0,0.7910000000000006,0.2410000000000002,0.0,28.0,0
1.141,8195.0,8184.0,8212.0,8188.5,8177.5,8205.5,7000.0,7000.0,7000.0,-10.5,0.5,-27.5,700.0,900.0,0.0,0.7920000000000006,0.2420000000000002,0.0,28.0,0
1.1420000000000001,8202.0,8191.0,8219.0,8195.5,8184.5,8212.5,7000.0,7000.0,7000.0,-10.5,0.5,-27.5,700.0,900.0,0.0,0.7930000000000006,0.2430000000000002,0.0,28.0,0
1.143,8209.0,8198.0,8225.0,8202.5,8191.5,8219.5,7000.0,7000.0,6000.0,-10.5,0.5,-27.5,700.0,900.0,0.0,0.7940000000000006,0.2440000000000002,0.0,27.0,0
1.1440000000000001,8216.0,8205.0,8232.0,8209.5,8198.5,8225.5,7000.0,7000.0,7000.0,-10.5,0.5,-26.5,700.0,900.0,0.0,0.7950000000000006,0.2450000000000002,0.0,27.0,0
1.145,8222.0,8212.0,8239.0,8216.5,8205.5,8232.5,6000.0,7000.0,7000.0,-10.5,0.5,-26.5,700.0,900.0,0.0,0.7960000000000006,0.2460000000000002,0.0,27.0,0
1.1460000000000001,8229.0,8219.0,8246.0,8222.5,8212.5,8239.5,7000.0,7000.0,7000.0,-9.5,0.5,-26.5,700.0,900.0,0.0,0.7970000000000006,0.2470000000000002,0.0,27.0,0
1.147,8237.0,8226.0,8253.0,8229.5,8219.5,8246.5,8000.0,7000.0,7000.0,-9.5,0.5,-26.5,700.0,900.0,0.0,0.7980000000000006,0.2480000000000002,0.0,27.0,0
1.1480000000000001,8243.0,8233.0,8260.0,8237.5,8226.5,8253.5,6000.0,7000.0,7000.0,-10.5,0.5,-26.5,700.0,900.0,0.0,0.7990000000000006,0.2490000000000002,0.0,27.0,0
1.149,8251.0,8240.0,8267.0,8243.5,8233.5,8260.5,8000.0,7000.0,7000.0,-9.5,0.5,-26.5,700.0,900.0,0.0,0.8000000000000006,0.25000000000000017,0.0,27.0,0
1.1500000000000001,8258.0,8246.0,8274.0,8251.5,8240.5,8267.5,7000.0,6000.0,7000.0,-10.5,0.5,-26.5,700.0,900.0,0.0,0.8010000000000006,0.25100000000000017,0.0,28.0,0
1.151,8264.0,8253.0,8281.0,8258.5,8246.5,8274.5,6000.0,7000.0,7000.0,-11.5,0.5,-27.5,700.0,900.0,0.0,0.8020000000000006,0.25200000000000017,0.0,28.0,0
1.1520000000000001,8271.0,8260.0,8288.0,8264.5,8253.5,8281.5,7000.0,7000.0,7000.0,-10.5,0.5,-27.5,700.0,900.0,0.0,0.8030000000000006,0.25300000000000017,0.0,28.0,0
1.153,8278.0,8267.0,8294.0,8271.5,8260.5,8288.5,7000.0,7000.0,6000.0,-10.5,0.5,-27.5,700.0,900.0,0.0,0.8040000000000006,0.25400000000000017,0.0,27.0,0
1.154,8285.0,8274.0,8301.0,8278.5,8267.5,8294.5,7000.0,7000.0,7000.0,-10.5,0.5,-26.5,700.0,900.0,0.0,0.8050000000000006,0.25500000000000017,0.0,27.0,0
1.155,8291.0,8281.0,8308.0,8285.5,8274.5,8301.5,6000.0,7000.0,7000.0,-10.5,0.5,-26.5,700.0,900.0,0.0,0.8060000000000006,0.25600000000000017,0.0,27.0,0
1.156,8298.0,8288.0,8315.0,8291.5,8281.5,8308.5,7000.0,7000.0,7000.0,-9.5,0.5,-26.5,700.0,900.0,0.0,0.8070000000000006,0.2570000000000002,0.0,27.0,0
1.157,8306.0,8295.0,8322.0,8298.5,8288.5,8315.5,8000.0,7000.0,7000.0,-9.5,0.5,-26.5,700.0,900.0,0.0,0.8080000000000006,0.2580000000000002,0.0,27.0,0
1.158,8313.0,8302.0,8329.0,8306.5,8295.5,8322.5,7000.0,7000.0,7000.0,-10.5,0.5,-26.5,700.0,900.0,0.0,0.8090000000000006,0.2590000000000002,0.0,27.0,0
1.159,8319.0,8309.0,8336.0,8313.5,8302.5,8329.5,6000.0,7000.0,7000.0,-10.5,0.5,-26.5,700.0,900.0,0.0,0.8100000000000006,0.2600000000000002,0.0,27.0,0
1.16,8326.0,8315.0,8343.0,8319.5,8309.5,8336.5,7000.0,6000.0,7000.0,-9.5,0.5,-26.5,700.0,900.0,0.0,0.8110000000000006,0.2610000000000002,0.0,28.0,0
1.161,8333.0,8322.0,8350.0,8326.5,8315.5,8343.5,7000.0,7000.0,7000.0,-10.5,0.5,-27.5,700.0,900.0,0.0,0.8120000000000006,0.2620000000000002,0.0,28.0,0
1.162,8340.0,8329.0,8357.0,8333.5,8322.5,8350.5,7000.0,7000.0,7000.0,-10.5,0.5,-27.5,700.0,900.0,0.0,0.8130000000000006,0.2630000000000002,0.0,28.0,0
1.163,8347.0,8336.0,8363.0,8340.5,8329.5,8357.5,7000.0,7000.0,6000.0,-10.5,0.5,-27.5,700.0,900.0,0.0,0.8140000000000006,0.2640000000000002,0.0,27.0,0
1.164,8354.0,8343.0,8370.0,8347.5,8336.5,8363.5,7000.0,7000.0,7000.0,-10.5,0.5,-26.5,700.0,900.0,0.0,0.8150000000000006,0.2650000000000002,0.0,27.0,0
1.165,8360.0,8350.0,8377.0,8354.5,8343.5,8370.5,6000.0,7000.0,7000.0,-10.5,0.5,-26.5,700.0,900.0,0.0,0.8160000000000006,0.2660000000000002,0.0,27.0,0
1.166,8367.0,8357.0,8384.0,8360.5,8350.5,8377.5,7000.0,7000.0,7000.0,-9.5,0.5,-26.5,700.0,900.0,0.0,0.8170000000000006,0.2670000000000002,0.0,27.0,0
1.167,8374.0,8364.0,8391.0,8367.5,8357.5,8384.5,7000.0,7000.0,7000.0,-9.5,0.5,-26.5,700.0,900.0,0.0,0.8180000000000006,0.2680000000000002,0.0,27.0,0
1.168,8382.0,8371.0,8398.0,8374.5,8364.5,8391.5,8000.0,7000.0,7000.0,-9.5,0.5,-26.5,700.0,900.0,0.0,0.8190000000000006,0.2690000000000002,0.0,27.0,0
1.169,8389.0,8378.0,8405.0,8382.5,8371.5,8398.5,7000.0,7000.0,7000.0,-10.5,0.5,-26.5,700.0,900.0,0.0,0.8200000000000006,0.2700000000000002,0.0,27.0,0
1.17,8395.0,8384.0,8412.0,8389.5,8378.5,8405.5,6000.0,6000.0,7000.0,-10.5,0.5,-26.5,700.0,900.0,0.0,0.8210000000000006,0.2710000000000002,0.0,28.0,0
1.171,8402.0,8391.0,8419.0,8395.5,8384.5,8412.5,7000.0,7000.0,7000.0,-10.5,0.5,-27.5,700.0,900.0,0.0,0.8220000000000006,0.2720000000000002,0.0,28.0,0
1.172,8409.0,8398.0,8425.0,8402.5,8391.5,8419.5,7000.0,7000.0,6000.0,-10.5,0.5,-27.5,700.0,900.0,0.0,0.8230000000000006,0.2730000000000002,0.0,27.0,0
1.173,8416.0,8405.0,8432.0,8409.5,8398.5,8425.5,7000.0,7000.0,7000.0,-10.5,0.5,-26.5,700.0,900.0,0.0,0.8240000000000006,0.2740000000000002,0.0,27.0,0
1.174,8423.0,8412.0,8439.0,8416.5,8405.5,8432.5,7000.0,7000.0,7000.0,-10.5,0.5,-26.5,700.0,900.0,0.0,0.8250000000000006,0.2750000000000002,0.0,27.0,0
1.175,8429.0,8419.0,8446.0,8423.5,8412.5,8439.5,6000.0,7000.0,7000.0,-10.5,0.5,-26.5,700.0,900.0,0.0,0.8260000000000006,0.2760000000000002,0.0,27.0,0
1.176,8436.0,8426.0,8453.0,8429.5,8419.5,8446.5,7000.0,7000.0,7000.0,-9.5,0.5,-26.5,700.0,900.0,0.0,0.8270000000000006,0.2770000000000002,0.0,27.0,0
1.177,8444.0,8433.0,8460.0,8436.5,8426.5,8453.5,8000.0,7000.0,7000.0,-9.5,0.5,-26.5,700.0,900.0,0.0,0.8280000000000006,0.2780000000000002,0.0,27.0,0
1.178,8450.0,8440.0,8467.0,8444.5,8433.5,8460.5,6000.0,7000.0,7000.0,-10.5,0.5,-26.5,700.0,900.0,0.0,0.8290000000000006,0.2790000000000002,0.0,27.0,0
1.179,8458.0,8447.0,8474.0,8450.5,8440.5,8467.5,8000.0,7000.0,7000.0,-9.5,0.5,-26.5,700.0,900.0,0.0,0.8300000000000006,0.2800000000000002,0.0,27.0,0
1.18,8465.0,8453.0,8481.0,8458.5,8447.5,8474.5,7000.0,6000.0,7000.0,-10.5,0.5,-26.5,700.0,900.0,0.0,0.8310000000000006,0.2810000000000002,0.0,28.0,0
1.181,8471.0,8460.0,8488.0,8465.5,8453.5,8481.5,6000.0,7000.0,7000.0,-11.5,0.5,-27.5,700.0,900.0,0.0,0.8320000000000006,0.2820000000000002,0.0,28.0,0
1.182,8478.0,8467.0,8495.0,8471.5,8460.5,8488.5,7000.0,7000.0,7000.0,-10.5,0.5,-27.5,700.0,900.0,0.0,0.8330000000000006,0.2830000000000002,0.0,28.0,0
1.183,8485.0,8474.0,8501.0,8478.5,8467.5,8495.5,7000.0,7000.0,6000.0,-10.5,0.5,-27.5,700.0,900.0,0.0,0.8340000000000006,0.2840000000000002,0.0,27.0,0
1.184,8492.0,8481.0,8508.0,8485.5,8474.5,8501.5,7000.0,7000.0,7000.0,-10.5,0.5,-26.5,700.0,900.0,0.0,0.8350000000000006,0.2850000000000002,0.0,27.0,0
1.185,8499.0,8488.0,8515.0,8492.5,8481.5,8508.5,7000.0,7000.0,7000.0,-10.5,0.5,-26.5,700.0,900.0,0.0,0.8360000000000006,0.2860000000000002,0.0,27.0,0
1.186,8505.0,8495.0,8522.0,8499.5,8488.5,8515.5,6000.0,7000.0,7000.0,-10.5,0.5,-26.5,700.0,900.0,0.0,0.8370000000000006,0.2870000000000002,0.0,27.0,0
1.187,8512.0,8502.0,8529.0,8505.5,8495.5,8522.5,7000.0,7000.0,7000.0,-9.5,0.5,-26.5,700.0,900.0,0.0,0.8380000000000006,0.2880000000000002,0.0,27.0,0
1.188,8519.0,8509.0,8536.0,8512.5,8502.5,8529.5,7000.0,7000.0,7000.0,-9.5,0.5,-26.5,700.0,900.0,0.0,0.8390000000000006,0.2890000000000002,0.0,27.0,0
1.189,8527.0,8516.0,8543.0,8519.5,8509.5,8536.5,8000.0,7000.0,7000.0,-9.5,0.5,-26.5,700.0,900.0,0.0,0.8400000000000006,0.2900000000000002,0.0,27.0,0
1.19,8534.0,8522.0,8550.0,8527.5,8516.5,8543.5,7000.0,6000.0,7000.0,-10.5,0.5,-26.5,700.0,900.0,0.0,0.8410000000000006,0.2910000000000002,0.0,28.0,0
1.191,8540.0,8529.0,8557.0,8534.5,8522.5,8550.5,6000.0,7000.0,7000.0,-11.5,0.5,-27.5,700.0,900.0,0.0,0.8420000000000006,0.2920000000000002,0.0,28.0,0
1.192,8547.0,8536.0,8564.0,8540.5,8529.5,8557.5,7000.0,7000.0,7000.0,-10.5,0.5,-27.5,700.0,900.0,0.0,0.8430000000000006,0.2930000000000002,0.0,28.0,0
1.193,8554.0,8543.0,8570.0,8547.5,8536.5,8564.5,7000.0,7000.0,6000.0,-10.5,0.5,-27.5,700.0,900.0,0.0,0.8440000000000006,0.2940000000000002,0.0,27.0,0
1.194,8561.0,8550.0,8577.0,8554.5,8543.5,8570.5,7000.0,7000.0,7000.0,-10.5,0.5,-26.5,700.0,900.0,0.0,0.8450000000000006,0.2950000000000002,0.0,27.0,0
1.195,8567.0,8557.0,8584.0,8561.5,8550.5,8577.5,6000.0,7000.0,7000.0,-10.5,0.5,-26.5,700.0,900.0,0.0,0.8460000000000006,0.2960000000000002,0.0,27.0,0
1.196,8574.0,8564.0,8591.0,8567.5,8557.5,8584.5,7000.0,7000.0,7000.0,-9.5,0.5,-26.5,700.0,900.0,0.0,0.8470000000000006,0.2970000000000002,0.0,27.0,0
1.197,8582.0,8571.0,8598.0,8574.5,8564.5,8591.5,8000.0,7000.0,7000.0,-9.5,0.5,-26.5,700.0,900.0,0.0,0.8480000000000006,0.2980000000000002,0.0,27.0,0
1.198,8589.0,8578.0,8605.0,8582.5,8571.5,8598.5,7000.0,7000.0,7000.0,-10.5,0.5,-26.5,700.0,900.0,0.0,0.8490000000000006,0.2990000000000002,0.0,27.0,0
1.199,8595.0,8585.0,8612.0,8589.5,8578.5,8605.5,6000.0,7000.0,7000.0,-10.5,0.5,-26.5,700.0,900.0,0.0,0.8500000000000006,0.3000000000000002,0.0,27.0,0
1.2,8602.0,8591.0,8619.0,8595.5,8585.5,8612.5,7000.0,6000.0,7000.0,-9.5,0.5,-26.5,700.0,900.0,0.0,0.8510000000000006,0.3010000000000002,0.0,28.0,0
1.201,8609.0,8598.0,8626.0,8602.5,8591.5,8619.5,7000.0,7000.0,7000.0,-10.5,0.5,-27.5,700.0,900.0,0.0,0.8520000000000006,0.3020000000000002,0.0,28.0,0
1.202,8616.0,8605.0,8633.0,8609.5,8598.5,8626.5,7000.0,7000.0,7000.0,-10.5,0.5,-27.5,700.0,900.0,0.0,0.8530000000000006,0.3030000000000002,0.0,28.0,0
1.203,8623.0,8612.0,8639.0,8616.5,8605.5,8633.5,7000.0,7000.0,6000.0,-10.5,0.5,-27.5,700.0,900.0,0.0,0.8540000000000006,0.3040000000000002,0.0,27.0,0
1.204,8630.0,8619.0,8646.0,8623.5,8612.5,8639.5,7000.0,7000.0,7000.0,-10.5,0.5,-26.5,700.0,900.0,0.0,0.8550000000000006,0.3050000000000002,0.0,27.0,0
1.205,8636.0,8626.0,8653.0,8630.5,8619.5,8646.5,6000.0,7000.0,7000.0,-10.5,0.5,-26.5,700.0,900.0,0.0,0.8560000000000006,0.3060000000000002,0.0,27.0,0
1.206,8643.0,8633.0,8660.0,8636.5,8626.5,8653.5,7000.0,7000.0,7000.0,-9.5,0.5,-26.5,700.0,900.0,0.0,0.8570000000000007,0.3070000000000002,0.0,27.0,0
1.207,8650.0,8640.0,8667.0,8643.5,8633.5,8660.5,7000.0,7000.0,7000.0,-9.5,0.5,-26.5,700.0,900.0,0.0,0.8580000000000007,0.3080000000000002,0.0,27.0,0
1.208,8658.0,8647.0,8674.0,8650.5,8640.5,8667.5,8000.0,7000.0,7000.0,-9.5,0.5,-26.5,700.0,900.0,0.0,0.8590000000000007,0.3090000000000002,0.0,27.0,0
1.209,8665.0,8654.0,8681.0,8658.5,8647.5,8674.5,7000.0,7000.0,7000.0,-10.5,0.5,-26.5,700.0,900.0,0.0,0.8600000000000007,0.3100000000000002,0.0,27.0,0
1.21,8671.0,8660.0,8688.0,8665.5,8654.5,8681.5,6000.0,6000.0,7000.0,-10.5,0.5,-26.5,700.0,900.0,0.0,0.8610000000000007,0.3110000000000002,0.0,28.0,0
1.211,8678.0,8667.0,8695.0,8671.5,8660.5,8688.5,7000.0,7000.0,7000.0,-10.5,0.5,-27.5,700.0,900.0,0.0,0.8620000000000007,0.3120000000000002,0.0,28.0,0
1.212,8685.0,8674.0,8701.0,8678.5,8667.5,8695.5,7000.0,7000.0,6000.0,-10.5,0.5,-27.5,700.0,900.0,0.0,0.8630000000000007,0.3130000000000002,0.0,27.0,0
1.213,8692.0,8681.0,8708.0,8685.5,8674.5,8701.5,7000.0,7000.0,7000.0,-10.5,0.5,-26.5,700.0,900.0,0.0,0.8640000000000007,0.3140000000000002,0.0,27.0,0
1.214,8699.0,8688.0,8715.0,8692.5,8681.5,8708.5,7000.0,7000.0,7000.0,-10.5,0.5,-26.5,700.0,900.0,0.0,0.8650000000000007,0.3150000000000002,0.0,27.0,0
1.215,8705.0,8695.0,8722.0,8699.5,8688.5,8715.5,6000.0,7000.0,7000.0,-10.5,0.5,-26.5,700.0,900.0,0.0,0.8660000000000007,0.3160000000000002,0.0,27.0,0
1.216,8712.0,8702.0,8729.0,8705.5,8695.5,8722.5,7000.0,7000.0,7000.0,-9.5,0.5,-26.5,700.0,900.0,0.0,0.8670000000000007,0.3170000000000002,0.0,27.0,0
1.217,8720.0,8709.0,8736.0,8712.5,8702.5,8729.5,8000.0,7000.0,7000.0,-9.5,0.5,-26.5,700.0,900.0,0.0,0.8680000000000007,0.3180000000000002,0.0,27.0,0
1.218,8726.0,8716.0,8743.0,8720.5,8709.5,8736.5,6000.0,7000.0,7000.0,-10.5,0.5,-26.5,700.0,900.0,0.0,0.8690000000000007,0.31900000000000023,0.0,27.0,0
1.219,8734.0,8723.0,8750.0,8726.5,8716.5,8743.5,8000.0,7000.0,7000.0,-9.5,0.5,-26.5,700.0,900.0,0.0,0.8700000000000007,0.32000000000000023,0.0,27.0,0
1.22,8741.0,8729.0,8757.0,8734.5,8723.5,8750.5,7000.0,6000.0,7000.0,-10.5,0.5,-26.5,700.0,900.0,0.0,0.8710000000000007,0.32100000000000023,0.0,28.0,0
1.221,8747.0,8736.0,8764.0,8741.5,8729.5,8757.5,6000.0,7000.0,7000.0,-11.5,0.5,-27.5,700.0,900.0,0.0,0.8720000000000007,0.32200000000000023,0.0,28.0,0
1.222,8754.0,8743.0,8771.0,8747.5,8736.5,8764.5,7000.0,7000.0,7000.0,-10.5,0.5,-27.5,700.0,900.0,0.0,0.8730000000000007,0.32300000000000023,0.0,28.0,0
1.223,8761.0,8750.0,8777.0,8754.5,8743.5,8771.5,7000.0,7000.0,6000.0,-10.5,0.5,-27.5,700.0,900.0,0.0,0.8740000000000007,0.32400000000000023,0.0,27.0,0
1.224,8768.0,8757.0,8784.0,8761.5,8750.5,8777.5,7000.0,7000.0,7000.0,-10.5,0.5,-26.5,700.0,900.0,0.0,0.8750000000000007,0.32500000000000023,0.0,27.0,0
1.225,8774.0,8764.0,8791.0,8768.5,8757.5,8784.5,6000.0,7000.0,7000.0,-10.5,0.5,-26.5,700.0,900.0,0.0,0.8760000000000007,0.32600000000000023,0.0,27.0,0
1.226,8781.0,8771.0,8798.0,8774.5,8764.5,8791.5,7000.0,7000.0,7000.0,-9.5,0.5,-26.5,700.0,900.0,0.0,0.8770000000000007,0.32700000000000023,0.0,27.0,0
1.227,8789.0,8778.0,8805.0,8781.5,8771.5,8798.5,8000.0,7000.0,7000.0,-9.5,0.5,-26.5,700.0,900.0,0.0,0.8780000000000007,0.32800000000000024,0.0,27.0,0
1.228,8796.0,8785.0,8812.0,8789.5,8778.5,8805.5,7000.0,7000.0,7000.0,-10.5,0.5,-26.5,700.0,900.0,0.0,0.8790000000000007,0.32900000000000024,0.0,27.0,0
1.229,8802.0,8792.0,8819.0,8796.5,8785.5,8812.5,6000.0,7000.0,7000.0,-10.5,0.5,-26.5,700.0,900.0,0.0,0.8800000000000007,0.33000000000000024,0.0,27.0,0
1.23,8809.0,8798.0,8826.0,8802.5,8792.5,8819.5,7000.0,6000.0,7000.0,-9.5,0.5,-26.5,700.0,900.0,0.0,0.8810000000000007,0.33100000000000024,0.0,28.0,0
1.231,8816.0,8805.0,8833.0,8809.5,8798.5,8826.5,7000.0,7000.0,7000.0,-10.5,0.5,-27.5,700.0,900.0,0.0,0.8820000000000007,0.33200000000000024,0.0,28.0,0
1.232,8823.0,8812.0,8840.0,8816.5,8805.5,8833.5,7000.0,7000.0,7000.0,-10.5,0.5,-27.5,700.0,900.0,0.0,0.8830000000000007,0.33300000000000024,0.0,28.0,0
1.233,8830.0,8819.0,8846.0,8823.5,8812.5,8840.5,7000.0,7000.0,6000.0,-10.5,0.5,-27.5,700.0,900.0,0.0,0.8840000000000007,0.33400000000000024,0.0,27.0,0
1.234,8837.0,8826.0,8853.0,8830.5,8819.5,8846.5,7000.0,7000.0,7000.0,-10.5,0.5,-26.5,700.0,900.0,0.0,0.8850000000000007,0.33500000000000024,0.0,27.0,0
1.235,8843.0,8833.0,8860.0,8837.5,8826.5,8853.5,6000.0,7000.0,7000.0,-10.5,0.5,-26.5,700.0,900.0,0.0,0.8860000000000007,0.33600000000000024,0.0,27.0,0
1.236,8850.0,8840.0,8867.0,8843.5,8833.5,8860.5,7000.0,7000.0,7000.0,-9.5,0.5,-26.5,700.0,900.0,0.0,0.8870000000000007,0.33700000000000024,0.0,27.0,0
1.237,8857.0,8847.0,8874.0,8850.5,8840.5,8867.5,7000.0,7000.0,7000.0,-9.5,0.5,-26.5,700.0,900.0,0.0,0.8880000000000007,0.33800000000000024,0.0,27.0,0
1.238,8865.0,8854.0,8881.0,8857.5,8847.5,8874.5,8000.0,7000.0,7000.0,-9.5,0.5,-26.5,700.0,900.0,0.0,0.8890000000000007,0.33900000000000025,0.0,27.0,0
1.239,8872.0,8861.0,8888.0,8865.5,8854.5,8881.5,7000.0,7000.0,7000.0,-10.5,0.5,-26.5,700.0,900.0,0.0,0.8900000000000007,0.34000000000000025,0.0,27.0,0
1.24,8878.0,8867.0,8895.0,8872.5,8861.5,8888.5,6000.0,6000.0,7000.0,-10.5,0.5,-26.5,700.0,900.0,0.0,0.8910000000000007,0.34100000000000025,0.0,28.0,0
1.241,8885.0,8874.0,8902.0,8878.5,8867.5,8895.5,7000.0,7000.0,7000.0,-10.5,0.5,-27.5,700.0,900.0,0.0,0.8920000000000007,0.34200000000000025,0.0,28.0,0
1.242,8892.0,8881.0,8909.0,8885.5,8874.5,8902.5,7000.0,7000.0,7000.0,-10.5,0.5,-27.5,700.0,900.0,0.0,0.8930000000000007,0.34300000000000025,0.0,28.0,0
1.243,8899.0,8888.0,8915.0,8892.5,8881.5,8909.5,7000.0,7000.0,6000.0,-10.5,0.5,-27.5,700.0,900.0,0.0,0.8940000000000007,0.34400000000000025,0.0,27.0,0
1.244,8906.0,8895.0,8922.0,8899.5,8888.5,8915.5,7000.0,7000.0,7000.0,-10.5,0.5,-26.5,700.0,900.0,0.0,0.8950000000000007,0.34500000000000025,0.0,27.0,0
1.245,8912.0,8902.0,8929.0,8906.5,8895.5,8922.5,6000.0,7000.0,7000.0,-10.5,0.5,-26.5,700.0,900.0,0.0,0.8960000000000007,0.34600000000000025,0.0,27.0,0
1.246,8919.0,8909.0,8936.0,8912.5,8902.5,8929.5,7000.0,7000.0,7000.0,-9.5,0.5,-26.5,700.0,900.0,0.0,0.8970000000000007,0.34700000000000025,0.0,27.0,0
1.247,8927.0,8916.0,8943.0,8919.5,8909.5,8936.5,8000.0,7000.0,7000.0,-9.5,0.5,-26.5,700.0,900.0,0.0,0.8980000000000007,0.34800000000000025,0.0,27.0,0
1.248,8933.0,8923.0,8950.0,8927.5,8916.5,8943.5,6000.0,7000.0,7000.0,-10.5,0.5,-26.5,700.0,900.0,0.0,0.8990000000000007,0.34900000000000025,0.0,27.0,0
1.249,8941.0,8930.0,8957.0,8933.5,8923.5,8950.5,8000.0,7000.0,7000.0,-9.5,0.5,-26.5,700.0,900.0,0.0,0.9000000000000007,0.35000000000000026,0.0,27.0,0
1.25,8948.0,8936.0,8964.0,8941.5,8930.5,8957.5,7000.0,6000.0,7000.0,-10.5,0.5,-26.5,700.0,900.0,0.0,0.9010000000000007,0.35100000000000026,0.0,28.0,0
1.2510000000000001,8954.0,8943.0,8971.0,8948.5,8936.5,8964.5,6000.0,7000.0,7000.0,-11.5,0.5,-27.5,700.0,900.0,0.0,0.9020000000000007,0.35200000000000026,0.0,28.0,0
1.252,8961.0,8950.0,8977.0,8954.5,8943.5,8971.5,7000.0,7000.0,6000.0,-10.5,0.5,-27.5,700.0,900.0,0.0,0.9030000000000007,0.35300000000000026,0.0,27.0,0
1.2530000000000001,8968.0,8957.0,8984.0,8961.5,8950.5,8977.5,7000.0,7000.0,7000.0,-10.5,0.5,-26.5,700.0,900.0,0.0,0.9040000000000007,0.35400000000000026,0.0,27.0,0
1.254,8975.0,8964.0,8991.0,8968.5,8957.5,8984.5,7000.0,7000.0,7000.0,-10.5,0.5,-26.5,700.0,900.0,0.0,0.9050000000000007,0.35500000000000026,0.0,27.0,0
1.2550000000000001,8981.0,8971.0,8998.0,8975.5,8964.5,8991.5,6000.0,7000.0,7000.0,-10.5,0.5,-26.5,700.0,900.0,0.0,0.9060000000000007,0.35600000000000026,0.0,27.0,0
1.256,8988.0,8978.0,9005.0,8981.5,8971.5,8998.5,7000.0,7000.0,7000.0,-9.5,0.5,-26.5,700.0,900.0,0.0,0.9070000000000007,0.35700000000000026,0.0,27.0,0
1.2570000000000001,8996.0,8985.0,9012.0,8988.5,8978.5,9005.5,8000.0,7000.0,7000.0,-9.5,0.5,-26.5,700.0,900.0,0.0,0.9080000000000007,0.35800000000000026,0.0,27.0,0
1.258,9003.0,8992.0,9019.0,8996.5,8985.5,9012.5,7000.0,7000.0,7000.0,-10.5,0.5,-26.5,700.0,900.0,0.0,0.9090000000000007,0.35900000000000026,0.0,27.0,0
1.2590000000000001,9009.0,8999.0,9026.0,9003.5,8992.5,9019.5,6000.0,7000.0,7000.0,-10.5,0.5,-26.5,700.0,900.0,0.0,0.9100000000000007,0.36000000000000026,0.0,27.0,0
1.26,9016.0,9005.0,9033.0,9009.5,8999.5,9026.5,7000.0,6000.0,7000.0,-9.5,0.5,-26.5,700.0,900.0,0.0,0.9110000000000007,0.36100000000000027,0.0,28.0,0
1.2610000000000001,9023.0,9012.0,9040.0,9016.5,9005.5,9033.5,7000.0,7000.0,7000.0,-10.5,0.5,-27.5,700.0,900.0,0.0,0.9120000000000007,0.36200000000000027,0.0,28.0,0
1.262,9030.0,9019.0,9047.0,9023.5,9012.5,9040.5,7000.0,7000.0,7000.0,-10.5,0.5,-27.5,700.0,900.0,0.0,0.9130000000000007,0.36300000000000027,0.0,28.0,0
1.2630000000000001,9037.0,9026.0,9053.0,9030.5,9019.5,9047.5,7000.0,7000.0,6000.0,-10.5,0.5,-27.5,700.0,900.0,0.0,0.9140000000000007,0.36400000000000027,0.0,27.0,0
1.264,9044.0,9033.0,9060.0,9037.5,9026.5,9053.5,7000.0,7000.0,7000.0,-10.5,0.5,-26.5,700.0,900.0,0.0,0.9150000000000007,0.36500000000000027,0.0,27.0,0
1.2650000000000001,9050.0,9040.0,9067.0,9044.5,9033.5,9060.5,6000.0,7000.0,7000.0,-10.5,0.5,-26.5,700.0,900.0,0.0,0.9160000000000007,0.36600000000000027,0.0,27.0,0
1.266,9057.0,9047.0,9074.0,9050.5,9040.5,9067.5,7000.0,7000.0,7000.0,-9.5,0.5,-26.5,700.0,900.0,0.0,0.9170000000000007,0.36700000000000027,0.0,27.0,0
1.2670000000000001,9065.0,9054.0,9081.0,9057.5,9047.5,9074.5,8000.0,7000.0,7000.0,-9.5,0.5,-26.5,700.0,900.0,0.0,0.9180000000000007,0.36800000000000027,0.0,27.0,0
1.268,9071.0,9061.0,9088.0,9065.5,9054.5,9081.5,6000.0,7000.0,7000.0,-10.5,0.5,-26.5,700.0,900.0,0.0,0.9190000000000007,0.36900000000000027,0.0,27.0,0
1.2690000000000001,9079.0,9068.0,9095.0,9071.5,9061.5,9088.5,8000.0,7000.0,7000.0,-9.5,0.5,-26.5,700.0,900.0,0.0,0.9200000000000007,0.3700000000000003,0.0,27.0,0
1.27,9086.0,9074.0,9102.0,9079.5,9068.5,9095.5,7000.0,6000.0,7000.0,-10.5,0.5,-26.5,700.0,900.0,0.0,0.9210000000000007,0.3710000000000003,0.0,28.0,0
1.2710000000000001,9092.0,9081.0,9109.0,9086.5,9074.5,9102.5,6000.0,7000.0,7000.0,-11.5,0.5,-27.5,700.0,900.0,0.0,0.9220000000000007,0.3720000000000003,0.0,28.0,0
1.272,9099.0,9088.0,9116.0,9092.5,9081.5,9109.5,7000.0,7000.0,7000.0,-10.5,0.5,-27.5,700.0,900.0,0.0,0.9230000000000007,0.3730000000000003,0.0,28.0,0
1.2730000000000001,9106.0,9095.0,9122.0,9099.5,9088.5,9116.5,7000.0,7000.0,6000.0,-10.5,0.5,-27.5,700.0,900.0,0.0,0.9240000000000007,0.3740000000000003,0.0,27.0,0
1.274,9113.0,9102.0,9129.0,9106.5,9095.5,9122.5,7000.0,7000.0,7000.0,-10.5,0.5,-26.5,700.0,900.0,0.0,0.9250000000000007,0.3750000000000003,0.0,27.0,0
1.2750000000000001,9119.0,9109.0,9136.0,9113.5,9102.5,9129.5,6000.0,7000.0,7000.0,-10.5,0.5,-26.5,700.0,900.0,0.0,0.9260000000000007,0.3760000000000003,0.0,27.0,0
1.276,9126.0,9116.0,9143.0,9119.5,9109.5,9136.5,7000.0,7000.0,7000.0,-9.5,0.5,-26.5,700.0,900.0,0.0,0.9270000000000007,0.3770000000000003,0.0,27.0,0
1.2770000000000001,9134.0,9123.0,9150.0,9126.5,9116.5,9143.5,8000.0,7000.0,7000.0,-9.5,0.5,-26.5,700.0,900.0,0.0,0.9280000000000007,0.3780000000000003,0.0,27.0,0
1.278,9141.0,9130.0,9157.0,9134.5,9123.5,9150.5,7000.0,7000.0,7000.0,-10.5,0.5,-26.5,700.0,900.0,0.0,0.9290000000000007,0.3790000000000003,0.0,27.0,0
1.2790000000000001,9147.0,9137.0,9164.0,9141.5,9130.5,9157.5,6000.0,7000.0,7000.0,-10.5,0.5,-26.5,700.0,900.0,0.0,0.9300000000000007,0.3800000000000003,0.0,27.0,0
1.28,9154.0,9143.0,9171.0,9147.5,9137.5,9164.5,7000.0,6000.0,7000.0,-9.5,0.5,-26.5,700.0,900.0,0.0,0.9310000000000007,0.3810000000000003,0.0,28.0,0
1.281,9161.0,9150.0,9178.0,9154.5,9143.5,9171.5,7000.0,7000.0,7000.0,-10.5,0.5,-27.5,700.0,900.0,0.0,0.9320000000000007,0.3820000000000003,0.0,28.0,0
1.282,9168.0,9157.0,9185.0,9161.5,9150.5,9178.5,7000.0,7000.0,7000.0,-10.5,0.5,-27.5,700.0,900.0,0.0,0.9330000000000007,0.3830000000000003,0.0,28.0,0
1.283,9175.0,9164.0,9191.0,9168.5,9157.5,9185.5,7000.0,7000.0,6000.0,-10.5,0.5,-27.5,700.0,900.0,0.0,0.9340000000000007,0.3840000000000003,0.0,27.0,0
1.284,9182.0,9171.0,9198.0,9175.5,9164.5,9191.5,7000.0,7000.0,7000.0,-10.5,0.5,-26.5,700.0,900.0,0.0,0.9350000000000007,0.3850000000000003,0.0,27.0,0
1.285,9188.0,9178.0,9205.0,9182.5,9171.5,9198.5,6000.0,7000.0,7000.0,-10.5,0.5,-26.5,700.0,900.0,0.0,0.9360000000000007,0.3860000000000003,0.0,27.0,0
1.286,9195.0,9185.0,9212.0,9188.5,9178.5,9205.5,7000.0,7000.0,7000.0,-9.5,0.5,-26.5,700.0,900.0,0.0,0.9370000000000007,0.3870000000000003,0.0,27.0,0
1.287,9202.0,9192.0,9219.0,9195.5,9185.5,9212.5,7000.0,7000.0,7000.0,-9.5,0.5,-26.5,700.0,900.0,0.0,0.9380000000000007,0.3880000000000003,0.0,27.0,0
1.288,9210.0,9199.0,9226.0,9202.5,9192.5,9219.5,8000.0,7000.0,7000.0,-9.5,0.5,-26.5,700.0,900.0,0.0,0.9390000000000007,0.3890000000000003,0.0,27.0,0
1.289,9217.0,9206.0,9233.0,9210.5,9199.5,9226.5,7000.0,7000.0,7000.0,-10.5,0.5,-26.5,700.0,900.0,0.0,0.9400000000000007,0.3900000000000003,0.0,27.0,0
1.29,9223.0,9212.0,9240.0,9217.5,9206.5,9233.5,6000.0,6000.0,7000.0,-10.5,0.5,-26.5,700.0,900.0,0.0,0.9410000000000007,0.3910000000000003,0.0,28.0,0
1.291,9230.0,9219.0,9247.0,9223.5,9212.5,9240.5,7000.0,7000.0,7000.0,-10.5,0.5,-27.5,700.0,900.0,0.0,0.9420000000000007,0.3920000000000003,0.0,28.0,0
1.292,9237.0,9226.0,9253.0,9230.5,9219.5,9247.5,7000.0,7000.0,6000.0,-10.5,0.5,-27.5,700.0,900.0,0.0,0.9430000000000007,0.3930000000000003,0.0,27.0,0
1.293,9244.0,9233.0,9260.0,9237.5,9226.5,9253.5,7000.0,7000.0,7000.0,-10.5,0.5,-26.5,700.0,900.0,0.0,0.9440000000000007,0.3940000000000003,0.0,27.0,0
1.294,9251.0,9240.0,9267.0,9244.5,9233.5,9260.5,7000.0,7000.0,7000.0,-10.5,0.5,-26.5,700.0,900.0,0.0,0.9450000000000007,0.3950000000000003,0.0,27.0,0
1.295,9257.0,9247.0,9274.0,9251.5,9240.5,9267.5,6000.0,7000.0,7000.0,-10.5,0.5,-26.5,700.0,900.0,0.0,0.9460000000000007,0.3960000000000003,0.0,27.0,0
1.296,9264.0,9254.0,9281.0,9257.5,9247.5,9274.5,7000.0,7000.0,7000.0,-9.5,0.5,-26.5,700.0,900.0,0.0,0.9470000000000007,0.3970000000000003,0.0,27.0,0
1.297,9272.0,9261.0,9288.0,9264.5,9254.5,9281.5,8000.0,7000.0,7000.0,-9.5,0.5,-26.5,700.0,900.0,0.0,0.9480000000000007,0.3980000000000003,0.0,27.0,0
1.298,9278.0,9268.0,9295.0,9272.5,9261.5,9288.5,6000.0,7000.0,7000.0,-10.5,0.5,-26.5,700.0,900.0,0.0,0.9490000000000007,0.3990000000000003,0.0,27.0,0
1.299,9286.0,9275.0,9302.0,9278.5,9268.5,9295.5,8000.0,7000.0,7000.0,-9.5,0.5,-26.5,700.0,900.0,0.0,0.9500000000000007,0.4000000000000003,0.0,27.0,0
1.3,9293.0,9281.0,9309.0,9286.5,9275.5,9302.5,7000.0,6000.0,7000.0,-10.5,0.5,-26.5,700.0,900.0,0.0,0.9510000000000007,0.4010000000000003,0.0,28.0,0
1.301,9299.0,9288.0,9316.0,9293.5,9281.5,9309.5,6000.0,7000.0,7000.0,-11.5,0.5,-27.5,700.0,900.0,0.0,0.9520000000000007,0.4020000000000003,0.0,28.0,0
1.302,9306.0,9295.0,9323.0,9299.5,9288.5,9316.5,7000.0,7000.0,7000.0,-10.5,0.5,-27.5,700.0,900.0,0.0,0.9530000000000007,0.4030000000000003,0.0,28.0,0
1.303,9313.0,9302.0,9329.0,9306.5,9295.5,9323.5,7000.0,7000.0,6000.0,-10.5,0.5,-27.5,700.0,900.0,0.0,0.9540000000000007,0.4040000000000003,0.0,27.0,0
1.304,9320.0,9309.0,9336.0,9313.5,9302.5,9329.5,7000.0,7000.0,7000.0,-10.5,0.5,-26.5,700.0,900.0,0.0,0.9550000000000007,0.4050000000000003,0.0,27.0,0
1.305,9327.0,9316.0,9343.0,9320.5,9309.5,9336.5,7000.0,7000.0,7000.0,-10.5,0.5,-26.5,700.0,900.0,0.0,0.9560000000000007,0.4060000000000003,0.0,27.0,0
1.306,9333.0,9323.0,9350.0,9327.5,9316.5,9343.5,6000.0,7000.0,7000.0,-10.5,0.5,-26.5,700.0,900.0,0.0,0.9570000000000007,0.4070000000000003,0.0,27.0,0
1.307,9340.0,9330.0,9357.0,9333.5,9323.5,9350.5,7000.0,7000.0,7000.0,-9.5,0.5,-26.5,700.0,900.0,0.0,0.9580000000000007,0.4080000000000003,0.0,27.0,0
1.308,9347.0,9337.0,9364.0,9340.5,9330.5,9357.5,7000.0,7000.0,7000.0,-9.5,0.5,-26.5,700.0,900.0,0.0,0.9590000000000007,0.4090000000000003,0.0,27.0,0
1.309,9355.0,9344.0,9371.0,9347.5,9337.5,9364.5,8000.0,7000.0,7000.0,-9.5,0.5,-26.5,700.0,900.0,0.0,0.9600000000000007,0.4100000000000003,0.0,27.0,0
1.31,9362.0,9350.0,9378.0,9355.5,9344.5,9371.5,7000.0,6000.0,7000.0,-10.5,0.5,-26.5,700.0,900.0,0.0,0.9610000000000007,0.4110000000000003,0.0,28.0,0
1.311,9368.0,9357.0,9385.0,9362.5,9350.5,9378.5,6000.0,7000.0,7000.0,-11.5,0.5,-27.5,700.0,900.0,0.0,0.9620000000000007,0.4120000000000003,0.0,28.0,0
1.312,9375.0,9364.0,9392.0,9368.5,9357.5,9385.5,7000.0,7000.0,7000.0,-10.5,0.5,-27.5,700.0,900.0,0.0,0.9630000000000007,0.4130000000000003,0.0,28.0,0
1.313,9382.0,9371.0,9398.0,9375.5,9364.5,9392.5,7000.0,7000.0,6000.0,-10.5,0.5,-27.5,700.0,900.0,0.0,0.9640000000000007,0.4140000000000003,0.0,27.0,0
1.314,9389.0,9378.0,9405.0,9382.5,9371.5,9398.5,7000.0,7000.0,7000.0,-10.5,0.5,-26.5,700.0,900.0,0.0,0.9650000000000007,0.4150000000000003,0.0,27.0,0
1.315,9395.0,9385.0,9412.0,9389.5,9378.5,9405.5,6000.0,7000.0,7000.0,-10.5,0.5,-26.5,700.0,900.0,0.0,0.9660000000000007,0.4160000000000003,0.0,27.0,0
1.316,9402.0,9392.0,9419.0,9395.5,9385.5,9412.5,7000.0,7000.0,7000.0,-9.5,0.5,-26.5,700.0,900.0,0.0,0.9670000000000007,0.4170000000000003,0.0,27.0,0
1.317,9410.0,9399.0,9426.0,9402.5,9392.5,9419.5,8000.0,7000.0,7000.0,-9.5,0.5,-26.5,700.0,900.0,0.0,0.9680000000000007,0.4180000000000003,0.0,27.0,0
1.318,9417.0,9406.0,9433.0,9410.5,9399.5,9426.5,7000.0,7000.0,7000.0,-10.5,0.5,-26.5,700.0,900.0,0.0,0.9690000000000007,0.4190000000000003,0.0,27.0,0
1.319,9423.0,9413.0,9440.0,9417.5,9406.5,9433.5,6000.0,7000.0,7000.0,-10.5,0.5,-26.5,700.0,900.0,0.0,0.9700000000000008,0.4200000000000003,0.0,27.0,0
1.32,9430.0,9419.0,9447.0,9423.5,9413.5,9440.5,7000.0,6000.0,7000.0,-9.5,0.5,-26.5,700.0,900.0,0.0,0.9710000000000008,0.4210000000000003,0.0,28.0,0
1.321,9437.0,9426.0,9454.0,9430.5,9419.5,9447.5,7000.0,7000.0,7000.0,-10.5,0.5,-27.5,700.0,900.0,0.0,0.9720000000000008,0.4220000000000003,0.0,28.0,0
1.322,9444.0,9433.0,9461.0,9437.5,9426.5,9454.5,7000.0,7000.0,7000.0,-10.5,0.5,-27.5,700.0,900.0,0.0,0.9730000000000008,0.4230000000000003,0.0,28.0,0
1.323,9451.0,9440.0,9467.0,9444.5,9433.5,9461.5,7000.0,7000.0,6000.0,-10.5,0.5,-27.5,700.0,900.0,0.0,0.9740000000000008,0.4240000000000003,0.0,27.0,0
1.324,9458.0,9447.0,9474.0,9451.5,9440.5,9467.5,7000.0,7000.0,7000.0,-10.5,0.5,-26.5,700.0,900.0,0.0,0.9750000000000008,0.4250000000000003,0.0,27.0,0
1.325,9464.0,9454.0,9481.0,9458.5,9447.5,9474.5,6000.0,7000.0,7000.0,-10.5,0.5,-26.5,700.0,900.0,0.0,0.9760000000000008,0.4260000000000003,0.0,27.0,0
1.326,9471.0,9461.0,9488.0,9464.5,9454.5,9481.5,7000.0,7000.0,7000.0,-9.5,0.5,-26.5,700.0,900.0,0.0,0.9770000000000008,0.4270000000000003,0.0,27.0,0
1.327,9478.0,9468.0,9495.0,9471.5,9461.5,9488.5,7000.0,7000.0,7000.0,-9.5,0.5,-26.5,700.0,900.0,0.0,0.9780000000000008,0.4280000000000003,0.0,27.0,0
1.328,9486.0,9475.0,9502.0,9478.5,9468.5,9495.5,8000.0,7000.0,7000.0,-9.5,0.5,-26.5,700.0,900.0,0.0,0.9790000000000008,0.4290000000000003,0.0,27.0,0
1.329,9493.0,9482.0,9509.0,9486.5,9475.5,9502.5,7000.0,7000.0,7000.0,-10.5,0.5,-26.5,700.0,900.0,0.0,0.9800000000000008,0.4300000000000003,0.0,27.0,0
1.33,9499.0,9488.0,9516.0,9493.5,9482.5,9509.5,6000.0,6000.0,7000.0,-10.5,0.5,-26.5,700.0,900.0,0.0,0.9810000000000008,0.4310000000000003,0.0,28.0,0
1.331,9506.0,9495.0,9523.0,9499.5,9488.5,9516.5,7000.0,7000.0,7000.0,-10.5,0.5,-27.5,700.0,900.0,0.0,0.9820000000000008,0.43200000000000033,0.0,28.0,0
1.332,9513.0,9502.0,9529.0,9506.5,9495.5,9523.5,7000.0,7000.0,6000.0,-10.5,0.5,-27.5,700.0,900.0,0.0,0.9830000000000008,0.43300000000000033,0.0,27.0,0
1.333,9520.0,9509.0,9536.0,9513.5,9502.5,9529.5,7000.0,7000.0,7000.0,-10.5,0.5,-26.5,700.0,900.0,0.0,0.9840000000000008,0.43400000000000033,0.0,27.0,0
1.334,9527.0,9516.0,9543.0,9520.5,9509.5,9536.5,7000.0,7000.0,7000.0,-10.5,0.5,-26.5,700.0,900.0,0.0,0.9850000000000008,0.43500000000000033,0.0,27.0,0
1.335,9533.0,9523.0,9550.0,9527.5,9516.5,9543.5,6000.0,7000.0,7000.0,-10.5,0.5,-26.5,700.0,900.0,0.0,0.9860000000000008,0.43600000000000033,0.0,27.0,0
1.336,9540.0,9530.0,9557.0,9533.5,9523.5,9550.5,7000.0,7000.0,7000.0,-9.5,0.5,-26.5,700.0,900.0,0.0,0.9870000000000008,0.43700000000000033,0.0,27.0,0
1.337,9548.0,9537.0,9564.0,9540.5,9530.5,9557.5,8000.0,7000.0,7000.0,-9.5,0.5,-26.5,700.0,900.0,0.0,0.9880000000000008,0.43800000000000033,0.0,27.0,0
1.338,9554.0,9544.0,9571.0,9548.5,9537.5,9564.5,6000.0,7000.0,7000.0,-10.5,0.5,-26.5,700.0,900.0,0.0,0.9890000000000008,0.43900000000000033,0.0,27.0,0
1.339,9562.0,9551.0,9578.0,9554.5,9544.5,9571.5,8000.0,7000.0,7000.0,-9.5,0.5,-26.5,700.0,900.0,0.0,0.9900000000000008,0.44000000000000034,0.0,27.0,0
1.34,9569.0,9557.0,9585.0,9562.5,9551.5,9578.5,7000.0,6000.0,7000.0,-10.5,0.5,-26.5,700.0,900.0,0.0,0.9910000000000008,0.44100000000000034,0.0,28.0,0
1.341,9575.0,9564.0,9592.0,9569.5,9557.5,9585.5,6000.0,7000.0,7000.0,-11.5,0.5,-27.5,700.0,900.0,0.0,0.9920000000000008,0.44200000000000034,0.0,28.0,0
1.342,9582.0,9571.0,9599.0,9575.5,9564.5,9592.5,7000.0,7000.0,7000.0,-10.5,0.5,-27.5,700.0,900.0,0.0,0.9930000000000008,0.44300000000000034,0.0,28.0,0
1.343,9589.0,9578.0,9605.0,9582.5,9571.5,9599.5,7000.0,7000.0,6000.0,-10.5,0.5,-27.5,700.0,900.0,0.0,0.9940000000000008,0.44400000000000034,0.0,27.0,0
1.344,9596.0,9585.0,9612.0,9589.5,9578.5,9605.5,7000.0,7000.0,7000.0,-10.5,0.5,-26.5,700.0,900.0,0.0,0.9950000000000008,0.44500000000000034,0.0,27.0,0
1.345,9602.0,9592.0,9619.0,9596.5,9585.5,9612.5,6000.0,7000.0,7000.0,-10.5,0.5,-26.5,700.0,900.0,0.0,0.9960000000000008,0.44600000000000034,0.0,27.0,0
1.346,9609.0,9599.0,9626.0,9602.5,9592.5,9619.5,7000.0,7000.0,7000.0,-9.5,0.5,-26.5,700.0,900.0,0.0,0.9970000000000008,0.44700000000000034,0.0,27.0,0
1.347,9617.0,9606.0,9633.0,9609.5,9599.5,9626.5,8000.0,7000.0,7000.0,-9.5,0.5,-26.5,700.0,900.0,0.0,0.9980000000000008,0.44800000000000034,0.0,27.0,0
1.348,9624.0,9613.0,9640.0,9617.5,9606.5,9633.5,7000.0,7000.0,7000.0,-10.5,0.5,-26.5,700.0,900.0,0.0,0.9990000000000008,0.44900000000000034,0.0,27.0,0
1.349,9630.0,9620.0,9647.0,9624.5,9613.5,9640.5,6000.0,7000.0,7000.0,-10.5,0.5,-26.5,700.0,900.0,0.0,1.0000000000000007,0.45000000000000034,0.0,27.0,0
1.35,9637.0,9626.0,9654.0,9630.5,9620.5,9647.5,7000.0,6000.0,7000.0,-9.5,0.5,-26.5,700.0,900.0,0.0,1.0010000000000006,0.45100000000000035,0.0,28.0,0
1.351,9644.0,9633.0,9661.0,9637.5,9626.5,9654.5,7000.0,7000.0,7000.0,-10.5,0.5,-27.5,700.0,900.0,0.0,1.0020000000000004,0.45200000000000035,0.0,28.0,0
1.352,9651.0,9640.0,9668.0,9644.5,9633.5,9661.5,7000.0,7000.0,7000.0,-10.5,0.5,-27.5,700.0,900.0,0.0,1.0030000000000003,0.45300000000000035,0.0,28.0,0
1.353,9658.0,9647.0,9674.0,9651.5,9640.5,9668.5,7000.0,7000.0,6000.0,-10.5,0.5,-27.5,700.0,900.0,0.0,1.0040000000000002,0.45400000000000035,0.0,27.0,0
1.354,9665.0,9654.0,9681.0,9658.5,9647.5,9674.5,7000.0,7000.0,7000.0,-10.5,0.5,-26.5,700.0,900.0,0.0,1.0050000000000001,0.45500000000000035,0.0,27.0,0
1.355,9671.0,9661.0,9688.0,9665.5,9654.5,9681.5,6000.0,7000.0,7000.0,-10.5,0.5,-26.5,700.0,900.0,0.0,1.006,0.45600000000000035,0.0,27.0,0
1.356,9678.0,9668.0,9695.0,9671.5,9661.5,9688.5,7000.0,7000.0,7000.0,-9.5,0.5,-26.5,700.0,900.0,0.0,1.007,0.45700000000000035,0.0,27.0,0
1.357,9685.0,9675.0,9702.0,9678.5,9668.5,9695.5,7000.0,7000.0,7000.0,-9.5,0.5,-26.5,700.0,900.0,0.0,1.0079999999999998,0.45800000000000035,0.0,27.0,0
1.358,9693.0,9682.0,9709.0,9685.5,9675.5,9702.5,8000.0,7000.0,7000.0,-9.5,0.5,-26.5,700.0,900.0,0.0,1.0089999999999997,0.45900000000000035,0.0,27.0,0
1.359,9700.0,9689.0,9716.0,9693.5,9682.5,9709.5,7000.0,7000.0,7000.0,-10.5,0.5,-26.5,700.0,900.0,0.0,1.0099999999999996,0.46000000000000035,0.0,27.0,0
1.36,9706.0,9695.0,9723.0,9700.5,9689.5,9716.5,6000.0,6000.0,7000.0,-10.5,0.5,-26.5,700.0,900.0,0.0,1.0109999999999995,0.46100000000000035,0.0,28.0,0
1.361,9713.0,9702.0,9730.0,9706.5,9695.5,9723.5,7000.0,7000.0,7000.0,-10.5,0.5,-27.5,700.0,900.0,0.0,1.0119999999999993,0.46200000000000035,0.0,28.0,0
1.362,9720.0,9709.0,9737.0,9713.5,9702.5,9730.5,7000.0,7000.0,7000.0,-10.5,0.5,-27.5,700.0,900.0,0.0,1.0129999999999992,0.46300000000000036,0.0,28.0,0
1.363,9727.0,9716.0,9743.0,9720.5,9709.5,9737.5,7000.0,7000.0,6000.0,-10.5,0.5,-27.5,700.0,900.0,0.0,1.0139999999999991,0.46400000000000036,0.0,27.0,0
1.364,9734.0,9723.0,9750.0,9727.5,9716.5,9743.5,7000.0,7000.0,7000.0,-10.5,0.5,-26.5,700.0,900.0,0.0,1.014999999999999,0.46500000000000036,0.0,27.0,0
1.365,9740.0,9730.0,9757.0,9734.5,9723.5,9750.5,6000.0,7000.0,7000.0,-10.5,0.5,-26.5,700.0,900.0,0.0,1.015999999999999,0.46600000000000036,0.0,27.0,0
1.366,9747.0,9737.0,9764.0,9740.5,9730.5,9757.5,7000.0,7000.0,7000.0,-9.5,0.5,-26.5,700.0,900.0,0.0,1.0169999999999988,0.46700000000000036,0.0,27.0,0
1.367,9755.0,9744.0,9771.0,9747.5,9737.5,9764.5,8000.0,7000.0,7000.0,-9.5,0.5,-26.5,700.0,900.0,0.0,1.0179999999999987,0.46800000000000036,0.0,27.0,0
1.368,9761.0,9751.0,9778.0,9755.5,9744.5,9771.5,6000.0,7000.0,7000.0,-10.5,0.5,-26.5,700.0,900.0,0.0,1.0189999999999986,0.46900000000000036,0.0,27.0,0
1.369,9769.0,9758.0,9785.0,9761.5,9751.5,9778.5,8000.0,7000.0,7000.0,-9.5,0.5,-26.5,700.0,900.0,0.0,1.0199999999999985,0.47000000000000036,0.0,27.0,0
1.37,9776.0,9764.0,9792.0,9769.5,9758.5,9785.5,7000.0,6000.0,7000.0,-10.5,0.5,-26.5,700.0,900.0,0.0,1.0209999999999984,0.47100000000000036,0.0,28.0,0
1.371,9782.0,9771.0,9799.0,9776.5,9764.5,9792.5,6000.0,7000.0,7000.0,-11.5,0.5,-27.5,700.0,900.0,0.0,1.0219999999999982,0.47200000000000036,0.0,28.0,0
1.372,9789.0,9778.0,9805.0,9782.5,9771.5,9799.5,7000.0,7000.0,6000.0,-10.5,0.5,-27.5,700.0,900.0,0.0,1.0229999999999981,0.47300000000000036,0.0,27.0,0
1.373,9796.0,9785.0,9812.0,9789.5,9778.5,9805.5,7000.0,7000.0,7000.0,-10.5,0.5,-26.5,700.0,900.0,0.0,1.023999999999998,0.47400000000000037,0.0,27.0,0
1.374,9803.0,9792.0,9819.0,9796.5,9785.5,9812.5,7000.0,7000.0,7000.0,-10.5,0.5,-26.5,700.0,900.0,0.0,1.024999999999998,0.47500000000000037,0.0,27.0,0
1.375,9810.0,9799.0,9826.0,9803.5,9792.5,9819.5,7000.0,7000.0,7000.0,-10.5,0.5,-26.5,700.0,900.0,0.0,1.0259999999999978,0.47600000000000037,0.0,27.0,0
1.3760000000000001,9816.0,9806.0,9833.0,9810.5,9799.5,9826.5,6000.0,7000.0,7000.0,-10.5,0.5,-26.5,700.0,900.0,0.0,1.0269999999999977,0.47700000000000037,0.0,27.0,0
1.377,9823.0,9813.0,9840.0,9816.5,9806.5,9833.5,7000.0,7000.0,7000.0,-9.5,0.5,-26.5,700.0,900.0,0.0,1.0279999999999976,0.47800000000000037,0.0,27.0,0
1.3780000000000001,9830.0,9820.0,9847.0,9823.5,9813.5,9840.5,7000.0,7000.0,7000.0,-9.5,0.5,-26.5,700.0,900.0,0.0,1.0289999999999975,0.47900000000000037,0.0,27.0,0
1.379,9838.0,9827.0,9854.0,9830.5,9820.5,9847.5,8000.0,7000.0,7000.0,-9.5,0.5,-26.5,700.0,900.0,0.0,1.0299999999999974,0.48000000000000037,0.0,27.0,0
1.3800000000000001,9845.0,9833.0,9861.0,9838.5,9827.5,9854.5,7000.0,6000.0,7000.0,-10.5,0.5,-26.5,700.0,900.0,0.0,1.0309999999999973,0.48100000000000037,0.0,28.0,0
1.381,9851.0,9840.0,9868.0,9845.5,9833.5,9861.5,6000.0,7000.0,7000.0,-11.5,0.5,-27.5,700.0,900.0,0.0,1.0319999999999971,0.4820000000000004,0.0,28.0,0
1.3820000000000001,9858.0,9847.0,9875.0,9851.5,9840.5,9868.5,7000.0,7000.0,7000.0,-10.5,0.5,-27.5,700.0,900.0,0.0,1.032999999999997,0.4830000000000004,0.0,28.0,0
1.383,9865.0,9854.0,9881.0,9858.5,9847.5,9875.5,7000.0,7000.0,6000.0,-10.5,0.5,-27.5,700.0,900.0,0.0,1.033999999999997,0.4840000000000004,0.0,27.0,0
1.3840000000000001,9872.0,9861.0,9888.0,9865.5,9854.5,9881.5,7000.0,7000.0,7000.0,-10.5,0.5,-26.5,700.0,900.0,0.0,1.0349999999999968,0.4850000000000004,0.0,27.0,0
1.385,9878.0,9868.0,9895.0,9872.5,9861.5,9888.5,6000.0,7000.0,7000.0,-10.5,0.5,-26.5,700.0,900.0,0.0,1.0359999999999967,0.4860000000000004,0.0,27.0,0
1.3860000000000001,9885.0,9875.0,9902.0,9878.5,9868.5,9895.5,7000.0,7000.0,7000.0,-9.5,0.5,-26.5,700.0,900.0,0.0,1.0369999999999966,0.4870000000000004,0.0,27.0,0
1.387,9893.0,9882.0,9909.0,9885.5,9875.5,9902.5,8000.0,7000.0,7000.0,-9.5,0.5,-26.5,700.0,900.0,0.0,1.0379999999999965,0.4880000000000004,0.0,27.0,0
1.3880000000000001,9900.0,9889.0,9916.0,9893.5,9882.5,9909.5,7000.0,7000.0,7000.0,-10.5,0.5,-26.5,700.0,900.0,0.0,1.0389999999999964,0.4890000000000004,0.0,27.0,0
1.389,9906.0,9896.0,9923.0,9900.5,9889.5,9916.5,6000.0,7000.0,7000.0,-10.5,0.5,-26.5,700.0,900.0,0.0,1.0399999999999963,0.4900000000000004,0.0,27.0,0
1.3900000000000001,9913.0,9902.0,9930.0,9906.5,9896.5,9923.5,7000.0,6000.0,7000.0,-9.5,0.5,-26.5,700.0,900.0,0.0,1.0409999999999962,0.4910000000000004,0.0,28.0,0
1.391,9920.0,9909.0,9937.0,9913.5,9902.5,9930.5,7000.0,7000.0,7000.0,-10.5,0.5,-27.5,700.0,900.0,0.0,1.041999999999996,0.4920000000000004,0.0,28.0,0
1.3920000000000001,9927.0,9916.0,9944.0,9920.5,9909.5,9937.5,7000.0,7000.0,7000.0,-10.5,0.5,-27.5,700.0,900.0,0.0,1.042999999999996,0.4930000000000004,0.0,28.0,0
1.393,9934.0,9923.0,9950.0,9927.5,9916.5,9944.5,7000.0,7000.0,6000.0,-10.5,0.5,-27.5,700.0,900.0,0.0,1.0439999999999958,0.4940000000000004,0.0,27.0,0
1.3940000000000001,9941.0,9930.0,9957.0,9934.5,9923.5,9950.5,7000.0,7000.0,7000.0,-10.5,0.5,-26.5,700.0,900.0,0.0,1.0449999999999957,0.4950000000000004,0.0,27.0,0
1.395,9947.0,9937.0,9964.0,9941.5,9930.5,9957.5,6000.0,7000.0,7000.0,-10.5,0.5,-26.5,700.0,900.0,0.0,1.0459999999999956,0.4960000000000004,0.0,27.0,0
1.3960000000000001,9954.0,9944.0,9971.0,9947.5,9937.5,9964.5,7000.0,7000.0,7000.0,-9.5,0.5,-26.5,700.0,900.0,0.0,1.0469999999999955,0.4970000000000004,0.0,27.0,0
1.397,9961.0,9951.0,9978.0,9954.5,9944.5,9971.5,7000.0,7000.0,7000.0,-9.5,0.5,-26.5,700.0,900.0,0.0,1.0479999999999954,0.4980000000000004,0.0,27.0,0
1.3980000000000001,9969.0,9958.0,9985.0,9961.5,9951.5,9978.5,8000.0,7000.0,7000.0,-9.5,0.5,-26.5,700.0,900.0,0.0,1.0489999999999953,0.4990000000000004,0.0,27.0,0
1.399,9976.0,9965.0,9992.0,9969.5,9958.5,9985.5,7000.0,7000.0,7000.0,-10.5,0.5,-26.5,700.0,900.0,0.0,1.0499999999999952,0.5000000000000003,0.0,27.0,0
1.4000000000000001,9982.0,9971.0,9998.0,9976.5,9965.5,9992.5,6000.0,6000.0,6000.0,-10.5,0.5,-26.5,700.0,900.0,900.0,1.050999999999995,0.5010000000000003,0.001,27.0,0
1.401,9989.0,9978.0,10004.0,9982.5,9971.5,9998.5,7000.0,7000.0,6000.0,-10.5,0.5,-26.5,700.0,900.0,900.0,1.051999999999995,0.5020000000000003,0.002,26.0,0
1.4020000000000001,9996.0,9985.0,10010.0,9989.5,9978.5,10004.5,7000.0,7000.0,6000.0,-10.5,0.5,-25.5,700.0,900.0,900.0,1.0529999999999948,0.5030000000000003,0.003,25.0,0
1.403,10003.0,9992.0,10016.0,9996.5,9985.5,10010.5,7000.0,7000.0,6000.0,-10.5,0.5,-24.5,700.0,900.0,900.0,1.0539999999999947,0.5040000000000003,0.004,24.0,0
1.4040000000000001,10010.0,9999.0,10022.0,10003.5,9992.5,10016.5,7000.0,7000.0,6000.0,-10.5,0.5,-23.5,700.0,900.0,900.0,1.0549999999999946,0.5050000000000003,0.005,23.0,0
1.405,10016.0,10006.0,10028.0,10010.5,9999.5,10022.5,6000.0,7000.0,6000.0,-10.5,0.5,-22.5,700.0,900.0,900.0,1.0559999999999945,0.5060000000000003,0.006,22.0,0
1.4060000000000001,10023.0,10013.0,10034.0,10016.5,10006.5,10028.5,7000.0,7000.0,6000.0,-9.5,0.5,-21.5,700.0,900.0,900.0,1.0569999999999944,0.5070000000000003,0.007,21.0,0
1.407,10031.0,10020.0,10041.0,10023.5,10013.5,10034.5,8000.0,7000.0,7000.0,-9.5,0.5,-20.5,700.0,900.0,900.0,1.0579999999999943,0.5080000000000003,0.008,21.0,0
1.408,10037.0,10027.0,10047.0,10031.5,10020.5,10041.5,6000.0,7000.0,6000.0,-10.5,0.5,-20.5,700.0,900.0,900.0,1.0589999999999942,0.5090000000000003,0.009000000000000001,20.0,0
1.409,10045.0,10034.0,10053.0,10037.5,10027.5,10047.5,8000.0,7000.0,6000.0,-9.5,0.5,-19.5,700.0,900.0,900.0,1.059999999999994,0.5100000000000003,0.010000000000000002,19.0,0
1.41,10052.0,10040.0,10059.0,10045.5,10034.5,10053.5,7000.0,6000.0,6000.0,-10.5,0.5,-18.5,700.0,900.0,900.0,1.060999999999994,0.5110000000000003,0.011000000000000003,19.0,0
1.411,10058.0,10047.0,10066.0,10052.5,10040.5,10059.5,6000.0,7000.0,7000.0,-11.5,0.5,-18.5,700.0,900.0,900.0,1.0619999999999938,0.5120000000000003,0.012000000000000004,19.0,0
1.412,10065.0,10054.0,10072.0,10058.5,10047.5,10066.5,7000.0,7000.0,6000.0,-10.5,0.5,-18.5,700.0,900.0,900.0,1.0629999999999937,0.5130000000000003,0.013000000000000005,18.0,0
1.413,10072.0,10061.0,10078.0,10065.5,10054.5,10072.5,7000.0,7000.0,6000.0,-10.5,0.5,-17.5,700.0,900.0,900.0,1.0639999999999936,0.5140000000000003,0.014000000000000005,17.0,0
1.414,10079.0,10068.0,10084.0,10072.5,10061.5,10078.5,7000.0,7000.0,6000.0,-10.5,0.5,-16.5,700.0,900.0,900.0,1.0649999999999935,0.5150000000000003,0.015000000000000006,16.0,0
1.415,10085.0,10075.0,10091.0,10079.5,10068.5,10084.5,6000.0,7000.0,7000.0,-10.5,0.5,-15.5,700.0,900.0,900.0,1.0659999999999934,0.5160000000000003,0.016000000000000007,16.0,0
1.416,10092.0,10082.0,10097.0,10085.5,10075.5,10091.5,7000.0,7000.0,6000.0,-9.5,0.5,-15.5,700.0,900.0,900.0,1.0669999999999933,0.5170000000000003,0.017000000000000008,15.0,0
1.417,10100.0,10089.0,10104.0,10092.5,10082.5,10097.5,8000.0,7000.0,7000.0,-9.5,0.5,-14.5,700.0,900.0,900.0,1.0679999999999932,0.5180000000000003,0.01800000000000001,15.0,0
1.418,10107.0,10096.0,10110.0,10100.5,10089.5,10104.5,7000.0,7000.0,6000.0,-10.5,0.5,-14.5,700.0,900.0,900.0,1.068999999999993,0.5190000000000003,0.01900000000000001,14.0,0
1.419,10113.0,10103.0,10116.0,10107.5,10096.5,10110.5,6000.0,7000.0,6000.0,-10.5,0.5,-13.5,700.0,900.0,900.0,1.069999999999993,0.5200000000000004,0.02000000000000001,13.0,0
1.42,10120.0,10109.0,10123.0,10113.5,10103.5,10116.5,7000.0,6000.0,7000.0,-9.5,0.5,-12.5,700.0,900.0,900.0,1.0709999999999928,0.5210000000000004,0.02100000000000001,14.0,0
1.421,10127.0,10116.0,10129.0,10120.5,10109.5,10123.5,7000.0,7000.0,6000.0,-10.5,0.5,-13.5,700.0,900.0,900.0,1.0719999999999927,0.5220000000000004,0.022000000000000013,13.0,0
1.422,10134.0,10123.0,10136.0,10127.5,10116.5,10129.5,7000.0,7000.0,7000.0,-10.5,0.5,-12.5,700.0,900.0,900.0,1.0729999999999926,0.5230000000000004,0.023000000000000013,13.0,0
1.423,10141.0,10130.0,10142.0,10134.5,10123.5,10136.5,7000.0,7000.0,6000.0,-10.5,0.5,-12.5,700.0,900.0,900.0,1.0739999999999925,0.5240000000000004,0.024000000000000014,12.0,0
1.424,10148.0,10137.0,10149.0,10141.5,10130.5,10142.5,7000.0,7000.0,7000.0,-10.5,0.5,-11.5,700.0,900.0,900.0,1.0749999999999924,0.5250000000000004,0.025000000000000015,12.0,0
1.425,10154.0,10144.0,10155.0,10148.5,10137.5,10149.5,6000.0,7000.0,6000.0,-10.5,0.5,-11.5,700.0,900.0,900.0,1.0759999999999923,0.5260000000000004,0.026000000000000016,11.0,0
1.426,10161.0,10151.0,10162.0,10154.5,10144.5,10155.5,7000.0,7000.0,7000.0,-9.5,0.5,-10.5,700.0,900.0,900.0,1.0769999999999922,0.5270000000000004,0.027000000000000017,11.0,0
1.427,10168.0,10158.0,10168.0,10161.5,10151.5,10162.5,7000.0,7000.0,6000.0,-9.5,0.5,-10.5,700.0,900.0,900.0,1.077999999999992,0.5280000000000004,0.028000000000000018,10.0,0
1.428,10176.0,10165.0,10175.0,10168.5,10158.5,10168.5,8000.0,7000.0,7000.0,-9.5,0.5,-9.5,700.0,900.0,900.0,1.078999999999992,0.5290000000000004,0.02900000000000002,11.0,0
1.429,10183.0,10172.0,10182.0,10176.5,10165.5,10175.5,7000.0,7000.0,7000.0,-10.5,0.5,-9.5,700.0,900.0,900.0,1.0799999999999919,0.5300000000000004,0.03000000000000002,11.0,0
1.43,10189.0,10178.0,10189.0,10183.5,10172.5,10182.5,6000.0,6000.0,7000.0,-10.5,0.5,-9.5,700.0,900.0,900.0,1.0809999999999917,0.5310000000000004,0.03100000000000002,11.0,0
1.431,10196.0,10185.0,10195.0,10189.5,10178.5,10189.5,7000.0,7000.0,6000.0,-10.5,0.5,-10.5,700.0,900.0,900.0,1.0819999999999916,0.5320000000000004,0.03200000000000002,11.0,0
1.432,10203.0,10192.0,10202.0,10196.5,10185.5,10195.5,7000.0,7000.0,7000.0,-10.5,0.5,-9.5,700.0,900.0,900.0,1.0829999999999915,0.5330000000000004,0.03300000000000002,11.0,0
1.433,10210.0,10199.0,10209.0,10203.5,10192.5,10202.5,7000.0,7000.0,7000.0,-10.5,0.5,-9.5,700.0,900.0,900.0,1.0839999999999914,0.5340000000000004,0.03400000000000002,11.0,0
1.434,10217.0,10206.0,10216.0,10210.5,10199.5,10209.5,7000.0,7000.0,7000.0,-10.5,0.5,-9.5,700.0,900.0,900.0,1.0849999999999913,0.5350000000000004,0.035000000000000024,11.0,0
1.435,10223.0,10213.0,10223.0,10217.5,10206.5,10216.5,6000.0,7000.0,7000.0,-10.5,0.5,-9.5,700.0,900.0,900.0,1.0859999999999912,0.5360000000000004,0.036000000000000025,10.0,0
1.436,10230.0,10220.0,10230.0,10223.5,10213.5,10223.5,7000.0,7000.0,7000.0,-9.5,0.5,-9.5,700.0,900.0,900.0,1.086999999999991,0.5370000000000004,0.037000000000000026,10.0,0
1.437,10238.0,10227.0,10236.0,10230.5,10220.5,10230.5,8000.0,7000.0,6000.0,-9.5,0.5,-9.5,700.0,900.0,900.0,1.087999999999991,0.5380000000000004,0.03800000000000003,11.0,0
1.438,10244.0,10234.0,10243.0,10238.5,10227.5,10236.5,6000.0,7000.0,7000.0,-10.5,0.5,-8.5,700.0,900.0,900.0,1.0889999999999909,0.5390000000000004,0.03900000000000003,10.0,0
1.439,10252.0,10241.0,10250.0,10244.5,10234.5,10243.5,8000.0,7000.0,7000.0,-9.5,0.5,-8.5,700.0,900.0,900.0,1.0899999999999908,0.5400000000000004,0.04000000000000003,11.0,0
1.44,10259.0,10247.0,10257.0,10252.5,10241.5,10250.5,7000.0,6000.0,7000.0,-10.5,0.5,-8.5,700.0,900.0,900.0,1.0909999999999906,0.5410000000000004,0.04100000000000003,12.0,0
1.441,10265.0,10254.0,10264.0,10259.5,10247.5,10257.5,6000.0,7000.0,7000.0,-11.5,0.5,-9.5,700.0,900.0,900.0,1.0919999999999905,0.5420000000000004,0.04200000000000003,11.0,0
1.442,10272.0,10261.0,10271.0,10265.5,10254.5,10264.5,7000.0,7000.0,7000.0,-10.5,0.5,-9.5,700.0,900.0,900.0,1.0929999999999904,0.5430000000000004,0.04300000000000003,11.0,0
1.443,10279.0,10268.0,10278.0,10272.5,10261.5,10271.5,7000.0,7000.0,7000.0,-10.5,0.5,-9.5,700.0,900.0,900.0,1.0939999999999903,0.5440000000000004,0.04400000000000003,11.0,0
1.444,10286.0,10275.0,10284.0,10279.5,10268.5,10278.5,7000.0,7000.0,6000.0,-10.5,0.5,-9.5,700.0,900.0,900.0,1.0949999999999902,0.5450000000000004,0.04500000000000003,11.0,0
1.445,10293.0,10282.0,10291.0,10286.5,10275.5,10284.5,7000.0,7000.0,7000.0,-10.5,0.5,-8.5,700.0,900.0,900.0,1.09599999999999,0.5460000000000004,0.046000000000000034,11.0,0
1.446,10299.0,10289.0,10298.0,10293.5,10282.5,10291.5,6000.0,7000.0,7000.0,-10.5,0.5,-8.5,700.0,900.0,900.0,1.09699999999999,0.5470000000000004,0.047000000000000035,10.0,0
1.447,10306.0,10296.0,10305.0,10299.5,10289.5,10298.5,7000.0,7000.0,7000.0,-9.5,0.5,-8.5,700.0,900.0,900.0,1.0979999999999899,0.5480000000000004,0.048000000000000036,10.0,0
1.448,10313.0,10303.0,10312.0,10306.5,10296.5,10305.5,7000.0,7000.0,7000.0,-9.5,0.5,-8.5,700.0,900.0,900.0,1.0989999999999898,0.5490000000000004,0.04900000000000004,10.0,0
1.449,10321.0,10310.0,10319.0,10313.5,10303.5,10312.5,8000.0,7000.0,7000.0,-9.5,0.5,-8.5,700.0,900.0,900.0,1.0999999999999897,0.5500000000000004,0.05000000000000004,11.0,0
1.45,10328.0,10316.0,10326.0,10321.5,10310.5,10319.5,7000.0,6000.0,7000.0,-10.5,0.5,-8.5,700.0,900.0,900.0,1.1009999999999895,0.5510000000000004,0.05100000000000004,12.0,0
1.451,10334.0,10323.0,10333.0,10328.5,10316.5,10326.5,6000.0,7000.0,7000.0,-11.5,0.5,-9.5,700.0,900.0,900.0,1.1019999999999894,0.5520000000000004,0.05200000000000004,11.0,0
1.452,10341.0,10330.0,10339.0,10334.5,10323.5,10333.5,7000.0,7000.0,6000.0,-10.5,0.5,-9.5,700.0,900.0,900.0,1.1029999999999893,0.5530000000000004,0.05300000000000004,11.0,0
1.453,10348.0,10337.0,10346.0,10341.5,10330.5,10339.5,7000.0,7000.0,7000.0,-10.5,0.5,-8.5,700.0,900.0,900.0,1.1039999999999892,0.5540000000000004,0.05400000000000004,11.0,0
1.454,10355.0,10344.0,10353.0,10348.5,10337.5,10346.5,7000.0,7000.0,7000.0,-10.5,0.5,-8.5,700.0,900.0,900.0,1.104999999999989,0.5550000000000004,0.05500000000000004,11.0,0
1.455,10361.0,10351.0,10360.0,10355.5,10344.5,10353.5,6000.0,7000.0,7000.0,-10.5,0.5,-8.5,700.0,900.0,900.0,1.105999999999989,0.5560000000000004,0.05600000000000004,10.0,0
1.456,10368.0,10358.0,10367.0,10361.5,10351.5,10360.5,7000.0,7000.0,7000.0,-9.5,0.5,-8.5,700.0,900.0,900.0,1.1069999999999889,0.5570000000000004,0.057000000000000044,10.0,0
1.457,10376.0,10365.0,10374.0,10368.5,10358.5,10367.5,8000.0,7000.0,7000.0,-9.5,0.5,-8.5,700.0,900.0,900.0,1.1079999999999888,0.5580000000000004,0.058000000000000045,11.0,0
1.458,10383.0,10372.0,10381.0,10376.5,10365.5,10374.5,7000.0,7000.0,7000.0,-10.5,0.5,-8.5,700.0,900.0,900.0,1.1089999999999887,0.5590000000000004,0.059000000000000045,11.0,0
1.459,10389.0,10379.0,10387.0,10383.5,10372.5,10381.5,6000.0,7000.0,6000.0,-10.5,0.5,-8.5,700.0,900.0,900.0,1.1099999999999886,0.5600000000000004,0.060000000000000046,10.0,0
1.46,10396.0,10385.0,10394.0,10389.5,10379.5,10387.5,7000.0,6000.0,7000.0,-9.5,0.5,-7.5,700.0,900.0,900.0,1.1109999999999884,0.5610000000000004,0.06100000000000005,11.0,0
1.461,10403.0,10392.0,10401.0,10396.5,10385.5,10394.5,7000.0,7000.0,7000.0,-10.5,0.5,-8.5,700.0,900.0,900.0,1.1119999999999883,0.5620000000000004,0.06200000000000005,11.0,0
1.462,10410.0,10399.0,10408.0,10403.5,10392.5,10401.5,7000.0,7000.0,7000.0,-10.5,0.5,-8.5,700.0,900.0,900.0,1.1129999999999882,0.5630000000000004,0.06300000000000004,11.0,0
1.463,10417.0,10406.0,10415.0,10410.5,10399.5,10408.5,7000.0,7000.0,7000.0,-10.5,0.5,-8.5,700.0,900.0,900.0,1.113999999999988,0.5640000000000004,0.06400000000000004,11.0,0
1.464,10424.0,10413.0,10422.0,10417.5,10406.5,10415.5,7000.0,7000.0,7000.0,-10.5,0.5,-8.5,700.0,900.0,900.0,1.114999999999988,0.5650000000000004,0.06500000000000004,11.0,0
1.465,10430.0,10420.0,10429.0,10424.5,10413.5,10422.5,6000.0,7000.0,7000.0,-10.5,0.5,-8.5,700.0,900.0,900.0,1.115999999999988,0.5660000000000004,0.06600000000000004,10.0,0
1.466,10437.0,10427.0,10435.0,10430.5,10420.5,10429.5,7000.0,7000.0,6000.0,-9.5,0.5,-8.5,700.0,900.0,900.0,1.1169999999999878,0.5670000000000004,0.06700000000000005,10.0,0
1.467,10444.0,10434.0,10442.0,10437.5,10427.5,10435.5,7000.0,7000.0,7000.0,-9.5,0.5,-7.5,700.0,900.0,900.0,1.1179999999999877,0.5680000000000004,0.06800000000000005,10.0,0
1.468,10452.0,10441.0,10449.0,10444.5,10434.5,10442.5,8000.0,7000.0,7000.0,-9.5,0.5,-7.5,700.0,900.0,900.0,1.1189999999999876,0.5690000000000004,0.06900000000000005,11.0,0
1.469,10459.0,10448.0,10456.0,10452.5,10441.5,10449.5,7000.0,7000.0,7000.0,-10.5,0.5,-7.5,700.0,900.0,900.0,1.1199999999999875,0.5700000000000004,0.07000000000000005,11.0,0
1.47,10465.0,10454.0,10463.0,10459.5,10448.5,10456.5,6000.0,6000.0,7000.0,-10.5,0.5,-7.5,700.0,900.0,900.0,1.1209999999999873,0.5710000000000004,0.07100000000000005,11.0,0
1.471,10472.0,10461.0,10470.0,10465.5,10454.5,10463.5,7000.0,7000.0,7000.0,-10.5,0.5,-8.5,700.0,900.0,900.0,1.1219999999999872,0.5720000000000004,0.07200000000000005,11.0,0
1.472,10479.0,10468.0,10477.0,10472.5,10461.5,10470.5,7000.0,7000.0,7000.0,-10.5,0.5,-8.5,700.0,900.0,900.0,1.1229999999999871,0.5730000000000004,0.07300000000000005,11.0,0
1.473,10486.0,10475.0,10483.0,10479.5,10468.5,10477.5,7000.0,7000.0,6000.0,-10.5,0.5,-8.5,700.0,900.0,900.0,1.123999999999987,0.5740000000000004,0.07400000000000005,11.0,0
1.474,10493.0,10482.0,10490.0,10486.5,10475.5,10483.5,7000.0,7000.0,7000.0,-10.5,0.5,-7.5,700.0,900.0,900.0,1.124999999999987,0.5750000000000004,0.07500000000000005,11.0,0
1.475,10499.0,10489.0,10497.0,10493.5,10482.5,10490.5,6000.0,7000.0,7000.0,-10.5,0.5,-7.5,700.0,900.0,900.0,1.1259999999999868,0.5760000000000004,0.07600000000000005,10.0,0
1.476,10506.0,10496.0,10504.0,10499.5,10489.5,10497.5,7000.0,7000.0,7000.0,-9.5,0.5,-7.5,700.0,900.0,900.0,1.1269999999999867,0.5770000000000004,0.07700000000000005,10.0,0
1.477,10513.0,10503.0,10511.0,10506.5,10496.5,10504.5,7000.0,7000.0,7000.0,-9.5,0.5,-7.5,700.0,900.0,900.0,1.1279999999999866,0.5780000000000004,0.07800000000000006,10.0,0
1.478,10521.0,10510.0,10518.0,10513.5,10503.5,10511.5,8000.0,7000.0,7000.0,-9.5,0.5,-7.5,700.0,900.0,900.0,1.1289999999999865,0.5790000000000004,0.07900000000000006,11.0,0
1.479,10528.0,10517.0,10525.0,10521.5,10510.5,10518.5,7000.0,7000.0,7000.0,-10.5,0.5,-7.5,700.0,900.0,900.0,1.1299999999999863,0.5800000000000004,0.08000000000000006,11.0,0
1.48,10534.0,10523.0,10531.0,10528.5,10517.5,10525.5,6000.0,6000.0,6000.0,-10.5,0.5,-7.5,700.0,900.0,900.0,1.1309999999999862,0.5810000000000004,0.08100000000000006,11.0,0
1.481,10541.0,10530.0,10538.0,10534.5,10523.5,10531.5,7000.0,7000.0,7000.0,-10.5,0.5,-7.5,700.0,900.0,900.0,1.1319999999999861,0.5820000000000004,0.08200000000000006,11.0,0
1.482,10548.0,10537.0,10545.0,10541.5,10530.5,10538.5,7000.0,7000.0,7000.0,-10.5,0.5,-7.5,700.0,900.0,900.0,1.132999999999986,0.5830000000000004,0.08300000000000006,11.0,0
1.483,10555.0,10544.0,10552.0,10548.5,10537.5,10545.5,7000.0,7000.0,7000.0,-10.5,0.5,-7.5,700.0,900.0,900.0,1.133999999999986,0.5840000000000004,0.08400000000000006,11.0,0
1.484,10562.0,10551.0,10559.0,10555.5,10544.5,10552.5,7000.0,7000.0,7000.0,-10.5,0.5,-7.5,700.0,900.0,900.0,1.1349999999999858,0.5850000000000004,0.08500000000000006,11.0,0
1.485,10568.0,10558.0,10566.0,10562.5,10551.5,10559.5,6000.0,7000.0,7000.0,-10.5,0.5,-7.5,700.0,900.0,900.0,1.1359999999999857,0.5860000000000004,0.08600000000000006,10.0,0
1.486,10575.0,10565.0,10573.0,10568.5,10558.5,10566.5,7000.0,7000.0,7000.0,-9.5,0.5,-7.5,700.0,900.0,900.0,1.1369999999999856,0.5870000000000004,0.08700000000000006,10.0,0
1.487,10583.0,10572.0,10579.0,10575.5,10565.5,10573.5,8000.0,7000.0,6000.0,-9.5,0.5,-7.5,700.0,900.0,900.0,1.1379999999999855,0.5880000000000004,0.08800000000000006,11.0,0
1.488,10589.0,10579.0,10586.0,10583.5,10572.5,10579.5,6000.0,7000.0,7000.0,-10.5,0.5,-6.5,700.0,900.0,900.0,1.1389999999999854,0.5890000000000004,0.08900000000000007,10.0,0
1.489,10597.0,10586.0,10593.0,10589.5,10579.5,10586.5,8000.0,7000.0,7000.0,-9.5,0.5,-6.5,700.0,900.0,900.0,1.1399999999999852,0.5900000000000004,0.09000000000000007,11.0,0
1.49,10604.0,10592.0,10600.0,10597.5,10586.5,10593.5,7000.0,6000.0,7000.0,-10.5,0.5,-6.5,700.0,900.0,900.0,1.1409999999999851,0.5910000000000004,0.09100000000000007,12.0,0
1.491,10610.0,10599.0,10607.0,10604.5,10592.5,10600.5,6000.0,7000.0,7000.0,-11.5,0.5,-7.5,700.0,900.0,900.0,1.141999999999985,0.5920000000000004,0.09200000000000007,11.0,0
1.492,10617.0,10606.0,10614.0,10610.5,10599.5,10607.5,7000.0,7000.0,7000.0,-10.5,0.5,-7.5,700.0,900.0,900.0,1.142999999999985,0.5930000000000004,0.09300000000000007,11.0,0
1.493,10624.0,10613.0,10621.0,10617.5,10606.5,10614.5,7000.0,7000.0,7000.0,-10.5,0.5,-7.5,700.0,900.0,900.0,1.1439999999999848,0.5940000000000004,0.09400000000000007,11.0,0
1.494,10631.0,10620.0,10627.0,10624.5,10613.5,10621.5,7000.0,7000.0,6000.0,-10.5,0.5,-7.5,700.0,900.0,900.0,1.1449999999999847,0.5950000000000004,0.09500000000000007,11.0,0
1.495,10638.0,10627.0,10634.0,10631.5,10620.5,10627.5,7000.0,7000.0,7000.0,-10.5,0.5,-6.5,700.0,900.0,900.0,1.1459999999999846,0.5960000000000004,0.09600000000000007,11.0,0
1.496,10644.0,10634.0,10641.0,10638.5,10627.5,10634.5,6000.0,7000.0,7000.0,-10.5,0.5,-6.5,700.0,900.0,900.0,1.1469999999999845,0.5970000000000004,0.09700000000000007,10.0,0
1.497,10651.0,10641.0,10648.0,10644.5,10634.5,10641.5,7000.0,7000.0,7000.0,-9.5,0.5,-6.5,700.0,900.0,900.0,1.1479999999999844,0.5980000000000004,0.09800000000000007,10.0,0
1.498,10658.0,10648.0,10655.0,10651.5,10641.5,10648.5,7000.0,7000.0,7000.0,-9.5,0.5,-6.5,700.0,900.0,900.0,1.1489999999999843,0.5990000000000004,0.09900000000000007,10.0,0
1.499,10666.0,10655.0,10662.0,10658.5,10648.5,10655.5,8000.0,7000.0,7000.0,-9.5,0.5,-6.5,700.0,900.0,900.0,1.1499999999999841,0.6000000000000004,0.10000000000000007,11.0,0
1.5,10673.0,10661.0,10669.0,10666.5,10655.5,10662.5,7000.0,6000.0,7000.0,-10.5,0.5,-6.5,700.0,900.0,900.0,1.150999999999984,0.6010000000000004,0.10100000000000008,12.0,0
1.5010000000000001,10679.0,10668.0,10676.0,10673.5,10661.5,10669.5,6000.0,7000.0,7000.0,-11.5,0.5,-7.5,700.0,900.0,900.0,1.151999999999984,0.6020000000000004,0.10200000000000008,11.0,0
1.502,10686.0,10675.0,10682.0,10679.5,10668.5,10676.5,7000.0,7000.0,6000.0,-10.5,0.5,-7.5,700.0,900.0,900.0,1.1529999999999838,0.6030000000000004,0.10300000000000008,11.0,0
1.5030000000000001,10693.0,10682.0,10689.0,10686.5,10675.5,10682.5,7000.0,7000.0,7000.0,-10.5,0.5,-6.5,700.0,900.0,900.0,1.1539999999999837,0.6040000000000004,0.10400000000000008,11.0,0
1.504,10700.0,10689.0,10696.0,10693.5,10682.5,10689.5,7000.0,7000.0,7000.0,-10.5,0.5,-6.5,700.0,900.0,900.0,1.1549999999999836,0.6050000000000004,0.10500000000000008,11.0,0
1.5050000000000001,10706.0,10696.0,10703.0,10700.5,10689.5,10696.5,6000.0,7000.0,7000.0,-10.5,0.5,-6.5,700.0,900.0,900.0,1.1559999999999835,0.6060000000000004,0.10600000000000008,10.0,0
1.506,10713.0,10703.0,10710.0,10706.5,10696.5,10703.5,7000.0,7000.0,7000.0,-9.5,0.5,-6.5,700.0,900.0,900.0,1.1569999999999834,0.6070000000000004,0.10700000000000008,10.0,0
1.5070000000000001,10721.0,10710.0,10717.0,10713.5,10703.5,10710.5,8000.0,7000.0,7000.0,-9.5,0.5,-6.5,700.0,900.0,900.0,1.1579999999999833,0.6080000000000004,0.10800000000000008,11.0,0
1.508,10728.0,10717.0,10724.0,10721.5,10710.5,10717.5,7000.0,7000.0,7000.0,-10.5,0.5,-6.5,700.0,900.0,900.0,1.1589999999999832,0.6090000000000004,0.10900000000000008,11.0,0
1.5090000000000001,10734.0,10724.0,10730.0,10728.5,10717.5,10724.5,6000.0,7000.0,6000.0,-10.5,0.5,-6.5,700.0,900.0,900.0,1.159999999999983,0.6100000000000004,0.11000000000000008,10.0,0
1.51,10741.0,10730.0,10737.0,10734.5,10724.5,10730.5,7000.0,6000.0,7000.0,-9.5,0.5,-5.5,700.0,900.0,900.0,1.160999999999983,0.6110000000000004,0.11100000000000008,11.0,0
1.5110000000000001,10748.0,10737.0,10744.0,10741.5,10730.5,10737.5,7000.0,7000.0,7000.0,-10.5,0.5,-6.5,700.0,900.0,900.0,1.1619999999999828,0.6120000000000004,0.11200000000000009,11.0,0
1.512,10755.0,10744.0,10751.0,10748.5,10737.5,10744.5,7000.0,7000.0,7000.0,-10.5,0.5,-6.5,700.0,900.0,900.0,1.1629999999999827,0.6130000000000004,0.11300000000000009,11.0,0
1.5130000000000001,10762.0,10751.0,10758.0,10755.5,10744.5,10751.5,7000.0,7000.0,7000.0,-10.5,0.5,-6.5,700.0,900.0,900.0,1.1639999999999826,0.6140000000000004,0.11400000000000009,11.0,0
1.514,10769.0,10758.0,10765.0,10762.5,10751.5,10758.5,7000.0,7000.0,7000.0,-10.5,0.5,-6.5,700.0,900.0,900.0,1.1649999999999825,0.6150000000000004,0.11500000000000009,11.0,0
1.5150000000000001,10775.0,10765.0,10772.0,10769.5,10758.5,10765.5,6000.0,7000.0,7000.0,-10.5,0.5,-6.5,700.0,900.0,900.0,1.1659999999999824,0.6160000000000004,0.11600000000000009,10.0,0
1.516,10782.0,10772.0,10778.0,10775.5,10765.5,10772.5,7000.0,7000.0,6000.0,-9.5,0.5,-6.5,700.0,900.0,900.0,1.1669999999999823,0.6170000000000004,0.11700000000000009,10.0,0
1.5170000000000001,10789.0,10779.0,10785.0,10782.5,10772.5,10778.5,7000.0,7000.0,7000.0,-9.5,0.5,-5.5,700.0,900.0,900.0,1.1679999999999822,0.6180000000000004,0.11800000000000009,10.0,0
1.518,10797.0,10786.0,10792.0,10789.5,10779.5,10785.5,8000.0,7000.0,7000.0,-9.5,0.5,-5.5,700.0,900.0,900.0,1.168999999999982,0.6190000000000004,0.11900000000000009,11.0,0
1.5190000000000001,10804.0,10793.0,10799.0,10797.5,10786.5,10792.5,7000.0,7000.0,7000.0,-10.5,0.5,-5.5,700.0,900.0,900.0,1.169999999999982,0.6200000000000004,0.12000000000000009,11.0,0
1.52,10810.0,10799.0,10806.0,10804.5,10793.5,10799.5,6000.0,6000.0,7000.0,-10.5,0.5,-5.5,700.0,900.0,900.0,1.1709999999999818,0.6210000000000004,0.1210000000000001,11.0,0
1.5210000000000001,10817.0,10806.0,10813.0,10810.5,10799.5,10806.5,7000.0,7000.0,7000.0,-10.5,0.5,-6.5,700.0,900.0,900.0,1.1719999999999817,0.6220000000000004,0.1220000000000001,11.0,0
1.522,10824.0,10813.0,10820.0,10817.5,10806.5,10813.5,7000.0,7000.0,7000.0,-10.5,0.5,-6.5,700.0,900.0,900.0,1.1729999999999816,0.6230000000000004,0.1230000000000001,11.0,0
1.5230000000000001,10831.0,10820.0,10826.0,10824.5,10813.5,10820.5,7000.0,7000.0,6000.0,-10.5,0.5,-6.5,700.0,900.0,900.0,1.1739999999999815,0.6240000000000004,0.1240000000000001,11.0,0
1.524,10838.0,10827.0,10833.0,10831.5,10820.5,10826.5,7000.0,7000.0,7000.0,-10.5,0.5,-5.5,700.0,900.0,900.0,1.1749999999999814,0.6250000000000004,0.12500000000000008,11.0,0
1.5250000000000001,10844.0,10834.0,10840.0,10838.5,10827.5,10833.5,6000.0,7000.0,7000.0,-10.5,0.5,-5.5,700.0,900.0,900.0,1.1759999999999813,0.6260000000000004,0.12600000000000008,10.0,0
1.526,10851.0,10841.0,10847.0,10844.5,10834.5,10840.5,7000.0,7000.0,7000.0,-9.5,0.5,-5.5,700.0,900.0,900.0,1.1769999999999812,0.6270000000000004,0.12700000000000009,10.0,0
1.5270000000000001,10859.0,10848.0,10854.0,10851.5,10841.5,10847.5,8000.0,7000.0,7000.0,-9.5,0.5,-5.5,700.0,900.0,900.0,1.177999999999981,0.6280000000000004,0.12800000000000009,11.0,0
1.528,10865.0,10855.0,10861.0,10859.5,10848.5,10854.5,6000.0,7000.0,7000.0,-10.5,0.5,-5.5,700.0,900.0,900.0,1.178999999999981,0.6290000000000004,0.1290000000000001,10.0,0
1.5290000000000001,10873.0,10862.0,10868.0,10865.5,10855.5,10861.5,8000.0,7000.0,7000.0,-9.5,0.5,-5.5,700.0,900.0,900.0,1.1799999999999808,0.6300000000000004,0.1300000000000001,11.0,0
1.53,10880.0,10868.0,10874.0,10873.5,10862.5,10868.5,7000.0,6000.0,6000.0,-10.5,0.5,-5.5,700.0,900.0,900.0,1.1809999999999807,0.6310000000000004,0.1310000000000001,12.0,0
1.5310000000000001,10886.0,10875.0,10881.0,10880.5,10868.5,10874.5,6000.0,7000.0,7000.0,-11.5,0.5,-5.5,700.0,900.0,900.0,1.1819999999999806,0.6320000000000005,0.1320000000000001,11.0,0
1.532,10893.0,10882.0,10888.0,10886.5,10875.5,10881.5,7000.0,7000.0,7000.0,-10.5,0.5,-5.5,700.0,900.0,900.0,1.1829999999999805,0.6330000000000005,0.1330000000000001,11.0,0
1.5330000000000001,10900.0,10889.0,10895.0,10893.5,10882.5,10888.5,7000.0,7000.0,7000.0,-10.5,0.5,-5.5,700.0,900.0,900.0,1.1839999999999804,0.6340000000000005,0.1340000000000001,11.0,0
1.534,10907.0,10896.0,10902.0,10900.5,10889.5,10895.5,7000.0,7000.0,7000.0,-10.5,0.5,-5.5,700.0,900.0,900.0,1.1849999999999803,0.6350000000000005,0.1350000000000001,11.0,0
1.5350000000000001,10913.0,10903.0,10909.0,10907.5,10896.5,10902.5,6000.0,7000.0,7000.0,-10.5,0.5,-5.5,700.0,900.0,900.0,1.1859999999999802,0.6360000000000005,0.1360000000000001,10.0,0
1.536,10920.0,10910.0,10916.0,10913.5,10903.5,10909.5,7000.0,7000.0,7000.0,-9.5,0.5,-5.5,700.0,900.0,900.0,1.18699999999998,0.6370000000000005,0.1370000000000001,10.0,0
1.537,10928.0,10917.0,10922.0,10920.5,10910.5,10916.5,8000.0,7000.0,6000.0,-9.5,0.5,-5.5,700.0,900.0,900.0,1.18799999999998,0.6380000000000005,0.1380000000000001,11.0,0
1.538,10935.0,10924.0,10929.0,10928.5,10917.5,10922.5,7000.0,7000.0,7000.0,-10.5,0.5,-4.5,700.0,900.0,900.0,1.1889999999999799,0.6390000000000005,0.1390000000000001,11.0,0
1.539,10941.0,10931.0,10936.0,10935.5,10924.5,10929.5,6000.0,7000.0,7000.0,-10.5,0.5,-4.5,700.0,900.0,900.0,1.1899999999999797,0.6400000000000005,0.1400000000000001,10.0,0
1.54,10948.0,10937.0,10943.0,10941.5,10931.5,10936.5,7000.0,6000.0,7000.0,-9.5,0.5,-4.5,700.0,900.0,900.0,1.1909999999999796,0.6410000000000005,0.1410000000000001,11.0,0
1.541,10955.0,10944.0,10950.0,10948.5,10937.5,10943.5,7000.0,7000.0,7000.0,-10.5,0.5,-5.5,700.0,900.0,900.0,1.1919999999999795,0.6420000000000005,0.1420000000000001,11.0,0
1.542,10962.0,10951.0,10957.0,10955.5,10944.5,10950.5,7000.0,7000.0,7000.0,-10.5,0.5,-5.5,700.0,900.0,900.0,1.1929999999999794,0.6430000000000005,0.1430000000000001,11.0,0
1.543,10969.0,10958.0,10964.0,10962.5,10951.5,10957.5,7000.0,7000.0,7000.0,-10.5,0.5,-5.5,700.0,900.0,900.0,1.1939999999999793,0.6440000000000005,0.1440000000000001,11.0,0
1.544,10976.0,10965.0,10970.0,10969.5,10958.5,10964.5,7000.0,7000.0,6000.0,-10.5,0.5,-5.5,700.0,900.0,900.0,1.1949999999999792,0.6450000000000005,0.1450000000000001,11.0,0
1.545,10982.0,10972.0,10977.0,10976.5,10965.5,10970.5,6000.0,7000.0,7000.0,-10.5,0.5,-4.5,700.0,900.0,900.0,1.195999999999979,0.6460000000000005,0.1460000000000001,10.0,0
1.546,10989.0,10979.0,10984.0,10982.5,10972.5,10977.5,7000.0,7000.0,7000.0,-9.5,0.5,-4.5,700.0,900.0,900.0,1.196999999999979,0.6470000000000005,0.1470000000000001,10.0,0
1.547,10996.0,10986.0,10991.0,10989.5,10979.5,10984.5,7000.0,7000.0,7000.0,-9.5,0.5,-4.5,700.0,900.0,900.0,1.1979999999999789,0.6480000000000005,0.1480000000000001,10.0,0
1.548,11004.0,10993.0,10998.0,10996.5,10986.5,10991.5,8000.0,7000.0,7000.0,-9.5,0.5,-4.5,700.0,900.0,900.0,1.1989999999999787,0.6490000000000005,0.1490000000000001,11.0,0
1.549,11011.0,11000.0,11005.0,11004.5,10993.5,10998.5,7000.0,7000.0,7000.0,-10.5,0.5,-4.5,700.0,900.0,900.0,1.1999999999999786,0.6500000000000005,0.1500000000000001,11.0,0
1.55,11017.0,11006.0,11012.0,11011.5,11000.5,11005.5,6000.0,6000.0,7000.0,-10.5,0.5,-4.5,700.0,900.0,900.0,1.2009999999999785,0.6510000000000005,0.1510000000000001,11.0,0
1.551,11024.0,11013.0,11019.0,11017.5,11006.5,11012.5,7000.0,7000.0,7000.0,-10.5,0.5,-5.5,700.0,900.0,900.0,1.2019999999999784,0.6520000000000005,0.1520000000000001,11.0,0
1.552,11031.0,11020.0,11025.0,11024.5,11013.5,11019.5,7000.0,7000.0,6000.0,-10.5,0.5,-5.5,700.0,900.0,900.0,1.2029999999999783,0.6530000000000005,0.1530000000000001,11.0,0
1.553,11038.0,11027.0,11032.0,11031.5,11020.5,11025.5,7000.0,7000.0,7000.0,-10.5,0.5,-4.5,700.0,900.0,900.0,1.2039999999999782,0.6540000000000005,0.1540000000000001,11.0,0
1.554,11045.0,11034.0,11039.0,11038.5,11027.5,11032.5,7000.0,7000.0,7000.0,-10.5,0.5,-4.5,700.0,900.0,900.0,1.204999999999978,0.6550000000000005,0.1550000000000001,11.0,0
1.555,11051.0,11041.0,11046.0,11045.5,11034.5,11039.5,6000.0,7000.0,7000.0,-10.5,0.5,-4.5,700.0,900.0,900.0,1.205999999999978,0.6560000000000005,0.1560000000000001,10.0,0
1.556,11058.0,11048.0,11053.0,11051.5,11041.5,11046.5,7000.0,7000.0,7000.0,-9.5,0.5,-4.5,700.0,900.0,900.0,1.2069999999999779,0.6570000000000005,0.1570000000000001,10.0,0
1.557,11066.0,11055.0,11060.0,11058.5,11048.5,11053.5,8000.0,7000.0,7000.0,-9.5,0.5,-4.5,700.0,900.0,900.0,1.2079999999999778,0.6580000000000005,0.1580000000000001,11.0,0
1.558,11072.0,11062.0,11067.0,11066.5,11055.5,11060.5,6000.0,7000.0,7000.0,-10.5,0.5,-4.5,700.0,900.0,900.0,1.2089999999999776,0.6590000000000005,0.1590000000000001,10.0,0
1.559,11080.0,11069.0,11073.0,11072.5,11062.5,11067.5,8000.0,7000.0,6000.0,-9.5,0.5,-4.5,700.0,900.0,900.0,1.2099999999999775,0.6600000000000005,0.16000000000000011,11.0,0
1.56,11087.0,11075.0,11080.0,11080.5,11069.5,11073.5,7000.0,6000.0,7000.0,-10.5,0.5,-3.5,700.0,900.0,900.0,1.2109999999999774,0.6610000000000005,0.16100000000000012,12.0,0
1.561,11093.0,11082.0,11087.0,11087.5,11075.5,11080.5,6000.0,7000.0,7000.0,-11.5,0.5,-4.5,700.0,900.0,900.0,1.2119999999999773,0.6620000000000005,0.16200000000000012,11.0,0
1.562,11100.0,11089.0,11094.0,11093.5,11082.5,11087.5,7000.0,7000.0,7000.0,-10.5,0.5,-4.5,700.0,900.0,900.0,1.2129999999999772,0.6630000000000005,0.16300000000000012,11.0,0
1.563,11107.0,11096.0,11101.0,11100.5,11089.5,11094.5,7000.0,7000.0,7000.0,-10.5,0.5,-4.5,700.0,900.0,900.0,1.213999999999977,0.6640000000000005,0.16400000000000012,11.0,0
1.564,11114.0,11103.0,11108.0,11107.5,11096.5,11101.5,7000.0,7000.0,7000.0,-10.5,0.5,-4.5,700.0,900.0,900.0,1.214999999999977,0.6650000000000005,0.16500000000000012,11.0,0
1.565,11121.0,11110.0,11115.0,11114.5,11103.5,11108.5,7000.0,7000.0,7000.0,-10.5,0.5,-4.5,700.0,900.0,900.0,1.2159999999999769,0.6660000000000005,0.16600000000000012,11.0,0
1.566,11127.0,11117.0,11121.0,11121.5,11110.5,11115.5,6000.0,7000.0,6000.0,-10.5,0.5,-4.5,700.0,900.0,900.0,1.2169999999999768,0.6670000000000005,0.16700000000000012,10.0,0
1.567,11134.0,11124.0,11128.0,11127.5,11117.5,11121.5,7000.0,7000.0,7000.0,-9.5,0.5,-3.5,700.0,900.0,900.0,1.2179999999999767,0.6680000000000005,0.16800000000000012,10.0,0
1.568,11141.0,11131.0,11135.0,11134.5,11124.5,11128.5,7000.0,7000.0,7000.0,-9.5,0.5,-3.5,700.0,900.0,900.0,1.2189999999999765,0.6690000000000005,0.16900000000000012,10.0,0
1.569,11149.0,11138.0,11142.0,11141.5,11131.5,11135.5,8000.0,7000.0,7000.0,-9.5,0.5,-3.5,700.0,900.0,900.0,1.2199999999999764,0.6700000000000005,0.17000000000000012,11.0,0
1.57,11156.0,11144.0,11149.0,11149.5,11138.5,11142.5,7000.0,6000.0,7000.0,-10.5,0.5,-3.5,700.0,900.0,900.0,1.2209999999999763,0.6710000000000005,0.17100000000000012,12.0,0
1.571,11162.0,11151.0,11156.0,11156.5,11144.5,11149.5,6000.0,7000.0,7000.0,-11.5,0.5,-4.5,700.0,900.0,900.0,1.2219999999999762,0.6720000000000005,0.17200000000000013,11.0,0
1.572,11169.0,11158.0,11163.0,11162.5,11151.5,11156.5,7000.0,7000.0,7000.0,-10.5,0.5,-4.5,700.0,900.0,900.0,1.222999999999976,0.6730000000000005,0.17300000000000013,11.0,0
1.573,11176.0,11165.0,11169.0,11169.5,11158.5,11163.5,7000.0,7000.0,6000.0,-10.5,0.5,-4.5,700.0,900.0,900.0,1.223999999999976,0.6740000000000005,0.17400000000000013,11.0,0
1.574,11183.0,11172.0,11176.0,11176.5,11165.5,11169.5,7000.0,7000.0,7000.0,-10.5,0.5,-3.5,700.0,900.0,900.0,1.2249999999999759,0.6750000000000005,0.17500000000000013,11.0,0
1.575,11189.0,11179.0,11183.0,11183.5,11172.5,11176.5,6000.0,7000.0,7000.0,-10.5,0.5,-3.5,700.0,900.0,900.0,1.2259999999999758,0.6760000000000005,0.17600000000000013,10.0,0
1.576,11196.0,11186.0,11190.0,11189.5,11179.5,11183.5,7000.0,7000.0,7000.0,-9.5,0.5,-3.5,700.0,900.0,900.0,1.2269999999999757,0.6770000000000005,0.17700000000000013,10.0,0
1.577,11204.0,11193.0,11197.0,11196.5,11186.5,11190.5,8000.0,7000.0,7000.0,-9.5,0.5,-3.5,700.0,900.0,900.0,1.2279999999999756,0.6780000000000005,0.17800000000000013,11.0,0
1.578,11211.0,11200.0,11204.0,11204.5,11193.5,11197.5,7000.0,7000.0,7000.0,-10.5,0.5,-3.5,700.0,900.0,900.0,1.2289999999999754,0.6790000000000005,0.17900000000000013,11.0,0
1.579,11217.0,11207.0,11211.0,11211.5,11200.5,11204.5,6000.0,7000.0,7000.0,-10.5,0.5,-3.5,700.0,900.0,900.0,1.2299999999999753,0.6800000000000005,0.18000000000000013,10.0,0
1.58,11224.0,11213.0,11217.0,11217.5,11207.5,11211.5,7000.0,6000.0,6000.0,-9.5,0.5,-3.5,700.0,900.0,900.0,1.2309999999999752,0.6810000000000005,0.18100000000000013,11.0,0
1.581,11231.0,11220.0,11224.0,11224.5,11213.5,11217.5,7000.0,7000.0,7000.0,-10.5,0.5,-3.5,700.0,900.0,900.0,1.2319999999999751,0.6820000000000005,0.18200000000000013,11.0,0
1.582,11238.0,11227.0,11231.0,11231.5,11220.5,11224.5,7000.0,7000.0,7000.0,-10.5,0.5,-3.5,700.0,900.0,900.0,1.232999999999975,0.6830000000000005,0.18300000000000013,11.0,0
1.583,11245.0,11234.0,11238.0,11238.5,11227.5,11231.5,7000.0,7000.0,7000.0,-10.5,0.5,-3.5,700.0,900.0,900.0,1.233999999999975,0.6840000000000005,0.18400000000000014,11.0,0
1.584,11252.0,11241.0,11245.0,11245.5,11234.5,11238.5,7000.0,7000.0,7000.0,-10.5,0.5,-3.5,700.0,900.0,900.0,1.2349999999999748,0.6850000000000005,0.18500000000000014,11.0,0
1.585,11258.0,11248.0,11252.0,11252.5,11241.5,11245.5,6000.0,7000.0,7000.0,-10.5,0.5,-3.5,700.0,900.0,900.0,1.2359999999999747,0.6860000000000005,0.18600000000000014,10.0,0
1.586,11265.0,11255.0,11259.0,11258.5,11248.5,11252.5,7000.0,7000.0,7000.0,-9.5,0.5,-3.5,700.0,900.0,900.0,1.2369999999999746,0.6870000000000005,0.18700000000000014,10.0,0
1.587,11272.0,11262.0,11265.0,11265.5,11255.5,11259.5,7000.0,7000.0,6000.0,-9.5,0.5,-3.5,700.0,900.0,900.0,1.2379999999999745,0.6880000000000005,0.18800000000000014,10.0,0
1.588,11280.0,11269.0,11272.0,11272.5,11262.5,11265.5,8000.0,7000.0,7000.0,-9.5,0.5,-2.5,700.0,900.0,900.0,1.2389999999999743,0.6890000000000005,0.18900000000000014,11.0,0
1.589,11287.0,11276.0,11279.0,11280.5,11269.5,11272.5,7000.0,7000.0,7000.0,-10.5,0.5,-2.5,700.0,900.0,900.0,1.2399999999999742,0.6900000000000005,0.19000000000000014,11.0,0
1.59,11293.0,11282.0,11286.0,11287.5,11276.5,11279.5,6000.0,6000.0,7000.0,-10.5,0.5,-2.5,700.0,900.0,900.0,1.2409999999999741,0.6910000000000005,0.19100000000000014,11.0,0
1.591,11300.0,11289.0,11293.0,11293.5,11282.5,11286.5,7000.0,7000.0,7000.0,-10.5,0.5,-3.5,700.0,900.0,900.0,1.241999999999974,0.6920000000000005,0.19200000000000014,11.0,0
1.592,11307.0,11296.0,11300.0,11300.5,11289.5,11293.5,7000.0,7000.0,7000.0,-10.5,0.5,-3.5,700.0,900.0,900.0,1.242999999999974,0.6930000000000005,0.19300000000000014,11.0,0
1.593,11314.0,11303.0,11307.0,11307.5,11296.5,11300.5,7000.0,7000.0,7000.0,-10.5,0.5,-3.5,700.0,900.0,900.0,1.2439999999999738,0.6940000000000005,0.19400000000000014,11.0,0
1.594,11321.0,11310.0,11313.0,11314.5,11303.5,11307.5,7000.0,7000.0,6000.0,-10.5,0.5,-3.5,700.0,900.0,900.0,1.2449999999999737,0.6950000000000005,0.19500000000000015,11.0,0
1.595,11327.0,11317.0,11320.0,11321.5,11310.5,11313.5,6000.0,7000.0,7000.0,-10.5,0.5,-2.5,700.0,900.0,900.0,1.2459999999999736,0.6960000000000005,0.19600000000000015,10.0,0
1.596,11334.0,11324.0,11327.0,11327.5,11317.5,11320.5,7000.0,7000.0,7000.0,-9.5,0.5,-2.5,700.0,900.0,900.0,1.2469999999999735,0.6970000000000005,0.19700000000000015,10.0,0
1.597,11342.0,11331.0,11334.0,11334.5,11324.5,11327.5,8000.0,7000.0,7000.0,-9.5,0.5,-2.5,700.0,900.0,900.0,1.2479999999999734,0.6980000000000005,0.19800000000000015,11.0,0
1.598,11348.0,11338.0,11341.0,11342.5,11331.5,11334.5,6000.0,7000.0,7000.0,-10.5,0.5,-2.5,700.0,900.0,900.0,1.2489999999999732,0.6990000000000005,0.19900000000000015,10.0,0
1.599,11356.0,11345.0,11348.0,11348.5,11338.5,11341.5,8000.0,7000.0,7000.0,-9.5,0.5,-2.5,700.0,900.0,900.0,1.2499999999999731,0.7000000000000005,0.20000000000000015,11.0,0
1.6,11363.0,11351.0,11355.0,11356.5,11345.5,11348.5,7000.0,6000.0,7000.0,-10.5,0.5,-2.5,700.0,900.0,900.0,1.250999999999973,0.7010000000000005,0.20100000000000015,12.0,0
1.601,11369.0,11358.0,11362.0,11363.5,11351.5,11355.5,6000.0,7000.0,7000.0,-11.5,0.5,-3.5,700.0,900.0,900.0,1.251999999999973,0.7020000000000005,0.20200000000000015,11.0,0
1.602,11376.0,11365.0,11368.0,11369.5,11358.5,11362.5,7000.0,7000.0,6000.0,-10.5,0.5,-3.5,700.0,900.0,900.0,1.2529999999999728,0.7030000000000005,0.20300000000000015,11.0,0
1.603,11383.0,11372.0,11375.0,11376.5,11365.5,11368.5,7000.0,7000.0,7000.0,-10.5,0.5,-2.5,700.0,900.0,900.0,1.2539999999999727,0.7040000000000005,0.20400000000000015,11.0,0
1.604,11390.0,11379.0,11382.0,11383.5,11372.5,11375.5,7000.0,7000.0,7000.0,-10.5,0.5,-2.5,700.0,900.0,900.0,1.2549999999999726,0.7050000000000005,0.20500000000000015,11.0,0
1.605,11396.0,11386.0,11389.0,11390.5,11379.5,11382.5,6000.0,7000.0,7000.0,-10.5,0.5,-2.5,700.0,900.0,900.0,1.2559999999999725,0.7060000000000005,0.20600000000000016,10.0,0
1.606,11403.0,11393.0,11396.0,11396.5,11386.5,11389.5,7000.0,7000.0,7000.0,-9.5,0.5,-2.5,700.0,900.0,900.0,1.2569999999999724,0.7070000000000005,0.20700000000000016,10.0,0
1.607,11411.0,11400.0,11403.0,11403.5,11393.5,11396.5,8000.0,7000.0,7000.0,-9.5,0.5,-2.5,700.0,900.0,900.0,1.2579999999999723,0.7080000000000005,0.20800000000000016,11.0,0
1.608,11418.0,11407.0,11410.0,11411.5,11400.5,11403.5,7000.0,7000.0,7000.0,-10.5,0.5,-2.5,700.0,900.0,900.0,1.2589999999999721,0.7090000000000005,0.20900000000000016,11.0,0
1.609,11424.0,11414.0,11416.0,11418.5,11407.5,11410.5,6000.0,7000.0,6000.0,-10.5,0.5,-2.5,700.0,900.0,900.0,1.259999999999972,0.7100000000000005,0.21000000000000016,10.0,0
1.61,11431.0,11420.0,11423.0,11424.5,11414.5,11416.5,7000.0,6000.0,7000.0,-9.5,0.5,-1.5,700.0,900.0,900.0,1.260999999999972,0.7110000000000005,0.21100000000000016,11.0,0
1.611,11438.0,11427.0,11430.0,11431.5,11420.5,11423.5,7000.0,7000.0,7000.0,-10.5,0.5,-2.5,700.0,900.0,900.0,1.2619999999999718,0.7120000000000005,0.21200000000000016,11.0,0
1.612,11445.0,11434.0,11437.0,11438.5,11427.5,11430.5,7000.0,7000.0,7000.0,-10.5,0.5,-2.5,700.0,900.0,900.0,1.2629999999999717,0.7130000000000005,0.21300000000000016,11.0,0
1.613,11452.0,11441.0,11444.0,11445.5,11434.5,11437.5,7000.0,7000.0,7000.0,-10.5,0.5,-2.5,700.0,900.0,900.0,1.2639999999999716,0.7140000000000005,0.21400000000000016,11.0,0
1.614,11459.0,11448.0,11451.0,11452.5,11441.5,11444.5,7000.0,7000.0,7000.0,-10.5,0.5,-2.5,700.0,900.0,900.0,1.2649999999999715,0.7150000000000005,0.21500000000000016,11.0,0
1.615,11465.0,11455.0,11458.0,11459.5,11448.5,11451.5,6000.0,7000.0,7000.0,-10.5,0.5,-2.5,700.0,900.0,900.0,1.2659999999999714,0.7160000000000005,0.21600000000000016,10.0,0
1.616,11472.0,11462.0,11464.0,11465.5,11455.5,11458.5,7000.0,7000.0,6000.0,-9.5,0.5,-2.5,700.0,900.0,900.0,1.2669999999999713,0.7170000000000005,0.21700000000000016,10.0,0
1.617,11479.0,11469.0,11471.0,11472.5,11462.5,11464.5,7000.0,7000.0,7000.0,-9.5,0.5,-1.5,700.0,900.0,900.0,1.2679999999999712,0.7180000000000005,0.21800000000000017,10.0,0
1.618,11487.0,11476.0,11478.0,11479.5,11469.5,11471.5,8000.0,7000.0,7000.0,-9.5,0.5,-1.5,700.0,900.0,900.0,1.268999999999971,0.7190000000000005,0.21900000000000017,11.0,0
1.619,11494.0,11483.0,11485.0,11487.5,11476.5,11478.5,7000.0,7000.0,7000.0,-10.5,0.5,-1.5,700.0,900.0,900.0,1.269999999999971,0.7200000000000005,0.22000000000000017,11.0,0
1.62,11500.0,11489.0,11492.0,11494.5,11483.5,11485.5,6000.0,6000.0,7000.0,-10.5,0.5,-1.5,700.0,900.0,900.0,1.2709999999999708,0.7210000000000005,0.22100000000000017,11.0,0
1.621,11507.0,11496.0,11499.0,11500.5,11489.5,11492.5,7000.0,7000.0,7000.0,-10.5,0.5,-2.5,700.0,900.0,900.0,1.2719999999999707,0.7220000000000005,0.22200000000000017,11.0,0
1.622,11514.0,11503.0,11506.0,11507.5,11496.5,11499.5,7000.0,7000.0,7000.0,-10.5,0.5,-2.5,700.0,900.0,900.0,1.2729999999999706,0.7230000000000005,0.22300000000000017,11.0,0
1.623,11521.0,11510.0,11512.0,11514.5,11503.5,11506.5,7000.0,7000.0,6000.0,-10.5,0.5,-2.5,700.0,900.0,900.0,1.2739999999999705,0.7240000000000005,0.22400000000000017,11.0,0
1.624,11528.0,11517.0,11519.0,11521.5,11510.5,11512.5,7000.0,7000.0,7000.0,-10.5,0.5,-1.5,700.0,900.0,900.0,1.2749999999999704,0.7250000000000005,0.22500000000000017,11.0,0
1.625,11534.0,11524.0,11526.0,11528.5,11517.5,11519.5,6000.0,7000.0,7000.0,-10.5,0.5,-1.5,700.0,900.0,900.0,1.2759999999999703,0.7260000000000005,0.22600000000000017,10.0,0
1.6260000000000001,11541.0,11531.0,11533.0,11534.5,11524.5,11526.5,7000.0,7000.0,7000.0,-9.5,0.5,-1.5,700.0,900.0,900.0,1.2769999999999702,0.7270000000000005,0.22700000000000017,10.0,0
1.627,11549.0,11538.0,11540.0,11541.5,11531.5,11533.5,8000.0,7000.0,7000.0,-9.5,0.5,-1.5,700.0,900.0,900.0,1.27799999999997,0.7280000000000005,0.22800000000000017,11.0,0
1.6280000000000001,11555.0,11545.0,11547.0,11549.5,11538.5,11540.5,6000.0,7000.0,7000.0,-10.5,0.5,-1.5,700.0,900.0,900.0,1.27899999999997,0.7290000000000005,0.22900000000000018,10.0,0
1.629,11563.0,11552.0,11554.0,11555.5,11545.5,11547.5,8000.0,7000.0,7000.0,-9.5,0.5,-1.5,700.0,900.0,900.0,1.2799999999999698,0.7300000000000005,0.23000000000000018,11.0,0
1.6300000000000001,11570.0,11558.0,11560.0,11563.5,11552.5,11554.5,7000.0,6000.0,6000.0,-10.5,0.5,-1.5,700.0,900.0,900.0,1.2809999999999697,0.7310000000000005,0.23100000000000018,12.0,0
1.631,11576.0,11565.0,11567.0,11570.5,11558.5,11560.5,6000.0,7000.0,7000.0,-11.5,0.5,-1.5,700.0,900.0,900.0,1.2819999999999696,0.7320000000000005,0.23200000000000018,11.0,0
1.6320000000000001,11583.0,11572.0,11574.0,11576.5,11565.5,11567.5,7000.0,7000.0,7000.0,-10.5,0.5,-1.5,700.0,900.0,900.0,1.2829999999999695,0.7330000000000005,0.23300000000000018,11.0,0
1.633,11590.0,11579.0,11581.0,11583.5,11572.5,11574.5,7000.0,7000.0,7000.0,-10.5,0.5,-1.5,700.0,900.0,900.0,1.2839999999999694,0.7340000000000005,0.23400000000000018,11.0,0
1.6340000000000001,11597.0,11586.0,11588.0,11590.5,11579.5,11581.5,7000.0,7000.0,7000.0,-10.5,0.5,-1.5,700.0,900.0,900.0,1.2849999999999693,0.7350000000000005,0.23500000000000018,11.0,0
1.635,11604.0,11593.0,11595.0,11597.5,11586.5,11588.5,7000.0,7000.0,7000.0,-10.5,0.5,-1.5,700.0,900.0,900.0,1.2859999999999692,0.7360000000000005,0.23600000000000018,11.0,0
1.6360000000000001,11610.0,11600.0,11602.0,11604.5,11593.5,11595.5,6000.0,7000.0,7000.0,-10.5,0.5,-1.5,700.0,900.0,900.0,1.286999999999969,0.7370000000000005,0.23700000000000018,10.0,0
1.637,11617.0,11607.0,11608.0,11610.5,11600.5,11602.5,7000.0,7000.0,6000.0,-9.5,0.5,-1.5,700.0,900.0,900.0,1.287999999999969,0.7380000000000005,0.23800000000000018,10.0,0
1.6380000000000001,11624.0,11614.0,11615.0,11617.5,11607.5,11608.5,7000.0,7000.0,7000.0,-9.5,0.5,-0.5,700.0,900.0,900.0,1.2889999999999688,0.7390000000000005,0.23900000000000018,10.0,0
1.639,11632.0,11621.0,11622.0,11624.5,11614.5,11615.5,8000.0,7000.0,7000.0,-9.5,0.5,-0.5,700.0,900.0,900.0,1.2899999999999687,0.7400000000000005,0.24000000000000019,11.0,0
1.6400000000000001,11639.0,11627.0,11629.0,11632.5,11621.5,11622.5,7000.0,6000.0,7000.0,-10.5,0.5,-0.5,700.0,900.0,900.0,1.2909999999999686,0.7410000000000005,0.2410000000000002,12.0,0
1.641,11645.0,11634.0,11636.0,11639.5,11627.5,11629.5,6000.0,7000.0,7000.0,-11.5,0.5,-1.5,700.0,900.0,900.0,1.2919999999999685,0.7420000000000005,0.2420000000000002,11.0,0
1.6420000000000001,11652.0,11641.0,11643.0,11645.5,11634.5,11636.5,7000.0,7000.0,7000.0,-10.5,0.5,-1.5,700.0,900.0,900.0,1.2929999999999684,0.7430000000000005,0.2430000000000002,11.0,0
1.643,11659.0,11648.0,11650.0,11652.5,11641.5,11643.5,7000.0,7000.0,7000.0,-10.5,0.5,-1.5,700.0,900.0,900.0,1.2939999999999683,0.7440000000000005,0.2440000000000002,11.0,0
1.6440000000000001,11666.0,11655.0,11656.0,11659.5,11648.5,11650.5,7000.0,7000.0,6000.0,-10.5,0.5,-1.5,700.0,900.0,900.0,1.2949999999999682,0.7450000000000006,0.2450000000000002,11.0,0
1.645,11672.0,11662.0,11663.0,11666.5,11655.5,11656.5,6000.0,7000.0,7000.0,-10.5,0.5,-0.5,700.0,900.0,900.0,1.295999999999968,0.7460000000000006,0.2460000000000002,10.0,0
1.6460000000000001,11679.0,11669.0,11670.0,11672.5,11662.5,11663.5,7000.0,7000.0,7000.0,-9.5,0.5,-0.5,700.0,900.0,900.0,1.296999999999968,0.7470000000000006,0.2470000000000002,10.0,0
1.647,11687.0,11676.0,11677.0,11679.5,11669.5,11670.5,8000.0,7000.0,7000.0,-9.5,0.5,-0.5,700.0,900.0,900.0,1.2979999999999678,0.7480000000000006,0.2480000000000002,11.0,0
1.6480000000000001,11694.0,11683.0,11684.0,11687.5,11676.5,11677.5,7000.0,7000.0,7000.0,-10.5,0.5,-0.5,700.0,900.0,900.0,1.2989999999999677,0.7490000000000006,0.2490000000000002,11.0,0
1.649,11700.0,11690.0,11691.0,11694.5,11683.5,11684.5,6000.0,7000.0,7000.0,-10.5,0.5,-0.5,700.0,900.0,900.0,1.2999999999999676,0.7500000000000006,0.25000000000000017,10.0,0
1.6500000000000001,11707.0,11696.0,11698.0,11700.5,11690.5,11691.5,7000.0,6000.0,7000.0,-9.5,0.5,-0.5,700.0,900.0,900.0,1.3009999999999675,0.7510000000000006,0.25100000000000017,11.0,0
1.651,11714.0,11703.0,11705.0,11707.5,11696.5,11698.5,7000.0,7000.0,7000.0,-10.5,0.5,-1.5,700.0,900.0,900.0,1.3019999999999674,0.7520000000000006,0.25200000000000017,11.0,0
1.6520000000000001,11721.0,11710.0,11711.0,11714.5,11703.5,11705.5,7000.0,7000.0,6000.0,-10.5,0.5,-1.5,700.0,900.0,900.0,1.3029999999999673,0.7530000000000006,0.25300000000000017,11.0,0
1.653,11728.0,11717.0,11718.0,11721.5,11710.5,11711.5,7000.0,7000.0,7000.0,-10.5,0.5,-0.5,700.0,900.0,900.0,1.3039999999999672,0.7540000000000006,0.25400000000000017,11.0,0
1.6540000000000001,11735.0,11724.0,11725.0,11728.5,11717.5,11718.5,7000.0,7000.0,7000.0,-10.5,0.5,-0.5,700.0,900.0,900.0,1.304999999999967,0.7550000000000006,0.25500000000000017,11.0,0
1.655,11741.0,11731.0,11732.0,11735.5,11724.5,11725.5,6000.0,7000.0,7000.0,-10.5,0.5,-0.5,700.0,900.0,900.0,1.305999999999967,0.7560000000000006,0.25600000000000017,10.0,0
1.6560000000000001,11748.0,11738.0,11739.0,11741.5,11731.5,11732.5,7000.0,7000.0,7000.0,-9.5,0.5,-0.5,700.0,900.0,900.0,1.3069999999999669,0.7570000000000006,0.2570000000000002,10.0,0
1.657,11755.0,11745.0,11746.0,11748.5,11738.5,11739.5,7000.0,7000.0,7000.0,-9.5,0.5,-0.5,700.0,900.0,900.0,1.3079999999999667,0.7580000000000006,0.2580000000000002,10.0,0
1.6580000000000001,11763.0,11752.0,11753.0,11755.5,11745.5,11746.5,8000.0,7000.0,7000.0,-9.5,0.5,-0.5,700.0,900.0,900.0,1.3089999999999666,0.7590000000000006,0.2590000000000002,11.0,0
1.659,11770.0,11759.0,11759.0,11763.5,11752.5,11753.5,7000.0,7000.0,6000.0,-10.5,0.5,-0.5,700.0,900.0,900.0,1.3099999999999665,0.7600000000000006,0.2600000000000002,11.0,0
1.6600000000000001,11776.0,11765.0,11766.0,11770.5,11759.5,11759.5,6000.0,6000.0,7000.0,-10.5,0.5,0.5,700.0,900.0,900.0,1.3109999999999664,0.7610000000000006,0.2610000000000002,11.0,0
1.661,11783.0,11772.0,11773.0,11776.5,11765.5,11766.5,7000.0,7000.0,7000.0,-10.5,0.5,-0.5,700.0,900.0,900.0,1.3119999999999663,0.7620000000000006,0.2620000000000002,11.0,0
1.6620000000000001,11790.0,11779.0,11780.0,11783.5,11772.5,11773.5,7000.0,7000.0,7000.0,-10.5,0.5,-0.5,700.0,900.0,900.0,1.3129999999999662,0.7630000000000006,0.2630000000000002,11.0,0
1.663,11797.0,11786.0,11787.0,11790.5,11779.5,11780.5,7000.0,7000.0,7000.0,-10.5,0.5,-0.5,700.0,900.0,900.0,1.313999999999966,0.7640000000000006,0.2640000000000002,11.0,0
1.6640000000000001,11804.0,11793.0,11794.0,11797.5,11786.5,11787.5,7000.0,7000.0,7000.0,-10.5,0.5,-0.5,700.0,900.0,900.0,1.314999999999966,0.7650000000000006,0.2650000000000002,11.0,0
1.665,11810.0,11800.0,11801.0,11804.5,11793.5,11794.5,6000.0,7000.0,7000.0,-10.5,0.5,-0.5,700.0,900.0,900.0,1.3159999999999659,0.7660000000000006,0.2660000000000002,10.0,0
1.666,11817.0,11807.0,11807.0,11810.5,11800.5,11801.5,7000.0,7000.0,6000.0,-9.5,0.5,-0.5,700.0,900.0,900.0,1.3169999999999658,0.7670000000000006,0.2670000000000002,10.0,0
1.667,11825.0,11814.0,11814.0,11817.5,11807.5,11807.5,8000.0,7000.0,7000.0,-9.5,0.5,0.5,700.0,900.0,900.0,1.3179999999999656,0.7680000000000006,0.2680000000000002,11.0,0
1.668,11831.0,11821.0,11821.0,11825.5,11814.5,11814.5,6000.0,7000.0,7000.0,-10.5,0.5,0.5,700.0,900.0,900.0,1.3189999999999655,0.7690000000000006,0.2690000000000002,10.0,0
1.669,11839.0,11828.0,11828.0,11831.5,11821.5,11821.5,8000.0,7000.0,7000.0,-9.5,0.5,0.5,700.0,900.0,900.0,1.3199999999999654,0.7700000000000006,0.2700000000000002,11.0,0
1.67,11846.0,11834.0,11835.0,11839.5,11828.5,11828.5,7000.0,6000.0,7000.0,-10.5,0.5,0.5,700.0,900.0,900.0,1.3209999999999653,0.7710000000000006,0.2710000000000002,12.0,0
1.671,11852.0,11841.0,11842.0,11846.5,11834.5,11835.5,6000.0,7000.0,7000.0,-11.5,0.5,-0.5,700.0,900.0,900.0,1.3219999999999652,0.7720000000000006,0.2720000000000002,11.0,0
1.672,11859.0,11848.0,11848.0,11852.5,11841.5,11842.5,7000.0,7000.0,6000.0,-10.5,0.5,-0.5,700.0,900.0,900.0,1.322999999999965,0.7730000000000006,0.2730000000000002,11.0,0
1.673,11866.0,11855.0,11855.0,11859.5,11848.5,11848.5,7000.0,7000.0,7000.0,-10.5,0.5,0.5,700.0,900.0,900.0,1.323999999999965,0.7740000000000006,0.2740000000000002,11.0,0
1.674,11872.0,11861.0,11862.0,11866.5,11855.5,11855.5,6000.0,6000.0,7000.0,-10.5,0.5,0.5,700.0,900.0,900.0,1.3249999999999649,0.7750000000000006,0.2750000000000002,11.0,0
1.675,11879.0,11868.0,11868.0,11872.5,11861.5,11862.5,7000.0,7000.0,6000.0,-10.5,0.5,-0.5,700.0,900.0,900.0,1.3259999999999648,0.7760000000000006,0.2760000000000002,11.0,0
1.676,11886.0,11874.0,11874.0,11879.5,11868.5,11868.5,7000.0,6000.0,6000.0,-10.5,0.5,0.5,700.0,900.0,900.0,1.3269999999999647,0.7770000000000006,0.2770000000000002,12.0,0
1.677,11892.0,11880.0,11880.0,11886.5,11874.5,11874.5,6000.0,6000.0,6000.0,-11.5,0.5,0.5,700.0,900.0,900.0,1.3279999999999645,0.7780000000000006,0.2780000000000002,12.0,0
1.678,11898.0,11886.0,11886.0,11892.5,11880.5,11880.5,6000.0,6000.0,6000.0,-11.5,0.5,0.5,700.0,900.0,900.0,1.3289999999999644,0.7790000000000006,0.2790000000000002,12.0,0
1.679,11904.0,11892.0,11892.0,11898.5,11886.5,11886.5,6000.0,6000.0,6000.0,-11.5,0.5,0.5,700.0,900.0,900.0,1.3299999999999643,0.7800000000000006,0.2800000000000002,12.0,0
1.68,11910.0,11897.0,11897.0,11904.5,11892.5,11892.5,6000.0,5000.0,5000.0,-11.5,0.5,0.5,700.0,900.0,900.0,1.3309999999999642,0.7810000000000006,0.2810000000000002,13.0,0
1.681,11916.0,11903.0,11903.0,11910.5,11897.5,11897.5,6000.0,6000.0,6000.0,-12.5,0.5,0.5,700.0,900.0,900.0,1.331999999999964,0.7820000000000006,0.2820000000000002,13.0,0
1.682,11921.0,11908.0,11908.0,11916.5,11903.5,11903.5,5000.0,5000.0,5000.0,-12.5,0.5,0.5,700.0,900.0,900.0,1.332999999999964,0.7830000000000006,0.2830000000000002,13.0,0
1.683,11926.0,11913.0,11913.0,11921.5,11908.5,11908.5,5000.0,5000.0,5000.0,-12.5,0.5,0.5,700.0,900.0,900.0,1.3339999999999639,0.7840000000000006,0.2840000000000002,13.0,0
1.684,11931.0,11918.0,11918.0,11926.5,11913.5,11913.5,5000.0,5000.0,5000.0,-12.5,0.5,0.5,700.0,900.0,900.0,1.3349999999999638,0.7850000000000006,0.2850000000000002,13.0,0
1.685,11936.0,11922.0,11922.0,11931.5,11918.5,11918.5,5000.0,4000.0,4000.0,-12.5,0.5,0.5,700.0,900.0,900.0,1.3359999999999637,0.7860000000000006,0.2860000000000002,14.0,0
1.686,11941.0,11927.0,11926.0,11936.5,11922.5,11922.5,5000.0,5000.0,4000.0,-13.5,0.5,0.5,700.0,900.0,900.0,1.3369999999999636,0.7870000000000006,0.2870000000000002,15.0,0
1.687,11945.0,11931.0,11931.0,11941.5,11927.5,11926.5,4000.0,4000.0,5000.0,-14.5,-0.5,0.5,700.0,900.0,900.0,1.3379999999999634,0.7880000000000006,0.2880000000000002,14.0,0
1.688,11949.0,11935.0,11935.0,11945.5,11931.5,11931.5,4000.0,4000.0,4000.0,-13.5,0.5,0.5,700.0,900.0,900.0,1.3389999999999633,0.7890000000000006,0.2890000000000002,14.0,0
1.689,11954.0,11940.0,11939.0,11949.5,11935.5,11935.5,5000.0,5000.0,4000.0,-13.5,0.5,0.5,700.0,900.0,900.0,1.3399999999999632,0.7900000000000006,0.2900000000000002,15.0,0
1.69,11958.0,11944.0,11943.0,11954.5,11940.5,11939.5,4000.0,4000.0,4000.0,-14.5,-0.5,0.5,700.0,900.0,900.0,1.340999999999963,0.7910000000000006,0.2910000000000002,15.0,0
1.691,11962.0,11947.0,11947.0,11958.5,11944.5,11943.5,4000.0,3000.0,4000.0,-14.5,-0.5,0.5,700.0,900.0,900.0,1.341999999999963,0.7920000000000006,0.2920000000000002,15.0,0
1.692,11966.0,11951.0,11951.0,11962.5,11947.5,11947.5,4000.0,4000.0,4000.0,-14.5,0.5,0.5,700.0,900.0,900.0,1.342999999999963,0.7930000000000006,0.2930000000000002,15.0,0
1.693,11970.0,11954.0,11954.0,11966.5,11951.5,11951.5,4000.0,3000.0,3000.0,-14.5,0.5,0.5,700.0,900.0,900.0,1.3439999999999628,0.7940000000000006,0.2940000000000002,16.0,0
1.694,11973.0,11958.0,11957.0,11970.5,11954.5,11954.5,3000.0,4000.0,3000.0,-15.5,0.5,0.5,700.0,900.0,900.0,1.3449999999999627,0.7950000000000006,0.2950000000000002,16.0,0
1.695,11976.0,11961.0,11960.0,11973.5,11958.5,11957.5,3000.0,3000.0,3000.0,-15.5,-0.5,0.5,700.0,900.0,900.0,1.3459999999999626,0.7960000000000006,0.2960000000000002,16.0,0
1.696,11980.0,11963.0,11963.0,11976.5,11961.5,11960.5,4000.0,2000.0,3000.0,-15.5,-0.5,0.5,700.0,900.0,900.0,1.3469999999999624,0.7970000000000006,0.2970000000000002,17.0,0
1.697,11982.0,11966.0,11966.0,11980.5,11963.5,11963.5,2000.0,3000.0,3000.0,-16.5,0.5,0.5,700.0,900.0,900.0,1.3479999999999623,0.7980000000000006,0.2980000000000002,16.0,0
1.698,11985.0,11969.0,11969.0,11982.5,11966.5,11966.5,3000.0,3000.0,3000.0,-15.5,0.5,0.5,700.0,900.0,900.0,1.3489999999999622,0.7990000000000006,0.2990000000000002,16.0,0
1.699,11988.0,11972.0,11971.0,11985.5,11969.5,11969.5,3000.0,3000.0,2000.0,-15.5,0.5,0.5,700.0,900.0,900.0,1.3499999999999621,0.8000000000000006,0.3000000000000002,17.0,0
1.7,11991.0,11974.0,11974.0,11988.5,11972.5,11971.5,3000.0,2000.0,3000.0,-16.5,-0.5,0.5,700.0,900.0,900.0,1.350999999999962,0.8010000000000006,0.3010000000000002,17.0,0
1.701,11994.0,11976.0,11976.0,11991.5,11974.5,11974.5,3000.0,2000.0,2000.0,-16.5,0.5,0.5,700.0,900.0,900.0,1.351999999999962,0.8020000000000006,0.3020000000000002,18.0,0
1.702,11996.0,11978.0,11978.0,11994.5,11976.5,11976.5,2000.0,2000.0,2000.0,-17.5,0.5,0.5,700.0,900.0,900.0,1.3529999999999618,0.8030000000000006,0.3030000000000002,18.0,0
1.703,11998.0,11980.0,11980.0,11996.5,11978.5,11978.5,2000.0,2000.0,2000.0,-17.5,0.5,0.5,700.0,900.0,900.0,1.3539999999999617,0.8040000000000006,0.3040000000000002,18.0,0
