t_s,dda_pos_x,dda_pos_y,dda_pos_z,enc_rel_x,enc_rel_y,enc_rel_z,vel_sps_x,vel_sps_y,vel_sps_z,err_steps_x,err_steps_y,err_steps_z,active_load_x,active_load_y,active_load_z,load_timer_x,load_timer_y,load_timer_z,span_steps,global_stop
0.0,0.0,0.0,0.0,0.5,0.5,0.5,0.0,0.0,0.0,0.0,0.0,0.0,0.0,0.0,0.0,0.0,0.0,0.0,0.0,0
0.0,0.0,0.0,0.0,0.5,0.5,0.5,0.0,0.0,0.0,0.5,0.4,0.30000000000000004,0.0,0.0,0.0,0.0,0.0,0.0,0.0,0
0.001,0.0,0.0,0.0,0.5,0.5,0.5,0.0,0.0,0.0,0.5,0.4,0.30000000000000004,0.0,0.0,0.0,0.0,0.0,0.0,0.0,0
0.002,1.0,1.0,1.0,0.5,0.5,0.5,1000.0,1000.0,1000.0,0.5,0.4,0.30000000000000004,0.0,0.0,0.0,0.0,0.0,0.0,0.0,0
0.003,1.0,1.0,1.0,1.5,1.5,1.5,0.0,0.0,0.0,0.5,0.19999999999999996,-0.10000000000000009,0.0,0.0,0.0,0.0,0.0,0.0,0.0,0
0.004,2.0,2.0,2.0,1.5,1.5,1.5,1000.0,1000.0,1000.0,0.5,0.19999999999999996,-0.10000000000000009,0.0,0.0,0.0,0.0,0.0,0.0,0.0,0
0.005,4.0,4.0,4.0,2.5,2.5,2.5,2000.0,2000.0,2000.0,0.5,0.0,-0.5,0.0,0.0,0.0,0.0,0.0,0.0,0.0,0
0.006,5.0,5.0,5.0,4.5,4.5,4.5,1000.0,1000.0,1000.0,0.5,-0.40000000000000036,-1.2999999999999998,0.0,0.0,0.0,0.0,0.0,0.0,0.0,0
0.007,7.0,7.0,6.0,5.5,5.5,5.5,2000.0,2000.0,1000.0,0.5,-0.5999999999999996,-1.7000000000000002,0.0,0.0,0.0,0.0,0.0,0.0,1.0,0
0.008,8.0,8.0,8.0,7.5,7.5,6.5,1000.0,1000.0,2000.0,0.5,-1.0,-1.5,0.0,0.0,0.0,0.0,0.0,0.0,0.0,0
0.009000000000000001,10.0,10.0,10.0,8.5,8.5,8.5,2000.0,2000.0,2000.0,0.5,-1.2000000000000002,-2.9000000000000004,0.0,0.0,0.0,0.0,0.0,0.0,0.0,0
0.01,12.0,12.0,12.0,10.5,10.5,10.5,2000.0,2000.0,2000.0,0.5,-1.5999999999999996,-3.7,0.0,0.0,0.0,0.0,0.0,0.0,0.0,0
0.011,15.0,15.0,15.0,12.5,12.5,12.5,3000.0,3000.0,3000.0,0.5,-2.0,-4.5,0.0,0.0,0.0,0.0,0.0,0.0,0.0,0
0.012,17.0,17.0,17.0,15.5,15.5,15.5,2000.0,2000.0,2000.0,0.5,-2.5999999999999996,-5.699999999999999,0.0,0.0,0.0,0.0,0.0,0.0,0.0,0
0.013000000000000001,20.0,20.0,20.0,17.5,17.5,17.5,3000.0,3000.0,3000.0,0.5,-3.0,-6.5,0.0,0.0,0.0,0.0,0.0,0.0,0.0,0
0.014,23.0,23.0,23.0,20.5,20.5,20.5,3000.0,3000.0,3000.0,0.5,-3.6000000000000014,-7.699999999999999,0.0,0.0,0.0,0.0,0.0,0.0,0.0,0
0.015,26.0,26.0,26.0,23.5,23.5,23.5,3000.0,3000.0,3000.0,0.5,-4.199999999999999,-8.9,0.0,0.0,0.0,0.0,0.0,0.0,0.0,0
0.016,29.0,29.0,29.0,26.5,26.5,26.5,3000.0,3000.0,3000.0,0.5,-4.800000000000001,-10.100000000000001,0.0,0.0,0.0,0.0,0.0,0.0,0.0,0
0.017,33.0,33.0,33.0,29.5,29.5,29.5,4000.0,4000.0,4000.0,0.5,-5.399999999999999,-11.3,0.0,0.0,0.0,0.0,0.0,0.0,0.0,0
0.018000000000000002,37.0,37.0,36.0,33.5,33.5,33.5,4000.0,4000.0,3000.0,0.5,-6.199999999999999,-12.899999999999999,0.0,0.0,0.0,0.0,0.0,0.0,1.0,0
0.019,41.0,40.0,40.0,37.5,37.5,36.5,4000.0,3000.0,4000.0,0.5,-7.0,-13.5,0.0,0.0,0.0,0.0,0.0,0.0,1.0,0
0.02,45.0,45.0,44.0,41.5,40.5,40.5,4000.0,5000.0,4000.0,0.5,-6.799999999999997,-15.100000000000001,0.0,0.0,0.0,0.0,0.0,0.0,1.0,0
0.021,49.0,49.0,49.0,45.5,45.5,44.5,4000.0,4000.0,5000.0,0.5,-8.600000000000001,-16.7,0.0,0.0,0.0,0.0,0.0,0.0,0.0,0
0.022,54.0,53.0,53.0,49.5,49.5,49.5,5000.0,4000.0,4000.0,0.5,-9.399999999999999,-19.3,0.0,0.0,0.0,0.0,0.0,0.0,1.0,0
0.023,58.0,58.0,58.0,54.5,53.5,53.5,4000.0,5000.0,5000.0,0.5,-9.399999999999999,-20.299999999999997,0.0,0.0,0.0,0.0,0.0,0.0,0.0,0
0.024,63.0,63.0,63.0,58.5,58.5,58.5,5000.0,5000.0,5000.0,0.5,-11.200000000000003,-22.9,0.0,0.0,0.0,0.0,0.0,0.0,0.0,0
0.025,68.0,68.0,68.0,63.5,63.5,63.5,5000.0,5000.0,5000.0,0.5,-12.200000000000003,-24.9,0.0,0.0,0.0,0.0,0.0,0.0,0.0,0
0.026000000000000002,74.0,73.0,73.0,68.5,68.5,68.5,6000.0,5000.0,5000.0,0.5,-13.200000000000003,-26.9,0.0,0.0,0.0,0.0,0.0,0.0,1.0,0
0.027,79.0,79.0,78.0,74.5,73.5,73.5,5000.0,6000.0,5000.0,0.5,-13.399999999999999,-28.299999999999997,0.0,0.0,0.0,0.0,0.0,0.0,1.0,0
0.028,85.0,84.0,83.0,79.5,79.5,78.5,6000.0,5000.0,5000.0,0.5,-15.400000000000006,-30.299999999999997,0.0,0.0,0.0,0.0,0.0,0.0,2.0,0
0.029,91.0,90.0,87.0,85.5,84.5,83.5,6000.0,6000.0,4000.0,0.5,-15.599999999999994,-31.700000000000003,0.0,0.0,0.0,0.0,0.0,0.0,4.0,0
0.03,97.0,96.0,92.0,91.5,90.5,87.5,6000.0,6000.0,5000.0,0.5,-16.799999999999997,-32.1,0.0,0.0,0.0,0.0,0.0,0.0,5.0,0
0.031,103.0,102.0,97.0,97.5,96.5,92.5,6000.0,6000.0,5000.0,0.5,-18.0,-33.5,0.0,0.0,0.0,0.0,0.0,0.0,6.0,0
0.032,109.0,109.0,102.0,103.5,102.5,97.5,6000.0,7000.0,5000.0,0.5,-19.200000000000003,-34.9,0.0,0.0,0.0,0.0,0.0,0.0,7.0,0
0.033,116.0,115.0,106.0,109.5,109.5,102.5,7000.0,6000.0,4000.0,0.5,-21.400000000000006,-36.3,0.0,0.0,0.0,0.0,0.0,0.0,10.0,0
0.034,123.0,120.0,111.0,116.5,115.5,106.5,7000.0,5000.0,5000.0,0.5,-21.799999999999997,-36.099999999999994,0.0,0.0,0.0,0.0,0.0,0.0,12.0,0
0.035,130.0,126.0,116.0,123.5,120.5,111.5,7000.0,6000.0,5000.0,0.5,-21.200000000000003,-36.900000000000006,0.0,0.0,0.0,0.0,0.0,0.0,14.0,0
0.036000000000000004,137.0,132.0,120.0,130.5,126.5,116.5,7000.0,6000.0,4000.0,0.5,-21.599999999999994,-37.7,0.0,0.0,0.0,0.0,0.0,0.0,17.0,0
0.037,145.0,137.0,125.0,137.5,132.5,120.5,8000.0,5000.0,5000.0,0.5,-22.0,-37.5,0.0,0.0,0.0,0.0,0.0,0.0,20.0,0
0.038,152.0,143.0,129.0,145.5,137.5,125.5,7000.0,6000.0,4000.0,0.5,-20.599999999999994,-37.7,0.0,0.0,0.0,0.0,0.0,0.0,23.0,0
0.039,160.0,148.0,134.0,152.5,143.5,129.5,8000.0,5000.0,5000.0,0.5,-21.0,-37.5,0.0,0.0,0.0,0.0,0.0,0.0,26.0,0
0.04,168.0,153.0,138.0,160.5,148.5,134.5,8000.0,5000.0,4000.0,0.5,-19.599999999999994,-37.7,0.0,0.0,0.0,0.0,0.0,0.0,30.0,0
0.041,176.0,158.0,143.0,168.5,153.5,138.5,8000.0,5000.0,5000.0,0.5,-18.19999999999999,-36.900000000000006,0.0,0.0,0.0,0.0,0.0,0.0,33.0,0
0.042,185.0,164.0,147.0,176.5,158.5,143.5,9000.0,6000.0,4000.0,0.5,-16.80000000000001,-37.099999999999994,0.0,0.0,0.0,0.0,0.0,0.0,38.0,0
0.043000000000000003,194.0,169.0,152.0,185.5,164.5,147.5,9000.0,5000.0,5000.0,0.5,-15.599999999999994,-35.7,0.0,0.0,0.0,0.0,0.0,0.0,42.0,0
0.044,202.0,174.0,156.0,194.5,169.5,152.5,8000.0,5000.0,4000.0,0.5,-13.400000000000006,-35.3,0.0,0.0,0.0,0.0,0.0,0.0,46.0,0
0.045,211.0,180.0,160.0,202.5,174.5,156.5,9000.0,6000.0,4000.0,0.5,-12.0,-34.5,0.0,0.0,0.0,0.0,0.0,0.0,51.0,0
0.046,221.0,185.0,165.0,211.5,180.5,160.5,10000.0,5000.0,5000.0,0.5,-10.800000000000011,-33.099999999999994,0.0,0.0,0.0,0.0,0.0,0.0,56.0,0
0.047,230.0,191.0,169.0,221.5,185.5,165.5,9000.0,6000.0,4000.0,0.5,-7.800000000000011,-32.099999999999994,0.0,0.0,0.0,0.0,0.0,0.0,61.0,0
0.048,240.0,196.0,174.0,230.5,191.5,169.5,10000.0,5000.0,5000.0,0.5,-6.599999999999994,-30.69999999999999,0.0,0.0,0.0,0.0,0.0,0.0,66.0,0
0.049,249.0,202.0,178.0,240.5,196.5,174.5,9000.0,6000.0,4000.0,0.5,-3.5999999999999943,-29.69999999999999,0.0,0.0,0.0,0.0,0.0,0.0,71.0,0
0.05,259.0,208.0,183.0,249.5,202.5,178.5,10000.0,6000.0,5000.0,0.5,-2.4000000000000057,-28.30000000000001,0.0,0.0,0.0,0.0,0.0,0.0,76.0,0
0.051000000000000004,269.0,214.0,187.0,259.5,208.5,183.5,10000.0,6000.0,4000.0,0.5,-0.4000000000000057,-27.30000000000001,0.0,0.0,0.0,0.0,0.0,0.0,82.0,0
0.052000000000000005,279.0,220.0,192.0,269.5,214.5,187.5,10000.0,6000.0,5000.0,-0.875,0.5,-26.125,0.0,0.0,0.0,0.0,0.0,0.0,87.0,0
0.053,289.0,226.0,196.0,279.5,220.5,192.5,10000.0,6000.0,4000.0,-3.375,0.5,-26.625,0.0,0.0,0.0,0.0,0.0,0.0,93.0,0
0.054,298.0,232.0,201.0,289.5,226.5,196.5,9000.0,6000.0,5000.0,-5.875,0.5,-26.125,0.0,0.0,0.0,0.0,0.0,0.0,97.0,0
0.055,308.0,238.0,205.0,298.5,232.5,201.5,10000.0,6000.0,4000.0,-7.375,0.5,-26.625,0.0,0.0,0.0,0.0,0.0,0.0,103.0,0
0.056,318.0,244.0,210.0,308.5,238.5,205.5,10000.0,6000.0,5000.0,-9.875,0.5,-26.125,0.0,0.0,0.0,0.0,0.0,0.0,108.0,0
0.057,328.0,250.0,214.0,318.5,244.5,210.5,10000.0,6000.0,4000.0,-12.375,0.5,-26.625,0.0,0.0,0.0,0.0,0.0,0.0,114.0,0
0.058,337.0,256.0,219.0,328.5,250.5,214.5,9000.0,6000.0,5000.0,-14.875,0.5,-26.125,0.0,0.0,0.0,0.0,0.0,0.0,118.0,0
0.059000000000000004,346.0,261.0,223.0,337.5,256.5,219.5,9000.0,5000.0,4000.0,-16.375,0.5,-26.625,0.0,0.0,0.0,0.0,0.0,0.0,123.0,0
0.06,355.0,267.0,228.0,346.5,261.5,223.5,9000.0,6000.0,5000.0,-19.125,0.5,-26.875,0.0,0.0,0.0,0.0,0.0,0.0,127.0,0
0.061,364.0,273.0,232.0,355.5,267.5,228.5,9000.0,6000.0,4000.0,-20.625,0.5,-27.375,0.0,0.0,0.0,0.0,0.0,0.0,132.0,0
0.062,373.0,279.0,236.0,364.5,273.5,232.5,9000.0,6000.0,4000.0,-22.125,0.5,-26.875,0.0,0.0,0.0,0.0,0.0,0.0,137.0,0
0.063,382.0,285.0,241.0,373.5,279.5,236.5,9000.0,6000.0,5000.0,-23.625,0.5,-26.375,0.0,0.0,0.0,0.0,0.0,0.0,141.0,0
0.064,391.0,291.0,245.0,382.5,285.5,241.5,9000.0,6000.0,4000.0,-25.125,0.5,-26.875,0.0,0.0,0.0,0.0,0.0,0.0,146.0,0
0.065,399.0,297.0,249.0,391.5,291.5,245.5,8000.0,6000.0,4000.0,-26.625,0.5,-26.375,0.0,0.0,0.0,0.0,0.0,0.0,150.0,0
0.066,408.0,303.0,253.0,399.5,297.5,249.5,9000.0,6000.0,4000.0,-27.125,0.5,-25.875,0.0,0.0,0.0,0.0,0.0,0.0,155.0,0
0.067,416.0,309.0,258.0,408.5,303.5,253.5,8000.0,6000.0,5000.0,-28.625,0.5,-25.375,0.0,0.0,0.0,0.0,0.0,0.0,158.0,0
0.068,425.0,315.0,262.0,416.5,309.5,258.5,9000.0,6000.0,4000.0,-29.125,0.5,-25.875,0.0,0.0,0.0,0.0,0.0,0.0,163.0,0
0.069,433.0,321.0,266.0,425.5,315.5,262.5,8000.0,6000.0,4000.0,-30.625,0.5,-25.375,0.0,0.0,0.0,0.0,0.0,0.0,167.0,0
0.07,441.0,327.0,271.0,433.5,321.5,266.5,8000.0,6000.0,5000.0,-31.125,0.5,-24.875,0.0,0.0,0.0,0.0,0.0,0.0,170.0,0
0.07100000000000001,450.0,333.0,275.0,441.5,327.5,271.5,9000.0,6000.0,4000.0,-31.625,0.5,-25.375,0.0,0.0,0.0,0.0,0.0,0.0,175.0,0
0.07200000000000001,458.0,339.0,279.0,450.5,333.5,275.5,8000.0,6000.0,4000.0,-33.125,0.5,-24.875,0.0,0.0,0.0,0.0,0.0,0.0,179.0,0
0.073,466.0,344.0,283.0,458.5,339.5,279.5,8000.0,5000.0,4000.0,-33.625,0.5,-24.375,0.0,0.0,0.0,0.0,0.0,0.0,183.0,0
0.074,474.0,350.0,288.0,466.5,344.5,283.5,8000.0,6000.0,5000.0,-35.375,0.5,-24.625,0.0,0.0,0.0,0.0,0.0,0.0,186.0,0
0.075,482.0,356.0,292.0,474.5,350.5,288.5,8000.0,6000.0,4000.0,-35.875,0.5,-25.125,0.0,0.0,0.0,0.0,0.0,0.0,190.0,0
0.076,490.0,362.0,296.0,482.5,356.5,292.5,8000.0,6000.0,4000.0,-36.375,0.5,-24.625,0.0,0.0,0.0,0.0,0.0,0.0,194.0,0
0.077,498.0,368.0,300.0,490.5,362.5,296.5,8000.0,6000.0,4000.0,-36.875,0.5,-24.125,0.0,0.0,0.0,0.0,0.0,0.0,198.0,0
0.078,506.0,374.0,304.0,498.5,368.5,300.5,8000.0,6000.0,4000.0,-37.375,0.5,-23.625,0.0,0.0,0.0,0.0,0.0,0.0,202.0,0
0.079,514.0,380.0,309.0,506.5,374.5,304.5,8000.0,6000.0,5000.0,-37.875,0.5,-23.125,0.0,0.0,0.0,0.0,0.0,0.0,205.0,0
0.08,522.0,386.0,313.0,514.5,380.5,309.5,8000.0,6000.0,4000.0,-38.375,0.5,-23.625,0.0,0.0,0.0,0.0,0.0,0.0,209.0,0
0.081,530.0,392.0,317.0,522.5,386.5,313.5,8000.0,6000.0,4000.0,-38.875,0.5,-23.125,0.0,0.0,0.0,0.0,0.0,0.0,213.0,0
0.082,538.0,398.0,321.0,530.5,392.5,317.5,8000.0,6000.0,4000.0,-39.375,0.5,-22.625,0.0,0.0,0.0,0.0,0.0,0.0,217.0,0
0.083,545.0,404.0,325.0,538.5,398.5,321.5,7000.0,6000.0,4000.0,-39.875,0.5,-22.125,0.0,0.0,0.0,0.0,0.0,0.0,220.0,0
0.084,553.0,410.0,329.0,545.5,404.5,325.5,8000.0,6000.0,4000.0,-39.375,0.5,-21.625,0.0,0.0,0.0,0.0,0.0,0.0,224.0,0
0.085,561.0,416.0,333.0,553.5,410.5,329.5,8000.0,6000.0,4000.0,-39.875,0.5,-21.125,0.0,0.0,0.0,0.0,0.0,0.0,228.0,0
0.08600000000000001,568.0,422.0,338.0,561.5,416.5,333.5,7000.0,6000.0,5000.0,-40.375,0.5,-20.625,0.0,0.0,0.0,0.0,0.0,0.0,230.0,0
0.08700000000000001,576.0,427.0,342.0,568.5,422.5,338.5,8000.0,5000.0,4000.0,-39.875,0.5,-21.125,0.0,0.0,0.0,0.0,0.0,0.0,234.0,0
0.088,584.0,433.0,346.0,576.5,427.5,342.5,8000.0,6000.0,4000.0,-41.625,0.5,-21.375,0.0,0.0,0.0,0.0,0.0,0.0,238.0,0
0.089,591.0,439.0,350.0,584.5,433.5,346.5,7000.0,6000.0,4000.0,-42.125,0.5,-20.875,0.0,0.0,0.0,0.0,0.0,0.0,241.0,0
0.09,599.0,445.0,354.0,591.5,439.5,350.5,8000.0,6000.0,4000.0,-41.625,0.5,-20.375,0.0,0.0,0.0,0.0,0.0,0.0,245.0,0
0.091,606.0,451.0,358.0,599.5,445.5,354.5,7000.0,6000.0,4000.0,-42.125,0.5,-19.875,0.0,0.0,0.0,0.0,0.0,0.0,248.0,0
0.092,613.0,457.0,362.0,606.5,451.5,358.5,7000.0,6000.0,4000.0,-41.625,0.5,-19.375,0.0,0.0,0.0,0.0,0.0,0.0,251.0,0
0.093,621.0,463.0,366.0,613.5,457.5,362.5,8000.0,6000.0,4000.0,-41.125,0.5,-18.875,0.0,0.0,0.0,0.0,0.0,0.0,255.0,0
0.094,628.0,469.0,370.0,621.5,463.5,366.5,7000.0,6000.0,4000.0,-41.625,0.5,-18.375,0.0,0.0,0.0,0.0,0.0,0.0,258.0,0
0.095,636.0,475.0,375.0,628.5,469.5,370.5,8000.0,6000.0,5000.0,-41.125,0.5,-17.875,0.0,0.0,0.0,0.0,0.0,0.0,261.0,0
0.096,643.0,481.0,379.0,636.5,475.5,375.5,7000.0,6000.0,4000.0,-41.625,0.5,-18.375,0.0,0.0,0.0,0.0,0.0,0.0,264.0,0
0.097,650.0,487.0,383.0,643.5,481.5,379.5,7000.0,6000.0,4000.0,-41.125,0.5,-17.875,0.0,0.0,0.0,0.0,0.0,0.0,267.0,0
0.098,658.0,493.0,387.0,650.5,487.5,383.5,8000.0,6000.0,4000.0,-40.625,0.5,-17.375,0.0,0.0,0.0,0.0,0.0,0.0,271.0,0
0.099,665.0,499.0,391.0,658.5,493.5,387.5,7000.0,6000.0,4000.0,-41.125,0.5,-16.875,0.0,0.0,0.0,0.0,0.0,0.0,274.0,0
0.1,672.0,504.0,395.0,665.5,499.5,391.5,7000.0,5000.0,4000.0,-40.625,0.5,-16.375,0.0,0.0,0.0,0.0,0.0,0.0,277.0,0
0.101,679.0,510.0,399.0,672.5,504.5,395.5,7000.0,6000.0,4000.0,-41.375,0.5,-16.625,0.0,0.0,0.0,0.0,0.0,0.0,280.0,0
0.10200000000000001,686.0,516.0,403.0,679.5,510.5,399.5,7000.0,6000.0,4000.0,-40.875,0.5,-16.125,0.0,0.0,0.0,0.0,0.0,0.0,283.0,0
0.10300000000000001,694.0,522.0,407.0,686.5,516.5,403.5,8000.0,6000.0,4000.0,-40.375,0.5,-15.625,0.0,0.0,0.0,0.0,0.0,0.0,287.0,0
0.10400000000000001,701.0,528.0,411.0,694.5,522.5,407.5,7000.0,6000.0,4000.0,-40.875,0.5,-15.125,0.0,0.0,0.0,0.0,0.0,0.0,290.0,0
0.105,708.0,534.0,416.0,701.5,528.5,411.5,7000.0,6000.0,5000.0,-40.375,0.5,-14.625,0.0,0.0,0.0,0.0,0.0,0.0,292.0,0
0.106,715.0,540.0,420.0,708.5,534.5,416.5,7000.0,6000.0,4000.0,-39.875,0.5,-15.125,0.0,0.0,0.0,0.0,0.0,0.0,295.0,0
0.107,722.0,546.0,424.0,715.5,540.5,420.5,7000.0,6000.0,4000.0,-39.375,0.5,-14.625,0.0,0.0,0.0,0.0,0.0,0.0,298.0,0
0.108,729.0,552.0,428.0,722.5,546.5,424.5,7000.0,6000.0,4000.0,-38.875,0.5,-14.125,0.0,0.0,0.0,0.0,0.0,0.0,301.0,0
0.109,737.0,558.0,432.0,729.5,552.5,428.5,8000.0,6000.0,4000.0,-38.375,0.5,-13.625,0.0,0.0,0.0,0.0,0.0,0.0,305.0,0
0.11,744.0,564.0,436.0,737.5,558.5,432.5,7000.0,6000.0,4000.0,-38.875,0.5,-13.125,0.0,0.0,0.0,0.0,0.0,0.0,308.0,0
0.111,751.0,570.0,440.0,744.5,564.5,436.5,7000.0,6000.0,4000.0,-38.375,0.5,-12.625,0.0,0.0,0.0,0.0,0.0,0.0,311.0,0
0.112,758.0,576.0,444.0,751.5,570.5,440.5,7000.0,6000.0,4000.0,-37.875,0.5,-12.125,0.0,0.0,0.0,0.0,0.0,0.0,314.0,0
0.113,765.0,582.0,448.0,758.5,576.5,444.5,7000.0,6000.0,4000.0,-37.375,0.5,-11.625,0.0,0.0,0.0,0.0,0.0,0.0,317.0,0
0.114,772.0,587.0,452.0,765.5,582.5,448.5,7000.0,5000.0,4000.0,-36.875,0.5,-11.125,0.0,0.0,0.0,0.0,0.0,0.0,320.0,0
0.115,779.0,593.0,456.0,772.5,587.5,452.5,7000.0,6000.0,4000.0,-37.625,0.5,-11.375,0.0,0.0,0.0,0.0,0.0,0.0,323.0,0
0.116,786.0,599.0,461.0,779.5,593.5,456.5,7000.0,6000.0,5000.0,-37.125,0.5,-10.875,0.0,0.0,0.0,0.0,0.0,0.0,325.0,0
0.117,793.0,605.0,465.0,786.5,599.5,461.5,7000.0,6000.0,4000.0,-36.625,0.5,-11.375,0.0,0.0,0.0,0.0,0.0,0.0,328.0,0
0.11800000000000001,800.0,611.0,469.0,793.5,605.5,465.5,7000.0,6000.0,4000.0,-36.125,0.5,-10.875,0.0,0.0,0.0,0.0,0.0,0.0,331.0,0
0.11900000000000001,807.0,617.0,473.0,800.5,611.5,469.5,7000.0,6000.0,4000.0,-35.625,0.5,-10.375,0.0,0.0,0.0,0.0,0.0,0.0,334.0,0
0.12,814.0,623.0,477.0,807.5,617.5,473.5,7000.0,6000.0,4000.0,-35.125,0.5,-9.875,0.0,0.0,0.0,0.0,0.0,0.0,337.0,0
0.121,821.0,629.0,481.0,814.5,623.5,477.5,7000.0,6000.0,4000.0,-34.625,0.5,-9.375,0.0,0.0,0.0,0.0,0.0,0.0,340.0,0
0.122,828.0,635.0,486.0,821.5,629.5,481.5,7000.0,6000.0,5000.0,-34.125,0.5,-8.875,0.0,0.0,0.0,0.0,0.0,0.0,342.0,0
0.123,835.0,641.0,490.0,828.5,635.5,486.5,7000.0,6000.0,4000.0,-33.625,0.5,-9.375,0.0,0.0,0.0,0.0,0.0,0.0,345.0,0
0.124,842.0,647.0,495.0,835.5,641.5,490.5,7000.0,6000.0,5000.0,-33.125,0.5,-8.875,0.0,0.0,0.0,0.0,0.0,0.0,347.0,0
0.125,849.0,653.0,499.0,842.5,647.5,495.5,7000.0,6000.0,4000.0,-32.625,0.5,-9.375,0.0,0.0,0.0,0.0,0.0,0.0,350.0,0
0.126,856.0,659.0,503.0,849.5,653.5,499.5,7000.0,6000.0,4000.0,-32.125,0.5,-8.875,0.0,0.0,0.0,0.0,0.0,0.0,353.0,0
0.127,863.0,665.0,508.0,856.5,659.5,503.5,7000.0,6000.0,5000.0,-31.625,0.5,-8.375,0.0,0.0,0.0,0.0,0.0,0.0,355.0,0
0.128,870.0,670.0,512.0,863.5,665.5,508.5,7000.0,5000.0,4000.0,-31.125,0.5,-8.875,0.0,0.0,0.0,0.0,0.0,0.0,358.0,0
0.129,877.0,676.0,516.0,870.5,670.5,512.5,7000.0,6000.0,4000.0,-31.875,0.5,-9.125,0.0,0.0,0.0,0.0,0.0,0.0,361.0,0
0.13,884.0,682.0,521.0,877.5,676.5,516.5,7000.0,6000.0,5000.0,-31.375,0.5,-8.625,0.0,0.0,0.0,0.0,0.0,0.0,363.0,0
0.131,891.0,688.0,525.0,884.5,682.5,521.5,7000.0,6000.0,4000.0,-30.875,0.5,-9.125,0.0,0.0,0.0,0.0,0.0,0.0,366.0,0
0.132,898.0,694.0,529.0,891.5,688.5,525.5,7000.0,6000.0,4000.0,-30.375,0.5,-8.625,0.0,0.0,0.0,0.0,0.0,0.0,369.0,0
0.133,905.0,700.0,534.0,898.5,694.5,529.5,7000.0,6000.0,5000.0,-29.875,0.5,-8.125,0.0,0.0,0.0,0.0,0.0,0.0,371.0,0
0.134,912.0,706.0,538.0,905.5,700.5,534.5,7000.0,6000.0,4000.0,-29.375,0.5,-8.625,0.0,0.0,0.0,0.0,0.0,0.0,374.0,0
0.135,919.0,712.0,542.0,912.5,706.5,538.5,7000.0,6000.0,4000.0,-28.875,0.5,-8.125,0.0,0.0,0.0,0.0,0.0,0.0,377.0,0
0.136,926.0,718.0,547.0,919.5,712.5,542.5,7000.0,6000.0,5000.0,-28.375,0.5,-7.625,0.0,0.0,0.0,0.0,0.0,0.0,379.0,0
0.137,933.0,724.0,551.0,926.5,718.5,547.5,7000.0,6000.0,4000.0,-27.875,0.5,-8.125,0.0,0.0,0.0,0.0,0.0,0.0,382.0,0
0.138,940.0,730.0,555.0,933.5,724.5,551.5,7000.0,6000.0,4000.0,-27.375,0.5,-7.625,0.0,0.0,0.0,0.0,0.0,0.0,385.0,0
0.139,947.0,736.0,560.0,940.5,730.5,555.5,7000.0,6000.0,5000.0,-26.875,0.5,-7.125,0.0,0.0,0.0,0.0,0.0,0.0,387.0,0
0.14,954.0,742.0,564.0,947.5,736.5,560.5,7000.0,6000.0,4000.0,-26.375,0.5,-7.625,0.0,0.0,0.0,0.0,0.0,0.0,390.0,0
0.14100000000000001,961.0,747.0,569.0,954.5,742.5,564.5,7000.0,5000.0,5000.0,-25.875,0.5,-7.125,0.0,0.0,0.0,0.0,0.0,0.0,392.0,0
0.14200000000000002,968.0,753.0,573.0,961.5,747.5,569.5,7000.0,6000.0,4000.0,-26.625,0.5,-8.375,0.0,0.0,0.0,0.0,0.0,0.0,395.0,0
0.14300000000000002,975.0,759.0,577.0,968.5,753.5,573.5,7000.0,6000.0,4000.0,-26.125,0.5,-7.875,0.0,0.0,0.0,0.0,0.0,0.0,398.0,0
0.14400000000000002,982.0,765.0,582.0,975.5,759.5,577.5,7000.0,6000.0,5000.0,-25.625,0.5,-7.375,0.0,0.0,0.0,0.0,0.0,0.0,400.0,0
0.145,989.0,771.0,586.0,982.5,765.5,582.5,7000.0,6000.0,4000.0,-25.125,0.5,-7.875,0.0,0.0,0.0,0.0,0.0,0.0,403.0,0
0.146,996.0,777.0,590.0,989.5,771.5,586.5,7000.0,6000.0,4000.0,-24.625,0.5,-7.375,0.0,0.0,0.0,0.0,0.0,0.0,406.0,0
0.147,1002.0,783.0,595.0,996.5,777.5,590.5,6000.0,6000.0,5000.0,-24.125,0.5,-6.875,0.0,0.0,0.0,0.0,0.0,0.0,407.0,0
0.148,1009.0,789.0,599.0,1002.5,783.5,595.5,7000.0,6000.0,4000.0,-22.625,0.5,-7.375,0.0,0.0,0.0,0.0,0.0,0.0,410.0,0
0.149,1017.0,795.0,603.0,1009.5,789.5,599.5,8000.0,6000.0,4000.0,-22.125,0.5,-6.875,0.0,0.0,0.0,0.0,0.0,0.0,414.0,0
0.15,1023.0,801.0,608.0,1017.5,795.5,603.5,6000.0,6000.0,5000.0,-22.625,0.5,-6.375,0.0,0.0,0.0,0.0,0.0,0.0,415.0,0
0.151,1031.0,807.0,612.0,1023.5,801.5,608.5,8000.0,6000.0,4000.0,-21.125,0.5,-6.875,0.0,0.0,0.0,0.0,0.0,0.0,419.0,0
0.152,1038.0,813.0,616.0,1031.5,807.5,612.5,7000.0,6000.0,4000.0,-21.625,0.5,-6.375,0.0,0.0,0.0,0.0,0.0,0.0,422.0,0
0.153,1045.0,819.0,621.0,1038.5,813.5,616.5,7000.0,6000.0,5000.0,-21.125,0.5,-5.875,0.0,0.0,0.0,0.0,0.0,0.0,424.0,0
0.154,1052.0,825.0,625.0,1045.5,819.5,621.5,7000.0,6000.0,4000.0,-20.625,0.5,-6.375,0.0,0.0,0.0,0.0,0.0,0.0,427.0,0
0.155,1059.0,830.0,629.0,1052.5,825.5,625.5,7000.0,5000.0,4000.0,-20.125,0.5,-5.875,0.0,0.0,0.0,0.0,0.0,0.0,430.0,0
0.156,1066.0,836.0,634.0,1059.5,830.5,629.5,7000.0,6000.0,5000.0,-20.875,0.5,-6.125,0.0,0.0,0.0,0.0,0.0,0.0,432.0,0
0.157,1073.0,842.0,638.0,1066.5,836.5,634.5,7000.0,6000.0,4000.0,-20.375,0.5,-6.625,0.0,0.0,0.0,0.0,0.0,0.0,435.0,0
0.158,1080.0,848.0,643.0,1073.5,842.5,638.5,7000.0,6000.0,5000.0,-19.875,0.5,-6.125,0.0,0.0,0.0,0.0,0.0,0.0,437.0,0
0.159,1087.0,854.0,647.0,1080.5,848.5,643.5,7000.0,6000.0,4000.0,-19.375,0.5,-6.625,0.0,0.0,0.0,0.0,0.0,0.0,440.0,0
0.16,1094.0,860.0,651.0,1087.5,854.5,647.5,7000.0,6000.0,4000.0,-18.875,0.5,-6.125,0.0,0.0,0.0,0.0,0.0,0.0,443.0,0
0.161,1101.0,866.0,656.0,1094.5,860.5,651.5,7000.0,6000.0,5000.0,-18.375,0.5,-5.625,0.0,0.0,0.0,0.0,0.0,0.0,445.0,0
0.162,1108.0,872.0,660.0,1101.5,866.5,656.5,7000.0,6000.0,4000.0,-17.875,0.5,-6.125,0.0,0.0,0.0,0.0,0.0,0.0,448.0,0
0.163,1115.0,878.0,664.0,1108.5,872.5,660.5,7000.0,6000.0,4000.0,-17.375,0.5,-5.625,0.0,0.0,0.0,0.0,0.0,0.0,451.0,0
0.164,1122.0,884.0,669.0,1115.5,878.5,664.5,7000.0,6000.0,5000.0,-16.875,0.5,-5.125,0.0,0.0,0.0,0.0,0.0,0.0,453.0,0
0.165,1129.0,890.0,673.0,1122.5,884.5,669.5,7000.0,6000.0,4000.0,-16.375,0.5,-5.625,0.0,0.0,0.0,0.0,0.0,0.0,456.0,0
0.166,1136.0,896.0,677.0,1129.5,890.5,673.5,7000.0,6000.0,4000.0,-15.875,0.5,-5.125,0.0,0.0,0.0,0.0,0.0,0.0,459.0,0
0.167,1143.0,902.0,682.0,1136.5,896.5,677.5,7000.0,6000.0,5000.0,-15.375,0.5,-4.625,0.0,0.0,0.0,0.0,0.0,0.0,461.0,0
0.168,1150.0,907.0,686.0,1143.5,902.5,682.5,7000.0,5000.0,4000.0,-14.875,0.5,-5.125,0.0,0.0,0.0,0.0,0.0,0.0,464.0,0
0.169,1157.0,913.0,690.0,1150.5,907.5,686.5,7000.0,6000.0,4000.0,-15.625,0.5,-5.375,0.0,0.0,0.0,0.0,0.0,0.0,467.0,0
0.17,1164.0,919.0,695.0,1157.5,913.5,690.5,7000.0,6000.0,5000.0,-15.125,0.5,-4.875,0.0,0.0,0.0,0.0,0.0,0.0,469.0,0
0.171,1171.0,925.0,699.0,1164.5,919.5,695.5,7000.0,6000.0,4000.0,-14.625,0.5,-5.375,0.0,0.0,0.0,0.0,0.0,0.0,472.0,0
0.17200000000000001,1178.0,931.0,704.0,1171.5,925.5,699.5,7000.0,6000.0,5000.0,-14.125,0.5,-4.875,0.0,0.0,0.0,0.0,0.0,0.0,474.0,0
0.17300000000000001,1185.0,937.0,708.0,1178.5,931.5,704.5,7000.0,6000.0,4000.0,-13.625,0.5,-5.375,0.0,0.0,0.0,0.0,0.0,0.0,477.0,0
0.17400000000000002,1192.0,943.0,712.0,1185.5,937.5,708.5,7000.0,6000.0,4000.0,-13.125,0.5,-4.875,0.0,0.0,0.0,0.0,0.0,0.0,480.0,0
0.17500000000000002,1199.0,949.0,717.0,1192.5,943.5,712.5,7000.0,6000.0,5000.0,-12.625,0.5,-4.375,0.0,0.0,0.0,0.0,0.0,0.0,482.0,0
0.176,1207.0,955.0,721.0,1199.5,949.5,717.5,8000.0,6000.0,4000.0,-12.125,0.5,-4.875,0.0,0.0,0.0,0.0,0.0,0.0,486.0,0
0.177,1214.0,961.0,725.0,1207.5,955.5,721.5,7000.0,6000.0,4000.0,-12.625,0.5,-4.375,0.0,0.0,0.0,0.0,0.0,0.0,489.0,0
0.178,1221.0,967.0,730.0,1214.5,961.5,725.5,7000.0,6000.0,5000.0,-12.125,0.5,-3.875,0.0,0.0,0.0,0.0,0.0,0.0,491.0,0
0.179,1228.0,973.0,734.0,1221.5,967.5,730.5,7000.0,6000.0,4000.0,-11.625,0.5,-4.375,0.0,0.0,0.0,0.0,0.0,0.0,494.0,0
0.18,1235.0,979.0,738.0,1228.5,973.5,734.5,7000.0,6000.0,4000.0,-11.125,0.5,-3.875,0.0,0.0,0.0,0.0,0.0,0.0,497.0,0
0.181,1242.0,985.0,743.0,1235.5,979.5,738.5,7000.0,6000.0,5000.0,-10.625,0.5,-3.375,0.0,0.0,0.0,0.0,0.0,0.0,499.0,0
0.182,1249.0,990.0,747.0,1242.5,985.5,743.5,7000.0,5000.0,4000.0,-10.125,0.5,-3.875,0.0,0.0,0.0,0.0,0.0,0.0,502.0,0
0.183,1257.0,996.0,751.0,1249.5,990.5,747.5,8000.0,6000.0,4000.0,-10.875,0.5,-4.125,0.0,0.0,0.0,0.0,0.0,0.0,506.0,0
0.184,1264.0,1002.0,756.0,1257.5,996.5,751.5,7000.0,6000.0,5000.0,-11.375,0.5,-3.625,0.0,0.0,0.0,0.0,0.0,0.0,508.0,0
0.185,1271.0,1008.0,760.0,1264.5,1002.5,756.5,7000.0,6000.0,4000.0,-10.875,0.5,-4.125,0.0,0.0,0.0,0.0,0.0,0.0,511.0,0
0.186,1278.0,1014.0,764.0,1271.5,1008.5,760.5,7000.0,6000.0,4000.0,-10.375,0.5,-3.625,0.0,0.0,0.0,0.0,0.0,0.0,514.0,0
0.187,1285.0,1020.0,769.0,1278.5,1014.5,764.5,7000.0,6000.0,5000.0,-9.875,0.5,-3.125,0.0,0.0,0.0,0.0,0.0,0.0,516.0,0
0.188,1293.0,1026.0,773.0,1285.5,1020.5,769.5,8000.0,6000.0,4000.0,-9.375,0.5,-3.625,0.0,0.0,0.0,0.0,0.0,0.0,520.0,0
0.189,1300.0,1032.0,778.0,1293.5,1026.5,773.5,7000.0,6000.0,5000.0,-9.875,0.5,-3.125,0.0,0.0,0.0,0.0,0.0,0.0,522.0,0
0.19,1308.0,1038.0,782.0,1300.5,1032.5,778.5,8000.0,6000.0,4000.0,-9.375,0.5,-3.625,0.0,0.0,0.0,0.0,0.0,0.0,526.0,0
0.191,1315.0,1044.0,786.0,1308.5,1038.5,782.5,7000.0,6000.0,4000.0,-9.875,0.5,-3.125,0.0,0.0,0.0,0.0,0.0,0.0,529.0,0
0.192,1323.0,1050.0,791.0,1315.5,1044.5,786.5,8000.0,6000.0,5000.0,-9.375,0.5,-2.625,0.0,0.0,0.0,0.0,0.0,0.0,532.0,0
0.193,1330.0,1056.0,795.0,1323.5,1050.5,791.5,7000.0,6000.0,4000.0,-9.875,0.5,-3.125,0.0,0.0,0.0,0.0,0.0,0.0,535.0,0
0.194,1338.0,1062.0,799.0,1330.5,1056.5,795.5,8000.0,6000.0,4000.0,-9.375,0.5,-2.625,0.0,0.0,0.0,0.0,0.0,0.0,539.0,0
0.195,1346.0,1068.0,804.0,1338.5,1062.5,799.5,8000.0,6000.0,5000.0,-9.875,0.5,-2.125,0.0,0.0,0.0,0.0,0.0,0.0,542.0,0
0.196,1353.0,1073.0,808.0,1346.5,1068.5,804.5,7000.0,5000.0,4000.0,-10.375,0.5,-2.625,0.0,0.0,0.0,0.0,0.0,0.0,545.0,0
0.197,1360.0,1079.0,812.0,1353.5,1073.5,808.5,7000.0,6000.0,4000.0,-11.125,0.5,-2.875,0.0,0.0,0.0,0.0,0.0,0.0,548.0,0
0.198,1367.0,1085.0,817.0,1360.5,1079.5,812.5,7000.0,6000.0,5000.0,-10.625,0.5,-2.375,0.0,0.0,0.0,0.0,0.0,0.0,550.0,0
0.199,1374.0,1091.0,821.0,1367.5,1085.5,817.5,7000.0,6000.0,4000.0,-10.125,0.5,-2.875,0.0,0.0,0.0,0.0,0.0,0.0,553.0,0
0.2,1382.0,1097.0,825.0,1374.5,1091.5,821.5,8000.0,6000.0,4000.0,-9.625,0.5,-2.375,0.0,0.0,0.0,0.0,0.0,0.0,557.0,0
0.201,1389.0,1103.0,830.0,1382.5,1097.5,825.5,7000.0,6000.0,5000.0,-10.125,0.5,-1.875,0.0,0.0,0.0,0.0,0.0,0.0,559.0,0
0.202,1396.0,1109.0,834.0,1389.5,1103.5,830.5,7000.0,6000.0,4000.0,-9.625,0.5,-2.375,0.0,0.0,0.0,0.0,0.0,0.0,562.0,0
0.203,1403.0,1115.0,839.0,1396.5,1109.5,834.5,7000.0,6000.0,5000.0,-9.125,0.5,-1.875,0.0,0.0,0.0,0.0,0.0,0.0,564.0,0
0.20400000000000001,1411.0,1121.0,843.0,1403.5,1115.5,839.5,8000.0,6000.0,4000.0,-8.625,0.5,-2.375,0.0,0.0,0.0,0.0,0.0,0.0,568.0,0
0.20500000000000002,1419.0,1127.0,847.0,1411.5,1121.5,843.5,8000.0,6000.0,4000.0,-9.125,0.5,-1.875,0.0,0.0,0.0,0.0,0.0,0.0,572.0,0
0.20600000000000002,1426.0,1133.0,852.0,1419.5,1127.5,847.5,7000.0,6000.0,5000.0,-9.625,0.5,-1.375,0.0,0.0,0.0,0.0,0.0,0.0,574.0,0
0.20700000000000002,1434.0,1139.0,856.0,1426.5,1133.5,852.5,8000.0,6000.0,4000.0,-9.125,0.5,-1.875,0.0,0.0,0.0,0.0,0.0,0.0,578.0,0
0.20800000000000002,1441.0,1145.0,860.0,1434.5,1139.5,856.5,7000.0,6000.0,4000.0,-9.625,0.5,-1.375,0.0,0.0,0.0,0.0,0.0,0.0,581.0,0
0.209,1449.0,1150.0,865.0,1441.5,1145.5,860.5,8000.0,5000.0,5000.0,-9.125,0.5,-0.875,0.0,0.0,0.0,0.0,0.0,0.0,584.0,0
0.21,1456.0,1156.0,869.0,1449.5,1150.5,865.5,7000.0,6000.0,4000.0,-10.875,0.5,-2.125,0.0,0.0,0.0,0.0,0.0,0.0,587.0,0
0.211,1463.0,1162.0,873.0,1456.5,1156.5,869.5,7000.0,6000.0,4000.0,-10.375,0.5,-1.625,0.0,0.0,0.0,0.0,0.0,0.0,590.0,0
0.212,1470.0,1168.0,878.0,1463.5,1162.5,873.5,7000.0,6000.0,5000.0,-9.875,0.5,-1.125,0.0,0.0,0.0,0.0,0.0,0.0,592.0,0
0.213,1478.0,1174.0,882.0,1470.5,1168.5,878.5,8000.0,6000.0,4000.0,-9.375,0.5,-1.625,0.0,0.0,0.0,0.0,0.0,0.0,596.0,0
0.214,1485.0,1180.0,886.0,1478.5,1174.5,882.5,7000.0,6000.0,4000.0,-9.875,0.5,-1.125,0.0,0.0,0.0,0.0,0.0,0.0,599.0,0
0.215,1493.0,1186.0,891.0,1485.5,1180.5,886.5,8000.0,6000.0,5000.0,-9.375,0.5,-0.625,0.0,0.0,0.0,0.0,0.0,0.0,602.0,0
0.216,1500.0,1192.0,895.0,1493.5,1186.5,891.5,7000.0,6000.0,4000.0,-9.875,0.5,-1.125,0.0,0.0,0.0,0.0,0.0,0.0,605.0,0
0.217,1508.0,1198.0,899.0,1500.5,1192.5,895.5,8000.0,6000.0,4000.0,-9.375,0.5,-0.625,0.0,0.0,0.0,0.0,0.0,0.0,609.0,0
0.218,1515.0,1204.0,904.0,1508.5,1198.5,899.5,7000.0,6000.0,5000.0,-9.875,0.5,-0.125,0.0,0.0,0.0,0.0,0.0,0.0,611.0,0
0.219,1523.0,1210.0,908.0,1515.5,1204.5,904.5,8000.0,6000.0,4000.0,-9.375,0.5,-0.625,0.0,0.0,0.0,0.0,0.0,0.0,615.0,0
0.22,1530.0,1216.0,913.0,1523.5,1210.5,908.5,7000.0,6000.0,5000.0,-9.875,0.5,-0.125,0.0,0.0,0.0,0.0,0.0,0.0,617.0,0
0.221,1538.0,1222.0,917.0,1530.5,1216.5,913.5,8000.0,6000.0,4000.0,-9.375,0.5,-0.625,0.0,0.0,0.0,0.0,0.0,0.0,621.0,0
0.222,1545.0,1228.0,921.0,1538.5,1222.5,917.5,7000.0,6000.0,4000.0,-9.875,0.5,-0.125,0.0,0.0,0.0,0.0,0.0,0.0,624.0,0
0.223,1553.0,1233.0,926.0,1545.5,1228.5,921.5,8000.0,5000.0,5000.0,-9.375,0.5,0.375,0.0,0.0,0.0,0.0,0.0,0.0,627.0,0
0.224,1560.0,1239.0,930.0,1553.5,1233.5,926.5,7000.0,6000.0,4000.0,-11.125,0.5,-0.875,0.0,0.0,0.0,0.0,0.0,0.0,630.0,0
0.225,1567.0,1245.0,934.0,1560.5,1239.5,930.5,7000.0,6000.0,4000.0,-10.625,0.5,-0.375,0.0,0.0,0.0,0.0,0.0,0.0,633.0,0
0.226,1574.0,1251.0,939.0,1567.5,1245.5,934.5,7000.0,6000.0,5000.0,-10.125,0.5,0.125,0.0,0.0,0.0,0.0,0.0,0.0,635.0,0
0.227,1582.0,1257.0,943.0,1574.5,1251.5,939.5,8000.0,6000.0,4000.0,-9.625,0.5,-0.375,0.0,0.0,0.0,0.0,0.0,0.0,639.0,0
0.228,1589.0,1263.0,947.0,1582.5,1257.5,943.5,7000.0,6000.0,4000.0,-10.125,0.5,0.125,0.0,0.0,0.0,0.0,0.0,0.0,642.0,0
0.229,1596.0,1269.0,952.0,1589.5,1263.5,947.5,7000.0,6000.0,5000.0,-9.833333333333258,0.33333333333325754,0.5,0.0,0.0,0.0,0.0,0.0,0.0,644.0,0
0.23,1603.0,1275.0,956.0,1596.5,1269.5,952.5,7000.0,6000.0,4000.0,-9.125,0.5,0.125,0.0,0.0,0.0,0.0,0.0,0.0,647.0,0
0.231,1611.0,1281.0,960.0,1603.5,1275.5,956.5,8000.0,6000.0,4000.0,-8.833333333333258,0.33333333333325754,0.5,0.0,0.0,0.0,0.0,0.0,0.0,651.0,0
0.232,1618.0,1287.0,965.0,1611.5,1281.5,960.5,7000.0,6000.0,5000.0,-10.166666666666742,-0.33333333333325754,0.5,0.0,0.0,0.0,0.0,0.0,0.0,653.0,0
0.233,1626.0,1293.0,969.0,1618.5,1287.5,965.5,8000.0,6000.0,4000.0,-8.833333333333258,0.33333333333325754,0.5,0.0,0.0,0.0,0.0,0.0,0.0,657.0,0
0.234,1633.0,1299.0,973.0,1626.5,1293.5,969.5,7000.0,6000.0,4000.0,-10.166666666666742,-0.33333333333325754,0.5,0.0,0.0,0.0,0.0,0.0,0.0,660.0,0
0.23500000000000001,1640.0,1305.0,978.0,1633.5,1299.5,973.5,7000.0,6000.0,5000.0,-10.5,-1.0,0.5,0.0,0.0,0.0,0.0,0.0,0.0,662.0,0
0.23600000000000002,1647.0,1311.0,982.0,1640.5,1305.5,978.5,7000.0,6000.0,4000.0,-9.166666666666742,-0.33333333333325754,0.5,0.0,0.0,0.0,0.0,0.0,0.0,665.0,0
0.23700000000000002,1655.0,1316.0,987.0,1647.5,1311.5,982.5,8000.0,5000.0,5000.0,-9.5,-1.0,0.5,0.0,0.0,0.0,0.0,0.0,0.0,668.0,0
0.23800000000000002,1662.0,1322.0,991.0,1655.5,1316.5,987.5,7000.0,6000.0,4000.0,-9.375,0.5,0.375,0.0,0.0,0.0,0.0,0.0,0.0,671.0,0
0.23900000000000002,1670.0,1328.0,995.0,1662.5,1322.5,991.5,8000.0,6000.0,4000.0,-9.5,0.0,0.5,0.0,0.0,0.0,0.0,0.0,0.0,675.0,0
0.24,1677.0,1334.0,1000.0,1670.5,1328.5,995.5,7000.0,6000.0,5000.0,-10.833333333333258,-0.6666666666667425,0.5,0.0,0.0,0.0,0.0,0.0,0.0,677.0,0
0.241,1684.0,1340.0,1004.0,1677.5,1334.5,1000.5,7000.0,6000.0,4000.0,-9.5,0.0,0.5,0.0,0.0,0.0,0.0,0.0,0.0,680.0,0
0.242,1692.0,1346.0,1008.0,1684.5,1340.5,1004.5,8000.0,6000.0,4000.0,-9.833333333333258,-0.6666666666667425,0.5,0.0,0.0,0.0,0.0,0.0,0.0,684.0,0
0.243,1699.0,1352.0,1013.0,1692.5,1346.5,1008.5,7000.0,6000.0,5000.0,-11.166666666666742,-1.3333333333332575,0.5,0.0,0.0,0.0,0.0,0.0,0.0,686.0,0
0.244,1706.0,1358.0,1017.0,1699.5,1352.5,1013.5,7000.0,6000.0,4000.0,-9.833333333333258,-0.6666666666667425,0.5,0.0,0.0,0.0,0.0,0.0,0.0,689.0,0
0.245,1714.0,1364.0,1021.0,1706.5,1358.5,1017.5,8000.0,6000.0,4000.0,-10.166666666666742,-1.3333333333332575,0.5,0.0,0.0,0.0,0.0,0.0,0.0,693.0,0
0.246,1721.0,1370.0,1026.0,1714.5,1364.5,1021.5,7000.0,6000.0,5000.0,-11.5,-2.0,0.5,0.0,0.0,0.0,0.0,0.0,0.0,695.0,0
0.247,1728.0,1376.0,1030.0,1721.5,1370.5,1026.5,7000.0,6000.0,4000.0,-10.166666666666742,-1.3333333333332575,0.5,0.0,0.0,0.0,0.0,0.0,0.0,698.0,0
0.248,1735.0,1382.0,1034.0,1728.5,1376.5,1030.5,7000.0,6000.0,4000.0,-10.5,-2.0,0.5,0.0,0.0,0.0,0.0,0.0,0.0,701.0,0
0.249,1742.0,1388.0,1039.0,1735.5,1382.5,1034.5,7000.0,6000.0,5000.0,-10.833333333333258,-2.6666666666667425,0.5,0.0,0.0,0.0,0.0,0.0,0.0,703.0,0
0.25,1749.0,1393.0,1043.0,1742.5,1388.5,1039.5,7000.0,5000.0,4000.0,-9.5,-2.0,0.5,0.0,0.0,0.0,0.0,0.0,0.0,706.0,0
0.251,1756.0,1399.0,1048.0,1749.5,1393.5,1043.5,7000.0,6000.0,5000.0,-9.833333333333258,-1.6666666666667425,0.5,0.0,0.0,0.0,0.0,0.0,0.0,708.0,0
0.252,1764.0,1405.0,1052.0,1756.5,1399.5,1048.5,8000.0,6000.0,4000.0,-8.5,-1.0,0.5,0.0,0.0,0.0,0.0,0.0,0.0,712.0,0
0.253,1771.0,1411.0,1056.0,1764.5,1405.5,1052.5,7000.0,6000.0,4000.0,-9.833333333333258,-1.6666666666667425,0.5,0.0,0.0,0.0,0.0,0.0,0.0,715.0,0
0.254,1778.0,1417.0,1061.0,1771.5,1411.5,1056.5,7000.0,6000.0,5000.0,-10.166666666666742,-2.3333333333332575,0.5,0.0,0.0,0.0,0.0,0.0,0.0,717.0,0
0.255,1786.0,1423.0,1065.0,1778.5,1417.5,1061.5,8000.0,6000.0,4000.0,-8.833333333333258,-1.6666666666667425,0.5,0.0,0.0,0.0,0.0,0.0,0.0,721.0,0
0.256,1793.0,1429.0,1069.0,1786.5,1423.5,1065.5,7000.0,6000.0,4000.0,-10.166666666666742,-2.3333333333332575,0.5,0.0,0.0,0.0,0.0,0.0,0.0,724.0,0
0.257,1800.0,1435.0,1074.0,1793.5,1429.5,1069.5,7000.0,6000.0,5000.0,-10.5,-3.0,0.5,0.0,0.0,0.0,0.0,0.0,0.0,726.0,0
0.258,1807.0,1441.0,1078.0,1800.5,1435.5,1074.5,7000.0,6000.0,4000.0,-9.166666666666742,-2.3333333333332575,0.5,0.0,0.0,0.0,0.0,0.0,0.0,729.0,0
0.259,1814.0,1447.0,1082.0,1807.5,1441.5,1078.5,7000.0,6000.0,4000.0,-9.5,-3.0,0.5,0.0,0.0,0.0,0.0,0.0,0.0,732.0,0
0.26,1822.0,1453.0,1087.0,1814.5,1447.5,1082.5,8000.0,6000.0,5000.0,-9.833333333333258,-3.6666666666667425,0.5,0.0,0.0,0.0,0.0,0.0,0.0,735.0,0
0.261,1829.0,1459.0,1091.0,1822.5,1453.5,1087.5,7000.0,6000.0,4000.0,-9.5,-3.0,0.5,0.0,0.0,0.0,0.0,0.0,0.0,738.0,0
0.262,1837.0,1465.0,1095.0,1829.5,1459.5,1091.5,8000.0,6000.0,4000.0,-9.833333333333258,-3.6666666666667425,0.5,0.0,0.0,0.0,0.0,0.0,0.0,742.0,0
0.263,1844.0,1471.0,1100.0,1837.5,1465.5,1095.5,7000.0,6000.0,5000.0,-11.166666666666742,-4.3333333333332575,0.5,0.0,0.0,0.0,0.0,0.0,0.0,744.0,0
0.264,1851.0,1476.0,1104.0,1844.5,1471.5,1100.5,7000.0,5000.0,4000.0,-9.833333333333258,-3.6666666666667425,0.5,0.0,0.0,0.0,0.0,0.0,0.0,747.0,0
0.265,1858.0,1482.0,1108.0,1851.5,1476.5,1104.5,7000.0,6000.0,4000.0,-10.166666666666742,-3.3333333333332575,0.5,0.0,0.0,0.0,0.0,0.0,0.0,750.0,0
0.266,1865.0,1488.0,1113.0,1858.5,1482.5,1108.5,7000.0,6000.0,5000.0,-10.5,-4.0,0.5,0.0,0.0,0.0,0.0,0.0,0.0,752.0,0
0.267,1873.0,1494.0,1117.0,1865.5,1488.5,1113.5,8000.0,6000.0,4000.0,-9.166666666666742,-3.3333333333332575,0.5,0.0,0.0,0.0,0.0,0.0,0.0,756.0,0
0.268,1880.0,1500.0,1122.0,1873.5,1494.5,1117.5,7000.0,6000.0,5000.0,-10.5,-4.0,0.5,0.0,0.0,0.0,0.0,0.0,0.0,758.0,0
0.269,1887.0,1506.0,1126.0,1880.5,1500.5,1122.5,7000.0,6000.0,4000.0,-9.166666666666742,-3.3333333333332575,0.5,0.0,0.0,0.0,0.0,0.0,0.0,761.0,0
0.27,1894.0,1512.0,1130.0,1887.5,1506.5,1126.5,7000.0,6000.0,4000.0,-9.5,-4.0,0.5,0.0,0.0,0.0,0.0,0.0,0.0,764.0,0
0.271,1901.0,1518.0,1135.0,1894.5,1512.5,1130.5,7000.0,6000.0,5000.0,-9.833333333333258,-4.6666666666667425,0.5,0.0,0.0,0.0,0.0,0.0,0.0,766.0,0
0.272,1909.0,1524.0,1139.0,1901.5,1518.5,1135.5,8000.0,6000.0,4000.0,-8.5,-4.0,0.5,0.0,0.0,0.0,0.0,0.0,0.0,770.0,0
0.273,1916.0,1530.0,1143.0,1909.5,1524.5,1139.5,7000.0,6000.0,4000.0,-9.833333333333258,-4.6666666666667425,0.5,0.0,0.0,0.0,0.0,0.0,0.0,773.0,0
0.274,1923.0,1536.0,1148.0,1916.5,1530.5,1143.5,7000.0,6000.0,5000.0,-10.166666666666742,-5.3333333333332575,0.5,0.0,0.0,0.0,0.0,0.0,0.0,775.0,0
0.275,1931.0,1542.0,1152.0,1923.5,1536.5,1148.5,8000.0,6000.0,4000.0,-8.833333333333258,-4.6666666666667425,0.5,0.0,0.0,0.0,0.0,0.0,0.0,779.0,0
0.276,1938.0,1548.0,1156.0,1931.5,1542.5,1152.5,7000.0,6000.0,4000.0,-10.166666666666742,-5.3333333333332575,0.5,0.0,0.0,0.0,0.0,0.0,0.0,782.0,0
0.277,1945.0,1554.0,1161.0,1938.5,1548.5,1156.5,7000.0,6000.0,5000.0,-10.5,-6.0,0.5,0.0,0.0,0.0,0.0,0.0,0.0,784.0,0
0.278,1952.0,1559.0,1165.0,1945.5,1554.5,1161.5,7000.0,5000.0,4000.0,-9.166666666666742,-5.3333333333332575,0.5,0.0,0.0,0.0,0.0,0.0,0.0,787.0,0
0.279,1959.0,1565.0,1169.0,1952.5,1559.5,1165.5,7000.0,6000.0,4000.0,-9.5,-5.0,0.5,0.0,0.0,0.0,0.0,0.0,0.0,790.0,0
0.28,1967.0,1571.0,1174.0,1959.5,1565.5,1169.5,8000.0,6000.0,5000.0,-9.833333333333258,-5.6666666666667425,0.5,0.0,0.0,0.0,0.0,0.0,0.0,793.0,0
0.281,1974.0,1577.0,1178.0,1967.5,1571.5,1174.5,7000.0,6000.0,4000.0,-9.5,-5.0,0.5,0.0,0.0,0.0,0.0,0.0,0.0,796.0,0
0.28200000000000003,1981.0,1583.0,1182.0,1974.5,1577.5,1178.5,7000.0,6000.0,4000.0,-9.833333333333258,-5.6666666666667425,0.5,0.0,0.0,0.0,0.0,0.0,0.0,799.0,0
0.28300000000000003,1988.0,1589.0,1187.0,1981.5,1583.5,1182.5,7000.0,6000.0,5000.0,-10.166666666666742,-6.3333333333332575,0.5,0.0,0.0,0.0,0.0,0.0,0.0,801.0,0
0.28400000000000003,1996.0,1595.0,1191.0,1988.5,1589.5,1187.5,8000.0,6000.0,4000.0,-8.833333333333258,-5.6666666666667425,0.5,0.0,0.0,0.0,0.0,0.0,0.0,805.0,0
0.28500000000000003,2003.0,1601.0,1196.0,1996.5,1595.5,1191.5,7000.0,6000.0,5000.0,-10.166666666666742,-6.3333333333332575,0.5,0.0,0.0,0.0,0.0,0.0,0.0,807.0,0
0.28600000000000003,2010.0,1607.0,1200.0,2003.5,1601.5,1196.5,7000.0,6000.0,4000.0,-8.833333333333258,-5.6666666666667425,0.5,0.0,0.0,0.0,0.0,0.0,0.0,810.0,0
0.28700000000000003,2018.0,1613.0,1204.0,2010.5,1607.5,1200.5,8000.0,6000.0,4000.0,-9.166666666666742,-6.3333333333332575,0.5,0.0,0.0,0.0,0.0,0.0,0.0,814.0,0
0.28800000000000003,2025.0,1619.0,1209.0,2018.5,1613.5,1204.5,7000.0,6000.0,5000.0,-10.5,-7.0,0.5,0.0,0.0,0.0,0.0,0.0,0.0,816.0,0
0.289,2032.0,1625.0,1213.0,2025.5,1619.5,1209.5,7000.0,6000.0,4000.0,-9.166666666666742,-6.3333333333332575,0.5,0.0,0.0,0.0,0.0,0.0,0.0,819.0,0
0.29,2039.0,1631.0,1217.0,2032.5,1625.5,1213.5,7000.0,6000.0,4000.0,-9.5,-7.0,0.5,0.0,0.0,0.0,0.0,0.0,0.0,822.0,0
0.291,2047.0,1636.0,1222.0,2039.5,1631.5,1217.5,8000.0,5000.0,5000.0,-9.833333333333258,-7.6666666666667425,0.5,0.0,0.0,0.0,0.0,0.0,0.0,825.0,0
0.292,2054.0,1642.0,1226.0,2047.5,1636.5,1222.5,7000.0,6000.0,4000.0,-9.5,-6.0,0.5,0.0,0.0,0.0,0.0,0.0,0.0,828.0,0
0.293,2061.0,1648.0,1230.0,2054.5,1642.5,1226.5,7000.0,6000.0,4000.0,-9.833333333333258,-6.6666666666667425,0.5,0.0,0.0,0.0,0.0,0.0,0.0,831.0,0
0.294,2068.0,1654.0,1235.0,2061.5,1648.5,1230.5,7000.0,6000.0,5000.0,-10.166666666666515,-7.3333333333332575,0.5,0.0,0.0,0.0,0.0,0.0,0.0,833.0,0
0.295,2076.0,1660.0,1239.0,2068.5,1654.5,1235.5,8000.0,6000.0,4000.0,-8.833333333333485,-6.6666666666667425,0.5,0.0,0.0,0.0,0.0,0.0,0.0,837.0,0
0.296,2083.0,1666.0,1243.0,2076.5,1660.5,1239.5,7000.0,6000.0,4000.0,-10.166666666666515,-7.3333333333332575,0.5,0.0,0.0,0.0,0.0,0.0,0.0,840.0,0
0.297,2090.0,1672.0,1248.0,2083.5,1666.5,1243.5,7000.0,6000.0,5000.0,-10.5,-8.0,0.5,0.0,0.0,0.0,0.0,0.0,0.0,842.0,0
0.298,2097.0,1678.0,1252.0,2090.5,1672.5,1248.5,7000.0,6000.0,4000.0,-9.166666666666515,-7.3333333333332575,0.5,0.0,0.0,0.0,0.0,0.0,0.0,845.0,0
0.299,2104.0,1684.0,1257.0,2097.5,1678.5,1252.5,7000.0,6000.0,5000.0,-9.5,-8.0,0.5,0.0,0.0,0.0,0.0,0.0,0.0,847.0,0
0.3,2112.0,1690.0,1261.0,2104.5,1684.5,1257.5,8000.0,6000.0,4000.0,-8.166666666666515,-7.3333333333332575,0.5,0.0,0.0,0.0,0.0,0.0,0.0,851.0,0
0.301,2119.0,1696.0,1265.0,2112.5,1690.5,1261.5,7000.0,6000.0,4000.0,-9.5,-8.0,0.5,0.0,0.0,0.0,0.0,0.0,0.0,854.0,0
0.302,2126.0,1702.0,1270.0,2119.5,1696.5,1265.5,7000.0,6000.0,5000.0,-9.833333333333485,-8.666666666666742,0.5,0.0,0.0,0.0,0.0,0.0,0.0,856.0,0
0.303,2134.0,1708.0,1274.0,2126.5,1702.5,1270.5,8000.0,6000.0,4000.0,-8.5,-8.0,0.5,0.0,0.0,0.0,0.0,0.0,0.0,860.0,0
0.304,2141.0,1714.0,1278.0,2134.5,1708.5,1274.5,7000.0,6000.0,4000.0,-9.833333333333485,-8.666666666666742,0.5,0.0,0.0,0.0,0.0,0.0,0.0,863.0,0
0.305,2148.0,1719.0,1283.0,2141.5,1714.5,1278.5,7000.0,5000.0,5000.0,-10.166666666666515,-9.333333333333258,0.5,0.0,0.0,0.0,0.0,0.0,0.0,865.0,0
0.306,2155.0,1725.0,1287.0,2148.5,1719.5,1283.5,7000.0,6000.0,4000.0,-8.833333333333485,-7.6666666666667425,0.5,0.0,0.0,0.0,0.0,0.0,0.0,868.0,0
0.307,2163.0,1731.0,1291.0,2155.5,1725.5,1287.5,8000.0,6000.0,4000.0,-9.166666666666515,-8.333333333333258,0.5,0.0,0.0,0.0,0.0,0.0,0.0,872.0,0
0.308,2170.0,1737.0,1296.0,2163.5,1731.5,1291.5,7000.0,6000.0,5000.0,-10.5,-9.0,0.5,0.0,0.0,0.0,0.0,0.0,0.0,874.0,0
0.309,2177.0,1743.0,1300.0,2170.5,1737.5,1296.5,7000.0,6000.0,4000.0,-9.166666666666515,-8.333333333333258,0.5,0.0,0.0,0.0,0.0,0.0,0.0,877.0,0
0.31,2184.0,1749.0,1304.0,2177.5,1743.5,1300.5,7000.0,6000.0,4000.0,-9.5,-9.0,0.5,0.0,0.0,0.0,0.0,0.0,0.0,880.0,0
0.311,2191.0,1755.0,1309.0,2184.5,1749.5,1304.5,7000.0,6000.0,5000.0,-9.833333333333485,-9.666666666666742,0.5,0.0,0.0,0.0,0.0,0.0,0.0,882.0,0
0.312,2199.0,1761.0,1313.0,2191.5,1755.5,1309.5,8000.0,6000.0,4000.0,-8.5,-9.0,0.5,0.0,0.0,0.0,0.0,0.0,0.0,886.0,0
0.313,2206.0,1767.0,1317.0,2199.5,1761.5,1313.5,7000.0,6000.0,4000.0,-9.833333333333485,-9.666666666666742,0.5,0.0,0.0,0.0,0.0,0.0,0.0,889.0,0
0.314,2213.0,1773.0,1322.0,2206.5,1767.5,1317.5,7000.0,6000.0,5000.0,-10.166666666666515,-10.333333333333258,0.5,0.0,0.0,0.0,0.0,0.0,0.0,891.0,0
0.315,2220.0,1778.0,1326.0,2213.5,1773.5,1322.5,7000.0,5000.0,4000.0,-8.833333333333485,-9.666666666666742,0.5,0.0,0.0,0.0,0.0,0.0,0.0,894.0,0
0.316,2228.0,1784.0,1331.0,2220.5,1778.5,1326.5,8000.0,6000.0,5000.0,-9.166666666666515,-9.333333333333258,0.5,0.0,0.0,0.0,0.0,0.0,0.0,897.0,0
0.317,2235.0,1790.0,1335.0,2228.5,1784.5,1331.5,7000.0,6000.0,4000.0,-8.833333333333485,-8.666666666666742,0.5,0.0,0.0,0.0,0.0,0.0,0.0,900.0,0
0.318,2242.0,1796.0,1339.0,2235.5,1790.5,1335.5,7000.0,6000.0,4000.0,-9.166666666666515,-9.333333333333258,0.5,0.0,0.0,0.0,0.0,0.0,0.0,903.0,0
0.319,2250.0,1802.0,1344.0,2242.5,1796.5,1339.5,8000.0,6000.0,5000.0,-9.5,-10.0,0.5,0.0,0.0,0.0,0.0,0.0,0.0,906.0,0
0.32,2257.0,1808.0,1348.0,2250.5,1802.5,1344.5,7000.0,6000.0,4000.0,-9.166666666666515,-9.333333333333258,0.5,0.0,0.0,0.0,0.0,0.0,0.0,909.0,0
0.321,2264.0,1813.0,1352.0,2257.5,1808.5,1348.5,7000.0,5000.0,4000.0,-9.5,-10.0,0.5,0.0,0.0,0.0,0.0,0.0,0.0,912.0,0
0.322,2271.0,1819.0,1357.0,2264.5,1813.5,1352.5,7000.0,6000.0,5000.0,-9.833333333333485,-9.666666666666742,0.5,0.0,0.0,0.0,0.0,0.0,0.0,914.0,0
0.323,2279.0,1825.0,1361.0,2271.5,1819.5,1357.5,8000.0,6000.0,4000.0,-8.5,-9.0,0.5,0.0,0.0,0.0,0.0,0.0,0.0,918.0,0
0.324,2286.0,1831.0,1365.0,2279.5,1825.5,1361.5,7000.0,6000.0,4000.0,-9.833333333333485,-9.666666666666742,0.5,0.0,0.0,0.0,0.0,0.0,0.0,921.0,0
0.325,2293.0,1836.0,1370.0,2286.5,1831.5,1365.5,7000.0,5000.0,5000.0,-10.166666666666515,-10.333333333333258,0.5,0.0,0.0,0.0,0.0,0.0,0.0,923.0,0
0.326,2300.0,1842.0,1374.0,2293.5,1836.5,1370.5,7000.0,6000.0,4000.0,-8.833333333333485,-8.666666666666742,0.5,0.0,0.0,0.0,0.0,0.0,0.0,926.0,0
0.327,2308.0,1848.0,1378.0,2300.5,1842.5,1374.5,8000.0,6000.0,4000.0,-9.166666666666515,-9.333333333333258,0.5,0.0,0.0,0.0,0.0,0.0,0.0,930.0,0
0.328,2315.0,1853.0,1383.0,2308.5,1848.5,1378.5,7000.0,5000.0,5000.0,-10.5,-10.0,0.5,0.0,0.0,0.0,0.0,0.0,0.0,932.0,0
0.329,2322.0,1859.0,1387.0,2315.5,1853.5,1383.5,7000.0,6000.0,4000.0,-9.166666666666515,-8.333333333333258,0.5,0.0,0.0,0.0,0.0,0.0,0.0,935.0,0
0.33,2329.0,1865.0,1392.0,2322.5,1859.5,1387.5,7000.0,6000.0,5000.0,-9.5,-9.0,0.5,0.0,0.0,0.0,0.0,0.0,0.0,937.0,0
0.331,2337.0,1870.0,1396.0,2329.5,1865.5,1392.5,8000.0,5000.0,4000.0,-8.166666666666515,-8.333333333333258,0.5,0.0,0.0,0.0,0.0,0.0,0.0,941.0,0
0.332,2344.0,1876.0,1400.0,2337.5,1870.5,1396.5,7000.0,6000.0,4000.0,-9.5,-8.0,0.5,0.0,0.0,0.0,0.0,0.0,0.0,944.0,0
0.333,2351.0,1882.0,1405.0,2344.5,1876.5,1400.5,7000.0,6000.0,5000.0,-9.833333333333485,-8.666666666666742,0.5,0.0,0.0,0.0,0.0,0.0,0.0,946.0,0
0.334,2358.0,1887.0,1409.0,2351.5,1882.5,1405.5,7000.0,5000.0,4000.0,-8.5,-8.0,0.5,0.0,0.0,0.0,0.0,0.0,0.0,949.0,0
0.335,2366.0,1893.0,1413.0,2358.5,1887.5,1409.5,8000.0,6000.0,4000.0,-8.833333333333485,-7.6666666666667425,0.5,0.0,0.0,0.0,0.0,0.0,0.0,953.0,0
0.336,2373.0,1899.0,1418.0,2366.5,1893.5,1413.5,7000.0,6000.0,5000.0,-10.166666666666515,-8.333333333333258,0.5,0.0,0.0,0.0,0.0,0.0,0.0,955.0,0
0.337,2380.0,1904.0,1422.0,2373.5,1899.5,1418.5,7000.0,5000.0,4000.0,-8.833333333333485,-7.6666666666667425,0.5,0.0,0.0,0.0,0.0,0.0,0.0,958.0,0
0.338,2387.0,1910.0,1426.0,2380.5,1904.5,1422.5,7000.0,6000.0,4000.0,-9.166666666666515,-7.3333333333332575,0.5,0.0,0.0,0.0,0.0,0.0,0.0,961.0,0
0.339,2395.0,1916.0,1431.0,2387.5,1910.5,1426.5,8000.0,6000.0,5000.0,-9.5,-8.0,0.5,0.0,0.0,0.0,0.0,0.0,0.0,964.0,0
0.34,2402.0,1921.0,1435.0,2395.5,1916.5,1431.5,7000.0,5000.0,4000.0,-9.166666666666515,-7.3333333333332575,0.5,0.0,0.0,0.0,0.0,0.0,0.0,967.0,0
0.341,2409.0,1927.0,1439.0,2402.5,1921.5,1435.5,7000.0,6000.0,4000.0,-9.5,-7.0,0.5,0.0,0.0,0.0,0.0,0.0,0.0,970.0,0
0.342,2416.0,1933.0,1444.0,2409.5,1927.5,1439.5,7000.0,6000.0,5000.0,-9.833333333333485,-7.6666666666667425,0.5,0.0,0.0,0.0,0.0,0.0,0.0,972.0,0
0.343,2424.0,1938.0,1448.0,2416.5,1933.5,1444.5,8000.0,5000.0,4000.0,-8.5,-7.0,0.5,0.0,0.0,0.0,0.0,0.0,0.0,976.0,0
0.34400000000000003,2431.0,1944.0,1452.0,2424.5,1938.5,1448.5,7000.0,6000.0,4000.0,-9.833333333333485,-6.6666666666667425,0.5,0.0,0.0,0.0,0.0,0.0,0.0,979.0,0
0.34500000000000003,2438.0,1950.0,1457.0,2431.5,1944.5,1452.5,7000.0,6000.0,5000.0,-10.166666666666515,-7.3333333333332575,0.5,0.0,0.0,0.0,0.0,0.0,0.0,981.0,0
0.34600000000000003,2445.0,1955.0,1461.0,2438.5,1950.5,1457.5,7000.0,5000.0,4000.0,-8.833333333333485,-6.6666666666667425,0.5,0.0,0.0,0.0,0.0,0.0,0.0,984.0,0
0.34700000000000003,2453.0,1961.0,1466.0,2445.5,1955.5,1461.5,8000.0,6000.0,5000.0,-9.166666666666515,-6.3333333333332575,0.5,0.0,0.0,0.0,0.0,0.0,0.0,987.0,0
0.34800000000000003,2460.0,1967.0,1470.0,2453.5,1961.5,1466.5,7000.0,6000.0,4000.0,-8.833333333333485,-5.6666666666667425,0.5,0.0,0.0,0.0,0.0,0.0,0.0,990.0,0
0.34900000000000003,2467.0,1973.0,1474.0,2460.5,1967.5,1470.5,7000.0,6000.0,4000.0,-9.166666666666515,-6.3333333333332575,0.5,0.0,0.0,0.0,0.0,0.0,0.0,993.0,0
0.35000000000000003,2474.0,1978.0,1479.0,2467.5,1973.5,1474.5,7000.0,5000.0,5000.0,-9.5,-7.0,0.5,700.0,0.0,0.0,0.001,0.0,0.0,995.0,0
0.35100000000000003,2480.0,1984.0,1483.0,2474.5,1978.5,1479.5,6000.0,6000.0,4000.0,-8.166666666666515,-5.3333333333332575,0.5,700.0,0.0,0.0,0.002,0.0,0.0,997.0,0
0.352,2487.0,1990.0,1487.0,2480.5,1984.5,1483.5,7000.0,6000.0,4000.0,-7.5,-6.0,0.5,700.0,0.0,0.0,0.003,0.0,0.0,1000.0,0
0.353,2493.0,1995.0,1492.0,2487.5,1990.5,1487.5,6000.0,5000.0,5000.0,-7.833333333333485,-6.6666666666667425,0.5,700.0,0.0,0.0,0.004,0.0,0.0,1001.0,0
0.354,2500.0,2001.0,1496.0,2493.5,1995.5,1492.5,7000.0,6000.0,4000.0,-5.5,-5.0,0.5,700.0,0.0,0.0,0.005,0.0,0.0,1004.0,0
0.355,2506.0,2007.0,1500.0,2500.5,2001.5,1496.5,6000.0,6000.0,4000.0,-5.833333333333485,-5.6666666666667425,0.5,700.0,0.0,0.0,0.006,0.0,0.0,1006.0,0
0.356,2513.0,2012.0,1505.0,2506.5,2007.5,1500.5,7000.0,5000.0,5000.0,-5.166666666666515,-6.3333333333332575,0.5,700.0,0.0,0.0,0.007,0.0,0.0,1008.0,0
0.357,2520.0,2018.0,1509.0,2513.5,2012.5,1505.5,7000.0,6000.0,4000.0,-3.833333333333485,-4.6666666666667425,0.5,700.0,0.0,0.0,0.008,0.0,0.0,1011.0,0
0.358,2526.0,2024.0,1513.0,2520.5,2018.5,1509.5,6000.0,6000.0,4000.0,-4.166666666666515,-5.3333333333332575,0.5,700.0,0.0,0.0,0.009000000000000001,0.0,0.0,1013.0,0
0.359,2533.0,2029.0,1518.0,2526.5,2024.5,1513.5,7000.0,5000.0,5000.0,-3.5,-6.0,0.5,700.0,0.0,0.0,0.010000000000000002,0.0,0.0,1015.0,0
0.36,2539.0,2035.0,1522.0,2533.5,2029.5,1518.5,6000.0,6000.0,4000.0,-2.166666666666515,-4.3333333333332575,0.5,700.0,0.0,0.0,0.011000000000000003,0.0,0.0,1017.0,0
0.361,2546.0,2041.0,1526.0,2539.5,2035.5,1522.5,7000.0,6000.0,4000.0,-1.5,-5.0,0.5,700.0,0.0,0.0,0.012000000000000004,0.0,0.0,1020.0,0
0.362,2552.0,2046.0,1531.0,2546.5,2041.5,1526.5,6000.0,5000.0,5000.0,-1.833333333333485,-5.6666666666667425,0.5,700.0,0.0,0.0,0.013000000000000005,0.0,0.0,1021.0,0
0.363,2559.0,2052.0,1535.0,2552.5,2046.5,1531.5,7000.0,6000.0,4000.0,0.5,-4.0,0.5,700.0,0.0,0.0,0.014000000000000005,0.0,0.0,1024.0,0
0.364,2565.0,2058.0,1540.0,2559.5,2052.5,1535.5,6000.0,6000.0,5000.0,0.16666666666651508,-4.6666666666667425,0.5,700.0,0.0,0.0,0.015000000000000006,0.0,0.0,1025.0,0
0.365,2572.0,2063.0,1544.0,2565.5,2058.5,1540.5,7000.0,5000.0,4000.0,0.5,-5.599999999999909,-0.7000000000000455,700.0,0.0,0.0,0.016000000000000007,0.0,0.0,1028.0,0
0.366,2579.0,2069.0,1548.0,2572.5,2063.5,1544.5,7000.0,6000.0,4000.0,0.5,-5.0,-0.5,700.0,0.0,0.0,0.017000000000000008,0.0,0.0,1031.0,0
0.367,2585.0,2075.0,1553.0,2579.5,2069.5,1548.5,6000.0,6000.0,5000.0,0.5,-5.400000000000091,-0.2999999999999545,700.0,0.0,0.0,0.01800000000000001,0.0,0.0,1032.0,0
0.368,2592.0,2081.0,1557.0,2585.5,2075.5,1553.5,7000.0,6000.0,4000.0,0.5,-6.599999999999909,-1.7000000000000455,700.0,0.0,0.0,0.01900000000000001,0.0,0.0,1035.0,0
0.369,2598.0,2086.0,1561.0,2592.5,2081.5,1557.5,6000.0,5000.0,4000.0,0.5,-7.0,-1.5,700.0,0.0,0.0,0.02000000000000001,0.0,0.0,1037.0,0
0.37,2605.0,2092.0,1566.0,2598.5,2086.5,1561.5,7000.0,6000.0,5000.0,0.5,-7.199999999999818,-1.900000000000091,700.0,0.0,0.0,0.02100000000000001,0.0,0.0,1039.0,0
0.371,2611.0,2098.0,1570.0,2605.5,2092.5,1566.5,6000.0,6000.0,4000.0,0.5,-7.599999999999909,-2.7000000000000455,700.0,0.0,0.0,0.022000000000000013,0.0,0.0,1041.0,0
0.372,2618.0,2103.0,1574.0,2611.5,2098.5,1570.5,7000.0,5000.0,4000.0,0.5,-8.800000000000182,-3.099999999999909,700.0,0.0,0.0,0.023000000000000013,0.0,0.0,1044.0,0
0.373,2625.0,2109.0,1579.0,2618.5,2103.5,1574.5,7000.0,6000.0,5000.0,0.5,-8.199999999999818,-2.900000000000091,700.0,0.0,0.0,0.024000000000000014,0.0,0.0,1046.0,0
0.374,2631.0,2115.0,1583.0,2625.5,2109.5,1579.5,6000.0,6000.0,4000.0,0.5,-8.599999999999909,-3.7000000000000455,700.0,0.0,0.0,0.025000000000000015,0.0,0.0,1048.0,0
0.375,2638.0,2120.0,1587.0,2631.5,2115.5,1583.5,7000.0,5000.0,4000.0,0.5,-9.800000000000182,-4.099999999999909,700.0,0.0,0.0,0.026000000000000016,0.0,0.0,1051.0,0
0.376,2644.0,2126.0,1592.0,2638.5,2120.5,1587.5,6000.0,6000.0,5000.0,0.5,-9.199999999999818,-3.900000000000091,700.0,0.0,0.0,0.027000000000000017,0.0,0.0,1052.0,0
0.377,2651.0,2131.0,1596.0,2644.5,2126.5,1592.5,7000.0,5000.0,4000.0,0.5,-10.400000000000091,-5.2999999999999545,700.0,0.0,0.0,0.028000000000000018,0.0,0.0,1055.0,0
0.378,2657.0,2137.0,1601.0,2651.5,2131.5,1596.5,6000.0,6000.0,5000.0,0.5,-9.800000000000182,-5.099999999999909,700.0,0.0,0.0,0.02900000000000002,0.0,0.0,1056.0,0
0.379,2664.0,2143.0,1605.0,2657.5,2137.5,1601.5,7000.0,6000.0,4000.0,0.5,-11.0,-6.5,700.0,0.0,0.0,0.03000000000000002,0.0,0.0,1059.0,0
0.38,2670.0,2148.0,1609.0,2664.5,2143.5,1605.5,6000.0,5000.0,4000.0,0.5,-11.400000000000091,-6.2999999999999545,700.0,0.0,0.0,0.03100000000000002,0.0,0.0,1061.0,0
0.381,2677.0,2153.0,1614.0,2670.5,2148.5,1609.5,7000.0,5000.0,5000.0,0.5,-11.599999999999909,-6.7000000000000455,700.0,0.0,0.0,0.03200000000000002,0.0,0.0,1063.0,0
0.382,2684.0,2158.0,1618.0,2677.5,2153.5,1614.5,7000.0,5000.0,4000.0,0.5,-11.0,-7.5,700.0,0.0,0.0,0.03300000000000002,0.0,0.0,1066.0,0
0.383,2690.0,2163.0,1622.0,2684.5,2158.5,1618.5,6000.0,5000.0,4000.0,0.5,-10.400000000000091,-7.2999999999999545,700.0,0.0,0.0,0.03400000000000002,0.0,0.0,1068.0,0
0.384,2697.0,2167.0,1627.0,2690.5,2163.5,1622.5,7000.0,4000.0,5000.0,0.5,-10.599999999999909,-7.7000000000000455,700.0,0.0,0.0,0.035000000000000024,0.0,0.0,1070.0,0
0.385,2703.0,2172.0,1631.0,2697.5,2167.5,1627.5,6000.0,5000.0,4000.0,0.5,-9.0,-8.5,700.0,0.0,0.0,0.036000000000000025,0.0,0.0,1072.0,0
0.386,2710.0,2177.0,1635.0,2703.5,2172.5,1631.5,7000.0,5000.0,4000.0,0.5,-9.199999999999818,-8.900000000000091,700.0,0.0,0.0,0.037000000000000026,0.0,0.0,1075.0,0
0.387,2716.0,2183.0,1640.0,2710.5,2177.5,1635.5,6000.0,6000.0,5000.0,0.5,-8.599999999999909,-8.700000000000045,700.0,0.0,0.0,0.03800000000000003,0.0,0.0,1076.0,0
0.388,2723.0,2188.0,1644.0,2716.5,2183.5,1640.5,7000.0,5000.0,4000.0,0.5,-9.800000000000182,-10.099999999999909,700.0,0.0,0.0,0.03900000000000003,0.0,0.0,1079.0,0
0.389,2729.0,2193.0,1648.0,2723.5,2188.5,1644.5,6000.0,5000.0,4000.0,0.5,-9.199999999999818,-9.900000000000091,700.0,0.0,0.0,0.04000000000000003,0.0,0.0,1081.0,0
0.39,2736.0,2199.0,1652.0,2729.5,2193.5,1648.5,7000.0,6000.0,4000.0,0.5,-9.400000000000091,-10.299999999999955,700.0,0.0,0.0,0.04100000000000003,0.0,0.0,1084.0,0
0.391,2743.0,2204.0,1656.0,2736.5,2199.5,1652.5,7000.0,5000.0,4000.0,0.5,-9.800000000000182,-10.099999999999909,700.0,0.0,0.0,0.04200000000000003,0.0,0.0,1087.0,0
0.392,2749.0,2209.0,1661.0,2743.5,2204.5,1656.5,6000.0,5000.0,5000.0,0.5,-9.199999999999818,-9.900000000000091,700.0,0.0,0.0,0.04300000000000003,0.0,0.0,1088.0,0
0.393,2756.0,2215.0,1665.0,2749.5,2209.5,1661.5,7000.0,6000.0,4000.0,0.5,-9.400000000000091,-11.299999999999955,700.0,0.0,0.0,0.04400000000000003,0.0,0.0,1091.0,0
0.394,2762.0,2220.0,1669.0,2756.5,2215.5,1665.5,6000.0,5000.0,4000.0,0.5,-9.800000000000182,-11.099999999999909,700.0,0.0,0.0,0.04500000000000003,0.0,0.0,1093.0,0
0.395,2769.0,2225.0,1673.0,2762.5,2220.5,1669.5,7000.0,5000.0,4000.0,0.5,-10.0,-11.5,700.0,0.0,0.0,0.046000000000000034,0.0,0.0,1096.0,0
0.396,2775.0,2230.0,1677.0,2769.5,2225.5,1673.5,6000.0,5000.0,4000.0,0.5,-9.400000000000091,-11.299999999999955,700.0,0.0,0.0,0.047000000000000035,0.0,0.0,1098.0,0
0.397,2782.0,2236.0,1681.0,2775.5,2230.5,1677.5,7000.0,6000.0,4000.0,0.5,-9.599999999999909,-11.700000000000045,700.0,0.0,0.0,0.048000000000000036,0.0,0.0,1101.0,0
0.398,2789.0,2241.0,1685.0,2782.5,2236.5,1681.5,7000.0,5000.0,4000.0,0.5,-10.0,-11.5,700.0,0.0,0.0,0.04900000000000004,0.0,0.0,1104.0,0
0.399,2795.0,2246.0,1689.0,2789.5,2241.5,1685.5,6000.0,5000.0,4000.0,0.5,-9.400000000000091,-11.299999999999955,700.0,0.0,0.0,0.05000000000000004,0.0,0.0,1106.0,0
0.4,2802.0,2251.0,1693.0,2795.5,2246.5,1689.5,7000.0,5000.0,4000.0,0.5,-9.599999999999909,-11.700000000000045,700.0,0.0,0.0,0.05100000000000004,0.0,0.0,1109.0,0
0.401,2808.0,2256.0,1697.0,2802.5,2251.5,1693.5,6000.0,5000.0,4000.0,0.5,-9.0,-11.5,700.0,0.0,0.0,0.05200000000000004,0.0,0.0,1111.0,0
0.402,2815.0,2262.0,1701.0,2808.5,2256.5,1697.5,7000.0,6000.0,4000.0,0.5,-9.199999999999818,-11.900000000000091,700.0,0.0,0.0,0.05300000000000004,0.0,0.0,1114.0,0
0.403,2821.0,2267.0,1705.0,2815.5,2262.5,1701.5,6000.0,5000.0,4000.0,0.5,-9.599999999999909,-11.700000000000045,700.0,0.0,0.0,0.05400000000000004,0.0,0.0,1116.0,0
0.404,2828.0,2272.0,1709.0,2821.5,2267.5,1705.5,7000.0,5000.0,4000.0,0.5,-9.800000000000182,-12.099999999999909,700.0,0.0,0.0,0.05500000000000004,0.0,0.0,1119.0,0
0.405,2834.0,2277.0,1713.0,2828.5,2272.5,1709.5,6000.0,5000.0,4000.0,0.5,-9.199999999999818,-11.900000000000091,700.0,0.0,0.0,0.05600000000000004,0.0,0.0,1121.0,0
0.406,2841.0,2282.0,1717.0,2834.5,2277.5,1713.5,7000.0,5000.0,4000.0,0.5,-9.400000000000091,-12.299999999999955,700.0,0.0,0.0,0.057000000000000044,0.0,0.0,1124.0,0
0.40700000000000003,2848.0,2288.0,1721.0,2841.5,2282.5,1717.5,7000.0,6000.0,4000.0,0.5,-8.800000000000182,-12.099999999999909,700.0,0.0,0.0,0.058000000000000045,0.0,0.0,1127.0,0
0.40800000000000003,2854.0,2293.0,1725.0,2848.5,2288.5,1721.5,6000.0,5000.0,4000.0,0.5,-9.199999999999818,-11.900000000000091,700.0,0.0,0.0,0.059000000000000045,0.0,0.0,1129.0,0
0.40900000000000003,2861.0,2298.0,1728.0,2854.5,2293.5,1725.5,7000.0,5000.0,3000.0,0.5,-9.400000000000091,-12.299999999999955,700.0,0.0,0.0,0.060000000000000046,0.0,0.0,1133.0,0
0.41000000000000003,2867.0,2303.0,1732.0,2861.5,2298.5,1728.5,6000.0,5000.0,4000.0,0.5,-8.800000000000182,-11.099999999999909,700.0,0.0,0.0,0.06100000000000005,0.0,0.0,1135.0,0
0.41100000000000003,2874.0,2309.0,1736.0,2867.5,2303.5,1732.5,7000.0,6000.0,4000.0,0.5,-9.0,-11.5,700.0,0.0,0.0,0.06200000000000005,0.0,0.0,1138.0,0
0.41200000000000003,2880.0,2314.0,1740.0,2874.5,2309.5,1736.5,6000.0,5000.0,4000.0,0.5,-9.400000000000091,-11.299999999999955,700.0,0.0,0.0,0.06300000000000004,0.0,0.0,1140.0,0
0.41300000000000003,2887.0,2319.0,1744.0,2880.5,2314.5,1740.5,7000.0,5000.0,4000.0,0.5,-9.599999999999909,-11.700000000000045,700.0,0.0,0.0,0.06400000000000004,0.0,0.0,1143.0,0
0.41400000000000003,2894.0,2324.0,1748.0,2887.5,2319.5,1744.5,7000.0,5000.0,4000.0,0.5,-9.0,-11.5,700.0,0.0,0.0,0.06500000000000004,0.0,0.0,1146.0,0
0.41500000000000004,2900.0,2329.0,1752.0,2894.5,2324.5,1748.5,6000.0,5000.0,4000.0,0.5,-8.400000000000091,-11.299999999999955,700.0,0.0,0.0,0.06600000000000004,0.0,0.0,1148.0,0
0.41600000000000004,2907.0,2335.0,1756.0,2900.5,2329.5,1752.5,7000.0,6000.0,4000.0,0.5,-8.599999999999909,-11.700000000000045,700.0,0.0,0.0,0.06700000000000005,0.0,0.0,1151.0,0
0.417,2913.0,2340.0,1760.0,2907.5,2335.5,1756.5,6000.0,5000.0,4000.0,0.5,-9.0,-11.5,700.0,0.0,0.0,0.06800000000000005,0.0,0.0,1153.0,0
0.418,2920.0,2345.0,1764.0,2913.5,2340.5,1760.5,7000.0,5000.0,4000.0,0.5,-9.199999999999818,-11.900000000000091,700.0,0.0,0.0,0.06900000000000005,0.0,0.0,1156.0,0
0.419,2926.0,2350.0,1767.0,2920.5,2345.5,1764.5,6000.0,5000.0,3000.0,0.5,-8.599999999999909,-11.700000000000045,700.0,0.0,0.0,0.07000000000000005,0.0,0.0,1159.0,0
0.42,2933.0,2356.0,1771.0,2926.5,2350.5,1767.5,7000.0,6000.0,4000.0,0.5,-8.800000000000182,-11.099999999999909,700.0,0.0,0.0,0.07100000000000005,0.0,0.0,1162.0,0
0.421,2939.0,2361.0,1775.0,2933.5,2356.5,1771.5,6000.0,5000.0,4000.0,0.5,-9.199999999999818,-10.900000000000091,700.0,0.0,0.0,0.07200000000000005,0.0,0.0,1164.0,0
0.422,2946.0,2366.0,1779.0,2939.5,2361.5,1775.5,7000.0,5000.0,4000.0,0.5,-9.400000000000091,-11.299999999999955,700.0,0.0,0.0,0.07300000000000005,0.0,0.0,1167.0,0
0.423,2953.0,2371.0,1783.0,2946.5,2366.5,1779.5,7000.0,5000.0,4000.0,0.5,-8.800000000000182,-11.099999999999909,700.0,0.0,0.0,0.07400000000000005,0.0,0.0,1170.0,0
0.424,2959.0,2376.0,1787.0,2953.5,2371.5,1783.5,6000.0,5000.0,4000.0,0.5,-8.199999999999818,-10.900000000000091,700.0,0.0,0.0,0.07500000000000005,0.0,0.0,1172.0,0
0.425,2966.0,2382.0,1790.0,2959.5,2376.5,1787.5,7000.0,6000.0,3000.0,0.5,-8.400000000000091,-11.299999999999955,700.0,0.0,0.0,0.07600000000000005,0.0,0.0,1176.0,0
0.426,2972.0,2387.0,1794.0,2966.5,2382.5,1790.5,6000.0,5000.0,4000.0,0.5,-8.800000000000182,-10.099999999999909,700.0,0.0,0.0,0.07700000000000005,0.0,0.0,1178.0,0
0.427,2979.0,2392.0,1798.0,2972.5,2387.5,1794.5,7000.0,5000.0,4000.0,0.5,-9.0,-10.5,700.0,0.0,0.0,0.07800000000000006,0.0,0.0,1181.0,0
0.428,2985.0,2397.0,1802.0,2979.5,2392.5,1798.5,6000.0,5000.0,4000.0,0.5,-8.400000000000091,-10.299999999999955,700.0,0.0,0.0,0.07900000000000006,0.0,0.0,1183.0,0
0.429,2992.0,2403.0,1806.0,2985.5,2397.5,1802.5,7000.0,6000.0,4000.0,0.5,-8.599999999999909,-10.700000000000045,700.0,0.0,0.0,0.08000000000000006,0.0,0.0,1186.0,0
0.43,2999.0,2408.0,1810.0,2992.5,2403.5,1806.5,7000.0,5000.0,4000.0,0.5,-9.0,-10.5,700.0,0.0,0.0,0.08100000000000006,0.0,0.0,1189.0,0
0.431,3005.0,2413.0,1813.0,2999.5,2408.5,1810.5,6000.0,5000.0,3000.0,0.5,-8.400000000000091,-10.299999999999955,700.0,0.0,0.0,0.08200000000000006,0.0,0.0,1192.0,0
0.432,3012.0,2418.0,1817.0,3005.5,2413.5,1813.5,7000.0,5000.0,4000.0,0.5,-8.599999999999909,-9.700000000000045,700.0,0.0,0.0,0.08300000000000006,0.0,0.0,1195.0,0
0.433,3018.0,2423.0,1821.0,3012.5,2418.5,1817.5,6000.0,5000.0,4000.0,0.5,-8.0,-9.5,700.0,0.0,0.0,0.08400000000000006,0.0,0.0,1197.0,0
0.434,3025.0,2429.0,1826.0,3018.5,2423.5,1821.5,7000.0,6000.0,5000.0,0.5,-8.199999999999818,-9.900000000000091,700.0,0.0,0.0,0.08500000000000006,0.0,0.0,1199.0,0
0.435,3031.0,2434.0,1829.0,3025.5,2429.5,1826.5,6000.0,5000.0,3000.0,0.5,-8.599999999999909,-10.700000000000045,700.0,0.0,0.0,0.08600000000000006,0.0,0.0,1202.0,0
0.436,3038.0,2439.0,1833.0,3031.5,2434.5,1829.5,7000.0,5000.0,4000.0,0.5,-8.800000000000182,-10.099999999999909,700.0,0.0,0.0,0.08700000000000006,0.0,0.0,1205.0,0
0.437,3044.0,2444.0,1837.0,3038.5,2439.5,1833.5,6000.0,5000.0,4000.0,0.5,-8.199999999999818,-9.900000000000091,700.0,0.0,0.0,0.08800000000000006,0.0,0.0,1207.0,0
0.438,3051.0,2450.0,1841.0,3044.5,2444.5,1837.5,7000.0,6000.0,4000.0,0.5,-8.400000000000091,-10.299999999999955,700.0,0.0,0.0,0.08900000000000007,0.0,0.0,1210.0,0
0.439,3058.0,2455.0,1845.0,3051.5,2450.5,1841.5,7000.0,5000.0,4000.0,0.5,-8.800000000000182,-10.099999999999909,700.0,0.0,0.0,0.09000000000000007,0.0,0.0,1213.0,0
0.44,3064.0,2460.0,1849.0,3058.5,2455.5,1845.5,6000.0,5000.0,4000.0,0.5,-8.199999999999818,-9.900000000000091,700.0,0.0,0.0,0.09100000000000007,0.0,0.0,1215.0,0
0.441,3071.0,2465.0,1853.0,3064.5,2460.5,1849.5,7000.0,5000.0,4000.0,0.5,-8.400000000000091,-10.299999999999955,700.0,0.0,0.0,0.09200000000000007,0.0,0.0,1218.0,0
0.442,3077.0,2470.0,1856.0,3071.5,2465.5,1853.5,6000.0,5000.0,3000.0,0.5,-7.800000000000182,-10.099999999999909,700.0,0.0,0.0,0.09300000000000007,0.0,0.0,1221.0,0
0.443,3084.0,2476.0,1860.0,3077.5,2470.5,1856.5,7000.0,6000.0,4000.0,0.5,-8.0,-9.5,700.0,0.0,0.0,0.09400000000000007,0.0,0.0,1224.0,0
0.444,3090.0,2481.0,1864.0,3084.5,2476.5,1860.5,6000.0,5000.0,4000.0,0.5,-8.400000000000091,-9.299999999999955,700.0,0.0,0.0,0.09500000000000007,0.0,0.0,1226.0,0
0.445,3097.0,2486.0,1868.0,3090.5,2481.5,1864.5,7000.0,5000.0,4000.0,0.5,-8.599999999999909,-9.700000000000045,700.0,0.0,0.0,0.09600000000000007,0.0,0.0,1229.0,0
0.446,3103.0,2491.0,1872.0,3097.5,2486.5,1868.5,6000.0,5000.0,4000.0,0.5,-8.0,-9.5,700.0,0.0,0.0,0.09700000000000007,0.0,0.0,1231.0,0
0.447,3110.0,2497.0,1877.0,3103.5,2491.5,1872.5,7000.0,6000.0,5000.0,0.5,-8.199999999999818,-9.900000000000091,700.0,0.0,0.0,0.09800000000000007,0.0,0.0,1233.0,0
0.448,3117.0,2502.0,1880.0,3110.5,2497.5,1877.5,7000.0,5000.0,3000.0,0.5,-8.599999999999909,-10.700000000000045,700.0,0.0,0.0,0.09900000000000007,0.0,0.0,1237.0,0
0.449,3123.0,2507.0,1884.0,3117.5,2502.5,1880.5,6000.0,5000.0,4000.0,0.5,-8.0,-9.5,700.0,0.0,0.0,0.10000000000000007,0.0,0.0,1239.0,0
0.45,3130.0,2512.0,1888.0,3123.5,2507.5,1884.5,7000.0,5000.0,4000.0,0.5,-8.199999999999818,-9.900000000000091,700.0,0.0,0.0,0.10100000000000008,0.0,0.0,1242.0,0
0.451,3136.0,2517.0,1892.0,3130.5,2512.5,1888.5,6000.0,5000.0,4000.0,0.5,-7.599999999999909,-9.700000000000045,700.0,0.0,0.0,0.10200000000000008,0.0,0.0,1244.0,0
0.452,3143.0,2523.0,1896.0,3136.5,2517.5,1892.5,7000.0,6000.0,4000.0,0.5,-7.800000000000182,-10.099999999999909,700.0,0.0,0.0,0.10300000000000008,0.0,0.0,1247.0,0
0.453,3149.0,2528.0,1900.0,3143.5,2523.5,1896.5,6000.0,5000.0,4000.0,0.5,-8.199999999999818,-9.900000000000091,700.0,0.0,0.0,0.10400000000000008,0.0,0.0,1249.0,0
0.454,3156.0,2533.0,1904.0,3149.5,2528.5,1900.5,7000.0,5000.0,4000.0,0.5,-8.400000000000091,-10.299999999999955,700.0,0.0,0.0,0.10500000000000008,0.0,0.0,1252.0,0
0.455,3163.0,2538.0,1908.0,3156.5,2533.5,1904.5,7000.0,5000.0,4000.0,0.5,-7.800000000000182,-10.099999999999909,700.0,0.0,0.0,0.10600000000000008,0.0,0.0,1255.0,0
0.456,3169.0,2544.0,1912.0,3163.5,2538.5,1908.5,6000.0,6000.0,4000.0,0.5,-7.199999999999818,-9.900000000000091,700.0,0.0,0.0,0.10700000000000008,0.0,0.0,1257.0,0
0.457,3176.0,2549.0,1916.0,3169.5,2544.5,1912.5,7000.0,5000.0,4000.0,0.5,-8.400000000000091,-10.299999999999955,700.0,0.0,0.0,0.10800000000000008,0.0,0.0,1260.0,0
0.458,3182.0,2554.0,1919.0,3176.5,2549.5,1916.5,6000.0,5000.0,3000.0,0.5,-7.800000000000182,-10.099999999999909,700.0,0.0,0.0,0.10900000000000008,0.0,0.0,1263.0,0
0.459,3189.0,2559.0,1923.0,3182.5,2554.5,1919.5,7000.0,5000.0,4000.0,0.5,-8.0,-9.5,700.0,0.0,0.0,0.11000000000000008,0.0,0.0,1266.0,0
0.46,3195.0,2564.0,1927.0,3189.5,2559.5,1923.5,6000.0,5000.0,4000.0,0.5,-7.400000000000091,-9.299999999999955,700.0,0.0,0.0,0.11100000000000008,0.0,0.0,1268.0,0
0.461,3202.0,2570.0,1931.0,3195.5,2564.5,1927.5,7000.0,6000.0,4000.0,0.5,-7.599999999999909,-9.700000000000045,700.0,0.0,0.0,0.11200000000000009,0.0,0.0,1271.0,0
0.462,3208.0,2575.0,1935.0,3202.5,2570.5,1931.5,6000.0,5000.0,4000.0,0.5,-8.0,-9.5,700.0,0.0,0.0,0.11300000000000009,0.0,0.0,1273.0,0
0.463,3215.0,2580.0,1939.0,3208.5,2575.5,1935.5,7000.0,5000.0,4000.0,0.5,-8.199999999999818,-9.900000000000091,700.0,0.0,0.0,0.11400000000000009,0.0,0.0,1276.0,0
0.464,3222.0,2585.0,1943.0,3215.5,2580.5,1939.5,7000.0,5000.0,4000.0,0.5,-7.599999999999909,-9.700000000000045,700.0,0.0,0.0,0.11500000000000009,0.0,0.0,1279.0,0
0.465,3228.0,2591.0,1947.0,3222.5,2585.5,1943.5,6000.0,6000.0,4000.0,0.5,-7.0,-9.5,700.0,0.0,0.0,0.11600000000000009,0.0,0.0,1281.0,0
0.466,3235.0,2596.0,1951.0,3228.5,2591.5,1947.5,7000.0,5000.0,4000.0,0.5,-8.199999999999818,-9.900000000000091,700.0,0.0,0.0,0.11700000000000009,0.0,0.0,1284.0,0
0.467,3241.0,2601.0,1955.0,3235.5,2596.5,1951.5,6000.0,5000.0,4000.0,0.5,-7.599999999999909,-9.700000000000045,700.0,0.0,0.0,0.11800000000000009,0.0,0.0,1286.0,0
0.468,3248.0,2606.0,1959.0,3241.5,2601.5,1955.5,7000.0,5000.0,4000.0,0.5,-7.800000000000182,-10.099999999999909,700.0,0.0,0.0,0.11900000000000009,0.0,0.0,1289.0,0
0.46900000000000003,3254.0,2611.0,1963.0,3248.5,2606.5,1959.5,6000.0,5000.0,4000.0,0.5,-7.199999999999818,-9.900000000000091,700.0,0.0,0.0,0.12000000000000009,0.0,0.0,1291.0,0
0.47000000000000003,3261.0,2617.0,1967.0,3254.5,2611.5,1963.5,7000.0,6000.0,4000.0,0.5,-7.400000000000091,-10.299999999999955,700.0,0.0,0.0,0.1210000000000001,0.0,0.0,1294.0,0
0.47100000000000003,3268.0,2622.0,1971.0,3261.5,2617.5,1967.5,7000.0,5000.0,4000.0,0.5,-7.800000000000182,-10.099999999999909,700.0,0.0,0.0,0.1220000000000001,0.0,0.0,1297.0,0
0.47200000000000003,3274.0,2627.0,1974.0,3268.5,2622.5,1971.5,6000.0,5000.0,3000.0,0.5,-7.199999999999818,-9.900000000000091,700.0,0.0,0.0,0.1230000000000001,0.0,0.0,1300.0,0
0.47300000000000003,3281.0,2632.0,1978.0,3274.5,2627.5,1974.5,7000.0,5000.0,4000.0,0.5,-7.400000000000091,-9.299999999999955,700.0,0.0,0.0,0.1240000000000001,0.0,0.0,1303.0,0
0.47400000000000003,3287.0,2638.0,1982.0,3281.5,2632.5,1978.5,6000.0,6000.0,4000.0,0.5,-6.800000000000182,-9.099999999999909,700.0,0.0,0.0,0.12500000000000008,0.0,0.0,1305.0,0
0.47500000000000003,3294.0,2643.0,1986.0,3287.5,2638.5,1982.5,7000.0,5000.0,4000.0,0.5,-8.0,-9.5,700.0,0.0,0.0,0.12600000000000008,0.0,0.0,1308.0,0
0.47600000000000003,3300.0,2648.0,1990.0,3294.5,2643.5,1986.5,6000.0,5000.0,4000.0,0.5,-7.400000000000091,-9.299999999999955,700.0,0.0,0.0,0.12700000000000009,0.0,0.0,1310.0,0
0.47700000000000004,3307.0,2653.0,1994.0,3300.5,2648.5,1990.5,7000.0,5000.0,4000.0,0.5,-7.599999999999909,-9.700000000000045,700.0,0.0,0.0,0.12800000000000009,0.0,0.0,1313.0,0
0.47800000000000004,3313.0,2658.0,1998.0,3307.5,2653.5,1994.5,6000.0,5000.0,4000.0,0.5,-7.0,-9.5,700.0,0.0,0.0,0.1290000000000001,0.0,0.0,1315.0,0
0.47900000000000004,3320.0,2664.0,2002.0,3313.5,2658.5,1998.5,7000.0,6000.0,4000.0,0.5,-7.199999999999818,-9.900000000000091,700.0,0.0,0.0,0.1300000000000001,0.0,0.0,1318.0,0
0.48,3327.0,2669.0,2006.0,3320.5,2664.5,2002.5,7000.0,5000.0,4000.0,0.5,-7.599999999999909,-9.700000000000045,700.0,0.0,0.0,0.1310000000000001,0.0,0.0,1321.0,0
0.481,3333.0,2674.0,2010.0,3327.5,2669.5,2006.5,6000.0,5000.0,4000.0,0.5,-7.0,-9.5,700.0,0.0,0.0,0.1320000000000001,0.0,0.0,1323.0,0
0.482,3340.0,2679.0,2014.0,3333.5,2674.5,2010.5,7000.0,5000.0,4000.0,0.5,-7.199999999999818,-9.900000000000091,700.0,0.0,0.0,0.1330000000000001,0.0,0.0,1326.0,0
0.483,3346.0,2685.0,2018.0,3340.5,2679.5,2014.5,6000.0,6000.0,4000.0,0.5,-6.599999999999909,-9.700000000000045,700.0,0.0,0.0,0.1340000000000001,0.0,0.0,1328.0,0
0.484,3353.0,2690.0,2022.0,3346.5,2685.5,2018.5,7000.0,5000.0,4000.0,0.5,-7.800000000000182,-10.099999999999909,700.0,0.0,0.0,0.1350000000000001,0.0,0.0,1331.0,0
0.485,3359.0,2695.0,2026.0,3353.5,2690.5,2022.5,6000.0,5000.0,4000.0,0.5,-7.199999999999818,-9.900000000000091,700.0,0.0,0.0,0.1360000000000001,0.0,0.0,1333.0,0
0.486,3366.0,2700.0,2030.0,3359.5,2695.5,2026.5,7000.0,5000.0,4000.0,0.5,-7.400000000000091,-10.299999999999955,700.0,0.0,0.0,0.1370000000000001,0.0,0.0,1336.0,0
0.487,3373.0,2705.0,2033.0,3366.5,2700.5,2030.5,7000.0,5000.0,3000.0,0.5,-6.800000000000182,-10.099999999999909,700.0,0.0,0.0,0.1380000000000001,0.0,0.0,1340.0,0
0.488,3379.0,2711.0,2037.0,3373.5,2705.5,2033.5,6000.0,6000.0,4000.0,0.5,-6.199999999999818,-8.900000000000091,700.0,0.0,0.0,0.1390000000000001,0.0,0.0,1342.0,0
0.489,3386.0,2716.0,2041.0,3379.5,2711.5,2037.5,7000.0,5000.0,4000.0,0.5,-7.400000000000091,-9.299999999999955,700.0,0.0,0.0,0.1400000000000001,0.0,0.0,1345.0,0
0.49,3392.0,2721.0,2045.0,3386.5,2716.5,2041.5,6000.0,5000.0,4000.0,0.5,-6.800000000000182,-9.099999999999909,700.0,0.0,0.0,0.1410000000000001,0.0,0.0,1347.0,0
0.491,3399.0,2726.0,2049.0,3392.5,2721.5,2045.5,7000.0,5000.0,4000.0,0.5,-7.0,-9.5,700.0,0.0,0.0,0.1420000000000001,0.0,0.0,1350.0,0
0.492,3405.0,2732.0,2053.0,3399.5,2726.5,2049.5,6000.0,6000.0,4000.0,0.5,-6.400000000000091,-9.299999999999955,700.0,0.0,0.0,0.1430000000000001,0.0,0.0,1352.0,0
0.493,3412.0,2737.0,2057.0,3405.5,2732.5,2053.5,7000.0,5000.0,4000.0,0.5,-7.599999999999909,-9.700000000000045,700.0,0.0,0.0,0.1440000000000001,0.0,0.0,1355.0,0
0.494,3418.0,2742.0,2061.0,3412.5,2737.5,2057.5,6000.0,5000.0,4000.0,0.5,-7.0,-9.5,700.0,0.0,0.0,0.1450000000000001,0.0,0.0,1357.0,0
0.495,3425.0,2747.0,2065.0,3418.5,2742.5,2061.5,7000.0,5000.0,4000.0,0.5,-7.199999999999818,-9.900000000000091,700.0,0.0,0.0,0.1460000000000001,0.0,0.0,1360.0,0
0.496,3432.0,2752.0,2069.0,3425.5,2747.5,2065.5,7000.0,5000.0,4000.0,0.5,-6.599999999999909,-9.699999999999818,700.0,0.0,0.0,0.1470000000000001,0.0,0.0,1363.0,0
0.497,3438.0,2758.0,2073.0,3432.5,2752.5,2069.5,6000.0,6000.0,4000.0,0.5,-6.0,-9.5,700.0,0.0,0.0,0.1480000000000001,0.0,0.0,1365.0,0
0.498,3445.0,2763.0,2077.0,3438.5,2758.5,2073.5,7000.0,5000.0,4000.0,0.5,-7.199999999999818,-9.900000000000091,700.0,0.0,0.0,0.1490000000000001,0.0,0.0,1368.0,0
0.499,3451.0,2768.0,2081.0,3445.5,2763.5,2077.5,6000.0,5000.0,4000.0,0.5,-6.599999999999909,-9.699999999999818,700.0,0.0,0.0,0.1500000000000001,0.0,0.0,1370.0,0
0.5,3458.0,2773.0,2085.0,3451.5,2768.5,2081.5,7000.0,5000.0,4000.0,0.5,-6.800000000000182,-10.099999999999909,700.0,0.0,0.0,0.1510000000000001,0.0,0.0,1373.0,0
0.501,3464.0,2779.0,2089.0,3458.5,2773.5,2085.5,6000.0,6000.0,4000.0,0.5,-6.199999999999818,-9.900000000000091,700.0,0.0,0.0,0.1520000000000001,0.0,0.0,1375.0,0
0.502,3471.0,2784.0,2092.0,3464.5,2779.5,2089.5,7000.0,5000.0,3000.0,0.5,-7.400000000000091,-10.300000000000182,700.0,0.0,0.0,0.1530000000000001,0.0,0.0,1379.0,0
0.503,3477.0,2789.0,2096.0,3471.5,2784.5,2092.5,6000.0,5000.0,4000.0,0.5,-6.800000000000182,-9.099999999999909,700.0,0.0,0.0,0.1540000000000001,0.0,0.0,1381.0,0
0.504,3484.0,2794.0,2100.0,3477.5,2789.5,2096.5,7000.0,5000.0,4000.0,0.5,-7.0,-9.5,700.0,0.0,0.0,0.1550000000000001,0.0,0.0,1384.0,0
0.505,3491.0,2799.0,2104.0,3484.5,2794.5,2100.5,7000.0,5000.0,4000.0,0.5,-6.400000000000091,-9.300000000000182,700.0,0.0,0.0,0.1560000000000001,0.0,0.0,1387.0,0
0.506,3497.0,2805.0,2108.0,3491.5,2799.5,2104.5,6000.0,6000.0,4000.0,0.5,-5.800000000000182,-9.099999999999909,700.0,0.0,0.0,0.1570000000000001,0.0,0.0,1389.0,0
0.507,3504.0,2810.0,2112.0,3497.5,2805.5,2108.5,7000.0,5000.0,4000.0,0.5,-7.0,-9.5,700.0,0.0,0.0,0.1580000000000001,0.0,0.0,1392.0,0
0.508,3510.0,2815.0,2116.0,3504.5,2810.5,2112.5,6000.0,5000.0,4000.0,0.5,-6.400000000000091,-9.300000000000182,700.0,0.0,0.0,0.1590000000000001,0.0,0.0,1394.0,0
0.509,3517.0,2820.0,2120.0,3510.5,2815.5,2116.5,7000.0,5000.0,4000.0,0.5,-6.599999999999909,-9.699999999999818,700.0,0.0,0.0,0.16000000000000011,0.0,0.0,1397.0,0
0.51,3523.0,2826.0,2124.0,3517.5,2820.5,2120.5,6000.0,6000.0,4000.0,0.5,-6.0,-9.5,700.0,0.0,0.0,0.16100000000000012,0.0,0.0,1399.0,0
0.511,3530.0,2831.0,2128.0,3523.5,2826.5,2124.5,7000.0,5000.0,4000.0,0.5,-7.199999999999818,-9.900000000000091,700.0,0.0,0.0,0.16200000000000012,0.0,0.0,1402.0,0
0.512,3537.0,2836.0,2132.0,3530.5,2831.5,2128.5,7000.0,5000.0,4000.0,0.5,-6.599999999999909,-9.699999999999818,700.0,0.0,0.0,0.16300000000000012,0.0,0.0,1405.0,0
0.513,3543.0,2841.0,2136.0,3537.5,2836.5,2132.5,6000.0,5000.0,4000.0,0.5,-6.0,-9.5,700.0,0.0,0.0,0.16400000000000012,0.0,0.0,1407.0,0
0.514,3550.0,2846.0,2140.0,3543.5,2841.5,2136.5,7000.0,5000.0,4000.0,0.5,-6.199999999999818,-9.900000000000091,700.0,0.0,0.0,0.16500000000000012,0.0,0.0,1410.0,0
0.515,3556.0,2852.0,2144.0,3550.5,2846.5,2140.5,6000.0,6000.0,4000.0,0.5,-5.599999999999909,-9.699999999999818,700.0,0.0,0.0,0.16600000000000012,0.0,0.0,1412.0,0
0.516,3563.0,2857.0,2147.0,3556.5,2852.5,2144.5,7000.0,5000.0,3000.0,0.5,-6.800000000000182,-10.099999999999909,700.0,0.0,0.0,0.16700000000000012,0.0,0.0,1416.0,0
0.517,3569.0,2862.0,2151.0,3563.5,2857.5,2147.5,6000.0,5000.0,4000.0,0.5,-6.199999999999818,-8.900000000000091,700.0,0.0,0.0,0.16800000000000012,0.0,0.0,1418.0,0
0.518,3576.0,2867.0,2155.0,3569.5,2862.5,2151.5,7000.0,5000.0,4000.0,0.5,-6.400000000000091,-9.300000000000182,700.0,0.0,0.0,0.16900000000000012,0.0,0.0,1421.0,0
0.519,3582.0,2873.0,2159.0,3576.5,2867.5,2155.5,6000.0,6000.0,4000.0,0.5,-5.800000000000182,-9.099999999999909,700.0,0.0,0.0,0.17000000000000012,0.0,0.0,1423.0,0
0.52,3589.0,2878.0,2163.0,3582.5,2873.5,2159.5,7000.0,5000.0,4000.0,0.5,-7.0,-9.5,700.0,0.0,0.0,0.17100000000000012,0.0,0.0,1426.0,0
0.521,3596.0,2883.0,2167.0,3589.5,2878.5,2163.5,7000.0,5000.0,4000.0,0.5,-6.400000000000091,-9.300000000000182,700.0,0.0,0.0,0.17200000000000013,0.0,0.0,1429.0,0
0.522,3602.0,2888.0,2171.0,3596.5,2883.5,2167.5,6000.0,5000.0,4000.0,0.5,-5.800000000000182,-9.099999999999909,700.0,0.0,0.0,0.17300000000000013,0.0,0.0,1431.0,0
0.523,3609.0,2893.0,2175.0,3602.5,2888.5,2171.5,7000.0,5000.0,4000.0,0.5,-6.0,-9.5,700.0,0.0,0.0,0.17400000000000013,0.0,0.0,1434.0,0
0.524,3615.0,2899.0,2179.0,3609.5,2893.5,2175.5,6000.0,6000.0,4000.0,0.5,-5.400000000000091,-9.300000000000182,700.0,0.0,0.0,0.17500000000000013,0.0,0.0,1436.0,0
0.525,3622.0,2904.0,2183.0,3615.5,2899.5,2179.5,7000.0,5000.0,4000.0,0.5,-6.599999999999909,-9.699999999999818,700.0,0.0,0.0,0.17600000000000013,0.0,0.0,1439.0,0
0.526,3628.0,2909.0,2187.0,3622.5,2904.5,2183.5,6000.0,5000.0,4000.0,0.5,-6.0,-9.5,700.0,0.0,0.0,0.17700000000000013,0.0,0.0,1441.0,0
0.527,3635.0,2914.0,2191.0,3628.5,2909.5,2187.5,7000.0,5000.0,4000.0,0.5,-6.199999999999818,-9.900000000000091,700.0,0.0,0.0,0.17800000000000013,0.0,0.0,1444.0,0
0.528,3642.0,2920.0,2195.0,3635.5,2914.5,2191.5,7000.0,6000.0,4000.0,0.5,-5.599999999999909,-9.699999999999818,700.0,0.0,0.0,0.17900000000000013,0.0,0.0,1447.0,0
0.529,3648.0,2925.0,2199.0,3642.5,2920.5,2195.5,6000.0,5000.0,4000.0,0.5,-6.0,-9.5,700.0,0.0,0.0,0.18000000000000013,0.0,0.0,1449.0,0
0.53,3655.0,2930.0,2203.0,3648.5,2925.5,2199.5,7000.0,5000.0,4000.0,0.5,-6.199999999999818,-9.900000000000091,700.0,0.0,0.0,0.18100000000000013,0.0,0.0,1452.0,0
0.531,3661.0,2935.0,2206.0,3655.5,2930.5,2203.5,6000.0,5000.0,3000.0,0.5,-5.599999999999909,-9.699999999999818,700.0,0.0,0.0,0.18200000000000013,0.0,0.0,1455.0,0
0.532,3668.0,2940.0,2210.0,3661.5,2935.5,2206.5,7000.0,5000.0,4000.0,0.5,-5.800000000000182,-9.099999999999909,700.0,0.0,0.0,0.18300000000000013,0.0,0.0,1458.0,0
0.533,3674.0,2946.0,2214.0,3668.5,2940.5,2210.5,6000.0,6000.0,4000.0,0.5,-5.199999999999818,-8.900000000000091,700.0,0.0,0.0,0.18400000000000014,0.0,0.0,1460.0,0
0.534,3681.0,2951.0,2218.0,3674.5,2946.5,2214.5,7000.0,5000.0,4000.0,0.5,-6.400000000000091,-9.300000000000182,700.0,0.0,0.0,0.18500000000000014,0.0,0.0,1463.0,0
0.535,3687.0,2956.0,2222.0,3681.5,2951.5,2218.5,6000.0,5000.0,4000.0,0.5,-5.800000000000182,-9.099999999999909,700.0,0.0,0.0,0.18600000000000014,0.0,0.0,1465.0,0
0.536,3694.0,2961.0,2226.0,3687.5,2956.5,2222.5,7000.0,5000.0,4000.0,0.5,-6.0,-9.5,700.0,0.0,0.0,0.18700000000000014,0.0,0.0,1468.0,0
0.537,3701.0,2967.0,2230.0,3694.5,2961.5,2226.5,7000.0,6000.0,4000.0,0.5,-5.400000000000091,-9.300000000000182,700.0,0.0,0.0,0.18800000000000014,0.0,0.0,1471.0,0
0.538,3707.0,2972.0,2234.0,3701.5,2967.5,2230.5,6000.0,5000.0,4000.0,0.5,-5.800000000000182,-9.099999999999909,700.0,0.0,0.0,0.18900000000000014,0.0,0.0,1473.0,0
0.539,3714.0,2977.0,2238.0,3707.5,2972.5,2234.5,7000.0,5000.0,4000.0,0.5,-6.0,-9.5,700.0,0.0,0.0,0.19000000000000014,0.0,0.0,1476.0,0
0.54,3720.0,2982.0,2242.0,3714.5,2977.5,2238.5,6000.0,5000.0,4000.0,0.5,-5.400000000000091,-9.300000000000182,700.0,0.0,0.0,0.19100000000000014,0.0,0.0,1478.0,0
0.541,3727.0,2987.0,2246.0,3720.5,2982.5,2242.5,7000.0,5000.0,4000.0,0.5,-5.599999999999909,-9.699999999999818,700.0,0.0,0.0,0.19200000000000014,0.0,0.0,1481.0,0
0.542,3733.0,2993.0,2250.0,3727.5,2987.5,2246.5,6000.0,6000.0,4000.0,0.5,-5.0,-9.5,700.0,0.0,0.0,0.19300000000000014,0.0,0.0,1483.0,0
0.543,3740.0,2998.0,2254.0,3733.5,2993.5,2250.5,7000.0,5000.0,4000.0,0.5,-6.199999999999818,-9.900000000000091,700.0,0.0,0.0,0.19400000000000014,0.0,0.0,1486.0,0
0.544,3747.0,3003.0,2258.0,3740.5,2998.5,2254.5,7000.0,5000.0,4000.0,0.5,-5.599999999999909,-9.699999999999818,700.0,0.0,0.0,0.19500000000000015,0.0,0.0,1489.0,0
0.545,3753.0,3008.0,2262.0,3747.5,3003.5,2258.5,6000.0,5000.0,4000.0,0.5,-5.0,-9.5,700.0,0.0,0.0,0.19600000000000015,0.0,0.0,1491.0,0
0.546,3760.0,3014.0,2266.0,3753.5,3008.5,2262.5,7000.0,6000.0,4000.0,0.5,-5.199999999999818,-9.900000000000091,700.0,0.0,0.0,0.19700000000000015,0.0,0.0,1494.0,0
0.547,3766.0,3019.0,2269.0,3760.5,3014.5,2266.5,6000.0,5000.0,3000.0,0.5,-5.599999999999909,-9.699999999999818,700.0,0.0,0.0,0.19800000000000015,0.0,0.0,1497.0,0
0.548,3773.0,3024.0,2273.0,3766.5,3019.5,2269.5,7000.0,5000.0,4000.0,0.5,-5.800000000000182,-9.099999999999909,700.0,0.0,0.0,0.19900000000000015,0.0,0.0,1500.0,0
0.549,3779.0,3029.0,2277.0,3773.5,3024.5,2273.5,6000.0,5000.0,4000.0,0.5,-5.199999999999818,-8.900000000000091,700.0,0.0,0.0,0.20000000000000015,0.0,0.0,1502.0,0
0.55,3786.0,3034.0,2281.0,3779.5,3029.5,2277.5,7000.0,5000.0,4000.0,0.5,-5.400000000000091,-9.300000000000182,700.0,0.0,0.0,0.20100000000000015,0.0,0.0,1505.0,0
0.551,3792.0,3040.0,2285.0,3786.5,3034.5,2281.5,6000.0,6000.0,4000.0,0.5,-4.800000000000182,-9.099999999999909,700.0,0.0,0.0,0.20200000000000015,0.0,0.0,1507.0,0
0.552,3799.0,3045.0,2289.0,3792.5,3040.5,2285.5,7000.0,5000.0,4000.0,0.5,-6.0,-9.5,700.0,0.0,0.0,0.20300000000000015,0.0,0.0,1510.0,0
0.553,3806.0,3050.0,2293.0,3799.5,3045.5,2289.5,7000.0,5000.0,4000.0,0.5,-5.400000000000091,-9.300000000000182,700.0,0.0,0.0,0.20400000000000015,0.0,0.0,1513.0,0
0.554,3812.0,3055.0,2297.0,3806.5,3050.5,2293.5,6000.0,5000.0,4000.0,0.5,-4.800000000000182,-9.099999999999909,700.0,0.0,0.0,0.20500000000000015,0.0,0.0,1515.0,0
0.555,3819.0,3061.0,2301.0,3812.5,3055.5,2297.5,7000.0,6000.0,4000.0,0.5,-5.0,-9.5,700.0,0.0,0.0,0.20600000000000016,0.0,0.0,1518.0,0
0.556,3825.0,3066.0,2305.0,3819.5,3061.5,2301.5,6000.0,5000.0,4000.0,0.5,-5.400000000000091,-9.300000000000182,700.0,0.0,0.0,0.20700000000000016,0.0,0.0,1520.0,0
0.557,3832.0,3071.0,2309.0,3825.5,3066.5,2305.5,7000.0,5000.0,4000.0,0.5,-5.599999999999909,-9.699999999999818,700.0,0.0,0.0,0.20800000000000016,0.0,0.0,1523.0,0
0.558,3838.0,3076.0,2313.0,3832.5,3071.5,2309.5,6000.0,5000.0,4000.0,0.5,-5.0,-9.5,700.0,0.0,0.0,0.20900000000000016,0.0,0.0,1525.0,0
0.559,3845.0,3081.0,2317.0,3838.5,3076.5,2313.5,7000.0,5000.0,4000.0,0.5,-5.199999999999818,-9.900000000000091,700.0,0.0,0.0,0.21000000000000016,0.0,0.0,1528.0,0
0.56,3851.0,3087.0,2321.0,3845.5,3081.5,2317.5,6000.0,6000.0,4000.0,0.5,-4.599999999999909,-9.699999999999818,700.0,0.0,0.0,0.21100000000000016,0.0,0.0,1530.0,0
0.561,3858.0,3092.0,2324.0,3851.5,3087.5,2321.5,7000.0,5000.0,3000.0,0.5,-5.800000000000182,-10.099999999999909,700.0,0.0,0.0,0.21200000000000016,0.0,0.0,1534.0,0
0.562,3865.0,3097.0,2328.0,3858.5,3092.5,2324.5,7000.0,5000.0,4000.0,0.5,-5.199999999999818,-8.900000000000091,700.0,0.0,0.0,0.21300000000000016,0.0,0.0,1537.0,0
0.5630000000000001,3871.0,3102.0,2332.0,3865.5,3097.5,2328.5,6000.0,5000.0,4000.0,0.5,-4.599999999999909,-8.699999999999818,700.0,0.0,0.0,0.21400000000000016,0.0,0.0,1539.0,0
0.5640000000000001,3878.0,3108.0,2336.0,3871.5,3102.5,2332.5,7000.0,6000.0,4000.0,0.5,-4.800000000000182,-9.099999999999909,700.0,0.0,0.0,0.21500000000000016,0.0,0.0,1542.0,0
0.5650000000000001,3884.0,3113.0,2340.0,3878.5,3108.5,2336.5,6000.0,5000.0,4000.0,0.5,-5.199999999999818,-8.900000000000091,700.0,0.0,0.0,0.21600000000000016,0.0,0.0,1544.0,0
0.5660000000000001,3891.0,3118.0,2344.0,3884.5,3113.5,2340.5,7000.0,5000.0,4000.0,0.5,-5.400000000000091,-9.300000000000182,700.0,0.0,0.0,0.21700000000000016,0.0,0.0,1547.0,0
0.5670000000000001,3897.0,3123.0,2348.0,3891.5,3118.5,2344.5,6000.0,5000.0,4000.0,0.5,-4.800000000000182,-9.099999999999909,700.0,0.0,0.0,0.21800000000000017,0.0,0.0,1549.0,0
0.5680000000000001,3904.0,3128.0,2352.0,3897.5,3123.5,2348.5,7000.0,5000.0,4000.0,0.5,-5.0,-9.5,700.0,0.0,0.0,0.21900000000000017,0.0,0.0,1552.0,0
0.5690000000000001,3911.0,3134.0,2356.0,3904.5,3128.5,2352.5,7000.0,6000.0,4000.0,0.5,-4.400000000000091,-9.300000000000182,700.0,0.0,0.0,0.22000000000000017,0.0,0.0,1555.0,0
0.5700000000000001,3917.0,3139.0,2360.0,3911.5,3134.5,2356.5,6000.0,5000.0,4000.0,0.5,-4.800000000000182,-9.099999999999909,700.0,0.0,0.0,0.22100000000000017,0.0,0.0,1557.0,0
0.5710000000000001,3924.0,3144.0,2364.0,3917.5,3139.5,2360.5,7000.0,5000.0,4000.0,0.5,-5.0,-9.5,700.0,0.0,0.0,0.22200000000000017,0.0,0.0,1560.0,0
0.5720000000000001,3930.0,3149.0,2368.0,3924.5,3144.5,2364.5,6000.0,5000.0,4000.0,0.5,-4.400000000000091,-9.300000000000182,700.0,0.0,0.0,0.22300000000000017,0.0,0.0,1562.0,0
0.5730000000000001,3937.0,3155.0,2372.0,3930.5,3149.5,2368.5,7000.0,6000.0,4000.0,0.5,-4.599999999999909,-9.699999999999818,700.0,0.0,0.0,0.22400000000000017,0.0,0.0,1565.0,0
0.5740000000000001,3943.0,3160.0,2376.0,3937.5,3155.5,2372.5,6000.0,5000.0,4000.0,0.5,-5.0,-9.5,700.0,0.0,0.0,0.22500000000000017,0.0,0.0,1567.0,0
0.5750000000000001,3950.0,3165.0,2380.0,3943.5,3160.5,2376.5,7000.0,5000.0,4000.0,0.5,-5.199999999999818,-9.900000000000091,700.0,0.0,0.0,0.22600000000000017,0.0,0.0,1570.0,0
0.5760000000000001,3956.0,3170.0,2383.0,3950.5,3165.5,2380.5,6000.0,5000.0,3000.0,0.5,-4.599999999999909,-9.699999999999818,700.0,0.0,0.0,0.22700000000000017,0.0,0.0,1573.0,0
0.577,3963.0,3175.0,2387.0,3956.5,3170.5,2383.5,7000.0,5000.0,4000.0,0.5,-4.800000000000182,-9.099999999999909,700.0,0.0,0.0,0.22800000000000017,0.0,0.0,1576.0,0
0.578,3970.0,3181.0,2391.0,3963.5,3175.5,2387.5,7000.0,6000.0,4000.0,0.5,-4.199999999999818,-8.900000000000091,700.0,0.0,0.0,0.22900000000000018,0.0,0.0,1579.0,0
0.579,3976.0,3186.0,2395.0,3970.5,3181.5,2391.5,6000.0,5000.0,4000.0,0.5,-4.599999999999909,-8.699999999999818,700.0,0.0,0.0,0.23000000000000018,0.0,0.0,1581.0,0
0.58,3983.0,3191.0,2399.0,3976.5,3186.5,2395.5,7000.0,5000.0,4000.0,0.5,-4.800000000000182,-9.099999999999909,700.0,0.0,0.0,0.23100000000000018,0.0,0.0,1584.0,0
0.581,3989.0,3196.0,2403.0,3983.5,3191.5,2399.5,6000.0,5000.0,4000.0,0.5,-4.199999999999818,-8.900000000000091,700.0,0.0,0.0,0.23200000000000018,0.0,0.0,1586.0,0
0.582,3996.0,3202.0,2407.0,3989.5,3196.5,2403.5,7000.0,6000.0,4000.0,0.5,-4.400000000000091,-9.300000000000182,700.0,0.0,0.0,0.23300000000000018,0.0,0.0,1589.0,0
0.583,4002.0,3207.0,2411.0,3996.5,3202.5,2407.5,6000.0,5000.0,4000.0,0.5,-4.800000000000182,-9.099999999999909,700.0,0.0,0.0,0.23400000000000018,0.0,0.0,1591.0,0
0.584,4009.0,3212.0,2415.0,4002.5,3207.5,2411.5,7000.0,5000.0,4000.0,0.5,-5.0,-9.5,700.0,0.0,0.0,0.23500000000000018,0.0,0.0,1594.0,0
0.585,4016.0,3217.0,2419.0,4009.5,3212.5,2415.5,7000.0,5000.0,4000.0,0.5,-4.400000000000091,-9.300000000000182,700.0,0.0,0.0,0.23600000000000018,0.0,0.0,1597.0,0
0.586,4022.0,3222.0,2423.0,4016.5,3217.5,2419.5,6000.0,5000.0,4000.0,0.5,-3.800000000000182,-9.099999999999909,700.0,0.0,0.0,0.23700000000000018,0.0,0.0,1599.0,0
0.587,4029.0,3228.0,2427.0,4022.5,3222.5,2423.5,7000.0,6000.0,4000.0,0.5,-4.0,-9.5,700.0,0.0,0.0,0.23800000000000018,0.0,0.0,1602.0,0
0.588,4035.0,3233.0,2431.0,4029.5,3228.5,2427.5,6000.0,5000.0,4000.0,0.5,-4.400000000000091,-9.300000000000182,700.0,0.0,0.0,0.23900000000000018,0.0,0.0,1604.0,0
0.589,4042.0,3238.0,2435.0,4035.5,3233.5,2431.5,7000.0,5000.0,4000.0,0.5,-4.599999999999909,-9.699999999999818,700.0,0.0,0.0,0.24000000000000019,0.0,0.0,1607.0,0
0.59,4048.0,3243.0,2439.0,4042.5,3238.5,2435.5,6000.0,5000.0,4000.0,0.5,-4.0,-9.5,700.0,0.0,0.0,0.2410000000000002,0.0,0.0,1609.0,0
0.591,4055.0,3249.0,2442.0,4048.5,3243.5,2439.5,7000.0,6000.0,3000.0,0.5,-4.199999999999818,-9.900000000000091,700.0,0.0,0.0,0.2420000000000002,0.0,0.0,1613.0,0
0.592,4061.0,3254.0,2446.0,4055.5,3249.5,2442.5,6000.0,5000.0,4000.0,0.5,-4.599999999999909,-8.699999999999818,700.0,0.0,0.0,0.2430000000000002,0.0,0.0,1615.0,0
0.593,4068.0,3259.0,2450.0,4061.5,3254.5,2446.5,7000.0,5000.0,4000.0,0.5,-4.800000000000182,-9.099999999999909,700.0,0.0,0.0,0.2440000000000002,0.0,0.0,1618.0,0
0.594,4075.0,3264.0,2454.0,4068.5,3259.5,2450.5,7000.0,5000.0,4000.0,0.5,-4.199999999999818,-8.900000000000091,700.0,0.0,0.0,0.2450000000000002,0.0,0.0,1621.0,0
0.595,4081.0,3269.0,2458.0,4075.5,3264.5,2454.5,6000.0,5000.0,4000.0,0.5,-3.599999999999909,-8.699999999999818,700.0,0.0,0.0,0.2460000000000002,0.0,0.0,1623.0,0
0.596,4088.0,3275.0,2462.0,4081.5,3269.5,2458.5,7000.0,6000.0,4000.0,0.5,-3.800000000000182,-9.099999999999909,700.0,0.0,0.0,0.2470000000000002,0.0,0.0,1626.0,0
0.597,4094.0,3280.0,2466.0,4088.5,3275.5,2462.5,6000.0,5000.0,4000.0,0.5,-4.199999999999818,-8.900000000000091,700.0,0.0,0.0,0.2480000000000002,0.0,0.0,1628.0,0
0.598,4101.0,3285.0,2470.0,4094.5,3280.5,2466.5,7000.0,5000.0,4000.0,0.5,-4.400000000000091,-9.300000000000182,700.0,0.0,0.0,0.2490000000000002,0.0,0.0,1631.0,0
0.599,4107.0,3290.0,2474.0,4101.5,3285.5,2470.5,6000.0,5000.0,4000.0,0.5,-3.800000000000182,-9.099999999999909,700.0,0.0,0.0,0.25000000000000017,0.0,0.0,1633.0,0
0.6,4114.0,3296.0,2478.0,4107.5,3290.5,2474.5,7000.0,6000.0,4000.0,0.5,-4.0,-9.5,700.0,0.0,0.0,0.25100000000000017,0.0,0.0,1636.0,0
0.601,4121.0,3301.0,2482.0,4114.5,3296.5,2478.5,7000.0,5000.0,4000.0,0.5,-4.400000000000091,-9.300000000000182,700.0,0.0,0.0,0.25200000000000017,0.0,0.0,1639.0,0
0.602,4127.0,3306.0,2486.0,4121.5,3301.5,2482.5,6000.0,5000.0,4000.0,0.5,-3.800000000000182,-9.099999999999909,700.0,0.0,0.0,0.25300000000000017,0.0,0.0,1641.0,0
0.603,4134.0,3311.0,2490.0,4127.5,3306.5,2486.5,7000.0,5000.0,4000.0,0.5,-4.0,-9.5,700.0,0.0,0.0,0.25400000000000017,0.0,0.0,1644.0,0
0.604,4140.0,3316.0,2494.0,4134.5,3311.5,2490.5,6000.0,5000.0,4000.0,0.5,-3.400000000000091,-9.300000000000182,700.0,0.0,0.0,0.25500000000000017,0.0,0.0,1646.0,0
0.605,4147.0,3322.0,2498.0,4140.5,3316.5,2494.5,7000.0,6000.0,4000.0,0.5,-3.599999999999909,-9.699999999999818,700.0,0.0,0.0,0.25600000000000017,0.0,0.0,1649.0,0
0.606,4153.0,3327.0,2501.0,4147.5,3322.5,2498.5,6000.0,5000.0,3000.0,0.5,-4.0,-9.5,700.0,0.0,0.0,0.2570000000000002,0.0,0.0,1652.0,0
0.607,4160.0,3332.0,2505.0,4153.5,3327.5,2501.5,7000.0,5000.0,4000.0,0.5,-4.199999999999818,-8.900000000000091,700.0,0.0,0.0,0.2580000000000002,0.0,0.0,1655.0,0
0.608,4166.0,3337.0,2509.0,4160.5,3332.5,2505.5,6000.0,5000.0,4000.0,0.5,-3.599999999999909,-8.699999999999818,700.0,0.0,0.0,0.2590000000000002,0.0,0.0,1657.0,0
0.609,4173.0,3342.0,2513.0,4166.5,3337.5,2509.5,7000.0,5000.0,4000.0,0.5,-3.800000000000182,-9.099999999999909,700.0,0.0,0.0,0.2600000000000002,0.0,0.0,1660.0,0
0.61,4180.0,3348.0,2517.0,4173.5,3342.5,2513.5,7000.0,6000.0,4000.0,0.5,-3.199999999999818,-8.900000000000091,700.0,0.0,0.0,0.2610000000000002,0.0,0.0,1663.0,0
0.611,4186.0,3353.0,2521.0,4180.5,3348.5,2517.5,6000.0,5000.0,4000.0,0.5,-3.599999999999909,-8.699999999999818,700.0,0.0,0.0,0.2620000000000002,0.0,0.0,1665.0,0
0.612,4193.0,3358.0,2525.0,4186.5,3353.5,2521.5,7000.0,5000.0,4000.0,0.5,-3.800000000000182,-9.099999999999909,700.0,0.0,0.0,0.2630000000000002,0.0,0.0,1668.0,0
0.613,4199.0,3363.0,2529.0,4193.5,3358.5,2525.5,6000.0,5000.0,4000.0,0.5,-3.199999999999818,-8.900000000000091,700.0,0.0,0.0,0.2640000000000002,0.0,0.0,1670.0,0
0.614,4206.0,3369.0,2533.0,4199.5,3363.5,2529.5,7000.0,6000.0,4000.0,0.5,-3.400000000000091,-9.300000000000182,700.0,0.0,0.0,0.2650000000000002,0.0,0.0,1673.0,0
0.615,4212.0,3374.0,2537.0,4206.5,3369.5,2533.5,6000.0,5000.0,4000.0,0.5,-3.800000000000182,-9.099999999999909,700.0,0.0,0.0,0.2660000000000002,0.0,0.0,1675.0,0
0.616,4219.0,3379.0,2541.0,4212.5,3374.5,2537.5,7000.0,5000.0,4000.0,0.5,-4.0,-9.5,700.0,0.0,0.0,0.2670000000000002,0.0,0.0,1678.0,0
0.617,4225.0,3384.0,2545.0,4219.5,3379.5,2541.5,6000.0,5000.0,4000.0,0.5,-3.400000000000091,-9.300000000000182,700.0,0.0,0.0,0.2680000000000002,0.0,0.0,1680.0,0
0.618,4232.0,3389.0,2549.0,4225.5,3384.5,2545.5,7000.0,5000.0,4000.0,0.5,-3.599999999999909,-9.699999999999818,700.0,0.0,0.0,0.2690000000000002,0.0,0.0,1683.0,0
0.619,4239.0,3395.0,2553.0,4232.5,3389.5,2549.5,7000.0,6000.0,4000.0,0.5,-3.0,-9.5,700.0,0.0,0.0,0.2700000000000002,0.0,0.0,1686.0,0
0.62,4245.0,3400.0,2557.0,4239.5,3395.5,2553.5,6000.0,5000.0,4000.0,0.5,-3.400000000000091,-9.300000000000182,700.0,0.0,0.0,0.2710000000000002,0.0,0.0,1688.0,0
0.621,4252.0,3405.0,2560.0,4245.5,3400.5,2557.5,7000.0,5000.0,3000.0,0.5,-3.599999999999909,-9.699999999999818,700.0,0.0,0.0,0.2720000000000002,0.0,0.0,1692.0,0
0.622,4258.0,3410.0,2564.0,4252.5,3405.5,2560.5,6000.0,5000.0,4000.0,0.5,-3.0,-8.5,700.0,0.0,0.0,0.2730000000000002,0.0,0.0,1694.0,0
0.623,4265.0,3416.0,2568.0,4258.5,3410.5,2564.5,7000.0,6000.0,4000.0,0.5,-3.199999999999818,-8.900000000000091,700.0,0.0,0.0,0.2740000000000002,0.0,0.0,1697.0,0
0.624,4271.0,3421.0,2572.0,4265.5,3416.5,2568.5,6000.0,5000.0,4000.0,0.5,-3.599999999999909,-8.699999999999818,700.0,0.0,0.0,0.2750000000000002,0.0,0.0,1699.0,0
0.625,4278.0,3426.0,2576.0,4271.5,3421.5,2572.5,7000.0,5000.0,4000.0,0.5,-3.800000000000182,-9.099999999999909,700.0,0.0,0.0,0.2760000000000002,0.0,0.0,1702.0,0
0.626,4285.0,3431.0,2580.0,4278.5,3426.5,2576.5,7000.0,5000.0,4000.0,0.5,-3.199999999999818,-8.900000000000091,700.0,0.0,0.0,0.2770000000000002,0.0,0.0,1705.0,0
0.627,4291.0,3436.0,2584.0,4285.5,3431.5,2580.5,6000.0,5000.0,4000.0,0.5,-2.599999999999909,-8.699999999999818,700.0,0.0,0.0,0.2780000000000002,0.0,0.0,1707.0,0
0.628,4298.0,3442.0,2588.0,4291.5,3436.5,2584.5,7000.0,6000.0,4000.0,0.5,-2.800000000000182,-9.099999999999909,700.0,0.0,0.0,0.2790000000000002,0.0,0.0,1710.0,0
0.629,4304.0,3447.0,2592.0,4298.5,3442.5,2588.5,6000.0,5000.0,4000.0,0.5,-3.199999999999818,-8.900000000000091,700.0,0.0,0.0,0.2800000000000002,0.0,0.0,1712.0,0
0.63,4311.0,3452.0,2596.0,4304.5,3447.5,2592.5,7000.0,5000.0,4000.0,0.5,-3.400000000000091,-9.300000000000182,700.0,0.0,0.0,0.2810000000000002,0.0,0.0,1715.0,0
0.631,4317.0,3457.0,2600.0,4311.5,3452.5,2596.5,6000.0,5000.0,4000.0,0.5,-2.800000000000182,-9.099999999999909,700.0,0.0,0.0,0.2820000000000002,0.0,0.0,1717.0,0
0.632,4324.0,3463.0,2604.0,4317.5,3457.5,2600.5,7000.0,6000.0,4000.0,0.5,-3.0,-9.5,700.0,0.0,0.0,0.2830000000000002,0.0,0.0,1720.0,0
0.633,4330.0,3468.0,2608.0,4324.5,3463.5,2604.5,6000.0,5000.0,4000.0,0.5,-3.400000000000091,-9.300000000000182,700.0,0.0,0.0,0.2840000000000002,0.0,0.0,1722.0,0
0.634,4337.0,3473.0,2612.0,4330.5,3468.5,2608.5,7000.0,5000.0,4000.0,0.5,-3.599999999999909,-9.699999999999818,700.0,0.0,0.0,0.2850000000000002,0.0,0.0,1725.0,0
0.635,4344.0,3478.0,2616.0,4337.5,3473.5,2612.5,7000.0,5000.0,4000.0,0.5,-3.0,-9.5,700.0,0.0,0.0,0.2860000000000002,0.0,0.0,1728.0,0
0.636,4350.0,3483.0,2619.0,4344.5,3478.5,2616.5,6000.0,5000.0,3000.0,0.5,-2.400000000000091,-9.300000000000182,700.0,0.0,0.0,0.2870000000000002,0.0,0.0,1731.0,0
0.637,4357.0,3489.0,2623.0,4350.5,3483.5,2619.5,7000.0,6000.0,4000.0,0.5,-2.599999999999909,-8.699999999999818,700.0,0.0,0.0,0.2880000000000002,0.0,0.0,1734.0,0
0.638,4363.0,3494.0,2627.0,4357.5,3489.5,2623.5,6000.0,5000.0,4000.0,0.5,-3.0,-8.5,700.0,0.0,0.0,0.2890000000000002,0.0,0.0,1736.0,0
0.639,4370.0,3499.0,2631.0,4363.5,3494.5,2627.5,7000.0,5000.0,4000.0,0.5,-3.199999999999818,-8.900000000000091,700.0,0.0,0.0,0.2900000000000002,0.0,0.0,1739.0,0
0.64,4376.0,3504.0,2635.0,4370.5,3499.5,2631.5,6000.0,5000.0,4000.0,0.5,-2.599999999999909,-8.699999999999818,700.0,0.0,0.0,0.2910000000000002,0.0,0.0,1741.0,0
0.641,4383.0,3510.0,2639.0,4376.5,3504.5,2635.5,7000.0,6000.0,4000.0,0.5,-2.800000000000182,-9.099999999999909,700.0,0.0,0.0,0.2920000000000002,0.0,0.0,1744.0,0
0.642,4390.0,3515.0,2643.0,4383.5,3510.5,2639.5,7000.0,5000.0,4000.0,0.5,-3.199999999999818,-8.900000000000091,700.0,0.0,0.0,0.2930000000000002,0.0,0.0,1747.0,0
0.643,4396.0,3520.0,2647.0,4390.5,3515.5,2643.5,6000.0,5000.0,4000.0,0.5,-2.599999999999909,-8.699999999999818,700.0,0.0,0.0,0.2940000000000002,0.0,0.0,1749.0,0
0.644,4403.0,3525.0,2651.0,4396.5,3520.5,2647.5,7000.0,5000.0,4000.0,0.5,-2.800000000000182,-9.099999999999909,700.0,0.0,0.0,0.2950000000000002,0.0,0.0,1752.0,0
0.645,4409.0,3530.0,2655.0,4403.5,3525.5,2651.5,6000.0,5000.0,4000.0,0.5,-2.199999999999818,-8.900000000000091,700.0,0.0,0.0,0.2960000000000002,0.0,0.0,1754.0,0
0.646,4416.0,3536.0,2659.0,4409.5,3530.5,2655.5,7000.0,6000.0,4000.0,0.5,-2.400000000000091,-9.300000000000182,700.0,0.0,0.0,0.2970000000000002,0.0,0.0,1757.0,0
0.647,4422.0,3541.0,2663.0,4416.5,3536.5,2659.5,6000.0,5000.0,4000.0,0.5,-2.800000000000182,-9.099999999999909,700.0,0.0,0.0,0.2980000000000002,0.0,0.0,1759.0,0
0.648,4429.0,3546.0,2667.0,4422.5,3541.5,2663.5,7000.0,5000.0,4000.0,0.5,-3.0,-9.5,700.0,0.0,0.0,0.2990000000000002,0.0,0.0,1762.0,0
0.649,4435.0,3551.0,2671.0,4429.5,3546.5,2667.5,6000.0,5000.0,4000.0,0.5,-2.400000000000091,-9.300000000000182,700.0,0.0,0.0,0.3000000000000002,0.0,0.0,1764.0,0
0.65,4442.0,3557.0,2675.0,4435.5,3551.5,2671.5,7000.0,6000.0,4000.0,0.5,-2.599999999999909,-9.699999999999818,700.0,0.0,0.0,0.3010000000000002,0.0,0.0,1767.0,0
0.651,4449.0,3562.0,2678.0,4442.5,3557.5,2675.5,7000.0,5000.0,3000.0,0.5,-3.0,-9.5,700.0,0.0,0.0,0.3020000000000002,0.0,0.0,1771.0,0
0.652,4455.0,3567.0,2682.0,4449.5,3562.5,2678.5,6000.0,5000.0,4000.0,0.5,-2.400000000000091,-8.300000000000182,700.0,0.0,0.0,0.3030000000000002,0.0,0.0,1773.0,0
0.653,4462.0,3572.0,2686.0,4455.5,3567.5,2682.5,7000.0,5000.0,4000.0,0.5,-2.599999999999909,-8.699999999999818,700.0,0.0,0.0,0.3040000000000002,0.0,0.0,1776.0,0
0.654,4468.0,3577.0,2690.0,4462.5,3572.5,2686.5,6000.0,5000.0,4000.0,0.5,-2.0,-8.5,700.0,0.0,0.0,0.3050000000000002,0.0,0.0,1778.0,0
0.655,4475.0,3583.0,2694.0,4468.5,3577.5,2690.5,7000.0,6000.0,4000.0,0.5,-2.199999999999818,-8.900000000000091,700.0,0.0,0.0,0.3060000000000002,0.0,0.0,1781.0,0
0.656,4481.0,3588.0,2698.0,4475.5,3583.5,2694.5,6000.0,5000.0,4000.0,0.5,-2.599999999999909,-8.699999999999818,700.0,0.0,0.0,0.3070000000000002,0.0,0.0,1783.0,0
0.657,4488.0,3593.0,2702.0,4481.5,3588.5,2698.5,7000.0,5000.0,4000.0,0.5,-2.800000000000182,-9.099999999999909,700.0,0.0,0.0,0.3080000000000002,0.0,0.0,1786.0,0
0.658,4495.0,3598.0,2706.0,4488.5,3593.5,2702.5,7000.0,5000.0,4000.0,0.5,-2.199999999999818,-8.900000000000091,700.0,0.0,0.0,0.3090000000000002,0.0,0.0,1789.0,0
0.659,4501.0,3604.0,2710.0,4495.5,3598.5,2706.5,6000.0,6000.0,4000.0,0.5,-1.599999999999909,-8.699999999999818,700.0,0.0,0.0,0.3100000000000002,0.0,0.0,1791.0,0
0.66,4508.0,3609.0,2714.0,4501.5,3604.5,2710.5,7000.0,5000.0,4000.0,0.5,-2.800000000000182,-9.099999999999909,700.0,0.0,0.0,0.3110000000000002,0.0,0.0,1794.0,0
0.661,4514.0,3614.0,2718.0,4508.5,3609.5,2714.5,6000.0,5000.0,4000.0,0.5,-2.199999999999818,-8.900000000000091,700.0,0.0,0.0,0.3120000000000002,0.0,0.0,1796.0,0
0.662,4521.0,3619.0,2722.0,4514.5,3614.5,2718.5,7000.0,5000.0,4000.0,0.5,-2.400000000000091,-9.300000000000182,700.0,0.0,0.0,0.3130000000000002,0.0,0.0,1799.0,0
0.663,4527.0,3624.0,2726.0,4521.5,3619.5,2722.5,6000.0,5000.0,4000.0,0.5,-1.800000000000182,-9.099999999999909,700.0,0.0,0.0,0.3140000000000002,0.0,0.0,1801.0,0
0.664,4534.0,3630.0,2730.0,4527.5,3624.5,2726.5,7000.0,6000.0,4000.0,0.5,-2.0,-9.5,700.0,0.0,0.0,0.3150000000000002,0.0,0.0,1804.0,0
0.665,4540.0,3635.0,2734.0,4534.5,3630.5,2730.5,6000.0,5000.0,4000.0,0.5,-2.400000000000091,-9.300000000000182,700.0,0.0,0.0,0.3160000000000002,0.0,0.0,1806.0,0
0.666,4547.0,3640.0,2737.0,4540.5,3635.5,2734.5,7000.0,5000.0,3000.0,0.5,-2.599999999999909,-9.699999999999818,700.0,0.0,0.0,0.3170000000000002,0.0,0.0,1810.0,0
0.667,4554.0,3645.0,2741.0,4547.5,3640.5,2737.5,7000.0,5000.0,4000.0,0.5,-2.0,-8.5,700.0,0.0,0.0,0.3180000000000002,0.0,0.0,1813.0,0
0.668,4560.0,3651.0,2745.0,4554.5,3645.5,2741.5,6000.0,6000.0,4000.0,0.5,-1.400000000000091,-8.300000000000182,700.0,0.0,0.0,0.31900000000000023,0.0,0.0,1815.0,0
0.669,4567.0,3656.0,2749.0,4560.5,3651.5,2745.5,7000.0,5000.0,4000.0,0.5,-2.599999999999909,-8.699999999999818,700.0,0.0,0.0,0.32000000000000023,0.0,0.0,1818.0,0
0.67,4573.0,3661.0,2753.0,4567.5,3656.5,2749.5,6000.0,5000.0,4000.0,0.5,-2.0,-8.5,700.0,0.0,0.0,0.32100000000000023,0.0,0.0,1820.0,0
0.671,4580.0,3666.0,2757.0,4573.5,3661.5,2753.5,7000.0,5000.0,4000.0,0.5,-2.199999999999818,-8.900000000000091,700.0,0.0,0.0,0.32200000000000023,0.0,0.0,1823.0,0
0.672,4586.0,3671.0,2761.0,4580.5,3666.5,2757.5,6000.0,5000.0,4000.0,0.5,-1.599999999999909,-8.699999999999818,700.0,0.0,0.0,0.32300000000000023,0.0,0.0,1825.0,0
0.673,4593.0,3677.0,2765.0,4586.5,3671.5,2761.5,7000.0,6000.0,4000.0,0.5,-1.800000000000182,-9.099999999999909,700.0,0.0,0.0,0.32400000000000023,0.0,0.0,1828.0,0
0.674,4599.0,3682.0,2769.0,4593.5,3677.5,2765.5,6000.0,5000.0,4000.0,0.5,-2.199999999999818,-8.900000000000091,700.0,0.0,0.0,0.32500000000000023,0.0,0.0,1830.0,0
0.675,4606.0,3687.0,2773.0,4599.5,3682.5,2769.5,7000.0,5000.0,4000.0,0.5,-2.400000000000091,-9.300000000000182,700.0,0.0,0.0,0.32600000000000023,0.0,0.0,1833.0,0
0.676,4613.0,3692.0,2777.0,4606.5,3687.5,2773.5,7000.0,5000.0,4000.0,0.5,-1.800000000000182,-9.099999999999909,700.0,0.0,0.0,0.32700000000000023,0.0,0.0,1836.0,0
0.677,4619.0,3698.0,2781.0,4613.5,3692.5,2777.5,6000.0,6000.0,4000.0,0.5,-1.199999999999818,-8.900000000000091,700.0,0.0,0.0,0.32800000000000024,0.0,0.0,1838.0,0
0.678,4626.0,3703.0,2785.0,4619.5,3698.5,2781.5,7000.0,5000.0,4000.0,0.5,-2.400000000000091,-9.300000000000182,700.0,0.0,0.0,0.32900000000000024,0.0,0.0,1841.0,0
0.679,4632.0,3708.0,2789.0,4626.5,3703.5,2785.5,6000.0,5000.0,4000.0,0.5,-1.800000000000182,-9.099999999999909,700.0,0.0,0.0,0.33000000000000024,0.0,0.0,1843.0,0
0.68,4639.0,3713.0,2793.0,4632.5,3708.5,2789.5,7000.0,5000.0,4000.0,0.5,-2.0,-9.5,700.0,0.0,0.0,0.33100000000000024,0.0,0.0,1846.0,0
0.681,4645.0,3718.0,2796.0,4639.5,3713.5,2793.5,6000.0,5000.0,3000.0,0.5,-1.400000000000091,-9.300000000000182,700.0,0.0,0.0,0.33200000000000024,0.0,0.0,1849.0,0
0.682,4652.0,3724.0,2800.0,4645.5,3718.5,2796.5,7000.0,6000.0,4000.0,0.5,-1.599999999999909,-8.699999999999818,700.0,0.0,0.0,0.33300000000000024,0.0,0.0,1852.0,0
0.683,4659.0,3729.0,2804.0,4652.5,3724.5,2800.5,7000.0,5000.0,4000.0,0.5,-2.0,-8.5,700.0,0.0,0.0,0.33400000000000024,0.0,0.0,1855.0,0
0.684,4665.0,3734.0,2808.0,4659.5,3729.5,2804.5,6000.0,5000.0,4000.0,0.5,-1.400000000000091,-8.300000000000182,700.0,0.0,0.0,0.33500000000000024,0.0,0.0,1857.0,0
0.685,4672.0,3739.0,2812.0,4665.5,3734.5,2808.5,7000.0,5000.0,4000.0,0.5,-1.599999999999909,-8.699999999999818,700.0,0.0,0.0,0.33600000000000024,0.0,0.0,1860.0,0
0.686,4678.0,3745.0,2816.0,4672.5,3739.5,2812.5,6000.0,6000.0,4000.0,0.5,-1.0,-8.5,700.0,0.0,0.0,0.33700000000000024,0.0,0.0,1862.0,0
0.687,4685.0,3750.0,2820.0,4678.5,3745.5,2816.5,7000.0,5000.0,4000.0,0.5,-2.199999999999818,-8.900000000000091,700.0,0.0,0.0,0.33800000000000024,0.0,0.0,1865.0,0
0.6880000000000001,4691.0,3755.0,2824.0,4685.5,3750.5,2820.5,6000.0,5000.0,4000.0,0.5,-1.599999999999909,-8.699999999999818,700.0,0.0,0.0,0.33900000000000025,0.0,0.0,1867.0,0
0.6890000000000001,4698.0,3760.0,2828.0,4691.5,3755.5,2824.5,7000.0,5000.0,4000.0,0.5,-1.800000000000182,-9.099999999999909,700.0,0.0,0.0,0.34000000000000025,0.0,0.0,1870.0,0
0.6900000000000001,4704.0,3765.0,2832.0,4698.5,3760.5,2828.5,6000.0,5000.0,4000.0,0.5,-1.199999999999818,-8.900000000000091,700.0,0.0,0.0,0.34100000000000025,0.0,0.0,1872.0,0
0.6910000000000001,4711.0,3771.0,2836.0,4704.5,3765.5,2832.5,7000.0,6000.0,4000.0,0.5,-1.400000000000091,-9.300000000000182,700.0,0.0,0.0,0.34200000000000025,0.0,0.0,1875.0,0
0.6920000000000001,4718.0,3776.0,2840.0,4711.5,3771.5,2836.5,7000.0,5000.0,4000.0,0.5,-1.800000000000182,-9.099999999999909,700.0,0.0,0.0,0.34300000000000025,0.0,0.0,1878.0,0
0.6930000000000001,4724.0,3781.0,2844.0,4718.5,3776.5,2840.5,6000.0,5000.0,4000.0,0.5,-1.199999999999818,-8.900000000000091,700.0,0.0,0.0,0.34400000000000025,0.0,0.0,1880.0,0
0.6940000000000001,4731.0,3786.0,2848.0,4724.5,3781.5,2844.5,7000.0,5000.0,4000.0,0.5,-1.400000000000091,-9.300000000000182,700.0,0.0,0.0,0.34500000000000025,0.0,0.0,1883.0,0
0.6950000000000001,4737.0,3792.0,2852.0,4731.5,3786.5,2848.5,6000.0,6000.0,4000.0,0.5,-0.8000000000001819,-9.099999999999909,700.0,0.0,0.0,0.34600000000000025,0.0,0.0,1885.0,0
0.6960000000000001,4744.0,3797.0,2855.0,4737.5,3792.5,2852.5,7000.0,5000.0,3000.0,0.5,-2.0,-9.5,700.0,0.0,0.0,0.34700000000000025,0.0,0.0,1889.0,0
0.6970000000000001,4750.0,3802.0,2859.0,4744.5,3797.5,2855.5,6000.0,5000.0,4000.0,0.5,-1.400000000000091,-8.300000000000182,700.0,0.0,0.0,0.34800000000000025,0.0,0.0,1891.0,0
0.6980000000000001,4757.0,3807.0,2863.0,4750.5,3802.5,2859.5,7000.0,5000.0,4000.0,0.5,-1.599999999999909,-8.699999999999818,700.0,0.0,0.0,0.34900000000000025,0.0,0.0,1894.0,0
0.6990000000000001,4764.0,3812.0,2867.0,4757.5,3807.5,2863.5,7000.0,5000.0,4000.0,0.5,-1.0,-8.5,700.0,0.0,0.0,0.35000000000000026,0.0,0.0,1897.0,0
0.7000000000000001,4770.0,3818.0,2871.0,4764.5,3812.5,2867.5,6000.0,6000.0,4000.0,0.5,-0.40000000000009095,-8.300000000000182,700.0,0.0,0.0,0.35100000000000026,0.0,0.0,1899.0,0
0.7010000000000001,4777.0,3823.0,2875.0,4770.5,3818.5,2871.5,7000.0,5000.0,4000.0,0.5,-1.599999999999909,-8.699999999999818,700.0,0.0,0.0,0.35200000000000026,0.0,0.0,1902.0,0
0.7020000000000001,4783.0,3828.0,2879.0,4777.5,3823.5,2875.5,6000.0,5000.0,4000.0,0.5,-1.0,-8.5,700.0,0.0,0.0,0.35300000000000026,0.0,0.0,1904.0,0
0.7030000000000001,4790.0,3833.0,2883.0,4783.5,3828.5,2879.5,7000.0,5000.0,4000.0,0.5,-1.199999999999818,-8.900000000000091,700.0,0.0,0.0,0.35400000000000026,0.0,0.0,1907.0,0
0.704,4796.0,3839.0,2887.0,4790.5,3833.5,2883.5,6000.0,6000.0,4000.0,0.5,-0.599999999999909,-8.699999999999818,700.0,0.0,0.0,0.35500000000000026,0.0,0.0,1909.0,0
0.705,4803.0,3844.0,2891.0,4796.5,3839.5,2887.5,7000.0,5000.0,4000.0,0.5,-1.800000000000182,-9.099999999999909,700.0,0.0,0.0,0.35600000000000026,0.0,0.0,1912.0,0
0.706,4809.0,3849.0,2895.0,4803.5,3844.5,2891.5,6000.0,5000.0,4000.0,0.5,-1.199999999999818,-8.900000000000091,700.0,0.0,0.0,0.35700000000000026,0.0,0.0,1914.0,0
0.707,4816.0,3854.0,2899.0,4809.5,3849.5,2895.5,7000.0,5000.0,4000.0,0.5,-1.400000000000091,-9.300000000000182,700.0,0.0,0.0,0.35800000000000026,0.0,0.0,1917.0,0
0.708,4823.0,3859.0,2903.0,4816.5,3854.5,2899.5,7000.0,5000.0,4000.0,0.5,-0.8000000000001819,-9.099999999999909,700.0,0.0,0.0,0.35900000000000026,0.0,0.0,1920.0,0
0.709,4829.0,3865.0,2907.0,4823.5,3859.5,2903.5,6000.0,6000.0,4000.0,0.5,-0.1999999999998181,-8.900000000000091,700.0,0.0,0.0,0.36000000000000026,0.0,0.0,1922.0,0
0.71,4836.0,3870.0,2911.0,4829.5,3865.5,2907.5,7000.0,5000.0,4000.0,0.5,-1.400000000000091,-9.300000000000182,700.0,0.0,0.0,0.36100000000000027,0.0,0.0,1925.0,0
0.711,4842.0,3875.0,2914.0,4836.5,3870.5,2911.5,6000.0,5000.0,3000.0,0.5,-0.8000000000001819,-9.099999999999909,700.0,0.0,0.0,0.36200000000000027,0.0,0.0,1928.0,0
0.712,4849.0,3880.0,2918.0,4842.5,3875.5,2914.5,7000.0,5000.0,4000.0,0.5,-1.0,-8.5,700.0,0.0,0.0,0.36300000000000027,0.0,0.0,1931.0,0
0.713,4855.0,3886.0,2922.0,4849.5,3880.5,2918.5,6000.0,6000.0,4000.0,0.5,-0.40000000000009095,-8.300000000000182,700.0,0.0,0.0,0.36400000000000027,0.0,0.0,1933.0,0
0.714,4862.0,3891.0,2926.0,4855.5,3886.5,2922.5,7000.0,5000.0,4000.0,0.5,-1.599999999999909,-8.699999999999818,700.0,0.0,0.0,0.36500000000000027,0.0,0.0,1936.0,0
0.715,4869.0,3896.0,2930.0,4862.5,3891.5,2926.5,7000.0,5000.0,4000.0,0.5,-1.0,-8.5,700.0,0.0,0.0,0.36600000000000027,0.0,0.0,1939.0,0
0.716,4875.0,3901.0,2934.0,4869.5,3896.5,2930.5,6000.0,5000.0,4000.0,0.5,-0.40000000000009095,-8.300000000000182,700.0,0.0,0.0,0.36700000000000027,0.0,0.0,1941.0,0
0.717,4882.0,3906.0,2938.0,4875.5,3901.5,2934.5,7000.0,5000.0,4000.0,0.5,-0.599999999999909,-8.699999999999818,700.0,0.0,0.0,0.36800000000000027,0.0,0.0,1944.0,0
0.718,4888.0,3912.0,2942.0,4882.5,3906.5,2938.5,6000.0,6000.0,4000.0,0.5,0.0,-8.5,700.0,0.0,0.0,0.36900000000000027,0.0,0.0,1946.0,0
0.719,4895.0,3917.0,2946.0,4888.5,3912.5,2942.5,7000.0,5000.0,4000.0,0.5,-1.199999999999818,-8.900000000000091,700.0,0.0,0.0,0.3700000000000003,0.0,0.0,1949.0,0
0.72,4901.0,3922.0,2950.0,4895.5,3917.5,2946.5,6000.0,5000.0,4000.0,0.5,-0.599999999999909,-8.699999999999818,700.0,0.0,0.0,0.3710000000000003,0.0,0.0,1951.0,0
0.721,4908.0,3927.0,2954.0,4901.5,3922.5,2950.5,7000.0,5000.0,4000.0,0.5,-0.8000000000001819,-9.099999999999909,700.0,0.0,0.0,0.3720000000000003,0.0,0.0,1954.0,0
0.722,4914.0,3933.0,2958.0,4908.5,3927.5,2954.5,6000.0,6000.0,4000.0,0.5,-0.1999999999998181,-8.900000000000091,700.0,0.0,0.0,0.3730000000000003,0.0,0.0,1956.0,0
0.723,4921.0,3938.0,2962.0,4914.5,3933.5,2958.5,7000.0,5000.0,4000.0,0.5,-1.400000000000091,-9.300000000000182,700.0,0.0,0.0,0.3740000000000003,0.0,0.0,1959.0,0
0.724,4928.0,3943.0,2966.0,4921.5,3938.5,2962.5,7000.0,5000.0,4000.0,0.5,-0.8000000000001819,-9.099999999999909,700.0,0.0,0.0,0.3750000000000003,0.0,0.0,1962.0,0
0.725,4934.0,3948.0,2970.0,4928.5,3943.5,2966.5,6000.0,5000.0,4000.0,0.5,-0.1999999999998181,-8.900000000000091,700.0,0.0,0.0,0.3760000000000003,0.0,0.0,1964.0,0
0.726,4941.0,3953.0,2973.0,4934.5,3948.5,2970.5,7000.0,5000.0,3000.0,0.5,-0.40000000000009095,-9.300000000000182,700.0,0.0,0.0,0.3770000000000003,0.0,0.0,1968.0,0
0.727,4947.0,3959.0,2977.0,4941.5,3953.5,2973.5,6000.0,6000.0,4000.0,0.5,0.1999999999998181,-8.099999999999909,700.0,0.0,0.0,0.3780000000000003,0.0,0.0,1970.0,0
0.728,4954.0,3964.0,2981.0,4947.5,3959.5,2977.5,7000.0,5000.0,4000.0,0.5,-1.0,-8.5,700.0,0.0,0.0,0.3790000000000003,0.0,0.0,1973.0,0
0.729,4960.0,3969.0,2985.0,4954.5,3964.5,2981.5,6000.0,5000.0,4000.0,0.5,-0.40000000000009095,-8.300000000000182,700.0,0.0,0.0,0.3800000000000003,0.0,0.0,1975.0,0
0.73,4967.0,3974.0,2989.0,4960.5,3969.5,2985.5,7000.0,5000.0,4000.0,0.5,-0.599999999999909,-8.699999999999818,700.0,0.0,0.0,0.3810000000000003,0.0,0.0,1978.0,0
0.731,4973.0,3980.0,2993.0,4967.5,3974.5,2989.5,6000.0,6000.0,4000.0,0.5,0.0,-8.5,700.0,0.0,0.0,0.3820000000000003,0.0,0.0,1980.0,0
0.732,4980.0,3985.0,2997.0,4973.5,3980.5,2993.5,7000.0,5000.0,4000.0,0.5,-1.199999999999818,-8.900000000000091,700.0,0.0,0.0,0.3830000000000003,0.0,0.0,1983.0,0
0.733,4987.0,3990.0,3001.0,4980.5,3985.5,2997.5,7000.0,5000.0,4000.0,0.5,-0.599999999999909,-8.699999999999818,700.0,0.0,0.0,0.3840000000000003,0.0,0.0,1986.0,0
0.734,4993.0,3995.0,3005.0,4987.5,3990.5,3001.5,6000.0,5000.0,4000.0,0.5,0.0,-8.5,700.0,0.0,0.0,0.3850000000000003,0.0,0.0,1988.0,0
0.735,5000.0,4000.0,3009.0,4993.5,3995.5,3005.5,7000.0,5000.0,4000.0,0.5,-0.1999999999998181,-8.900000000000091,700.0,0.0,0.0,0.3860000000000003,0.0,0.0,1991.0,0
0.736,5006.0,4006.0,3013.0,5000.5,4000.5,3009.5,6000.0,6000.0,4000.0,0.5,0.40000000000009095,-8.699999999999818,700.0,0.0,0.0,0.3870000000000003,0.0,0.0,1993.0,0
0.737,5013.0,4011.0,3017.0,5006.5,4006.5,3013.5,7000.0,5000.0,4000.0,0.5,-0.8000000000001819,-9.099999999999909,700.0,0.0,0.0,0.3880000000000003,0.0,0.0,1996.0,0
0.738,5019.0,4016.0,3021.0,5013.5,4011.5,3017.5,6000.0,5000.0,4000.0,0.5,-0.1999999999998181,-8.900000000000091,700.0,0.0,0.0,0.3890000000000003,0.0,0.0,1998.0,0
0.739,5026.0,4021.0,3025.0,5019.5,4016.5,3021.5,7000.0,5000.0,4000.0,0.5,-0.40000000000009095,-9.300000000000182,700.0,0.0,0.0,0.3900000000000003,0.0,0.0,2001.0,0
0.74,5033.0,4027.0,3029.0,5026.5,4021.5,3025.5,7000.0,6000.0,4000.0,0.5,0.1999999999998181,-9.099999999999909,700.0,0.0,0.0,0.3910000000000003,0.0,0.0,2004.0,0
0.741,5039.0,4032.0,3032.0,5033.5,4027.5,3029.5,6000.0,5000.0,3000.0,0.5,-0.1999999999998181,-8.900000000000091,700.0,0.0,0.0,0.3920000000000003,0.0,0.0,2007.0,0
0.742,5046.0,4037.0,3036.0,5039.5,4032.5,3032.5,7000.0,5000.0,4000.0,0.5,-0.40000000000009095,-8.300000000000182,700.0,0.0,0.0,0.3930000000000003,0.0,0.0,2010.0,0
0.743,5052.0,4042.0,3040.0,5046.5,4037.5,3036.5,6000.0,5000.0,4000.0,0.5,0.1999999999998181,-8.099999999999909,700.0,0.0,0.0,0.3940000000000003,0.0,0.0,2012.0,0
0.744,5059.0,4047.0,3044.0,5052.5,4042.5,3040.5,7000.0,5000.0,4000.0,0.5,0.0,-8.5,700.0,0.0,0.0,0.3950000000000003,0.0,0.0,2015.0,0
0.745,5065.0,4053.0,3048.0,5059.5,4047.5,3044.5,6000.0,6000.0,4000.0,0.375,0.5,-8.375,700.0,0.0,0.0,0.3960000000000003,0.0,0.0,2017.0,0
0.746,5072.0,4058.0,3052.0,5065.5,4053.5,3048.5,7000.0,5000.0,4000.0,0.5,-0.599999999999909,-8.699999999999818,700.0,0.0,0.0,0.3970000000000003,0.0,0.0,2020.0,0
0.747,5078.0,4063.0,3056.0,5072.5,4058.5,3052.5,6000.0,5000.0,4000.0,0.5,0.0,-8.5,700.0,0.0,0.0,0.3980000000000003,0.0,0.0,2022.0,0
0.748,5085.0,4068.0,3060.0,5078.5,4063.5,3056.5,7000.0,5000.0,4000.0,0.5,-0.1999999999998181,-8.900000000000091,700.0,0.0,0.0,0.3990000000000003,0.0,0.0,2025.0,0
0.749,5092.0,4074.0,3064.0,5085.5,4068.5,3060.5,7000.0,6000.0,4000.0,0.5,0.40000000000009095,-8.699999999999818,700.0,0.0,0.0,0.4000000000000003,0.0,0.0,2028.0,0
0.75,5098.0,4079.0,3068.0,5092.5,4074.5,3064.5,6000.0,5000.0,4000.0,0.5,0.0,-8.5,700.0,0.0,0.0,0.4010000000000003,0.0,0.0,2030.0,0
0.751,5105.0,4084.0,3072.0,5098.5,4079.5,3068.5,7000.0,5000.0,4000.0,0.5,-0.1999999999998181,-8.900000000000091,700.0,0.0,0.0,0.4020000000000003,0.0,0.0,2033.0,0
0.752,5111.0,4089.0,3076.0,5105.5,4084.5,3072.5,6000.0,5000.0,4000.0,0.5,0.40000000000009095,-8.699999999999818,700.0,0.0,0.0,0.4030000000000003,0.0,0.0,2035.0,0
0.753,5118.0,4094.0,3080.0,5111.5,4089.5,3076.5,7000.0,5000.0,4000.0,0.5,0.1999999999998181,-9.099999999999909,700.0,0.0,0.0,0.4040000000000003,0.0,0.0,2038.0,0
0.754,5124.0,4100.0,3084.0,5118.5,4094.5,3080.5,6000.0,6000.0,4000.0,0.125,0.5,-9.125,700.0,0.0,0.0,0.4050000000000003,0.0,0.0,2040.0,0
0.755,5131.0,4105.0,3088.0,5124.5,4100.5,3084.5,7000.0,5000.0,4000.0,0.5,-0.3999999999996362,-9.300000000000182,700.0,0.0,0.0,0.4060000000000003,0.0,0.0,2043.0,0
0.756,5138.0,4110.0,3091.0,5131.5,4105.5,3088.5,7000.0,5000.0,3000.0,0.5,0.1999999999998181,-9.099999999999909,700.0,0.0,0.0,0.4070000000000003,0.0,0.0,2047.0,0
0.757,5144.0,4115.0,3095.0,5138.5,4110.5,3091.5,6000.0,5000.0,4000.0,0.125,0.5,-8.125,700.0,0.0,0.0,0.4080000000000003,0.0,0.0,2049.0,0
0.758,5151.0,4121.0,3099.0,5144.5,4115.5,3095.5,7000.0,6000.0,4000.0,0.375,0.5,-8.375,700.0,0.0,0.0,0.4090000000000003,0.0,0.0,2052.0,0
0.759,5157.0,4126.0,3103.0,5151.5,4121.5,3099.5,6000.0,5000.0,4000.0,0.5,0.1999999999998181,-8.099999999999909,700.0,0.0,0.0,0.4100000000000003,0.0,0.0,2054.0,0
0.76,5164.0,4131.0,3107.0,5157.5,4126.5,3103.5,7000.0,5000.0,4000.0,0.5,0.0,-8.5,700.0,0.0,0.0,0.4110000000000003,0.0,0.0,2057.0,0
0.761,5170.0,4136.0,3111.0,5164.5,4131.5,3107.5,6000.0,5000.0,4000.0,0.375,0.5,-8.375,700.0,0.0,0.0,0.4120000000000003,0.0,0.0,2059.0,0
0.762,5177.0,4141.0,3115.0,5170.5,4136.5,3111.5,7000.0,5000.0,4000.0,0.5,0.3999999999996362,-8.699999999999818,700.0,0.0,0.0,0.4130000000000003,0.0,0.0,2062.0,0
0.763,5183.0,4147.0,3119.0,5177.5,4141.5,3115.5,6000.0,6000.0,4000.0,-0.125,0.5,-8.875,700.0,0.0,0.0,0.4140000000000003,0.0,0.0,2064.0,0
0.764,5190.0,4152.0,3123.0,5183.5,4147.5,3119.5,7000.0,5000.0,4000.0,0.5,-0.1999999999998181,-8.900000000000091,700.0,0.0,0.0,0.4150000000000003,0.0,0.0,2067.0,0
0.765,5197.0,4157.0,3127.0,5190.5,4152.5,3123.5,7000.0,5000.0,4000.0,0.5,0.3999999999996362,-8.699999999999818,700.0,0.0,0.0,0.4160000000000003,0.0,0.0,2070.0,0
0.766,5203.0,4162.0,3131.0,5197.5,4157.5,3127.5,6000.0,5000.0,4000.0,-0.125,0.5,-8.875,700.0,0.0,0.0,0.4170000000000003,0.0,0.0,2072.0,0
0.767,5210.0,4168.0,3135.0,5203.5,4162.5,3131.5,7000.0,6000.0,4000.0,0.125,0.5,-9.125,700.0,0.0,0.0,0.4180000000000003,0.0,0.0,2075.0,0
0.768,5216.0,4173.0,3139.0,5210.5,4168.5,3135.5,6000.0,5000.0,4000.0,0.5,0.3999999999996362,-8.699999999999818,700.0,0.0,0.0,0.4190000000000003,0.0,0.0,2077.0,0
0.769,5223.0,4178.0,3143.0,5216.5,4173.5,3139.5,7000.0,5000.0,4000.0,0.5,0.1999999999998181,-9.099999999999909,700.0,0.0,0.0,0.4200000000000003,0.0,0.0,2080.0,0
0.77,5229.0,4183.0,3147.0,5223.5,4178.5,3143.5,6000.0,5000.0,4000.0,0.125,0.5,-9.125,700.0,0.0,0.0,0.4210000000000003,0.0,0.0,2082.0,0
0.771,5236.0,4188.0,3150.0,5229.5,4183.5,3147.5,7000.0,5000.0,3000.0,0.375,0.5,-9.375,700.0,0.0,0.0,0.4220000000000003,0.0,0.0,2086.0,0
0.772,5243.0,4194.0,3154.0,5236.5,4188.5,3150.5,7000.0,6000.0,4000.0,-0.375,0.5,-8.625,700.0,0.0,0.0,0.4230000000000003,0.0,0.0,2089.0,0
0.773,5249.0,4199.0,3158.0,5243.5,4194.5,3154.5,6000.0,5000.0,4000.0,0.125,0.5,-8.125,700.0,0.0,0.0,0.4240000000000003,0.0,0.0,2091.0,0
0.774,5256.0,4204.0,3162.0,5249.5,4199.5,3158.5,7000.0,5000.0,4000.0,0.375,0.5,-8.375,700.0,0.0,0.0,0.4250000000000003,0.0,0.0,2094.0,0
0.775,5262.0,4209.0,3166.0,5256.5,4204.5,3162.5,6000.0,5000.0,4000.0,-0.375,0.5,-8.625,700.0,0.0,0.0,0.4260000000000003,0.0,0.0,2096.0,0
0.776,5269.0,4215.0,3170.0,5262.5,4209.5,3166.5,7000.0,6000.0,4000.0,-0.125,0.5,-8.875,700.0,0.0,0.0,0.4270000000000003,0.0,0.0,2099.0,0
0.777,5275.0,4220.0,3174.0,5269.5,4215.5,3170.5,6000.0,5000.0,4000.0,0.375,0.5,-8.375,700.0,0.0,0.0,0.4280000000000003,0.0,0.0,2101.0,0
0.778,5282.0,4225.0,3178.0,5275.5,4220.5,3174.5,7000.0,5000.0,4000.0,0.5,0.3999999999996362,-8.699999999999818,700.0,0.0,0.0,0.4290000000000003,0.0,0.0,2104.0,0
0.779,5288.0,4230.0,3182.0,5282.5,4225.5,3178.5,6000.0,5000.0,4000.0,-0.125,0.5,-8.875,700.0,0.0,0.0,0.4300000000000003,0.0,0.0,2106.0,0
0.78,5295.0,4235.0,3186.0,5288.5,4230.5,3182.5,7000.0,5000.0,4000.0,0.125,0.5,-9.125,700.0,0.0,0.0,0.4310000000000003,0.0,0.0,2109.0,0
0.781,5302.0,4241.0,3190.0,5295.5,4235.5,3186.5,7000.0,6000.0,4000.0,-0.625,0.5,-9.375,700.0,0.0,0.0,0.43200000000000033,0.0,0.0,2112.0,0
0.782,5308.0,4246.0,3194.0,5302.5,4241.5,3190.5,6000.0,5000.0,4000.0,-0.125,0.5,-8.875,700.0,0.0,0.0,0.43300000000000033,0.0,0.0,2114.0,0
0.783,5315.0,4251.0,3198.0,5308.5,4246.5,3194.5,7000.0,5000.0,4000.0,0.125,0.5,-9.125,700.0,0.0,0.0,0.43400000000000033,0.0,0.0,2117.0,0
0.784,5321.0,4256.0,3202.0,5315.5,4251.5,3198.5,6000.0,5000.0,4000.0,-0.625,0.5,-9.375,700.0,0.0,0.0,0.43500000000000033,0.0,0.0,2119.0,0
0.785,5328.0,4262.0,3206.0,5321.5,4256.5,3202.5,7000.0,6000.0,4000.0,-0.375,0.5,-9.625,700.0,0.0,0.0,0.43600000000000033,0.0,0.0,2122.0,0
0.786,5334.0,4267.0,3209.0,5328.5,4262.5,3206.5,6000.0,5000.0,3000.0,0.125,0.5,-9.125,700.0,0.0,0.0,0.43700000000000033,0.0,0.0,2125.0,0
0.787,5341.0,4272.0,3213.0,5334.5,4267.5,3209.5,7000.0,5000.0,4000.0,0.375,0.5,-8.375,700.0,0.0,0.0,0.43800000000000033,0.0,0.0,2128.0,0
0.788,5347.0,4277.0,3217.0,5341.5,4272.5,3213.5,6000.0,5000.0,4000.0,-0.375,0.5,-8.625,700.0,0.0,0.0,0.43900000000000033,0.0,0.0,2130.0,0
0.789,5354.0,4282.0,3221.0,5347.5,4277.5,3217.5,7000.0,5000.0,4000.0,-0.125,0.5,-8.875,700.0,0.0,0.0,0.44000000000000034,0.0,0.0,2133.0,0
0.79,5361.0,4288.0,3225.0,5354.5,4282.5,3221.5,7000.0,6000.0,4000.0,-0.875,0.5,-9.125,700.0,0.0,0.0,0.44100000000000034,0.0,0.0,2136.0,0
0.791,5367.0,4293.0,3229.0,5361.5,4288.5,3225.5,6000.0,5000.0,4000.0,-0.375,0.5,-8.625,700.0,0.0,0.0,0.44200000000000034,0.0,0.0,2138.0,0
0.792,5374.0,4298.0,3233.0,5367.5,4293.5,3229.5,7000.0,5000.0,4000.0,-0.125,0.5,-8.875,700.0,0.0,0.0,0.44300000000000034,0.0,0.0,2141.0,0
0.793,5380.0,4303.0,3237.0,5374.5,4298.5,3233.5,6000.0,5000.0,4000.0,-0.875,0.5,-9.125,700.0,0.0,0.0,0.44400000000000034,0.0,0.0,2143.0,0
0.794,5387.0,4309.0,3241.0,5380.5,4303.5,3237.5,7000.0,6000.0,4000.0,-0.625,0.5,-9.375,700.0,0.0,0.0,0.44500000000000034,0.0,0.0,2146.0,0
0.795,5393.0,4314.0,3245.0,5387.5,4309.5,3241.5,6000.0,5000.0,4000.0,-0.125,0.5,-8.875,700.0,0.0,0.0,0.44600000000000034,0.0,0.0,2148.0,0
0.796,5400.0,4319.0,3249.0,5393.5,4314.5,3245.5,7000.0,5000.0,4000.0,0.125,0.5,-9.125,700.0,0.0,0.0,0.44700000000000034,0.0,0.0,2151.0,0
0.797,5407.0,4324.0,3253.0,5400.5,4319.5,3249.5,7000.0,5000.0,4000.0,-0.625,0.5,-9.375,700.0,0.0,0.0,0.44800000000000034,0.0,0.0,2154.0,0
0.798,5413.0,4329.0,3257.0,5407.5,4324.5,3253.5,6000.0,5000.0,4000.0,-1.375,0.5,-9.625,700.0,0.0,0.0,0.44900000000000034,0.0,0.0,2156.0,0
0.799,5420.0,4335.0,3261.0,5413.5,4329.5,3257.5,7000.0,6000.0,4000.0,-1.125,0.5,-9.875,700.0,0.0,0.0,0.45000000000000034,0.0,0.0,2159.0,0
0.8,5426.0,4340.0,3265.0,5420.5,4335.5,3261.5,6000.0,5000.0,4000.0,-0.625,0.5,-9.375,700.0,0.0,0.0,0.45100000000000035,0.0,0.0,2161.0,0
0.801,5433.0,4345.0,3268.0,5426.5,4340.5,3265.5,7000.0,5000.0,3000.0,-0.375,0.5,-9.625,700.0,0.0,0.0,0.45200000000000035,0.0,0.0,2165.0,0
0.802,5439.0,4350.0,3272.0,5433.5,4345.5,3268.5,6000.0,5000.0,4000.0,-1.125,0.5,-8.875,700.0,0.0,0.0,0.45300000000000035,0.0,0.0,2167.0,0
0.803,5446.0,4356.0,3276.0,5439.5,4350.5,3272.5,7000.0,6000.0,4000.0,-0.875,0.5,-9.125,700.0,0.0,0.0,0.45400000000000035,0.0,0.0,2170.0,0
0.804,5452.0,4361.0,3280.0,5446.5,4356.5,3276.5,6000.0,5000.0,4000.0,-0.375,0.5,-8.625,700.0,0.0,0.0,0.45500000000000035,0.0,0.0,2172.0,0
0.805,5459.0,4366.0,3284.0,5452.5,4361.5,3280.5,7000.0,5000.0,4000.0,-0.125,0.5,-8.875,700.0,0.0,0.0,0.45600000000000035,0.0,0.0,2175.0,0
0.806,5466.0,4371.0,3288.0,5459.5,4366.5,3284.5,7000.0,5000.0,4000.0,-0.875,0.5,-9.125,700.0,0.0,0.0,0.45700000000000035,0.0,0.0,2178.0,0
0.807,5472.0,4376.0,3292.0,5466.5,4371.5,3288.5,6000.0,5000.0,4000.0,-1.625,0.5,-9.375,700.0,0.0,0.0,0.45800000000000035,0.0,0.0,2180.0,0
0.808,5479.0,4382.0,3296.0,5472.5,4376.5,3292.5,7000.0,6000.0,4000.0,-1.375,0.5,-9.625,700.0,0.0,0.0,0.45900000000000035,0.0,0.0,2183.0,0
0.809,5485.0,4387.0,3300.0,5479.5,4382.5,3296.5,6000.0,5000.0,4000.0,-0.875,0.5,-9.125,700.0,0.0,0.0,0.46000000000000035,0.0,0.0,2185.0,0
0.81,5492.0,4392.0,3304.0,5485.5,4387.5,3300.5,7000.0,5000.0,4000.0,-0.625,0.5,-9.375,700.0,0.0,0.0,0.46100000000000035,0.0,0.0,2188.0,0
0.811,5498.0,4397.0,3308.0,5492.5,4392.5,3304.5,6000.0,5000.0,4000.0,-1.375,0.5,-9.625,700.0,0.0,0.0,0.46200000000000035,0.0,0.0,2190.0,0
0.812,5505.0,4403.0,3312.0,5498.5,4397.5,3308.5,7000.0,6000.0,4000.0,-1.125,0.5,-9.875,700.0,0.0,0.0,0.46300000000000036,0.0,0.0,2193.0,0
0.8130000000000001,5512.0,4408.0,3316.0,5505.5,4403.5,3312.5,7000.0,5000.0,4000.0,-0.625,0.5,-9.375,700.0,0.0,0.0,0.46400000000000036,0.0,0.0,2196.0,0
0.8140000000000001,5518.0,4413.0,3320.0,5512.5,4408.5,3316.5,6000.0,5000.0,4000.0,-1.375,0.5,-9.625,700.0,0.0,0.0,0.46500000000000036,0.0,0.0,2198.0,0
0.8150000000000001,5525.0,4418.0,3324.0,5518.5,4413.5,3320.5,7000.0,5000.0,4000.0,-1.125,0.5,-9.875,700.0,0.0,0.0,0.46600000000000036,0.0,0.0,2201.0,0
0.8160000000000001,5531.0,4423.0,3327.0,5525.5,4418.5,3324.5,6000.0,5000.0,3000.0,-1.875,0.5,-10.125,700.0,0.0,0.0,0.46700000000000036,0.0,0.0,2204.0,0
0.8170000000000001,5538.0,4429.0,3331.0,5531.5,4423.5,3327.5,7000.0,6000.0,4000.0,-1.625,0.5,-9.375,700.0,0.0,0.0,0.46800000000000036,0.0,0.0,2207.0,0
0.8180000000000001,5544.0,4434.0,3335.0,5538.5,4429.5,3331.5,6000.0,5000.0,4000.0,-1.125,0.5,-8.875,700.0,0.0,0.0,0.46900000000000036,0.0,0.0,2209.0,0
0.8190000000000001,5551.0,4439.0,3339.0,5544.5,4434.5,3335.5,7000.0,5000.0,4000.0,-0.875,0.5,-9.125,700.0,0.0,0.0,0.47000000000000036,0.0,0.0,2212.0,0
0.8200000000000001,5557.0,4444.0,3343.0,5551.5,4439.5,3339.5,6000.0,5000.0,4000.0,-1.625,0.5,-9.375,700.0,0.0,0.0,0.47100000000000036,0.0,0.0,2214.0,0
0.8210000000000001,5564.0,4450.0,3347.0,5557.5,4444.5,3343.5,7000.0,6000.0,4000.0,-1.375,0.5,-9.625,700.0,0.0,0.0,0.47200000000000036,0.0,0.0,2217.0,0
0.8220000000000001,5571.0,4455.0,3351.0,5564.5,4450.5,3347.5,7000.0,5000.0,4000.0,-0.875,0.5,-9.125,700.0,0.0,0.0,0.47300000000000036,0.0,0.0,2220.0,0
0.8230000000000001,5577.0,4460.0,3355.0,5571.5,4455.5,3351.5,6000.0,5000.0,4000.0,-1.625,0.5,-9.375,700.0,0.0,0.0,0.47400000000000037,0.0,0.0,2222.0,0
0.8240000000000001,5584.0,4465.0,3359.0,5577.5,4460.5,3355.5,7000.0,5000.0,4000.0,-1.375,0.5,-9.625,700.0,0.0,0.0,0.47500000000000037,0.0,0.0,2225.0,0
0.8250000000000001,5590.0,4470.0,3363.0,5584.5,4465.5,3359.5,6000.0,5000.0,4000.0,-2.125,0.5,-9.875,700.0,0.0,0.0,0.47600000000000037,0.0,0.0,2227.0,0
0.8260000000000001,5597.0,4476.0,3366.0,5590.5,4470.5,3363.5,7000.0,6000.0,3000.0,-1.875,0.5,-10.125,700.0,0.0,0.0,0.47700000000000037,0.0,0.0,2231.0,0
0.8270000000000001,5603.0,4481.0,3370.0,5597.5,4476.5,3366.5,6000.0,5000.0,4000.0,-1.375,0.5,-8.625,700.0,0.0,0.0,0.47800000000000037,0.0,0.0,2233.0,0
0.8280000000000001,5610.0,4486.0,3374.0,5603.5,4481.5,3370.5,7000.0,5000.0,4000.0,-1.125,0.5,-8.875,700.0,0.0,0.0,0.47900000000000037,0.0,0.0,2236.0,0
0.8290000000000001,5617.0,4491.0,3378.0,5610.5,4486.5,3374.5,7000.0,5000.0,4000.0,-1.875,0.5,-9.125,700.0,0.0,0.0,0.48000000000000037,0.0,0.0,2239.0,0
0.8300000000000001,5623.0,4497.0,3382.0,5617.5,4491.5,3378.5,6000.0,6000.0,4000.0,-2.625,0.5,-9.375,700.0,0.0,0.0,0.48100000000000037,0.0,0.0,2241.0,0
0.8310000000000001,5630.0,4502.0,3386.0,5623.5,4497.5,3382.5,7000.0,5000.0,4000.0,-1.125,0.5,-8.875,700.0,0.0,0.0,0.4820000000000004,0.0,0.0,2244.0,0
0.8320000000000001,5636.0,4507.0,3390.0,5630.5,4502.5,3386.5,6000.0,5000.0,4000.0,-1.875,0.5,-9.125,700.0,0.0,0.0,0.4830000000000004,0.0,0.0,2246.0,0
0.833,5643.0,4512.0,3394.0,5636.5,4507.5,3390.5,7000.0,5000.0,4000.0,-1.625,0.5,-9.375,700.0,0.0,0.0,0.4840000000000004,0.0,0.0,2249.0,0
0.834,5649.0,4517.0,3398.0,5643.5,4512.5,3394.5,6000.0,5000.0,4000.0,-2.375,0.5,-9.625,700.0,0.0,0.0,0.4850000000000004,0.0,0.0,2251.0,0
0.835,5656.0,4523.0,3402.0,5649.5,4517.5,3398.5,7000.0,6000.0,4000.0,-2.125,0.5,-9.875,700.0,0.0,0.0,0.4860000000000004,0.0,0.0,2254.0,0
0.836,5662.0,4528.0,3406.0,5656.5,4523.5,3402.5,6000.0,5000.0,4000.0,-1.625,0.5,-9.375,700.0,0.0,0.0,0.4870000000000004,0.0,0.0,2256.0,0
0.837,5669.0,4533.0,3409.0,5662.5,4528.5,3406.5,7000.0,5000.0,3000.0,-1.375,0.5,-9.625,700.0,0.0,0.0,0.4880000000000004,0.0,0.0,2260.0,0
0.838,5676.0,4538.0,3413.0,5669.5,4533.5,3409.5,7000.0,5000.0,4000.0,-2.125,0.5,-8.875,700.0,0.0,0.0,0.4890000000000004,0.0,0.0,2263.0,0
0.839,5682.0,4544.0,3417.0,5676.5,4538.5,3413.5,6000.0,6000.0,4000.0,-2.875,0.5,-9.125,700.0,0.0,0.0,0.4900000000000004,0.0,0.0,2265.0,0
0.84,5689.0,4549.0,3421.0,5682.5,4544.5,3417.5,7000.0,5000.0,4000.0,-1.375,0.5,-8.625,700.0,0.0,0.0,0.4910000000000004,0.0,0.0,2268.0,0
0.841,5695.0,4554.0,3425.0,5689.5,4549.5,3421.5,6000.0,5000.0,4000.0,-2.125,0.5,-8.875,700.0,0.0,0.0,0.4920000000000004,0.0,0.0,2270.0,0
0.842,5702.0,4559.0,3429.0,5695.5,4554.5,3425.5,7000.0,5000.0,4000.0,-1.875,0.5,-9.125,700.0,0.0,0.0,0.4930000000000004,0.0,0.0,2273.0,0
0.843,5708.0,4564.0,3433.0,5702.5,4559.5,3429.5,6000.0,5000.0,4000.0,-2.625,0.5,-9.375,700.0,0.0,0.0,0.4940000000000004,0.0,0.0,2275.0,0
0.844,5715.0,4570.0,3437.0,5708.5,4564.5,3433.5,7000.0,6000.0,4000.0,-2.375,0.5,-9.625,700.0,0.0,0.0,0.4950000000000004,0.0,0.0,2278.0,0
0.845,5721.0,4575.0,3441.0,5715.5,4570.5,3437.5,6000.0,5000.0,4000.0,-1.875,0.5,-9.125,700.0,0.0,0.0,0.4960000000000004,0.0,0.0,2280.0,0
0.846,5728.0,4580.0,3445.0,5721.5,4575.5,3441.5,7000.0,5000.0,4000.0,-1.625,0.5,-9.375,700.0,0.0,0.0,0.4970000000000004,0.0,0.0,2283.0,0
0.847,5735.0,4585.0,3449.0,5728.5,4580.5,3445.5,7000.0,5000.0,4000.0,-2.375,0.5,-9.625,700.0,0.0,0.0,0.4980000000000004,0.0,0.0,2286.0,0
0.848,5741.0,4591.0,3453.0,5735.5,4585.5,3449.5,6000.0,6000.0,4000.0,-3.125,0.5,-9.875,700.0,0.0,0.0,0.4990000000000004,0.0,0.0,2288.0,0
0.849,5748.0,4596.0,3457.0,5741.5,4591.5,3453.5,7000.0,5000.0,4000.0,-1.625,0.5,-9.375,700.0,0.0,0.0,0.5000000000000003,0.0,0.0,2291.0,0
0.85,5754.0,4601.0,3460.0,5748.5,4596.5,3457.5,6000.0,5000.0,3000.0,-2.375,0.5,-9.625,700.0,0.0,0.0,0.5010000000000003,0.0,0.0,2294.0,0
0.851,5761.0,4606.0,3464.0,5754.5,4601.5,3460.5,7000.0,5000.0,4000.0,-2.125,0.5,-8.875,700.0,0.0,0.0,0.5020000000000003,0.0,0.0,2297.0,0
0.852,5767.0,4611.0,3468.0,5761.5,4606.5,3464.5,6000.0,5000.0,4000.0,-2.875,0.5,-9.125,700.0,0.0,0.0,0.5030000000000003,0.0,0.0,2299.0,0
0.853,5774.0,4617.0,3472.0,5767.5,4611.5,3468.5,7000.0,6000.0,4000.0,-2.625,0.5,-9.375,700.0,0.0,0.0,0.5040000000000003,0.0,0.0,2302.0,0
0.854,5781.0,4622.0,3476.0,5774.5,4617.5,3472.5,7000.0,5000.0,4000.0,-2.125,0.5,-8.875,700.0,0.0,0.0,0.5050000000000003,0.0,0.0,2305.0,0
0.855,5787.0,4627.0,3480.0,5781.5,4622.5,3476.5,6000.0,5000.0,4000.0,-2.875,0.5,-9.125,700.0,0.0,0.0,0.5060000000000003,0.0,0.0,2307.0,0
0.856,5794.0,4632.0,3484.0,5787.5,4627.5,3480.5,7000.0,5000.0,4000.0,-2.625,0.5,-9.375,700.0,0.0,0.0,0.5070000000000003,0.0,0.0,2310.0,0
0.857,5800.0,4638.0,3488.0,5794.5,4632.5,3484.5,6000.0,6000.0,4000.0,-3.375,0.5,-9.625,700.0,0.0,0.0,0.5080000000000003,0.0,0.0,2312.0,0
0.858,5807.0,4643.0,3492.0,5800.5,4638.5,3488.5,7000.0,5000.0,4000.0,-1.875,0.5,-9.125,700.0,0.0,0.0,0.5090000000000003,0.0,0.0,2315.0,0
0.859,5813.0,4648.0,3496.0,5807.5,4643.5,3492.5,6000.0,5000.0,4000.0,-2.625,0.5,-9.375,700.0,0.0,0.0,0.5100000000000003,0.0,0.0,2317.0,0
0.86,5820.0,4653.0,3500.0,5813.5,4648.5,3496.5,7000.0,5000.0,4000.0,-2.375,0.5,-9.625,700.0,0.0,0.0,0.5110000000000003,0.0,0.0,2320.0,0
0.861,5826.0,4658.0,3504.0,5820.5,4653.5,3500.5,6000.0,5000.0,4000.0,-3.125,0.5,-9.875,700.0,0.0,0.0,0.5120000000000003,0.0,0.0,2322.0,0
0.862,5833.0,4664.0,3507.0,5826.5,4658.5,3504.5,7000.0,6000.0,3000.0,-2.875,0.5,-10.125,700.0,0.0,0.0,0.5130000000000003,0.0,0.0,2326.0,0
0.863,5840.0,4669.0,3511.0,5833.5,4664.5,3507.5,7000.0,5000.0,4000.0,-2.375,0.5,-8.625,700.0,0.0,0.0,0.5140000000000003,0.0,0.0,2329.0,0
0.864,5846.0,4674.0,3515.0,5840.5,4669.5,3511.5,6000.0,5000.0,4000.0,-3.125,0.5,-8.875,700.0,0.0,0.0,0.5150000000000003,0.0,0.0,2331.0,0
0.865,5853.0,4679.0,3519.0,5846.5,4674.5,3515.5,7000.0,5000.0,4000.0,-2.875,0.5,-9.125,700.0,0.0,0.0,0.5160000000000003,0.0,0.0,2334.0,0
0.866,5859.0,4685.0,3523.0,5853.5,4679.5,3519.5,6000.0,6000.0,4000.0,-3.625,0.5,-9.375,700.0,0.0,0.0,0.5170000000000003,0.0,0.0,2336.0,0
0.867,5866.0,4690.0,3527.0,5859.5,4685.5,3523.5,7000.0,5000.0,4000.0,-2.125,0.5,-8.875,700.0,0.0,0.0,0.5180000000000003,0.0,0.0,2339.0,0
0.868,5872.0,4695.0,3531.0,5866.5,4690.5,3527.5,6000.0,5000.0,4000.0,-2.875,0.5,-9.125,700.0,0.0,0.0,0.5190000000000003,0.0,0.0,2341.0,0
0.869,5879.0,4700.0,3535.0,5872.5,4695.5,3531.5,7000.0,5000.0,4000.0,-2.625,0.5,-9.375,700.0,0.0,0.0,0.5200000000000004,0.0,0.0,2344.0,0
0.87,5886.0,4705.0,3539.0,5879.5,4700.5,3535.5,7000.0,5000.0,4000.0,-3.375,0.5,-9.625,700.0,0.0,0.0,0.5210000000000004,0.0,0.0,2347.0,0
0.871,5892.0,4711.0,3543.0,5886.5,4705.5,3539.5,6000.0,6000.0,4000.0,-4.125,0.5,-9.875,700.0,0.0,0.0,0.5220000000000004,0.0,0.0,2349.0,0
0.872,5899.0,4716.0,3546.0,5892.5,4711.5,3543.5,7000.0,5000.0,3000.0,-2.625,0.5,-9.375,700.0,0.0,0.0,0.5230000000000004,0.0,0.0,2353.0,0
0.873,5905.0,4721.0,3550.0,5899.5,4716.5,3546.5,6000.0,5000.0,4000.0,-3.375,0.5,-8.625,700.0,0.0,0.0,0.5240000000000004,0.0,0.0,2355.0,0
0.874,5912.0,4726.0,3554.0,5905.5,4721.5,3550.5,7000.0,5000.0,4000.0,-3.125,0.5,-8.875,700.0,0.0,0.0,0.5250000000000004,0.0,0.0,2358.0,0
0.875,5918.0,4732.0,3558.0,5912.5,4726.5,3554.5,6000.0,6000.0,4000.0,-3.875,0.5,-9.125,700.0,0.0,0.0,0.5260000000000004,0.0,0.0,2360.0,0
0.876,5925.0,4737.0,3562.0,5918.5,4732.5,3558.5,7000.0,5000.0,4000.0,-2.375,0.5,-8.625,700.0,0.0,0.0,0.5270000000000004,0.0,0.0,2363.0,0
0.877,5931.0,4742.0,3566.0,5925.5,4737.5,3562.5,6000.0,5000.0,4000.0,-3.125,0.5,-8.875,700.0,0.0,0.0,0.5280000000000004,0.0,0.0,2365.0,0
0.878,5938.0,4747.0,3570.0,5931.5,4742.5,3566.5,7000.0,5000.0,4000.0,-2.875,0.5,-9.125,700.0,0.0,0.0,0.5290000000000004,0.0,0.0,2368.0,0
0.879,5945.0,4752.0,3574.0,5938.5,4747.5,3570.5,7000.0,5000.0,4000.0,-3.625,0.5,-9.375,700.0,0.0,0.0,0.5300000000000004,0.0,0.0,2371.0,0
0.88,5951.0,4758.0,3578.0,5945.5,4752.5,3574.5,6000.0,6000.0,4000.0,-4.375,0.5,-9.625,700.0,0.0,0.0,0.5310000000000004,0.0,0.0,2373.0,0
0.881,5958.0,4763.0,3582.0,5951.5,4758.5,3578.5,7000.0,5000.0,4000.0,-2.875,0.5,-9.125,700.0,0.0,0.0,0.5320000000000004,0.0,0.0,2376.0,0
0.882,5964.0,4768.0,3586.0,5958.5,4763.5,3582.5,6000.0,5000.0,4000.0,-3.625,0.5,-9.375,700.0,0.0,0.0,0.5330000000000004,0.0,0.0,2378.0,0
0.883,5971.0,4773.0,3590.0,5964.5,4768.5,3586.5,7000.0,5000.0,4000.0,-3.375,0.5,-9.625,700.0,0.0,0.0,0.5340000000000004,0.0,0.0,2381.0,0
0.884,5977.0,4779.0,3593.0,5971.5,4773.5,3590.5,6000.0,6000.0,3000.0,-4.125,0.5,-9.875,700.0,0.0,0.0,0.5350000000000004,0.0,0.0,2384.0,0
0.885,5984.0,4784.0,3597.0,5977.5,4779.5,3593.5,7000.0,5000.0,4000.0,-2.625,0.5,-8.375,700.0,0.0,0.0,0.5360000000000004,0.0,0.0,2387.0,0
0.886,5991.0,4789.0,3601.0,5984.5,4784.5,3597.5,7000.0,5000.0,4000.0,-3.375,0.5,-8.625,700.0,0.0,0.0,0.5370000000000004,0.0,0.0,2390.0,0
0.887,5997.0,4794.0,3605.0,5991.5,4789.5,3601.5,6000.0,5000.0,4000.0,-4.125,0.5,-8.875,700.0,0.0,0.0,0.5380000000000004,0.0,0.0,2392.0,0
0.888,6004.0,4799.0,3609.0,5997.5,4794.5,3605.5,7000.0,5000.0,4000.0,-3.875,0.5,-9.125,700.0,0.0,0.0,0.5390000000000004,0.0,0.0,2395.0,0
0.889,6010.0,4805.0,3613.0,6004.5,4799.5,3609.5,6000.0,6000.0,4000.0,-4.625,0.5,-9.375,700.0,0.0,0.0,0.5400000000000004,0.0,0.0,2397.0,0
0.89,6017.0,4810.0,3617.0,6010.5,4805.5,3613.5,7000.0,5000.0,4000.0,-3.125,0.5,-8.875,700.0,0.0,0.0,0.5410000000000004,0.0,0.0,2400.0,0
0.891,6023.0,4815.0,3621.0,6017.5,4810.5,3617.5,6000.0,5000.0,4000.0,-3.875,0.5,-9.125,700.0,0.0,0.0,0.5420000000000004,0.0,0.0,2402.0,0
0.892,6030.0,4820.0,3625.0,6023.5,4815.5,3621.5,7000.0,5000.0,4000.0,-3.625,0.5,-9.375,700.0,0.0,0.0,0.5430000000000004,0.0,0.0,2405.0,0
0.893,6036.0,4826.0,3629.0,6030.5,4820.5,3625.5,6000.0,6000.0,4000.0,-4.375,0.5,-9.625,700.0,0.0,0.0,0.5440000000000004,0.0,0.0,2407.0,0
0.894,6043.0,4831.0,3633.0,6036.5,4826.5,3629.5,7000.0,5000.0,4000.0,-2.875,0.5,-9.125,700.0,0.0,0.0,0.5450000000000004,0.0,0.0,2410.0,0
0.895,6050.0,4836.0,3637.0,6043.5,4831.5,3633.5,7000.0,5000.0,4000.0,-3.625,0.5,-9.375,700.0,0.0,0.0,0.5460000000000004,0.0,0.0,2413.0,0
0.896,6056.0,4841.0,3640.0,6050.5,4836.5,3637.5,6000.0,5000.0,3000.0,-4.375,0.5,-9.625,700.0,0.0,0.0,0.5470000000000004,0.0,0.0,2416.0,0
0.897,6063.0,4846.0,3644.0,6056.5,4841.5,3640.5,7000.0,5000.0,4000.0,-4.125,0.5,-8.875,700.0,0.0,0.0,0.5480000000000004,0.0,0.0,2419.0,0
0.898,6069.0,4852.0,3648.0,6063.5,4846.5,3644.5,6000.0,6000.0,4000.0,-4.875,0.5,-9.125,700.0,0.0,0.0,0.5490000000000004,0.0,0.0,2421.0,0
0.899,6076.0,4857.0,3652.0,6069.5,4852.5,3648.5,7000.0,5000.0,4000.0,-3.375,0.5,-8.625,700.0,0.0,0.0,0.5500000000000004,0.0,0.0,2424.0,0
0.9,6082.0,4861.0,3656.0,6076.5,4857.5,3652.5,6000.0,4000.0,4000.0,-4.125,0.5,-8.875,700.0,900.0,0.0,0.5510000000000004,0.001,0.0,2426.0,0
0.901,6089.0,4866.0,3660.0,6082.5,4861.5,3656.5,7000.0,5000.0,4000.0,-5.125,0.5,-9.875,700.0,900.0,0.0,0.5520000000000004,0.002,0.0,2429.0,0
0.902,6095.0,4870.0,3664.0,6089.5,4866.5,3660.5,6000.0,4000.0,4000.0,-5.875,0.5,-10.125,700.0,900.0,0.0,0.5530000000000004,0.003,0.0,2431.0,0
0.903,6102.0,4874.0,3667.0,6095.5,4870.5,3664.5,7000.0,4000.0,3000.0,-6.875,0.5,-11.125,700.0,900.0,0.0,0.5540000000000004,0.004,0.0,2435.0,0
0.904,6109.0,4878.0,3671.0,6102.5,4874.5,3667.5,7000.0,4000.0,4000.0,-8.875,0.5,-11.125,700.0,900.0,0.0,0.5550000000000004,0.005,0.0,2438.0,0
0.905,6115.0,4883.0,3675.0,6109.5,4878.5,3671.5,6000.0,5000.0,4000.0,-10.875,0.5,-12.125,700.0,900.0,0.0,0.5560000000000004,0.006,0.0,2440.0,0
0.906,6121.0,4887.0,3678.0,6115.5,4883.5,3675.5,6000.0,4000.0,3000.0,-10.625,0.5,-12.375,700.0,900.0,0.0,0.5570000000000004,0.007,0.0,2443.0,0
0.907,6127.0,4891.0,3682.0,6121.5,4887.5,3678.5,6000.0,4000.0,4000.0,-11.625,0.5,-12.375,700.0,900.0,0.0,0.5580000000000004,0.008,0.0,2445.0,0
0.908,6133.0,4896.0,3685.0,6127.5,4891.5,3682.5,6000.0,5000.0,3000.0,-12.625,0.5,-13.375,700.0,900.0,0.0,0.5590000000000004,0.009000000000000001,0.0,2448.0,0
0.909,6139.0,4900.0,3689.0,6133.5,4896.5,3685.5,6000.0,4000.0,4000.0,-12.375,0.5,-12.625,700.0,900.0,0.0,0.5600000000000004,0.010000000000000002,0.0,2450.0,0
0.91,6145.0,4904.0,3692.0,6139.5,4900.5,3689.5,6000.0,4000.0,3000.0,-13.375,0.5,-13.625,700.0,900.0,0.0,0.5610000000000004,0.011000000000000003,0.0,2453.0,0
0.911,6151.0,4909.0,3696.0,6145.5,4904.5,3692.5,6000.0,5000.0,4000.0,-14.375,0.5,-13.625,700.0,900.0,0.0,0.5620000000000004,0.012000000000000004,0.0,2455.0,0
0.912,6157.0,4913.0,3699.0,6151.5,4909.5,3696.5,6000.0,4000.0,3000.0,-14.125,0.5,-13.875,700.0,900.0,0.0,0.5630000000000004,0.013000000000000005,0.0,2458.0,0
0.913,6163.0,4917.0,3703.0,6157.5,4913.5,3699.5,6000.0,4000.0,4000.0,-15.125,0.5,-13.875,700.0,900.0,0.0,0.5640000000000004,0.014000000000000005,0.0,2460.0,0
0.914,6169.0,4922.0,3706.0,6163.5,4917.5,3703.5,6000.0,5000.0,3000.0,-16.125,0.5,-14.875,700.0,900.0,0.0,0.5650000000000004,0.015000000000000006,0.0,2463.0,0
0.915,6175.0,4926.0,3710.0,6169.5,4922.5,3706.5,6000.0,4000.0,4000.0,-15.875,0.5,-14.125,700.0,900.0,0.0,0.5660000000000004,0.016000000000000007,0.0,2465.0,0
0.916,6181.0,4930.0,3713.0,6175.5,4926.5,3710.5,6000.0,4000.0,3000.0,-16.875,0.5,-15.125,700.0,900.0,0.0,0.5670000000000004,0.017000000000000008,0.0,2468.0,0
0.917,6186.0,4935.0,3717.0,6181.5,4930.5,3713.5,5000.0,5000.0,4000.0,-17.875,0.5,-15.125,700.0,900.0,0.0,0.5680000000000004,0.01800000000000001,0.0,2469.0,0
0.918,6192.0,4939.0,3720.0,6186.5,4935.5,3717.5,6000.0,4000.0,3000.0,-16.625,0.5,-15.375,700.0,900.0,0.0,0.5690000000000004,0.01900000000000001,0.0,2472.0,0
0.919,6198.0,4943.0,3723.0,6192.5,4939.5,3720.5,6000.0,4000.0,3000.0,-17.625,0.5,-15.375,700.0,900.0,0.0,0.5700000000000004,0.02000000000000001,0.0,2475.0,0
0.92,6203.0,4948.0,3727.0,6198.5,4943.5,3723.5,5000.0,5000.0,4000.0,-18.625,0.5,-15.375,700.0,900.0,0.0,0.5710000000000004,0.02100000000000001,0.0,2476.0,0
0.921,6209.0,4952.0,3730.0,6203.5,4948.5,3727.5,6000.0,4000.0,3000.0,-17.375,0.5,-15.625,700.0,900.0,0.0,0.5720000000000004,0.022000000000000013,0.0,2479.0,0
0.922,6215.0,4956.0,3733.0,6209.5,4952.5,3730.5,6000.0,4000.0,3000.0,-18.375,0.5,-15.625,700.0,900.0,0.0,0.5730000000000004,0.023000000000000013,0.0,2482.0,0
0.923,6220.0,4961.0,3737.0,6215.5,4956.5,3733.5,5000.0,5000.0,4000.0,-19.375,0.5,-15.625,700.0,900.0,0.0,0.5740000000000004,0.024000000000000014,0.0,2483.0,0
0.924,6226.0,4965.0,3740.0,6220.5,4961.5,3737.5,6000.0,4000.0,3000.0,-18.125,0.5,-15.875,700.0,900.0,0.0,0.5750000000000004,0.025000000000000015,0.0,2486.0,0
0.925,6232.0,4969.0,3743.0,6226.5,4965.5,3740.5,6000.0,4000.0,3000.0,-19.125,0.5,-15.875,700.0,900.0,0.0,0.5760000000000004,0.026000000000000016,0.0,2489.0,0
0.926,6237.0,4974.0,3747.0,6232.5,4969.5,3743.5,5000.0,5000.0,4000.0,-20.125,0.5,-15.875,700.0,900.0,0.0,0.5770000000000004,0.027000000000000017,0.0,2490.0,0
0.927,6243.0,4978.0,3750.0,6237.5,4974.5,3747.5,6000.0,4000.0,3000.0,-18.875,0.5,-16.125,700.0,900.0,0.0,0.5780000000000004,0.028000000000000018,0.0,2493.0,0
0.928,6248.0,4982.0,3753.0,6243.5,4978.5,3750.5,5000.0,4000.0,3000.0,-19.875,0.5,-16.125,700.0,900.0,0.0,0.5790000000000004,0.02900000000000002,0.0,2495.0,0
0.929,6254.0,4987.0,3757.0,6248.5,4982.5,3753.5,6000.0,5000.0,4000.0,-19.875,0.5,-16.125,700.0,900.0,0.0,0.5800000000000004,0.03000000000000002,0.0,2497.0,0
0.93,6259.0,4991.0,3760.0,6254.5,4987.5,3757.5,5000.0,4000.0,3000.0,-19.625,0.5,-16.375,700.0,900.0,0.0,0.5810000000000004,0.03100000000000002,0.0,2499.0,0
0.931,6265.0,4995.0,3763.0,6259.5,4991.5,3760.5,6000.0,4000.0,3000.0,-19.625,0.5,-16.375,700.0,900.0,0.0,0.5820000000000004,0.03200000000000002,0.0,2502.0,0
0.932,6270.0,5000.0,3766.0,6265.5,4995.5,3763.5,5000.0,5000.0,3000.0,-20.625,0.5,-16.375,700.0,900.0,0.0,0.5830000000000004,0.03300000000000002,0.0,2504.0,0
0.933,6276.0,5004.0,3770.0,6270.5,5000.5,3766.5,6000.0,4000.0,4000.0,-19.375,0.5,-15.625,700.0,900.0,0.0,0.5840000000000004,0.03400000000000002,0.0,2506.0,0
0.934,6281.0,5008.0,3773.0,6276.5,5004.5,3770.5,5000.0,4000.0,3000.0,-20.375,0.5,-16.625,700.0,900.0,0.0,0.5850000000000004,0.035000000000000024,0.0,2508.0,0
0.935,6287.0,5012.0,3776.0,6281.5,5008.5,3773.5,6000.0,4000.0,3000.0,-20.375,0.5,-16.625,700.0,900.0,0.0,0.5860000000000004,0.036000000000000025,0.0,2511.0,0
0.936,6292.0,5017.0,3779.0,6287.5,5012.5,3776.5,5000.0,5000.0,3000.0,-21.375,0.5,-16.625,700.0,900.0,0.0,0.5870000000000004,0.037000000000000026,0.0,2513.0,0
0.937,6297.0,5021.0,3782.0,6292.5,5017.5,3779.5,5000.0,4000.0,3000.0,-20.125,0.5,-15.875,700.0,900.0,0.0,0.5880000000000004,0.03800000000000003,0.0,2515.0,0
0.9380000000000001,6303.0,5025.0,3786.0,6297.5,5021.5,3782.5,6000.0,4000.0,4000.0,-20.125,0.5,-15.875,700.0,900.0,0.0,0.5890000000000004,0.03900000000000003,0.0,2517.0,0
0.9390000000000001,6308.0,5030.0,3789.0,6303.5,5025.5,3786.5,5000.0,5000.0,3000.0,-21.125,0.5,-16.875,700.0,900.0,0.0,0.5900000000000004,0.04000000000000003,0.0,2519.0,0
0.9400000000000001,6314.0,5034.0,3792.0,6308.5,5030.5,3789.5,6000.0,4000.0,3000.0,-19.875,0.5,-16.125,700.0,900.0,0.0,0.5910000000000004,0.04100000000000003,0.0,2522.0,0
0.9410000000000001,6319.0,5038.0,3795.0,6314.5,5034.5,3792.5,5000.0,4000.0,3000.0,-20.875,0.5,-16.125,700.0,900.0,0.0,0.5920000000000004,0.04200000000000003,0.0,2524.0,0
0.9420000000000001,6324.0,5043.0,3798.0,6319.5,5038.5,3795.5,5000.0,5000.0,3000.0,-20.875,0.5,-16.125,700.0,900.0,0.0,0.5930000000000004,0.04300000000000003,0.0,2526.0,0
0.9430000000000001,6330.0,5047.0,3801.0,6324.5,5043.5,3798.5,6000.0,4000.0,3000.0,-19.625,0.5,-15.375,700.0,900.0,0.0,0.5940000000000004,0.04400000000000003,0.0,2529.0,0
0.9440000000000001,6335.0,5051.0,3804.0,6330.5,5047.5,3801.5,5000.0,4000.0,3000.0,-20.625,0.5,-15.375,700.0,900.0,0.0,0.5950000000000004,0.04500000000000003,0.0,2531.0,0
0.9450000000000001,6340.0,5056.0,3808.0,6335.5,5051.5,3804.5,5000.0,5000.0,4000.0,-20.625,0.5,-15.375,700.0,900.0,0.0,0.5960000000000004,0.046000000000000034,0.0,2532.0,0
0.9460000000000001,6346.0,5060.0,3811.0,6340.5,5056.5,3808.5,6000.0,4000.0,3000.0,-19.375,0.5,-15.625,700.0,900.0,0.0,0.5970000000000004,0.047000000000000035,0.0,2535.0,0
0.9470000000000001,6351.0,5064.0,3814.0,6346.5,5060.5,3811.5,5000.0,4000.0,3000.0,-20.375,0.5,-15.625,700.0,900.0,0.0,0.5980000000000004,0.048000000000000036,0.0,2537.0,0
0.9480000000000001,6356.0,5069.0,3817.0,6351.5,5064.5,3814.5,5000.0,5000.0,3000.0,-20.375,0.5,-15.625,700.0,900.0,0.0,0.5990000000000004,0.04900000000000004,0.0,2539.0,0
0.9490000000000001,6361.0,5073.0,3820.0,6356.5,5069.5,3817.5,5000.0,4000.0,3000.0,-19.125,0.5,-14.875,700.0,900.0,0.0,0.6000000000000004,0.05000000000000004,0.0,2541.0,0
0.9500000000000001,6367.0,5077.0,3823.0,6361.5,5073.5,3820.5,6000.0,4000.0,3000.0,-19.125,0.5,-14.875,700.0,900.0,0.0,0.6010000000000004,0.05100000000000004,0.0,2544.0,0
0.9510000000000001,6372.0,5082.0,3826.0,6367.5,5077.5,3823.5,5000.0,5000.0,3000.0,-20.125,0.5,-14.875,700.0,900.0,0.0,0.6020000000000004,0.05200000000000004,0.0,2546.0,0
0.9520000000000001,6377.0,5086.0,3829.0,6372.5,5082.5,3826.5,5000.0,4000.0,3000.0,-18.875,0.5,-14.125,700.0,900.0,0.0,0.6030000000000004,0.05300000000000004,0.0,2548.0,0
0.9530000000000001,6382.0,5090.0,3832.0,6377.5,5086.5,3829.5,5000.0,4000.0,3000.0,-18.875,0.5,-14.125,700.0,900.0,0.0,0.6040000000000004,0.05400000000000004,0.0,2550.0,0
0.9540000000000001,6388.0,5095.0,3836.0,6382.5,5090.5,3832.5,6000.0,5000.0,4000.0,-18.875,0.5,-14.125,700.0,900.0,0.0,0.6050000000000004,0.05500000000000004,0.0,2552.0,0
0.9550000000000001,6393.0,5099.0,3839.0,6388.5,5095.5,3836.5,5000.0,4000.0,3000.0,-18.625,0.5,-14.375,700.0,900.0,0.0,0.6060000000000004,0.05600000000000004,0.0,2554.0,0
0.9560000000000001,6398.0,5103.0,3842.0,6393.5,5099.5,3839.5,5000.0,4000.0,3000.0,-18.625,0.5,-14.375,700.0,900.0,0.0,0.6070000000000004,0.057000000000000044,0.0,2556.0,0
0.9570000000000001,6403.0,5108.0,3845.0,6398.5,5103.5,3842.5,5000.0,5000.0,3000.0,-18.625,0.5,-14.375,700.0,900.0,0.0,0.6080000000000004,0.058000000000000045,0.0,2558.0,0
0.9580000000000001,6409.0,5112.0,3848.0,6403.5,5108.5,3845.5,6000.0,4000.0,3000.0,-17.375,0.5,-13.625,700.0,900.0,0.0,0.6090000000000004,0.059000000000000045,0.0,2561.0,0
0.9590000000000001,6414.0,5116.0,3851.0,6409.5,5112.5,3848.5,5000.0,4000.0,3000.0,-18.375,0.5,-13.625,700.0,900.0,0.0,0.6100000000000004,0.060000000000000046,0.0,2563.0,0
0.96,6419.0,5121.0,3854.0,6414.5,5116.5,3851.5,5000.0,5000.0,3000.0,-18.375,0.5,-13.625,700.0,900.0,0.0,0.6110000000000004,0.06100000000000005,0.0,2565.0,0
0.961,6424.0,5125.0,3857.0,6419.5,5121.5,3854.5,5000.0,4000.0,3000.0,-17.125,0.5,-12.875,700.0,900.0,0.0,0.6120000000000004,0.06200000000000005,0.0,2567.0,0
0.962,6430.0,5129.0,3860.0,6424.5,5125.5,3857.5,6000.0,4000.0,3000.0,-17.125,0.5,-12.875,700.0,900.0,0.0,0.6130000000000004,0.06300000000000004,0.0,2570.0,0
0.963,6435.0,5133.0,3863.0,6430.5,5129.5,3860.5,5000.0,4000.0,3000.0,-18.125,0.5,-12.875,700.0,900.0,0.0,0.6140000000000004,0.06400000000000004,0.0,2572.0,0
0.964,6440.0,5138.0,3866.0,6435.5,5133.5,3863.5,5000.0,5000.0,3000.0,-18.125,0.5,-12.875,700.0,900.0,0.0,0.6150000000000004,0.06500000000000004,0.0,2574.0,0
0.965,6445.0,5142.0,3869.0,6440.5,5138.5,3866.5,5000.0,4000.0,3000.0,-16.875,0.5,-12.125,700.0,900.0,0.0,0.6160000000000004,0.06600000000000004,0.0,2576.0,0
0.966,6450.0,5146.0,3872.0,6445.5,5142.5,3869.5,5000.0,4000.0,3000.0,-16.875,0.5,-12.125,700.0,900.0,0.0,0.6170000000000004,0.06700000000000005,0.0,2578.0,0
0.967,6456.0,5151.0,3875.0,6450.5,5146.5,3872.5,6000.0,5000.0,3000.0,-16.875,0.5,-12.125,700.0,900.0,0.0,0.6180000000000004,0.06800000000000005,0.0,2581.0,0
0.968,6461.0,5155.0,3878.0,6456.5,5151.5,3875.5,5000.0,4000.0,3000.0,-16.625,0.5,-11.375,700.0,900.0,0.0,0.6190000000000004,0.06900000000000005,0.0,2583.0,0
0.969,6466.0,5159.0,3881.0,6461.5,5155.5,3878.5,5000.0,4000.0,3000.0,-16.625,0.5,-11.375,700.0,900.0,0.0,0.6200000000000004,0.07000000000000005,0.0,2585.0,0
0.97,6471.0,5164.0,3884.0,6466.5,5159.5,3881.5,5000.0,5000.0,3000.0,-16.625,0.5,-11.375,700.0,900.0,0.0,0.6210000000000004,0.07100000000000005,0.0,2587.0,0
0.971,6476.0,5168.0,3887.0,6471.5,5164.5,3884.5,5000.0,4000.0,3000.0,-15.375,0.5,-10.625,700.0,900.0,0.0,0.6220000000000004,0.07200000000000005,0.0,2589.0,0
0.972,6482.0,5172.0,3890.0,6476.5,5168.5,3887.5,6000.0,4000.0,3000.0,-15.375,0.5,-10.625,700.0,900.0,0.0,0.6230000000000004,0.07300000000000005,0.0,2592.0,0
0.973,6487.0,5177.0,3893.0,6482.5,5172.5,3890.5,5000.0,5000.0,3000.0,-16.375,0.5,-10.625,700.0,900.0,0.0,0.6240000000000004,0.07400000000000005,0.0,2594.0,0
0.974,6492.0,5181.0,3897.0,6487.5,5177.5,3893.5,5000.0,4000.0,4000.0,-15.125,0.5,-9.875,700.0,900.0,0.0,0.6250000000000004,0.07500000000000005,0.0,2595.0,0
0.975,6497.0,5185.0,3900.0,6492.5,5181.5,3897.5,5000.0,4000.0,3000.0,-15.125,0.5,-10.875,700.0,900.0,0.0,0.6260000000000004,0.07600000000000005,0.0,2597.0,0
0.976,6502.0,5190.0,3903.0,6497.5,5185.5,3900.5,5000.0,5000.0,3000.0,-15.125,0.5,-10.875,700.0,900.0,0.0,0.6270000000000004,0.07700000000000005,0.0,2599.0,0
0.977,6508.0,5194.0,3906.0,6502.5,5190.5,3903.5,6000.0,4000.0,3000.0,-13.875,0.5,-10.125,700.0,900.0,0.0,0.6280000000000004,0.07800000000000006,0.0,2602.0,0
0.978,6513.0,5198.0,3909.0,6508.5,5194.5,3906.5,5000.0,4000.0,3000.0,-14.875,0.5,-10.125,700.0,900.0,0.0,0.6290000000000004,0.07900000000000006,0.0,2604.0,0
0.979,6518.0,5203.0,3912.0,6513.5,5198.5,3909.5,5000.0,5000.0,3000.0,-14.875,0.5,-10.125,700.0,900.0,0.0,0.6300000000000004,0.08000000000000006,0.0,2606.0,0
0.98,6523.0,5207.0,3915.0,6518.5,5203.5,3912.5,5000.0,4000.0,3000.0,-13.625,0.5,-9.375,700.0,900.0,0.0,0.6310000000000004,0.08100000000000006,0.0,2608.0,0
0.981,6528.0,5211.0,3918.0,6523.5,5207.5,3915.5,5000.0,4000.0,3000.0,-13.625,0.5,-9.375,700.0,900.0,0.0,0.6320000000000005,0.08200000000000006,0.0,2610.0,0
0.982,6533.0,5216.0,3922.0,6528.5,5211.5,3918.5,5000.0,5000.0,4000.0,-13.625,0.5,-9.375,700.0,900.0,0.0,0.6330000000000005,0.08300000000000006,0.0,2611.0,0
0.983,6539.0,5220.0,3925.0,6533.5,5216.5,3922.5,6000.0,4000.0,3000.0,-12.375,0.5,-9.625,700.0,900.0,0.0,0.6340000000000005,0.08400000000000006,0.0,2614.0,0
0.984,6544.0,5224.0,3928.0,6539.5,5220.5,3925.5,5000.0,4000.0,3000.0,-13.375,0.5,-9.625,700.0,900.0,0.0,0.6350000000000005,0.08500000000000006,0.0,2616.0,0
0.985,6549.0,5229.0,3931.0,6544.5,5224.5,3928.5,5000.0,5000.0,3000.0,-13.375,0.5,-9.625,700.0,900.0,0.0,0.6360000000000005,0.08600000000000006,0.0,2618.0,0
0.986,6554.0,5233.0,3935.0,6549.5,5229.5,3931.5,5000.0,4000.0,4000.0,-12.125,0.5,-8.875,700.0,900.0,0.0,0.6370000000000005,0.08700000000000006,0.0,2619.0,0
0.987,6559.0,5237.0,3938.0,6554.5,5233.5,3935.5,5000.0,4000.0,3000.0,-12.125,0.5,-9.875,700.0,900.0,0.0,0.6380000000000005,0.08800000000000006,0.0,2621.0,0
0.988,6565.0,5242.0,3941.0,6559.5,5237.5,3938.5,6000.0,5000.0,3000.0,-12.125,0.5,-9.875,700.0,900.0,0.0,0.6390000000000005,0.08900000000000007,0.0,2624.0,0
0.989,6570.0,5246.0,3944.0,6565.5,5242.5,3941.5,5000.0,4000.0,3000.0,-11.875,0.5,-9.125,700.0,900.0,0.0,0.6400000000000005,0.09000000000000007,0.0,2626.0,0
0.99,6575.0,5250.0,3948.0,6570.5,5246.5,3944.5,5000.0,4000.0,4000.0,-11.875,0.5,-9.125,700.0,900.0,0.0,0.6410000000000005,0.09100000000000007,0.0,2627.0,0
0.991,6580.0,5255.0,3951.0,6575.5,5250.5,3948.5,5000.0,5000.0,3000.0,-11.875,0.5,-10.125,700.0,900.0,0.0,0.6420000000000005,0.09200000000000007,0.0,2629.0,0
0.992,6585.0,5259.0,3954.0,6580.5,5255.5,3951.5,5000.0,4000.0,3000.0,-10.625,0.5,-9.375,700.0,900.0,0.0,0.6430000000000005,0.09300000000000007,0.0,2631.0,0
0.993,6591.0,5263.0,3957.0,6585.5,5259.5,3954.5,6000.0,4000.0,3000.0,-10.625,0.5,-9.375,700.0,900.0,0.0,0.6440000000000005,0.09400000000000007,0.0,2634.0,0
0.994,6596.0,5267.0,3961.0,6591.5,5263.5,3957.5,5000.0,4000.0,4000.0,-11.625,0.5,-9.375,700.0,900.0,0.0,0.6450000000000005,0.09500000000000007,0.0,2635.0,0
0.995,6601.0,5272.0,3964.0,6596.5,5267.5,3961.5,5000.0,5000.0,3000.0,-11.625,0.5,-10.375,700.0,900.0,0.0,0.6460000000000005,0.09600000000000007,0.0,2637.0,0
0.996,6606.0,5276.0,3967.0,6601.5,5272.5,3964.5,5000.0,4000.0,3000.0,-10.375,0.5,-9.625,700.0,900.0,0.0,0.6470000000000005,0.09700000000000007,0.0,2639.0,0
0.997,6611.0,5280.0,3970.0,6606.5,5276.5,3967.5,5000.0,4000.0,3000.0,-10.375,0.5,-9.625,700.0,900.0,0.0,0.6480000000000005,0.09800000000000007,0.0,2641.0,0
0.998,6617.0,5285.0,3973.0,6611.5,5280.5,3970.5,6000.0,5000.0,3000.0,-10.375,0.5,-9.625,700.0,900.0,0.0,0.6490000000000005,0.09900000000000007,0.0,2644.0,0
0.999,6622.0,5289.0,3977.0,6617.5,5285.5,3973.5,5000.0,4000.0,4000.0,-10.125,0.5,-8.875,700.0,900.0,0.0,0.6500000000000005,0.10000000000000007,0.0,2645.0,0
1.0,6627.0,5293.0,3980.0,6622.5,5289.5,3977.5,5000.0,4000.0,3000.0,-10.125,0.5,-9.875,700.0,900.0,0.0,0.6510000000000005,0.10100000000000008,0.0,2647.0,0
1.0010000000000001,6632.0,5298.0,3983.0,6627.5,5293.5,3980.5,5000.0,5000.0,3000.0,-10.125,0.5,-9.875,700.0,900.0,0.0,0.6520000000000005,0.10200000000000008,0.0,2649.0,0
1.002,6638.0,5302.0,3986.0,6632.5,5298.5,3983.5,6000.0,4000.0,3000.0,-8.875,0.5,-9.125,700.0,900.0,0.0,0.6530000000000005,0.10300000000000008,0.0,2652.0,0
1.0030000000000001,6643.0,5306.0,3990.0,6638.5,5302.5,3986.5,5000.0,4000.0,4000.0,-9.875,0.5,-9.125,700.0,900.0,0.0,0.6540000000000005,0.10400000000000008,0.0,2653.0,0
1.004,6649.0,5311.0,3993.0,6643.5,5306.5,3990.5,6000.0,5000.0,3000.0,-9.875,0.5,-10.125,700.0,900.0,0.0,0.6550000000000005,0.10500000000000008,0.0,2656.0,0
1.0050000000000001,6654.0,5315.0,3996.0,6649.5,5311.5,3993.5,5000.0,4000.0,3000.0,-9.625,0.5,-9.375,700.0,900.0,0.0,0.6560000000000005,0.10600000000000008,0.0,2658.0,0
1.006,6660.0,5319.0,3999.0,6654.5,5315.5,3996.5,6000.0,4000.0,3000.0,-9.625,0.5,-9.375,700.0,900.0,0.0,0.6570000000000005,0.10700000000000008,0.0,2661.0,0
1.0070000000000001,6665.0,5324.0,4002.0,6660.5,5319.5,3999.5,5000.0,5000.0,3000.0,-10.625,0.5,-9.375,700.0,900.0,0.0,0.6580000000000005,0.10800000000000008,0.0,2663.0,0
1.008,6671.0,5328.0,4006.0,6665.5,5324.5,4002.5,6000.0,4000.0,4000.0,-9.375,0.5,-8.625,700.0,900.0,0.0,0.6590000000000005,0.10900000000000008,0.0,2665.0,0
1.0090000000000001,6676.0,5332.0,4009.0,6671.5,5328.5,4006.5,5000.0,4000.0,3000.0,-10.375,0.5,-9.625,700.0,900.0,0.0,0.6600000000000005,0.11000000000000008,0.0,2667.0,0
1.01,6681.0,5337.0,4012.0,6676.5,5332.5,4009.5,5000.0,5000.0,3000.0,-10.375,0.5,-9.625,700.0,900.0,0.0,0.6610000000000005,0.11100000000000008,0.0,2669.0,0
1.0110000000000001,6687.0,5341.0,4015.0,6681.5,5337.5,4012.5,6000.0,4000.0,3000.0,-9.125,0.5,-8.875,700.0,900.0,0.0,0.6620000000000005,0.11200000000000009,0.0,2672.0,0
1.012,6692.0,5345.0,4019.0,6687.5,5341.5,4015.5,5000.0,4000.0,4000.0,-10.125,0.5,-8.875,700.0,900.0,0.0,0.6630000000000005,0.11300000000000009,0.0,2673.0,0
1.0130000000000001,6697.0,5350.0,4022.0,6692.5,5345.5,4019.5,5000.0,5000.0,3000.0,-10.125,0.5,-9.875,700.0,900.0,0.0,0.6640000000000005,0.11400000000000009,0.0,2675.0,0
1.014,6703.0,5354.0,4025.0,6697.5,5350.5,4022.5,6000.0,4000.0,3000.0,-8.875,0.5,-9.125,700.0,900.0,0.0,0.6650000000000005,0.11500000000000009,0.0,2678.0,0
1.0150000000000001,6708.0,5358.0,4028.0,6703.5,5354.5,4025.5,5000.0,4000.0,3000.0,-9.875,0.5,-9.125,700.0,900.0,0.0,0.6660000000000005,0.11600000000000009,0.0,2680.0,0
1.016,6714.0,5363.0,4032.0,6708.5,5358.5,4028.5,6000.0,5000.0,4000.0,-9.875,0.5,-9.125,700.0,900.0,0.0,0.6670000000000005,0.11700000000000009,0.0,2682.0,0
1.0170000000000001,6719.0,5367.0,4035.0,6714.5,5363.5,4032.5,5000.0,4000.0,3000.0,-9.625,0.5,-9.375,700.0,900.0,0.0,0.6680000000000005,0.11800000000000009,0.0,2684.0,0
1.018,6725.0,5371.0,4038.0,6719.5,5367.5,4035.5,6000.0,4000.0,3000.0,-9.625,0.5,-9.375,700.0,900.0,0.0,0.6690000000000005,0.11900000000000009,0.0,2687.0,0
1.0190000000000001,6730.0,5376.0,4041.0,6725.5,5371.5,4038.5,5000.0,5000.0,3000.0,-10.625,0.5,-9.375,700.0,900.0,0.0,0.6700000000000005,0.12000000000000009,0.0,2689.0,0
1.02,6736.0,5380.0,4045.0,6730.5,5376.5,4041.5,6000.0,4000.0,4000.0,-9.375,0.5,-8.625,700.0,900.0,0.0,0.6710000000000005,0.1210000000000001,0.0,2691.0,0
1.0210000000000001,6741.0,5384.0,4048.0,6736.5,5380.5,4045.5,5000.0,4000.0,3000.0,-10.375,0.5,-9.625,700.0,900.0,0.0,0.6720000000000005,0.1220000000000001,0.0,2693.0,0
1.022,6746.0,5388.0,4051.0,6741.5,5384.5,4048.5,5000.0,4000.0,3000.0,-10.375,0.5,-9.625,700.0,900.0,0.0,0.6730000000000005,0.1230000000000001,0.0,2695.0,0
1.0230000000000001,6751.0,5393.0,4054.0,6746.5,5388.5,4051.5,5000.0,5000.0,3000.0,-10.375,0.5,-9.625,700.0,900.0,0.0,0.6740000000000005,0.1240000000000001,0.0,2697.0,0
1.024,6757.0,5397.0,4058.0,6751.5,5393.5,4054.5,6000.0,4000.0,4000.0,-9.125,0.5,-8.875,700.0,900.0,0.0,0.6750000000000005,0.12500000000000008,0.0,2699.0,0
1.025,6762.0,5401.0,4061.0,6757.5,5397.5,4058.5,5000.0,4000.0,3000.0,-10.125,0.5,-9.875,700.0,900.0,0.0,0.6760000000000005,0.12600000000000008,0.0,2701.0,0
1.026,6767.0,5406.0,4064.0,6762.5,5401.5,4061.5,5000.0,5000.0,3000.0,-10.125,0.5,-9.875,700.0,900.0,0.0,0.6770000000000005,0.12700000000000009,0.0,2703.0,0
1.027,6772.0,5410.0,4067.0,6767.5,5406.5,4064.5,5000.0,4000.0,3000.0,-8.875,0.5,-9.125,700.0,900.0,0.0,0.6780000000000005,0.12800000000000009,0.0,2705.0,0
1.028,6778.0,5414.0,4071.0,6772.5,5410.5,4067.5,6000.0,4000.0,4000.0,-8.875,0.5,-9.125,700.0,900.0,0.0,0.6790000000000005,0.1290000000000001,0.0,2707.0,0
1.029,6783.0,5419.0,4074.0,6778.5,5414.5,4071.5,5000.0,5000.0,3000.0,-9.875,0.5,-10.125,700.0,900.0,0.0,0.6800000000000005,0.1300000000000001,0.0,2709.0,0
1.03,6789.0,5423.0,4077.0,6783.5,5419.5,4074.5,6000.0,4000.0,3000.0,-8.625,0.5,-9.375,700.0,900.0,0.0,0.6810000000000005,0.1310000000000001,0.0,2712.0,0
1.031,6794.0,5427.0,4080.0,6789.5,5423.5,4077.5,5000.0,4000.0,3000.0,-9.625,0.5,-9.375,700.0,900.0,0.0,0.6820000000000005,0.1320000000000001,0.0,2714.0,0
1.032,6800.0,5432.0,4083.0,6794.5,5427.5,4080.5,6000.0,5000.0,3000.0,-9.625,0.5,-9.375,700.0,900.0,0.0,0.6830000000000005,0.1330000000000001,0.0,2717.0,0
1.033,6805.0,5436.0,4087.0,6800.5,5432.5,4083.5,5000.0,4000.0,4000.0,-9.375,0.5,-8.625,700.0,900.0,0.0,0.6840000000000005,0.1340000000000001,0.0,2718.0,0
1.034,6811.0,5440.0,4090.0,6805.5,5436.5,4087.5,6000.0,4000.0,3000.0,-9.375,0.5,-9.625,700.0,900.0,0.0,0.6850000000000005,0.1350000000000001,0.0,2721.0,0
1.035,6816.0,5445.0,4093.0,6811.5,5440.5,4090.5,5000.0,5000.0,3000.0,-10.375,0.5,-9.625,700.0,900.0,0.0,0.6860000000000005,0.1360000000000001,0.0,2723.0,0
1.036,6822.0,5449.0,4096.0,6816.5,5445.5,4093.5,6000.0,4000.0,3000.0,-9.125,0.5,-8.875,700.0,900.0,0.0,0.6870000000000005,0.1370000000000001,0.0,2726.0,0
1.037,6827.0,5453.0,4100.0,6822.5,5449.5,4096.5,5000.0,4000.0,4000.0,-10.125,0.5,-8.875,700.0,900.0,0.0,0.6880000000000005,0.1380000000000001,0.0,2727.0,0
1.038,6832.0,5458.0,4103.0,6827.5,5453.5,4100.5,5000.0,5000.0,3000.0,-10.125,0.5,-9.875,700.0,900.0,0.0,0.6890000000000005,0.1390000000000001,0.0,2729.0,0
1.039,6838.0,5462.0,4106.0,6832.5,5458.5,4103.5,6000.0,4000.0,3000.0,-8.875,0.5,-9.125,700.0,900.0,0.0,0.6900000000000005,0.1400000000000001,0.0,2732.0,0
1.04,6843.0,5466.0,4109.0,6838.5,5462.5,4106.5,5000.0,4000.0,3000.0,-9.875,0.5,-9.125,700.0,900.0,0.0,0.6910000000000005,0.1410000000000001,0.0,2734.0,0
1.041,6849.0,5471.0,4112.0,6843.5,5466.5,4109.5,6000.0,5000.0,3000.0,-9.875,0.5,-9.125,700.0,900.0,0.0,0.6920000000000005,0.1420000000000001,0.0,2737.0,0
1.042,6854.0,5475.0,4116.0,6849.5,5471.5,4112.5,5000.0,4000.0,4000.0,-9.625,0.5,-8.375,700.0,900.0,0.0,0.6930000000000005,0.1430000000000001,0.0,2738.0,0
1.043,6860.0,5479.0,4119.0,6854.5,5475.5,4116.5,6000.0,4000.0,3000.0,-9.625,0.5,-9.375,700.0,900.0,0.0,0.6940000000000005,0.1440000000000001,0.0,2741.0,0
1.044,6865.0,5484.0,4122.0,6860.5,5479.5,4119.5,5000.0,5000.0,3000.0,-10.625,0.5,-9.375,700.0,900.0,0.0,0.6950000000000005,0.1450000000000001,0.0,2743.0,0
1.045,6870.0,5488.0,4125.0,6865.5,5484.5,4122.5,5000.0,4000.0,3000.0,-9.375,0.5,-8.625,700.0,900.0,0.0,0.6960000000000005,0.1460000000000001,0.0,2745.0,0
1.046,6876.0,5492.0,4129.0,6870.5,5488.5,4125.5,6000.0,4000.0,4000.0,-9.375,0.5,-8.625,700.0,900.0,0.0,0.6970000000000005,0.1470000000000001,0.0,2747.0,0
1.047,6881.0,5497.0,4132.0,6876.5,5492.5,4129.5,5000.0,5000.0,3000.0,-10.375,0.5,-9.625,700.0,900.0,0.0,0.6980000000000005,0.1480000000000001,0.0,2749.0,0
1.048,6887.0,5501.0,4135.0,6881.5,5497.5,4132.5,6000.0,4000.0,3000.0,-9.125,0.5,-8.875,700.0,900.0,0.0,0.6990000000000005,0.1490000000000001,0.0,2752.0,0
1.049,6892.0,5505.0,4138.0,6887.5,5501.5,4135.5,5000.0,4000.0,3000.0,-10.125,0.5,-8.875,700.0,900.0,0.0,0.7000000000000005,0.1500000000000001,0.0,2754.0,0
1.05,6897.0,5510.0,4142.0,6892.5,5505.5,4138.5,5000.0,5000.0,4000.0,-10.125,0.5,-8.875,700.0,900.0,0.0,0.7010000000000005,0.1510000000000001,0.0,2755.0,0
1.051,6902.0,5514.0,4145.0,6897.5,5510.5,4142.5,5000.0,4000.0,3000.0,-8.875,0.5,-9.125,700.0,900.0,0.0,0.7020000000000005,0.1520000000000001,0.0,2757.0,0
1.052,6908.0,5518.0,4148.0,6902.5,5514.5,4145.5,6000.0,4000.0,3000.0,-8.875,0.5,-9.125,700.0,900.0,0.0,0.7030000000000005,0.1530000000000001,0.0,2760.0,0
1.053,6913.0,5522.0,4151.0,6908.5,5518.5,4148.5,5000.0,4000.0,3000.0,-9.875,0.5,-9.125,700.0,900.0,0.0,0.7040000000000005,0.1540000000000001,0.0,2762.0,0
1.054,6919.0,5527.0,4155.0,6913.5,5522.5,4151.5,6000.0,5000.0,4000.0,-9.875,0.5,-9.125,700.0,900.0,0.0,0.7050000000000005,0.1550000000000001,0.0,2764.0,0
1.055,6924.0,5531.0,4158.0,6919.5,5527.5,4155.5,5000.0,4000.0,3000.0,-9.625,0.5,-9.375,700.0,900.0,0.0,0.7060000000000005,0.1560000000000001,0.0,2766.0,0
1.056,6930.0,5535.0,4161.0,6924.5,5531.5,4158.5,6000.0,4000.0,3000.0,-9.625,0.5,-9.375,700.0,900.0,0.0,0.7070000000000005,0.1570000000000001,0.0,2769.0,0
1.057,6935.0,5540.0,4164.0,6930.5,5535.5,4161.5,5000.0,5000.0,3000.0,-10.625,0.5,-9.375,700.0,900.0,0.0,0.7080000000000005,0.1580000000000001,0.0,2771.0,0
1.058,6940.0,5544.0,4168.0,6935.5,5540.5,4164.5,5000.0,4000.0,4000.0,-9.375,0.5,-8.625,700.0,900.0,0.0,0.7090000000000005,0.1590000000000001,0.0,2772.0,0
1.059,6946.0,5548.0,4171.0,6940.5,5544.5,4168.5,6000.0,4000.0,3000.0,-9.375,0.5,-9.625,700.0,900.0,0.0,0.7100000000000005,0.16000000000000011,0.0,2775.0,0
1.06,6951.0,5553.0,4174.0,6946.5,5548.5,4171.5,5000.0,5000.0,3000.0,-10.375,0.5,-9.625,700.0,900.0,0.0,0.7110000000000005,0.16100000000000012,0.0,2777.0,0
1.061,6957.0,5557.0,4177.0,6951.5,5553.5,4174.5,6000.0,4000.0,3000.0,-9.125,0.5,-8.875,700.0,900.0,0.0,0.7120000000000005,0.16200000000000012,0.0,2780.0,0
1.062,6962.0,5561.0,4181.0,6957.5,5557.5,4177.5,5000.0,4000.0,4000.0,-10.125,0.5,-8.875,700.0,900.0,0.0,0.7130000000000005,0.16300000000000012,0.0,2781.0,0
1.063,6967.0,5566.0,4184.0,6962.5,5561.5,4181.5,5000.0,5000.0,3000.0,-10.125,0.5,-9.875,700.0,900.0,0.0,0.7140000000000005,0.16400000000000012,0.0,2783.0,0
1.064,6972.0,5570.0,4187.0,6967.5,5566.5,4184.5,5000.0,4000.0,3000.0,-8.875,0.5,-9.125,700.0,900.0,0.0,0.7150000000000005,0.16500000000000012,0.0,2785.0,0
1.065,6978.0,5574.0,4190.0,6972.5,5570.5,4187.5,6000.0,4000.0,3000.0,-8.875,0.5,-9.125,700.0,900.0,0.0,0.7160000000000005,0.16600000000000012,0.0,2788.0,0
1.066,6983.0,5579.0,4193.0,6978.5,5574.5,4190.5,5000.0,5000.0,3000.0,-9.875,0.5,-9.125,700.0,900.0,0.0,0.7170000000000005,0.16700000000000012,0.0,2790.0,0
1.067,6989.0,5583.0,4197.0,6983.5,5579.5,4193.5,6000.0,4000.0,4000.0,-8.625,0.5,-8.375,700.0,900.0,0.0,0.7180000000000005,0.16800000000000012,0.0,2792.0,0
1.068,6994.0,5587.0,4200.0,6989.5,5583.5,4197.5,5000.0,4000.0,3000.0,-9.625,0.5,-9.375,700.0,900.0,0.0,0.7190000000000005,0.16900000000000012,0.0,2794.0,0
1.069,7000.0,5592.0,4203.0,6994.5,5587.5,4200.5,6000.0,5000.0,3000.0,-9.625,0.5,-9.375,700.0,900.0,0.0,0.7200000000000005,0.17000000000000012,0.0,2797.0,0
1.07,7005.0,5596.0,4206.0,7000.5,5592.5,4203.5,5000.0,4000.0,3000.0,-9.375,0.5,-8.625,700.0,900.0,0.0,0.7210000000000005,0.17100000000000012,0.0,2799.0,0
1.071,7010.0,5600.0,4210.0,7005.5,5596.5,4206.5,5000.0,4000.0,4000.0,-9.375,0.5,-8.625,700.0,900.0,0.0,0.7220000000000005,0.17200000000000013,0.0,2800.0,0
1.072,7016.0,5605.0,4213.0,7010.5,5600.5,4210.5,6000.0,5000.0,3000.0,-9.375,0.5,-9.625,700.0,900.0,0.0,0.7230000000000005,0.17300000000000013,0.0,2803.0,0
1.073,7021.0,5609.0,4216.0,7016.5,5605.5,4213.5,5000.0,4000.0,3000.0,-9.125,0.5,-8.875,700.0,900.0,0.0,0.7240000000000005,0.17400000000000013,0.0,2805.0,0
1.074,7027.0,5613.0,4219.0,7021.5,5609.5,4216.5,6000.0,4000.0,3000.0,-9.125,0.5,-8.875,700.0,900.0,0.0,0.7250000000000005,0.17500000000000013,0.0,2808.0,0
1.075,7032.0,5618.0,4223.0,7027.5,5613.5,4219.5,5000.0,5000.0,4000.0,-10.125,0.5,-8.875,700.0,900.0,0.0,0.7260000000000005,0.17600000000000013,0.0,2809.0,0
1.076,7038.0,5622.0,4226.0,7032.5,5618.5,4223.5,6000.0,4000.0,3000.0,-8.875,0.5,-9.125,700.0,900.0,0.0,0.7270000000000005,0.17700000000000013,0.0,2812.0,0
1.077,7043.0,5626.0,4229.0,7038.5,5622.5,4226.5,5000.0,4000.0,3000.0,-9.875,0.5,-9.125,700.0,900.0,0.0,0.7280000000000005,0.17800000000000013,0.0,2814.0,0
1.078,7048.0,5631.0,4232.0,7043.5,5626.5,4229.5,5000.0,5000.0,3000.0,-9.875,0.5,-9.125,700.0,900.0,0.0,0.7290000000000005,0.17900000000000013,0.0,2816.0,0
1.079,7054.0,5635.0,4236.0,7048.5,5631.5,4232.5,6000.0,4000.0,4000.0,-8.625,0.5,-8.375,700.0,900.0,0.0,0.7300000000000005,0.18000000000000013,0.0,2818.0,0
1.08,7059.0,5639.0,4239.0,7054.5,5635.5,4236.5,5000.0,4000.0,3000.0,-9.625,0.5,-9.375,700.0,900.0,0.0,0.7310000000000005,0.18100000000000013,0.0,2820.0,0
1.081,7065.0,5643.0,4242.0,7059.5,5639.5,4239.5,6000.0,4000.0,3000.0,-9.625,0.5,-9.375,700.0,900.0,0.0,0.7320000000000005,0.18200000000000013,0.0,2823.0,0
1.082,7070.0,5648.0,4245.0,7065.5,5643.5,4242.5,5000.0,5000.0,3000.0,-10.625,0.5,-9.375,700.0,900.0,0.0,0.7330000000000005,0.18300000000000013,0.0,2825.0,0
1.083,7075.0,5652.0,4249.0,7070.5,5648.5,4245.5,5000.0,4000.0,4000.0,-9.375,0.5,-8.625,700.0,900.0,0.0,0.7340000000000005,0.18400000000000014,0.0,2826.0,0
1.084,7081.0,5656.0,4252.0,7075.5,5652.5,4249.5,6000.0,4000.0,3000.0,-9.375,0.5,-9.625,700.0,900.0,0.0,0.7350000000000005,0.18500000000000014,0.0,2829.0,0
1.085,7086.0,5661.0,4255.0,7081.5,5656.5,4252.5,5000.0,5000.0,3000.0,-10.375,0.5,-9.625,700.0,900.0,0.0,0.7360000000000005,0.18600000000000014,0.0,2831.0,0
1.086,7092.0,5665.0,4258.0,7086.5,5661.5,4255.5,6000.0,4000.0,3000.0,-9.125,0.5,-8.875,700.0,900.0,0.0,0.7370000000000005,0.18700000000000014,0.0,2834.0,0
1.087,7097.0,5669.0,4262.0,7092.5,5665.5,4258.5,5000.0,4000.0,4000.0,-10.125,0.5,-8.875,700.0,900.0,0.0,0.7380000000000005,0.18800000000000014,0.0,2835.0,0
1.088,7102.0,5674.0,4265.0,7097.5,5669.5,4262.5,5000.0,5000.0,3000.0,-10.125,0.5,-9.875,700.0,900.0,0.0,0.7390000000000005,0.18900000000000014,0.0,2837.0,0
1.089,7107.0,5678.0,4268.0,7102.5,5674.5,4265.5,5000.0,4000.0,3000.0,-8.875,0.5,-9.125,700.0,900.0,0.0,0.7400000000000005,0.19000000000000014,0.0,2839.0,0
1.09,7113.0,5682.0,4271.0,7107.5,5678.5,4268.5,6000.0,4000.0,3000.0,-8.875,0.5,-9.125,700.0,900.0,0.0,0.7410000000000005,0.19100000000000014,0.0,2842.0,0
1.091,7118.0,5687.0,4274.0,7113.5,5682.5,4271.5,5000.0,5000.0,3000.0,-9.875,0.5,-9.125,700.0,900.0,0.0,0.7420000000000005,0.19200000000000014,0.0,2844.0,0
1.092,7123.0,5691.0,4278.0,7118.5,5687.5,4274.5,5000.0,4000.0,4000.0,-8.625,0.5,-8.375,700.0,900.0,0.0,0.7430000000000005,0.19300000000000014,0.0,2845.0,0
1.093,7129.0,5695.0,4281.0,7123.5,5691.5,4278.5,6000.0,4000.0,3000.0,-8.625,0.5,-9.375,700.0,900.0,0.0,0.7440000000000005,0.19400000000000014,0.0,2848.0,0
1.094,7134.0,5700.0,4284.0,7129.5,5695.5,4281.5,5000.0,5000.0,3000.0,-9.625,0.5,-9.375,700.0,900.0,0.0,0.7450000000000006,0.19500000000000015,0.0,2850.0,0
1.095,7140.0,5704.0,4287.0,7134.5,5700.5,4284.5,6000.0,4000.0,3000.0,-8.375,0.5,-8.625,700.0,900.0,0.0,0.7460000000000006,0.19600000000000015,0.0,2853.0,0
1.096,7145.0,5708.0,4291.0,7140.5,5704.5,4287.5,5000.0,4000.0,4000.0,-9.375,0.5,-8.625,700.0,900.0,0.0,0.7470000000000006,0.19700000000000015,0.0,2854.0,0
1.097,7150.0,5713.0,4294.0,7145.5,5708.5,4291.5,5000.0,5000.0,3000.0,-9.375,0.5,-9.625,700.0,900.0,0.0,0.7480000000000006,0.19800000000000015,0.0,2856.0,0
1.098,7156.0,5717.0,4297.0,7150.5,5713.5,4294.5,6000.0,4000.0,3000.0,-8.125,0.5,-8.875,700.0,900.0,0.0,0.7490000000000006,0.19900000000000015,0.0,2859.0,0
1.099,7161.0,5721.0,4300.0,7156.5,5717.5,4297.5,5000.0,4000.0,3000.0,-9.125,0.5,-8.875,700.0,900.0,0.0,0.7500000000000006,0.20000000000000015,0.0,2861.0,0
1.1,7167.0,5726.0,4304.0,7161.5,5721.5,4300.5,6000.0,5000.0,4000.0,-9.125,0.5,-8.875,700.0,900.0,0.0,0.7510000000000006,0.20100000000000015,0.0,2863.0,0
1.101,7172.0,5730.0,4307.0,7167.5,5726.5,4304.5,5000.0,4000.0,3000.0,-8.875,0.5,-9.125,700.0,900.0,0.0,0.7520000000000006,0.20200000000000015,0.0,2865.0,0
1.102,7178.0,5734.0,4310.0,7172.5,5730.5,4307.5,6000.0,4000.0,3000.0,-8.875,0.5,-9.125,700.0,900.0,0.0,0.7530000000000006,0.20300000000000015,0.0,2868.0,0
1.103,7183.0,5739.0,4313.0,7178.5,5734.5,4310.5,5000.0,5000.0,3000.0,-9.875,0.5,-9.125,700.0,900.0,0.0,0.7540000000000006,0.20400000000000015,0.0,2870.0,0
1.104,7188.0,5743.0,4317.0,7183.5,5739.5,4313.5,5000.0,4000.0,4000.0,-8.625,0.5,-8.375,700.0,900.0,0.0,0.7550000000000006,0.20500000000000015,0.0,2871.0,0
1.105,7194.0,5747.0,4320.0,7188.5,5743.5,4317.5,6000.0,4000.0,3000.0,-8.625,0.5,-9.375,700.0,900.0,0.0,0.7560000000000006,0.20600000000000016,0.0,2874.0,0
1.106,7199.0,5752.0,4323.0,7194.5,5747.5,4320.5,5000.0,5000.0,3000.0,-9.625,0.5,-9.375,700.0,900.0,0.0,0.7570000000000006,0.20700000000000016,0.0,2876.0,0
1.107,7205.0,5756.0,4326.0,7199.5,5752.5,4323.5,6000.0,4000.0,3000.0,-8.375,0.5,-8.625,700.0,900.0,0.0,0.7580000000000006,0.20800000000000016,0.0,2879.0,0
1.108,7210.0,5760.0,4330.0,7205.5,5756.5,4326.5,5000.0,4000.0,4000.0,-9.375,0.5,-8.625,700.0,900.0,0.0,0.7590000000000006,0.20900000000000016,0.0,2880.0,0
1.109,7216.0,5765.0,4333.0,7210.5,5760.5,4330.5,6000.0,5000.0,3000.0,-9.375,0.5,-9.625,700.0,900.0,0.0,0.7600000000000006,0.21000000000000016,0.0,2883.0,0
1.11,7221.0,5769.0,4336.0,7216.5,5765.5,4333.5,5000.0,4000.0,3000.0,-9.125,0.5,-8.875,700.0,900.0,0.0,0.7610000000000006,0.21100000000000016,0.0,2885.0,0
1.111,7226.0,5773.0,4339.0,7221.5,5769.5,4336.5,5000.0,4000.0,3000.0,-9.125,0.5,-8.875,700.0,900.0,0.0,0.7620000000000006,0.21200000000000016,0.0,2887.0,0
1.112,7232.0,5777.0,4343.0,7226.5,5773.5,4339.5,6000.0,4000.0,4000.0,-9.125,0.5,-8.875,700.0,900.0,0.0,0.7630000000000006,0.21300000000000016,0.0,2889.0,0
1.113,7237.0,5782.0,4346.0,7232.5,5777.5,4343.5,5000.0,5000.0,3000.0,-10.125,0.5,-9.875,700.0,900.0,0.0,0.7640000000000006,0.21400000000000016,0.0,2891.0,0
1.114,7242.0,5786.0,4349.0,7237.5,5782.5,4346.5,5000.0,4000.0,3000.0,-8.875,0.5,-9.125,700.0,900.0,0.0,0.7650000000000006,0.21500000000000016,0.0,2893.0,0
1.115,7248.0,5790.0,4352.0,7242.5,5786.5,4349.5,6000.0,4000.0,3000.0,-8.875,0.5,-9.125,700.0,900.0,0.0,0.7660000000000006,0.21600000000000016,0.0,2896.0,0
1.116,7253.0,5795.0,4355.0,7248.5,5790.5,4352.5,5000.0,5000.0,3000.0,-9.875,0.5,-9.125,700.0,900.0,0.0,0.7670000000000006,0.21700000000000016,0.0,2898.0,0
1.117,7259.0,5799.0,4359.0,7253.5,5795.5,4355.5,6000.0,4000.0,4000.0,-8.625,0.5,-8.375,700.0,900.0,0.0,0.7680000000000006,0.21800000000000017,0.0,2900.0,0
1.118,7264.0,5803.0,4362.0,7259.5,5799.5,4359.5,5000.0,4000.0,3000.0,-9.625,0.5,-9.375,700.0,900.0,0.0,0.7690000000000006,0.21900000000000017,0.0,2902.0,0
1.119,7270.0,5808.0,4365.0,7264.5,5803.5,4362.5,6000.0,5000.0,3000.0,-9.625,0.5,-9.375,700.0,900.0,0.0,0.7700000000000006,0.22000000000000017,0.0,2905.0,0
1.12,7275.0,5812.0,4368.0,7270.5,5808.5,4365.5,5000.0,4000.0,3000.0,-9.375,0.5,-8.625,700.0,900.0,0.0,0.7710000000000006,0.22100000000000017,0.0,2907.0,0
1.121,7280.0,5816.0,4372.0,7275.5,5812.5,4368.5,5000.0,4000.0,4000.0,-9.375,0.5,-8.625,700.0,900.0,0.0,0.7720000000000006,0.22200000000000017,0.0,2908.0,0
1.122,7286.0,5821.0,4375.0,7280.5,5816.5,4372.5,6000.0,5000.0,3000.0,-9.375,0.5,-9.625,700.0,900.0,0.0,0.7730000000000006,0.22300000000000017,0.0,2911.0,0
1.123,7291.0,5825.0,4378.0,7286.5,5821.5,4375.5,5000.0,4000.0,3000.0,-9.125,0.5,-8.875,700.0,900.0,0.0,0.7740000000000006,0.22400000000000017,0.0,2913.0,0
1.124,7297.0,5829.0,4381.0,7291.5,5825.5,4378.5,6000.0,4000.0,3000.0,-9.125,0.5,-8.875,700.0,900.0,0.0,0.7750000000000006,0.22500000000000017,0.0,2916.0,0
1.125,7302.0,5834.0,4385.0,7297.5,5829.5,4381.5,5000.0,5000.0,4000.0,-10.125,0.5,-8.875,700.0,900.0,0.0,0.7760000000000006,0.22600000000000017,0.0,2917.0,0
1.1260000000000001,7307.0,5838.0,4388.0,7302.5,5834.5,4385.5,5000.0,4000.0,3000.0,-8.875,0.5,-9.125,700.0,900.0,0.0,0.7770000000000006,0.22700000000000017,0.0,2919.0,0
1.127,7313.0,5842.0,4391.0,7307.5,5838.5,4388.5,6000.0,4000.0,3000.0,-8.875,0.5,-9.125,700.0,900.0,0.0,0.7780000000000006,0.22800000000000017,0.0,2922.0,0
1.1280000000000001,7318.0,5847.0,4394.0,7313.5,5842.5,4391.5,5000.0,5000.0,3000.0,-9.875,0.5,-9.125,700.0,900.0,0.0,0.7790000000000006,0.22900000000000018,0.0,2924.0,0
1.129,7324.0,5851.0,4398.0,7318.5,5847.5,4394.5,6000.0,4000.0,4000.0,-8.625,0.5,-8.375,700.0,900.0,0.0,0.7800000000000006,0.23000000000000018,0.0,2926.0,0
1.1300000000000001,7329.0,5855.0,4401.0,7324.5,5851.5,4398.5,5000.0,4000.0,3000.0,-9.625,0.5,-9.375,700.0,900.0,0.0,0.7810000000000006,0.23100000000000018,0.0,2928.0,0
1.131,7334.0,5860.0,4404.0,7329.5,5855.5,4401.5,5000.0,5000.0,3000.0,-9.625,0.5,-9.375,700.0,900.0,0.0,0.7820000000000006,0.23200000000000018,0.0,2930.0,0
1.1320000000000001,7340.0,5864.0,4407.0,7334.5,5860.5,4404.5,6000.0,4000.0,3000.0,-8.375,0.5,-8.625,700.0,900.0,0.0,0.7830000000000006,0.23300000000000018,0.0,2933.0,0
1.133,7345.0,5868.0,4411.0,7340.5,5864.5,4407.5,5000.0,4000.0,4000.0,-9.375,0.5,-8.625,700.0,900.0,0.0,0.7840000000000006,0.23400000000000018,0.0,2934.0,0
1.1340000000000001,7351.0,5873.0,4414.0,7345.5,5868.5,4411.5,6000.0,5000.0,3000.0,-9.375,0.5,-9.625,700.0,900.0,0.0,0.7850000000000006,0.23500000000000018,0.0,2937.0,0
1.135,7356.0,5877.0,4417.0,7351.5,5873.5,4414.5,5000.0,4000.0,3000.0,-9.125,0.5,-8.875,700.0,900.0,0.0,0.7860000000000006,0.23600000000000018,0.0,2939.0,0
1.1360000000000001,7361.0,5881.0,4420.0,7356.5,5877.5,4417.5,5000.0,4000.0,3000.0,-9.125,0.5,-8.875,700.0,900.0,0.0,0.7870000000000006,0.23700000000000018,0.0,2941.0,0
1.137,7367.0,5886.0,4424.0,7361.5,5881.5,4420.5,6000.0,5000.0,4000.0,-9.125,0.5,-8.875,700.0,900.0,0.0,0.7880000000000006,0.23800000000000018,0.0,2943.0,0
1.1380000000000001,7372.0,5890.0,4427.0,7367.5,5886.5,4424.5,5000.0,4000.0,3000.0,-8.875,0.5,-9.125,700.0,900.0,0.0,0.7890000000000006,0.23900000000000018,0.0,2945.0,0
1.139,7378.0,5894.0,4430.0,7372.5,5890.5,4427.5,6000.0,4000.0,3000.0,-8.875,0.5,-9.125,700.0,900.0,0.0,0.7900000000000006,0.24000000000000019,0.0,2948.0,0
1.1400000000000001,7383.0,5898.0,4433.0,7378.5,5894.5,4430.5,5000.0,4000.0,3000.0,-9.875,0.5,-9.125,700.0,900.0,0.0,0.7910000000000006,0.2410000000000002,0.0,2950.0,0
1.141,7388.0,5903.0,4436.0,7383.5,5898.5,4433.5,5000.0,5000.0,3000.0,-9.875,0.5,-9.125,700.0,900.0,0.0,0.7920000000000006,0.2420000000000002,0.0,2952.0,0
1.1420000000000001,7394.0,5907.0,4440.0,7388.5,5903.5,4436.5,6000.0,4000.0,4000.0,-8.625,0.5,-8.375,700.0,900.0,0.0,0.7930000000000006,0.2430000000000002,0.0,2954.0,0
1.143,7399.0,5911.0,4443.0,7394.5,5907.5,4440.5,5000.0,4000.0,3000.0,-9.625,0.5,-9.375,700.0,900.0,0.0,0.7940000000000006,0.2440000000000002,0.0,2956.0,0
1.1440000000000001,7405.0,5916.0,4446.0,7399.5,5911.5,4443.5,6000.0,5000.0,3000.0,-9.625,0.5,-9.375,700.0,900.0,0.0,0.7950000000000006,0.2450000000000002,0.0,2959.0,0
1.145,7410.0,5920.0,4449.0,7405.5,5916.5,4446.5,5000.0,4000.0,3000.0,-9.375,0.5,-8.625,700.0,900.0,0.0,0.7960000000000006,0.2460000000000002,0.0,2961.0,0
1.1460000000000001,7415.0,5924.0,4453.0,7410.5,5920.5,4449.5,5000.0,4000.0,4000.0,-9.375,0.5,-8.625,700.0,900.0,0.0,0.7970000000000006,0.2470000000000002,0.0,2962.0,0
1.147,7421.0,5929.0,4456.0,7415.5,5924.5,4453.5,6000.0,5000.0,3000.0,-9.375,0.5,-9.625,700.0,900.0,0.0,0.7980000000000006,0.2480000000000002,0.0,2965.0,0
1.1480000000000001,7426.0,5933.0,4459.0,7421.5,5929.5,4456.5,5000.0,4000.0,3000.0,-9.125,0.5,-8.875,700.0,900.0,0.0,0.7990000000000006,0.2490000000000002,0.0,2967.0,0
1.149,7432.0,5937.0,4462.0,7426.5,5933.5,4459.5,6000.0,4000.0,3000.0,-9.125,0.5,-8.875,700.0,900.0,0.0,0.8000000000000006,0.25000000000000017,0.0,2970.0,0
1.1500000000000001,7437.0,5942.0,4466.0,7432.5,5937.5,4462.5,5000.0,5000.0,4000.0,-10.125,0.5,-8.875,700.0,900.0,0.0,0.8010000000000006,0.25100000000000017,0.0,2971.0,0
1.151,7442.0,5946.0,4469.0,7437.5,5942.5,4466.5,5000.0,4000.0,3000.0,-8.875,0.5,-9.125,700.0,900.0,0.0,0.8020000000000006,0.25200000000000017,0.0,2973.0,0
1.1520000000000001,7448.0,5950.0,4472.0,7442.5,5946.5,4469.5,6000.0,4000.0,3000.0,-8.875,0.5,-9.125,700.0,900.0,0.0,0.8030000000000006,0.25300000000000017,0.0,2976.0,0
1.153,7453.0,5955.0,4475.0,7448.5,5950.5,4472.5,5000.0,5000.0,3000.0,-9.875,0.5,-9.125,700.0,900.0,0.0,0.8040000000000006,0.25400000000000017,0.0,2978.0,0
1.154,7459.0,5959.0,4479.0,7453.5,5955.5,4475.5,6000.0,4000.0,4000.0,-8.625,0.5,-8.375,700.0,900.0,0.0,0.8050000000000006,0.25500000000000017,0.0,2980.0,0
1.155,7464.0,5963.0,4482.0,7459.5,5959.5,4479.5,5000.0,4000.0,3000.0,-9.625,0.5,-9.375,700.0,900.0,0.0,0.8060000000000006,0.25600000000000017,0.0,2982.0,0
1.156,7469.0,5968.0,4485.0,7464.5,5963.5,4482.5,5000.0,5000.0,3000.0,-9.625,0.5,-9.375,700.0,900.0,0.0,0.8070000000000006,0.2570000000000002,0.0,2984.0,0
1.157,7475.0,5972.0,4488.0,7469.5,5968.5,4485.5,6000.0,4000.0,3000.0,-8.375,0.5,-8.625,700.0,900.0,0.0,0.8080000000000006,0.2580000000000002,0.0,2987.0,0
1.158,7480.0,5976.0,4492.0,7475.5,5972.5,4488.5,5000.0,4000.0,4000.0,-9.375,0.5,-8.625,700.0,900.0,0.0,0.8090000000000006,0.2590000000000002,0.0,2988.0,0
1.159,7486.0,5981.0,4495.0,7480.5,5976.5,4492.5,6000.0,5000.0,3000.0,-9.375,0.5,-9.625,700.0,900.0,0.0,0.8100000000000006,0.2600000000000002,0.0,2991.0,0
1.16,7491.0,5985.0,4498.0,7486.5,5981.5,4495.5,5000.0,4000.0,3000.0,-9.125,0.5,-8.875,700.0,900.0,0.0,0.8110000000000006,0.2610000000000002,0.0,2993.0,0
1.161,7496.0,5989.0,4501.0,7491.5,5985.5,4498.5,5000.0,4000.0,3000.0,-9.125,0.5,-8.875,700.0,900.0,0.0,0.8120000000000006,0.2620000000000002,0.0,2995.0,0
1.162,7502.0,5994.0,4505.0,7496.5,5989.5,4501.5,6000.0,5000.0,4000.0,-9.125,0.5,-8.875,700.0,900.0,0.0,0.8130000000000006,0.2630000000000002,0.0,2997.0,0
1.163,7507.0,5998.0,4508.0,7502.5,5994.5,4505.5,5000.0,4000.0,3000.0,-8.875,0.5,-9.125,700.0,900.0,0.0,0.8140000000000006,0.2640000000000002,0.0,2999.0,0
1.164,7513.0,6002.0,4511.0,7507.5,5998.5,4508.5,6000.0,4000.0,3000.0,-8.875,0.5,-9.125,700.0,900.0,0.0,0.8150000000000006,0.2650000000000002,0.0,3002.0,0
1.165,7518.0,6007.0,4514.0,7513.5,6002.5,4511.5,5000.0,5000.0,3000.0,-9.875,0.5,-9.125,700.0,900.0,0.0,0.8160000000000006,0.2660000000000002,0.0,3004.0,0
1.166,7523.0,6011.0,4517.0,7518.5,6007.5,4514.5,5000.0,4000.0,3000.0,-8.625,0.5,-8.375,700.0,900.0,0.0,0.8170000000000006,0.2670000000000002,0.0,3006.0,0
1.167,7529.0,6015.0,4521.0,7523.5,6011.5,4517.5,6000.0,4000.0,4000.0,-8.625,0.5,-8.375,700.0,900.0,0.0,0.8180000000000006,0.2680000000000002,0.0,3008.0,0
1.168,7534.0,6020.0,4524.0,7529.5,6015.5,4521.5,5000.0,5000.0,3000.0,-9.625,0.5,-9.375,700.0,900.0,0.0,0.8190000000000006,0.2690000000000002,0.0,3010.0,0
1.169,7540.0,6024.0,4527.0,7534.5,6020.5,4524.5,6000.0,4000.0,3000.0,-8.375,0.5,-8.625,700.0,900.0,0.0,0.8200000000000006,0.2700000000000002,0.0,3013.0,0
1.17,7545.0,6028.0,4530.0,7540.5,6024.5,4527.5,5000.0,4000.0,3000.0,-9.375,0.5,-8.625,700.0,900.0,0.0,0.8210000000000006,0.2710000000000002,0.0,3015.0,0
1.171,7550.0,6032.0,4534.0,7545.5,6028.5,4530.5,5000.0,4000.0,4000.0,-9.375,0.5,-8.625,700.0,900.0,0.0,0.8220000000000006,0.2720000000000002,0.0,3016.0,0
1.172,7556.0,6037.0,4537.0,7550.5,6032.5,4534.5,6000.0,5000.0,3000.0,-9.375,0.5,-9.625,700.0,900.0,0.0,0.8230000000000006,0.2730000000000002,0.0,3019.0,0
1.173,7561.0,6041.0,4540.0,7556.5,6037.5,4537.5,5000.0,4000.0,3000.0,-9.125,0.5,-8.875,700.0,900.0,0.0,0.8240000000000006,0.2740000000000002,0.0,3021.0,0
1.174,7567.0,6045.0,4543.0,7561.5,6041.5,4540.5,6000.0,4000.0,3000.0,-9.125,0.5,-8.875,700.0,900.0,0.0,0.8250000000000006,0.2750000000000002,0.0,3024.0,0
1.175,7572.0,6050.0,4547.0,7567.5,6045.5,4543.5,5000.0,5000.0,4000.0,-10.125,0.5,-8.875,700.0,900.0,0.0,0.8260000000000006,0.2760000000000002,0.0,3025.0,0
1.176,7577.0,6054.0,4550.0,7572.5,6050.5,4547.5,5000.0,4000.0,3000.0,-8.875,0.5,-9.125,700.0,900.0,0.0,0.8270000000000006,0.2770000000000002,0.0,3027.0,0
1.177,7583.0,6058.0,4553.0,7577.5,6054.5,4550.5,6000.0,4000.0,3000.0,-8.875,0.5,-9.125,700.0,900.0,0.0,0.8280000000000006,0.2780000000000002,0.0,3030.0,0
1.178,7588.0,6063.0,4556.0,7583.5,6058.5,4553.5,5000.0,5000.0,3000.0,-9.875,0.5,-9.125,700.0,900.0,0.0,0.8290000000000006,0.2790000000000002,0.0,3032.0,0
1.179,7593.0,6067.0,4560.0,7588.5,6063.5,4556.5,5000.0,4000.0,4000.0,-8.625,0.5,-8.375,700.0,900.0,0.0,0.8300000000000006,0.2800000000000002,0.0,3033.0,0
1.18,7599.0,6071.0,4563.0,7593.5,6067.5,4560.5,6000.0,4000.0,3000.0,-8.625,0.5,-9.375,700.0,900.0,0.0,0.8310000000000006,0.2810000000000002,0.0,3036.0,0
1.181,7604.0,6076.0,4566.0,7599.5,6071.5,4563.5,5000.0,5000.0,3000.0,-9.625,0.5,-9.375,700.0,900.0,0.0,0.8320000000000006,0.2820000000000002,0.0,3038.0,0
1.182,7610.0,6080.0,4569.0,7604.5,6076.5,4566.5,6000.0,4000.0,3000.0,-8.375,0.5,-8.625,700.0,900.0,0.0,0.8330000000000006,0.2830000000000002,0.0,3041.0,0
1.183,7615.0,6084.0,4573.0,7610.5,6080.5,4569.5,5000.0,4000.0,4000.0,-9.375,0.5,-8.625,700.0,900.0,0.0,0.8340000000000006,0.2840000000000002,0.0,3042.0,0
1.184,7620.0,6089.0,4576.0,7615.5,6084.5,4573.5,5000.0,5000.0,3000.0,-9.375,0.5,-9.625,700.0,900.0,0.0,0.8350000000000006,0.2850000000000002,0.0,3044.0,0
1.185,7626.0,6093.0,4579.0,7620.5,6089.5,4576.5,6000.0,4000.0,3000.0,-8.125,0.5,-8.875,700.0,900.0,0.0,0.8360000000000006,0.2860000000000002,0.0,3047.0,0
1.186,7631.0,6097.0,4582.0,7626.5,6093.5,4579.5,5000.0,4000.0,3000.0,-9.125,0.5,-8.875,700.0,900.0,0.0,0.8370000000000006,0.2870000000000002,0.0,3049.0,0
1.187,7637.0,6102.0,4585.0,7631.5,6097.5,4582.5,6000.0,5000.0,3000.0,-9.125,0.5,-8.875,700.0,900.0,0.0,0.8380000000000006,0.2880000000000002,0.0,3052.0,0
1.188,7642.0,6106.0,4589.0,7637.5,6102.5,4585.5,5000.0,4000.0,4000.0,-8.875,0.5,-8.125,700.0,900.0,0.0,0.8390000000000006,0.2890000000000002,0.0,3053.0,0
1.189,7647.0,6110.0,4592.0,7642.5,6106.5,4589.5,5000.0,4000.0,3000.0,-8.875,0.5,-9.125,700.0,900.0,0.0,0.8400000000000006,0.2900000000000002,0.0,3055.0,0
1.19,7653.0,6115.0,4595.0,7647.5,6110.5,4592.5,6000.0,5000.0,3000.0,-8.875,0.5,-9.125,700.0,900.0,0.0,0.8410000000000006,0.2910000000000002,0.0,3058.0,0
1.191,7658.0,6119.0,4598.0,7653.5,6115.5,4595.5,5000.0,4000.0,3000.0,-8.625,0.5,-8.375,700.0,900.0,0.0,0.8420000000000006,0.2920000000000002,0.0,3060.0,0
1.192,7664.0,6123.0,4602.0,7658.5,6119.5,4598.5,6000.0,4000.0,4000.0,-8.625,0.5,-8.375,700.0,900.0,0.0,0.8430000000000006,0.2930000000000002,0.0,3062.0,0
1.193,7669.0,6128.0,4605.0,7664.5,6123.5,4602.5,5000.0,5000.0,3000.0,-9.625,0.5,-9.375,700.0,900.0,0.0,0.8440000000000006,0.2940000000000002,0.0,3064.0,0
1.194,7674.0,6132.0,4608.0,7669.5,6128.5,4605.5,5000.0,4000.0,3000.0,-8.375,0.5,-8.625,700.0,900.0,0.0,0.8450000000000006,0.2950000000000002,0.0,3066.0,0
1.195,7680.0,6136.0,4611.0,7674.5,6132.5,4608.5,6000.0,4000.0,3000.0,-8.375,0.5,-8.625,700.0,900.0,0.0,0.8460000000000006,0.2960000000000002,0.0,3069.0,0
1.196,7685.0,6141.0,4615.0,7680.5,6136.5,4611.5,5000.0,5000.0,4000.0,-9.375,0.5,-8.625,700.0,900.0,0.0,0.8470000000000006,0.2970000000000002,0.0,3070.0,0
1.197,7691.0,6145.0,4618.0,7685.5,6141.5,4615.5,6000.0,4000.0,3000.0,-8.125,0.5,-8.875,700.0,900.0,0.0,0.8480000000000006,0.2980000000000002,0.0,3073.0,0
1.198,7696.0,6149.0,4621.0,7691.5,6145.5,4618.5,5000.0,4000.0,3000.0,-9.125,0.5,-8.875,700.0,900.0,0.0,0.8490000000000006,0.2990000000000002,0.0,3075.0,0
1.199,7701.0,6153.0,4624.0,7696.5,6149.5,4621.5,5000.0,4000.0,3000.0,-9.125,0.5,-8.875,700.0,900.0,0.0,0.8500000000000006,0.3000000000000002,0.0,3077.0,0
1.2,7707.0,6158.0,4628.0,7701.5,6153.5,4624.5,6000.0,5000.0,4000.0,-9.125,0.5,-8.875,700.0,900.0,0.0,0.8510000000000006,0.3010000000000002,0.0,3079.0,0
1.201,7712.0,6162.0,4631.0,7707.5,6158.5,4628.5,5000.0,4000.0,3000.0,-8.875,0.5,-9.125,700.0,900.0,0.0,0.8520000000000006,0.3020000000000002,0.0,3081.0,0
1.202,7718.0,6166.0,4634.0,7712.5,6162.5,4631.5,6000.0,4000.0,3000.0,-8.875,0.5,-9.125,700.0,900.0,0.0,0.8530000000000006,0.3030000000000002,0.0,3084.0,0
1.203,7723.0,6171.0,4637.0,7718.5,6166.5,4634.5,5000.0,5000.0,3000.0,-9.875,0.5,-9.125,700.0,900.0,0.0,0.8540000000000006,0.3040000000000002,0.0,3086.0,0
1.204,7728.0,6175.0,4641.0,7723.5,6171.5,4637.5,5000.0,4000.0,4000.0,-8.625,0.5,-8.375,700.0,900.0,0.0,0.8550000000000006,0.3050000000000002,0.0,3087.0,0
1.205,7734.0,6179.0,4644.0,7728.5,6175.5,4641.5,6000.0,4000.0,3000.0,-8.625,0.5,-9.375,700.0,900.0,0.0,0.8560000000000006,0.3060000000000002,0.0,3090.0,0
1.206,7739.0,6184.0,4647.0,7734.5,6179.5,4644.5,5000.0,5000.0,3000.0,-9.625,0.5,-9.375,700.0,900.0,0.0,0.8570000000000007,0.3070000000000002,0.0,3092.0,0
1.207,7745.0,6188.0,4650.0,7739.5,6184.5,4647.5,6000.0,4000.0,3000.0,-8.375,0.5,-8.625,700.0,900.0,0.0,0.8580000000000007,0.3080000000000002,0.0,3095.0,0
1.208,7750.0,6192.0,4654.0,7745.5,6188.5,4650.5,5000.0,4000.0,4000.0,-9.375,0.5,-8.625,700.0,900.0,0.0,0.8590000000000007,0.3090000000000002,0.0,3096.0,0
1.209,7755.0,6197.0,4657.0,7750.5,6192.5,4654.5,5000.0,5000.0,3000.0,-9.375,0.5,-9.625,700.0,900.0,0.0,0.8600000000000007,0.3100000000000002,0.0,3098.0,0
1.21,7761.0,6201.0,4660.0,7755.5,6197.5,4657.5,6000.0,4000.0,3000.0,-8.125,0.5,-8.875,700.0,900.0,0.0,0.8610000000000007,0.3110000000000002,0.0,3101.0,0
1.211,7766.0,6205.0,4663.0,7761.5,6201.5,4660.5,5000.0,4000.0,3000.0,-9.125,0.5,-8.875,700.0,900.0,0.0,0.8620000000000007,0.3120000000000002,0.0,3103.0,0
1.212,7772.0,6210.0,4666.0,7766.5,6205.5,4663.5,6000.0,5000.0,3000.0,-9.125,0.5,-8.875,700.0,900.0,0.0,0.8630000000000007,0.3130000000000002,0.0,3106.0,0
1.213,7777.0,6214.0,4670.0,7772.5,6210.5,4666.5,5000.0,4000.0,4000.0,-8.875,0.5,-8.125,700.0,900.0,0.0,0.8640000000000007,0.3140000000000002,0.0,3107.0,0
1.214,7782.0,6218.0,4673.0,7777.5,6214.5,4670.5,5000.0,4000.0,3000.0,-8.875,0.5,-9.125,700.0,900.0,0.0,0.8650000000000007,0.3150000000000002,0.0,3109.0,0
1.215,7788.0,6223.0,4676.0,7782.5,6218.5,4673.5,6000.0,5000.0,3000.0,-8.875,0.5,-9.125,700.0,900.0,0.0,0.8660000000000007,0.3160000000000002,0.0,3112.0,0
1.216,7793.0,6227.0,4679.0,7788.5,6223.5,4676.5,5000.0,4000.0,3000.0,-8.625,0.5,-8.375,700.0,900.0,0.0,0.8670000000000007,0.3170000000000002,0.0,3114.0,0
1.217,7799.0,6231.0,4683.0,7793.5,6227.5,4679.5,6000.0,4000.0,4000.0,-8.625,0.5,-8.375,700.0,900.0,0.0,0.8680000000000007,0.3180000000000002,0.0,3116.0,0
1.218,7804.0,6236.0,4686.0,7799.5,6231.5,4683.5,5000.0,5000.0,3000.0,-9.625,0.5,-9.375,700.0,900.0,0.0,0.8690000000000007,0.31900000000000023,0.0,3118.0,0
1.219,7809.0,6240.0,4689.0,7804.5,6236.5,4686.5,5000.0,4000.0,3000.0,-8.375,0.5,-8.625,700.0,900.0,0.0,0.8700000000000007,0.32000000000000023,0.0,3120.0,0
1.22,7815.0,6244.0,4692.0,7809.5,6240.5,4689.5,6000.0,4000.0,3000.0,-8.375,0.5,-8.625,700.0,900.0,0.0,0.8710000000000007,0.32100000000000023,0.0,3123.0,0
1.221,7820.0,6249.0,4696.0,7815.5,6244.5,4692.5,5000.0,5000.0,4000.0,-9.375,0.5,-8.625,700.0,900.0,0.0,0.8720000000000007,0.32200000000000023,0.0,3124.0,0
1.222,7826.0,6253.0,4699.0,7820.5,6249.5,4696.5,6000.0,4000.0,3000.0,-8.125,0.5,-8.875,700.0,900.0,0.0,0.8730000000000007,0.32300000000000023,0.0,3127.0,0
1.223,7831.0,6257.0,4702.0,7826.5,6253.5,4699.5,5000.0,4000.0,3000.0,-9.125,0.5,-8.875,700.0,900.0,0.0,0.8740000000000007,0.32400000000000023,0.0,3129.0,0
1.224,7836.0,6262.0,4705.0,7831.5,6257.5,4702.5,5000.0,5000.0,3000.0,-9.125,0.5,-8.875,700.0,900.0,0.0,0.8750000000000007,0.32500000000000023,0.0,3131.0,0
1.225,7842.0,6266.0,4709.0,7836.5,6262.5,4705.5,6000.0,4000.0,4000.0,-7.875,0.5,-8.125,700.0,900.0,0.0,0.8760000000000007,0.32600000000000023,0.0,3133.0,0
1.226,7847.0,6270.0,4712.0,7842.5,6266.5,4709.5,5000.0,4000.0,3000.0,-8.875,0.5,-9.125,700.0,900.0,0.0,0.8770000000000007,0.32700000000000023,0.0,3135.0,0
1.227,7852.0,6275.0,4715.0,7847.5,6270.5,4712.5,5000.0,5000.0,3000.0,-8.875,0.5,-9.125,700.0,900.0,0.0,0.8780000000000007,0.32800000000000024,0.0,3137.0,0
1.228,7858.0,6279.0,4718.0,7852.5,6275.5,4715.5,6000.0,4000.0,3000.0,-7.625,0.5,-8.375,700.0,900.0,0.0,0.8790000000000007,0.32900000000000024,0.0,3140.0,0
1.229,7863.0,6283.0,4722.0,7858.5,6279.5,4718.5,5000.0,4000.0,4000.0,-8.625,0.5,-8.375,700.0,900.0,0.0,0.8800000000000007,0.33000000000000024,0.0,3141.0,0
1.23,7869.0,6287.0,4725.0,7863.5,6283.5,4722.5,6000.0,4000.0,3000.0,-8.625,0.5,-9.375,700.0,900.0,0.0,0.8810000000000007,0.33100000000000024,0.0,3144.0,0
1.231,7874.0,6292.0,4728.0,7869.5,6287.5,4725.5,5000.0,5000.0,3000.0,-9.625,0.5,-9.375,700.0,900.0,0.0,0.8820000000000007,0.33200000000000024,0.0,3146.0,0
1.232,7879.0,6296.0,4731.0,7874.5,6292.5,4728.5,5000.0,4000.0,3000.0,-8.375,0.5,-8.625,700.0,900.0,0.0,0.8830000000000007,0.33300000000000024,0.0,3148.0,0
1.233,7885.0,6300.0,4735.0,7879.5,6296.5,4731.5,6000.0,4000.0,4000.0,-8.375,0.5,-8.625,700.0,900.0,0.0,0.8840000000000007,0.33400000000000024,0.0,3150.0,0
1.234,7890.0,6305.0,4738.0,7885.5,6300.5,4735.5,5000.0,5000.0,3000.0,-9.375,0.5,-9.625,700.0,900.0,0.0,0.8850000000000007,0.33500000000000024,0.0,3152.0,0
1.235,7896.0,6309.0,4741.0,7890.5,6305.5,4738.5,6000.0,4000.0,3000.0,-8.125,0.5,-8.875,700.0,900.0,0.0,0.8860000000000007,0.33600000000000024,0.0,3155.0,0
1.236,7901.0,6313.0,4744.0,7896.5,6309.5,4741.5,5000.0,4000.0,3000.0,-9.125,0.5,-8.875,700.0,900.0,0.0,0.8870000000000007,0.33700000000000024,0.0,3157.0,0
1.237,7906.0,6318.0,4747.0,7901.5,6313.5,4744.5,5000.0,5000.0,3000.0,-9.125,0.5,-8.875,700.0,900.0,0.0,0.8880000000000007,0.33800000000000024,0.0,3159.0,0
1.238,7912.0,6322.0,4751.0,7906.5,6318.5,4747.5,6000.0,4000.0,4000.0,-7.875,0.5,-8.125,700.0,900.0,0.0,0.8890000000000007,0.33900000000000025,0.0,3161.0,0
1.239,7917.0,6326.0,4754.0,7912.5,6322.5,4751.5,5000.0,4000.0,3000.0,-8.875,0.5,-9.125,700.0,900.0,0.0,0.8900000000000007,0.34000000000000025,0.0,3163.0,0
1.24,7923.0,6331.0,4757.0,7917.5,6326.5,4754.5,6000.0,5000.0,3000.0,-8.875,0.5,-9.125,700.0,900.0,0.0,0.8910000000000007,0.34100000000000025,0.0,3166.0,0
1.241,7928.0,6335.0,4760.0,7923.5,6331.5,4757.5,5000.0,4000.0,3000.0,-8.625,0.5,-8.375,700.0,900.0,0.0,0.8920000000000007,0.34200000000000025,0.0,3168.0,0
1.242,7933.0,6339.0,4764.0,7928.5,6335.5,4760.5,5000.0,4000.0,4000.0,-8.625,0.5,-8.375,700.0,900.0,0.0,0.8930000000000007,0.34300000000000025,0.0,3169.0,0
1.243,7939.0,6344.0,4767.0,7933.5,6339.5,4764.5,6000.0,5000.0,3000.0,-8.625,0.5,-9.375,700.0,900.0,0.0,0.8940000000000007,0.34400000000000025,0.0,3172.0,0
1.244,7944.0,6348.0,4770.0,7939.5,6344.5,4767.5,5000.0,4000.0,3000.0,-8.375,0.5,-8.625,700.0,900.0,0.0,0.8950000000000007,0.34500000000000025,0.0,3174.0,0
1.245,7950.0,6352.0,4773.0,7944.5,6348.5,4770.5,6000.0,4000.0,3000.0,-8.375,0.5,-8.625,700.0,900.0,0.0,0.8960000000000007,0.34600000000000025,0.0,3177.0,0
1.246,7955.0,6357.0,4777.0,7950.5,6352.5,4773.5,5000.0,5000.0,4000.0,-9.375,0.5,-8.625,700.0,900.0,0.0,0.8970000000000007,0.34700000000000025,0.0,3178.0,0
1.247,7960.0,6361.0,4780.0,7955.5,6357.5,4777.5,5000.0,4000.0,3000.0,-8.125,0.5,-8.875,700.0,900.0,0.0,0.8980000000000007,0.34800000000000025,0.0,3180.0,0
1.248,7966.0,6365.0,4783.0,7960.5,6361.5,4780.5,6000.0,4000.0,3000.0,-8.125,0.5,-8.875,700.0,900.0,0.0,0.8990000000000007,0.34900000000000025,0.0,3183.0,0
1.249,7971.0,6370.0,4786.0,7966.5,6365.5,4783.5,5000.0,5000.0,3000.0,-9.125,0.5,-8.875,700.0,900.0,0.0,0.9000000000000007,0.35000000000000026,0.0,3185.0,0
1.25,7977.0,6374.0,4790.0,7971.5,6370.5,4786.5,6000.0,4000.0,4000.0,-7.875,0.5,-8.125,700.0,900.0,0.0,0.9010000000000007,0.35100000000000026,0.0,3187.0,0
1.2510000000000001,7982.0,6378.0,4793.0,7977.5,6374.5,4790.5,5000.0,4000.0,3000.0,-8.875,0.5,-9.125,700.0,900.0,0.0,0.9020000000000007,0.35200000000000026,0.0,3189.0,0
1.252,7987.0,6383.0,4796.0,7982.5,6378.5,4793.5,5000.0,5000.0,3000.0,-8.875,0.5,-9.125,700.0,900.0,0.0,0.9030000000000007,0.35300000000000026,0.0,3191.0,0
1.2530000000000001,7993.0,6387.0,4799.0,7987.5,6383.5,4796.5,6000.0,4000.0,3000.0,-7.625,0.5,-8.375,700.0,900.0,0.0,0.9040000000000007,0.35400000000000026,0.0,3194.0,0
1.254,7998.0,6391.0,4803.0,7993.5,6387.5,4799.5,5000.0,4000.0,4000.0,-8.625,0.5,-8.375,700.0,900.0,0.0,0.9050000000000007,0.35500000000000026,0.0,3195.0,0
1.2550000000000001,8004.0,6396.0,4806.0,7998.5,6391.5,4803.5,6000.0,5000.0,3000.0,-8.625,0.5,-9.375,700.0,900.0,0.0,0.9060000000000007,0.35600000000000026,0.0,3198.0,0
1.256,8009.0,6400.0,4809.0,8004.5,6396.5,4806.5,5000.0,4000.0,3000.0,-8.375,0.5,-8.625,700.0,900.0,0.0,0.9070000000000007,0.35700000000000026,0.0,3200.0,0
1.2570000000000001,8014.0,6404.0,4812.0,8009.5,6400.5,4809.5,5000.0,4000.0,3000.0,-8.375,0.5,-8.625,700.0,900.0,0.0,0.9080000000000007,0.35800000000000026,0.0,3202.0,0
1.258,8020.0,6408.0,4816.0,8014.5,6404.5,4812.5,6000.0,4000.0,4000.0,-8.375,0.5,-8.625,700.0,900.0,0.0,0.9090000000000007,0.35900000000000026,0.0,3204.0,0
1.2590000000000001,8025.0,6413.0,4819.0,8020.5,6408.5,4816.5,5000.0,5000.0,3000.0,-9.375,0.5,-9.625,700.0,900.0,0.0,0.9100000000000007,0.36000000000000026,0.0,3206.0,0
1.26,8031.0,6417.0,4822.0,8025.5,6413.5,4819.5,6000.0,4000.0,3000.0,-8.125,0.5,-8.875,700.0,900.0,0.0,0.9110000000000007,0.36100000000000027,0.0,3209.0,0
1.2610000000000001,8036.0,6421.0,4825.0,8031.5,6417.5,4822.5,5000.0,4000.0,3000.0,-9.125,0.5,-8.875,700.0,900.0,0.0,0.9120000000000007,0.36200000000000027,0.0,3211.0,0
1.262,8041.0,6426.0,4828.0,8036.5,6421.5,4825.5,5000.0,5000.0,3000.0,-9.125,0.5,-8.875,700.0,900.0,0.0,0.9130000000000007,0.36300000000000027,0.0,3213.0,0
1.2630000000000001,8047.0,6430.0,4832.0,8041.5,6426.5,4828.5,6000.0,4000.0,4000.0,-7.875,0.5,-8.125,700.0,900.0,0.0,0.9140000000000007,0.36400000000000027,0.0,3215.0,0
1.264,8052.0,6434.0,4835.0,8047.5,6430.5,4832.5,5000.0,4000.0,3000.0,-8.875,0.5,-9.125,700.0,900.0,0.0,0.9150000000000007,0.36500000000000027,0.0,3217.0,0
1.2650000000000001,8058.0,6439.0,4838.0,8052.5,6434.5,4835.5,6000.0,5000.0,3000.0,-8.875,0.5,-9.125,700.0,900.0,0.0,0.9160000000000007,0.36600000000000027,0.0,3220.0,0
1.266,8063.0,6443.0,4841.0,8058.5,6439.5,4838.5,5000.0,4000.0,3000.0,-8.625,0.5,-8.375,700.0,900.0,0.0,0.9170000000000007,0.36700000000000027,0.0,3222.0,0
1.2670000000000001,8068.0,6447.0,4845.0,8063.5,6443.5,4841.5,5000.0,4000.0,4000.0,-8.625,0.5,-8.375,700.0,900.0,0.0,0.9180000000000007,0.36800000000000027,0.0,3223.0,0
1.268,8074.0,6452.0,4848.0,8068.5,6447.5,4845.5,6000.0,5000.0,3000.0,-8.625,0.5,-9.375,700.0,900.0,0.0,0.9190000000000007,0.36900000000000027,0.0,3226.0,0
1.2690000000000001,8079.0,6456.0,4851.0,8074.5,6452.5,4848.5,5000.0,4000.0,3000.0,-8.375,0.5,-8.625,700.0,900.0,0.0,0.9200000000000007,0.3700000000000003,0.0,3228.0,0
1.27,8085.0,6460.0,4854.0,8079.5,6456.5,4851.5,6000.0,4000.0,3000.0,-8.375,0.5,-8.625,700.0,900.0,0.0,0.9210000000000007,0.3710000000000003,0.0,3231.0,0
1.2710000000000001,8090.0,6465.0,4858.0,8085.5,6460.5,4854.5,5000.0,5000.0,4000.0,-9.375,0.5,-8.625,700.0,900.0,0.0,0.9220000000000007,0.3720000000000003,0.0,3232.0,0
1.272,8095.0,6469.0,4861.0,8090.5,6465.5,4858.5,5000.0,4000.0,3000.0,-8.125,0.5,-8.875,700.0,900.0,0.0,0.9230000000000007,0.3730000000000003,0.0,3234.0,0
1.2730000000000001,8101.0,6473.0,4864.0,8095.5,6469.5,4861.5,6000.0,4000.0,3000.0,-8.125,0.5,-8.875,700.0,900.0,0.0,0.9240000000000007,0.3740000000000003,0.0,3237.0,0
1.274,8106.0,6478.0,4867.0,8101.5,6473.5,4864.5,5000.0,5000.0,3000.0,-9.125,0.5,-8.875,700.0,900.0,0.0,0.9250000000000007,0.3750000000000003,0.0,3239.0,0
1.2750000000000001,8112.0,6482.0,4871.0,8106.5,6478.5,4867.5,6000.0,4000.0,4000.0,-7.875,0.5,-8.125,700.0,900.0,0.0,0.9260000000000007,0.3760000000000003,0.0,3241.0,0
1.276,8117.0,6486.0,4874.0,8112.5,6482.5,4871.5,5000.0,4000.0,3000.0,-8.875,0.5,-9.125,700.0,900.0,0.0,0.9270000000000007,0.3770000000000003,0.0,3243.0,0
1.2770000000000001,8122.0,6491.0,4877.0,8117.5,6486.5,4874.5,5000.0,5000.0,3000.0,-8.875,0.5,-9.125,700.0,900.0,0.0,0.9280000000000007,0.3780000000000003,0.0,3245.0,0
1.278,8128.0,6495.0,4880.0,8122.5,6491.5,4877.5,6000.0,4000.0,3000.0,-7.625,0.5,-8.375,700.0,900.0,0.0,0.9290000000000007,0.3790000000000003,0.0,3248.0,0
1.2790000000000001,8133.0,6499.0,4884.0,8128.5,6495.5,4880.5,5000.0,4000.0,4000.0,-8.625,0.5,-8.375,700.0,900.0,0.0,0.9300000000000007,0.3800000000000003,0.0,3249.0,0
1.28,8139.0,6504.0,4887.0,8133.5,6499.5,4884.5,6000.0,5000.0,3000.0,-8.625,0.5,-9.375,700.0,900.0,0.0,0.9310000000000007,0.3810000000000003,0.0,3252.0,0
1.281,8144.0,6508.0,4890.0,8139.5,6504.5,4887.5,5000.0,4000.0,3000.0,-8.375,0.5,-8.625,700.0,900.0,0.0,0.9320000000000007,0.3820000000000003,0.0,3254.0,0
1.282,8149.0,6512.0,4893.0,8144.5,6508.5,4890.5,5000.0,4000.0,3000.0,-8.375,0.5,-8.625,700.0,900.0,0.0,0.9330000000000007,0.3830000000000003,0.0,3256.0,0
1.283,8155.0,6517.0,4897.0,8149.5,6512.5,4893.5,6000.0,5000.0,4000.0,-8.375,0.5,-8.625,700.0,900.0,0.0,0.9340000000000007,0.3840000000000003,0.0,3258.0,0
1.284,8160.0,6521.0,4900.0,8155.5,6517.5,4897.5,5000.0,4000.0,3000.0,-8.125,0.5,-8.875,700.0,900.0,0.0,0.9350000000000007,0.3850000000000003,0.0,3260.0,0
1.285,8166.0,6525.0,4903.0,8160.5,6521.5,4900.5,6000.0,4000.0,3000.0,-8.125,0.5,-8.875,700.0,900.0,0.0,0.9360000000000007,0.3860000000000003,0.0,3263.0,0
1.286,8171.0,6529.0,4906.0,8166.5,6525.5,4903.5,5000.0,4000.0,3000.0,-9.125,0.5,-8.875,700.0,900.0,0.0,0.9370000000000007,0.3870000000000003,0.0,3265.0,0
1.287,8176.0,6534.0,4909.0,8171.5,6529.5,4906.5,5000.0,5000.0,3000.0,-9.125,0.5,-8.875,700.0,900.0,0.0,0.9380000000000007,0.3880000000000003,0.0,3267.0,0
1.288,8182.0,6538.0,4913.0,8176.5,6534.5,4909.5,6000.0,4000.0,4000.0,-7.875,0.5,-8.125,700.0,900.0,0.0,0.9390000000000007,0.3890000000000003,0.0,3269.0,0
1.289,8187.0,6542.0,4916.0,8182.5,6538.5,4913.5,5000.0,4000.0,3000.0,-8.875,0.5,-9.125,700.0,900.0,0.0,0.9400000000000007,0.3900000000000003,0.0,3271.0,0
1.29,8193.0,6547.0,4919.0,8187.5,6542.5,4916.5,6000.0,5000.0,3000.0,-8.875,0.5,-9.125,700.0,900.0,0.0,0.9410000000000007,0.3910000000000003,0.0,3274.0,0
1.291,8198.0,6551.0,4922.0,8193.5,6547.5,4919.5,5000.0,4000.0,3000.0,-8.625,0.5,-8.375,700.0,900.0,0.0,0.9420000000000007,0.3920000000000003,0.0,3276.0,0
1.292,8203.0,6555.0,4926.0,8198.5,6551.5,4922.5,5000.0,4000.0,4000.0,-8.625,0.5,-8.375,700.0,900.0,0.0,0.9430000000000007,0.3930000000000003,0.0,3277.0,0
1.293,8209.0,6560.0,4929.0,8203.5,6555.5,4926.5,6000.0,5000.0,3000.0,-8.625,0.5,-9.375,700.0,900.0,0.0,0.9440000000000007,0.3940000000000003,0.0,3280.0,0
1.294,8214.0,6564.0,4932.0,8209.5,6560.5,4929.5,5000.0,4000.0,3000.0,-8.375,0.5,-8.625,700.0,900.0,0.0,0.9450000000000007,0.3950000000000003,0.0,3282.0,0
1.295,8220.0,6568.0,4935.0,8214.5,6564.5,4932.5,6000.0,4000.0,3000.0,-8.375,0.5,-8.625,700.0,900.0,0.0,0.9460000000000007,0.3960000000000003,0.0,3285.0,0
1.296,8225.0,6573.0,4939.0,8220.5,6568.5,4935.5,5000.0,5000.0,4000.0,-9.375,0.5,-8.625,700.0,900.0,0.0,0.9470000000000007,0.3970000000000003,0.0,3286.0,0
1.297,8230.0,6577.0,4942.0,8225.5,6573.5,4939.5,5000.0,4000.0,3000.0,-8.125,0.5,-8.875,700.0,900.0,0.0,0.9480000000000007,0.3980000000000003,0.0,3288.0,0
1.298,8236.0,6581.0,4945.0,8230.5,6577.5,4942.5,6000.0,4000.0,3000.0,-8.125,0.5,-8.875,700.0,900.0,0.0,0.9490000000000007,0.3990000000000003,0.0,3291.0,0
1.299,8241.0,6586.0,4948.0,8236.5,6581.5,4945.5,5000.0,5000.0,3000.0,-9.125,0.5,-8.875,700.0,900.0,0.0,0.9500000000000007,0.4000000000000003,0.0,3293.0,0
1.3,8247.0,6590.0,4952.0,8241.5,6586.5,4948.5,6000.0,4000.0,4000.0,-7.875,0.5,-8.125,700.0,900.0,0.0,0.9510000000000007,0.4010000000000003,0.0,3295.0,0
1.301,8252.0,6594.0,4955.0,8247.5,6590.5,4952.5,5000.0,4000.0,3000.0,-8.875,0.5,-9.125,700.0,900.0,0.0,0.9520000000000007,0.4020000000000003,0.0,3297.0,0
1.302,8257.0,6599.0,4958.0,8252.5,6594.5,4955.5,5000.0,5000.0,3000.0,-8.875,0.5,-9.125,700.0,900.0,0.0,0.9530000000000007,0.4030000000000003,0.0,3299.0,0
1.303,8263.0,6603.0,4961.0,8257.5,6599.5,4958.5,6000.0,4000.0,3000.0,-7.625,0.5,-8.375,700.0,900.0,0.0,0.9540000000000007,0.4040000000000003,0.0,3302.0,0
1.304,8268.0,6607.0,4965.0,8263.5,6603.5,4961.5,5000.0,4000.0,4000.0,-8.625,0.5,-8.375,700.0,900.0,0.0,0.9550000000000007,0.4050000000000003,0.0,3303.0,0
1.305,8274.0,6612.0,4968.0,8268.5,6607.5,4965.5,6000.0,5000.0,3000.0,-8.625,0.5,-9.375,700.0,900.0,0.0,0.9560000000000007,0.4060000000000003,0.0,3306.0,0
1.306,8279.0,6616.0,4971.0,8274.5,6612.5,4968.5,5000.0,4000.0,3000.0,-8.375,0.5,-8.625,700.0,900.0,0.0,0.9570000000000007,0.4070000000000003,0.0,3308.0,0
1.307,8284.0,6620.0,4974.0,8279.5,6616.5,4971.5,5000.0,4000.0,3000.0,-8.375,0.5,-8.625,700.0,900.0,0.0,0.9580000000000007,0.4080000000000003,0.0,3310.0,0
1.308,8290.0,6625.0,4978.0,8284.5,6620.5,4974.5,6000.0,5000.0,4000.0,-8.375,0.5,-8.625,700.0,900.0,0.0,0.9590000000000007,0.4090000000000003,0.0,3312.0,0
1.309,8295.0,6629.0,4981.0,8290.5,6625.5,4978.5,5000.0,4000.0,3000.0,-8.125,0.5,-8.875,700.0,900.0,0.0,0.9600000000000007,0.4100000000000003,0.0,3314.0,0
1.31,8301.0,6633.0,4984.0,8295.5,6629.5,4981.5,6000.0,4000.0,3000.0,-8.125,0.5,-8.875,700.0,900.0,0.0,0.9610000000000007,0.4110000000000003,0.0,3317.0,0
1.311,8306.0,6638.0,4987.0,8301.5,6633.5,4984.5,5000.0,5000.0,3000.0,-9.125,0.5,-8.875,700.0,900.0,0.0,0.9620000000000007,0.4120000000000003,0.0,3319.0,0
1.312,8311.0,6642.0,4990.0,8306.5,6638.5,4987.5,5000.0,4000.0,3000.0,-7.875,0.5,-8.125,700.0,900.0,0.0,0.9630000000000007,0.4130000000000003,0.0,3321.0,0
1.313,8317.0,6646.0,4994.0,8311.5,6642.5,4990.5,6000.0,4000.0,4000.0,-7.875,0.5,-8.125,700.0,900.0,0.0,0.9640000000000007,0.4140000000000003,0.0,3323.0,0
1.314,8322.0,6651.0,4997.0,8317.5,6646.5,4994.5,5000.0,5000.0,3000.0,-8.875,0.5,-9.125,700.0,900.0,0.0,0.9650000000000007,0.4150000000000003,0.0,3325.0,0
1.315,8327.0,6655.0,5000.0,8322.5,6651.5,4997.5,5000.0,4000.0,3000.0,-7.625,0.5,-8.375,700.0,900.0,0.0,0.9660000000000007,0.4160000000000003,0.0,3327.0,0
1.316,8333.0,6659.0,5003.0,8327.5,6655.5,5000.5,6000.0,4000.0,3000.0,-7.625,0.5,-8.375,700.0,900.0,0.0,0.9670000000000007,0.4170000000000003,0.0,3330.0,0
1.317,8338.0,6663.0,5007.0,8333.5,6659.5,5003.5,5000.0,4000.0,4000.0,-8.625,0.5,-8.375,700.0,900.0,0.0,0.9680000000000007,0.4180000000000003,0.0,3331.0,0
1.318,8344.0,6668.0,5010.0,8338.5,6663.5,5007.5,6000.0,5000.0,3000.0,-8.625,0.5,-9.375,700.0,900.0,0.0,0.9690000000000007,0.4190000000000003,0.0,3334.0,0
1.319,8349.0,6672.0,5013.0,8344.5,6668.5,5010.5,5000.0,4000.0,3000.0,-8.375,0.5,-8.625,700.0,900.0,0.0,0.9700000000000008,0.4200000000000003,0.0,3336.0,0
1.32,8354.0,6676.0,5016.0,8349.5,6672.5,5013.5,5000.0,4000.0,3000.0,-8.375,0.5,-8.625,700.0,900.0,0.0,0.9710000000000008,0.4210000000000003,0.0,3338.0,0
1.321,8360.0,6681.0,5020.0,8354.5,6676.5,5016.5,6000.0,5000.0,4000.0,-8.375,0.5,-8.625,700.0,900.0,0.0,0.9720000000000008,0.4220000000000003,0.0,3340.0,0
1.322,8365.0,6685.0,5023.0,8360.5,6681.5,5020.5,5000.0,4000.0,3000.0,-8.125,0.5,-8.875,700.0,900.0,0.0,0.9730000000000008,0.4230000000000003,0.0,3342.0,0
1.323,8371.0,6689.0,5026.0,8365.5,6685.5,5023.5,6000.0,4000.0,3000.0,-8.125,0.5,-8.875,700.0,900.0,0.0,0.9740000000000008,0.4240000000000003,0.0,3345.0,0
1.324,8376.0,6694.0,5029.0,8371.5,6689.5,5026.5,5000.0,5000.0,3000.0,-9.125,0.5,-8.875,700.0,900.0,0.0,0.9750000000000008,0.4250000000000003,0.0,3347.0,0
1.325,8381.0,6698.0,5033.0,8376.5,6694.5,5029.5,5000.0,4000.0,4000.0,-7.875,0.5,-8.125,700.0,900.0,0.0,0.9760000000000008,0.4260000000000003,0.0,3348.0,0
1.326,8387.0,6702.0,5036.0,8381.5,6698.5,5033.5,6000.0,4000.0,3000.0,-7.875,0.5,-9.125,700.0,900.0,0.0,0.9770000000000008,0.4270000000000003,0.0,3351.0,0
1.327,8392.0,6707.0,5039.0,8387.5,6702.5,5036.5,5000.0,5000.0,3000.0,-8.875,0.5,-9.125,700.0,900.0,0.0,0.9780000000000008,0.4280000000000003,0.0,3353.0,0
1.328,8398.0,6711.0,5042.0,8392.5,6707.5,5039.5,6000.0,4000.0,3000.0,-7.625,0.5,-8.375,700.0,900.0,0.0,0.9790000000000008,0.4290000000000003,0.0,3356.0,0
1.329,8403.0,6715.0,5046.0,8398.5,6711.5,5042.5,5000.0,4000.0,4000.0,-8.625,0.5,-8.375,700.0,900.0,0.0,0.9800000000000008,0.4300000000000003,0.0,3357.0,0
1.33,8408.0,6720.0,5049.0,8403.5,6715.5,5046.5,5000.0,5000.0,3000.0,-8.625,0.5,-9.375,700.0,900.0,0.0,0.9810000000000008,0.4310000000000003,0.0,3359.0,0
1.331,8414.0,6724.0,5052.0,8408.5,6720.5,5049.5,6000.0,4000.0,3000.0,-7.375,0.5,-8.625,700.0,900.0,0.0,0.9820000000000008,0.43200000000000033,0.0,3362.0,0
1.332,8419.0,6728.0,5055.0,8414.5,6724.5,5052.5,5000.0,4000.0,3000.0,-8.375,0.5,-8.625,700.0,900.0,0.0,0.9830000000000008,0.43300000000000033,0.0,3364.0,0
1.333,8425.0,6733.0,5059.0,8419.5,6728.5,5055.5,6000.0,5000.0,4000.0,-8.375,0.5,-8.625,700.0,900.0,0.0,0.9840000000000008,0.43400000000000033,0.0,3366.0,0
1.334,8430.0,6737.0,5062.0,8425.5,6733.5,5059.5,5000.0,4000.0,3000.0,-8.125,0.5,-8.875,700.0,900.0,0.0,0.9850000000000008,0.43500000000000033,0.0,3368.0,0
1.335,8435.0,6741.0,5065.0,8430.5,6737.5,5062.5,5000.0,4000.0,3000.0,-8.125,0.5,-8.875,700.0,900.0,0.0,0.9860000000000008,0.43600000000000033,0.0,3370.0,0
1.336,8441.0,6746.0,5068.0,8435.5,6741.5,5065.5,6000.0,5000.0,3000.0,-8.125,0.5,-8.875,700.0,900.0,0.0,0.9870000000000008,0.43700000000000033,0.0,3373.0,0
1.337,8446.0,6750.0,5071.0,8441.5,6746.5,5068.5,5000.0,4000.0,3000.0,-7.875,0.5,-8.125,700.0,900.0,0.0,0.9880000000000008,0.43800000000000033,0.0,3375.0,0
1.338,8452.0,6754.0,5075.0,8446.5,6750.5,5071.5,6000.0,4000.0,4000.0,-7.875,0.5,-8.125,700.0,900.0,0.0,0.9890000000000008,0.43900000000000033,0.0,3377.0,0
1.339,8457.0,6759.0,5078.0,8452.5,6754.5,5075.5,5000.0,5000.0,3000.0,-8.875,0.5,-9.125,700.0,900.0,0.0,0.9900000000000008,0.44000000000000034,0.0,3379.0,0
1.34,8462.0,6763.0,5081.0,8457.5,6759.5,5078.5,5000.0,4000.0,3000.0,-7.625,0.5,-8.375,700.0,900.0,0.0,0.9910000000000008,0.44100000000000034,0.0,3381.0,0
1.341,8468.0,6767.0,5084.0,8462.5,6763.5,5081.5,6000.0,4000.0,3000.0,-7.625,0.5,-8.375,700.0,900.0,0.0,0.9920000000000008,0.44200000000000034,0.0,3384.0,0
1.342,8473.0,6772.0,5088.0,8468.5,6767.5,5084.5,5000.0,5000.0,4000.0,-8.625,0.5,-8.375,700.0,900.0,0.0,0.9930000000000008,0.44300000000000034,0.0,3385.0,0
1.343,8479.0,6776.0,5091.0,8473.5,6772.5,5088.5,6000.0,4000.0,3000.0,-7.375,0.5,-8.625,700.0,900.0,0.0,0.9940000000000008,0.44400000000000034,0.0,3388.0,0
1.344,8484.0,6780.0,5094.0,8479.5,6776.5,5091.5,5000.0,4000.0,3000.0,-8.375,0.5,-8.625,700.0,900.0,0.0,0.9950000000000008,0.44500000000000034,0.0,3390.0,0
1.345,8489.0,6784.0,5097.0,8484.5,6780.5,5094.5,5000.0,4000.0,3000.0,-8.375,0.5,-8.625,700.0,900.0,0.0,0.9960000000000008,0.44600000000000034,0.0,3392.0,0
1.346,8495.0,6789.0,5101.0,8489.5,6784.5,5097.5,6000.0,5000.0,4000.0,-8.375,0.5,-8.625,700.0,900.0,0.0,0.9970000000000008,0.44700000000000034,0.0,3394.0,0
1.347,8500.0,6793.0,5104.0,8495.5,6789.5,5101.5,5000.0,4000.0,3000.0,-8.125,0.5,-8.875,700.0,900.0,0.0,0.9980000000000008,0.44800000000000034,0.0,3396.0,0
1.348,8506.0,6797.0,5107.0,8500.5,6793.5,5104.5,6000.0,4000.0,3000.0,-8.125,0.5,-8.875,700.0,900.0,0.0,0.9990000000000008,0.44900000000000034,0.0,3399.0,0
1.349,8511.0,6802.0,5110.0,8506.5,6797.5,5107.5,5000.0,5000.0,3000.0,-9.125,0.5,-8.875,700.0,900.0,0.0,1.0000000000000007,0.45000000000000034,0.0,3401.0,0
1.35,8516.0,6806.0,5114.0,8511.5,6802.5,5110.5,5000.0,4000.0,4000.0,-7.875,0.5,-8.125,700.0,900.0,0.0,1.0010000000000006,0.45100000000000035,0.0,3402.0,0
1.351,8522.0,6810.0,5117.0,8516.5,6806.5,5114.5,6000.0,4000.0,3000.0,-7.875,0.5,-9.125,700.0,900.0,0.0,1.0020000000000004,0.45200000000000035,0.0,3405.0,0
1.352,8527.0,6815.0,5120.0,8522.5,6810.5,5117.5,5000.0,5000.0,3000.0,-8.875,0.5,-9.125,700.0,900.0,0.0,1.0030000000000003,0.45300000000000035,0.0,3407.0,0
1.353,8533.0,6819.0,5123.0,8527.5,6815.5,5120.5,6000.0,4000.0,3000.0,-7.625,0.5,-8.375,700.0,900.0,0.0,1.0040000000000002,0.45400000000000035,0.0,3410.0,0
1.354,8538.0,6823.0,5127.0,8533.5,6819.5,5123.5,5000.0,4000.0,4000.0,-8.625,0.5,-8.375,700.0,900.0,0.0,1.0050000000000001,0.45500000000000035,0.0,3411.0,0
1.355,8543.0,6828.0,5130.0,8538.5,6823.5,5127.5,5000.0,5000.0,3000.0,-8.625,0.5,-9.375,700.0,900.0,0.0,1.006,0.45600000000000035,0.0,3413.0,0
1.356,8549.0,6832.0,5133.0,8543.5,6828.5,5130.5,6000.0,4000.0,3000.0,-7.375,0.5,-8.625,700.0,900.0,0.0,1.007,0.45700000000000035,0.0,3416.0,0
1.357,8554.0,6836.0,5136.0,8549.5,6832.5,5133.5,5000.0,4000.0,3000.0,-8.375,0.5,-8.625,700.0,900.0,0.0,1.0079999999999998,0.45800000000000035,0.0,3418.0,0
1.358,8560.0,6841.0,5140.0,8554.5,6836.5,5136.5,6000.0,5000.0,4000.0,-8.375,0.5,-8.625,700.0,900.0,0.0,1.0089999999999997,0.45900000000000035,0.0,3420.0,0
1.359,8565.0,6845.0,5143.0,8560.5,6841.5,5140.5,5000.0,4000.0,3000.0,-8.125,0.5,-8.875,700.0,900.0,0.0,1.0099999999999996,0.46000000000000035,0.0,3422.0,0
1.36,8570.0,6849.0,5146.0,8565.5,6845.5,5143.5,5000.0,4000.0,3000.0,-8.125,0.5,-8.875,700.0,900.0,0.0,1.0109999999999995,0.46100000000000035,0.0,3424.0,0
1.361,8576.0,6854.0,5149.0,8570.5,6849.5,5146.5,6000.0,5000.0,3000.0,-8.125,0.5,-8.875,700.0,900.0,0.0,1.0119999999999993,0.46200000000000035,0.0,3427.0,0
1.362,8581.0,6858.0,5152.0,8576.5,6854.5,5149.5,5000.0,4000.0,3000.0,-7.875,0.5,-8.125,700.0,900.0,0.0,1.0129999999999992,0.46300000000000036,0.0,3429.0,0
1.363,8587.0,6862.0,5156.0,8581.5,6858.5,5152.5,6000.0,4000.0,4000.0,-7.875,0.5,-8.125,700.0,900.0,0.0,1.0139999999999991,0.46400000000000036,0.0,3431.0,0
1.364,8592.0,6867.0,5159.0,8587.5,6862.5,5156.5,5000.0,5000.0,3000.0,-8.875,0.5,-9.125,700.0,900.0,0.0,1.014999999999999,0.46500000000000036,0.0,3433.0,0
1.365,8597.0,6871.0,5162.0,8592.5,6867.5,5159.5,5000.0,4000.0,3000.0,-7.625,0.5,-8.375,700.0,900.0,0.0,1.015999999999999,0.46600000000000036,0.0,3435.0,0
1.366,8603.0,6875.0,5165.0,8597.5,6871.5,5162.5,6000.0,4000.0,3000.0,-7.625,0.5,-8.375,700.0,900.0,0.0,1.0169999999999988,0.46700000000000036,0.0,3438.0,0
1.367,8608.0,6880.0,5169.0,8603.5,6875.5,5165.5,5000.0,5000.0,4000.0,-8.625,0.5,-8.375,700.0,900.0,0.0,1.0179999999999987,0.46800000000000036,0.0,3439.0,0
1.368,8614.0,6884.0,5172.0,8608.5,6880.5,5169.5,6000.0,4000.0,3000.0,-7.375,0.5,-8.625,700.0,900.0,0.0,1.0189999999999986,0.46900000000000036,0.0,3442.0,0
1.369,8619.0,6888.0,5175.0,8614.5,6884.5,5172.5,5000.0,4000.0,3000.0,-8.375,0.5,-8.625,700.0,900.0,0.0,1.0199999999999985,0.47000000000000036,0.0,3444.0,0
1.37,8624.0,6893.0,5178.0,8619.5,6888.5,5175.5,5000.0,5000.0,3000.0,-8.375,0.5,-8.625,700.0,900.0,0.0,1.0209999999999984,0.47100000000000036,0.0,3446.0,0
1.371,8630.0,6897.0,5182.0,8624.5,6893.5,5178.5,6000.0,4000.0,4000.0,-7.125,0.5,-7.875,700.0,900.0,0.0,1.0219999999999982,0.47200000000000036,0.0,3448.0,0
1.372,8635.0,6901.0,5185.0,8630.5,6897.5,5182.5,5000.0,4000.0,3000.0,-8.125,0.5,-8.875,700.0,900.0,0.0,1.0229999999999981,0.47300000000000036,0.0,3450.0,0
1.373,8641.0,6906.0,5188.0,8635.5,6901.5,5185.5,6000.0,5000.0,3000.0,-8.125,0.5,-8.875,700.0,900.0,0.0,1.023999999999998,0.47400000000000037,0.0,3453.0,0
1.374,8646.0,6910.0,5191.0,8641.5,6906.5,5188.5,5000.0,4000.0,3000.0,-7.875,0.5,-8.125,700.0,900.0,0.0,1.024999999999998,0.47500000000000037,0.0,3455.0,0
1.375,8651.0,6914.0,5195.0,8646.5,6910.5,5191.5,5000.0,4000.0,4000.0,-7.875,0.5,-8.125,700.0,900.0,0.0,1.0259999999999978,0.47600000000000037,0.0,3456.0,0
1.3760000000000001,8657.0,6918.0,5198.0,8651.5,6914.5,5195.5,6000.0,4000.0,3000.0,-7.875,0.5,-9.125,700.0,900.0,0.0,1.0269999999999977,0.47700000000000037,0.0,3459.0,0
1.377,8662.0,6923.0,5201.0,8657.5,6918.5,5198.5,5000.0,5000.0,3000.0,-8.875,0.5,-9.125,700.0,900.0,0.0,1.0279999999999976,0.47800000000000037,0.0,3461.0,0
1.3780000000000001,8668.0,6927.0,5204.0,8662.5,6923.5,5201.5,6000.0,4000.0,3000.0,-7.625,0.5,-8.375,700.0,900.0,0.0,1.0289999999999975,0.47900000000000037,0.0,3464.0,0
1.379,8673.0,6931.0,5208.0,8668.5,6927.5,5204.5,5000.0,4000.0,4000.0,-8.625,0.5,-8.375,700.0,900.0,0.0,1.0299999999999974,0.48000000000000037,0.0,3465.0,0
1.3800000000000001,8678.0,6936.0,5211.0,8673.5,6931.5,5208.5,5000.0,5000.0,3000.0,-8.625,0.5,-9.375,700.0,900.0,0.0,1.0309999999999973,0.48100000000000037,0.0,3467.0,0
1.381,8684.0,6940.0,5214.0,8678.5,6936.5,5211.5,6000.0,4000.0,3000.0,-7.375,0.5,-8.625,700.0,900.0,0.0,1.0319999999999971,0.4820000000000004,0.0,3470.0,0
1.3820000000000001,8689.0,6944.0,5217.0,8684.5,6940.5,5214.5,5000.0,4000.0,3000.0,-8.375,0.5,-8.625,700.0,900.0,0.0,1.032999999999997,0.4830000000000004,0.0,3472.0,0
1.383,8695.0,6949.0,5221.0,8689.5,6944.5,5217.5,6000.0,5000.0,4000.0,-8.375,0.5,-8.625,700.0,900.0,0.0,1.033999999999997,0.4840000000000004,0.0,3474.0,0
1.3840000000000001,8700.0,6953.0,5224.0,8695.5,6949.5,5221.5,5000.0,4000.0,3000.0,-8.125,0.5,-8.875,700.0,900.0,0.0,1.0349999999999968,0.4850000000000004,0.0,3476.0,0
1.385,8705.0,6957.0,5227.0,8700.5,6953.5,5224.5,5000.0,4000.0,3000.0,-8.125,0.5,-8.875,700.0,900.0,0.0,1.0359999999999967,0.4860000000000004,0.0,3478.0,0
1.3860000000000001,8711.0,6962.0,5230.0,8705.5,6957.5,5227.5,6000.0,5000.0,3000.0,-8.125,0.5,-8.875,700.0,900.0,0.0,1.0369999999999966,0.4870000000000004,0.0,3481.0,0
1.387,8716.0,6966.0,5233.0,8711.5,6962.5,5230.5,5000.0,4000.0,3000.0,-7.875,0.5,-8.125,700.0,900.0,0.0,1.0379999999999965,0.4880000000000004,0.0,3483.0,0
1.3880000000000001,8722.0,6970.0,5237.0,8716.5,6966.5,5233.5,6000.0,4000.0,4000.0,-7.875,0.5,-8.125,700.0,900.0,0.0,1.0389999999999964,0.4890000000000004,0.0,3485.0,0
1.389,8727.0,6975.0,5240.0,8722.5,6970.5,5237.5,5000.0,5000.0,3000.0,-8.875,0.5,-9.125,700.0,900.0,0.0,1.0399999999999963,0.4900000000000004,0.0,3487.0,0
1.3900000000000001,8732.0,6979.0,5243.0,8727.5,6975.5,5240.5,5000.0,4000.0,3000.0,-7.625,0.5,-8.375,700.0,900.0,0.0,1.0409999999999962,0.4910000000000004,0.0,3489.0,0
1.391,8738.0,6983.0,5246.0,8732.5,6979.5,5243.5,6000.0,4000.0,3000.0,-7.625,0.5,-8.375,700.0,900.0,0.0,1.041999999999996,0.4920000000000004,0.0,3492.0,0
1.3920000000000001,8743.0,6988.0,5250.0,8738.5,6983.5,5246.5,5000.0,5000.0,4000.0,-8.625,0.5,-8.375,700.0,900.0,0.0,1.042999999999996,0.4930000000000004,0.0,3493.0,0
1.393,8749.0,6992.0,5253.0,8743.5,6988.5,5250.5,6000.0,4000.0,3000.0,-7.375,0.5,-8.625,700.0,900.0,0.0,1.0439999999999958,0.4940000000000004,0.0,3496.0,0
1.3940000000000001,8754.0,6996.0,5256.0,8749.5,6992.5,5253.5,5000.0,4000.0,3000.0,-8.375,0.5,-8.625,700.0,900.0,0.0,1.0449999999999957,0.4950000000000004,0.0,3498.0,0
1.395,8759.0,7001.0,5259.0,8754.5,6996.5,5256.5,5000.0,5000.0,3000.0,-8.375,0.5,-8.625,700.0,900.0,0.0,1.0459999999999956,0.4960000000000004,0.0,3500.0,0
1.3960000000000001,8765.0,7005.0,5263.0,8759.5,7001.5,5259.5,6000.0,4000.0,4000.0,-7.125,0.5,-7.875,700.0,900.0,0.0,1.0469999999999955,0.4970000000000004,0.0,3502.0,0
1.397,8770.0,7009.0,5266.0,8765.5,7005.5,5263.5,5000.0,4000.0,3000.0,-8.125,0.5,-8.875,700.0,900.0,0.0,1.0479999999999954,0.4980000000000004,0.0,3504.0,0
1.3980000000000001,8775.0,7014.0,5269.0,8770.5,7009.5,5266.5,5000.0,5000.0,3000.0,-8.125,0.5,-8.875,700.0,900.0,0.0,1.0489999999999953,0.4990000000000004,0.0,3506.0,0
1.399,8781.0,7018.0,5272.0,8775.5,7014.5,5269.5,6000.0,4000.0,3000.0,-6.875,0.5,-8.125,700.0,900.0,0.0,1.0499999999999952,0.5000000000000003,0.0,3509.0,0
1.4000000000000001,8786.0,7022.0,5275.0,8781.5,7018.5,5272.5,5000.0,4000.0,3000.0,-7.875,0.5,-8.125,700.0,900.0,900.0,1.050999999999995,0.5010000000000003,0.001,3511.0,0
1.401,8792.0,7027.0,5277.0,8786.5,7022.5,5275.5,6000.0,5000.0,2000.0,-7.875,0.5,-8.125,700.0,900.0,900.0,1.051999999999995,0.5020000000000003,0.002,3515.0,0
1.4020000000000001,8797.0,7031.0,5279.0,8792.5,7027.5,5277.5,5000.0,4000.0,2000.0,-7.625,0.5,-6.375,700.0,900.0,900.0,1.0529999999999948,0.5030000000000003,0.003,3518.0,0
1.403,8802.0,7035.0,5282.0,8797.5,7031.5,5279.5,5000.0,4000.0,3000.0,-7.625,0.5,-5.375,700.0,900.0,900.0,1.0539999999999947,0.5040000000000003,0.004,3520.0,0
1.4040000000000001,8808.0,7039.0,5284.0,8802.5,7035.5,5282.5,6000.0,4000.0,2000.0,-7.625,0.5,-5.375,700.0,900.0,900.0,1.0549999999999946,0.5050000000000003,0.005,3524.0,0
1.405,8813.0,7044.0,5286.0,8808.5,7039.5,5284.5,5000.0,5000.0,2000.0,-8.625,0.5,-4.375,700.0,900.0,900.0,1.0559999999999945,0.5060000000000003,0.006,3527.0,0
1.4060000000000001,8819.0,7048.0,5289.0,8813.5,7044.5,5286.5,6000.0,4000.0,3000.0,-7.375,0.5,-2.625,700.0,900.0,900.0,1.0569999999999944,0.5070000000000003,0.007,3530.0,0
1.407,8824.0,7052.0,5291.0,8819.5,7048.5,5289.5,5000.0,4000.0,2000.0,-8.375,0.5,-2.625,700.0,900.0,900.0,1.0579999999999943,0.5080000000000003,0.008,3533.0,0
1.408,8829.0,7057.0,5293.0,8824.5,7052.5,5291.5,5000.0,5000.0,2000.0,-8.375,0.5,-1.625,700.0,900.0,900.0,1.0589999999999942,0.5090000000000003,0.009000000000000001,3536.0,0
1.409,8835.0,7061.0,5296.0,8829.5,7057.5,5293.5,6000.0,4000.0,3000.0,-7.125,0.5,0.125,700.0,900.0,900.0,1.059999999999994,0.5100000000000003,0.010000000000000002,3539.0,0
1.41,8840.0,7065.0,5298.0,8835.5,7061.5,5296.5,5000.0,4000.0,2000.0,-8.125,0.5,0.125,700.0,900.0,900.0,1.060999999999994,0.5110000000000003,0.011000000000000003,3542.0,0
1.411,8846.0,7070.0,5300.0,8840.5,7065.5,5298.5,6000.0,5000.0,2000.0,-9.16666666666606,-0.33333333333303017,0.5,700.0,900.0,900.0,1.0619999999999938,0.5120000000000003,0.012000000000000004,3546.0,0
1.412,8851.0,7074.0,5303.0,8846.5,7070.5,5300.5,5000.0,4000.0,3000.0,-11.83333333333394,-2.66666666666697,0.5,700.0,900.0,900.0,1.0629999999999937,0.5130000000000003,0.013000000000000005,3548.0,0
1.413,8856.0,7078.0,5305.0,8851.5,7074.5,5303.5,5000.0,4000.0,2000.0,-11.83333333333394,-2.66666666666697,0.5,700.0,900.0,900.0,1.0639999999999936,0.5140000000000003,0.014000000000000005,3551.0,0
1.414,8861.0,7083.0,5307.0,8856.5,7078.5,5305.5,5000.0,5000.0,2000.0,-13.5,-4.0,0.5,700.0,900.0,900.0,1.0649999999999935,0.5150000000000003,0.015000000000000006,3554.0,0
1.415,8865.0,7087.0,5310.0,8861.5,7083.5,5307.5,4000.0,4000.0,3000.0,-15.16666666666606,-6.33333333333303,0.5,700.0,900.0,900.0,1.0659999999999934,0.5160000000000003,0.016000000000000007,3555.0,0
1.416,8870.0,7091.0,5312.0,8865.5,7087.5,5310.5,5000.0,4000.0,2000.0,-14.16666666666606,-6.33333333333303,0.5,700.0,900.0,900.0,1.0669999999999933,0.5170000000000003,0.017000000000000008,3558.0,0
1.417,8875.0,7096.0,5314.0,8870.5,7091.5,5312.5,5000.0,5000.0,2000.0,-15.83333333333394,-7.66666666666697,0.5,700.0,900.0,900.0,1.0679999999999932,0.5180000000000003,0.01800000000000001,3561.0,0
1.418,8880.0,7100.0,5317.0,8875.5,7096.5,5314.5,5000.0,4000.0,3000.0,-17.5,-10.0,0.5,700.0,900.0,900.0,1.068999999999993,0.5190000000000003,0.01900000000000001,3563.0,0
1.419,8884.0,7104.0,5319.0,8880.5,7100.5,5317.5,4000.0,4000.0,2000.0,-17.5,-10.0,0.5,700.0,900.0,900.0,1.069999999999993,0.5200000000000004,0.02000000000000001,3565.0,0
1.42,8889.0,7107.0,5321.0,8884.5,7104.5,5319.5,5000.0,3000.0,2000.0,-18.16666666666606,-11.33333333333303,0.5,700.0,900.0,900.0,1.0709999999999928,0.5210000000000004,0.02100000000000001,3568.0,0
1.421,8893.0,7111.0,5324.0,8889.5,7107.5,5321.5,4000.0,4000.0,3000.0,-19.83333333333394,-11.66666666666697,0.5,700.0,900.0,900.0,1.0719999999999927,0.5220000000000004,0.022000000000000013,3569.0,0
1.422,8898.0,7114.0,5326.0,8893.5,7111.5,5324.5,5000.0,3000.0,2000.0,-18.83333333333394,-11.66666666666697,0.5,700.0,900.0,900.0,1.0729999999999926,0.5230000000000004,0.023000000000000013,3572.0,0
1.423,8902.0,7118.0,5329.0,8898.5,7114.5,5326.5,4000.0,4000.0,3000.0,-20.5,-12.0,0.5,700.0,900.0,900.0,1.0739999999999925,0.5240000000000004,0.024000000000000014,3573.0,0
1.424,8907.0,7121.0,5331.0,8902.5,7118.5,5329.5,5000.0,3000.0,2000.0,-19.5,-12.0,0.5,700.0,900.0,900.0,1.0749999999999924,0.5250000000000004,0.025000000000000015,3576.0,0
1.425,8911.0,7124.0,5333.0,8907.5,7121.5,5331.5,4000.0,3000.0,2000.0,-21.16666666666606,-12.33333333333303,0.5,700.0,900.0,900.0,1.0759999999999923,0.5260000000000004,0.026000000000000016,3578.0,0
1.426,8916.0,7128.0,5336.0,8911.5,7124.5,5333.5,5000.0,4000.0,3000.0,-21.83333333333394,-12.66666666666697,0.5,700.0,900.0,900.0,1.0769999999999922,0.5270000000000004,0.027000000000000017,3580.0,0
1.427,8920.0,7131.0,5338.0,8916.5,7128.5,5336.5,4000.0,3000.0,2000.0,-21.83333333333394,-12.66666666666697,0.5,700.0,900.0,900.0,1.077999999999992,0.5280000000000004,0.028000000000000018,3582.0,0
1.428,8924.0,7134.0,5340.0,8920.5,7131.5,5338.5,4000.0,3000.0,2000.0,-22.5,-13.0,0.5,700.0,900.0,900.0,1.078999999999992,0.5290000000000004,0.02900000000000002,3584.0,0
1.429,8929.0,7137.0,5343.0,8924.5,7134.5,5340.5,5000.0,3000.0,3000.0,-23.16666666666606,-13.33333333333303,0.5,700.0,900.0,900.0,1.0799999999999919,0.5300000000000004,0.03000000000000002,3586.0,0
1.43,8933.0,7139.0,5345.0,8929.5,7137.5,5343.5,4000.0,2000.0,2000.0,-23.16666666666606,-12.33333333333303,0.5,700.0,900.0,900.0,1.0809999999999917,0.5310000000000004,0.03100000000000002,3588.0,0
1.431,8937.0,7142.0,5347.0,8933.5,7139.5,5345.5,4000.0,3000.0,2000.0,-23.83333333333394,-11.66666666666697,0.5,700.0,900.0,900.0,1.0819999999999916,0.5320000000000004,0.03200000000000002,3590.0,0
1.432,8941.0,7145.0,5350.0,8937.5,7142.5,5347.5,4000.0,3000.0,3000.0,-24.5,-12.0,0.5,700.0,900.0,900.0,1.0829999999999915,0.5330000000000004,0.03300000000000002,3591.0,0
1.433,8945.0,7148.0,5352.0,8941.5,7145.5,5350.5,4000.0,3000.0,2000.0,-23.5,-11.0,0.5,700.0,900.0,900.0,1.0839999999999914,0.5340000000000004,0.03400000000000002,3593.0,0
1.434,8950.0,7151.0,5354.0,8945.5,7148.5,5352.5,5000.0,3000.0,2000.0,-24.16666666666606,-11.33333333333303,0.5,700.0,900.0,900.0,1.0849999999999913,0.5350000000000004,0.035000000000000024,3596.0,0
1.435,8954.0,7153.0,5357.0,8950.5,7151.5,5354.5,4000.0,2000.0,3000.0,-25.83333333333394,-11.66666666666697,0.5,700.0,900.0,900.0,1.0859999999999912,0.5360000000000004,0.036000000000000025,3597.0,0
1.436,8958.0,7156.0,5359.0,8954.5,7153.5,5357.5,4000.0,3000.0,2000.0,-24.83333333333394,-9.66666666666697,0.5,700.0,900.0,900.0,1.086999999999991,0.5370000000000004,0.037000000000000026,3599.0,0
1.437,8962.0,7159.0,5361.0,8958.5,7156.5,5359.5,4000.0,3000.0,2000.0,-25.5,-10.0,0.5,700.0,900.0,900.0,1.087999999999991,0.5380000000000004,0.03800000000000003,3601.0,0
1.438,8966.0,7162.0,5364.0,8962.5,7159.5,5361.5,4000.0,3000.0,3000.0,-26.16666666666606,-10.33333333333303,0.5,700.0,900.0,900.0,1.0889999999999909,0.5390000000000004,0.03900000000000003,3602.0,0
1.439,8970.0,7165.0,5366.0,8966.5,7162.5,5364.5,4000.0,3000.0,2000.0,-25.16666666666606,-9.33333333333303,0.5,700.0,900.0,900.0,1.0899999999999908,0.5400000000000004,0.04000000000000003,3604.0,0
1.44,8974.0,7168.0,5368.0,8970.5,7165.5,5366.5,4000.0,3000.0,2000.0,-25.83333333333394,-9.66666666666697,0.5,700.0,900.0,900.0,1.0909999999999906,0.5410000000000004,0.04100000000000003,3606.0,0
1.441,8978.0,7170.0,5371.0,8974.5,7168.5,5368.5,4000.0,2000.0,3000.0,-26.5,-10.0,0.5,700.0,900.0,900.0,1.0919999999999905,0.5420000000000004,0.04200000000000003,3607.0,0
1.442,8982.0,7174.0,5373.0,8978.5,7170.5,5371.5,4000.0,4000.0,2000.0,-25.5,-8.0,0.5,700.0,900.0,900.0,1.0929999999999904,0.5430000000000004,0.04300000000000003,3609.0,0
1.443,8986.0,7177.0,5375.0,8982.5,7174.5,5373.5,4000.0,3000.0,2000.0,-26.16666666666606,-9.33333333333303,0.5,700.0,900.0,900.0,1.0939999999999903,0.5440000000000004,0.04400000000000003,3611.0,0
1.444,8990.0,7180.0,5378.0,8986.5,7177.5,5375.5,4000.0,3000.0,3000.0,-26.83333333333394,-9.66666666666697,0.5,700.0,900.0,900.0,1.0949999999999902,0.5450000000000004,0.04500000000000003,3612.0,0
1.445,8994.0,7183.0,5380.0,8990.5,7180.5,5378.5,4000.0,3000.0,2000.0,-25.83333333333394,-8.66666666666697,0.5,700.0,900.0,900.0,1.09599999999999,0.5460000000000004,0.046000000000000034,3614.0,0
1.446,8998.0,7186.0,5382.0,8994.5,7183.5,5380.5,4000.0,3000.0,2000.0,-26.5,-9.0,0.5,700.0,900.0,900.0,1.09699999999999,0.5470000000000004,0.047000000000000035,3616.0,0
1.447,9001.0,7189.0,5385.0,8998.5,7186.5,5382.5,3000.0,3000.0,3000.0,-27.16666666666606,-9.33333333333303,0.5,700.0,900.0,900.0,1.0979999999999899,0.5480000000000004,0.048000000000000036,3616.0,0
1.448,9005.0,7192.0,5387.0,9001.5,7189.5,5385.5,4000.0,3000.0,2000.0,-25.16666666666606,-8.33333333333303,0.5,700.0,900.0,900.0,1.0989999999999898,0.5490000000000004,0.04900000000000004,3618.0,0
1.449,9009.0,7196.0,5389.0,9005.5,7192.5,5387.5,4000.0,4000.0,2000.0,-25.83333333333394,-8.66666666666697,0.5,700.0,900.0,900.0,1.0999999999999897,0.5500000000000004,0.05000000000000004,3620.0,0
1.45,9013.0,7199.0,5392.0,9009.5,7196.5,5389.5,4000.0,3000.0,3000.0,-26.5,-10.0,0.5,700.0,900.0,900.0,1.1009999999999895,0.5510000000000004,0.05100000000000004,3621.0,0
1.451,9017.0,7202.0,5394.0,9013.5,7199.5,5392.5,4000.0,3000.0,2000.0,-25.5,-9.0,0.5,700.0,900.0,900.0,1.1019999999999894,0.5520000000000004,0.05200000000000004,3623.0,0
1.452,9021.0,7205.0,5396.0,9017.5,7202.5,5394.5,4000.0,3000.0,2000.0,-26.16666666666606,-9.33333333333303,0.5,700.0,900.0,900.0,1.1029999999999893,0.5530000000000004,0.05300000000000004,3625.0,0
1.453,9024.0,7208.0,5399.0,9021.5,7205.5,5396.5,3000.0,3000.0,3000.0,-26.83333333333394,-9.66666666666697,0.5,700.0,900.0,900.0,1.1039999999999892,0.5540000000000004,0.05400000000000004,3625.0,0
1.454,9028.0,7211.0,5401.0,9024.5,7208.5,5399.5,4000.0,3000.0,2000.0,-24.83333333333394,-8.66666666666697,0.5,700.0,900.0,900.0,1.104999999999989,0.5550000000000004,0.05500000000000004,3627.0,0
1.455,9032.0,7214.0,5403.0,9028.5,7211.5,5401.5,4000.0,3000.0,2000.0,-25.5,-9.0,0.5,700.0,900.0,900.0,1.105999999999989,0.5560000000000004,0.05600000000000004,3629.0,0
1.456,9036.0,7217.0,5406.0,9032.5,7214.5,5403.5,4000.0,3000.0,3000.0,-26.16666666666606,-9.33333333333303,0.5,700.0,900.0,900.0,1.1069999999999889,0.5570000000000004,0.057000000000000044,3630.0,0
1.457,9039.0,7220.0,5408.0,9036.5,7217.5,5406.5,3000.0,3000.0,2000.0,-25.16666666666606,-8.33333333333303,0.5,700.0,900.0,900.0,1.1079999999999888,0.5580000000000004,0.058000000000000045,3631.0,0
1.458,9043.0,7223.0,5410.0,9039.5,7220.5,5408.5,4000.0,3000.0,2000.0,-24.83333333333394,-8.66666666666697,0.5,700.0,900.0,900.0,1.1089999999999887,0.5590000000000004,0.059000000000000045,3633.0,0
1.459,9047.0,7227.0,5413.0,9043.5,7223.5,5410.5,4000.0,4000.0,3000.0,-25.5,-9.0,0.5,700.0,900.0,900.0,1.1099999999999886,0.5600000000000004,0.060000000000000046,3634.0,0
1.46,9051.0,7230.0,5415.0,9047.5,7227.5,5413.5,4000.0,3000.0,2000.0,-24.5,-9.0,0.5,700.0,900.0,900.0,1.1109999999999884,0.5610000000000004,0.06100000000000005,3636.0,0
1.461,9054.0,7233.0,5417.0,9051.5,7230.5,5415.5,3000.0,3000.0,2000.0,-25.16666666666606,-9.33333333333303,0.5,700.0,900.0,900.0,1.1119999999999883,0.5620000000000004,0.06200000000000005,3637.0,0
1.462,9058.0,7236.0,5420.0,9054.5,7233.5,5417.5,4000.0,3000.0,3000.0,-24.83333333333394,-9.66666666666697,0.5,700.0,900.0,900.0,1.1129999999999882,0.5630000000000004,0.06300000000000004,3638.0,0
1.463,9062.0,7239.0,5422.0,9058.5,7236.5,5420.5,4000.0,3000.0,2000.0,-23.83333333333394,-8.66666666666697,0.5,700.0,900.0,900.0,1.113999999999988,0.5640000000000004,0.06400000000000004,3640.0,0
1.464,9065.0,7242.0,5424.0,9062.5,7239.5,5422.5,3000.0,3000.0,2000.0,-24.5,-9.0,0.5,700.0,900.0,900.0,1.114999999999988,0.5650000000000004,0.06500000000000004,3641.0,0
1.465,9069.0,7245.0,5427.0,9065.5,7242.5,5424.5,4000.0,3000.0,3000.0,-24.16666666666606,-9.33333333333303,0.5,700.0,900.0,900.0,1.115999999999988,0.5660000000000004,0.06600000000000004,3642.0,0
1.466,9073.0,7248.0,5429.0,9069.5,7245.5,5427.5,4000.0,3000.0,2000.0,-23.16666666666606,-8.33333333333303,0.5,700.0,900.0,900.0,1.1169999999999878,0.5670000000000004,0.06700000000000005,3644.0,0
1.467,9076.0,7251.0,5431.0,9073.5,7248.5,5429.5,3000.0,3000.0,2000.0,-23.83333333333394,-8.66666666666697,0.5,700.0,900.0,900.0,1.1179999999999877,0.5680000000000004,0.06800000000000005,3645.0,0
1.468,9080.0,7255.0,5434.0,9076.5,7251.5,5431.5,4000.0,4000.0,3000.0,-23.5,-9.0,0.5,700.0,900.0,900.0,1.1189999999999876,0.5690000000000004,0.06900000000000005,3646.0,0
1.469,9084.0,7258.0,5436.0,9080.5,7255.5,5434.5,4000.0,3000.0,2000.0,-22.5,-9.0,0.5,700.0,900.0,900.0,1.1199999999999875,0.5700000000000004,0.07000000000000005,3648.0,0
1.47,9087.0,7261.0,5438.0,9084.5,7258.5,5436.5,3000.0,3000.0,2000.0,-23.16666666666606,-9.33333333333303,0.5,700.0,900.0,900.0,1.1209999999999873,0.5710000000000004,0.07100000000000005,3649.0,0
1.471,9091.0,7264.0,5441.0,9087.5,7261.5,5438.5,4000.0,3000.0,3000.0,-22.83333333333394,-9.66666666666697,0.5,700.0,900.0,900.0,1.1219999999999872,0.5720000000000004,0.07200000000000005,3650.0,0
1.472,9095.0,7267.0,5443.0,9091.5,7264.5,5441.5,4000.0,3000.0,2000.0,-21.83333333333394,-8.66666666666697,0.5,700.0,900.0,900.0,1.1229999999999871,0.5730000000000004,0.07300000000000005,3652.0,0
1.473,9098.0,7270.0,5446.0,9095.5,7267.5,5443.5,3000.0,3000.0,3000.0,-22.5,-9.0,0.5,700.0,900.0,900.0,1.123999999999987,0.5740000000000004,0.07400000000000005,3652.0,0
1.474,9102.0,7273.0,5448.0,9098.5,7270.5,5446.5,4000.0,3000.0,2000.0,-20.5,-8.0,0.5,700.0,900.0,900.0,1.124999999999987,0.5750000000000004,0.07500000000000005,3654.0,0
1.475,9106.0,7276.0,5450.0,9102.5,7273.5,5448.5,4000.0,3000.0,2000.0,-21.16666666666606,-8.33333333333303,0.5,700.0,900.0,900.0,1.1259999999999868,0.5760000000000004,0.07600000000000005,3656.0,0
1.476,9109.0,7279.0,5453.0,9106.5,7276.5,5450.5,3000.0,3000.0,3000.0,-21.83333333333394,-8.66666666666697,0.5,700.0,900.0,900.0,1.1269999999999867,0.5770000000000004,0.07700000000000005,3656.0,0
1.477,9113.0,7283.0,5455.0,9109.5,7279.5,5453.5,4000.0,4000.0,2000.0,-19.83333333333394,-7.66666666666697,0.5,700.0,900.0,900.0,1.1279999999999866,0.5780000000000004,0.07800000000000006,3658.0,0
1.478,9117.0,7286.0,5457.0,9113.5,7283.5,5455.5,4000.0,3000.0,2000.0,-20.5,-9.0,0.5,700.0,900.0,900.0,1.1289999999999865,0.5790000000000004,0.07900000000000006,3660.0,0
1.479,9120.0,7289.0,5460.0,9117.5,7286.5,5457.5,3000.0,3000.0,3000.0,-21.16666666666606,-9.33333333333303,0.5,700.0,900.0,900.0,1.1299999999999863,0.5800000000000004,0.08000000000000006,3660.0,0
1.48,9124.0,7292.0,5462.0,9120.5,7289.5,5460.5,4000.0,3000.0,2000.0,-19.16666666666606,-8.33333333333303,0.5,700.0,900.0,900.0,1.1309999999999862,0.5810000000000004,0.08100000000000006,3662.0,0
1.481,9128.0,7295.0,5464.0,9124.5,7292.5,5462.5,4000.0,3000.0,2000.0,-19.83333333333394,-8.66666666666697,0.5,700.0,900.0,900.0,1.1319999999999861,0.5820000000000004,0.08200000000000006,3664.0,0
1.482,9131.0,7298.0,5467.0,9128.5,7295.5,5464.5,3000.0,3000.0,3000.0,-20.5,-9.0,0.5,700.0,900.0,900.0,1.132999999999986,0.5830000000000004,0.08300000000000006,3664.0,0
1.483,9135.0,7301.0,5469.0,9131.5,7298.5,5467.5,4000.0,3000.0,2000.0,-18.5,-8.0,0.5,700.0,900.0,900.0,1.133999999999986,0.5840000000000004,0.08400000000000006,3666.0,0
1.484,9139.0,7304.0,5471.0,9135.5,7301.5,5469.5,4000.0,3000.0,2000.0,-19.16666666666606,-8.33333333333303,0.5,700.0,900.0,900.0,1.1349999999999858,0.5850000000000004,0.08500000000000006,3668.0,0
1.485,9142.0,7307.0,5474.0,9139.5,7304.5,5471.5,3000.0,3000.0,3000.0,-19.83333333333394,-8.66666666666697,0.5,700.0,900.0,900.0,1.1359999999999857,0.5860000000000004,0.08600000000000006,3668.0,0
1.486,9146.0,7311.0,5476.0,9142.5,7307.5,5474.5,4000.0,4000.0,2000.0,-17.83333333333394,-7.66666666666697,0.5,700.0,900.0,900.0,1.1369999999999856,0.5870000000000004,0.08700000000000006,3670.0,0
1.487,9149.0,7314.0,5478.0,9146.5,7311.5,5476.5,3000.0,3000.0,2000.0,-18.5,-9.0,0.5,700.0,900.0,900.0,1.1379999999999855,0.5880000000000004,0.08800000000000006,3671.0,0
1.488,9153.0,7317.0,5481.0,9149.5,7314.5,5478.5,4000.0,3000.0,3000.0,-18.16666666666606,-9.33333333333303,0.5,700.0,900.0,900.0,1.1389999999999854,0.5890000000000004,0.08900000000000007,3672.0,0
1.489,9157.0,7320.0,5483.0,9153.5,7317.5,5481.5,4000.0,3000.0,2000.0,-17.16666666666606,-8.33333333333303,0.5,700.0,900.0,900.0,1.1399999999999852,0.5900000000000004,0.09000000000000007,3674.0,0
1.49,9160.0,7323.0,5485.0,9157.5,7320.5,5483.5,3000.0,3000.0,2000.0,-17.83333333333394,-8.66666666666697,0.5,700.0,900.0,900.0,1.1409999999999851,0.5910000000000004,0.09100000000000007,3675.0,0
1.491,9164.0,7326.0,5488.0,9160.5,7323.5,5485.5,4000.0,3000.0,3000.0,-17.5,-9.0,0.5,700.0,900.0,900.0,1.141999999999985,0.5920000000000004,0.09200000000000007,3676.0,0
1.492,9168.0,7329.0,5490.0,9164.5,7326.5,5488.5,4000.0,3000.0,2000.0,-16.5,-8.0,0.5,700.0,900.0,900.0,1.142999999999985,0.5930000000000004,0.09300000000000007,3678.0,0
1.493,9171.0,7332.0,5492.0,9168.5,7329.5,5490.5,3000.0,3000.0,2000.0,-17.16666666666606,-8.33333333333303,0.5,700.0,900.0,900.0,1.1439999999999848,0.5940000000000004,0.09400000000000007,3679.0,0
1.494,9175.0,7335.0,5495.0,9171.5,7332.5,5492.5,4000.0,3000.0,3000.0,-16.83333333333394,-8.66666666666697,0.5,700.0,900.0,900.0,1.1449999999999847,0.5950000000000004,0.09500000000000007,3680.0,0
1.495,9178.0,7339.0,5497.0,9175.5,7335.5,5495.5,3000.0,4000.0,2000.0,-15.83333333333394,-7.66666666666697,0.5,700.0,900.0,900.0,1.1459999999999846,0.5960000000000004,0.09600000000000007,3681.0,0
1.496,9182.0,7342.0,5499.0,9178.5,7339.5,5497.5,4000.0,3000.0,2000.0,-15.5,-9.0,0.5,700.0,900.0,900.0,1.1469999999999845,0.5970000000000004,0.09700000000000007,3683.0,0
1.497,9186.0,7345.0,5502.0,9182.5,7342.5,5499.5,4000.0,3000.0,3000.0,-16.16666666666606,-9.33333333333303,0.5,700.0,900.0,900.0,1.1479999999999844,0.5980000000000004,0.09800000000000007,3684.0,0
1.498,9189.0,7348.0,5504.0,9186.5,7345.5,5502.5,3000.0,3000.0,2000.0,-15.16666666666606,-8.33333333333303,0.5,700.0,900.0,900.0,1.1489999999999843,0.5990000000000004,0.09900000000000007,3685.0,0
1.499,9193.0,7351.0,5506.0,9189.5,7348.5,5504.5,4000.0,3000.0,2000.0,-14.83333333333394,-8.66666666666697,0.5,700.0,900.0,900.0,1.1499999999999841,0.6000000000000004,0.10000000000000007,3687.0,0
1.5,9197.0,7354.0,5509.0,9193.5,7351.5,5506.5,4000.0,3000.0,3000.0,-15.5,-9.0,0.5,700.0,900.0,900.0,1.150999999999984,0.6010000000000004,0.10100000000000008,3688.0,0
1.5010000000000001,9200.0,7357.0,5511.0,9197.5,7354.5,5509.5,3000.0,3000.0,2000.0,-14.5,-8.0,0.5,700.0,900.0,900.0,1.151999999999984,0.6020000000000004,0.10200000000000008,3689.0,0
1.502,9204.0,7360.0,5513.0,9200.5,7357.5,5511.5,4000.0,3000.0,2000.0,-14.16666666666606,-8.33333333333303,0.5,700.0,900.0,900.0,1.1529999999999838,0.6030000000000004,0.10300000000000008,3691.0,0
1.5030000000000001,9207.0,7363.0,5516.0,9204.5,7360.5,5513.5,3000.0,3000.0,3000.0,-14.83333333333394,-8.66666666666697,0.5,700.0,900.0,900.0,1.1539999999999837,0.6040000000000004,0.10400000000000008,3691.0,0
1.504,9211.0,7367.0,5518.0,9207.5,7363.5,5516.5,4000.0,4000.0,2000.0,-12.83333333333394,-7.66666666666697,0.5,700.0,900.0,900.0,1.1549999999999836,0.6050000000000004,0.10500000000000008,3693.0,0
1.5050000000000001,9215.0,7370.0,5520.0,9211.5,7367.5,5518.5,4000.0,3000.0,2000.0,-13.5,-9.0,0.5,700.0,900.0,900.0,1.1559999999999835,0.6060000000000004,0.10600000000000008,3695.0,0
1.506,9218.0,7373.0,5523.0,9215.5,7370.5,5520.5,3000.0,3000.0,3000.0,-14.16666666666606,-9.33333333333303,0.5,700.0,900.0,900.0,1.1569999999999834,0.6070000000000004,0.10700000000000008,3695.0,0
1.5070000000000001,9222.0,7376.0,5525.0,9218.5,7373.5,5523.5,4000.0,3000.0,2000.0,-12.16666666666606,-8.33333333333303,0.5,700.0,900.0,900.0,1.1579999999999833,0.6080000000000004,0.10800000000000008,3697.0,0
1.508,9226.0,7379.0,5527.0,9222.5,7376.5,5525.5,4000.0,3000.0,2000.0,-12.83333333333394,-8.66666666666697,0.5,700.0,900.0,900.0,1.1589999999999832,0.6090000000000004,0.10900000000000008,3699.0,0
1.5090000000000001,9229.0,7382.0,5530.0,9226.5,7379.5,5527.5,3000.0,3000.0,3000.0,-13.5,-9.0,0.5,700.0,900.0,900.0,1.159999999999983,0.6100000000000004,0.11000000000000008,3699.0,0
1.51,9233.0,7385.0,5532.0,9229.5,7382.5,5530.5,4000.0,3000.0,2000.0,-11.5,-8.0,0.5,700.0,900.0,900.0,1.160999999999983,0.6110000000000004,0.11100000000000008,3701.0,0
1.5110000000000001,9237.0,7388.0,5534.0,9233.5,7385.5,5532.5,4000.0,3000.0,2000.0,-12.16666666666606,-8.33333333333303,0.5,700.0,900.0,900.0,1.1619999999999828,0.6120000000000004,0.11200000000000009,3703.0,0
1.512,9240.0,7391.0,5537.0,9237.5,7388.5,5534.5,3000.0,3000.0,3000.0,-12.83333333333394,-8.66666666666697,0.5,700.0,900.0,900.0,1.1629999999999827,0.6130000000000004,0.11300000000000009,3703.0,0
1.5130000000000001,9244.0,7395.0,5539.0,9240.5,7391.5,5537.5,4000.0,4000.0,2000.0,-10.83333333333394,-7.66666666666697,0.5,700.0,900.0,900.0,1.1639999999999826,0.6140000000000004,0.11400000000000009,3705.0,0
1.514,9248.0,7398.0,5541.0,9244.5,7395.5,5539.5,4000.0,3000.0,2000.0,-11.5,-9.0,0.5,700.0,900.0,900.0,1.1649999999999825,0.6150000000000004,0.11500000000000009,3707.0,0
1.5150000000000001,9251.0,7401.0,5544.0,9248.5,7398.5,5541.5,3000.0,3000.0,3000.0,-12.16666666666606,-9.33333333333303,0.5,700.0,900.0,900.0,1.1659999999999824,0.6160000000000004,0.11600000000000009,3707.0,0
1.516,9255.0,7404.0,5546.0,9251.5,7401.5,5544.5,4000.0,3000.0,2000.0,-10.16666666666606,-8.33333333333303,0.5,700.0,900.0,900.0,1.1669999999999823,0.6170000000000004,0.11700000000000009,3709.0,0
1.5170000000000001,9259.0,7407.0,5548.0,9255.5,7404.5,5546.5,4000.0,3000.0,2000.0,-10.83333333333394,-8.66666666666697,0.5,700.0,900.0,900.0,1.1679999999999822,0.6180000000000004,0.11800000000000009,3711.0,0
1.518,9262.0,7410.0,5551.0,9259.5,7407.5,5548.5,3000.0,3000.0,3000.0,-11.5,-9.0,0.5,700.0,900.0,900.0,1.168999999999982,0.6190000000000004,0.11900000000000009,3711.0,0
1.5190000000000001,9266.0,7413.0,5553.0,9262.5,7410.5,5551.5,4000.0,3000.0,2000.0,-9.5,-8.0,0.5,700.0,900.0,900.0,1.169999999999982,0.6200000000000004,0.12000000000000009,3713.0,0
1.52,9270.0,7416.0,5555.0,9266.5,7413.5,5553.5,4000.0,3000.0,2000.0,-10.16666666666606,-8.33333333333303,0.5,700.0,900.0,900.0,1.1709999999999818,0.6210000000000004,0.1210000000000001,3715.0,0
1.5210000000000001,9273.0,7419.0,5558.0,9270.5,7416.5,5555.5,3000.0,3000.0,3000.0,-10.83333333333394,-8.66666666666697,0.5,700.0,900.0,900.0,1.1719999999999817,0.6220000000000004,0.1220000000000001,3715.0,0
1.522,9277.0,7422.0,5560.0,9273.5,7419.5,5558.5,4000.0,3000.0,2000.0,-8.83333333333394,-7.66666666666697,0.5,700.0,900.0,900.0,1.1729999999999816,0.6230000000000004,0.1230000000000001,3717.0,0
1.5230000000000001,9281.0,7426.0,5562.0,9277.5,7422.5,5560.5,4000.0,4000.0,2000.0,-9.5,-8.0,0.5,700.0,900.0,900.0,1.1739999999999815,0.6240000000000004,0.1240000000000001,3719.0,0
1.524,9285.0,7429.0,5565.0,9281.5,7426.5,5562.5,4000.0,3000.0,3000.0,-10.16666666666606,-9.33333333333303,0.5,700.0,900.0,900.0,1.1749999999999814,0.6250000000000004,0.12500000000000008,3720.0,0
1.5250000000000001,9289.0,7432.0,5567.0,9285.5,7429.5,5565.5,4000.0,3000.0,2000.0,-9.16666666666606,-8.33333333333303,0.5,700.0,900.0,900.0,1.1759999999999813,0.6260000000000004,0.12600000000000008,3722.0,0
1.526,9293.0,7435.0,5570.0,9289.5,7432.5,5567.5,4000.0,3000.0,3000.0,-9.83333333333394,-8.66666666666697,0.5,700.0,900.0,900.0,1.1769999999999812,0.6270000000000004,0.12700000000000009,3723.0,0
1.5270000000000001,9297.0,7438.0,5572.0,9293.5,7435.5,5570.5,4000.0,3000.0,2000.0,-8.83333333333394,-7.66666666666697,0.5,700.0,900.0,900.0,1.177999999999981,0.6280000000000004,0.12800000000000009,3725.0,0
1.528,9301.0,7441.0,5574.0,9297.5,7438.5,5572.5,4000.0,3000.0,2000.0,-9.5,-8.0,0.5,700.0,900.0,900.0,1.178999999999981,0.6290000000000004,0.1290000000000001,3727.0,0
1.5290000000000001,9305.0,7444.0,5577.0,9301.5,7441.5,5574.5,4000.0,3000.0,3000.0,-10.16666666666606,-8.33333333333303,0.5,700.0,900.0,900.0,1.1799999999999808,0.6300000000000004,0.1300000000000001,3728.0,0
1.53,9309.0,7447.0,5579.0,9305.5,7444.5,5577.5,4000.0,3000.0,2000.0,-9.16666666666606,-7.33333333333303,0.5,700.0,900.0,900.0,1.1809999999999807,0.6310000000000004,0.1310000000000001,3730.0,0
1.5310000000000001,9313.0,7450.0,5581.0,9309.5,7447.5,5579.5,4000.0,3000.0,2000.0,-9.83333333333394,-7.66666666666697,0.5,700.0,900.0,900.0,1.1819999999999806,0.6320000000000005,0.1320000000000001,3732.0,0
1.532,9317.0,7454.0,5584.0,9313.5,7450.5,5581.5,4000.0,4000.0,3000.0,-10.5,-8.0,0.5,700.0,900.0,900.0,1.1829999999999805,0.6330000000000005,0.1330000000000001,3733.0,0
1.5330000000000001,9321.0,7457.0,5586.0,9317.5,7454.5,5584.5,4000.0,3000.0,2000.0,-9.5,-8.0,0.5,700.0,900.0,900.0,1.1839999999999804,0.6340000000000005,0.1340000000000001,3735.0,0
1.534,9325.0,7460.0,5588.0,9321.5,7457.5,5586.5,4000.0,3000.0,2000.0,-10.16666666666606,-8.33333333333303,0.5,700.0,900.0,900.0,1.1849999999999803,0.6350000000000005,0.1350000000000001,3737.0,0
1.5350000000000001,9329.0,7463.0,5591.0,9325.5,7460.5,5588.5,4000.0,3000.0,3000.0,-10.83333333333394,-8.66666666666697,0.5,700.0,900.0,900.0,1.1859999999999802,0.6360000000000005,0.1360000000000001,3738.0,0
1.536,9333.0,7466.0,5593.0,9329.5,7463.5,5591.5,4000.0,3000.0,2000.0,-9.83333333333394,-7.66666666666697,0.5,700.0,900.0,900.0,1.18699999999998,0.6370000000000005,0.1370000000000001,3740.0,0
1.537,9336.0,7469.0,5595.0,9333.5,7466.5,5593.5,3000.0,3000.0,2000.0,-10.5,-8.0,0.5,700.0,900.0,900.0,1.18799999999998,0.6380000000000005,0.1380000000000001,3741.0,0
1.538,9340.0,7472.0,5598.0,9336.5,7469.5,5595.5,4000.0,3000.0,3000.0,-10.16666666666606,-8.33333333333303,0.5,700.0,900.0,900.0,1.1889999999999799,0.6390000000000005,0.1390000000000001,3742.0,0
1.539,9344.0,7475.0,5600.0,9340.5,7472.5,5598.5,4000.0,3000.0,2000.0,-9.16666666666606,-7.33333333333303,0.5,700.0,900.0,900.0,1.1899999999999797,0.6400000000000005,0.1400000000000001,3744.0,0
1.54,9348.0,7478.0,5602.0,9344.5,7475.5,5600.5,4000.0,3000.0,2000.0,-9.83333333333394,-7.66666666666697,0.5,700.0,900.0,900.0,1.1909999999999796,0.6410000000000005,0.1410000000000001,3746.0,0
1.541,9352.0,7482.0,5605.0,9348.5,7478.5,5602.5,4000.0,4000.0,3000.0,-10.5,-8.0,0.5,700.0,900.0,900.0,1.1919999999999795,0.6420000000000005,0.1420000000000001,3747.0,0
1.542,9356.0,7485.0,5607.0,9352.5,7482.5,5605.5,4000.0,3000.0,2000.0,-9.5,-8.0,0.5,700.0,900.0,900.0,1.1929999999999794,0.6430000000000005,0.1430000000000001,3749.0,0
1.543,9359.0,7488.0,5609.0,9356.5,7485.5,5607.5,3000.0,3000.0,2000.0,-10.16666666666606,-8.33333333333303,0.5,700.0,900.0,900.0,1.1939999999999793,0.6440000000000005,0.1440000000000001,3750.0,0
1.544,9364.0,7491.0,5612.0,9359.5,7488.5,5609.5,5000.0,3000.0,3000.0,-9.83333333333394,-8.66666666666697,0.5,700.0,900.0,900.0,1.1949999999999792,0.6450000000000005,0.1450000000000001,3752.0,0
1.545,9368.0,7494.0,5614.0,9364.5,7491.5,5612.5,4000.0,3000.0,2000.0,-9.83333333333394,-7.66666666666697,0.5,700.0,900.0,900.0,1.195999999999979,0.6460000000000005,0.1460000000000001,3754.0,0
1.546,9371.0,7497.0,5616.0,9368.5,7494.5,5614.5,3000.0,3000.0,2000.0,-10.5,-8.0,0.5,700.0,900.0,900.0,1.196999999999979,0.6470000000000005,0.1470000000000001,3755.0,0
1.547,9375.0,7500.0,5619.0,9371.5,7497.5,5616.5,4000.0,3000.0,3000.0,-10.16666666666606,-8.33333333333303,0.5,700.0,900.0,900.0,1.1979999999999789,0.6480000000000005,0.1480000000000001,3756.0,0
1.548,9379.0,7503.0,5621.0,9375.5,7500.5,5619.5,4000.0,3000.0,2000.0,-9.16666666666606,-7.33333333333303,0.5,700.0,900.0,900.0,1.1989999999999787,0.6490000000000005,0.1490000000000001,3758.0,0
1.549,9383.0,7506.0,5623.0,9379.5,7503.5,5621.5,4000.0,3000.0,2000.0,-9.83333333333394,-7.66666666666697,0.5,700.0,900.0,900.0,1.1999999999999786,0.6500000000000005,0.1500000000000001,3760.0,0
1.55,9387.0,7510.0,5626.0,9383.5,7506.5,5623.5,4000.0,4000.0,3000.0,-10.5,-8.0,0.5,700.0,900.0,900.0,1.2009999999999785,0.6510000000000005,0.1510000000000001,3761.0,0
1.551,9391.0,7513.0,5628.0,9387.5,7510.5,5626.5,4000.0,3000.0,2000.0,-9.5,-8.0,0.5,700.0,900.0,900.0,1.2019999999999784,0.6520000000000005,0.1520000000000001,3763.0,0
1.552,9394.0,7516.0,5630.0,9391.5,7513.5,5628.5,3000.0,3000.0,2000.0,-10.16666666666606,-8.33333333333303,0.5,700.0,900.0,900.0,1.2029999999999783,0.6530000000000005,0.1530000000000001,3764.0,0
1.553,9398.0,7519.0,5633.0,9394.5,7516.5,5630.5,4000.0,3000.0,3000.0,-9.83333333333394,-8.66666666666697,0.5,700.0,900.0,900.0,1.2039999999999782,0.6540000000000005,0.1540000000000001,3765.0,0
1.554,9402.0,7522.0,5635.0,9398.5,7519.5,5633.5,4000.0,3000.0,2000.0,-8.83333333333394,-7.66666666666697,0.5,700.0,900.0,900.0,1.204999999999978,0.6550000000000005,0.1550000000000001,3767.0,0
1.555,9406.0,7525.0,5637.0,9402.5,7522.5,5635.5,4000.0,3000.0,2000.0,-9.5,-8.0,0.5,700.0,900.0,900.0,1.205999999999978,0.6560000000000005,0.1560000000000001,3769.0,0
1.556,9410.0,7528.0,5640.0,9406.5,7525.5,5637.5,4000.0,3000.0,3000.0,-10.16666666666606,-8.33333333333303,0.5,700.0,900.0,900.0,1.2069999999999779,0.6570000000000005,0.1570000000000001,3770.0,0
1.557,9414.0,7531.0,5642.0,9410.5,7528.5,5640.5,4000.0,3000.0,2000.0,-9.16666666666606,-7.33333333333303,0.5,700.0,900.0,900.0,1.2079999999999778,0.6580000000000005,0.1580000000000001,3772.0,0
1.558,9418.0,7534.0,5644.0,9414.5,7531.5,5642.5,4000.0,3000.0,2000.0,-9.83333333333394,-7.66666666666697,0.5,700.0,900.0,900.0,1.2089999999999776,0.6590000000000005,0.1590000000000001,3774.0,0
1.559,9422.0,7538.0,5647.0,9418.5,7534.5,5644.5,4000.0,4000.0,3000.0,-10.5,-8.0,0.5,700.0,900.0,900.0,1.2099999999999775,0.6600000000000005,0.16000000000000011,3775.0,0
1.56,9426.0,7541.0,5649.0,9422.5,7538.5,5647.5,4000.0,3000.0,2000.0,-9.5,-8.0,0.5,700.0,900.0,900.0,1.2109999999999774,0.6610000000000005,0.16100000000000012,3777.0,0
1.561,9430.0,7544.0,5651.0,9426.5,7541.5,5649.5,4000.0,3000.0,2000.0,-10.16666666666606,-8.33333333333303,0.5,700.0,900.0,900.0,1.2119999999999773,0.6620000000000005,0.16200000000000012,3779.0,0
1.562,9433.0,7547.0,5654.0,9430.5,7544.5,5651.5,3000.0,3000.0,3000.0,-10.83333333333394,-8.66666666666697,0.5,700.0,900.0,900.0,1.2129999999999772,0.6630000000000005,0.16300000000000012,3779.0,0
1.563,9437.0,7550.0,5656.0,9433.5,7547.5,5654.5,4000.0,3000.0,2000.0,-8.83333333333394,-7.66666666666697,0.5,700.0,900.0,900.0,1.213999999999977,0.6640000000000005,0.16400000000000012,3781.0,0
1.564,9441.0,7553.0,5658.0,9437.5,7550.5,5656.5,4000.0,3000.0,2000.0,-9.5,-8.0,0.5,700.0,900.0,900.0,1.214999999999977,0.6650000000000005,0.16500000000000012,3783.0,0
1.565,9445.0,7556.0,5661.0,9441.5,7553.5,5658.5,4000.0,3000.0,3000.0,-10.16666666666606,-8.33333333333303,0.5,700.0,900.0,900.0,1.2159999999999769,0.6660000000000005,0.16600000000000012,3784.0,0
1.566,9449.0,7559.0,5663.0,9445.5,7556.5,5661.5,4000.0,3000.0,2000.0,-9.16666666666606,-7.33333333333303,0.5,700.0,900.0,900.0,1.2169999999999768,0.6670000000000005,0.16700000000000012,3786.0,0
1.567,9453.0,7562.0,5665.0,9449.5,7559.5,5663.5,4000.0,3000.0,2000.0,-9.83333333333394,-7.66666666666697,0.5,700.0,900.0,900.0,1.2179999999999767,0.6680000000000005,0.16800000000000012,3788.0,0
1.568,9457.0,7566.0,5668.0,9453.5,7562.5,5665.5,4000.0,4000.0,3000.0,-10.5,-8.0,0.5,700.0,900.0,900.0,1.2189999999999765,0.6690000000000005,0.16900000000000012,3789.0,0
1.569,9460.0,7569.0,5670.0,9457.5,7566.5,5668.5,3000.0,3000.0,2000.0,-9.5,-8.0,0.5,700.0,900.0,900.0,1.2199999999999764,0.6700000000000005,0.17000000000000012,3790.0,0
1.57,9464.0,7572.0,5672.0,9460.5,7569.5,5670.5,4000.0,3000.0,2000.0,-9.16666666666606,-8.33333333333303,0.5,700.0,900.0,900.0,1.2209999999999763,0.6710000000000005,0.17100000000000012,3792.0,0
1.571,9468.0,7575.0,5675.0,9464.5,7572.5,5672.5,4000.0,3000.0,3000.0,-9.83333333333394,-8.66666666666697,0.5,700.0,900.0,900.0,1.2219999999999762,0.6720000000000005,0.17200000000000013,3793.0,0
1.572,9472.0,7578.0,5677.0,9468.5,7575.5,5675.5,4000.0,3000.0,2000.0,-8.83333333333394,-7.66666666666697,0.5,700.0,900.0,900.0,1.222999999999976,0.6730000000000005,0.17300000000000013,3795.0,0
1.573,9476.0,7581.0,5679.0,9472.5,7578.5,5677.5,4000.0,3000.0,2000.0,-9.5,-8.0,0.5,700.0,900.0,900.0,1.223999999999976,0.6740000000000005,0.17400000000000013,3797.0,0
1.574,9480.0,7584.0,5682.0,9476.5,7581.5,5679.5,4000.0,3000.0,3000.0,-10.16666666666606,-8.33333333333303,0.5,700.0,900.0,900.0,1.2249999999999759,0.6750000000000005,0.17500000000000013,3798.0,0
1.575,9484.0,7587.0,5684.0,9480.5,7584.5,5682.5,4000.0,3000.0,2000.0,-9.16666666666606,-7.33333333333303,0.5,700.0,900.0,900.0,1.2259999999999758,0.6760000000000005,0.17600000000000013,3800.0,0
1.576,9488.0,7590.0,5687.0,9484.5,7587.5,5684.5,4000.0,3000.0,3000.0,-9.83333333333394,-7.66666666666697,0.5,700.0,900.0,900.0,1.2269999999999757,0.6770000000000005,0.17700000000000013,3801.0,0
1.577,9492.0,7594.0,5689.0,9488.5,7590.5,5687.5,4000.0,4000.0,2000.0,-8.83333333333394,-6.66666666666697,0.5,700.0,900.0,900.0,1.2279999999999756,0.6780000000000005,0.17800000000000013,3803.0,0
1.578,9496.0,7597.0,5691.0,9492.5,7594.5,5689.5,4000.0,3000.0,2000.0,-9.5,-8.0,0.5,700.0,900.0,900.0,1.2289999999999754,0.6790000000000005,0.17900000000000013,3805.0,0
1.579,9500.0,7600.0,5694.0,9496.5,7597.5,5691.5,4000.0,3000.0,3000.0,-10.16666666666606,-8.33333333333303,0.5,700.0,900.0,900.0,1.2299999999999753,0.6800000000000005,0.18000000000000013,3806.0,0
1.58,9504.0,7603.0,5696.0,9500.5,7600.5,5694.5,4000.0,3000.0,2000.0,-9.16666666666606,-7.33333333333303,0.5,700.0,900.0,900.0,1.2309999999999752,0.6810000000000005,0.18100000000000013,3808.0,0
1.581,9507.0,7606.0,5698.0,9504.5,7603.5,5696.5,3000.0,3000.0,2000.0,-9.83333333333394,-7.66666666666697,0.5,700.0,900.0,900.0,1.2319999999999751,0.6820000000000005,0.18200000000000013,3809.0,0
1.582,9511.0,7609.0,5701.0,9507.5,7606.5,5698.5,4000.0,3000.0,3000.0,-9.5,-8.0,0.5,700.0,900.0,900.0,1.232999999999975,0.6830000000000005,0.18300000000000013,3810.0,0
1.583,9515.0,7612.0,5703.0,9511.5,7609.5,5701.5,4000.0,3000.0,2000.0,-8.5,-7.0,0.5,700.0,900.0,900.0,1.233999999999975,0.6840000000000005,0.18400000000000014,3812.0,0
1.584,9519.0,7615.0,5705.0,9515.5,7612.5,5703.5,4000.0,3000.0,2000.0,-9.16666666666606,-7.33333333333303,0.5,700.0,900.0,900.0,1.2349999999999748,0.6850000000000005,0.18500000000000014,3814.0,0
1.585,9523.0,7618.0,5708.0,9519.5,7615.5,5705.5,4000.0,3000.0,3000.0,-9.83333333333394,-7.66666666666697,0.5,700.0,900.0,900.0,1.2359999999999747,0.6860000000000005,0.18600000000000014,3815.0,0
1.586,9527.0,7622.0,5710.0,9523.5,7618.5,5708.5,4000.0,4000.0,2000.0,-8.83333333333394,-6.66666666666697,0.5,700.0,900.0,900.0,1.2369999999999746,0.6870000000000005,0.18700000000000014,3817.0,0
1.587,9531.0,7625.0,5712.0,9527.5,7622.5,5710.5,4000.0,3000.0,2000.0,-9.5,-8.0,0.5,700.0,900.0,900.0,1.2379999999999745,0.6880000000000005,0.18800000000000014,3819.0,0
1.588,9535.0,7628.0,5715.0,9531.5,7625.5,5712.5,4000.0,3000.0,3000.0,-10.16666666666606,-8.33333333333303,0.5,700.0,900.0,900.0,1.2389999999999743,0.6890000000000005,0.18900000000000014,3820.0,0
1.589,9539.0,7631.0,5717.0,9535.5,7628.5,5715.5,4000.0,3000.0,2000.0,-9.16666666666606,-7.33333333333303,0.5,700.0,900.0,900.0,1.2399999999999742,0.6900000000000005,0.19000000000000014,3822.0,0
1.59,9543.0,7634.0,5719.0,9539.5,7631.5,5717.5,4000.0,3000.0,2000.0,-9.83333333333394,-7.66666666666697,0.5,700.0,900.0,900.0,1.2409999999999741,0.6910000000000005,0.19100000000000014,3824.0,0
1.591,9546.0,7637.0,5722.0,9543.5,7634.5,5719.5,3000.0,3000.0,3000.0,-10.5,-8.0,0.5,700.0,900.0,900.0,1.241999999999974,0.6920000000000005,0.19200000000000014,3824.0,0
1.592,9550.0,7640.0,5724.0,9546.5,7637.5,5722.5,4000.0,3000.0,2000.0,-8.5,-7.0,0.5,700.0,900.0,900.0,1.242999999999974,0.6930000000000005,0.19300000000000014,3826.0,0
1.593,9554.0,7643.0,5726.0,9550.5,7640.5,5724.5,4000.0,3000.0,2000.0,-9.16666666666606,-7.33333333333303,0.5,700.0,900.0,900.0,1.2439999999999738,0.6940000000000005,0.19400000000000014,3828.0,0
1.594,9558.0,7646.0,5729.0,9554.5,7643.5,5726.5,4000.0,3000.0,3000.0,-9.83333333333394,-7.66666666666697,0.5,700.0,900.0,900.0,1.2449999999999737,0.6950000000000005,0.19500000000000015,3829.0,0
1.595,9562.0,7650.0,5731.0,9558.5,7646.5,5729.5,4000.0,4000.0,2000.0,-8.83333333333394,-6.66666666666697,0.5,700.0,900.0,900.0,1.2459999999999736,0.6960000000000005,0.19600000000000015,3831.0,0
1.596,9566.0,7653.0,5733.0,9562.5,7650.5,5731.5,4000.0,3000.0,2000.0,-9.5,-8.0,0.5,700.0,900.0,900.0,1.2469999999999735,0.6970000000000005,0.19700000000000015,3833.0,0
1.597,9570.0,7656.0,5736.0,9566.5,7653.5,5733.5,4000.0,3000.0,3000.0,-10.16666666666606,-8.33333333333303,0.5,700.0,900.0,900.0,1.2479999999999734,0.6980000000000005,0.19800000000000015,3834.0,0
1.598,9574.0,7659.0,5738.0,9570.5,7656.5,5736.5,4000.0,3000.0,2000.0,-9.16666666666606,-7.33333333333303,0.5,700.0,900.0,900.0,1.2489999999999732,0.6990000000000005,0.19900000000000015,3836.0,0
1.599,9578.0,7662.0,5740.0,9574.5,7659.5,5738.5,4000.0,3000.0,2000.0,-9.83333333333394,-7.66666666666697,0.5,700.0,900.0,900.0,1.2499999999999731,0.7000000000000005,0.20000000000000015,3838.0,0
1.6,9581.0,7665.0,5743.0,9578.5,7662.5,5740.5,3000.0,3000.0,3000.0,-10.5,-8.0,0.5,700.0,900.0,900.0,1.250999999999973,0.7010000000000005,0.20100000000000015,3838.0,0
1.601,9585.0,7668.0,5745.0,9581.5,7665.5,5743.5,4000.0,3000.0,2000.0,-8.5,-7.0,0.5,700.0,900.0,900.0,1.251999999999973,0.7020000000000005,0.20200000000000015,3840.0,0
1.602,9589.0,7671.0,5747.0,9585.5,7668.5,5745.5,4000.0,3000.0,2000.0,-9.16666666666606,-7.33333333333303,0.5,700.0,900.0,900.0,1.2529999999999728,0.7030000000000005,0.20300000000000015,3842.0,0
1.603,9593.0,7674.0,5750.0,9589.5,7671.5,5747.5,4000.0,3000.0,3000.0,-9.83333333333394,-7.66666666666697,0.5,700.0,900.0,900.0,1.2539999999999727,0.7040000000000005,0.20400000000000015,3843.0,0
1.604,9597.0,7678.0,5752.0,9593.5,7674.5,5750.5,4000.0,4000.0,2000.0,-8.83333333333394,-6.66666666666697,0.5,700.0,900.0,900.0,1.2549999999999726,0.7050000000000005,0.20500000000000015,3845.0,0
1.605,9601.0,7681.0,5754.0,9597.5,7678.5,5752.5,4000.0,3000.0,2000.0,-9.5,-8.0,0.5,700.0,900.0,900.0,1.2559999999999725,0.7060000000000005,0.20600000000000016,3847.0,0
1.606,9605.0,7684.0,5757.0,9601.5,7681.5,5754.5,4000.0,3000.0,3000.0,-10.16666666666606,-8.33333333333303,0.5,700.0,900.0,900.0,1.2569999999999724,0.7070000000000005,0.20700000000000016,3848.0,0
1.607,9609.0,7687.0,5759.0,9605.5,7684.5,5757.5,4000.0,3000.0,2000.0,-9.16666666666606,-7.33333333333303,0.5,700.0,900.0,900.0,1.2579999999999723,0.7080000000000005,0.20800000000000016,3850.0,0
1.608,9613.0,7690.0,5761.0,9609.5,7687.5,5759.5,4000.0,3000.0,2000.0,-9.83333333333394,-7.66666666666697,0.5,700.0,900.0,900.0,1.2589999999999721,0.7090000000000005,0.20900000000000016,3852.0,0
1.609,9616.0,7693.0,5764.0,9613.5,7690.5,5761.5,3000.0,3000.0,3000.0,-10.5,-8.0,0.5,700.0,900.0,900.0,1.259999999999972,0.7100000000000005,0.21000000000000016,3852.0,0
1.61,9620.0,7696.0,5766.0,9616.5,7693.5,5764.5,4000.0,3000.0,2000.0,-8.5,-7.0,0.5,700.0,900.0,900.0,1.260999999999972,0.7110000000000005,0.21100000000000016,3854.0,0
1.611,9624.0,7699.0,5768.0,9620.5,7696.5,5766.5,4000.0,3000.0,2000.0,-9.16666666666606,-7.33333333333303,0.5,700.0,900.0,900.0,1.2619999999999718,0.7120000000000005,0.21200000000000016,3856.0,0
1.612,9628.0,7702.0,5771.0,9624.5,7699.5,5768.5,4000.0,3000.0,3000.0,-9.83333333333394,-7.66666666666697,0.5,700.0,900.0,900.0,1.2629999999999717,0.7130000000000005,0.21300000000000016,3857.0,0
1.613,9632.0,7705.0,5773.0,9628.5,7702.5,5771.5,4000.0,3000.0,2000.0,-8.83333333333394,-6.66666666666697,0.5,700.0,900.0,900.0,1.2639999999999716,0.7140000000000005,0.21400000000000016,3859.0,0
1.614,9636.0,7709.0,5775.0,9632.5,7705.5,5773.5,4000.0,4000.0,2000.0,-9.5,-7.0,0.5,700.0,900.0,900.0,1.2649999999999715,0.7150000000000005,0.21500000000000016,3861.0,0
1.615,9639.0,7712.0,5778.0,9636.5,7709.5,5775.5,3000.0,3000.0,3000.0,-10.16666666666606,-8.33333333333303,0.5,700.0,900.0,900.0,1.2659999999999714,0.7160000000000005,0.21600000000000016,3861.0,0
1.616,9643.0,7715.0,5780.0,9639.5,7712.5,5778.5,4000.0,3000.0,2000.0,-8.16666666666606,-7.33333333333303,0.5,700.0,900.0,900.0,1.2669999999999713,0.7170000000000005,0.21700000000000016,3863.0,0
1.617,9647.0,7718.0,5782.0,9643.5,7715.5,5780.5,4000.0,3000.0,2000.0,-8.83333333333394,-7.66666666666697,0.5,700.0,900.0,900.0,1.2679999999999712,0.7180000000000005,0.21800000000000017,3865.0,0
1.618,9651.0,7721.0,5785.0,9647.5,7718.5,5782.5,4000.0,3000.0,3000.0,-9.5,-8.0,0.5,700.0,900.0,900.0,1.268999999999971,0.7190000000000005,0.21900000000000017,3866.0,0
1.619,9655.0,7724.0,5787.0,9651.5,7721.5,5785.5,4000.0,3000.0,2000.0,-8.5,-7.0,0.5,700.0,900.0,900.0,1.269999999999971,0.7200000000000005,0.22000000000000017,3868.0,0
1.62,9659.0,7727.0,5789.0,9655.5,7724.5,5787.5,4000.0,3000.0,2000.0,-9.16666666666606,-7.33333333333303,0.5,700.0,900.0,900.0,1.2709999999999708,0.7210000000000005,0.22100000000000017,3870.0,0
1.621,9663.0,7730.0,5792.0,9659.5,7727.5,5789.5,4000.0,3000.0,3000.0,-9.83333333333394,-7.66666666666697,0.5,700.0,900.0,900.0,1.2719999999999707,0.7220000000000005,0.22200000000000017,3871.0,0
1.622,9667.0,7733.0,5794.0,9663.5,7730.5,5792.5,4000.0,3000.0,2000.0,-8.83333333333394,-6.66666666666697,0.5,700.0,900.0,900.0,1.2729999999999706,0.7230000000000005,0.22300000000000017,3873.0,0
1.623,9671.0,7737.0,5796.0,9667.5,7733.5,5794.5,4000.0,4000.0,2000.0,-9.5,-7.0,0.5,700.0,900.0,900.0,1.2739999999999705,0.7240000000000005,0.22400000000000017,3875.0,0
1.624,9674.0,7740.0,5799.0,9671.5,7737.5,5796.5,3000.0,3000.0,3000.0,-10.16666666666606,-8.33333333333303,0.5,700.0,900.0,900.0,1.2749999999999704,0.7250000000000005,0.22500000000000017,3875.0,0
1.625,9678.0,7743.0,5801.0,9674.5,7740.5,5799.5,4000.0,3000.0,2000.0,-8.16666666666606,-7.33333333333303,0.5,700.0,900.0,900.0,1.2759999999999703,0.7260000000000005,0.22600000000000017,3877.0,0
1.6260000000000001,9682.0,7746.0,5804.0,9678.5,7743.5,5801.5,4000.0,3000.0,3000.0,-8.83333333333394,-7.66666666666697,0.5,700.0,900.0,900.0,1.2769999999999702,0.7270000000000005,0.22700000000000017,3878.0,0
1.627,9686.0,7749.0,5806.0,9682.5,7746.5,5804.5,4000.0,3000.0,2000.0,-7.83333333333394,-6.66666666666697,0.5,700.0,900.0,900.0,1.27799999999997,0.7280000000000005,0.22800000000000017,3880.0,0
1.6280000000000001,9690.0,7752.0,5808.0,9686.5,7749.5,5806.5,4000.0,3000.0,2000.0,-8.5,-7.0,0.5,700.0,900.0,900.0,1.27899999999997,0.7290000000000005,0.22900000000000018,3882.0,0
1.629,9694.0,7755.0,5811.0,9690.5,7752.5,5808.5,4000.0,3000.0,3000.0,-9.16666666666606,-7.33333333333303,0.5,700.0,900.0,900.0,1.2799999999999698,0.7300000000000005,0.23000000000000018,3883.0,0
1.6300000000000001,9698.0,7758.0,5813.0,9694.5,7755.5,5811.5,4000.0,3000.0,2000.0,-8.16666666666606,-6.33333333333303,0.5,700.0,900.0,900.0,1.2809999999999697,0.7310000000000005,0.23100000000000018,3885.0,0
1.631,9702.0,7761.0,5815.0,9698.5,7758.5,5813.5,4000.0,3000.0,2000.0,-8.83333333333394,-6.66666666666697,0.5,700.0,900.0,900.0,1.2819999999999696,0.7320000000000005,0.23200000000000018,3887.0,0
1.6320000000000001,9706.0,7765.0,5818.0,9702.5,7761.5,5815.5,4000.0,4000.0,3000.0,-9.5,-7.0,0.5,700.0,900.0,900.0,1.2829999999999695,0.7330000000000005,0.23300000000000018,3888.0,0
1.633,9709.0,7768.0,5820.0,9706.5,7765.5,5818.5,3000.0,3000.0,2000.0,-8.5,-7.0,0.5,700.0,900.0,900.0,1.2839999999999694,0.7340000000000005,0.23400000000000018,3889.0,0
1.6340000000000001,9713.0,7771.0,5822.0,9709.5,7768.5,5820.5,4000.0,3000.0,2000.0,-8.16666666666606,-7.33333333333303,0.5,700.0,900.0,900.0,1.2849999999999693,0.7350000000000005,0.23500000000000018,3891.0,0
1.635,9717.0,7774.0,5825.0,9713.5,7771.5,5822.5,4000.0,3000.0,3000.0,-8.83333333333394,-7.66666666666697,0.5,700.0,900.0,900.0,1.2859999999999692,0.7360000000000005,0.23600000000000018,3892.0,0
1.6360000000000001,9721.0,7777.0,5827.0,9717.5,7774.5,5825.5,4000.0,3000.0,2000.0,-7.83333333333394,-6.66666666666697,0.5,700.0,900.0,900.0,1.286999999999969,0.7370000000000005,0.23700000000000018,3894.0,0
1.637,9725.0,7780.0,5829.0,9721.5,7777.5,5827.5,4000.0,3000.0,2000.0,-8.5,-7.0,0.5,700.0,900.0,900.0,1.287999999999969,0.7380000000000005,0.23800000000000018,3896.0,0
1.6380000000000001,9729.0,7783.0,5832.0,9725.5,7780.5,5829.5,4000.0,3000.0,3000.0,-9.16666666666606,-7.33333333333303,0.5,700.0,900.0,900.0,1.2889999999999688,0.7390000000000005,0.23900000000000018,3897.0,0
1.639,9733.0,7786.0,5834.0,9729.5,7783.5,5832.5,4000.0,3000.0,2000.0,-8.16666666666606,-6.33333333333303,0.5,700.0,900.0,900.0,1.2899999999999687,0.7400000000000005,0.24000000000000019,3899.0,0
1.6400000000000001,9737.0,7789.0,5836.0,9733.5,7786.5,5834.5,4000.0,3000.0,2000.0,-8.83333333333394,-6.66666666666697,0.5,700.0,900.0,900.0,1.2909999999999686,0.7410000000000005,0.2410000000000002,3901.0,0
1.641,9741.0,7793.0,5839.0,9737.5,7789.5,5836.5,4000.0,4000.0,3000.0,-9.5,-7.0,0.5,700.0,900.0,900.0,1.2919999999999685,0.7420000000000005,0.2420000000000002,3902.0,0
1.6420000000000001,9744.0,7796.0,5841.0,9741.5,7793.5,5839.5,3000.0,3000.0,2000.0,-8.5,-7.0,0.5,700.0,900.0,900.0,1.2929999999999684,0.7430000000000005,0.2430000000000002,3903.0,0
1.643,9748.0,7799.0,5843.0,9744.5,7796.5,5841.5,4000.0,3000.0,2000.0,-8.16666666666606,-7.33333333333303,0.5,700.0,900.0,900.0,1.2939999999999683,0.7440000000000005,0.2440000000000002,3905.0,0
1.6440000000000001,9752.0,7802.0,5846.0,9748.5,7799.5,5843.5,4000.0,3000.0,3000.0,-8.83333333333394,-7.66666666666697,0.5,700.0,900.0,900.0,1.2949999999999682,0.7450000000000006,0.2450000000000002,3906.0,0
1.645,9756.0,7805.0,5848.0,9752.5,7802.5,5846.5,4000.0,3000.0,2000.0,-7.83333333333394,-6.66666666666697,0.5,700.0,900.0,900.0,1.295999999999968,0.7460000000000006,0.2460000000000002,3908.0,0
1.6460000000000001,9760.0,7808.0,5850.0,9756.5,7805.5,5848.5,4000.0,3000.0,2000.0,-8.5,-7.0,0.5,700.0,900.0,900.0,1.296999999999968,0.7470000000000006,0.2470000000000002,3910.0,0
1.647,9764.0,7811.0,5853.0,9760.5,7808.5,5850.5,4000.0,3000.0,3000.0,-9.16666666666606,-7.33333333333303,0.5,700.0,900.0,900.0,1.2979999999999678,0.7480000000000006,0.2480000000000002,3911.0,0
1.6480000000000001,9768.0,7814.0,5855.0,9764.5,7811.5,5853.5,4000.0,3000.0,2000.0,-8.16666666666606,-6.33333333333303,0.5,700.0,900.0,900.0,1.2989999999999677,0.7490000000000006,0.2490000000000002,3913.0,0
1.649,9772.0,7817.0,5857.0,9768.5,7814.5,5855.5,4000.0,3000.0,2000.0,-8.83333333333394,-6.66666666666697,0.5,700.0,900.0,900.0,1.2999999999999676,0.7500000000000006,0.25000000000000017,3915.0,0
1.6500000000000001,9776.0,7821.0,5860.0,9772.5,7817.5,5857.5,4000.0,4000.0,3000.0,-9.5,-7.0,0.5,700.0,900.0,900.0,1.3009999999999675,0.7510000000000006,0.25100000000000017,3916.0,0
1.651,9779.0,7824.0,5862.0,9776.5,7821.5,5860.5,3000.0,3000.0,2000.0,-8.5,-7.0,0.5,700.0,900.0,900.0,1.3019999999999674,0.7520000000000006,0.25200000000000017,3917.0,0
1.6520000000000001,9783.0,7827.0,5864.0,9779.5,7824.5,5862.5,4000.0,3000.0,2000.0,-8.16666666666606,-7.33333333333303,0.5,700.0,900.0,900.0,1.3029999999999673,0.7530000000000006,0.25300000000000017,3919.0,0
1.653,9787.0,7830.0,5867.0,9783.5,7827.5,5864.5,4000.0,3000.0,3000.0,-8.83333333333394,-7.66666666666697,0.5,700.0,900.0,900.0,1.3039999999999672,0.7540000000000006,0.25400000000000017,3920.0,0
1.6540000000000001,9791.0,7833.0,5869.0,9787.5,7830.5,5867.5,4000.0,3000.0,2000.0,-7.83333333333394,-6.66666666666697,0.5,700.0,900.0,900.0,1.304999999999967,0.7550000000000006,0.25500000000000017,3922.0,0
1.655,9795.0,7836.0,5871.0,9791.5,7833.5,5869.5,4000.0,3000.0,2000.0,-8.5,-7.0,0.5,700.0,900.0,900.0,1.305999999999967,0.7560000000000006,0.25600000000000017,3924.0,0
1.6560000000000001,9799.0,7839.0,5874.0,9795.5,7836.5,5871.5,4000.0,3000.0,3000.0,-9.16666666666606,-7.33333333333303,0.5,700.0,900.0,900.0,1.3069999999999669,0.7570000000000006,0.2570000000000002,3925.0,0
1.657,9803.0,7842.0,5876.0,9799.5,7839.5,5874.5,4000.0,3000.0,2000.0,-8.16666666666606,-6.33333333333303,0.5,700.0,900.0,900.0,1.3079999999999667,0.7580000000000006,0.2580000000000002,3927.0,0
1.6580000000000001,9807.0,7845.0,5878.0,9803.5,7842.5,5876.5,4000.0,3000.0,2000.0,-8.83333333333394,-6.66666666666697,0.5,700.0,900.0,900.0,1.3089999999999666,0.7590000000000006,0.2590000000000002,3929.0,0
1.659,9811.0,7849.0,5881.0,9807.5,7845.5,5878.5,4000.0,4000.0,3000.0,-9.5,-7.0,0.5,700.0,900.0,900.0,1.3099999999999665,0.7600000000000006,0.2600000000000002,3930.0,0
1.6600000000000001,9814.0,7852.0,5883.0,9811.5,7849.5,5881.5,3000.0,3000.0,2000.0,-8.5,-7.0,0.5,700.0,900.0,900.0,1.3109999999999664,0.7610000000000006,0.2610000000000002,3931.0,0
1.661,9818.0,7855.0,5885.0,9814.5,7852.5,5883.5,4000.0,3000.0,2000.0,-8.16666666666606,-7.33333333333303,0.5,700.0,900.0,900.0,1.3119999999999663,0.7620000000000006,0.2620000000000002,3933.0,0
1.6620000000000001,9822.0,7858.0,5888.0,9818.5,7855.5,5885.5,4000.0,3000.0,3000.0,-8.83333333333394,-7.66666666666697,0.5,700.0,900.0,900.0,1.3129999999999662,0.7630000000000006,0.2630000000000002,3934.0,0
1.663,9826.0,7861.0,5890.0,9822.5,7858.5,5888.5,4000.0,3000.0,2000.0,-7.83333333333394,-6.66666666666697,0.5,700.0,900.0,900.0,1.313999999999966,0.7640000000000006,0.2640000000000002,3936.0,0
1.6640000000000001,9830.0,7864.0,5892.0,9826.5,7861.5,5890.5,4000.0,3000.0,2000.0,-8.5,-7.0,0.5,700.0,900.0,900.0,1.314999999999966,0.7650000000000006,0.2650000000000002,3938.0,0
1.665,9834.0,7867.0,5895.0,9830.5,7864.5,5892.5,4000.0,3000.0,3000.0,-9.16666666666606,-7.33333333333303,0.5,700.0,900.0,900.0,1.3159999999999659,0.7660000000000006,0.2660000000000002,3939.0,0
1.666,9838.0,7870.0,5897.0,9834.5,7867.5,5895.5,4000.0,3000.0,2000.0,-8.16666666666606,-6.33333333333303,0.5,700.0,900.0,900.0,1.3169999999999658,0.7670000000000006,0.2670000000000002,3941.0,0
1.667,9842.0,7873.0,5899.0,9838.5,7870.5,5897.5,4000.0,3000.0,2000.0,-8.83333333333394,-6.66666666666697,0.5,700.0,900.0,900.0,1.3179999999999656,0.7680000000000006,0.2680000000000002,3943.0,0
1.668,9846.0,7877.0,5902.0,9842.5,7873.5,5899.5,4000.0,4000.0,3000.0,-9.5,-7.0,0.5,700.0,900.0,900.0,1.3189999999999655,0.7690000000000006,0.2690000000000002,3944.0,0
1.669,9849.0,7880.0,5904.0,9846.5,7877.5,5902.5,3000.0,3000.0,2000.0,-8.5,-7.0,0.5,700.0,900.0,900.0,1.3199999999999654,0.7700000000000006,0.2700000000000002,3945.0,0
1.67,9853.0,7883.0,5906.0,9849.5,7880.5,5904.5,4000.0,3000.0,2000.0,-8.16666666666606,-7.33333333333303,0.5,700.0,900.0,900.0,1.3209999999999653,0.7710000000000006,0.2710000000000002,3947.0,0
1.671,9857.0,7886.0,5909.0,9853.5,7883.5,5906.5,4000.0,3000.0,3000.0,-8.83333333333394,-7.66666666666697,0.5,700.0,900.0,900.0,1.3219999999999652,0.7720000000000006,0.2720000000000002,3948.0,0
1.672,9861.0,7889.0,5911.0,9857.5,7886.5,5909.5,4000.0,3000.0,2000.0,-7.83333333333394,-6.66666666666697,0.5,700.0,900.0,900.0,1.322999999999965,0.7730000000000006,0.2730000000000002,3950.0,0
1.673,9865.0,7892.0,5913.0,9861.5,7889.5,5911.5,4000.0,3000.0,2000.0,-8.5,-7.0,0.5,700.0,900.0,900.0,1.323999999999965,0.7740000000000006,0.2740000000000002,3952.0,0
1.674,9869.0,7895.0,5916.0,9865.5,7892.5,5913.5,4000.0,3000.0,3000.0,-9.16666666666606,-7.33333333333303,0.5,700.0,900.0,900.0,1.3249999999999649,0.7750000000000006,0.2750000000000002,3953.0,0
1.675,9873.0,7898.0,5918.0,9869.5,7895.5,5916.5,4000.0,3000.0,2000.0,-8.16666666666606,-6.33333333333303,0.5,700.0,900.0,900.0,1.3259999999999648,0.7760000000000006,0.2760000000000002,3955.0,0
1.676,9877.0,7901.0,5920.0,9873.5,7898.5,5918.5,4000.0,3000.0,2000.0,-8.83333333333394,-6.66666666666697,0.5,700.0,900.0,900.0,1.3269999999999647,0.7770000000000006,0.2770000000000002,3957.0,0
1.677,9881.0,7905.0,5923.0,9877.5,7901.5,5920.5,4000.0,4000.0,3000.0,-9.5,-7.0,0.5,700.0,900.0,900.0,1.3279999999999645,0.7780000000000006,0.2780000000000002,3958.0,0
1.678,9885.0,7908.0,5925.0,9881.5,7905.5,5923.5,4000.0,3000.0,2000.0,-8.5,-7.0,0.5,700.0,900.0,900.0,1.3289999999999644,0.7790000000000006,0.2790000000000002,3960.0,0
1.679,9888.0,7911.0,5928.0,9885.5,7908.5,5925.5,3000.0,3000.0,3000.0,-9.16666666666606,-7.33333333333303,0.5,700.0,900.0,900.0,1.3299999999999643,0.7800000000000006,0.2800000000000002,3960.0,0
1.68,9892.0,7914.0,5930.0,9888.5,7911.5,5928.5,4000.0,3000.0,2000.0,-7.16666666666606,-6.33333333333303,0.5,700.0,900.0,900.0,1.3309999999999642,0.7810000000000006,0.2810000000000002,3962.0,0
1.681,9896.0,7917.0,5932.0,9892.5,7914.5,5930.5,4000.0,3000.0,2000.0,-7.83333333333394,-6.66666666666697,0.5,700.0,900.0,900.0,1.331999999999964,0.7820000000000006,0.2820000000000002,3964.0,0
1.682,9900.0,7920.0,5935.0,9896.5,7917.5,5932.5,4000.0,3000.0,3000.0,-8.5,-7.0,0.5,700.0,900.0,900.0,1.332999999999964,0.7830000000000006,0.2830000000000002,3965.0,0
1.683,9904.0,7923.0,5937.0,9900.5,7920.5,5935.5,4000.0,3000.0,2000.0,-7.5,-6.0,0.5,700.0,900.0,900.0,1.3339999999999639,0.7840000000000006,0.2840000000000002,3967.0,0
1.684,9908.0,7926.0,5939.0,9904.5,7923.5,5937.5,4000.0,3000.0,2000.0,-8.16666666666606,-6.33333333333303,0.5,700.0,900.0,900.0,1.3349999999999638,0.7850000000000006,0.2850000000000002,3969.0,0
1.685,9912.0,7929.0,5942.0,9908.5,7926.5,5939.5,4000.0,3000.0,3000.0,-8.83333333333394,-6.66666666666697,0.5,700.0,900.0,900.0,1.3359999999999637,0.7860000000000006,0.2860000000000002,3970.0,0
1.686,9916.0,7933.0,5944.0,9912.5,7929.5,5942.5,4000.0,4000.0,2000.0,-7.83333333333394,-5.66666666666697,0.5,700.0,900.0,900.0,1.3369999999999636,0.7870000000000006,0.2870000000000002,3972.0,0
1.687,9920.0,7936.0,5946.0,9916.5,7933.5,5944.5,4000.0,3000.0,2000.0,-8.5,-7.0,0.5,700.0,900.0,900.0,1.3379999999999634,0.7880000000000006,0.2880000000000002,3974.0,0
1.688,9923.0,7939.0,5949.0,9920.5,7936.5,5946.5,3000.0,3000.0,3000.0,-9.16666666666606,-7.33333333333303,0.5,700.0,900.0,900.0,1.3389999999999633,0.7890000000000006,0.2890000000000002,3974.0,0
1.689,9927.0,7942.0,5951.0,9923.5,7939.5,5949.5,4000.0,3000.0,2000.0,-7.16666666666606,-6.33333333333303,0.5,700.0,900.0,900.0,1.3399999999999632,0.7900000000000006,0.2900000000000002,3976.0,0
1.69,9931.0,7945.0,5953.0,9927.5,7942.5,5951.5,4000.0,3000.0,2000.0,-7.83333333333394,-6.66666666666697,0.5,700.0,900.0,900.0,1.340999999999963,0.7910000000000006,0.2910000000000002,3978.0,0
1.691,9935.0,7948.0,5956.0,9931.5,7945.5,5953.5,4000.0,3000.0,3000.0,-8.5,-7.0,0.5,700.0,900.0,900.0,1.341999999999963,0.7920000000000006,0.2920000000000002,3979.0,0
1.692,9939.0,7951.0,5958.0,9935.5,7948.5,5956.5,4000.0,3000.0,2000.0,-7.5,-6.0,0.5,700.0,900.0,900.0,1.342999999999963,0.7930000000000006,0.2930000000000002,3981.0,0
1.693,9943.0,7954.0,5960.0,9939.5,7951.5,5958.5,4000.0,3000.0,2000.0,-8.16666666666606,-6.33333333333303,0.5,700.0,900.0,900.0,1.3439999999999628,0.7940000000000006,0.2940000000000002,3983.0,0
1.694,9947.0,7957.0,5963.0,9943.5,7954.5,5960.5,4000.0,3000.0,3000.0,-8.83333333333394,-6.66666666666697,0.5,700.0,900.0,900.0,1.3449999999999627,0.7950000000000006,0.2950000000000002,3984.0,0
1.695,9951.0,7960.0,5965.0,9947.5,7957.5,5963.5,4000.0,3000.0,2000.0,-7.83333333333394,-5.66666666666697,0.5,700.0,900.0,900.0,1.3459999999999626,0.7960000000000006,0.2960000000000002,3986.0,0
1.696,9955.0,7964.0,5967.0,9951.5,7960.5,5965.5,4000.0,4000.0,2000.0,-8.5,-6.0,0.5,700.0,900.0,900.0,1.3469999999999624,0.7970000000000006,0.2970000000000002,3988.0,0
1.697,9958.0,7967.0,5970.0,9955.5,7964.5,5967.5,3000.0,3000.0,3000.0,-9.16666666666606,-7.33333333333303,0.5,700.0,900.0,900.0,1.3479999999999623,0.7980000000000006,0.2980000000000002,3988.0,0
1.698,9962.0,7970.0,5972.0,9958.5,7967.5,5970.5,4000.0,3000.0,2000.0,-7.16666666666606,-6.33333333333303,0.5,700.0,900.0,900.0,1.3489999999999622,0.7990000000000006,0.2990000000000002,3990.0,0
1.699,9966.0,7973.0,5974.0,9962.5,7970.5,5972.5,4000.0,3000.0,2000.0,-7.83333333333394,-6.66666666666697,0.5,700.0,900.0,900.0,1.3499999999999621,0.8000000000000006,0.3000000000000002,3992.0,0
1.7,9970.0,7976.0,5977.0,9966.5,7973.5,5974.5,4000.0,3000.0,3000.0,-8.5,-7.0,0.5,700.0,900.0,900.0,1.350999999999962,0.8010000000000006,0.3010000000000002,3993.0,0
1.701,9974.0,7979.0,5979.0,9970.5,7976.5,5977.5,4000.0,3000.0,2000.0,-7.5,-6.0,0.5,700.0,900.0,900.0,1.351999999999962,0.8020000000000006,0.3020000000000002,3995.0,0
1.702,9978.0,7982.0,5981.0,9974.5,7979.5,5979.5,4000.0,3000.0,2000.0,-8.16666666666606,-6.33333333333303,0.5,700.0,900.0,900.0,1.3529999999999618,0.8030000000000006,0.3030000000000002,3997.0,0
1.703,9982.0,7985.0,5984.0,9978.5,7982.5,5981.5,4000.0,3000.0,3000.0,-8.83333333333394,-6.66666666666697,0.5,700.0,900.0,900.0,1.3539999999999617,0.8040000000000006,0.3040000000000002,3998.0,0
1.704,9986.0,7988.0,5986.0,9982.5,7985.5,5984.5,4000.0,3000.0,2000.0,-7.83333333333394,-5.66666666666697,0.5,700.0,900.0,900.0,1.3549999999999616,0.8050000000000006,0.3050000000000002,4000.0,0
1.705,9990.0,7992.0,5988.0,9986.5,7988.5,5986.5,4000.0,4000.0,2000.0,-8.5,-6.0,0.5,700.0,900.0,900.0,1.3559999999999615,0.8060000000000006,0.3060000000000002,4002.0,0
1.706,9993.0,7995.0,5991.0,9990.5,7992.5,5988.5,3000.0,3000.0,3000.0,-9.16666666666606,-7.33333333333303,0.5,700.0,900.0,900.0,1.3569999999999613,0.8070000000000006,0.3070000000000002,4002.0,0
1.707,9997.0,7998.0,5993.0,9993.5,7995.5,5991.5,4000.0,3000.0,2000.0,-7.16666666666606,-6.33333333333303,0.5,700.0,900.0,900.0,1.3579999999999612,0.8080000000000006,0.3080000000000002,4004.0,0
1.708,10001.0,8001.0,5995.0,9997.5,7998.5,5993.5,4000.0,3000.0,2000.0,-7.83333333333394,-6.66666666666697,0.5,700.0,900.0,900.0,1.3589999999999611,0.8090000000000006,0.3090000000000002,4006.0,0
1.709,10005.0,8004.0,5998.0,10001.5,8001.5,5995.5,4000.0,3000.0,3000.0,-8.5,-7.0,0.5,700.0,900.0,900.0,1.359999999999961,0.8100000000000006,0.3100000000000002,4007.0,0
1.71,10009.0,8007.0,6000.0,10005.5,8004.5,5998.5,4000.0,3000.0,2000.0,-7.5,-6.0,0.5,700.0,900.0,900.0,1.360999999999961,0.8110000000000006,0.3110000000000002,4009.0,0
1.711,10013.0,8010.0,6002.0,10009.5,8007.5,6000.5,4000.0,3000.0,2000.0,-8.16666666666606,-6.33333333333303,0.5,700.0,900.0,900.0,1.3619999999999608,0.8120000000000006,0.3120000000000002,4011.0,0
1.712,10017.0,8013.0,6005.0,10013.5,8010.5,6002.5,4000.0,3000.0,3000.0,-8.83333333333394,-6.66666666666697,0.5,700.0,900.0,900.0,1.3629999999999607,0.8130000000000006,0.3130000000000002,4012.0,0
1.713,10021.0,8016.0,6007.0,10017.5,8013.5,6005.5,4000.0,3000.0,2000.0,-7.83333333333394,-5.66666666666697,0.5,700.0,900.0,900.0,1.3639999999999606,0.8140000000000006,0.3140000000000002,4014.0,0
1.714,10025.0,8020.0,6009.0,10021.5,8016.5,6007.5,4000.0,4000.0,2000.0,-8.5,-6.0,0.5,700.0,900.0,900.0,1.3649999999999605,0.8150000000000006,0.3150000000000002,4016.0,0
1.715,10029.0,8023.0,6012.0,10025.5,8020.5,6009.5,4000.0,3000.0,3000.0,-9.16666666666606,-7.33333333333303,0.5,700.0,900.0,900.0,1.3659999999999604,0.8160000000000006,0.3160000000000002,4017.0,0
1.716,10032.0,8026.0,6014.0,10029.5,8023.5,6012.5,3000.0,3000.0,2000.0,-8.16666666666606,-6.33333333333303,0.5,700.0,900.0,900.0,1.3669999999999602,0.8170000000000006,0.3170000000000002,4018.0,0
1.717,10036.0,8029.0,6016.0,10032.5,8026.5,6014.5,4000.0,3000.0,2000.0,-7.83333333333394,-6.66666666666697,0.5,700.0,900.0,900.0,1.3679999999999601,0.8180000000000006,0.3180000000000002,4020.0,0
1.718,10040.0,8032.0,6019.0,10036.5,8029.5,6016.5,4000.0,3000.0,3000.0,-8.5,-7.0,0.5,700.0,900.0,900.0,1.36899999999996,0.8190000000000006,0.31900000000000023,4021.0,0
1.719,10044.0,8035.0,6021.0,10040.5,8032.5,6019.5,4000.0,3000.0,2000.0,-7.5,-6.0,0.5,700.0,900.0,900.0,1.36999999999996,0.8200000000000006,0.32000000000000023,4023.0,0
1.72,10048.0,8038.0,6023.0,10044.5,8035.5,6021.5,4000.0,3000.0,2000.0,-8.16666666666606,-6.33333333333303,0.5,700.0,900.0,900.0,1.3709999999999598,0.8210000000000006,0.32100000000000023,4025.0,0
1.721,10052.0,8041.0,6026.0,10048.5,8038.5,6023.5,4000.0,3000.0,3000.0,-8.83333333333394,-6.66666666666697,0.5,700.0,900.0,900.0,1.3719999999999597,0.8220000000000006,0.32200000000000023,4026.0,0
1.722,10056.0,8044.0,6028.0,10052.5,8041.5,6026.5,4000.0,3000.0,2000.0,-7.83333333333394,-5.66666666666697,0.5,700.0,900.0,900.0,1.3729999999999596,0.8230000000000006,0.32300000000000023,4028.0,0
1.723,10060.0,8048.0,6030.0,10056.5,8044.5,6028.5,4000.0,4000.0,2000.0,-8.5,-6.0,0.5,700.0,900.0,900.0,1.3739999999999595,0.8240000000000006,0.32400000000000023,4030.0,0
1.724,10064.0,8051.0,6033.0,10060.5,8048.5,6030.5,4000.0,3000.0,3000.0,-9.16666666666606,-7.33333333333303,0.5,700.0,900.0,900.0,1.3749999999999594,0.8250000000000006,0.32500000000000023,4031.0,0
1.725,10067.0,8054.0,6035.0,10064.5,8051.5,6033.5,3000.0,3000.0,2000.0,-8.16666666666606,-6.33333333333303,0.5,700.0,900.0,900.0,1.3759999999999593,0.8260000000000006,0.32600000000000023,4032.0,0
1.726,10071.0,8057.0,6037.0,10067.5,8054.5,6035.5,4000.0,3000.0,2000.0,-7.83333333333394,-6.66666666666697,0.5,700.0,900.0,900.0,1.3769999999999591,0.8270000000000006,0.32700000000000023,4034.0,0
1.727,10075.0,8060.0,6040.0,10071.5,8057.5,6037.5,4000.0,3000.0,3000.0,-8.5,-7.0,0.5,700.0,900.0,900.0,1.377999999999959,0.8280000000000006,0.32800000000000024,4035.0,0
1.728,10079.0,8063.0,6042.0,10075.5,8060.5,6040.5,4000.0,3000.0,2000.0,-7.5,-6.0,0.5,700.0,900.0,900.0,1.378999999999959,0.8290000000000006,0.32900000000000024,4037.0,0
1.729,10083.0,8066.0,6045.0,10079.5,8063.5,6042.5,4000.0,3000.0,3000.0,-8.16666666666606,-6.33333333333303,0.5,700.0,900.0,900.0,1.3799999999999588,0.8300000000000006,0.33000000000000024,4038.0,0
1.73,10087.0,8069.0,6047.0,10083.5,8066.5,6045.5,4000.0,3000.0,2000.0,-7.16666666666606,-5.33333333333303,0.5,700.0,900.0,900.0,1.3809999999999587,0.8310000000000006,0.33100000000000024,4040.0,0
1.731,10091.0,8072.0,6049.0,10087.5,8069.5,6047.5,4000.0,3000.0,2000.0,-7.83333333333394,-5.66666666666697,0.5,700.0,900.0,900.0,1.3819999999999586,0.8320000000000006,0.33200000000000024,4042.0,0
1.732,10095.0,8076.0,6052.0,10091.5,8072.5,6049.5,4000.0,4000.0,3000.0,-8.5,-6.0,0.5,700.0,900.0,900.0,1.3829999999999585,0.8330000000000006,0.33300000000000024,4043.0,0
1.733,10099.0,8079.0,6054.0,10095.5,8076.5,6052.5,4000.0,3000.0,2000.0,-7.5,-6.0,0.5,700.0,900.0,900.0,1.3839999999999584,0.8340000000000006,0.33400000000000024,4045.0,0
1.734,10102.0,8082.0,6056.0,10099.5,8079.5,6054.5,3000.0,3000.0,2000.0,-8.16666666666606,-6.33333333333303,0.5,700.0,900.0,900.0,1.3849999999999583,0.8350000000000006,0.33500000000000024,4046.0,0
1.735,10106.0,8085.0,6059.0,10102.5,8082.5,6056.5,4000.0,3000.0,3000.0,-7.83333333333394,-6.66666666666697,0.5,700.0,900.0,900.0,1.3859999999999582,0.8360000000000006,0.33600000000000024,4047.0,0
1.736,10110.0,8088.0,6061.0,10106.5,8085.5,6059.5,4000.0,3000.0,2000.0,-6.83333333333394,-5.66666666666697,0.5,700.0,900.0,900.0,1.386999999999958,0.8370000000000006,0.33700000000000024,4049.0,0
1.737,10114.0,8091.0,6063.0,10110.5,8088.5,6061.5,4000.0,3000.0,2000.0,-7.5,-6.0,0.5,700.0,900.0,900.0,1.387999999999958,0.8380000000000006,0.33800000000000024,4051.0,0
1.738,10118.0,8094.0,6066.0,10114.5,8091.5,6063.5,4000.0,3000.0,3000.0,-8.16666666666606,-6.33333333333303,0.5,700.0,900.0,900.0,1.3889999999999578,0.8390000000000006,0.33900000000000025,4052.0,0
1.739,10122.0,8097.0,6068.0,10118.5,8094.5,6066.5,4000.0,3000.0,2000.0,-7.16666666666606,-5.33333333333303,0.5,700.0,900.0,900.0,1.3899999999999577,0.8400000000000006,0.34000000000000025,4054.0,0
1.74,10126.0,8100.0,6070.0,10122.5,8097.5,6068.5,4000.0,3000.0,2000.0,-7.83333333333394,-5.66666666666697,0.5,700.0,900.0,900.0,1.3909999999999576,0.8410000000000006,0.34100000000000025,4056.0,0
1.741,10130.0,8104.0,6073.0,10126.5,8100.5,6070.5,4000.0,4000.0,3000.0,-8.5,-6.0,0.5,700.0,900.0,900.0,1.3919999999999575,0.8420000000000006,0.34200000000000025,4057.0,0
1.742,10134.0,8107.0,6075.0,10130.5,8104.5,6073.5,4000.0,3000.0,2000.0,-7.5,-6.0,0.5,700.0,900.0,900.0,1.3929999999999574,0.8430000000000006,0.34300000000000025,4059.0,0
1.743,10137.0,8110.0,6077.0,10134.5,8107.5,6075.5,3000.0,3000.0,2000.0,-8.16666666666606,-6.33333333333303,0.5,700.0,900.0,900.0,1.3939999999999573,0.8440000000000006,0.34400000000000025,4060.0,0
1.744,10141.0,8113.0,6080.0,10137.5,8110.5,6077.5,4000.0,3000.0,3000.0,-7.83333333333394,-6.66666666666697,0.5,700.0,900.0,900.0,1.3949999999999572,0.8450000000000006,0.34500000000000025,4061.0,0
1.745,10145.0,8116.0,6082.0,10141.5,8113.5,6080.5,4000.0,3000.0,2000.0,-6.83333333333394,-5.66666666666697,0.5,700.0,900.0,900.0,1.395999999999957,0.8460000000000006,0.34600000000000025,4063.0,0
1.746,10149.0,8119.0,6084.0,10145.5,8116.5,6082.5,4000.0,3000.0,2000.0,-7.5,-6.0,0.5,700.0,900.0,900.0,1.396999999999957,0.8470000000000006,0.34700000000000025,4065.0,0
1.747,10153.0,8122.0,6087.0,10149.5,8119.5,6084.5,4000.0,3000.0,3000.0,-8.16666666666606,-6.33333333333303,0.5,700.0,900.0,900.0,1.3979999999999568,0.8480000000000006,0.34800000000000025,4066.0,0
1.748,10157.0,8125.0,6089.0,10153.5,8122.5,6087.5,4000.0,3000.0,2000.0,-7.16666666666606,-5.33333333333303,0.5,700.0,900.0,900.0,1.3989999999999567,0.8490000000000006,0.34900000000000025,4068.0,0
1.749,10161.0,8128.0,6091.0,10157.5,8125.5,6089.5,4000.0,3000.0,2000.0,-7.83333333333394,-5.66666666666697,0.5,700.0,900.0,900.0,1.3999999999999566,0.8500000000000006,0.35000000000000026,4070.0,0
1.75,10165.0,8132.0,6094.0,10161.5,8128.5,6091.5,4000.0,4000.0,3000.0,-8.5,-6.0,0.5,700.0,900.0,900.0,1.4009999999999565,0.8510000000000006,0.35100000000000026,4071.0,0
1.7510000000000001,10169.0,8135.0,6096.0,10165.5,8132.5,6094.5,4000.0,3000.0,2000.0,-7.5,-6.0,0.5,700.0,900.0,900.0,1.4019999999999564,0.8520000000000006,0.35200000000000026,4073.0,0
1.752,10172.0,8138.0,6098.0,10169.5,8135.5,6096.5,3000.0,3000.0,2000.0,-8.16666666666606,-6.33333333333303,0.5,700.0,900.0,900.0,1.4029999999999563,0.8530000000000006,0.35300000000000026,4074.0,0
1.7530000000000001,10176.0,8141.0,6101.0,10172.5,8138.5,6098.5,4000.0,3000.0,3000.0,-7.83333333333394,-6.66666666666697,0.5,700.0,900.0,900.0,1.4039999999999562,0.8540000000000006,0.35400000000000026,4075.0,0
1.754,10180.0,8144.0,6103.0,10176.5,8141.5,6101.5,4000.0,3000.0,2000.0,-6.83333333333394,-5.66666666666697,0.5,700.0,900.0,900.0,1.404999999999956,0.8550000000000006,0.35500000000000026,4077.0,0
1.7550000000000001,10184.0,8147.0,6105.0,10180.5,8144.5,6103.5,4000.0,3000.0,2000.0,-7.5,-6.0,0.5,700.0,900.0,900.0,1.405999999999956,0.8560000000000006,0.35600000000000026,4079.0,0
1.756,10188.0,8150.0,6108.0,10184.5,8147.5,6105.5,4000.0,3000.0,3000.0,-8.16666666666606,-6.33333333333303,0.5,700.0,900.0,900.0,1.4069999999999558,0.8570000000000007,0.35700000000000026,4080.0,0
1.7570000000000001,10192.0,8153.0,6110.0,10188.5,8150.5,6108.5,4000.0,3000.0,2000.0,-7.16666666666606,-5.33333333333303,0.5,700.0,900.0,900.0,1.4079999999999557,0.8580000000000007,0.35800000000000026,4082.0,0
1.758,10196.0,8156.0,6112.0,10192.5,8153.5,6110.5,4000.0,3000.0,2000.0,-7.83333333333394,-5.66666666666697,0.5,700.0,900.0,900.0,1.4089999999999556,0.8590000000000007,0.35900000000000026,4084.0,0
1.7590000000000001,10200.0,8160.0,6115.0,10196.5,8156.5,6112.5,4000.0,4000.0,3000.0,-8.5,-6.0,0.5,700.0,900.0,900.0,1.4099999999999555,0.8600000000000007,0.36000000000000026,4085.0,0
1.76,10204.0,8163.0,6117.0,10200.5,8160.5,6115.5,4000.0,3000.0,2000.0,-7.5,-6.0,0.5,700.0,900.0,900.0,1.4109999999999554,0.8610000000000007,0.36100000000000027,4087.0,0
1.7610000000000001,10208.0,8166.0,6119.0,10204.5,8163.5,6117.5,4000.0,3000.0,2000.0,-8.16666666666606,-6.33333333333303,0.5,700.0,900.0,900.0,1.4119999999999553,0.8620000000000007,0.36200000000000027,4089.0,0
1.762,10211.0,8169.0,6122.0,10208.5,8166.5,6119.5,3000.0,3000.0,3000.0,-8.83333333333394,-6.66666666666697,0.5,700.0,900.0,900.0,1.4129999999999552,0.8630000000000007,0.36300000000000027,4089.0,0
1.7630000000000001,10215.0,8172.0,6124.0,10211.5,8169.5,6122.5,4000.0,3000.0,2000.0,-6.83333333333394,-5.66666666666697,0.5,700.0,900.0,900.0,1.413999999999955,0.8640000000000007,0.36400000000000027,4091.0,0
1.764,10219.0,8175.0,6126.0,10215.5,8172.5,6124.5,4000.0,3000.0,2000.0,-7.5,-6.0,0.5,700.0,900.0,900.0,1.414999999999955,0.8650000000000007,0.36500000000000027,4093.0,0
1.7650000000000001,10223.0,8178.0,6129.0,10219.5,8175.5,6126.5,4000.0,3000.0,3000.0,-8.16666666666606,-6.33333333333303,0.5,700.0,900.0,900.0,1.4159999999999549,0.8660000000000007,0.36600000000000027,4094.0,0
1.766,10227.0,8181.0,6131.0,10223.5,8178.5,6129.5,4000.0,3000.0,2000.0,-7.16666666666606,-5.33333333333303,0.5,700.0,900.0,900.0,1.4169999999999547,0.8670000000000007,0.36700000000000027,4096.0,0
1.7670000000000001,10231.0,8184.0,6133.0,10227.5,8181.5,6131.5,4000.0,3000.0,2000.0,-7.83333333333394,-5.66666666666697,0.5,700.0,900.0,900.0,1.4179999999999546,0.8680000000000007,0.36800000000000027,4098.0,0
1.768,10235.0,8188.0,6136.0,10231.5,8184.5,6133.5,4000.0,4000.0,3000.0,-8.5,-6.0,0.5,700.0,900.0,900.0,1.4189999999999545,0.8690000000000007,0.36900000000000027,4099.0,0
1.7690000000000001,10239.0,8191.0,6138.0,10235.5,8188.5,6136.5,4000.0,3000.0,2000.0,-7.5,-6.0,0.5,700.0,900.0,900.0,1.4199999999999544,0.8700000000000007,0.3700000000000003,4101.0,0
1.77,10243.0,8194.0,6140.0,10239.5,8191.5,6138.5,4000.0,3000.0,2000.0,-8.16666666666606,-6.33333333333303,0.5,700.0,900.0,900.0,1.4209999999999543,0.8710000000000007,0.3710000000000003,4103.0,0
1.7710000000000001,10246.0,8197.0,6143.0,10243.5,8194.5,6140.5,3000.0,3000.0,3000.0,-8.83333333333394,-6.66666666666697,0.5,700.0,900.0,900.0,1.4219999999999542,0.8720000000000007,0.3720000000000003,4103.0,0
1.772,10250.0,8200.0,6145.0,10246.5,8197.5,6143.5,4000.0,3000.0,2000.0,-6.83333333333394,-5.66666666666697,0.5,700.0,900.0,900.0,1.422999999999954,0.8730000000000007,0.3730000000000003,4105.0,0
1.7730000000000001,10254.0,8203.0,6147.0,10250.5,8200.5,6145.5,4000.0,3000.0,2000.0,-7.5,-6.0,0.5,700.0,900.0,900.0,1.423999999999954,0.8740000000000007,0.3740000000000003,4107.0,0
1.774,10258.0,8206.0,6150.0,10254.5,8203.5,6147.5,4000.0,3000.0,3000.0,-8.16666666666606,-6.33333333333394,0.5,700.0,900.0,900.0,1.4249999999999539,0.8750000000000007,0.3750000000000003,4108.0,0
1.7750000000000001,10262.0,8209.0,6152.0,10258.5,8206.5,6150.5,4000.0,3000.0,2000.0,-7.16666666666606,-5.33333333333394,0.5,700.0,900.0,900.0,1.4259999999999537,0.8760000000000007,0.3760000000000003,4110.0,0
1.776,10266.0,8212.0,6154.0,10262.5,8209.5,6152.5,4000.0,3000.0,2000.0,-7.83333333333394,-5.66666666666606,0.5,700.0,900.0,900.0,1.4269999999999536,0.8770000000000007,0.3770000000000003,4112.0,0
1.7770000000000001,10270.0,8216.0,6157.0,10266.5,8212.5,6154.5,4000.0,4000.0,3000.0,-8.5,-6.0,0.5,700.0,900.0,900.0,1.4279999999999535,0.8780000000000007,0.3780000000000003,4113.0,0
1.778,10274.0,8219.0,6159.0,10270.5,8216.5,6157.5,4000.0,3000.0,2000.0,-7.5,-6.0,0.5,700.0,900.0,900.0,1.4289999999999534,0.8790000000000007,0.3790000000000003,4115.0,0
1.7790000000000001,10278.0,8222.0,6162.0,10274.5,8219.5,6159.5,4000.0,3000.0,3000.0,-8.16666666666606,-6.33333333333394,0.5,700.0,900.0,900.0,1.4299999999999533,0.8800000000000007,0.3800000000000003,4116.0,0
1.78,10281.0,8225.0,6164.0,10278.5,8222.5,6162.5,3000.0,3000.0,2000.0,-7.16666666666606,-5.33333333333394,0.5,700.0,900.0,900.0,1.4309999999999532,0.8810000000000007,0.3810000000000003,4117.0,0
1.7810000000000001,10285.0,8228.0,6166.0,10281.5,8225.5,6164.5,4000.0,3000.0,2000.0,-6.83333333333394,-5.66666666666606,0.5,700.0,900.0,900.0,1.431999999999953,0.8820000000000007,0.3820000000000003,4119.0,0
1.782,10289.0,8231.0,6169.0,10285.5,8228.5,6166.5,4000.0,3000.0,3000.0,-7.5,-6.0,0.5,700.0,900.0,900.0,1.432999999999953,0.8830000000000007,0.3830000000000003,4120.0,0
1.7830000000000001,10293.0,8234.0,6171.0,10289.5,8231.5,6169.5,4000.0,3000.0,2000.0,-6.5,-5.0,0.5,700.0,900.0,900.0,1.4339999999999529,0.8840000000000007,0.3840000000000003,4122.0,0
1.784,10297.0,8237.0,6173.0,10293.5,8234.5,6171.5,4000.0,3000.0,2000.0,-7.16666666666606,-5.33333333333394,0.5,700.0,900.0,900.0,1.4349999999999528,0.8850000000000007,0.3850000000000003,4124.0,0
1.7850000000000001,10301.0,8240.0,6176.0,10297.5,8237.5,6173.5,4000.0,3000.0,3000.0,-7.83333333333394,-5.66666666666606,0.5,700.0,900.0,900.0,1.4359999999999526,0.8860000000000007,0.3860000000000003,4125.0,0
1.786,10305.0,8243.0,6178.0,10301.5,8240.5,6176.5,4000.0,3000.0,2000.0,-6.83333333333394,-4.66666666666606,0.5,700.0,900.0,900.0,1.4369999999999525,0.8870000000000007,0.3870000000000003,4127.0,0
1.7870000000000001,10309.0,8247.0,6180.0,10305.5,8243.5,6178.5,4000.0,4000.0,2000.0,-7.5,-5.0,0.5,700.0,900.0,900.0,1.4379999999999524,0.8880000000000007,0.3880000000000003,4129.0,0
1.788,10313.0,8250.0,6183.0,10309.5,8247.5,6180.5,4000.0,3000.0,3000.0,-8.16666666666606,-6.33333333333394,0.5,700.0,900.0,900.0,1.4389999999999523,0.8890000000000007,0.3890000000000003,4130.0,0
1.7890000000000001,10316.0,8253.0,6185.0,10313.5,8250.5,6183.5,3000.0,3000.0,2000.0,-7.16666666666606,-5.33333333333394,0.5,700.0,900.0,900.0,1.4399999999999522,0.8900000000000007,0.3900000000000003,4131.0,0
1.79,10320.0,8256.0,6187.0,10316.5,8253.5,6185.5,4000.0,3000.0,2000.0,-6.83333333333394,-5.66666666666606,0.5,700.0,900.0,900.0,1.440999999999952,0.8910000000000007,0.3910000000000003,4133.0,0
1.7910000000000001,10324.0,8259.0,6190.0,10320.5,8256.5,6187.5,4000.0,3000.0,3000.0,-7.5,-6.0,0.5,700.0,900.0,900.0,1.441999999999952,0.8920000000000007,0.3920000000000003,4134.0,0
1.792,10328.0,8262.0,6192.0,10324.5,8259.5,6190.5,4000.0,3000.0,2000.0,-6.5,-5.0,0.5,700.0,900.0,900.0,1.4429999999999519,0.8930000000000007,0.3930000000000003,4136.0,0
1.793,10332.0,8265.0,6194.0,10328.5,8262.5,6192.5,4000.0,3000.0,2000.0,-7.16666666666606,-5.33333333333394,0.5,700.0,900.0,900.0,1.4439999999999518,0.8940000000000007,0.3940000000000003,4138.0,0
1.794,10336.0,8268.0,6197.0,10332.5,8265.5,6194.5,4000.0,3000.0,3000.0,-7.83333333333394,-5.66666666666606,0.5,700.0,900.0,900.0,1.4449999999999517,0.8950000000000007,0.3950000000000003,4139.0,0
1.795,10340.0,8271.0,6199.0,10336.5,8268.5,6197.5,4000.0,3000.0,2000.0,-6.83333333333394,-4.66666666666606,0.5,700.0,900.0,900.0,1.4459999999999515,0.8960000000000007,0.3960000000000003,4141.0,0
1.796,10344.0,8275.0,6201.0,10340.5,8271.5,6199.5,4000.0,4000.0,2000.0,-7.5,-5.0,0.5,700.0,900.0,900.0,1.4469999999999514,0.8970000000000007,0.3970000000000003,4143.0,0
1.797,10348.0,8278.0,6204.0,10344.5,8275.5,6201.5,4000.0,3000.0,3000.0,-8.16666666666606,-6.33333333333394,0.5,700.0,900.0,900.0,1.4479999999999513,0.8980000000000007,0.3980000000000003,4144.0,0
1.798,10352.0,8281.0,6206.0,10348.5,8278.5,6204.5,4000.0,3000.0,2000.0,-7.16666666666606,-5.33333333333394,0.5,700.0,900.0,900.0,1.4489999999999512,0.8990000000000007,0.3990000000000003,4146.0,0
1.799,10355.0,8284.0,6208.0,10352.5,8281.5,6206.5,3000.0,3000.0,2000.0,-7.83333333333394,-5.66666666666606,0.5,700.0,900.0,900.0,1.449999999999951,0.9000000000000007,0.4000000000000003,4147.0,0
1.8,10360.0,8287.0,6211.0,10355.5,8284.5,6208.5,5000.0,3000.0,3000.0,-7.5,-6.0,0.5,0.0,900.0,900.0,0.0,0.9010000000000007,0.4010000000000003,4149.0,0
1.801,10365.0,8290.0,6213.0,10360.5,8287.5,6211.5,5000.0,3000.0,2000.0,-7.5,-5.0,0.5,0.0,900.0,900.0,0.0,0.9020000000000007,0.4020000000000003,4152.0,0
1.802,10369.0,8293.0,6215.0,10365.5,8290.5,6213.5,4000.0,3000.0,2000.0,-9.16666666666606,-5.33333333333394,0.5,0.0,900.0,900.0,0.0,0.9030000000000007,0.4030000000000003,4154.0,0
1.803,10374.0,8296.0,6218.0,10369.5,8293.5,6215.5,5000.0,3000.0,3000.0,-9.83333333333394,-5.66666666666606,0.5,0.0,900.0,900.0,0.0,0.9040000000000007,0.4040000000000003,4156.0,0
1.804,10378.0,8299.0,6220.0,10374.5,8296.5,6218.5,4000.0,3000.0,2000.0,-9.83333333333394,-4.66666666666606,0.5,0.0,900.0,900.0,0.0,0.9050000000000007,0.4050000000000003,4158.0,0
1.805,10383.0,8303.0,6222.0,10378.5,8299.5,6220.5,5000.0,4000.0,2000.0,-10.5,-5.0,0.5,0.0,900.0,900.0,0.0,0.9060000000000007,0.4060000000000003,4161.0,0
1.806,10387.0,8306.0,6225.0,10383.5,8303.5,6222.5,4000.0,3000.0,3000.0,-12.16666666666606,-6.33333333333394,0.5,0.0,900.0,900.0,0.0,0.9070000000000007,0.4070000000000003,4162.0,0
1.807,10391.0,8309.0,6227.0,10387.5,8306.5,6225.5,4000.0,3000.0,2000.0,-11.16666666666606,-5.33333333333394,0.5,0.0,900.0,900.0,0.0,0.9080000000000007,0.4080000000000003,4164.0,0
1.808,10395.0,8312.0,6229.0,10391.5,8309.5,6227.5,4000.0,3000.0,2000.0,-11.83333333333394,-5.66666666666606,0.5,0.0,900.0,900.0,0.0,0.9090000000000007,0.4090000000000003,4166.0,0
1.809,10399.0,8315.0,6232.0,10395.5,8312.5,6229.5,4000.0,3000.0,3000.0,-12.5,-6.0,0.5,0.0,900.0,900.0,0.0,0.9100000000000007,0.4100000000000003,4167.0,0
1.81,10403.0,8318.0,6234.0,10399.5,8315.5,6232.5,4000.0,3000.0,2000.0,-11.5,-5.0,0.5,0.0,900.0,900.0,0.0,0.9110000000000007,0.4110000000000003,4169.0,0
1.811,10407.0,8321.0,6236.0,10403.5,8318.5,6234.5,4000.0,3000.0,2000.0,-12.16666666666606,-5.33333333333394,0.5,0.0,900.0,900.0,0.0,0.9120000000000007,0.4120000000000003,4171.0,0
1.812,10411.0,8324.0,6239.0,10407.5,8321.5,6236.5,4000.0,3000.0,3000.0,-12.83333333333394,-5.66666666666606,0.5,0.0,900.0,900.0,0.0,0.9130000000000007,0.4130000000000003,4172.0,0
1.813,10415.0,8327.0,6241.0,10411.5,8324.5,6239.5,4000.0,3000.0,2000.0,-11.83333333333394,-4.66666666666606,0.5,0.0,900.0,900.0,0.0,0.9140000000000007,0.4140000000000003,4174.0,0
1.814,10419.0,8331.0,6243.0,10415.5,8327.5,6241.5,4000.0,4000.0,2000.0,-12.5,-5.0,0.5,0.0,900.0,900.0,0.0,0.9150000000000007,0.4150000000000003,4176.0,0
1.815,10423.0,8334.0,6246.0,10419.5,8331.5,6243.5,4000.0,3000.0,3000.0,-13.16666666666606,-6.33333333333394,0.5,0.0,900.0,900.0,0.0,0.9160000000000007,0.4160000000000003,4177.0,0
1.816,10427.0,8337.0,6248.0,10423.5,8334.5,6246.5,4000.0,3000.0,2000.0,-12.16666666666606,-5.33333333333394,0.5,0.0,900.0,900.0,0.0,0.9170000000000007,0.4170000000000003,4179.0,0
1.817,10431.0,8340.0,6250.0,10427.5,8337.5,6248.5,4000.0,3000.0,2000.0,-12.83333333333394,-5.66666666666606,0.5,0.0,900.0,900.0,0.0,0.9180000000000007,0.4180000000000003,4181.0,0
1.818,10435.0,8343.0,6253.0,10431.5,8340.5,6250.5,4000.0,3000.0,3000.0,-13.5,-6.0,0.5,0.0,900.0,900.0,0.0,0.9190000000000007,0.4190000000000003,4182.0,0
1.819,10439.0,8346.0,6255.0,10435.5,8343.5,6253.5,4000.0,3000.0,2000.0,-12.5,-5.0,0.5,0.0,900.0,900.0,0.0,0.9200000000000007,0.4200000000000003,4184.0,0
1.82,10443.0,8349.0,6257.0,10439.5,8346.5,6255.5,4000.0,3000.0,2000.0,-13.16666666666606,-5.33333333333394,0.5,0.0,900.0,900.0,0.0,0.9210000000000007,0.4210000000000003,4186.0,0
1.821,10447.0,8352.0,6260.0,10443.5,8349.5,6257.5,4000.0,3000.0,3000.0,-13.83333333333394,-5.66666666666606,0.5,0.0,900.0,900.0,0.0,0.9220000000000007,0.4220000000000003,4187.0,0
1.822,10451.0,8355.0,6262.0,10447.5,8352.5,6260.5,4000.0,3000.0,2000.0,-12.83333333333394,-4.66666666666606,0.5,0.0,900.0,900.0,0.0,0.9230000000000007,0.4230000000000003,4189.0,0
1.823,10455.0,8359.0,6264.0,10451.5,8355.5,6262.5,4000.0,4000.0,2000.0,-13.5,-5.0,0.5,0.0,900.0,900.0,0.0,0.9240000000000007,0.4240000000000003,4191.0,0
1.824,10459.0,8362.0,6267.0,10455.5,8359.5,6264.5,4000.0,3000.0,3000.0,-14.16666666666606,-6.33333333333394,0.5,0.0,900.0,900.0,0.0,0.9250000000000007,0.4250000000000003,4192.0,0
1.825,10463.0,8365.0,6269.0,10459.5,8362.5,6267.5,4000.0,3000.0,2000.0,-13.16666666666606,-5.33333333333394,0.5,0.0,900.0,900.0,0.0,0.9260000000000007,0.4260000000000003,4194.0,0
1.826,10467.0,8368.0,6271.0,10463.5,8365.5,6269.5,4000.0,3000.0,2000.0,-13.83333333333394,-5.66666666666606,0.5,0.0,900.0,900.0,0.0,0.9270000000000007,0.4270000000000003,4196.0,0
1.827,10471.0,8371.0,6274.0,10467.5,8368.5,6271.5,4000.0,3000.0,3000.0,-14.5,-6.0,0.5,0.0,900.0,900.0,0.0,0.9280000000000007,0.4280000000000003,4197.0,0
1.828,10474.0,8374.0,6276.0,10471.5,8371.5,6274.5,3000.0,3000.0,2000.0,-13.5,-5.0,0.5,0.0,900.0,900.0,0.0,0.9290000000000007,0.4290000000000003,4198.0,0
1.829,10478.0,8377.0,6278.0,10474.5,8374.5,6276.5,4000.0,3000.0,2000.0,-13.16666666666606,-5.33333333333394,0.5,0.0,900.0,900.0,0.0,0.9300000000000007,0.4300000000000003,4200.0,0
1.83,10482.0,8380.0,6281.0,10478.5,8377.5,6278.5,4000.0,3000.0,3000.0,-13.83333333333394,-5.66666666666606,0.5,0.0,900.0,900.0,0.0,0.9310000000000007,0.4310000000000003,4201.0,0
1.831,10486.0,8383.0,6283.0,10482.5,8380.5,6281.5,4000.0,3000.0,2000.0,-12.83333333333394,-4.66666666666606,0.5,0.0,900.0,900.0,0.0,0.9320000000000007,0.43200000000000033,4203.0,0
1.832,10490.0,8387.0,6286.0,10486.5,8383.5,6283.5,4000.0,4000.0,3000.0,-13.5,-5.0,0.5,0.0,900.0,900.0,0.0,0.9330000000000007,0.43300000000000033,4204.0,0
1.833,10494.0,8390.0,6288.0,10490.5,8387.5,6286.5,4000.0,3000.0,2000.0,-12.5,-5.0,0.5,0.0,900.0,900.0,0.0,0.9340000000000007,0.43400000000000033,4206.0,0
1.834,10498.0,8393.0,6290.0,10494.5,8390.5,6288.5,4000.0,3000.0,2000.0,-13.16666666666606,-5.33333333333394,0.5,0.0,900.0,900.0,0.0,0.9350000000000007,0.43500000000000033,4208.0,0
1.835,10501.0,8396.0,6293.0,10498.5,8393.5,6290.5,3000.0,3000.0,3000.0,-13.83333333333394,-5.66666666666606,0.5,0.0,900.0,900.0,0.0,0.9360000000000007,0.43600000000000033,4208.0,0
1.836,10505.0,8399.0,6295.0,10501.5,8396.5,6293.5,4000.0,3000.0,2000.0,-11.83333333333394,-4.66666666666606,0.5,0.0,900.0,900.0,0.0,0.9370000000000007,0.43700000000000033,4210.0,0
1.837,10509.0,8402.0,6297.0,10505.5,8399.5,6295.5,4000.0,3000.0,2000.0,-12.5,-5.0,0.5,0.0,900.0,900.0,0.0,0.9380000000000007,0.43800000000000033,4212.0,0
1.838,10513.0,8405.0,6300.0,10509.5,8402.5,6297.5,4000.0,3000.0,3000.0,-13.16666666666606,-5.33333333333394,0.5,0.0,900.0,900.0,0.0,0.9390000000000007,0.43900000000000033,4213.0,0
1.839,10517.0,8408.0,6302.0,10513.5,8405.5,6300.5,4000.0,3000.0,2000.0,-12.16666666666606,-4.33333333333394,0.5,0.0,900.0,900.0,0.0,0.9400000000000007,0.44000000000000034,4215.0,0
1.84,10520.0,8411.0,6304.0,10517.5,8408.5,6302.5,3000.0,3000.0,2000.0,-12.83333333333394,-4.66666666666606,0.5,0.0,900.0,900.0,0.0,0.9410000000000007,0.44100000000000034,4216.0,0
1.841,10524.0,8415.0,6307.0,10520.5,8411.5,6304.5,4000.0,4000.0,3000.0,-12.5,-5.0,0.5,0.0,900.0,900.0,0.0,0.9420000000000007,0.44200000000000034,4217.0,0
1.842,10528.0,8418.0,6309.0,10524.5,8415.5,6307.5,4000.0,3000.0,2000.0,-11.5,-5.0,0.5,0.0,900.0,900.0,0.0,0.9430000000000007,0.44300000000000034,4219.0,0
1.843,10532.0,8421.0,6311.0,10528.5,8418.5,6309.5,4000.0,3000.0,2000.0,-12.16666666666606,-5.33333333333394,0.5,0.0,900.0,900.0,0.0,0.9440000000000007,0.44400000000000034,4221.0,0
1.844,10536.0,8424.0,6314.0,10532.5,8421.5,6311.5,4000.0,3000.0,3000.0,-12.83333333333394,-5.66666666666606,0.5,0.0,900.0,900.0,0.0,0.9450000000000007,0.44500000000000034,4222.0,0
1.845,10540.0,8427.0,6316.0,10536.5,8424.5,6314.5,4000.0,3000.0,2000.0,-11.83333333333394,-4.66666666666606,0.5,0.0,900.0,900.0,0.0,0.9460000000000007,0.44600000000000034,4224.0,0
1.846,10543.0,8430.0,6318.0,10540.5,8427.5,6316.5,3000.0,3000.0,2000.0,-12.5,-5.0,0.5,0.0,900.0,900.0,0.0,0.9470000000000007,0.44700000000000034,4225.0,0
1.847,10547.0,8433.0,6321.0,10543.5,8430.5,6318.5,4000.0,3000.0,3000.0,-12.16666666666606,-5.33333333333394,0.5,0.0,900.0,900.0,0.0,0.9480000000000007,0.44800000000000034,4226.0,0
1.848,10551.0,8436.0,6323.0,10547.5,8433.5,6321.5,4000.0,3000.0,2000.0,-11.16666666666606,-4.33333333333394,0.5,0.0,900.0,900.0,0.0,0.9490000000000007,0.44900000000000034,4228.0,0
1.849,10555.0,8439.0,6325.0,10551.5,8436.5,6323.5,4000.0,3000.0,2000.0,-11.83333333333394,-4.66666666666606,0.5,0.0,900.0,900.0,0.0,0.9500000000000007,0.45000000000000034,4230.0,0
1.85,10558.0,8443.0,6328.0,10555.5,8439.5,6325.5,3000.0,4000.0,3000.0,-12.5,-5.0,0.5,0.0,900.0,900.0,0.0,0.9510000000000007,0.45100000000000035,4230.0,0
1.851,10562.0,8446.0,6330.0,10558.5,8443.5,6328.5,4000.0,3000.0,2000.0,-10.5,-5.0,0.5,0.0,900.0,900.0,0.0,0.9520000000000007,0.45200000000000035,4232.0,0
1.852,10566.0,8449.0,6332.0,10562.5,8446.5,6330.5,4000.0,3000.0,2000.0,-11.16666666666606,-5.33333333333394,0.5,0.0,900.0,900.0,0.0,0.9530000000000007,0.45300000000000035,4234.0,0
1.853,10570.0,8452.0,6335.0,10566.5,8449.5,6332.5,4000.0,3000.0,3000.0,-11.83333333333394,-5.66666666666606,0.5,0.0,900.0,900.0,0.0,0.9540000000000007,0.45400000000000035,4235.0,0
1.854,10573.0,8455.0,6337.0,10570.5,8452.5,6335.5,3000.0,3000.0,2000.0,-10.83333333333394,-4.66666666666606,0.5,0.0,900.0,900.0,0.0,0.9550000000000007,0.45500000000000035,4236.0,0
1.855,10577.0,8458.0,6339.0,10573.5,8455.5,6337.5,4000.0,3000.0,2000.0,-10.5,-5.0,0.5,0.0,900.0,900.0,0.0,0.9560000000000007,0.45600000000000035,4238.0,0
1.856,10581.0,8461.0,6342.0,10577.5,8458.5,6339.5,4000.0,3000.0,3000.0,-11.16666666666606,-5.33333333333394,0.5,0.0,900.0,900.0,0.0,0.9570000000000007,0.45700000000000035,4239.0,0
1.857,10585.0,8464.0,6344.0,10581.5,8461.5,6342.5,4000.0,3000.0,2000.0,-10.16666666666606,-4.33333333333394,0.5,0.0,900.0,900.0,0.0,0.9580000000000007,0.45800000000000035,4241.0,0
1.858,10589.0,8467.0,6346.0,10585.5,8464.5,6344.5,4000.0,3000.0,2000.0,-10.83333333333394,-4.66666666666606,0.5,0.0,900.0,900.0,0.0,0.9590000000000007,0.45900000000000035,4243.0,0
1.859,10592.0,8471.0,6349.0,10589.5,8467.5,6346.5,3000.0,4000.0,3000.0,-11.5,-5.0,0.5,0.0,900.0,900.0,0.0,0.9600000000000007,0.46000000000000035,4243.0,0
1.86,10596.0,8474.0,6351.0,10592.5,8471.5,6349.5,4000.0,3000.0,2000.0,-9.5,-5.0,0.5,0.0,900.0,900.0,0.0,0.9610000000000007,0.46100000000000035,4245.0,0
1.861,10600.0,8477.0,6353.0,10596.5,8474.5,6351.5,4000.0,3000.0,2000.0,-10.16666666666606,-5.33333333333394,0.5,0.0,900.0,900.0,0.0,0.9620000000000007,0.46200000000000035,4247.0,0
1.862,10604.0,8480.0,6356.0,10600.5,8477.5,6353.5,4000.0,3000.0,3000.0,-10.83333333333394,-5.66666666666606,0.5,0.0,900.0,900.0,0.0,0.9630000000000007,0.46300000000000036,4248.0,0
1.863,10608.0,8483.0,6358.0,10604.5,8480.5,6356.5,4000.0,3000.0,2000.0,-9.83333333333394,-4.66666666666606,0.5,0.0,900.0,900.0,0.0,0.9640000000000007,0.46400000000000036,4250.0,0
1.864,10611.0,8486.0,6360.0,10608.5,8483.5,6358.5,3000.0,3000.0,2000.0,-10.5,-5.0,0.5,0.0,900.0,900.0,0.0,0.9650000000000007,0.46500000000000036,4251.0,0
1.865,10615.0,8489.0,6363.0,10611.5,8486.5,6360.5,4000.0,3000.0,3000.0,-10.16666666666606,-5.33333333333394,0.5,0.0,900.0,900.0,0.0,0.9660000000000007,0.46600000000000036,4252.0,0
1.866,10619.0,8492.0,6365.0,10615.5,8489.5,6363.5,4000.0,3000.0,2000.0,-9.16666666666606,-4.33333333333394,0.5,0.0,900.0,900.0,0.0,0.9670000000000007,0.46700000000000036,4254.0,0
1.867,10623.0,8495.0,6367.0,10619.5,8492.5,6365.5,4000.0,3000.0,2000.0,-9.83333333333394,-4.66666666666606,0.5,0.0,900.0,900.0,0.0,0.9680000000000007,0.46800000000000036,4256.0,0
1.868,10627.0,8498.0,6370.0,10623.5,8495.5,6367.5,4000.0,3000.0,3000.0,-10.5,-5.0,0.5,0.0,900.0,900.0,0.0,0.9690000000000007,0.46900000000000036,4257.0,0
1.869,10631.0,8502.0,6372.0,10627.5,8498.5,6370.5,4000.0,4000.0,2000.0,-9.5,-4.0,0.5,0.0,900.0,900.0,0.0,0.9700000000000008,0.47000000000000036,4259.0,0
1.87,10635.0,8505.0,6374.0,10631.5,8502.5,6372.5,4000.0,3000.0,2000.0,-10.16666666666606,-5.33333333333394,0.5,0.0,900.0,900.0,0.0,0.9710000000000008,0.47100000000000036,4261.0,0
1.871,10639.0,8508.0,6377.0,10635.5,8505.5,6374.5,4000.0,3000.0,3000.0,-10.83333333333394,-5.66666666666606,0.5,0.0,900.0,900.0,0.0,0.9720000000000008,0.47200000000000036,4262.0,0
1.872,10643.0,8511.0,6379.0,10639.5,8508.5,6377.5,4000.0,3000.0,2000.0,-9.83333333333394,-4.66666666666606,0.5,0.0,900.0,900.0,0.0,0.9730000000000008,0.47300000000000036,4264.0,0
1.873,10647.0,8514.0,6381.0,10643.5,8511.5,6379.5,4000.0,3000.0,2000.0,-10.5,-5.0,0.5,0.0,900.0,900.0,0.0,0.9740000000000008,0.47400000000000037,4266.0,0
1.874,10650.0,8517.0,6384.0,10647.5,8514.5,6381.5,3000.0,3000.0,3000.0,-11.16666666666606,-5.33333333333394,0.5,0.0,900.0,900.0,0.0,0.9750000000000008,0.47500000000000037,4266.0,0
1.875,10654.0,8520.0,6386.0,10650.5,8517.5,6384.5,4000.0,3000.0,2000.0,-9.16666666666606,-4.33333333333394,0.5,0.0,900.0,900.0,0.0,0.9760000000000008,0.47600000000000037,4268.0,0
1.8760000000000001,10658.0,8523.0,6388.0,10654.5,8520.5,6386.5,4000.0,3000.0,2000.0,-9.83333333333394,-4.66666666666606,0.5,0.0,900.0,900.0,0.0,0.9770000000000008,0.47700000000000037,4270.0,0
1.877,10662.0,8526.0,6391.0,10658.5,8523.5,6388.5,4000.0,3000.0,3000.0,-10.5,-5.0,0.5,0.0,900.0,900.0,0.0,0.9780000000000008,0.47800000000000037,4271.0,0
1.8780000000000001,10666.0,8530.0,6393.0,10662.5,8526.5,6391.5,4000.0,4000.0,2000.0,-9.5,-4.0,0.5,0.0,900.0,900.0,0.0,0.9790000000000008,0.47900000000000037,4273.0,0
1.879,10670.0,8533.0,6395.0,10666.5,8530.5,6393.5,4000.0,3000.0,2000.0,-10.16666666666606,-5.33333333333394,0.5,0.0,900.0,900.0,0.0,0.9800000000000008,0.48000000000000037,4275.0,0
1.8800000000000001,10674.0,8536.0,6398.0,10670.5,8533.5,6395.5,4000.0,3000.0,3000.0,-10.83333333333394,-5.66666666666606,0.5,0.0,900.0,900.0,0.0,0.9810000000000008,0.48100000000000037,4276.0,0
1.881,10678.0,8539.0,6400.0,10674.5,8536.5,6398.5,4000.0,3000.0,2000.0,-9.83333333333394,-4.66666666666606,0.5,0.0,900.0,900.0,0.0,0.9820000000000008,0.4820000000000004,4278.0,0
1.8820000000000001,10681.0,8542.0,6403.0,10678.5,8539.5,6400.5,3000.0,3000.0,3000.0,-10.5,-5.0,0.5,0.0,900.0,900.0,0.0,0.9830000000000008,0.4830000000000004,4278.0,0
1.883,10685.0,8545.0,6405.0,10681.5,8542.5,6403.5,4000.0,3000.0,2000.0,-8.5,-4.0,0.5,0.0,900.0,900.0,0.0,0.9840000000000008,0.4840000000000004,4280.0,0
1.8840000000000001,10689.0,8548.0,6407.0,10685.5,8545.5,6405.5,4000.0,3000.0,2000.0,-9.16666666666606,-4.33333333333394,0.5,0.0,900.0,900.0,0.0,0.9850000000000008,0.4850000000000004,4282.0,0
1.885,10693.0,8551.0,6410.0,10689.5,8548.5,6407.5,4000.0,3000.0,3000.0,-9.83333333333394,-4.66666666666606,0.5,0.0,900.0,900.0,0.0,0.9860000000000008,0.4860000000000004,4283.0,0
1.8860000000000001,10697.0,8554.0,6412.0,10693.5,8551.5,6410.5,4000.0,3000.0,2000.0,-8.83333333333394,-3.6666666666660603,0.5,0.0,900.0,900.0,0.0,0.9870000000000008,0.4870000000000004,4285.0,0
1.887,10701.0,8558.0,6414.0,10697.5,8554.5,6412.5,4000.0,4000.0,2000.0,-9.5,-4.0,0.5,0.0,900.0,900.0,0.0,0.9880000000000008,0.4880000000000004,4287.0,0
1.8880000000000001,10705.0,8561.0,6417.0,10701.5,8558.5,6414.5,4000.0,3000.0,3000.0,-10.16666666666606,-5.33333333333394,0.5,0.0,900.0,900.0,0.0,0.9890000000000008,0.4890000000000004,4288.0,0
1.889,10709.0,8564.0,6419.0,10705.5,8561.5,6417.5,4000.0,3000.0,2000.0,-9.16666666666606,-4.33333333333394,0.5,0.0,900.0,900.0,0.0,0.9900000000000008,0.4900000000000004,4290.0,0
1.8900000000000001,10713.0,8567.0,6421.0,10709.5,8564.5,6419.5,4000.0,3000.0,2000.0,-9.83333333333394,-4.66666666666606,0.5,0.0,900.0,900.0,0.0,0.9910000000000008,0.4910000000000004,4292.0,0
1.891,10717.0,8570.0,6424.0,10713.5,8567.5,6421.5,4000.0,3000.0,3000.0,-10.5,-5.0,0.5,0.0,900.0,900.0,0.0,0.9920000000000008,0.4920000000000004,4293.0,0
1.8920000000000001,10721.0,8573.0,6426.0,10717.5,8570.5,6424.5,4000.0,3000.0,2000.0,-9.5,-4.0,0.5,0.0,900.0,900.0,0.0,0.9930000000000008,0.4930000000000004,4295.0,0
1.893,10725.0,8576.0,6428.0,10721.5,8573.5,6426.5,4000.0,3000.0,2000.0,-10.16666666666606,-4.33333333333394,0.5,0.0,900.0,900.0,0.0,0.9940000000000008,0.4940000000000004,4297.0,0
1.8940000000000001,10729.0,8579.0,6431.0,10725.5,8576.5,6428.5,4000.0,3000.0,3000.0,-10.83333333333394,-4.66666666666606,0.5,0.0,900.0,900.0,0.0,0.9950000000000008,0.4950000000000004,4298.0,0
1.895,10733.0,8582.0,6433.0,10729.5,8579.5,6431.5,4000.0,3000.0,2000.0,-9.83333333333394,-3.6666666666660603,0.5,0.0,900.0,900.0,0.0,0.9960000000000008,0.4960000000000004,4300.0,0
1.8960000000000001,10737.0,8586.0,6435.0,10733.5,8582.5,6433.5,4000.0,4000.0,2000.0,-10.5,-4.0,0.5,0.0,900.0,900.0,0.0,0.9970000000000008,0.4970000000000004,4302.0,0
1.897,10740.0,8589.0,6438.0,10737.5,8586.5,6435.5,3000.0,3000.0,3000.0,-11.16666666666606,-5.33333333333394,0.5,0.0,900.0,900.0,0.0,0.9980000000000008,0.4980000000000004,4302.0,0
1.8980000000000001,10744.0,8592.0,6440.0,10740.5,8589.5,6438.5,4000.0,3000.0,2000.0,-9.16666666666606,-4.33333333333394,0.5,0.0,900.0,900.0,0.0,0.9990000000000008,0.4990000000000004,4304.0,0
1.899,10748.0,8595.0,6442.0,10744.5,8592.5,6440.5,4000.0,3000.0,2000.0,-9.83333333333394,-4.66666666666606,0.5,0.0,900.0,900.0,0.0,1.0000000000000007,0.5000000000000003,4306.0,0
1.9000000000000001,10752.0,8598.0,6445.0,10748.5,8595.5,6442.5,4000.0,3000.0,3000.0,-10.5,-5.0,0.5,0.0,900.0,900.0,0.0,1.0010000000000006,0.5010000000000003,4307.0,0
1.901,10756.0,8601.0,6447.0,10752.5,8598.5,6445.5,4000.0,3000.0,2000.0,-9.5,-4.0,0.5,0.0,900.0,900.0,0.0,1.0020000000000004,0.5020000000000003,4309.0,0
1.9020000000000001,10760.0,8604.0,6449.0,10756.5,8601.5,6447.5,4000.0,3000.0,2000.0,-10.16666666666606,-4.33333333333394,0.5,0.0,900.0,900.0,0.0,1.0030000000000003,0.5030000000000003,4311.0,0
1.903,10763.0,8607.0,6452.0,10760.5,8604.5,6449.5,3000.0,3000.0,3000.0,-10.83333333333394,-4.66666666666606,0.5,0.0,900.0,900.0,0.0,1.0040000000000002,0.5040000000000003,4311.0,0
1.9040000000000001,10767.0,8610.0,6454.0,10763.5,8607.5,6452.5,4000.0,3000.0,2000.0,-8.83333333333394,-3.6666666666660603,0.5,0.0,900.0,900.0,0.0,1.0050000000000001,0.5050000000000003,4313.0,0
1.905,10771.0,8614.0,6456.0,10767.5,8610.5,6454.5,4000.0,4000.0,2000.0,-9.5,-4.0,0.5,0.0,900.0,900.0,0.0,1.006,0.5060000000000003,4315.0,0
1.9060000000000001,10775.0,8617.0,6459.0,10771.5,8614.5,6456.5,4000.0,3000.0,3000.0,-10.16666666666606,-5.33333333333394,0.5,0.0,900.0,900.0,0.0,1.007,0.5070000000000003,4316.0,0
1.907,10779.0,8620.0,6461.0,10775.5,8617.5,6459.5,4000.0,3000.0,2000.0,-9.16666666666606,-4.33333333333394,0.5,0.0,900.0,900.0,0.0,1.0079999999999998,0.5080000000000003,4318.0,0
1.9080000000000001,10783.0,8623.0,6463.0,10779.5,8620.5,6461.5,4000.0,3000.0,2000.0,-9.83333333333394,-4.66666666666606,0.5,0.0,900.0,900.0,0.0,1.0089999999999997,0.5090000000000003,4320.0,0
1.909,10787.0,8626.0,6466.0,10783.5,8623.5,6463.5,4000.0,3000.0,3000.0,-10.5,-5.0,0.5,0.0,900.0,900.0,0.0,1.0099999999999996,0.5100000000000003,4321.0,0
1.9100000000000001,10791.0,8629.0,6468.0,10787.5,8626.5,6466.5,4000.0,3000.0,2000.0,-9.5,-4.0,0.5,0.0,900.0,900.0,0.0,1.0109999999999995,0.5110000000000003,4323.0,0
1.911,10795.0,8632.0,6470.0,10791.5,8629.5,6468.5,4000.0,3000.0,2000.0,-10.16666666666606,-4.33333333333394,0.5,0.0,900.0,900.0,0.0,1.0119999999999993,0.5120000000000003,4325.0,0
1.9120000000000001,10798.0,8635.0,6473.0,10795.5,8632.5,6470.5,3000.0,3000.0,3000.0,-10.83333333333394,-4.66666666666606,0.5,0.0,900.0,900.0,0.0,1.0129999999999992,0.5130000000000003,4325.0,0
1.913,10802.0,8638.0,6475.0,10798.5,8635.5,6473.5,4000.0,3000.0,2000.0,-8.83333333333394,-3.6666666666660603,0.5,0.0,900.0,900.0,0.0,1.0139999999999991,0.5140000000000003,4327.0,0
1.9140000000000001,10806.0,8642.0,6477.0,10802.5,8638.5,6475.5,4000.0,4000.0,2000.0,-9.5,-4.0,0.5,0.0,900.0,900.0,0.0,1.014999999999999,0.5150000000000003,4329.0,0
1.915,10810.0,8645.0,6480.0,10806.5,8642.5,6477.5,4000.0,3000.0,3000.0,-10.16666666666606,-5.33333333333394,0.5,0.0,900.0,900.0,0.0,1.015999999999999,0.5160000000000003,4330.0,0
1.9160000000000001,10814.0,8648.0,6482.0,10810.5,8645.5,6480.5,4000.0,3000.0,2000.0,-9.16666666666606,-4.33333333333394,0.5,0.0,900.0,900.0,0.0,1.0169999999999988,0.5170000000000003,4332.0,0
1.917,10818.0,8651.0,6484.0,10814.5,8648.5,6482.5,4000.0,3000.0,2000.0,-9.83333333333394,-4.66666666666606,0.5,0.0,900.0,900.0,0.0,1.0179999999999987,0.5180000000000003,4334.0,0
1.9180000000000001,10822.0,8654.0,6487.0,10818.5,8651.5,6484.5,4000.0,3000.0,3000.0,-10.5,-5.0,0.5,0.0,900.0,900.0,0.0,1.0189999999999986,0.5190000000000003,4335.0,0
1.919,10826.0,8657.0,6489.0,10822.5,8654.5,6487.5,4000.0,3000.0,2000.0,-9.5,-4.0,0.5,0.0,900.0,900.0,0.0,1.0199999999999985,0.5200000000000004,4337.0,0
1.92,10829.0,8660.0,6491.0,10826.5,8657.5,6489.5,3000.0,3000.0,2000.0,-10.16666666666606,-4.33333333333394,0.5,0.0,900.0,900.0,0.0,1.0209999999999984,0.5210000000000004,4338.0,0
1.921,10833.0,8663.0,6494.0,10829.5,8660.5,6491.5,4000.0,3000.0,3000.0,-9.83333333333394,-4.66666666666606,0.5,0.0,900.0,900.0,0.0,1.0219999999999982,0.5220000000000004,4339.0,0
1.922,10837.0,8666.0,6496.0,10833.5,8663.5,6494.5,4000.0,3000.0,2000.0,-8.83333333333394,-3.6666666666660603,0.5,0.0,900.0,900.0,0.0,1.0229999999999981,0.5230000000000004,4341.0,0
1.923,10841.0,8670.0,6498.0,10837.5,8666.5,6496.5,4000.0,4000.0,2000.0,-9.5,-4.0,0.5,0.0,900.0,900.0,0.0,1.023999999999998,0.5240000000000004,4343.0,0
1.924,10845.0,8673.0,6501.0,10841.5,8670.5,6498.5,4000.0,3000.0,3000.0,-10.16666666666606,-5.33333333333394,0.5,0.0,900.0,900.0,0.0,1.024999999999998,0.5250000000000004,4344.0,0
1.925,10849.0,8676.0,6503.0,10845.5,8673.5,6501.5,4000.0,3000.0,2000.0,-9.16666666666606,-4.33333333333394,0.5,0.0,900.0,900.0,0.0,1.0259999999999978,0.5260000000000004,4346.0,0
1.926,10853.0,8679.0,6505.0,10849.5,8676.5,6503.5,4000.0,3000.0,2000.0,-9.83333333333394,-4.66666666666606,0.5,0.0,900.0,900.0,0.0,1.0269999999999977,0.5270000000000004,4348.0,0
1.927,10857.0,8682.0,6508.0,10853.5,8679.5,6505.5,4000.0,3000.0,3000.0,-10.5,-5.0,0.5,0.0,900.0,900.0,0.0,1.0279999999999976,0.5280000000000004,4349.0,0
1.928,10861.0,8685.0,6510.0,10857.5,8682.5,6508.5,4000.0,3000.0,2000.0,-9.5,-4.0,0.5,0.0,900.0,900.0,0.0,1.0289999999999975,0.5290000000000004,4351.0,0
1.929,10865.0,8688.0,6512.0,10861.5,8685.5,6510.5,4000.0,3000.0,2000.0,-10.16666666666606,-4.33333333333394,0.5,0.0,900.0,900.0,0.0,1.0299999999999974,0.5300000000000004,4353.0,0
1.93,10868.0,8691.0,6515.0,10865.5,8688.5,6512.5,3000.0,3000.0,3000.0,-10.83333333333394,-4.66666666666606,0.5,0.0,900.0,900.0,0.0,1.0309999999999973,0.5310000000000004,4353.0,0
1.931,10872.0,8694.0,6517.0,10868.5,8691.5,6515.5,4000.0,3000.0,2000.0,-8.83333333333394,-3.6666666666660603,0.5,0.0,900.0,900.0,0.0,1.0319999999999971,0.5320000000000004,4355.0,0
1.932,10876.0,8698.0,6520.0,10872.5,8694.5,6517.5,4000.0,4000.0,3000.0,-9.5,-4.0,0.5,0.0,900.0,900.0,0.0,1.032999999999997,0.5330000000000004,4356.0,0
1.933,10880.0,8701.0,6522.0,10876.5,8698.5,6520.5,4000.0,3000.0,2000.0,-8.5,-4.0,0.5,0.0,900.0,900.0,0.0,1.033999999999997,0.5340000000000004,4358.0,0
1.934,10884.0,8704.0,6524.0,10880.5,8701.5,6522.5,4000.0,3000.0,2000.0,-9.16666666666606,-4.33333333333394,0.5,0.0,900.0,900.0,0.0,1.0349999999999968,0.5350000000000004,4360.0,0
1.935,10888.0,8707.0,6527.0,10884.5,8704.5,6524.5,4000.0,3000.0,3000.0,-9.83333333333394,-4.66666666666606,0.5,0.0,900.0,900.0,0.0,1.0359999999999967,0.5360000000000004,4361.0,0
1.936,10892.0,8710.0,6529.0,10888.5,8707.5,6527.5,4000.0,3000.0,2000.0,-8.83333333333394,-3.6666666666660603,0.5,0.0,900.0,900.0,0.0,1.0369999999999966,0.5370000000000004,4363.0,0
1.937,10896.0,8713.0,6531.0,10892.5,8710.5,6529.5,4000.0,3000.0,2000.0,-9.5,-4.0,0.5,0.0,900.0,900.0,0.0,1.0379999999999965,0.5380000000000004,4365.0,0
1.938,10900.0,8716.0,6534.0,10896.5,8713.5,6531.5,4000.0,3000.0,3000.0,-10.16666666666606,-4.33333333333394,0.5,0.0,900.0,900.0,0.0,1.0389999999999964,0.5390000000000004,4366.0,0
1.939,10904.0,8719.0,6536.0,10900.5,8716.5,6534.5,4000.0,3000.0,2000.0,-9.16666666666606,-3.3333333333339397,0.5,0.0,900.0,900.0,0.0,1.0399999999999963,0.5400000000000004,4368.0,0
1.94,10907.0,8722.0,6538.0,10904.5,8719.5,6536.5,3000.0,3000.0,2000.0,-9.83333333333394,-3.6666666666660603,0.5,0.0,900.0,900.0,0.0,1.0409999999999962,0.5410000000000004,4369.0,0
1.941,10911.0,8726.0,6541.0,10907.5,8722.5,6538.5,4000.0,4000.0,3000.0,-9.5,-4.0,0.5,0.0,900.0,900.0,0.0,1.041999999999996,0.5420000000000004,4370.0,0
1.942,10915.0,8729.0,6543.0,10911.5,8726.5,6541.5,4000.0,3000.0,2000.0,-8.5,-4.0,0.5,0.0,900.0,900.0,0.0,1.042999999999996,0.5430000000000004,4372.0,0
1.943,10919.0,8732.0,6545.0,10915.5,8729.5,6543.5,4000.0,3000.0,2000.0,-9.16666666666606,-4.33333333333394,0.5,0.0,900.0,900.0,0.0,1.0439999999999958,0.5440000000000004,4374.0,0
1.944,10923.0,8735.0,6548.0,10919.5,8732.5,6545.5,4000.0,3000.0,3000.0,-9.83333333333394,-4.66666666666606,0.5,0.0,900.0,900.0,0.0,1.0449999999999957,0.5450000000000004,4375.0,0
1.945,10927.0,8738.0,6550.0,10923.5,8735.5,6548.5,4000.0,3000.0,2000.0,-8.83333333333394,-3.6666666666660603,0.5,0.0,900.0,900.0,0.0,1.0459999999999956,0.5460000000000004,4377.0,0
1.946,10931.0,8741.0,6552.0,10927.5,8738.5,6550.5,4000.0,3000.0,2000.0,-9.5,-4.0,0.5,0.0,900.0,900.0,0.0,1.0469999999999955,0.5470000000000004,4379.0,0
1.947,10935.0,8744.0,6555.0,10931.5,8741.5,6552.5,4000.0,3000.0,3000.0,-10.16666666666606,-4.33333333333394,0.5,0.0,900.0,900.0,0.0,1.0479999999999954,0.5480000000000004,4380.0,0
1.948,10939.0,8747.0,6557.0,10935.5,8744.5,6555.5,4000.0,3000.0,2000.0,-9.16666666666606,-3.3333333333339397,0.5,0.0,900.0,900.0,0.0,1.0489999999999953,0.5490000000000004,4382.0,0
1.949,10943.0,8750.0,6559.0,10939.5,8747.5,6557.5,4000.0,3000.0,2000.0,-9.83333333333394,-3.6666666666660603,0.5,0.0,900.0,900.0,0.0,1.0499999999999952,0.5500000000000004,4384.0,0
1.95,10947.0,8754.0,6562.0,10943.5,8750.5,6559.5,4000.0,4000.0,3000.0,-10.5,-4.0,0.5,0.0,900.0,900.0,0.0,1.050999999999995,0.5510000000000004,4385.0,0
1.951,10951.0,8757.0,6564.0,10947.5,8754.5,6562.5,4000.0,3000.0,2000.0,-9.5,-4.0,0.5,0.0,900.0,900.0,0.0,1.051999999999995,0.5520000000000004,4387.0,0
1.952,10954.0,8760.0,6566.0,10951.5,8757.5,6564.5,3000.0,3000.0,2000.0,-10.16666666666606,-4.33333333333394,0.5,0.0,900.0,900.0,0.0,1.0529999999999948,0.5530000000000004,4388.0,0
1.953,10958.0,8763.0,6569.0,10954.5,8760.5,6566.5,4000.0,3000.0,3000.0,-9.83333333333394,-4.66666666666606,0.5,0.0,900.0,900.0,0.0,1.0539999999999947,0.5540000000000004,4389.0,0
1.954,10962.0,8766.0,6571.0,10958.5,8763.5,6569.5,4000.0,3000.0,2000.0,-8.83333333333394,-3.6666666666660603,0.5,0.0,900.0,900.0,0.0,1.0549999999999946,0.5550000000000004,4391.0,0
1.955,10966.0,8769.0,6573.0,10962.5,8766.5,6571.5,4000.0,3000.0,2000.0,-9.5,-4.0,0.5,0.0,900.0,900.0,0.0,1.0559999999999945,0.5560000000000004,4393.0,0
1.956,10970.0,8772.0,6576.0,10966.5,8769.5,6573.5,4000.0,3000.0,3000.0,-10.16666666666606,-4.33333333333394,0.5,0.0,900.0,900.0,0.0,1.0569999999999944,0.5570000000000004,4394.0,0
1.957,10974.0,8775.0,6578.0,10970.5,8772.5,6576.5,4000.0,3000.0,2000.0,-9.16666666666606,-3.3333333333339397,0.5,0.0,900.0,900.0,0.0,1.0579999999999943,0.5580000000000004,4396.0,0
1.958,10978.0,8778.0,6580.0,10974.5,8775.5,6578.5,4000.0,3000.0,2000.0,-9.83333333333394,-3.6666666666660603,0.5,0.0,900.0,900.0,0.0,1.0589999999999942,0.5590000000000004,4398.0,0
1.959,10981.0,8781.0,6583.0,10978.5,8778.5,6580.5,3000.0,3000.0,3000.0,-10.5,-4.0,0.5,0.0,900.0,900.0,0.0,1.059999999999994,0.5600000000000004,4398.0,0
1.96,10985.0,8785.0,6585.0,10981.5,8781.5,6583.5,4000.0,4000.0,2000.0,-8.5,-3.0,0.5,0.0,900.0,900.0,0.0,1.060999999999994,0.5610000000000004,4400.0,0
1.961,10989.0,8788.0,6587.0,10985.5,8785.5,6585.5,4000.0,3000.0,2000.0,-9.16666666666606,-4.33333333333394,0.5,0.0,900.0,900.0,0.0,1.0619999999999938,0.5620000000000004,4402.0,0
1.962,10993.0,8791.0,6590.0,10989.5,8788.5,6587.5,4000.0,3000.0,3000.0,-9.83333333333394,-4.66666666666606,0.5,0.0,900.0,900.0,0.0,1.0629999999999937,0.5630000000000004,4403.0,0
1.963,10997.0,8794.0,6592.0,10993.5,8791.5,6590.5,4000.0,3000.0,2000.0,-8.83333333333394,-3.6666666666660603,0.5,0.0,900.0,900.0,0.0,1.0639999999999936,0.5640000000000004,4405.0,0
1.964,11001.0,8797.0,6594.0,10997.5,8794.5,6592.5,4000.0,3000.0,2000.0,-9.5,-4.0,0.5,0.0,900.0,900.0,0.0,1.0649999999999935,0.5650000000000004,4407.0,0
1.965,11005.0,8800.0,6597.0,11001.5,8797.5,6594.5,4000.0,3000.0,3000.0,-10.16666666666606,-4.33333333333394,0.5,0.0,900.0,900.0,0.0,1.0659999999999934,0.5660000000000004,4408.0,0
1.966,11009.0,8803.0,6599.0,11005.5,8800.5,6597.5,4000.0,3000.0,2000.0,-9.16666666666606,-3.3333333333339397,0.5,0.0,900.0,900.0,0.0,1.0669999999999933,0.5670000000000004,4410.0,0
1.967,11013.0,8806.0,6601.0,11009.5,8803.5,6599.5,4000.0,3000.0,2000.0,-9.83333333333394,-3.6666666666660603,0.5,0.0,900.0,900.0,0.0,1.0679999999999932,0.5680000000000004,4412.0,0
1.968,11016.0,8809.0,6604.0,11013.5,8806.5,6601.5,3000.0,3000.0,3000.0,-10.5,-4.0,0.5,0.0,900.0,900.0,0.0,1.068999999999993,0.5690000000000004,4412.0,0
1.969,11020.0,8813.0,6606.0,11016.5,8809.5,6604.5,4000.0,4000.0,2000.0,-8.5,-3.0,0.5,0.0,900.0,900.0,0.0,1.069999999999993,0.5700000000000004,4414.0,0
1.97,11024.0,8816.0,6608.0,11020.5,8813.5,6606.5,4000.0,3000.0,2000.0,-9.16666666666606,-4.33333333333394,0.5,0.0,900.0,900.0,0.0,1.0709999999999928,0.5710000000000004,4416.0,0
1.971,11028.0,8819.0,6611.0,11024.5,8816.5,6608.5,4000.0,3000.0,3000.0,-9.83333333333394,-4.66666666666606,0.5,0.0,900.0,900.0,0.0,1.0719999999999927,0.5720000000000004,4417.0,0
1.972,11032.0,8822.0,6613.0,11028.5,8819.5,6611.5,4000.0,3000.0,2000.0,-8.83333333333394,-3.6666666666660603,0.5,0.0,900.0,900.0,0.0,1.0729999999999926,0.5730000000000004,4419.0,0
1.973,11036.0,8825.0,6615.0,11032.5,8822.5,6613.5,4000.0,3000.0,2000.0,-9.5,-4.0,0.5,0.0,900.0,900.0,0.0,1.0739999999999925,0.5740000000000004,4421.0,0
1.974,11040.0,8828.0,6618.0,11036.5,8825.5,6615.5,4000.0,3000.0,3000.0,-10.16666666666606,-4.33333333333394,0.5,0.0,900.0,900.0,0.0,1.0749999999999924,0.5750000000000004,4422.0,0
1.975,11044.0,8831.0,6620.0,11040.5,8828.5,6618.5,4000.0,3000.0,2000.0,-9.16666666666606,-3.3333333333339397,0.5,0.0,900.0,900.0,0.0,1.0759999999999923,0.5760000000000004,4424.0,0
1.976,11047.0,8834.0,6622.0,11044.5,8831.5,6620.5,3000.0,3000.0,2000.0,-9.83333333333394,-3.6666666666660603,0.5,0.0,900.0,900.0,0.0,1.0769999999999922,0.5770000000000004,4425.0,0
1.977,11051.0,8837.0,6625.0,11047.5,8834.5,6622.5,4000.0,3000.0,3000.0,-9.5,-4.0,0.5,0.0,900.0,900.0,0.0,1.077999999999992,0.5780000000000004,4426.0,0
1.978,11055.0,8841.0,6627.0,11051.5,8837.5,6625.5,4000.0,4000.0,2000.0,-8.5,-3.0,0.5,0.0,900.0,900.0,0.0,1.078999999999992,0.5790000000000004,4428.0,0
1.979,11059.0,8844.0,6629.0,11055.5,8841.5,6627.5,4000.0,3000.0,2000.0,-9.16666666666606,-4.33333333333394,0.5,0.0,900.0,900.0,0.0,1.0799999999999919,0.5800000000000004,4430.0,0
1.98,11063.0,8847.0,6632.0,11059.5,8844.5,6629.5,4000.0,3000.0,3000.0,-9.83333333333394,-4.66666666666606,0.5,0.0,900.0,900.0,0.0,1.0809999999999917,0.5810000000000004,4431.0,0
1.981,11067.0,8850.0,6634.0,11063.5,8847.5,6632.5,4000.0,3000.0,2000.0,-8.83333333333394,-3.6666666666660603,0.5,0.0,900.0,900.0,0.0,1.0819999999999916,0.5820000000000004,4433.0,0
1.982,11071.0,8853.0,6636.0,11067.5,8850.5,6634.5,4000.0,3000.0,2000.0,-9.5,-4.0,0.5,0.0,900.0,900.0,0.0,1.0829999999999915,0.5830000000000004,4435.0,0
1.983,11075.0,8856.0,6639.0,11071.5,8853.5,6636.5,4000.0,3000.0,3000.0,-10.16666666666606,-4.33333333333394,0.5,0.0,900.0,900.0,0.0,1.0839999999999914,0.5840000000000004,4436.0,0
1.984,11079.0,8859.0,6641.0,11075.5,8856.5,6639.5,4000.0,3000.0,2000.0,-9.16666666666606,-3.3333333333339397,0.5,0.0,900.0,900.0,0.0,1.0849999999999913,0.5850000000000004,4438.0,0
1.985,11082.0,8862.0,6644.0,11079.5,8859.5,6641.5,3000.0,3000.0,3000.0,-9.83333333333394,-3.6666666666660603,0.5,0.0,900.0,900.0,0.0,1.0859999999999912,0.5860000000000004,4438.0,0
1.986,11086.0,8865.0,6646.0,11082.5,8862.5,6644.5,4000.0,3000.0,2000.0,-7.83333333333394,-2.6666666666660603,0.5,0.0,900.0,900.0,0.0,1.086999999999991,0.5870000000000004,4440.0,0
1.987,11090.0,8869.0,6648.0,11086.5,8865.5,6646.5,4000.0,4000.0,2000.0,-8.5,-3.0,0.5,0.0,900.0,900.0,0.0,1.087999999999991,0.5880000000000004,4442.0,0
1.988,11094.0,8872.0,6651.0,11090.5,8869.5,6648.5,4000.0,3000.0,3000.0,-9.16666666666606,-4.33333333333394,0.5,0.0,900.0,900.0,0.0,1.0889999999999909,0.5890000000000004,4443.0,0
1.989,11098.0,8875.0,6653.0,11094.5,8872.5,6651.5,4000.0,3000.0,2000.0,-8.16666666666606,-3.3333333333339397,0.5,0.0,900.0,900.0,0.0,1.0899999999999908,0.5900000000000004,4445.0,0
1.99,11102.0,8878.0,6655.0,11098.5,8875.5,6653.5,4000.0,3000.0,2000.0,-8.83333333333394,-3.6666666666660603,0.5,0.0,900.0,900.0,0.0,1.0909999999999906,0.5910000000000004,4447.0,0
1.991,11106.0,8881.0,6658.0,11102.5,8878.5,6655.5,4000.0,3000.0,3000.0,-9.5,-4.0,0.5,0.0,900.0,900.0,0.0,1.0919999999999905,0.5920000000000004,4448.0,0
1.992,11110.0,8884.0,6660.0,11106.5,8881.5,6658.5,4000.0,3000.0,2000.0,-8.5,-3.0,0.5,0.0,900.0,900.0,0.0,1.0929999999999904,0.5930000000000004,4450.0,0
1.993,11114.0,8887.0,6662.0,11110.5,8884.5,6660.5,4000.0,3000.0,2000.0,-9.16666666666606,-3.3333333333339397,0.5,0.0,900.0,900.0,0.0,1.0939999999999903,0.5940000000000004,4452.0,0
1.994,11118.0,8890.0,6665.0,11114.5,8887.5,6662.5,4000.0,3000.0,3000.0,-9.83333333333394,-3.6666666666660603,0.5,0.0,900.0,900.0,0.0,1.0949999999999902,0.5950000000000004,4453.0,0
1.995,11121.0,8893.0,6667.0,11118.5,8890.5,6665.5,3000.0,3000.0,2000.0,-8.83333333333394,-2.6666666666660603,0.5,0.0,900.0,900.0,0.0,1.09599999999999,0.5960000000000004,4454.0,0
1.996,11125.0,8897.0,6669.0,11121.5,8893.5,6667.5,4000.0,4000.0,2000.0,-8.5,-3.0,0.5,0.0,900.0,900.0,0.0,1.09699999999999,0.5970000000000004,4456.0,0
1.997,11129.0,8900.0,6672.0,11125.5,8897.5,6669.5,4000.0,3000.0,3000.0,-9.16666666666606,-4.33333333333394,0.5,0.0,900.0,900.0,0.0,1.0979999999999899,0.5980000000000004,4457.0,0
1.998,11133.0,8903.0,6674.0,11129.5,8900.5,6672.5,4000.0,3000.0,2000.0,-8.16666666666606,-3.3333333333339397,0.5,0.0,900.0,900.0,0.0,1.0989999999999898,0.5990000000000004,4459.0,0
1.999,11137.0,8906.0,6676.0,11133.5,8903.5,6674.5,4000.0,3000.0,2000.0,-8.83333333333394,-3.6666666666660603,0.5,0.0,900.0,900.0,0.0,1.0999999999999897,0.6000000000000004,4461.0,0
2.0,11141.0,8909.0,6679.0,11137.5,8906.5,6676.5,4000.0,3000.0,3000.0,-9.5,-4.0,0.5,0.0,900.0,900.0,0.0,1.1009999999999895,0.6010000000000004,4462.0,0
2.001,11145.0,8912.0,6681.0,11141.5,8909.5,6679.5,4000.0,3000.0,2000.0,-8.5,-3.0,0.5,0.0,900.0,900.0,0.0,1.1019999999999894,0.6020000000000004,4464.0,0
2.0020000000000002,11149.0,8915.0,6683.0,11145.5,8912.5,6681.5,4000.0,3000.0,2000.0,-9.16666666666606,-3.3333333333339397,0.5,0.0,900.0,900.0,0.0,1.1029999999999893,0.6030000000000004,4466.0,0
2.003,11153.0,8918.0,6686.0,11149.5,8915.5,6683.5,4000.0,3000.0,3000.0,-9.83333333333394,-3.6666666666660603,0.5,0.0,900.0,900.0,0.0,1.1039999999999892,0.6040000000000004,4467.0,0
2.004,11157.0,8921.0,6688.0,11153.5,8918.5,6686.5,4000.0,3000.0,2000.0,-8.83333333333394,-2.6666666666660603,0.5,0.0,900.0,900.0,0.0,1.104999999999989,0.6050000000000004,4469.0,0
2.005,11160.0,8925.0,6690.0,11157.5,8921.5,6688.5,3000.0,4000.0,2000.0,-9.5,-3.0,0.5,0.0,900.0,900.0,0.0,1.105999999999989,0.6060000000000004,4470.0,0
2.0060000000000002,11164.0,8928.0,6693.0,11160.5,8925.5,6690.5,4000.0,3000.0,3000.0,-9.16666666666606,-4.33333333333394,0.5,0.0,900.0,900.0,0.0,1.1069999999999889,0.6070000000000004,4471.0,0
2.007,11168.0,8931.0,6695.0,11164.5,8928.5,6693.5,4000.0,3000.0,2000.0,-8.16666666666606,-3.3333333333339397,0.5,0.0,900.0,900.0,0.0,1.1079999999999888,0.6080000000000004,4473.0,0
2.008,11172.0,8934.0,6697.0,11168.5,8931.5,6695.5,4000.0,3000.0,2000.0,-8.83333333333394,-3.6666666666660603,0.5,0.0,900.0,900.0,0.0,1.1089999999999887,0.6090000000000004,4475.0,0
2.009,11176.0,8937.0,6700.0,11172.5,8934.5,6697.5,4000.0,3000.0,3000.0,-9.5,-4.0,0.5,0.0,900.0,900.0,0.0,1.1099999999999886,0.6100000000000004,4476.0,0
2.0100000000000002,11180.0,8940.0,6702.0,11176.5,8937.5,6700.5,4000.0,3000.0,2000.0,-8.5,-3.0,0.5,0.0,900.0,900.0,0.0,1.1109999999999884,0.6110000000000004,4478.0,0
2.011,11184.0,8943.0,6704.0,11180.5,8940.5,6702.5,4000.0,3000.0,2000.0,-9.16666666666606,-3.3333333333339397,0.5,0.0,900.0,900.0,0.0,1.1119999999999883,0.6120000000000004,4480.0,0
2.012,11188.0,8946.0,6707.0,11184.5,8943.5,6704.5,4000.0,3000.0,3000.0,-9.83333333333394,-3.6666666666660603,0.5,0.0,900.0,900.0,0.0,1.1129999999999882,0.6130000000000004,4481.0,0
2.013,11192.0,8949.0,6709.0,11188.5,8946.5,6707.5,4000.0,3000.0,2000.0,-8.83333333333394,-2.6666666666660603,0.5,0.0,900.0,900.0,0.0,1.113999999999988,0.6140000000000004,4483.0,0
2.0140000000000002,11196.0,8953.0,6711.0,11192.5,8949.5,6709.5,4000.0,4000.0,2000.0,-9.5,-3.0,0.5,0.0,900.0,900.0,0.0,1.114999999999988,0.6150000000000004,4485.0,0
2.015,11199.0,8956.0,6714.0,11196.5,8953.5,6711.5,3000.0,3000.0,3000.0,-10.16666666666606,-4.33333333333394,0.5,0.0,900.0,900.0,0.0,1.115999999999988,0.6160000000000004,4485.0,0
2.016,11203.0,8959.0,6716.0,11199.5,8956.5,6714.5,4000.0,3000.0,2000.0,-8.16666666666606,-3.3333333333339397,0.5,0.0,900.0,900.0,0.0,1.1169999999999878,0.6170000000000004,4487.0,0
2.017,11207.0,8962.0,6718.0,11203.5,8959.5,6716.5,4000.0,3000.0,2000.0,-8.83333333333394,-3.6666666666660603,0.5,0.0,900.0,900.0,0.0,1.1179999999999877,0.6180000000000004,4489.0,0
2.0180000000000002,11211.0,8965.0,6721.0,11207.5,8962.5,6718.5,4000.0,3000.0,3000.0,-9.5,-4.0,0.5,0.0,900.0,900.0,0.0,1.1189999999999876,0.6190000000000004,4490.0,0
2.019,11215.0,8968.0,6723.0,11211.5,8965.5,6721.5,4000.0,3000.0,2000.0,-8.5,-3.0,0.5,0.0,900.0,900.0,0.0,1.1199999999999875,0.6200000000000004,4492.0,0
2.02,11219.0,8971.0,6725.0,11215.5,8968.5,6723.5,4000.0,3000.0,2000.0,-9.16666666666606,-3.3333333333339397,0.5,0.0,900.0,900.0,0.0,1.1209999999999873,0.6210000000000004,4494.0,0
2.021,11223.0,8974.0,6728.0,11219.5,8971.5,6725.5,4000.0,3000.0,3000.0,-9.83333333333394,-3.6666666666660603,0.5,0.0,900.0,900.0,0.0,1.1219999999999872,0.6220000000000004,4495.0,0
2.0220000000000002,11226.0,8977.0,6730.0,11223.5,8974.5,6728.5,3000.0,3000.0,2000.0,-8.83333333333394,-2.6666666666660603,0.5,0.0,900.0,900.0,0.0,1.1229999999999871,0.6230000000000004,4496.0,0
2.023,11230.0,8981.0,6732.0,11226.5,8977.5,6730.5,4000.0,4000.0,2000.0,-8.5,-3.0,0.5,0.0,900.0,900.0,0.0,1.123999999999987,0.6240000000000004,4498.0,0
2.024,11234.0,8984.0,6735.0,11230.5,8981.5,6732.5,4000.0,3000.0,3000.0,-9.16666666666606,-4.33333333333394,0.5,0.0,900.0,900.0,0.0,1.124999999999987,0.6250000000000004,4499.0,0
2.025,11238.0,8987.0,6737.0,11234.5,8984.5,6735.5,4000.0,3000.0,2000.0,-8.16666666666606,-3.3333333333339397,0.5,0.0,900.0,900.0,0.0,1.1259999999999868,0.6260000000000004,4501.0,0
2.0260000000000002,11242.0,8990.0,6739.0,11238.5,8987.5,6737.5,4000.0,3000.0,2000.0,-8.83333333333394,-3.6666666666660603,0.5,0.0,900.0,900.0,0.0,1.1269999999999867,0.6270000000000004,4503.0,0
2.027,11246.0,8993.0,6742.0,11242.5,8990.5,6739.5,4000.0,3000.0,3000.0,-9.5,-4.0,0.5,0.0,900.0,900.0,0.0,1.1279999999999866,0.6280000000000004,4504.0,0
2.028,11250.0,8996.0,6744.0,11246.5,8993.5,6742.5,4000.0,3000.0,2000.0,-8.5,-3.0,0.5,0.0,900.0,900.0,0.0,1.1289999999999865,0.6290000000000004,4506.0,0
2.029,11254.0,8999.0,6746.0,11250.5,8996.5,6744.5,4000.0,3000.0,2000.0,-9.16666666666606,-3.3333333333339397,0.5,0.0,900.0,900.0,0.0,1.1299999999999863,0.6300000000000004,4508.0,0
2.0300000000000002,11258.0,9002.0,6749.0,11254.5,8999.5,6746.5,4000.0,3000.0,3000.0,-9.83333333333394,-3.6666666666660603,0.5,0.0,900.0,900.0,0.0,1.1309999999999862,0.6310000000000004,4509.0,0
2.031,11262.0,9005.0,6751.0,11258.5,9002.5,6749.5,4000.0,3000.0,2000.0,-8.83333333333394,-2.6666666666660603,0.5,0.0,900.0,900.0,0.0,1.1319999999999861,0.6320000000000005,4511.0,0
2.032,11265.0,9009.0,6753.0,11262.5,9005.5,6751.5,3000.0,4000.0,2000.0,-9.5,-3.0,0.5,0.0,900.0,900.0,0.0,1.132999999999986,0.6330000000000005,4512.0,0
2.033,11269.0,9012.0,6756.0,11265.5,9009.5,6753.5,4000.0,3000.0,3000.0,-9.16666666666606,-4.33333333333394,0.5,0.0,900.0,900.0,0.0,1.133999999999986,0.6340000000000005,4513.0,0
2.0340000000000003,11273.0,9015.0,6758.0,11269.5,9012.5,6756.5,4000.0,3000.0,2000.0,-8.16666666666606,-3.3333333333339397,0.5,0.0,900.0,900.0,0.0,1.1349999999999858,0.6350000000000005,4515.0,0
2.035,11277.0,9018.0,6761.0,11273.5,9015.5,6758.5,4000.0,3000.0,3000.0,-8.83333333333394,-3.6666666666660603,0.5,0.0,900.0,900.0,0.0,1.1359999999999857,0.6360000000000005,4516.0,0
2.036,11281.0,9021.0,6763.0,11277.5,9018.5,6761.5,4000.0,3000.0,2000.0,-7.83333333333394,-2.6666666666660603,0.5,0.0,900.0,900.0,0.0,1.1369999999999856,0.6370000000000005,4518.0,0
2.037,11285.0,9024.0,6765.0,11281.5,9021.5,6763.5,4000.0,3000.0,2000.0,-8.5,-3.0,0.5,0.0,900.0,900.0,0.0,1.1379999999999855,0.6380000000000005,4520.0,0
2.0380000000000003,11289.0,9027.0,6768.0,11285.5,9024.5,6765.5,4000.0,3000.0,3000.0,-9.16666666666606,-3.3333333333339397,0.5,0.0,900.0,900.0,0.0,1.1389999999999854,0.6390000000000005,4521.0,0
2.039,11293.0,9030.0,6770.0,11289.5,9027.5,6768.5,4000.0,3000.0,2000.0,-8.16666666666606,-2.3333333333339397,0.5,0.0,900.0,900.0,0.0,1.1399999999999852,0.6400000000000005,4523.0,0
2.04,11297.0,9033.0,6772.0,11293.5,9030.5,6770.5,4000.0,3000.0,2000.0,-8.83333333333394,-2.6666666666660603,0.5,0.0,900.0,900.0,0.0,1.1409999999999851,0.6410000000000005,4525.0,0
2.041,11300.0,9036.0,6775.0,11297.5,9033.5,6772.5,3000.0,3000.0,3000.0,-9.5,-3.0,0.5,0.0,900.0,900.0,0.0,1.141999999999985,0.6420000000000005,4525.0,0
2.0420000000000003,11304.0,9040.0,6777.0,11300.5,9036.5,6775.5,4000.0,4000.0,2000.0,-7.5,-2.0,0.5,0.0,900.0,900.0,0.0,1.142999999999985,0.6430000000000005,4527.0,0
2.043,11308.0,9043.0,6779.0,11304.5,9040.5,6777.5,4000.0,3000.0,2000.0,-8.16666666666606,-3.3333333333339397,0.5,0.0,900.0,900.0,0.0,1.1439999999999848,0.6440000000000005,4529.0,0
2.044,11312.0,9046.0,6782.0,11308.5,9043.5,6779.5,4000.0,3000.0,3000.0,-8.83333333333394,-3.6666666666660603,0.5,0.0,900.0,900.0,0.0,1.1449999999999847,0.6450000000000005,4530.0,0
2.045,11316.0,9049.0,6784.0,11312.5,9046.5,6782.5,4000.0,3000.0,2000.0,-7.83333333333394,-2.6666666666660603,0.5,0.0,900.0,900.0,0.0,1.1459999999999846,0.6460000000000005,4532.0,0
2.0460000000000003,11320.0,9052.0,6786.0,11316.5,9049.5,6784.5,4000.0,3000.0,2000.0,-8.5,-3.0,0.5,0.0,900.0,900.0,0.0,1.1469999999999845,0.6470000000000005,4534.0,0
2.047,11324.0,9055.0,6789.0,11320.5,9052.5,6786.5,4000.0,3000.0,3000.0,-9.16666666666606,-3.3333333333339397,0.5,0.0,900.0,900.0,0.0,1.1479999999999844,0.6480000000000005,4535.0,0
2.048,11328.0,9058.0,6791.0,11324.5,9055.5,6789.5,4000.0,3000.0,2000.0,-8.16666666666606,-2.3333333333339397,0.5,0.0,900.0,900.0,0.0,1.1489999999999843,0.6490000000000005,4537.0,0
2.049,11332.0,9061.0,6793.0,11328.5,9058.5,6791.5,4000.0,3000.0,2000.0,-8.83333333333394,-2.6666666666660603,0.5,0.0,900.0,900.0,0.0,1.1499999999999841,0.6500000000000005,4539.0,0
2.05,11336.0,9064.0,6796.0,11332.5,9061.5,6793.5,4000.0,3000.0,3000.0,-9.5,-3.0,0.5,0.0,900.0,900.0,0.0,1.150999999999984,0.6510000000000005,4540.0,0
2.051,11339.0,9068.0,6798.0,11336.5,9064.5,6796.5,3000.0,4000.0,2000.0,-8.5,-2.0,0.5,0.0,900.0,900.0,0.0,1.151999999999984,0.6520000000000005,4541.0,0
2.052,11343.0,9071.0,6800.0,11339.5,9068.5,6798.5,4000.0,3000.0,2000.0,-8.16666666666606,-3.3333333333339397,0.5,0.0,900.0,900.0,0.0,1.1529999999999838,0.6530000000000005,4543.0,0
2.053,11347.0,9074.0,6803.0,11343.5,9071.5,6800.5,4000.0,3000.0,3000.0,-8.83333333333394,-3.6666666666660603,0.5,0.0,900.0,900.0,0.0,1.1539999999999837,0.6540000000000005,4544.0,0
2.054,11351.0,9077.0,6805.0,11347.5,9074.5,6803.5,4000.0,3000.0,2000.0,-7.83333333333394,-2.6666666666660603,0.5,0.0,900.0,900.0,0.0,1.1549999999999836,0.6550000000000005,4546.0,0
2.055,11355.0,9080.0,6807.0,11351.5,9077.5,6805.5,4000.0,3000.0,2000.0,-8.5,-3.0,0.5,0.0,900.0,900.0,0.0,1.1559999999999835,0.6560000000000005,4548.0,0
2.056,11359.0,9083.0,6810.0,11355.5,9080.5,6807.5,4000.0,3000.0,3000.0,-9.16666666666606,-3.3333333333339397,0.5,0.0,900.0,900.0,0.0,1.1569999999999834,0.6570000000000005,4549.0,0
2.057,11363.0,9086.0,6812.0,11359.5,9083.5,6810.5,4000.0,3000.0,2000.0,-8.16666666666606,-2.3333333333339397,0.5,0.0,900.0,900.0,0.0,1.1579999999999833,0.6580000000000005,4551.0,0
2.058,11367.0,9089.0,6814.0,11363.5,9086.5,6812.5,4000.0,3000.0,2000.0,-8.83333333333394,-2.6666666666660603,0.5,0.0,900.0,900.0,0.0,1.1589999999999832,0.6590000000000005,4553.0,0
2.059,11371.0,9092.0,6817.0,11367.5,9089.5,6814.5,4000.0,3000.0,3000.0,-9.5,-3.0,0.5,0.0,900.0,900.0,0.0,1.159999999999983,0.6600000000000005,4554.0,0
2.06,11374.0,9096.0,6819.0,11371.5,9092.5,6817.5,3000.0,4000.0,2000.0,-8.5,-2.0,0.5,0.0,900.0,900.0,0.0,1.160999999999983,0.6610000000000005,4555.0,0
2.061,11378.0,9099.0,6821.0,11374.5,9096.5,6819.5,4000.0,3000.0,2000.0,-8.16666666666606,-3.3333333333339397,0.5,0.0,900.0,900.0,0.0,1.1619999999999828,0.6620000000000005,4557.0,0
2.062,11382.0,9102.0,6824.0,11378.5,9099.5,6821.5,4000.0,3000.0,3000.0,-8.83333333333394,-3.6666666666660603,0.5,0.0,900.0,900.0,0.0,1.1629999999999827,0.6630000000000005,4558.0,0
2.063,11386.0,9105.0,6826.0,11382.5,9102.5,6824.5,4000.0,3000.0,2000.0,-7.83333333333394,-2.6666666666660603,0.5,0.0,900.0,900.0,0.0,1.1639999999999826,0.6640000000000005,4560.0,0
2.064,11390.0,9108.0,6828.0,11386.5,9105.5,6826.5,4000.0,3000.0,2000.0,-8.5,-3.0,0.5,0.0,900.0,900.0,0.0,1.1649999999999825,0.6650000000000005,4562.0,0
2.065,11394.0,9111.0,6831.0,11390.5,9108.5,6828.5,4000.0,3000.0,3000.0,-9.16666666666606,-3.3333333333339397,0.5,0.0,900.0,900.0,0.0,1.1659999999999824,0.6660000000000005,4563.0,0
2.066,11398.0,9114.0,6833.0,11394.5,9111.5,6831.5,4000.0,3000.0,2000.0,-8.16666666666606,-2.3333333333339397,0.5,0.0,900.0,900.0,0.0,1.1669999999999823,0.6670000000000005,4565.0,0
2.067,11402.0,9117.0,6835.0,11398.5,9114.5,6833.5,4000.0,3000.0,2000.0,-8.83333333333394,-2.6666666666660603,0.5,0.0,900.0,900.0,0.0,1.1679999999999822,0.6680000000000005,4567.0,0
2.068,11406.0,9120.0,6838.0,11402.5,9117.5,6835.5,4000.0,3000.0,3000.0,-9.5,-3.0,0.5,0.0,900.0,900.0,0.0,1.168999999999982,0.6690000000000005,4568.0,0
2.069,11409.0,9124.0,6840.0,11406.5,9120.5,6838.5,3000.0,4000.0,2000.0,-8.5,-2.0,0.5,0.0,900.0,900.0,0.0,1.169999999999982,0.6700000000000005,4569.0,0
2.07,11413.0,9127.0,6842.0,11409.5,9124.5,6840.5,4000.0,3000.0,2000.0,-8.16666666666606,-3.3333333333339397,0.5,0.0,900.0,900.0,0.0,1.1709999999999818,0.6710000000000005,4571.0,0
2.071,11417.0,9130.0,6845.0,11413.5,9127.5,6842.5,4000.0,3000.0,3000.0,-8.83333333333394,-3.6666666666660603,0.5,0.0,900.0,900.0,0.0,1.1719999999999817,0.6720000000000005,4572.0,0
2.072,11421.0,9133.0,6847.0,11417.5,9130.5,6845.5,4000.0,3000.0,2000.0,-7.83333333333394,-2.6666666666660603,0.5,0.0,900.0,900.0,0.0,1.1729999999999816,0.6730000000000005,4574.0,0
2.073,11425.0,9136.0,6849.0,11421.5,9133.5,6847.5,4000.0,3000.0,2000.0,-8.5,-3.0,0.5,0.0,900.0,900.0,0.0,1.1739999999999815,0.6740000000000005,4576.0,0
2.074,11429.0,9139.0,6852.0,11425.5,9136.5,6849.5,4000.0,3000.0,3000.0,-9.16666666666606,-3.3333333333339397,0.5,0.0,900.0,900.0,0.0,1.1749999999999814,0.6750000000000005,4577.0,0
2.075,11433.0,9142.0,6854.0,11429.5,9139.5,6852.5,4000.0,3000.0,2000.0,-8.16666666666606,-2.3333333333339397,0.5,0.0,900.0,900.0,0.0,1.1759999999999813,0.6760000000000005,4579.0,0
2.076,11437.0,9145.0,6856.0,11433.5,9142.5,6854.5,4000.0,3000.0,2000.0,-8.83333333333394,-2.6666666666660603,0.5,0.0,900.0,900.0,0.0,1.1769999999999812,0.6770000000000005,4581.0,0
2.077,11441.0,9148.0,6859.0,11437.5,9145.5,6856.5,4000.0,3000.0,3000.0,-9.5,-3.0,0.5,0.0,900.0,900.0,0.0,1.177999999999981,0.6780000000000005,4582.0,0
2.078,11445.0,9152.0,6861.0,11441.5,9148.5,6859.5,4000.0,4000.0,2000.0,-8.5,-2.0,0.5,0.0,900.0,900.0,0.0,1.178999999999981,0.6790000000000005,4584.0,0
2.079,11448.0,9155.0,6863.0,11445.5,9152.5,6861.5,3000.0,3000.0,2000.0,-9.16666666666606,-3.3333333333339397,0.5,0.0,900.0,900.0,0.0,1.1799999999999808,0.6800000000000005,4585.0,0
2.08,11452.0,9158.0,6866.0,11448.5,9155.5,6863.5,4000.0,3000.0,3000.0,-8.83333333333394,-3.6666666666660603,0.5,0.0,900.0,900.0,0.0,1.1809999999999807,0.6810000000000005,4586.0,0
2.081,11456.0,9161.0,6868.0,11452.5,9158.5,6866.5,4000.0,3000.0,2000.0,-7.83333333333394,-2.6666666666660603,0.5,0.0,900.0,900.0,0.0,1.1819999999999806,0.6820000000000005,4588.0,0
2.082,11460.0,9164.0,6870.0,11456.5,9161.5,6868.5,4000.0,3000.0,2000.0,-8.5,-3.0,0.5,0.0,900.0,900.0,0.0,1.1829999999999805,0.6830000000000005,4590.0,0
2.083,11464.0,9167.0,6873.0,11460.5,9164.5,6870.5,4000.0,3000.0,3000.0,-9.16666666666606,-3.3333333333339397,0.5,0.0,900.0,900.0,0.0,1.1839999999999804,0.6840000000000005,4591.0,0
2.084,11468.0,9170.0,6875.0,11464.5,9167.5,6873.5,4000.0,3000.0,2000.0,-8.16666666666606,-2.3333333333339397,0.5,0.0,900.0,900.0,0.0,1.1849999999999803,0.6850000000000005,4593.0,0
2.085,11472.0,9173.0,6878.0,11468.5,9170.5,6875.5,4000.0,3000.0,3000.0,-8.83333333333394,-2.6666666666660603,0.5,0.0,900.0,900.0,0.0,1.1859999999999802,0.6860000000000005,4594.0,0
2.086,11476.0,9176.0,6880.0,11472.5,9173.5,6878.5,4000.0,3000.0,2000.0,-7.83333333333394,-1.6666666666660603,0.5,0.0,900.0,900.0,0.0,1.18699999999998,0.6870000000000005,4596.0,0
2.087,11480.0,9180.0,6882.0,11476.5,9176.5,6880.5,4000.0,4000.0,2000.0,-8.5,-2.0,0.5,0.0,900.0,900.0,0.0,1.18799999999998,0.6880000000000005,4598.0,0
2.088,11483.0,9183.0,6885.0,11480.5,9180.5,6882.5,3000.0,3000.0,3000.0,-9.16666666666606,-3.3333333333339397,0.5,0.0,900.0,900.0,0.0,1.1889999999999799,0.6890000000000005,4598.0,0
2.089,11487.0,9186.0,6887.0,11483.5,9183.5,6885.5,4000.0,3000.0,2000.0,-7.16666666666606,-2.3333333333339397,0.5,0.0,900.0,900.0,0.0,1.1899999999999797,0.6900000000000005,4600.0,0
2.09,11491.0,9189.0,6889.0,11487.5,9186.5,6887.5,4000.0,3000.0,2000.0,-7.83333333333394,-2.6666666666660603,0.5,0.0,900.0,900.0,0.0,1.1909999999999796,0.6910000000000005,4602.0,0
2.091,11495.0,9192.0,6892.0,11491.5,9189.5,6889.5,4000.0,3000.0,3000.0,-8.5,-3.0,0.5,0.0,900.0,900.0,0.0,1.1919999999999795,0.6920000000000005,4603.0,0
2.092,11499.0,9195.0,6894.0,11495.5,9192.5,6892.5,4000.0,3000.0,2000.0,-7.5,-2.0,0.5,0.0,900.0,900.0,0.0,1.1929999999999794,0.6930000000000005,4605.0,0
2.093,11503.0,9198.0,6896.0,11499.5,9195.5,6894.5,4000.0,3000.0,2000.0,-8.16666666666606,-2.3333333333339397,0.5,0.0,900.0,900.0,0.0,1.1939999999999793,0.6940000000000005,4607.0,0
2.094,11507.0,9201.0,6899.0,11503.5,9198.5,6896.5,4000.0,3000.0,3000.0,-8.83333333333394,-2.6666666666660603,0.5,0.0,900.0,900.0,0.0,1.1949999999999792,0.6950000000000005,4608.0,0
2.095,11511.0,9204.0,6901.0,11507.5,9201.5,6899.5,4000.0,3000.0,2000.0,-7.83333333333394,-1.6666666666660603,0.5,0.0,900.0,900.0,0.0,1.195999999999979,0.6960000000000005,4610.0,0
2.096,11515.0,9208.0,6903.0,11511.5,9204.5,6901.5,4000.0,4000.0,2000.0,-8.5,-2.0,0.5,0.0,900.0,900.0,0.0,1.196999999999979,0.6970000000000005,4612.0,0
2.097,11519.0,9211.0,6906.0,11515.5,9208.5,6903.5,4000.0,3000.0,3000.0,-9.16666666666606,-3.3333333333339397,0.5,0.0,900.0,900.0,0.0,1.1979999999999789,0.6980000000000005,4613.0,0
2.098,11522.0,9214.0,6908.0,11519.5,9211.5,6906.5,3000.0,3000.0,2000.0,-8.16666666666606,-2.3333333333339397,0.5,0.0,900.0,900.0,0.0,1.1989999999999787,0.6990000000000005,4614.0,0
2.099,11526.0,9217.0,6910.0,11522.5,9214.5,6908.5,4000.0,3000.0,2000.0,-7.83333333333394,-2.6666666666660603,0.5,0.0,900.0,900.0,0.0,1.1999999999999786,0.7000000000000005,4616.0,0
2.1,11530.0,9220.0,6913.0,11526.5,9217.5,6910.5,4000.0,3000.0,3000.0,-8.5,-3.0,0.5,0.0,900.0,900.0,0.0,1.2009999999999785,0.7010000000000005,4617.0,0
2.101,11534.0,9223.0,6915.0,11530.5,9220.5,6913.5,4000.0,3000.0,2000.0,-7.5,-2.0,0.5,0.0,900.0,900.0,0.0,1.2019999999999784,0.7020000000000005,4619.0,0
2.102,11538.0,9226.0,6917.0,11534.5,9223.5,6915.5,4000.0,3000.0,2000.0,-8.16666666666606,-2.3333333333339397,0.5,0.0,900.0,900.0,0.0,1.2029999999999783,0.7030000000000005,4621.0,0
2.103,11542.0,9229.0,6920.0,11538.5,9226.5,6917.5,4000.0,3000.0,3000.0,-8.83333333333394,-2.6666666666660603,0.5,0.0,900.0,900.0,0.0,1.2039999999999782,0.7040000000000005,4622.0,0
2.104,11546.0,9232.0,6922.0,11542.5,9229.5,6920.5,4000.0,3000.0,2000.0,-7.83333333333394,-1.6666666666660603,0.5,0.0,900.0,900.0,0.0,1.204999999999978,0.7050000000000005,4624.0,0
2.105,11550.0,9236.0,6924.0,11546.5,9232.5,6922.5,4000.0,4000.0,2000.0,-8.5,-2.0,0.5,0.0,900.0,900.0,0.0,1.205999999999978,0.7060000000000005,4626.0,0
2.106,11554.0,9239.0,6927.0,11550.5,9236.5,6924.5,4000.0,3000.0,3000.0,-9.16666666666606,-3.3333333333339397,0.5,0.0,900.0,900.0,0.0,1.2069999999999779,0.7070000000000005,4627.0,0
2.107,11557.0,9242.0,6929.0,11554.5,9239.5,6927.5,3000.0,3000.0,2000.0,-8.16666666666606,-2.3333333333339397,0.5,0.0,900.0,900.0,0.0,1.2079999999999778,0.7080000000000005,4628.0,0
2.108,11561.0,9245.0,6931.0,11557.5,9242.5,6929.5,4000.0,3000.0,2000.0,-7.83333333333394,-2.6666666666660603,0.5,0.0,900.0,900.0,0.0,1.2089999999999776,0.7090000000000005,4630.0,0
2.109,11565.0,9248.0,6934.0,11561.5,9245.5,6931.5,4000.0,3000.0,3000.0,-8.5,-3.0,0.5,0.0,900.0,900.0,0.0,1.2099999999999775,0.7100000000000005,4631.0,0
2.11,11569.0,9251.0,6936.0,11565.5,9248.5,6934.5,4000.0,3000.0,2000.0,-7.5,-2.0,0.5,0.0,900.0,900.0,0.0,1.2109999999999774,0.7110000000000005,4633.0,0
2.111,11573.0,9254.0,6938.0,11569.5,9251.5,6936.5,4000.0,3000.0,2000.0,-8.16666666666606,-2.3333333333339397,0.5,0.0,900.0,900.0,0.0,1.2119999999999773,0.7120000000000005,4635.0,0
2.112,11577.0,9257.0,6941.0,11573.5,9254.5,6938.5,4000.0,3000.0,3000.0,-8.83333333333394,-2.6666666666660603,0.5,0.0,900.0,900.0,0.0,1.2129999999999772,0.7130000000000005,4636.0,0
2.113,11581.0,9260.0,6943.0,11577.5,9257.5,6941.5,4000.0,3000.0,2000.0,-7.83333333333394,-1.6666666666660603,0.5,0.0,900.0,900.0,0.0,1.213999999999977,0.7140000000000005,4638.0,0
2.114,11585.0,9264.0,6945.0,11581.5,9260.5,6943.5,4000.0,4000.0,2000.0,-8.5,-2.0,0.5,0.0,900.0,900.0,0.0,1.214999999999977,0.7150000000000005,4640.0,0
2.115,11589.0,9267.0,6948.0,11585.5,9264.5,6945.5,4000.0,3000.0,3000.0,-9.16666666666606,-3.3333333333339397,0.5,0.0,900.0,900.0,0.0,1.2159999999999769,0.7160000000000005,4641.0,0
2.116,11593.0,9270.0,6950.0,11589.5,9267.5,6948.5,4000.0,3000.0,2000.0,-8.16666666666606,-2.3333333333339397,0.5,0.0,900.0,900.0,0.0,1.2169999999999768,0.7170000000000005,4643.0,0
2.117,11596.0,9273.0,6952.0,11593.5,9270.5,6950.5,3000.0,3000.0,2000.0,-8.83333333333394,-2.6666666666660603,0.5,0.0,900.0,900.0,0.0,1.2179999999999767,0.7180000000000005,4644.0,0
2.118,11600.0,9276.0,6955.0,11596.5,9273.5,6952.5,4000.0,3000.0,3000.0,-8.5,-3.0,0.5,0.0,900.0,900.0,0.0,1.2189999999999765,0.7190000000000005,4645.0,0
2.119,11604.0,9279.0,6957.0,11600.5,9276.5,6955.5,4000.0,3000.0,2000.0,-7.5,-2.0,0.5,0.0,900.0,900.0,0.0,1.2199999999999764,0.7200000000000005,4647.0,0
2.12,11608.0,9282.0,6959.0,11604.5,9279.5,6957.5,4000.0,3000.0,2000.0,-8.16666666666606,-2.3333333333339397,0.5,0.0,900.0,900.0,0.0,1.2209999999999763,0.7210000000000005,4649.0,0
2.121,11612.0,9285.0,6962.0,11608.5,9282.5,6959.5,4000.0,3000.0,3000.0,-8.83333333333394,-2.6666666666660603,0.5,0.0,900.0,900.0,0.0,1.2219999999999762,0.7220000000000005,4650.0,0
2.122,11616.0,9288.0,6964.0,11612.5,9285.5,6962.5,4000.0,3000.0,2000.0,-7.83333333333394,-1.6666666666660603,0.5,0.0,900.0,900.0,0.0,1.222999999999976,0.7230000000000005,4652.0,0
2.123,11620.0,9292.0,6966.0,11616.5,9288.5,6964.5,4000.0,4000.0,2000.0,-8.5,-2.0,0.5,0.0,900.0,900.0,0.0,1.223999999999976,0.7240000000000005,4654.0,0
2.124,11624.0,9295.0,6969.0,11620.5,9292.5,6966.5,4000.0,3000.0,3000.0,-9.16666666666606,-3.3333333333339397,0.5,0.0,900.0,900.0,0.0,1.2249999999999759,0.7250000000000005,4655.0,0
2.125,11628.0,9298.0,6971.0,11624.5,9295.5,6969.5,4000.0,3000.0,2000.0,-8.16666666666606,-2.3333333333339397,0.5,0.0,900.0,900.0,0.0,1.2259999999999758,0.7260000000000005,4657.0,0
2.126,11631.0,9301.0,6973.0,11628.5,9298.5,6971.5,3000.0,3000.0,2000.0,-8.83333333333394,-2.6666666666660603,0.5,0.0,900.0,900.0,0.0,1.2269999999999757,0.7270000000000005,4658.0,0
2.1270000000000002,11635.0,9304.0,6976.0,11631.5,9301.5,6973.5,4000.0,3000.0,3000.0,-8.5,-3.0,0.5,0.0,900.0,900.0,0.0,1.2279999999999756,0.7280000000000005,4659.0,0
2.128,11639.0,9307.0,6978.0,11635.5,9304.5,6976.5,4000.0,3000.0,2000.0,-7.5,-2.0,0.5,0.0,900.0,900.0,0.0,1.2289999999999754,0.7290000000000005,4661.0,0
2.129,11643.0,9310.0,6980.0,11639.5,9307.5,6978.5,4000.0,3000.0,2000.0,-8.16666666666606,-2.3333333333339397,0.5,0.0,900.0,900.0,0.0,1.2299999999999753,0.7300000000000005,4663.0,0
2.13,11647.0,9313.0,6983.0,11643.5,9310.5,6980.5,4000.0,3000.0,3000.0,-8.83333333333394,-2.6666666666660603,0.5,0.0,900.0,900.0,0.0,1.2309999999999752,0.7310000000000005,4664.0,0
2.1310000000000002,11651.0,9316.0,6985.0,11647.5,9313.5,6983.5,4000.0,3000.0,2000.0,-7.83333333333394,-1.6666666666660603,0.5,0.0,900.0,900.0,0.0,1.2319999999999751,0.7320000000000005,4666.0,0
2.132,11655.0,9319.0,6987.0,11651.5,9316.5,6985.5,4000.0,3000.0,2000.0,-8.5,-2.0,0.5,0.0,900.0,900.0,0.0,1.232999999999975,0.7330000000000005,4668.0,0
2.133,11659.0,9323.0,6990.0,11655.5,9319.5,6987.5,4000.0,4000.0,3000.0,-9.16666666666606,-2.3333333333339397,0.5,0.0,900.0,900.0,0.0,1.233999999999975,0.7340000000000005,4669.0,0
2.134,11663.0,9326.0,6992.0,11659.5,9323.5,6990.5,4000.0,3000.0,2000.0,-8.16666666666606,-2.3333333333339397,0.5,0.0,900.0,900.0,0.0,1.2349999999999748,0.7350000000000005,4671.0,0
2.1350000000000002,11666.0,9329.0,6994.0,11663.5,9326.5,6992.5,3000.0,3000.0,2000.0,-8.83333333333394,-2.6666666666660603,0.5,0.0,900.0,900.0,0.0,1.2359999999999747,0.7360000000000005,4672.0,0
2.136,11670.0,9332.0,6997.0,11666.5,9329.5,6994.5,4000.0,3000.0,3000.0,-8.5,-3.0,0.5,0.0,900.0,900.0,0.0,1.2369999999999746,0.7370000000000005,4673.0,0
2.137,11674.0,9335.0,6999.0,11670.5,9332.5,6997.5,4000.0,3000.0,2000.0,-7.5,-2.0,0.5,0.0,900.0,900.0,0.0,1.2379999999999745,0.7380000000000005,4675.0,0
2.138,11678.0,9338.0,7002.0,11674.5,9335.5,6999.5,4000.0,3000.0,3000.0,-8.16666666666606,-2.3333333333339397,0.5,0.0,900.0,900.0,0.0,1.2389999999999743,0.7390000000000005,4676.0,0
2.1390000000000002,11682.0,9341.0,7004.0,11678.5,9338.5,7002.5,4000.0,3000.0,2000.0,-7.16666666666606,-1.3333333333339397,0.5,0.0,900.0,900.0,0.0,1.2399999999999742,0.7400000000000005,4678.0,0
2.14,11686.0,9344.0,7006.0,11682.5,9341.5,7004.5,4000.0,3000.0,2000.0,-7.83333333333394,-1.6666666666660603,0.5,0.0,900.0,900.0,0.0,1.2409999999999741,0.7410000000000005,4680.0,0
2.141,11690.0,9347.0,7009.0,11686.5,9344.5,7006.5,4000.0,3000.0,3000.0,-8.5,-2.0,0.5,0.0,900.0,900.0,0.0,1.241999999999974,0.7420000000000005,4681.0,0
2.142,11694.0,9351.0,7011.0,11690.5,9347.5,7009.5,4000.0,4000.0,2000.0,-7.5,-1.0,0.5,0.0,900.0,900.0,0.0,1.242999999999974,0.7430000000000005,4683.0,0
2.1430000000000002,11698.0,9354.0,7013.0,11694.5,9351.5,7011.5,4000.0,3000.0,2000.0,-8.16666666666606,-2.3333333333339397,0.5,0.0,900.0,900.0,0.0,1.2439999999999738,0.7440000000000005,4685.0,0
2.144,11702.0,9357.0,7016.0,11698.5,9354.5,7013.5,4000.0,3000.0,3000.0,-8.83333333333394,-2.6666666666660603,0.5,0.0,900.0,900.0,0.0,1.2449999999999737,0.7450000000000006,4686.0,0
2.145,11705.0,9360.0,7018.0,11702.5,9357.5,7016.5,3000.0,3000.0,2000.0,-7.83333333333394,-1.6666666666660603,0.5,0.0,900.0,900.0,0.0,1.2459999999999736,0.7460000000000006,4687.0,0
2.146,11709.0,9363.0,7020.0,11705.5,9360.5,7018.5,4000.0,3000.0,2000.0,-7.5,-2.0,0.5,0.0,900.0,900.0,0.0,1.2469999999999735,0.7470000000000006,4689.0,0
2.1470000000000002,11713.0,9366.0,7023.0,11709.5,9363.5,7020.5,4000.0,3000.0,3000.0,-8.16666666666606,-2.3333333333339397,0.5,0.0,900.0,900.0,0.0,1.2479999999999734,0.7480000000000006,4690.0,0
2.148,11717.0,9369.0,7025.0,11713.5,9366.5,7023.5,4000.0,3000.0,2000.0,-7.16666666666606,-1.3333333333339397,0.5,0.0,900.0,900.0,0.0,1.2489999999999732,0.7490000000000006,4692.0,0
2.149,11721.0,9372.0,7027.0,11717.5,9369.5,7025.5,4000.0,3000.0,2000.0,-7.83333333333394,-1.6666666666660603,0.5,0.0,900.0,900.0,0.0,1.2499999999999731,0.7500000000000006,4694.0,0
2.15,11725.0,9375.0,7030.0,11721.5,9372.5,7027.5,4000.0,3000.0,3000.0,-8.5,-2.0,0.5,0.0,900.0,900.0,0.0,1.250999999999973,0.7510000000000006,4695.0,0
2.1510000000000002,11729.0,9379.0,7032.0,11725.5,9375.5,7030.5,4000.0,4000.0,2000.0,-7.5,-1.0,0.5,0.0,900.0,900.0,0.0,1.251999999999973,0.7520000000000006,4697.0,0
2.152,11733.0,9382.0,7034.0,11729.5,9379.5,7032.5,4000.0,3000.0,2000.0,-8.16666666666606,-2.3333333333339397,0.5,0.0,900.0,900.0,0.0,1.2529999999999728,0.7530000000000006,4699.0,0
2.153,11737.0,9385.0,7037.0,11733.5,9382.5,7034.5,4000.0,3000.0,3000.0,-8.83333333333394,-2.6666666666660603,0.5,0.0,900.0,900.0,0.0,1.2539999999999727,0.7540000000000006,4700.0,0
2.154,11740.0,9388.0,7039.0,11737.5,9385.5,7037.5,3000.0,3000.0,2000.0,-7.83333333333394,-1.6666666666660603,0.5,0.0,900.0,900.0,0.0,1.2549999999999726,0.7550000000000006,4701.0,0
2.1550000000000002,11744.0,9391.0,7041.0,11740.5,9388.5,7039.5,4000.0,3000.0,2000.0,-7.5,-2.0,0.5,0.0,900.0,900.0,0.0,1.2559999999999725,0.7560000000000006,4703.0,0
2.156,11748.0,9394.0,7044.0,11744.5,9391.5,7041.5,4000.0,3000.0,3000.0,-8.16666666666606,-2.3333333333339397,0.5,0.0,900.0,900.0,0.0,1.2569999999999724,0.7570000000000006,4704.0,0
2.157,11752.0,9397.0,7046.0,11748.5,9394.5,7044.5,4000.0,3000.0,2000.0,-7.16666666666606,-1.3333333333339397,0.5,0.0,900.0,900.0,0.0,1.2579999999999723,0.7580000000000006,4706.0,0
2.158,11756.0,9400.0,7048.0,11752.5,9397.5,7046.5,4000.0,3000.0,2000.0,-7.83333333333394,-1.6666666666660603,0.5,0.0,900.0,900.0,0.0,1.2589999999999721,0.7590000000000006,4708.0,0
2.1590000000000003,11760.0,9403.0,7051.0,11756.5,9400.5,7048.5,4000.0,3000.0,3000.0,-8.5,-2.0,0.5,0.0,900.0,900.0,0.0,1.259999999999972,0.7600000000000006,4709.0,0
2.16,11764.0,9407.0,7053.0,11760.5,9403.5,7051.5,4000.0,4000.0,2000.0,-7.5,-1.0,0.5,0.0,900.0,900.0,0.0,1.260999999999972,0.7610000000000006,4711.0,0
2.161,11768.0,9410.0,7055.0,11764.5,9407.5,7053.5,4000.0,3000.0,2000.0,-8.16666666666606,-2.3333333333339397,0.5,0.0,900.0,900.0,0.0,1.2619999999999718,0.7620000000000006,4713.0,0
2.162,11772.0,9413.0,7058.0,11768.5,9410.5,7055.5,4000.0,3000.0,3000.0,-8.83333333333394,-2.6666666666660603,0.5,0.0,900.0,900.0,0.0,1.2629999999999717,0.7630000000000006,4714.0,0
2.1630000000000003,11776.0,9416.0,7060.0,11772.5,9413.5,7058.5,4000.0,3000.0,2000.0,-7.83333333333394,-1.6666666666660603,0.5,0.0,900.0,900.0,0.0,1.2639999999999716,0.7640000000000006,4716.0,0
2.164,11779.0,9419.0,7062.0,11776.5,9416.5,7060.5,3000.0,3000.0,2000.0,-8.5,-2.0,0.5,0.0,900.0,900.0,0.0,1.2649999999999715,0.7650000000000006,4717.0,0
2.165,11783.0,9422.0,7065.0,11779.5,9419.5,7062.5,4000.0,3000.0,3000.0,-8.16666666666606,-2.3333333333339397,0.5,0.0,900.0,900.0,0.0,1.2659999999999714,0.7660000000000006,4718.0,0
2.166,11787.0,9425.0,7067.0,11783.5,9422.5,7065.5,4000.0,3000.0,2000.0,-7.16666666666606,-1.3333333333339397,0.5,0.0,900.0,900.0,0.0,1.2669999999999713,0.7670000000000006,4720.0,0
2.1670000000000003,11791.0,9428.0,7069.0,11787.5,9425.5,7067.5,4000.0,3000.0,2000.0,-7.83333333333394,-1.6666666666660603,0.5,0.0,900.0,900.0,0.0,1.2679999999999712,0.7680000000000006,4722.0,0
2.168,11795.0,9431.0,7072.0,11791.5,9428.5,7069.5,4000.0,3000.0,3000.0,-8.5,-2.0,0.5,0.0,900.0,900.0,0.0,1.268999999999971,0.7690000000000006,4723.0,0
2.169,11799.0,9435.0,7074.0,11795.5,9431.5,7072.5,4000.0,4000.0,2000.0,-7.5,-1.0,0.5,0.0,900.0,900.0,0.0,1.269999999999971,0.7700000000000006,4725.0,0
2.17,11803.0,9438.0,7076.0,11799.5,9435.5,7074.5,4000.0,3000.0,2000.0,-8.16666666666606,-2.3333333333339397,0.5,0.0,900.0,900.0,0.0,1.2709999999999708,0.7710000000000006,4727.0,0
2.1710000000000003,11807.0,9441.0,7079.0,11803.5,9438.5,7076.5,4000.0,3000.0,3000.0,-8.83333333333394,-2.6666666666660603,0.5,0.0,900.0,900.0,0.0,1.2719999999999707,0.7720000000000006,4728.0,0
2.172,11811.0,9444.0,7081.0,11807.5,9441.5,7079.5,4000.0,3000.0,2000.0,-7.83333333333394,-1.6666666666660603,0.5,0.0,900.0,900.0,0.0,1.2729999999999706,0.7730000000000006,4730.0,0
2.173,11814.0,9447.0,7083.0,11811.5,9444.5,7081.5,3000.0,3000.0,2000.0,-8.5,-2.0,0.5,0.0,900.0,900.0,0.0,1.2739999999999705,0.7740000000000006,4731.0,0
2.174,11818.0,9450.0,7086.0,11814.5,9447.5,7083.5,4000.0,3000.0,3000.0,-8.16666666666606,-2.3333333333339397,0.5,0.0,900.0,900.0,0.0,1.2749999999999704,0.7750000000000006,4732.0,0
2.1750000000000003,11822.0,9453.0,7088.0,11818.5,9450.5,7086.5,4000.0,3000.0,2000.0,-7.16666666666606,-1.3333333333339397,0.5,0.0,900.0,900.0,0.0,1.2759999999999703,0.7760000000000006,4734.0,0
2.176,11826.0,9456.0,7090.0,11822.5,9453.5,7088.5,4000.0,3000.0,2000.0,-7.83333333333394,-1.6666666666660603,0.5,0.0,900.0,900.0,0.0,1.2769999999999702,0.7770000000000006,4736.0,0
2.177,11830.0,9459.0,7093.0,11826.5,9456.5,7090.5,4000.0,3000.0,3000.0,-8.5,-2.0,0.5,0.0,900.0,900.0,0.0,1.27799999999997,0.7780000000000006,4737.0,0
2.178,11834.0,9463.0,7095.0,11830.5,9459.5,7093.5,4000.0,4000.0,2000.0,-7.5,-1.0,0.5,0.0,900.0,900.0,0.0,1.27899999999997,0.7790000000000006,4739.0,0
2.179,11838.0,9466.0,7097.0,11834.5,9463.5,7095.5,4000.0,3000.0,2000.0,-8.16666666666606,-2.3333333333339397,0.5,0.0,900.0,900.0,0.0,1.2799999999999698,0.7800000000000006,4741.0,0
2.18,11842.0,9469.0,7100.0,11838.5,9466.5,7097.5,4000.0,3000.0,3000.0,-8.83333333333394,-2.6666666666660603,0.5,0.0,900.0,900.0,0.0,1.2809999999999697,0.7810000000000006,4742.0,0
2.181,11846.0,9472.0,7102.0,11842.5,9469.5,7100.5,4000.0,3000.0,2000.0,-7.83333333333394,-1.6666666666660603,0.5,0.0,900.0,900.0,0.0,1.2819999999999696,0.7820000000000006,4744.0,0
2.182,11849.0,9475.0,7104.0,11846.5,9472.5,7102.5,3000.0,3000.0,2000.0,-8.5,-2.0,0.5,0.0,900.0,900.0,0.0,1.2829999999999695,0.7830000000000006,4745.0,0
2.183,11853.0,9478.0,7107.0,11849.5,9475.5,7104.5,4000.0,3000.0,3000.0,-8.16666666666606,-2.3333333333339397,0.5,0.0,900.0,900.0,0.0,1.2839999999999694,0.7840000000000006,4746.0,0
2.184,11857.0,9481.0,7109.0,11853.5,9478.5,7107.5,4000.0,3000.0,2000.0,-7.16666666666606,-1.3333333333339397,0.5,0.0,900.0,900.0,0.0,1.2849999999999693,0.7850000000000006,4748.0,0
2.185,11861.0,9484.0,7111.0,11857.5,9481.5,7109.5,4000.0,3000.0,2000.0,-7.83333333333394,-1.6666666666660603,0.5,0.0,900.0,900.0,0.0,1.2859999999999692,0.7860000000000006,4750.0,0
2.186,11865.0,9487.0,7114.0,11861.5,9484.5,7111.5,4000.0,3000.0,3000.0,-8.5,-2.0,0.5,0.0,900.0,900.0,0.0,1.286999999999969,0.7870000000000006,4751.0,0
2.187,11869.0,9491.0,7116.0,11865.5,9487.5,7114.5,4000.0,4000.0,2000.0,-7.5,-1.0,0.5,0.0,900.0,900.0,0.0,1.287999999999969,0.7880000000000006,4753.0,0
2.188,11873.0,9494.0,7119.0,11869.5,9491.5,7116.5,4000.0,3000.0,3000.0,-8.16666666666606,-2.3333333333339397,0.5,0.0,900.0,900.0,0.0,1.2889999999999688,0.7890000000000006,4754.0,0
2.189,11877.0,9497.0,7121.0,11873.5,9494.5,7119.5,4000.0,3000.0,2000.0,-7.16666666666606,-1.3333333333339397,0.5,0.0,900.0,900.0,0.0,1.2899999999999687,0.7900000000000006,4756.0,0
2.19,11881.0,9500.0,7123.0,11877.5,9497.5,7121.5,4000.0,3000.0,2000.0,-7.83333333333394,-1.6666666666660603,0.5,0.0,900.0,900.0,0.0,1.2909999999999686,0.7910000000000006,4758.0,0
2.191,11885.0,9503.0,7126.0,11881.5,9500.5,7123.5,4000.0,3000.0,3000.0,-8.5,-2.0,0.5,0.0,900.0,900.0,0.0,1.2919999999999685,0.7920000000000006,4759.0,0
2.192,11888.0,9506.0,7128.0,11885.5,9503.5,7126.5,3000.0,3000.0,2000.0,-7.5,-1.0,0.5,0.0,900.0,900.0,0.0,1.2929999999999684,0.7930000000000006,4760.0,0
2.193,11892.0,9509.0,7130.0,11888.5,9506.5,7128.5,4000.0,3000.0,2000.0,-7.16666666666606,-1.3333333333339397,0.5,0.0,900.0,900.0,0.0,1.2939999999999683,0.7940000000000006,4762.0,0
2.194,11896.0,9512.0,7133.0,11892.5,9509.5,7130.5,4000.0,3000.0,3000.0,-7.83333333333394,-1.6666666666660603,0.5,0.0,900.0,900.0,0.0,1.2949999999999682,0.7950000000000006,4763.0,0
2.195,11900.0,9515.0,7135.0,11896.5,9512.5,7133.5,4000.0,3000.0,2000.0,-6.83333333333394,-0.6666666666660603,0.5,0.0,900.0,900.0,0.0,1.295999999999968,0.7960000000000006,4765.0,0
2.196,11904.0,9519.0,7137.0,11900.5,9515.5,7135.5,4000.0,4000.0,2000.0,-7.5,-1.0,0.5,0.0,900.0,900.0,0.0,1.296999999999968,0.7970000000000006,4767.0,0
2.197,11908.0,9522.0,7140.0,11904.5,9519.5,7137.5,4000.0,3000.0,3000.0,-8.16666666666606,-2.3333333333339397,0.5,0.0,900.0,900.0,0.0,1.2979999999999678,0.7980000000000006,4768.0,0
2.198,11912.0,9525.0,7142.0,11908.5,9522.5,7140.5,4000.0,3000.0,2000.0,-7.16666666666606,-1.3333333333339397,0.5,0.0,900.0,900.0,0.0,1.2989999999999677,0.7990000000000006,4770.0,0
2.199,11916.0,9528.0,7144.0,11912.5,9525.5,7142.5,4000.0,3000.0,2000.0,-7.83333333333394,-1.6666666666660603,0.5,0.0,900.0,900.0,0.0,1.2999999999999676,0.8000000000000006,4772.0,0
2.2,11920.0,9531.0,7147.0,11916.5,9528.5,7144.5,4000.0,3000.0,3000.0,-8.5,-2.0,0.5,0.0,900.0,900.0,0.0,1.3009999999999675,0.8010000000000006,4773.0,0
2.201,11923.0,9534.0,7149.0,11920.5,9531.5,7147.5,3000.0,3000.0,2000.0,-7.5,-1.0,0.5,0.0,900.0,900.0,0.0,1.3019999999999674,0.8020000000000006,4774.0,0
2.202,11927.0,9537.0,7151.0,11923.5,9534.5,7149.5,4000.0,3000.0,2000.0,-7.16666666666606,-1.3333333333339397,0.5,0.0,900.0,900.0,0.0,1.3029999999999673,0.8030000000000006,4776.0,0
2.203,11931.0,9540.0,7154.0,11927.5,9537.5,7151.5,4000.0,3000.0,3000.0,-7.83333333333394,-1.6666666666660603,0.5,0.0,900.0,900.0,0.0,1.3039999999999672,0.8040000000000006,4777.0,0
2.204,11935.0,9543.0,7156.0,11931.5,9540.5,7154.5,4000.0,3000.0,2000.0,-6.83333333333394,-0.6666666666660603,0.5,0.0,900.0,900.0,0.0,1.304999999999967,0.8050000000000006,4779.0,0
2.205,11939.0,9547.0,7158.0,11935.5,9543.5,7156.5,4000.0,4000.0,2000.0,-7.5,-1.0,0.5,0.0,900.0,900.0,0.0,1.305999999999967,0.8060000000000006,4781.0,0
2.206,11943.0,9550.0,7161.0,11939.5,9547.5,7158.5,4000.0,3000.0,3000.0,-8.16666666666606,-2.3333333333339397,0.5,0.0,900.0,900.0,0.0,1.3069999999999669,0.8070000000000006,4782.0,0
2.207,11947.0,9553.0,7163.0,11943.5,9550.5,7161.5,4000.0,3000.0,2000.0,-7.16666666666606,-1.3333333333339397,0.5,0.0,900.0,900.0,0.0,1.3079999999999667,0.8080000000000006,4784.0,0
2.208,11951.0,9556.0,7165.0,11947.5,9553.5,7163.5,4000.0,3000.0,2000.0,-7.83333333333394,-1.6666666666660603,0.5,0.0,900.0,900.0,0.0,1.3089999999999666,0.8090000000000006,4786.0,0
2.209,11955.0,9559.0,7168.0,11951.5,9556.5,7165.5,4000.0,3000.0,3000.0,-8.5,-2.0,0.5,0.0,900.0,900.0,0.0,1.3099999999999665,0.8100000000000006,4787.0,0
2.21,11959.0,9562.0,7170.0,11955.5,9559.5,7168.5,4000.0,3000.0,2000.0,-7.5,-1.0,0.5,0.0,900.0,900.0,0.0,1.3109999999999664,0.8110000000000006,4789.0,0
2.211,11962.0,9565.0,7172.0,11959.5,9562.5,7170.5,3000.0,3000.0,2000.0,-8.16666666666606,-1.3333333333339397,0.5,0.0,900.0,900.0,0.0,1.3119999999999663,0.8120000000000006,4790.0,0
2.212,11966.0,9568.0,7175.0,11962.5,9565.5,7172.5,4000.0,3000.0,3000.0,-7.83333333333394,-1.6666666666660603,0.5,0.0,900.0,900.0,0.0,1.3129999999999662,0.8130000000000006,4791.0,0
2.213,11970.0,9571.0,7177.0,11966.5,9568.5,7175.5,4000.0,3000.0,2000.0,-6.83333333333394,-0.6666666666660603,0.5,0.0,900.0,900.0,0.0,1.313999999999966,0.8140000000000006,4793.0,0
2.214,11974.0,9575.0,7179.0,11970.5,9571.5,7177.5,4000.0,4000.0,2000.0,-7.5,-1.0,0.5,0.0,900.0,900.0,0.0,1.314999999999966,0.8150000000000006,4795.0,0
2.215,11978.0,9578.0,7182.0,11974.5,9575.5,7179.5,4000.0,3000.0,3000.0,-8.16666666666606,-2.3333333333339397,0.5,0.0,900.0,900.0,0.0,1.3159999999999659,0.8160000000000006,4796.0,0
2.216,11982.0,9581.0,7184.0,11978.5,9578.5,7182.5,4000.0,3000.0,2000.0,-7.16666666666606,-1.3333333333339397,0.5,0.0,900.0,900.0,0.0,1.3169999999999658,0.8170000000000006,4798.0,0
2.217,11986.0,9584.0,7186.0,11982.5,9581.5,7184.5,4000.0,3000.0,2000.0,-7.83333333333394,-1.6666666666660603,0.5,0.0,900.0,900.0,0.0,1.3179999999999656,0.8180000000000006,4800.0,0
2.218,11990.0,9587.0,7189.0,11986.5,9584.5,7186.5,4000.0,3000.0,3000.0,-8.5,-2.0,0.5,0.0,900.0,900.0,0.0,1.3189999999999655,0.8190000000000006,4801.0,0
2.219,11994.0,9590.0,7191.0,11990.5,9587.5,7189.5,4000.0,3000.0,2000.0,-7.5,-1.0,0.5,0.0,900.0,900.0,0.0,1.3199999999999654,0.8200000000000006,4803.0,0
2.22,11997.0,9593.0,7193.0,11994.5,9590.5,7191.5,3000.0,3000.0,2000.0,-8.16666666666606,-1.3333333333339397,0.5,0.0,900.0,900.0,0.0,1.3209999999999653,0.8210000000000006,4804.0,0
2.221,12001.0,9596.0,7196.0,11997.5,9593.5,7193.5,4000.0,3000.0,3000.0,-7.83333333333394,-1.6666666666660603,0.5,0.0,900.0,900.0,0.0,1.3219999999999652,0.8220000000000006,4805.0,0
2.222,12005.0,9599.0,7198.0,12001.5,9596.5,7196.5,4000.0,3000.0,2000.0,-6.83333333333394,-0.6666666666660603,0.5,0.0,900.0,900.0,0.0,1.322999999999965,0.8230000000000006,4807.0,0
2.223,12009.0,9602.0,7200.0,12005.5,9599.5,7198.5,4000.0,3000.0,2000.0,-7.5,-1.0,0.5,0.0,900.0,900.0,0.0,1.323999999999965,0.8240000000000006,4809.0,0
2.224,12013.0,9606.0,7203.0,12009.5,9602.5,7200.5,4000.0,4000.0,3000.0,-8.16666666666606,-1.3333333333339397,0.5,0.0,900.0,900.0,0.0,1.3249999999999649,0.8250000000000006,4810.0,0
2.225,12017.0,9609.0,7205.0,12013.5,9606.5,7203.5,4000.0,3000.0,2000.0,-7.16666666666606,-1.3333333333339397,0.5,0.0,900.0,900.0,0.0,1.3259999999999648,0.8260000000000006,4812.0,0
2.226,12021.0,9612.0,7207.0,12017.5,9609.5,7205.5,4000.0,3000.0,2000.0,-7.83333333333394,-1.6666666666660603,0.5,0.0,900.0,900.0,0.0,1.3269999999999647,0.8270000000000006,4814.0,0
2.227,12025.0,9615.0,7210.0,12021.5,9612.5,7207.5,4000.0,3000.0,3000.0,-8.5,-2.0,0.5,0.0,900.0,900.0,0.0,1.3279999999999645,0.8280000000000006,4815.0,0
2.228,12029.0,9618.0,7212.0,12025.5,9615.5,7210.5,4000.0,3000.0,2000.0,-7.5,-1.0,0.5,0.0,900.0,900.0,0.0,1.3289999999999644,0.8290000000000006,4817.0,0
2.229,12033.0,9621.0,7214.0,12029.5,9618.5,7212.5,4000.0,3000.0,2000.0,-8.16666666666606,-1.3333333333339397,0.5,0.0,900.0,900.0,0.0,1.3299999999999643,0.8300000000000006,4819.0,0
2.23,12036.0,9624.0,7217.0,12033.5,9621.5,7214.5,3000.0,3000.0,3000.0,-8.83333333333394,-1.6666666666660603,0.5,0.0,900.0,900.0,0.0,1.3309999999999642,0.8310000000000006,4819.0,0
2.231,12040.0,9627.0,7219.0,12036.5,9624.5,7217.5,4000.0,3000.0,2000.0,-6.83333333333394,-0.6666666666660603,0.5,0.0,900.0,900.0,0.0,1.331999999999964,0.8320000000000006,4821.0,0
2.232,12044.0,9630.0,7221.0,12040.5,9627.5,7219.5,4000.0,3000.0,2000.0,-7.5,-1.0,0.5,0.0,900.0,900.0,0.0,1.332999999999964,0.8330000000000006,4823.0,0
2.233,12048.0,9634.0,7224.0,12044.5,9630.5,7221.5,4000.0,4000.0,3000.0,-8.16666666666606,-1.3333333333339397,0.5,0.0,900.0,900.0,0.0,1.3339999999999639,0.8340000000000006,4824.0,0
2.234,12052.0,9637.0,7226.0,12048.5,9634.5,7224.5,4000.0,3000.0,2000.0,-7.16666666666606,-1.3333333333339397,0.5,0.0,900.0,900.0,0.0,1.3349999999999638,0.8350000000000006,4826.0,0
2.235,12056.0,9640.0,7228.0,12052.5,9637.5,7226.5,4000.0,3000.0,2000.0,-7.83333333333394,-1.6666666666660603,0.5,0.0,900.0,900.0,0.0,1.3359999999999637,0.8360000000000006,4828.0,0
2.236,12060.0,9643.0,7231.0,12056.5,9640.5,7228.5,4000.0,3000.0,3000.0,-8.5,-2.0,0.5,0.0,900.0,900.0,0.0,1.3369999999999636,0.8370000000000006,4829.0,0
2.237,12064.0,9646.0,7233.0,12060.5,9643.5,7231.5,4000.0,3000.0,2000.0,-7.5,-1.0,0.5,0.0,900.0,900.0,0.0,1.3379999999999634,0.8380000000000006,4831.0,0
2.238,12068.0,9649.0,7236.0,12064.5,9646.5,7233.5,4000.0,3000.0,3000.0,-8.16666666666606,-1.3333333333339397,0.5,0.0,900.0,900.0,0.0,1.3389999999999633,0.8390000000000006,4832.0,0
2.239,12071.0,9652.0,7238.0,12068.5,9649.5,7236.5,3000.0,3000.0,2000.0,-7.16666666666606,-0.33333333333393966,0.5,0.0,900.0,900.0,0.0,1.3399999999999632,0.8400000000000006,4833.0,0
2.24,12075.0,9655.0,7240.0,12071.5,9652.5,7238.5,4000.0,3000.0,2000.0,-6.83333333333394,-0.6666666666660603,0.5,0.0,900.0,900.0,0.0,1.340999999999963,0.8410000000000006,4835.0,0
2.241,12079.0,9658.0,7243.0,12075.5,9655.5,7240.5,4000.0,3000.0,3000.0,-7.5,-1.0,0.5,0.0,900.0,900.0,0.0,1.341999999999963,0.8420000000000006,4836.0,0
2.242,12083.0,9662.0,7245.0,12079.5,9658.5,7243.5,4000.0,4000.0,2000.0,-6.5,0.0,0.5,0.0,900.0,900.0,0.0,1.342999999999963,0.8430000000000006,4838.0,0
2.243,12087.0,9665.0,7247.0,12083.5,9662.5,7245.5,4000.0,3000.0,2000.0,-7.16666666666606,-1.3333333333339397,0.5,0.0,900.0,900.0,0.0,1.3439999999999628,0.8440000000000006,4840.0,0
2.244,12091.0,9668.0,7250.0,12087.5,9665.5,7247.5,4000.0,3000.0,3000.0,-7.83333333333394,-1.6666666666660603,0.5,0.0,900.0,900.0,0.0,1.3449999999999627,0.8450000000000006,4841.0,0
2.245,12095.0,9671.0,7252.0,12091.5,9668.5,7250.5,4000.0,3000.0,2000.0,-6.83333333333394,-0.6666666666660603,0.5,0.0,900.0,900.0,0.0,1.3459999999999626,0.8460000000000006,4843.0,0
2.246,12099.0,9674.0,7254.0,12095.5,9671.5,7252.5,4000.0,3000.0,2000.0,-7.5,-1.0,0.5,0.0,900.0,900.0,0.0,1.3469999999999624,0.8470000000000006,4845.0,0
2.247,12103.0,9677.0,7257.0,12099.5,9674.5,7254.5,4000.0,3000.0,3000.0,-8.16666666666606,-1.3333333333339397,0.5,0.0,900.0,900.0,0.0,1.3479999999999623,0.8480000000000006,4846.0,0
2.248,12106.0,9680.0,7259.0,12103.5,9677.5,7257.5,3000.0,3000.0,2000.0,-7.16666666666606,-0.33333333333393966,0.5,0.0,900.0,900.0,0.0,1.3489999999999622,0.8490000000000006,4847.0,0
2.249,12110.0,9683.0,7261.0,12106.5,9680.5,7259.5,4000.0,3000.0,2000.0,-6.83333333333394,-0.6666666666660603,0.5,0.0,900.0,900.0,0.0,1.3499999999999621,0.8500000000000006,4849.0,0
2.25,12114.0,9686.0,7264.0,12110.5,9683.5,7261.5,4000.0,3000.0,3000.0,-7.5,-1.0,0.5,0.0,900.0,900.0,0.0,1.350999999999962,0.8510000000000006,4850.0,0
2.251,12118.0,9690.0,7266.0,12114.5,9686.5,7264.5,4000.0,4000.0,2000.0,-6.5,0.0,0.5,0.0,900.0,900.0,0.0,1.351999999999962,0.8520000000000006,4852.0,0
2.2520000000000002,12122.0,9693.0,7268.0,12118.5,9690.5,7266.5,4000.0,3000.0,2000.0,-7.16666666666606,-1.3333333333339397,0.5,0.0,900.0,900.0,0.0,1.3529999999999618,0.8530000000000006,4854.0,0
2.253,12126.0,9696.0,7271.0,12122.5,9693.5,7268.5,4000.0,3000.0,3000.0,-7.83333333333394,-1.6666666666660603,0.5,0.0,900.0,900.0,0.0,1.3539999999999617,0.8540000000000006,4855.0,0
2.254,12130.0,9699.0,7273.0,12126.5,9696.5,7271.5,4000.0,3000.0,2000.0,-6.83333333333394,-0.6666666666660603,0.5,0.0,900.0,900.0,0.0,1.3549999999999616,0.8550000000000006,4857.0,0
2.255,12134.0,9702.0,7275.0,12130.5,9699.5,7273.5,4000.0,3000.0,2000.0,-7.5,-1.0,0.5,0.0,900.0,900.0,0.0,1.3559999999999615,0.8560000000000006,4859.0,0
2.2560000000000002,12138.0,9705.0,7278.0,12134.5,9702.5,7275.5,4000.0,3000.0,3000.0,-8.16666666666606,-1.3333333333339397,0.5,0.0,900.0,900.0,0.0,1.3569999999999613,0.8570000000000007,4860.0,0
2.257,12142.0,9708.0,7280.0,12138.5,9705.5,7278.5,4000.0,3000.0,2000.0,-7.16666666666606,-0.33333333333393966,0.5,0.0,900.0,900.0,0.0,1.3579999999999612,0.8580000000000007,4862.0,0
2.258,12145.0,9711.0,7282.0,12142.5,9708.5,7280.5,3000.0,3000.0,2000.0,-7.83333333333394,-0.6666666666660603,0.5,0.0,900.0,900.0,0.0,1.3589999999999611,0.8590000000000007,4863.0,0
2.259,12149.0,9714.0,7285.0,12145.5,9711.5,7282.5,4000.0,3000.0,3000.0,-7.5,-1.0,0.5,0.0,900.0,900.0,0.0,1.359999999999961,0.8600000000000007,4864.0,0
2.2600000000000002,12153.0,9718.0,7287.0,12149.5,9714.5,7285.5,4000.0,4000.0,2000.0,-6.5,0.0,0.5,0.0,900.0,900.0,0.0,1.360999999999961,0.8610000000000007,4866.0,0
2.261,12157.0,9721.0,7289.0,12153.5,9718.5,7287.5,4000.0,3000.0,2000.0,-7.16666666666606,-1.3333333333339397,0.5,0.0,900.0,900.0,0.0,1.3619999999999608,0.8620000000000007,4868.0,0
2.262,12161.0,9724.0,7292.0,12157.5,9721.5,7289.5,4000.0,3000.0,3000.0,-7.83333333333394,-1.6666666666660603,0.5,0.0,900.0,900.0,0.0,1.3629999999999607,0.8630000000000007,4869.0,0
2.263,12165.0,9727.0,7294.0,12161.5,9724.5,7292.5,4000.0,3000.0,2000.0,-6.83333333333394,-0.6666666666660603,0.5,0.0,900.0,900.0,0.0,1.3639999999999606,0.8640000000000007,4871.0,0
2.2640000000000002,12169.0,9730.0,7296.0,12165.5,9727.5,7294.5,4000.0,3000.0,2000.0,-7.5,-1.0,0.5,0.0,900.0,900.0,0.0,1.3649999999999605,0.8650000000000007,4873.0,0
2.265,12173.0,9733.0,7299.0,12169.5,9730.5,7296.5,4000.0,3000.0,3000.0,-8.16666666666606,-1.3333333333339397,0.5,0.0,900.0,900.0,0.0,1.3659999999999604,0.8660000000000007,4874.0,0
2.266,12177.0,9736.0,7301.0,12173.5,9733.5,7299.5,4000.0,3000.0,2000.0,-7.16666666666606,-0.33333333333393966,0.5,0.0,900.0,900.0,0.0,1.3669999999999602,0.8670000000000007,4876.0,0
2.267,12180.0,9739.0,7303.0,12177.5,9736.5,7301.5,3000.0,3000.0,2000.0,-7.83333333333394,-0.6666666666660603,0.5,0.0,900.0,900.0,0.0,1.3679999999999601,0.8680000000000007,4877.0,0
2.2680000000000002,12184.0,9742.0,7306.0,12180.5,9739.5,7303.5,4000.0,3000.0,3000.0,-7.5,-1.0,0.5,0.0,900.0,900.0,0.0,1.36899999999996,0.8690000000000007,4878.0,0
2.269,12188.0,9746.0,7308.0,12184.5,9742.5,7306.5,4000.0,4000.0,2000.0,-6.5,0.0,0.5,0.0,900.0,900.0,0.0,1.36999999999996,0.8700000000000007,4880.0,0
2.27,12192.0,9749.0,7310.0,12188.5,9746.5,7308.5,4000.0,3000.0,2000.0,-7.16666666666606,-1.3333333333339397,0.5,0.0,900.0,900.0,0.0,1.3709999999999598,0.8710000000000007,4882.0,0
2.271,12196.0,9752.0,7313.0,12192.5,9749.5,7310.5,4000.0,3000.0,3000.0,-7.83333333333394,-1.6666666666660603,0.5,0.0,900.0,900.0,0.0,1.3719999999999597,0.8720000000000007,4883.0,0
2.2720000000000002,12200.0,9755.0,7315.0,12196.5,9752.5,7313.5,4000.0,3000.0,2000.0,-6.83333333333394,-0.6666666666660603,0.5,0.0,900.0,900.0,0.0,1.3729999999999596,0.8730000000000007,4885.0,0
2.273,12204.0,9758.0,7317.0,12200.5,9755.5,7315.5,4000.0,3000.0,2000.0,-7.5,-1.0,0.5,0.0,900.0,900.0,0.0,1.3739999999999595,0.8740000000000007,4887.0,0
2.274,12208.0,9761.0,7320.0,12204.5,9758.5,7317.5,4000.0,3000.0,3000.0,-8.16666666666606,-1.3333333333339397,0.5,0.0,900.0,900.0,0.0,1.3749999999999594,0.8750000000000007,4888.0,0
2.275,12212.0,9764.0,7322.0,12208.5,9761.5,7320.5,4000.0,3000.0,2000.0,-7.16666666666606,-0.33333333333393966,0.5,0.0,900.0,900.0,0.0,1.3759999999999593,0.8760000000000007,4890.0,0
2.2760000000000002,12216.0,9767.0,7324.0,12212.5,9764.5,7322.5,4000.0,3000.0,2000.0,-7.83333333333394,-0.6666666666660603,0.5,0.0,900.0,900.0,0.0,1.3769999999999591,0.8770000000000007,4892.0,0
2.277,12219.0,9770.0,7327.0,12216.5,9767.5,7324.5,3000.0,3000.0,3000.0,-8.5,-1.0,0.5,0.0,900.0,900.0,0.0,1.377999999999959,0.8780000000000007,4892.0,0
2.278,12223.0,9774.0,7329.0,12219.5,9770.5,7327.5,4000.0,4000.0,2000.0,-6.5,0.0,0.5,0.0,900.0,900.0,0.0,1.378999999999959,0.8790000000000007,4894.0,0
2.279,12227.0,9777.0,7331.0,12223.5,9774.5,7329.5,4000.0,3000.0,2000.0,-7.16666666666606,-1.3333333333339397,0.5,0.0,900.0,900.0,0.0,1.3799999999999588,0.8800000000000007,4896.0,0
2.2800000000000002,12231.0,9780.0,7334.0,12227.5,9777.5,7331.5,4000.0,3000.0,3000.0,-7.83333333333394,-1.6666666666660603,0.5,0.0,900.0,900.0,0.0,1.3809999999999587,0.8810000000000007,4897.0,0
2.281,12235.0,9783.0,7336.0,12231.5,9780.5,7334.5,4000.0,3000.0,2000.0,-6.83333333333394,-0.6666666666660603,0.5,0.0,900.0,900.0,0.0,1.3819999999999586,0.8820000000000007,4899.0,0
2.282,12239.0,9786.0,7338.0,12235.5,9783.5,7336.5,4000.0,3000.0,2000.0,-7.5,-1.0,0.5,0.0,900.0,900.0,0.0,1.3829999999999585,0.8830000000000007,4901.0,0
2.283,12243.0,9789.0,7341.0,12239.5,9786.5,7338.5,4000.0,3000.0,3000.0,-8.16666666666606,-1.3333333333339397,0.5,0.0,900.0,900.0,0.0,1.3839999999999584,0.8840000000000007,4902.0,0
2.2840000000000003,12247.0,9792.0,7343.0,12243.5,9789.5,7341.5,4000.0,3000.0,2000.0,-7.16666666666606,-0.33333333333393966,0.5,0.0,900.0,900.0,0.0,1.3849999999999583,0.8850000000000007,4904.0,0
2.285,12251.0,9795.0,7345.0,12247.5,9792.5,7343.5,4000.0,3000.0,2000.0,-7.83333333333394,-0.6666666666660603,0.5,0.0,900.0,900.0,0.0,1.3859999999999582,0.8860000000000007,4906.0,0
2.286,12254.0,9798.0,7348.0,12251.5,9795.5,7345.5,3000.0,3000.0,3000.0,-8.5,-1.0,0.5,0.0,900.0,900.0,0.0,1.386999999999958,0.8870000000000007,4906.0,0
2.287,12258.0,9802.0,7350.0,12254.5,9798.5,7348.5,4000.0,4000.0,2000.0,-6.5,0.0,0.5,0.0,900.0,900.0,0.0,1.387999999999958,0.8880000000000007,4908.0,0
2.2880000000000003,12262.0,9805.0,7352.0,12258.5,9802.5,7350.5,4000.0,3000.0,2000.0,-7.16666666666606,-1.3333333333339397,0.5,0.0,900.0,900.0,0.0,1.3889999999999578,0.8890000000000007,4910.0,0
2.289,12266.0,9808.0,7355.0,12262.5,9805.5,7352.5,4000.0,3000.0,3000.0,-7.83333333333394,-1.6666666666660603,0.5,0.0,900.0,900.0,0.0,1.3899999999999577,0.8900000000000007,4911.0,0
2.29,12270.0,9811.0,7357.0,12266.5,9808.5,7355.5,4000.0,3000.0,2000.0,-6.83333333333394,-0.6666666666660603,0.5,0.0,900.0,900.0,0.0,1.3909999999999576,0.8910000000000007,4913.0,0
2.291,12274.0,9814.0,7360.0,12270.5,9811.5,7357.5,4000.0,3000.0,3000.0,-7.5,-1.0,0.5,0.0,900.0,900.0,0.0,1.3919999999999575,0.8920000000000007,4914.0,0
2.2920000000000003,12278.0,9817.0,7362.0,12274.5,9814.5,7360.5,4000.0,3000.0,2000.0,-6.5,0.0,0.5,0.0,900.0,900.0,0.0,1.3929999999999574,0.8930000000000007,4916.0,0
2.293,12282.0,9820.0,7364.0,12278.5,9817.5,7362.5,4000.0,3000.0,2000.0,-7.16666666666606,-0.33333333333393966,0.5,0.0,900.0,900.0,0.0,1.3939999999999573,0.8940000000000007,4918.0,0
2.294,12286.0,9823.0,7367.0,12282.5,9820.5,7364.5,4000.0,3000.0,3000.0,-7.83333333333394,-0.6666666666660603,0.5,0.0,900.0,900.0,0.0,1.3949999999999572,0.8950000000000007,4919.0,0
2.295,12289.0,9826.0,7369.0,12286.5,9823.5,7367.5,3000.0,3000.0,2000.0,-6.83333333333394,0.33333333333393966,0.5,0.0,900.0,900.0,0.0,1.395999999999957,0.8960000000000007,4920.0,0
2.2960000000000003,12293.0,9830.0,7371.0,12289.5,9826.5,7369.5,4000.0,4000.0,2000.0,-6.5,0.0,0.5,0.0,900.0,900.0,0.0,1.396999999999957,0.8970000000000007,4922.0,0
2.297,12297.0,9833.0,7374.0,12293.5,9830.5,7371.5,4000.0,3000.0,3000.0,-7.16666666666606,-1.3333333333339397,0.5,0.0,900.0,900.0,0.0,1.3979999999999568,0.8980000000000007,4923.0,0
2.298,12301.0,9836.0,7376.0,12297.5,9833.5,7374.5,4000.0,3000.0,2000.0,-6.16666666666606,-0.33333333333393966,0.5,0.0,900.0,900.0,0.0,1.3989999999999567,0.8990000000000007,4925.0,0
2.299,12305.0,9839.0,7378.0,12301.5,9836.5,7376.5,4000.0,3000.0,2000.0,-6.83333333333394,-0.6666666666660603,0.5,0.0,900.0,900.0,0.0,1.3999999999999566,0.9000000000000007,4927.0,0
2.3000000000000003,12309.0,9842.0,7381.0,12305.5,9839.5,7378.5,4000.0,3000.0,3000.0,-7.5,-1.0,0.5,0.0,900.0,900.0,0.0,1.4009999999999565,0.9010000000000007,4928.0,0
2.301,12313.0,9845.0,7383.0,12309.5,9842.5,7381.5,4000.0,3000.0,2000.0,-6.5,0.0,0.5,0.0,900.0,900.0,0.0,1.4019999999999564,0.9020000000000007,4930.0,0
2.302,12317.0,9848.0,7385.0,12313.5,9845.5,7383.5,4000.0,3000.0,2000.0,-7.16666666666606,-0.33333333333393966,0.5,0.0,900.0,900.0,0.0,1.4029999999999563,0.9030000000000007,4932.0,0
2.303,12321.0,9851.0,7388.0,12317.5,9848.5,7385.5,4000.0,3000.0,3000.0,-7.83333333333394,-0.6666666666660603,0.5,0.0,900.0,900.0,0.0,1.4039999999999562,0.9040000000000007,4933.0,0
2.3040000000000003,12325.0,9854.0,7390.0,12321.5,9851.5,7388.5,4000.0,3000.0,2000.0,-6.83333333333394,0.33333333333393966,0.5,0.0,900.0,900.0,0.0,1.404999999999956,0.9050000000000007,4935.0,0
2.305,12328.0,9857.0,7392.0,12325.5,9854.5,7390.5,3000.0,3000.0,2000.0,-7.5,0.0,0.5,0.0,900.0,900.0,0.0,1.405999999999956,0.9060000000000007,4936.0,0
2.306,12332.0,9861.0,7395.0,12328.5,9857.5,7392.5,4000.0,4000.0,3000.0,-7.16666666666606,-0.33333333333393966,0.5,0.0,900.0,900.0,0.0,1.4069999999999558,0.9070000000000007,4937.0,0
2.307,12336.0,9864.0,7397.0,12332.5,9861.5,7395.5,4000.0,3000.0,2000.0,-6.16666666666606,-0.33333333333393966,0.5,0.0,900.0,900.0,0.0,1.4079999999999557,0.9080000000000007,4939.0,0
2.308,12340.0,9867.0,7399.0,12336.5,9864.5,7397.5,4000.0,3000.0,2000.0,-6.83333333333394,-0.6666666666660603,0.5,0.0,900.0,900.0,0.0,1.4089999999999556,0.9090000000000007,4941.0,0
2.309,12344.0,9870.0,7402.0,12340.5,9867.5,7399.5,4000.0,3000.0,3000.0,-7.5,-1.0,0.5,0.0,900.0,900.0,0.0,1.4099999999999555,0.9100000000000007,4942.0,0
2.31,12348.0,9873.0,7404.0,12344.5,9870.5,7402.5,4000.0,3000.0,2000.0,-6.5,0.0,0.5,0.0,900.0,900.0,0.0,1.4109999999999554,0.9110000000000007,4944.0,0
2.311,12352.0,9876.0,7406.0,12348.5,9873.5,7404.5,4000.0,3000.0,2000.0,-7.16666666666606,-0.33333333333393966,0.5,0.0,900.0,900.0,0.0,1.4119999999999553,0.9120000000000007,4946.0,0
2.312,12356.0,9879.0,7409.0,12352.5,9876.5,7406.5,4000.0,3000.0,3000.0,-7.83333333333394,-0.6666666666660603,0.5,0.0,900.0,900.0,0.0,1.4129999999999552,0.9130000000000007,4947.0,0
2.313,12360.0,9882.0,7411.0,12356.5,9879.5,7409.5,4000.0,3000.0,2000.0,-6.83333333333394,0.33333333333393966,0.5,0.0,900.0,900.0,0.0,1.413999999999955,0.9140000000000007,4949.0,0
2.314,12363.0,9885.0,7413.0,12360.5,9882.5,7411.5,3000.0,3000.0,2000.0,-7.5,0.0,0.5,0.0,900.0,900.0,0.0,1.414999999999955,0.9150000000000007,4950.0,0
2.315,12367.0,9889.0,7416.0,12363.5,9885.5,7413.5,4000.0,4000.0,3000.0,-7.16666666666606,-0.33333333333393966,0.5,0.0,900.0,900.0,0.0,1.4159999999999549,0.9160000000000007,4951.0,0
2.316,12371.0,9892.0,7418.0,12367.5,9889.5,7416.5,4000.0,3000.0,2000.0,-6.16666666666606,-0.33333333333393966,0.5,0.0,900.0,900.0,0.0,1.4169999999999547,0.9170000000000007,4953.0,0
2.317,12375.0,9895.0,7420.0,12371.5,9892.5,7418.5,4000.0,3000.0,2000.0,-6.83333333333394,-0.6666666666660603,0.5,0.0,900.0,900.0,0.0,1.4179999999999546,0.9180000000000007,4955.0,0
2.318,12379.0,9898.0,7423.0,12375.5,9895.5,7420.5,4000.0,3000.0,3000.0,-7.5,-1.0,0.5,0.0,900.0,900.0,0.0,1.4189999999999545,0.9190000000000007,4956.0,0
2.319,12383.0,9901.0,7425.0,12379.5,9898.5,7423.5,4000.0,3000.0,2000.0,-6.5,0.0,0.5,0.0,900.0,900.0,0.0,1.4199999999999544,0.9200000000000007,4958.0,0
2.32,12387.0,9904.0,7427.0,12383.5,9901.5,7425.5,4000.0,3000.0,2000.0,-7.16666666666606,-0.33333333333393966,0.5,0.0,900.0,900.0,0.0,1.4209999999999543,0.9210000000000007,4960.0,0
2.321,12391.0,9907.0,7430.0,12387.5,9904.5,7427.5,4000.0,3000.0,3000.0,-7.83333333333394,-0.6666666666660603,0.5,0.0,900.0,900.0,0.0,1.4219999999999542,0.9220000000000007,4961.0,0
2.322,12395.0,9910.0,7432.0,12391.5,9907.5,7430.5,4000.0,3000.0,2000.0,-6.83333333333394,0.33333333333393966,0.5,0.0,900.0,900.0,0.0,1.422999999999954,0.9230000000000007,4963.0,0
2.323,12399.0,9913.0,7434.0,12395.5,9910.5,7432.5,4000.0,3000.0,2000.0,-7.5,0.0,0.5,0.0,900.0,900.0,0.0,1.423999999999954,0.9240000000000007,4965.0,0
2.324,12402.0,9917.0,7437.0,12399.5,9913.5,7434.5,3000.0,4000.0,3000.0,-8.16666666666606,-0.33333333333393966,0.5,0.0,900.0,900.0,0.0,1.4249999999999539,0.9250000000000007,4965.0,0
2.325,12406.0,9920.0,7439.0,12402.5,9917.5,7437.5,4000.0,3000.0,2000.0,-6.16666666666606,-0.33333333333393966,0.5,0.0,900.0,900.0,0.0,1.4259999999999537,0.9260000000000007,4967.0,0
2.326,12410.0,9923.0,7441.0,12406.5,9920.5,7439.5,4000.0,3000.0,2000.0,-6.83333333333394,-0.6666666666660603,0.5,0.0,900.0,900.0,0.0,1.4269999999999536,0.9270000000000007,4969.0,0
2.327,12414.0,9926.0,7444.0,12410.5,9923.5,7441.5,4000.0,3000.0,3000.0,-7.5,-1.0,0.5,0.0,900.0,900.0,0.0,1.4279999999999535,0.9280000000000007,4970.0,0
2.328,12418.0,9929.0,7446.0,12414.5,9926.5,7444.5,4000.0,3000.0,2000.0,-6.5,0.0,0.5,0.0,900.0,900.0,0.0,1.4289999999999534,0.9290000000000007,4972.0,0
2.329,12422.0,9932.0,7448.0,12418.5,9929.5,7446.5,4000.0,3000.0,2000.0,-7.16666666666606,-0.33333333333393966,0.5,0.0,900.0,900.0,0.0,1.4299999999999533,0.9300000000000007,4974.0,0
2.33,12426.0,9935.0,7451.0,12422.5,9932.5,7448.5,4000.0,3000.0,3000.0,-7.83333333333394,-0.6666666666660603,0.5,0.0,900.0,900.0,0.0,1.4309999999999532,0.9310000000000007,4975.0,0
2.331,12430.0,9938.0,7453.0,12426.5,9935.5,7451.5,4000.0,3000.0,2000.0,-6.83333333333394,0.33333333333393966,0.5,0.0,900.0,900.0,0.0,1.431999999999953,0.9320000000000007,4977.0,0
2.332,12434.0,9941.0,7455.0,12430.5,9938.5,7453.5,4000.0,3000.0,2000.0,-7.5,0.0,0.5,0.0,900.0,900.0,0.0,1.432999999999953,0.9330000000000007,4979.0,0
2.333,12437.0,9945.0,7458.0,12434.5,9941.5,7455.5,3000.0,4000.0,3000.0,-8.16666666666606,-0.33333333333393966,0.5,0.0,900.0,900.0,0.0,1.4339999999999529,0.9340000000000007,4979.0,0
2.334,12441.0,9948.0,7460.0,12437.5,9945.5,7458.5,4000.0,3000.0,2000.0,-6.16666666666606,-0.33333333333393966,0.5,0.0,900.0,900.0,0.0,1.4349999999999528,0.9350000000000007,4981.0,0
2.335,12445.0,9951.0,7462.0,12441.5,9948.5,7460.5,4000.0,3000.0,2000.0,-6.83333333333394,-0.6666666666660603,0.5,0.0,900.0,900.0,0.0,1.4359999999999526,0.9360000000000007,4983.0,0
2.336,12449.0,9954.0,7465.0,12445.5,9951.5,7462.5,4000.0,3000.0,3000.0,-7.5,-1.0,0.5,0.0,900.0,900.0,0.0,1.4369999999999525,0.9370000000000007,4984.0,0
2.337,12453.0,9957.0,7467.0,12449.5,9954.5,7465.5,4000.0,3000.0,2000.0,-6.5,0.0,0.5,0.0,900.0,900.0,0.0,1.4379999999999524,0.9380000000000007,4986.0,0
2.338,12457.0,9960.0,7469.0,12453.5,9957.5,7467.5,4000.0,3000.0,2000.0,-7.16666666666606,-0.33333333333393966,0.5,0.0,900.0,900.0,0.0,1.4389999999999523,0.9390000000000007,4988.0,0
2.339,12461.0,9963.0,7472.0,12457.5,9960.5,7469.5,4000.0,3000.0,3000.0,-7.83333333333394,-0.6666666666660603,0.5,0.0,900.0,900.0,0.0,1.4399999999999522,0.9400000000000007,4989.0,0
2.34,12465.0,9966.0,7474.0,12461.5,9963.5,7472.5,4000.0,3000.0,2000.0,-6.83333333333394,0.33333333333393966,0.5,0.0,900.0,900.0,0.0,1.440999999999952,0.9410000000000007,4991.0,0
2.341,12469.0,9969.0,7477.0,12465.5,9966.5,7474.5,4000.0,3000.0,3000.0,-7.5,0.0,0.5,0.0,900.0,900.0,0.0,1.441999999999952,0.9420000000000007,4992.0,0
2.342,12473.0,9973.0,7479.0,12469.5,9969.5,7477.5,4000.0,4000.0,2000.0,-7.125,0.5,0.125,0.0,900.0,900.0,0.0,1.4429999999999519,0.9430000000000007,4994.0,0
2.343,12476.0,9976.0,7481.0,12473.5,9973.5,7479.5,3000.0,3000.0,2000.0,-7.16666666666606,-0.33333333333393966,0.5,0.0,900.0,900.0,0.0,1.4439999999999518,0.9440000000000007,4995.0,0
2.344,12480.0,9979.0,7484.0,12476.5,9976.5,7481.5,4000.0,3000.0,3000.0,-6.83333333333394,-0.6666666666660603,0.5,0.0,900.0,900.0,0.0,1.4449999999999517,0.9450000000000007,4996.0,0
2.345,12484.0,9982.0,7486.0,12480.5,9979.5,7484.5,4000.0,3000.0,2000.0,-5.83333333333394,0.33333333333393966,0.5,0.0,900.0,900.0,0.0,1.4459999999999515,0.9460000000000007,4998.0,0
2.346,12488.0,9985.0,7488.0,12484.5,9982.5,7486.5,4000.0,3000.0,2000.0,-6.5,0.0,0.5,0.0,900.0,900.0,0.0,1.4469999999999514,0.9470000000000007,5000.0,0
2.347,12492.0,9988.0,7491.0,12488.5,9985.5,7488.5,4000.0,3000.0,3000.0,-7.16666666666606,-0.33333333333393966,0.5,0.0,900.0,900.0,0.0,1.4479999999999513,0.9480000000000007,5001.0,0
2.348,12496.0,9991.0,7493.0,12492.5,9988.5,7491.5,4000.0,3000.0,2000.0,-6.375,0.5,0.375,0.0,900.0,900.0,0.0,1.4489999999999512,0.9490000000000007,5003.0,0
2.349,12500.0,9994.0,7495.0,12496.5,9991.5,7493.5,4000.0,3000.0,2000.0,-6.83333333333394,0.33333333333393966,0.5,0.0,900.0,900.0,0.0,1.449999999999951,0.9500000000000007,5005.0,0
2.35,12504.0,9997.0,7498.0,12500.5,9994.5,7495.5,4000.0,3000.0,3000.0,-7.5,0.0,0.5,0.0,900.0,900.0,0.0,1.450999999999951,0.9510000000000007,5006.0,0
2.351,12508.0,10001.0,7500.0,12504.5,9997.5,7498.5,4000.0,4000.0,2000.0,-7.125,0.5,0.125,0.0,900.0,900.0,0.0,1.4519999999999509,0.9520000000000007,5008.0,0
2.352,12511.0,10004.0,7502.0,12508.5,10001.5,7500.5,3000.0,3000.0,2000.0,-7.16666666666606,-0.33333333333393966,0.5,0.0,900.0,900.0,0.0,1.4529999999999508,0.9530000000000007,5009.0,0
2.353,12515.0,10007.0,7505.0,12511.5,10004.5,7502.5,4000.0,3000.0,3000.0,-6.83333333333394,-0.6666666666660603,0.5,0.0,900.0,900.0,0.0,1.4539999999999507,0.9540000000000007,5010.0,0
2.354,12519.0,10010.0,7507.0,12515.5,10007.5,7505.5,4000.0,3000.0,2000.0,-5.83333333333394,0.33333333333393966,0.5,0.0,900.0,900.0,0.0,1.4549999999999506,0.9550000000000007,5012.0,0
2.355,12523.0,10013.0,7509.0,12519.5,10010.5,7507.5,4000.0,3000.0,2000.0,-6.5,0.0,0.5,0.0,900.0,900.0,0.0,1.4559999999999504,0.9560000000000007,5014.0,0
2.356,12527.0,10016.0,7512.0,12523.5,10013.5,7509.5,4000.0,3000.0,3000.0,-7.16666666666606,-0.33333333333393966,0.5,0.0,900.0,900.0,0.0,1.4569999999999503,0.9570000000000007,5015.0,0
2.357,12531.0,10019.0,7514.0,12527.5,10016.5,7512.5,4000.0,3000.0,2000.0,-6.375,0.5,0.375,0.0,900.0,900.0,0.0,1.4579999999999502,0.9580000000000007,5017.0,0
2.358,12535.0,10022.0,7516.0,12531.5,10019.5,7514.5,4000.0,3000.0,2000.0,-6.83333333333394,0.33333333333393966,0.5,0.0,900.0,900.0,0.0,1.4589999999999501,0.9590000000000007,5019.0,0
2.359,12539.0,10025.0,7519.0,12535.5,10022.5,7516.5,4000.0,3000.0,3000.0,-7.5,0.0,0.5,0.0,900.0,900.0,0.0,1.45999999999995,0.9600000000000007,5020.0,0
2.36,12543.0,10029.0,7521.0,12539.5,10025.5,7519.5,4000.0,4000.0,2000.0,-7.125,0.5,0.125,0.0,900.0,900.0,0.0,1.46099999999995,0.9610000000000007,5022.0,0
2.361,12546.0,10032.0,7523.0,12543.5,10029.5,7521.5,3000.0,3000.0,2000.0,-7.16666666666606,-0.33333333333393966,0.5,0.0,900.0,900.0,0.0,1.4619999999999498,0.9620000000000007,5023.0,0
2.362,12550.0,10035.0,7526.0,12546.5,10032.5,7523.5,4000.0,3000.0,3000.0,-6.83333333333394,-0.6666666666660603,0.5,0.0,900.0,900.0,0.0,1.4629999999999497,0.9630000000000007,5024.0,0
2.363,12554.0,10038.0,7528.0,12550.5,10035.5,7526.5,4000.0,3000.0,2000.0,-5.83333333333394,0.33333333333393966,0.5,0.0,900.0,900.0,0.0,1.4639999999999496,0.9640000000000007,5026.0,0
2.364,12558.0,10041.0,7530.0,12554.5,10038.5,7528.5,4000.0,3000.0,2000.0,-6.5,0.0,0.5,0.0,900.0,900.0,0.0,1.4649999999999495,0.9650000000000007,5028.0,0
2.365,12562.0,10044.0,7533.0,12558.5,10041.5,7530.5,4000.0,3000.0,3000.0,-7.16666666666606,-0.33333333333393966,0.5,0.0,900.0,900.0,0.0,1.4659999999999493,0.9660000000000007,5029.0,0
2.366,12566.0,10047.0,7535.0,12562.5,10044.5,7533.5,4000.0,3000.0,2000.0,-6.375,0.5,0.375,0.0,900.0,900.0,0.0,1.4669999999999492,0.9670000000000007,5031.0,0
2.367,12570.0,10050.0,7537.0,12566.5,10047.5,7535.5,4000.0,3000.0,2000.0,-6.83333333333394,0.33333333333393966,0.5,0.0,900.0,900.0,0.0,1.4679999999999491,0.9680000000000007,5033.0,0
2.368,12574.0,10053.0,7540.0,12570.5,10050.5,7537.5,4000.0,3000.0,3000.0,-7.5,0.0,0.5,0.0,900.0,900.0,0.0,1.468999999999949,0.9690000000000007,5034.0,0
2.369,12578.0,10057.0,7542.0,12574.5,10053.5,7540.5,4000.0,4000.0,2000.0,-7.125,0.5,0.125,0.0,900.0,900.0,0.0,1.469999999999949,0.9700000000000008,5036.0,0
2.37,12582.0,10060.0,7544.0,12578.5,10057.5,7542.5,4000.0,3000.0,2000.0,-7.16666666666606,-0.33333333333393966,0.5,0.0,900.0,900.0,0.0,1.4709999999999488,0.9710000000000008,5038.0,0
2.371,12585.0,10063.0,7547.0,12582.5,10060.5,7544.5,3000.0,3000.0,3000.0,-7.83333333333394,-0.6666666666660603,0.5,0.0,900.0,900.0,0.0,1.4719999999999487,0.9720000000000008,5038.0,0
2.372,12589.0,10066.0,7549.0,12585.5,10063.5,7547.5,4000.0,3000.0,2000.0,-5.83333333333394,0.33333333333393966,0.5,0.0,900.0,900.0,0.0,1.4729999999999486,0.9730000000000008,5040.0,0
2.373,12593.0,10069.0,7551.0,12589.5,10066.5,7549.5,4000.0,3000.0,2000.0,-6.5,0.0,0.5,0.0,900.0,900.0,0.0,1.4739999999999485,0.9740000000000008,5042.0,0
2.374,12597.0,10072.0,7554.0,12593.5,10069.5,7551.5,4000.0,3000.0,3000.0,-7.16666666666606,-0.33333333333393966,0.5,0.0,900.0,900.0,0.0,1.4749999999999484,0.9750000000000008,5043.0,0
2.375,12601.0,10075.0,7556.0,12597.5,10072.5,7554.5,4000.0,3000.0,2000.0,-6.375,0.5,0.375,0.0,900.0,900.0,0.0,1.4759999999999482,0.9760000000000008,5045.0,0
2.376,12605.0,10078.0,7558.0,12601.5,10075.5,7556.5,4000.0,3000.0,2000.0,-6.83333333333394,0.33333333333393966,0.5,0.0,900.0,900.0,0.0,1.4769999999999481,0.9770000000000008,5047.0,0
2.3770000000000002,12609.0,10081.0,7561.0,12605.5,10078.5,7558.5,4000.0,3000.0,3000.0,-7.5,0.0,0.5,0.0,900.0,900.0,0.0,1.477999999999948,0.9780000000000008,5048.0,0
2.378,12613.0,10085.0,7563.0,12609.5,10081.5,7561.5,4000.0,4000.0,2000.0,-7.125,0.5,0.125,0.0,900.0,900.0,0.0,1.478999999999948,0.9790000000000008,5050.0,0
2.379,12617.0,10088.0,7565.0,12613.5,10085.5,7563.5,4000.0,3000.0,2000.0,-7.16666666666606,-0.33333333333393966,0.5,0.0,900.0,900.0,0.0,1.4799999999999478,0.9800000000000008,5052.0,0
2.38,12620.0,10091.0,7568.0,12617.5,10088.5,7565.5,3000.0,3000.0,3000.0,-7.83333333333394,-0.6666666666660603,0.5,0.0,900.0,900.0,0.0,1.4809999999999477,0.9810000000000008,5052.0,0
2.3810000000000002,12624.0,10094.0,7570.0,12620.5,10091.5,7568.5,4000.0,3000.0,2000.0,-5.83333333333394,0.33333333333393966,0.5,0.0,900.0,900.0,0.0,1.4819999999999476,0.9820000000000008,5054.0,0
2.382,12628.0,10097.0,7572.0,12624.5,10094.5,7570.5,4000.0,3000.0,2000.0,-6.5,0.0,0.5,0.0,900.0,900.0,0.0,1.4829999999999475,0.9830000000000008,5056.0,0
2.383,12632.0,10100.0,7575.0,12628.5,10097.5,7572.5,4000.0,3000.0,3000.0,-7.16666666666606,-0.33333333333393966,0.5,0.0,900.0,900.0,0.0,1.4839999999999474,0.9840000000000008,5057.0,0
2.384,12636.0,10103.0,7577.0,12632.5,10100.5,7575.5,4000.0,3000.0,2000.0,-6.375,0.5,0.375,0.0,900.0,900.0,0.0,1.4849999999999473,0.9850000000000008,5059.0,0
2.3850000000000002,12640.0,10106.0,7579.0,12636.5,10103.5,7577.5,4000.0,3000.0,2000.0,-6.83333333333394,0.33333333333393966,0.5,0.0,900.0,900.0,0.0,1.4859999999999471,0.9860000000000008,5061.0,0
2.386,12644.0,10109.0,7582.0,12640.5,10106.5,7579.5,4000.0,3000.0,3000.0,-7.5,0.0,0.5,0.0,900.0,900.0,0.0,1.486999999999947,0.9870000000000008,5062.0,0
2.387,12648.0,10113.0,7584.0,12644.5,10109.5,7582.5,4000.0,4000.0,2000.0,-7.125,0.5,0.125,0.0,900.0,900.0,0.0,1.487999999999947,0.9880000000000008,5064.0,0
2.388,12652.0,10116.0,7586.0,12648.5,10113.5,7584.5,4000.0,3000.0,2000.0,-7.16666666666606,-0.33333333333393966,0.5,0.0,900.0,900.0,0.0,1.4889999999999468,0.9890000000000008,5066.0,0
2.3890000000000002,12656.0,10119.0,7589.0,12652.5,10116.5,7586.5,4000.0,3000.0,3000.0,-7.83333333333394,-0.6666666666660603,0.5,0.0,900.0,900.0,0.0,1.4899999999999467,0.9900000000000008,5067.0,0
2.39,12659.0,10122.0,7591.0,12656.5,10119.5,7589.5,3000.0,3000.0,2000.0,-6.83333333333394,0.33333333333393966,0.5,0.0,900.0,900.0,0.0,1.4909999999999466,0.9910000000000008,5068.0,0
2.391,12663.0,10125.0,7594.0,12659.5,10122.5,7591.5,4000.0,3000.0,3000.0,-6.5,0.0,0.5,0.0,900.0,900.0,0.0,1.4919999999999465,0.9920000000000008,5069.0,0
2.392,12667.0,10128.0,7596.0,12663.5,10125.5,7594.5,4000.0,3000.0,2000.0,-6.125,0.5,0.125,0.0,900.0,900.0,0.0,1.4929999999999464,0.9930000000000008,5071.0,0
2.3930000000000002,12671.0,10131.0,7598.0,12667.5,10128.5,7596.5,4000.0,3000.0,2000.0,-6.375,0.5,0.375,0.0,900.0,900.0,0.0,1.4939999999999463,0.9940000000000008,5073.0,0
2.394,12675.0,10134.0,7601.0,12671.5,10131.5,7598.5,4000.0,3000.0,3000.0,-6.83333333333394,0.33333333333393966,0.5,0.0,900.0,900.0,0.0,1.4949999999999461,0.9950000000000008,5074.0,0
2.395,12679.0,10137.0,7603.0,12675.5,10134.5,7601.5,4000.0,3000.0,2000.0,-6.875,0.5,-0.125,0.0,900.0,900.0,0.0,1.495999999999946,0.9960000000000008,5076.0,0
2.396,12683.0,10140.0,7605.0,12679.5,10137.5,7603.5,4000.0,3000.0,2000.0,-7.125,0.5,0.125,0.0,900.0,900.0,0.0,1.496999999999946,0.9970000000000008,5078.0,0
2.3970000000000002,12687.0,10144.0,7608.0,12683.5,10140.5,7605.5,4000.0,4000.0,3000.0,-7.375,0.5,0.375,0.0,900.0,900.0,0.0,1.4979999999999458,0.9980000000000008,5079.0,0
2.398,12691.0,10147.0,7610.0,12687.5,10144.5,7608.5,4000.0,3000.0,2000.0,-6.375,0.5,0.375,0.0,900.0,900.0,0.0,1.4989999999999457,0.9990000000000008,5081.0,0
2.399,12694.0,10150.0,7612.0,12691.5,10147.5,7610.5,3000.0,3000.0,2000.0,-6.83333333333394,0.33333333333393966,0.5,0.0,900.0,900.0,0.0,1.4999999999999456,1.0000000000000007,5082.0,0
2.4,12698.0,10153.0,7615.0,12694.5,10150.5,7612.5,4000.0,3000.0,3000.0,-6.5,0.0,0.5,0.0,900.0,900.0,0.0,1.5009999999999455,1.0010000000000006,5083.0,0
2.4010000000000002,12702.0,10156.0,7617.0,12698.5,10153.5,7615.5,4000.0,3000.0,2000.0,-6.125,0.5,0.125,0.0,900.0,900.0,0.0,1.5019999999999454,1.0020000000000004,5085.0,0
2.402,12706.0,10159.0,7619.0,12702.5,10156.5,7617.5,4000.0,3000.0,2000.0,-6.375,0.5,0.375,0.0,900.0,900.0,0.0,1.5029999999999453,1.0030000000000003,5087.0,0
2.403,12710.0,10162.0,7622.0,12706.5,10159.5,7619.5,4000.0,3000.0,3000.0,-6.83333333333394,0.33333333333393966,0.5,0.0,900.0,900.0,0.0,1.5039999999999452,1.0040000000000002,5088.0,0
2.404,12714.0,10165.0,7624.0,12710.5,10162.5,7622.5,4000.0,3000.0,2000.0,-6.875,0.5,-0.125,0.0,900.0,900.0,0.0,1.504999999999945,1.0050000000000001,5090.0,0
2.4050000000000002,12718.0,10168.0,7626.0,12714.5,10165.5,7624.5,4000.0,3000.0,2000.0,-7.125,0.5,0.125,0.0,900.0,900.0,0.0,1.505999999999945,1.006,5092.0,0
2.406,12722.0,10172.0,7629.0,12718.5,10168.5,7626.5,4000.0,4000.0,3000.0,-7.375,0.5,0.375,0.0,900.0,900.0,0.0,1.5069999999999448,1.007,5093.0,0
2.407,12726.0,10175.0,7631.0,12722.5,10172.5,7629.5,4000.0,3000.0,2000.0,-6.375,0.5,0.375,0.0,900.0,900.0,0.0,1.5079999999999447,1.0079999999999998,5095.0,0
2.408,12729.0,10178.0,7633.0,12726.5,10175.5,7631.5,3000.0,3000.0,2000.0,-6.83333333333394,0.33333333333393966,0.5,0.0,900.0,900.0,0.0,1.5089999999999446,1.0089999999999997,5096.0,0
2.4090000000000003,12733.0,10181.0,7636.0,12729.5,10178.5,7633.5,4000.0,3000.0,3000.0,-6.5,0.0,0.5,0.0,900.0,900.0,0.0,1.5099999999999445,1.0099999999999996,5097.0,0
2.41,12737.0,10184.0,7638.0,12733.5,10181.5,7636.5,4000.0,3000.0,2000.0,-6.125,0.5,0.125,0.0,900.0,900.0,0.0,1.5109999999999444,1.0109999999999995,5099.0,0
2.411,12741.0,10187.0,7640.0,12737.5,10184.5,7638.5,4000.0,3000.0,2000.0,-6.375,0.5,0.375,0.0,900.0,900.0,0.0,1.5119999999999443,1.0119999999999993,5101.0,0
2.412,12745.0,10190.0,7643.0,12741.5,10187.5,7640.5,4000.0,3000.0,3000.0,-6.83333333333394,0.33333333333393966,0.5,0.0,900.0,900.0,0.0,1.5129999999999442,1.0129999999999992,5102.0,0
2.4130000000000003,12749.0,10193.0,7645.0,12745.5,10190.5,7643.5,4000.0,3000.0,2000.0,-6.875,0.5,-0.125,0.0,900.0,900.0,0.0,1.513999999999944,1.0139999999999991,5104.0,0
2.414,12753.0,10196.0,7647.0,12749.5,10193.5,7645.5,4000.0,3000.0,2000.0,-7.125,0.5,0.125,0.0,900.0,900.0,0.0,1.514999999999944,1.014999999999999,5106.0,0
2.415,12757.0,10200.0,7650.0,12753.5,10196.5,7647.5,4000.0,4000.0,3000.0,-7.375,0.5,0.375,0.0,900.0,900.0,0.0,1.5159999999999438,1.015999999999999,5107.0,0
2.416,12761.0,10203.0,7652.0,12757.5,10200.5,7650.5,4000.0,3000.0,2000.0,-6.375,0.5,0.375,0.0,900.0,900.0,0.0,1.5169999999999437,1.0169999999999988,5109.0,0
2.4170000000000003,12765.0,10206.0,7654.0,12761.5,10203.5,7652.5,4000.0,3000.0,2000.0,-6.83333333333394,0.33333333333393966,0.5,0.0,900.0,900.0,0.0,1.5179999999999436,1.0179999999999987,5111.0,0
2.418,12768.0,10209.0,7657.0,12765.5,10206.5,7654.5,3000.0,3000.0,3000.0,-7.5,0.0,0.5,0.0,900.0,900.0,0.0,1.5189999999999435,1.0189999999999986,5111.0,0
2.419,12772.0,10212.0,7659.0,12768.5,10209.5,7657.5,4000.0,3000.0,2000.0,-6.125,0.5,0.125,0.0,900.0,900.0,0.0,1.5199999999999434,1.0199999999999985,5113.0,0
2.42,12776.0,10215.0,7661.0,12772.5,10212.5,7659.5,4000.0,3000.0,2000.0,-6.375,0.5,0.375,0.0,900.0,900.0,0.0,1.5209999999999433,1.0209999999999984,5115.0,0
2.4210000000000003,12780.0,10218.0,7664.0,12776.5,10215.5,7661.5,4000.0,3000.0,3000.0,-6.83333333333394,0.33333333333393966,0.5,0.0,900.0,900.0,0.0,1.5219999999999432,1.0219999999999982,5116.0,0
2.422,12784.0,10221.0,7666.0,12780.5,10218.5,7664.5,4000.0,3000.0,2000.0,-6.875,0.5,-0.125,0.0,900.0,900.0,0.0,1.522999999999943,1.0229999999999981,5118.0,0
2.423,12788.0,10224.0,7668.0,12784.5,10221.5,7666.5,4000.0,3000.0,2000.0,-7.125,0.5,0.125,0.0,900.0,900.0,0.0,1.523999999999943,1.023999999999998,5120.0,0
2.424,12792.0,10228.0,7671.0,12788.5,10224.5,7668.5,4000.0,4000.0,3000.0,-7.375,0.5,0.375,0.0,900.0,900.0,0.0,1.5249999999999428,1.024999999999998,5121.0,0
2.4250000000000003,12796.0,10231.0,7673.0,12792.5,10228.5,7671.5,4000.0,3000.0,2000.0,-6.375,0.5,0.375,0.0,900.0,900.0,0.0,1.5259999999999427,1.0259999999999978,5123.0,0
2.426,12800.0,10234.0,7675.0,12796.5,10231.5,7673.5,4000.0,3000.0,2000.0,-6.83333333333394,0.33333333333393966,0.5,0.0,900.0,900.0,0.0,1.5269999999999426,1.0269999999999977,5125.0,0
2.427,12803.0,10237.0,7678.0,12800.5,10234.5,7675.5,3000.0,3000.0,3000.0,-7.5,0.0,0.5,0.0,900.0,900.0,0.0,1.5279999999999425,1.0279999999999976,5125.0,0
2.428,12807.0,10240.0,7680.0,12803.5,10237.5,7678.5,4000.0,3000.0,2000.0,-6.125,0.5,0.125,0.0,900.0,900.0,0.0,1.5289999999999424,1.0289999999999975,5127.0,0
2.4290000000000003,12811.0,10243.0,7682.0,12807.5,10240.5,7680.5,4000.0,3000.0,2000.0,-6.375,0.5,0.375,0.0,900.0,900.0,0.0,1.5299999999999423,1.0299999999999974,5129.0,0
2.43,12815.0,10246.0,7685.0,12811.5,10243.5,7682.5,4000.0,3000.0,3000.0,-6.83333333333394,0.33333333333393966,0.5,0.0,900.0,900.0,0.0,1.5309999999999422,1.0309999999999973,5130.0,0
2.431,12819.0,10249.0,7687.0,12815.5,10246.5,7685.5,4000.0,3000.0,2000.0,-6.875,0.5,-0.125,0.0,900.0,900.0,0.0,1.531999999999942,1.0319999999999971,5132.0,0
2.432,12823.0,10252.0,7689.0,12819.5,10249.5,7687.5,4000.0,3000.0,2000.0,-7.125,0.5,0.125,0.0,900.0,900.0,0.0,1.532999999999942,1.032999999999997,5134.0,0
2.433,12827.0,10256.0,7692.0,12823.5,10252.5,7689.5,4000.0,4000.0,3000.0,-7.375,0.5,0.375,0.0,900.0,900.0,0.0,1.5339999999999419,1.033999999999997,5135.0,0
2.434,12831.0,10259.0,7694.0,12827.5,10256.5,7692.5,4000.0,3000.0,2000.0,-6.375,0.5,0.375,0.0,900.0,900.0,0.0,1.5349999999999417,1.0349999999999968,5137.0,0
2.435,12835.0,10262.0,7696.0,12831.5,10259.5,7694.5,4000.0,3000.0,2000.0,-6.83333333333394,0.33333333333393966,0.5,0.0,900.0,900.0,0.0,1.5359999999999416,1.0359999999999967,5139.0,0
2.436,12839.0,10265.0,7699.0,12835.5,10262.5,7696.5,4000.0,3000.0,3000.0,-7.5,0.0,0.5,0.0,900.0,900.0,0.0,1.5369999999999415,1.0369999999999966,5140.0,0
2.437,12842.0,10268.0,7701.0,12839.5,10265.5,7699.5,3000.0,3000.0,2000.0,-7.125,0.5,0.125,0.0,900.0,900.0,0.0,1.5379999999999414,1.0379999999999965,5141.0,0
2.438,12846.0,10271.0,7703.0,12842.5,10268.5,7701.5,4000.0,3000.0,2000.0,-6.375,0.5,0.375,0.0,900.0,900.0,0.0,1.5389999999999413,1.0389999999999964,5143.0,0
2.439,12850.0,10274.0,7706.0,12846.5,10271.5,7703.5,4000.0,3000.0,3000.0,-6.83333333333394,0.33333333333393966,0.5,0.0,900.0,900.0,0.0,1.5399999999999412,1.0399999999999963,5144.0,0
2.44,12854.0,10277.0,7708.0,12850.5,10274.5,7706.5,4000.0,3000.0,2000.0,-6.875,0.5,-0.125,0.0,900.0,900.0,0.0,1.540999999999941,1.0409999999999962,5146.0,0
2.441,12858.0,10280.0,7710.0,12854.5,10277.5,7708.5,4000.0,3000.0,2000.0,-7.125,0.5,0.125,0.0,900.0,900.0,0.0,1.541999999999941,1.041999999999996,5148.0,0
2.442,12862.0,10284.0,7713.0,12858.5,10280.5,7710.5,4000.0,4000.0,3000.0,-7.375,0.5,0.375,0.0,900.0,900.0,0.0,1.5429999999999409,1.042999999999996,5149.0,0
2.443,12866.0,10287.0,7715.0,12862.5,10284.5,7713.5,4000.0,3000.0,2000.0,-6.375,0.5,0.375,0.0,900.0,900.0,0.0,1.5439999999999408,1.0439999999999958,5151.0,0
2.444,12870.0,10290.0,7718.0,12866.5,10287.5,7715.5,4000.0,3000.0,3000.0,-6.83333333333394,0.33333333333393966,0.5,0.0,900.0,900.0,0.0,1.5449999999999406,1.0449999999999957,5152.0,0
2.445,12874.0,10293.0,7720.0,12870.5,10290.5,7718.5,4000.0,3000.0,2000.0,-6.875,0.5,-0.125,0.0,900.0,900.0,0.0,1.5459999999999405,1.0459999999999956,5154.0,0
2.446,12877.0,10296.0,7722.0,12874.5,10293.5,7720.5,3000.0,3000.0,2000.0,-7.125,0.5,0.125,0.0,900.0,900.0,0.0,1.5469999999999404,1.0469999999999955,5155.0,0
2.447,12881.0,10299.0,7725.0,12877.5,10296.5,7722.5,4000.0,3000.0,3000.0,-6.375,0.5,0.375,0.0,900.0,900.0,0.0,1.5479999999999403,1.0479999999999954,5156.0,0
2.448,12885.0,10302.0,7727.0,12881.5,10299.5,7725.5,4000.0,3000.0,2000.0,-6.625,0.5,-0.375,0.0,900.0,900.0,0.0,1.5489999999999402,1.0489999999999953,5158.0,0
2.449,12889.0,10305.0,7729.0,12885.5,10302.5,7727.5,4000.0,3000.0,2000.0,-6.875,0.5,-0.125,0.0,900.0,900.0,0.0,1.54999999999994,1.0499999999999952,5160.0,0
2.45,12893.0,10308.0,7732.0,12889.5,10305.5,7729.5,4000.0,3000.0,3000.0,-7.125,0.5,0.125,0.0,900.0,900.0,0.0,1.55099999999994,1.050999999999995,5161.0,0
2.451,12897.0,10312.0,7734.0,12893.5,10308.5,7732.5,4000.0,4000.0,2000.0,-7.375,0.5,-0.625,0.0,900.0,900.0,0.0,1.5519999999999399,1.051999999999995,5163.0,0
2.452,12901.0,10315.0,7736.0,12897.5,10312.5,7734.5,4000.0,3000.0,2000.0,-6.375,0.5,0.375,0.0,900.0,900.0,0.0,1.5529999999999398,1.0529999999999948,5165.0,0
2.453,12905.0,10318.0,7739.0,12901.5,10315.5,7736.5,4000.0,3000.0,3000.0,-6.83333333333394,0.33333333333393966,0.5,0.0,900.0,900.0,0.0,1.5539999999999397,1.0539999999999947,5166.0,0
2.454,12909.0,10321.0,7741.0,12905.5,10318.5,7739.5,4000.0,3000.0,2000.0,-6.875,0.5,-0.125,0.0,900.0,900.0,0.0,1.5549999999999395,1.0549999999999946,5168.0,0
2.455,12913.0,10324.0,7743.0,12909.5,10321.5,7741.5,4000.0,3000.0,2000.0,-7.125,0.5,0.125,0.0,900.0,900.0,0.0,1.5559999999999394,1.0559999999999945,5170.0,0
2.456,12916.0,10327.0,7746.0,12913.5,10324.5,7743.5,3000.0,3000.0,3000.0,-7.375,0.5,0.375,0.0,900.0,900.0,0.0,1.5569999999999393,1.0569999999999944,5170.0,0
2.457,12920.0,10330.0,7748.0,12916.5,10327.5,7746.5,4000.0,3000.0,2000.0,-6.625,0.5,-0.375,0.0,900.0,900.0,0.0,1.5579999999999392,1.0579999999999943,5172.0,0
2.458,12924.0,10333.0,7750.0,12920.5,10330.5,7748.5,4000.0,3000.0,2000.0,-6.875,0.5,-0.125,0.0,900.0,900.0,0.0,1.558999999999939,1.0589999999999942,5174.0,0
2.459,12928.0,10336.0,7753.0,12924.5,10333.5,7750.5,4000.0,3000.0,3000.0,-7.125,0.5,0.125,0.0,900.0,900.0,0.0,1.559999999999939,1.059999999999994,5175.0,0
2.46,12932.0,10340.0,7755.0,12928.5,10336.5,7753.5,4000.0,4000.0,2000.0,-7.375,0.5,-0.625,0.0,900.0,900.0,0.0,1.5609999999999389,1.060999999999994,5177.0,0
2.461,12936.0,10343.0,7757.0,12932.5,10340.5,7755.5,4000.0,3000.0,2000.0,-6.375,0.5,0.375,0.0,900.0,900.0,0.0,1.5619999999999388,1.0619999999999938,5179.0,0
2.462,12940.0,10346.0,7760.0,12936.5,10343.5,7757.5,4000.0,3000.0,3000.0,-6.83333333333394,0.33333333333393966,0.5,0.0,900.0,900.0,0.0,1.5629999999999387,1.0629999999999937,5180.0,0
2.463,12944.0,10349.0,7762.0,12940.5,10346.5,7760.5,4000.0,3000.0,2000.0,-6.875,0.5,-0.125,0.0,900.0,900.0,0.0,1.5639999999999386,1.0639999999999936,5182.0,0
2.464,12948.0,10352.0,7764.0,12944.5,10349.5,7762.5,4000.0,3000.0,2000.0,-7.125,0.5,0.125,0.0,900.0,900.0,0.0,1.5649999999999384,1.0649999999999935,5184.0,0
2.465,12951.0,10355.0,7767.0,12948.5,10352.5,7764.5,3000.0,3000.0,3000.0,-7.375,0.5,0.375,0.0,900.0,900.0,0.0,1.5659999999999383,1.0659999999999934,5184.0,0
2.466,12955.0,10358.0,7769.0,12951.5,10355.5,7767.5,4000.0,3000.0,2000.0,-6.625,0.5,-0.375,0.0,900.0,900.0,0.0,1.5669999999999382,1.0669999999999933,5186.0,0
2.467,12959.0,10361.0,7771.0,12955.5,10358.5,7769.5,4000.0,3000.0,2000.0,-6.875,0.5,-0.125,0.0,900.0,900.0,0.0,1.567999999999938,1.0679999999999932,5188.0,0
2.468,12963.0,10364.0,7774.0,12959.5,10361.5,7771.5,4000.0,3000.0,3000.0,-7.125,0.5,0.125,0.0,900.0,900.0,0.0,1.568999999999938,1.068999999999993,5189.0,0
2.469,12967.0,10368.0,7776.0,12963.5,10364.5,7774.5,4000.0,4000.0,2000.0,-7.375,0.5,-0.625,0.0,900.0,900.0,0.0,1.569999999999938,1.069999999999993,5191.0,0
2.47,12971.0,10371.0,7778.0,12967.5,10368.5,7776.5,4000.0,3000.0,2000.0,-6.375,0.5,0.375,0.0,900.0,900.0,0.0,1.5709999999999378,1.0709999999999928,5193.0,0
2.471,12975.0,10374.0,7781.0,12971.5,10371.5,7778.5,4000.0,3000.0,3000.0,-6.83333333333394,0.33333333333393966,0.5,0.0,900.0,900.0,0.0,1.5719999999999377,1.0719999999999927,5194.0,0
2.472,12979.0,10377.0,7783.0,12975.5,10374.5,7781.5,4000.0,3000.0,2000.0,-6.875,0.5,-0.125,0.0,900.0,900.0,0.0,1.5729999999999376,1.0729999999999926,5196.0,0
2.473,12983.0,10380.0,7785.0,12979.5,10377.5,7783.5,4000.0,3000.0,2000.0,-7.125,0.5,0.125,0.0,900.0,900.0,0.0,1.5739999999999374,1.0739999999999925,5198.0,0
2.474,12986.0,10383.0,7788.0,12983.5,10380.5,7785.5,3000.0,3000.0,3000.0,-7.375,0.5,0.375,0.0,900.0,900.0,0.0,1.5749999999999373,1.0749999999999924,5198.0,0
2.475,12990.0,10386.0,7790.0,12986.5,10383.5,7788.5,4000.0,3000.0,2000.0,-6.625,0.5,-0.375,0.0,900.0,900.0,0.0,1.5759999999999372,1.0759999999999923,5200.0,0
2.476,12994.0,10389.0,7792.0,12990.5,10386.5,7790.5,4000.0,3000.0,2000.0,-6.875,0.5,-0.125,0.0,900.0,900.0,0.0,1.5769999999999371,1.0769999999999922,5202.0,0
2.477,12998.0,10392.0,7795.0,12994.5,10389.5,7792.5,4000.0,3000.0,3000.0,-7.125,0.5,0.125,0.0,900.0,900.0,0.0,1.577999999999937,1.077999999999992,5203.0,0
2.478,13002.0,10395.0,7797.0,12998.5,10392.5,7795.5,4000.0,3000.0,2000.0,-7.375,0.5,-0.625,0.0,900.0,900.0,0.0,1.578999999999937,1.078999999999992,5205.0,0
2.479,13006.0,10399.0,7799.0,13002.5,10395.5,7797.5,4000.0,4000.0,2000.0,-7.625,0.5,-0.375,0.0,900.0,900.0,0.0,1.5799999999999368,1.0799999999999919,5207.0,0
2.48,13010.0,10402.0,7802.0,13006.5,10399.5,7799.5,4000.0,3000.0,3000.0,-6.83333333333394,0.33333333333393966,0.5,0.0,900.0,900.0,0.0,1.5809999999999367,1.0809999999999917,5208.0,0
2.481,13014.0,10405.0,7804.0,13010.5,10402.5,7802.5,4000.0,3000.0,2000.0,-6.875,0.5,-0.125,0.0,900.0,900.0,0.0,1.5819999999999366,1.0819999999999916,5210.0,0
2.482,13018.0,10408.0,7806.0,13014.5,10405.5,7804.5,4000.0,3000.0,2000.0,-7.125,0.5,0.125,0.0,900.0,900.0,0.0,1.5829999999999365,1.0829999999999915,5212.0,0
2.483,13022.0,10411.0,7809.0,13018.5,10408.5,7806.5,4000.0,3000.0,3000.0,-7.375,0.5,0.375,0.0,900.0,900.0,0.0,1.5839999999999363,1.0839999999999914,5213.0,0
2.484,13025.0,10414.0,7811.0,13022.5,10411.5,7809.5,3000.0,3000.0,2000.0,-7.625,0.5,-0.375,0.0,900.0,900.0,0.0,1.5849999999999362,1.0849999999999913,5214.0,0
2.485,13029.0,10417.0,7813.0,13025.5,10414.5,7811.5,4000.0,3000.0,2000.0,-6.875,0.5,-0.125,0.0,900.0,900.0,0.0,1.5859999999999361,1.0859999999999912,5216.0,0
2.486,13033.0,10420.0,7816.0,13029.5,10417.5,7813.5,4000.0,3000.0,3000.0,-7.125,0.5,0.125,0.0,900.0,900.0,0.0,1.586999999999936,1.086999999999991,5217.0,0
2.487,13037.0,10423.0,7818.0,13033.5,10420.5,7816.5,4000.0,3000.0,2000.0,-7.375,0.5,-0.625,0.0,900.0,900.0,0.0,1.587999999999936,1.087999999999991,5219.0,0
2.488,13041.0,10427.0,7820.0,13037.5,10423.5,7818.5,4000.0,4000.0,2000.0,-7.625,0.5,-0.375,0.0,900.0,900.0,0.0,1.5889999999999358,1.0889999999999909,5221.0,0
2.489,13045.0,10430.0,7823.0,13041.5,10427.5,7820.5,4000.0,3000.0,3000.0,-6.83333333333394,0.33333333333393966,0.5,0.0,900.0,900.0,0.0,1.5899999999999357,1.0899999999999908,5222.0,0
2.49,13049.0,10433.0,7825.0,13045.5,10430.5,7823.5,4000.0,3000.0,2000.0,-6.875,0.5,-0.125,0.0,900.0,900.0,0.0,1.5909999999999356,1.0909999999999906,5224.0,0
2.491,13053.0,10436.0,7827.0,13049.5,10433.5,7825.5,4000.0,3000.0,2000.0,-7.125,0.5,0.125,0.0,900.0,900.0,0.0,1.5919999999999355,1.0919999999999905,5226.0,0
2.492,13057.0,10439.0,7830.0,13053.5,10436.5,7827.5,4000.0,3000.0,3000.0,-7.375,0.5,0.375,0.0,900.0,900.0,0.0,1.5929999999999354,1.0929999999999904,5227.0,0
2.493,13060.0,10442.0,7832.0,13057.5,10439.5,7830.5,3000.0,3000.0,2000.0,-7.625,0.5,-0.375,0.0,900.0,900.0,0.0,1.5939999999999352,1.0939999999999903,5228.0,0
2.494,13064.0,10445.0,7835.0,13060.5,10442.5,7832.5,4000.0,3000.0,3000.0,-6.875,0.5,-0.125,0.0,900.0,900.0,0.0,1.5949999999999351,1.0949999999999902,5229.0,0
2.495,13068.0,10448.0,7837.0,13064.5,10445.5,7835.5,4000.0,3000.0,2000.0,-7.125,0.5,-0.875,0.0,900.0,900.0,0.0,1.595999999999935,1.09599999999999,5231.0,0
2.496,13072.0,10451.0,7839.0,13068.5,10448.5,7837.5,4000.0,3000.0,2000.0,-7.375,0.5,-0.625,0.0,900.0,900.0,0.0,1.596999999999935,1.09699999999999,5233.0,0
2.497,13076.0,10455.0,7842.0,13072.5,10451.5,7839.5,4000.0,4000.0,3000.0,-7.625,0.5,-0.375,0.0,900.0,900.0,0.0,1.5979999999999348,1.0979999999999899,5234.0,0
2.498,13080.0,10458.0,7844.0,13076.5,10455.5,7842.5,4000.0,3000.0,2000.0,-6.625,0.5,-0.375,0.0,900.0,900.0,0.0,1.5989999999999347,1.0989999999999898,5236.0,0
2.499,13084.0,10461.0,7846.0,13080.5,10458.5,7844.5,4000.0,3000.0,2000.0,-6.875,0.5,-0.125,0.0,900.0,900.0,0.0,1.5999999999999346,1.0999999999999897,5238.0,0
2.5,13088.0,10464.0,7849.0,13084.5,10461.5,7846.5,4000.0,3000.0,3000.0,-7.125,0.5,0.125,0.0,900.0,900.0,0.0,1.6009999999999345,1.1009999999999895,5239.0,0
2.501,13092.0,10467.0,7851.0,13088.5,10464.5,7849.5,4000.0,3000.0,2000.0,-7.375,0.5,-0.625,0.0,900.0,900.0,0.0,1.6019999999999344,1.1019999999999894,5241.0,0
2.5020000000000002,13096.0,10470.0,7853.0,13092.5,10467.5,7851.5,4000.0,3000.0,2000.0,-7.625,0.5,-0.375,0.0,900.0,900.0,0.0,1.6029999999999343,1.1029999999999893,5243.0,0
2.503,13099.0,10473.0,7856.0,13096.5,10470.5,7853.5,3000.0,3000.0,3000.0,-7.875,0.5,-0.125,0.0,900.0,900.0,0.0,1.6039999999999341,1.1039999999999892,5243.0,0
2.504,13103.0,10476.0,7858.0,13099.5,10473.5,7856.5,4000.0,3000.0,2000.0,-7.125,0.5,-0.875,0.0,900.0,900.0,0.0,1.604999999999934,1.104999999999989,5245.0,0
2.505,13107.0,10479.0,7860.0,13103.5,10476.5,7858.5,4000.0,3000.0,2000.0,-7.375,0.5,-0.625,0.0,900.0,900.0,0.0,1.605999999999934,1.105999999999989,5247.0,0
2.5060000000000002,13111.0,10483.0,7863.0,13107.5,10479.5,7860.5,4000.0,4000.0,3000.0,-7.625,0.5,-0.375,0.0,900.0,900.0,0.0,1.6069999999999338,1.1069999999999889,5248.0,0
2.507,13115.0,10486.0,7865.0,13111.5,10483.5,7863.5,4000.0,3000.0,2000.0,-6.625,0.5,-0.375,0.0,900.0,900.0,0.0,1.6079999999999337,1.1079999999999888,5250.0,0
2.508,13119.0,10489.0,7867.0,13115.5,10486.5,7865.5,4000.0,3000.0,2000.0,-6.875,0.5,-0.125,0.0,900.0,900.0,0.0,1.6089999999999336,1.1089999999999887,5252.0,0
2.509,13123.0,10492.0,7870.0,13119.5,10489.5,7867.5,4000.0,3000.0,3000.0,-7.125,0.5,0.125,0.0,900.0,900.0,0.0,1.6099999999999335,1.1099999999999886,5253.0,0
2.5100000000000002,13127.0,10495.0,7872.0,13123.5,10492.5,7870.5,4000.0,3000.0,2000.0,-7.375,0.5,-0.625,0.0,900.0,900.0,0.0,1.6109999999999334,1.1109999999999884,5255.0,0
2.511,13131.0,10498.0,7874.0,13127.5,10495.5,7872.5,4000.0,3000.0,2000.0,-7.625,0.5,-0.375,0.0,900.0,900.0,0.0,1.6119999999999333,1.1119999999999883,5257.0,0
2.512,13134.0,10501.0,7877.0,13131.5,10498.5,7874.5,3000.0,3000.0,3000.0,-7.875,0.5,-0.125,0.0,900.0,900.0,0.0,1.6129999999999332,1.1129999999999882,5257.0,0
2.513,13138.0,10504.0,7879.0,13134.5,10501.5,7877.5,4000.0,3000.0,2000.0,-7.125,0.5,-0.875,0.0,900.0,900.0,0.0,1.613999999999933,1.113999999999988,5259.0,0
2.5140000000000002,13142.0,10507.0,7881.0,13138.5,10504.5,7879.5,4000.0,3000.0,2000.0,-7.375,0.5,-0.625,0.0,900.0,900.0,0.0,1.614999999999933,1.114999999999988,5261.0,0
2.515,13146.0,10511.0,7884.0,13142.5,10507.5,7881.5,4000.0,4000.0,3000.0,-7.625,0.5,-0.375,0.0,900.0,900.0,0.0,1.6159999999999328,1.115999999999988,5262.0,0
2.516,13150.0,10514.0,7886.0,13146.5,10511.5,7884.5,4000.0,3000.0,2000.0,-6.625,0.5,-0.375,0.0,900.0,900.0,0.0,1.6169999999999327,1.1169999999999878,5264.0,0
2.517,13154.0,10517.0,7888.0,13150.5,10514.5,7886.5,4000.0,3000.0,2000.0,-6.875,0.5,-0.125,0.0,900.0,900.0,0.0,1.6179999999999326,1.1179999999999877,5266.0,0
2.5180000000000002,13158.0,10520.0,7891.0,13154.5,10517.5,7888.5,4000.0,3000.0,3000.0,-7.125,0.5,0.125,0.0,900.0,900.0,0.0,1.6189999999999325,1.1189999999999876,5267.0,0
2.519,13162.0,10523.0,7893.0,13158.5,10520.5,7891.5,4000.0,3000.0,2000.0,-7.375,0.5,-0.625,0.0,900.0,900.0,0.0,1.6199999999999324,1.1199999999999875,5269.0,0
2.52,13166.0,10526.0,7895.0,13162.5,10523.5,7893.5,4000.0,3000.0,2000.0,-7.625,0.5,-0.375,0.0,900.0,900.0,0.0,1.6209999999999323,1.1209999999999873,5271.0,0
2.521,13169.0,10529.0,7898.0,13166.5,10526.5,7895.5,3000.0,3000.0,3000.0,-7.875,0.5,-0.125,0.0,900.0,900.0,0.0,1.6219999999999322,1.1219999999999872,5271.0,0
2.5220000000000002,13173.0,10532.0,7900.0,13169.5,10529.5,7898.5,4000.0,3000.0,2000.0,-7.125,0.5,-0.875,0.0,900.0,900.0,0.0,1.622999999999932,1.1229999999999871,5273.0,0
2.523,13177.0,10535.0,7902.0,13173.5,10532.5,7900.5,4000.0,3000.0,2000.0,-7.375,0.5,-0.625,0.0,900.0,900.0,0.0,1.623999999999932,1.123999999999987,5275.0,0
2.524,13181.0,10539.0,7905.0,13177.5,10535.5,7902.5,4000.0,4000.0,3000.0,-7.625,0.5,-0.375,0.0,900.0,900.0,0.0,1.6249999999999318,1.124999999999987,5276.0,0
2.525,13185.0,10542.0,7907.0,13181.5,10539.5,7905.5,4000.0,3000.0,2000.0,-6.625,0.5,-0.375,0.0,900.0,900.0,0.0,1.6259999999999317,1.1259999999999868,5278.0,0
2.5260000000000002,13189.0,10545.0,7909.0,13185.5,10542.5,7907.5,4000.0,3000.0,2000.0,-6.875,0.5,-0.125,0.0,900.0,900.0,0.0,1.6269999999999316,1.1269999999999867,5280.0,0
2.527,13193.0,10548.0,7912.0,13189.5,10545.5,7909.5,4000.0,3000.0,3000.0,-7.125,0.5,0.125,0.0,900.0,900.0,0.0,1.6279999999999315,1.1279999999999866,5281.0,0
2.528,13197.0,10551.0,7914.0,13193.5,10548.5,7912.5,4000.0,3000.0,2000.0,-7.375,0.5,-0.625,0.0,900.0,900.0,0.0,1.6289999999999314,1.1289999999999865,5283.0,0
2.529,13201.0,10554.0,7916.0,13197.5,10551.5,7914.5,4000.0,3000.0,2000.0,-7.625,0.5,-0.375,0.0,900.0,900.0,0.0,1.6299999999999313,1.1299999999999863,5285.0,0
2.5300000000000002,13205.0,10557.0,7919.0,13201.5,10554.5,7916.5,4000.0,3000.0,3000.0,-7.875,0.5,-0.125,0.0,900.0,900.0,0.0,1.6309999999999312,1.1309999999999862,5286.0,0
2.531,13208.0,10560.0,7921.0,13205.5,10557.5,7919.5,3000.0,3000.0,2000.0,-8.125,0.5,-0.875,0.0,900.0,900.0,0.0,1.631999999999931,1.1319999999999861,5287.0,0
2.532,13212.0,10563.0,7923.0,13208.5,10560.5,7921.5,4000.0,3000.0,2000.0,-7.375,0.5,-0.625,0.0,900.0,900.0,0.0,1.632999999999931,1.132999999999986,5289.0,0
2.533,13216.0,10567.0,7926.0,13212.5,10563.5,7923.5,4000.0,4000.0,3000.0,-7.625,0.5,-0.375,0.0,900.0,900.0,0.0,1.6339999999999308,1.133999999999986,5290.0,0
2.5340000000000003,13220.0,10570.0,7928.0,13216.5,10567.5,7926.5,4000.0,3000.0,2000.0,-6.625,0.5,-0.375,0.0,900.0,900.0,0.0,1.6349999999999307,1.1349999999999858,5292.0,0
2.535,13224.0,10573.0,7930.0,13220.5,10570.5,7928.5,4000.0,3000.0,2000.0,-6.875,0.5,-0.125,0.0,900.0,900.0,0.0,1.6359999999999306,1.1359999999999857,5294.0,0
2.536,13228.0,10576.0,7933.0,13224.5,10573.5,7930.5,4000.0,3000.0,3000.0,-7.125,0.5,0.125,0.0,900.0,900.0,0.0,1.6369999999999305,1.1369999999999856,5295.0,0
2.537,13232.0,10579.0,7935.0,13228.5,10576.5,7933.5,4000.0,3000.0,2000.0,-7.375,0.5,-0.625,0.0,900.0,900.0,0.0,1.6379999999999304,1.1379999999999855,5297.0,0
2.5380000000000003,13236.0,10582.0,7937.0,13232.5,10579.5,7935.5,4000.0,3000.0,2000.0,-7.625,0.5,-0.375,0.0,900.0,900.0,0.0,1.6389999999999303,1.1389999999999854,5299.0,0
2.539,13240.0,10585.0,7940.0,13236.5,10582.5,7937.5,4000.0,3000.0,3000.0,-7.875,0.5,-0.125,0.0,900.0,900.0,0.0,1.6399999999999302,1.1399999999999852,5300.0,0
2.54,13243.0,10588.0,7942.0,13240.5,10585.5,7940.5,3000.0,3000.0,2000.0,-8.125,0.5,-0.875,0.0,900.0,900.0,0.0,1.64099999999993,1.1409999999999851,5301.0,0
2.541,13247.0,10591.0,7944.0,13243.5,10588.5,7942.5,4000.0,3000.0,2000.0,-7.375,0.5,-0.625,0.0,900.0,900.0,0.0,1.64199999999993,1.141999999999985,5303.0,0
2.5420000000000003,13251.0,10595.0,7947.0,13247.5,10591.5,7944.5,4000.0,4000.0,3000.0,-7.625,0.5,-0.375,0.0,900.0,900.0,0.0,1.6429999999999298,1.142999999999985,5304.0,0
2.543,13255.0,10598.0,7949.0,13251.5,10595.5,7947.5,4000.0,3000.0,2000.0,-6.625,0.5,-0.375,0.0,900.0,900.0,0.0,1.6439999999999297,1.1439999999999848,5306.0,0
2.544,13259.0,10601.0,7952.0,13255.5,10598.5,7949.5,4000.0,3000.0,3000.0,-6.875,0.5,-0.125,0.0,900.0,900.0,0.0,1.6449999999999296,1.1449999999999847,5307.0,0
2.545,13263.0,10604.0,7954.0,13259.5,10601.5,7952.5,4000.0,3000.0,2000.0,-7.125,0.5,-0.875,0.0,900.0,900.0,0.0,1.6459999999999295,1.1459999999999846,5309.0,0
2.5460000000000003,13267.0,10607.0,7956.0,13263.5,10604.5,7954.5,4000.0,3000.0,2000.0,-7.375,0.5,-0.625,0.0,900.0,900.0,0.0,1.6469999999999294,1.1469999999999845,5311.0,0
2.547,13271.0,10610.0,7959.0,13267.5,10607.5,7956.5,4000.0,3000.0,3000.0,-7.625,0.5,-0.375,0.0,900.0,900.0,0.0,1.6479999999999293,1.1479999999999844,5312.0,0
2.548,13275.0,10613.0,7961.0,13271.5,10610.5,7959.5,4000.0,3000.0,2000.0,-7.875,0.5,-1.125,0.0,900.0,900.0,0.0,1.6489999999999292,1.1489999999999843,5314.0,0
2.549,13279.0,10616.0,7963.0,13275.5,10613.5,7961.5,4000.0,3000.0,2000.0,-8.125,0.5,-0.875,0.0,900.0,900.0,0.0,1.649999999999929,1.1499999999999841,5316.0,0
2.5500000000000003,13282.0,10619.0,7966.0,13279.5,10616.5,7963.5,3000.0,3000.0,3000.0,-8.375,0.5,-0.625,0.0,900.0,900.0,0.0,1.650999999999929,1.150999999999984,5316.0,0
2.551,13286.0,10623.0,7968.0,13282.5,10619.5,7966.5,4000.0,4000.0,2000.0,-7.625,0.5,-1.375,0.0,900.0,900.0,0.0,1.6519999999999289,1.151999999999984,5318.0,0
2.552,13290.0,10626.0,7970.0,13286.5,10623.5,7968.5,4000.0,3000.0,2000.0,-6.625,0.5,-0.375,0.0,900.0,900.0,0.0,1.6529999999999287,1.1529999999999838,5320.0,0
2.553,13294.0,10629.0,7973.0,13290.5,10626.5,7970.5,4000.0,3000.0,3000.0,-6.875,0.5,-0.125,0.0,900.0,900.0,0.0,1.6539999999999286,1.1539999999999837,5321.0,0
2.5540000000000003,13298.0,10632.0,7975.0,13294.5,10629.5,7973.5,4000.0,3000.0,2000.0,-7.125,0.5,-0.875,0.0,900.0,900.0,0.0,1.6549999999999285,1.1549999999999836,5323.0,0
2.555,13302.0,10635.0,7977.0,13298.5,10632.5,7975.5,4000.0,3000.0,2000.0,-7.375,0.5,-0.625,0.0,900.0,900.0,0.0,1.6559999999999284,1.1559999999999835,5325.0,0
2.556,13306.0,10638.0,7980.0,13302.5,10635.5,7977.5,4000.0,3000.0,3000.0,-7.625,0.5,-0.375,0.0,900.0,900.0,0.0,1.6569999999999283,1.1569999999999834,5326.0,0
2.557,13310.0,10641.0,7982.0,13306.5,10638.5,7980.5,4000.0,3000.0,2000.0,-7.875,0.5,-1.125,0.0,900.0,900.0,0.0,1.6579999999999282,1.1579999999999833,5328.0,0
2.5580000000000003,13314.0,10644.0,7984.0,13310.5,10641.5,7982.5,4000.0,3000.0,2000.0,-8.125,0.5,-0.875,0.0,900.0,900.0,0.0,1.658999999999928,1.1589999999999832,5330.0,0
2.559,13317.0,10647.0,7987.0,13314.5,10644.5,7984.5,3000.0,3000.0,3000.0,-8.375,0.5,-0.625,0.0,900.0,900.0,0.0,1.659999999999928,1.159999999999983,5330.0,0
2.56,13321.0,10651.0,7989.0,13317.5,10647.5,7987.5,4000.0,4000.0,2000.0,-7.625,0.5,-1.375,0.0,900.0,900.0,0.0,1.6609999999999279,1.160999999999983,5332.0,0
2.561,13325.0,10654.0,7991.0,13321.5,10651.5,7989.5,4000.0,3000.0,2000.0,-6.625,0.5,-0.375,0.0,900.0,900.0,0.0,1.6619999999999278,1.1619999999999828,5334.0,0
2.562,13329.0,10657.0,7994.0,13325.5,10654.5,7991.5,4000.0,3000.0,3000.0,-6.875,0.5,-0.125,0.0,900.0,900.0,0.0,1.6629999999999276,1.1629999999999827,5335.0,0
2.563,13333.0,10660.0,7996.0,13329.5,10657.5,7994.5,4000.0,3000.0,2000.0,-7.125,0.5,-0.875,0.0,900.0,900.0,0.0,1.6639999999999275,1.1639999999999826,5337.0,0
2.564,13337.0,10663.0,7998.0,13333.5,10660.5,7996.5,4000.0,3000.0,2000.0,-7.375,0.5,-0.625,0.0,900.0,900.0,0.0,1.6649999999999274,1.1649999999999825,5339.0,0
2.565,13341.0,10666.0,8001.0,13337.5,10663.5,7998.5,4000.0,3000.0,3000.0,-7.625,0.5,-0.375,0.0,900.0,900.0,0.0,1.6659999999999273,1.1659999999999824,5340.0,0
2.566,13345.0,10669.0,8003.0,13341.5,10666.5,8001.5,4000.0,3000.0,2000.0,-7.875,0.5,-1.125,0.0,900.0,900.0,0.0,1.6669999999999272,1.1669999999999823,5342.0,0
2.567,13349.0,10672.0,8005.0,13345.5,10669.5,8003.5,4000.0,3000.0,2000.0,-8.125,0.5,-0.875,0.0,900.0,900.0,0.0,1.667999999999927,1.1679999999999822,5344.0,0
2.568,13352.0,10675.0,8008.0,13349.5,10672.5,8005.5,3000.0,3000.0,3000.0,-8.375,0.5,-0.625,0.0,900.0,900.0,0.0,1.668999999999927,1.168999999999982,5344.0,0
2.569,13356.0,10678.0,8010.0,13352.5,10675.5,8008.5,4000.0,3000.0,2000.0,-7.625,0.5,-1.375,0.0,900.0,900.0,0.0,1.6699999999999269,1.169999999999982,5346.0,0
2.57,13360.0,10682.0,8012.0,13356.5,10678.5,8010.5,4000.0,4000.0,2000.0,-7.875,0.5,-1.125,0.0,900.0,900.0,0.0,1.6709999999999268,1.1709999999999818,5348.0,0
2.571,13364.0,10685.0,8015.0,13360.5,10682.5,8012.5,4000.0,3000.0,3000.0,-6.875,0.5,-0.125,0.0,900.0,900.0,0.0,1.6719999999999267,1.1719999999999817,5349.0,0
2.572,13368.0,10688.0,8017.0,13364.5,10685.5,8015.5,4000.0,3000.0,2000.0,-7.125,0.5,-0.875,0.0,900.0,900.0,0.0,1.6729999999999265,1.1729999999999816,5351.0,0
2.573,13372.0,10691.0,8019.0,13368.5,10688.5,8017.5,4000.0,3000.0,2000.0,-7.375,0.5,-0.625,0.0,900.0,900.0,0.0,1.6739999999999264,1.1739999999999815,5353.0,0
2.574,13376.0,10694.0,8022.0,13372.5,10691.5,8019.5,4000.0,3000.0,3000.0,-7.625,0.5,-0.375,0.0,900.0,900.0,0.0,1.6749999999999263,1.1749999999999814,5354.0,0
2.575,13380.0,10697.0,8024.0,13376.5,10694.5,8022.5,4000.0,3000.0,2000.0,-7.875,0.5,-1.125,0.0,900.0,900.0,0.0,1.6759999999999262,1.1759999999999813,5356.0,0
2.576,13384.0,10700.0,8026.0,13380.5,10697.5,8024.5,4000.0,3000.0,2000.0,-8.125,0.5,-0.875,0.0,900.0,900.0,0.0,1.676999999999926,1.1769999999999812,5358.0,0
2.577,13388.0,10703.0,8029.0,13384.5,10700.5,8026.5,4000.0,3000.0,3000.0,-8.375,0.5,-0.625,0.0,900.0,900.0,0.0,1.677999999999926,1.177999999999981,5359.0,0
2.578,13391.0,10706.0,8031.0,13388.5,10703.5,8029.5,3000.0,3000.0,2000.0,-8.625,0.5,-1.375,0.0,900.0,900.0,0.0,1.6789999999999259,1.178999999999981,5360.0,0
2.579,13395.0,10710.0,8033.0,13391.5,10706.5,8031.5,4000.0,4000.0,2000.0,-7.875,0.5,-1.125,0.0,900.0,900.0,0.0,1.6799999999999258,1.1799999999999808,5362.0,0
2.58,13399.0,10713.0,8036.0,13395.5,10710.5,8033.5,4000.0,3000.0,3000.0,-6.875,0.5,-0.125,0.0,900.0,900.0,0.0,1.6809999999999257,1.1809999999999807,5363.0,0
2.581,13403.0,10716.0,8038.0,13399.5,10713.5,8036.5,4000.0,3000.0,2000.0,-7.125,0.5,-0.875,0.0,900.0,900.0,0.0,1.6819999999999256,1.1819999999999806,5365.0,0
2.582,13407.0,10719.0,8040.0,13403.5,10716.5,8038.5,4000.0,3000.0,2000.0,-7.375,0.5,-0.625,0.0,900.0,900.0,0.0,1.6829999999999254,1.1829999999999805,5367.0,0
2.583,13411.0,10722.0,8043.0,13407.5,10719.5,8040.5,4000.0,3000.0,3000.0,-7.625,0.5,-0.375,0.0,900.0,900.0,0.0,1.6839999999999253,1.1839999999999804,5368.0,0
2.584,13415.0,10725.0,8045.0,13411.5,10722.5,8043.5,4000.0,3000.0,2000.0,-7.875,0.5,-1.125,0.0,900.0,900.0,0.0,1.6849999999999252,1.1849999999999803,5370.0,0
2.585,13419.0,10728.0,8047.0,13415.5,10725.5,8045.5,4000.0,3000.0,2000.0,-8.125,0.5,-0.875,0.0,900.0,900.0,0.0,1.6859999999999251,1.1859999999999802,5372.0,0
2.586,13423.0,10731.0,8050.0,13419.5,10728.5,8047.5,4000.0,3000.0,3000.0,-8.375,0.5,-0.625,0.0,900.0,900.0,0.0,1.686999999999925,1.18699999999998,5373.0,0
2.587,13426.0,10734.0,8052.0,13423.5,10731.5,8050.5,3000.0,3000.0,2000.0,-8.625,0.5,-1.375,0.0,900.0,900.0,0.0,1.687999999999925,1.18799999999998,5374.0,0
2.588,13430.0,10738.0,8054.0,13426.5,10734.5,8052.5,4000.0,4000.0,2000.0,-7.875,0.5,-1.125,0.0,900.0,900.0,0.0,1.6889999999999248,1.1889999999999799,5376.0,0
2.589,13434.0,10741.0,8057.0,13430.5,10738.5,8054.5,4000.0,3000.0,3000.0,-6.875,0.5,-0.125,0.0,900.0,900.0,0.0,1.6899999999999247,1.1899999999999797,5377.0,0
2.59,13438.0,10744.0,8059.0,13434.5,10741.5,8057.5,4000.0,3000.0,2000.0,-7.125,0.5,-0.875,0.0,900.0,900.0,0.0,1.6909999999999246,1.1909999999999796,5379.0,0
2.591,13442.0,10747.0,8061.0,13438.5,10744.5,8059.5,4000.0,3000.0,2000.0,-7.375,0.5,-0.625,0.0,900.0,900.0,0.0,1.6919999999999245,1.1919999999999795,5381.0,0
2.592,13446.0,10750.0,8064.0,13442.5,10747.5,8061.5,4000.0,3000.0,3000.0,-7.625,0.5,-0.375,0.0,900.0,900.0,0.0,1.6929999999999243,1.1929999999999794,5382.0,0
2.593,13450.0,10753.0,8066.0,13446.5,10750.5,8064.5,4000.0,3000.0,2000.0,-7.875,0.5,-1.125,0.0,900.0,900.0,0.0,1.6939999999999242,1.1939999999999793,5384.0,0
2.594,13454.0,10756.0,8068.0,13450.5,10753.5,8066.5,4000.0,3000.0,2000.0,-8.125,0.5,-0.875,0.0,900.0,900.0,0.0,1.6949999999999241,1.1949999999999792,5386.0,0
2.595,13458.0,10759.0,8071.0,13454.5,10756.5,8068.5,4000.0,3000.0,3000.0,-8.375,0.5,-0.625,0.0,900.0,900.0,0.0,1.695999999999924,1.195999999999979,5387.0,0
2.596,13462.0,10762.0,8073.0,13458.5,10759.5,8071.5,4000.0,3000.0,2000.0,-8.625,0.5,-1.375,0.0,900.0,900.0,0.0,1.696999999999924,1.196999999999979,5389.0,0
2.597,13465.0,10766.0,8076.0,13462.5,10762.5,8073.5,3000.0,4000.0,3000.0,-8.875,0.5,-1.125,0.0,900.0,900.0,0.0,1.6979999999999238,1.1979999999999789,5389.0,0
2.598,13469.0,10769.0,8078.0,13465.5,10766.5,8076.5,4000.0,3000.0,2000.0,-6.875,0.5,-1.125,0.0,900.0,900.0,0.0,1.6989999999999237,1.1989999999999787,5391.0,0
2.599,13473.0,10772.0,8080.0,13469.5,10769.5,8078.5,4000.0,3000.0,2000.0,-7.125,0.5,-0.875,0.0,900.0,900.0,0.0,1.6999999999999236,1.1999999999999786,5393.0,0
2.6,13477.0,10776.0,8083.0,13473.5,10772.5,8080.5,4000.0,4000.0,3000.0,-7.375,0.5,-0.625,0.0,0.0,900.0,0.0,0.0,1.2009999999999785,5394.0,0
2.601,13481.0,10780.0,8085.0,13477.5,10776.5,8083.5,4000.0,4000.0,2000.0,-6.375,0.5,-0.625,0.0,0.0,900.0,0.0,0.0,1.2019999999999784,5396.0,0
2.602,13485.0,10784.0,8087.0,13481.5,10780.5,8085.5,4000.0,4000.0,2000.0,-5.375,0.5,0.375,0.0,0.0,900.0,0.0,0.0,1.2029999999999783,5398.0,0
2.603,13489.0,10788.0,8090.0,13485.5,10784.5,8087.5,4000.0,4000.0,3000.0,-5.83333333333394,-0.6666666666660603,0.5,0.0,0.0,900.0,0.0,0.0,1.2039999999999782,5399.0,0
2.604,13493.0,10792.0,8092.0,13489.5,10788.5,8090.5,4000.0,4000.0,2000.0,-4.83333333333394,-0.6666666666660603,0.5,0.0,0.0,900.0,0.0,0.0,1.204999999999978,5401.0,0
2.605,13497.0,10796.0,8094.0,13493.5,10792.5,8092.5,4000.0,4000.0,2000.0,-5.5,-2.0,0.5,0.0,0.0,900.0,0.0,0.0,1.205999999999978,5403.0,0
2.606,13500.0,10800.0,8097.0,13497.5,10796.5,8094.5,3000.0,4000.0,3000.0,-6.16666666666606,-3.3333333333339397,0.5,0.0,0.0,900.0,0.0,0.0,1.2069999999999779,5403.0,0
2.607,13504.0,10804.0,8099.0,13500.5,10800.5,8097.5,4000.0,4000.0,2000.0,-4.16666666666606,-3.3333333333339397,0.5,0.0,0.0,900.0,0.0,0.0,1.2079999999999778,5405.0,0
2.608,13508.0,10808.0,8101.0,13504.5,10804.5,8099.5,4000.0,4000.0,2000.0,-4.83333333333394,-4.66666666666606,0.5,0.0,0.0,900.0,0.0,0.0,1.2089999999999776,5407.0,0
2.609,13512.0,10812.0,8104.0,13508.5,10808.5,8101.5,4000.0,4000.0,3000.0,-5.5,-6.0,0.5,0.0,0.0,900.0,0.0,0.0,1.2099999999999775,5408.0,0
2.61,13516.0,10816.0,8106.0,13512.5,10812.5,8104.5,4000.0,4000.0,2000.0,-4.5,-6.0,0.5,0.0,0.0,900.0,0.0,0.0,1.2109999999999774,5410.0,0
2.611,13520.0,10820.0,8108.0,13516.5,10816.5,8106.5,4000.0,4000.0,2000.0,-5.16666666666606,-7.33333333333394,0.5,0.0,0.0,900.0,0.0,0.0,1.2119999999999773,5412.0,0
2.612,13524.0,10824.0,8111.0,13520.5,10820.5,8108.5,4000.0,4000.0,3000.0,-5.83333333333394,-8.66666666666606,0.5,0.0,0.0,900.0,0.0,0.0,1.2129999999999772,5413.0,0
2.613,13528.0,10828.0,8113.0,13524.5,10824.5,8111.5,4000.0,4000.0,2000.0,-4.83333333333394,-8.66666666666606,0.5,0.0,0.0,900.0,0.0,0.0,1.213999999999977,5415.0,0
2.614,13532.0,10832.0,8115.0,13528.5,10828.5,8113.5,4000.0,4000.0,2000.0,-5.5,-10.0,0.5,0.0,0.0,900.0,0.0,0.0,1.214999999999977,5417.0,0
2.615,13536.0,10835.0,8118.0,13532.5,10832.5,8115.5,4000.0,3000.0,3000.0,-6.16666666666606,-11.33333333333394,0.5,0.0,0.0,900.0,0.0,0.0,1.2159999999999769,5418.0,0
2.616,13539.0,10839.0,8120.0,13536.5,10835.5,8118.5,3000.0,4000.0,2000.0,-5.16666666666606,-10.33333333333394,0.5,0.0,0.0,900.0,0.0,0.0,1.2169999999999768,5419.0,0
2.617,13543.0,10842.0,8122.0,13539.5,10839.5,8120.5,4000.0,3000.0,2000.0,-4.83333333333394,-11.66666666666606,0.5,0.0,0.0,900.0,0.0,0.0,1.2179999999999767,5421.0,0
2.618,13547.0,10845.0,8125.0,13543.5,10842.5,8122.5,4000.0,3000.0,3000.0,-5.5,-12.0,0.5,0.0,0.0,900.0,0.0,0.0,1.2189999999999765,5422.0,0
2.619,13551.0,10848.0,8127.0,13547.5,10845.5,8125.5,4000.0,3000.0,2000.0,-4.5,-11.0,0.5,0.0,0.0,900.0,0.0,0.0,1.2199999999999764,5424.0,0
2.62,13555.0,10851.0,8129.0,13551.5,10848.5,8127.5,4000.0,3000.0,2000.0,-5.16666666666606,-11.33333333333394,0.5,0.0,0.0,900.0,0.0,0.0,1.2209999999999763,5426.0,0
2.621,13559.0,10854.0,8132.0,13555.5,10851.5,8129.5,4000.0,3000.0,3000.0,-5.83333333333394,-11.66666666666606,0.5,0.0,0.0,900.0,0.0,0.0,1.2219999999999762,5427.0,0
2.622,13563.0,10857.0,8134.0,13559.5,10854.5,8132.5,4000.0,3000.0,2000.0,-4.83333333333394,-10.66666666666606,0.5,0.0,0.0,900.0,0.0,0.0,1.222999999999976,5429.0,0
2.623,13567.0,10860.0,8136.0,13563.5,10857.5,8134.5,4000.0,3000.0,2000.0,-5.5,-11.0,0.5,0.0,0.0,900.0,0.0,0.0,1.223999999999976,5431.0,0
2.624,13571.0,10863.0,8139.0,13567.5,10860.5,8136.5,4000.0,3000.0,3000.0,-6.16666666666606,-11.33333333333394,0.5,0.0,0.0,900.0,0.0,0.0,1.2249999999999759,5432.0,0
2.625,13574.0,10866.0,8141.0,13571.5,10863.5,8139.5,3000.0,3000.0,2000.0,-5.16666666666606,-10.33333333333394,0.5,0.0,0.0,900.0,0.0,0.0,1.2259999999999758,5433.0,0
2.626,13578.0,10868.0,8143.0,13574.5,10866.5,8141.5,4000.0,2000.0,2000.0,-4.83333333333394,-10.66666666666606,0.5,0.0,0.0,900.0,0.0,0.0,1.2269999999999757,5435.0,0
2.6270000000000002,13582.0,10871.0,8146.0,13578.5,10868.5,8143.5,4000.0,3000.0,3000.0,-5.5,-10.0,0.5,0.0,0.0,900.0,0.0,0.0,1.2279999999999756,5436.0,0
2.628,13586.0,10874.0,8148.0,13582.5,10871.5,8146.5,4000.0,3000.0,2000.0,-4.5,-9.0,0.5,0.0,0.0,900.0,0.0,0.0,1.2289999999999754,5438.0,0
2.629,13590.0,10877.0,8150.0,13586.5,10874.5,8148.5,4000.0,3000.0,2000.0,-5.16666666666606,-9.33333333333394,0.5,0.0,0.0,900.0,0.0,0.0,1.2299999999999753,5440.0,0
2.63,13594.0,10881.0,8153.0,13590.5,10877.5,8150.5,4000.0,4000.0,3000.0,-5.83333333333394,-9.66666666666606,0.5,0.0,0.0,900.0,0.0,0.0,1.2309999999999752,5441.0,0
2.6310000000000002,13598.0,10884.0,8155.0,13594.5,10881.5,8153.5,4000.0,3000.0,2000.0,-4.83333333333394,-9.66666666666606,0.5,0.0,0.0,900.0,0.0,0.0,1.2319999999999751,5443.0,0
2.632,13602.0,10887.0,8157.0,13598.5,10884.5,8155.5,4000.0,3000.0,2000.0,-5.5,-10.0,0.5,0.0,0.0,900.0,0.0,0.0,1.232999999999975,5445.0,0
2.633,13606.0,10890.0,8160.0,13602.5,10887.5,8157.5,4000.0,3000.0,3000.0,-6.16666666666606,-10.33333333333394,0.5,0.0,0.0,900.0,0.0,0.0,1.233999999999975,5446.0,0
2.634,13609.0,10893.0,8162.0,13606.5,10890.5,8160.5,3000.0,3000.0,2000.0,-5.16666666666606,-9.33333333333394,0.5,0.0,0.0,900.0,0.0,0.0,1.2349999999999748,5447.0,0
2.6350000000000002,13613.0,10896.0,8164.0,13609.5,10893.5,8162.5,4000.0,3000.0,2000.0,-4.83333333333394,-9.66666666666606,0.5,0.0,0.0,900.0,0.0,0.0,1.2359999999999747,5449.0,0
2.636,13617.0,10899.0,8167.0,13613.5,10896.5,8164.5,4000.0,3000.0,3000.0,-5.5,-10.0,0.5,0.0,0.0,900.0,0.0,0.0,1.2369999999999746,5450.0,0
2.637,13621.0,10902.0,8169.0,13617.5,10899.5,8167.5,4000.0,3000.0,2000.0,-4.5,-9.0,0.5,0.0,0.0,900.0,0.0,0.0,1.2379999999999745,5452.0,0
2.638,13625.0,10905.0,8171.0,13621.5,10902.5,8169.5,4000.0,3000.0,2000.0,-5.16666666666606,-9.33333333333394,0.5,0.0,0.0,900.0,0.0,0.0,1.2389999999999743,5454.0,0
2.6390000000000002,13629.0,10908.0,8174.0,13625.5,10905.5,8171.5,4000.0,3000.0,3000.0,-5.83333333333394,-9.66666666666606,0.5,0.0,0.0,900.0,0.0,0.0,1.2399999999999742,5455.0,0
2.64,13633.0,10912.0,8176.0,13629.5,10908.5,8174.5,4000.0,4000.0,2000.0,-4.83333333333394,-8.66666666666606,0.5,0.0,0.0,900.0,0.0,0.0,1.2409999999999741,5457.0,0
2.641,13637.0,10915.0,8178.0,13633.5,10912.5,8176.5,4000.0,3000.0,2000.0,-5.5,-10.0,0.5,0.0,0.0,900.0,0.0,0.0,1.241999999999974,5459.0,0
2.642,13641.0,10917.0,8181.0,13637.5,10915.5,8178.5,4000.0,2000.0,3000.0,-6.16666666666606,-10.33333333333394,0.5,0.0,0.0,900.0,0.0,0.0,1.242999999999974,5460.0,0
2.6430000000000002,13645.0,10920.0,8183.0,13641.5,10917.5,8181.5,4000.0,3000.0,2000.0,-5.16666666666606,-8.33333333333394,0.5,0.0,0.0,900.0,0.0,0.0,1.2439999999999738,5462.0,0
2.644,13648.0,10923.0,8185.0,13645.5,10920.5,8183.5,3000.0,3000.0,2000.0,-5.83333333333394,-8.66666666666606,0.5,0.0,0.0,900.0,0.0,0.0,1.2449999999999737,5463.0,0
2.645,13652.0,10926.0,8188.0,13648.5,10923.5,8185.5,4000.0,3000.0,3000.0,-5.5,-9.0,0.5,0.0,0.0,900.0,0.0,0.0,1.2459999999999736,5464.0,0
2.646,13656.0,10929.0,8190.0,13652.5,10926.5,8188.5,4000.0,3000.0,2000.0,-4.5,-8.0,0.5,0.0,0.0,900.0,0.0,0.0,1.2469999999999735,5466.0,0
2.6470000000000002,13660.0,10932.0,8193.0,13656.5,10929.5,8190.5,4000.0,3000.0,3000.0,-5.16666666666606,-8.33333333333394,0.5,0.0,0.0,900.0,0.0,0.0,1.2479999999999734,5467.0,0
2.648,13664.0,10935.0,8195.0,13660.5,10932.5,8193.5,4000.0,3000.0,2000.0,-4.16666666666606,-7.33333333333394,0.5,0.0,0.0,900.0,0.0,0.0,1.2489999999999732,5469.0,0
2.649,13668.0,10938.0,8197.0,13664.5,10935.5,8195.5,4000.0,3000.0,2000.0,-4.83333333333394,-7.66666666666606,0.5,0.0,0.0,900.0,0.0,0.0,1.2499999999999731,5471.0,0
2.65,13672.0,10941.0,8200.0,13668.5,10938.5,8197.5,4000.0,3000.0,3000.0,-5.5,-8.0,0.5,0.0,0.0,900.0,0.0,0.0,1.250999999999973,5472.0,0
2.6510000000000002,13676.0,10944.0,8202.0,13672.5,10941.5,8200.5,4000.0,3000.0,2000.0,-4.5,-7.0,0.5,0.0,0.0,900.0,0.0,0.0,1.251999999999973,5474.0,0
2.652,13680.0,10947.0,8204.0,13676.5,10944.5,8202.5,4000.0,3000.0,2000.0,-5.16666666666606,-7.33333333333394,0.5,0.0,0.0,900.0,0.0,0.0,1.2529999999999728,5476.0,0
2.653,13683.0,10951.0,8207.0,13680.5,10947.5,8204.5,3000.0,4000.0,3000.0,-5.83333333333394,-7.66666666666606,0.5,0.0,0.0,900.0,0.0,0.0,1.2539999999999727,5476.0,0
2.654,13687.0,10954.0,8209.0,13683.5,10951.5,8207.5,4000.0,3000.0,2000.0,-3.8333333333339397,-7.66666666666606,0.5,0.0,0.0,900.0,0.0,0.0,1.2549999999999726,5478.0,0
2.6550000000000002,13691.0,10957.0,8211.0,13687.5,10954.5,8209.5,4000.0,3000.0,2000.0,-4.5,-8.0,0.5,0.0,0.0,900.0,0.0,0.0,1.2559999999999725,5480.0,0
2.656,13695.0,10960.0,8214.0,13691.5,10957.5,8211.5,4000.0,3000.0,3000.0,-5.16666666666606,-8.33333333333394,0.5,0.0,0.0,900.0,0.0,0.0,1.2569999999999724,5481.0,0
2.657,13699.0,10963.0,8216.0,13695.5,10960.5,8214.5,4000.0,3000.0,2000.0,-4.16666666666606,-7.33333333333394,0.5,0.0,0.0,900.0,0.0,0.0,1.2579999999999723,5483.0,0
2.658,13703.0,10966.0,8218.0,13699.5,10963.5,8216.5,4000.0,3000.0,2000.0,-4.83333333333394,-7.66666666666606,0.5,0.0,0.0,900.0,0.0,0.0,1.2589999999999721,5485.0,0
2.6590000000000003,13707.0,10969.0,8221.0,13703.5,10966.5,8218.5,4000.0,3000.0,3000.0,-5.5,-8.0,0.5,0.0,0.0,900.0,0.0,0.0,1.259999999999972,5486.0,0
2.66,13711.0,10972.0,8223.0,13707.5,10969.5,8221.5,4000.0,3000.0,2000.0,-4.5,-7.0,0.5,0.0,0.0,900.0,0.0,0.0,1.260999999999972,5488.0,0
2.661,13715.0,10975.0,8225.0,13711.5,10972.5,8223.5,4000.0,3000.0,2000.0,-5.16666666666606,-7.33333333333394,0.5,0.0,0.0,900.0,0.0,0.0,1.2619999999999718,5490.0,0
2.662,13719.0,10978.0,8228.0,13715.5,10975.5,8225.5,4000.0,3000.0,3000.0,-5.83333333333394,-7.66666666666606,0.5,0.0,0.0,900.0,0.0,0.0,1.2629999999999717,5491.0,0
2.6630000000000003,13722.0,10981.0,8230.0,13719.5,10978.5,8228.5,3000.0,3000.0,2000.0,-4.83333333333394,-6.66666666666606,0.5,0.0,0.0,900.0,0.0,0.0,1.2639999999999716,5492.0,0
2.664,13726.0,10984.0,8232.0,13722.5,10981.5,8230.5,4000.0,3000.0,2000.0,-4.5,-7.0,0.5,0.0,0.0,900.0,0.0,0.0,1.2649999999999715,5494.0,0
2.665,13730.0,10987.0,8235.0,13726.5,10984.5,8232.5,4000.0,3000.0,3000.0,-5.16666666666606,-7.33333333333394,0.5,0.0,0.0,900.0,0.0,0.0,1.2659999999999714,5495.0,0
2.666,13734.0,10990.0,8237.0,13730.5,10987.5,8235.5,4000.0,3000.0,2000.0,-4.16666666666606,-6.33333333333394,0.5,0.0,0.0,900.0,0.0,0.0,1.2669999999999713,5497.0,0
2.6670000000000003,13738.0,10993.0,8239.0,13734.5,10990.5,8237.5,4000.0,3000.0,2000.0,-4.83333333333394,-6.66666666666606,0.5,0.0,0.0,900.0,0.0,0.0,1.2679999999999712,5499.0,0
2.668,13742.0,10996.0,8242.0,13738.5,10993.5,8239.5,4000.0,3000.0,3000.0,-5.5,-7.0,0.5,0.0,0.0,900.0,0.0,0.0,1.268999999999971,5500.0,0
2.669,13746.0,10999.0,8244.0,13742.5,10996.5,8242.5,4000.0,3000.0,2000.0,-4.5,-6.0,0.5,0.0,0.0,900.0,0.0,0.0,1.269999999999971,5502.0,0
2.67,13750.0,11002.0,8246.0,13746.5,10999.5,8244.5,4000.0,3000.0,2000.0,-5.16666666666606,-6.33333333333394,0.5,0.0,0.0,900.0,0.0,0.0,1.2709999999999708,5504.0,0
2.6710000000000003,13754.0,11005.0,8249.0,13750.5,11002.5,8246.5,4000.0,3000.0,3000.0,-5.83333333333394,-6.66666666666606,0.5,0.0,0.0,900.0,0.0,0.0,1.2719999999999707,5505.0,0
2.672,13757.0,11008.0,8251.0,13754.5,11005.5,8249.5,3000.0,3000.0,2000.0,-4.83333333333394,-5.66666666666606,0.5,0.0,0.0,900.0,0.0,0.0,1.2729999999999706,5506.0,0
2.673,13761.0,11011.0,8253.0,13757.5,11008.5,8251.5,4000.0,3000.0,2000.0,-4.5,-6.0,0.5,0.0,0.0,900.0,0.0,0.0,1.2739999999999705,5508.0,0
2.674,13765.0,11014.0,8256.0,13761.5,11011.5,8253.5,4000.0,3000.0,3000.0,-5.16666666666606,-6.33333333333394,0.5,0.0,0.0,900.0,0.0,0.0,1.2749999999999704,5509.0,0
2.6750000000000003,13769.0,11017.0,8258.0,13765.5,11014.5,8256.5,4000.0,3000.0,2000.0,-4.16666666666606,-5.33333333333394,0.5,0.0,0.0,900.0,0.0,0.0,1.2759999999999703,5511.0,0
2.676,13773.0,11020.0,8260.0,13769.5,11017.5,8258.5,4000.0,3000.0,2000.0,-4.83333333333394,-5.66666666666606,0.5,0.0,0.0,900.0,0.0,0.0,1.2769999999999702,5513.0,0
2.677,13777.0,11023.0,8263.0,13773.5,11020.5,8260.5,4000.0,3000.0,3000.0,-5.5,-6.0,0.5,0.0,0.0,900.0,0.0,0.0,1.27799999999997,5514.0,0
2.678,13781.0,11026.0,8265.0,13777.5,11023.5,8263.5,4000.0,3000.0,2000.0,-4.5,-5.0,0.5,0.0,0.0,900.0,0.0,0.0,1.27899999999997,5516.0,0
2.6790000000000003,13785.0,11029.0,8267.0,13781.5,11026.5,8265.5,4000.0,3000.0,2000.0,-5.16666666666606,-5.33333333333394,0.5,0.0,0.0,900.0,0.0,0.0,1.2799999999999698,5518.0,0
2.68,13789.0,11032.0,8270.0,13785.5,11029.5,8267.5,4000.0,3000.0,3000.0,-5.83333333333394,-5.66666666666606,0.5,0.0,0.0,900.0,0.0,0.0,1.2809999999999697,5519.0,0
2.681,13792.0,11035.0,8272.0,13789.5,11032.5,8270.5,3000.0,3000.0,2000.0,-4.83333333333394,-4.66666666666606,0.5,0.0,0.0,900.0,0.0,0.0,1.2819999999999696,5520.0,0
2.682,13796.0,11038.0,8274.0,13792.5,11035.5,8272.5,4000.0,3000.0,2000.0,-4.5,-5.0,0.5,0.0,0.0,900.0,0.0,0.0,1.2829999999999695,5522.0,0
2.6830000000000003,13800.0,11041.0,8277.0,13796.5,11038.5,8274.5,4000.0,3000.0,3000.0,-5.16666666666606,-5.33333333333394,0.5,0.0,0.0,900.0,0.0,0.0,1.2839999999999694,5523.0,0
2.684,13804.0,11045.0,8279.0,13800.5,11041.5,8277.5,4000.0,4000.0,2000.0,-4.16666666666606,-4.33333333333394,0.5,0.0,0.0,900.0,0.0,0.0,1.2849999999999693,5525.0,0
2.685,13808.0,11048.0,8281.0,13804.5,11045.5,8279.5,4000.0,3000.0,2000.0,-4.83333333333394,-5.66666666666606,0.5,0.0,0.0,900.0,0.0,0.0,1.2859999999999692,5527.0,0
2.686,13812.0,11051.0,8284.0,13808.5,11048.5,8281.5,4000.0,3000.0,3000.0,-5.5,-6.0,0.5,0.0,0.0,900.0,0.0,0.0,1.286999999999969,5528.0,0
2.6870000000000003,13816.0,11054.0,8286.0,13812.5,11051.5,8284.5,4000.0,3000.0,2000.0,-4.5,-5.0,0.5,0.0,0.0,900.0,0.0,0.0,1.287999999999969,5530.0,0
2.688,13820.0,11057.0,8288.0,13816.5,11054.5,8286.5,4000.0,3000.0,2000.0,-5.16666666666606,-5.33333333333394,0.5,0.0,0.0,900.0,0.0,0.0,1.2889999999999688,5532.0,0
2.689,13824.0,11060.0,8291.0,13820.5,11057.5,8288.5,4000.0,3000.0,3000.0,-5.83333333333394,-5.66666666666606,0.5,0.0,0.0,900.0,0.0,0.0,1.2899999999999687,5533.0,0
2.69,13828.0,11063.0,8293.0,13824.5,11060.5,8291.5,4000.0,3000.0,2000.0,-4.83333333333394,-4.66666666666606,0.5,0.0,0.0,900.0,0.0,0.0,1.2909999999999686,5535.0,0
2.691,13831.0,11066.0,8295.0,13828.5,11063.5,8293.5,3000.0,3000.0,2000.0,-5.5,-5.0,0.5,0.0,0.0,900.0,0.0,0.0,1.2919999999999685,5536.0,0
2.692,13835.0,11069.0,8298.0,13831.5,11066.5,8295.5,4000.0,3000.0,3000.0,-5.16666666666606,-5.33333333333394,0.5,0.0,0.0,900.0,0.0,0.0,1.2929999999999684,5537.0,0
2.693,13839.0,11072.0,8300.0,13835.5,11069.5,8298.5,4000.0,3000.0,2000.0,-4.16666666666606,-4.33333333333394,0.5,0.0,0.0,900.0,0.0,0.0,1.2939999999999683,5539.0,0
2.694,13843.0,11075.0,8302.0,13839.5,11072.5,8300.5,4000.0,3000.0,2000.0,-4.83333333333394,-4.66666666666606,0.5,0.0,0.0,900.0,0.0,0.0,1.2949999999999682,5541.0,0
2.695,13847.0,11078.0,8305.0,13843.5,11075.5,8302.5,4000.0,3000.0,3000.0,-5.5,-5.0,0.5,0.0,0.0,900.0,0.0,0.0,1.295999999999968,5542.0,0
2.696,13851.0,11081.0,8307.0,13847.5,11078.5,8305.5,4000.0,3000.0,2000.0,-4.5,-4.0,0.5,0.0,0.0,900.0,0.0,0.0,1.296999999999968,5544.0,0
2.697,13855.0,11084.0,8310.0,13851.5,11081.5,8307.5,4000.0,3000.0,3000.0,-5.16666666666606,-4.33333333333394,0.5,0.0,0.0,900.0,0.0,0.0,1.2979999999999678,5545.0,0
2.698,13859.0,11087.0,8312.0,13855.5,11084.5,8310.5,4000.0,3000.0,2000.0,-4.16666666666606,-3.3333333333339397,0.5,0.0,0.0,900.0,0.0,0.0,1.2989999999999677,5547.0,0
2.699,13863.0,11090.0,8314.0,13859.5,11087.5,8312.5,4000.0,3000.0,2000.0,-4.83333333333394,-3.6666666666660603,0.5,0.0,0.0,900.0,0.0,0.0,1.2999999999999676,5549.0,0
2.7,13866.0,11093.0,8317.0,13863.5,11090.5,8314.5,3000.0,3000.0,3000.0,-5.5,-4.0,0.5,0.0,0.0,900.0,0.0,0.0,1.3009999999999675,5549.0,0
2.701,13870.0,11096.0,8319.0,13866.5,11093.5,8317.5,4000.0,3000.0,2000.0,-3.5,-3.0,0.5,0.0,0.0,900.0,0.0,0.0,1.3019999999999674,5551.0,0
2.702,13874.0,11099.0,8321.0,13870.5,11096.5,8319.5,4000.0,3000.0,2000.0,-4.16666666666606,-3.3333333333339397,0.5,0.0,0.0,900.0,0.0,0.0,1.3029999999999673,5553.0,0
2.703,13878.0,11102.0,8324.0,13874.5,11099.5,8321.5,4000.0,3000.0,3000.0,-4.83333333333394,-3.6666666666660603,0.5,0.0,0.0,900.0,0.0,0.0,1.3039999999999672,5554.0,0
2.704,13882.0,11105.0,8326.0,13878.5,11102.5,8324.5,4000.0,3000.0,2000.0,-3.8333333333339397,-2.6666666666660603,0.5,0.0,0.0,900.0,0.0,0.0,1.304999999999967,5556.0,0
2.705,13886.0,11108.0,8328.0,13882.5,11105.5,8326.5,4000.0,3000.0,2000.0,-4.5,-3.0,0.5,0.0,0.0,900.0,0.0,0.0,1.305999999999967,5558.0,0
2.706,13890.0,11111.0,8331.0,13886.5,11108.5,8328.5,4000.0,3000.0,3000.0,-5.16666666666606,-3.3333333333339397,0.5,0.0,0.0,900.0,0.0,0.0,1.3069999999999669,5559.0,0
2.707,13894.0,11114.0,8333.0,13890.5,11111.5,8331.5,4000.0,3000.0,2000.0,-4.16666666666606,-2.3333333333339397,0.5,0.0,0.0,900.0,0.0,0.0,1.3079999999999667,5561.0,0
2.708,13898.0,11117.0,8335.0,13894.5,11114.5,8333.5,4000.0,3000.0,2000.0,-4.83333333333394,-2.6666666666660603,0.5,0.0,0.0,900.0,0.0,0.0,1.3089999999999666,5563.0,0
2.709,13902.0,11120.0,8338.0,13898.5,11117.5,8335.5,4000.0,3000.0,3000.0,-5.5,-3.0,0.5,0.0,0.0,900.0,0.0,0.0,1.3099999999999665,5564.0,0
2.71,13905.0,11123.0,8340.0,13902.5,11120.5,8338.5,3000.0,3000.0,2000.0,-4.5,-2.0,0.5,0.0,0.0,900.0,0.0,0.0,1.3109999999999664,5565.0,0
2.711,13909.0,11126.0,8342.0,13905.5,11123.5,8340.5,4000.0,3000.0,2000.0,-4.16666666666606,-2.3333333333339397,0.5,0.0,0.0,900.0,0.0,0.0,1.3119999999999663,5567.0,0
2.712,13913.0,11129.0,8345.0,13909.5,11126.5,8342.5,4000.0,3000.0,3000.0,-4.83333333333394,-2.6666666666660603,0.5,0.0,0.0,900.0,0.0,0.0,1.3129999999999662,5568.0,0
2.713,13917.0,11132.0,8347.0,13913.5,11129.5,8345.5,4000.0,3000.0,2000.0,-3.8333333333339397,-1.6666666666660603,0.5,0.0,0.0,900.0,0.0,0.0,1.313999999999966,5570.0,0
2.714,13921.0,11135.0,8349.0,13917.5,11132.5,8347.5,4000.0,3000.0,2000.0,-4.5,-2.0,0.5,0.0,0.0,900.0,0.0,0.0,1.314999999999966,5572.0,0
2.715,13925.0,11139.0,8352.0,13921.5,11135.5,8349.5,4000.0,4000.0,3000.0,-5.16666666666606,-2.3333333333339397,0.5,0.0,0.0,900.0,0.0,0.0,1.3159999999999659,5573.0,0
2.716,13929.0,11142.0,8354.0,13925.5,11139.5,8352.5,4000.0,3000.0,2000.0,-4.16666666666606,-2.3333333333339397,0.5,0.0,0.0,900.0,0.0,0.0,1.3169999999999658,5575.0,0
2.717,13933.0,11145.0,8356.0,13929.5,11142.5,8354.5,4000.0,3000.0,2000.0,-4.83333333333394,-2.6666666666660603,0.5,0.0,0.0,900.0,0.0,0.0,1.3179999999999656,5577.0,0
2.718,13937.0,11148.0,8359.0,13933.5,11145.5,8356.5,4000.0,3000.0,3000.0,-5.5,-3.0,0.5,0.0,0.0,900.0,0.0,0.0,1.3189999999999655,5578.0,0
2.719,13940.0,11151.0,8361.0,13937.5,11148.5,8359.5,3000.0,3000.0,2000.0,-4.5,-2.0,0.5,0.0,0.0,900.0,0.0,0.0,1.3199999999999654,5579.0,0
2.72,13944.0,11154.0,8363.0,13940.5,11151.5,8361.5,4000.0,3000.0,2000.0,-4.16666666666606,-2.3333333333339397,0.5,0.0,0.0,900.0,0.0,0.0,1.3209999999999653,5581.0,0
2.721,13948.0,11157.0,8366.0,13944.5,11154.5,8363.5,4000.0,3000.0,3000.0,-4.83333333333394,-2.6666666666660603,0.5,0.0,0.0,900.0,0.0,0.0,1.3219999999999652,5582.0,0
2.722,13952.0,11160.0,8368.0,13948.5,11157.5,8366.5,4000.0,3000.0,2000.0,-3.8333333333339397,-1.6666666666660603,0.5,0.0,0.0,900.0,0.0,0.0,1.322999999999965,5584.0,0
2.723,13956.0,11163.0,8370.0,13952.5,11160.5,8368.5,4000.0,3000.0,2000.0,-4.5,-2.0,0.5,0.0,0.0,900.0,0.0,0.0,1.323999999999965,5586.0,0
2.724,13960.0,11166.0,8373.0,13956.5,11163.5,8370.5,4000.0,3000.0,3000.0,-5.16666666666606,-2.3333333333339397,0.5,0.0,0.0,900.0,0.0,0.0,1.3249999999999649,5587.0,0
2.725,13964.0,11169.0,8375.0,13960.5,11166.5,8373.5,4000.0,3000.0,2000.0,-4.16666666666606,-1.3333333333339397,0.5,0.0,0.0,900.0,0.0,0.0,1.3259999999999648,5589.0,0
2.726,13968.0,11172.0,8377.0,13964.5,11169.5,8375.5,4000.0,3000.0,2000.0,-4.83333333333394,-1.6666666666660603,0.5,0.0,0.0,900.0,0.0,0.0,1.3269999999999647,5591.0,0
2.727,13972.0,11175.0,8380.0,13968.5,11172.5,8377.5,4000.0,3000.0,3000.0,-5.5,-2.0,0.5,0.0,0.0,900.0,0.0,0.0,1.3279999999999645,5592.0,0
2.728,13976.0,11178.0,8382.0,13972.5,11175.5,8380.5,4000.0,3000.0,2000.0,-4.5,-1.0,0.5,0.0,0.0,900.0,0.0,0.0,1.3289999999999644,5594.0,0
2.729,13979.0,11181.0,8384.0,13976.5,11178.5,8382.5,3000.0,3000.0,2000.0,-5.16666666666606,-1.3333333333339397,0.5,0.0,0.0,900.0,0.0,0.0,1.3299999999999643,5595.0,0
2.73,13983.0,11184.0,8387.0,13979.5,11181.5,8384.5,4000.0,3000.0,3000.0,-4.83333333333394,-1.6666666666660603,0.5,0.0,0.0,900.0,0.0,0.0,1.3309999999999642,5596.0,0
2.731,13987.0,11187.0,8389.0,13983.5,11184.5,8387.5,4000.0,3000.0,2000.0,-3.8333333333339397,-0.6666666666660603,0.5,0.0,0.0,900.0,0.0,0.0,1.331999999999964,5598.0,0
2.732,13991.0,11190.0,8391.0,13987.5,11187.5,8389.5,4000.0,3000.0,2000.0,-4.5,-1.0,0.5,0.0,0.0,900.0,0.0,0.0,1.332999999999964,5600.0,0
2.733,13995.0,11193.0,8394.0,13991.5,11190.5,8391.5,4000.0,3000.0,3000.0,-5.16666666666606,-1.3333333333339397,0.5,0.0,0.0,900.0,0.0,0.0,1.3339999999999639,5601.0,0
2.734,13999.0,11196.0,8396.0,13995.5,11193.5,8394.5,4000.0,3000.0,2000.0,-4.16666666666606,-0.33333333333393966,0.5,0.0,0.0,900.0,0.0,0.0,1.3349999999999638,5603.0,0
2.735,14003.0,11199.0,8398.0,13999.5,11196.5,8396.5,4000.0,3000.0,2000.0,-4.83333333333394,-0.6666666666660603,0.5,0.0,0.0,900.0,0.0,0.0,1.3359999999999637,5605.0,0
2.736,14007.0,11202.0,8401.0,14003.5,11199.5,8398.5,4000.0,3000.0,3000.0,-5.5,-1.0,0.5,0.0,0.0,900.0,0.0,0.0,1.3369999999999636,5606.0,0
2.737,14011.0,11205.0,8403.0,14007.5,11202.5,8401.5,4000.0,3000.0,2000.0,-4.5,0.0,0.5,0.0,0.0,900.0,0.0,0.0,1.3379999999999634,5608.0,0
2.738,14014.0,11208.0,8405.0,14011.5,11205.5,8403.5,3000.0,3000.0,2000.0,-5.16666666666606,-0.33333333333393966,0.5,0.0,0.0,900.0,0.0,0.0,1.3389999999999633,5609.0,0
2.739,14018.0,11211.0,8408.0,14014.5,11208.5,8405.5,4000.0,3000.0,3000.0,-4.83333333333394,-0.6666666666660603,0.5,0.0,0.0,900.0,0.0,0.0,1.3399999999999632,5610.0,0
2.74,14022.0,11214.0,8410.0,14018.5,11211.5,8408.5,4000.0,3000.0,2000.0,-3.8333333333339397,0.33333333333393966,0.5,0.0,0.0,900.0,0.0,0.0,1.340999999999963,5612.0,0
2.741,14026.0,11217.0,8412.0,14022.5,11214.5,8410.5,4000.0,3000.0,2000.0,-4.5,0.0,0.5,0.0,0.0,900.0,0.0,0.0,1.341999999999963,5614.0,0
2.742,14030.0,11220.0,8415.0,14026.5,11217.5,8412.5,4000.0,3000.0,3000.0,-5.16666666666606,-0.33333333333393966,0.5,0.0,0.0,900.0,0.0,0.0,1.342999999999963,5615.0,0
2.743,14034.0,11223.0,8417.0,14030.5,11220.5,8415.5,4000.0,3000.0,2000.0,-4.375,0.5,0.375,0.0,0.0,900.0,0.0,0.0,1.3439999999999628,5617.0,0
2.744,14038.0,11226.0,8419.0,14034.5,11223.5,8417.5,4000.0,3000.0,2000.0,-4.83333333333394,0.33333333333393966,0.5,0.0,0.0,900.0,0.0,0.0,1.3449999999999627,5619.0,0
2.745,14042.0,11229.0,8422.0,14038.5,11226.5,8419.5,4000.0,3000.0,3000.0,-5.5,0.0,0.5,0.0,0.0,900.0,0.0,0.0,1.3459999999999626,5620.0,0
2.746,14046.0,11233.0,8424.0,14042.5,11229.5,8422.5,4000.0,4000.0,2000.0,-5.125,0.5,0.125,0.0,0.0,900.0,0.0,0.0,1.3469999999999624,5622.0,0
2.747,14049.0,11236.0,8426.0,14046.5,11233.5,8424.5,3000.0,3000.0,2000.0,-5.16666666666606,-0.33333333333393966,0.5,0.0,0.0,900.0,0.0,0.0,1.3479999999999623,5623.0,0
2.748,14053.0,11239.0,8429.0,14049.5,11236.5,8426.5,4000.0,3000.0,3000.0,-4.83333333333394,-0.6666666666660603,0.5,0.0,0.0,900.0,0.0,0.0,1.3489999999999622,5624.0,0
2.749,14057.0,11242.0,8431.0,14053.5,11239.5,8429.5,4000.0,3000.0,2000.0,-3.8333333333339397,0.33333333333393966,0.5,0.0,0.0,900.0,0.0,0.0,1.3499999999999621,5626.0,0
2.75,14061.0,11245.0,8434.0,14057.5,11242.5,8431.5,4000.0,3000.0,3000.0,-4.5,0.0,0.5,0.0,0.0,900.0,0.0,0.0,1.350999999999962,5627.0,0
2.751,14065.0,11248.0,8436.0,14061.5,11245.5,8434.5,4000.0,3000.0,2000.0,-4.125,0.5,0.125,0.0,0.0,900.0,0.0,0.0,1.351999999999962,5629.0,0
2.7520000000000002,14069.0,11251.0,8438.0,14065.5,11248.5,8436.5,4000.0,3000.0,2000.0,-4.375,0.5,0.375,0.0,0.0,900.0,0.0,0.0,1.3529999999999618,5631.0,0
2.753,14073.0,11254.0,8441.0,14069.5,11251.5,8438.5,4000.0,3000.0,3000.0,-4.83333333333394,0.33333333333393966,0.5,0.0,0.0,900.0,0.0,0.0,1.3539999999999617,5632.0,0
2.754,14077.0,11257.0,8443.0,14073.5,11254.5,8441.5,4000.0,3000.0,2000.0,-4.875,0.5,-0.125,0.0,0.0,900.0,0.0,0.0,1.3549999999999616,5634.0,0
2.755,14081.0,11260.0,8445.0,14077.5,11257.5,8443.5,4000.0,3000.0,2000.0,-5.125,0.5,0.125,0.0,0.0,900.0,0.0,0.0,1.3559999999999615,5636.0,0
2.7560000000000002,14085.0,11263.0,8448.0,14081.5,11260.5,8445.5,4000.0,3000.0,3000.0,-5.375,0.5,0.375,0.0,0.0,900.0,0.0,0.0,1.3569999999999613,5637.0,0
2.757,14088.0,11266.0,8450.0,14085.5,11263.5,8448.5,3000.0,3000.0,2000.0,-5.625,0.5,-0.375,0.0,0.0,900.0,0.0,0.0,1.3579999999999612,5638.0,0
2.758,14092.0,11269.0,8452.0,14088.5,11266.5,8450.5,4000.0,3000.0,2000.0,-4.875,0.5,-0.125,0.0,0.0,900.0,0.0,0.0,1.3589999999999611,5640.0,0
2.759,14096.0,11272.0,8455.0,14092.5,11269.5,8452.5,4000.0,3000.0,3000.0,-5.125,0.5,0.125,0.0,0.0,900.0,0.0,0.0,1.359999999999961,5641.0,0
2.7600000000000002,14100.0,11275.0,8457.0,14096.5,11272.5,8455.5,4000.0,3000.0,2000.0,-5.375,0.5,-0.625,0.0,0.0,900.0,0.0,0.0,1.360999999999961,5643.0,0
2.761,14104.0,11278.0,8459.0,14100.5,11275.5,8457.5,4000.0,3000.0,2000.0,-5.625,0.5,-0.375,0.0,0.0,900.0,0.0,0.0,1.3619999999999608,5645.0,0
2.762,14108.0,11281.0,8462.0,14104.5,11278.5,8459.5,4000.0,3000.0,3000.0,-5.875,0.5,-0.125,0.0,0.0,900.0,0.0,0.0,1.3629999999999607,5646.0,0
2.763,14112.0,11284.0,8464.0,14108.5,11281.5,8462.5,4000.0,3000.0,2000.0,-6.125,0.5,-0.875,0.0,0.0,900.0,0.0,0.0,1.3639999999999606,5648.0,0
2.7640000000000002,14116.0,11287.0,8466.0,14112.5,11284.5,8464.5,4000.0,3000.0,2000.0,-6.375,0.5,-0.625,0.0,0.0,900.0,0.0,0.0,1.3649999999999605,5650.0,0
2.765,14120.0,11290.0,8469.0,14116.5,11287.5,8466.5,4000.0,3000.0,3000.0,-6.625,0.5,-0.375,0.0,0.0,900.0,0.0,0.0,1.3659999999999604,5651.0,0
2.766,14123.0,11293.0,8471.0,14120.5,11290.5,8469.5,3000.0,3000.0,2000.0,-6.875,0.5,-1.125,0.0,0.0,900.0,0.0,0.0,1.3669999999999602,5652.0,0
2.767,14127.0,11296.0,8473.0,14123.5,11293.5,8471.5,4000.0,3000.0,2000.0,-6.125,0.5,-0.875,0.0,0.0,900.0,0.0,0.0,1.3679999999999601,5654.0,0
2.7680000000000002,14131.0,11299.0,8476.0,14127.5,11296.5,8473.5,4000.0,3000.0,3000.0,-6.375,0.5,-0.625,0.0,0.0,900.0,0.0,0.0,1.36899999999996,5655.0,0
2.769,14135.0,11302.0,8478.0,14131.5,11299.5,8476.5,4000.0,3000.0,2000.0,-6.625,0.5,-1.375,0.0,0.0,900.0,0.0,0.0,1.36999999999996,5657.0,0
2.77,14139.0,11305.0,8480.0,14135.5,11302.5,8478.5,4000.0,3000.0,2000.0,-6.875,0.5,-1.125,0.0,0.0,900.0,0.0,0.0,1.3709999999999598,5659.0,0
2.771,14143.0,11308.0,8483.0,14139.5,11305.5,8480.5,4000.0,3000.0,3000.0,-7.125,0.5,-0.875,0.0,0.0,900.0,0.0,0.0,1.3719999999999597,5660.0,0
2.7720000000000002,14147.0,11311.0,8485.0,14143.5,11308.5,8483.5,4000.0,3000.0,2000.0,-7.375,0.5,-1.625,0.0,0.0,900.0,0.0,0.0,1.3729999999999596,5662.0,0
2.773,14151.0,11314.0,8487.0,14147.5,11311.5,8485.5,4000.0,3000.0,2000.0,-7.625,0.5,-1.375,0.0,0.0,900.0,0.0,0.0,1.3739999999999595,5664.0,0
2.774,14155.0,11317.0,8490.0,14151.5,11314.5,8487.5,4000.0,3000.0,3000.0,-7.875,0.5,-1.125,0.0,0.0,900.0,0.0,0.0,1.3749999999999594,5665.0,0
2.775,14159.0,11320.0,8492.0,14155.5,11317.5,8490.5,4000.0,3000.0,2000.0,-8.125,0.5,-1.875,0.0,0.0,900.0,0.0,0.0,1.3759999999999593,5667.0,0
2.7760000000000002,14162.0,11323.0,8494.0,14159.5,11320.5,8492.5,3000.0,3000.0,2000.0,-8.375,0.5,-1.625,0.0,0.0,900.0,0.0,0.0,1.3769999999999591,5668.0,0
2.777,14166.0,11327.0,8497.0,14162.5,11323.5,8494.5,4000.0,4000.0,3000.0,-7.625,0.5,-1.375,0.0,0.0,900.0,0.0,0.0,1.377999999999959,5669.0,0
2.778,14170.0,11330.0,8499.0,14166.5,11327.5,8497.5,4000.0,3000.0,2000.0,-6.625,0.5,-1.375,0.0,0.0,900.0,0.0,0.0,1.378999999999959,5671.0,0
2.779,14174.0,11333.0,8501.0,14170.5,11330.5,8499.5,4000.0,3000.0,2000.0,-6.875,0.5,-1.125,0.0,0.0,900.0,0.0,0.0,1.3799999999999588,5673.0,0
2.7800000000000002,14178.0,11336.0,8504.0,14174.5,11333.5,8501.5,4000.0,3000.0,3000.0,-7.125,0.5,-0.875,0.0,0.0,900.0,0.0,0.0,1.3809999999999587,5674.0,0
2.781,14182.0,11339.0,8506.0,14178.5,11336.5,8504.5,4000.0,3000.0,2000.0,-7.375,0.5,-1.625,0.0,0.0,900.0,0.0,0.0,1.3819999999999586,5676.0,0
2.782,14186.0,11342.0,8508.0,14182.5,11339.5,8506.5,4000.0,3000.0,2000.0,-7.625,0.5,-1.375,0.0,0.0,900.0,0.0,0.0,1.3829999999999585,5678.0,0
2.783,14190.0,11345.0,8511.0,14186.5,11342.5,8508.5,4000.0,3000.0,3000.0,-7.875,0.5,-1.125,0.0,0.0,900.0,0.0,0.0,1.3839999999999584,5679.0,0
2.7840000000000003,14194.0,11348.0,8513.0,14190.5,11345.5,8511.5,4000.0,3000.0,2000.0,-8.125,0.5,-1.875,0.0,0.0,900.0,0.0,0.0,1.3849999999999583,5681.0,0
2.785,14197.0,11351.0,8515.0,14194.5,11348.5,8513.5,3000.0,3000.0,2000.0,-8.375,0.5,-1.625,0.0,0.0,900.0,0.0,0.0,1.3859999999999582,5682.0,0
2.786,14201.0,11354.0,8518.0,14197.5,11351.5,8515.5,4000.0,3000.0,3000.0,-7.625,0.5,-1.375,0.0,0.0,900.0,0.0,0.0,1.386999999999958,5683.0,0
2.787,14205.0,11357.0,8520.0,14201.5,11354.5,8518.5,4000.0,3000.0,2000.0,-7.875,0.5,-2.125,0.0,0.0,900.0,0.0,0.0,1.387999999999958,5685.0,0
2.7880000000000003,14209.0,11360.0,8522.0,14205.5,11357.5,8520.5,4000.0,3000.0,2000.0,-8.125,0.5,-1.875,0.0,0.0,900.0,0.0,0.0,1.3889999999999578,5687.0,0
2.789,14213.0,11363.0,8525.0,14209.5,11360.5,8522.5,4000.0,3000.0,3000.0,-8.375,0.5,-1.625,0.0,0.0,900.0,0.0,0.0,1.3899999999999577,5688.0,0
2.79,14217.0,11366.0,8527.0,14213.5,11363.5,8525.5,4000.0,3000.0,2000.0,-8.625,0.5,-2.375,0.0,0.0,900.0,0.0,0.0,1.3909999999999576,5690.0,0
2.791,14221.0,11369.0,8529.0,14217.5,11366.5,8527.5,4000.0,3000.0,2000.0,-8.875,0.5,-2.125,0.0,0.0,900.0,0.0,0.0,1.3919999999999575,5692.0,0
2.7920000000000003,14225.0,11372.0,8532.0,14221.5,11369.5,8529.5,4000.0,3000.0,3000.0,-9.125,0.5,-1.875,0.0,0.0,900.0,0.0,0.0,1.3929999999999574,5693.0,0
2.793,14229.0,11375.0,8534.0,14225.5,11372.5,8532.5,4000.0,3000.0,2000.0,-9.375,0.5,-2.625,0.0,0.0,900.0,0.0,0.0,1.3939999999999573,5695.0,0
2.794,14232.0,11378.0,8536.0,14229.5,11375.5,8534.5,3000.0,3000.0,2000.0,-9.625,0.5,-2.375,0.0,0.0,900.0,0.0,0.0,1.3949999999999572,5696.0,0
2.795,14236.0,11381.0,8539.0,14232.5,11378.5,8536.5,4000.0,3000.0,3000.0,-8.875,0.5,-2.125,0.0,0.0,900.0,0.0,0.0,1.395999999999957,5697.0,0
2.7960000000000003,14240.0,11384.0,8541.0,14236.5,11381.5,8539.5,4000.0,3000.0,2000.0,-9.125,0.5,-2.875,0.0,0.0,900.0,0.0,0.0,1.396999999999957,5699.0,0
2.797,14244.0,11387.0,8543.0,14240.5,11384.5,8541.5,4000.0,3000.0,2000.0,-9.375,0.5,-2.625,0.0,0.0,900.0,0.0,0.0,1.3979999999999568,5701.0,0
2.798,14248.0,11390.0,8546.0,14244.5,11387.5,8543.5,4000.0,3000.0,3000.0,-9.625,0.5,-2.375,0.0,0.0,900.0,0.0,0.0,1.3989999999999567,5702.0,0
2.799,14252.0,11393.0,8548.0,14248.5,11390.5,8546.5,4000.0,3000.0,2000.0,-9.875,0.5,-3.125,0.0,0.0,900.0,0.0,0.0,1.3999999999999566,5704.0,0
2.8000000000000003,14256.0,11396.0,8551.0,14252.5,11393.5,8548.5,4000.0,3000.0,3000.0,-10.125,0.5,-2.875,0.0,0.0,900.0,0.0,0.0,1.4009999999999565,5705.0,0
2.801,14259.0,11399.0,8553.0,14256.5,11396.5,8551.5,3000.0,3000.0,2000.0,-10.375,0.5,-3.625,0.0,0.0,900.0,0.0,0.0,1.4019999999999564,5706.0,0
2.802,14263.0,11402.0,8555.0,14259.5,11399.5,8553.5,4000.0,3000.0,2000.0,-9.625,0.5,-3.375,0.0,0.0,900.0,0.0,0.0,1.4029999999999563,5708.0,0
2.803,14267.0,11405.0,8558.0,14263.5,11402.5,8555.5,4000.0,3000.0,3000.0,-9.875,0.5,-3.125,0.0,0.0,900.0,0.0,0.0,1.4039999999999562,5709.0,0
2.8040000000000003,14270.0,11408.0,8560.0,14267.5,11405.5,8558.5,3000.0,3000.0,2000.0,-10.125,0.5,-3.875,0.0,0.0,900.0,0.0,0.0,1.404999999999956,5710.0,0
2.805,14274.0,11411.0,8562.0,14270.5,11408.5,8560.5,4000.0,3000.0,2000.0,-9.375,0.5,-3.625,0.0,0.0,900.0,0.0,0.0,1.405999999999956,5712.0,0
2.806,14278.0,11414.0,8565.0,14274.5,11411.5,8562.5,4000.0,3000.0,3000.0,-9.625,0.5,-3.375,0.0,0.0,900.0,0.0,0.0,1.4069999999999558,5713.0,0
2.807,14282.0,11418.0,8567.0,14278.5,11414.5,8565.5,4000.0,4000.0,2000.0,-9.875,0.5,-4.125,0.0,0.0,900.0,0.0,0.0,1.4079999999999557,5715.0,0
2.8080000000000003,14286.0,11421.0,8569.0,14282.5,11418.5,8567.5,4000.0,3000.0,2000.0,-8.875,0.5,-3.125,0.0,0.0,900.0,0.0,0.0,1.4089999999999556,5717.0,0
2.809,14290.0,11424.0,8572.0,14286.5,11421.5,8569.5,4000.0,3000.0,3000.0,-9.125,0.5,-2.875,0.0,0.0,900.0,0.0,0.0,1.4099999999999555,5718.0,0
2.81,14294.0,11427.0,8574.0,14290.5,11424.5,8572.5,4000.0,3000.0,2000.0,-9.375,0.5,-3.625,0.0,0.0,900.0,0.0,0.0,1.4109999999999554,5720.0,0
2.811,14298.0,11430.0,8576.0,14294.5,11427.5,8574.5,4000.0,3000.0,2000.0,-9.625,0.5,-3.375,0.0,0.0,900.0,0.0,0.0,1.4119999999999553,5722.0,0
2.8120000000000003,14301.0,11433.0,8579.0,14298.5,11430.5,8576.5,3000.0,3000.0,3000.0,-9.875,0.5,-3.125,0.0,0.0,900.0,0.0,0.0,1.4129999999999552,5722.0,0
2.813,14305.0,11436.0,8581.0,14301.5,11433.5,8579.5,4000.0,3000.0,2000.0,-9.125,0.5,-3.875,0.0,0.0,900.0,0.0,0.0,1.413999999999955,5724.0,0
2.814,14309.0,11439.0,8583.0,14305.5,11436.5,8581.5,4000.0,3000.0,2000.0,-9.375,0.5,-3.625,0.0,0.0,900.0,0.0,0.0,1.414999999999955,5726.0,0
2.815,14313.0,11442.0,8586.0,14309.5,11439.5,8583.5,4000.0,3000.0,3000.0,-9.625,0.5,-3.375,0.0,0.0,900.0,0.0,0.0,1.4159999999999549,5727.0,0
2.816,14317.0,11445.0,8588.0,14313.5,11442.5,8586.5,4000.0,3000.0,2000.0,-9.875,0.5,-4.125,0.0,0.0,900.0,0.0,0.0,1.4169999999999547,5729.0,0
2.817,14321.0,11448.0,8590.0,14317.5,11445.5,8588.5,4000.0,3000.0,2000.0,-10.125,0.5,-3.875,0.0,0.0,900.0,0.0,0.0,1.4179999999999546,5731.0,0
2.818,14324.0,11451.0,8593.0,14321.5,11448.5,8590.5,3000.0,3000.0,3000.0,-10.375,0.5,-3.625,0.0,0.0,900.0,0.0,0.0,1.4189999999999545,5731.0,0
2.819,14328.0,11454.0,8595.0,14324.5,11451.5,8593.5,4000.0,3000.0,2000.0,-9.625,0.5,-4.375,0.0,0.0,900.0,0.0,0.0,1.4199999999999544,5733.0,0
2.82,14332.0,11457.0,8597.0,14328.5,11454.5,8595.5,4000.0,3000.0,2000.0,-9.875,0.5,-4.125,0.0,0.0,900.0,0.0,0.0,1.4209999999999543,5735.0,0
2.821,14335.0,11460.0,8600.0,14332.5,11457.5,8597.5,3000.0,3000.0,3000.0,-10.125,0.5,-3.875,0.0,0.0,900.0,0.0,0.0,1.4219999999999542,5735.0,0
2.822,14339.0,11463.0,8602.0,14335.5,11460.5,8600.5,4000.0,3000.0,2000.0,-9.375,0.5,-4.625,0.0,0.0,900.0,0.0,0.0,1.422999999999954,5737.0,0
2.823,14343.0,11466.0,8604.0,14339.5,11463.5,8602.5,4000.0,3000.0,2000.0,-9.625,0.5,-4.375,0.0,0.0,900.0,0.0,0.0,1.423999999999954,5739.0,0
2.824,14347.0,11469.0,8607.0,14343.5,11466.5,8604.5,4000.0,3000.0,3000.0,-9.875,0.5,-4.125,0.0,0.0,900.0,0.0,0.0,1.4249999999999539,5740.0,0
2.825,14351.0,11472.0,8609.0,14347.5,11469.5,8607.5,4000.0,3000.0,2000.0,-10.125,0.5,-4.875,0.0,0.0,900.0,0.0,0.0,1.4259999999999537,5742.0,0
2.826,14354.0,11475.0,8611.0,14351.5,11472.5,8609.5,3000.0,3000.0,2000.0,-10.375,0.5,-4.625,0.0,0.0,900.0,0.0,0.0,1.4269999999999536,5743.0,0
2.827,14358.0,11478.0,8614.0,14354.5,11475.5,8611.5,4000.0,3000.0,3000.0,-9.625,0.5,-4.375,0.0,0.0,900.0,0.0,0.0,1.4279999999999535,5744.0,0
2.828,14361.0,11481.0,8616.0,14358.5,11478.5,8614.5,3000.0,3000.0,2000.0,-9.875,0.5,-5.125,0.0,0.0,900.0,0.0,0.0,1.4289999999999534,5745.0,0
2.829,14365.0,11484.0,8618.0,14361.5,11481.5,8616.5,4000.0,3000.0,2000.0,-9.125,0.5,-4.875,0.0,0.0,900.0,0.0,0.0,1.4299999999999533,5747.0,0
2.83,14369.0,11487.0,8621.0,14365.5,11484.5,8618.5,4000.0,3000.0,3000.0,-9.375,0.5,-4.625,0.0,0.0,900.0,0.0,0.0,1.4309999999999532,5748.0,0
2.831,14373.0,11490.0,8623.0,14369.5,11487.5,8621.5,4000.0,3000.0,2000.0,-9.625,0.5,-5.375,0.0,0.0,900.0,0.0,0.0,1.431999999999953,5750.0,0
2.832,14377.0,11493.0,8625.0,14373.5,11490.5,8623.5,4000.0,3000.0,2000.0,-9.875,0.5,-5.125,0.0,0.0,900.0,0.0,0.0,1.432999999999953,5752.0,0
2.833,14381.0,11496.0,8628.0,14377.5,11493.5,8625.5,4000.0,3000.0,3000.0,-10.125,0.5,-4.875,0.0,0.0,900.0,0.0,0.0,1.4339999999999529,5753.0,0
2.834,14384.0,11499.0,8630.0,14381.5,11496.5,8628.5,3000.0,3000.0,2000.0,-10.375,0.5,-5.625,0.0,0.0,900.0,0.0,0.0,1.4349999999999528,5754.0,0
2.835,14388.0,11502.0,8632.0,14384.5,11499.5,8630.5,4000.0,3000.0,2000.0,-9.625,0.5,-5.375,0.0,0.0,900.0,0.0,0.0,1.4359999999999526,5756.0,0
2.836,14391.0,11505.0,8635.0,14388.5,11502.5,8632.5,3000.0,3000.0,3000.0,-9.875,0.5,-5.125,0.0,0.0,900.0,0.0,0.0,1.4369999999999525,5756.0,0
2.837,14395.0,11508.0,8637.0,14391.5,11505.5,8635.5,4000.0,3000.0,2000.0,-9.125,0.5,-5.875,0.0,0.0,900.0,0.0,0.0,1.4379999999999524,5758.0,0
2.838,14399.0,11512.0,8639.0,14395.5,11508.5,8637.5,4000.0,4000.0,2000.0,-9.375,0.5,-5.625,0.0,0.0,900.0,0.0,0.0,1.4389999999999523,5760.0,0
2.839,14403.0,11515.0,8642.0,14399.5,11512.5,8639.5,4000.0,3000.0,3000.0,-8.375,0.5,-4.625,0.0,0.0,900.0,0.0,0.0,1.4399999999999522,5761.0,0
2.84,14407.0,11518.0,8644.0,14403.5,11515.5,8642.5,4000.0,3000.0,2000.0,-8.625,0.5,-5.375,0.0,0.0,900.0,0.0,0.0,1.440999999999952,5763.0,0
2.841,14411.0,11521.0,8646.0,14407.5,11518.5,8644.5,4000.0,3000.0,2000.0,-8.875,0.5,-5.125,0.0,0.0,900.0,0.0,0.0,1.441999999999952,5765.0,0
2.842,14414.0,11524.0,8649.0,14411.5,11521.5,8646.5,3000.0,3000.0,3000.0,-9.125,0.5,-4.875,0.0,0.0,900.0,0.0,0.0,1.4429999999999519,5765.0,0
2.843,14418.0,11527.0,8651.0,14414.5,11524.5,8649.5,4000.0,3000.0,2000.0,-8.375,0.5,-5.625,0.0,0.0,900.0,0.0,0.0,1.4439999999999518,5767.0,0
2.844,14422.0,11530.0,8653.0,14418.5,11527.5,8651.5,4000.0,3000.0,2000.0,-8.625,0.5,-5.375,0.0,0.0,900.0,0.0,0.0,1.4449999999999517,5769.0,0
2.845,14426.0,11533.0,8656.0,14422.5,11530.5,8653.5,4000.0,3000.0,3000.0,-8.875,0.5,-5.125,0.0,0.0,900.0,0.0,0.0,1.4459999999999515,5770.0,0
2.846,14430.0,11536.0,8658.0,14426.5,11533.5,8656.5,4000.0,3000.0,2000.0,-9.125,0.5,-5.875,0.0,0.0,900.0,0.0,0.0,1.4469999999999514,5772.0,0
2.847,14434.0,11539.0,8660.0,14430.5,11536.5,8658.5,4000.0,3000.0,2000.0,-9.375,0.5,-5.625,0.0,0.0,900.0,0.0,0.0,1.4479999999999513,5774.0,0
2.848,14437.0,11542.0,8663.0,14434.5,11539.5,8660.5,3000.0,3000.0,3000.0,-9.625,0.5,-5.375,0.0,0.0,900.0,0.0,0.0,1.4489999999999512,5774.0,0
2.849,14441.0,11545.0,8665.0,14437.5,11542.5,8663.5,4000.0,3000.0,2000.0,-8.875,0.5,-6.125,0.0,0.0,900.0,0.0,0.0,1.449999999999951,5776.0,0
2.85,14445.0,11548.0,8668.0,14441.5,11545.5,8665.5,4000.0,3000.0,3000.0,-9.125,0.5,-5.875,0.0,0.0,900.0,0.0,0.0,1.450999999999951,5777.0,0
2.851,14449.0,11551.0,8670.0,14445.5,11548.5,8668.5,4000.0,3000.0,2000.0,-9.375,0.5,-6.625,0.0,0.0,900.0,0.0,0.0,1.4519999999999509,5779.0,0
2.852,14453.0,11554.0,8672.0,14449.5,11551.5,8670.5,4000.0,3000.0,2000.0,-9.625,0.5,-6.375,0.0,0.0,900.0,0.0,0.0,1.4529999999999508,5781.0,0
2.853,14457.0,11557.0,8675.0,14453.5,11554.5,8672.5,4000.0,3000.0,3000.0,-9.875,0.5,-6.125,0.0,0.0,900.0,0.0,0.0,1.4539999999999507,5782.0,0
2.854,14460.0,11560.0,8677.0,14457.5,11557.5,8675.5,3000.0,3000.0,2000.0,-10.125,0.5,-6.875,0.0,0.0,900.0,0.0,0.0,1.4549999999999506,5783.0,0
2.855,14464.0,11563.0,8679.0,14460.5,11560.5,8677.5,4000.0,3000.0,2000.0,-9.375,0.5,-6.625,0.0,0.0,900.0,0.0,0.0,1.4559999999999504,5785.0,0
2.856,14468.0,11566.0,8682.0,14464.5,11563.5,8679.5,4000.0,3000.0,3000.0,-9.625,0.5,-6.375,0.0,0.0,900.0,0.0,0.0,1.4569999999999503,5786.0,0
2.857,14472.0,11569.0,8684.0,14468.5,11566.5,8682.5,4000.0,3000.0,2000.0,-9.875,0.5,-7.125,0.0,0.0,900.0,0.0,0.0,1.4579999999999502,5788.0,0
2.858,14475.0,11572.0,8686.0,14472.5,11569.5,8684.5,3000.0,3000.0,2000.0,-10.125,0.5,-6.875,0.0,0.0,900.0,0.0,0.0,1.4589999999999501,5789.0,0
2.859,14479.0,11575.0,8689.0,14475.5,11572.5,8686.5,4000.0,3000.0,3000.0,-9.375,0.5,-6.625,0.0,0.0,900.0,0.0,0.0,1.45999999999995,5790.0,0
2.86,14483.0,11578.0,8691.0,14479.5,11575.5,8689.5,4000.0,3000.0,2000.0,-9.625,0.5,-7.375,0.0,0.0,900.0,0.0,0.0,1.46099999999995,5792.0,0
2.861,14487.0,11581.0,8693.0,14483.5,11578.5,8691.5,4000.0,3000.0,2000.0,-9.875,0.5,-7.125,0.0,0.0,900.0,0.0,0.0,1.4619999999999498,5794.0,0
2.862,14490.0,11584.0,8696.0,14487.5,11581.5,8693.5,3000.0,3000.0,3000.0,-10.125,0.5,-6.875,0.0,0.0,900.0,0.0,0.0,1.4629999999999497,5794.0,0
2.863,14494.0,11587.0,8698.0,14490.5,11584.5,8696.5,4000.0,3000.0,2000.0,-9.375,0.5,-7.625,0.0,0.0,900.0,0.0,0.0,1.4639999999999496,5796.0,0
2.864,14498.0,11590.0,8700.0,14494.5,11587.5,8698.5,4000.0,3000.0,2000.0,-9.625,0.5,-7.375,0.0,0.0,900.0,0.0,0.0,1.4649999999999495,5798.0,0
2.865,14502.0,11593.0,8703.0,14498.5,11590.5,8700.5,4000.0,3000.0,3000.0,-9.875,0.5,-7.125,0.0,0.0,900.0,0.0,0.0,1.4659999999999493,5799.0,0
2.866,14505.0,11596.0,8705.0,14502.5,11593.5,8703.5,3000.0,3000.0,2000.0,-10.125,0.5,-7.875,0.0,0.0,900.0,0.0,0.0,1.4669999999999492,5800.0,0
2.867,14509.0,11599.0,8707.0,14505.5,11596.5,8705.5,4000.0,3000.0,2000.0,-9.375,0.5,-7.625,0.0,0.0,900.0,0.0,0.0,1.4679999999999491,5802.0,0
2.868,14513.0,11602.0,8710.0,14509.5,11599.5,8707.5,4000.0,3000.0,3000.0,-9.625,0.5,-7.375,0.0,0.0,900.0,0.0,0.0,1.468999999999949,5803.0,0
2.869,14517.0,11606.0,8712.0,14513.5,11602.5,8710.5,4000.0,4000.0,2000.0,-9.875,0.5,-8.125,0.0,0.0,900.0,0.0,0.0,1.469999999999949,5805.0,0
2.87,14521.0,11609.0,8714.0,14517.5,11606.5,8712.5,4000.0,3000.0,2000.0,-8.875,0.5,-7.125,0.0,0.0,900.0,0.0,0.0,1.4709999999999488,5807.0,0
2.871,14524.0,11612.0,8717.0,14521.5,11609.5,8714.5,3000.0,3000.0,3000.0,-9.125,0.5,-6.875,0.0,0.0,900.0,0.0,0.0,1.4719999999999487,5807.0,0
2.872,14528.0,11615.0,8719.0,14524.5,11612.5,8717.5,4000.0,3000.0,2000.0,-8.375,0.5,-7.625,0.0,0.0,900.0,0.0,0.0,1.4729999999999486,5809.0,0
2.873,14532.0,11618.0,8721.0,14528.5,11615.5,8719.5,4000.0,3000.0,2000.0,-8.625,0.5,-7.375,0.0,0.0,900.0,0.0,0.0,1.4739999999999485,5811.0,0
2.874,14536.0,11621.0,8724.0,14532.5,11618.5,8721.5,4000.0,3000.0,3000.0,-8.875,0.5,-7.125,0.0,0.0,900.0,0.0,0.0,1.4749999999999484,5812.0,0
2.875,14540.0,11624.0,8726.0,14536.5,11621.5,8724.5,4000.0,3000.0,2000.0,-9.125,0.5,-7.875,0.0,0.0,900.0,0.0,0.0,1.4759999999999482,5814.0,0
2.876,14544.0,11627.0,8728.0,14540.5,11624.5,8726.5,4000.0,3000.0,2000.0,-9.375,0.5,-7.625,0.0,0.0,900.0,0.0,0.0,1.4769999999999481,5816.0,0
2.8770000000000002,14547.0,11630.0,8731.0,14544.5,11627.5,8728.5,3000.0,3000.0,3000.0,-9.625,0.5,-7.375,0.0,0.0,900.0,0.0,0.0,1.477999999999948,5816.0,0
2.878,14551.0,11633.0,8733.0,14547.5,11630.5,8731.5,4000.0,3000.0,2000.0,-8.875,0.5,-8.125,0.0,0.0,900.0,0.0,0.0,1.478999999999948,5818.0,0
2.879,14555.0,11636.0,8735.0,14551.5,11633.5,8733.5,4000.0,3000.0,2000.0,-9.125,0.5,-7.875,0.0,0.0,900.0,0.0,0.0,1.4799999999999478,5820.0,0
2.88,14559.0,11639.0,8738.0,14555.5,11636.5,8735.5,4000.0,3000.0,3000.0,-9.375,0.5,-7.625,0.0,0.0,900.0,0.0,0.0,1.4809999999999477,5821.0,0
2.8810000000000002,14563.0,11642.0,8740.0,14559.5,11639.5,8738.5,4000.0,3000.0,2000.0,-9.625,0.5,-8.375,0.0,0.0,900.0,0.0,0.0,1.4819999999999476,5823.0,0
2.882,14566.0,11645.0,8742.0,14563.5,11642.5,8740.5,3000.0,3000.0,2000.0,-9.875,0.5,-8.125,0.0,0.0,900.0,0.0,0.0,1.4829999999999475,5824.0,0
2.883,14570.0,11648.0,8745.0,14566.5,11645.5,8742.5,4000.0,3000.0,3000.0,-9.125,0.5,-7.875,0.0,0.0,900.0,0.0,0.0,1.4839999999999474,5825.0,0
2.884,14574.0,11651.0,8747.0,14570.5,11648.5,8745.5,4000.0,3000.0,2000.0,-9.375,0.5,-8.625,0.0,0.0,900.0,0.0,0.0,1.4849999999999473,5827.0,0
2.8850000000000002,14578.0,11654.0,8749.0,14574.5,11651.5,8747.5,4000.0,3000.0,2000.0,-9.625,0.5,-8.375,0.0,0.0,900.0,0.0,0.0,1.4859999999999471,5829.0,0
2.886,14582.0,11657.0,8752.0,14578.5,11654.5,8749.5,4000.0,3000.0,3000.0,-9.875,0.5,-8.125,0.0,0.0,900.0,0.0,0.0,1.486999999999947,5830.0,0
2.887,14585.0,11660.0,8754.0,14582.5,11657.5,8752.5,3000.0,3000.0,2000.0,-10.125,0.5,-8.875,0.0,0.0,900.0,0.0,0.0,1.487999999999947,5831.0,0
2.888,14589.0,11663.0,8756.0,14585.5,11660.5,8754.5,4000.0,3000.0,2000.0,-9.375,0.5,-8.625,0.0,0.0,900.0,0.0,0.0,1.4889999999999468,5833.0,0
2.8890000000000002,14593.0,11666.0,8759.0,14589.5,11663.5,8756.5,4000.0,3000.0,3000.0,-9.625,0.5,-8.375,0.0,0.0,900.0,0.0,0.0,1.4899999999999467,5834.0,0
2.89,14597.0,11669.0,8761.0,14593.5,11666.5,8759.5,4000.0,3000.0,2000.0,-9.875,0.5,-9.125,0.0,0.0,900.0,0.0,0.0,1.4909999999999466,5836.0,0
2.891,14600.0,11672.0,8763.0,14597.5,11669.5,8761.5,3000.0,3000.0,2000.0,-10.125,0.5,-8.875,0.0,0.0,900.0,0.0,0.0,1.4919999999999465,5837.0,0
2.892,14604.0,11675.0,8766.0,14600.5,11672.5,8763.5,4000.0,3000.0,3000.0,-9.375,0.5,-8.625,0.0,0.0,900.0,0.0,0.0,1.4929999999999464,5838.0,0
2.8930000000000002,14608.0,11678.0,8768.0,14604.5,11675.5,8766.5,4000.0,3000.0,2000.0,-9.625,0.5,-9.375,0.0,0.0,900.0,0.0,0.0,1.4939999999999463,5840.0,0
2.894,14612.0,11681.0,8770.0,14608.5,11678.5,8768.5,4000.0,3000.0,2000.0,-9.875,0.5,-9.125,0.0,0.0,900.0,0.0,0.0,1.4949999999999461,5842.0,0
2.895,14615.0,11684.0,8773.0,14612.5,11681.5,8770.5,3000.0,3000.0,3000.0,-10.125,0.5,-8.875,0.0,0.0,900.0,0.0,0.0,1.495999999999946,5842.0,0
2.896,14619.0,11687.0,8775.0,14615.5,11684.5,8773.5,4000.0,3000.0,2000.0,-9.375,0.5,-9.625,0.0,0.0,900.0,0.0,0.0,1.496999999999946,5844.0,0
2.8970000000000002,14623.0,11690.0,8777.0,14619.5,11687.5,8775.5,4000.0,3000.0,2000.0,-9.625,0.5,-9.375,0.0,0.0,900.0,0.0,0.0,1.4979999999999458,5846.0,0
2.898,14627.0,11693.0,8780.0,14623.5,11690.5,8777.5,4000.0,3000.0,3000.0,-9.875,0.5,-9.125,0.0,0.0,900.0,0.0,0.0,1.4989999999999457,5847.0,0
2.899,14630.0,11696.0,8782.0,14627.5,11693.5,8780.5,3000.0,3000.0,2000.0,-10.125,0.5,-9.875,0.0,0.0,900.0,0.0,0.0,1.4999999999999456,5848.0,0
2.9,14634.0,11700.0,8784.0,14630.5,11696.5,8782.5,4000.0,4000.0,2000.0,-9.375,0.5,-9.625,0.0,0.0,900.0,0.0,0.0,1.5009999999999455,5850.0,0
2.9010000000000002,14638.0,11703.0,8787.0,14634.5,11700.5,8784.5,4000.0,3000.0,3000.0,-8.375,0.5,-8.625,0.0,0.0,900.0,0.0,0.0,1.5019999999999454,5851.0,0
2.902,14641.0,11706.0,8789.0,14638.5,11703.5,8787.5,3000.0,3000.0,2000.0,-8.625,0.5,-9.375,0.0,0.0,900.0,0.0,0.0,1.5029999999999453,5852.0,0
2.903,14645.0,11709.0,8792.0,14641.5,11706.5,8789.5,4000.0,3000.0,3000.0,-7.875,0.5,-9.125,0.0,0.0,900.0,0.0,0.0,1.5039999999999452,5853.0,0
2.904,14649.0,11712.0,8794.0,14645.5,11709.5,8792.5,4000.0,3000.0,2000.0,-8.125,0.5,-9.875,0.0,0.0,900.0,0.0,0.0,1.504999999999945,5855.0,0
2.9050000000000002,14653.0,11715.0,8796.0,14649.5,11712.5,8794.5,4000.0,3000.0,2000.0,-8.375,0.5,-9.625,0.0,0.0,900.0,0.0,0.0,1.505999999999945,5857.0,0
2.906,14657.0,11718.0,8799.0,14653.5,11715.5,8796.5,4000.0,3000.0,3000.0,-8.625,0.5,-9.375,0.0,0.0,900.0,0.0,0.0,1.5069999999999448,5858.0,0
2.907,14660.0,11721.0,8801.0,14657.5,11718.5,8799.5,3000.0,3000.0,2000.0,-8.875,0.5,-10.125,0.0,0.0,900.0,0.0,0.0,1.5079999999999447,5859.0,0
2.908,14664.0,11724.0,8803.0,14660.5,11721.5,8801.5,4000.0,3000.0,2000.0,-8.125,0.5,-9.875,0.0,0.0,900.0,0.0,0.0,1.5089999999999446,5861.0,0
2.9090000000000003,14668.0,11727.0,8805.0,14664.5,11724.5,8803.5,4000.0,3000.0,2000.0,-8.375,0.5,-9.625,0.0,0.0,900.0,0.0,0.0,1.5099999999999445,5863.0,0
2.91,14672.0,11730.0,8808.0,14668.5,11727.5,8805.5,4000.0,3000.0,3000.0,-8.625,0.5,-9.375,0.0,0.0,900.0,0.0,0.0,1.5109999999999444,5864.0,0
2.911,14676.0,11733.0,8810.0,14672.5,11730.5,8808.5,4000.0,3000.0,2000.0,-8.875,0.5,-10.125,0.0,0.0,900.0,0.0,0.0,1.5119999999999443,5866.0,0
2.912,14679.0,11736.0,8812.0,14676.5,11733.5,8810.5,3000.0,3000.0,2000.0,-9.125,0.5,-9.875,0.0,0.0,900.0,0.0,0.0,1.5129999999999442,5867.0,0
2.9130000000000003,14683.0,11739.0,8814.0,14679.5,11736.5,8812.5,4000.0,3000.0,2000.0,-8.375,0.5,-9.625,0.0,0.0,900.0,0.0,0.0,1.513999999999944,5869.0,0
2.914,14687.0,11742.0,8817.0,14683.5,11739.5,8814.5,4000.0,3000.0,3000.0,-8.625,0.5,-9.375,0.0,0.0,900.0,0.0,0.0,1.514999999999944,5870.0,0
2.915,14691.0,11745.0,8819.0,14687.5,11742.5,8817.5,4000.0,3000.0,2000.0,-8.875,0.5,-10.125,0.0,0.0,900.0,0.0,0.0,1.5159999999999438,5872.0,0
2.916,14694.0,11748.0,8821.0,14691.5,11745.5,8819.5,3000.0,3000.0,2000.0,-9.125,0.5,-9.875,0.0,0.0,900.0,0.0,0.0,1.5169999999999437,5873.0,0
2.9170000000000003,14698.0,11751.0,8824.0,14694.5,11748.5,8821.5,4000.0,3000.0,3000.0,-8.375,0.5,-9.625,0.0,0.0,900.0,0.0,0.0,1.5179999999999436,5874.0,0
2.918,14702.0,11754.0,8826.0,14698.5,11751.5,8824.5,4000.0,3000.0,2000.0,-8.625,0.5,-10.375,0.0,0.0,900.0,0.0,0.0,1.5189999999999435,5876.0,0
2.919,14706.0,11757.0,8828.0,14702.5,11754.5,8826.5,4000.0,3000.0,2000.0,-8.875,0.5,-10.125,0.0,0.0,900.0,0.0,0.0,1.5199999999999434,5878.0,0
2.92,14710.0,11760.0,8830.0,14706.5,11757.5,8828.5,4000.0,3000.0,2000.0,-9.125,0.5,-9.875,0.0,0.0,900.0,0.0,0.0,1.5209999999999433,5880.0,0
2.9210000000000003,14713.0,11763.0,8832.0,14710.5,11760.5,8830.5,3000.0,3000.0,2000.0,-9.375,0.5,-9.625,0.0,0.0,900.0,0.0,0.0,1.5219999999999432,5881.0,0
2.922,14717.0,11766.0,8835.0,14713.5,11763.5,8832.5,4000.0,3000.0,3000.0,-8.625,0.5,-9.375,0.0,0.0,900.0,0.0,0.0,1.522999999999943,5882.0,0
2.923,14721.0,11769.0,8837.0,14717.5,11766.5,8835.5,4000.0,3000.0,2000.0,-8.875,0.5,-10.125,0.0,0.0,900.0,0.0,0.0,1.523999999999943,5884.0,0
2.924,14725.0,11772.0,8839.0,14721.5,11769.5,8837.5,4000.0,3000.0,2000.0,-9.125,0.5,-9.875,0.0,0.0,900.0,0.0,0.0,1.5249999999999428,5886.0,0
2.9250000000000003,14728.0,11775.0,8841.0,14725.5,11772.5,8839.5,3000.0,3000.0,2000.0,-9.375,0.5,-9.625,0.0,0.0,900.0,0.0,0.0,1.5259999999999427,5887.0,0
2.926,14732.0,11778.0,8844.0,14728.5,11775.5,8841.5,4000.0,3000.0,3000.0,-8.625,0.5,-9.375,0.0,0.0,900.0,0.0,0.0,1.5269999999999426,5888.0,0
2.927,14736.0,11781.0,8846.0,14732.5,11778.5,8844.5,4000.0,3000.0,2000.0,-8.875,0.5,-10.125,0.0,0.0,900.0,0.0,0.0,1.5279999999999425,5890.0,0
2.928,14740.0,11784.0,8848.0,14736.5,11781.5,8846.5,4000.0,3000.0,2000.0,-9.125,0.5,-9.875,0.0,0.0,900.0,0.0,0.0,1.5289999999999424,5892.0,0
2.9290000000000003,14744.0,11787.0,8850.0,14740.5,11784.5,8848.5,4000.0,3000.0,2000.0,-9.375,0.5,-9.625,0.0,0.0,900.0,0.0,0.0,1.5299999999999423,5894.0,0
2.93,14747.0,11790.0,8853.0,14744.5,11787.5,8850.5,3000.0,3000.0,3000.0,-9.625,0.5,-9.375,0.0,0.0,900.0,0.0,0.0,1.5309999999999422,5894.0,0
2.931,14751.0,11794.0,8855.0,14747.5,11790.5,8853.5,4000.0,4000.0,2000.0,-8.875,0.5,-10.125,0.0,0.0,900.0,0.0,0.0,1.531999999999942,5896.0,0
2.932,14755.0,11797.0,8857.0,14751.5,11794.5,8855.5,4000.0,3000.0,2000.0,-7.875,0.5,-9.125,0.0,0.0,900.0,0.0,0.0,1.532999999999942,5898.0,0
2.9330000000000003,14759.0,11800.0,8859.0,14755.5,11797.5,8857.5,4000.0,3000.0,2000.0,-8.125,0.5,-8.875,0.0,0.0,900.0,0.0,0.0,1.5339999999999419,5900.0,0
2.934,14762.0,11803.0,8862.0,14759.5,11800.5,8859.5,3000.0,3000.0,3000.0,-8.375,0.5,-8.625,0.0,0.0,900.0,0.0,0.0,1.5349999999999417,5900.0,0
2.935,14766.0,11806.0,8864.0,14762.5,11803.5,8862.5,4000.0,3000.0,2000.0,-7.625,0.5,-9.375,0.0,0.0,900.0,0.0,0.0,1.5359999999999416,5902.0,0
2.936,14770.0,11809.0,8866.0,14766.5,11806.5,8864.5,4000.0,3000.0,2000.0,-7.875,0.5,-9.125,0.0,0.0,900.0,0.0,0.0,1.5369999999999415,5904.0,0
2.9370000000000003,14774.0,11812.0,8869.0,14770.5,11809.5,8866.5,4000.0,3000.0,3000.0,-8.125,0.5,-8.875,0.0,0.0,900.0,0.0,0.0,1.5379999999999414,5905.0,0
2.938,14778.0,11815.0,8871.0,14774.5,11812.5,8869.5,4000.0,3000.0,2000.0,-8.375,0.5,-9.625,0.0,0.0,900.0,0.0,0.0,1.5389999999999413,5907.0,0
2.939,14781.0,11818.0,8873.0,14778.5,11815.5,8871.5,3000.0,3000.0,2000.0,-8.625,0.5,-9.375,0.0,0.0,900.0,0.0,0.0,1.5399999999999412,5908.0,0
2.94,14785.0,11821.0,8875.0,14781.5,11818.5,8873.5,4000.0,3000.0,2000.0,-7.875,0.5,-9.125,0.0,0.0,900.0,0.0,0.0,1.540999999999941,5910.0,0
2.9410000000000003,14789.0,11824.0,8878.0,14785.5,11821.5,8875.5,4000.0,3000.0,3000.0,-8.125,0.5,-8.875,0.0,0.0,900.0,0.0,0.0,1.541999999999941,5911.0,0
2.942,14793.0,11827.0,8880.0,14789.5,11824.5,8878.5,4000.0,3000.0,2000.0,-8.375,0.5,-9.625,0.0,0.0,900.0,0.0,0.0,1.5429999999999409,5913.0,0
2.943,14797.0,11830.0,8882.0,14793.5,11827.5,8880.5,4000.0,3000.0,2000.0,-8.625,0.5,-9.375,0.0,0.0,900.0,0.0,0.0,1.5439999999999408,5915.0,0
2.944,14800.0,11833.0,8885.0,14797.5,11830.5,8882.5,3000.0,3000.0,3000.0,-8.875,0.5,-9.125,0.0,0.0,900.0,0.0,0.0,1.5449999999999406,5915.0,0
2.945,14804.0,11836.0,8887.0,14800.5,11833.5,8885.5,4000.0,3000.0,2000.0,-8.125,0.5,-9.875,0.0,0.0,900.0,0.0,0.0,1.5459999999999405,5917.0,0
2.946,14808.0,11839.0,8889.0,14804.5,11836.5,8887.5,4000.0,3000.0,2000.0,-8.375,0.5,-9.625,0.0,0.0,900.0,0.0,0.0,1.5469999999999404,5919.0,0
2.947,14812.0,11842.0,8891.0,14808.5,11839.5,8889.5,4000.0,3000.0,2000.0,-8.625,0.5,-9.375,0.0,0.0,900.0,0.0,0.0,1.5479999999999403,5921.0,0
2.948,14815.0,11845.0,8894.0,14812.5,11842.5,8891.5,3000.0,3000.0,3000.0,-8.875,0.5,-9.125,0.0,0.0,900.0,0.0,0.0,1.5489999999999402,5921.0,0
2.949,14819.0,11848.0,8896.0,14815.5,11845.5,8894.5,4000.0,3000.0,2000.0,-8.125,0.5,-9.875,0.0,0.0,900.0,0.0,0.0,1.54999999999994,5923.0,0
2.95,14823.0,11851.0,8899.0,14819.5,11848.5,8896.5,4000.0,3000.0,3000.0,-8.375,0.5,-9.625,0.0,0.0,0.0,0.0,0.0,0.0,5924.0,0
2.951,14827.0,11854.0,8902.0,14823.5,11851.5,8899.5,4000.0,3000.0,3000.0,-8.625,0.5,-10.375,0.0,0.0,0.0,0.0,0.0,0.0,5925.0,0
2.952,14831.0,11857.0,8905.0,14827.5,11854.5,8902.5,4000.0,3000.0,3000.0,-8.875,0.5,-11.125,0.0,0.0,0.0,0.0,0.0,0.0,5926.0,0
2.953,14834.0,11860.0,8908.0,14831.5,11857.5,8905.5,3000.0,3000.0,3000.0,-9.125,0.5,-11.875,0.0,0.0,0.0,0.0,0.0,0.0,5926.0,0
2.954,14838.0,11863.0,8911.0,14834.5,11860.5,8908.5,4000.0,3000.0,3000.0,-8.375,0.5,-12.625,0.0,0.0,0.0,0.0,0.0,0.0,5927.0,0
2.955,14842.0,11866.0,8914.0,14838.5,11863.5,8911.5,4000.0,3000.0,3000.0,-8.625,0.5,-13.375,0.0,0.0,0.0,0.0,0.0,0.0,5928.0,0
2.956,14846.0,11869.0,8916.0,14842.5,11866.5,8914.5,4000.0,3000.0,2000.0,-8.875,0.5,-14.125,0.0,0.0,0.0,0.0,0.0,0.0,5930.0,0
2.957,14849.0,11872.0,8919.0,14846.5,11869.5,8916.5,3000.0,3000.0,3000.0,-9.125,0.5,-13.875,0.0,0.0,0.0,0.0,0.0,0.0,5930.0,0
2.958,14853.0,11875.0,8922.0,14849.5,11872.5,8919.5,4000.0,3000.0,3000.0,-8.375,0.5,-14.625,0.0,0.0,0.0,0.0,0.0,0.0,5931.0,0
2.959,14857.0,11878.0,8925.0,14853.5,11875.5,8922.5,4000.0,3000.0,3000.0,-8.625,0.5,-15.375,0.0,0.0,0.0,0.0,0.0,0.0,5932.0,0
2.96,14861.0,11881.0,8927.0,14857.5,11878.5,8925.5,4000.0,3000.0,2000.0,-8.875,0.5,-16.125,0.0,0.0,0.0,0.0,0.0,0.0,5934.0,0
2.961,14865.0,11884.0,8930.0,14861.5,11881.5,8927.5,4000.0,3000.0,3000.0,-9.125,0.5,-15.875,0.0,0.0,0.0,0.0,0.0,0.0,5935.0,0
2.962,14868.0,11888.0,8933.0,14865.5,11884.5,8930.5,3000.0,4000.0,3000.0,-9.375,0.5,-16.625,0.0,0.0,0.0,0.0,0.0,0.0,5935.0,0
2.963,14872.0,11891.0,8935.0,14868.5,11888.5,8933.5,4000.0,3000.0,2000.0,-7.375,0.5,-16.625,0.0,0.0,0.0,0.0,0.0,0.0,5937.0,0
2.964,14876.0,11894.0,8938.0,14872.5,11891.5,8935.5,4000.0,3000.0,3000.0,-7.625,0.5,-16.375,0.0,0.0,0.0,0.0,0.0,0.0,5938.0,0
2.965,14880.0,11897.0,8941.0,14876.5,11894.5,8938.5,4000.0,3000.0,3000.0,-7.875,0.5,-17.125,0.0,0.0,0.0,0.0,0.0,0.0,5939.0,0
2.966,14883.0,11900.0,8943.0,14880.5,11897.5,8941.5,3000.0,3000.0,2000.0,-8.125,0.5,-17.875,0.0,0.0,0.0,0.0,0.0,0.0,5940.0,0
2.967,14887.0,11903.0,8946.0,14883.5,11900.5,8943.5,4000.0,3000.0,3000.0,-7.375,0.5,-17.625,0.0,0.0,0.0,0.0,0.0,0.0,5941.0,0
2.968,14891.0,11906.0,8949.0,14887.5,11903.5,8946.5,4000.0,3000.0,3000.0,-7.625,0.5,-18.375,0.0,0.0,0.0,0.0,0.0,0.0,5942.0,0
2.969,14895.0,11909.0,8951.0,14891.5,11906.5,8949.5,4000.0,3000.0,2000.0,-7.875,0.5,-19.125,0.0,0.0,0.0,0.0,0.0,0.0,5944.0,0
2.97,14899.0,11912.0,8954.0,14895.5,11909.5,8951.5,4000.0,3000.0,3000.0,-8.125,0.5,-18.875,0.0,0.0,0.0,0.0,0.0,0.0,5945.0,0
2.971,14902.0,11915.0,8956.0,14899.5,11912.5,8954.5,3000.0,3000.0,2000.0,-8.375,0.5,-19.625,0.0,0.0,0.0,0.0,0.0,0.0,5946.0,0
2.972,14906.0,11918.0,8959.0,14902.5,11915.5,8956.5,4000.0,3000.0,3000.0,-7.625,0.5,-19.375,0.0,0.0,0.0,0.0,0.0,0.0,5947.0,0
2.973,14910.0,11921.0,8961.0,14906.5,11918.5,8959.5,4000.0,3000.0,2000.0,-7.875,0.5,-20.125,0.0,0.0,0.0,0.0,0.0,0.0,5949.0,0
2.974,14914.0,11924.0,8964.0,14910.5,11921.5,8961.5,4000.0,3000.0,3000.0,-8.125,0.5,-19.875,0.0,0.0,0.0,0.0,0.0,0.0,5950.0,0
2.975,14918.0,11927.0,8966.0,14914.5,11924.5,8964.5,4000.0,3000.0,2000.0,-8.375,0.5,-20.625,0.0,0.0,0.0,0.0,0.0,0.0,5952.0,0
2.976,14921.0,11930.0,8968.0,14918.5,11927.5,8966.5,3000.0,3000.0,2000.0,-8.625,0.5,-20.375,0.0,0.0,0.0,0.0,0.0,0.0,5953.0,0
2.977,14925.0,11933.0,8971.0,14921.5,11930.5,8968.5,4000.0,3000.0,3000.0,-7.875,0.5,-20.125,0.0,0.0,0.0,0.0,0.0,0.0,5954.0,0
2.978,14929.0,11936.0,8973.0,14925.5,11933.5,8971.5,4000.0,3000.0,2000.0,-8.125,0.5,-20.875,0.0,0.0,0.0,0.0,0.0,0.0,5956.0,0
2.979,14933.0,11939.0,8976.0,14929.5,11936.5,8973.5,4000.0,3000.0,3000.0,-8.375,0.5,-20.625,0.0,0.0,0.0,0.0,0.0,0.0,5957.0,0
2.98,14936.0,11942.0,8978.0,14933.5,11939.5,8976.5,3000.0,3000.0,2000.0,-8.625,0.5,-21.375,0.0,0.0,0.0,0.0,0.0,0.0,5958.0,0
2.981,14940.0,11945.0,8980.0,14936.5,11942.5,8978.5,4000.0,3000.0,2000.0,-7.875,0.5,-21.125,0.0,0.0,0.0,0.0,0.0,0.0,5960.0,0
2.982,14944.0,11948.0,8983.0,14940.5,11945.5,8980.5,4000.0,3000.0,3000.0,-8.125,0.5,-20.875,0.0,0.0,0.0,0.0,0.0,0.0,5961.0,0
2.983,14948.0,11951.0,8985.0,14944.5,11948.5,8983.5,4000.0,3000.0,2000.0,-8.375,0.5,-21.625,0.0,0.0,0.0,0.0,0.0,0.0,5963.0,0
2.984,14952.0,11954.0,8987.0,14948.5,11951.5,8985.5,4000.0,3000.0,2000.0,-8.625,0.5,-21.375,0.0,0.0,0.0,0.0,0.0,0.0,5965.0,0
2.985,14955.0,11957.0,8990.0,14952.5,11954.5,8987.5,3000.0,3000.0,3000.0,-8.875,0.5,-21.125,0.0,0.0,0.0,0.0,0.0,0.0,5965.0,0
2.986,14959.0,11960.0,8992.0,14955.5,11957.5,8990.5,4000.0,3000.0,2000.0,-8.125,0.5,-21.875,0.0,0.0,0.0,0.0,0.0,0.0,5967.0,0
2.987,14963.0,11963.0,8994.0,14959.5,11960.5,8992.5,4000.0,3000.0,2000.0,-8.375,0.5,-21.625,0.0,0.0,0.0,0.0,0.0,0.0,5969.0,0
2.988,14967.0,11966.0,8996.0,14963.5,11963.5,8994.5,4000.0,3000.0,2000.0,-8.625,0.5,-21.375,0.0,0.0,0.0,0.0,0.0,0.0,5971.0,0
2.989,14970.0,11969.0,8999.0,14967.5,11966.5,8996.5,3000.0,3000.0,3000.0,-8.875,0.5,-21.125,0.0,0.0,0.0,0.0,0.0,0.0,5971.0,0
2.99,14974.0,11972.0,9001.0,14970.5,11969.5,8999.5,4000.0,3000.0,2000.0,-8.125,0.5,-21.875,0.0,0.0,0.0,0.0,0.0,0.0,5973.0,0
2.991,14978.0,11975.0,9003.0,14974.5,11972.5,9001.5,4000.0,3000.0,2000.0,-8.375,0.5,-21.625,0.0,0.0,0.0,0.0,0.0,0.0,5975.0,0
2.992,14982.0,11978.0,9005.0,14978.5,11975.5,9003.5,4000.0,3000.0,2000.0,-8.625,0.5,-21.375,0.0,0.0,0.0,0.0,0.0,0.0,5977.0,0
2.993,14986.0,11982.0,9007.0,14982.5,11978.5,9005.5,4000.0,4000.0,2000.0,-8.875,0.5,-21.125,0.0,0.0,0.0,0.0,0.0,0.0,5979.0,0
2.994,14989.0,11985.0,9010.0,14986.5,11982.5,9007.5,3000.0,3000.0,3000.0,-7.875,0.5,-20.125,0.0,0.0,0.0,0.0,0.0,0.0,5979.0,0
2.995,14993.0,11988.0,9012.0,14989.5,11985.5,9010.5,4000.0,3000.0,2000.0,-7.125,0.5,-20.875,0.0,0.0,0.0,0.0,0.0,0.0,5981.0,0
2.996,14997.0,11991.0,9014.0,14993.5,11988.5,9012.5,4000.0,3000.0,2000.0,-7.375,0.5,-20.625,0.0,0.0,0.0,0.0,0.0,0.0,5983.0,0
2.997,15001.0,11994.0,9016.0,14997.5,11991.5,9014.5,4000.0,3000.0,2000.0,-7.625,0.5,-20.375,0.0,0.0,0.0,0.0,0.0,0.0,5985.0,0
2.998,15005.0,11997.0,9018.0,15001.5,11994.5,9016.5,4000.0,3000.0,2000.0,-7.875,0.5,-20.125,0.0,0.0,0.0,0.0,0.0,0.0,5987.0,0
2.999,15008.0,12000.0,9020.0,15005.5,11997.5,9018.5,3000.0,3000.0,2000.0,-8.125,0.5,-19.875,0.0,0.0,0.0,0.0,0.0,0.0,5988.0,0
3.0,15012.0,12003.0,9023.0,15008.5,12000.5,9020.5,4000.0,3000.0,3000.0,-7.375,0.5,-19.625,0.0,0.0,0.0,0.0,0.0,0.0,5989.0,0
3.001,15016.0,12006.0,9025.0,15012.5,12003.5,9023.5,4000.0,3000.0,2000.0,-7.625,0.5,-20.375,0.0,0.0,0.0,0.0,0.0,0.0,5991.0,0
3.0020000000000002,15020.0,12009.0,9027.0,15016.5,12006.5,9025.5,4000.0,3000.0,2000.0,-7.875,0.5,-20.125,0.0,0.0,0.0,0.0,0.0,0.0,5993.0,0
3.003,15023.0,12012.0,9029.0,15020.5,12009.5,9027.5,3000.0,3000.0,2000.0,-8.125,0.5,-19.875,0.0,0.0,0.0,0.0,0.0,0.0,5994.0,0
3.004,15027.0,12015.0,9031.0,15023.5,12012.5,9029.5,4000.0,3000.0,2000.0,-7.375,0.5,-19.625,0.0,0.0,0.0,0.0,0.0,0.0,5996.0,0
3.005,15031.0,12018.0,9033.0,15027.5,12015.5,9031.5,4000.0,3000.0,2000.0,-7.625,0.5,-19.375,0.0,0.0,0.0,0.0,0.0,0.0,5998.0,0
3.0060000000000002,15035.0,12021.0,9035.0,15031.5,12018.5,9033.5,4000.0,3000.0,2000.0,-7.875,0.5,-19.125,0.0,0.0,0.0,0.0,0.0,0.0,6000.0,0
3.007,15039.0,12024.0,9037.0,15035.5,12021.5,9035.5,4000.0,3000.0,2000.0,-8.125,0.5,-18.875,0.0,0.0,0.0,0.0,0.0,0.0,6002.0,0
3.008,15042.0,12027.0,9039.0,15039.5,12024.5,9037.5,3000.0,3000.0,2000.0,-8.375,0.5,-18.625,0.0,0.0,0.0,0.0,0.0,0.0,6003.0,0
3.009,15046.0,12030.0,9041.0,15042.5,12027.5,9039.5,4000.0,3000.0,2000.0,-7.625,0.5,-18.375,0.0,0.0,0.0,0.0,0.0,0.0,6005.0,0
3.0100000000000002,15050.0,12033.0,9043.0,15046.5,12030.5,9041.5,4000.0,3000.0,2000.0,-7.875,0.5,-18.125,0.0,0.0,0.0,0.0,0.0,0.0,6007.0,0
3.011,15054.0,12036.0,9045.0,15050.5,12033.5,9043.5,4000.0,3000.0,2000.0,-8.125,0.5,-17.875,0.0,0.0,0.0,0.0,0.0,0.0,6009.0,0
3.012,15057.0,12039.0,9048.0,15054.5,12036.5,9045.5,3000.0,3000.0,3000.0,-8.375,0.5,-17.625,0.0,0.0,0.0,0.0,0.0,0.0,6009.0,0
3.013,15061.0,12042.0,9050.0,15057.5,12039.5,9048.5,4000.0,3000.0,2000.0,-7.625,0.5,-18.375,0.0,0.0,0.0,0.0,0.0,0.0,6011.0,0
3.0140000000000002,15065.0,12045.0,9052.0,15061.5,12042.5,9050.5,4000.0,3000.0,2000.0,-7.875,0.5,-18.125,0.0,0.0,0.0,0.0,0.0,0.0,6013.0,0
3.015,15069.0,12048.0,9054.0,15065.5,12045.5,9052.5,4000.0,3000.0,2000.0,-8.125,0.5,-17.875,0.0,0.0,0.0,0.0,0.0,0.0,6015.0,0
3.016,15073.0,12051.0,9056.0,15069.5,12048.5,9054.5,4000.0,3000.0,2000.0,-8.375,0.5,-17.625,0.0,0.0,0.0,0.0,0.0,0.0,6017.0,0
3.017,15076.0,12054.0,9058.0,15073.5,12051.5,9056.5,3000.0,3000.0,2000.0,-8.625,0.5,-17.375,0.0,0.0,0.0,0.0,0.0,0.0,6018.0,0
3.0180000000000002,15080.0,12057.0,9060.0,15076.5,12054.5,9058.5,4000.0,3000.0,2000.0,-7.875,0.5,-17.125,0.0,0.0,0.0,0.0,0.0,0.0,6020.0,0
3.019,15084.0,12060.0,9062.0,15080.5,12057.5,9060.5,4000.0,3000.0,2000.0,-8.125,0.5,-16.875,0.0,0.0,0.0,0.0,0.0,0.0,6022.0,0
3.02,15088.0,12063.0,9064.0,15084.5,12060.5,9062.5,4000.0,3000.0,2000.0,-8.375,0.5,-16.625,0.0,0.0,0.0,0.0,0.0,0.0,6024.0,0
3.021,15091.0,12066.0,9066.0,15088.5,12063.5,9064.5,3000.0,3000.0,2000.0,-8.625,0.5,-16.375,0.0,0.0,0.0,0.0,0.0,0.0,6025.0,0
3.0220000000000002,15095.0,12069.0,9068.0,15091.5,12066.5,9066.5,4000.0,3000.0,2000.0,-7.875,0.5,-16.125,0.0,0.0,0.0,0.0,0.0,0.0,6027.0,0
3.023,15099.0,12073.0,9070.0,15095.5,12069.5,9068.5,4000.0,4000.0,2000.0,-8.125,0.5,-15.875,0.0,0.0,0.0,0.0,0.0,0.0,6029.0,0
3.024,15103.0,12076.0,9072.0,15099.5,12073.5,9070.5,4000.0,3000.0,2000.0,-7.125,0.5,-14.875,0.0,0.0,0.0,0.0,0.0,0.0,6031.0,0
3.025,15107.0,12079.0,9074.0,15103.5,12076.5,9072.5,4000.0,3000.0,2000.0,-7.375,0.5,-14.625,0.0,0.0,0.0,0.0,0.0,0.0,6033.0,0
3.0260000000000002,15110.0,12082.0,9076.0,15107.5,12079.5,9074.5,3000.0,3000.0,2000.0,-7.625,0.5,-14.375,0.0,0.0,0.0,0.0,0.0,0.0,6034.0,0
3.027,15114.0,12085.0,9078.0,15110.5,12082.5,9076.5,4000.0,3000.0,2000.0,-6.875,0.5,-14.125,0.0,0.0,0.0,0.0,0.0,0.0,6036.0,0
3.028,15118.0,12088.0,9080.0,15114.5,12085.5,9078.5,4000.0,3000.0,2000.0,-7.125,0.5,-13.875,0.0,0.0,0.0,0.0,0.0,0.0,6038.0,0
3.029,15122.0,12091.0,9082.0,15118.5,12088.5,9080.5,4000.0,3000.0,2000.0,-7.375,0.5,-13.625,0.0,0.0,0.0,0.0,0.0,0.0,6040.0,0
3.0300000000000002,15126.0,12094.0,9084.0,15122.5,12091.5,9082.5,4000.0,3000.0,2000.0,-7.625,0.5,-13.375,0.0,0.0,0.0,0.0,0.0,0.0,6042.0,0
3.031,15129.0,12097.0,9086.0,15126.5,12094.5,9084.5,3000.0,3000.0,2000.0,-7.875,0.5,-13.125,0.0,0.0,0.0,0.0,0.0,0.0,6043.0,0
3.032,15133.0,12100.0,9087.0,15129.5,12097.5,9086.5,4000.0,3000.0,1000.0,-7.125,0.5,-12.875,0.0,0.0,0.0,0.0,0.0,0.0,6046.0,0
3.033,15137.0,12103.0,9090.0,15133.5,12100.5,9087.5,4000.0,3000.0,3000.0,-7.375,0.5,-11.625,0.0,0.0,0.0,0.0,0.0,0.0,6047.0,0
3.0340000000000003,15141.0,12106.0,9091.0,15137.5,12103.5,9090.5,4000.0,3000.0,1000.0,-7.625,0.5,-12.375,0.0,0.0,0.0,0.0,0.0,0.0,6050.0,0
3.035,15144.0,12109.0,9093.0,15141.5,12106.5,9091.5,3000.0,3000.0,2000.0,-7.875,0.5,-11.125,0.0,0.0,0.0,0.0,0.0,0.0,6051.0,0
3.036,15148.0,12112.0,9095.0,15144.5,12109.5,9093.5,4000.0,3000.0,2000.0,-7.125,0.5,-10.875,0.0,0.0,0.0,0.0,0.0,0.0,6053.0,0
3.037,15152.0,12115.0,9098.0,15148.5,12112.5,9095.5,4000.0,3000.0,3000.0,-7.375,0.5,-10.625,0.0,0.0,0.0,0.0,0.0,0.0,6054.0,0
3.0380000000000003,15156.0,12118.0,9099.0,15152.5,12115.5,9098.5,4000.0,3000.0,1000.0,-7.625,0.5,-11.375,0.0,0.0,0.0,0.0,0.0,0.0,6057.0,0
3.039,15160.0,12121.0,9101.0,15156.5,12118.5,9099.5,4000.0,3000.0,2000.0,-7.875,0.5,-10.125,0.0,0.0,0.0,0.0,0.0,0.0,6059.0,0
3.04,15163.0,12124.0,9104.0,15160.5,12121.5,9101.5,3000.0,3000.0,3000.0,-8.125,0.5,-9.875,0.0,0.0,0.0,0.0,0.0,0.0,6059.0,0
3.041,15167.0,12127.0,9106.0,15163.5,12124.5,9104.5,4000.0,3000.0,2000.0,-7.375,0.5,-10.625,0.0,0.0,0.0,0.0,0.0,0.0,6061.0,0
3.0420000000000003,15171.0,12130.0,9108.0,15167.5,12127.5,9106.5,4000.0,3000.0,2000.0,-7.625,0.5,-10.375,0.0,0.0,0.0,0.0,0.0,0.0,6063.0,0
3.043,15175.0,12133.0,9110.0,15171.5,12130.5,9108.5,4000.0,3000.0,2000.0,-7.875,0.5,-10.125,0.0,0.0,0.0,0.0,0.0,0.0,6065.0,0
3.044,15178.0,12136.0,9112.0,15175.5,12133.5,9110.5,3000.0,3000.0,2000.0,-8.125,0.5,-9.875,0.0,0.0,0.0,0.0,0.0,0.0,6066.0,0
3.045,15182.0,12139.0,9114.0,15178.5,12136.5,9112.5,4000.0,3000.0,2000.0,-7.375,0.5,-9.625,0.0,0.0,0.0,0.0,0.0,0.0,6068.0,0
3.0460000000000003,15186.0,12142.0,9116.0,15182.5,12139.5,9114.5,4000.0,3000.0,2000.0,-7.625,0.5,-9.375,0.0,0.0,0.0,0.0,0.0,0.0,6070.0,0
3.047,15190.0,12145.0,9119.0,15186.5,12142.5,9116.5,4000.0,3000.0,3000.0,-7.875,0.5,-9.125,0.0,0.0,0.0,0.0,0.0,0.0,6071.0,0
3.048,15194.0,12148.0,9121.0,15190.5,12145.5,9119.5,4000.0,3000.0,2000.0,-8.125,0.5,-9.875,0.0,0.0,0.0,0.0,0.0,0.0,6073.0,0
3.049,15197.0,12151.0,9123.0,15194.5,12148.5,9121.5,3000.0,3000.0,2000.0,-8.375,0.5,-9.625,0.0,0.0,0.0,0.0,0.0,0.0,6074.0,0
3.0500000000000003,15201.0,12154.0,9125.0,15197.5,12151.5,9123.5,4000.0,3000.0,2000.0,-7.625,0.5,-9.375,0.0,0.0,0.0,0.0,0.0,0.0,6076.0,0
3.051,15205.0,12157.0,9128.0,15201.5,12154.5,9125.5,4000.0,3000.0,3000.0,-7.875,0.5,-9.125,0.0,0.0,0.0,0.0,0.0,0.0,6077.0,0
3.052,15209.0,12160.0,9130.0,15205.5,12157.5,9128.5,4000.0,3000.0,2000.0,-8.125,0.5,-9.875,0.0,0.0,0.0,0.0,0.0,0.0,6079.0,0
3.053,15212.0,12163.0,9132.0,15209.5,12160.5,9130.5,3000.0,3000.0,2000.0,-8.375,0.5,-9.625,0.0,0.0,0.0,0.0,0.0,0.0,6080.0,0
3.0540000000000003,15216.0,12167.0,9134.0,15212.5,12163.5,9132.5,4000.0,4000.0,2000.0,-7.625,0.5,-9.375,0.0,0.0,0.0,0.0,0.0,0.0,6082.0,0
3.055,15220.0,12170.0,9136.0,15216.5,12167.5,9134.5,4000.0,3000.0,2000.0,-6.625,0.5,-8.375,0.0,0.0,0.0,0.0,0.0,0.0,6084.0,0
3.056,15224.0,12173.0,9139.0,15220.5,12170.5,9136.5,4000.0,3000.0,3000.0,-6.875,0.5,-8.125,0.0,0.0,0.0,0.0,0.0,0.0,6085.0,0
3.057,15228.0,12176.0,9141.0,15224.5,12173.5,9139.5,4000.0,3000.0,2000.0,-7.125,0.5,-8.875,0.0,0.0,0.0,0.0,0.0,0.0,6087.0,0
3.0580000000000003,15231.0,12179.0,9143.0,15228.5,12176.5,9141.5,3000.0,3000.0,2000.0,-7.375,0.5,-8.625,0.0,0.0,0.0,0.0,0.0,0.0,6088.0,0
3.059,15235.0,12182.0,9145.0,15231.5,12179.5,9143.5,4000.0,3000.0,2000.0,-6.625,0.5,-8.375,0.0,0.0,0.0,0.0,0.0,0.0,6090.0,0
3.06,15239.0,12185.0,9148.0,15235.5,12182.5,9145.5,4000.0,3000.0,3000.0,-6.875,0.5,-8.125,0.0,0.0,0.0,0.0,0.0,0.0,6091.0,0
3.061,15243.0,12188.0,9150.0,15239.5,12185.5,9148.5,4000.0,3000.0,2000.0,-7.125,0.5,-8.875,0.0,0.0,0.0,0.0,0.0,0.0,6093.0,0
3.0620000000000003,15247.0,12191.0,9152.0,15243.5,12188.5,9150.5,4000.0,3000.0,2000.0,-7.375,0.5,-8.625,0.0,0.0,0.0,0.0,0.0,0.0,6095.0,0
3.063,15250.0,12194.0,9154.0,15247.5,12191.5,9152.5,3000.0,3000.0,2000.0,-7.625,0.5,-8.375,0.0,0.0,0.0,0.0,0.0,0.0,6096.0,0
3.064,15254.0,12197.0,9157.0,15250.5,12194.5,9154.5,4000.0,3000.0,3000.0,-6.875,0.5,-8.125,0.0,0.0,0.0,0.0,0.0,0.0,6097.0,0
3.065,15258.0,12200.0,9159.0,15254.5,12197.5,9157.5,4000.0,3000.0,2000.0,-7.125,0.5,-8.875,0.0,0.0,0.0,0.0,0.0,0.0,6099.0,0
3.0660000000000003,15262.0,12203.0,9161.0,15258.5,12200.5,9159.5,4000.0,3000.0,2000.0,-7.375,0.5,-8.625,0.0,0.0,0.0,0.0,0.0,0.0,6101.0,0
3.067,15265.0,12206.0,9163.0,15262.5,12203.5,9161.5,3000.0,3000.0,2000.0,-7.625,0.5,-8.375,0.0,0.0,0.0,0.0,0.0,0.0,6102.0,0
3.068,15269.0,12209.0,9166.0,15265.5,12206.5,9163.5,4000.0,3000.0,3000.0,-6.875,0.5,-8.125,0.0,0.0,0.0,0.0,0.0,0.0,6103.0,0
3.069,15273.0,12212.0,9168.0,15269.5,12209.5,9166.5,4000.0,3000.0,2000.0,-7.125,0.5,-8.875,0.0,0.0,0.0,0.0,0.0,0.0,6105.0,0
3.0700000000000003,15277.0,12215.0,9170.0,15273.5,12212.5,9168.5,4000.0,3000.0,2000.0,-7.375,0.5,-8.625,0.0,0.0,0.0,0.0,0.0,0.0,6107.0,0
3.071,15281.0,12218.0,9172.0,15277.5,12215.5,9170.5,4000.0,3000.0,2000.0,-7.625,0.5,-8.375,0.0,0.0,0.0,0.0,0.0,0.0,6109.0,0
3.072,15284.0,12221.0,9175.0,15281.5,12218.5,9172.5,3000.0,3000.0,3000.0,-7.875,0.5,-8.125,0.0,0.0,0.0,0.0,0.0,0.0,6109.0,0
3.073,15288.0,12224.0,9177.0,15284.5,12221.5,9175.5,4000.0,3000.0,2000.0,-7.125,0.5,-8.875,0.0,0.0,0.0,0.0,0.0,0.0,6111.0,0
3.074,15292.0,12227.0,9179.0,15288.5,12224.5,9177.5,4000.0,3000.0,2000.0,-7.375,0.5,-8.625,0.0,0.0,0.0,0.0,0.0,0.0,6113.0,0
3.075,15296.0,12230.0,9181.0,15292.5,12227.5,9179.5,4000.0,3000.0,2000.0,-7.625,0.5,-8.375,0.0,0.0,0.0,0.0,0.0,0.0,6115.0,0
3.076,15299.0,12233.0,9183.0,15296.5,12230.5,9181.5,3000.0,3000.0,2000.0,-7.875,0.5,-8.125,0.0,0.0,0.0,0.0,0.0,0.0,6116.0,0
3.077,15303.0,12236.0,9186.0,15299.5,12233.5,9183.5,4000.0,3000.0,3000.0,-7.125,0.5,-7.875,0.0,0.0,0.0,0.0,0.0,0.0,6117.0,0
3.078,15307.0,12239.0,9188.0,15303.5,12236.5,9186.5,4000.0,3000.0,2000.0,-7.375,0.5,-8.625,0.0,0.0,0.0,0.0,0.0,0.0,6119.0,0
3.079,15311.0,12242.0,9190.0,15307.5,12239.5,9188.5,4000.0,3000.0,2000.0,-7.625,0.5,-8.375,0.0,0.0,0.0,0.0,0.0,0.0,6121.0,0
3.08,15315.0,12245.0,9192.0,15311.5,12242.5,9190.5,4000.0,3000.0,2000.0,-7.875,0.5,-8.125,0.0,0.0,0.0,0.0,0.0,0.0,6123.0,0
3.081,15318.0,12248.0,9195.0,15315.5,12245.5,9192.5,3000.0,3000.0,3000.0,-8.125,0.5,-7.875,0.0,0.0,0.0,0.0,0.0,0.0,6123.0,0
3.082,15322.0,12251.0,9197.0,15318.5,12248.5,9195.5,4000.0,3000.0,2000.0,-7.375,0.5,-8.625,0.0,0.0,0.0,0.0,0.0,0.0,6125.0,0
3.083,15326.0,12254.0,9199.0,15322.5,12251.5,9197.5,4000.0,3000.0,2000.0,-7.625,0.5,-8.375,0.0,0.0,0.0,0.0,0.0,0.0,6127.0,0
3.084,15330.0,12257.0,9201.0,15326.5,12254.5,9199.5,4000.0,3000.0,2000.0,-7.875,0.5,-8.125,0.0,0.0,0.0,0.0,0.0,0.0,6129.0,0
3.085,15333.0,12261.0,9204.0,15330.5,12257.5,9201.5,3000.0,4000.0,3000.0,-8.125,0.5,-7.875,0.0,0.0,0.0,0.0,0.0,0.0,6129.0,0
3.086,15337.0,12264.0,9206.0,15333.5,12261.5,9204.5,4000.0,3000.0,2000.0,-6.125,0.5,-7.875,0.0,0.0,0.0,0.0,0.0,0.0,6131.0,0
3.087,15341.0,12267.0,9208.0,15337.5,12264.5,9206.5,4000.0,3000.0,2000.0,-6.375,0.5,-7.625,0.0,0.0,0.0,0.0,0.0,0.0,6133.0,0
3.088,15345.0,12270.0,9210.0,15341.5,12267.5,9208.5,4000.0,3000.0,2000.0,-6.625,0.5,-7.375,0.0,0.0,0.0,0.0,0.0,0.0,6135.0,0
3.089,15349.0,12273.0,9213.0,15345.5,12270.5,9210.5,4000.0,3000.0,3000.0,-6.875,0.5,-7.125,0.0,0.0,0.0,0.0,0.0,0.0,6136.0,0
3.09,15352.0,12276.0,9215.0,15349.5,12273.5,9213.5,3000.0,3000.0,2000.0,-7.125,0.5,-7.875,0.0,0.0,0.0,0.0,0.0,0.0,6137.0,0
3.091,15356.0,12279.0,9217.0,15352.5,12276.5,9215.5,4000.0,3000.0,2000.0,-6.375,0.5,-7.625,0.0,0.0,0.0,0.0,0.0,0.0,6139.0,0
3.092,15360.0,12282.0,9219.0,15356.5,12279.5,9217.5,4000.0,3000.0,2000.0,-6.625,0.5,-7.375,0.0,0.0,0.0,0.0,0.0,0.0,6141.0,0
3.093,15364.0,12285.0,9222.0,15360.5,12282.5,9219.5,4000.0,3000.0,3000.0,-6.875,0.5,-7.125,0.0,0.0,0.0,0.0,0.0,0.0,6142.0,0
3.094,15368.0,12288.0,9224.0,15364.5,12285.5,9222.5,4000.0,3000.0,2000.0,-7.125,0.5,-7.875,0.0,0.0,0.0,0.0,0.0,0.0,6144.0,0
3.095,15371.0,12291.0,9226.0,15368.5,12288.5,9224.5,3000.0,3000.0,2000.0,-7.375,0.5,-7.625,0.0,0.0,0.0,0.0,0.0,0.0,6145.0,0
3.096,15375.0,12294.0,9228.0,15371.5,12291.5,9226.5,4000.0,3000.0,2000.0,-6.625,0.5,-7.375,0.0,0.0,0.0,0.0,0.0,0.0,6147.0,0
3.097,15379.0,12297.0,9230.0,15375.5,12294.5,9228.5,4000.0,3000.0,2000.0,-6.875,0.5,-7.125,0.0,0.0,0.0,0.0,0.0,0.0,6149.0,0
3.098,15383.0,12300.0,9233.0,15379.5,12297.5,9230.5,4000.0,3000.0,3000.0,-7.125,0.5,-6.875,0.0,0.0,0.0,0.0,0.0,0.0,6150.0,0
3.099,15386.0,12303.0,9235.0,15383.5,12300.5,9233.5,3000.0,3000.0,2000.0,-7.375,0.5,-7.625,0.0,0.0,0.0,0.0,0.0,0.0,6151.0,0
3.1,15390.0,12306.0,9237.0,15386.5,12303.5,9235.5,4000.0,3000.0,2000.0,-6.625,0.5,-7.375,0.0,0.0,0.0,0.0,0.0,0.0,6153.0,0
3.101,15394.0,12309.0,9239.0,15390.5,12306.5,9237.5,4000.0,3000.0,2000.0,-6.875,0.5,-7.125,0.0,0.0,0.0,0.0,0.0,0.0,6155.0,0
3.102,15398.0,12312.0,9242.0,15394.5,12309.5,9239.5,4000.0,3000.0,3000.0,-7.125,0.5,-6.875,0.0,0.0,0.0,0.0,0.0,0.0,6156.0,0
3.103,15402.0,12315.0,9244.0,15398.5,12312.5,9242.5,4000.0,3000.0,2000.0,-7.375,0.5,-7.625,0.0,0.0,0.0,0.0,0.0,0.0,6158.0,0
3.104,15405.0,12318.0,9246.0,15402.5,12315.5,9244.5,3000.0,3000.0,2000.0,-7.625,0.5,-7.375,0.0,0.0,0.0,0.0,0.0,0.0,6159.0,0
3.105,15409.0,12321.0,9248.0,15405.5,12318.5,9246.5,4000.0,3000.0,2000.0,-6.875,0.5,-7.125,0.0,0.0,0.0,0.0,0.0,0.0,6161.0,0
3.106,15413.0,12324.0,9251.0,15409.5,12321.5,9248.5,4000.0,3000.0,3000.0,-7.125,0.5,-6.875,0.0,0.0,0.0,0.0,0.0,0.0,6162.0,0
3.107,15417.0,12327.0,9253.0,15413.5,12324.5,9251.5,4000.0,3000.0,2000.0,-7.375,0.5,-7.625,0.0,0.0,0.0,0.0,0.0,0.0,6164.0,0
3.108,15420.0,12330.0,9255.0,15417.5,12327.5,9253.5,3000.0,3000.0,2000.0,-7.625,0.5,-7.375,0.0,0.0,0.0,0.0,0.0,0.0,6165.0,0
3.109,15424.0,12333.0,9257.0,15420.5,12330.5,9255.5,4000.0,3000.0,2000.0,-6.875,0.5,-7.125,0.0,0.0,0.0,0.0,0.0,0.0,6167.0,0
3.11,15428.0,12336.0,9260.0,15424.5,12333.5,9257.5,4000.0,3000.0,3000.0,-7.125,0.5,-6.875,0.0,0.0,0.0,0.0,0.0,0.0,6168.0,0
3.111,15432.0,12339.0,9262.0,15428.5,12336.5,9260.5,4000.0,3000.0,2000.0,-7.375,0.5,-7.625,0.0,0.0,0.0,0.0,0.0,0.0,6170.0,0
3.112,15436.0,12342.0,9264.0,15432.5,12339.5,9262.5,4000.0,3000.0,2000.0,-7.625,0.5,-7.375,0.0,0.0,0.0,0.0,0.0,0.0,6172.0,0
3.113,15439.0,12345.0,9266.0,15436.5,12342.5,9264.5,3000.0,3000.0,2000.0,-7.875,0.5,-7.125,0.0,0.0,0.0,0.0,0.0,0.0,6173.0,0
3.114,15443.0,12348.0,9269.0,15439.5,12345.5,9266.5,4000.0,3000.0,3000.0,-7.125,0.5,-6.875,0.0,0.0,0.0,0.0,0.0,0.0,6174.0,0
3.115,15447.0,12351.0,9271.0,15443.5,12348.5,9269.5,4000.0,3000.0,2000.0,-7.375,0.5,-7.625,0.0,0.0,0.0,0.0,0.0,0.0,6176.0,0
3.116,15451.0,12355.0,9273.0,15447.5,12351.5,9271.5,4000.0,4000.0,2000.0,-7.625,0.5,-7.375,0.0,0.0,0.0,0.0,0.0,0.0,6178.0,0
3.117,15455.0,12358.0,9275.0,15451.5,12355.5,9273.5,4000.0,3000.0,2000.0,-6.625,0.5,-6.375,0.0,0.0,0.0,0.0,0.0,0.0,6180.0,0
3.118,15458.0,12361.0,9277.0,15455.5,12358.5,9275.5,3000.0,3000.0,2000.0,-6.875,0.5,-6.125,0.0,0.0,0.0,0.0,0.0,0.0,6181.0,0
3.119,15462.0,12364.0,9280.0,15458.5,12361.5,9277.5,4000.0,3000.0,3000.0,-6.125,0.5,-5.875,0.0,0.0,0.0,0.0,0.0,0.0,6182.0,0
3.12,15466.0,12367.0,9282.0,15462.5,12364.5,9280.5,4000.0,3000.0,2000.0,-6.375,0.5,-6.625,0.0,0.0,0.0,0.0,0.0,0.0,6184.0,0
3.121,15470.0,12370.0,9284.0,15466.5,12367.5,9282.5,4000.0,3000.0,2000.0,-6.625,0.5,-6.375,0.0,0.0,0.0,0.0,0.0,0.0,6186.0,0
3.122,15473.0,12373.0,9286.0,15470.5,12370.5,9284.5,3000.0,3000.0,2000.0,-6.875,0.5,-6.125,0.0,0.0,0.0,0.0,0.0,0.0,6187.0,0
3.123,15477.0,12376.0,9289.0,15473.5,12373.5,9286.5,4000.0,3000.0,3000.0,-6.125,0.5,-5.875,0.0,0.0,0.0,0.0,0.0,0.0,6188.0,0
3.124,15481.0,12379.0,9291.0,15477.5,12376.5,9289.5,4000.0,3000.0,2000.0,-6.375,0.5,-6.625,0.0,0.0,0.0,0.0,0.0,0.0,6190.0,0
3.125,15485.0,12382.0,9293.0,15481.5,12379.5,9291.5,4000.0,3000.0,2000.0,-6.625,0.5,-6.375,0.0,0.0,0.0,0.0,0.0,0.0,6192.0,0
3.126,15489.0,12385.0,9295.0,15485.5,12382.5,9293.5,4000.0,3000.0,2000.0,-6.875,0.5,-6.125,0.0,0.0,0.0,0.0,0.0,0.0,6194.0,0
3.1270000000000002,15492.0,12388.0,9298.0,15489.5,12385.5,9295.5,3000.0,3000.0,3000.0,-7.125,0.5,-5.875,0.0,0.0,0.0,0.0,0.0,0.0,6194.0,0
3.128,15496.0,12391.0,9300.0,15492.5,12388.5,9298.5,4000.0,3000.0,2000.0,-6.375,0.5,-6.625,0.0,0.0,0.0,0.0,0.0,0.0,6196.0,0
3.129,15500.0,12394.0,9302.0,15496.5,12391.5,9300.5,4000.0,3000.0,2000.0,-6.625,0.5,-6.375,0.0,0.0,0.0,0.0,0.0,0.0,6198.0,0
3.13,15504.0,12397.0,9304.0,15500.5,12394.5,9302.5,4000.0,3000.0,2000.0,-6.875,0.5,-6.125,0.0,0.0,0.0,0.0,0.0,0.0,6200.0,0
3.1310000000000002,15507.0,12400.0,9307.0,15504.5,12397.5,9304.5,3000.0,3000.0,3000.0,-7.125,0.5,-5.875,0.0,0.0,0.0,0.0,0.0,0.0,6200.0,0
3.132,15511.0,12403.0,9309.0,15507.5,12400.5,9307.5,4000.0,3000.0,2000.0,-6.375,0.5,-6.625,0.0,0.0,0.0,0.0,0.0,0.0,6202.0,0
3.133,15515.0,12406.0,9311.0,15511.5,12403.5,9309.5,4000.0,3000.0,2000.0,-6.625,0.5,-6.375,0.0,0.0,0.0,0.0,0.0,0.0,6204.0,0
3.134,15519.0,12409.0,9313.0,15515.5,12406.5,9311.5,4000.0,3000.0,2000.0,-6.875,0.5,-6.125,0.0,0.0,0.0,0.0,0.0,0.0,6206.0,0
3.1350000000000002,15523.0,12412.0,9316.0,15519.5,12409.5,9313.5,4000.0,3000.0,3000.0,-7.125,0.5,-5.875,0.0,0.0,0.0,0.0,0.0,0.0,6207.0,0
3.136,15526.0,12415.0,9318.0,15523.5,12412.5,9316.5,3000.0,3000.0,2000.0,-7.375,0.5,-6.625,0.0,0.0,0.0,0.0,0.0,0.0,6208.0,0
3.137,15530.0,12418.0,9320.0,15526.5,12415.5,9318.5,4000.0,3000.0,2000.0,-6.625,0.5,-6.375,0.0,0.0,0.0,0.0,0.0,0.0,6210.0,0
3.138,15534.0,12421.0,9322.0,15530.5,12418.5,9320.5,4000.0,3000.0,2000.0,-6.875,0.5,-6.125,0.0,0.0,0.0,0.0,0.0,0.0,6212.0,0
3.1390000000000002,15538.0,12424.0,9324.0,15534.5,12421.5,9322.5,4000.0,3000.0,2000.0,-7.125,0.5,-5.875,0.0,0.0,0.0,0.0,0.0,0.0,6214.0,0
3.14,15541.0,12427.0,9327.0,15538.5,12424.5,9324.5,3000.0,3000.0,3000.0,-7.375,0.5,-5.625,0.0,0.0,0.0,0.0,0.0,0.0,6214.0,0
3.141,15545.0,12430.0,9329.0,15541.5,12427.5,9327.5,4000.0,3000.0,2000.0,-6.625,0.5,-6.375,0.0,0.0,0.0,0.0,0.0,0.0,6216.0,0
3.142,15549.0,12433.0,9331.0,15545.5,12430.5,9329.5,4000.0,3000.0,2000.0,-6.875,0.5,-6.125,0.0,0.0,0.0,0.0,0.0,0.0,6218.0,0
3.1430000000000002,15553.0,12436.0,9333.0,15549.5,12433.5,9331.5,4000.0,3000.0,2000.0,-7.125,0.5,-5.875,0.0,0.0,0.0,0.0,0.0,0.0,6220.0,0
3.144,15557.0,12439.0,9336.0,15553.5,12436.5,9333.5,4000.0,3000.0,3000.0,-7.375,0.5,-5.625,0.0,0.0,0.0,0.0,0.0,0.0,6221.0,0
3.145,15560.0,12442.0,9338.0,15557.5,12439.5,9336.5,3000.0,3000.0,2000.0,-7.625,0.5,-6.375,0.0,0.0,0.0,0.0,0.0,0.0,6222.0,0
3.146,15564.0,12445.0,9340.0,15560.5,12442.5,9338.5,4000.0,3000.0,2000.0,-6.875,0.5,-6.125,0.0,0.0,0.0,0.0,0.0,0.0,6224.0,0
3.1470000000000002,15568.0,12449.0,9342.0,15564.5,12445.5,9340.5,4000.0,4000.0,2000.0,-7.125,0.5,-5.875,0.0,0.0,0.0,0.0,0.0,0.0,6226.0,0
3.148,15572.0,12452.0,9345.0,15568.5,12449.5,9342.5,4000.0,3000.0,3000.0,-6.125,0.5,-4.875,0.0,0.0,0.0,0.0,0.0,0.0,6227.0,0
3.149,15576.0,12455.0,9347.0,15572.5,12452.5,9345.5,4000.0,3000.0,2000.0,-6.375,0.5,-5.625,0.0,0.0,0.0,0.0,0.0,0.0,6229.0,0
3.15,15579.0,12458.0,9349.0,15576.5,12455.5,9347.5,3000.0,3000.0,2000.0,-6.625,0.5,-5.375,0.0,0.0,0.0,0.0,0.0,0.0,6230.0,0
3.1510000000000002,15583.0,12461.0,9351.0,15579.5,12458.5,9349.5,4000.0,3000.0,2000.0,-5.875,0.5,-5.125,0.0,0.0,0.0,0.0,0.0,0.0,6232.0,0
3.152,15587.0,12464.0,9354.0,15583.5,12461.5,9351.5,4000.0,3000.0,3000.0,-6.125,0.5,-4.875,0.0,0.0,0.0,0.0,0.0,0.0,6233.0,0
3.153,15591.0,12467.0,9356.0,15587.5,12464.5,9354.5,4000.0,3000.0,2000.0,-6.375,0.5,-5.625,0.0,0.0,0.0,0.0,0.0,0.0,6235.0,0
3.154,15594.0,12470.0,9358.0,15591.5,12467.5,9356.5,3000.0,3000.0,2000.0,-6.625,0.5,-5.375,0.0,0.0,0.0,0.0,0.0,0.0,6236.0,0
3.1550000000000002,15598.0,12473.0,9360.0,15594.5,12470.5,9358.5,4000.0,3000.0,2000.0,-5.875,0.5,-5.125,0.0,0.0,0.0,0.0,0.0,0.0,6238.0,0
3.156,15602.0,12476.0,9363.0,15598.5,12473.5,9360.5,4000.0,3000.0,3000.0,-6.125,0.5,-4.875,0.0,0.0,0.0,0.0,0.0,0.0,6239.0,0
3.157,15606.0,12479.0,9365.0,15602.5,12476.5,9363.5,4000.0,3000.0,2000.0,-6.375,0.5,-5.625,0.0,0.0,0.0,0.0,0.0,0.0,6241.0,0
3.158,15610.0,12482.0,9367.0,15606.5,12479.5,9365.5,4000.0,3000.0,2000.0,-6.625,0.5,-5.375,0.0,0.0,0.0,0.0,0.0,0.0,6243.0,0
3.1590000000000003,15613.0,12485.0,9369.0,15610.5,12482.5,9367.5,3000.0,3000.0,2000.0,-6.875,0.5,-5.125,0.0,0.0,0.0,0.0,0.0,0.0,6244.0,0
3.16,15617.0,12488.0,9371.0,15613.5,12485.5,9369.5,4000.0,3000.0,2000.0,-6.125,0.5,-4.875,0.0,0.0,0.0,0.0,0.0,0.0,6246.0,0
3.161,15621.0,12491.0,9374.0,15617.5,12488.5,9371.5,4000.0,3000.0,3000.0,-6.375,0.5,-4.625,0.0,0.0,0.0,0.0,0.0,0.0,6247.0,0
3.162,15625.0,12494.0,9376.0,15621.5,12491.5,9374.5,4000.0,3000.0,2000.0,-6.625,0.5,-5.375,0.0,0.0,0.0,0.0,0.0,0.0,6249.0,0
3.1630000000000003,15628.0,12497.0,9378.0,15625.5,12494.5,9376.5,3000.0,3000.0,2000.0,-6.875,0.5,-5.125,0.0,0.0,0.0,0.0,0.0,0.0,6250.0,0
3.164,15632.0,12500.0,9380.0,15628.5,12497.5,9378.5,4000.0,3000.0,2000.0,-6.125,0.5,-4.875,0.0,0.0,0.0,0.0,0.0,0.0,6252.0,0
3.165,15636.0,12503.0,9383.0,15632.5,12500.5,9380.5,4000.0,3000.0,3000.0,-6.375,0.5,-4.625,0.0,0.0,0.0,0.0,0.0,0.0,6253.0,0
3.166,15640.0,12506.0,9385.0,15636.5,12503.5,9383.5,4000.0,3000.0,2000.0,-6.625,0.5,-5.375,0.0,0.0,0.0,0.0,0.0,0.0,6255.0,0
3.1670000000000003,15644.0,12509.0,9387.0,15640.5,12506.5,9385.5,4000.0,3000.0,2000.0,-6.875,0.5,-5.125,0.0,0.0,0.0,0.0,0.0,0.0,6257.0,0
3.168,15647.0,12512.0,9389.0,15644.5,12509.5,9387.5,3000.0,3000.0,2000.0,-7.125,0.5,-4.875,0.0,0.0,0.0,0.0,0.0,0.0,6258.0,0
3.169,15651.0,12515.0,9392.0,15647.5,12512.5,9389.5,4000.0,3000.0,3000.0,-6.375,0.5,-4.625,0.0,0.0,0.0,0.0,0.0,0.0,6259.0,0
3.17,15655.0,12518.0,9394.0,15651.5,12515.5,9392.5,4000.0,3000.0,2000.0,-6.625,0.5,-5.375,0.0,0.0,0.0,0.0,0.0,0.0,6261.0,0
3.1710000000000003,15659.0,12521.0,9396.0,15655.5,12518.5,9394.5,4000.0,3000.0,2000.0,-6.875,0.5,-5.125,0.0,0.0,0.0,0.0,0.0,0.0,6263.0,0
3.172,15662.0,12524.0,9398.0,15659.5,12521.5,9396.5,3000.0,3000.0,2000.0,-7.125,0.5,-4.875,0.0,0.0,0.0,0.0,0.0,0.0,6264.0,0
3.173,15666.0,12527.0,9401.0,15662.5,12524.5,9398.5,4000.0,3000.0,3000.0,-6.375,0.5,-4.625,0.0,0.0,0.0,0.0,0.0,0.0,6265.0,0
3.174,15670.0,12530.0,9403.0,15666.5,12527.5,9401.5,4000.0,3000.0,2000.0,-6.625,0.5,-5.375,0.0,0.0,0.0,0.0,0.0,0.0,6267.0,0
3.1750000000000003,15674.0,12533.0,9405.0,15670.5,12530.5,9403.5,4000.0,3000.0,2000.0,-6.875,0.5,-5.125,0.0,0.0,0.0,0.0,0.0,0.0,6269.0,0
3.176,15678.0,12536.0,9407.0,15674.5,12533.5,9405.5,4000.0,3000.0,2000.0,-7.125,0.5,-4.875,0.0,0.0,0.0,0.0,0.0,0.0,6271.0,0
3.177,15681.0,12539.0,9410.0,15678.5,12536.5,9407.5,3000.0,3000.0,3000.0,-7.375,0.5,-4.625,0.0,0.0,0.0,0.0,0.0,0.0,6271.0,0
3.178,15685.0,12543.0,9412.0,15681.5,12539.5,9410.5,4000.0,4000.0,2000.0,-6.625,0.5,-5.375,0.0,0.0,0.0,0.0,0.0,0.0,6273.0,0
3.1790000000000003,15689.0,12546.0,9414.0,15685.5,12543.5,9412.5,4000.0,3000.0,2000.0,-5.625,0.5,-4.375,0.0,0.0,0.0,0.0,0.0,0.0,6275.0,0
3.18,15693.0,12549.0,9416.0,15689.5,12546.5,9414.5,4000.0,3000.0,2000.0,-5.875,0.5,-4.125,0.0,0.0,0.0,0.0,0.0,0.0,6277.0,0
3.181,15697.0,12552.0,9418.0,15693.5,12549.5,9416.5,4000.0,3000.0,2000.0,-6.125,0.5,-3.875,0.0,0.0,0.0,0.0,0.0,0.0,6279.0,0
3.182,15700.0,12555.0,9421.0,15697.5,12552.5,9418.5,3000.0,3000.0,3000.0,-6.375,0.5,-3.625,0.0,0.0,0.0,0.0,0.0,0.0,6279.0,0
3.1830000000000003,15704.0,12558.0,9423.0,15700.5,12555.5,9421.5,4000.0,3000.0,2000.0,-5.625,0.5,-4.375,0.0,0.0,0.0,0.0,0.0,0.0,6281.0,0
3.184,15708.0,12561.0,9425.0,15704.5,12558.5,9423.5,4000.0,3000.0,2000.0,-5.875,0.5,-4.125,0.0,0.0,0.0,0.0,0.0,0.0,6283.0,0
3.185,15712.0,12564.0,9427.0,15708.5,12561.5,9425.5,4000.0,3000.0,2000.0,-6.125,0.5,-3.875,0.0,0.0,0.0,0.0,0.0,0.0,6285.0,0
3.186,15715.0,12567.0,9430.0,15712.5,12564.5,9427.5,3000.0,3000.0,3000.0,-6.375,0.5,-3.625,0.0,0.0,0.0,0.0,0.0,0.0,6285.0,0
3.1870000000000003,15719.0,12570.0,9432.0,15715.5,12567.5,9430.5,4000.0,3000.0,2000.0,-5.625,0.5,-4.375,0.0,0.0,0.0,0.0,0.0,0.0,6287.0,0
3.188,15723.0,12573.0,9434.0,15719.5,12570.5,9432.5,4000.0,3000.0,2000.0,-5.875,0.5,-4.125,0.0,0.0,0.0,0.0,0.0,0.0,6289.0,0
3.189,15727.0,12576.0,9436.0,15723.5,12573.5,9434.5,4000.0,3000.0,2000.0,-6.125,0.5,-3.875,0.0,0.0,0.0,0.0,0.0,0.0,6291.0,0
3.19,15731.0,12579.0,9439.0,15727.5,12576.5,9436.5,4000.0,3000.0,3000.0,-6.375,0.5,-3.625,0.0,0.0,0.0,0.0,0.0,0.0,6292.0,0
3.1910000000000003,15734.0,12582.0,9441.0,15731.5,12579.5,9439.5,3000.0,3000.0,2000.0,-6.625,0.5,-4.375,0.0,0.0,0.0,0.0,0.0,0.0,6293.0,0
3.192,15738.0,12585.0,9443.0,15734.5,12582.5,9441.5,4000.0,3000.0,2000.0,-5.875,0.5,-4.125,0.0,0.0,0.0,0.0,0.0,0.0,6295.0,0
3.193,15742.0,12588.0,9445.0,15738.5,12585.5,9443.5,4000.0,3000.0,2000.0,-6.125,0.5,-3.875,0.0,0.0,0.0,0.0,0.0,0.0,6297.0,0
3.194,15746.0,12591.0,9448.0,15742.5,12588.5,9445.5,4000.0,3000.0,3000.0,-6.375,0.5,-3.625,0.0,0.0,0.0,0.0,0.0,0.0,6298.0,0
3.1950000000000003,15749.0,12594.0,9450.0,15746.5,12591.5,9448.5,3000.0,3000.0,2000.0,-6.625,0.5,-4.375,0.0,0.0,0.0,0.0,0.0,0.0,6299.0,0
3.196,15753.0,12597.0,9452.0,15749.5,12594.5,9450.5,4000.0,3000.0,2000.0,-5.875,0.5,-4.125,0.0,0.0,0.0,0.0,0.0,0.0,6301.0,0
3.197,15757.0,12600.0,9454.0,15753.5,12597.5,9452.5,4000.0,3000.0,2000.0,-6.125,0.5,-3.875,0.0,0.0,0.0,0.0,0.0,0.0,6303.0,0
3.198,15761.0,12603.0,9457.0,15757.5,12600.5,9454.5,4000.0,3000.0,3000.0,-6.375,0.5,-3.625,0.0,0.0,0.0,0.0,0.0,0.0,6304.0,0
3.1990000000000003,15765.0,12606.0,9459.0,15761.5,12603.5,9457.5,4000.0,3000.0,2000.0,-6.625,0.5,-4.375,0.0,0.0,0.0,0.0,0.0,0.0,6306.0,0
3.2,15768.0,12609.0,9461.0,15765.5,12606.5,9459.5,3000.0,3000.0,2000.0,-6.875,0.5,-4.125,0.0,0.0,0.0,0.0,0.0,0.0,6307.0,0
3.201,15772.0,12612.0,9463.0,15768.5,12609.5,9461.5,4000.0,3000.0,2000.0,-6.125,0.5,-3.875,0.0,0.0,0.0,0.0,0.0,0.0,6309.0,0
3.202,15776.0,12615.0,9465.0,15772.5,12612.5,9463.5,4000.0,3000.0,2000.0,-6.375,0.5,-3.625,0.0,0.0,0.0,0.0,0.0,0.0,6311.0,0
3.203,15780.0,12618.0,9468.0,15776.5,12615.5,9465.5,4000.0,3000.0,3000.0,-6.625,0.5,-3.375,0.0,0.0,0.0,0.0,0.0,0.0,6312.0,0
3.204,15784.0,12621.0,9470.0,15780.5,12618.5,9468.5,4000.0,3000.0,2000.0,-6.875,0.5,-4.125,0.0,0.0,0.0,0.0,0.0,0.0,6314.0,0
3.205,15787.0,12624.0,9472.0,15784.5,12621.5,9470.5,3000.0,3000.0,2000.0,-7.125,0.5,-3.875,0.0,0.0,0.0,0.0,0.0,0.0,6315.0,0
3.206,15791.0,12627.0,9474.0,15787.5,12624.5,9472.5,4000.0,3000.0,2000.0,-6.375,0.5,-3.625,0.0,0.0,0.0,0.0,0.0,0.0,6317.0,0
3.207,15795.0,12630.0,9477.0,15791.5,12627.5,9474.5,4000.0,3000.0,3000.0,-6.625,0.5,-3.375,0.0,0.0,0.0,0.0,0.0,0.0,6318.0,0
3.208,15799.0,12634.0,9479.0,15795.5,12630.5,9477.5,4000.0,4000.0,2000.0,-6.875,0.5,-4.125,0.0,0.0,0.0,0.0,0.0,0.0,6320.0,0
3.209,15802.0,12637.0,9481.0,15799.5,12634.5,9479.5,3000.0,3000.0,2000.0,-5.875,0.5,-3.125,0.0,0.0,0.0,0.0,0.0,0.0,6321.0,0
3.21,15806.0,12640.0,9483.0,15802.5,12637.5,9481.5,4000.0,3000.0,2000.0,-5.125,0.5,-2.875,0.0,0.0,0.0,0.0,0.0,0.0,6323.0,0
3.211,15810.0,12643.0,9486.0,15806.5,12640.5,9483.5,4000.0,3000.0,3000.0,-5.375,0.5,-2.625,0.0,0.0,0.0,0.0,0.0,0.0,6324.0,0
3.212,15814.0,12646.0,9488.0,15810.5,12643.5,9486.5,4000.0,3000.0,2000.0,-5.625,0.5,-3.375,0.0,0.0,0.0,0.0,0.0,0.0,6326.0,0
3.213,15818.0,12649.0,9490.0,15814.5,12646.5,9488.5,4000.0,3000.0,2000.0,-5.875,0.5,-3.125,0.0,0.0,0.0,0.0,0.0,0.0,6328.0,0
3.214,15821.0,12652.0,9492.0,15818.5,12649.5,9490.5,3000.0,3000.0,2000.0,-6.125,0.5,-2.875,0.0,0.0,0.0,0.0,0.0,0.0,6329.0,0
3.215,15825.0,12655.0,9495.0,15821.5,12652.5,9492.5,4000.0,3000.0,3000.0,-5.375,0.5,-2.625,0.0,0.0,0.0,0.0,0.0,0.0,6330.0,0
3.216,15829.0,12658.0,9497.0,15825.5,12655.5,9495.5,4000.0,3000.0,2000.0,-5.625,0.5,-3.375,0.0,0.0,0.0,0.0,0.0,0.0,6332.0,0
3.217,15833.0,12661.0,9499.0,15829.5,12658.5,9497.5,4000.0,3000.0,2000.0,-5.875,0.5,-3.125,0.0,0.0,0.0,0.0,0.0,0.0,6334.0,0
3.218,15836.0,12664.0,9501.0,15833.5,12661.5,9499.5,3000.0,3000.0,2000.0,-6.125,0.5,-2.875,0.0,0.0,0.0,0.0,0.0,0.0,6335.0,0
3.219,15840.0,12667.0,9504.0,15836.5,12664.5,9501.5,4000.0,3000.0,3000.0,-5.375,0.5,-2.625,0.0,0.0,0.0,0.0,0.0,0.0,6336.0,0
3.22,15844.0,12670.0,9506.0,15840.5,12667.5,9504.5,4000.0,3000.0,2000.0,-5.625,0.5,-3.375,0.0,0.0,0.0,0.0,0.0,0.0,6338.0,0
3.221,15848.0,12673.0,9508.0,15844.5,12670.5,9506.5,4000.0,3000.0,2000.0,-5.875,0.5,-3.125,0.0,0.0,0.0,0.0,0.0,0.0,6340.0,0
3.222,15852.0,12676.0,9510.0,15848.5,12673.5,9508.5,4000.0,3000.0,2000.0,-6.125,0.5,-2.875,0.0,0.0,0.0,0.0,0.0,0.0,6342.0,0
3.223,15855.0,12679.0,9513.0,15852.5,12676.5,9510.5,3000.0,3000.0,3000.0,-6.375,0.5,-2.625,0.0,0.0,0.0,0.0,0.0,0.0,6342.0,0
3.224,15859.0,12682.0,9515.0,15855.5,12679.5,9513.5,4000.0,3000.0,2000.0,-5.625,0.5,-3.375,0.0,0.0,0.0,0.0,0.0,0.0,6344.0,0
3.225,15863.0,12685.0,9517.0,15859.5,12682.5,9515.5,4000.0,3000.0,2000.0,-5.875,0.5,-3.125,0.0,0.0,0.0,0.0,0.0,0.0,6346.0,0
3.226,15867.0,12688.0,9519.0,15863.5,12685.5,9517.5,4000.0,3000.0,2000.0,-6.125,0.5,-2.875,0.0,0.0,0.0,0.0,0.0,0.0,6348.0,0
3.227,15870.0,12691.0,9521.0,15867.5,12688.5,9519.5,3000.0,3000.0,2000.0,-6.375,0.5,-2.625,0.0,0.0,0.0,0.0,0.0,0.0,6349.0,0
3.228,15874.0,12694.0,9524.0,15870.5,12691.5,9521.5,4000.0,3000.0,3000.0,-5.625,0.5,-2.375,0.0,0.0,0.0,0.0,0.0,0.0,6350.0,0
3.229,15878.0,12697.0,9526.0,15874.5,12694.5,9524.5,4000.0,3000.0,2000.0,-5.875,0.5,-3.125,0.0,0.0,0.0,0.0,0.0,0.0,6352.0,0
3.23,15882.0,12700.0,9528.0,15878.5,12697.5,9526.5,4000.0,3000.0,2000.0,-6.125,0.5,-2.875,0.0,0.0,0.0,0.0,0.0,0.0,6354.0,0
3.231,15886.0,12703.0,9530.0,15882.5,12700.5,9528.5,4000.0,3000.0,2000.0,-6.375,0.5,-2.625,0.0,0.0,0.0,0.0,0.0,0.0,6356.0,0
3.232,15889.0,12706.0,9533.0,15886.5,12703.5,9530.5,3000.0,3000.0,3000.0,-6.625,0.5,-2.375,0.0,0.0,0.0,0.0,0.0,0.0,6356.0,0
3.233,15893.0,12709.0,9535.0,15889.5,12706.5,9533.5,4000.0,3000.0,2000.0,-5.875,0.5,-3.125,0.0,0.0,0.0,0.0,0.0,0.0,6358.0,0
3.234,15897.0,12712.0,9537.0,15893.5,12709.5,9535.5,4000.0,3000.0,2000.0,-6.125,0.5,-2.875,0.0,0.0,0.0,0.0,0.0,0.0,6360.0,0
3.235,15901.0,12715.0,9539.0,15897.5,12712.5,9537.5,4000.0,3000.0,2000.0,-6.375,0.5,-2.625,0.0,0.0,0.0,0.0,0.0,0.0,6362.0,0
3.236,15905.0,12718.0,9542.0,15901.5,12715.5,9539.5,4000.0,3000.0,3000.0,-6.625,0.5,-2.375,0.0,0.0,0.0,0.0,0.0,0.0,6363.0,0
3.237,15908.0,12721.0,9544.0,15905.5,12718.5,9542.5,3000.0,3000.0,2000.0,-6.875,0.5,-3.125,0.0,0.0,0.0,0.0,0.0,0.0,6364.0,0
3.238,15912.0,12724.0,9546.0,15908.5,12721.5,9544.5,4000.0,3000.0,2000.0,-6.125,0.5,-2.875,0.0,0.0,0.0,0.0,0.0,0.0,6366.0,0
3.239,15916.0,12728.0,9548.0,15912.5,12724.5,9546.5,4000.0,4000.0,2000.0,-6.375,0.5,-2.625,0.0,0.0,0.0,0.0,0.0,0.0,6368.0,0
3.24,15920.0,12731.0,9551.0,15916.5,12728.5,9548.5,4000.0,3000.0,3000.0,-5.375,0.5,-1.625,0.0,0.0,0.0,0.0,0.0,0.0,6369.0,0
3.241,15923.0,12734.0,9553.0,15920.5,12731.5,9551.5,3000.0,3000.0,2000.0,-5.625,0.5,-2.375,0.0,0.0,0.0,0.0,0.0,0.0,6370.0,0
3.242,15927.0,12737.0,9555.0,15923.5,12734.5,9553.5,4000.0,3000.0,2000.0,-4.875,0.5,-2.125,0.0,0.0,0.0,0.0,0.0,0.0,6372.0,0
3.243,15931.0,12740.0,9557.0,15927.5,12737.5,9555.5,4000.0,3000.0,2000.0,-5.125,0.5,-1.875,0.0,0.0,0.0,0.0,0.0,0.0,6374.0,0
3.244,15935.0,12743.0,9560.0,15931.5,12740.5,9557.5,4000.0,3000.0,3000.0,-5.375,0.5,-1.625,0.0,0.0,0.0,0.0,0.0,0.0,6375.0,0
3.245,15939.0,12746.0,9562.0,15935.5,12743.5,9560.5,4000.0,3000.0,2000.0,-5.625,0.5,-2.375,0.0,0.0,0.0,0.0,0.0,0.0,6377.0,0
3.246,15942.0,12749.0,9564.0,15939.5,12746.5,9562.5,3000.0,3000.0,2000.0,-5.875,0.5,-2.125,0.0,0.0,0.0,0.0,0.0,0.0,6378.0,0
3.247,15946.0,12752.0,9566.0,15942.5,12749.5,9564.5,4000.0,3000.0,2000.0,-5.125,0.5,-1.875,0.0,0.0,0.0,0.0,0.0,0.0,6380.0,0
3.248,15950.0,12755.0,9568.0,15946.5,12752.5,9566.5,4000.0,3000.0,2000.0,-5.375,0.5,-1.625,0.0,0.0,0.0,0.0,0.0,0.0,6382.0,0
3.249,15954.0,12758.0,9571.0,15950.5,12755.5,9568.5,4000.0,3000.0,3000.0,-5.625,0.5,-1.375,0.0,0.0,0.0,0.0,0.0,0.0,6383.0,0
3.25,15957.0,12761.0,9573.0,15954.5,12758.5,9571.5,3000.0,3000.0,2000.0,-5.875,0.5,-2.125,0.0,0.0,0.0,0.0,0.0,0.0,6384.0,0
3.251,15961.0,12764.0,9575.0,15957.5,12761.5,9573.5,4000.0,3000.0,2000.0,-5.125,0.5,-1.875,0.0,0.0,0.0,0.0,0.0,0.0,6386.0,0
3.2520000000000002,15965.0,12767.0,9577.0,15961.5,12764.5,9575.5,4000.0,3000.0,2000.0,-5.375,0.5,-1.625,0.0,0.0,0.0,0.0,0.0,0.0,6388.0,0
3.253,15969.0,12770.0,9580.0,15965.5,12767.5,9577.5,4000.0,3000.0,3000.0,-5.625,0.5,-1.375,0.0,0.0,0.0,0.0,0.0,0.0,6389.0,0
3.254,15973.0,12773.0,9582.0,15969.5,12770.5,9580.5,4000.0,3000.0,2000.0,-5.875,0.5,-2.125,0.0,0.0,0.0,0.0,0.0,0.0,6391.0,0
3.255,15976.0,12776.0,9584.0,15973.5,12773.5,9582.5,3000.0,3000.0,2000.0,-6.125,0.5,-1.875,0.0,0.0,0.0,0.0,0.0,0.0,6392.0,0
3.2560000000000002,15980.0,12779.0,9586.0,15976.5,12776.5,9584.5,4000.0,3000.0,2000.0,-5.375,0.5,-1.625,0.0,0.0,0.0,0.0,0.0,0.0,6394.0,0
3.257,15984.0,12782.0,9589.0,15980.5,12779.5,9586.5,4000.0,3000.0,3000.0,-5.625,0.5,-1.375,0.0,0.0,0.0,0.0,0.0,0.0,6395.0,0
3.258,15988.0,12785.0,9591.0,15984.5,12782.5,9589.5,4000.0,3000.0,2000.0,-5.875,0.5,-2.125,0.0,0.0,0.0,0.0,0.0,0.0,6397.0,0
3.259,15991.0,12788.0,9593.0,15988.5,12785.5,9591.5,3000.0,3000.0,2000.0,-6.125,0.5,-1.875,0.0,0.0,0.0,0.0,0.0,0.0,6398.0,0
3.2600000000000002,15995.0,12791.0,9595.0,15991.5,12788.5,9593.5,4000.0,3000.0,2000.0,-5.375,0.5,-1.625,0.0,0.0,0.0,0.0,0.0,0.0,6400.0,0
3.261,15999.0,12794.0,9598.0,15995.5,12791.5,9595.5,4000.0,3000.0,3000.0,-5.625,0.5,-1.375,0.0,0.0,0.0,0.0,0.0,0.0,6401.0,0
3.262,16003.0,12797.0,9600.0,15999.5,12794.5,9598.5,4000.0,3000.0,2000.0,-5.875,0.5,-2.125,0.0,0.0,0.0,0.0,0.0,0.0,6403.0,0
3.263,16007.0,12800.0,9602.0,16003.5,12797.5,9600.5,4000.0,3000.0,2000.0,-6.125,0.5,-1.875,0.0,0.0,0.0,0.0,0.0,0.0,6405.0,0
3.2640000000000002,16010.0,12803.0,9604.0,16007.5,12800.5,9602.5,3000.0,3000.0,2000.0,-6.375,0.5,-1.625,0.0,0.0,0.0,0.0,0.0,0.0,6406.0,0
3.265,16014.0,12806.0,9607.0,16010.5,12803.5,9604.5,4000.0,3000.0,3000.0,-5.625,0.5,-1.375,0.0,0.0,0.0,0.0,0.0,0.0,6407.0,0
3.266,16018.0,12809.0,9609.0,16014.5,12806.5,9607.5,4000.0,3000.0,2000.0,-5.875,0.5,-2.125,0.0,0.0,0.0,0.0,0.0,0.0,6409.0,0
3.267,16022.0,12812.0,9611.0,16018.5,12809.5,9609.5,4000.0,3000.0,2000.0,-6.125,0.5,-1.875,0.0,0.0,0.0,0.0,0.0,0.0,6411.0,0
3.2680000000000002,16026.0,12815.0,9613.0,16022.5,12812.5,9611.5,4000.0,3000.0,2000.0,-6.375,0.5,-1.625,0.0,0.0,0.0,0.0,0.0,0.0,6413.0,0
3.269,16029.0,12818.0,9615.0,16026.5,12815.5,9613.5,3000.0,3000.0,2000.0,-6.625,0.5,-1.375,0.0,0.0,0.0,0.0,0.0,0.0,6414.0,0
3.27,16033.0,12822.0,9618.0,16029.5,12818.5,9615.5,4000.0,4000.0,3000.0,-5.875,0.5,-1.125,0.0,0.0,0.0,0.0,0.0,0.0,6415.0,0
3.271,16037.0,12825.0,9620.0,16033.5,12822.5,9618.5,4000.0,3000.0,2000.0,-4.875,0.5,-1.125,0.0,0.0,0.0,0.0,0.0,0.0,6417.0,0
3.2720000000000002,16041.0,12828.0,9622.0,16037.5,12825.5,9620.5,4000.0,3000.0,2000.0,-5.125,0.5,-0.875,0.0,0.0,0.0,0.0,0.0,0.0,6419.0,0
3.273,16044.0,12831.0,9624.0,16041.5,12828.5,9622.5,3000.0,3000.0,2000.0,-5.375,0.5,-0.625,0.0,0.0,0.0,0.0,0.0,0.0,6420.0,0
3.274,16048.0,12834.0,9627.0,16044.5,12831.5,9624.5,4000.0,3000.0,3000.0,-4.625,0.5,-0.375,0.0,0.0,0.0,0.0,0.0,0.0,6421.0,0
3.275,16052.0,12837.0,9629.0,16048.5,12834.5,9627.5,4000.0,3000.0,2000.0,-4.875,0.5,-1.125,0.0,0.0,0.0,0.0,0.0,0.0,6423.0,0
3.2760000000000002,16056.0,12840.0,9631.0,16052.5,12837.5,9629.5,4000.0,3000.0,2000.0,-5.125,0.5,-0.875,0.0,0.0,0.0,0.0,0.0,0.0,6425.0,0
3.277,16060.0,12843.0,9633.0,16056.5,12840.5,9631.5,4000.0,3000.0,2000.0,-5.375,0.5,-0.625,0.0,0.0,0.0,0.0,0.0,0.0,6427.0,0
3.278,16063.0,12846.0,9636.0,16060.5,12843.5,9633.5,3000.0,3000.0,3000.0,-5.625,0.5,-0.375,0.0,0.0,0.0,0.0,0.0,0.0,6427.0,0
3.279,16067.0,12849.0,9638.0,16063.5,12846.5,9636.5,4000.0,3000.0,2000.0,-4.875,0.5,-1.125,0.0,0.0,0.0,0.0,0.0,0.0,6429.0,0
3.2800000000000002,16071.0,12852.0,9640.0,16067.5,12849.5,9638.5,4000.0,3000.0,2000.0,-5.125,0.5,-0.875,0.0,0.0,0.0,0.0,0.0,0.0,6431.0,0
3.281,16075.0,12855.0,9642.0,16071.5,12852.5,9640.5,4000.0,3000.0,2000.0,-5.375,0.5,-0.625,0.0,0.0,0.0,0.0,0.0,0.0,6433.0,0
3.282,16078.0,12858.0,9645.0,16075.5,12855.5,9642.5,3000.0,3000.0,3000.0,-5.625,0.5,-0.375,0.0,0.0,0.0,0.0,0.0,0.0,6433.0,0
3.283,16082.0,12861.0,9647.0,16078.5,12858.5,9645.5,4000.0,3000.0,2000.0,-4.875,0.5,-1.125,0.0,0.0,0.0,0.0,0.0,0.0,6435.0,0
3.2840000000000003,16086.0,12864.0,9649.0,16082.5,12861.5,9647.5,4000.0,3000.0,2000.0,-5.125,0.5,-0.875,0.0,0.0,0.0,0.0,0.0,0.0,6437.0,0
3.285,16090.0,12867.0,9651.0,16086.5,12864.5,9649.5,4000.0,3000.0,2000.0,-5.375,0.5,-0.625,0.0,0.0,0.0,0.0,0.0,0.0,6439.0,0
3.286,16094.0,12870.0,9654.0,16090.5,12867.5,9651.5,4000.0,3000.0,3000.0,-5.625,0.5,-0.375,0.0,0.0,0.0,0.0,0.0,0.0,6440.0,0
3.287,16097.0,12873.0,9656.0,16094.5,12870.5,9654.5,3000.0,3000.0,2000.0,-5.875,0.5,-1.125,0.0,0.0,0.0,0.0,0.0,0.0,6441.0,0
3.2880000000000003,16101.0,12876.0,9658.0,16097.5,12873.5,9656.5,4000.0,3000.0,2000.0,-5.125,0.5,-0.875,0.0,0.0,0.0,0.0,0.0,0.0,6443.0,0
3.289,16105.0,12879.0,9660.0,16101.5,12876.5,9658.5,4000.0,3000.0,2000.0,-5.375,0.5,-0.625,0.0,0.0,0.0,0.0,0.0,0.0,6445.0,0
3.29,16109.0,12882.0,9662.0,16105.5,12879.5,9660.5,4000.0,3000.0,2000.0,-5.625,0.5,-0.375,0.0,0.0,0.0,0.0,0.0,0.0,6447.0,0
3.291,16112.0,12885.0,9665.0,16109.5,12882.5,9662.5,3000.0,3000.0,3000.0,-5.875,0.5,-0.125,0.0,0.0,0.0,0.0,0.0,0.0,6447.0,0
3.2920000000000003,16116.0,12888.0,9667.0,16112.5,12885.5,9665.5,4000.0,3000.0,2000.0,-5.125,0.5,-0.875,0.0,0.0,0.0,0.0,0.0,0.0,6449.0,0
3.293,16120.0,12891.0,9669.0,16116.5,12888.5,9667.5,4000.0,3000.0,2000.0,-5.375,0.5,-0.625,0.0,0.0,0.0,0.0,0.0,0.0,6451.0,0
3.294,16124.0,12894.0,9671.0,16120.5,12891.5,9669.5,4000.0,3000.0,2000.0,-5.625,0.5,-0.375,0.0,0.0,0.0,0.0,0.0,0.0,6453.0,0
3.295,16128.0,12897.0,9674.0,16124.5,12894.5,9671.5,4000.0,3000.0,3000.0,-5.875,0.5,-0.125,0.0,0.0,0.0,0.0,0.0,0.0,6454.0,0
3.2960000000000003,16131.0,12900.0,9676.0,16128.5,12897.5,9674.5,3000.0,3000.0,2000.0,-6.125,0.5,-0.875,0.0,0.0,0.0,0.0,0.0,0.0,6455.0,0
3.297,16135.0,12903.0,9678.0,16131.5,12900.5,9676.5,4000.0,3000.0,2000.0,-5.375,0.5,-0.625,0.0,0.0,0.0,0.0,0.0,0.0,6457.0,0
3.298,16139.0,12906.0,9680.0,16135.5,12903.5,9678.5,4000.0,3000.0,2000.0,-5.625,0.5,-0.375,0.0,0.0,0.0,0.0,0.0,0.0,6459.0,0
3.299,16143.0,12909.0,9683.0,16139.5,12906.5,9680.5,4000.0,3000.0,3000.0,-5.875,0.5,-0.125,0.0,0.0,0.0,0.0,0.0,0.0,6460.0,0
3.3000000000000003,16147.0,12912.0,9685.0,16143.5,12909.5,9683.5,4000.0,3000.0,2000.0,-6.125,0.5,-0.875,0.0,0.0,0.0,0.0,0.0,0.0,6462.0,0
3.301,16150.0,12916.0,9687.0,16147.5,12912.5,9685.5,3000.0,4000.0,2000.0,-6.375,0.5,-0.625,0.0,0.0,0.0,0.0,0.0,0.0,6463.0,0
3.302,16154.0,12919.0,9689.0,16150.5,12916.5,9687.5,4000.0,3000.0,2000.0,-4.375,0.5,0.375,0.0,0.0,0.0,0.0,0.0,0.0,6465.0,0
3.303,16158.0,12922.0,9692.0,16154.5,12919.5,9689.5,4000.0,3000.0,3000.0,-4.83333333333394,0.33333333333393966,0.5,0.0,0.0,0.0,0.0,0.0,0.0,6466.0,0
3.3040000000000003,16162.0,12925.0,9694.0,16158.5,12922.5,9692.5,4000.0,3000.0,2000.0,-4.875,0.5,-0.125,0.0,0.0,0.0,0.0,0.0,0.0,6468.0,0
3.305,16165.0,12928.0,9696.0,16162.5,12925.5,9694.5,3000.0,3000.0,2000.0,-5.125,0.5,0.125,0.0,0.0,0.0,0.0,0.0,0.0,6469.0,0
3.306,16169.0,12931.0,9698.0,16165.5,12928.5,9696.5,4000.0,3000.0,2000.0,-4.375,0.5,0.375,0.0,0.0,0.0,0.0,0.0,0.0,6471.0,0
3.307,16173.0,12934.0,9701.0,16169.5,12931.5,9698.5,4000.0,3000.0,3000.0,-4.83333333333394,0.33333333333393966,0.5,0.0,0.0,0.0,0.0,0.0,0.0,6472.0,0
3.3080000000000003,16177.0,12937.0,9703.0,16173.5,12934.5,9701.5,4000.0,3000.0,2000.0,-4.875,0.5,-0.125,0.0,0.0,0.0,0.0,0.0,0.0,6474.0,0
3.309,16181.0,12940.0,9705.0,16177.5,12937.5,9703.5,4000.0,3000.0,2000.0,-5.125,0.5,0.125,0.0,0.0,0.0,0.0,0.0,0.0,6476.0,0
3.31,16184.0,12943.0,9707.0,16181.5,12940.5,9705.5,3000.0,3000.0,2000.0,-5.375,0.5,0.375,0.0,0.0,0.0,0.0,0.0,0.0,6477.0,0
3.311,16188.0,12946.0,9709.0,16184.5,12943.5,9707.5,4000.0,3000.0,2000.0,-4.83333333333394,0.33333333333393966,0.5,0.0,0.0,0.0,0.0,0.0,0.0,6479.0,0
3.3120000000000003,16192.0,12949.0,9712.0,16188.5,12946.5,9709.5,4000.0,3000.0,3000.0,-5.5,0.0,0.5,0.0,0.0,0.0,0.0,0.0,0.0,6480.0,0
3.313,16196.0,12952.0,9714.0,16192.5,12949.5,9712.5,4000.0,3000.0,2000.0,-5.125,0.5,0.125,0.0,0.0,0.0,0.0,0.0,0.0,6482.0,0
3.314,16199.0,12955.0,9716.0,16196.5,12952.5,9714.5,3000.0,3000.0,2000.0,-5.375,0.5,0.375,0.0,0.0,0.0,0.0,0.0,0.0,6483.0,0
3.315,16203.0,12958.0,9718.0,16199.5,12955.5,9716.5,4000.0,3000.0,2000.0,-4.83333333333394,0.33333333333393966,0.5,0.0,0.0,0.0,0.0,0.0,0.0,6485.0,0
3.3160000000000003,16207.0,12961.0,9721.0,16203.5,12958.5,9718.5,4000.0,3000.0,3000.0,-5.5,0.0,0.5,0.0,0.0,0.0,0.0,0.0,0.0,6486.0,0
3.317,16211.0,12964.0,9723.0,16207.5,12961.5,9721.5,4000.0,3000.0,2000.0,-5.125,0.5,0.125,0.0,0.0,0.0,0.0,0.0,0.0,6488.0,0
3.318,16215.0,12967.0,9725.0,16211.5,12964.5,9723.5,4000.0,3000.0,2000.0,-5.375,0.5,0.375,0.0,0.0,0.0,0.0,0.0,0.0,6490.0,0
3.319,16218.0,12970.0,9727.0,16215.5,12967.5,9725.5,3000.0,3000.0,2000.0,-5.83333333333394,0.33333333333393966,0.5,0.0,0.0,0.0,0.0,0.0,0.0,6491.0,0
3.3200000000000003,16222.0,12973.0,9730.0,16218.5,12970.5,9727.5,4000.0,3000.0,3000.0,-5.5,0.0,0.5,0.0,0.0,0.0,0.0,0.0,0.0,6492.0,0
3.321,16226.0,12976.0,9732.0,16222.5,12973.5,9730.5,4000.0,3000.0,2000.0,-5.125,0.5,0.125,0.0,0.0,0.0,0.0,0.0,0.0,6494.0,0
3.322,16230.0,12979.0,9734.0,16226.5,12976.5,9732.5,4000.0,3000.0,2000.0,-5.375,0.5,0.375,0.0,0.0,0.0,0.0,0.0,0.0,6496.0,0
3.323,16234.0,12982.0,9736.0,16230.5,12979.5,9734.5,4000.0,3000.0,2000.0,-5.83333333333394,0.33333333333393966,0.5,0.0,0.0,0.0,0.0,0.0,0.0,6498.0,0
3.3240000000000003,16237.0,12985.0,9739.0,16234.5,12982.5,9736.5,3000.0,3000.0,3000.0,-6.5,0.0,0.5,0.0,0.0,0.0,0.0,0.0,0.0,6498.0,0
3.325,16241.0,12988.0,9741.0,16237.5,12985.5,9739.5,4000.0,3000.0,2000.0,-5.125,0.5,0.125,0.0,0.0,0.0,0.0,0.0,0.0,6500.0,0
3.326,16245.0,12991.0,9743.0,16241.5,12988.5,9741.5,4000.0,3000.0,2000.0,-5.375,0.5,0.375,0.0,0.0,0.0,0.0,0.0,0.0,6502.0,0
3.327,16249.0,12994.0,9745.0,16245.5,12991.5,9743.5,4000.0,3000.0,2000.0,-5.83333333333394,0.33333333333393966,0.5,0.0,0.0,0.0,0.0,0.0,0.0,6504.0,0
3.3280000000000003,16252.0,12997.0,9748.0,16249.5,12994.5,9745.5,3000.0,3000.0,3000.0,-6.5,0.0,0.5,0.0,0.0,0.0,0.0,0.0,0.0,6504.0,0
3.329,16256.0,13000.0,9750.0,16252.5,12997.5,9748.5,4000.0,3000.0,2000.0,-5.125,0.5,0.125,0.0,0.0,0.0,0.0,0.0,0.0,6506.0,0
3.33,16260.0,13003.0,9752.0,16256.5,13000.5,9750.5,4000.0,3000.0,2000.0,-5.375,0.5,0.375,0.0,0.0,0.0,0.0,0.0,0.0,6508.0,0
3.331,16264.0,13006.0,9754.0,16260.5,13003.5,9752.5,4000.0,3000.0,2000.0,-5.83333333333394,0.33333333333393966,0.5,0.0,0.0,0.0,0.0,0.0,0.0,6510.0,0
3.332,16268.0,13010.0,9756.0,16264.5,13006.5,9754.5,4000.0,4000.0,2000.0,-6.5,0.0,0.5,0.0,0.0,0.0,0.0,0.0,0.0,6512.0,0
3.333,16271.0,13013.0,9759.0,16268.5,13010.5,9756.5,3000.0,3000.0,3000.0,-7.16666666666606,-1.3333333333339397,0.5,0.0,0.0,0.0,0.0,0.0,0.0,6512.0,0
3.334,16275.0,13016.0,9761.0,16271.5,13013.5,9759.5,4000.0,3000.0,2000.0,-5.16666666666606,-0.33333333333393966,0.5,0.0,0.0,0.0,0.0,0.0,0.0,6514.0,0
3.335,16279.0,13019.0,9763.0,16275.5,13016.5,9761.5,4000.0,3000.0,2000.0,-5.83333333333394,-0.6666666666660603,0.5,0.0,0.0,0.0,0.0,0.0,0.0,6516.0,0
3.336,16283.0,13022.0,9765.0,16279.5,13019.5,9763.5,4000.0,3000.0,2000.0,-6.5,-1.0,0.5,0.0,0.0,0.0,0.0,0.0,0.0,6518.0,0
3.337,16286.0,13025.0,9768.0,16283.5,13022.5,9765.5,3000.0,3000.0,3000.0,-7.16666666666606,-1.3333333333339397,0.5,0.0,0.0,0.0,0.0,0.0,0.0,6518.0,0
3.338,16290.0,13028.0,9770.0,16286.5,13025.5,9768.5,4000.0,3000.0,2000.0,-5.16666666666606,-0.33333333333393966,0.5,0.0,0.0,0.0,0.0,0.0,0.0,6520.0,0
3.339,16294.0,13031.0,9772.0,16290.5,13028.5,9770.5,4000.0,3000.0,2000.0,-5.83333333333394,-0.6666666666660603,0.5,0.0,0.0,0.0,0.0,0.0,0.0,6522.0,0
3.34,16298.0,13034.0,9774.0,16294.5,13031.5,9772.5,4000.0,3000.0,2000.0,-6.5,-1.0,0.5,0.0,0.0,0.0,0.0,0.0,0.0,6524.0,0
3.341,16302.0,13037.0,9777.0,16298.5,13034.5,9774.5,4000.0,3000.0,3000.0,-7.16666666666606,-1.3333333333339397,0.5,0.0,0.0,0.0,0.0,0.0,0.0,6525.0,0
3.342,16305.0,13040.0,9779.0,16302.5,13037.5,9777.5,3000.0,3000.0,2000.0,-6.16666666666606,-0.33333333333393966,0.5,0.0,0.0,0.0,0.0,0.0,0.0,6526.0,0
3.343,16309.0,13043.0,9781.0,16305.5,13040.5,9779.5,4000.0,3000.0,2000.0,-5.83333333333394,-0.6666666666660603,0.5,0.0,0.0,0.0,0.0,0.0,0.0,6528.0,0
3.344,16313.0,13046.0,9783.0,16309.5,13043.5,9781.5,4000.0,3000.0,2000.0,-6.5,-1.0,0.5,0.0,0.0,0.0,0.0,0.0,0.0,6530.0,0
3.345,16317.0,13049.0,9786.0,16313.5,13046.5,9783.5,4000.0,3000.0,3000.0,-7.16666666666606,-1.3333333333339397,0.5,0.0,0.0,0.0,0.0,0.0,0.0,6531.0,0
3.346,16320.0,13052.0,9788.0,16317.5,13049.5,9786.5,3000.0,3000.0,2000.0,-6.16666666666606,-0.33333333333393966,0.5,0.0,0.0,0.0,0.0,0.0,0.0,6532.0,0
3.347,16324.0,13055.0,9790.0,16320.5,13052.5,9788.5,4000.0,3000.0,2000.0,-5.83333333333394,-0.6666666666660603,0.5,0.0,0.0,0.0,0.0,0.0,0.0,6534.0,0
3.348,16328.0,13058.0,9792.0,16324.5,13055.5,9790.5,4000.0,3000.0,2000.0,-6.5,-1.0,0.5,0.0,0.0,0.0,0.0,0.0,0.0,6536.0,0
3.349,16332.0,13061.0,9795.0,16328.5,13058.5,9792.5,4000.0,3000.0,3000.0,-7.16666666666606,-1.3333333333339397,0.5,0.0,0.0,0.0,0.0,0.0,0.0,6537.0,0
3.35,16336.0,13064.0,9797.0,16332.5,13061.5,9795.5,4000.0,3000.0,2000.0,-6.16666666666606,-0.33333333333393966,0.5,0.0,0.0,0.0,0.0,0.0,0.0,6539.0,0
3.351,16339.0,13067.0,9799.0,16336.5,13064.5,9797.5,3000.0,3000.0,2000.0,-6.83333333333394,-0.6666666666660603,0.5,0.0,0.0,0.0,0.0,0.0,0.0,6540.0,0
3.352,16343.0,13070.0,9801.0,16339.5,13067.5,9799.5,4000.0,3000.0,2000.0,-6.5,-1.0,0.5,0.0,0.0,0.0,0.0,0.0,0.0,6542.0,0
3.353,16347.0,13073.0,9803.0,16343.5,13070.5,9801.5,4000.0,3000.0,2000.0,-7.16666666666606,-1.3333333333339397,0.5,0.0,0.0,0.0,0.0,0.0,0.0,6544.0,0
3.354,16351.0,13076.0,9806.0,16347.5,13073.5,9803.5,4000.0,3000.0,3000.0,-7.83333333333394,-1.6666666666660603,0.5,0.0,0.0,0.0,0.0,0.0,0.0,6545.0,0
3.355,16355.0,13079.0,9808.0,16351.5,13076.5,9806.5,4000.0,3000.0,2000.0,-6.83333333333394,-0.6666666666660603,0.5,0.0,0.0,0.0,0.0,0.0,0.0,6547.0,0
3.356,16358.0,13082.0,9810.0,16355.5,13079.5,9808.5,3000.0,3000.0,2000.0,-7.5,-1.0,0.5,0.0,0.0,0.0,0.0,0.0,0.0,6548.0,0
3.357,16362.0,13085.0,9812.0,16358.5,13082.5,9810.5,4000.0,3000.0,2000.0,-7.16666666666606,-1.3333333333339397,0.5,0.0,0.0,0.0,0.0,0.0,0.0,6550.0,0
3.358,16366.0,13088.0,9815.0,16362.5,13085.5,9812.5,4000.0,3000.0,3000.0,-7.83333333333394,-1.6666666666660603,0.5,0.0,0.0,0.0,0.0,0.0,0.0,6551.0,0
3.359,16370.0,13091.0,9817.0,16366.5,13088.5,9815.5,4000.0,3000.0,2000.0,-6.83333333333394,-0.6666666666660603,0.5,0.0,0.0,0.0,0.0,0.0,0.0,6553.0,0
3.36,16373.0,13094.0,9819.0,16370.5,13091.5,9817.5,3000.0,3000.0,2000.0,-7.5,-1.0,0.5,0.0,0.0,0.0,0.0,0.0,0.0,6554.0,0
3.361,16377.0,13097.0,9821.0,16373.5,13094.5,9819.5,4000.0,3000.0,2000.0,-7.16666666666606,-1.3333333333339397,0.5,0.0,0.0,0.0,0.0,0.0,0.0,6556.0,0
3.362,16381.0,13100.0,9824.0,16377.5,13097.5,9821.5,4000.0,3000.0,3000.0,-7.83333333333394,-1.6666666666660603,0.5,0.0,0.0,0.0,0.0,0.0,0.0,6557.0,0
3.363,16385.0,13104.0,9826.0,16381.5,13100.5,9824.5,4000.0,4000.0,2000.0,-6.83333333333394,-0.6666666666660603,0.5,0.0,0.0,0.0,0.0,0.0,0.0,6559.0,0
3.364,16389.0,13107.0,9828.0,16385.5,13104.5,9826.5,4000.0,3000.0,2000.0,-7.5,-2.0,0.5,0.0,0.0,0.0,0.0,0.0,0.0,6561.0,0
3.365,16392.0,13110.0,9830.0,16389.5,13107.5,9828.5,3000.0,3000.0,2000.0,-8.16666666666606,-2.3333333333339397,0.5,0.0,0.0,0.0,0.0,0.0,0.0,6562.0,0
3.366,16396.0,13113.0,9833.0,16392.5,13110.5,9830.5,4000.0,3000.0,3000.0,-7.833333333332121,-2.6666666666660603,0.5,0.0,0.0,0.0,0.0,0.0,0.0,6563.0,0
3.367,16400.0,13116.0,9835.0,16396.5,13113.5,9833.5,4000.0,3000.0,2000.0,-6.833333333332121,-1.6666666666660603,0.5,0.0,0.0,0.0,0.0,0.0,0.0,6565.0,0
3.368,16404.0,13119.0,9837.0,16400.5,13116.5,9835.5,4000.0,3000.0,2000.0,-7.5,-2.0,0.5,0.0,0.0,0.0,0.0,0.0,0.0,6567.0,0
3.369,16407.0,13122.0,9839.0,16404.5,13119.5,9837.5,3000.0,3000.0,2000.0,-8.16666666666788,-2.3333333333339397,0.5,0.0,0.0,0.0,0.0,0.0,0.0,6568.0,0
3.37,16411.0,13125.0,9842.0,16407.5,13122.5,9839.5,4000.0,3000.0,3000.0,-7.833333333332121,-2.6666666666660603,0.5,0.0,0.0,0.0,0.0,0.0,0.0,6569.0,0
3.371,16415.0,13128.0,9844.0,16411.5,13125.5,9842.5,4000.0,3000.0,2000.0,-6.833333333332121,-1.6666666666660603,0.5,0.0,0.0,0.0,0.0,0.0,0.0,6571.0,0
3.372,16419.0,13131.0,9846.0,16415.5,13128.5,9844.5,4000.0,3000.0,2000.0,-7.5,-2.0,0.5,0.0,0.0,0.0,0.0,0.0,0.0,6573.0,0
3.373,16423.0,13134.0,9848.0,16419.5,13131.5,9846.5,4000.0,3000.0,2000.0,-8.16666666666788,-2.3333333333339397,0.5,0.0,0.0,0.0,0.0,0.0,0.0,6575.0,0
3.374,16426.0,13137.0,9850.0,16423.5,13134.5,9848.5,3000.0,3000.0,2000.0,-8.83333333333212,-2.6666666666660603,0.5,0.0,0.0,0.0,0.0,0.0,0.0,6576.0,0
3.375,16430.0,13140.0,9853.0,16426.5,13137.5,9850.5,4000.0,3000.0,3000.0,-8.5,-3.0,0.5,0.0,0.0,0.0,0.0,0.0,0.0,6577.0,0
3.376,16434.0,13143.0,9855.0,16430.5,13140.5,9853.5,4000.0,3000.0,2000.0,-7.5,-2.0,0.5,0.0,0.0,0.0,0.0,0.0,0.0,6579.0,0
3.3770000000000002,16438.0,13146.0,9857.0,16434.5,13143.5,9855.5,4000.0,3000.0,2000.0,-8.16666666666788,-2.3333333333339397,0.5,0.0,0.0,0.0,0.0,0.0,0.0,6581.0,0
3.378,16441.0,13149.0,9859.0,16438.5,13146.5,9857.5,3000.0,3000.0,2000.0,-8.83333333333212,-2.6666666666660603,0.5,0.0,0.0,0.0,0.0,0.0,0.0,6582.0,0
3.379,16445.0,13152.0,9862.0,16441.5,13149.5,9859.5,4000.0,3000.0,3000.0,-8.5,-3.0,0.5,0.0,0.0,0.0,0.0,0.0,0.0,6583.0,0
3.38,16449.0,13155.0,9864.0,16445.5,13152.5,9862.5,4000.0,3000.0,2000.0,-7.5,-2.0,0.5,0.0,0.0,0.0,0.0,0.0,0.0,6585.0,0
3.3810000000000002,16453.0,13158.0,9866.0,16449.5,13155.5,9864.5,4000.0,3000.0,2000.0,-8.16666666666788,-2.3333333333339397,0.5,0.0,0.0,0.0,0.0,0.0,0.0,6587.0,0
3.382,16457.0,13161.0,9868.0,16453.5,13158.5,9866.5,4000.0,3000.0,2000.0,-8.83333333333212,-2.6666666666660603,0.5,0.0,0.0,0.0,0.0,0.0,0.0,6589.0,0
3.383,16460.0,13164.0,9871.0,16457.5,13161.5,9868.5,3000.0,3000.0,3000.0,-9.5,-3.0,0.5,0.0,0.0,0.0,0.0,0.0,0.0,6589.0,0
3.384,16464.0,13167.0,9873.0,16460.5,13164.5,9871.5,4000.0,3000.0,2000.0,-7.5,-2.0,0.5,0.0,0.0,0.0,0.0,0.0,0.0,6591.0,0
3.3850000000000002,16468.0,13170.0,9875.0,16464.5,13167.5,9873.5,4000.0,3000.0,2000.0,-8.16666666666788,-2.3333333333339397,0.5,0.0,0.0,0.0,0.0,0.0,0.0,6593.0,0
3.386,16472.0,13173.0,9877.0,16468.5,13170.5,9875.5,4000.0,3000.0,2000.0,-8.83333333333212,-2.6666666666660603,0.5,0.0,0.0,0.0,0.0,0.0,0.0,6595.0,0
3.387,16476.0,13176.0,9880.0,16472.5,13173.5,9877.5,4000.0,3000.0,3000.0,-9.5,-3.0,0.5,0.0,0.0,0.0,0.0,0.0,0.0,6596.0,0
3.388,16479.0,13179.0,9882.0,16476.5,13176.5,9880.5,3000.0,3000.0,2000.0,-8.5,-2.0,0.5,0.0,0.0,0.0,0.0,0.0,0.0,6597.0,0
3.3890000000000002,16483.0,13182.0,9884.0,16479.5,13179.5,9882.5,4000.0,3000.0,2000.0,-8.16666666666788,-2.3333333333339397,0.5,0.0,0.0,0.0,0.0,0.0,0.0,6599.0,0
3.39,16487.0,13185.0,9886.0,16483.5,13182.5,9884.5,4000.0,3000.0,2000.0,-8.83333333333212,-2.6666666666660603,0.5,0.0,0.0,0.0,0.0,0.0,0.0,6601.0,0
3.391,16491.0,13188.0,9889.0,16487.5,13185.5,9886.5,4000.0,3000.0,3000.0,-9.5,-3.0,0.5,0.0,0.0,0.0,0.0,0.0,0.0,6602.0,0
3.392,16494.0,13191.0,9891.0,16491.5,13188.5,9889.5,3000.0,3000.0,2000.0,-8.5,-2.0,0.5,0.0,0.0,0.0,0.0,0.0,0.0,6603.0,0
3.3930000000000002,16498.0,13195.0,9893.0,16494.5,13191.5,9891.5,4000.0,4000.0,2000.0,-8.16666666666788,-2.3333333333339397,0.5,0.0,0.0,0.0,0.0,0.0,0.0,6605.0,0
3.394,16502.0,13198.0,9895.0,16498.5,13195.5,9893.5,4000.0,3000.0,2000.0,-8.83333333333212,-3.6666666666660603,0.5,0.0,0.0,0.0,0.0,0.0,0.0,6607.0,0
3.395,16506.0,13201.0,9897.0,16502.5,13198.5,9895.5,4000.0,3000.0,2000.0,-9.5,-4.0,0.5,0.0,0.0,0.0,0.0,0.0,0.0,6609.0,0
3.396,16509.0,13204.0,9900.0,16506.5,13201.5,9897.5,3000.0,3000.0,3000.0,-10.16666666666788,-4.33333333333394,0.5,0.0,0.0,0.0,0.0,0.0,0.0,6609.0,0
3.3970000000000002,16513.0,13207.0,9902.0,16509.5,13204.5,9900.5,4000.0,3000.0,2000.0,-8.16666666666788,-3.3333333333339397,0.5,0.0,0.0,0.0,0.0,0.0,0.0,6611.0,0
3.398,16517.0,13210.0,9904.0,16513.5,13207.5,9902.5,4000.0,3000.0,2000.0,-8.83333333333212,-3.6666666666660603,0.5,0.0,0.0,0.0,0.0,0.0,0.0,6613.0,0
3.399,16521.0,13213.0,9906.0,16517.5,13210.5,9904.5,4000.0,3000.0,2000.0,-9.5,-4.0,0.5,0.0,0.0,0.0,0.0,0.0,0.0,6615.0,0
3.4,16524.0,13216.0,9909.0,16521.5,13213.5,9906.5,3000.0,3000.0,3000.0,-10.16666666666788,-4.33333333333394,0.5,0.0,0.0,0.0,0.0,0.0,0.0,6615.0,0
3.4010000000000002,16528.0,13219.0,9911.0,16524.5,13216.5,9909.5,4000.0,3000.0,2000.0,-8.16666666666788,-3.3333333333339397,0.5,0.0,0.0,0.0,0.0,0.0,0.0,6617.0,0
3.402,16532.0,13222.0,9913.0,16528.5,13219.5,9911.5,4000.0,3000.0,2000.0,-8.83333333333212,-3.6666666666660603,0.5,0.0,0.0,0.0,0.0,0.0,0.0,6619.0,0
3.403,16536.0,13225.0,9915.0,16532.5,13222.5,9913.5,4000.0,3000.0,2000.0,-9.5,-4.0,0.5,0.0,0.0,0.0,0.0,0.0,0.0,6621.0,0
3.404,16539.0,13228.0,9918.0,16536.5,13225.5,9915.5,3000.0,3000.0,3000.0,-10.16666666666788,-4.33333333333394,0.5,0.0,0.0,0.0,0.0,0.0,0.0,6621.0,0
3.4050000000000002,16543.0,13231.0,9920.0,16539.5,13228.5,9918.5,4000.0,3000.0,2000.0,-8.16666666666788,-3.3333333333339397,0.5,0.0,0.0,0.0,0.0,0.0,0.0,6623.0,0
3.406,16547.0,13234.0,9922.0,16543.5,13231.5,9920.5,4000.0,3000.0,2000.0,-8.83333333333212,-3.6666666666660603,0.5,0.0,0.0,0.0,0.0,0.0,0.0,6625.0,0
3.407,16550.0,13237.0,9924.0,16547.5,13234.5,9922.5,3000.0,3000.0,2000.0,-9.5,-4.0,0.5,0.0,0.0,0.0,0.0,0.0,0.0,6626.0,0
3.408,16554.0,13240.0,9927.0,16550.5,13237.5,9924.5,4000.0,3000.0,3000.0,-9.16666666666788,-4.33333333333394,0.5,0.0,0.0,0.0,0.0,0.0,0.0,6627.0,0
3.4090000000000003,16558.0,13243.0,9929.0,16554.5,13240.5,9927.5,4000.0,3000.0,2000.0,-8.16666666666788,-3.3333333333339397,0.5,0.0,0.0,0.0,0.0,0.0,0.0,6629.0,0
3.41,16562.0,13246.0,9931.0,16558.5,13243.5,9929.5,4000.0,3000.0,2000.0,-8.83333333333212,-3.6666666666660603,0.5,0.0,0.0,0.0,0.0,0.0,0.0,6631.0,0
3.411,16565.0,13249.0,9933.0,16562.5,13246.5,9931.5,3000.0,3000.0,2000.0,-9.5,-4.0,0.5,0.0,0.0,0.0,0.0,0.0,0.0,6632.0,0
3.412,16569.0,13252.0,9936.0,16565.5,13249.5,9933.5,4000.0,3000.0,3000.0,-9.16666666666788,-4.33333333333394,0.5,0.0,0.0,0.0,0.0,0.0,0.0,6633.0,0
3.4130000000000003,16573.0,13255.0,9938.0,16569.5,13252.5,9936.5,4000.0,3000.0,2000.0,-8.16666666666788,-3.3333333333339397,0.5,0.0,0.0,0.0,0.0,0.0,0.0,6635.0,0
3.414,16577.0,13258.0,9940.0,16573.5,13255.5,9938.5,4000.0,3000.0,2000.0,-8.83333333333212,-3.6666666666660603,0.5,0.0,0.0,0.0,0.0,0.0,0.0,6637.0,0
3.415,16581.0,13261.0,9942.0,16577.5,13258.5,9940.5,4000.0,3000.0,2000.0,-9.5,-4.0,0.5,0.0,0.0,0.0,0.0,0.0,0.0,6639.0,0
3.416,16584.0,13264.0,9944.0,16581.5,13261.5,9942.5,3000.0,3000.0,2000.0,-10.16666666666788,-4.33333333333394,0.5,0.0,0.0,0.0,0.0,0.0,0.0,6640.0,0
3.4170000000000003,16588.0,13267.0,9947.0,16584.5,13264.5,9944.5,4000.0,3000.0,3000.0,-9.83333333333212,-4.66666666666606,0.5,0.0,0.0,0.0,0.0,0.0,0.0,6641.0,0
3.418,16592.0,13270.0,9949.0,16588.5,13267.5,9947.5,4000.0,3000.0,2000.0,-8.83333333333212,-3.6666666666660603,0.5,0.0,0.0,0.0,0.0,0.0,0.0,6643.0,0
3.419,16595.0,13273.0,9951.0,16592.5,13270.5,9949.5,3000.0,3000.0,2000.0,-9.5,-4.0,0.5,0.0,0.0,0.0,0.0,0.0,0.0,6644.0,0
3.42,16599.0,13276.0,9953.0,16595.5,13273.5,9951.5,4000.0,3000.0,2000.0,-9.16666666666788,-4.33333333333394,0.5,0.0,0.0,0.0,0.0,0.0,0.0,6646.0,0
3.4210000000000003,16603.0,13279.0,9956.0,16599.5,13276.5,9953.5,4000.0,3000.0,3000.0,-9.83333333333212,-4.66666666666606,0.5,0.0,0.0,0.0,0.0,0.0,0.0,6647.0,0
3.422,16607.0,13282.0,9958.0,16603.5,13279.5,9956.5,4000.0,3000.0,2000.0,-8.83333333333212,-3.6666666666660603,0.5,0.0,0.0,0.0,0.0,0.0,0.0,6649.0,0
3.423,16610.0,13285.0,9960.0,16607.5,13282.5,9958.5,3000.0,3000.0,2000.0,-9.5,-4.0,0.5,0.0,0.0,0.0,0.0,0.0,0.0,6650.0,0
3.424,16614.0,13289.0,9962.0,16610.5,13285.5,9960.5,4000.0,4000.0,2000.0,-9.16666666666788,-4.33333333333394,0.5,0.0,0.0,0.0,0.0,0.0,0.0,6652.0,0
3.4250000000000003,16618.0,13292.0,9965.0,16614.5,13289.5,9962.5,4000.0,3000.0,3000.0,-9.83333333333212,-5.66666666666606,0.5,0.0,0.0,0.0,0.0,0.0,0.0,6653.0,0
3.426,16622.0,13295.0,9967.0,16618.5,13292.5,9965.5,4000.0,3000.0,2000.0,-8.83333333333212,-4.66666666666606,0.5,0.0,0.0,0.0,0.0,0.0,0.0,6655.0,0
3.427,16625.0,13298.0,9969.0,16622.5,13295.5,9967.5,3000.0,3000.0,2000.0,-9.5,-5.0,0.5,0.0,0.0,0.0,0.0,0.0,0.0,6656.0,0
3.428,16629.0,13301.0,9971.0,16625.5,13298.5,9969.5,4000.0,3000.0,2000.0,-9.16666666666788,-5.33333333333394,0.5,0.0,0.0,0.0,0.0,0.0,0.0,6658.0,0
3.4290000000000003,16633.0,13304.0,9974.0,16629.5,13301.5,9971.5,4000.0,3000.0,3000.0,-9.83333333333212,-5.66666666666606,0.5,0.0,0.0,0.0,0.0,0.0,0.0,6659.0,0
3.43,16637.0,13307.0,9976.0,16633.5,13304.5,9974.5,4000.0,3000.0,2000.0,-8.83333333333212,-4.66666666666606,0.5,0.0,0.0,0.0,0.0,0.0,0.0,6661.0,0
3.431,16640.0,13310.0,9978.0,16637.5,13307.5,9976.5,3000.0,3000.0,2000.0,-9.5,-5.0,0.5,0.0,0.0,0.0,0.0,0.0,0.0,6662.0,0
3.432,16644.0,13313.0,9980.0,16640.5,13310.5,9978.5,4000.0,3000.0,2000.0,-9.16666666666788,-5.33333333333394,0.5,0.0,0.0,0.0,0.0,0.0,0.0,6664.0,0
3.4330000000000003,16648.0,13316.0,9983.0,16644.5,13313.5,9980.5,4000.0,3000.0,3000.0,-9.83333333333212,-5.66666666666606,0.5,0.0,0.0,0.0,0.0,0.0,0.0,6665.0,0
3.434,16652.0,13319.0,9985.0,16648.5,13316.5,9983.5,4000.0,3000.0,2000.0,-8.83333333333212,-4.66666666666606,0.5,0.0,0.0,0.0,0.0,0.0,0.0,6667.0,0
3.435,16655.0,13322.0,9987.0,16652.5,13319.5,9985.5,3000.0,3000.0,2000.0,-9.5,-5.0,0.5,0.0,0.0,0.0,0.0,0.0,0.0,6668.0,0
3.436,16659.0,13325.0,9989.0,16655.5,13322.5,9987.5,4000.0,3000.0,2000.0,-9.16666666666788,-5.33333333333394,0.5,0.0,0.0,0.0,0.0,0.0,0.0,6670.0,0
3.4370000000000003,16663.0,13328.0,9991.0,16659.5,13325.5,9989.5,4000.0,3000.0,2000.0,-9.83333333333212,-5.66666666666606,0.5,0.0,0.0,0.0,0.0,0.0,0.0,6672.0,0
3.438,16667.0,13331.0,9994.0,16663.5,13328.5,9991.5,4000.0,3000.0,3000.0,-10.5,-6.0,0.5,0.0,0.0,0.0,0.0,0.0,0.0,6673.0,0
3.439,16670.0,13334.0,9996.0,16667.5,13331.5,9994.5,3000.0,3000.0,2000.0,-9.5,-5.0,0.5,0.0,0.0,0.0,0.0,0.0,0.0,6674.0,0
3.44,16674.0,13337.0,9998.0,16670.5,13334.5,9996.5,4000.0,3000.0,2000.0,-9.16666666666788,-5.33333333333394,0.5,0.0,0.0,0.0,0.0,0.0,0.0,6676.0,0
3.4410000000000003,16678.0,13340.0,10000.0,16674.5,13337.5,9998.5,4000.0,3000.0,2000.0,-9.83333333333212,-5.66666666666606,0.5,0.0,0.0,0.0,0.0,0.0,0.0,6678.0,0
3.442,16681.0,13343.0,10003.0,16678.5,13340.5,10000.5,3000.0,3000.0,3000.0,-10.5,-6.0,0.5,0.0,0.0,0.0,0.0,0.0,0.0,6678.0,0
3.443,16685.0,13346.0,10005.0,16681.5,13343.5,10003.5,4000.0,3000.0,2000.0,-8.5,-5.0,0.5,0.0,0.0,0.0,0.0,0.0,0.0,6680.0,0
3.444,16689.0,13349.0,10007.0,16685.5,13346.5,10005.5,4000.0,3000.0,2000.0,-9.16666666666788,-5.33333333333394,0.5,0.0,0.0,0.0,0.0,0.0,0.0,6682.0,0
3.4450000000000003,16693.0,13352.0,10009.0,16689.5,13349.5,10007.5,4000.0,3000.0,2000.0,-9.83333333333212,-5.66666666666606,0.5,0.0,0.0,0.0,0.0,0.0,0.0,6684.0,0
3.446,16696.0,13355.0,10012.0,16693.5,13352.5,10009.5,3000.0,3000.0,3000.0,-10.5,-6.0,0.5,0.0,0.0,0.0,0.0,0.0,0.0,6684.0,0
3.447,16700.0,13358.0,10014.0,16696.5,13355.5,10012.5,4000.0,3000.0,2000.0,-8.5,-5.0,0.5,0.0,0.0,0.0,0.0,0.0,0.0,6686.0,0
3.448,16704.0,13361.0,10016.0,16700.5,13358.5,10014.5,4000.0,3000.0,2000.0,-9.16666666666788,-5.33333333333394,0.5,0.0,0.0,0.0,0.0,0.0,0.0,6688.0,0
3.4490000000000003,16707.0,13364.0,10018.0,16704.5,13361.5,10016.5,3000.0,3000.0,2000.0,-9.83333333333212,-5.66666666666606,0.5,0.0,0.0,0.0,0.0,0.0,0.0,6689.0,0
3.45,16711.0,13367.0,10021.0,16707.5,13364.5,10018.5,4000.0,3000.0,3000.0,-9.5,-6.0,0.5,0.0,0.0,0.0,0.0,0.0,0.0,6690.0,0
3.451,16715.0,13370.0,10023.0,16711.5,13367.5,10021.5,4000.0,3000.0,2000.0,-8.5,-5.0,0.5,0.0,0.0,0.0,0.0,0.0,0.0,6692.0,0
3.452,16719.0,13373.0,10025.0,16715.5,13370.5,10023.5,4000.0,3000.0,2000.0,-9.16666666666788,-5.33333333333394,0.5,0.0,0.0,0.0,0.0,0.0,0.0,6694.0,0
3.4530000000000003,16722.0,13376.0,10027.0,16719.5,13373.5,10025.5,3000.0,3000.0,2000.0,-9.83333333333212,-5.66666666666606,0.5,0.0,0.0,0.0,0.0,0.0,0.0,6695.0,0
3.454,16726.0,13379.0,10030.0,16722.5,13376.5,10027.5,4000.0,3000.0,3000.0,-9.5,-6.0,0.5,0.0,0.0,0.0,0.0,0.0,0.0,6696.0,0
3.455,16730.0,13383.0,10032.0,16726.5,13379.5,10030.5,4000.0,4000.0,2000.0,-8.5,-5.0,0.5,0.0,0.0,0.0,0.0,0.0,0.0,6698.0,0
3.456,16734.0,13386.0,10034.0,16730.5,13383.5,10032.5,4000.0,3000.0,2000.0,-9.16666666666788,-6.33333333333394,0.5,0.0,0.0,0.0,0.0,0.0,0.0,6700.0,0
3.457,16737.0,13389.0,10036.0,16734.5,13386.5,10034.5,3000.0,3000.0,2000.0,-9.83333333333212,-6.66666666666606,0.5,0.0,0.0,0.0,0.0,0.0,0.0,6701.0,0
3.458,16741.0,13392.0,10038.0,16737.5,13389.5,10036.5,4000.0,3000.0,2000.0,-9.5,-7.0,0.5,0.0,0.0,0.0,0.0,0.0,0.0,6703.0,0
3.459,16745.0,13395.0,10041.0,16741.5,13392.5,10038.5,4000.0,3000.0,3000.0,-10.16666666666788,-7.33333333333394,0.5,0.0,0.0,0.0,0.0,0.0,0.0,6704.0,0
3.46,16748.0,13398.0,10043.0,16745.5,13395.5,10041.5,3000.0,3000.0,2000.0,-9.16666666666788,-6.33333333333394,0.5,0.0,0.0,0.0,0.0,0.0,0.0,6705.0,0
3.461,16752.0,13401.0,10045.0,16748.5,13398.5,10043.5,4000.0,3000.0,2000.0,-8.83333333333212,-6.66666666666606,0.5,0.0,0.0,0.0,0.0,0.0,0.0,6707.0,0
3.462,16756.0,13404.0,10047.0,16752.5,13401.5,10045.5,4000.0,3000.0,2000.0,-9.5,-7.0,0.5,0.0,0.0,0.0,0.0,0.0,0.0,6709.0,0
3.463,16759.0,13407.0,10050.0,16756.5,13404.5,10047.5,3000.0,3000.0,3000.0,-10.16666666666788,-7.33333333333394,0.5,0.0,0.0,0.0,0.0,0.0,0.0,6709.0,0
3.464,16763.0,13410.0,10052.0,16759.5,13407.5,10050.5,4000.0,3000.0,2000.0,-8.16666666666788,-6.33333333333394,0.5,0.0,0.0,0.0,0.0,0.0,0.0,6711.0,0
3.465,16767.0,13413.0,10054.0,16763.5,13410.5,10052.5,4000.0,3000.0,2000.0,-8.83333333333212,-6.66666666666606,0.5,0.0,0.0,0.0,0.0,0.0,0.0,6713.0,0
3.466,16770.0,13416.0,10056.0,16767.5,13413.5,10054.5,3000.0,3000.0,2000.0,-9.5,-7.0,0.5,0.0,0.0,0.0,0.0,0.0,0.0,6714.0,0
3.467,16774.0,13419.0,10059.0,16770.5,13416.5,10056.5,4000.0,3000.0,3000.0,-9.16666666666788,-7.33333333333394,0.5,0.0,0.0,0.0,0.0,0.0,0.0,6715.0,0
3.468,16778.0,13422.0,10061.0,16774.5,13419.5,10059.5,4000.0,3000.0,2000.0,-8.16666666666788,-6.33333333333394,0.5,0.0,0.0,0.0,0.0,0.0,0.0,6717.0,0
3.469,16782.0,13425.0,10063.0,16778.5,13422.5,10061.5,4000.0,3000.0,2000.0,-8.83333333333212,-6.66666666666606,0.5,0.0,0.0,0.0,0.0,0.0,0.0,6719.0,0
3.47,16785.0,13428.0,10065.0,16782.5,13425.5,10063.5,3000.0,3000.0,2000.0,-9.5,-7.0,0.5,0.0,0.0,0.0,0.0,0.0,0.0,6720.0,0
3.471,16789.0,13431.0,10068.0,16785.5,13428.5,10065.5,4000.0,3000.0,3000.0,-9.16666666666788,-7.33333333333394,0.5,0.0,0.0,0.0,0.0,0.0,0.0,6721.0,0
3.472,16793.0,13434.0,10070.0,16789.5,13431.5,10068.5,4000.0,3000.0,2000.0,-8.16666666666788,-6.33333333333394,0.5,0.0,0.0,0.0,0.0,0.0,0.0,6723.0,0
3.473,16797.0,13437.0,10072.0,16793.5,13434.5,10070.5,4000.0,3000.0,2000.0,-8.83333333333212,-6.66666666666606,0.5,0.0,0.0,0.0,0.0,0.0,0.0,6725.0,0
3.474,16800.0,13440.0,10074.0,16797.5,13437.5,10072.5,3000.0,3000.0,2000.0,-9.5,-7.0,0.5,0.0,0.0,0.0,0.0,0.0,0.0,6726.0,0
3.475,16804.0,13443.0,10077.0,16800.5,13440.5,10074.5,4000.0,3000.0,3000.0,-9.16666666666788,-7.33333333333394,0.5,0.0,0.0,0.0,0.0,0.0,0.0,6727.0,0
3.476,16808.0,13446.0,10079.0,16804.5,13443.5,10077.5,4000.0,3000.0,2000.0,-8.16666666666788,-6.33333333333394,0.5,0.0,0.0,0.0,0.0,0.0,0.0,6729.0,0
3.477,16811.0,13449.0,10081.0,16808.5,13446.5,10079.5,3000.0,3000.0,2000.0,-8.83333333333212,-6.66666666666606,0.5,0.0,0.0,0.0,0.0,0.0,0.0,6730.0,0
3.478,16815.0,13452.0,10083.0,16811.5,13449.5,10081.5,4000.0,3000.0,2000.0,-8.5,-7.0,0.5,0.0,0.0,0.0,0.0,0.0,0.0,6732.0,0
3.479,16819.0,13455.0,10086.0,16815.5,13452.5,10083.5,4000.0,3000.0,3000.0,-9.16666666666788,-7.33333333333394,0.5,0.0,0.0,0.0,0.0,0.0,0.0,6733.0,0
3.48,16823.0,13458.0,10088.0,16819.5,13455.5,10086.5,4000.0,3000.0,2000.0,-8.16666666666788,-6.33333333333394,0.5,0.0,0.0,0.0,0.0,0.0,0.0,6735.0,0
3.481,16826.0,13461.0,10090.0,16823.5,13458.5,10088.5,3000.0,3000.0,2000.0,-8.83333333333212,-6.66666666666606,0.5,0.0,0.0,0.0,0.0,0.0,0.0,6736.0,0
3.482,16830.0,13464.0,10092.0,16826.5,13461.5,10090.5,4000.0,3000.0,2000.0,-8.5,-7.0,0.5,0.0,0.0,0.0,0.0,0.0,0.0,6738.0,0
3.483,16834.0,13467.0,10094.0,16830.5,13464.5,10092.5,4000.0,3000.0,2000.0,-9.16666666666788,-7.33333333333394,0.5,0.0,0.0,0.0,0.0,0.0,0.0,6740.0,0
3.484,16837.0,13470.0,10097.0,16834.5,13467.5,10094.5,3000.0,3000.0,3000.0,-9.83333333333212,-7.66666666666606,0.5,0.0,0.0,0.0,0.0,0.0,0.0,6740.0,0
3.485,16841.0,13473.0,10099.0,16837.5,13470.5,10097.5,4000.0,3000.0,2000.0,-7.833333333332121,-6.66666666666606,0.5,0.0,0.0,0.0,0.0,0.0,0.0,6742.0,0
3.486,16845.0,13477.0,10101.0,16841.5,13473.5,10099.5,4000.0,4000.0,2000.0,-8.5,-7.0,0.5,0.0,0.0,0.0,0.0,0.0,0.0,6744.0,0
3.487,16849.0,13480.0,10103.0,16845.5,13477.5,10101.5,4000.0,3000.0,2000.0,-9.16666666666788,-8.33333333333394,0.5,0.0,0.0,0.0,0.0,0.0,0.0,6746.0,0
3.488,16852.0,13483.0,10106.0,16849.5,13480.5,10103.5,3000.0,3000.0,3000.0,-9.83333333333212,-8.66666666666606,0.5,0.0,0.0,0.0,0.0,0.0,0.0,6746.0,0
3.489,16856.0,13486.0,10108.0,16852.5,13483.5,10106.5,4000.0,3000.0,2000.0,-7.833333333332121,-7.66666666666606,0.5,0.0,0.0,0.0,0.0,0.0,0.0,6748.0,0
3.49,16860.0,13489.0,10110.0,16856.5,13486.5,10108.5,4000.0,3000.0,2000.0,-8.5,-8.0,0.5,0.0,0.0,0.0,0.0,0.0,0.0,6750.0,0
3.491,16864.0,13492.0,10112.0,16860.5,13489.5,10110.5,4000.0,3000.0,2000.0,-9.16666666666788,-8.33333333333394,0.5,0.0,0.0,0.0,0.0,0.0,0.0,6752.0,0
3.492,16867.0,13495.0,10115.0,16864.5,13492.5,10112.5,3000.0,3000.0,3000.0,-9.83333333333212,-8.66666666666606,0.5,0.0,0.0,0.0,0.0,0.0,0.0,6752.0,0
3.493,16871.0,13498.0,10117.0,16867.5,13495.5,10115.5,4000.0,3000.0,2000.0,-7.833333333332121,-7.66666666666606,0.5,0.0,0.0,0.0,0.0,0.0,0.0,6754.0,0
3.494,16875.0,13501.0,10119.0,16871.5,13498.5,10117.5,4000.0,3000.0,2000.0,-8.5,-8.0,0.5,0.0,0.0,0.0,0.0,0.0,0.0,6756.0,0
3.495,16878.0,13504.0,10121.0,16875.5,13501.5,10119.5,3000.0,3000.0,2000.0,-9.16666666666788,-8.33333333333394,0.5,0.0,0.0,0.0,0.0,0.0,0.0,6757.0,0
3.496,16882.0,13507.0,10124.0,16878.5,13504.5,10121.5,4000.0,3000.0,3000.0,-8.83333333333212,-8.66666666666606,0.5,0.0,0.0,0.0,0.0,0.0,0.0,6758.0,0
3.497,16886.0,13510.0,10126.0,16882.5,13507.5,10124.5,4000.0,3000.0,2000.0,-7.833333333332121,-7.66666666666606,0.5,0.0,0.0,0.0,0.0,0.0,0.0,6760.0,0
3.498,16890.0,13513.0,10128.0,16886.5,13510.5,10126.5,4000.0,3000.0,2000.0,-8.5,-8.0,0.5,0.0,0.0,0.0,0.0,0.0,0.0,6762.0,0
3.499,16893.0,13516.0,10130.0,16890.5,13513.5,10128.5,3000.0,3000.0,2000.0,-9.16666666666788,-8.33333333333394,0.5,0.0,0.0,0.0,0.0,0.0,0.0,6763.0,0
3.5,16897.0,13519.0,10133.0,16893.5,13516.5,10130.5,4000.0,3000.0,3000.0,-8.83333333333212,-8.66666666666606,0.5,0.0,0.0,0.0,0.0,0.0,0.0,6764.0,0
3.501,16901.0,13522.0,10135.0,16897.5,13519.5,10133.5,4000.0,3000.0,2000.0,-7.833333333332121,-7.66666666666606,0.5,0.0,0.0,0.0,0.0,0.0,0.0,6766.0,0
3.5020000000000002,16905.0,13525.0,10137.0,16901.5,13522.5,10135.5,4000.0,3000.0,2000.0,-8.5,-8.0,0.5,0.0,0.0,0.0,0.0,0.0,0.0,6768.0,0
3.503,16908.0,13528.0,10139.0,16905.5,13525.5,10137.5,3000.0,3000.0,2000.0,-9.16666666666788,-8.33333333333394,0.5,0.0,0.0,0.0,0.0,0.0,0.0,6769.0,0
3.504,16912.0,13531.0,10141.0,16908.5,13528.5,10139.5,4000.0,3000.0,2000.0,-8.83333333333212,-8.66666666666606,0.5,0.0,0.0,0.0,0.0,0.0,0.0,6771.0,0
3.505,16916.0,13534.0,10144.0,16912.5,13531.5,10141.5,4000.0,3000.0,3000.0,-9.5,-9.0,0.5,0.0,0.0,0.0,0.0,0.0,0.0,6772.0,0
3.5060000000000002,16919.0,13537.0,10146.0,16916.5,13534.5,10144.5,3000.0,3000.0,2000.0,-8.5,-8.0,0.5,0.0,0.0,0.0,0.0,0.0,0.0,6773.0,0
3.507,16923.0,13540.0,10148.0,16919.5,13537.5,10146.5,4000.0,3000.0,2000.0,-8.16666666666788,-8.33333333333394,0.5,0.0,0.0,0.0,0.0,0.0,0.0,6775.0,0
3.508,16927.0,13543.0,10150.0,16923.5,13540.5,10148.5,4000.0,3000.0,2000.0,-8.83333333333212,-8.66666666666606,0.5,0.0,0.0,0.0,0.0,0.0,0.0,6777.0,0
3.509,16931.0,13546.0,10153.0,16927.5,13543.5,10150.5,4000.0,3000.0,3000.0,-9.5,-9.0,0.5,0.0,0.0,0.0,0.0,0.0,0.0,6778.0,0
3.5100000000000002,16934.0,13549.0,10155.0,16931.5,13546.5,10153.5,3000.0,3000.0,2000.0,-8.5,-8.0,0.5,0.0,0.0,0.0,0.0,0.0,0.0,6779.0,0
3.511,16938.0,13552.0,10157.0,16934.5,13549.5,10155.5,4000.0,3000.0,2000.0,-8.16666666666788,-8.33333333333394,0.5,0.0,0.0,0.0,0.0,0.0,0.0,6781.0,0
3.512,16942.0,13555.0,10159.0,16938.5,13552.5,10157.5,4000.0,3000.0,2000.0,-8.83333333333212,-8.66666666666606,0.5,0.0,0.0,0.0,0.0,0.0,0.0,6783.0,0
3.513,16946.0,13558.0,10162.0,16942.5,13555.5,10159.5,4000.0,3000.0,3000.0,-9.5,-9.0,0.5,0.0,0.0,0.0,0.0,0.0,0.0,6784.0,0
3.5140000000000002,16949.0,13561.0,10164.0,16946.5,13558.5,10162.5,3000.0,3000.0,2000.0,-8.5,-8.0,0.5,0.0,0.0,0.0,0.0,0.0,0.0,6785.0,0
3.515,16953.0,13564.0,10166.0,16949.5,13561.5,10164.5,4000.0,3000.0,2000.0,-8.16666666666788,-8.33333333333394,0.5,0.0,0.0,0.0,0.0,0.0,0.0,6787.0,0
3.516,16957.0,13567.0,10168.0,16953.5,13564.5,10166.5,4000.0,3000.0,2000.0,-8.83333333333212,-8.66666666666606,0.5,0.0,0.0,0.0,0.0,0.0,0.0,6789.0,0
3.517,16960.0,13571.0,10171.0,16957.5,13567.5,10168.5,3000.0,4000.0,3000.0,-9.5,-9.0,0.5,0.0,0.0,0.0,0.0,0.0,0.0,6789.0,0
3.5180000000000002,16964.0,13574.0,10173.0,16960.5,13571.5,10171.5,4000.0,3000.0,2000.0,-7.5,-9.0,0.5,0.0,0.0,0.0,0.0,0.0,0.0,6791.0,0
3.519,16968.0,13577.0,10175.0,16964.5,13574.5,10173.5,4000.0,3000.0,2000.0,-8.16666666666788,-9.33333333333394,0.5,0.0,0.0,0.0,0.0,0.0,0.0,6793.0,0
3.52,16972.0,13580.0,10177.0,16968.5,13577.5,10175.5,4000.0,3000.0,2000.0,-8.83333333333212,-9.66666666666606,0.5,0.0,0.0,0.0,0.0,0.0,0.0,6795.0,0
3.521,16975.0,13582.0,10180.0,16972.5,13580.5,10177.5,3000.0,2000.0,3000.0,-9.5,-10.0,0.5,0.0,0.0,0.0,0.0,0.0,0.0,6795.0,0
3.5220000000000002,16979.0,13585.0,10182.0,16975.5,13582.5,10180.5,4000.0,3000.0,2000.0,-7.5,-8.0,0.5,0.0,0.0,0.0,0.0,0.0,0.0,6797.0,0
3.523,16983.0,13588.0,10184.0,16979.5,13585.5,10182.5,4000.0,3000.0,2000.0,-8.16666666666788,-8.33333333333394,0.5,0.0,0.0,0.0,0.0,0.0,0.0,6799.0,0
3.524,16986.0,13591.0,10186.0,16983.5,13588.5,10184.5,3000.0,3000.0,2000.0,-8.83333333333212,-8.66666666666606,0.5,0.0,0.0,0.0,0.0,0.0,0.0,6800.0,0
3.525,16990.0,13594.0,10188.0,16986.5,13591.5,10186.5,4000.0,3000.0,2000.0,-8.5,-9.0,0.5,0.0,0.0,0.0,0.0,0.0,0.0,6802.0,0
3.5260000000000002,16994.0,13597.0,10191.0,16990.5,13594.5,10188.5,4000.0,3000.0,3000.0,-9.16666666666788,-9.33333333333394,0.5,0.0,0.0,0.0,0.0,0.0,0.0,6803.0,0
3.527,16998.0,13600.0,10193.0,16994.5,13597.5,10191.5,4000.0,3000.0,2000.0,-8.16666666666788,-8.33333333333394,0.5,0.0,0.0,0.0,0.0,0.0,0.0,6805.0,0
3.528,17001.0,13603.0,10195.0,16998.5,13600.5,10193.5,3000.0,3000.0,2000.0,-8.83333333333212,-8.66666666666606,0.5,0.0,0.0,0.0,0.0,0.0,0.0,6806.0,0
3.529,17005.0,13606.0,10197.0,17001.5,13603.5,10195.5,4000.0,3000.0,2000.0,-8.5,-9.0,0.5,0.0,0.0,0.0,0.0,0.0,0.0,6808.0,0
3.5300000000000002,17009.0,13609.0,10200.0,17005.5,13606.5,10197.5,4000.0,3000.0,3000.0,-9.16666666666788,-9.33333333333394,0.5,0.0,0.0,0.0,0.0,0.0,0.0,6809.0,0
3.531,17013.0,13612.0,10202.0,17009.5,13609.5,10200.5,4000.0,3000.0,2000.0,-8.16666666666788,-8.33333333333394,0.5,0.0,0.0,0.0,0.0,0.0,0.0,6811.0,0
3.532,17016.0,13615.0,10204.0,17013.5,13612.5,10202.5,3000.0,3000.0,2000.0,-8.83333333333212,-8.66666666666606,0.5,0.0,0.0,0.0,0.0,0.0,0.0,6812.0,0
3.533,17020.0,13618.0,10206.0,17016.5,13615.5,10204.5,4000.0,3000.0,2000.0,-8.5,-9.0,0.5,0.0,0.0,0.0,0.0,0.0,0.0,6814.0,0
3.5340000000000003,17024.0,13621.0,10209.0,17020.5,13618.5,10206.5,4000.0,3000.0,3000.0,-9.16666666666788,-9.33333333333394,0.5,0.0,0.0,0.0,0.0,0.0,0.0,6815.0,0
3.535,17027.0,13624.0,10211.0,17024.5,13621.5,10209.5,3000.0,3000.0,2000.0,-8.16666666666788,-8.33333333333394,0.5,0.0,0.0,0.0,0.0,0.0,0.0,6816.0,0
3.536,17031.0,13627.0,10213.0,17027.5,13624.5,10211.5,4000.0,3000.0,2000.0,-7.833333333332121,-8.66666666666606,0.5,0.0,0.0,0.0,0.0,0.0,0.0,6818.0,0
3.537,17035.0,13630.0,10215.0,17031.5,13627.5,10213.5,4000.0,3000.0,2000.0,-8.5,-9.0,0.5,0.0,0.0,0.0,0.0,0.0,0.0,6820.0,0
3.5380000000000003,17039.0,13633.0,10218.0,17035.5,13630.5,10215.5,4000.0,3000.0,3000.0,-9.16666666666788,-9.33333333333394,0.5,0.0,0.0,0.0,0.0,0.0,0.0,6821.0,0
3.539,17042.0,13636.0,10220.0,17039.5,13633.5,10218.5,3000.0,3000.0,2000.0,-8.16666666666788,-8.33333333333394,0.5,0.0,0.0,0.0,0.0,0.0,0.0,6822.0,0
3.54,17046.0,13639.0,10222.0,17042.5,13636.5,10220.5,4000.0,3000.0,2000.0,-7.833333333332121,-8.66666666666606,0.5,0.0,0.0,0.0,0.0,0.0,0.0,6824.0,0
3.541,17050.0,13642.0,10224.0,17046.5,13639.5,10222.5,4000.0,3000.0,2000.0,-8.5,-9.0,0.5,0.0,0.0,0.0,0.0,0.0,0.0,6826.0,0
3.5420000000000003,17054.0,13645.0,10227.0,17050.5,13642.5,10224.5,4000.0,3000.0,3000.0,-9.16666666666788,-9.33333333333394,0.5,0.0,0.0,0.0,0.0,0.0,0.0,6827.0,0
3.543,17057.0,13648.0,10229.0,17054.5,13645.5,10227.5,3000.0,3000.0,2000.0,-8.16666666666788,-8.33333333333394,0.5,0.0,0.0,0.0,0.0,0.0,0.0,6828.0,0
3.544,17061.0,13651.0,10231.0,17057.5,13648.5,10229.5,4000.0,3000.0,2000.0,-7.833333333332121,-8.66666666666606,0.5,0.0,0.0,0.0,0.0,0.0,0.0,6830.0,0
3.545,17065.0,13654.0,10233.0,17061.5,13651.5,10231.5,4000.0,3000.0,2000.0,-8.5,-9.0,0.5,0.0,0.0,0.0,0.0,0.0,0.0,6832.0,0
3.5460000000000003,17068.0,13657.0,10235.0,17065.5,13654.5,10233.5,3000.0,3000.0,2000.0,-9.16666666666788,-9.33333333333394,0.5,0.0,0.0,0.0,0.0,0.0,0.0,6833.0,0
3.547,17072.0,13660.0,10238.0,17068.5,13657.5,10235.5,4000.0,3000.0,3000.0,-8.83333333333212,-9.66666666666606,0.5,0.0,0.0,0.0,0.0,0.0,0.0,6834.0,0
3.548,17076.0,13663.0,10240.0,17072.5,13660.5,10238.5,4000.0,3000.0,2000.0,-7.833333333332121,-8.66666666666606,0.5,0.0,0.0,0.0,0.0,0.0,0.0,6836.0,0
3.549,17080.0,13666.0,10242.0,17076.5,13663.5,10240.5,4000.0,3000.0,2000.0,-8.5,-9.0,0.5,0.0,0.0,0.0,0.0,0.0,0.0,6838.0,0
3.5500000000000003,17083.0,13669.0,10244.0,17080.5,13666.5,10242.5,3000.0,3000.0,2000.0,-9.16666666666788,-9.33333333333394,0.5,0.0,0.0,0.0,0.0,0.0,0.0,6839.0,0
3.551,17087.0,13672.0,10247.0,17083.5,13669.5,10244.5,4000.0,3000.0,3000.0,-8.83333333333212,-9.66666666666606,0.5,0.0,0.0,0.0,0.0,0.0,0.0,6840.0,0
3.552,17091.0,13675.0,10249.0,17087.5,13672.5,10247.5,4000.0,3000.0,2000.0,-7.833333333332121,-8.66666666666606,0.5,0.0,0.0,0.0,0.0,0.0,0.0,6842.0,0
3.553,17094.0,13678.0,10251.0,17091.5,13675.5,10249.5,3000.0,3000.0,2000.0,-8.5,-9.0,0.5,0.0,0.0,0.0,0.0,0.0,0.0,6843.0,0
3.5540000000000003,17098.0,13681.0,10253.0,17094.5,13678.5,10251.5,4000.0,3000.0,2000.0,-8.16666666666788,-9.33333333333394,0.5,0.0,0.0,0.0,0.0,0.0,0.0,6845.0,0
3.555,17102.0,13684.0,10256.0,17098.5,13681.5,10253.5,4000.0,3000.0,3000.0,-8.83333333333212,-9.66666666666606,0.5,0.0,0.0,0.0,0.0,0.0,0.0,6846.0,0
3.556,17106.0,13687.0,10258.0,17102.5,13684.5,10256.5,4000.0,3000.0,2000.0,-7.833333333332121,-8.66666666666606,0.5,0.0,0.0,0.0,0.0,0.0,0.0,6848.0,0
3.557,17109.0,13690.0,10260.0,17106.5,13687.5,10258.5,3000.0,3000.0,2000.0,-8.5,-9.0,0.5,0.0,0.0,0.0,0.0,0.0,0.0,6849.0,0
3.5580000000000003,17113.0,13693.0,10262.0,17109.5,13690.5,10260.5,4000.0,3000.0,2000.0,-8.16666666666788,-9.33333333333394,0.5,0.0,0.0,0.0,0.0,0.0,0.0,6851.0,0
3.559,17117.0,13696.0,10265.0,17113.5,13693.5,10262.5,4000.0,3000.0,3000.0,-8.83333333333212,-9.66666666666606,0.5,0.0,0.0,0.0,0.0,0.0,0.0,6852.0,0
3.56,17121.0,13699.0,10267.0,17117.5,13696.5,10265.5,4000.0,3000.0,2000.0,-7.833333333332121,-8.66666666666606,0.5,0.0,0.0,0.0,0.0,0.0,0.0,6854.0,0
3.561,17124.0,13702.0,10269.0,17121.5,13699.5,10267.5,3000.0,3000.0,2000.0,-8.5,-9.0,0.5,0.0,0.0,0.0,0.0,0.0,0.0,6855.0,0
3.5620000000000003,17128.0,13705.0,10271.0,17124.5,13702.5,10269.5,4000.0,3000.0,2000.0,-8.16666666666788,-9.33333333333394,0.5,0.0,0.0,0.0,0.0,0.0,0.0,6857.0,0
3.563,17132.0,13708.0,10274.0,17128.5,13705.5,10271.5,4000.0,3000.0,3000.0,-8.83333333333212,-9.66666666666606,0.5,0.0,0.0,0.0,0.0,0.0,0.0,6858.0,0
3.564,17135.0,13711.0,10276.0,17132.5,13708.5,10274.5,3000.0,3000.0,2000.0,-7.833333333332121,-8.66666666666606,0.5,0.0,0.0,0.0,0.0,0.0,0.0,6859.0,0
3.565,17139.0,13714.0,10278.0,17135.5,13711.5,10276.5,4000.0,3000.0,2000.0,-7.5,-9.0,0.5,0.0,0.0,0.0,0.0,0.0,0.0,6861.0,0
3.5660000000000003,17143.0,13717.0,10280.0,17139.5,13714.5,10278.5,4000.0,3000.0,2000.0,-8.16666666666788,-9.33333333333394,0.5,0.0,0.0,0.0,0.0,0.0,0.0,6863.0,0
3.567,17147.0,13720.0,10282.0,17143.5,13717.5,10280.5,4000.0,3000.0,2000.0,-8.83333333333212,-9.66666666666606,0.5,0.0,0.0,0.0,0.0,0.0,0.0,6865.0,0
3.568,17150.0,13723.0,10285.0,17147.5,13720.5,10282.5,3000.0,3000.0,3000.0,-9.5,-10.0,0.5,0.0,0.0,0.0,0.0,0.0,0.0,6865.0,0
3.569,17154.0,13725.0,10287.0,17150.5,13723.5,10285.5,4000.0,2000.0,2000.0,-7.5,-9.0,0.5,0.0,0.0,0.0,0.0,0.0,0.0,6867.0,0
3.5700000000000003,17158.0,13728.0,10289.0,17154.5,13725.5,10287.5,4000.0,3000.0,2000.0,-8.16666666666788,-8.33333333333394,0.5,0.0,0.0,0.0,0.0,0.0,0.0,6869.0,0
3.571,17162.0,13731.0,10291.0,17158.5,13728.5,10289.5,4000.0,3000.0,2000.0,-8.83333333333212,-8.66666666666606,0.5,0.0,0.0,0.0,0.0,0.0,0.0,6871.0,0
3.572,17165.0,13734.0,10294.0,17162.5,13731.5,10291.5,3000.0,3000.0,3000.0,-9.5,-9.0,0.5,0.0,0.0,0.0,0.0,0.0,0.0,6871.0,0
3.573,17169.0,13737.0,10296.0,17165.5,13734.5,10294.5,4000.0,3000.0,2000.0,-7.5,-8.0,0.5,0.0,0.0,0.0,0.0,0.0,0.0,6873.0,0
3.5740000000000003,17173.0,13740.0,10298.0,17169.5,13737.5,10296.5,4000.0,3000.0,2000.0,-8.16666666666788,-8.33333333333394,0.5,0.0,0.0,0.0,0.0,0.0,0.0,6875.0,0
3.575,17176.0,13743.0,10300.0,17173.5,13740.5,10298.5,3000.0,3000.0,2000.0,-8.83333333333212,-8.66666666666606,0.5,0.0,0.0,0.0,0.0,0.0,0.0,6876.0,0
3.576,17180.0,13746.0,10303.0,17176.5,13743.5,10300.5,4000.0,3000.0,3000.0,-8.5,-9.0,0.5,0.0,0.0,0.0,0.0,0.0,0.0,6877.0,0
3.577,17184.0,13749.0,10305.0,17180.5,13746.5,10303.5,4000.0,3000.0,2000.0,-7.5,-8.0,0.5,0.0,0.0,0.0,0.0,0.0,0.0,6879.0,0
3.5780000000000003,17188.0,13752.0,10307.0,17184.5,13749.5,10305.5,4000.0,3000.0,2000.0,-8.16666666666788,-8.33333333333394,0.5,0.0,0.0,0.0,0.0,0.0,0.0,6881.0,0
3.579,17191.0,13755.0,10309.0,17188.5,13752.5,10307.5,3000.0,3000.0,2000.0,-8.83333333333212,-8.66666666666606,0.5,0.0,0.0,0.0,0.0,0.0,0.0,6882.0,0
3.58,17195.0,13758.0,10312.0,17191.5,13755.5,10309.5,4000.0,3000.0,3000.0,-8.5,-9.0,0.5,0.0,0.0,0.0,0.0,0.0,0.0,6883.0,0
3.581,17199.0,13761.0,10314.0,17195.5,13758.5,10312.5,4000.0,3000.0,2000.0,-7.5,-8.0,0.5,0.0,0.0,0.0,0.0,0.0,0.0,6885.0,0
3.5820000000000003,17203.0,13764.0,10316.0,17199.5,13761.5,10314.5,4000.0,3000.0,2000.0,-8.16666666666788,-8.33333333333394,0.5,0.0,0.0,0.0,0.0,0.0,0.0,6887.0,0
3.583,17206.0,13767.0,10318.0,17203.5,13764.5,10316.5,3000.0,3000.0,2000.0,-8.83333333333212,-8.66666666666606,0.5,0.0,0.0,0.0,0.0,0.0,0.0,6888.0,0
3.584,17210.0,13770.0,10321.0,17206.5,13767.5,10318.5,4000.0,3000.0,3000.0,-8.5,-9.0,0.5,0.0,0.0,0.0,0.0,0.0,0.0,6889.0,0
3.585,17214.0,13772.0,10323.0,17210.5,13770.5,10321.5,4000.0,2000.0,2000.0,-7.5,-8.0,0.5,0.0,0.0,0.0,0.0,0.0,0.0,6891.0,0
3.586,17217.0,13775.0,10325.0,17214.5,13772.5,10323.5,3000.0,3000.0,2000.0,-8.16666666666788,-7.33333333333394,0.5,0.0,0.0,0.0,0.0,0.0,0.0,6892.0,0
3.587,17221.0,13778.0,10327.0,17217.5,13775.5,10325.5,4000.0,3000.0,2000.0,-7.833333333332121,-7.66666666666606,0.5,0.0,0.0,0.0,0.0,0.0,0.0,6894.0,0
3.588,17225.0,13781.0,10329.0,17221.5,13778.5,10327.5,4000.0,3000.0,2000.0,-8.5,-8.0,0.5,0.0,0.0,0.0,0.0,0.0,0.0,6896.0,0
3.589,17229.0,13784.0,10332.0,17225.5,13781.5,10329.5,4000.0,3000.0,3000.0,-9.16666666666788,-8.33333333333394,0.5,0.0,0.0,0.0,0.0,0.0,0.0,6897.0,0
3.59,17232.0,13787.0,10334.0,17229.5,13784.5,10332.5,3000.0,3000.0,2000.0,-8.16666666666788,-7.33333333333394,0.5,0.0,0.0,0.0,0.0,0.0,0.0,6898.0,0
3.591,17236.0,13790.0,10336.0,17232.5,13787.5,10334.5,4000.0,3000.0,2000.0,-7.833333333332121,-7.66666666666606,0.5,0.0,0.0,0.0,0.0,0.0,0.0,6900.0,0
3.592,17240.0,13793.0,10338.0,17236.5,13790.5,10336.5,4000.0,3000.0,2000.0,-8.5,-8.0,0.5,0.0,0.0,0.0,0.0,0.0,0.0,6902.0,0
3.593,17243.0,13796.0,10341.0,17240.5,13793.5,10338.5,3000.0,3000.0,3000.0,-9.16666666666788,-8.33333333333394,0.5,0.0,0.0,0.0,0.0,0.0,0.0,6902.0,0
3.594,17247.0,13799.0,10343.0,17243.5,13796.5,10341.5,4000.0,3000.0,2000.0,-7.166666666667879,-7.33333333333394,0.5,0.0,0.0,0.0,0.0,0.0,0.0,6904.0,0
3.595,17251.0,13802.0,10345.0,17247.5,13799.5,10343.5,4000.0,3000.0,2000.0,-7.833333333332121,-7.66666666666606,0.5,0.0,0.0,0.0,0.0,0.0,0.0,6906.0,0
3.596,17255.0,13805.0,10347.0,17251.5,13802.5,10345.5,4000.0,3000.0,2000.0,-8.5,-8.0,0.5,0.0,0.0,0.0,0.0,0.0,0.0,6908.0,0
3.597,17258.0,13808.0,10350.0,17255.5,13805.5,10347.5,3000.0,3000.0,3000.0,-9.16666666666788,-8.33333333333394,0.5,0.0,0.0,0.0,0.0,0.0,0.0,6908.0,0
3.598,17262.0,13811.0,10352.0,17258.5,13808.5,10350.5,4000.0,3000.0,2000.0,-7.166666666667879,-7.33333333333394,0.5,0.0,0.0,0.0,0.0,0.0,0.0,6910.0,0
3.599,17266.0,13814.0,10354.0,17262.5,13811.5,10352.5,4000.0,3000.0,2000.0,-7.833333333332121,-7.66666666666606,0.5,0.0,0.0,0.0,0.0,0.0,0.0,6912.0,0
3.6,17270.0,13817.0,10356.0,17266.5,13814.5,10354.5,4000.0,3000.0,2000.0,-8.5,-8.0,0.5,0.0,0.0,0.0,0.0,0.0,0.0,6914.0,0
3.601,17273.0,13819.0,10359.0,17270.5,13817.5,10356.5,3000.0,2000.0,3000.0,-9.16666666666788,-8.33333333333394,0.5,0.0,0.0,0.0,0.0,0.0,0.0,6914.0,0
3.602,17277.0,13822.0,10361.0,17273.5,13819.5,10359.5,4000.0,3000.0,2000.0,-7.166666666667879,-6.33333333333394,0.5,0.0,0.0,0.0,0.0,0.0,0.0,6916.0,0
3.603,17281.0,13825.0,10363.0,17277.5,13822.5,10361.5,4000.0,3000.0,2000.0,-7.833333333332121,-6.66666666666606,0.5,0.0,0.0,0.0,0.0,0.0,0.0,6918.0,0
3.604,17284.0,13828.0,10365.0,17281.5,13825.5,10363.5,3000.0,3000.0,2000.0,-8.5,-7.0,0.5,0.0,0.0,0.0,0.0,0.0,0.0,6919.0,0
3.605,17288.0,13831.0,10368.0,17284.5,13828.5,10365.5,4000.0,3000.0,3000.0,-8.16666666666788,-7.33333333333394,0.5,0.0,0.0,0.0,0.0,0.0,0.0,6920.0,0
3.606,17292.0,13834.0,10370.0,17288.5,13831.5,10368.5,4000.0,3000.0,2000.0,-7.166666666667879,-6.33333333333394,0.5,0.0,0.0,0.0,0.0,0.0,0.0,6922.0,0
3.607,17296.0,13837.0,10372.0,17292.5,13834.5,10370.5,4000.0,3000.0,2000.0,-7.833333333332121,-6.66666666666606,0.5,0.0,0.0,0.0,0.0,0.0,0.0,6924.0,0
3.608,17299.0,13840.0,10374.0,17296.5,13837.5,10372.5,3000.0,3000.0,2000.0,-8.5,-7.0,0.5,0.0,0.0,0.0,0.0,0.0,0.0,6925.0,0
3.609,17303.0,13843.0,10376.0,17299.5,13840.5,10374.5,4000.0,3000.0,2000.0,-8.16666666666788,-7.33333333333394,0.5,0.0,0.0,0.0,0.0,0.0,0.0,6927.0,0
3.61,17307.0,13846.0,10379.0,17303.5,13843.5,10376.5,4000.0,3000.0,3000.0,-8.83333333333212,-7.66666666666606,0.5,0.0,0.0,0.0,0.0,0.0,0.0,6928.0,0
3.611,17311.0,13849.0,10381.0,17307.5,13846.5,10379.5,4000.0,3000.0,2000.0,-7.833333333332121,-6.66666666666606,0.5,0.0,0.0,0.0,0.0,0.0,0.0,6930.0,0
3.612,17314.0,13852.0,10383.0,17311.5,13849.5,10381.5,3000.0,3000.0,2000.0,-8.5,-7.0,0.5,0.0,0.0,0.0,0.0,0.0,0.0,6931.0,0
3.613,17318.0,13855.0,10385.0,17314.5,13852.5,10383.5,4000.0,3000.0,2000.0,-8.16666666666788,-7.33333333333394,0.5,0.0,0.0,0.0,0.0,0.0,0.0,6933.0,0
3.614,17322.0,13858.0,10388.0,17318.5,13855.5,10385.5,4000.0,3000.0,3000.0,-8.83333333333212,-7.66666666666606,0.5,0.0,0.0,0.0,0.0,0.0,0.0,6934.0,0
3.615,17325.0,13861.0,10390.0,17322.5,13858.5,10388.5,3000.0,3000.0,2000.0,-7.833333333332121,-6.66666666666606,0.5,0.0,0.0,0.0,0.0,0.0,0.0,6935.0,0
3.616,17329.0,13863.0,10392.0,17325.5,13861.5,10390.5,4000.0,2000.0,2000.0,-7.5,-7.0,0.5,0.0,0.0,0.0,0.0,0.0,0.0,6937.0,0
3.617,17333.0,13866.0,10394.0,17329.5,13863.5,10392.5,4000.0,3000.0,2000.0,-8.16666666666788,-6.33333333333394,0.5,0.0,0.0,0.0,0.0,0.0,0.0,6939.0,0
3.618,17337.0,13869.0,10397.0,17333.5,13866.5,10394.5,4000.0,3000.0,3000.0,-8.83333333333212,-6.66666666666606,0.5,0.0,0.0,0.0,0.0,0.0,0.0,6940.0,0
3.619,17340.0,13872.0,10399.0,17337.5,13869.5,10397.5,3000.0,3000.0,2000.0,-7.833333333332121,-5.66666666666606,0.5,0.0,0.0,0.0,0.0,0.0,0.0,6941.0,0
3.62,17344.0,13875.0,10401.0,17340.5,13872.5,10399.5,4000.0,3000.0,2000.0,-7.5,-6.0,0.5,0.0,0.0,0.0,0.0,0.0,0.0,6943.0,0
3.621,17348.0,13878.0,10403.0,17344.5,13875.5,10401.5,4000.0,3000.0,2000.0,-8.16666666666788,-6.33333333333394,0.5,0.0,0.0,0.0,0.0,0.0,0.0,6945.0,0
3.622,17352.0,13881.0,10406.0,17348.5,13878.5,10403.5,4000.0,3000.0,3000.0,-8.83333333333212,-6.66666666666606,0.5,0.0,0.0,0.0,0.0,0.0,0.0,6946.0,0
3.623,17355.0,13884.0,10408.0,17352.5,13881.5,10406.5,3000.0,3000.0,2000.0,-7.833333333332121,-5.66666666666606,0.5,0.0,0.0,0.0,0.0,0.0,0.0,6947.0,0
3.624,17359.0,13887.0,10410.0,17355.5,13884.5,10408.5,4000.0,3000.0,2000.0,-7.5,-6.0,0.5,0.0,0.0,0.0,0.0,0.0,0.0,6949.0,0
3.625,17363.0,13890.0,10412.0,17359.5,13887.5,10410.5,4000.0,3000.0,2000.0,-8.16666666666788,-6.33333333333394,0.5,0.0,0.0,0.0,0.0,0.0,0.0,6951.0,0
3.626,17366.0,13893.0,10415.0,17363.5,13890.5,10412.5,3000.0,3000.0,3000.0,-8.83333333333212,-6.66666666666606,0.5,0.0,0.0,0.0,0.0,0.0,0.0,6951.0,0
3.6270000000000002,17370.0,13896.0,10417.0,17366.5,13893.5,10415.5,4000.0,3000.0,2000.0,-6.833333333332121,-5.66666666666606,0.5,0.0,0.0,0.0,0.0,0.0,0.0,6953.0,0
3.628,17374.0,13899.0,10419.0,17370.5,13896.5,10417.5,4000.0,3000.0,2000.0,-7.5,-6.0,0.5,0.0,0.0,0.0,0.0,0.0,0.0,6955.0,0
3.629,17378.0,13902.0,10421.0,17374.5,13899.5,10419.5,4000.0,3000.0,2000.0,-8.16666666666788,-6.33333333333394,0.5,0.0,0.0,0.0,0.0,0.0,0.0,6957.0,0
3.63,17381.0,13905.0,10423.0,17378.5,13902.5,10421.5,3000.0,3000.0,2000.0,-8.83333333333212,-6.66666666666606,0.5,0.0,0.0,0.0,0.0,0.0,0.0,6958.0,0
3.6310000000000002,17385.0,13908.0,10426.0,17381.5,13905.5,10423.5,4000.0,3000.0,3000.0,-8.5,-7.0,0.5,0.0,0.0,0.0,0.0,0.0,0.0,6959.0,0
3.632,17389.0,13910.0,10428.0,17385.5,13908.5,10426.5,4000.0,2000.0,2000.0,-7.5,-6.0,0.5,0.0,0.0,0.0,0.0,0.0,0.0,6961.0,0
3.633,17392.0,13913.0,10430.0,17389.5,13910.5,10428.5,3000.0,3000.0,2000.0,-8.16666666666788,-5.33333333333394,0.5,0.0,0.0,0.0,0.0,0.0,0.0,6962.0,0
3.634,17396.0,13916.0,10432.0,17392.5,13913.5,10430.5,4000.0,3000.0,2000.0,-7.833333333332121,-5.66666666666606,0.5,0.0,0.0,0.0,0.0,0.0,0.0,6964.0,0
3.6350000000000002,17400.0,13919.0,10435.0,17396.5,13916.5,10432.5,4000.0,3000.0,3000.0,-8.5,-6.0,0.5,0.0,0.0,0.0,0.0,0.0,0.0,6965.0,0
3.636,17404.0,13922.0,10437.0,17400.5,13919.5,10435.5,4000.0,3000.0,2000.0,-7.5,-5.0,0.5,0.0,0.0,0.0,0.0,0.0,0.0,6967.0,0
3.637,17407.0,13925.0,10439.0,17404.5,13922.5,10437.5,3000.0,3000.0,2000.0,-8.16666666666788,-5.33333333333394,0.5,0.0,0.0,0.0,0.0,0.0,0.0,6968.0,0
3.638,17411.0,13928.0,10441.0,17407.5,13925.5,10439.5,4000.0,3000.0,2000.0,-7.833333333332121,-5.66666666666606,0.5,0.0,0.0,0.0,0.0,0.0,0.0,6970.0,0
3.6390000000000002,17415.0,13931.0,10444.0,17411.5,13928.5,10441.5,4000.0,3000.0,3000.0,-8.5,-6.0,0.5,0.0,0.0,0.0,0.0,0.0,0.0,6971.0,0
3.64,17419.0,13934.0,10446.0,17415.5,13931.5,10444.5,4000.0,3000.0,2000.0,-7.5,-5.0,0.5,0.0,0.0,0.0,0.0,0.0,0.0,6973.0,0
3.641,17422.0,13937.0,10448.0,17419.5,13934.5,10446.5,3000.0,3000.0,2000.0,-8.16666666666788,-5.33333333333394,0.5,0.0,0.0,0.0,0.0,0.0,0.0,6974.0,0
3.642,17426.0,13940.0,10450.0,17422.5,13937.5,10448.5,4000.0,3000.0,2000.0,-7.833333333332121,-5.66666666666606,0.5,0.0,0.0,0.0,0.0,0.0,0.0,6976.0,0
3.6430000000000002,17430.0,13943.0,10453.0,17426.5,13940.5,10450.5,4000.0,3000.0,3000.0,-8.5,-6.0,0.5,0.0,0.0,0.0,0.0,0.0,0.0,6977.0,0
3.644,17433.0,13946.0,10455.0,17430.5,13943.5,10453.5,3000.0,3000.0,2000.0,-7.5,-5.0,0.5,0.0,0.0,0.0,0.0,0.0,0.0,6978.0,0
3.645,17437.0,13949.0,10457.0,17433.5,13946.5,10455.5,4000.0,3000.0,2000.0,-7.166666666667879,-5.33333333333394,0.5,0.0,0.0,0.0,0.0,0.0,0.0,6980.0,0
3.646,17441.0,13952.0,10459.0,17437.5,13949.5,10457.5,4000.0,3000.0,2000.0,-7.833333333332121,-5.66666666666606,0.5,0.0,0.0,0.0,0.0,0.0,0.0,6982.0,0
3.6470000000000002,17445.0,13955.0,10462.0,17441.5,13952.5,10459.5,4000.0,3000.0,3000.0,-8.5,-6.0,0.5,0.0,0.0,0.0,0.0,0.0,0.0,6983.0,0
3.648,17448.0,13957.0,10464.0,17445.5,13955.5,10462.5,3000.0,2000.0,2000.0,-7.5,-5.0,0.5,0.0,0.0,0.0,0.0,0.0,0.0,6984.0,0
3.649,17452.0,13960.0,10466.0,17448.5,13957.5,10464.5,4000.0,3000.0,2000.0,-7.166666666667879,-4.33333333333394,0.5,0.0,0.0,0.0,0.0,0.0,0.0,6986.0,0
3.65,17456.0,13963.0,10468.0,17452.5,13960.5,10466.5,4000.0,3000.0,2000.0,-7.833333333332121,-4.66666666666606,0.5,0.0,0.0,0.0,0.0,0.0,0.0,6988.0,0
3.6510000000000002,17460.0,13966.0,10470.0,17456.5,13963.5,10468.5,4000.0,3000.0,2000.0,-8.5,-5.0,0.5,0.0,0.0,0.0,0.0,0.0,0.0,6990.0,0
3.652,17463.0,13969.0,10473.0,17460.5,13966.5,10470.5,3000.0,3000.0,3000.0,-9.16666666666788,-5.33333333333394,0.5,0.0,0.0,0.0,0.0,0.0,0.0,6990.0,0
3.653,17467.0,13972.0,10475.0,17463.5,13969.5,10473.5,4000.0,3000.0,2000.0,-7.166666666667879,-4.33333333333394,0.5,0.0,0.0,0.0,0.0,0.0,0.0,6992.0,0
3.654,17471.0,13975.0,10477.0,17467.5,13972.5,10475.5,4000.0,3000.0,2000.0,-7.833333333332121,-4.66666666666606,0.5,0.0,0.0,0.0,0.0,0.0,0.0,6994.0,0
3.6550000000000002,17474.0,13978.0,10479.0,17471.5,13975.5,10477.5,3000.0,3000.0,2000.0,-8.5,-5.0,0.5,0.0,0.0,0.0,0.0,0.0,0.0,6995.0,0
3.656,17478.0,13981.0,10482.0,17474.5,13978.5,10479.5,4000.0,3000.0,3000.0,-8.16666666666788,-5.33333333333394,0.5,0.0,0.0,0.0,0.0,0.0,0.0,6996.0,0
3.657,17482.0,13984.0,10484.0,17478.5,13981.5,10482.5,4000.0,3000.0,2000.0,-7.166666666667879,-4.33333333333394,0.5,0.0,0.0,0.0,0.0,0.0,0.0,6998.0,0
3.658,17486.0,13987.0,10486.0,17482.5,13984.5,10484.5,4000.0,3000.0,2000.0,-7.833333333332121,-4.66666666666606,0.5,0.0,0.0,0.0,0.0,0.0,0.0,7000.0,0
3.6590000000000003,17489.0,13990.0,10488.0,17486.5,13987.5,10486.5,3000.0,3000.0,2000.0,-8.5,-5.0,0.5,0.0,0.0,0.0,0.0,0.0,0.0,7001.0,0
3.66,17493.0,13993.0,10491.0,17489.5,13990.5,10488.5,4000.0,3000.0,3000.0,-8.16666666666788,-5.33333333333394,0.5,0.0,0.0,0.0,0.0,0.0,0.0,7002.0,0
3.661,17497.0,13996.0,10493.0,17493.5,13993.5,10491.5,4000.0,3000.0,2000.0,-7.166666666667879,-4.33333333333394,0.5,0.0,0.0,0.0,0.0,0.0,0.0,7004.0,0
3.662,17501.0,13999.0,10495.0,17497.5,13996.5,10493.5,4000.0,3000.0,2000.0,-7.833333333332121,-4.66666666666606,0.5,0.0,0.0,0.0,0.0,0.0,0.0,7006.0,0
3.6630000000000003,17504.0,14002.0,10497.0,17501.5,13999.5,10495.5,3000.0,3000.0,2000.0,-8.5,-5.0,0.5,0.0,0.0,0.0,0.0,0.0,0.0,7007.0,0
3.664,17508.0,14004.0,10500.0,17504.5,14002.5,10497.5,4000.0,2000.0,3000.0,-8.16666666666788,-5.33333333333394,0.5,0.0,0.0,0.0,0.0,0.0,0.0,7008.0,0
3.665,17512.0,14007.0,10502.0,17508.5,14004.5,10500.5,4000.0,3000.0,2000.0,-7.166666666667879,-3.3333333333339397,0.5,0.0,0.0,0.0,0.0,0.0,0.0,7010.0,0
3.666,17515.0,14010.0,10504.0,17512.5,14007.5,10502.5,3000.0,3000.0,2000.0,-7.833333333332121,-3.6666666666660603,0.5,0.0,0.0,0.0,0.0,0.0,0.0,7011.0,0
3.6670000000000003,17519.0,14013.0,10506.0,17515.5,14010.5,10504.5,4000.0,3000.0,2000.0,-7.5,-4.0,0.5,0.0,0.0,0.0,0.0,0.0,0.0,7013.0,0
3.668,17523.0,14016.0,10509.0,17519.5,14013.5,10506.5,4000.0,3000.0,3000.0,-8.16666666666788,-4.33333333333394,0.5,0.0,0.0,0.0,0.0,0.0,0.0,7014.0,0
3.669,17527.0,14019.0,10511.0,17523.5,14016.5,10509.5,4000.0,3000.0,2000.0,-7.166666666667879,-3.3333333333339397,0.5,0.0,0.0,0.0,0.0,0.0,0.0,7016.0,0
3.67,17530.0,14022.0,10513.0,17527.5,14019.5,10511.5,3000.0,3000.0,2000.0,-7.833333333332121,-3.6666666666660603,0.5,0.0,0.0,0.0,0.0,0.0,0.0,7017.0,0
3.6710000000000003,17534.0,14025.0,10515.0,17530.5,14022.5,10513.5,4000.0,3000.0,2000.0,-7.5,-4.0,0.5,0.0,0.0,0.0,0.0,0.0,0.0,7019.0,0
3.672,17538.0,14028.0,10517.0,17534.5,14025.5,10515.5,4000.0,3000.0,2000.0,-8.16666666666788,-4.33333333333394,0.5,0.0,0.0,0.0,0.0,0.0,0.0,7021.0,0
3.673,17541.0,14031.0,10520.0,17538.5,14028.5,10517.5,3000.0,3000.0,3000.0,-8.83333333333212,-4.66666666666606,0.5,0.0,0.0,0.0,0.0,0.0,0.0,7021.0,0
3.674,17545.0,14034.0,10522.0,17541.5,14031.5,10520.5,4000.0,3000.0,2000.0,-6.833333333332121,-3.6666666666660603,0.5,0.0,0.0,0.0,0.0,0.0,0.0,7023.0,0
3.6750000000000003,17549.0,14037.0,10524.0,17545.5,14034.5,10522.5,4000.0,3000.0,2000.0,-7.5,-4.0,0.5,0.0,0.0,0.0,0.0,0.0,0.0,7025.0,0
3.676,17553.0,14040.0,10526.0,17549.5,14037.5,10524.5,4000.0,3000.0,2000.0,-8.16666666666788,-4.33333333333394,0.5,0.0,0.0,0.0,0.0,0.0,0.0,7027.0,0
3.677,17556.0,14043.0,10529.0,17553.5,14040.5,10526.5,3000.0,3000.0,3000.0,-8.83333333333212,-4.66666666666606,0.5,0.0,0.0,0.0,0.0,0.0,0.0,7027.0,0
3.678,17560.0,14046.0,10531.0,17556.5,14043.5,10529.5,4000.0,3000.0,2000.0,-6.833333333332121,-3.6666666666660603,0.5,0.0,0.0,0.0,0.0,0.0,0.0,7029.0,0
3.6790000000000003,17564.0,14048.0,10533.0,17560.5,14046.5,10531.5,4000.0,2000.0,2000.0,-7.5,-4.0,0.5,0.0,0.0,0.0,0.0,0.0,0.0,7031.0,0
3.68,17568.0,14051.0,10535.0,17564.5,14048.5,10533.5,4000.0,3000.0,2000.0,-8.16666666666788,-3.3333333333339397,0.5,0.0,0.0,0.0,0.0,0.0,0.0,7033.0,0
3.681,17571.0,14054.0,10538.0,17568.5,14051.5,10535.5,3000.0,3000.0,3000.0,-8.83333333333212,-3.6666666666660603,0.5,0.0,0.0,0.0,0.0,0.0,0.0,7033.0,0
3.682,17575.0,14057.0,10540.0,17571.5,14054.5,10538.5,4000.0,3000.0,2000.0,-6.833333333332121,-2.6666666666660603,0.5,0.0,0.0,0.0,0.0,0.0,0.0,7035.0,0
3.6830000000000003,17579.0,14060.0,10542.0,17575.5,14057.5,10540.5,4000.0,3000.0,2000.0,-7.5,-3.0,0.5,0.0,0.0,0.0,0.0,0.0,0.0,7037.0,0
3.684,17582.0,14063.0,10544.0,17579.5,14060.5,10542.5,3000.0,3000.0,2000.0,-8.16666666666788,-3.3333333333339397,0.5,0.0,0.0,0.0,0.0,0.0,0.0,7038.0,0
3.685,17586.0,14066.0,10547.0,17582.5,14063.5,10544.5,4000.0,3000.0,3000.0,-7.833333333332121,-3.6666666666660603,0.5,0.0,0.0,0.0,0.0,0.0,0.0,7039.0,0
3.686,17590.0,14069.0,10549.0,17586.5,14066.5,10547.5,4000.0,3000.0,2000.0,-6.833333333332121,-2.6666666666660603,0.5,0.0,0.0,0.0,0.0,0.0,0.0,7041.0,0
3.6870000000000003,17594.0,14072.0,10551.0,17590.5,14069.5,10549.5,4000.0,3000.0,2000.0,-7.5,-3.0,0.5,0.0,0.0,0.0,0.0,0.0,0.0,7043.0,0
3.688,17597.0,14075.0,10553.0,17594.5,14072.5,10551.5,3000.0,3000.0,2000.0,-8.16666666666788,-3.3333333333339397,0.5,0.0,0.0,0.0,0.0,0.0,0.0,7044.0,0
3.689,17601.0,14078.0,10556.0,17597.5,14075.5,10553.5,4000.0,3000.0,3000.0,-7.833333333332121,-3.6666666666660603,0.5,0.0,0.0,0.0,0.0,0.0,0.0,7045.0,0
3.69,17605.0,14081.0,10558.0,17601.5,14078.5,10556.5,4000.0,3000.0,2000.0,-6.833333333332121,-2.6666666666660603,0.5,0.0,0.0,0.0,0.0,0.0,0.0,7047.0,0
3.6910000000000003,17609.0,14084.0,10560.0,17605.5,14081.5,10558.5,4000.0,3000.0,2000.0,-7.5,-3.0,0.5,0.0,0.0,0.0,0.0,0.0,0.0,7049.0,0
3.692,17612.0,14087.0,10562.0,17609.5,14084.5,10560.5,3000.0,3000.0,2000.0,-8.16666666666788,-3.3333333333339397,0.5,0.0,0.0,0.0,0.0,0.0,0.0,7050.0,0
3.693,17616.0,14090.0,10564.0,17612.5,14087.5,10562.5,4000.0,3000.0,2000.0,-7.833333333332121,-3.6666666666660603,0.5,0.0,0.0,0.0,0.0,0.0,0.0,7052.0,0
3.694,17620.0,14093.0,10567.0,17616.5,14090.5,10564.5,4000.0,3000.0,3000.0,-8.5,-4.0,0.5,0.0,0.0,0.0,0.0,0.0,0.0,7053.0,0
3.6950000000000003,17623.0,14095.0,10569.0,17620.5,14093.5,10567.5,3000.0,2000.0,2000.0,-7.5,-3.0,0.5,0.0,0.0,0.0,0.0,0.0,0.0,7054.0,0
3.696,17627.0,14098.0,10571.0,17623.5,14095.5,10569.5,4000.0,3000.0,2000.0,-7.166666666667879,-2.3333333333339397,0.5,0.0,0.0,0.0,0.0,0.0,0.0,7056.0,0
3.697,17631.0,14101.0,10573.0,17627.5,14098.5,10571.5,4000.0,3000.0,2000.0,-7.833333333332121,-2.6666666666660603,0.5,0.0,0.0,0.0,0.0,0.0,0.0,7058.0,0
3.698,17635.0,14104.0,10576.0,17631.5,14101.5,10573.5,4000.0,3000.0,3000.0,-8.5,-3.0,0.5,0.0,0.0,0.0,0.0,0.0,0.0,7059.0,0
3.6990000000000003,17638.0,14107.0,10578.0,17635.5,14104.5,10576.5,3000.0,3000.0,2000.0,-7.5,-2.0,0.5,0.0,0.0,0.0,0.0,0.0,0.0,7060.0,0
3.7,17642.0,14110.0,10580.0,17638.5,14107.5,10578.5,4000.0,3000.0,2000.0,-7.166666666667879,-2.3333333333339397,0.5,0.0,0.0,0.0,0.0,0.0,0.0,7062.0,0
3.701,17646.0,14113.0,10582.0,17642.5,14110.5,10580.5,4000.0,3000.0,2000.0,-7.833333333332121,-2.6666666666660603,0.5,0.0,0.0,0.0,0.0,0.0,0.0,7064.0,0
3.702,17650.0,14116.0,10585.0,17646.5,14113.5,10582.5,4000.0,3000.0,3000.0,-8.5,-3.0,0.5,0.0,0.0,0.0,0.0,0.0,0.0,7065.0,0
3.7030000000000003,17653.0,14119.0,10587.0,17650.5,14116.5,10585.5,3000.0,3000.0,2000.0,-7.5,-2.0,0.5,0.0,0.0,0.0,0.0,0.0,0.0,7066.0,0
3.704,17657.0,14122.0,10589.0,17653.5,14119.5,10587.5,4000.0,3000.0,2000.0,-7.166666666667879,-2.3333333333339397,0.5,0.0,0.0,0.0,0.0,0.0,0.0,7068.0,0
3.705,17661.0,14125.0,10591.0,17657.5,14122.5,10589.5,4000.0,3000.0,2000.0,-7.833333333332121,-2.6666666666660603,0.5,0.0,0.0,0.0,0.0,0.0,0.0,7070.0,0
3.706,17664.0,14128.0,10594.0,17661.5,14125.5,10591.5,3000.0,3000.0,3000.0,-8.5,-3.0,0.5,0.0,0.0,0.0,0.0,0.0,0.0,7070.0,0
3.7070000000000003,17668.0,14131.0,10596.0,17664.5,14128.5,10594.5,4000.0,3000.0,2000.0,-6.5,-2.0,0.5,0.0,0.0,0.0,0.0,0.0,0.0,7072.0,0
3.708,17672.0,14134.0,10598.0,17668.5,14131.5,10596.5,4000.0,3000.0,2000.0,-7.166666666667879,-2.3333333333339397,0.5,0.0,0.0,0.0,0.0,0.0,0.0,7074.0,0
3.709,17676.0,14137.0,10600.0,17672.5,14134.5,10598.5,4000.0,3000.0,2000.0,-7.833333333332121,-2.6666666666660603,0.5,0.0,0.0,0.0,0.0,0.0,0.0,7076.0,0
3.71,17679.0,14140.0,10603.0,17676.5,14137.5,10600.5,3000.0,3000.0,3000.0,-8.5,-3.0,0.5,0.0,0.0,0.0,0.0,0.0,0.0,7076.0,0
3.7110000000000003,17683.0,14142.0,10605.0,17679.5,14140.5,10603.5,4000.0,2000.0,2000.0,-6.5,-2.0,0.5,0.0,0.0,0.0,0.0,0.0,0.0,7078.0,0
3.712,17687.0,14145.0,10607.0,17683.5,14142.5,10605.5,4000.0,3000.0,2000.0,-7.166666666667879,-1.3333333333339397,0.5,0.0,0.0,0.0,0.0,0.0,0.0,7080.0,0
3.713,17690.0,14148.0,10609.0,17687.5,14145.5,10607.5,3000.0,3000.0,2000.0,-7.833333333332121,-1.6666666666660603,0.5,0.0,0.0,0.0,0.0,0.0,0.0,7081.0,0
3.714,17694.0,14151.0,10611.0,17690.5,14148.5,10609.5,4000.0,3000.0,2000.0,-7.5,-2.0,0.5,0.0,0.0,0.0,0.0,0.0,0.0,7083.0,0
3.715,17698.0,14154.0,10614.0,17694.5,14151.5,10611.5,4000.0,3000.0,3000.0,-8.16666666666788,-2.3333333333339397,0.5,0.0,0.0,0.0,0.0,0.0,0.0,7084.0,0
3.716,17702.0,14157.0,10616.0,17698.5,14154.5,10614.5,4000.0,3000.0,2000.0,-7.166666666667879,-1.3333333333339397,0.5,0.0,0.0,0.0,0.0,0.0,0.0,7086.0,0
3.717,17705.0,14160.0,10618.0,17702.5,14157.5,10616.5,3000.0,3000.0,2000.0,-7.833333333332121,-1.6666666666660603,0.5,0.0,0.0,0.0,0.0,0.0,0.0,7087.0,0
3.718,17709.0,14163.0,10620.0,17705.5,14160.5,10618.5,4000.0,3000.0,2000.0,-7.5,-2.0,0.5,0.0,0.0,0.0,0.0,0.0,0.0,7089.0,0
3.719,17713.0,14166.0,10623.0,17709.5,14163.5,10620.5,4000.0,3000.0,3000.0,-8.16666666666788,-2.3333333333339397,0.5,0.0,0.0,0.0,0.0,0.0,0.0,7090.0,0
3.72,17717.0,14169.0,10625.0,17713.5,14166.5,10623.5,4000.0,3000.0,2000.0,-7.166666666667879,-1.3333333333339397,0.5,0.0,0.0,0.0,0.0,0.0,0.0,7092.0,0
3.721,17720.0,14172.0,10627.0,17717.5,14169.5,10625.5,3000.0,3000.0,2000.0,-7.833333333332121,-1.6666666666660603,0.5,0.0,0.0,0.0,0.0,0.0,0.0,7093.0,0
3.722,17724.0,14175.0,10629.0,17720.5,14172.5,10627.5,4000.0,3000.0,2000.0,-7.5,-2.0,0.5,0.0,0.0,0.0,0.0,0.0,0.0,7095.0,0
3.723,17728.0,14178.0,10632.0,17724.5,14175.5,10629.5,4000.0,3000.0,3000.0,-8.16666666666788,-2.3333333333339397,0.5,0.0,0.0,0.0,0.0,0.0,0.0,7096.0,0
3.724,17731.0,14181.0,10634.0,17728.5,14178.5,10632.5,3000.0,3000.0,2000.0,-7.166666666667879,-1.3333333333339397,0.5,0.0,0.0,0.0,0.0,0.0,0.0,7097.0,0
3.725,17735.0,14184.0,10636.0,17731.5,14181.5,10634.5,4000.0,3000.0,2000.0,-6.833333333332121,-1.6666666666660603,0.5,0.0,0.0,0.0,0.0,0.0,0.0,7099.0,0
3.726,17739.0,14187.0,10638.0,17735.5,14184.5,10636.5,4000.0,3000.0,2000.0,-7.5,-2.0,0.5,0.0,0.0,0.0,0.0,0.0,0.0,7101.0,0
3.727,17743.0,14189.0,10641.0,17739.5,14187.5,10638.5,4000.0,2000.0,3000.0,-8.16666666666788,-2.3333333333339397,0.5,0.0,0.0,0.0,0.0,0.0,0.0,7102.0,0
3.728,17746.0,14192.0,10643.0,17743.5,14189.5,10641.5,3000.0,3000.0,2000.0,-7.166666666667879,-0.33333333333393966,0.5,0.0,0.0,0.0,0.0,0.0,0.0,7103.0,0
3.729,17750.0,14195.0,10645.0,17746.5,14192.5,10643.5,4000.0,3000.0,2000.0,-6.833333333332121,-0.6666666666660603,0.5,0.0,0.0,0.0,0.0,0.0,0.0,7105.0,0
3.73,17754.0,14198.0,10647.0,17750.5,14195.5,10645.5,4000.0,3000.0,2000.0,-7.5,-1.0,0.5,0.0,0.0,0.0,0.0,0.0,0.0,7107.0,0
3.731,17758.0,14201.0,10650.0,17754.5,14198.5,10647.5,4000.0,3000.0,3000.0,-8.16666666666788,-1.3333333333339397,0.5,0.0,0.0,0.0,0.0,0.0,0.0,7108.0,0
3.732,17761.0,14204.0,10652.0,17758.5,14201.5,10650.5,3000.0,3000.0,2000.0,-7.166666666667879,-0.33333333333393966,0.5,0.0,0.0,0.0,0.0,0.0,0.0,7109.0,0
3.733,17765.0,14207.0,10654.0,17761.5,14204.5,10652.5,4000.0,3000.0,2000.0,-6.833333333332121,-0.6666666666660603,0.5,0.0,0.0,0.0,0.0,0.0,0.0,7111.0,0
3.734,17769.0,14210.0,10656.0,17765.5,14207.5,10654.5,4000.0,3000.0,2000.0,-7.5,-1.0,0.5,0.0,0.0,0.0,0.0,0.0,0.0,7113.0,0
3.735,17772.0,14213.0,10659.0,17769.5,14210.5,10656.5,3000.0,3000.0,3000.0,-8.16666666666788,-1.3333333333339397,0.5,0.0,0.0,0.0,0.0,0.0,0.0,7113.0,0
3.736,17776.0,14216.0,10661.0,17772.5,14213.5,10659.5,4000.0,3000.0,2000.0,-6.166666666667879,-0.33333333333393966,0.5,0.0,0.0,0.0,0.0,0.0,0.0,7115.0,0
3.737,17780.0,14219.0,10663.0,17776.5,14216.5,10661.5,4000.0,3000.0,2000.0,-6.833333333332121,-0.6666666666660603,0.5,0.0,0.0,0.0,0.0,0.0,0.0,7117.0,0
3.738,17784.0,14222.0,10665.0,17780.5,14219.5,10663.5,4000.0,3000.0,2000.0,-7.5,-1.0,0.5,0.0,0.0,0.0,0.0,0.0,0.0,7119.0,0
3.739,17787.0,14225.0,10667.0,17784.5,14222.5,10665.5,3000.0,3000.0,2000.0,-8.16666666666788,-1.3333333333339397,0.5,0.0,0.0,0.0,0.0,0.0,0.0,7120.0,0
3.74,17791.0,14228.0,10670.0,17787.5,14225.5,10667.5,4000.0,3000.0,3000.0,-7.833333333332121,-1.6666666666660603,0.5,0.0,0.0,0.0,0.0,0.0,0.0,7121.0,0
3.741,17795.0,14231.0,10672.0,17791.5,14228.5,10670.5,4000.0,3000.0,2000.0,-6.833333333332121,-0.6666666666660603,0.5,0.0,0.0,0.0,0.0,0.0,0.0,7123.0,0
3.742,17799.0,14234.0,10674.0,17795.5,14231.5,10672.5,4000.0,3000.0,2000.0,-7.5,-1.0,0.5,0.0,0.0,0.0,0.0,0.0,0.0,7125.0,0
3.743,17802.0,14236.0,10676.0,17799.5,14234.5,10674.5,3000.0,2000.0,2000.0,-8.16666666666788,-1.3333333333339397,0.5,0.0,0.0,0.0,0.0,0.0,0.0,7126.0,0
3.744,17806.0,14239.0,10679.0,17802.5,14236.5,10676.5,4000.0,3000.0,3000.0,-7.833333333332121,-0.6666666666660603,0.5,0.0,0.0,0.0,0.0,0.0,0.0,7127.0,0
3.745,17810.0,14242.0,10681.0,17806.5,14239.5,10679.5,4000.0,3000.0,2000.0,-6.833333333332121,0.33333333333393966,0.5,0.0,0.0,0.0,0.0,0.0,0.0,7129.0,0
3.746,17813.0,14245.0,10683.0,17810.5,14242.5,10681.5,3000.0,3000.0,2000.0,-7.5,0.0,0.5,0.0,0.0,0.0,0.0,0.0,0.0,7130.0,0
3.747,17817.0,14248.0,10685.0,17813.5,14245.5,10683.5,4000.0,3000.0,2000.0,-7.166666666667879,-0.33333333333393966,0.5,0.0,0.0,0.0,0.0,0.0,0.0,7132.0,0
3.748,17821.0,14251.0,10688.0,17817.5,14248.5,10685.5,4000.0,3000.0,3000.0,-7.833333333332121,-0.6666666666660603,0.5,0.0,0.0,0.0,0.0,0.0,0.0,7133.0,0
3.749,17825.0,14254.0,10690.0,17821.5,14251.5,10688.5,4000.0,3000.0,2000.0,-6.833333333332121,0.33333333333393966,0.5,0.0,0.0,0.0,0.0,0.0,0.0,7135.0,0
3.75,17828.0,14257.0,10692.0,17825.5,14254.5,10690.5,3000.0,3000.0,2000.0,-7.5,0.0,0.5,0.0,0.0,0.0,0.0,0.0,0.0,7136.0,0
3.751,17832.0,14260.0,10694.0,17828.5,14257.5,10692.5,4000.0,3000.0,2000.0,-7.166666666667879,-0.33333333333393966,0.5,0.0,0.0,0.0,0.0,0.0,0.0,7138.0,0
3.7520000000000002,17836.0,14263.0,10697.0,17832.5,14260.5,10694.5,4000.0,3000.0,3000.0,-7.833333333332121,-0.6666666666660603,0.5,0.0,0.0,0.0,0.0,0.0,0.0,7139.0,0
3.753,17839.0,14266.0,10699.0,17836.5,14263.5,10697.5,3000.0,3000.0,2000.0,-6.833333333332121,0.33333333333393966,0.5,0.0,0.0,0.0,0.0,0.0,0.0,7140.0,0
3.754,17843.0,14269.0,10701.0,17839.5,14266.5,10699.5,4000.0,3000.0,2000.0,-6.5,0.0,0.5,0.0,0.0,0.0,0.0,0.0,0.0,7142.0,0
3.755,17847.0,14272.0,10703.0,17843.5,14269.5,10701.5,4000.0,3000.0,2000.0,-7.166666666667879,-0.33333333333393966,0.5,0.0,0.0,0.0,0.0,0.0,0.0,7144.0,0
3.7560000000000002,17851.0,14275.0,10706.0,17847.5,14272.5,10703.5,4000.0,3000.0,3000.0,-7.833333333332121,-0.6666666666660603,0.5,0.0,0.0,0.0,0.0,0.0,0.0,7145.0,0
3.757,17854.0,14278.0,10708.0,17851.5,14275.5,10706.5,3000.0,3000.0,2000.0,-6.833333333332121,0.33333333333393966,0.5,0.0,0.0,0.0,0.0,0.0,0.0,7146.0,0
3.758,17858.0,14280.0,10710.0,17854.5,14278.5,10708.5,4000.0,2000.0,2000.0,-6.5,0.0,0.5,0.0,0.0,0.0,0.0,0.0,0.0,7148.0,0
3.759,17862.0,14283.0,10712.0,17858.5,14280.5,10710.5,4000.0,3000.0,2000.0,-7.375,0.5,0.375,0.0,0.0,0.0,0.0,0.0,0.0,7150.0,0
3.7600000000000002,17866.0,14286.0,10714.0,17862.5,14283.5,10712.5,4000.0,3000.0,2000.0,-7.833333333332121,0.33333333333393966,0.5,0.0,0.0,0.0,0.0,0.0,0.0,7152.0,0
3.761,17869.0,14289.0,10717.0,17866.5,14286.5,10714.5,3000.0,3000.0,3000.0,-8.5,0.0,0.5,0.0,0.0,0.0,0.0,0.0,0.0,7152.0,0
3.762,17873.0,14292.0,10719.0,17869.5,14289.5,10717.5,4000.0,3000.0,2000.0,-7.125,0.5,0.125,0.0,0.0,0.0,0.0,0.0,0.0,7154.0,0
3.763,17877.0,14295.0,10721.0,17873.5,14292.5,10719.5,4000.0,3000.0,2000.0,-7.375,0.5,0.375,0.0,0.0,0.0,0.0,0.0,0.0,7156.0,0
3.7640000000000002,17880.0,14298.0,10723.0,17877.5,14295.5,10721.5,3000.0,3000.0,2000.0,-7.833333333332121,0.33333333333393966,0.5,0.0,0.0,0.0,0.0,0.0,0.0,7157.0,0
3.765,17884.0,14301.0,10726.0,17880.5,14298.5,10723.5,4000.0,3000.0,3000.0,-7.5,0.0,0.5,0.0,0.0,0.0,0.0,0.0,0.0,7158.0,0
3.766,17888.0,14304.0,10728.0,17884.5,14301.5,10726.5,4000.0,3000.0,2000.0,-7.125,0.5,0.125,0.0,0.0,0.0,0.0,0.0,0.0,7160.0,0
3.767,17892.0,14307.0,10730.0,17888.5,14304.5,10728.5,4000.0,3000.0,2000.0,-7.375,0.5,0.375,0.0,0.0,0.0,0.0,0.0,0.0,7162.0,0
3.7680000000000002,17895.0,14310.0,10732.0,17892.5,14307.5,10730.5,3000.0,3000.0,2000.0,-7.833333333332121,0.33333333333393966,0.5,0.0,0.0,0.0,0.0,0.0,0.0,7163.0,0
3.769,17899.0,14313.0,10735.0,17895.5,14310.5,10732.5,4000.0,3000.0,3000.0,-7.5,0.0,0.5,0.0,0.0,0.0,0.0,0.0,0.0,7164.0,0
3.77,17903.0,14316.0,10737.0,17899.5,14313.5,10735.5,4000.0,3000.0,2000.0,-7.125,0.5,0.125,0.0,0.0,0.0,0.0,0.0,0.0,7166.0,0
3.771,17907.0,14319.0,10739.0,17903.5,14316.5,10737.5,4000.0,3000.0,2000.0,-7.375,0.5,0.375,0.0,0.0,0.0,0.0,0.0,0.0,7168.0,0
3.7720000000000002,17910.0,14322.0,10741.0,17907.5,14319.5,10739.5,3000.0,3000.0,2000.0,-7.833333333332121,0.33333333333393966,0.5,0.0,0.0,0.0,0.0,0.0,0.0,7169.0,0
3.773,17914.0,14325.0,10744.0,17910.5,14322.5,10741.5,4000.0,3000.0,3000.0,-7.5,0.0,0.5,0.0,0.0,0.0,0.0,0.0,0.0,7170.0,0
3.774,17918.0,14327.0,10746.0,17914.5,14325.5,10744.5,4000.0,2000.0,2000.0,-7.125,0.5,0.125,0.0,0.0,0.0,0.0,0.0,0.0,7172.0,0
3.775,17921.0,14330.0,10748.0,17918.5,14327.5,10746.5,3000.0,3000.0,2000.0,-8.625,0.5,-0.375,0.0,0.0,0.0,0.0,0.0,0.0,7173.0,0
3.7760000000000002,17925.0,14333.0,10750.0,17921.5,14330.5,10748.5,4000.0,3000.0,2000.0,-7.875,0.5,-0.125,0.0,0.0,0.0,0.0,0.0,0.0,7175.0,0
3.777,17929.0,14336.0,10753.0,17925.5,14333.5,10750.5,4000.0,3000.0,3000.0,-8.125,0.5,0.125,0.0,0.0,0.0,0.0,0.0,0.0,7176.0,0
3.778,17933.0,14339.0,10755.0,17929.5,14336.5,10753.5,4000.0,3000.0,2000.0,-8.375,0.5,-0.625,0.0,0.0,0.0,0.0,0.0,0.0,7178.0,0
3.779,17936.0,14342.0,10757.0,17933.5,14339.5,10755.5,3000.0,3000.0,2000.0,-8.625,0.5,-0.375,0.0,0.0,0.0,0.0,0.0,0.0,7179.0,0
3.7800000000000002,17940.0,14345.0,10759.0,17936.5,14342.5,10757.5,4000.0,3000.0,2000.0,-7.875,0.5,-0.125,0.0,0.0,0.0,0.0,0.0,0.0,7181.0,0
3.781,17944.0,14348.0,10761.0,17940.5,14345.5,10759.5,4000.0,3000.0,2000.0,-8.125,0.5,0.125,0.0,0.0,0.0,0.0,0.0,0.0,7183.0,0
3.782,17947.0,14351.0,10764.0,17944.5,14348.5,10761.5,3000.0,3000.0,3000.0,-8.375,0.5,0.375,0.0,0.0,0.0,0.0,0.0,0.0,7183.0,0
3.783,17951.0,14354.0,10766.0,17947.5,14351.5,10764.5,4000.0,3000.0,2000.0,-7.625,0.5,-0.375,0.0,0.0,0.0,0.0,0.0,0.0,7185.0,0
3.7840000000000003,17955.0,14357.0,10768.0,17951.5,14354.5,10766.5,4000.0,3000.0,2000.0,-7.875,0.5,-0.125,0.0,0.0,0.0,0.0,0.0,0.0,7187.0,0
3.785,17959.0,14360.0,10770.0,17955.5,14357.5,10768.5,4000.0,3000.0,2000.0,-8.125,0.5,0.125,0.0,0.0,0.0,0.0,0.0,0.0,7189.0,0
3.786,17962.0,14363.0,10773.0,17959.5,14360.5,10770.5,3000.0,3000.0,3000.0,-8.375,0.5,0.375,0.0,0.0,0.0,0.0,0.0,0.0,7189.0,0
3.787,17966.0,14366.0,10775.0,17962.5,14363.5,10773.5,4000.0,3000.0,2000.0,-7.625,0.5,-0.375,0.0,0.0,0.0,0.0,0.0,0.0,7191.0,0
3.7880000000000003,17970.0,14369.0,10777.0,17966.5,14366.5,10775.5,4000.0,3000.0,2000.0,-7.875,0.5,-0.125,0.0,0.0,0.0,0.0,0.0,0.0,7193.0,0
3.789,17974.0,14372.0,10779.0,17970.5,14369.5,10777.5,4000.0,3000.0,2000.0,-8.125,0.5,0.125,0.0,0.0,0.0,0.0,0.0,0.0,7195.0,0
3.79,17977.0,14374.0,10782.0,17974.5,14372.5,10779.5,3000.0,2000.0,3000.0,-8.375,0.5,0.375,0.0,0.0,0.0,0.0,0.0,0.0,7195.0,0
3.791,17981.0,14377.0,10784.0,17977.5,14374.5,10782.5,4000.0,3000.0,2000.0,-8.875,0.5,-1.125,0.0,0.0,0.0,0.0,0.0,0.0,7197.0,0
3.7920000000000003,17985.0,14380.0,10786.0,17981.5,14377.5,10784.5,4000.0,3000.0,2000.0,-9.125,0.5,-0.875,0.0,0.0,0.0,0.0,0.0,0.0,7199.0,0
3.793,17988.0,14383.0,10788.0,17985.5,14380.5,10786.5,3000.0,3000.0,2000.0,-9.375,0.5,-0.625,0.0,0.0,0.0,0.0,0.0,0.0,7200.0,0
3.794,17992.0,14386.0,10791.0,17988.5,14383.5,10788.5,4000.0,3000.0,3000.0,-8.625,0.5,-0.375,0.0,0.0,0.0,0.0,0.0,0.0,7201.0,0
3.795,17996.0,14389.0,10793.0,17992.5,14386.5,10791.5,4000.0,3000.0,2000.0,-8.875,0.5,-1.125,0.0,0.0,0.0,0.0,0.0,0.0,7203.0,0
3.7960000000000003,18000.0,14392.0,10795.0,17996.5,14389.5,10793.5,4000.0,3000.0,2000.0,-9.125,0.5,-0.875,0.0,0.0,0.0,0.0,0.0,0.0,7205.0,0
3.797,18003.0,14395.0,10797.0,18000.5,14392.5,10795.5,3000.0,3000.0,2000.0,-9.375,0.5,-0.625,0.0,0.0,0.0,0.0,0.0,0.0,7206.0,0
3.798,18007.0,14398.0,10800.0,18003.5,14395.5,10797.5,4000.0,3000.0,3000.0,-8.625,0.5,-0.375,0.0,0.0,0.0,0.0,0.0,0.0,7207.0,0
3.799,18011.0,14401.0,10802.0,18007.5,14398.5,10800.5,4000.0,3000.0,2000.0,-8.875,0.5,-1.125,0.0,0.0,0.0,0.0,0.0,0.0,7209.0,0
3.8000000000000003,18015.0,14404.0,10804.0,18011.5,14401.5,10802.5,4000.0,3000.0,2000.0,-9.125,0.5,-0.875,0.0,0.0,0.0,0.0,0.0,0.0,7211.0,0
3.801,18018.0,14407.0,10806.0,18015.5,14404.5,10804.5,3000.0,3000.0,2000.0,-9.375,0.5,-0.625,0.0,0.0,0.0,0.0,0.0,0.0,7212.0,0
3.802,18022.0,14410.0,10808.0,18018.5,14407.5,10806.5,4000.0,3000.0,2000.0,-8.625,0.5,-0.375,0.0,0.0,0.0,0.0,0.0,0.0,7214.0,0
3.803,18026.0,14413.0,10811.0,18022.5,14410.5,10808.5,4000.0,3000.0,3000.0,-8.875,0.5,-0.125,0.0,0.0,0.0,0.0,0.0,0.0,7215.0,0
3.8040000000000003,18029.0,14416.0,10813.0,18026.5,14413.5,10811.5,3000.0,3000.0,2000.0,-9.125,0.5,-0.875,0.0,0.0,0.0,0.0,0.0,0.0,7216.0,0
3.805,18033.0,14419.0,10815.0,18029.5,14416.5,10813.5,4000.0,3000.0,2000.0,-8.375,0.5,-0.625,0.0,0.0,0.0,0.0,0.0,0.0,7218.0,0
3.806,18037.0,14421.0,10817.0,18033.5,14419.5,10815.5,4000.0,2000.0,2000.0,-8.625,0.5,-0.375,0.0,0.0,0.0,0.0,0.0,0.0,7220.0,0
3.807,18040.0,14424.0,10820.0,18037.5,14421.5,10817.5,3000.0,3000.0,3000.0,-10.125,0.5,-0.875,0.0,0.0,0.0,0.0,0.0,0.0,7220.0,0
3.8080000000000003,18044.0,14427.0,10822.0,18040.5,14424.5,10820.5,4000.0,3000.0,2000.0,-9.375,0.5,-1.625,0.0,0.0,0.0,0.0,0.0,0.0,7222.0,0
3.809,18048.0,14430.0,10824.0,18044.5,14427.5,10822.5,4000.0,3000.0,2000.0,-9.625,0.5,-1.375,0.0,0.0,0.0,0.0,0.0,0.0,7224.0,0
3.81,18052.0,14433.0,10826.0,18048.5,14430.5,10824.5,4000.0,3000.0,2000.0,-9.875,0.5,-1.125,0.0,0.0,0.0,0.0,0.0,0.0,7226.0,0
3.811,18055.0,14436.0,10829.0,18052.5,14433.5,10826.5,3000.0,3000.0,3000.0,-10.125,0.5,-0.875,0.0,0.0,0.0,0.0,0.0,0.0,7226.0,0
3.8120000000000003,18059.0,14439.0,10831.0,18055.5,14436.5,10829.5,4000.0,3000.0,2000.0,-9.375,0.5,-1.625,0.0,0.0,0.0,0.0,0.0,0.0,7228.0,0
3.813,18063.0,14442.0,10833.0,18059.5,14439.5,10831.5,4000.0,3000.0,2000.0,-9.625,0.5,-1.375,0.0,0.0,0.0,0.0,0.0,0.0,7230.0,0
3.814,18066.0,14445.0,10835.0,18063.5,14442.5,10833.5,3000.0,3000.0,2000.0,-9.875,0.5,-1.125,0.0,0.0,0.0,0.0,0.0,0.0,7231.0,0
3.815,18070.0,14448.0,10838.0,18066.5,14445.5,10835.5,4000.0,3000.0,3000.0,-9.125,0.5,-0.875,0.0,0.0,0.0,0.0,0.0,0.0,7232.0,0
3.8160000000000003,18074.0,14451.0,10840.0,18070.5,14448.5,10838.5,4000.0,3000.0,2000.0,-9.375,0.5,-1.625,0.0,0.0,0.0,0.0,0.0,0.0,7234.0,0
3.817,18077.0,14454.0,10842.0,18074.5,14451.5,10840.5,3000.0,3000.0,2000.0,-9.625,0.5,-1.375,0.0,0.0,0.0,0.0,0.0,0.0,7235.0,0
3.818,18081.0,14457.0,10844.0,18077.5,14454.5,10842.5,4000.0,3000.0,2000.0,-8.875,0.5,-1.125,0.0,0.0,0.0,0.0,0.0,0.0,7237.0,0
3.819,18085.0,14460.0,10847.0,18081.5,14457.5,10844.5,4000.0,3000.0,3000.0,-9.125,0.5,-0.875,0.0,0.0,0.0,0.0,0.0,0.0,7238.0,0
3.8200000000000003,18089.0,14463.0,10849.0,18085.5,14460.5,10847.5,4000.0,3000.0,2000.0,-9.375,0.5,-1.625,0.0,0.0,0.0,0.0,0.0,0.0,7240.0,0
3.821,18092.0,14465.0,10851.0,18089.5,14463.5,10849.5,3000.0,2000.0,2000.0,-9.625,0.5,-1.375,0.0,0.0,0.0,0.0,0.0,0.0,7241.0,0
3.822,18096.0,14468.0,10853.0,18092.5,14465.5,10851.5,4000.0,3000.0,2000.0,-10.125,0.5,-1.875,0.0,0.0,0.0,0.0,0.0,0.0,7243.0,0
3.823,18099.0,14471.0,10855.0,18096.5,14468.5,10853.5,3000.0,3000.0,2000.0,-10.375,0.5,-1.625,0.0,0.0,0.0,0.0,0.0,0.0,7244.0,0
3.8240000000000003,18103.0,14474.0,10858.0,18099.5,14471.5,10855.5,4000.0,3000.0,3000.0,-9.625,0.5,-1.375,0.0,0.0,0.0,0.0,0.0,0.0,7245.0,0
3.825,18106.0,14477.0,10860.0,18103.5,14474.5,10858.5,3000.0,3000.0,2000.0,-9.875,0.5,-2.125,0.0,0.0,0.0,0.0,0.0,0.0,7246.0,0
3.826,18110.0,14480.0,10862.0,18106.5,14477.5,10860.5,4000.0,3000.0,2000.0,-9.125,0.5,-1.875,0.0,0.0,0.0,0.0,0.0,0.0,7248.0,0
3.827,18114.0,14483.0,10864.0,18110.5,14480.5,10862.5,4000.0,3000.0,2000.0,-9.375,0.5,-1.625,0.0,0.0,0.0,0.0,0.0,0.0,7250.0,0
3.8280000000000003,18117.0,14486.0,10867.0,18114.5,14483.5,10864.5,3000.0,3000.0,3000.0,-9.625,0.5,-1.375,0.0,0.0,0.0,0.0,0.0,0.0,7250.0,0
3.829,18121.0,14489.0,10869.0,18117.5,14486.5,10867.5,4000.0,3000.0,2000.0,-8.875,0.5,-2.125,0.0,0.0,0.0,0.0,0.0,0.0,7252.0,0
3.83,18125.0,14492.0,10871.0,18121.5,14489.5,10869.5,4000.0,3000.0,2000.0,-9.125,0.5,-1.875,0.0,0.0,0.0,0.0,0.0,0.0,7254.0,0
3.831,18128.0,14495.0,10873.0,18125.5,14492.5,10871.5,3000.0,3000.0,2000.0,-9.375,0.5,-1.625,0.0,0.0,0.0,0.0,0.0,0.0,7255.0,0
3.8320000000000003,18132.0,14498.0,10876.0,18128.5,14495.5,10873.5,4000.0,3000.0,3000.0,-8.625,0.5,-1.375,0.0,0.0,0.0,0.0,0.0,0.0,7256.0,0
3.833,18136.0,14501.0,10878.0,18132.5,14498.5,10876.5,4000.0,3000.0,2000.0,-8.875,0.5,-2.125,0.0,0.0,0.0,0.0,0.0,0.0,7258.0,0
3.834,18140.0,14504.0,10880.0,18136.5,14501.5,10878.5,4000.0,3000.0,2000.0,-9.125,0.5,-1.875,0.0,0.0,0.0,0.0,0.0,0.0,7260.0,0
3.835,18143.0,14507.0,10882.0,18140.5,14504.5,10880.5,3000.0,3000.0,2000.0,-9.375,0.5,-1.625,0.0,0.0,0.0,0.0,0.0,0.0,7261.0,0
3.8360000000000003,18147.0,14510.0,10885.0,18143.5,14507.5,10882.5,4000.0,3000.0,3000.0,-8.625,0.5,-1.375,0.0,0.0,0.0,0.0,0.0,0.0,7262.0,0
3.837,18151.0,14512.0,10887.0,18147.5,14510.5,10885.5,4000.0,2000.0,2000.0,-8.875,0.5,-2.125,0.0,0.0,0.0,0.0,0.0,0.0,7264.0,0
3.838,18154.0,14515.0,10889.0,18151.5,14512.5,10887.5,3000.0,3000.0,2000.0,-10.375,0.5,-2.625,0.0,0.0,0.0,0.0,0.0,0.0,7265.0,0
3.839,18158.0,14518.0,10891.0,18154.5,14515.5,10889.5,4000.0,3000.0,2000.0,-9.625,0.5,-2.375,0.0,0.0,0.0,0.0,0.0,0.0,7267.0,0
3.84,18162.0,14521.0,10894.0,18158.5,14518.5,10891.5,4000.0,3000.0,3000.0,-9.875,0.5,-2.125,0.0,0.0,0.0,0.0,0.0,0.0,7268.0,0
3.841,18165.0,14524.0,10896.0,18162.5,14521.5,10894.5,3000.0,3000.0,2000.0,-10.125,0.5,-2.875,0.0,0.0,0.0,0.0,0.0,0.0,7269.0,0
3.842,18169.0,14527.0,10898.0,18165.5,14524.5,10896.5,4000.0,3000.0,2000.0,-9.375,0.5,-2.625,0.0,0.0,0.0,0.0,0.0,0.0,7271.0,0
3.843,18172.0,14530.0,10900.0,18169.5,14527.5,10898.5,3000.0,3000.0,2000.0,-9.625,0.5,-2.375,0.0,0.0,0.0,0.0,0.0,0.0,7272.0,0
3.844,18176.0,14533.0,10902.0,18172.5,14530.5,10900.5,4000.0,3000.0,2000.0,-8.875,0.5,-2.125,0.0,0.0,0.0,0.0,0.0,0.0,7274.0,0
3.845,18180.0,14536.0,10905.0,18176.5,14533.5,10902.5,4000.0,3000.0,3000.0,-9.125,0.5,-1.875,0.0,0.0,0.0,0.0,0.0,0.0,7275.0,0
3.846,18184.0,14539.0,10907.0,18180.5,14536.5,10905.5,4000.0,3000.0,2000.0,-9.375,0.5,-2.625,0.0,0.0,0.0,0.0,0.0,0.0,7277.0,0
3.847,18187.0,14542.0,10909.0,18184.5,14539.5,10907.5,3000.0,3000.0,2000.0,-9.625,0.5,-2.375,0.0,0.0,0.0,0.0,0.0,0.0,7278.0,0
3.848,18191.0,14545.0,10911.0,18187.5,14542.5,10909.5,4000.0,3000.0,2000.0,-8.875,0.5,-2.125,0.0,0.0,0.0,0.0,0.0,0.0,7280.0,0
3.849,18195.0,14548.0,10914.0,18191.5,14545.5,10911.5,4000.0,3000.0,3000.0,-9.125,0.5,-1.875,0.0,0.0,0.0,0.0,0.0,0.0,7281.0,0
3.85,18198.0,14551.0,10916.0,18195.5,14548.5,10914.5,3000.0,3000.0,2000.0,-9.375,0.5,-2.625,0.0,0.0,0.0,0.0,0.0,0.0,7282.0,0
3.851,18202.0,14554.0,10918.0,18198.5,14551.5,10916.5,4000.0,3000.0,2000.0,-8.625,0.5,-2.375,0.0,0.0,0.0,0.0,0.0,0.0,7284.0,0
3.852,18206.0,14557.0,10920.0,18202.5,14554.5,10918.5,4000.0,3000.0,2000.0,-8.875,0.5,-2.125,0.0,0.0,0.0,0.0,0.0,0.0,7286.0,0
3.853,18209.0,14559.0,10923.0,18206.5,14557.5,10920.5,3000.0,2000.0,3000.0,-9.125,0.5,-1.875,0.0,0.0,0.0,0.0,0.0,0.0,7286.0,0
3.854,18213.0,14562.0,10925.0,18209.5,14559.5,10923.5,4000.0,3000.0,2000.0,-9.625,0.5,-3.375,0.0,0.0,0.0,0.0,0.0,0.0,7288.0,0
3.855,18217.0,14565.0,10927.0,18213.5,14562.5,10925.5,4000.0,3000.0,2000.0,-9.875,0.5,-3.125,0.0,0.0,0.0,0.0,0.0,0.0,7290.0,0
3.856,18220.0,14568.0,10929.0,18217.5,14565.5,10927.5,3000.0,3000.0,2000.0,-10.125,0.5,-2.875,0.0,0.0,0.0,0.0,0.0,0.0,7291.0,0
3.857,18224.0,14571.0,10932.0,18220.5,14568.5,10929.5,4000.0,3000.0,3000.0,-9.375,0.5,-2.625,0.0,0.0,0.0,0.0,0.0,0.0,7292.0,0
3.858,18228.0,14574.0,10934.0,18224.5,14571.5,10932.5,4000.0,3000.0,2000.0,-9.625,0.5,-3.375,0.0,0.0,0.0,0.0,0.0,0.0,7294.0,0
3.859,18231.0,14577.0,10936.0,18228.5,14574.5,10934.5,3000.0,3000.0,2000.0,-9.875,0.5,-3.125,0.0,0.0,0.0,0.0,0.0,0.0,7295.0,0
3.86,18235.0,14580.0,10938.0,18231.5,14577.5,10936.5,4000.0,3000.0,2000.0,-9.125,0.5,-2.875,0.0,0.0,0.0,0.0,0.0,0.0,7297.0,0
3.861,18239.0,14583.0,10941.0,18235.5,14580.5,10938.5,4000.0,3000.0,3000.0,-9.375,0.5,-2.625,0.0,0.0,0.0,0.0,0.0,0.0,7298.0,0
3.862,18242.0,14586.0,10943.0,18239.5,14583.5,10941.5,3000.0,3000.0,2000.0,-9.625,0.5,-3.375,0.0,0.0,0.0,0.0,0.0,0.0,7299.0,0
3.863,18246.0,14589.0,10945.0,18242.5,14586.5,10943.5,4000.0,3000.0,2000.0,-8.875,0.5,-3.125,0.0,0.0,0.0,0.0,0.0,0.0,7301.0,0
3.864,18250.0,14592.0,10947.0,18246.5,14589.5,10945.5,4000.0,3000.0,2000.0,-9.125,0.5,-2.875,0.0,0.0,0.0,0.0,0.0,0.0,7303.0,0
3.865,18253.0,14595.0,10949.0,18250.5,14592.5,10947.5,3000.0,3000.0,2000.0,-9.375,0.5,-2.625,0.0,0.0,0.0,0.0,0.0,0.0,7304.0,0
3.866,18257.0,14598.0,10952.0,18253.5,14595.5,10949.5,4000.0,3000.0,3000.0,-8.625,0.5,-2.375,0.0,0.0,0.0,0.0,0.0,0.0,7305.0,0
3.867,18261.0,14601.0,10954.0,18257.5,14598.5,10952.5,4000.0,3000.0,2000.0,-8.875,0.5,-3.125,0.0,0.0,0.0,0.0,0.0,0.0,7307.0,0
3.868,18264.0,14604.0,10956.0,18261.5,14601.5,10954.5,3000.0,3000.0,2000.0,-9.125,0.5,-2.875,0.0,0.0,0.0,0.0,0.0,0.0,7308.0,0
3.869,18268.0,14606.0,10958.0,18264.5,14604.5,10956.5,4000.0,2000.0,2000.0,-8.375,0.5,-2.625,0.0,0.0,0.0,0.0,0.0,0.0,7310.0,0
3.87,18272.0,14609.0,10961.0,18268.5,14606.5,10958.5,4000.0,3000.0,3000.0,-9.875,0.5,-3.125,0.0,0.0,0.0,0.0,0.0,0.0,7311.0,0
3.871,18275.0,14612.0,10963.0,18272.5,14609.5,10961.5,3000.0,3000.0,2000.0,-10.125,0.5,-3.875,0.0,0.0,0.0,0.0,0.0,0.0,7312.0,0
3.872,18279.0,14615.0,10965.0,18275.5,14612.5,10963.5,4000.0,3000.0,2000.0,-9.375,0.5,-3.625,0.0,0.0,0.0,0.0,0.0,0.0,7314.0,0
3.873,18283.0,14618.0,10967.0,18279.5,14615.5,10965.5,4000.0,3000.0,2000.0,-9.625,0.5,-3.375,0.0,0.0,0.0,0.0,0.0,0.0,7316.0,0
3.874,18286.0,14621.0,10970.0,18283.5,14618.5,10967.5,3000.0,3000.0,3000.0,-9.875,0.5,-3.125,0.0,0.0,0.0,0.0,0.0,0.0,7316.0,0
3.875,18290.0,14624.0,10972.0,18286.5,14621.5,10970.5,4000.0,3000.0,2000.0,-9.125,0.5,-3.875,0.0,0.0,0.0,0.0,0.0,0.0,7318.0,0
3.876,18294.0,14627.0,10974.0,18290.5,14624.5,10972.5,4000.0,3000.0,2000.0,-9.375,0.5,-3.625,0.0,0.0,0.0,0.0,0.0,0.0,7320.0,0
3.8770000000000002,18297.0,14630.0,10976.0,18294.5,14627.5,10974.5,3000.0,3000.0,2000.0,-9.625,0.5,-3.375,0.0,0.0,0.0,0.0,0.0,0.0,7321.0,0
3.878,18301.0,14633.0,10979.0,18297.5,14630.5,10976.5,4000.0,3000.0,3000.0,-8.875,0.5,-3.125,0.0,0.0,0.0,0.0,0.0,0.0,7322.0,0
3.879,18305.0,14636.0,10981.0,18301.5,14633.5,10979.5,4000.0,3000.0,2000.0,-9.125,0.5,-3.875,0.0,0.0,0.0,0.0,0.0,0.0,7324.0,0
3.88,18308.0,14639.0,10983.0,18305.5,14636.5,10981.5,3000.0,3000.0,2000.0,-9.375,0.5,-3.625,0.0,0.0,0.0,0.0,0.0,0.0,7325.0,0
3.8810000000000002,18312.0,14642.0,10985.0,18308.5,14639.5,10983.5,4000.0,3000.0,2000.0,-8.625,0.5,-3.375,0.0,0.0,0.0,0.0,0.0,0.0,7327.0,0
3.882,18316.0,14645.0,10988.0,18312.5,14642.5,10985.5,4000.0,3000.0,3000.0,-8.875,0.5,-3.125,0.0,0.0,0.0,0.0,0.0,0.0,7328.0,0
3.883,18319.0,14648.0,10990.0,18316.5,14645.5,10988.5,3000.0,3000.0,2000.0,-9.125,0.5,-3.875,0.0,0.0,0.0,0.0,0.0,0.0,7329.0,0
3.884,18323.0,14651.0,10992.0,18319.5,14648.5,10990.5,4000.0,3000.0,2000.0,-8.375,0.5,-3.625,0.0,0.0,0.0,0.0,0.0,0.0,7331.0,0
3.8850000000000002,18327.0,14653.0,10994.0,18323.5,14651.5,10992.5,4000.0,2000.0,2000.0,-8.625,0.5,-3.375,0.0,0.0,0.0,0.0,0.0,0.0,7333.0,0
3.886,18330.0,14656.0,10996.0,18327.5,14653.5,10994.5,3000.0,3000.0,2000.0,-10.125,0.5,-3.875,0.0,0.0,0.0,0.0,0.0,0.0,7334.0,0
3.887,18334.0,14659.0,10999.0,18330.5,14656.5,10996.5,4000.0,3000.0,3000.0,-9.375,0.5,-3.625,0.0,0.0,0.0,0.0,0.0,0.0,7335.0,0
3.888,18337.0,14662.0,11001.0,18334.5,14659.5,10999.5,3000.0,3000.0,2000.0,-9.625,0.5,-4.375,0.0,0.0,0.0,0.0,0.0,0.0,7336.0,0
3.8890000000000002,18341.0,14665.0,11003.0,18337.5,14662.5,11001.5,4000.0,3000.0,2000.0,-8.875,0.5,-4.125,0.0,0.0,0.0,0.0,0.0,0.0,7338.0,0
3.89,18345.0,14668.0,11005.0,18341.5,14665.5,11003.5,4000.0,3000.0,2000.0,-9.125,0.5,-3.875,0.0,0.0,0.0,0.0,0.0,0.0,7340.0,0
3.891,18348.0,14671.0,11008.0,18345.5,14668.5,11005.5,3000.0,3000.0,3000.0,-9.375,0.5,-3.625,0.0,0.0,0.0,0.0,0.0,0.0,7340.0,0
3.892,18352.0,14674.0,11010.0,18348.5,14671.5,11008.5,4000.0,3000.0,2000.0,-8.625,0.5,-4.375,0.0,0.0,0.0,0.0,0.0,0.0,7342.0,0
3.8930000000000002,18356.0,14677.0,11012.0,18352.5,14674.5,11010.5,4000.0,3000.0,2000.0,-8.875,0.5,-4.125,0.0,0.0,0.0,0.0,0.0,0.0,7344.0,0
3.894,18359.0,14680.0,11014.0,18356.5,14677.5,11012.5,3000.0,3000.0,2000.0,-9.125,0.5,-3.875,0.0,0.0,0.0,0.0,0.0,0.0,7345.0,0
3.895,18363.0,14683.0,11017.0,18359.5,14680.5,11014.5,4000.0,3000.0,3000.0,-8.375,0.5,-3.625,0.0,0.0,0.0,0.0,0.0,0.0,7346.0,0
3.896,18367.0,14686.0,11019.0,18363.5,14683.5,11017.5,4000.0,3000.0,2000.0,-8.625,0.5,-4.375,0.0,0.0,0.0,0.0,0.0,0.0,7348.0,0
3.8970000000000002,18370.0,14689.0,11021.0,18367.5,14686.5,11019.5,3000.0,3000.0,2000.0,-8.875,0.5,-4.125,0.0,0.0,0.0,0.0,0.0,0.0,7349.0,0
3.898,18374.0,14692.0,11023.0,18370.5,14689.5,11021.5,4000.0,3000.0,2000.0,-8.125,0.5,-3.875,0.0,0.0,0.0,0.0,0.0,0.0,7351.0,0
3.899,18378.0,14695.0,11026.0,18374.5,14692.5,11023.5,4000.0,3000.0,3000.0,-8.375,0.5,-3.625,0.0,0.0,0.0,0.0,0.0,0.0,7352.0,0
3.9,18381.0,14697.0,11028.0,18378.5,14695.5,11026.5,3000.0,2000.0,2000.0,-8.625,0.5,-4.375,0.0,0.0,0.0,0.0,0.0,0.0,7353.0,0
3.9010000000000002,18385.0,14700.0,11030.0,18381.5,14697.5,11028.5,4000.0,3000.0,2000.0,-9.125,0.5,-4.875,0.0,0.0,0.0,0.0,0.0,0.0,7355.0,0
3.902,18389.0,14703.0,11032.0,18385.5,14700.5,11030.5,4000.0,3000.0,2000.0,-9.375,0.5,-4.625,0.0,0.0,0.0,0.0,0.0,0.0,7357.0,0
3.903,18393.0,14706.0,11035.0,18389.5,14703.5,11032.5,4000.0,3000.0,3000.0,-9.625,0.5,-4.375,0.0,0.0,0.0,0.0,0.0,0.0,7358.0,0
3.904,18396.0,14709.0,11037.0,18393.5,14706.5,11035.5,3000.0,3000.0,2000.0,-9.875,0.5,-5.125,0.0,0.0,0.0,0.0,0.0,0.0,7359.0,0
3.9050000000000002,18400.0,14712.0,11039.0,18396.5,14709.5,11037.5,4000.0,3000.0,2000.0,-9.125,0.5,-4.875,0.0,0.0,0.0,0.0,0.0,0.0,7361.0,0
3.906,18404.0,14715.0,11041.0,18400.5,14712.5,11039.5,4000.0,3000.0,2000.0,-9.375,0.5,-4.625,0.0,0.0,0.0,0.0,0.0,0.0,7363.0,0
3.907,18407.0,14718.0,11043.0,18404.5,14715.5,11041.5,3000.0,3000.0,2000.0,-9.625,0.5,-4.375,0.0,0.0,0.0,0.0,0.0,0.0,7364.0,0
3.908,18411.0,14721.0,11046.0,18407.5,14718.5,11043.5,4000.0,3000.0,3000.0,-8.875,0.5,-4.125,0.0,0.0,0.0,0.0,0.0,0.0,7365.0,0
3.9090000000000003,18415.0,14724.0,11048.0,18411.5,14721.5,11046.5,4000.0,3000.0,2000.0,-9.125,0.5,-4.875,0.0,0.0,0.0,0.0,0.0,0.0,7367.0,0
3.91,18418.0,14727.0,11050.0,18415.5,14724.5,11048.5,3000.0,3000.0,2000.0,-9.375,0.5,-4.625,0.0,0.0,0.0,0.0,0.0,0.0,7368.0,0
3.911,18422.0,14730.0,11052.0,18418.5,14727.5,11050.5,4000.0,3000.0,2000.0,-8.625,0.5,-4.375,0.0,0.0,0.0,0.0,0.0,0.0,7370.0,0
3.912,18426.0,14733.0,11055.0,18422.5,14730.5,11052.5,4000.0,3000.0,3000.0,-8.875,0.5,-4.125,0.0,0.0,0.0,0.0,0.0,0.0,7371.0,0
3.9130000000000003,18429.0,14736.0,11057.0,18426.5,14733.5,11055.5,3000.0,3000.0,2000.0,-9.125,0.5,-4.875,0.0,0.0,0.0,0.0,0.0,0.0,7372.0,0
3.914,18433.0,14739.0,11059.0,18429.5,14736.5,11057.5,4000.0,3000.0,2000.0,-8.375,0.5,-4.625,0.0,0.0,0.0,0.0,0.0,0.0,7374.0,0
3.915,18437.0,14742.0,11061.0,18433.5,14739.5,11059.5,4000.0,3000.0,2000.0,-8.625,0.5,-4.375,0.0,0.0,0.0,0.0,0.0,0.0,7376.0,0
3.916,18440.0,14744.0,11064.0,18437.5,14742.5,11061.5,3000.0,2000.0,3000.0,-8.875,0.5,-4.125,0.0,0.0,0.0,0.0,0.0,0.0,7376.0,0
3.9170000000000003,18444.0,14747.0,11066.0,18440.5,14744.5,11064.5,4000.0,3000.0,2000.0,-9.375,0.5,-5.625,0.0,0.0,0.0,0.0,0.0,0.0,7378.0,0
3.918,18448.0,14750.0,11068.0,18444.5,14747.5,11066.5,4000.0,3000.0,2000.0,-9.625,0.5,-5.375,0.0,0.0,0.0,0.0,0.0,0.0,7380.0,0
3.919,18451.0,14753.0,11070.0,18448.5,14750.5,11068.5,3000.0,3000.0,2000.0,-9.875,0.5,-5.125,0.0,0.0,0.0,0.0,0.0,0.0,7381.0,0
3.92,18455.0,14756.0,11073.0,18451.5,14753.5,11070.5,4000.0,3000.0,3000.0,-9.125,0.5,-4.875,0.0,0.0,0.0,0.0,0.0,0.0,7382.0,0
3.9210000000000003,18459.0,14759.0,11075.0,18455.5,14756.5,11073.5,4000.0,3000.0,2000.0,-9.375,0.5,-5.625,0.0,0.0,0.0,0.0,0.0,0.0,7384.0,0
3.922,18462.0,14762.0,11077.0,18459.5,14759.5,11075.5,3000.0,3000.0,2000.0,-9.625,0.5,-5.375,0.0,0.0,0.0,0.0,0.0,0.0,7385.0,0
3.923,18466.0,14765.0,11079.0,18462.5,14762.5,11077.5,4000.0,3000.0,2000.0,-8.875,0.5,-5.125,0.0,0.0,0.0,0.0,0.0,0.0,7387.0,0
3.924,18470.0,14768.0,11082.0,18466.5,14765.5,11079.5,4000.0,3000.0,3000.0,-9.125,0.5,-4.875,0.0,0.0,0.0,0.0,0.0,0.0,7388.0,0
3.9250000000000003,18473.0,14771.0,11084.0,18470.5,14768.5,11082.5,3000.0,3000.0,2000.0,-9.375,0.5,-5.625,0.0,0.0,0.0,0.0,0.0,0.0,7389.0,0
3.926,18477.0,14774.0,11086.0,18473.5,14771.5,11084.5,4000.0,3000.0,2000.0,-8.625,0.5,-5.375,0.0,0.0,0.0,0.0,0.0,0.0,7391.0,0
3.927,18481.0,14777.0,11088.0,18477.5,14774.5,11086.5,4000.0,3000.0,2000.0,-8.875,0.5,-5.125,0.0,0.0,0.0,0.0,0.0,0.0,7393.0,0
3.928,18484.0,14780.0,11090.0,18481.5,14777.5,11088.5,3000.0,3000.0,2000.0,-9.125,0.5,-4.875,0.0,0.0,0.0,0.0,0.0,0.0,7394.0,0
3.9290000000000003,18488.0,14783.0,11093.0,18484.5,14780.5,11090.5,4000.0,3000.0,3000.0,-8.375,0.5,-4.625,0.0,0.0,0.0,0.0,0.0,0.0,7395.0,0
3.93,18492.0,14786.0,11095.0,18488.5,14783.5,11093.5,4000.0,3000.0,2000.0,-8.625,0.5,-5.375,0.0,0.0,0.0,0.0,0.0,0.0,7397.0,0
3.931,18495.0,14789.0,11097.0,18492.5,14786.5,11095.5,3000.0,3000.0,2000.0,-8.875,0.5,-5.125,0.0,0.0,0.0,0.0,0.0,0.0,7398.0,0
3.932,18499.0,14791.0,11099.0,18495.5,14789.5,11097.5,4000.0,2000.0,2000.0,-8.125,0.5,-4.875,0.0,0.0,0.0,0.0,0.0,0.0,7400.0,0
3.9330000000000003,18503.0,14794.0,11102.0,18499.5,14791.5,11099.5,4000.0,3000.0,3000.0,-9.625,0.5,-5.375,0.0,0.0,0.0,0.0,0.0,0.0,7401.0,0
3.934,18506.0,14797.0,11104.0,18503.5,14794.5,11102.5,3000.0,3000.0,2000.0,-9.875,0.5,-6.125,0.0,0.0,0.0,0.0,0.0,0.0,7402.0,0
3.935,18510.0,14800.0,11106.0,18506.5,14797.5,11104.5,4000.0,3000.0,2000.0,-9.125,0.5,-5.875,0.0,0.0,0.0,0.0,0.0,0.0,7404.0,0
3.936,18514.0,14803.0,11108.0,18510.5,14800.5,11106.5,4000.0,3000.0,2000.0,-9.375,0.5,-5.625,0.0,0.0,0.0,0.0,0.0,0.0,7406.0,0
3.9370000000000003,18517.0,14806.0,11111.0,18514.5,14803.5,11108.5,3000.0,3000.0,3000.0,-9.625,0.5,-5.375,0.0,0.0,0.0,0.0,0.0,0.0,7406.0,0
3.938,18521.0,14809.0,11113.0,18517.5,14806.5,11111.5,4000.0,3000.0,2000.0,-8.875,0.5,-6.125,0.0,0.0,0.0,0.0,0.0,0.0,7408.0,0
3.939,18525.0,14812.0,11115.0,18521.5,14809.5,11113.5,4000.0,3000.0,2000.0,-9.125,0.5,-5.875,0.0,0.0,0.0,0.0,0.0,0.0,7410.0,0
3.94,18528.0,14815.0,11117.0,18525.5,14812.5,11115.5,3000.0,3000.0,2000.0,-9.375,0.5,-5.625,0.0,0.0,0.0,0.0,0.0,0.0,7411.0,0
3.9410000000000003,18532.0,14818.0,11120.0,18528.5,14815.5,11117.5,4000.0,3000.0,3000.0,-8.625,0.5,-5.375,0.0,0.0,0.0,0.0,0.0,0.0,7412.0,0
3.942,18536.0,14821.0,11122.0,18532.5,14818.5,11120.5,4000.0,3000.0,2000.0,-8.875,0.5,-6.125,0.0,0.0,0.0,0.0,0.0,0.0,7414.0,0
3.943,18539.0,14824.0,11124.0,18536.5,14821.5,11122.5,3000.0,3000.0,2000.0,-9.125,0.5,-5.875,0.0,0.0,0.0,0.0,0.0,0.0,7415.0,0
3.944,18543.0,14827.0,11126.0,18539.5,14824.5,11124.5,4000.0,3000.0,2000.0,-8.375,0.5,-5.625,0.0,0.0,0.0,0.0,0.0,0.0,7417.0,0
3.9450000000000003,18547.0,14830.0,11129.0,18543.5,14827.5,11126.5,4000.0,3000.0,3000.0,-8.625,0.5,-5.375,0.0,0.0,0.0,0.0,0.0,0.0,7418.0,0
3.946,18550.0,14833.0,11131.0,18547.5,14830.5,11129.5,3000.0,3000.0,2000.0,-8.875,0.5,-6.125,0.0,0.0,0.0,0.0,0.0,0.0,7419.0,0
3.947,18554.0,14836.0,11133.0,18550.5,14833.5,11131.5,4000.0,3000.0,2000.0,-8.125,0.5,-5.875,0.0,0.0,0.0,0.0,0.0,0.0,7421.0,0
3.948,18558.0,14838.0,11135.0,18554.5,14836.5,11133.5,4000.0,2000.0,2000.0,-8.375,0.5,-5.625,0.0,0.0,0.0,0.0,0.0,0.0,7423.0,0
3.9490000000000003,18561.0,14841.0,11137.0,18558.5,14838.5,11135.5,3000.0,3000.0,2000.0,-9.875,0.5,-6.125,0.0,0.0,0.0,0.0,0.0,0.0,7424.0,0
3.95,18565.0,14844.0,11140.0,18561.5,14841.5,11137.5,4000.0,3000.0,3000.0,-9.125,0.5,-5.875,0.0,0.0,0.0,0.0,0.0,0.0,7425.0,0
3.951,18569.0,14847.0,11142.0,18565.5,14844.5,11140.5,4000.0,3000.0,2000.0,-9.375,0.5,-6.625,0.0,0.0,0.0,0.0,0.0,0.0,7427.0,0
3.952,18572.0,14850.0,11144.0,18569.5,14847.5,11142.5,3000.0,3000.0,2000.0,-9.625,0.5,-6.375,0.0,0.0,0.0,0.0,0.0,0.0,7428.0,0
3.9530000000000003,18576.0,14853.0,11146.0,18572.5,14850.5,11144.5,4000.0,3000.0,2000.0,-8.875,0.5,-6.125,0.0,0.0,0.0,0.0,0.0,0.0,7430.0,0
3.954,18580.0,14856.0,11149.0,18576.5,14853.5,11146.5,4000.0,3000.0,3000.0,-9.125,0.5,-5.875,0.0,0.0,0.0,0.0,0.0,0.0,7431.0,0
3.955,18583.0,14859.0,11151.0,18580.5,14856.5,11149.5,3000.0,3000.0,2000.0,-9.375,0.5,-6.625,0.0,0.0,0.0,0.0,0.0,0.0,7432.0,0
3.956,18587.0,14862.0,11153.0,18583.5,14859.5,11151.5,4000.0,3000.0,2000.0,-8.625,0.5,-6.375,0.0,0.0,0.0,0.0,0.0,0.0,7434.0,0
3.9570000000000003,18591.0,14865.0,11155.0,18587.5,14862.5,11153.5,4000.0,3000.0,2000.0,-8.875,0.5,-6.125,0.0,0.0,0.0,0.0,0.0,0.0,7436.0,0
3.958,18594.0,14868.0,11158.0,18591.5,14865.5,11155.5,3000.0,3000.0,3000.0,-9.125,0.5,-5.875,0.0,0.0,0.0,0.0,0.0,0.0,7436.0,0
3.959,18598.0,14871.0,11160.0,18594.5,14868.5,11158.5,4000.0,3000.0,2000.0,-8.375,0.5,-6.625,0.0,0.0,0.0,0.0,0.0,0.0,7438.0,0
3.96,18602.0,14874.0,11162.0,18598.5,14871.5,11160.5,4000.0,3000.0,2000.0,-8.625,0.5,-6.375,0.0,0.0,0.0,0.0,0.0,0.0,7440.0,0
3.9610000000000003,18605.0,14877.0,11164.0,18602.5,14874.5,11162.5,3000.0,3000.0,2000.0,-8.875,0.5,-6.125,0.0,0.0,0.0,0.0,0.0,0.0,7441.0,0
3.962,18609.0,14880.0,11167.0,18605.5,14877.5,11164.5,4000.0,3000.0,3000.0,-8.125,0.5,-5.875,0.0,0.0,0.0,0.0,0.0,0.0,7442.0,0
3.963,18613.0,14882.0,11169.0,18609.5,14880.5,11167.5,4000.0,2000.0,2000.0,-8.375,0.5,-6.625,0.0,0.0,0.0,0.0,0.0,0.0,7444.0,0
3.964,18616.0,14885.0,11171.0,18613.5,14882.5,11169.5,3000.0,3000.0,2000.0,-9.875,0.5,-7.125,0.0,0.0,0.0,0.0,0.0,0.0,7445.0,0
3.9650000000000003,18620.0,14888.0,11173.0,18616.5,14885.5,11171.5,4000.0,3000.0,2000.0,-9.125,0.5,-6.875,0.0,0.0,0.0,0.0,0.0,0.0,7447.0,0
3.966,18624.0,14891.0,11176.0,18620.5,14888.5,11173.5,4000.0,3000.0,3000.0,-9.375,0.5,-6.625,0.0,0.0,0.0,0.0,0.0,0.0,7448.0,0
3.967,18627.0,14894.0,11178.0,18624.5,14891.5,11176.5,3000.0,3000.0,2000.0,-9.625,0.5,-7.375,0.0,0.0,0.0,0.0,0.0,0.0,7449.0,0
3.968,18631.0,14897.0,11180.0,18627.5,14894.5,11178.5,4000.0,3000.0,2000.0,-8.875,0.5,-7.125,0.0,0.0,0.0,0.0,0.0,0.0,7451.0,0
3.969,18635.0,14900.0,11182.0,18631.5,14897.5,11180.5,4000.0,3000.0,2000.0,-9.125,0.5,-6.875,0.0,0.0,0.0,0.0,0.0,0.0,7453.0,0
3.97,18638.0,14903.0,11184.0,18635.5,14900.5,11182.5,3000.0,3000.0,2000.0,-9.375,0.5,-6.625,0.0,0.0,0.0,0.0,0.0,0.0,7454.0,0
3.971,18642.0,14906.0,11187.0,18638.5,14903.5,11184.5,4000.0,3000.0,3000.0,-8.625,0.5,-6.375,0.0,0.0,0.0,0.0,0.0,0.0,7455.0,0
3.972,18646.0,14909.0,11189.0,18642.5,14906.5,11187.5,4000.0,3000.0,2000.0,-8.875,0.5,-7.125,0.0,0.0,0.0,0.0,0.0,0.0,7457.0,0
3.973,18649.0,14912.0,11191.0,18646.5,14909.5,11189.5,3000.0,3000.0,2000.0,-9.125,0.5,-6.875,0.0,0.0,0.0,0.0,0.0,0.0,7458.0,0
3.974,18653.0,14915.0,11193.0,18649.5,14912.5,11191.5,4000.0,3000.0,2000.0,-8.375,0.5,-6.625,0.0,0.0,0.0,0.0,0.0,0.0,7460.0,0
3.975,18657.0,14918.0,11196.0,18653.5,14915.5,11193.5,4000.0,3000.0,3000.0,-8.625,0.5,-6.375,0.0,0.0,0.0,0.0,0.0,0.0,7461.0,0
3.976,18660.0,14921.0,11198.0,18657.5,14918.5,11196.5,3000.0,3000.0,2000.0,-8.875,0.5,-7.125,0.0,0.0,0.0,0.0,0.0,0.0,7462.0,0
3.977,18664.0,14924.0,11200.0,18660.5,14921.5,11198.5,4000.0,3000.0,2000.0,-8.125,0.5,-6.875,0.0,0.0,0.0,0.0,0.0,0.0,7464.0,0
3.978,18668.0,14927.0,11202.0,18664.5,14924.5,11200.5,4000.0,3000.0,2000.0,-8.375,0.5,-6.625,0.0,0.0,0.0,0.0,0.0,0.0,7466.0,0
3.979,18671.0,14929.0,11205.0,18668.5,14927.5,11202.5,3000.0,2000.0,3000.0,-8.625,0.5,-6.375,0.0,0.0,0.0,0.0,0.0,0.0,7466.0,0
3.98,18675.0,14932.0,11207.0,18671.5,14929.5,11205.5,4000.0,3000.0,2000.0,-9.125,0.5,-7.875,0.0,0.0,0.0,0.0,0.0,0.0,7468.0,0
3.981,18679.0,14935.0,11209.0,18675.5,14932.5,11207.5,4000.0,3000.0,2000.0,-9.375,0.5,-7.625,0.0,0.0,0.0,0.0,0.0,0.0,7470.0,0
3.982,18682.0,14938.0,11211.0,18679.5,14935.5,11209.5,3000.0,3000.0,2000.0,-9.625,0.5,-7.375,0.0,0.0,0.0,0.0,0.0,0.0,7471.0,0
3.983,18686.0,14941.0,11214.0,18682.5,14938.5,11211.5,4000.0,3000.0,3000.0,-8.875,0.5,-7.125,0.0,0.0,0.0,0.0,0.0,0.0,7472.0,0
3.984,18690.0,14944.0,11216.0,18686.5,14941.5,11214.5,4000.0,3000.0,2000.0,-9.125,0.5,-7.875,0.0,0.0,0.0,0.0,0.0,0.0,7474.0,0
3.985,18693.0,14947.0,11218.0,18690.5,14944.5,11216.5,3000.0,3000.0,2000.0,-9.375,0.5,-7.625,0.0,0.0,0.0,0.0,0.0,0.0,7475.0,0
3.986,18697.0,14950.0,11220.0,18693.5,14947.5,11218.5,4000.0,3000.0,2000.0,-8.625,0.5,-7.375,0.0,0.0,0.0,0.0,0.0,0.0,7477.0,0
3.987,18701.0,14953.0,11223.0,18697.5,14950.5,11220.5,4000.0,3000.0,3000.0,-8.875,0.5,-7.125,0.0,0.0,0.0,0.0,0.0,0.0,7478.0,0
3.988,18704.0,14956.0,11225.0,18701.5,14953.5,11223.5,3000.0,3000.0,2000.0,-9.125,0.5,-7.875,0.0,0.0,0.0,0.0,0.0,0.0,7479.0,0
3.989,18708.0,14959.0,11227.0,18704.5,14956.5,11225.5,4000.0,3000.0,2000.0,-8.375,0.5,-7.625,0.0,0.0,0.0,0.0,0.0,0.0,7481.0,0
3.99,18712.0,14962.0,11229.0,18708.5,14959.5,11227.5,4000.0,3000.0,2000.0,-8.625,0.5,-7.375,0.0,0.0,0.0,0.0,0.0,0.0,7483.0,0
3.991,18715.0,14965.0,11232.0,18712.5,14962.5,11229.5,3000.0,3000.0,3000.0,-8.875,0.5,-7.125,0.0,0.0,0.0,0.0,0.0,0.0,7483.0,0
3.992,18719.0,14968.0,11234.0,18715.5,14965.5,11232.5,4000.0,3000.0,2000.0,-8.125,0.5,-7.875,0.0,0.0,0.0,0.0,0.0,0.0,7485.0,0
3.993,18723.0,14971.0,11236.0,18719.5,14968.5,11234.5,4000.0,3000.0,2000.0,-8.375,0.5,-7.625,0.0,0.0,0.0,0.0,0.0,0.0,7487.0,0
3.994,18726.0,14974.0,11238.0,18723.5,14971.5,11236.5,3000.0,3000.0,2000.0,-8.625,0.5,-7.375,0.0,0.0,0.0,0.0,0.0,0.0,7488.0,0
3.995,18730.0,14976.0,11240.0,18726.5,14974.5,11238.5,4000.0,2000.0,2000.0,-7.875,0.5,-7.125,0.0,0.0,0.0,0.0,0.0,0.0,7490.0,0
3.996,18734.0,14979.0,11243.0,18730.5,14976.5,11240.5,4000.0,3000.0,3000.0,-9.375,0.5,-7.625,0.0,0.0,0.0,0.0,0.0,0.0,7491.0,0
3.997,18737.0,14982.0,11245.0,18734.5,14979.5,11243.5,3000.0,3000.0,2000.0,-9.625,0.5,-8.375,0.0,0.0,0.0,0.0,0.0,0.0,7492.0,0
3.998,18741.0,14985.0,11247.0,18737.5,14982.5,11245.5,4000.0,3000.0,2000.0,-8.875,0.5,-8.125,0.0,0.0,0.0,0.0,0.0,0.0,7494.0,0
3.999,18745.0,14988.0,11249.0,18741.5,14985.5,11247.5,4000.0,3000.0,2000.0,-9.125,0.5,-7.875,0.0,0.0,0.0,0.0,0.0,0.0,7496.0,0
4.0,18748.0,14991.0,11252.0,18745.5,14988.5,11249.5,3000.0,3000.0,3000.0,-9.375,0.5,-7.625,0.0,0.0,0.0,0.0,0.0,0.0,7496.0,0
4.001,18752.0,14994.0,11254.0,18748.5,14991.5,11252.5,4000.0,3000.0,2000.0,-8.625,0.5,-8.375,0.0,0.0,0.0,0.0,0.0,0.0,7498.0,0
4.002,18756.0,14997.0,11256.0,18752.5,14994.5,11254.5,4000.0,3000.0,2000.0,-8.875,0.5,-8.125,0.0,0.0,0.0,0.0,0.0,0.0,7500.0,0
4.003,18759.0,15000.0,11258.0,18756.5,14997.5,11256.5,3000.0,3000.0,2000.0,-9.125,0.5,-7.875,0.0,0.0,0.0,0.0,0.0,0.0,7501.0,0
4.0040000000000004,18763.0,15003.0,11261.0,18759.5,15000.5,11258.5,4000.0,3000.0,3000.0,-8.375,0.5,-7.625,0.0,0.0,0.0,0.0,0.0,0.0,7502.0,0
4.005,18767.0,15006.0,11263.0,18763.5,15003.5,11261.5,4000.0,3000.0,2000.0,-8.625,0.5,-8.375,0.0,0.0,0.0,0.0,0.0,0.0,7504.0,0
4.006,18770.0,15009.0,11265.0,18767.5,15006.5,11263.5,3000.0,3000.0,2000.0,-8.875,0.5,-8.125,0.0,0.0,0.0,0.0,0.0,0.0,7505.0,0
4.007,18774.0,15012.0,11267.0,18770.5,15009.5,11265.5,4000.0,3000.0,2000.0,-8.125,0.5,-7.875,0.0,0.0,0.0,0.0,0.0,0.0,7507.0,0
4.008,18778.0,15015.0,11270.0,18774.5,15012.5,11267.5,4000.0,3000.0,3000.0,-8.375,0.5,-7.625,0.0,0.0,0.0,0.0,0.0,0.0,7508.0,0
4.009,18781.0,15018.0,11272.0,18778.5,15015.5,11270.5,3000.0,3000.0,2000.0,-8.625,0.5,-8.375,0.0,0.0,0.0,0.0,0.0,0.0,7509.0,0
4.01,18785.0,15021.0,11274.0,18781.5,15018.5,11272.5,4000.0,3000.0,2000.0,-7.875,0.5,-8.125,0.0,0.0,0.0,0.0,0.0,0.0,7511.0,0
4.011,18789.0,15023.0,11276.0,18785.5,15021.5,11274.5,4000.0,2000.0,2000.0,-8.125,0.5,-7.875,0.0,0.0,0.0,0.0,0.0,0.0,7513.0,0
4.0120000000000005,18792.0,15026.0,11279.0,18789.5,15023.5,11276.5,3000.0,3000.0,3000.0,-9.625,0.5,-8.375,0.0,0.0,0.0,0.0,0.0,0.0,7513.0,0
4.013,18796.0,15029.0,11281.0,18792.5,15026.5,11279.5,4000.0,3000.0,2000.0,-8.875,0.5,-9.125,0.0,0.0,0.0,0.0,0.0,0.0,7515.0,0
4.014,18800.0,15032.0,11283.0,18796.5,15029.5,11281.5,4000.0,3000.0,2000.0,-9.125,0.5,-8.875,0.0,0.0,0.0,0.0,0.0,0.0,7517.0,0
4.015,18803.0,15035.0,11285.0,18800.5,15032.5,11283.5,3000.0,3000.0,2000.0,-9.375,0.5,-8.625,0.0,0.0,0.0,0.0,0.0,0.0,7518.0,0
4.016,18807.0,15038.0,11287.0,18803.5,15035.5,11285.5,4000.0,3000.0,2000.0,-8.625,0.5,-8.375,0.0,0.0,0.0,0.0,0.0,0.0,7520.0,0
4.017,18811.0,15041.0,11290.0,18807.5,15038.5,11287.5,4000.0,3000.0,3000.0,-8.875,0.5,-8.125,0.0,0.0,0.0,0.0,0.0,0.0,7521.0,0
4.018,18814.0,15044.0,11292.0,18811.5,15041.5,11290.5,3000.0,3000.0,2000.0,-9.125,0.5,-8.875,0.0,0.0,0.0,0.0,0.0,0.0,7522.0,0
4.019,18818.0,15047.0,11294.0,18814.5,15044.5,11292.5,4000.0,3000.0,2000.0,-8.375,0.5,-8.625,0.0,0.0,0.0,0.0,0.0,0.0,7524.0,0
4.0200000000000005,18822.0,15050.0,11296.0,18818.5,15047.5,11294.5,4000.0,3000.0,2000.0,-8.625,0.5,-8.375,0.0,0.0,0.0,0.0,0.0,0.0,7526.0,0
4.021,18825.0,15053.0,11299.0,18822.5,15050.5,11296.5,3000.0,3000.0,3000.0,-8.875,0.5,-8.125,0.0,0.0,0.0,0.0,0.0,0.0,7526.0,0
4.022,18829.0,15056.0,11301.0,18825.5,15053.5,11299.5,4000.0,3000.0,2000.0,-8.125,0.5,-8.875,0.0,0.0,0.0,0.0,0.0,0.0,7528.0,0
4.023,18833.0,15059.0,11303.0,18829.5,15056.5,11301.5,4000.0,3000.0,2000.0,-8.375,0.5,-8.625,0.0,0.0,0.0,0.0,0.0,0.0,7530.0,0
4.024,18836.0,15062.0,11305.0,18833.5,15059.5,11303.5,3000.0,3000.0,2000.0,-8.625,0.5,-8.375,0.0,0.0,0.0,0.0,0.0,0.0,7531.0,0
4.025,18840.0,15065.0,11308.0,18836.5,15062.5,11305.5,4000.0,3000.0,3000.0,-7.875,0.5,-8.125,0.0,0.0,0.0,0.0,0.0,0.0,7532.0,0
4.026,18844.0,15067.0,11310.0,18840.5,15065.5,11308.5,4000.0,2000.0,2000.0,-8.125,0.5,-8.875,0.0,0.0,0.0,0.0,0.0,0.0,7534.0,0
4.027,18847.0,15070.0,11312.0,18844.5,15067.5,11310.5,3000.0,3000.0,2000.0,-9.625,0.5,-9.375,0.0,0.0,0.0,0.0,0.0,0.0,7535.0,0
4.0280000000000005,18851.0,15073.0,11314.0,18847.5,15070.5,11312.5,4000.0,3000.0,2000.0,-8.875,0.5,-9.125,0.0,0.0,0.0,0.0,0.0,0.0,7537.0,0
4.029,18855.0,15076.0,11317.0,18851.5,15073.5,11314.5,4000.0,3000.0,3000.0,-9.125,0.5,-8.875,0.0,0.0,0.0,0.0,0.0,0.0,7538.0,0
4.03,18858.0,15079.0,11319.0,18855.5,15076.5,11317.5,3000.0,3000.0,2000.0,-9.375,0.5,-9.625,0.0,0.0,0.0,0.0,0.0,0.0,7539.0,0
4.031,18862.0,15082.0,11321.0,18858.5,15079.5,11319.5,4000.0,3000.0,2000.0,-8.625,0.5,-9.375,0.0,0.0,0.0,0.0,0.0,0.0,7541.0,0
4.032,18866.0,15085.0,11323.0,18862.5,15082.5,11321.5,4000.0,3000.0,2000.0,-8.875,0.5,-9.125,0.0,0.0,0.0,0.0,0.0,0.0,7543.0,0
4.033,18869.0,15088.0,11326.0,18866.5,15085.5,11323.5,3000.0,3000.0,3000.0,-9.125,0.5,-8.875,0.0,0.0,0.0,0.0,0.0,0.0,7543.0,0
4.034,18873.0,15091.0,11328.0,18869.5,15088.5,11326.5,4000.0,3000.0,2000.0,-8.375,0.5,-9.625,0.0,0.0,0.0,0.0,0.0,0.0,7545.0,0
4.035,18877.0,15094.0,11330.0,18873.5,15091.5,11328.5,4000.0,3000.0,2000.0,-8.625,0.5,-9.375,0.0,0.0,0.0,0.0,0.0,0.0,7547.0,0
4.0360000000000005,18880.0,15097.0,11332.0,18877.5,15094.5,11330.5,3000.0,3000.0,2000.0,-8.875,0.5,-9.125,0.0,0.0,0.0,0.0,0.0,0.0,7548.0,0
4.037,18884.0,15100.0,11334.0,18880.5,15097.5,11332.5,4000.0,3000.0,2000.0,-8.125,0.5,-8.875,0.0,0.0,0.0,0.0,0.0,0.0,7550.0,0
4.038,18888.0,15103.0,11337.0,18884.5,15100.5,11334.5,4000.0,3000.0,3000.0,-8.375,0.5,-8.625,0.0,0.0,0.0,0.0,0.0,0.0,7551.0,0
4.039,18891.0,15106.0,11339.0,18888.5,15103.5,11337.5,3000.0,3000.0,2000.0,-8.625,0.5,-9.375,0.0,0.0,0.0,0.0,0.0,0.0,7552.0,0
4.04,18895.0,15109.0,11341.0,18891.5,15106.5,11339.5,4000.0,3000.0,2000.0,-7.875,0.5,-9.125,0.0,0.0,0.0,0.0,0.0,0.0,7554.0,0
4.041,18899.0,15112.0,11343.0,18895.5,15109.5,11341.5,4000.0,3000.0,2000.0,-8.125,0.5,-8.875,0.0,0.0,0.0,0.0,0.0,0.0,7556.0,0
4.042,18902.0,15114.0,11346.0,18899.5,15112.5,11343.5,3000.0,2000.0,3000.0,-8.375,0.5,-8.625,0.0,0.0,0.0,0.0,0.0,0.0,7556.0,0
4.043,18906.0,15117.0,11348.0,18902.5,15114.5,11346.5,4000.0,3000.0,2000.0,-8.875,0.5,-10.125,0.0,0.0,0.0,0.0,0.0,0.0,7558.0,0
4.0440000000000005,18910.0,15120.0,11350.0,18906.5,15117.5,11348.5,4000.0,3000.0,2000.0,-9.125,0.5,-9.875,0.0,0.0,0.0,0.0,0.0,0.0,7560.0,0
4.045,18913.0,15123.0,11352.0,18910.5,15120.5,11350.5,3000.0,3000.0,2000.0,-9.375,0.5,-9.625,0.0,0.0,0.0,0.0,0.0,0.0,7561.0,0
4.046,18917.0,15126.0,11354.0,18913.5,15123.5,11352.5,4000.0,3000.0,2000.0,-8.625,0.5,-9.375,0.0,0.0,0.0,0.0,0.0,0.0,7563.0,0
4.047,18921.0,15129.0,11357.0,18917.5,15126.5,11354.5,4000.0,3000.0,3000.0,-8.875,0.5,-9.125,0.0,0.0,0.0,0.0,0.0,0.0,7564.0,0
4.048,18924.0,15132.0,11359.0,18921.5,15129.5,11357.5,3000.0,3000.0,2000.0,-9.125,0.5,-9.875,0.0,0.0,0.0,0.0,0.0,0.0,7565.0,0
4.049,18928.0,15135.0,11361.0,18924.5,15132.5,11359.5,4000.0,3000.0,2000.0,-8.375,0.5,-9.625,0.0,0.0,0.0,0.0,0.0,0.0,7567.0,0
4.05,18932.0,15138.0,11363.0,18928.5,15135.5,11361.5,4000.0,3000.0,2000.0,-8.625,0.5,-9.375,0.0,0.0,0.0,0.0,0.0,0.0,7569.0,0
4.051,18935.0,15141.0,11366.0,18932.5,15138.5,11363.5,3000.0,3000.0,3000.0,-8.875,0.5,-9.125,0.0,0.0,0.0,0.0,0.0,0.0,7569.0,0
4.0520000000000005,18939.0,15144.0,11368.0,18935.5,15141.5,11366.5,4000.0,3000.0,2000.0,-8.125,0.5,-9.875,0.0,0.0,0.0,0.0,0.0,0.0,7571.0,0
4.053,18943.0,15147.0,11370.0,18939.5,15144.5,11368.5,4000.0,3000.0,2000.0,-8.375,0.5,-9.625,0.0,0.0,0.0,0.0,0.0,0.0,7573.0,0
4.054,18946.0,15150.0,11372.0,18943.5,15147.5,11370.5,3000.0,3000.0,2000.0,-8.625,0.5,-9.375,0.0,0.0,0.0,0.0,0.0,0.0,7574.0,0
4.055,18950.0,15153.0,11374.0,18946.5,15150.5,11372.5,4000.0,3000.0,2000.0,-7.875,0.5,-9.125,0.0,0.0,0.0,0.0,0.0,0.0,7576.0,0
4.056,18954.0,15156.0,11377.0,18950.5,15153.5,11374.5,4000.0,3000.0,3000.0,-8.125,0.5,-8.875,0.0,0.0,0.0,0.0,0.0,0.0,7577.0,0
4.057,18957.0,15159.0,11379.0,18954.5,15156.5,11377.5,3000.0,3000.0,2000.0,-8.375,0.5,-9.625,0.0,0.0,0.0,0.0,0.0,0.0,7578.0,0
4.058,18961.0,15161.0,11381.0,18957.5,15159.5,11379.5,4000.0,2000.0,2000.0,-7.625,0.5,-9.375,0.0,0.0,0.0,0.0,0.0,0.0,7580.0,0
4.059,18965.0,15164.0,11383.0,18961.5,15161.5,11381.5,4000.0,3000.0,2000.0,-9.125,0.5,-9.875,0.0,0.0,0.0,0.0,0.0,0.0,7582.0,0
4.0600000000000005,18969.0,15167.0,11386.0,18965.5,15164.5,11383.5,4000.0,3000.0,3000.0,-9.375,0.5,-9.625,0.0,0.0,0.0,0.0,0.0,0.0,7583.0,0
4.061,18972.0,15170.0,11388.0,18969.5,15167.5,11386.5,3000.0,3000.0,2000.0,-9.625,0.5,-10.375,0.0,0.0,0.0,0.0,0.0,0.0,7584.0,0
4.062,18976.0,15173.0,11390.0,18972.5,15170.5,11388.5,4000.0,3000.0,2000.0,-8.875,0.5,-10.125,0.0,0.0,0.0,0.0,0.0,0.0,7586.0,0
4.063,18980.0,15176.0,11392.0,18976.5,15173.5,11390.5,4000.0,3000.0,2000.0,-9.125,0.5,-9.875,0.0,0.0,0.0,0.0,0.0,0.0,7588.0,0
4.064,18983.0,15179.0,11394.0,18980.5,15176.5,11392.5,3000.0,3000.0,2000.0,-9.375,0.5,-9.625,0.0,0.0,0.0,0.0,0.0,0.0,7589.0,0
4.065,18987.0,15182.0,11396.0,18983.5,15179.5,11394.5,4000.0,3000.0,2000.0,-8.625,0.5,-9.375,0.0,0.0,0.0,0.0,0.0,0.0,7591.0,0
4.066,18991.0,15185.0,11398.0,18987.5,15182.5,11396.5,4000.0,3000.0,2000.0,-8.875,0.5,-9.125,0.0,0.0,0.0,0.0,0.0,0.0,7593.0,0
4.067,18994.0,15188.0,11401.0,18991.5,15185.5,11398.5,3000.0,3000.0,3000.0,-9.125,0.5,-8.875,0.0,0.0,0.0,0.0,0.0,0.0,7593.0,0
4.0680000000000005,18998.0,15191.0,11403.0,18994.5,15188.5,11401.5,4000.0,3000.0,2000.0,-8.375,0.5,-9.625,0.0,0.0,0.0,0.0,0.0,0.0,7595.0,0
4.069,19002.0,15194.0,11405.0,18998.5,15191.5,11403.5,4000.0,3000.0,2000.0,-8.625,0.5,-9.375,0.0,0.0,0.0,0.0,0.0,0.0,7597.0,0
4.07,19005.0,15197.0,11407.0,19002.5,15194.5,11405.5,3000.0,3000.0,2000.0,-8.875,0.5,-9.125,0.0,0.0,0.0,0.0,0.0,0.0,7598.0,0
4.071,19009.0,15200.0,11410.0,19005.5,15197.5,11407.5,4000.0,3000.0,3000.0,-8.125,0.5,-8.875,0.0,0.0,0.0,0.0,0.0,0.0,7599.0,0
4.072,19013.0,15203.0,11412.0,19009.5,15200.5,11410.5,4000.0,3000.0,2000.0,-8.375,0.5,-9.625,0.0,0.0,0.0,0.0,0.0,0.0,7601.0,0
4.073,19016.0,15206.0,11414.0,19013.5,15203.5,11412.5,3000.0,3000.0,2000.0,-8.625,0.5,-9.375,0.0,0.0,0.0,0.0,0.0,0.0,7602.0,0
4.074,19020.0,15208.0,11416.0,19016.5,15206.5,11414.5,4000.0,2000.0,2000.0,-7.875,0.5,-9.125,0.0,0.0,0.0,0.0,0.0,0.0,7604.0,0
4.075,19024.0,15211.0,11418.0,19020.5,15208.5,11416.5,4000.0,3000.0,2000.0,-9.375,0.5,-9.625,0.0,0.0,0.0,0.0,0.0,0.0,7606.0,0
4.0760000000000005,19027.0,15214.0,11421.0,19024.5,15211.5,11418.5,3000.0,3000.0,3000.0,-9.625,0.5,-9.375,0.0,0.0,0.0,0.0,0.0,0.0,7606.0,0
4.077,19031.0,15217.0,11423.0,19027.5,15214.5,11421.5,4000.0,3000.0,2000.0,-8.875,0.5,-10.125,0.0,0.0,0.0,0.0,0.0,0.0,7608.0,0
4.078,19035.0,15220.0,11425.0,19031.5,15217.5,11423.5,4000.0,3000.0,2000.0,-9.125,0.5,-9.875,0.0,0.0,0.0,0.0,0.0,0.0,7610.0,0
4.079,19038.0,15223.0,11427.0,19035.5,15220.5,11425.5,3000.0,3000.0,2000.0,-9.375,0.5,-9.625,0.0,0.0,0.0,0.0,0.0,0.0,7611.0,0
4.08,19042.0,15226.0,11429.0,19038.5,15223.5,11427.5,4000.0,3000.0,2000.0,-8.625,0.5,-9.375,0.0,0.0,0.0,0.0,0.0,0.0,7613.0,0
4.081,19046.0,15229.0,11432.0,19042.5,15226.5,11429.5,4000.0,3000.0,3000.0,-8.875,0.5,-9.125,0.0,0.0,0.0,0.0,0.0,0.0,7614.0,0
4.082,19049.0,15232.0,11434.0,19046.5,15229.5,11432.5,3000.0,3000.0,2000.0,-9.125,0.5,-9.875,0.0,0.0,0.0,0.0,0.0,0.0,7615.0,0
4.083,19053.0,15235.0,11436.0,19049.5,15232.5,11434.5,4000.0,3000.0,2000.0,-8.375,0.5,-9.625,0.0,0.0,0.0,0.0,0.0,0.0,7617.0,0
4.0840000000000005,19057.0,15238.0,11438.0,19053.5,15235.5,11436.5,4000.0,3000.0,2000.0,-8.625,0.5,-9.375,0.0,0.0,0.0,0.0,0.0,0.0,7619.0,0
4.085,19060.0,15241.0,11440.0,19057.5,15238.5,11438.5,3000.0,3000.0,2000.0,-8.875,0.5,-9.125,0.0,0.0,0.0,0.0,0.0,0.0,7620.0,0
4.086,19064.0,15244.0,11443.0,19060.5,15241.5,11440.5,4000.0,3000.0,3000.0,-8.125,0.5,-8.875,0.0,0.0,0.0,0.0,0.0,0.0,7621.0,0
4.087,19068.0,15247.0,11445.0,19064.5,15244.5,11443.5,4000.0,3000.0,2000.0,-8.375,0.5,-9.625,0.0,0.0,0.0,0.0,0.0,0.0,7623.0,0
4.088,19071.0,15250.0,11447.0,19068.5,15247.5,11445.5,3000.0,3000.0,2000.0,-8.625,0.5,-9.375,0.0,0.0,0.0,0.0,0.0,0.0,7624.0,0
4.089,19075.0,15253.0,11449.0,19071.5,15250.5,11447.5,4000.0,3000.0,2000.0,-7.875,0.5,-9.125,0.0,0.0,0.0,0.0,0.0,0.0,7626.0,0
4.09,19079.0,15255.0,11451.0,19075.5,15253.5,11449.5,4000.0,2000.0,2000.0,-8.125,0.5,-8.875,0.0,0.0,0.0,0.0,0.0,0.0,7628.0,0
4.091,19082.0,15258.0,11454.0,19079.5,15255.5,11451.5,3000.0,3000.0,3000.0,-9.625,0.5,-9.375,0.0,0.0,0.0,0.0,0.0,0.0,7628.0,0
4.0920000000000005,19086.0,15261.0,11456.0,19082.5,15258.5,11454.5,4000.0,3000.0,2000.0,-8.875,0.5,-10.125,0.0,0.0,0.0,0.0,0.0,0.0,7630.0,0
4.093,19090.0,15264.0,11458.0,19086.5,15261.5,11456.5,4000.0,3000.0,2000.0,-9.125,0.5,-9.875,0.0,0.0,0.0,0.0,0.0,0.0,7632.0,0
4.094,19093.0,15267.0,11460.0,19090.5,15264.5,11458.5,3000.0,3000.0,2000.0,-9.375,0.5,-9.625,0.0,0.0,0.0,0.0,0.0,0.0,7633.0,0
4.095,19097.0,15270.0,11462.0,19093.5,15267.5,11460.5,4000.0,3000.0,2000.0,-8.625,0.5,-9.375,0.0,0.0,0.0,0.0,0.0,0.0,7635.0,0
4.096,19101.0,15273.0,11465.0,19097.5,15270.5,11462.5,4000.0,3000.0,3000.0,-8.875,0.5,-9.125,0.0,0.0,0.0,0.0,0.0,0.0,7636.0,0
4.097,19104.0,15276.0,11467.0,19101.5,15273.5,11465.5,3000.0,3000.0,2000.0,-9.125,0.5,-9.875,0.0,0.0,0.0,0.0,0.0,0.0,7637.0,0
4.098,19108.0,15279.0,11469.0,19104.5,15276.5,11467.5,4000.0,3000.0,2000.0,-8.375,0.5,-9.625,0.0,0.0,0.0,0.0,0.0,0.0,7639.0,0
4.099,19112.0,15282.0,11471.0,19108.5,15279.5,11469.5,4000.0,3000.0,2000.0,-8.625,0.5,-9.375,0.0,0.0,0.0,0.0,0.0,0.0,7641.0,0
4.1,19115.0,15285.0,11473.0,19112.5,15282.5,11471.5,3000.0,3000.0,2000.0,-8.875,0.5,-9.125,0.0,0.0,0.0,0.0,0.0,0.0,7642.0,0
4.101,19119.0,15288.0,11476.0,19115.5,15285.5,11473.5,4000.0,3000.0,3000.0,-8.125,0.5,-8.875,0.0,0.0,0.0,0.0,0.0,0.0,7643.0,0
4.102,19123.0,15291.0,11478.0,19119.5,15288.5,11476.5,4000.0,3000.0,2000.0,-8.375,0.5,-9.625,0.0,0.0,0.0,0.0,0.0,0.0,7645.0,0
4.103,19126.0,15294.0,11480.0,19123.5,15291.5,11478.5,3000.0,3000.0,2000.0,-8.625,0.5,-9.375,0.0,0.0,0.0,0.0,0.0,0.0,7646.0,0
4.104,19130.0,15297.0,11482.0,19126.5,15294.5,11480.5,4000.0,3000.0,2000.0,-7.875,0.5,-9.125,0.0,0.0,0.0,0.0,0.0,0.0,7648.0,0
4.105,19134.0,15299.0,11484.0,19130.5,15297.5,11482.5,4000.0,2000.0,2000.0,-8.125,0.5,-8.875,0.0,0.0,0.0,0.0,0.0,0.0,7650.0,0
4.106,19137.0,15302.0,11487.0,19134.5,15299.5,11484.5,3000.0,3000.0,3000.0,-9.625,0.5,-9.375,0.0,0.0,0.0,0.0,0.0,0.0,7650.0,0
4.107,19141.0,15305.0,11489.0,19137.5,15302.5,11487.5,4000.0,3000.0,2000.0,-8.875,0.5,-10.125,0.0,0.0,0.0,0.0,0.0,0.0,7652.0,0
4.108,19145.0,15308.0,11491.0,19141.5,15305.5,11489.5,4000.0,3000.0,2000.0,-9.125,0.5,-9.875,0.0,0.0,0.0,0.0,0.0,0.0,7654.0,0
4.109,19148.0,15311.0,11493.0,19145.5,15308.5,11491.5,3000.0,3000.0,2000.0,-9.375,0.5,-9.625,0.0,0.0,0.0,0.0,0.0,0.0,7655.0,0
4.11,19152.0,15314.0,11495.0,19148.5,15311.5,11493.5,4000.0,3000.0,2000.0,-8.625,0.5,-9.375,0.0,0.0,0.0,0.0,0.0,0.0,7657.0,0
4.111,19156.0,15317.0,11497.0,19152.5,15314.5,11495.5,4000.0,3000.0,2000.0,-8.875,0.5,-9.125,0.0,0.0,0.0,0.0,0.0,0.0,7659.0,0
4.112,19159.0,15320.0,11500.0,19156.5,15317.5,11497.5,3000.0,3000.0,3000.0,-9.125,0.5,-8.875,0.0,0.0,0.0,0.0,0.0,0.0,7659.0,0
4.113,19163.0,15323.0,11502.0,19159.5,15320.5,11500.5,4000.0,3000.0,2000.0,-8.375,0.5,-9.625,0.0,0.0,0.0,0.0,0.0,0.0,7661.0,0
4.114,19167.0,15326.0,11504.0,19163.5,15323.5,11502.5,4000.0,3000.0,2000.0,-8.625,0.5,-9.375,0.0,0.0,0.0,0.0,0.0,0.0,7663.0,0
4.115,19170.0,15329.0,11506.0,19167.5,15326.5,11504.5,3000.0,3000.0,2000.0,-8.875,0.5,-9.125,0.0,0.0,0.0,0.0,0.0,0.0,7664.0,0
4.116,19174.0,15332.0,11508.0,19170.5,15329.5,11506.5,4000.0,3000.0,2000.0,-8.125,0.5,-8.875,0.0,0.0,0.0,0.0,0.0,0.0,7666.0,0
4.117,19178.0,15335.0,11511.0,19174.5,15332.5,11508.5,4000.0,3000.0,3000.0,-8.375,0.5,-8.625,0.0,0.0,0.0,0.0,0.0,0.0,7667.0,0
4.118,19181.0,15338.0,11513.0,19178.5,15335.5,11511.5,3000.0,3000.0,2000.0,-8.625,0.5,-9.375,0.0,0.0,0.0,0.0,0.0,0.0,7668.0,0
4.119,19185.0,15341.0,11515.0,19181.5,15338.5,11513.5,4000.0,3000.0,2000.0,-7.875,0.5,-9.125,0.0,0.0,0.0,0.0,0.0,0.0,7670.0,0
4.12,19189.0,15344.0,11517.0,19185.5,15341.5,11515.5,4000.0,3000.0,2000.0,-8.125,0.5,-8.875,0.0,0.0,0.0,0.0,0.0,0.0,7672.0,0
4.121,19192.0,15346.0,11519.0,19189.5,15344.5,11517.5,3000.0,2000.0,2000.0,-8.375,0.5,-8.625,0.0,0.0,0.0,0.0,0.0,0.0,7673.0,0
4.122,19196.0,15349.0,11522.0,19192.5,15346.5,11519.5,4000.0,3000.0,3000.0,-8.875,0.5,-9.125,0.0,0.0,0.0,0.0,0.0,0.0,7674.0,0
4.123,19200.0,15352.0,11524.0,19196.5,15349.5,11522.5,4000.0,3000.0,2000.0,-9.125,0.5,-9.875,0.0,0.0,0.0,0.0,0.0,0.0,7676.0,0
4.124,19203.0,15355.0,11526.0,19200.5,15352.5,11524.5,3000.0,3000.0,2000.0,-9.375,0.5,-9.625,0.0,0.0,0.0,0.0,0.0,0.0,7677.0,0
4.125,19207.0,15358.0,11528.0,19203.5,15355.5,11526.5,4000.0,3000.0,2000.0,-8.625,0.5,-9.375,0.0,0.0,0.0,0.0,0.0,0.0,7679.0,0
4.126,19211.0,15361.0,11530.0,19207.5,15358.5,11528.5,4000.0,3000.0,2000.0,-8.875,0.5,-9.125,0.0,0.0,0.0,0.0,0.0,0.0,7681.0,0
4.127,19214.0,15364.0,11533.0,19211.5,15361.5,11530.5,3000.0,3000.0,3000.0,-9.125,0.5,-8.875,0.0,0.0,0.0,0.0,0.0,0.0,7681.0,0
4.128,19218.0,15367.0,11535.0,19214.5,15364.5,11533.5,4000.0,3000.0,2000.0,-8.375,0.5,-9.625,0.0,0.0,0.0,0.0,0.0,0.0,7683.0,0
4.1290000000000004,19222.0,15370.0,11537.0,19218.5,15367.5,11535.5,4000.0,3000.0,2000.0,-8.625,0.5,-9.375,0.0,0.0,0.0,0.0,0.0,0.0,7685.0,0
4.13,19225.0,15373.0,11539.0,19222.5,15370.5,11537.5,3000.0,3000.0,2000.0,-8.875,0.5,-9.125,0.0,0.0,0.0,0.0,0.0,0.0,7686.0,0
4.131,19229.0,15376.0,11541.0,19225.5,15373.5,11539.5,4000.0,3000.0,2000.0,-8.125,0.5,-8.875,0.0,0.0,0.0,0.0,0.0,0.0,7688.0,0
4.132,19233.0,15379.0,11544.0,19229.5,15376.5,11541.5,4000.0,3000.0,3000.0,-8.375,0.5,-8.625,0.0,0.0,0.0,0.0,0.0,0.0,7689.0,0
4.133,19236.0,15382.0,11546.0,19233.5,15379.5,11544.5,3000.0,3000.0,2000.0,-8.625,0.5,-9.375,0.0,0.0,0.0,0.0,0.0,0.0,7690.0,0
4.134,19240.0,15385.0,11548.0,19236.5,15382.5,11546.5,4000.0,3000.0,2000.0,-7.875,0.5,-9.125,0.0,0.0,0.0,0.0,0.0,0.0,7692.0,0
4.135,19244.0,15388.0,11550.0,19240.5,15385.5,11548.5,4000.0,3000.0,2000.0,-8.125,0.5,-8.875,0.0,0.0,0.0,0.0,0.0,0.0,7694.0,0
4.136,19247.0,15391.0,11552.0,19244.5,15388.5,11550.5,3000.0,3000.0,2000.0,-8.375,0.5,-8.625,0.0,0.0,0.0,0.0,0.0,0.0,7695.0,0
4.1370000000000005,19251.0,15393.0,11555.0,19247.5,15391.5,11552.5,4000.0,2000.0,3000.0,-7.625,0.5,-8.375,0.0,0.0,0.0,0.0,0.0,0.0,7696.0,0
4.138,19255.0,15396.0,11557.0,19251.5,15393.5,11555.5,4000.0,3000.0,2000.0,-9.125,0.5,-9.875,0.0,0.0,0.0,0.0,0.0,0.0,7698.0,0
4.139,19258.0,15399.0,11559.0,19255.5,15396.5,11557.5,3000.0,3000.0,2000.0,-9.375,0.5,-9.625,0.0,0.0,0.0,0.0,0.0,0.0,7699.0,0
4.14,19262.0,15402.0,11561.0,19258.5,15399.5,11559.5,4000.0,3000.0,2000.0,-8.625,0.5,-9.375,0.0,0.0,0.0,0.0,0.0,0.0,7701.0,0
4.141,19266.0,15405.0,11563.0,19262.5,15402.5,11561.5,4000.0,3000.0,2000.0,-8.875,0.5,-9.125,0.0,0.0,0.0,0.0,0.0,0.0,7703.0,0
4.142,19269.0,15408.0,11566.0,19266.5,15405.5,11563.5,3000.0,3000.0,3000.0,-9.125,0.5,-8.875,0.0,0.0,0.0,0.0,0.0,0.0,7703.0,0
4.143,19273.0,15411.0,11568.0,19269.5,15408.5,11566.5,4000.0,3000.0,2000.0,-8.375,0.5,-9.625,0.0,0.0,0.0,0.0,0.0,0.0,7705.0,0
4.144,19277.0,15414.0,11570.0,19273.5,15411.5,11568.5,4000.0,3000.0,2000.0,-8.625,0.5,-9.375,0.0,0.0,0.0,0.0,0.0,0.0,7707.0,0
4.1450000000000005,19280.0,15417.0,11572.0,19277.5,15414.5,11570.5,3000.0,3000.0,2000.0,-8.875,0.5,-9.125,0.0,0.0,0.0,0.0,0.0,0.0,7708.0,0
4.146,19284.0,15420.0,11574.0,19280.5,15417.5,11572.5,4000.0,3000.0,2000.0,-8.125,0.5,-8.875,0.0,0.0,0.0,0.0,0.0,0.0,7710.0,0
4.147,19288.0,15423.0,11577.0,19284.5,15420.5,11574.5,4000.0,3000.0,3000.0,-8.375,0.5,-8.625,0.0,0.0,0.0,0.0,0.0,0.0,7711.0,0
4.148,19291.0,15426.0,11579.0,19288.5,15423.5,11577.5,3000.0,3000.0,2000.0,-8.625,0.5,-9.375,0.0,0.0,0.0,0.0,0.0,0.0,7712.0,0
4.149,19295.0,15429.0,11581.0,19291.5,15426.5,11579.5,4000.0,3000.0,2000.0,-7.875,0.5,-9.125,0.0,0.0,0.0,0.0,0.0,0.0,7714.0,0
4.15,19299.0,15432.0,11583.0,19295.5,15429.5,11581.5,4000.0,3000.0,2000.0,-8.125,0.5,-8.875,0.0,0.0,0.0,0.0,0.0,0.0,7716.0,0
4.151,19302.0,15435.0,11585.0,19299.5,15432.5,11583.5,3000.0,3000.0,2000.0,-8.375,0.5,-8.625,0.0,0.0,0.0,0.0,0.0,0.0,7717.0,0
4.152,19306.0,15438.0,11588.0,19302.5,15435.5,11585.5,4000.0,3000.0,3000.0,-7.625,0.5,-8.375,0.0,0.0,0.0,0.0,0.0,0.0,7718.0,0
4.1530000000000005,19310.0,15440.0,11590.0,19306.5,15438.5,11588.5,4000.0,2000.0,2000.0,-7.875,0.5,-9.125,0.0,0.0,0.0,0.0,0.0,0.0,7720.0,0
4.154,19313.0,15443.0,11592.0,19310.5,15440.5,11590.5,3000.0,3000.0,2000.0,-9.375,0.5,-9.625,0.0,0.0,0.0,0.0,0.0,0.0,7721.0,0
4.155,19317.0,15446.0,11594.0,19313.5,15443.5,11592.5,4000.0,3000.0,2000.0,-8.625,0.5,-9.375,0.0,0.0,0.0,0.0,0.0,0.0,7723.0,0
4.156,19321.0,15449.0,11597.0,19317.5,15446.5,11594.5,4000.0,3000.0,3000.0,-8.875,0.5,-9.125,0.0,0.0,0.0,0.0,0.0,0.0,7724.0,0
4.157,19324.0,15452.0,11599.0,19321.5,15449.5,11597.5,3000.0,3000.0,2000.0,-9.125,0.5,-9.875,0.0,0.0,0.0,0.0,0.0,0.0,7725.0,0
4.158,19328.0,15455.0,11601.0,19324.5,15452.5,11599.5,4000.0,3000.0,2000.0,-8.375,0.5,-9.625,0.0,0.0,0.0,0.0,0.0,0.0,7727.0,0
4.159,19332.0,15458.0,11603.0,19328.5,15455.5,11601.5,4000.0,3000.0,2000.0,-8.625,0.5,-9.375,0.0,0.0,0.0,0.0,0.0,0.0,7729.0,0
4.16,19335.0,15461.0,11605.0,19332.5,15458.5,11603.5,3000.0,3000.0,2000.0,-8.875,0.5,-9.125,0.0,0.0,0.0,0.0,0.0,0.0,7730.0,0
4.1610000000000005,19339.0,15464.0,11608.0,19335.5,15461.5,11605.5,4000.0,3000.0,3000.0,-8.125,0.5,-8.875,0.0,0.0,0.0,0.0,0.0,0.0,7731.0,0
4.162,19343.0,15467.0,11610.0,19339.5,15464.5,11608.5,4000.0,3000.0,2000.0,-8.375,0.5,-9.625,0.0,0.0,0.0,0.0,0.0,0.0,7733.0,0
4.163,19346.0,15470.0,11612.0,19343.5,15467.5,11610.5,3000.0,3000.0,2000.0,-8.625,0.5,-9.375,0.0,0.0,0.0,0.0,0.0,0.0,7734.0,0
4.164,19350.0,15473.0,11614.0,19346.5,15470.5,11612.5,4000.0,3000.0,2000.0,-7.875,0.5,-9.125,0.0,0.0,0.0,0.0,0.0,0.0,7736.0,0
4.165,19354.0,15476.0,11616.0,19350.5,15473.5,11614.5,4000.0,3000.0,2000.0,-8.125,0.5,-8.875,0.0,0.0,0.0,0.0,0.0,0.0,7738.0,0
4.166,19357.0,15479.0,11619.0,19354.5,15476.5,11616.5,3000.0,3000.0,3000.0,-8.375,0.5,-8.625,0.0,0.0,0.0,0.0,0.0,0.0,7738.0,0
4.167,19361.0,15482.0,11621.0,19357.5,15479.5,11619.5,4000.0,3000.0,2000.0,-7.625,0.5,-9.375,0.0,0.0,0.0,0.0,0.0,0.0,7740.0,0
4.168,19365.0,15484.0,11623.0,19361.5,15482.5,11621.5,4000.0,2000.0,2000.0,-7.875,0.5,-9.125,0.0,0.0,0.0,0.0,0.0,0.0,7742.0,0
4.1690000000000005,19368.0,15487.0,11625.0,19365.5,15484.5,11623.5,3000.0,3000.0,2000.0,-9.375,0.5,-9.625,0.0,0.0,0.0,0.0,0.0,0.0,7743.0,0
4.17,19372.0,15490.0,11627.0,19368.5,15487.5,11625.5,4000.0,3000.0,2000.0,-8.625,0.5,-9.375,0.0,0.0,0.0,0.0,0.0,0.0,7745.0,0
4.171,19376.0,15493.0,11630.0,19372.5,15490.5,11627.5,4000.0,3000.0,3000.0,-8.875,0.5,-9.125,0.0,0.0,0.0,0.0,0.0,0.0,7746.0,0
4.172,19379.0,15496.0,11632.0,19376.5,15493.5,11630.5,3000.0,3000.0,2000.0,-9.125,0.5,-9.875,0.0,0.0,0.0,0.0,0.0,0.0,7747.0,0
4.173,19383.0,15499.0,11634.0,19379.5,15496.5,11632.5,4000.0,3000.0,2000.0,-8.375,0.5,-9.625,0.0,0.0,0.0,0.0,0.0,0.0,7749.0,0
4.174,19387.0,15502.0,11636.0,19383.5,15499.5,11634.5,4000.0,3000.0,2000.0,-8.625,0.5,-9.375,0.0,0.0,0.0,0.0,0.0,0.0,7751.0,0
4.175,19390.0,15505.0,11638.0,19387.5,15502.5,11636.5,3000.0,3000.0,2000.0,-8.875,0.5,-9.125,0.0,0.0,0.0,0.0,0.0,0.0,7752.0,0
4.176,19394.0,15508.0,11641.0,19390.5,15505.5,11638.5,4000.0,3000.0,3000.0,-8.125,0.5,-8.875,0.0,0.0,0.0,0.0,0.0,0.0,7753.0,0
4.1770000000000005,19398.0,15511.0,11643.0,19394.5,15508.5,11641.5,4000.0,3000.0,2000.0,-8.375,0.5,-9.625,0.0,0.0,0.0,0.0,0.0,0.0,7755.0,0
4.178,19401.0,15514.0,11645.0,19398.5,15511.5,11643.5,3000.0,3000.0,2000.0,-8.625,0.5,-9.375,0.0,0.0,0.0,0.0,0.0,0.0,7756.0,0
4.179,19405.0,15517.0,11647.0,19401.5,15514.5,11645.5,4000.0,3000.0,2000.0,-7.875,0.5,-9.125,0.0,0.0,0.0,0.0,0.0,0.0,7758.0,0
4.18,19409.0,15520.0,11649.0,19405.5,15517.5,11647.5,4000.0,3000.0,2000.0,-8.125,0.5,-8.875,0.0,0.0,0.0,0.0,0.0,0.0,7760.0,0
4.181,19412.0,15523.0,11652.0,19409.5,15520.5,11649.5,3000.0,3000.0,3000.0,-8.375,0.5,-8.625,0.0,0.0,0.0,0.0,0.0,0.0,7760.0,0
4.182,19416.0,15526.0,11654.0,19412.5,15523.5,11652.5,4000.0,3000.0,2000.0,-7.625,0.5,-9.375,0.0,0.0,0.0,0.0,0.0,0.0,7762.0,0
4.183,19420.0,15529.0,11656.0,19416.5,15526.5,11654.5,4000.0,3000.0,2000.0,-7.875,0.5,-9.125,0.0,0.0,0.0,0.0,0.0,0.0,7764.0,0
4.184,19423.0,15531.0,11658.0,19420.5,15529.5,11656.5,3000.0,2000.0,2000.0,-8.125,0.5,-8.875,0.0,0.0,0.0,0.0,0.0,0.0,7765.0,0
4.1850000000000005,19427.0,15534.0,11660.0,19423.5,15531.5,11658.5,4000.0,3000.0,2000.0,-8.625,0.5,-9.375,0.0,0.0,0.0,0.0,0.0,0.0,7767.0,0
4.186,19431.0,15537.0,11663.0,19427.5,15534.5,11660.5,4000.0,3000.0,3000.0,-8.875,0.5,-9.125,0.0,0.0,0.0,0.0,0.0,0.0,7768.0,0
4.187,19434.0,15540.0,11665.0,19431.5,15537.5,11663.5,3000.0,3000.0,2000.0,-9.125,0.5,-9.875,0.0,0.0,0.0,0.0,0.0,0.0,7769.0,0
4.188,19438.0,15543.0,11667.0,19434.5,15540.5,11665.5,4000.0,3000.0,2000.0,-8.375,0.5,-9.625,0.0,0.0,0.0,0.0,0.0,0.0,7771.0,0
4.189,19442.0,15546.0,11669.0,19438.5,15543.5,11667.5,4000.0,3000.0,2000.0,-8.625,0.5,-9.375,0.0,0.0,0.0,0.0,0.0,0.0,7773.0,0
4.19,19445.0,15549.0,11671.0,19442.5,15546.5,11669.5,3000.0,3000.0,2000.0,-8.875,0.5,-9.125,0.0,0.0,0.0,0.0,0.0,0.0,7774.0,0
4.191,19449.0,15552.0,11674.0,19445.5,15549.5,11671.5,4000.0,3000.0,3000.0,-8.125,0.5,-8.875,0.0,0.0,0.0,0.0,0.0,0.0,7775.0,0
4.192,19453.0,15555.0,11676.0,19449.5,15552.5,11674.5,4000.0,3000.0,2000.0,-8.375,0.5,-9.625,0.0,0.0,0.0,0.0,0.0,0.0,7777.0,0
4.1930000000000005,19456.0,15558.0,11678.0,19453.5,15555.5,11676.5,3000.0,3000.0,2000.0,-8.625,0.5,-9.375,0.0,0.0,0.0,0.0,0.0,0.0,7778.0,0
4.194,19460.0,15561.0,11680.0,19456.5,15558.5,11678.5,4000.0,3000.0,2000.0,-7.875,0.5,-9.125,0.0,0.0,0.0,0.0,0.0,0.0,7780.0,0
4.195,19464.0,15564.0,11682.0,19460.5,15561.5,11680.5,4000.0,3000.0,2000.0,-8.125,0.5,-8.875,0.0,0.0,0.0,0.0,0.0,0.0,7782.0,0
4.196,19467.0,15567.0,11685.0,19464.5,15564.5,11682.5,3000.0,3000.0,3000.0,-8.375,0.5,-8.625,0.0,0.0,0.0,0.0,0.0,0.0,7782.0,0
4.197,19471.0,15570.0,11687.0,19467.5,15567.5,11685.5,4000.0,3000.0,2000.0,-7.625,0.5,-9.375,0.0,0.0,0.0,0.0,0.0,0.0,7784.0,0
4.198,19475.0,15573.0,11689.0,19471.5,15570.5,11687.5,4000.0,3000.0,2000.0,-7.875,0.5,-9.125,0.0,0.0,0.0,0.0,0.0,0.0,7786.0,0
4.199,19478.0,15576.0,11691.0,19475.5,15573.5,11689.5,3000.0,3000.0,2000.0,-8.125,0.5,-8.875,0.0,0.0,0.0,0.0,0.0,0.0,7787.0,0
4.2,19482.0,15578.0,11693.0,19478.5,15576.5,11691.5,4000.0,2000.0,2000.0,-7.375,0.5,-8.625,0.0,0.0,0.0,0.0,0.0,0.0,7789.0,0
4.2010000000000005,19486.0,15581.0,11696.0,19482.5,15578.5,11693.5,4000.0,3000.0,3000.0,-8.875,0.5,-9.125,0.0,0.0,0.0,0.0,0.0,0.0,7790.0,0
4.202,19489.0,15584.0,11698.0,19486.5,15581.5,11696.5,3000.0,3000.0,2000.0,-9.125,0.5,-9.875,0.0,0.0,0.0,0.0,0.0,0.0,7791.0,0
4.203,19493.0,15587.0,11700.0,19489.5,15584.5,11698.5,4000.0,3000.0,2000.0,-8.375,0.5,-9.625,0.0,0.0,0.0,0.0,0.0,0.0,7793.0,0
4.204,19497.0,15590.0,11702.0,19493.5,15587.5,11700.5,4000.0,3000.0,2000.0,-8.625,0.5,-9.375,0.0,0.0,0.0,0.0,0.0,0.0,7795.0,0
4.205,19500.0,15593.0,11704.0,19497.5,15590.5,11702.5,3000.0,3000.0,2000.0,-8.875,0.5,-9.125,0.0,0.0,0.0,0.0,0.0,0.0,7796.0,0
4.206,19504.0,15596.0,11707.0,19500.5,15593.5,11704.5,4000.0,3000.0,3000.0,-8.125,0.5,-8.875,0.0,0.0,0.0,0.0,0.0,0.0,7797.0,0
4.207,19508.0,15599.0,11709.0,19504.5,15596.5,11707.5,4000.0,3000.0,2000.0,-8.375,0.5,-9.625,0.0,0.0,0.0,0.0,0.0,0.0,7799.0,0
4.208,19511.0,15602.0,11711.0,19508.5,15599.5,11709.5,3000.0,3000.0,2000.0,-8.625,0.5,-9.375,0.0,0.0,0.0,0.0,0.0,0.0,7800.0,0
4.2090000000000005,19515.0,15605.0,11713.0,19511.5,15602.5,11711.5,4000.0,3000.0,2000.0,-7.875,0.5,-9.125,0.0,0.0,0.0,0.0,0.0,0.0,7802.0,0
4.21,19519.0,15608.0,11715.0,19515.5,15605.5,11713.5,4000.0,3000.0,2000.0,-8.125,0.5,-8.875,0.0,0.0,0.0,0.0,0.0,0.0,7804.0,0
4.211,19522.0,15611.0,11718.0,19519.5,15608.5,11715.5,3000.0,3000.0,3000.0,-8.375,0.5,-8.625,0.0,0.0,0.0,0.0,0.0,0.0,7804.0,0
4.212,19526.0,15614.0,11720.0,19522.5,15611.5,11718.5,4000.0,3000.0,2000.0,-7.625,0.5,-9.375,0.0,0.0,0.0,0.0,0.0,0.0,7806.0,0
4.213,19530.0,15617.0,11722.0,19526.5,15614.5,11720.5,4000.0,3000.0,2000.0,-7.875,0.5,-9.125,0.0,0.0,0.0,0.0,0.0,0.0,7808.0,0
4.214,19533.0,15620.0,11724.0,19530.5,15617.5,11722.5,3000.0,3000.0,2000.0,-8.125,0.5,-8.875,0.0,0.0,0.0,0.0,0.0,0.0,7809.0,0
4.215,19537.0,15623.0,11726.0,19533.5,15620.5,11724.5,4000.0,3000.0,2000.0,-7.375,0.5,-8.625,0.0,0.0,0.0,0.0,0.0,0.0,7811.0,0
4.216,19541.0,15625.0,11729.0,19537.5,15623.5,11726.5,4000.0,2000.0,3000.0,-7.625,0.5,-8.375,0.0,0.0,0.0,0.0,0.0,0.0,7812.0,0
4.2170000000000005,19544.0,15628.0,11731.0,19541.5,15625.5,11729.5,3000.0,3000.0,2000.0,-9.125,0.5,-9.875,0.0,0.0,0.0,0.0,0.0,0.0,7813.0,0
4.218,19548.0,15631.0,11733.0,19544.5,15628.5,11731.5,4000.0,3000.0,2000.0,-8.375,0.5,-9.625,0.0,0.0,0.0,0.0,0.0,0.0,7815.0,0
4.219,19552.0,15634.0,11735.0,19548.5,15631.5,11733.5,4000.0,3000.0,2000.0,-8.625,0.5,-9.375,0.0,0.0,0.0,0.0,0.0,0.0,7817.0,0
4.22,19556.0,15637.0,11737.0,19552.5,15634.5,11735.5,4000.0,3000.0,2000.0,-8.875,0.5,-9.125,0.0,0.0,0.0,0.0,0.0,0.0,7819.0,0
4.221,19559.0,15640.0,11740.0,19556.5,15637.5,11737.5,3000.0,3000.0,3000.0,-9.125,0.5,-8.875,0.0,0.0,0.0,0.0,0.0,0.0,7819.0,0
4.222,19563.0,15643.0,11742.0,19559.5,15640.5,11740.5,4000.0,3000.0,2000.0,-8.375,0.5,-9.625,0.0,0.0,0.0,0.0,0.0,0.0,7821.0,0
4.223,19567.0,15646.0,11744.0,19563.5,15643.5,11742.5,4000.0,3000.0,2000.0,-8.625,0.5,-9.375,0.0,0.0,0.0,0.0,0.0,0.0,7823.0,0
4.224,19570.0,15649.0,11746.0,19567.5,15646.5,11744.5,3000.0,3000.0,2000.0,-8.875,0.5,-9.125,0.0,0.0,0.0,0.0,0.0,0.0,7824.0,0
4.225,19574.0,15652.0,11748.0,19570.5,15649.5,11746.5,4000.0,3000.0,2000.0,-8.125,0.5,-8.875,0.0,0.0,0.0,0.0,0.0,0.0,7826.0,0
4.226,19578.0,15655.0,11751.0,19574.5,15652.5,11748.5,4000.0,3000.0,3000.0,-8.375,0.5,-8.625,0.0,0.0,0.0,0.0,0.0,0.0,7827.0,0
4.227,19581.0,15658.0,11753.0,19578.5,15655.5,11751.5,3000.0,3000.0,2000.0,-8.625,0.5,-9.375,0.0,0.0,0.0,0.0,0.0,0.0,7828.0,0
4.228,19585.0,15661.0,11755.0,19581.5,15658.5,11753.5,4000.0,3000.0,2000.0,-7.875,0.5,-9.125,0.0,0.0,0.0,0.0,0.0,0.0,7830.0,0
4.229,19589.0,15664.0,11757.0,19585.5,15661.5,11755.5,4000.0,3000.0,2000.0,-8.125,0.5,-8.875,0.0,0.0,0.0,0.0,0.0,0.0,7832.0,0
4.23,19592.0,15667.0,11759.0,19589.5,15664.5,11757.5,3000.0,3000.0,2000.0,-8.375,0.5,-8.625,0.0,0.0,0.0,0.0,0.0,0.0,7833.0,0
4.231,19596.0,15670.0,11762.0,19592.5,15667.5,11759.5,4000.0,3000.0,3000.0,-7.625,0.5,-8.375,0.0,0.0,0.0,0.0,0.0,0.0,7834.0,0
4.232,19600.0,15672.0,11764.0,19596.5,15670.5,11762.5,4000.0,2000.0,2000.0,-7.875,0.5,-9.125,0.0,0.0,0.0,0.0,0.0,0.0,7836.0,0
4.233,19603.0,15675.0,11766.0,19600.5,15672.5,11764.5,3000.0,3000.0,2000.0,-9.375,0.5,-9.625,0.0,0.0,0.0,0.0,0.0,0.0,7837.0,0
4.234,19607.0,15678.0,11768.0,19603.5,15675.5,11766.5,4000.0,3000.0,2000.0,-8.625,0.5,-9.375,0.0,0.0,0.0,0.0,0.0,0.0,7839.0,0
4.235,19611.0,15681.0,11770.0,19607.5,15678.5,11768.5,4000.0,3000.0,2000.0,-8.875,0.5,-9.125,0.0,0.0,0.0,0.0,0.0,0.0,7841.0,0
4.236,19614.0,15684.0,11773.0,19611.5,15681.5,11770.5,3000.0,3000.0,3000.0,-9.125,0.5,-8.875,0.0,0.0,0.0,0.0,0.0,0.0,7841.0,0
4.237,19618.0,15687.0,11775.0,19614.5,15684.5,11773.5,4000.0,3000.0,2000.0,-8.375,0.5,-9.625,0.0,0.0,0.0,0.0,0.0,0.0,7843.0,0
4.238,19622.0,15690.0,11777.0,19618.5,15687.5,11775.5,4000.0,3000.0,2000.0,-8.625,0.5,-9.375,0.0,0.0,0.0,0.0,0.0,0.0,7845.0,0
4.239,19625.0,15693.0,11779.0,19622.5,15690.5,11777.5,3000.0,3000.0,2000.0,-8.875,0.5,-9.125,0.0,0.0,0.0,0.0,0.0,0.0,7846.0,0
4.24,19629.0,15696.0,11781.0,19625.5,15693.5,11779.5,4000.0,3000.0,2000.0,-8.125,0.5,-8.875,0.0,0.0,0.0,0.0,0.0,0.0,7848.0,0
4.241,19633.0,15699.0,11784.0,19629.5,15696.5,11781.5,4000.0,3000.0,3000.0,-8.375,0.5,-8.625,0.0,0.0,0.0,0.0,0.0,0.0,7849.0,0
4.242,19636.0,15702.0,11786.0,19633.5,15699.5,11784.5,3000.0,3000.0,2000.0,-8.625,0.5,-9.375,0.0,0.0,0.0,0.0,0.0,0.0,7850.0,0
4.243,19640.0,15705.0,11788.0,19636.5,15702.5,11786.5,4000.0,3000.0,2000.0,-7.875,0.5,-9.125,0.0,0.0,0.0,0.0,0.0,0.0,7852.0,0
4.244,19644.0,15708.0,11790.0,19640.5,15705.5,11788.5,4000.0,3000.0,2000.0,-8.125,0.5,-8.875,0.0,0.0,0.0,0.0,0.0,0.0,7854.0,0
4.245,19647.0,15711.0,11792.0,19644.5,15708.5,11790.5,3000.0,3000.0,2000.0,-8.375,0.5,-8.625,0.0,0.0,0.0,0.0,0.0,0.0,7855.0,0
4.246,19651.0,15714.0,11795.0,19647.5,15711.5,11792.5,4000.0,3000.0,3000.0,-7.625,0.5,-8.375,0.0,0.0,0.0,0.0,0.0,0.0,7856.0,0
4.247,19655.0,15716.0,11797.0,19651.5,15714.5,11795.5,4000.0,2000.0,2000.0,-7.875,0.5,-9.125,0.0,0.0,0.0,0.0,0.0,0.0,7858.0,0
4.248,19658.0,15719.0,11799.0,19655.5,15716.5,11797.5,3000.0,3000.0,2000.0,-9.375,0.5,-9.625,0.0,0.0,0.0,0.0,0.0,0.0,7859.0,0
4.249,19662.0,15722.0,11801.0,19658.5,15719.5,11799.5,4000.0,3000.0,2000.0,-8.625,0.5,-9.375,0.0,0.0,0.0,0.0,0.0,0.0,7861.0,0
4.25,19666.0,15725.0,11803.0,19662.5,15722.5,11801.5,4000.0,3000.0,2000.0,-8.875,0.5,-9.125,0.0,0.0,0.0,0.0,0.0,0.0,7863.0,0
4.251,19669.0,15728.0,11806.0,19666.5,15725.5,11803.5,3000.0,3000.0,3000.0,-9.125,0.5,-8.875,0.0,0.0,0.0,0.0,0.0,0.0,7863.0,0
4.252,19673.0,15731.0,11808.0,19669.5,15728.5,11806.5,4000.0,3000.0,2000.0,-8.375,0.5,-9.625,0.0,0.0,0.0,0.0,0.0,0.0,7865.0,0
4.253,19677.0,15734.0,11810.0,19673.5,15731.5,11808.5,4000.0,3000.0,2000.0,-8.625,0.5,-9.375,0.0,0.0,0.0,0.0,0.0,0.0,7867.0,0
4.2540000000000004,19680.0,15737.0,11812.0,19677.5,15734.5,11810.5,3000.0,3000.0,2000.0,-8.875,0.5,-9.125,0.0,0.0,0.0,0.0,0.0,0.0,7868.0,0
4.255,19684.0,15740.0,11814.0,19680.5,15737.5,11812.5,4000.0,3000.0,2000.0,-8.125,0.5,-8.875,0.0,0.0,0.0,0.0,0.0,0.0,7870.0,0
4.256,19688.0,15743.0,11817.0,19684.5,15740.5,11814.5,4000.0,3000.0,3000.0,-8.375,0.5,-8.625,0.0,0.0,0.0,0.0,0.0,0.0,7871.0,0
4.257,19691.0,15746.0,11819.0,19688.5,15743.5,11817.5,3000.0,3000.0,2000.0,-8.625,0.5,-9.375,0.0,0.0,0.0,0.0,0.0,0.0,7872.0,0
4.258,19695.0,15749.0,11821.0,19691.5,15746.5,11819.5,4000.0,3000.0,2000.0,-7.875,0.5,-9.125,0.0,0.0,0.0,0.0,0.0,0.0,7874.0,0
4.259,19699.0,15752.0,11823.0,19695.5,15749.5,11821.5,4000.0,3000.0,2000.0,-8.125,0.5,-8.875,0.0,0.0,0.0,0.0,0.0,0.0,7876.0,0
4.26,19702.0,15755.0,11825.0,19699.5,15752.5,11823.5,3000.0,3000.0,2000.0,-8.375,0.5,-8.625,0.0,0.0,0.0,0.0,0.0,0.0,7877.0,0
4.261,19706.0,15758.0,11828.0,19702.5,15755.5,11825.5,4000.0,3000.0,3000.0,-7.625,0.5,-8.375,0.0,0.0,0.0,0.0,0.0,0.0,7878.0,0
4.2620000000000005,19710.0,15761.0,11830.0,19706.5,15758.5,11828.5,4000.0,3000.0,2000.0,-7.875,0.5,-9.125,0.0,0.0,0.0,0.0,0.0,0.0,7880.0,0
4.263,19713.0,15763.0,11832.0,19710.5,15761.5,11830.5,3000.0,2000.0,2000.0,-8.125,0.5,-8.875,0.0,0.0,0.0,0.0,0.0,0.0,7881.0,0
4.264,19717.0,15766.0,11834.0,19713.5,15763.5,11832.5,4000.0,3000.0,2000.0,-8.625,0.5,-9.375,0.0,0.0,0.0,0.0,0.0,0.0,7883.0,0
4.265,19721.0,15769.0,11836.0,19717.5,15766.5,11834.5,4000.0,3000.0,2000.0,-8.875,0.5,-9.125,0.0,0.0,0.0,0.0,0.0,0.0,7885.0,0
4.266,19724.0,15772.0,11839.0,19721.5,15769.5,11836.5,3000.0,3000.0,3000.0,-9.125,0.5,-8.875,0.0,0.0,0.0,0.0,0.0,0.0,7885.0,0
4.267,19728.0,15775.0,11841.0,19724.5,15772.5,11839.5,4000.0,3000.0,2000.0,-8.375,0.5,-9.625,0.0,0.0,0.0,0.0,0.0,0.0,7887.0,0
4.268,19732.0,15778.0,11843.0,19728.5,15775.5,11841.5,4000.0,3000.0,2000.0,-8.625,0.5,-9.375,0.0,0.0,0.0,0.0,0.0,0.0,7889.0,0
4.269,19735.0,15781.0,11845.0,19732.5,15778.5,11843.5,3000.0,3000.0,2000.0,-8.875,0.5,-9.125,0.0,0.0,0.0,0.0,0.0,0.0,7890.0,0
4.2700000000000005,19739.0,15784.0,11847.0,19735.5,15781.5,11845.5,4000.0,3000.0,2000.0,-8.125,0.5,-8.875,0.0,0.0,0.0,0.0,0.0,0.0,7892.0,0
4.271,19743.0,15787.0,11850.0,19739.5,15784.5,11847.5,4000.0,3000.0,3000.0,-8.375,0.5,-8.625,0.0,0.0,0.0,0.0,0.0,0.0,7893.0,0
4.272,19746.0,15790.0,11852.0,19743.5,15787.5,11850.5,3000.0,3000.0,2000.0,-8.625,0.5,-9.375,0.0,0.0,0.0,0.0,0.0,0.0,7894.0,0
4.273,19750.0,15793.0,11854.0,19746.5,15790.5,11852.5,4000.0,3000.0,2000.0,-7.875,0.5,-9.125,0.0,0.0,0.0,0.0,0.0,0.0,7896.0,0
4.274,19754.0,15796.0,11856.0,19750.5,15793.5,11854.5,4000.0,3000.0,2000.0,-8.125,0.5,-8.875,0.0,0.0,0.0,0.0,0.0,0.0,7898.0,0
4.275,19757.0,15799.0,11858.0,19754.5,15796.5,11856.5,3000.0,3000.0,2000.0,-8.375,0.5,-8.625,0.0,0.0,0.0,0.0,0.0,0.0,7899.0,0
4.276,19761.0,15802.0,11861.0,19757.5,15799.5,11858.5,4000.0,3000.0,3000.0,-7.625,0.5,-8.375,0.0,0.0,0.0,0.0,0.0,0.0,7900.0,0
4.277,19765.0,15805.0,11863.0,19761.5,15802.5,11861.5,4000.0,3000.0,2000.0,-7.875,0.5,-9.125,0.0,0.0,0.0,0.0,0.0,0.0,7902.0,0
4.2780000000000005,19768.0,15808.0,11865.0,19765.5,15805.5,11863.5,3000.0,3000.0,2000.0,-8.125,0.5,-8.875,0.0,0.0,0.0,0.0,0.0,0.0,7903.0,0
4.279,19772.0,15810.0,11867.0,19768.5,15808.5,11865.5,4000.0,2000.0,2000.0,-7.375,0.5,-8.625,0.0,0.0,0.0,0.0,0.0,0.0,7905.0,0
4.28,19776.0,15813.0,11869.0,19772.5,15810.5,11867.5,4000.0,3000.0,2000.0,-8.875,0.5,-9.125,0.0,0.0,0.0,0.0,0.0,0.0,7907.0,0
4.281,19779.0,15816.0,11872.0,19776.5,15813.5,11869.5,3000.0,3000.0,3000.0,-9.125,0.5,-8.875,0.0,0.0,0.0,0.0,0.0,0.0,7907.0,0
4.282,19783.0,15819.0,11874.0,19779.5,15816.5,11872.5,4000.0,3000.0,2000.0,-8.375,0.5,-9.625,0.0,0.0,0.0,0.0,0.0,0.0,7909.0,0
4.283,19787.0,15822.0,11876.0,19783.5,15819.5,11874.5,4000.0,3000.0,2000.0,-8.625,0.5,-9.375,0.0,0.0,0.0,0.0,0.0,0.0,7911.0,0
4.284,19790.0,15825.0,11878.0,19787.5,15822.5,11876.5,3000.0,3000.0,2000.0,-8.875,0.5,-9.125,0.0,0.0,0.0,0.0,0.0,0.0,7912.0,0
4.285,19794.0,15828.0,11881.0,19790.5,15825.5,11878.5,4000.0,3000.0,3000.0,-8.125,0.5,-8.875,0.0,0.0,0.0,0.0,0.0,0.0,7913.0,0
4.2860000000000005,19798.0,15831.0,11883.0,19794.5,15828.5,11881.5,4000.0,3000.0,2000.0,-8.375,0.5,-9.625,0.0,0.0,0.0,0.0,0.0,0.0,7915.0,0
4.287,19801.0,15834.0,11885.0,19798.5,15831.5,11883.5,3000.0,3000.0,2000.0,-8.625,0.5,-9.375,0.0,0.0,0.0,0.0,0.0,0.0,7916.0,0
4.288,19805.0,15837.0,11887.0,19801.5,15834.5,11885.5,4000.0,3000.0,2000.0,-7.875,0.5,-9.125,0.0,0.0,0.0,0.0,0.0,0.0,7918.0,0
4.289,19809.0,15840.0,11889.0,19805.5,15837.5,11887.5,4000.0,3000.0,2000.0,-8.125,0.5,-8.875,0.0,0.0,0.0,0.0,0.0,0.0,7920.0,0
4.29,19812.0,15843.0,11892.0,19809.5,15840.5,11889.5,3000.0,3000.0,3000.0,-8.375,0.5,-8.625,0.0,0.0,0.0,0.0,0.0,0.0,7920.0,0
4.291,19816.0,15846.0,11894.0,19812.5,15843.5,11892.5,4000.0,3000.0,2000.0,-7.625,0.5,-9.375,0.0,0.0,0.0,0.0,0.0,0.0,7922.0,0
4.292,19820.0,15849.0,11896.0,19816.5,15846.5,11894.5,4000.0,3000.0,2000.0,-7.875,0.5,-9.125,0.0,0.0,0.0,0.0,0.0,0.0,7924.0,0
4.293,19823.0,15852.0,11898.0,19820.5,15849.5,11896.5,3000.0,3000.0,2000.0,-8.125,0.5,-8.875,0.0,0.0,0.0,0.0,0.0,0.0,7925.0,0
4.2940000000000005,19827.0,15855.0,11900.0,19823.5,15852.5,11898.5,4000.0,3000.0,2000.0,-7.375,0.5,-8.625,0.0,0.0,0.0,0.0,0.0,0.0,7927.0,0
4.295,19831.0,15857.0,11903.0,19827.5,15855.5,11900.5,4000.0,2000.0,3000.0,-7.625,0.5,-8.375,0.0,0.0,0.0,0.0,0.0,0.0,7928.0,0
4.296,19834.0,15860.0,11905.0,19831.5,15857.5,11903.5,3000.0,3000.0,2000.0,-9.125,0.5,-9.875,0.0,0.0,0.0,0.0,0.0,0.0,7929.0,0
4.297,19838.0,15863.0,11907.0,19834.5,15860.5,11905.5,4000.0,3000.0,2000.0,-8.375,0.5,-9.625,0.0,0.0,0.0,0.0,0.0,0.0,7931.0,0
4.298,19842.0,15866.0,11909.0,19838.5,15863.5,11907.5,4000.0,3000.0,2000.0,-8.625,0.5,-9.375,0.0,0.0,0.0,0.0,0.0,0.0,7933.0,0
4.299,19845.0,15869.0,11911.0,19842.5,15866.5,11909.5,3000.0,3000.0,2000.0,-8.875,0.5,-9.125,0.0,0.0,0.0,0.0,0.0,0.0,7934.0,0
4.3,19849.0,15872.0,11914.0,19845.5,15869.5,11911.5,4000.0,3000.0,3000.0,-8.125,0.5,-8.875,0.0,0.0,0.0,0.0,0.0,0.0,7935.0,0
4.301,19853.0,15875.0,11916.0,19849.5,15872.5,11914.5,4000.0,3000.0,2000.0,-8.375,0.5,-9.625,0.0,0.0,0.0,0.0,0.0,0.0,7937.0,0
4.3020000000000005,19856.0,15878.0,11918.0,19853.5,15875.5,11916.5,3000.0,3000.0,2000.0,-8.625,0.5,-9.375,0.0,0.0,0.0,0.0,0.0,0.0,7938.0,0
4.303,19860.0,15881.0,11920.0,19856.5,15878.5,11918.5,4000.0,3000.0,2000.0,-7.875,0.5,-9.125,0.0,0.0,0.0,0.0,0.0,0.0,7940.0,0
4.304,19864.0,15884.0,11922.0,19860.5,15881.5,11920.5,4000.0,3000.0,2000.0,-8.125,0.5,-8.875,0.0,0.0,0.0,0.0,0.0,0.0,7942.0,0
4.305,19867.0,15887.0,11925.0,19864.5,15884.5,11922.5,3000.0,3000.0,3000.0,-8.375,0.5,-8.625,0.0,0.0,0.0,0.0,0.0,0.0,7942.0,0
4.306,19871.0,15890.0,11927.0,19867.5,15887.5,11925.5,4000.0,3000.0,2000.0,-7.625,0.5,-9.375,0.0,0.0,0.0,0.0,0.0,0.0,7944.0,0
4.307,19875.0,15893.0,11929.0,19871.5,15890.5,11927.5,4000.0,3000.0,2000.0,-7.875,0.5,-9.125,0.0,0.0,0.0,0.0,0.0,0.0,7946.0,0
4.308,19878.0,15896.0,11931.0,19875.5,15893.5,11929.5,3000.0,3000.0,2000.0,-8.125,0.5,-8.875,0.0,0.0,0.0,0.0,0.0,0.0,7947.0,0
4.309,19882.0,15899.0,11933.0,19878.5,15896.5,11931.5,4000.0,3000.0,2000.0,-7.375,0.5,-8.625,0.0,0.0,0.0,0.0,0.0,0.0,7949.0,0
4.3100000000000005,19886.0,15901.0,11936.0,19882.5,15899.5,11933.5,4000.0,2000.0,3000.0,-7.625,0.5,-8.375,0.0,0.0,0.0,0.0,0.0,0.0,7950.0,0
4.311,19889.0,15904.0,11938.0,19886.5,15901.5,11936.5,3000.0,3000.0,2000.0,-9.125,0.5,-9.875,0.0,0.0,0.0,0.0,0.0,0.0,7951.0,0
4.312,19893.0,15907.0,11940.0,19889.5,15904.5,11938.5,4000.0,3000.0,2000.0,-8.375,0.5,-9.625,0.0,0.0,0.0,0.0,0.0,0.0,7953.0,0
4.313,19897.0,15910.0,11942.0,19893.5,15907.5,11940.5,4000.0,3000.0,2000.0,-8.625,0.5,-9.375,0.0,0.0,0.0,0.0,0.0,0.0,7955.0,0
4.314,19900.0,15913.0,11944.0,19897.5,15910.5,11942.5,3000.0,3000.0,2000.0,-8.875,0.5,-9.125,0.0,0.0,0.0,0.0,0.0,0.0,7956.0,0
4.315,19904.0,15916.0,11947.0,19900.5,15913.5,11944.5,4000.0,3000.0,3000.0,-8.125,0.5,-8.875,0.0,0.0,0.0,0.0,0.0,0.0,7957.0,0
4.316,19908.0,15919.0,11949.0,19904.5,15916.5,11947.5,4000.0,3000.0,2000.0,-8.375,0.5,-9.625,0.0,0.0,0.0,0.0,0.0,0.0,7959.0,0
4.317,19911.0,15922.0,11951.0,19908.5,15919.5,11949.5,3000.0,3000.0,2000.0,-8.625,0.5,-9.375,0.0,0.0,0.0,0.0,0.0,0.0,7960.0,0
4.3180000000000005,19915.0,15925.0,11953.0,19911.5,15922.5,11951.5,4000.0,3000.0,2000.0,-7.875,0.5,-9.125,0.0,0.0,0.0,0.0,0.0,0.0,7962.0,0
4.319,19919.0,15928.0,11955.0,19915.5,15925.5,11953.5,4000.0,3000.0,2000.0,-8.125,0.5,-8.875,0.0,0.0,0.0,0.0,0.0,0.0,7964.0,0
4.32,19922.0,15931.0,11958.0,19919.5,15928.5,11955.5,3000.0,3000.0,3000.0,-8.375,0.5,-8.625,0.0,0.0,0.0,0.0,0.0,0.0,7964.0,0
4.321,19926.0,15934.0,11960.0,19922.5,15931.5,11958.5,4000.0,3000.0,2000.0,-7.625,0.5,-9.375,0.0,0.0,0.0,0.0,0.0,0.0,7966.0,0
4.322,19930.0,15937.0,11962.0,19926.5,15934.5,11960.5,4000.0,3000.0,2000.0,-7.875,0.5,-9.125,0.0,0.0,0.0,0.0,0.0,0.0,7968.0,0
4.323,19933.0,15940.0,11964.0,19930.5,15937.5,11962.5,3000.0,3000.0,2000.0,-8.125,0.5,-8.875,0.0,0.0,0.0,0.0,0.0,0.0,7969.0,0
4.324,19937.0,15943.0,11966.0,19933.5,15940.5,11964.5,4000.0,3000.0,2000.0,-7.375,0.5,-8.625,0.0,0.0,0.0,0.0,0.0,0.0,7971.0,0
4.325,19941.0,15946.0,11969.0,19937.5,15943.5,11966.5,4000.0,3000.0,3000.0,-7.625,0.5,-8.375,0.0,0.0,0.0,0.0,0.0,0.0,7972.0,0
4.3260000000000005,19944.0,15948.0,11971.0,19941.5,15946.5,11969.5,3000.0,2000.0,2000.0,-7.875,0.5,-9.125,0.0,0.0,0.0,0.0,0.0,0.0,7973.0,0
4.327,19948.0,15951.0,11973.0,19944.5,15948.5,11971.5,4000.0,3000.0,2000.0,-8.375,0.5,-9.625,0.0,0.0,0.0,0.0,0.0,0.0,7975.0,0
4.328,19952.0,15954.0,11975.0,19948.5,15951.5,11973.5,4000.0,3000.0,2000.0,-8.625,0.5,-9.375,0.0,0.0,0.0,0.0,0.0,0.0,7977.0,0
4.329,19955.0,15957.0,11977.0,19952.5,15954.5,11975.5,3000.0,3000.0,2000.0,-8.875,0.5,-9.125,0.0,0.0,0.0,0.0,0.0,0.0,7978.0,0
4.33,19959.0,15960.0,11980.0,19955.5,15957.5,11977.5,4000.0,3000.0,3000.0,-8.125,0.5,-8.875,0.0,0.0,0.0,0.0,0.0,0.0,7979.0,0
4.331,19963.0,15963.0,11982.0,19959.5,15960.5,11980.5,4000.0,3000.0,2000.0,-8.375,0.5,-9.625,0.0,0.0,0.0,0.0,0.0,0.0,7981.0,0
4.332,19966.0,15966.0,11984.0,19963.5,15963.5,11982.5,3000.0,3000.0,2000.0,-8.625,0.5,-9.375,0.0,0.0,0.0,0.0,0.0,0.0,7982.0,0
4.333,19970.0,15969.0,11986.0,19966.5,15966.5,11984.5,4000.0,3000.0,2000.0,-7.875,0.5,-9.125,0.0,0.0,0.0,0.0,0.0,0.0,7984.0,0
4.3340000000000005,19973.0,15972.0,11988.0,19970.5,15969.5,11986.5,3000.0,3000.0,2000.0,-8.125,0.5,-8.875,0.0,0.0,0.0,0.0,0.0,0.0,7985.0,0
4.335,19976.0,15975.0,11991.0,19973.5,15972.5,11988.5,3000.0,3000.0,3000.0,-7.375,0.5,-8.625,0.0,0.0,0.0,0.0,0.0,0.0,7985.0,0
4.336,19979.0,15978.0,11993.0,19976.5,15975.5,11991.5,3000.0,3000.0,2000.0,-6.625,0.5,-9.375,0.0,0.0,0.0,0.0,0.0,0.0,7986.0,0
4.337,19982.0,15981.0,11995.0,19979.5,15978.5,11993.5,3000.0,3000.0,2000.0,-5.875,0.5,-9.125,0.0,0.0,0.0,0.0,0.0,0.0,7987.0,0
