t_s,dda_pos_x,dda_pos_y,dda_pos_z,enc_rel_x,enc_rel_y,enc_rel_z,vel_sps_x,vel_sps_y,vel_sps_z,err_steps_x,err_steps_y,err_steps_z,active_load_x,active_load_y,active_load_z,load_timer_x,load_timer_y,load_timer_z,span_steps,global_stop
0.0,0.0,0.0,0.0,0.5,0.5,0.5,0.0,0.0,0.0,0.0,0.0,0.0,0.0,0.0,0.0,0.0,0.0,0.0,0.0,0
0.0,0.0,0.0,0.0,0.5,0.5,0.5,0.0,0.0,0.0,0.5,0.4,0.30000000000000004,0.0,0.0,0.0,0.0,0.0,0.0,0.0,0
0.001,0.0,0.0,0.0,0.5,0.5,0.5,0.0,0.0,0.0,0.5,0.4,0.30000000000000004,0.0,0.0,0.0,0.0,0.0,0.0,0.0,0
0.002,1.0,1.0,1.0,0.5,0.5,0.5,1000.0,1000.0,1000.0,0.5,0.4,0.30000000000000004,0.0,0.0,0.0,0.0,0.0,0.0,0.0,0
0.003,2.0,2.0,2.0,1.5,1.5,1.5,1000.0,1000.0,1000.0,0.5,0.19999999999999996,-0.10000000000000009,0.0,0.0,0.0,0.0,0.0,0.0,0.0,0
0.004,3.0,3.0,3.0,2.5,2.5,2.5,1000.0,1000.0,1000.0,0.5,0.0,-0.5,0.0,0.0,0.0,0.0,0.0,0.0,0.0,0
0.005,4.0,4.0,4.0,3.5,3.5,3.5,1000.0,1000.0,1000.0,0.5,-0.20000000000000018,-0.8999999999999999,0.0,0.0,0.0,0.0,0.0,0.0,0.0,0
0.006,5.0,5.0,5.0,4.5,4.5,4.5,1000.0,1000.0,1000.0,0.5,-0.40000000000000036,-1.2999999999999998,0.0,0.0,0.0,0.0,0.0,0.0,0.0,0
0.007,7.0,7.0,7.0,5.5,5.5,5.5,2000.0,2000.0,2000.0,0.5,-0.5999999999999996,-1.7000000000000002,0.0,0.0,0.0,0.0,0.0,0.0,0.0,0
0.008,9.0,9.0,9.0,7.5,7.5,7.5,2000.0,2000.0,2000.0,0.5,-1.0,-2.5,0.0,0.0,0.0,0.0,0.0,0.0,0.0,0
0.009000000000000001,11.0,11.0,11.0,9.5,9.5,9.5,2000.0,2000.0,2000.0,0.5,-1.4000000000000004,-3.3,0.0,0.0,0.0,0.0,0.0,0.0,0.0,0
0.01,13.0,13.0,13.0,11.5,11.5,11.5,2000.0,2000.0,2000.0,0.5,-1.8000000000000007,-4.1,0.0,0.0,0.0,0.0,0.0,0.0,0.0,0
0.011,15.0,15.0,15.0,13.5,13.5,13.5,2000.0,2000.0,2000.0,0.5,-2.1999999999999993,-4.9,0.0,0.0,0.0,0.0,0.0,0.0,0.0,0
0.012,18.0,18.0,18.0,15.5,15.5,15.5,3000.0,3000.0,3000.0,0.5,-2.5999999999999996,-5.699999999999999,0.0,0.0,0.0,0.0,0.0,0.0,0.0,0
0.013000000000000001,21.0,21.0,21.0,18.5,18.5,18.5,3000.0,3000.0,3000.0,0.5,-3.1999999999999993,-6.9,0.0,0.0,0.0,0.0,0.0,0.0,0.0,0
0.014,24.0,24.0,24.0,21.5,21.5,21.5,3000.0,3000.0,3000.0,0.5,-3.8000000000000007,-8.1,0.0,0.0,0.0,0.0,0.0,0.0,0.0,0
0.015,27.0,27.0,27.0,24.5,24.5,24.5,3000.0,3000.0,3000.0,0.5,-4.399999999999999,-9.3,0.0,0.0,0.0,0.0,0.0,0.0,0.0,0
0.016,30.0,30.0,30.0,27.5,27.5,27.5,3000.0,3000.0,3000.0,0.5,-5.0,-10.5,0.0,0.0,0.0,0.0,0.0,0.0,0.0,0
0.017,34.0,34.0,34.0,30.5,30.5,30.5,4000.0,4000.0,4000.0,0.5,-5.600000000000001,-11.7,0.0,0.0,0.0,0.0,0.0,0.0,0.0,0
0.018000000000000002,38.0,38.0,38.0,34.5,34.5,34.5,4000.0,4000.0,4000.0,0.5,-6.399999999999999,-13.3,0.0,0.0,0.0,0.0,0.0,0.0,0.0,0
0.019,42.0,42.0,42.0,38.5,38.5,38.5,4000.0,4000.0,4000.0,0.5,-7.199999999999999,-14.899999999999999,0.0,0.0,0.0,0.0,0.0,0.0,0.0,0
0.02,46.0,46.0,46.0,42.5,42.5,42.5,4000.0,4000.0,4000.0,0.5,-8.0,-16.5,0.0,0.0,0.0,0.0,0.0,0.0,0.0,0
0.021,50.0,50.0,50.0,46.5,46.5,46.5,4000.0,4000.0,4000.0,0.5,-8.799999999999997,-18.1,0.0,0.0,0.0,0.0,0.0,0.0,0.0,0
0.022,55.0,55.0,55.0,50.5,50.5,50.5,5000.0,5000.0,5000.0,0.5,-9.600000000000001,-19.7,0.0,0.0,0.0,0.0,0.0,0.0,0.0,0
0.023,60.0,60.0,60.0,55.5,55.5,55.5,5000.0,5000.0,5000.0,0.5,-10.600000000000001,-21.700000000000003,0.0,0.0,0.0,0.0,0.0,0.0,0.0,0
0.024,65.0,65.0,65.0,60.5,60.5,60.5,5000.0,5000.0,5000.0,0.5,-11.600000000000001,-23.700000000000003,0.0,0.0,0.0,0.0,0.0,0.0,0.0,0
0.025,70.0,70.0,70.0,65.5,65.5,65.5,5000.0,5000.0,5000.0,0.5,-12.600000000000001,-25.700000000000003,0.0,0.0,0.0,0.0,0.0,0.0,0.0,0
0.026000000000000002,75.0,75.0,75.0,70.5,70.5,70.5,5000.0,5000.0,5000.0,0.5,-13.600000000000001,-27.700000000000003,0.0,0.0,0.0,0.0,0.0,0.0,0.0,0
0.027,81.0,81.0,80.0,75.5,75.5,75.5,6000.0,6000.0,5000.0,0.5,-14.600000000000001,-29.700000000000003,0.0,0.0,0.0,0.0,0.0,0.0,1.0,0
0.028,87.0,87.0,85.0,81.5,81.5,80.5,6000.0,6000.0,5000.0,0.5,-15.799999999999997,-31.1,0.0,0.0,0.0,0.0,0.0,0.0,2.0,0
0.029,93.0,93.0,90.0,87.5,87.5,85.5,6000.0,6000.0,5000.0,0.5,-17.0,-32.5,0.0,0.0,0.0,0.0,0.0,0.0,3.0,0
0.03,99.0,99.0,95.0,93.5,93.5,90.5,6000.0,6000.0,5000.0,0.5,-18.200000000000003,-33.9,0.0,0.0,0.0,0.0,0.0,0.0,4.0,0
0.031,105.0,105.0,99.0,99.5,99.5,95.5,6000.0,6000.0,4000.0,0.5,-19.400000000000006,-35.3,0.0,0.0,0.0,0.0,0.0,0.0,6.0,0
0.032,112.0,111.0,104.0,105.5,105.5,99.5,7000.0,6000.0,5000.0,0.5,-20.599999999999994,-35.7,0.0,0.0,0.0,0.0,0.0,0.0,8.0,0
0.033,119.0,117.0,109.0,112.5,111.5,104.5,7000.0,6000.0,5000.0,0.5,-21.0,-36.5,0.0,0.0,0.0,0.0,0.0,0.0,10.0,0
0.034,126.0,123.0,113.0,119.5,117.5,109.5,7000.0,6000.0,4000.0,0.5,-21.400000000000006,-37.3,0.0,0.0,0.0,0.0,0.0,0.0,13.0,0
0.035,133.0,129.0,118.0,126.5,123.5,113.5,7000.0,6000.0,5000.0,0.5,-21.799999999999997,-37.099999999999994,0.0,0.0,0.0,0.0,0.0,0.0,15.0,0
0.036000000000000004,140.0,134.0,123.0,133.5,129.5,118.5,7000.0,5000.0,5000.0,0.5,-22.200000000000003,-37.900000000000006,0.0,0.0,0.0,0.0,0.0,0.0,17.0,0
0.037,148.0,140.0,127.0,140.5,134.5,123.5,8000.0,6000.0,4000.0,0.5,-21.599999999999994,-38.7,0.0,0.0,0.0,0.0,0.0,0.0,21.0,0
0.038,156.0,146.0,132.0,148.5,140.5,127.5,8000.0,6000.0,5000.0,0.5,-21.200000000000003,-37.900000000000006,0.0,0.0,0.0,0.0,0.0,0.0,24.0,0
0.039,164.0,152.0,136.0,156.5,146.5,132.5,8000.0,6000.0,4000.0,0.5,-20.799999999999997,-38.099999999999994,0.0,0.0,0.0,0.0,0.0,0.0,28.0,0
0.04,172.0,158.0,141.0,164.5,152.5,136.5,8000.0,6000.0,5000.0,0.5,-20.400000000000006,-37.3,0.0,0.0,0.0,0.0,0.0,0.0,31.0,0
0.041,180.0,163.0,145.0,172.5,158.5,141.5,8000.0,5000.0,4000.0,0.5,-20.0,-37.5,0.0,0.0,0.0,0.0,0.0,0.0,35.0,0
0.042,189.0,169.0,150.0,180.5,163.5,145.5,9000.0,6000.0,5000.0,0.5,-18.599999999999994,-36.7,0.0,0.0,0.0,0.0,0.0,0.0,39.0,0
0.043000000000000003,198.0,175.0,154.0,189.5,169.5,150.5,9000.0,6000.0,4000.0,0.5,-17.400000000000006,-36.3,0.0,0.0,0.0,0.0,0.0,0.0,44.0,0
0.044,207.0,181.0,159.0,198.5,175.5,154.5,9000.0,6000.0,5000.0,0.5,-16.19999999999999,-34.900000000000006,0.0,0.0,0.0,0.0,0.0,0.0,48.0,0
0.045,216.0,187.0,163.0,207.5,181.5,159.5,9000.0,6000.0,4000.0,0.5,-15.0,-34.5,0.0,0.0,0.0,0.0,0.0,0.0,53.0,0
0.046,225.0,194.0,168.0,216.5,187.5,163.5,9000.0,7000.0,5000.0,0.5,-13.800000000000011,-33.099999999999994,0.0,0.0,0.0,0.0,0.0,0.0,57.0,0
0.047,235.0,200.0,173.0,225.5,194.5,168.5,10000.0,6000.0,5000.0,0.5,-13.599999999999994,-32.69999999999999,0.0,0.0,0.0,0.0,0.0,0.0,62.0,0
0.048,245.0,206.0,177.0,235.5,200.5,173.5,10000.0,6000.0,4000.0,0.5,-11.599999999999994,-31.69999999999999,0.0,0.0,0.0,0.0,0.0,0.0,68.0,0
0.049,255.0,213.0,182.0,245.5,206.5,177.5,10000.0,7000.0,5000.0,0.5,-9.599999999999994,-29.69999999999999,0.0,0.0,0.0,0.0,0.0,0.0,73.0,0
0.05,265.0,219.0,186.0,255.5,213.5,182.5,10000.0,6000.0,4000.0,0.5,-8.599999999999994,-28.69999999999999,0.0,0.0,0.0,0.0,0.0,0.0,79.0,0
0.051000000000000004,275.0,226.0,191.0,265.5,219.5,186.5,10000.0,7000.0,5000.0,0.5,-6.599999999999994,-26.69999999999999,0.0,0.0,0.0,0.0,0.0,0.0,84.0,0
0.052000000000000005,285.0,234.0,195.0,275.5,226.5,191.5,10000.0,8000.0,4000.0,0.5,-5.599999999999994,-25.69999999999999,0.0,0.0,0.0,0.0,0.0,0.0,90.0,0
0.053,295.0,241.0,200.0,285.5,234.5,195.5,10000.0,7000.0,5000.0,0.5,-5.599999999999994,-23.69999999999999,0.0,0.0,0.0,0.0,0.0,0.0,95.0,0
0.054,305.0,248.0,205.0,295.5,241.5,200.5,10000.0,7000.0,5000.0,0.5,-4.599999999999994,-22.69999999999999,0.0,0.0,0.0,0.0,0.0,0.0,100.0,0
0.055,315.0,256.0,210.0,305.5,248.5,205.5,10000.0,8000.0,5000.0,0.5,-3.5999999999999943,-21.69999999999999,0.0,0.0,0.0,0.0,0.0,0.0,105.0,0
0.056,325.0,263.0,214.0,315.5,256.5,210.5,10000.0,7000.0,4000.0,0.5,-3.5999999999999943,-20.69999999999999,0.0,0.0,0.0,0.0,0.0,0.0,111.0,0
0.057,335.0,270.0,219.0,325.5,263.5,214.5,10000.0,7000.0,5000.0,0.5,-2.6000000000000227,-18.69999999999999,0.0,0.0,0.0,0.0,0.0,0.0,116.0,0
0.058,345.0,278.0,224.0,335.5,270.5,219.5,10000.0,8000.0,5000.0,0.5,-1.6000000000000227,-17.69999999999999,0.0,0.0,0.0,0.0,0.0,0.0,121.0,0
0.059000000000000004,355.0,285.0,229.0,345.5,278.5,224.5,10000.0,7000.0,5000.0,0.5,-1.6000000000000227,-16.69999999999999,0.0,0.0,0.0,0.0,0.0,0.0,126.0,0
0.06,365.0,292.0,234.0,355.5,285.5,229.5,10000.0,7000.0,5000.0,0.5,-0.6000000000000227,-15.699999999999989,0.0,0.0,0.0,0.0,0.0,0.0,131.0,0
0.061,375.0,300.0,238.0,365.5,292.5,234.5,10000.0,8000.0,4000.0,0.5,0.39999999999997726,-14.699999999999989,0.0,0.0,0.0,0.0,0.0,0.0,137.0,0
0.062,385.0,307.0,243.0,375.5,300.5,238.5,10000.0,7000.0,5000.0,0.5,0.39999999999997726,-12.699999999999989,0.0,0.0,0.0,0.0,0.0,0.0,142.0,0
0.063,395.0,314.0,248.0,385.5,307.5,243.5,10000.0,7000.0,5000.0,-0.625,0.5,-12.375,0.0,0.0,0.0,0.0,0.0,0.0,147.0,0
0.064,405.0,322.0,253.0,395.5,314.5,248.5,10000.0,8000.0,5000.0,-1.875,0.5,-12.125,0.0,0.0,0.0,0.0,0.0,0.0,152.0,0
0.065,415.0,329.0,258.0,405.5,322.5,253.5,10000.0,7000.0,5000.0,-1.875,0.5,-11.125,0.0,0.0,0.0,0.0,0.0,0.0,157.0,0
0.066,425.0,336.0,263.0,415.5,329.5,258.5,10000.0,7000.0,5000.0,-3.125,0.5,-10.875,0.0,0.0,0.0,0.0,0.0,0.0,162.0,0
0.067,435.0,344.0,268.0,425.5,336.5,263.5,10000.0,8000.0,5000.0,-4.375,0.5,-10.625,0.0,0.0,0.0,0.0,0.0,0.0,167.0,0
0.068,445.0,351.0,273.0,435.5,344.5,268.5,10000.0,7000.0,5000.0,-4.375,0.5,-9.625,0.0,0.0,0.0,0.0,0.0,0.0,172.0,0
0.069,455.0,358.0,278.0,445.5,351.5,273.5,10000.0,7000.0,5000.0,-5.625,0.5,-9.375,0.0,0.0,0.0,0.0,0.0,0.0,177.0,0
0.07,465.0,366.0,284.0,455.5,358.5,278.5,10000.0,8000.0,6000.0,-6.875,0.5,-9.125,0.0,0.0,0.0,0.0,0.0,0.0,181.0,0
0.07100000000000001,475.0,373.0,289.0,465.5,366.5,284.5,10000.0,7000.0,5000.0,-6.875,0.5,-9.125,0.0,0.0,0.0,0.0,0.0,0.0,186.0,0
0.07200000000000001,485.0,380.0,294.0,475.5,373.5,289.5,10000.0,7000.0,5000.0,-8.125,0.5,-8.875,0.0,0.0,0.0,0.0,0.0,0.0,191.0,0
0.073,495.0,388.0,299.0,485.5,380.5,294.5,10000.0,8000.0,5000.0,-9.375,0.5,-8.625,0.0,0.0,0.0,0.0,0.0,0.0,196.0,0
0.074,505.0,395.0,305.0,495.5,388.5,299.5,10000.0,7000.0,6000.0,-9.375,0.5,-7.625,0.0,0.0,0.0,0.0,0.0,0.0,200.0,0
0.075,514.0,402.0,310.0,505.5,395.5,305.5,9000.0,7000.0,5000.0,-10.625,0.5,-8.375,0.0,0.0,0.0,0.0,0.0,0.0,204.0,0
0.076,524.0,410.0,315.0,514.5,402.5,310.5,10000.0,8000.0,5000.0,-10.875,0.5,-8.125,0.0,0.0,0.0,0.0,0.0,0.0,209.0,0
0.077,533.0,417.0,320.0,524.5,410.5,315.5,9000.0,7000.0,5000.0,-10.875,0.5,-7.125,0.0,0.0,0.0,0.0,0.0,0.0,213.0,0
0.078,543.0,424.0,326.0,533.5,417.5,320.5,10000.0,7000.0,6000.0,-11.125,0.5,-6.875,0.0,0.0,0.0,0.0,0.0,0.0,217.0,0
0.079,552.0,432.0,331.0,543.5,424.5,326.5,9000.0,8000.0,5000.0,-12.375,0.5,-7.625,0.0,0.0,0.0,0.0,0.0,0.0,221.0,0
0.08,562.0,439.0,336.0,552.5,432.5,331.5,10000.0,7000.0,5000.0,-11.375,0.5,-6.625,0.0,0.0,0.0,0.0,0.0,0.0,226.0,0
0.081,571.0,446.0,341.0,562.5,439.5,336.5,9000.0,7000.0,5000.0,-12.625,0.5,-6.375,0.0,0.0,0.0,0.0,0.0,0.0,230.0,0
0.082,581.0,454.0,347.0,571.5,446.5,341.5,10000.0,8000.0,6000.0,-12.875,0.5,-6.125,0.0,0.0,0.0,0.0,0.0,0.0,234.0,0
0.083,590.0,461.0,352.0,581.5,454.5,347.5,9000.0,7000.0,5000.0,-12.875,0.5,-6.125,0.0,0.0,0.0,0.0,0.0,0.0,238.0,0
0.084,600.0,468.0,357.0,590.5,461.5,352.5,10000.0,7000.0,5000.0,-13.125,0.5,-5.875,0.0,0.0,0.0,0.0,0.0,0.0,243.0,0
0.085,609.0,476.0,362.0,600.5,468.5,357.5,9000.0,8000.0,5000.0,-14.375,0.5,-5.625,0.0,0.0,0.0,0.0,0.0,0.0,247.0,0
0.08600000000000001,618.0,483.0,367.0,609.5,476.5,362.5,9000.0,7000.0,5000.0,-13.375,0.5,-4.625,0.0,0.0,0.0,0.0,0.0,0.0,251.0,0
0.08700000000000001,628.0,490.0,373.0,618.5,483.5,367.5,10000.0,7000.0,6000.0,-13.625,0.5,-4.375,0.0,0.0,0.0,0.0,0.0,0.0,255.0,0
0.088,637.0,498.0,378.0,628.5,490.5,373.5,9000.0,8000.0,5000.0,-14.875,0.5,-5.125,0.0,0.0,0.0,0.0,0.0,0.0,259.0,0
0.089,646.0,505.0,383.0,637.5,498.5,378.5,9000.0,7000.0,5000.0,-13.875,0.5,-4.125,0.0,0.0,0.0,0.0,0.0,0.0,263.0,0
0.09,656.0,512.0,388.0,646.5,505.5,383.5,10000.0,7000.0,5000.0,-14.125,0.5,-3.875,0.0,0.0,0.0,0.0,0.0,0.0,268.0,0
0.091,665.0,520.0,394.0,656.5,512.5,388.5,9000.0,8000.0,6000.0,-15.375,0.5,-3.625,0.0,0.0,0.0,0.0,0.0,0.0,271.0,0
0.092,674.0,527.0,399.0,665.5,520.5,394.5,9000.0,7000.0,5000.0,-14.375,0.5,-3.625,0.0,0.0,0.0,0.0,0.0,0.0,275.0,0
0.093,683.0,534.0,404.0,674.5,527.5,399.5,9000.0,7000.0,5000.0,-14.625,0.5,-3.375,0.0,0.0,0.0,0.0,0.0,0.0,279.0,0
0.094,693.0,542.0,409.0,683.5,534.5,404.5,10000.0,8000.0,5000.0,-14.875,0.5,-3.125,0.0,0.0,0.0,0.0,0.0,0.0,284.0,0
0.095,702.0,549.0,415.0,693.5,542.5,409.5,9000.0,7000.0,6000.0,-14.875,0.5,-2.125,0.0,0.0,0.0,0.0,0.0,0.0,287.0,0
0.096,711.0,556.0,420.0,702.5,549.5,415.5,9000.0,7000.0,5000.0,-15.125,0.5,-2.875,0.0,0.0,0.0,0.0,0.0,0.0,291.0,0
0.097,720.0,564.0,425.0,711.5,556.5,420.5,9000.0,8000.0,5000.0,-15.375,0.5,-2.625,0.0,0.0,0.0,0.0,0.0,0.0,295.0,0
0.098,729.0,571.0,430.0,720.5,564.5,425.5,9000.0,7000.0,5000.0,-14.375,0.5,-1.625,0.0,0.0,0.0,0.0,0.0,0.0,299.0,0
0.099,739.0,578.0,436.0,729.5,571.5,430.5,10000.0,7000.0,6000.0,-14.625,0.5,-1.375,0.0,0.0,0.0,0.0,0.0,0.0,303.0,0
0.1,748.0,586.0,441.0,739.5,578.5,436.5,9000.0,8000.0,5000.0,-15.875,0.5,-2.125,0.0,0.0,0.0,0.0,0.0,0.0,307.0,0
0.101,757.0,593.0,446.0,748.5,586.5,441.5,9000.0,7000.0,5000.0,-14.875,0.5,-1.125,0.0,0.0,0.0,0.0,0.0,0.0,311.0,0
0.10200000000000001,766.0,600.0,451.0,757.5,593.5,446.5,9000.0,7000.0,5000.0,-15.125,0.5,-0.875,0.0,0.0,0.0,0.0,0.0,0.0,315.0,0
0.10300000000000001,775.0,608.0,457.0,766.5,600.5,451.5,9000.0,8000.0,6000.0,-15.375,0.5,-0.625,0.0,0.0,0.0,0.0,0.0,0.0,318.0,0
0.10400000000000001,784.0,615.0,462.0,775.5,608.5,457.5,9000.0,7000.0,5000.0,-14.375,0.5,-0.625,0.0,0.0,0.0,0.0,0.0,0.0,322.0,0
0.105,793.0,622.0,467.0,784.5,615.5,462.5,9000.0,7000.0,5000.0,-14.625,0.5,-0.375,0.0,0.0,0.0,0.0,0.0,0.0,326.0,0
0.106,803.0,630.0,472.0,793.5,622.5,467.5,10000.0,8000.0,5000.0,-14.875,0.5,-0.125,0.0,0.0,0.0,0.0,0.0,0.0,331.0,0
0.107,812.0,637.0,477.0,803.5,630.5,472.5,9000.0,7000.0,5000.0,-15.5,0.0,0.5,0.0,0.0,0.0,0.0,0.0,0.0,335.0,0
0.108,821.0,644.0,483.0,812.5,637.5,477.5,9000.0,7000.0,6000.0,-16.16666666666663,-0.33333333333337123,0.5,0.0,0.0,0.0,0.0,0.0,0.0,338.0,0
0.109,830.0,652.0,488.0,821.5,644.5,483.5,9000.0,8000.0,5000.0,-15.375,0.5,0.375,0.0,0.0,0.0,0.0,0.0,0.0,342.0,0
0.11,839.0,659.0,493.0,830.5,652.5,488.5,9000.0,7000.0,5000.0,-15.833333333333371,-0.6666666666666288,0.5,0.0,0.0,0.0,0.0,0.0,0.0,346.0,0
0.111,848.0,666.0,498.0,839.5,659.5,493.5,9000.0,7000.0,5000.0,-16.5,-1.0,0.5,0.0,0.0,0.0,0.0,0.0,0.0,350.0,0
0.112,857.0,674.0,504.0,848.5,666.5,498.5,9000.0,8000.0,6000.0,-17.16666666666663,-1.3333333333333712,0.5,0.0,0.0,0.0,0.0,0.0,0.0,353.0,0
0.113,866.0,681.0,509.0,857.5,674.5,504.5,9000.0,7000.0,5000.0,-16.16666666666663,-1.3333333333333712,0.5,0.0,0.0,0.0,0.0,0.0,0.0,357.0,0
0.114,875.0,688.0,514.0,866.5,681.5,509.5,9000.0,7000.0,5000.0,-16.83333333333337,-1.6666666666666288,0.5,0.0,0.0,0.0,0.0,0.0,0.0,361.0,0
0.115,884.0,696.0,519.0,875.5,688.5,514.5,9000.0,8000.0,5000.0,-17.5,-2.0,0.5,0.0,0.0,0.0,0.0,0.0,0.0,365.0,0
0.116,892.0,703.0,525.0,884.5,696.5,519.5,8000.0,7000.0,6000.0,-18.16666666666663,-3.3333333333333712,0.5,0.0,0.0,0.0,0.0,0.0,0.0,367.0,0
0.117,901.0,710.0,530.0,892.5,703.5,525.5,9000.0,7000.0,5000.0,-16.16666666666663,-2.3333333333333712,0.5,0.0,0.0,0.0,0.0,0.0,0.0,371.0,0
0.11800000000000001,910.0,718.0,535.0,901.5,710.5,530.5,9000.0,8000.0,5000.0,-16.83333333333337,-2.6666666666666288,0.5,0.0,0.0,0.0,0.0,0.0,0.0,375.0,0
0.11900000000000001,919.0,725.0,540.0,910.5,718.5,535.5,9000.0,7000.0,5000.0,-17.5,-4.0,0.5,0.0,0.0,0.0,0.0,0.0,0.0,379.0,0
0.12,928.0,732.0,546.0,919.5,725.5,540.5,9000.0,7000.0,6000.0,-18.16666666666663,-4.333333333333371,0.5,0.0,0.0,0.0,0.0,0.0,0.0,382.0,0
0.121,937.0,740.0,551.0,928.5,732.5,546.5,9000.0,8000.0,5000.0,-17.16666666666663,-3.3333333333333712,0.5,0.0,0.0,0.0,0.0,0.0,0.0,386.0,0
0.122,946.0,747.0,556.0,937.5,740.5,551.5,9000.0,7000.0,5000.0,-17.83333333333337,-4.666666666666629,0.5,0.0,0.0,0.0,0.0,0.0,0.0,390.0,0
0.123,955.0,754.0,561.0,946.5,747.5,556.5,9000.0,7000.0,5000.0,-18.5,-5.0,0.5,0.0,0.0,0.0,0.0,0.0,0.0,394.0,0
0.124,963.0,762.0,567.0,955.5,754.5,561.5,8000.0,8000.0,6000.0,-19.16666666666663,-5.333333333333371,0.5,0.0,0.0,0.0,0.0,0.0,0.0,396.0,0
0.125,972.0,769.0,572.0,963.5,762.5,567.5,9000.0,7000.0,5000.0,-17.16666666666663,-5.333333333333371,0.5,0.0,0.0,0.0,0.0,0.0,0.0,400.0,0
0.126,981.0,776.0,577.0,972.5,769.5,572.5,9000.0,7000.0,5000.0,-17.83333333333337,-5.666666666666629,0.5,0.0,0.0,0.0,0.0,0.0,0.0,404.0,0
0.127,990.0,784.0,582.0,981.5,776.5,577.5,9000.0,8000.0,5000.0,-18.5,-6.0,0.5,0.0,0.0,0.0,0.0,0.0,0.0,408.0,0
0.128,998.0,791.0,588.0,990.5,784.5,582.5,8000.0,7000.0,6000.0,-19.16666666666663,-7.333333333333371,0.5,0.0,0.0,0.0,0.0,0.0,0.0,410.0,0
0.129,1007.0,798.0,593.0,998.5,791.5,588.5,9000.0,7000.0,5000.0,-17.16666666666663,-6.333333333333371,0.5,0.0,0.0,0.0,0.0,0.0,0.0,414.0,0
0.13,1016.0,806.0,598.0,1007.5,798.5,593.5,9000.0,8000.0,5000.0,-17.83333333333337,-6.666666666666629,0.5,0.0,0.0,0.0,0.0,0.0,0.0,418.0,0
0.131,1025.0,813.0,603.0,1016.5,806.5,598.5,9000.0,7000.0,5000.0,-18.5,-8.0,0.5,0.0,0.0,0.0,0.0,0.0,0.0,422.0,0
0.132,1033.0,820.0,608.0,1025.5,813.5,603.5,8000.0,7000.0,5000.0,-19.16666666666663,-8.333333333333371,0.5,0.0,0.0,0.0,0.0,0.0,0.0,425.0,0
0.133,1042.0,828.0,614.0,1033.5,820.5,608.5,9000.0,8000.0,6000.0,-18.83333333333337,-8.666666666666629,0.5,0.0,0.0,0.0,0.0,0.0,0.0,428.0,0
0.134,1051.0,835.0,619.0,1042.5,828.5,614.5,9000.0,7000.0,5000.0,-17.833333333333258,-8.666666666666629,0.5,0.0,0.0,0.0,0.0,0.0,0.0,432.0,0
0.135,1059.0,843.0,624.0,1051.5,835.5,619.5,8000.0,8000.0,5000.0,-18.5,-9.0,0.5,0.0,0.0,0.0,0.0,0.0,0.0,435.0,0
0.136,1068.0,850.0,629.0,1059.5,843.5,624.5,9000.0,7000.0,5000.0,-18.166666666666742,-10.333333333333371,0.5,0.0,0.0,0.0,0.0,0.0,0.0,439.0,0
0.137,1077.0,857.0,635.0,1068.5,850.5,629.5,9000.0,7000.0,6000.0,-18.833333333333258,-10.666666666666629,0.5,0.0,0.0,0.0,0.0,0.0,0.0,442.0,0
0.138,1085.0,864.0,640.0,1077.5,857.5,635.5,8000.0,7000.0,5000.0,-17.833333333333258,-9.666666666666629,0.5,0.0,0.0,0.0,0.0,0.0,0.0,445.0,0
0.139,1094.0,871.0,645.0,1085.5,864.5,640.5,9000.0,7000.0,5000.0,-17.5,-10.0,0.5,0.0,0.0,0.0,0.0,0.0,0.0,449.0,0
0.14,1102.0,877.0,650.0,1094.5,871.5,645.5,8000.0,6000.0,5000.0,-18.166666666666742,-10.333333333333371,0.5,0.0,0.0,0.0,0.0,0.0,0.0,452.0,0
0.14100000000000001,1111.0,884.0,656.0,1102.5,877.5,650.5,9000.0,7000.0,6000.0,-17.833333333333258,-9.666666666666629,0.5,0.0,0.0,0.0,0.0,0.0,0.0,455.0,0
0.14200000000000002,1120.0,891.0,661.0,1111.5,884.5,656.5,9000.0,7000.0,5000.0,-16.833333333333258,-8.666666666666629,0.5,0.0,0.0,0.0,0.0,0.0,0.0,459.0,0
0.14300000000000002,1128.0,899.0,666.0,1120.5,891.5,661.5,8000.0,8000.0,5000.0,-17.5,-9.0,0.5,0.0,0.0,0.0,0.0,0.0,0.0,462.0,0
0.14400000000000002,1137.0,906.0,671.0,1128.5,899.5,666.5,9000.0,7000.0,5000.0,-17.166666666666742,-10.333333333333371,0.5,0.0,0.0,0.0,0.0,0.0,0.0,466.0,0
0.145,1146.0,913.0,677.0,1137.5,906.5,671.5,9000.0,7000.0,6000.0,-17.833333333333258,-10.666666666666629,0.5,0.0,0.0,0.0,0.0,0.0,0.0,469.0,0
0.146,1154.0,920.0,682.0,1146.5,913.5,677.5,8000.0,7000.0,5000.0,-16.833333333333258,-9.666666666666629,0.5,0.0,0.0,0.0,0.0,0.0,0.0,472.0,0
0.147,1163.0,927.0,687.0,1154.5,920.5,682.5,9000.0,7000.0,5000.0,-16.5,-10.0,0.5,0.0,0.0,0.0,0.0,0.0,0.0,476.0,0
0.148,1171.0,933.0,692.0,1163.5,927.5,687.5,8000.0,6000.0,5000.0,-17.166666666666742,-10.333333333333371,0.5,0.0,0.0,0.0,0.0,0.0,0.0,479.0,0
0.149,1180.0,940.0,698.0,1171.5,933.5,692.5,9000.0,7000.0,6000.0,-16.833333333333258,-9.666666666666629,0.5,0.0,0.0,0.0,0.0,0.0,0.0,482.0,0
0.15,1188.0,947.0,703.0,1180.5,940.5,698.5,8000.0,7000.0,5000.0,-15.833333333333258,-8.666666666666629,0.5,0.0,0.0,0.0,0.0,0.0,0.0,485.0,0
0.151,1197.0,954.0,708.0,1188.5,947.5,703.5,9000.0,7000.0,5000.0,-15.5,-9.0,0.5,0.0,0.0,0.0,0.0,0.0,0.0,489.0,0
0.152,1206.0,962.0,713.0,1197.5,954.5,708.5,9000.0,8000.0,5000.0,-16.166666666666742,-9.333333333333371,0.5,0.0,0.0,0.0,0.0,0.0,0.0,493.0,0
0.153,1214.0,969.0,719.0,1206.5,962.5,713.5,8000.0,7000.0,6000.0,-16.833333333333258,-10.666666666666629,0.5,0.0,0.0,0.0,0.0,0.0,0.0,495.0,0
0.154,1223.0,976.0,724.0,1214.5,969.5,719.5,9000.0,7000.0,5000.0,-14.833333333333258,-9.666666666666629,0.5,0.0,0.0,0.0,0.0,0.0,0.0,499.0,0
0.155,1231.0,983.0,729.0,1223.5,976.5,724.5,8000.0,7000.0,5000.0,-15.5,-10.0,0.5,0.0,0.0,0.0,0.0,0.0,0.0,502.0,0
0.156,1240.0,990.0,734.0,1231.5,983.5,729.5,9000.0,7000.0,5000.0,-15.166666666666742,-10.333333333333371,0.5,0.0,0.0,0.0,0.0,0.0,0.0,506.0,0
0.157,1248.0,996.0,739.0,1240.5,990.5,734.5,8000.0,6000.0,5000.0,-15.833333333333258,-10.666666666666629,0.5,0.0,0.0,0.0,0.0,0.0,0.0,509.0,0
0.158,1257.0,1003.0,745.0,1248.5,996.5,739.5,9000.0,7000.0,6000.0,-15.5,-10.0,0.5,0.0,0.0,0.0,0.0,0.0,0.0,512.0,0
0.159,1266.0,1009.0,750.0,1257.5,1003.5,745.5,9000.0,6000.0,5000.0,-14.5,-9.0,0.5,0.0,0.0,0.0,0.0,0.0,0.0,516.0,0
0.16,1274.0,1016.0,755.0,1266.5,1009.5,750.5,8000.0,7000.0,5000.0,-15.166666666666742,-8.333333333333371,0.5,0.0,0.0,0.0,0.0,0.0,0.0,519.0,0
0.161,1283.0,1023.0,760.0,1274.5,1016.5,755.5,9000.0,7000.0,5000.0,-14.833333333333258,-8.666666666666629,0.5,0.0,0.0,0.0,0.0,0.0,0.0,523.0,0
0.162,1291.0,1030.0,766.0,1283.5,1023.5,760.5,8000.0,7000.0,6000.0,-15.5,-9.0,0.5,0.0,0.0,0.0,0.0,0.0,0.0,525.0,0
0.163,1300.0,1037.0,771.0,1291.5,1030.5,766.5,9000.0,7000.0,5000.0,-13.5,-8.0,0.5,0.0,0.0,0.0,0.0,0.0,0.0,529.0,0
0.164,1308.0,1045.0,776.0,1300.5,1037.5,771.5,8000.0,8000.0,5000.0,-14.166666666666742,-8.333333333333258,0.5,0.0,0.0,0.0,0.0,0.0,0.0,532.0,0
0.165,1317.0,1052.0,781.0,1308.5,1045.5,776.5,9000.0,7000.0,5000.0,-13.833333333333258,-9.666666666666742,0.5,0.0,0.0,0.0,0.0,0.0,0.0,536.0,0
0.166,1325.0,1059.0,787.0,1317.5,1052.5,781.5,8000.0,7000.0,6000.0,-14.5,-10.0,0.5,0.0,0.0,0.0,0.0,0.0,0.0,538.0,0
0.167,1334.0,1066.0,792.0,1325.5,1059.5,787.5,9000.0,7000.0,5000.0,-12.5,-9.0,0.5,0.0,0.0,0.0,0.0,0.0,0.0,542.0,0
0.168,1342.0,1073.0,797.0,1334.5,1066.5,792.5,8000.0,7000.0,5000.0,-13.166666666666742,-9.333333333333258,0.5,0.0,0.0,0.0,0.0,0.0,0.0,545.0,0
0.169,1351.0,1080.0,802.0,1342.5,1073.5,797.5,9000.0,7000.0,5000.0,-12.833333333333258,-9.666666666666742,0.5,0.0,0.0,0.0,0.0,0.0,0.0,549.0,0
0.17,1359.0,1087.0,808.0,1351.5,1080.5,802.5,8000.0,7000.0,6000.0,-13.5,-10.0,0.5,0.0,0.0,0.0,0.0,0.0,0.0,551.0,0
0.171,1368.0,1094.0,813.0,1359.5,1087.5,808.5,9000.0,7000.0,5000.0,-11.5,-9.0,0.5,0.0,0.0,0.0,0.0,0.0,0.0,555.0,0
0.17200000000000001,1377.0,1101.0,818.0,1368.5,1094.5,813.5,9000.0,7000.0,5000.0,-12.166666666666742,-9.333333333333258,0.5,0.0,0.0,0.0,0.0,0.0,0.0,559.0,0
0.17300000000000001,1385.0,1108.0,823.0,1377.5,1101.5,818.5,8000.0,7000.0,5000.0,-12.833333333333258,-9.666666666666742,0.5,0.0,0.0,0.0,0.0,0.0,0.0,562.0,0
0.17400000000000002,1394.0,1115.0,829.0,1385.5,1108.5,823.5,9000.0,7000.0,6000.0,-12.5,-10.0,0.5,0.0,0.0,0.0,0.0,0.0,0.0,565.0,0
0.17500000000000002,1402.0,1122.0,834.0,1394.5,1115.5,829.5,8000.0,7000.0,5000.0,-11.5,-9.0,0.5,0.0,0.0,0.0,0.0,0.0,0.0,568.0,0
0.176,1411.0,1129.0,839.0,1402.5,1122.5,834.5,9000.0,7000.0,5000.0,-11.166666666666742,-9.333333333333258,0.5,0.0,0.0,0.0,0.0,0.0,0.0,572.0,0
0.177,1419.0,1136.0,844.0,1411.5,1129.5,839.5,8000.0,7000.0,5000.0,-11.833333333333258,-9.666666666666742,0.5,0.0,0.0,0.0,0.0,0.0,0.0,575.0,0
0.178,1428.0,1143.0,850.0,1419.5,1136.5,844.5,9000.0,7000.0,6000.0,-11.5,-10.0,0.5,0.0,0.0,0.0,0.0,0.0,0.0,578.0,0
0.179,1436.0,1150.0,855.0,1428.5,1143.5,850.5,8000.0,7000.0,5000.0,-10.5,-9.0,0.5,0.0,0.0,0.0,0.0,0.0,0.0,581.0,0
0.18,1445.0,1157.0,860.0,1436.5,1150.5,855.5,9000.0,7000.0,5000.0,-10.166666666666742,-9.333333333333258,0.5,0.0,0.0,0.0,0.0,0.0,0.0,585.0,0
0.181,1453.0,1165.0,865.0,1445.5,1157.5,860.5,8000.0,8000.0,5000.0,-10.833333333333258,-9.666666666666742,0.5,0.0,0.0,0.0,0.0,0.0,0.0,588.0,0
0.182,1462.0,1171.0,870.0,1453.5,1165.5,865.5,9000.0,6000.0,5000.0,-10.5,-11.0,0.5,0.0,0.0,0.0,0.0,0.0,0.0,592.0,0
0.183,1471.0,1178.0,876.0,1462.5,1171.5,870.5,9000.0,7000.0,6000.0,-11.166666666666742,-10.333333333333258,0.5,0.0,0.0,0.0,0.0,0.0,0.0,595.0,0
0.184,1479.0,1185.0,881.0,1471.5,1178.5,876.5,8000.0,7000.0,5000.0,-10.166666666666742,-9.333333333333258,0.5,0.0,0.0,0.0,0.0,0.0,0.0,598.0,0
0.185,1488.0,1192.0,886.0,1479.5,1185.5,881.5,9000.0,7000.0,5000.0,-9.833333333333258,-9.666666666666742,0.5,0.0,0.0,0.0,0.0,0.0,0.0,602.0,0
0.186,1496.0,1199.0,891.0,1488.5,1192.5,886.5,8000.0,7000.0,5000.0,-10.5,-10.0,0.5,0.0,0.0,0.0,0.0,0.0,0.0,605.0,0
0.187,1505.0,1206.0,897.0,1496.5,1199.5,891.5,9000.0,7000.0,6000.0,-10.166666666666742,-10.333333333333258,0.5,0.0,0.0,0.0,0.0,0.0,0.0,608.0,0
0.188,1514.0,1212.0,902.0,1505.5,1206.5,897.5,9000.0,6000.0,5000.0,-9.166666666666742,-9.333333333333258,0.5,0.0,0.0,0.0,0.0,0.0,0.0,612.0,0
0.189,1523.0,1219.0,907.0,1514.5,1212.5,902.5,9000.0,7000.0,5000.0,-9.833333333333258,-8.666666666666742,0.5,0.0,0.0,0.0,0.0,0.0,0.0,616.0,0
0.19,1531.0,1226.0,912.0,1523.5,1219.5,907.5,8000.0,7000.0,5000.0,-10.5,-9.0,0.5,0.0,0.0,0.0,0.0,0.0,0.0,619.0,0
0.191,1540.0,1233.0,918.0,1531.5,1226.5,912.5,9000.0,7000.0,6000.0,-10.166666666666742,-9.333333333333258,0.5,0.0,0.0,0.0,0.0,0.0,0.0,622.0,0
0.192,1549.0,1240.0,923.0,1540.5,1233.5,918.5,9000.0,7000.0,5000.0,-9.166666666666742,-8.333333333333258,0.5,0.0,0.0,0.0,0.0,0.0,0.0,626.0,0
0.193,1558.0,1247.0,928.0,1549.5,1240.5,923.5,9000.0,7000.0,5000.0,-9.833333333333258,-8.666666666666742,0.5,0.0,0.0,0.0,0.0,0.0,0.0,630.0,0
0.194,1566.0,1254.0,933.0,1558.5,1247.5,928.5,8000.0,7000.0,5000.0,-10.5,-9.0,0.5,0.0,0.0,0.0,0.0,0.0,0.0,633.0,0
0.195,1575.0,1262.0,939.0,1566.5,1254.5,933.5,9000.0,8000.0,6000.0,-10.166666666666742,-9.333333333333258,0.5,0.0,0.0,0.0,0.0,0.0,0.0,636.0,0
0.196,1584.0,1269.0,944.0,1575.5,1262.5,939.5,9000.0,7000.0,5000.0,-9.166666666666742,-9.333333333333258,0.5,0.0,0.0,0.0,0.0,0.0,0.0,640.0,0
0.197,1592.0,1276.0,949.0,1584.5,1269.5,944.5,8000.0,7000.0,5000.0,-9.833333333333258,-9.666666666666742,0.5,0.0,0.0,0.0,0.0,0.0,0.0,643.0,0
0.198,1601.0,1282.0,954.0,1592.5,1276.5,949.5,9000.0,6000.0,5000.0,-9.5,-10.0,0.5,0.0,0.0,0.0,0.0,0.0,0.0,647.0,0
0.199,1610.0,1289.0,960.0,1601.5,1282.5,954.5,9000.0,7000.0,6000.0,-10.166666666666742,-9.333333333333258,0.5,0.0,0.0,0.0,0.0,0.0,0.0,650.0,0
0.2,1619.0,1296.0,965.0,1610.5,1289.5,960.5,9000.0,7000.0,5000.0,-9.166666666666742,-8.333333333333258,0.5,0.0,0.0,0.0,0.0,0.0,0.0,654.0,0
0.201,1628.0,1303.0,970.0,1619.5,1296.5,965.5,9000.0,7000.0,5000.0,-9.833333333333258,-8.666666666666742,0.5,0.0,0.0,0.0,0.0,0.0,0.0,658.0,0
0.202,1637.0,1310.0,975.0,1628.5,1303.5,970.5,9000.0,7000.0,5000.0,-10.5,-9.0,0.5,0.0,0.0,0.0,0.0,0.0,0.0,662.0,0
0.203,1645.0,1317.0,981.0,1637.5,1310.5,975.5,8000.0,7000.0,6000.0,-11.166666666666742,-9.333333333333258,0.5,0.0,0.0,0.0,0.0,0.0,0.0,664.0,0
0.20400000000000001,1654.0,1324.0,986.0,1645.5,1317.5,981.5,9000.0,7000.0,5000.0,-9.166666666666742,-8.333333333333258,0.5,0.0,0.0,0.0,0.0,0.0,0.0,668.0,0
0.20500000000000002,1663.0,1331.0,991.0,1654.5,1324.5,986.5,9000.0,7000.0,5000.0,-9.833333333333258,-8.666666666666742,0.5,0.0,0.0,0.0,0.0,0.0,0.0,672.0,0
0.20600000000000002,1672.0,1338.0,996.0,1663.5,1331.5,991.5,9000.0,7000.0,5000.0,-10.5,-9.0,0.5,0.0,0.0,0.0,0.0,0.0,0.0,676.0,0
0.20700000000000002,1680.0,1345.0,1001.0,1672.5,1338.5,996.5,8000.0,7000.0,5000.0,-11.166666666666742,-9.333333333333258,0.5,0.0,0.0,0.0,0.0,0.0,0.0,679.0,0
0.20800000000000002,1688.0,1352.0,1007.0,1680.5,1345.5,1001.5,8000.0,7000.0,6000.0,-10.833333333333258,-9.666666666666742,0.5,0.0,0.0,0.0,0.0,0.0,0.0,681.0,0
0.209,1697.0,1359.0,1012.0,1688.5,1352.5,1007.5,9000.0,7000.0,5000.0,-8.833333333333258,-8.666666666666742,0.5,0.0,0.0,0.0,0.0,0.0,0.0,685.0,0
0.21,1706.0,1366.0,1017.0,1697.5,1359.5,1012.5,9000.0,7000.0,5000.0,-9.5,-9.0,0.5,0.0,0.0,0.0,0.0,0.0,0.0,689.0,0
0.211,1715.0,1373.0,1022.0,1706.5,1366.5,1017.5,9000.0,7000.0,5000.0,-10.166666666666742,-9.333333333333258,0.5,0.0,0.0,0.0,0.0,0.0,0.0,693.0,0
0.212,1723.0,1380.0,1028.0,1715.5,1373.5,1022.5,8000.0,7000.0,6000.0,-10.833333333333258,-9.666666666666742,0.5,0.0,0.0,0.0,0.0,0.0,0.0,695.0,0
0.213,1732.0,1387.0,1033.0,1723.5,1380.5,1028.5,9000.0,7000.0,5000.0,-8.833333333333258,-8.666666666666742,0.5,0.0,0.0,0.0,0.0,0.0,0.0,699.0,0
0.214,1741.0,1394.0,1038.0,1732.5,1387.5,1033.5,9000.0,7000.0,5000.0,-9.5,-9.0,0.5,0.0,0.0,0.0,0.0,0.0,0.0,703.0,0
0.215,1749.0,1401.0,1043.0,1741.5,1394.5,1038.5,8000.0,7000.0,5000.0,-10.166666666666742,-9.333333333333258,0.5,0.0,0.0,0.0,0.0,0.0,0.0,706.0,0
0.216,1758.0,1408.0,1049.0,1749.5,1401.5,1043.5,9000.0,7000.0,6000.0,-9.833333333333258,-9.666666666666742,0.5,0.0,0.0,0.0,0.0,0.0,0.0,709.0,0
0.217,1767.0,1415.0,1054.0,1758.5,1408.5,1049.5,9000.0,7000.0,5000.0,-8.833333333333258,-8.666666666666742,0.5,0.0,0.0,0.0,0.0,0.0,0.0,713.0,0
0.218,1776.0,1422.0,1059.0,1767.5,1415.5,1054.5,9000.0,7000.0,5000.0,-9.5,-9.0,0.5,0.0,0.0,0.0,0.0,0.0,0.0,717.0,0
0.219,1784.0,1429.0,1064.0,1776.5,1422.5,1059.5,8000.0,7000.0,5000.0,-10.166666666666742,-9.333333333333258,0.5,0.0,0.0,0.0,0.0,0.0,0.0,720.0,0
0.22,1793.0,1436.0,1070.0,1784.5,1429.5,1064.5,9000.0,7000.0,6000.0,-9.833333333333258,-9.666666666666742,0.5,0.0,0.0,0.0,0.0,0.0,0.0,723.0,0
0.221,1802.0,1443.0,1075.0,1793.5,1436.5,1070.5,9000.0,7000.0,5000.0,-8.833333333333258,-8.666666666666742,0.5,0.0,0.0,0.0,0.0,0.0,0.0,727.0,0
0.222,1811.0,1450.0,1080.0,1802.5,1443.5,1075.5,9000.0,7000.0,5000.0,-9.5,-9.0,0.5,0.0,0.0,0.0,0.0,0.0,0.0,731.0,0
0.223,1820.0,1457.0,1085.0,1811.5,1450.5,1080.5,9000.0,7000.0,5000.0,-10.166666666666742,-9.333333333333258,0.5,0.0,0.0,0.0,0.0,0.0,0.0,735.0,0
0.224,1828.0,1464.0,1091.0,1820.5,1457.5,1085.5,8000.0,7000.0,6000.0,-10.833333333333258,-9.666666666666742,0.5,0.0,0.0,0.0,0.0,0.0,0.0,737.0,0
0.225,1837.0,1471.0,1096.0,1828.5,1464.5,1091.5,9000.0,7000.0,5000.0,-8.833333333333258,-8.666666666666742,0.5,0.0,0.0,0.0,0.0,0.0,0.0,741.0,0
0.226,1846.0,1478.0,1101.0,1837.5,1471.5,1096.5,9000.0,7000.0,5000.0,-9.5,-9.0,0.5,0.0,0.0,0.0,0.0,0.0,0.0,745.0,0
0.227,1854.0,1485.0,1106.0,1846.5,1478.5,1101.5,8000.0,7000.0,5000.0,-10.166666666666742,-9.333333333333258,0.5,0.0,0.0,0.0,0.0,0.0,0.0,748.0,0
0.228,1863.0,1492.0,1112.0,1854.5,1485.5,1106.5,9000.0,7000.0,6000.0,-9.833333333333258,-9.666666666666742,0.5,0.0,0.0,0.0,0.0,0.0,0.0,751.0,0
0.229,1872.0,1499.0,1117.0,1863.5,1492.5,1112.5,9000.0,7000.0,5000.0,-8.833333333333258,-8.666666666666742,0.5,0.0,0.0,0.0,0.0,0.0,0.0,755.0,0
0.23,1881.0,1506.0,1122.0,1872.5,1499.5,1117.5,9000.0,7000.0,5000.0,-9.5,-9.0,0.5,0.0,0.0,0.0,0.0,0.0,0.0,759.0,0
0.231,1889.0,1513.0,1127.0,1881.5,1506.5,1122.5,8000.0,7000.0,5000.0,-10.166666666666742,-9.333333333333258,0.5,0.0,0.0,0.0,0.0,0.0,0.0,762.0,0
0.232,1898.0,1520.0,1132.0,1889.5,1513.5,1127.5,9000.0,7000.0,5000.0,-9.833333333333258,-9.666666666666742,0.5,0.0,0.0,0.0,0.0,0.0,0.0,766.0,0
0.233,1907.0,1527.0,1138.0,1898.5,1520.5,1132.5,9000.0,7000.0,6000.0,-10.5,-10.0,0.5,0.0,0.0,0.0,0.0,0.0,0.0,769.0,0
0.234,1916.0,1534.0,1143.0,1907.5,1527.5,1138.5,9000.0,7000.0,5000.0,-9.5,-9.0,0.5,0.0,0.0,0.0,0.0,0.0,0.0,773.0,0
0.23500000000000001,1924.0,1541.0,1148.0,1916.5,1534.5,1143.5,8000.0,7000.0,5000.0,-10.166666666666742,-9.333333333333258,0.5,0.0,0.0,0.0,0.0,0.0,0.0,776.0,0
0.23600000000000002,1933.0,1548.0,1153.0,1924.5,1541.5,1148.5,9000.0,7000.0,5000.0,-9.833333333333258,-9.666666666666742,0.5,0.0,0.0,0.0,0.0,0.0,0.0,780.0,0
0.23700000000000002,1942.0,1555.0,1159.0,1933.5,1548.5,1153.5,9000.0,7000.0,6000.0,-10.5,-10.0,0.5,0.0,0.0,0.0,0.0,0.0,0.0,783.0,0
0.23800000000000002,1951.0,1562.0,1164.0,1942.5,1555.5,1159.5,9000.0,7000.0,5000.0,-9.5,-9.0,0.5,0.0,0.0,0.0,0.0,0.0,0.0,787.0,0
0.23900000000000002,1959.0,1569.0,1169.0,1951.5,1562.5,1164.5,8000.0,7000.0,5000.0,-10.166666666666742,-9.333333333333258,0.5,0.0,0.0,0.0,0.0,0.0,0.0,790.0,0
0.24,1968.0,1576.0,1174.0,1959.5,1569.5,1169.5,9000.0,7000.0,5000.0,-9.833333333333258,-9.666666666666742,0.5,0.0,0.0,0.0,0.0,0.0,0.0,794.0,0
0.241,1977.0,1583.0,1180.0,1968.5,1576.5,1174.5,9000.0,7000.0,6000.0,-10.5,-10.0,0.5,0.0,0.0,0.0,0.0,0.0,0.0,797.0,0
0.242,1985.0,1590.0,1185.0,1977.5,1583.5,1180.5,8000.0,7000.0,5000.0,-9.5,-9.0,0.5,0.0,0.0,0.0,0.0,0.0,0.0,800.0,0
0.243,1994.0,1597.0,1190.0,1985.5,1590.5,1185.5,9000.0,7000.0,5000.0,-9.166666666666742,-9.333333333333258,0.5,0.0,0.0,0.0,0.0,0.0,0.0,804.0,0
0.244,2003.0,1604.0,1195.0,1994.5,1597.5,1190.5,9000.0,7000.0,5000.0,-9.833333333333258,-9.666666666666742,0.5,0.0,0.0,0.0,0.0,0.0,0.0,808.0,0
0.245,2012.0,1610.0,1201.0,2003.5,1604.5,1195.5,9000.0,6000.0,6000.0,-10.5,-10.0,0.5,0.0,0.0,0.0,0.0,0.0,0.0,811.0,0
0.246,2020.0,1617.0,1206.0,2012.5,1610.5,1201.5,8000.0,7000.0,5000.0,-9.5,-8.0,0.5,0.0,0.0,0.0,0.0,0.0,0.0,814.0,0
0.247,2029.0,1624.0,1211.0,2020.5,1617.5,1206.5,9000.0,7000.0,5000.0,-9.166666666666742,-8.333333333333258,0.5,0.0,0.0,0.0,0.0,0.0,0.0,818.0,0
0.248,2038.0,1631.0,1216.0,2029.5,1624.5,1211.5,9000.0,7000.0,5000.0,-9.833333333333258,-8.666666666666742,0.5,0.0,0.0,0.0,0.0,0.0,0.0,822.0,0
0.249,2047.0,1638.0,1222.0,2038.5,1631.5,1216.5,9000.0,7000.0,6000.0,-10.5,-9.0,0.5,0.0,0.0,0.0,0.0,0.0,0.0,825.0,0
0.25,2055.0,1645.0,1227.0,2047.5,1638.5,1222.5,8000.0,7000.0,5000.0,-9.5,-8.0,0.5,0.0,0.0,0.0,0.0,0.0,0.0,828.0,0
0.251,2064.0,1652.0,1232.0,2055.5,1645.5,1227.5,9000.0,7000.0,5000.0,-9.166666666666742,-8.333333333333258,0.5,0.0,0.0,0.0,0.0,0.0,0.0,832.0,0
0.252,2073.0,1659.0,1237.0,2064.5,1652.5,1232.5,9000.0,7000.0,5000.0,-9.833333333333485,-8.666666666666742,0.5,0.0,0.0,0.0,0.0,0.0,0.0,836.0,0
0.253,2081.0,1666.0,1243.0,2073.5,1659.5,1237.5,8000.0,7000.0,6000.0,-10.5,-9.0,0.5,0.0,0.0,0.0,0.0,0.0,0.0,838.0,0
0.254,2090.0,1673.0,1248.0,2081.5,1666.5,1243.5,9000.0,7000.0,5000.0,-8.5,-8.0,0.5,0.0,0.0,0.0,0.0,0.0,0.0,842.0,0
0.255,2099.0,1680.0,1253.0,2090.5,1673.5,1248.5,9000.0,7000.0,5000.0,-9.166666666666515,-8.333333333333258,0.5,0.0,0.0,0.0,0.0,0.0,0.0,846.0,0
0.256,2108.0,1687.0,1258.0,2099.5,1680.5,1253.5,9000.0,7000.0,5000.0,-9.833333333333485,-8.666666666666742,0.5,0.0,0.0,0.0,0.0,0.0,0.0,850.0,0
0.257,2116.0,1694.0,1263.0,2108.5,1687.5,1258.5,8000.0,7000.0,5000.0,-10.5,-9.0,0.5,0.0,0.0,0.0,0.0,0.0,0.0,853.0,0
0.258,2125.0,1701.0,1269.0,2116.5,1694.5,1263.5,9000.0,7000.0,6000.0,-10.166666666666515,-9.333333333333258,0.5,0.0,0.0,0.0,0.0,0.0,0.0,856.0,0
0.259,2133.0,1708.0,1274.0,2125.5,1701.5,1269.5,8000.0,7000.0,5000.0,-9.166666666666515,-8.333333333333258,0.5,0.0,0.0,0.0,0.0,0.0,0.0,859.0,0
0.26,2142.0,1715.0,1279.0,2133.5,1708.5,1274.5,9000.0,7000.0,5000.0,-8.833333333333485,-8.666666666666742,0.5,0.0,0.0,0.0,0.0,0.0,0.0,863.0,0
0.261,2151.0,1721.0,1284.0,2142.5,1715.5,1279.5,9000.0,6000.0,5000.0,-9.5,-9.0,0.5,0.0,0.0,0.0,0.0,0.0,0.0,867.0,0
0.262,2159.0,1728.0,1290.0,2151.5,1721.5,1284.5,8000.0,7000.0,6000.0,-10.166666666666515,-8.333333333333258,0.5,0.0,0.0,0.0,0.0,0.0,0.0,869.0,0
0.263,2168.0,1735.0,1295.0,2159.5,1728.5,1290.5,9000.0,7000.0,5000.0,-8.166666666666515,-7.3333333333332575,0.5,0.0,0.0,0.0,0.0,0.0,0.0,873.0,0
0.264,2177.0,1742.0,1300.0,2168.5,1735.5,1295.5,9000.0,7000.0,5000.0,-8.833333333333485,-7.6666666666667425,0.5,0.0,0.0,0.0,0.0,0.0,0.0,877.0,0
0.265,2186.0,1749.0,1305.0,2177.5,1742.5,1300.5,9000.0,7000.0,5000.0,-9.5,-8.0,0.5,0.0,0.0,0.0,0.0,0.0,0.0,881.0,0
0.266,2194.0,1756.0,1311.0,2186.5,1749.5,1305.5,8000.0,7000.0,6000.0,-10.166666666666515,-8.333333333333258,0.5,0.0,0.0,0.0,0.0,0.0,0.0,883.0,0
0.267,2203.0,1763.0,1316.0,2194.5,1756.5,1311.5,9000.0,7000.0,5000.0,-8.166666666666515,-7.3333333333332575,0.5,0.0,0.0,0.0,0.0,0.0,0.0,887.0,0
0.268,2212.0,1770.0,1321.0,2203.5,1763.5,1316.5,9000.0,7000.0,5000.0,-8.833333333333485,-7.6666666666667425,0.5,0.0,0.0,0.0,0.0,0.0,0.0,891.0,0
0.269,2221.0,1777.0,1326.0,2212.5,1770.5,1321.5,9000.0,7000.0,5000.0,-9.5,-8.0,0.5,0.0,0.0,0.0,0.0,0.0,0.0,895.0,0
0.27,2229.0,1784.0,1332.0,2221.5,1777.5,1326.5,8000.0,7000.0,6000.0,-10.166666666666515,-8.333333333333258,0.5,0.0,0.0,0.0,0.0,0.0,0.0,897.0,0
0.271,2238.0,1791.0,1337.0,2229.5,1784.5,1332.5,9000.0,7000.0,5000.0,-8.166666666666515,-7.3333333333332575,0.5,0.0,0.0,0.0,0.0,0.0,0.0,901.0,0
0.272,2247.0,1798.0,1342.0,2238.5,1791.5,1337.5,9000.0,7000.0,5000.0,-8.833333333333485,-7.6666666666667425,0.5,0.0,0.0,0.0,0.0,0.0,0.0,905.0,0
0.273,2255.0,1805.0,1347.0,2247.5,1798.5,1342.5,8000.0,7000.0,5000.0,-9.5,-8.0,0.5,0.0,0.0,0.0,0.0,0.0,0.0,908.0,0
0.274,2264.0,1812.0,1353.0,2255.5,1805.5,1347.5,9000.0,7000.0,6000.0,-9.166666666666515,-8.333333333333258,0.5,0.0,0.0,0.0,0.0,0.0,0.0,911.0,0
0.275,2273.0,1819.0,1358.0,2264.5,1812.5,1353.5,9000.0,7000.0,5000.0,-8.166666666666515,-7.3333333333332575,0.5,0.0,0.0,0.0,0.0,0.0,0.0,915.0,0
0.276,2282.0,1826.0,1363.0,2273.5,1819.5,1358.5,9000.0,7000.0,5000.0,-8.833333333333485,-7.6666666666667425,0.5,0.0,0.0,0.0,0.0,0.0,0.0,919.0,0
0.277,2290.0,1833.0,1368.0,2282.5,1826.5,1363.5,8000.0,7000.0,5000.0,-9.5,-8.0,0.5,0.0,0.0,0.0,0.0,0.0,0.0,922.0,0
0.278,2299.0,1840.0,1374.0,2290.5,1833.5,1368.5,9000.0,7000.0,6000.0,-9.166666666666515,-8.333333333333258,0.5,0.0,0.0,0.0,0.0,0.0,0.0,925.0,0
0.279,2308.0,1846.0,1379.0,2299.5,1840.5,1374.5,9000.0,6000.0,5000.0,-8.166666666666515,-7.3333333333332575,0.5,0.0,0.0,0.0,0.0,0.0,0.0,929.0,0
0.28,2317.0,1853.0,1384.0,2308.5,1846.5,1379.5,9000.0,7000.0,5000.0,-8.833333333333485,-6.6666666666667425,0.5,0.0,0.0,0.0,0.0,0.0,0.0,933.0,0
0.281,2325.0,1860.0,1389.0,2317.5,1853.5,1384.5,8000.0,7000.0,5000.0,-9.5,-7.0,0.5,0.0,0.0,0.0,0.0,0.0,0.0,936.0,0
0.28200000000000003,2334.0,1867.0,1394.0,2325.5,1860.5,1389.5,9000.0,7000.0,5000.0,-9.166666666666515,-7.3333333333332575,0.5,0.0,0.0,0.0,0.0,0.0,0.0,940.0,0
0.28300000000000003,2343.0,1874.0,1400.0,2334.5,1867.5,1394.5,9000.0,7000.0,6000.0,-9.833333333333485,-7.6666666666667425,0.5,0.0,0.0,0.0,0.0,0.0,0.0,943.0,0
0.28400000000000003,2352.0,1881.0,1405.0,2343.5,1874.5,1400.5,9000.0,7000.0,5000.0,-8.833333333333485,-6.6666666666667425,0.5,0.0,0.0,0.0,0.0,0.0,0.0,947.0,0
0.28500000000000003,2360.0,1888.0,1410.0,2352.5,1881.5,1405.5,8000.0,7000.0,5000.0,-9.5,-7.0,0.5,0.0,0.0,0.0,0.0,0.0,0.0,950.0,0
0.28600000000000003,2369.0,1895.0,1415.0,2360.5,1888.5,1410.5,9000.0,7000.0,5000.0,-9.166666666666515,-7.3333333333332575,0.5,0.0,0.0,0.0,0.0,0.0,0.0,954.0,0
0.28700000000000003,2378.0,1902.0,1421.0,2369.5,1895.5,1415.5,9000.0,7000.0,6000.0,-9.833333333333485,-7.6666666666667425,0.5,0.0,0.0,0.0,0.0,0.0,0.0,957.0,0
0.28800000000000003,2387.0,1909.0,1426.0,2378.5,1902.5,1421.5,9000.0,7000.0,5000.0,-8.833333333333485,-6.6666666666667425,0.5,0.0,0.0,0.0,0.0,0.0,0.0,961.0,0
0.289,2395.0,1916.0,1431.0,2387.5,1909.5,1426.5,8000.0,7000.0,5000.0,-9.5,-7.0,0.5,0.0,0.0,0.0,0.0,0.0,0.0,964.0,0
0.29,2404.0,1923.0,1436.0,2395.5,1916.5,1431.5,9000.0,7000.0,5000.0,-9.166666666666515,-7.3333333333332575,0.5,0.0,0.0,0.0,0.0,0.0,0.0,968.0,0
0.291,2413.0,1930.0,1442.0,2404.5,1923.5,1436.5,9000.0,7000.0,6000.0,-9.833333333333485,-7.6666666666667425,0.5,0.0,0.0,0.0,0.0,0.0,0.0,971.0,0
0.292,2422.0,1937.0,1447.0,2413.5,1930.5,1442.5,9000.0,7000.0,5000.0,-8.833333333333485,-6.6666666666667425,0.5,0.0,0.0,0.0,0.0,0.0,0.0,975.0,0
0.293,2430.0,1944.0,1452.0,2422.5,1937.5,1447.5,8000.0,7000.0,5000.0,-9.5,-7.0,0.5,0.0,0.0,0.0,0.0,0.0,0.0,978.0,0
0.294,2439.0,1951.0,1457.0,2430.5,1944.5,1452.5,9000.0,7000.0,5000.0,-9.166666666666515,-7.3333333333332575,0.5,0.0,0.0,0.0,0.0,0.0,0.0,982.0,0
0.295,2448.0,1958.0,1463.0,2439.5,1951.5,1457.5,9000.0,7000.0,6000.0,-9.833333333333485,-7.6666666666667425,0.5,0.0,0.0,0.0,0.0,0.0,0.0,985.0,0
0.296,2456.0,1965.0,1468.0,2448.5,1958.5,1463.5,8000.0,7000.0,5000.0,-8.833333333333485,-6.6666666666667425,0.5,0.0,0.0,0.0,0.0,0.0,0.0,988.0,0
0.297,2465.0,1971.0,1473.0,2456.5,1965.5,1468.5,9000.0,6000.0,5000.0,-8.5,-7.0,0.5,0.0,0.0,0.0,0.0,0.0,0.0,992.0,0
0.298,2474.0,1978.0,1478.0,2465.5,1971.5,1473.5,9000.0,7000.0,5000.0,-9.166666666666515,-6.3333333333332575,0.5,0.0,0.0,0.0,0.0,0.0,0.0,996.0,0
0.299,2483.0,1985.0,1484.0,2474.5,1978.5,1478.5,9000.0,7000.0,6000.0,-9.833333333333485,-6.6666666666667425,0.5,0.0,0.0,0.0,0.0,0.0,0.0,999.0,0
0.3,2491.0,1992.0,1489.0,2483.5,1985.5,1484.5,8000.0,7000.0,5000.0,-8.833333333333485,-5.6666666666667425,0.5,0.0,0.0,0.0,0.0,0.0,0.0,1002.0,0
0.301,2500.0,1999.0,1494.0,2491.5,1992.5,1489.5,9000.0,7000.0,5000.0,-8.5,-6.0,0.5,0.0,0.0,0.0,0.0,0.0,0.0,1006.0,0
0.302,2509.0,2006.0,1499.0,2500.5,1999.5,1494.5,9000.0,7000.0,5000.0,-9.166666666666515,-6.3333333333332575,0.5,0.0,0.0,0.0,0.0,0.0,0.0,1010.0,0
0.303,2518.0,2013.0,1505.0,2509.5,2006.5,1499.5,9000.0,7000.0,6000.0,-9.833333333333485,-6.6666666666667425,0.5,0.0,0.0,0.0,0.0,0.0,0.0,1013.0,0
0.304,2526.0,2020.0,1510.0,2518.5,2013.5,1505.5,8000.0,7000.0,5000.0,-8.833333333333485,-5.6666666666667425,0.5,0.0,0.0,0.0,0.0,0.0,0.0,1016.0,0
0.305,2535.0,2027.0,1515.0,2526.5,2020.5,1510.5,9000.0,7000.0,5000.0,-8.5,-6.0,0.5,0.0,0.0,0.0,0.0,0.0,0.0,1020.0,0
0.306,2544.0,2034.0,1520.0,2535.5,2027.5,1515.5,9000.0,7000.0,5000.0,-9.166666666666515,-6.3333333333332575,0.5,0.0,0.0,0.0,0.0,0.0,0.0,1024.0,0
0.307,2553.0,2041.0,1525.0,2544.5,2034.5,1520.5,9000.0,7000.0,5000.0,-9.833333333333485,-6.6666666666667425,0.5,0.0,0.0,0.0,0.0,0.0,0.0,1028.0,0
0.308,2561.0,2048.0,1531.0,2553.5,2041.5,1525.5,8000.0,7000.0,6000.0,-10.5,-7.0,0.5,0.0,0.0,0.0,0.0,0.0,0.0,1030.0,0
0.309,2570.0,2055.0,1536.0,2561.5,2048.5,1531.5,9000.0,7000.0,5000.0,-8.5,-6.0,0.5,0.0,0.0,0.0,0.0,0.0,0.0,1034.0,0
0.31,2579.0,2062.0,1541.0,2570.5,2055.5,1536.5,9000.0,7000.0,5000.0,-9.166666666666515,-6.333333333333485,0.5,0.0,0.0,0.0,0.0,0.0,0.0,1038.0,0
0.311,2587.0,2069.0,1546.0,2579.5,2062.5,1541.5,8000.0,7000.0,5000.0,-9.833333333333485,-6.666666666666515,0.5,0.0,0.0,0.0,0.0,0.0,0.0,1041.0,0
0.312,2596.0,2076.0,1552.0,2587.5,2069.5,1546.5,9000.0,7000.0,6000.0,-9.5,-7.0,0.5,0.0,0.0,0.0,0.0,0.0,0.0,1044.0,0
0.313,2605.0,2083.0,1557.0,2596.5,2076.5,1552.5,9000.0,7000.0,5000.0,-8.5,-6.0,0.5,0.0,0.0,0.0,0.0,0.0,0.0,1048.0,0
0.314,2614.0,2090.0,1562.0,2605.5,2083.5,1557.5,9000.0,7000.0,5000.0,-9.166666666666515,-6.333333333333485,0.5,0.0,0.0,0.0,0.0,0.0,0.0,1052.0,0
0.315,2622.0,2097.0,1567.0,2614.5,2090.5,1562.5,8000.0,7000.0,5000.0,-9.833333333333485,-6.666666666666515,0.5,0.0,0.0,0.0,0.0,0.0,0.0,1055.0,0
0.316,2631.0,2103.0,1573.0,2622.5,2097.5,1567.5,9000.0,6000.0,6000.0,-9.5,-7.0,0.5,0.0,0.0,0.0,0.0,0.0,0.0,1058.0,0
0.317,2640.0,2110.0,1578.0,2631.5,2103.5,1573.5,9000.0,7000.0,5000.0,-8.5,-5.0,0.5,0.0,0.0,0.0,0.0,0.0,0.0,1062.0,0
0.318,2649.0,2117.0,1583.0,2640.5,2110.5,1578.5,9000.0,7000.0,5000.0,-9.166666666666515,-5.333333333333485,0.5,0.0,0.0,0.0,0.0,0.0,0.0,1066.0,0
0.319,2657.0,2124.0,1588.0,2649.5,2117.5,1583.5,8000.0,7000.0,5000.0,-9.833333333333485,-5.666666666666515,0.5,0.0,0.0,0.0,0.0,0.0,0.0,1069.0,0
0.32,2666.0,2131.0,1594.0,2657.5,2124.5,1588.5,9000.0,7000.0,6000.0,-9.5,-6.0,0.5,0.0,0.0,0.0,0.0,0.0,0.0,1072.0,0
0.321,2675.0,2138.0,1599.0,2666.5,2131.5,1594.5,9000.0,7000.0,5000.0,-8.5,-5.0,0.5,0.0,0.0,0.0,0.0,0.0,0.0,1076.0,0
0.322,2684.0,2145.0,1604.0,2675.5,2138.5,1599.5,9000.0,7000.0,5000.0,-9.166666666666515,-5.333333333333485,0.5,0.0,0.0,0.0,0.0,0.0,0.0,1080.0,0
0.323,2692.0,2152.0,1609.0,2684.5,2145.5,1604.5,8000.0,7000.0,5000.0,-9.833333333333485,-5.666666666666515,0.5,0.0,0.0,0.0,0.0,0.0,0.0,1083.0,0
0.324,2701.0,2159.0,1615.0,2692.5,2152.5,1609.5,9000.0,7000.0,6000.0,-9.5,-6.0,0.5,0.0,0.0,0.0,0.0,0.0,0.0,1086.0,0
0.325,2710.0,2166.0,1620.0,2701.5,2159.5,1615.5,9000.0,7000.0,5000.0,-8.5,-5.0,0.5,0.0,0.0,0.0,0.0,0.0,0.0,1090.0,0
0.326,2719.0,2173.0,1625.0,2710.5,2166.5,1620.5,9000.0,7000.0,5000.0,-9.166666666666515,-5.333333333333485,0.5,0.0,0.0,0.0,0.0,0.0,0.0,1094.0,0
0.327,2727.0,2180.0,1630.0,2719.5,2173.5,1625.5,8000.0,7000.0,5000.0,-9.833333333333485,-5.666666666666515,0.5,0.0,0.0,0.0,0.0,0.0,0.0,1097.0,0
0.328,2736.0,2187.0,1636.0,2727.5,2180.5,1630.5,9000.0,7000.0,6000.0,-9.5,-6.0,0.5,0.0,0.0,0.0,0.0,0.0,0.0,1100.0,0
0.329,2745.0,2194.0,1641.0,2736.5,2187.5,1636.5,9000.0,7000.0,5000.0,-8.5,-5.0,0.5,0.0,0.0,0.0,0.0,0.0,0.0,1104.0,0
0.33,2754.0,2201.0,1646.0,2745.5,2194.5,1641.5,9000.0,7000.0,5000.0,-9.166666666666515,-5.333333333333485,0.5,0.0,0.0,0.0,0.0,0.0,0.0,1108.0,0
0.331,2762.0,2208.0,1651.0,2754.5,2201.5,1646.5,8000.0,7000.0,5000.0,-9.833333333333485,-5.666666666666515,0.5,0.0,0.0,0.0,0.0,0.0,0.0,1111.0,0
0.332,2771.0,2215.0,1656.0,2762.5,2208.5,1651.5,9000.0,7000.0,5000.0,-9.5,-6.0,0.5,0.0,0.0,0.0,0.0,0.0,0.0,1115.0,0
0.333,2780.0,2222.0,1662.0,2771.5,2215.5,1656.5,9000.0,7000.0,6000.0,-10.166666666666515,-6.333333333333485,0.5,0.0,0.0,0.0,0.0,0.0,0.0,1118.0,0
0.334,2788.0,2228.0,1667.0,2780.5,2222.5,1662.5,8000.0,6000.0,5000.0,-9.166666666666515,-5.333333333333485,0.5,0.0,0.0,0.0,0.0,0.0,0.0,1121.0,0
0.335,2797.0,2235.0,1672.0,2788.5,2228.5,1667.5,9000.0,7000.0,5000.0,-8.833333333333485,-4.666666666666515,0.5,0.0,0.0,0.0,0.0,0.0,0.0,1125.0,0
0.336,2806.0,2242.0,1677.0,2797.5,2235.5,1672.5,9000.0,7000.0,5000.0,-9.5,-5.0,0.5,0.0,0.0,0.0,0.0,0.0,0.0,1129.0,0
0.337,2814.0,2249.0,1683.0,2806.5,2242.5,1677.5,8000.0,7000.0,6000.0,-10.166666666666515,-5.333333333333485,0.5,0.0,0.0,0.0,0.0,0.0,0.0,1131.0,0
0.338,2823.0,2256.0,1688.0,2814.5,2249.5,1683.5,9000.0,7000.0,5000.0,-8.166666666666515,-4.333333333333485,0.5,0.0,0.0,0.0,0.0,0.0,0.0,1135.0,0
0.339,2832.0,2263.0,1693.0,2823.5,2256.5,1688.5,9000.0,7000.0,5000.0,-8.833333333333485,-4.666666666666515,0.5,0.0,0.0,0.0,0.0,0.0,0.0,1139.0,0
0.34,2840.0,2270.0,1698.0,2832.5,2263.5,1693.5,8000.0,7000.0,5000.0,-9.5,-5.0,0.5,0.0,0.0,0.0,0.0,0.0,0.0,1142.0,0
0.341,2849.0,2277.0,1704.0,2840.5,2270.5,1698.5,9000.0,7000.0,6000.0,-9.166666666666515,-5.333333333333485,0.5,0.0,0.0,0.0,0.0,0.0,0.0,1145.0,0
0.342,2858.0,2284.0,1709.0,2849.5,2277.5,1704.5,9000.0,7000.0,5000.0,-8.166666666666515,-4.333333333333485,0.5,0.0,0.0,0.0,0.0,0.0,0.0,1149.0,0
0.343,2867.0,2291.0,1714.0,2858.5,2284.5,1709.5,9000.0,7000.0,5000.0,-8.833333333333485,-4.666666666666515,0.5,0.0,0.0,0.0,0.0,0.0,0.0,1153.0,0
0.34400000000000003,2875.0,2298.0,1719.0,2867.5,2291.5,1714.5,8000.0,7000.0,5000.0,-9.5,-5.0,0.5,0.0,0.0,0.0,0.0,0.0,0.0,1156.0,0
0.34500000000000003,2884.0,2305.0,1725.0,2875.5,2298.5,1719.5,9000.0,7000.0,6000.0,-9.166666666666515,-5.333333333333485,0.5,0.0,0.0,0.0,0.0,0.0,0.0,1159.0,0
0.34600000000000003,2893.0,2312.0,1730.0,2884.5,2305.5,1725.5,9000.0,7000.0,5000.0,-8.166666666666515,-4.333333333333485,0.5,0.0,0.0,0.0,0.0,0.0,0.0,1163.0,0
0.34700000000000003,2902.0,2319.0,1735.0,2893.5,2312.5,1730.5,9000.0,7000.0,5000.0,-8.833333333333485,-4.666666666666515,0.5,0.0,0.0,0.0,0.0,0.0,0.0,1167.0,0
0.34800000000000003,2910.0,2326.0,1740.0,2902.5,2319.5,1735.5,8000.0,7000.0,5000.0,-9.5,-5.0,0.5,0.0,0.0,0.0,0.0,0.0,0.0,1170.0,0
0.34900000000000003,2919.0,2333.0,1746.0,2910.5,2326.5,1740.5,9000.0,7000.0,6000.0,-9.166666666666515,-5.333333333333485,0.5,0.0,0.0,0.0,0.0,0.0,0.0,1173.0,0
0.35000000000000003,2928.0,2340.0,1751.0,2919.5,2333.5,1746.5,9000.0,7000.0,5000.0,-8.166666666666515,-4.333333333333485,0.5,0.0,0.0,0.0,0.001,0.0,0.0,1177.0,0
0.35100000000000003,2936.0,2347.0,1756.0,2928.5,2340.5,1751.5,8000.0,7000.0,5000.0,-8.833333333333485,-4.666666666666515,0.5,0.0,0.0,0.0,0.002,0.0,0.0,1180.0,0
0.352,2945.0,2353.0,1761.0,2936.5,2347.5,1756.5,9000.0,6000.0,5000.0,-8.5,-5.0,0.5,0.0,0.0,0.0,0.003,0.0,0.0,1184.0,0
0.353,2954.0,2360.0,1767.0,2945.5,2353.5,1761.5,9000.0,7000.0,6000.0,-9.166666666666515,-4.333333333333485,0.5,0.0,0.0,0.0,0.004,0.0,0.0,1187.0,0
0.354,2963.0,2367.0,1772.0,2954.5,2360.5,1767.5,9000.0,7000.0,5000.0,-8.166666666666515,-3.333333333333485,0.5,0.0,0.0,0.0,0.005,0.0,0.0,1191.0,0
0.355,2971.0,2374.0,1777.0,2963.5,2367.5,1772.5,8000.0,7000.0,5000.0,-8.833333333333485,-3.666666666666515,0.5,0.0,0.0,0.0,0.006,0.0,0.0,1194.0,0
0.356,2980.0,2381.0,1782.0,2971.5,2374.5,1777.5,9000.0,7000.0,5000.0,-8.5,-4.0,0.5,0.0,0.0,0.0,0.007,0.0,0.0,1198.0,0
0.357,2989.0,2388.0,1787.0,2980.5,2381.5,1782.5,9000.0,7000.0,5000.0,-9.166666666666515,-4.333333333333485,0.5,0.0,0.0,0.0,0.008,0.0,0.0,1202.0,0
0.358,2998.0,2395.0,1793.0,2989.5,2388.5,1787.5,9000.0,7000.0,6000.0,-9.833333333333485,-4.666666666666515,0.5,0.0,0.0,0.0,0.009000000000000001,0.0,0.0,1205.0,0
0.359,3006.0,2402.0,1798.0,2998.5,2395.5,1793.5,8000.0,7000.0,5000.0,-8.833333333333485,-3.666666666666515,0.5,0.0,0.0,0.0,0.010000000000000002,0.0,0.0,1208.0,0
0.36,3015.0,2409.0,1803.0,3006.5,2402.5,1798.5,9000.0,7000.0,5000.0,-8.5,-4.0,0.5,0.0,0.0,0.0,0.011000000000000003,0.0,0.0,1212.0,0
0.361,3024.0,2416.0,1808.0,3015.5,2409.5,1803.5,9000.0,7000.0,5000.0,-9.166666666666515,-4.333333333333485,0.5,0.0,0.0,0.0,0.012000000000000004,0.0,0.0,1216.0,0
0.362,3032.0,2423.0,1814.0,3024.5,2416.5,1808.5,8000.0,7000.0,6000.0,-9.833333333333485,-4.666666666666515,0.5,0.0,0.0,0.0,0.013000000000000005,0.0,0.0,1218.0,0
0.363,3041.0,2430.0,1819.0,3032.5,2423.5,1814.5,9000.0,7000.0,5000.0,-7.833333333333485,-3.666666666666515,0.5,0.0,0.0,0.0,0.014000000000000005,0.0,0.0,1222.0,0
0.364,3050.0,2437.0,1824.0,3041.5,2430.5,1819.5,9000.0,7000.0,5000.0,-8.5,-4.0,0.5,0.0,0.0,0.0,0.015000000000000006,0.0,0.0,1226.0,0
0.365,3059.0,2444.0,1829.0,3050.5,2437.5,1824.5,9000.0,7000.0,5000.0,-9.166666666666515,-4.333333333333485,0.5,0.0,0.0,0.0,0.016000000000000007,0.0,0.0,1230.0,0
0.366,3067.0,2451.0,1835.0,3059.5,2444.5,1829.5,8000.0,7000.0,6000.0,-9.833333333333485,-4.666666666666515,0.5,0.0,0.0,0.0,0.017000000000000008,0.0,0.0,1232.0,0
0.367,3076.0,2458.0,1840.0,3067.5,2451.5,1835.5,9000.0,7000.0,5000.0,-7.833333333333485,-3.666666666666515,0.5,0.0,0.0,0.0,0.01800000000000001,0.0,0.0,1236.0,0
0.368,3085.0,2465.0,1845.0,3076.5,2458.5,1840.5,9000.0,7000.0,5000.0,-8.5,-4.0,0.5,0.0,0.0,0.0,0.01900000000000001,0.0,0.0,1240.0,0
0.369,3094.0,2472.0,1850.0,3085.5,2465.5,1845.5,9000.0,7000.0,5000.0,-9.166666666666515,-4.333333333333485,0.5,0.0,0.0,0.0,0.02000000000000001,0.0,0.0,1244.0,0
0.37,3102.0,2478.0,1856.0,3094.5,2472.5,1850.5,8000.0,6000.0,6000.0,-9.833333333333485,-4.666666666666515,0.5,0.0,0.0,0.0,0.02100000000000001,0.0,0.0,1246.0,0
0.371,3111.0,2485.0,1861.0,3102.5,2478.5,1856.5,9000.0,7000.0,5000.0,-7.833333333333485,-2.666666666666515,0.5,0.0,0.0,0.0,0.022000000000000013,0.0,0.0,1250.0,0
0.372,3120.0,2492.0,1866.0,3111.5,2485.5,1861.5,9000.0,7000.0,5000.0,-8.5,-3.0,0.5,0.0,0.0,0.0,0.023000000000000013,0.0,0.0,1254.0,0
0.373,3129.0,2499.0,1871.0,3120.5,2492.5,1866.5,9000.0,7000.0,5000.0,-9.166666666666515,-3.333333333333485,0.5,0.0,0.0,0.0,0.024000000000000014,0.0,0.0,1258.0,0
0.374,3137.0,2506.0,1877.0,3129.5,2499.5,1871.5,8000.0,7000.0,6000.0,-9.833333333333485,-3.666666666666515,0.5,0.0,0.0,0.0,0.025000000000000015,0.0,0.0,1260.0,0
0.375,3146.0,2513.0,1882.0,3137.5,2506.5,1877.5,9000.0,7000.0,5000.0,-7.833333333333485,-2.666666666666515,0.5,0.0,0.0,0.0,0.026000000000000016,0.0,0.0,1264.0,0
0.376,3155.0,2520.0,1887.0,3146.5,2513.5,1882.5,9000.0,7000.0,5000.0,-8.5,-3.0,0.5,0.0,0.0,0.0,0.027000000000000017,0.0,0.0,1268.0,0
0.377,3163.0,2527.0,1892.0,3155.5,2520.5,1887.5,8000.0,7000.0,5000.0,-9.166666666666515,-3.333333333333485,0.5,0.0,0.0,0.0,0.028000000000000018,0.0,0.0,1271.0,0
0.378,3172.0,2534.0,1898.0,3163.5,2527.5,1892.5,9000.0,7000.0,6000.0,-8.833333333333485,-3.666666666666515,0.5,0.0,0.0,0.0,0.02900000000000002,0.0,0.0,1274.0,0
0.379,3181.0,2541.0,1903.0,3172.5,2534.5,1898.5,9000.0,7000.0,5000.0,-7.833333333333485,-2.666666666666515,0.5,0.0,0.0,0.0,0.03000000000000002,0.0,0.0,1278.0,0
0.38,3190.0,2548.0,1908.0,3181.5,2541.5,1903.5,9000.0,7000.0,5000.0,-8.5,-3.0,0.5,0.0,0.0,0.0,0.03100000000000002,0.0,0.0,1282.0,0
0.381,3198.0,2555.0,1913.0,3190.5,2548.5,1908.5,8000.0,7000.0,5000.0,-9.166666666666515,-3.333333333333485,0.5,0.0,0.0,0.0,0.03200000000000002,0.0,0.0,1285.0,0
0.382,3207.0,2562.0,1918.0,3198.5,2555.5,1913.5,9000.0,7000.0,5000.0,-8.833333333333485,-3.666666666666515,0.5,0.0,0.0,0.0,0.03300000000000002,0.0,0.0,1289.0,0
0.383,3216.0,2569.0,1924.0,3207.5,2562.5,1918.5,9000.0,7000.0,6000.0,-9.5,-4.0,0.5,0.0,0.0,0.0,0.03400000000000002,0.0,0.0,1292.0,0
0.384,3225.0,2576.0,1929.0,3216.5,2569.5,1924.5,9000.0,7000.0,5000.0,-8.5,-3.0,0.5,0.0,0.0,0.0,0.035000000000000024,0.0,0.0,1296.0,0
0.385,3233.0,2583.0,1934.0,3225.5,2576.5,1929.5,8000.0,7000.0,5000.0,-9.166666666666515,-3.333333333333485,0.5,0.0,0.0,0.0,0.036000000000000025,0.0,0.0,1299.0,0
0.386,3242.0,2590.0,1939.0,3233.5,2583.5,1934.5,9000.0,7000.0,5000.0,-8.833333333333485,-3.666666666666515,0.5,0.0,0.0,0.0,0.037000000000000026,0.0,0.0,1303.0,0
0.387,3251.0,2597.0,1945.0,3242.5,2590.5,1939.5,9000.0,7000.0,6000.0,-9.5,-4.0,0.5,0.0,0.0,0.0,0.03800000000000003,0.0,0.0,1306.0,0
0.388,3259.0,2603.0,1950.0,3251.5,2597.5,1945.5,8000.0,6000.0,5000.0,-8.5,-3.0,0.5,0.0,0.0,0.0,0.03900000000000003,0.0,0.0,1309.0,0
0.389,3268.0,2610.0,1955.0,3259.5,2603.5,1950.5,9000.0,7000.0,5000.0,-8.166666666666515,-2.333333333333485,0.5,0.0,0.0,0.0,0.04000000000000003,0.0,0.0,1313.0,0
0.39,3277.0,2617.0,1960.0,3268.5,2610.5,1955.5,9000.0,7000.0,5000.0,-8.833333333333485,-2.666666666666515,0.5,0.0,0.0,0.0,0.04100000000000003,0.0,0.0,1317.0,0
0.391,3286.0,2624.0,1966.0,3277.5,2617.5,1960.5,9000.0,7000.0,6000.0,-9.5,-3.0,0.5,0.0,0.0,0.0,0.04200000000000003,0.0,0.0,1320.0,0
0.392,3294.0,2631.0,1971.0,3286.5,2624.5,1966.5,8000.0,7000.0,5000.0,-8.5,-2.0,0.5,0.0,0.0,0.0,0.04300000000000003,0.0,0.0,1323.0,0
0.393,3303.0,2638.0,1976.0,3294.5,2631.5,1971.5,9000.0,7000.0,5000.0,-8.166666666666515,-2.333333333333485,0.5,0.0,0.0,0.0,0.04400000000000003,0.0,0.0,1327.0,0
0.394,3312.0,2645.0,1981.0,3303.5,2638.5,1976.5,9000.0,7000.0,5000.0,-8.833333333333485,-2.666666666666515,0.5,0.0,0.0,0.0,0.04500000000000003,0.0,0.0,1331.0,0
0.395,3321.0,2652.0,1987.0,3312.5,2645.5,1981.5,9000.0,7000.0,6000.0,-9.5,-3.0,0.5,0.0,0.0,0.0,0.046000000000000034,0.0,0.0,1334.0,0
0.396,3329.0,2659.0,1992.0,3321.5,2652.5,1987.5,8000.0,7000.0,5000.0,-8.5,-2.0,0.5,0.0,0.0,0.0,0.047000000000000035,0.0,0.0,1337.0,0
0.397,3338.0,2666.0,1997.0,3329.5,2659.5,1992.5,9000.0,7000.0,5000.0,-8.166666666666515,-2.333333333333485,0.5,0.0,0.0,0.0,0.048000000000000036,0.0,0.0,1341.0,0
0.398,3347.0,2673.0,2002.0,3338.5,2666.5,1997.5,9000.0,7000.0,5000.0,-8.833333333333485,-2.666666666666515,0.5,0.0,0.0,0.0,0.04900000000000004,0.0,0.0,1345.0,0
0.399,3355.0,2680.0,2008.0,3347.5,2673.5,2002.5,8000.0,7000.0,6000.0,-9.5,-3.0,0.5,0.0,0.0,0.0,0.05000000000000004,0.0,0.0,1347.0,0
0.4,3364.0,2687.0,2013.0,3355.5,2680.5,2008.5,9000.0,7000.0,5000.0,-7.5,-2.0,0.5,0.0,0.0,0.0,0.05100000000000004,0.0,0.0,1351.0,0
0.401,3373.0,2694.0,2018.0,3364.5,2687.5,2013.5,9000.0,7000.0,5000.0,-8.166666666666515,-2.333333333333485,0.5,0.0,0.0,0.0,0.05200000000000004,0.0,0.0,1355.0,0
0.402,3382.0,2701.0,2023.0,3373.5,2694.5,2018.5,9000.0,7000.0,5000.0,-8.833333333333485,-2.666666666666515,0.5,0.0,0.0,0.0,0.05300000000000004,0.0,0.0,1359.0,0
0.403,3390.0,2708.0,2029.0,3382.5,2701.5,2023.5,8000.0,7000.0,6000.0,-9.5,-3.0,0.5,0.0,0.0,0.0,0.05400000000000004,0.0,0.0,1361.0,0
0.404,3399.0,2715.0,2034.0,3390.5,2708.5,2029.5,9000.0,7000.0,5000.0,-7.5,-2.0,0.5,0.0,0.0,0.0,0.05500000000000004,0.0,0.0,1365.0,0
0.405,3408.0,2722.0,2039.0,3399.5,2715.5,2034.5,9000.0,7000.0,5000.0,-8.166666666666515,-2.333333333333485,0.5,0.0,0.0,0.0,0.05600000000000004,0.0,0.0,1369.0,0
0.406,3417.0,2728.0,2044.0,3408.5,2722.5,2039.5,9000.0,6000.0,5000.0,-8.833333333333485,-2.666666666666515,0.5,0.0,0.0,0.0,0.057000000000000044,0.0,0.0,1373.0,0
0.40700000000000003,3425.0,2735.0,2049.0,3417.5,2728.5,2044.5,8000.0,7000.0,5000.0,-9.5,-2.0,0.5,0.0,0.0,0.0,0.058000000000000045,0.0,0.0,1376.0,0
0.40800000000000003,3434.0,2742.0,2055.0,3425.5,2735.5,2049.5,9000.0,7000.0,6000.0,-9.166666666666515,-2.333333333333485,0.5,0.0,0.0,0.0,0.059000000000000045,0.0,0.0,1379.0,0
0.40900000000000003,3443.0,2749.0,2060.0,3434.5,2742.5,2055.5,9000.0,7000.0,5000.0,-8.166666666666515,-1.333333333333485,0.5,0.0,0.0,0.0,0.060000000000000046,0.0,0.0,1383.0,0
0.41000000000000003,3451.0,2756.0,2065.0,3443.5,2749.5,2060.5,8000.0,7000.0,5000.0,-8.833333333333485,-1.666666666666515,0.5,0.0,0.0,0.0,0.06100000000000005,0.0,0.0,1386.0,0
0.41100000000000003,3460.0,2763.0,2070.0,3451.5,2756.5,2065.5,9000.0,7000.0,5000.0,-8.5,-2.0,0.5,0.0,0.0,0.0,0.06200000000000005,0.0,0.0,1390.0,0
0.41200000000000003,3469.0,2770.0,2076.0,3460.5,2763.5,2070.5,9000.0,7000.0,6000.0,-9.166666666666515,-2.333333333333485,0.5,0.0,0.0,0.0,0.06300000000000004,0.0,0.0,1393.0,0
0.41300000000000003,3478.0,2777.0,2081.0,3469.5,2770.5,2076.5,9000.0,7000.0,5000.0,-8.166666666666515,-1.333333333333485,0.5,0.0,0.0,0.0,0.06400000000000004,0.0,0.0,1397.0,0
0.41400000000000003,3486.0,2784.0,2086.0,3478.5,2777.5,2081.5,8000.0,7000.0,5000.0,-8.833333333333485,-1.666666666666515,0.5,0.0,0.0,0.0,0.06500000000000004,0.0,0.0,1400.0,0
0.41500000000000004,3495.0,2791.0,2091.0,3486.5,2784.5,2086.5,9000.0,7000.0,5000.0,-8.5,-2.0,0.5,0.0,0.0,0.0,0.06600000000000004,0.0,0.0,1404.0,0
0.41600000000000004,3504.0,2798.0,2097.0,3495.5,2791.5,2091.5,9000.0,7000.0,6000.0,-9.166666666666515,-2.333333333333485,0.5,0.0,0.0,0.0,0.06700000000000005,0.0,0.0,1407.0,0
0.417,3513.0,2805.0,2102.0,3504.5,2798.5,2097.5,9000.0,7000.0,5000.0,-8.166666666666515,-1.333333333333485,0.5,0.0,0.0,0.0,0.06800000000000005,0.0,0.0,1411.0,0
0.418,3521.0,2812.0,2107.0,3513.5,2805.5,2102.5,8000.0,7000.0,5000.0,-8.833333333333485,-1.666666666666515,0.5,0.0,0.0,0.0,0.06900000000000005,0.0,0.0,1414.0,0
0.419,3530.0,2819.0,2112.0,3521.5,2812.5,2107.5,9000.0,7000.0,5000.0,-8.5,-2.0,0.5,0.0,0.0,0.0,0.07000000000000005,0.0,0.0,1418.0,0
0.42,3539.0,2826.0,2118.0,3530.5,2819.5,2112.5,9000.0,7000.0,6000.0,-9.166666666666515,-2.333333333333485,0.5,0.0,0.0,0.0,0.07100000000000005,0.0,0.0,1421.0,0
0.421,3547.0,2833.0,2123.0,3539.5,2826.5,2118.5,8000.0,7000.0,5000.0,-8.166666666666515,-1.333333333333485,0.5,0.0,0.0,0.0,0.07200000000000005,0.0,0.0,1424.0,0
0.422,3556.0,2840.0,2128.0,3547.5,2833.5,2123.5,9000.0,7000.0,5000.0,-7.833333333333485,-1.666666666666515,0.5,0.0,0.0,0.0,0.07300000000000005,0.0,0.0,1428.0,0
0.423,3565.0,2847.0,2133.0,3556.5,2840.5,2128.5,9000.0,7000.0,5000.0,-8.5,-2.0,0.5,0.0,0.0,0.0,0.07400000000000005,0.0,0.0,1432.0,0
0.424,3574.0,2853.0,2139.0,3565.5,2847.5,2133.5,9000.0,6000.0,6000.0,-9.166666666666515,-2.333333333333485,0.5,0.0,0.0,0.0,0.07500000000000005,0.0,0.0,1435.0,0
0.425,3582.0,2860.0,2144.0,3574.5,2853.5,2139.5,8000.0,7000.0,5000.0,-8.166666666666515,-0.3333333333334849,0.5,0.0,0.0,0.0,0.07600000000000005,0.0,0.0,1438.0,0
0.426,3591.0,2867.0,2149.0,3582.5,2860.5,2144.5,9000.0,7000.0,5000.0,-7.833333333333485,-0.6666666666665151,0.5,0.0,0.0,0.0,0.07700000000000005,0.0,0.0,1442.0,0
0.427,3600.0,2874.0,2154.0,3591.5,2867.5,2149.5,9000.0,7000.0,5000.0,-8.5,-1.0,0.5,0.0,0.0,0.0,0.07800000000000006,0.0,0.0,1446.0,0
0.428,3609.0,2881.0,2159.0,3600.5,2874.5,2154.5,9000.0,7000.0,5000.0,-9.166666666666515,-1.333333333333485,0.5,0.0,0.0,0.0,0.07900000000000006,0.0,0.0,1450.0,0
0.429,3617.0,2888.0,2165.0,3609.5,2881.5,2159.5,8000.0,7000.0,6000.0,-9.833333333333485,-1.666666666666515,0.5,0.0,0.0,0.0,0.08000000000000006,0.0,0.0,1452.0,0
0.43,3626.0,2895.0,2170.0,3617.5,2888.5,2165.5,9000.0,7000.0,5000.0,-7.833333333333485,-0.6666666666665151,0.5,0.0,0.0,0.0,0.08100000000000006,0.0,0.0,1456.0,0
0.431,3635.0,2902.0,2175.0,3626.5,2895.5,2170.5,9000.0,7000.0,5000.0,-8.5,-1.0,0.5,0.0,0.0,0.0,0.08200000000000006,0.0,0.0,1460.0,0
0.432,3643.0,2909.0,2180.0,3635.5,2902.5,2175.5,8000.0,7000.0,5000.0,-9.166666666666515,-1.333333333333485,0.5,0.0,0.0,0.0,0.08300000000000006,0.0,0.0,1463.0,0
0.433,3652.0,2916.0,2186.0,3643.5,2909.5,2180.5,9000.0,7000.0,6000.0,-8.833333333333485,-1.666666666666515,0.5,0.0,0.0,0.0,0.08400000000000006,0.0,0.0,1466.0,0
0.434,3661.0,2923.0,2191.0,3652.5,2916.5,2186.5,9000.0,7000.0,5000.0,-7.833333333333485,-0.6666666666665151,0.5,0.0,0.0,0.0,0.08500000000000006,0.0,0.0,1470.0,0
0.435,3670.0,2930.0,2196.0,3661.5,2923.5,2191.5,9000.0,7000.0,5000.0,-8.5,-1.0,0.5,0.0,0.0,0.0,0.08600000000000006,0.0,0.0,1474.0,0
0.436,3678.0,2937.0,2201.0,3670.5,2930.5,2196.5,8000.0,7000.0,5000.0,-9.166666666666515,-1.333333333333485,0.5,0.0,0.0,0.0,0.08700000000000006,0.0,0.0,1477.0,0
0.437,3687.0,2944.0,2207.0,3678.5,2937.5,2201.5,9000.0,7000.0,6000.0,-8.833333333333485,-1.666666666666515,0.5,0.0,0.0,0.0,0.08800000000000006,0.0,0.0,1480.0,0
0.438,3696.0,2951.0,2212.0,3687.5,2944.5,2207.5,9000.0,7000.0,5000.0,-7.833333333333485,-0.6666666666665151,0.5,0.0,0.0,0.0,0.08900000000000007,0.0,0.0,1484.0,0
0.439,3705.0,2958.0,2217.0,3696.5,2951.5,2212.5,9000.0,7000.0,5000.0,-8.5,-1.0,0.5,0.0,0.0,0.0,0.09000000000000007,0.0,0.0,1488.0,0
0.44,3713.0,2965.0,2222.0,3705.5,2958.5,2217.5,8000.0,7000.0,5000.0,-9.166666666666515,-1.333333333333485,0.5,0.0,0.0,0.0,0.09100000000000007,0.0,0.0,1491.0,0
0.441,3722.0,2972.0,2228.0,3713.5,2965.5,2222.5,9000.0,7000.0,6000.0,-8.833333333333485,-1.666666666666515,0.5,0.0,0.0,0.0,0.09200000000000007,0.0,0.0,1494.0,0
0.442,3731.0,2978.0,2233.0,3722.5,2972.5,2228.5,9000.0,6000.0,5000.0,-7.833333333333485,-0.6666666666665151,0.5,0.0,0.0,0.0,0.09300000000000007,0.0,0.0,1498.0,0
0.443,3739.0,2985.0,2238.0,3731.5,2978.5,2233.5,8000.0,7000.0,5000.0,-8.5,0.0,0.5,0.0,0.0,0.0,0.09400000000000007,0.0,0.0,1501.0,0
0.444,3748.0,2992.0,2243.0,3739.5,2985.5,2238.5,9000.0,7000.0,5000.0,-8.166666666666515,-0.3333333333334849,0.5,0.0,0.0,0.0,0.09500000000000007,0.0,0.0,1505.0,0
0.445,3757.0,2999.0,2249.0,3748.5,2992.5,2243.5,9000.0,7000.0,6000.0,-8.833333333333485,-0.6666666666665151,0.5,0.0,0.0,0.0,0.09600000000000007,0.0,0.0,1508.0,0
0.446,3766.0,3006.0,2254.0,3757.5,2999.5,2249.5,9000.0,7000.0,5000.0,-7.833333333333485,0.3333333333334849,0.5,0.0,0.0,0.0,0.09700000000000007,0.0,0.0,1512.0,0
0.447,3774.0,3013.0,2259.0,3766.5,3006.5,2254.5,8000.0,7000.0,5000.0,-8.5,0.0,0.5,0.0,0.0,0.0,0.09800000000000007,0.0,0.0,1515.0,0
0.448,3783.0,3020.0,2264.0,3774.5,3013.5,2259.5,9000.0,7000.0,5000.0,-8.166666666666515,-0.3333333333334849,0.5,0.0,0.0,0.0,0.09900000000000007,0.0,0.0,1519.0,0
0.449,3792.0,3027.0,2270.0,3783.5,3020.5,2264.5,9000.0,7000.0,6000.0,-8.833333333333485,-0.6666666666665151,0.5,0.0,0.0,0.0,0.10000000000000007,0.0,0.0,1522.0,0
0.45,3801.0,3034.0,2275.0,3792.5,3027.5,2270.5,9000.0,7000.0,5000.0,-7.833333333333485,0.3333333333334849,0.5,0.0,0.0,0.0,0.10100000000000008,0.0,0.0,1526.0,0
0.451,3809.0,3041.0,2280.0,3801.5,3034.5,2275.5,8000.0,7000.0,5000.0,-8.5,0.0,0.5,0.0,0.0,0.0,0.10200000000000008,0.0,0.0,1529.0,0
0.452,3818.0,3048.0,2285.0,3809.5,3041.5,2280.5,9000.0,7000.0,5000.0,-8.166666666666515,-0.3333333333334849,0.5,0.0,0.0,0.0,0.10300000000000008,0.0,0.0,1533.0,0
0.453,3827.0,3055.0,2290.0,3818.5,3048.5,2285.5,9000.0,7000.0,5000.0,-8.833333333333485,-0.6666666666665151,0.5,0.0,0.0,0.0,0.10400000000000008,0.0,0.0,1537.0,0
0.454,3835.0,3062.0,2296.0,3827.5,3055.5,2290.5,8000.0,7000.0,6000.0,-9.5,-1.0,0.5,0.0,0.0,0.0,0.10500000000000008,0.0,0.0,1539.0,0
0.455,3844.0,3069.0,2301.0,3835.5,3062.5,2296.5,9000.0,7000.0,5000.0,-7.5,0.0,0.5,0.0,0.0,0.0,0.10600000000000008,0.0,0.0,1543.0,0
0.456,3853.0,3076.0,2306.0,3844.5,3069.5,2301.5,9000.0,7000.0,5000.0,-8.166666666666515,-0.3333333333334849,0.5,0.0,0.0,0.0,0.10700000000000008,0.0,0.0,1547.0,0
0.457,3862.0,3083.0,2311.0,3853.5,3076.5,2306.5,9000.0,7000.0,5000.0,-8.833333333333485,-0.6666666666665151,0.5,0.0,0.0,0.0,0.10800000000000008,0.0,0.0,1551.0,0
0.458,3870.0,3090.0,2317.0,3862.5,3083.5,2311.5,8000.0,7000.0,6000.0,-9.5,-1.0,0.5,0.0,0.0,0.0,0.10900000000000008,0.0,0.0,1553.0,0
0.459,3879.0,3097.0,2322.0,3870.5,3090.5,2317.5,9000.0,7000.0,5000.0,-7.5,0.0,0.5,0.0,0.0,0.0,0.11000000000000008,0.0,0.0,1557.0,0
0.46,3888.0,3103.0,2327.0,3879.5,3097.5,2322.5,9000.0,6000.0,5000.0,-8.166666666666515,-0.3333333333334849,0.5,0.0,0.0,0.0,0.11100000000000008,0.0,0.0,1561.0,0
0.461,3897.0,3110.0,2332.0,3888.5,3103.5,2327.5,9000.0,7000.0,5000.0,-8.833333333333485,0.3333333333334849,0.5,0.0,0.0,0.0,0.11200000000000009,0.0,0.0,1565.0,0
0.462,3905.0,3117.0,2338.0,3897.5,3110.5,2332.5,8000.0,7000.0,6000.0,-9.5,0.0,0.5,0.0,0.0,0.0,0.11300000000000009,0.0,0.0,1567.0,0
0.463,3914.0,3124.0,2343.0,3905.5,3117.5,2338.5,9000.0,7000.0,5000.0,-8.125,0.5,0.125,0.0,0.0,0.0,0.11400000000000009,0.0,0.0,1571.0,0
0.464,3923.0,3131.0,2348.0,3914.5,3124.5,2343.5,9000.0,7000.0,5000.0,-8.375,0.5,0.375,0.0,0.0,0.0,0.11500000000000009,0.0,0.0,1575.0,0
0.465,3931.0,3138.0,2353.0,3923.5,3131.5,2348.5,8000.0,7000.0,5000.0,-8.833333333333485,0.3333333333334849,0.5,0.0,0.0,0.0,0.11600000000000009,0.0,0.0,1578.0,0
0.466,3940.0,3145.0,2359.0,3931.5,3138.5,2353.5,9000.0,7000.0,6000.0,-8.5,0.0,0.5,0.0,0.0,0.0,0.11700000000000009,0.0,0.0,1581.0,0
0.467,3949.0,3152.0,2364.0,3940.5,3145.5,2359.5,9000.0,7000.0,5000.0,-8.125,0.5,0.125,0.0,0.0,0.0,0.11800000000000009,0.0,0.0,1585.0,0
0.468,3958.0,3159.0,2369.0,3949.5,3152.5,2364.5,9000.0,7000.0,5000.0,-8.375,0.5,0.375,0.0,0.0,0.0,0.11900000000000009,0.0,0.0,1589.0,0
0.46900000000000003,3966.0,3166.0,2374.0,3958.5,3159.5,2369.5,8000.0,7000.0,5000.0,-8.833333333333485,0.3333333333334849,0.5,0.0,0.0,0.0,0.12000000000000009,0.0,0.0,1592.0,0
0.47000000000000003,3975.0,3173.0,2380.0,3966.5,3166.5,2374.5,9000.0,7000.0,6000.0,-8.5,0.0,0.5,0.0,0.0,0.0,0.1210000000000001,0.0,0.0,1595.0,0
0.47100000000000003,3984.0,3180.0,2385.0,3975.5,3173.5,2380.5,9000.0,7000.0,5000.0,-8.125,0.5,0.125,0.0,0.0,0.0,0.1220000000000001,0.0,0.0,1599.0,0
0.47200000000000003,3993.0,3187.0,2390.0,3984.5,3180.5,2385.5,9000.0,7000.0,5000.0,-8.375,0.5,0.375,0.0,0.0,0.0,0.1230000000000001,0.0,0.0,1603.0,0
0.47300000000000003,4001.0,3194.0,2395.0,3993.5,3187.5,2390.5,8000.0,7000.0,5000.0,-8.833333333333485,0.3333333333334849,0.5,0.0,0.0,0.0,0.1240000000000001,0.0,0.0,1606.0,0
0.47400000000000003,4010.0,3201.0,2401.0,4001.5,3194.5,2395.5,9000.0,7000.0,6000.0,-8.5,0.0,0.5,0.0,0.0,0.0,0.12500000000000008,0.0,0.0,1609.0,0
0.47500000000000003,4019.0,3208.0,2406.0,4010.5,3201.5,2401.5,9000.0,7000.0,5000.0,-8.125,0.5,0.125,0.0,0.0,0.0,0.12600000000000008,0.0,0.0,1613.0,0
0.47600000000000003,4027.0,3215.0,2411.0,4019.5,3208.5,2406.5,8000.0,7000.0,5000.0,-8.375,0.5,0.375,0.0,0.0,0.0,0.12700000000000009,0.0,0.0,1616.0,0
0.47700000000000004,4036.0,3222.0,2416.0,4027.5,3215.5,2411.5,9000.0,7000.0,5000.0,-7.833333333333485,0.3333333333334849,0.5,0.0,0.0,0.0,0.12800000000000009,0.0,0.0,1620.0,0
0.47800000000000004,4045.0,3228.0,2421.0,4036.5,3222.5,2416.5,9000.0,6000.0,5000.0,-8.5,0.0,0.5,0.0,0.0,0.0,0.1290000000000001,0.0,0.0,1624.0,0
0.47900000000000004,4054.0,3235.0,2427.0,4045.5,3228.5,2421.5,9000.0,7000.0,6000.0,-9.375,0.5,0.375,0.0,0.0,0.0,0.1300000000000001,0.0,0.0,1627.0,0
0.48,4062.0,3242.0,2432.0,4054.5,3235.5,2427.5,8000.0,7000.0,5000.0,-9.625,0.5,-0.375,0.0,0.0,0.0,0.1310000000000001,0.0,0.0,1630.0,0
0.481,4071.0,3249.0,2437.0,4062.5,3242.5,2432.5,9000.0,7000.0,5000.0,-8.875,0.5,-0.125,0.0,0.0,0.0,0.1320000000000001,0.0,0.0,1634.0,0
0.482,4080.0,3256.0,2442.0,4071.5,3249.5,2437.5,9000.0,7000.0,5000.0,-9.125,0.5,0.125,0.0,0.0,0.0,0.1330000000000001,0.0,0.0,1638.0,0
0.483,4089.0,3263.0,2448.0,4080.5,3256.5,2442.5,9000.0,7000.0,6000.0,-9.375,0.5,0.375,0.0,0.0,0.0,0.1340000000000001,0.0,0.0,1641.0,0
0.484,4097.0,3270.0,2453.0,4089.5,3263.5,2448.5,8000.0,7000.0,5000.0,-9.625,0.5,-0.375,0.0,0.0,0.0,0.1350000000000001,0.0,0.0,1644.0,0
0.485,4106.0,3277.0,2458.0,4097.5,3270.5,2453.5,9000.0,7000.0,5000.0,-8.875,0.5,-0.125,0.0,0.0,0.0,0.1360000000000001,0.0,0.0,1648.0,0
0.486,4115.0,3284.0,2463.0,4106.5,3277.5,2458.5,9000.0,7000.0,5000.0,-9.125,0.5,0.125,0.0,0.0,0.0,0.1370000000000001,0.0,0.0,1652.0,0
0.487,4123.0,3291.0,2469.0,4115.5,3284.5,2463.5,8000.0,7000.0,6000.0,-9.375,0.5,0.375,0.0,0.0,0.0,0.1380000000000001,0.0,0.0,1654.0,0
0.488,4132.0,3298.0,2474.0,4123.5,3291.5,2469.5,9000.0,7000.0,5000.0,-8.625,0.5,-0.375,0.0,0.0,0.0,0.1390000000000001,0.0,0.0,1658.0,0
0.489,4141.0,3305.0,2479.0,4132.5,3298.5,2474.5,9000.0,7000.0,5000.0,-8.875,0.5,-0.125,0.0,0.0,0.0,0.1400000000000001,0.0,0.0,1662.0,0
0.49,4150.0,3312.0,2484.0,4141.5,3305.5,2479.5,9000.0,7000.0,5000.0,-9.125,0.5,0.125,0.0,0.0,0.0,0.1410000000000001,0.0,0.0,1666.0,0
0.491,4158.0,3319.0,2490.0,4150.5,3312.5,2484.5,8000.0,7000.0,6000.0,-9.375,0.5,0.375,0.0,0.0,0.0,0.1420000000000001,0.0,0.0,1668.0,0
0.492,4167.0,3326.0,2495.0,4158.5,3319.5,2490.5,9000.0,7000.0,5000.0,-8.625,0.5,-0.375,0.0,0.0,0.0,0.1430000000000001,0.0,0.0,1672.0,0
0.493,4176.0,3333.0,2500.0,4167.5,3326.5,2495.5,9000.0,7000.0,5000.0,-8.875,0.5,-0.125,0.0,0.0,0.0,0.1440000000000001,0.0,0.0,1676.0,0
0.494,4185.0,3340.0,2505.0,4176.5,3333.5,2500.5,9000.0,7000.0,5000.0,-9.125,0.5,0.125,0.0,0.0,0.0,0.1450000000000001,0.0,0.0,1680.0,0
0.495,4193.0,3347.0,2511.0,4185.5,3340.5,2505.5,8000.0,7000.0,6000.0,-9.375,0.5,0.375,0.0,0.0,0.0,0.1460000000000001,0.0,0.0,1682.0,0
0.496,4202.0,3353.0,2516.0,4193.5,3347.5,2511.5,9000.0,6000.0,5000.0,-8.625,0.5,-0.375,0.0,0.0,0.0,0.1470000000000001,0.0,0.0,1686.0,0
0.497,4211.0,3360.0,2521.0,4202.5,3353.5,2516.5,9000.0,7000.0,5000.0,-10.125,0.5,-0.875,0.0,0.0,0.0,0.1480000000000001,0.0,0.0,1690.0,0
0.498,4219.0,3367.0,2526.0,4211.5,3360.5,2521.5,8000.0,7000.0,5000.0,-10.375,0.5,-0.625,0.0,0.0,0.0,0.1490000000000001,0.0,0.0,1693.0,0
0.499,4227.0,3374.0,2532.0,4219.5,3367.5,2526.5,8000.0,7000.0,6000.0,-9.625,0.5,-0.375,0.0,0.0,0.0,0.1500000000000001,0.0,0.0,1695.0,0
0.5,4236.0,3381.0,2537.0,4227.5,3374.5,2532.5,9000.0,7000.0,5000.0,-8.875,0.5,-1.125,0.0,0.0,0.0,0.1510000000000001,0.0,0.0,1699.0,0
0.501,4245.0,3388.0,2542.0,4236.5,3381.5,2537.5,9000.0,7000.0,5000.0,-9.125,0.5,-0.875,0.0,0.0,0.0,0.1520000000000001,0.0,0.0,1703.0,0
0.502,4254.0,3395.0,2547.0,4245.5,3388.5,2542.5,9000.0,7000.0,5000.0,-9.375,0.5,-0.625,0.0,0.0,0.0,0.1530000000000001,0.0,0.0,1707.0,0
0.503,4262.0,3402.0,2552.0,4254.5,3395.5,2547.5,8000.0,7000.0,5000.0,-9.625,0.5,-0.375,0.0,0.0,0.0,0.1540000000000001,0.0,0.0,1710.0,0
0.504,4271.0,3409.0,2558.0,4262.5,3402.5,2552.5,9000.0,7000.0,6000.0,-8.875,0.5,-0.125,0.0,0.0,0.0,0.1550000000000001,0.0,0.0,1713.0,0
0.505,4280.0,3416.0,2563.0,4271.5,3409.5,2558.5,9000.0,7000.0,5000.0,-9.125,0.5,-0.875,0.0,0.0,0.0,0.1560000000000001,0.0,0.0,1717.0,0
0.506,4288.0,3423.0,2568.0,4280.5,3416.5,2563.5,8000.0,7000.0,5000.0,-9.375,0.5,-0.625,0.0,0.0,0.0,0.1570000000000001,0.0,0.0,1720.0,0
0.507,4297.0,3430.0,2573.0,4288.5,3423.5,2568.5,9000.0,7000.0,5000.0,-8.625,0.5,-0.375,0.0,0.0,0.0,0.1580000000000001,0.0,0.0,1724.0,0
0.508,4306.0,3437.0,2579.0,4297.5,3430.5,2573.5,9000.0,7000.0,6000.0,-8.875,0.5,-0.125,0.0,0.0,0.0,0.1590000000000001,0.0,0.0,1727.0,0
0.509,4315.0,3444.0,2584.0,4306.5,3437.5,2579.5,9000.0,7000.0,5000.0,-9.125,0.5,-0.875,0.0,0.0,0.0,0.16000000000000011,0.0,0.0,1731.0,0
0.51,4323.0,3451.0,2589.0,4315.5,3444.5,2584.5,8000.0,7000.0,5000.0,-9.375,0.5,-0.625,0.0,0.0,0.0,0.16100000000000012,0.0,0.0,1734.0,0
0.511,4332.0,3458.0,2594.0,4323.5,3451.5,2589.5,9000.0,7000.0,5000.0,-8.625,0.5,-0.375,0.0,0.0,0.0,0.16200000000000012,0.0,0.0,1738.0,0
0.512,4341.0,3465.0,2600.0,4332.5,3458.5,2594.5,9000.0,7000.0,6000.0,-8.875,0.5,-0.125,0.0,0.0,0.0,0.16300000000000012,0.0,0.0,1741.0,0
0.513,4349.0,3472.0,2605.0,4341.5,3465.5,2600.5,8000.0,7000.0,5000.0,-9.125,0.5,-0.875,0.0,0.0,0.0,0.16400000000000012,0.0,0.0,1744.0,0
0.514,4358.0,3478.0,2610.0,4349.5,3472.5,2605.5,9000.0,6000.0,5000.0,-8.375,0.5,-0.625,0.0,0.0,0.0,0.16500000000000012,0.0,0.0,1748.0,0
0.515,4367.0,3485.0,2615.0,4358.5,3478.5,2610.5,9000.0,7000.0,5000.0,-9.875,0.5,-1.125,0.0,0.0,0.0,0.16600000000000012,0.0,0.0,1752.0,0
0.516,4375.0,3492.0,2621.0,4367.5,3485.5,2615.5,8000.0,7000.0,6000.0,-10.125,0.5,-0.875,0.0,0.0,0.0,0.16700000000000012,0.0,0.0,1754.0,0
0.517,4384.0,3499.0,2626.0,4375.5,3492.5,2621.5,9000.0,7000.0,5000.0,-9.375,0.5,-1.625,0.0,0.0,0.0,0.16800000000000012,0.0,0.0,1758.0,0
0.518,4393.0,3506.0,2631.0,4384.5,3499.5,2626.5,9000.0,7000.0,5000.0,-9.625,0.5,-1.375,0.0,0.0,0.0,0.16900000000000012,0.0,0.0,1762.0,0
0.519,4401.0,3513.0,2636.0,4393.5,3506.5,2631.5,8000.0,7000.0,5000.0,-9.875,0.5,-1.125,0.0,0.0,0.0,0.17000000000000012,0.0,0.0,1765.0,0
0.52,4410.0,3520.0,2642.0,4401.5,3513.5,2636.5,9000.0,7000.0,6000.0,-9.125,0.5,-0.875,0.0,0.0,0.0,0.17100000000000012,0.0,0.0,1768.0,0
0.521,4419.0,3527.0,2647.0,4410.5,3520.5,2642.5,9000.0,7000.0,5000.0,-9.375,0.5,-1.625,0.0,0.0,0.0,0.17200000000000013,0.0,0.0,1772.0,0
0.522,4428.0,3534.0,2652.0,4419.5,3527.5,2647.5,9000.0,7000.0,5000.0,-9.625,0.5,-1.375,0.0,0.0,0.0,0.17300000000000013,0.0,0.0,1776.0,0
0.523,4436.0,3541.0,2657.0,4428.5,3534.5,2652.5,8000.0,7000.0,5000.0,-9.875,0.5,-1.125,0.0,0.0,0.0,0.17400000000000013,0.0,0.0,1779.0,0
0.524,4445.0,3548.0,2663.0,4436.5,3541.5,2657.5,9000.0,7000.0,6000.0,-9.125,0.5,-0.875,0.0,0.0,0.0,0.17500000000000013,0.0,0.0,1782.0,0
0.525,4454.0,3555.0,2668.0,4445.5,3548.5,2663.5,9000.0,7000.0,5000.0,-9.375,0.5,-1.625,0.0,0.0,0.0,0.17600000000000013,0.0,0.0,1786.0,0
0.526,4462.0,3562.0,2673.0,4454.5,3555.5,2668.5,8000.0,7000.0,5000.0,-9.625,0.5,-1.375,0.0,0.0,0.0,0.17700000000000013,0.0,0.0,1789.0,0
0.527,4471.0,3569.0,2678.0,4462.5,3562.5,2673.5,9000.0,7000.0,5000.0,-8.875,0.5,-1.125,0.0,0.0,0.0,0.17800000000000013,0.0,0.0,1793.0,0
0.528,4480.0,3576.0,2683.0,4471.5,3569.5,2678.5,9000.0,7000.0,5000.0,-9.125,0.5,-0.875,0.0,0.0,0.0,0.17900000000000013,0.0,0.0,1797.0,0
0.529,4489.0,3583.0,2689.0,4480.5,3576.5,2683.5,9000.0,7000.0,6000.0,-9.375,0.5,-0.625,0.0,0.0,0.0,0.18000000000000013,0.0,0.0,1800.0,0
0.53,4497.0,3590.0,2694.0,4489.5,3583.5,2689.5,8000.0,7000.0,5000.0,-9.625,0.5,-1.375,0.0,0.0,0.0,0.18100000000000013,0.0,0.0,1803.0,0
0.531,4506.0,3597.0,2699.0,4497.5,3590.5,2694.5,9000.0,7000.0,5000.0,-8.875,0.5,-1.125,0.0,0.0,0.0,0.18200000000000013,0.0,0.0,1807.0,0
0.532,4515.0,3604.0,2704.0,4506.5,3597.5,2699.5,9000.0,7000.0,5000.0,-9.125,0.5,-0.875,0.0,0.0,0.0,0.18300000000000013,0.0,0.0,1811.0,0
0.533,4523.0,3610.0,2710.0,4515.5,3604.5,2704.5,8000.0,6000.0,6000.0,-9.375,0.5,-0.625,0.0,0.0,0.0,0.18400000000000014,0.0,0.0,1813.0,0
0.534,4532.0,3617.0,2715.0,4523.5,3610.5,2710.5,9000.0,7000.0,5000.0,-9.875,0.5,-2.125,0.0,0.0,0.0,0.18500000000000014,0.0,0.0,1817.0,0
0.535,4541.0,3624.0,2720.0,4532.5,3617.5,2715.5,9000.0,7000.0,5000.0,-10.125,0.5,-1.875,0.0,0.0,0.0,0.18600000000000014,0.0,0.0,1821.0,0
0.536,4549.0,3631.0,2725.0,4541.5,3624.5,2720.5,8000.0,7000.0,5000.0,-10.375,0.5,-1.625,0.0,0.0,0.0,0.18700000000000014,0.0,0.0,1824.0,0
0.537,4557.0,3638.0,2731.0,4549.5,3631.5,2725.5,8000.0,7000.0,6000.0,-9.625,0.5,-1.375,0.0,0.0,0.0,0.18800000000000014,0.0,0.0,1826.0,0
0.538,4566.0,3645.0,2736.0,4557.5,3638.5,2731.5,9000.0,7000.0,5000.0,-8.875,0.5,-2.125,0.0,0.0,0.0,0.18900000000000014,0.0,0.0,1830.0,0
0.539,4575.0,3652.0,2741.0,4566.5,3645.5,2736.5,9000.0,7000.0,5000.0,-9.125,0.5,-1.875,0.0,0.0,0.0,0.19000000000000014,0.0,0.0,1834.0,0
0.54,4584.0,3659.0,2746.0,4575.5,3652.5,2741.5,9000.0,7000.0,5000.0,-9.375,0.5,-1.625,0.0,0.0,0.0,0.19100000000000014,0.0,0.0,1838.0,0
0.541,4592.0,3666.0,2752.0,4584.5,3659.5,2746.5,8000.0,7000.0,6000.0,-9.625,0.5,-1.375,0.0,0.0,0.0,0.19200000000000014,0.0,0.0,1840.0,0
0.542,4601.0,3673.0,2757.0,4592.5,3666.5,2752.5,9000.0,7000.0,5000.0,-8.875,0.5,-2.125,0.0,0.0,0.0,0.19300000000000014,0.0,0.0,1844.0,0
0.543,4610.0,3680.0,2762.0,4601.5,3673.5,2757.5,9000.0,7000.0,5000.0,-9.125,0.5,-1.875,0.0,0.0,0.0,0.19400000000000014,0.0,0.0,1848.0,0
0.544,4618.0,3687.0,2767.0,4610.5,3680.5,2762.5,8000.0,7000.0,5000.0,-9.375,0.5,-1.625,0.0,0.0,0.0,0.19500000000000015,0.0,0.0,1851.0,0
0.545,4627.0,3694.0,2773.0,4618.5,3687.5,2767.5,9000.0,7000.0,6000.0,-8.625,0.5,-1.375,0.0,0.0,0.0,0.19600000000000015,0.0,0.0,1854.0,0
0.546,4636.0,3701.0,2778.0,4627.5,3694.5,2773.5,9000.0,7000.0,5000.0,-8.875,0.5,-2.125,0.0,0.0,0.0,0.19700000000000015,0.0,0.0,1858.0,0
0.547,4644.0,3708.0,2783.0,4636.5,3701.5,2778.5,8000.0,7000.0,5000.0,-9.125,0.5,-1.875,0.0,0.0,0.0,0.19800000000000015,0.0,0.0,1861.0,0
0.548,4653.0,3715.0,2788.0,4644.5,3708.5,2783.5,9000.0,7000.0,5000.0,-8.375,0.5,-1.625,0.0,0.0,0.0,0.19900000000000015,0.0,0.0,1865.0,0
0.549,4662.0,3722.0,2794.0,4653.5,3715.5,2788.5,9000.0,7000.0,6000.0,-8.625,0.5,-1.375,0.0,0.0,0.0,0.20000000000000015,0.0,0.0,1868.0,0
0.55,4670.0,3729.0,2799.0,4662.5,3722.5,2794.5,8000.0,7000.0,5000.0,-8.875,0.5,-2.125,0.0,0.0,0.0,0.20100000000000015,0.0,0.0,1871.0,0
0.551,4679.0,3735.0,2804.0,4670.5,3729.5,2799.5,9000.0,6000.0,5000.0,-8.125,0.5,-1.875,0.0,0.0,0.0,0.20200000000000015,0.0,0.0,1875.0,0
0.552,4688.0,3742.0,2809.0,4679.5,3735.5,2804.5,9000.0,7000.0,5000.0,-9.625,0.5,-2.375,0.0,0.0,0.0,0.20300000000000015,0.0,0.0,1879.0,0
0.553,4697.0,3749.0,2814.0,4688.5,3742.5,2809.5,9000.0,7000.0,5000.0,-9.875,0.5,-2.125,0.0,0.0,0.0,0.20400000000000015,0.0,0.0,1883.0,0
0.554,4705.0,3756.0,2820.0,4697.5,3749.5,2814.5,8000.0,7000.0,6000.0,-10.125,0.5,-1.875,0.0,0.0,0.0,0.20500000000000015,0.0,0.0,1885.0,0
0.555,4714.0,3763.0,2825.0,4705.5,3756.5,2820.5,9000.0,7000.0,5000.0,-9.375,0.5,-2.625,0.0,0.0,0.0,0.20600000000000016,0.0,0.0,1889.0,0
0.556,4722.0,3770.0,2830.0,4714.5,3763.5,2825.5,8000.0,7000.0,5000.0,-9.625,0.5,-2.375,0.0,0.0,0.0,0.20700000000000016,0.0,0.0,1892.0,0
0.557,4731.0,3777.0,2835.0,4722.5,3770.5,2830.5,9000.0,7000.0,5000.0,-8.875,0.5,-2.125,0.0,0.0,0.0,0.20800000000000016,0.0,0.0,1896.0,0
0.558,4740.0,3784.0,2841.0,4731.5,3777.5,2835.5,9000.0,7000.0,6000.0,-9.125,0.5,-1.875,0.0,0.0,0.0,0.20900000000000016,0.0,0.0,1899.0,0
0.559,4749.0,3791.0,2846.0,4740.5,3784.5,2841.5,9000.0,7000.0,5000.0,-9.375,0.5,-2.625,0.0,0.0,0.0,0.21000000000000016,0.0,0.0,1903.0,0
0.56,4757.0,3798.0,2851.0,4749.5,3791.5,2846.5,8000.0,7000.0,5000.0,-9.625,0.5,-2.375,0.0,0.0,0.0,0.21100000000000016,0.0,0.0,1906.0,0
0.561,4766.0,3805.0,2856.0,4757.5,3798.5,2851.5,9000.0,7000.0,5000.0,-8.875,0.5,-2.125,0.0,0.0,0.0,0.21200000000000016,0.0,0.0,1910.0,0
0.562,4775.0,3812.0,2862.0,4766.5,3805.5,2856.5,9000.0,7000.0,6000.0,-9.125,0.5,-1.875,0.0,0.0,0.0,0.21300000000000016,0.0,0.0,1913.0,0
0.5630000000000001,4783.0,3819.0,2867.0,4775.5,3812.5,2862.5,8000.0,7000.0,5000.0,-9.375,0.5,-2.625,0.0,0.0,0.0,0.21400000000000016,0.0,0.0,1916.0,0
0.5640000000000001,4792.0,3826.0,2872.0,4783.5,3819.5,2867.5,9000.0,7000.0,5000.0,-8.625,0.5,-2.375,0.0,0.0,0.0,0.21500000000000016,0.0,0.0,1920.0,0
0.5650000000000001,4801.0,3833.0,2877.0,4792.5,3826.5,2872.5,9000.0,7000.0,5000.0,-8.875,0.5,-2.125,0.0,0.0,0.0,0.21600000000000016,0.0,0.0,1924.0,0
0.5660000000000001,4809.0,3840.0,2883.0,4801.5,3833.5,2877.5,8000.0,7000.0,6000.0,-9.125,0.5,-1.875,0.0,0.0,0.0,0.21700000000000016,0.0,0.0,1926.0,0
0.5670000000000001,4818.0,3847.0,2888.0,4809.5,3840.5,2883.5,9000.0,7000.0,5000.0,-8.375,0.5,-2.625,0.0,0.0,0.0,0.21800000000000017,0.0,0.0,1930.0,0
0.5680000000000001,4827.0,3854.0,2893.0,4818.5,3847.5,2888.5,9000.0,7000.0,5000.0,-8.625,0.5,-2.375,0.0,0.0,0.0,0.21900000000000017,0.0,0.0,1934.0,0
0.5690000000000001,4835.0,3860.0,2898.0,4827.5,3854.5,2893.5,8000.0,6000.0,5000.0,-8.875,0.5,-2.125,0.0,0.0,0.0,0.22000000000000017,0.0,0.0,1937.0,0
0.5700000000000001,4844.0,3867.0,2904.0,4835.5,3860.5,2898.5,9000.0,7000.0,6000.0,-9.375,0.5,-2.625,0.0,0.0,0.0,0.22100000000000017,0.0,0.0,1940.0,0
0.5710000000000001,4853.0,3874.0,2909.0,4844.5,3867.5,2904.5,9000.0,7000.0,5000.0,-9.625,0.5,-3.375,0.0,0.0,0.0,0.22200000000000017,0.0,0.0,1944.0,0
0.5720000000000001,4861.0,3881.0,2914.0,4853.5,3874.5,2909.5,8000.0,7000.0,5000.0,-9.875,0.5,-3.125,0.0,0.0,0.0,0.22300000000000017,0.0,0.0,1947.0,0
0.5730000000000001,4870.0,3888.0,2919.0,4861.5,3881.5,2914.5,9000.0,7000.0,5000.0,-9.125,0.5,-2.875,0.0,0.0,0.0,0.22400000000000017,0.0,0.0,1951.0,0
0.5740000000000001,4879.0,3895.0,2925.0,4870.5,3888.5,2919.5,9000.0,7000.0,6000.0,-9.375,0.5,-2.625,0.0,0.0,0.0,0.22500000000000017,0.0,0.0,1954.0,0
0.5750000000000001,4888.0,3902.0,2930.0,4879.5,3895.5,2925.5,9000.0,7000.0,5000.0,-9.625,0.5,-3.375,0.0,0.0,0.0,0.22600000000000017,0.0,0.0,1958.0,0
0.5760000000000001,4896.0,3909.0,2935.0,4888.5,3902.5,2930.5,8000.0,7000.0,5000.0,-9.875,0.5,-3.125,0.0,0.0,0.0,0.22700000000000017,0.0,0.0,1961.0,0
0.577,4905.0,3916.0,2940.0,4896.5,3909.5,2935.5,9000.0,7000.0,5000.0,-9.125,0.5,-2.875,0.0,0.0,0.0,0.22800000000000017,0.0,0.0,1965.0,0
0.578,4914.0,3923.0,2945.0,4905.5,3916.5,2940.5,9000.0,7000.0,5000.0,-9.375,0.5,-2.625,0.0,0.0,0.0,0.22900000000000018,0.0,0.0,1969.0,0
0.579,4922.0,3930.0,2951.0,4914.5,3923.5,2945.5,8000.0,7000.0,6000.0,-9.625,0.5,-2.375,0.0,0.0,0.0,0.23000000000000018,0.0,0.0,1971.0,0
0.58,4931.0,3937.0,2956.0,4922.5,3930.5,2951.5,9000.0,7000.0,5000.0,-8.875,0.5,-3.125,0.0,0.0,0.0,0.23100000000000018,0.0,0.0,1975.0,0
0.581,4940.0,3944.0,2961.0,4931.5,3937.5,2956.5,9000.0,7000.0,5000.0,-9.125,0.5,-2.875,0.0,0.0,0.0,0.23200000000000018,0.0,0.0,1979.0,0
0.582,4948.0,3951.0,2966.0,4940.5,3944.5,2961.5,8000.0,7000.0,5000.0,-9.375,0.5,-2.625,0.0,0.0,0.0,0.23300000000000018,0.0,0.0,1982.0,0
0.583,4957.0,3958.0,2972.0,4948.5,3951.5,2966.5,9000.0,7000.0,6000.0,-8.625,0.5,-2.375,0.0,0.0,0.0,0.23400000000000018,0.0,0.0,1985.0,0
0.584,4966.0,3965.0,2977.0,4957.5,3958.5,2972.5,9000.0,7000.0,5000.0,-8.875,0.5,-3.125,0.0,0.0,0.0,0.23500000000000018,0.0,0.0,1989.0,0
0.585,4974.0,3972.0,2982.0,4966.5,3965.5,2977.5,8000.0,7000.0,5000.0,-9.125,0.5,-2.875,0.0,0.0,0.0,0.23600000000000018,0.0,0.0,1992.0,0
0.586,4983.0,3979.0,2987.0,4974.5,3972.5,2982.5,9000.0,7000.0,5000.0,-8.375,0.5,-2.625,0.0,0.0,0.0,0.23700000000000018,0.0,0.0,1996.0,0
0.587,4992.0,3985.0,2993.0,4983.5,3979.5,2987.5,9000.0,6000.0,6000.0,-8.625,0.5,-2.375,0.0,0.0,0.0,0.23800000000000018,0.0,0.0,1999.0,0
0.588,5000.0,3992.0,2998.0,4992.5,3985.5,2993.5,8000.0,7000.0,5000.0,-10.125,0.5,-3.875,0.0,0.0,0.0,0.23900000000000018,0.0,0.0,2002.0,0
0.589,5009.0,3999.0,3003.0,5000.5,3992.5,2998.5,9000.0,7000.0,5000.0,-9.375,0.5,-3.625,0.0,0.0,0.0,0.24000000000000019,0.0,0.0,2006.0,0
0.59,5018.0,4006.0,3008.0,5009.5,3999.5,3003.5,9000.0,7000.0,5000.0,-9.625,0.5,-3.375,0.0,0.0,0.0,0.2410000000000002,0.0,0.0,2010.0,0
0.591,5026.0,4013.0,3014.0,5018.5,4006.5,3008.5,8000.0,7000.0,6000.0,-9.875,0.5,-3.125,0.0,0.0,0.0,0.2420000000000002,0.0,0.0,2012.0,0
0.592,5035.0,4020.0,3019.0,5026.5,4013.5,3014.5,9000.0,7000.0,5000.0,-9.125,0.5,-3.875,0.0,0.0,0.0,0.2430000000000002,0.0,0.0,2016.0,0
0.593,5044.0,4027.0,3024.0,5035.5,4020.5,3019.5,9000.0,7000.0,5000.0,-9.375,0.5,-3.625,0.0,0.0,0.0,0.2440000000000002,0.0,0.0,2020.0,0
0.594,5052.0,4034.0,3029.0,5044.5,4027.5,3024.5,8000.0,7000.0,5000.0,-9.625,0.5,-3.375,0.0,0.0,0.0,0.2450000000000002,0.0,0.0,2023.0,0
0.595,5061.0,4041.0,3035.0,5052.5,4034.5,3029.5,9000.0,7000.0,6000.0,-8.875,0.5,-3.125,0.0,0.0,0.0,0.2460000000000002,0.0,0.0,2026.0,0
0.596,5070.0,4048.0,3040.0,5061.5,4041.5,3035.5,9000.0,7000.0,5000.0,-9.125,0.5,-3.875,0.0,0.0,0.0,0.2470000000000002,0.0,0.0,2030.0,0
0.597,5078.0,4055.0,3045.0,5070.5,4048.5,3040.5,8000.0,7000.0,5000.0,-9.375,0.5,-3.625,0.0,0.0,0.0,0.2480000000000002,0.0,0.0,2033.0,0
0.598,5087.0,4062.0,3050.0,5078.5,4055.5,3045.5,9000.0,7000.0,5000.0,-8.625,0.5,-3.375,0.0,0.0,0.0,0.2490000000000002,0.0,0.0,2037.0,0
0.599,5096.0,4069.0,3056.0,5087.5,4062.5,3050.5,9000.0,7000.0,6000.0,-8.875,0.5,-3.125,0.0,0.0,0.0,0.25000000000000017,0.0,0.0,2040.0,0
0.6,5104.0,4076.0,3061.0,5096.5,4069.5,3056.5,8000.0,7000.0,5000.0,-9.125,0.5,-3.875,0.0,0.0,0.0,0.25100000000000017,0.0,0.0,2043.0,0
0.601,5113.0,4083.0,3066.0,5104.5,4076.5,3061.5,9000.0,7000.0,5000.0,-8.375,0.5,-3.625,0.0,0.0,0.0,0.25200000000000017,0.0,0.0,2047.0,0
0.602,5122.0,4090.0,3071.0,5113.5,4083.5,3066.5,9000.0,7000.0,5000.0,-8.625,0.5,-3.375,0.0,0.0,0.0,0.25300000000000017,0.0,0.0,2051.0,0
0.603,5131.0,4097.0,3076.0,5122.5,4090.5,3071.5,9000.0,7000.0,5000.0,-8.875,0.5,-3.125,0.0,0.0,0.0,0.25400000000000017,0.0,0.0,2055.0,0
0.604,5139.0,4104.0,3082.0,5131.5,4097.5,3076.5,8000.0,7000.0,6000.0,-9.125,0.5,-2.875,0.0,0.0,0.0,0.25500000000000017,0.0,0.0,2057.0,0
0.605,5148.0,4110.0,3087.0,5139.5,4104.5,3082.5,9000.0,6000.0,5000.0,-8.375,0.5,-3.625,0.0,0.0,0.0,0.25600000000000017,0.0,0.0,2061.0,0
0.606,5157.0,4117.0,3092.0,5148.5,4110.5,3087.5,9000.0,7000.0,5000.0,-9.875,0.5,-4.125,0.0,0.0,0.0,0.2570000000000002,0.0,0.0,2065.0,0
0.607,5165.0,4124.0,3097.0,5157.5,4117.5,3092.5,8000.0,7000.0,5000.0,-10.125,0.5,-3.875,0.0,0.0,0.0,0.2580000000000002,0.0,0.0,2068.0,0
0.608,5174.0,4131.0,3103.0,5165.5,4124.5,3097.5,9000.0,7000.0,6000.0,-9.375,0.5,-3.625,0.0,0.0,0.0,0.2590000000000002,0.0,0.0,2071.0,0
0.609,5182.0,4138.0,3108.0,5174.5,4131.5,3103.5,8000.0,7000.0,5000.0,-9.625,0.5,-4.375,0.0,0.0,0.0,0.2600000000000002,0.0,0.0,2074.0,0
0.61,5191.0,4145.0,3113.0,5182.5,4138.5,3108.5,9000.0,7000.0,5000.0,-8.875,0.5,-4.125,0.0,0.0,0.0,0.2610000000000002,0.0,0.0,2078.0,0
0.611,5200.0,4152.0,3118.0,5191.5,4145.5,3113.5,9000.0,7000.0,5000.0,-9.125,0.5,-3.875,0.0,0.0,0.0,0.2620000000000002,0.0,0.0,2082.0,0
0.612,5208.0,4159.0,3124.0,5200.5,4152.5,3118.5,8000.0,7000.0,6000.0,-9.375,0.5,-3.625,0.0,0.0,0.0,0.2630000000000002,0.0,0.0,2084.0,0
0.613,5217.0,4166.0,3129.0,5208.5,4159.5,3124.5,9000.0,7000.0,5000.0,-8.625,0.5,-4.375,0.0,0.0,0.0,0.2640000000000002,0.0,0.0,2088.0,0
0.614,5226.0,4173.0,3134.0,5217.5,4166.5,3129.5,9000.0,7000.0,5000.0,-8.875,0.5,-4.125,0.0,0.0,0.0,0.2650000000000002,0.0,0.0,2092.0,0
0.615,5234.0,4180.0,3139.0,5226.5,4173.5,3134.5,8000.0,7000.0,5000.0,-9.125,0.5,-3.875,0.0,0.0,0.0,0.2660000000000002,0.0,0.0,2095.0,0
0.616,5243.0,4187.0,3145.0,5234.5,4180.5,3139.5,9000.0,7000.0,6000.0,-8.375,0.5,-3.625,0.0,0.0,0.0,0.2670000000000002,0.0,0.0,2098.0,0
0.617,5252.0,4194.0,3150.0,5243.5,4187.5,3145.5,9000.0,7000.0,5000.0,-8.625,0.5,-4.375,0.0,0.0,0.0,0.2680000000000002,0.0,0.0,2102.0,0
0.618,5261.0,4201.0,3155.0,5252.5,4194.5,3150.5,9000.0,7000.0,5000.0,-8.875,0.5,-4.125,0.0,0.0,0.0,0.2690000000000002,0.0,0.0,2106.0,0
0.619,5269.0,4208.0,3160.0,5261.5,4201.5,3155.5,8000.0,7000.0,5000.0,-9.125,0.5,-3.875,0.0,0.0,0.0,0.2700000000000002,0.0,0.0,2109.0,0
0.62,5278.0,4215.0,3166.0,5269.5,4208.5,3160.5,9000.0,7000.0,6000.0,-8.375,0.5,-3.625,0.0,0.0,0.0,0.2710000000000002,0.0,0.0,2112.0,0
0.621,5287.0,4222.0,3171.0,5278.5,4215.5,3166.5,9000.0,7000.0,5000.0,-8.625,0.5,-4.375,0.0,0.0,0.0,0.2720000000000002,0.0,0.0,2116.0,0
0.622,5295.0,4229.0,3176.0,5287.5,4222.5,3171.5,8000.0,7000.0,5000.0,-8.875,0.5,-4.125,0.0,0.0,0.0,0.2730000000000002,0.0,0.0,2119.0,0
0.623,5304.0,4235.0,3181.0,5295.5,4229.5,3176.5,9000.0,6000.0,5000.0,-8.125,0.5,-3.875,0.0,0.0,0.0,0.2740000000000002,0.0,0.0,2123.0,0
0.624,5313.0,4242.0,3187.0,5304.5,4235.5,3181.5,9000.0,7000.0,6000.0,-9.625,0.5,-4.375,0.0,0.0,0.0,0.2750000000000002,0.0,0.0,2126.0,0
0.625,5321.0,4249.0,3192.0,5313.5,4242.5,3187.5,8000.0,7000.0,5000.0,-9.875,0.5,-5.125,0.0,0.0,0.0,0.2760000000000002,0.0,0.0,2129.0,0
0.626,5330.0,4256.0,3197.0,5321.5,4249.5,3192.5,9000.0,7000.0,5000.0,-9.125,0.5,-4.875,0.0,0.0,0.0,0.2770000000000002,0.0,0.0,2133.0,0
0.627,5339.0,4263.0,3202.0,5330.5,4256.5,3197.5,9000.0,7000.0,5000.0,-9.375,0.5,-4.625,0.0,0.0,0.0,0.2780000000000002,0.0,0.0,2137.0,0
0.628,5347.0,4270.0,3207.0,5339.5,4263.5,3202.5,8000.0,7000.0,5000.0,-9.625,0.5,-4.375,0.0,0.0,0.0,0.2790000000000002,0.0,0.0,2140.0,0
0.629,5356.0,4277.0,3213.0,5347.5,4270.5,3207.5,9000.0,7000.0,6000.0,-8.875,0.5,-4.125,0.0,0.0,0.0,0.2800000000000002,0.0,0.0,2143.0,0
0.63,5365.0,4284.0,3218.0,5356.5,4277.5,3213.5,9000.0,7000.0,5000.0,-9.125,0.5,-4.875,0.0,0.0,0.0,0.2810000000000002,0.0,0.0,2147.0,0
0.631,5373.0,4291.0,3223.0,5365.5,4284.5,3218.5,8000.0,7000.0,5000.0,-9.375,0.5,-4.625,0.0,0.0,0.0,0.2820000000000002,0.0,0.0,2150.0,0
0.632,5382.0,4298.0,3228.0,5373.5,4291.5,3223.5,9000.0,7000.0,5000.0,-8.625,0.5,-4.375,0.0,0.0,0.0,0.2830000000000002,0.0,0.0,2154.0,0
0.633,5391.0,4305.0,3234.0,5382.5,4298.5,3228.5,9000.0,7000.0,6000.0,-8.875,0.5,-4.125,0.0,0.0,0.0,0.2840000000000002,0.0,0.0,2157.0,0
0.634,5399.0,4312.0,3239.0,5391.5,4305.5,3234.5,8000.0,7000.0,5000.0,-9.125,0.5,-4.875,0.0,0.0,0.0,0.2850000000000002,0.0,0.0,2160.0,0
0.635,5408.0,4319.0,3244.0,5399.5,4312.5,3239.5,9000.0,7000.0,5000.0,-8.375,0.5,-4.625,0.0,0.0,0.0,0.2860000000000002,0.0,0.0,2164.0,0
0.636,5417.0,4326.0,3249.0,5408.5,4319.5,3244.5,9000.0,7000.0,5000.0,-8.625,0.5,-4.375,0.0,0.0,0.0,0.2870000000000002,0.0,0.0,2168.0,0
0.637,5425.0,4333.0,3255.0,5417.5,4326.5,3249.5,8000.0,7000.0,6000.0,-8.875,0.5,-4.125,0.0,0.0,0.0,0.2880000000000002,0.0,0.0,2170.0,0
0.638,5434.0,4340.0,3260.0,5425.5,4333.5,3255.5,9000.0,7000.0,5000.0,-8.125,0.5,-4.875,0.0,0.0,0.0,0.2890000000000002,0.0,0.0,2174.0,0
0.639,5443.0,4347.0,3265.0,5434.5,4340.5,3260.5,9000.0,7000.0,5000.0,-8.375,0.5,-4.625,0.0,0.0,0.0,0.2900000000000002,0.0,0.0,2178.0,0
0.64,5451.0,4354.0,3270.0,5443.5,4347.5,3265.5,8000.0,7000.0,5000.0,-8.625,0.5,-4.375,0.0,0.0,0.0,0.2910000000000002,0.0,0.0,2181.0,0
0.641,5460.0,4360.0,3276.0,5451.5,4354.5,3270.5,9000.0,6000.0,6000.0,-7.875,0.5,-4.125,0.0,0.0,0.0,0.2920000000000002,0.0,0.0,2184.0,0
0.642,5469.0,4367.0,3281.0,5460.5,4360.5,3276.5,9000.0,7000.0,5000.0,-9.375,0.5,-5.625,0.0,0.0,0.0,0.2930000000000002,0.0,0.0,2188.0,0
0.643,5477.0,4374.0,3286.0,5469.5,4367.5,3281.5,8000.0,7000.0,5000.0,-9.625,0.5,-5.375,0.0,0.0,0.0,0.2940000000000002,0.0,0.0,2191.0,0
0.644,5486.0,4381.0,3291.0,5477.5,4374.5,3286.5,9000.0,7000.0,5000.0,-8.875,0.5,-5.125,0.0,0.0,0.0,0.2950000000000002,0.0,0.0,2195.0,0
0.645,5495.0,4388.0,3297.0,5486.5,4381.5,3291.5,9000.0,7000.0,6000.0,-9.125,0.5,-4.875,0.0,0.0,0.0,0.2960000000000002,0.0,0.0,2198.0,0
0.646,5503.0,4395.0,3302.0,5495.5,4388.5,3297.5,8000.0,7000.0,5000.0,-9.375,0.5,-5.625,0.0,0.0,0.0,0.2970000000000002,0.0,0.0,2201.0,0
0.647,5512.0,4402.0,3307.0,5503.5,4395.5,3302.5,9000.0,7000.0,5000.0,-8.625,0.5,-5.375,0.0,0.0,0.0,0.2980000000000002,0.0,0.0,2205.0,0
0.648,5521.0,4409.0,3312.0,5512.5,4402.5,3307.5,9000.0,7000.0,5000.0,-8.875,0.5,-5.125,0.0,0.0,0.0,0.2990000000000002,0.0,0.0,2209.0,0
0.649,5530.0,4416.0,3318.0,5521.5,4409.5,3312.5,9000.0,7000.0,6000.0,-9.125,0.5,-4.875,0.0,0.0,0.0,0.3000000000000002,0.0,0.0,2212.0,0
0.65,5538.0,4423.0,3323.0,5530.5,4416.5,3318.5,8000.0,7000.0,5000.0,-9.375,0.5,-5.625,0.0,0.0,0.0,0.3010000000000002,0.0,0.0,2215.0,0
0.651,5547.0,4430.0,3328.0,5538.5,4423.5,3323.5,9000.0,7000.0,5000.0,-8.625,0.5,-5.375,0.0,0.0,0.0,0.3020000000000002,0.0,0.0,2219.0,0
0.652,5556.0,4437.0,3333.0,5547.5,4430.5,3328.5,9000.0,7000.0,5000.0,-8.875,0.5,-5.125,0.0,0.0,0.0,0.3030000000000002,0.0,0.0,2223.0,0
0.653,5564.0,4444.0,3338.0,5556.5,4437.5,3333.5,8000.0,7000.0,5000.0,-9.125,0.5,-4.875,0.0,0.0,0.0,0.3040000000000002,0.0,0.0,2226.0,0
0.654,5573.0,4451.0,3344.0,5564.5,4444.5,3338.5,9000.0,7000.0,6000.0,-8.375,0.5,-4.625,0.0,0.0,0.0,0.3050000000000002,0.0,0.0,2229.0,0
0.655,5582.0,4458.0,3349.0,5573.5,4451.5,3344.5,9000.0,7000.0,5000.0,-8.625,0.5,-5.375,0.0,0.0,0.0,0.3060000000000002,0.0,0.0,2233.0,0
0.656,5590.0,4465.0,3354.0,5582.5,4458.5,3349.5,8000.0,7000.0,5000.0,-8.875,0.5,-5.125,0.0,0.0,0.0,0.3070000000000002,0.0,0.0,2236.0,0
0.657,5599.0,4472.0,3359.0,5590.5,4465.5,3354.5,9000.0,7000.0,5000.0,-8.125,0.5,-4.875,0.0,0.0,0.0,0.3080000000000002,0.0,0.0,2240.0,0
0.658,5608.0,4479.0,3365.0,5599.5,4472.5,3359.5,9000.0,7000.0,6000.0,-8.375,0.5,-4.625,0.0,0.0,0.0,0.3090000000000002,0.0,0.0,2243.0,0
0.659,5616.0,4485.0,3370.0,5608.5,4479.5,3365.5,8000.0,6000.0,5000.0,-8.625,0.5,-5.375,0.0,0.0,0.0,0.3100000000000002,0.0,0.0,2246.0,0
0.66,5625.0,4492.0,3375.0,5616.5,4485.5,3370.5,9000.0,7000.0,5000.0,-9.125,0.5,-5.875,0.0,0.0,0.0,0.3110000000000002,0.0,0.0,2250.0,0
0.661,5634.0,4499.0,3380.0,5625.5,4492.5,3375.5,9000.0,7000.0,5000.0,-9.375,0.5,-5.625,0.0,0.0,0.0,0.3120000000000002,0.0,0.0,2254.0,0
0.662,5642.0,4506.0,3386.0,5634.5,4499.5,3380.5,8000.0,7000.0,6000.0,-9.625,0.5,-5.375,0.0,0.0,0.0,0.3130000000000002,0.0,0.0,2256.0,0
0.663,5651.0,4513.0,3391.0,5642.5,4506.5,3386.5,9000.0,7000.0,5000.0,-8.875,0.5,-6.125,0.0,0.0,0.0,0.3140000000000002,0.0,0.0,2260.0,0
0.664,5660.0,4520.0,3396.0,5651.5,4513.5,3391.5,9000.0,7000.0,5000.0,-9.125,0.5,-5.875,0.0,0.0,0.0,0.3150000000000002,0.0,0.0,2264.0,0
0.665,5668.0,4527.0,3401.0,5660.5,4520.5,3396.5,8000.0,7000.0,5000.0,-9.375,0.5,-5.625,0.0,0.0,0.0,0.3160000000000002,0.0,0.0,2267.0,0
0.666,5677.0,4534.0,3407.0,5668.5,4527.5,3401.5,9000.0,7000.0,6000.0,-8.625,0.5,-5.375,0.0,0.0,0.0,0.3170000000000002,0.0,0.0,2270.0,0
0.667,5686.0,4541.0,3412.0,5677.5,4534.5,3407.5,9000.0,7000.0,5000.0,-8.875,0.5,-6.125,0.0,0.0,0.0,0.3180000000000002,0.0,0.0,2274.0,0
0.668,5694.0,4548.0,3417.0,5686.5,4541.5,3412.5,8000.0,7000.0,5000.0,-9.125,0.5,-5.875,0.0,0.0,0.0,0.31900000000000023,0.0,0.0,2277.0,0
0.669,5703.0,4555.0,3422.0,5694.5,4548.5,3417.5,9000.0,7000.0,5000.0,-8.375,0.5,-5.625,0.0,0.0,0.0,0.32000000000000023,0.0,0.0,2281.0,0
0.67,5712.0,4562.0,3428.0,5703.5,4555.5,3422.5,9000.0,7000.0,6000.0,-8.625,0.5,-5.375,0.0,0.0,0.0,0.32100000000000023,0.0,0.0,2284.0,0
0.671,5720.0,4569.0,3433.0,5712.5,4562.5,3428.5,8000.0,7000.0,5000.0,-8.875,0.5,-6.125,0.0,0.0,0.0,0.32200000000000023,0.0,0.0,2287.0,0
0.672,5729.0,4576.0,3438.0,5720.5,4569.5,3433.5,9000.0,7000.0,5000.0,-8.125,0.5,-5.875,0.0,0.0,0.0,0.32300000000000023,0.0,0.0,2291.0,0
0.673,5738.0,4583.0,3443.0,5729.5,4576.5,3438.5,9000.0,7000.0,5000.0,-8.375,0.5,-5.625,0.0,0.0,0.0,0.32400000000000023,0.0,0.0,2295.0,0
0.674,5746.0,4590.0,3449.0,5738.5,4583.5,3443.5,8000.0,7000.0,6000.0,-8.625,0.5,-5.375,0.0,0.0,0.0,0.32500000000000023,0.0,0.0,2297.0,0
0.675,5755.0,4597.0,3454.0,5746.5,4590.5,3449.5,9000.0,7000.0,5000.0,-7.875,0.5,-6.125,0.0,0.0,0.0,0.32600000000000023,0.0,0.0,2301.0,0
0.676,5764.0,4604.0,3459.0,5755.5,4597.5,3454.5,9000.0,7000.0,5000.0,-8.125,0.5,-5.875,0.0,0.0,0.0,0.32700000000000023,0.0,0.0,2305.0,0
0.677,5772.0,4610.0,3464.0,5764.5,4604.5,3459.5,8000.0,6000.0,5000.0,-8.375,0.5,-5.625,0.0,0.0,0.0,0.32800000000000024,0.0,0.0,2308.0,0
0.678,5781.0,4617.0,3469.0,5772.5,4610.5,3464.5,9000.0,7000.0,5000.0,-8.875,0.5,-6.125,0.0,0.0,0.0,0.32900000000000024,0.0,0.0,2312.0,0
0.679,5790.0,4624.0,3475.0,5781.5,4617.5,3469.5,9000.0,7000.0,6000.0,-9.125,0.5,-5.875,0.0,0.0,0.0,0.33000000000000024,0.0,0.0,2315.0,0
0.68,5798.0,4631.0,3480.0,5790.5,4624.5,3475.5,8000.0,7000.0,5000.0,-9.375,0.5,-6.625,0.0,0.0,0.0,0.33100000000000024,0.0,0.0,2318.0,0
0.681,5807.0,4638.0,3485.0,5798.5,4631.5,3480.5,9000.0,7000.0,5000.0,-8.625,0.5,-6.375,0.0,0.0,0.0,0.33200000000000024,0.0,0.0,2322.0,0
0.682,5816.0,4645.0,3490.0,5807.5,4638.5,3485.5,9000.0,7000.0,5000.0,-8.875,0.5,-6.125,0.0,0.0,0.0,0.33300000000000024,0.0,0.0,2326.0,0
0.683,5825.0,4652.0,3496.0,5816.5,4645.5,3490.5,9000.0,7000.0,6000.0,-9.125,0.5,-5.875,0.0,0.0,0.0,0.33400000000000024,0.0,0.0,2329.0,0
0.684,5833.0,4659.0,3501.0,5825.5,4652.5,3496.5,8000.0,7000.0,5000.0,-9.375,0.5,-6.625,0.0,0.0,0.0,0.33500000000000024,0.0,0.0,2332.0,0
0.685,5842.0,4666.0,3506.0,5833.5,4659.5,3501.5,9000.0,7000.0,5000.0,-8.625,0.5,-6.375,0.0,0.0,0.0,0.33600000000000024,0.0,0.0,2336.0,0
0.686,5851.0,4673.0,3511.0,5842.5,4666.5,3506.5,9000.0,7000.0,5000.0,-8.875,0.5,-6.125,0.0,0.0,0.0,0.33700000000000024,0.0,0.0,2340.0,0
0.687,5859.0,4680.0,3517.0,5851.5,4673.5,3511.5,8000.0,7000.0,6000.0,-9.125,0.5,-5.875,0.0,0.0,0.0,0.33800000000000024,0.0,0.0,2342.0,0
0.6880000000000001,5868.0,4687.0,3522.0,5859.5,4680.5,3517.5,9000.0,7000.0,5000.0,-8.375,0.5,-6.625,0.0,0.0,0.0,0.33900000000000025,0.0,0.0,2346.0,0
0.6890000000000001,5877.0,4694.0,3527.0,5868.5,4687.5,3522.5,9000.0,7000.0,5000.0,-8.625,0.5,-6.375,0.0,0.0,0.0,0.34000000000000025,0.0,0.0,2350.0,0
0.6900000000000001,5885.0,4701.0,3532.0,5877.5,4694.5,3527.5,8000.0,7000.0,5000.0,-8.875,0.5,-6.125,0.0,0.0,0.0,0.34100000000000025,0.0,0.0,2353.0,0
0.6910000000000001,5894.0,4708.0,3538.0,5885.5,4701.5,3532.5,9000.0,7000.0,6000.0,-8.125,0.5,-5.875,0.0,0.0,0.0,0.34200000000000025,0.0,0.0,2356.0,0
0.6920000000000001,5903.0,4715.0,3543.0,5894.5,4708.5,3538.5,9000.0,7000.0,5000.0,-8.375,0.5,-6.625,0.0,0.0,0.0,0.34300000000000025,0.0,0.0,2360.0,0
0.6930000000000001,5911.0,4722.0,3548.0,5903.5,4715.5,3543.5,8000.0,7000.0,5000.0,-8.625,0.5,-6.375,0.0,0.0,0.0,0.34400000000000025,0.0,0.0,2363.0,0
0.6940000000000001,5920.0,4729.0,3553.0,5911.5,4722.5,3548.5,9000.0,7000.0,5000.0,-7.875,0.5,-6.125,0.0,0.0,0.0,0.34500000000000025,0.0,0.0,2367.0,0
0.6950000000000001,5929.0,4735.0,3559.0,5920.5,4729.5,3553.5,9000.0,6000.0,6000.0,-8.125,0.5,-5.875,0.0,0.0,0.0,0.34600000000000025,0.0,0.0,2370.0,0
0.6960000000000001,5937.0,4742.0,3564.0,5929.5,4735.5,3559.5,8000.0,7000.0,5000.0,-9.625,0.5,-7.375,0.0,0.0,0.0,0.34700000000000025,0.0,0.0,2373.0,0
0.6970000000000001,5946.0,4749.0,3569.0,5937.5,4742.5,3564.5,9000.0,7000.0,5000.0,-8.875,0.5,-7.125,0.0,0.0,0.0,0.34800000000000025,0.0,0.0,2377.0,0
0.6980000000000001,5955.0,4756.0,3574.0,5946.5,4749.5,3569.5,9000.0,7000.0,5000.0,-9.125,0.5,-6.875,0.0,0.0,0.0,0.34900000000000025,0.0,0.0,2381.0,0
0.6990000000000001,5963.0,4763.0,3580.0,5955.5,4756.5,3574.5,8000.0,7000.0,6000.0,-9.375,0.5,-6.625,0.0,0.0,0.0,0.35000000000000026,0.0,0.0,2383.0,0
0.7000000000000001,5972.0,4770.0,3585.0,5963.5,4763.5,3580.5,9000.0,7000.0,5000.0,-8.625,0.5,-7.375,0.0,0.0,0.0,0.35100000000000026,0.0,0.0,2387.0,0
0.7010000000000001,5981.0,4777.0,3590.0,5972.5,4770.5,3585.5,9000.0,7000.0,5000.0,-8.875,0.5,-7.125,0.0,0.0,0.0,0.35200000000000026,0.0,0.0,2391.0,0
0.7020000000000001,5989.0,4784.0,3595.0,5981.5,4777.5,3590.5,8000.0,7000.0,5000.0,-9.125,0.5,-6.875,0.0,0.0,0.0,0.35300000000000026,0.0,0.0,2394.0,0
0.7030000000000001,5998.0,4791.0,3600.0,5989.5,4784.5,3595.5,9000.0,7000.0,5000.0,-8.375,0.5,-6.625,0.0,0.0,0.0,0.35400000000000026,0.0,0.0,2398.0,0
0.704,6007.0,4798.0,3606.0,5998.5,4791.5,3600.5,9000.0,7000.0,6000.0,-8.625,0.5,-6.375,0.0,0.0,0.0,0.35500000000000026,0.0,0.0,2401.0,0
0.705,6015.0,4805.0,3611.0,6007.5,4798.5,3606.5,8000.0,7000.0,5000.0,-8.875,0.5,-7.125,0.0,0.0,0.0,0.35600000000000026,0.0,0.0,2404.0,0
0.706,6024.0,4812.0,3616.0,6015.5,4805.5,3611.5,9000.0,7000.0,5000.0,-8.125,0.5,-6.875,0.0,0.0,0.0,0.35700000000000026,0.0,0.0,2408.0,0
0.707,6033.0,4819.0,3621.0,6024.5,4812.5,3616.5,9000.0,7000.0,5000.0,-8.375,0.5,-6.625,0.0,0.0,0.0,0.35800000000000026,0.0,0.0,2412.0,0
0.708,6041.0,4826.0,3627.0,6033.5,4819.5,3621.5,8000.0,7000.0,6000.0,-8.625,0.5,-6.375,0.0,0.0,0.0,0.35900000000000026,0.0,0.0,2414.0,0
0.709,6050.0,4833.0,3632.0,6041.5,4826.5,3627.5,9000.0,7000.0,5000.0,-7.875,0.5,-7.125,0.0,0.0,0.0,0.36000000000000026,0.0,0.0,2418.0,0
0.71,6059.0,4840.0,3637.0,6050.5,4833.5,3632.5,9000.0,7000.0,5000.0,-8.125,0.5,-6.875,0.0,0.0,0.0,0.36100000000000027,0.0,0.0,2422.0,0
0.711,6067.0,4847.0,3642.0,6059.5,4840.5,3637.5,8000.0,7000.0,5000.0,-8.375,0.5,-6.625,0.0,0.0,0.0,0.36200000000000027,0.0,0.0,2425.0,0
0.712,6076.0,4854.0,3648.0,6067.5,4847.5,3642.5,9000.0,7000.0,6000.0,-7.625,0.5,-6.375,0.0,0.0,0.0,0.36300000000000027,0.0,0.0,2428.0,0
0.713,6085.0,4860.0,3653.0,6076.5,4854.5,3648.5,9000.0,6000.0,5000.0,-7.875,0.5,-7.125,0.0,0.0,0.0,0.36400000000000027,0.0,0.0,2432.0,0
0.714,6093.0,4867.0,3658.0,6085.5,4860.5,3653.5,8000.0,7000.0,5000.0,-9.375,0.5,-7.625,0.0,0.0,0.0,0.36500000000000027,0.0,0.0,2435.0,0
0.715,6102.0,4874.0,3663.0,6093.5,4867.5,3658.5,9000.0,7000.0,5000.0,-8.625,0.5,-7.375,0.0,0.0,0.0,0.36600000000000027,0.0,0.0,2439.0,0
0.716,6111.0,4881.0,3669.0,6102.5,4874.5,3663.5,9000.0,7000.0,6000.0,-8.875,0.5,-7.125,0.0,0.0,0.0,0.36700000000000027,0.0,0.0,2442.0,0
0.717,6120.0,4888.0,3674.0,6111.5,4881.5,3669.5,9000.0,7000.0,5000.0,-9.125,0.5,-7.875,0.0,0.0,0.0,0.36800000000000027,0.0,0.0,2446.0,0
0.718,6128.0,4895.0,3679.0,6120.5,4888.5,3674.5,8000.0,7000.0,5000.0,-9.375,0.5,-7.625,0.0,0.0,0.0,0.36900000000000027,0.0,0.0,2449.0,0
0.719,6137.0,4902.0,3684.0,6128.5,4895.5,3679.5,9000.0,7000.0,5000.0,-8.625,0.5,-7.375,0.0,0.0,0.0,0.3700000000000003,0.0,0.0,2453.0,0
0.72,6146.0,4909.0,3690.0,6137.5,4902.5,3684.5,9000.0,7000.0,6000.0,-8.875,0.5,-7.125,0.0,0.0,0.0,0.3710000000000003,0.0,0.0,2456.0,0
0.721,6154.0,4916.0,3695.0,6146.5,4909.5,3690.5,8000.0,7000.0,5000.0,-9.125,0.5,-7.875,0.0,0.0,0.0,0.3720000000000003,0.0,0.0,2459.0,0
0.722,6163.0,4923.0,3700.0,6154.5,4916.5,3695.5,9000.0,7000.0,5000.0,-8.375,0.5,-7.625,0.0,0.0,0.0,0.3730000000000003,0.0,0.0,2463.0,0
0.723,6172.0,4930.0,3705.0,6163.5,4923.5,3700.5,9000.0,7000.0,5000.0,-8.625,0.5,-7.375,0.0,0.0,0.0,0.3740000000000003,0.0,0.0,2467.0,0
0.724,6180.0,4937.0,3711.0,6172.5,4930.5,3705.5,8000.0,7000.0,6000.0,-8.875,0.5,-7.125,0.0,0.0,0.0,0.3750000000000003,0.0,0.0,2469.0,0
0.725,6189.0,4944.0,3716.0,6180.5,4937.5,3711.5,9000.0,7000.0,5000.0,-8.125,0.5,-7.875,0.0,0.0,0.0,0.3760000000000003,0.0,0.0,2473.0,0
0.726,6198.0,4951.0,3721.0,6189.5,4944.5,3716.5,9000.0,7000.0,5000.0,-8.375,0.5,-7.625,0.0,0.0,0.0,0.3770000000000003,0.0,0.0,2477.0,0
0.727,6206.0,4958.0,3726.0,6198.5,4951.5,3721.5,8000.0,7000.0,5000.0,-8.625,0.5,-7.375,0.0,0.0,0.0,0.3780000000000003,0.0,0.0,2480.0,0
0.728,6215.0,4965.0,3731.0,6206.5,4958.5,3726.5,9000.0,7000.0,5000.0,-7.875,0.5,-7.125,0.0,0.0,0.0,0.3790000000000003,0.0,0.0,2484.0,0
0.729,6224.0,4972.0,3737.0,6215.5,4965.5,3731.5,9000.0,7000.0,6000.0,-8.125,0.5,-6.875,0.0,0.0,0.0,0.3800000000000003,0.0,0.0,2487.0,0
0.73,6232.0,4979.0,3742.0,6224.5,4972.5,3737.5,8000.0,7000.0,5000.0,-8.375,0.5,-7.625,0.0,0.0,0.0,0.3810000000000003,0.0,0.0,2490.0,0
0.731,6241.0,4985.0,3747.0,6232.5,4979.5,3742.5,9000.0,6000.0,5000.0,-7.625,0.5,-7.375,0.0,0.0,0.0,0.3820000000000003,0.0,0.0,2494.0,0
0.732,6250.0,4992.0,3752.0,6241.5,4985.5,3747.5,9000.0,7000.0,5000.0,-9.125,0.5,-7.875,0.0,0.0,0.0,0.3830000000000003,0.0,0.0,2498.0,0
0.733,6258.0,4999.0,3758.0,6250.5,4992.5,3752.5,8000.0,7000.0,6000.0,-9.375,0.5,-7.625,0.0,0.0,0.0,0.3840000000000003,0.0,0.0,2500.0,0
0.734,6267.0,5006.0,3763.0,6258.5,4999.5,3758.5,9000.0,7000.0,5000.0,-8.625,0.5,-8.375,0.0,0.0,0.0,0.3850000000000003,0.0,0.0,2504.0,0
0.735,6276.0,5013.0,3768.0,6267.5,5006.5,3763.5,9000.0,7000.0,5000.0,-8.875,0.5,-8.125,0.0,0.0,0.0,0.3860000000000003,0.0,0.0,2508.0,0
0.736,6284.0,5020.0,3773.0,6276.5,5013.5,3768.5,8000.0,7000.0,5000.0,-9.125,0.5,-7.875,0.0,0.0,0.0,0.3870000000000003,0.0,0.0,2511.0,0
0.737,6293.0,5027.0,3779.0,6284.5,5020.5,3773.5,9000.0,7000.0,6000.0,-8.375,0.5,-7.625,0.0,0.0,0.0,0.3880000000000003,0.0,0.0,2514.0,0
0.738,6302.0,5034.0,3784.0,6293.5,5027.5,3779.5,9000.0,7000.0,5000.0,-8.625,0.5,-8.375,0.0,0.0,0.0,0.3890000000000003,0.0,0.0,2518.0,0
0.739,6310.0,5041.0,3789.0,6302.5,5034.5,3784.5,8000.0,7000.0,5000.0,-8.875,0.5,-8.125,0.0,0.0,0.0,0.3900000000000003,0.0,0.0,2521.0,0
0.74,6319.0,5048.0,3794.0,6310.5,5041.5,3789.5,9000.0,7000.0,5000.0,-8.125,0.5,-7.875,0.0,0.0,0.0,0.3910000000000003,0.0,0.0,2525.0,0
0.741,6328.0,5055.0,3800.0,6319.5,5048.5,3794.5,9000.0,7000.0,6000.0,-8.375,0.5,-7.625,0.0,0.0,0.0,0.3920000000000003,0.0,0.0,2528.0,0
0.742,6336.0,5062.0,3805.0,6328.5,5055.5,3800.5,8000.0,7000.0,5000.0,-8.625,0.5,-8.375,0.0,0.0,0.0,0.3930000000000003,0.0,0.0,2531.0,0
0.743,6345.0,5069.0,3810.0,6336.5,5062.5,3805.5,9000.0,7000.0,5000.0,-7.875,0.5,-8.125,0.0,0.0,0.0,0.3940000000000003,0.0,0.0,2535.0,0
0.744,6354.0,5076.0,3815.0,6345.5,5069.5,3810.5,9000.0,7000.0,5000.0,-8.125,0.5,-7.875,0.0,0.0,0.0,0.3950000000000003,0.0,0.0,2539.0,0
0.745,6362.0,5083.0,3821.0,6354.5,5076.5,3815.5,8000.0,7000.0,6000.0,-8.375,0.5,-7.625,0.0,0.0,0.0,0.3960000000000003,0.0,0.0,2541.0,0
0.746,6371.0,5090.0,3826.0,6362.5,5083.5,3821.5,9000.0,7000.0,5000.0,-7.625,0.5,-8.375,0.0,0.0,0.0,0.3970000000000003,0.0,0.0,2545.0,0
0.747,6380.0,5097.0,3831.0,6371.5,5090.5,3826.5,9000.0,7000.0,5000.0,-7.875,0.5,-8.125,0.0,0.0,0.0,0.3980000000000003,0.0,0.0,2549.0,0
0.748,6389.0,5104.0,3836.0,6380.5,5097.5,3831.5,9000.0,7000.0,5000.0,-8.125,0.5,-7.875,0.0,0.0,0.0,0.3990000000000003,0.0,0.0,2553.0,0
0.749,6397.0,5111.0,3841.0,6389.5,5104.5,3836.5,8000.0,7000.0,5000.0,-8.375,0.5,-7.625,0.0,0.0,0.0,0.4000000000000003,0.0,0.0,2556.0,0
0.75,6406.0,5117.0,3847.0,6397.5,5111.5,3841.5,9000.0,6000.0,6000.0,-7.625,0.5,-7.375,0.0,0.0,0.0,0.4010000000000003,0.0,0.0,2559.0,0
0.751,6415.0,5124.0,3852.0,6406.5,5117.5,3847.5,9000.0,7000.0,5000.0,-9.125,0.5,-8.875,0.0,0.0,0.0,0.4020000000000003,0.0,0.0,2563.0,0
0.752,6423.0,5131.0,3857.0,6415.5,5124.5,3852.5,8000.0,7000.0,5000.0,-9.375,0.5,-8.625,0.0,0.0,0.0,0.4030000000000003,0.0,0.0,2566.0,0
0.753,6432.0,5138.0,3862.0,6423.5,5131.5,3857.5,9000.0,7000.0,5000.0,-8.625,0.5,-8.375,0.0,0.0,0.0,0.4040000000000003,0.0,0.0,2570.0,0
0.754,6441.0,5145.0,3868.0,6432.5,5138.5,3862.5,9000.0,7000.0,6000.0,-8.875,0.5,-8.125,0.0,0.0,0.0,0.4050000000000003,0.0,0.0,2573.0,0
0.755,6449.0,5152.0,3873.0,6441.5,5145.5,3868.5,8000.0,7000.0,5000.0,-9.125,0.5,-8.875,0.0,0.0,0.0,0.4060000000000003,0.0,0.0,2576.0,0
0.756,6458.0,5159.0,3878.0,6449.5,5152.5,3873.5,9000.0,7000.0,5000.0,-8.375,0.5,-8.625,0.0,0.0,0.0,0.4070000000000003,0.0,0.0,2580.0,0
0.757,6467.0,5166.0,3883.0,6458.5,5159.5,3878.5,9000.0,7000.0,5000.0,-8.625,0.5,-8.375,0.0,0.0,0.0,0.4080000000000003,0.0,0.0,2584.0,0
0.758,6475.0,5173.0,3889.0,6467.5,5166.5,3883.5,8000.0,7000.0,6000.0,-8.875,0.5,-8.125,0.0,0.0,0.0,0.4090000000000003,0.0,0.0,2586.0,0
0.759,6484.0,5180.0,3894.0,6475.5,5173.5,3889.5,9000.0,7000.0,5000.0,-8.125,0.5,-8.875,0.0,0.0,0.0,0.4100000000000003,0.0,0.0,2590.0,0
0.76,6493.0,5187.0,3899.0,6484.5,5180.5,3894.5,9000.0,7000.0,5000.0,-8.375,0.5,-8.625,0.0,0.0,0.0,0.4110000000000003,0.0,0.0,2594.0,0
0.761,6501.0,5194.0,3904.0,6493.5,5187.5,3899.5,8000.0,7000.0,5000.0,-8.625,0.5,-8.375,0.0,0.0,0.0,0.4120000000000003,0.0,0.0,2597.0,0
0.762,6510.0,5201.0,3910.0,6501.5,5194.5,3904.5,9000.0,7000.0,6000.0,-7.875,0.5,-8.125,0.0,0.0,0.0,0.4130000000000003,0.0,0.0,2600.0,0
0.763,6519.0,5208.0,3915.0,6510.5,5201.5,3910.5,9000.0,7000.0,5000.0,-8.125,0.5,-8.875,0.0,0.0,0.0,0.4140000000000003,0.0,0.0,2604.0,0
0.764,6527.0,5215.0,3920.0,6519.5,5208.5,3915.5,8000.0,7000.0,5000.0,-8.375,0.5,-8.625,0.0,0.0,0.0,0.4150000000000003,0.0,0.0,2607.0,0
0.765,6536.0,5222.0,3925.0,6527.5,5215.5,3920.5,9000.0,7000.0,5000.0,-7.625,0.5,-8.375,0.0,0.0,0.0,0.4160000000000003,0.0,0.0,2611.0,0
0.766,6545.0,5229.0,3931.0,6536.5,5222.5,3925.5,9000.0,7000.0,6000.0,-7.875,0.5,-8.125,0.0,0.0,0.0,0.4170000000000003,0.0,0.0,2614.0,0
0.767,6553.0,5236.0,3936.0,6545.5,5229.5,3931.5,8000.0,7000.0,5000.0,-8.125,0.5,-8.875,0.0,0.0,0.0,0.4180000000000003,0.0,0.0,2617.0,0
0.768,6562.0,5242.0,3941.0,6553.5,5236.5,3936.5,9000.0,6000.0,5000.0,-7.375,0.5,-8.625,0.0,0.0,0.0,0.4190000000000003,0.0,0.0,2621.0,0
0.769,6571.0,5249.0,3946.0,6562.5,5242.5,3941.5,9000.0,7000.0,5000.0,-8.875,0.5,-9.125,0.0,0.0,0.0,0.4200000000000003,0.0,0.0,2625.0,0
0.77,6579.0,5256.0,3952.0,6571.5,5249.5,3946.5,8000.0,7000.0,6000.0,-9.125,0.5,-8.875,0.0,0.0,0.0,0.4210000000000003,0.0,0.0,2627.0,0
0.771,6588.0,5263.0,3957.0,6579.5,5256.5,3952.5,9000.0,7000.0,5000.0,-8.375,0.5,-9.625,0.0,0.0,0.0,0.4220000000000003,0.0,0.0,2631.0,0
0.772,6597.0,5270.0,3962.0,6588.5,5263.5,3957.5,9000.0,7000.0,5000.0,-8.625,0.5,-9.375,0.0,0.0,0.0,0.4230000000000003,0.0,0.0,2635.0,0
0.773,6605.0,5277.0,3967.0,6597.5,5270.5,3962.5,8000.0,7000.0,5000.0,-8.875,0.5,-9.125,0.0,0.0,0.0,0.4240000000000003,0.0,0.0,2638.0,0
0.774,6614.0,5284.0,3972.0,6605.5,5277.5,3967.5,9000.0,7000.0,5000.0,-8.125,0.5,-8.875,0.0,0.0,0.0,0.4250000000000003,0.0,0.0,2642.0,0
0.775,6623.0,5291.0,3978.0,6614.5,5284.5,3972.5,9000.0,7000.0,6000.0,-8.375,0.5,-8.625,0.0,0.0,0.0,0.4260000000000003,0.0,0.0,2645.0,0
0.776,6631.0,5298.0,3983.0,6623.5,5291.5,3978.5,8000.0,7000.0,5000.0,-8.625,0.5,-9.375,0.0,0.0,0.0,0.4270000000000003,0.0,0.0,2648.0,0
0.777,6640.0,5305.0,3988.0,6631.5,5298.5,3983.5,9000.0,7000.0,5000.0,-7.875,0.5,-9.125,0.0,0.0,0.0,0.4280000000000003,0.0,0.0,2652.0,0
0.778,6649.0,5312.0,3993.0,6640.5,5305.5,3988.5,9000.0,7000.0,5000.0,-8.125,0.5,-8.875,0.0,0.0,0.0,0.4290000000000003,0.0,0.0,2656.0,0
0.779,6657.0,5319.0,3999.0,6649.5,5312.5,3993.5,8000.0,7000.0,6000.0,-8.375,0.5,-8.625,0.0,0.0,0.0,0.4300000000000003,0.0,0.0,2658.0,0
0.78,6666.0,5326.0,4004.0,6657.5,5319.5,3999.5,9000.0,7000.0,5000.0,-7.625,0.5,-9.375,0.0,0.0,0.0,0.4310000000000003,0.0,0.0,2662.0,0
0.781,6675.0,5333.0,4009.0,6666.5,5326.5,4004.5,9000.0,7000.0,5000.0,-7.875,0.5,-9.125,0.0,0.0,0.0,0.43200000000000033,0.0,0.0,2666.0,0
0.782,6684.0,5340.0,4014.0,6675.5,5333.5,4009.5,9000.0,7000.0,5000.0,-8.125,0.5,-8.875,0.0,0.0,0.0,0.43300000000000033,0.0,0.0,2670.0,0
0.783,6692.0,5347.0,4020.0,6684.5,5340.5,4014.5,8000.0,7000.0,6000.0,-8.375,0.5,-8.625,0.0,0.0,0.0,0.43400000000000033,0.0,0.0,2672.0,0
0.784,6701.0,5354.0,4025.0,6692.5,5347.5,4020.5,9000.0,7000.0,5000.0,-7.625,0.5,-9.375,0.0,0.0,0.0,0.43500000000000033,0.0,0.0,2676.0,0
0.785,6710.0,5361.0,4030.0,6701.5,5354.5,4025.5,9000.0,7000.0,5000.0,-7.875,0.5,-9.125,0.0,0.0,0.0,0.43600000000000033,0.0,0.0,2680.0,0
0.786,6718.0,5367.0,4035.0,6710.5,5361.5,4030.5,8000.0,6000.0,5000.0,-8.125,0.5,-8.875,0.0,0.0,0.0,0.43700000000000033,0.0,0.0,2683.0,0
0.787,6727.0,5374.0,4041.0,6718.5,5367.5,4035.5,9000.0,7000.0,6000.0,-8.625,0.5,-9.375,0.0,0.0,0.0,0.43800000000000033,0.0,0.0,2686.0,0
0.788,6736.0,5381.0,4046.0,6727.5,5374.5,4041.5,9000.0,7000.0,5000.0,-8.875,0.5,-10.125,0.0,0.0,0.0,0.43900000000000033,0.0,0.0,2690.0,0
0.789,6744.0,5388.0,4051.0,6736.5,5381.5,4046.5,8000.0,7000.0,5000.0,-9.125,0.5,-9.875,0.0,0.0,0.0,0.44000000000000034,0.0,0.0,2693.0,0
0.79,6753.0,5395.0,4056.0,6744.5,5388.5,4051.5,9000.0,7000.0,5000.0,-8.375,0.5,-9.625,0.0,0.0,0.0,0.44100000000000034,0.0,0.0,2697.0,0
0.791,6762.0,5402.0,4061.0,6753.5,5395.5,4056.5,9000.0,7000.0,5000.0,-8.625,0.5,-9.375,0.0,0.0,0.0,0.44200000000000034,0.0,0.0,2701.0,0
0.792,6770.0,5409.0,4067.0,6762.5,5402.5,4061.5,8000.0,7000.0,6000.0,-8.875,0.5,-9.125,0.0,0.0,0.0,0.44300000000000034,0.0,0.0,2703.0,0
0.793,6779.0,5416.0,4072.0,6770.5,5409.5,4067.5,9000.0,7000.0,5000.0,-8.125,0.5,-9.875,0.0,0.0,0.0,0.44400000000000034,0.0,0.0,2707.0,0
0.794,6788.0,5423.0,4077.0,6779.5,5416.5,4072.5,9000.0,7000.0,5000.0,-8.375,0.5,-9.625,0.0,0.0,0.0,0.44500000000000034,0.0,0.0,2711.0,0
0.795,6796.0,5430.0,4082.0,6788.5,5423.5,4077.5,8000.0,7000.0,5000.0,-8.625,0.5,-9.375,0.0,0.0,0.0,0.44600000000000034,0.0,0.0,2714.0,0
0.796,6805.0,5437.0,4088.0,6796.5,5430.5,4082.5,9000.0,7000.0,6000.0,-7.875,0.5,-9.125,0.0,0.0,0.0,0.44700000000000034,0.0,0.0,2717.0,0
0.797,6814.0,5444.0,4093.0,6805.5,5437.5,4088.5,9000.0,7000.0,5000.0,-8.125,0.5,-9.875,0.0,0.0,0.0,0.44800000000000034,0.0,0.0,2721.0,0
0.798,6822.0,5451.0,4098.0,6814.5,5444.5,4093.5,8000.0,7000.0,5000.0,-8.375,0.5,-9.625,0.0,0.0,0.0,0.44900000000000034,0.0,0.0,2724.0,0
0.799,6831.0,5458.0,4103.0,6822.5,5451.5,4098.5,9000.0,7000.0,5000.0,-7.625,0.5,-9.375,0.0,0.0,0.0,0.45000000000000034,0.0,0.0,2728.0,0
0.8,6840.0,5465.0,4108.0,6831.5,5458.5,4103.5,9000.0,7000.0,5000.0,-7.875,0.5,-9.125,0.0,0.0,0.0,0.45100000000000035,0.0,0.0,2732.0,0
0.801,6848.0,5472.0,4114.0,6840.5,5465.5,4108.5,8000.0,7000.0,6000.0,-8.125,0.5,-8.875,0.0,0.0,0.0,0.45200000000000035,0.0,0.0,2734.0,0
0.802,6857.0,5479.0,4119.0,6848.5,5472.5,4114.5,9000.0,7000.0,5000.0,-7.375,0.5,-9.625,0.0,0.0,0.0,0.45300000000000035,0.0,0.0,2738.0,0
0.803,6866.0,5486.0,4124.0,6857.5,5479.5,4119.5,9000.0,7000.0,5000.0,-7.625,0.5,-9.375,0.0,0.0,0.0,0.45400000000000035,0.0,0.0,2742.0,0
0.804,6874.0,5492.0,4129.0,6866.5,5486.5,4124.5,8000.0,6000.0,5000.0,-7.875,0.5,-9.125,0.0,0.0,0.0,0.45500000000000035,0.0,0.0,2745.0,0
0.805,6883.0,5499.0,4135.0,6874.5,5492.5,4129.5,9000.0,7000.0,6000.0,-8.375,0.5,-9.625,0.0,0.0,0.0,0.45600000000000035,0.0,0.0,2748.0,0
0.806,6892.0,5506.0,4140.0,6883.5,5499.5,4135.5,9000.0,7000.0,5000.0,-8.625,0.5,-10.375,0.0,0.0,0.0,0.45700000000000035,0.0,0.0,2752.0,0
0.807,6900.0,5513.0,4145.0,6892.5,5506.5,4140.5,8000.0,7000.0,5000.0,-8.875,0.5,-10.125,0.0,0.0,0.0,0.45800000000000035,0.0,0.0,2755.0,0
0.808,6909.0,5520.0,4150.0,6900.5,5513.5,4145.5,9000.0,7000.0,5000.0,-8.125,0.5,-9.875,0.0,0.0,0.0,0.45900000000000035,0.0,0.0,2759.0,0
0.809,6918.0,5527.0,4155.0,6909.5,5520.5,4150.5,9000.0,7000.0,5000.0,-8.375,0.5,-9.625,0.0,0.0,0.0,0.46000000000000035,0.0,0.0,2763.0,0
0.81,6926.0,5534.0,4160.0,6918.5,5527.5,4155.5,8000.0,7000.0,5000.0,-8.625,0.5,-9.375,0.0,0.0,0.0,0.46100000000000035,0.0,0.0,2766.0,0
0.811,6935.0,5541.0,4165.0,6926.5,5534.5,4160.5,9000.0,7000.0,5000.0,-7.875,0.5,-9.125,0.0,0.0,0.0,0.46200000000000035,0.0,0.0,2770.0,0
0.812,6944.0,5548.0,4171.0,6935.5,5541.5,4165.5,9000.0,7000.0,6000.0,-8.125,0.5,-8.875,0.0,0.0,0.0,0.46300000000000036,0.0,0.0,2773.0,0
0.8130000000000001,6953.0,5555.0,4176.0,6944.5,5548.5,4171.5,9000.0,7000.0,5000.0,-8.375,0.5,-9.625,0.0,0.0,0.0,0.46400000000000036,0.0,0.0,2777.0,0
0.8140000000000001,6961.0,5562.0,4181.0,6953.5,5555.5,4176.5,8000.0,7000.0,5000.0,-8.625,0.5,-9.375,0.0,0.0,0.0,0.46500000000000036,0.0,0.0,2780.0,0
0.8150000000000001,6970.0,5569.0,4186.0,6961.5,5562.5,4181.5,9000.0,7000.0,5000.0,-7.875,0.5,-9.125,0.0,0.0,0.0,0.46600000000000036,0.0,0.0,2784.0,0
0.8160000000000001,6979.0,5576.0,4192.0,6970.5,5569.5,4186.5,9000.0,7000.0,6000.0,-8.125,0.5,-8.875,0.0,0.0,0.0,0.46700000000000036,0.0,0.0,2787.0,0
0.8170000000000001,6987.0,5583.0,4197.0,6979.5,5576.5,4192.5,8000.0,7000.0,5000.0,-8.375,0.5,-9.625,0.0,0.0,0.0,0.46800000000000036,0.0,0.0,2790.0,0
0.8180000000000001,6996.0,5590.0,4202.0,6987.5,5583.5,4197.5,9000.0,7000.0,5000.0,-7.625,0.5,-9.375,0.0,0.0,0.0,0.46900000000000036,0.0,0.0,2794.0,0
0.8190000000000001,7005.0,5597.0,4207.0,6996.5,5590.5,4202.5,9000.0,7000.0,5000.0,-7.875,0.5,-9.125,0.0,0.0,0.0,0.47000000000000036,0.0,0.0,2798.0,0
0.8200000000000001,7013.0,5604.0,4212.0,7005.5,5597.5,4207.5,8000.0,7000.0,5000.0,-8.125,0.5,-8.875,0.0,0.0,0.0,0.47100000000000036,0.0,0.0,2801.0,0
0.8210000000000001,7022.0,5611.0,4218.0,7013.5,5604.5,4212.5,9000.0,7000.0,6000.0,-7.375,0.5,-8.625,0.0,0.0,0.0,0.47200000000000036,0.0,0.0,2804.0,0
0.8220000000000001,7031.0,5617.0,4223.0,7022.5,5611.5,4218.5,9000.0,6000.0,5000.0,-7.625,0.5,-9.375,0.0,0.0,0.0,0.47300000000000036,0.0,0.0,2808.0,0
0.8230000000000001,7039.0,5624.0,4228.0,7031.5,5617.5,4223.5,8000.0,7000.0,5000.0,-9.125,0.5,-9.875,0.0,0.0,0.0,0.47400000000000037,0.0,0.0,2811.0,0
0.8240000000000001,7048.0,5631.0,4233.0,7039.5,5624.5,4228.5,9000.0,7000.0,5000.0,-8.375,0.5,-9.625,0.0,0.0,0.0,0.47500000000000037,0.0,0.0,2815.0,0
0.8250000000000001,7057.0,5638.0,4239.0,7048.5,5631.5,4233.5,9000.0,7000.0,6000.0,-8.625,0.5,-9.375,0.0,0.0,0.0,0.47600000000000037,0.0,0.0,2818.0,0
0.8260000000000001,7065.0,5645.0,4244.0,7057.5,5638.5,4239.5,8000.0,7000.0,5000.0,-8.875,0.5,-10.125,0.0,0.0,0.0,0.47700000000000037,0.0,0.0,2821.0,0
0.8270000000000001,7074.0,5652.0,4249.0,7065.5,5645.5,4244.5,9000.0,7000.0,5000.0,-8.125,0.5,-9.875,0.0,0.0,0.0,0.47800000000000037,0.0,0.0,2825.0,0
0.8280000000000001,7083.0,5659.0,4254.0,7074.5,5652.5,4249.5,9000.0,7000.0,5000.0,-8.375,0.5,-9.625,0.0,0.0,0.0,0.47900000000000037,0.0,0.0,2829.0,0
0.8290000000000001,7091.0,5666.0,4259.0,7083.5,5659.5,4254.5,8000.0,7000.0,5000.0,-8.625,0.5,-9.375,0.0,0.0,0.0,0.48000000000000037,0.0,0.0,2832.0,0
0.8300000000000001,7100.0,5673.0,4264.0,7091.5,5666.5,4259.5,9000.0,7000.0,5000.0,-7.875,0.5,-9.125,0.0,0.0,0.0,0.48100000000000037,0.0,0.0,2836.0,0
0.8310000000000001,7109.0,5680.0,4270.0,7100.5,5673.5,4264.5,9000.0,7000.0,6000.0,-8.125,0.5,-8.875,0.0,0.0,0.0,0.4820000000000004,0.0,0.0,2839.0,0
0.8320000000000001,7117.0,5687.0,4275.0,7109.5,5680.5,4270.5,8000.0,7000.0,5000.0,-8.375,0.5,-9.625,0.0,0.0,0.0,0.4830000000000004,0.0,0.0,2842.0,0
0.833,7126.0,5694.0,4280.0,7117.5,5687.5,4275.5,9000.0,7000.0,5000.0,-7.625,0.5,-9.375,0.0,0.0,0.0,0.4840000000000004,0.0,0.0,2846.0,0
0.834,7135.0,5701.0,4285.0,7126.5,5694.5,4280.5,9000.0,7000.0,5000.0,-7.875,0.5,-9.125,0.0,0.0,0.0,0.4850000000000004,0.0,0.0,2850.0,0
0.835,7143.0,5708.0,4290.0,7135.5,5701.5,4285.5,8000.0,7000.0,5000.0,-8.125,0.5,-8.875,0.0,0.0,0.0,0.4860000000000004,0.0,0.0,2853.0,0
0.836,7152.0,5715.0,4296.0,7143.5,5708.5,4290.5,9000.0,7000.0,6000.0,-7.375,0.5,-8.625,0.0,0.0,0.0,0.4870000000000004,0.0,0.0,2856.0,0
0.837,7161.0,5722.0,4301.0,7152.5,5715.5,4296.5,9000.0,7000.0,5000.0,-7.625,0.5,-9.375,0.0,0.0,0.0,0.4880000000000004,0.0,0.0,2860.0,0
0.838,7169.0,5729.0,4306.0,7161.5,5722.5,4301.5,8000.0,7000.0,5000.0,-7.875,0.5,-9.125,0.0,0.0,0.0,0.4890000000000004,0.0,0.0,2863.0,0
0.839,7178.0,5736.0,4311.0,7169.5,5729.5,4306.5,9000.0,7000.0,5000.0,-7.125,0.5,-8.875,0.0,0.0,0.0,0.4900000000000004,0.0,0.0,2867.0,0
0.84,7187.0,5742.0,4317.0,7178.5,5736.5,4311.5,9000.0,6000.0,6000.0,-7.375,0.5,-8.625,0.0,0.0,0.0,0.4910000000000004,0.0,0.0,2870.0,0
0.841,7195.0,5749.0,4322.0,7187.5,5742.5,4317.5,8000.0,7000.0,5000.0,-8.875,0.5,-10.125,0.0,0.0,0.0,0.4920000000000004,0.0,0.0,2873.0,0
0.842,7204.0,5756.0,4327.0,7195.5,5749.5,4322.5,9000.0,7000.0,5000.0,-8.125,0.5,-9.875,0.0,0.0,0.0,0.4930000000000004,0.0,0.0,2877.0,0
0.843,7213.0,5763.0,4332.0,7204.5,5756.5,4327.5,9000.0,7000.0,5000.0,-8.375,0.5,-9.625,0.0,0.0,0.0,0.4940000000000004,0.0,0.0,2881.0,0
0.844,7221.0,5770.0,4337.0,7213.5,5763.5,4332.5,8000.0,7000.0,5000.0,-8.625,0.5,-9.375,0.0,0.0,0.0,0.4950000000000004,0.0,0.0,2884.0,0
0.845,7230.0,5777.0,4342.0,7221.5,5770.5,4337.5,9000.0,7000.0,5000.0,-7.875,0.5,-9.125,0.0,0.0,0.0,0.4960000000000004,0.0,0.0,2888.0,0
0.846,7239.0,5784.0,4348.0,7230.5,5777.5,4342.5,9000.0,7000.0,6000.0,-8.125,0.5,-8.875,0.0,0.0,0.0,0.4970000000000004,0.0,0.0,2891.0,0
0.847,7248.0,5791.0,4353.0,7239.5,5784.5,4348.5,9000.0,7000.0,5000.0,-8.375,0.5,-9.625,0.0,0.0,0.0,0.4980000000000004,0.0,0.0,2895.0,0
0.848,7256.0,5798.0,4358.0,7248.5,5791.5,4353.5,8000.0,7000.0,5000.0,-8.625,0.5,-9.375,0.0,0.0,0.0,0.4990000000000004,0.0,0.0,2898.0,0
0.849,7265.0,5805.0,4363.0,7256.5,5798.5,4358.5,9000.0,7000.0,5000.0,-7.875,0.5,-9.125,0.0,0.0,0.0,0.5000000000000003,0.0,0.0,2902.0,0
0.85,7274.0,5812.0,4368.0,7265.5,5805.5,4363.5,9000.0,7000.0,5000.0,-8.125,0.5,-8.875,0.0,0.0,0.0,0.5010000000000003,0.0,0.0,2906.0,0
0.851,7282.0,5819.0,4374.0,7274.5,5812.5,4368.5,8000.0,7000.0,6000.0,-8.375,0.5,-8.625,0.0,0.0,0.0,0.5020000000000003,0.0,0.0,2908.0,0
0.852,7291.0,5826.0,4379.0,7282.5,5819.5,4374.5,9000.0,7000.0,5000.0,-7.625,0.5,-9.375,0.0,0.0,0.0,0.5030000000000003,0.0,0.0,2912.0,0
0.853,7300.0,5833.0,4384.0,7291.5,5826.5,4379.5,9000.0,7000.0,5000.0,-7.875,0.5,-9.125,0.0,0.0,0.0,0.5040000000000003,0.0,0.0,2916.0,0
0.854,7308.0,5840.0,4389.0,7300.5,5833.5,4384.5,8000.0,7000.0,5000.0,-8.125,0.5,-8.875,0.0,0.0,0.0,0.5050000000000003,0.0,0.0,2919.0,0
0.855,7317.0,5847.0,4395.0,7308.5,5840.5,4389.5,9000.0,7000.0,6000.0,-7.375,0.5,-8.625,0.0,0.0,0.0,0.5060000000000003,0.0,0.0,2922.0,0
0.856,7326.0,5854.0,4400.0,7317.5,5847.5,4395.5,9000.0,7000.0,5000.0,-7.625,0.5,-9.375,0.0,0.0,0.0,0.5070000000000003,0.0,0.0,2926.0,0
0.857,7334.0,5861.0,4405.0,7326.5,5854.5,4400.5,8000.0,7000.0,5000.0,-7.875,0.5,-9.125,0.0,0.0,0.0,0.5080000000000003,0.0,0.0,2929.0,0
0.858,7343.0,5867.0,4410.0,7334.5,5861.5,4405.5,9000.0,6000.0,5000.0,-7.125,0.5,-8.875,0.0,0.0,0.0,0.5090000000000003,0.0,0.0,2933.0,0
0.859,7352.0,5874.0,4415.0,7343.5,5867.5,4410.5,9000.0,7000.0,5000.0,-8.625,0.5,-9.375,0.0,0.0,0.0,0.5100000000000003,0.0,0.0,2937.0,0
0.86,7360.0,5881.0,4421.0,7352.5,5874.5,4415.5,8000.0,7000.0,6000.0,-8.875,0.5,-9.125,0.0,0.0,0.0,0.5110000000000003,0.0,0.0,2939.0,0
0.861,7369.0,5888.0,4426.0,7360.5,5881.5,4421.5,9000.0,7000.0,5000.0,-8.125,0.5,-9.875,0.0,0.0,0.0,0.5120000000000003,0.0,0.0,2943.0,0
0.862,7378.0,5895.0,4431.0,7369.5,5888.5,4426.5,9000.0,7000.0,5000.0,-8.375,0.5,-9.625,0.0,0.0,0.0,0.5130000000000003,0.0,0.0,2947.0,0
0.863,7386.0,5902.0,4436.0,7378.5,5895.5,4431.5,8000.0,7000.0,5000.0,-8.625,0.5,-9.375,0.0,0.0,0.0,0.5140000000000003,0.0,0.0,2950.0,0
0.864,7395.0,5909.0,4441.0,7386.5,5902.5,4436.5,9000.0,7000.0,5000.0,-7.875,0.5,-9.125,0.0,0.0,0.0,0.5150000000000003,0.0,0.0,2954.0,0
0.865,7404.0,5916.0,4447.0,7395.5,5909.5,4441.5,9000.0,7000.0,6000.0,-8.125,0.5,-8.875,0.0,0.0,0.0,0.5160000000000003,0.0,0.0,2957.0,0
0.866,7412.0,5923.0,4452.0,7404.5,5916.5,4447.5,8000.0,7000.0,5000.0,-8.375,0.5,-9.625,0.0,0.0,0.0,0.5170000000000003,0.0,0.0,2960.0,0
0.867,7421.0,5930.0,4457.0,7412.5,5923.5,4452.5,9000.0,7000.0,5000.0,-7.625,0.5,-9.375,0.0,0.0,0.0,0.5180000000000003,0.0,0.0,2964.0,0
0.868,7430.0,5937.0,4462.0,7421.5,5930.5,4457.5,9000.0,7000.0,5000.0,-7.875,0.5,-9.125,0.0,0.0,0.0,0.5190000000000003,0.0,0.0,2968.0,0
0.869,7438.0,5944.0,4467.0,7430.5,5937.5,4462.5,8000.0,7000.0,5000.0,-8.125,0.5,-8.875,0.0,0.0,0.0,0.5200000000000004,0.0,0.0,2971.0,0
0.87,7447.0,5951.0,4473.0,7438.5,5944.5,4467.5,9000.0,7000.0,6000.0,-7.375,0.5,-8.625,0.0,0.0,0.0,0.5210000000000004,0.0,0.0,2974.0,0
0.871,7456.0,5958.0,4478.0,7447.5,5951.5,4473.5,9000.0,7000.0,5000.0,-7.625,0.5,-9.375,0.0,0.0,0.0,0.5220000000000004,0.0,0.0,2978.0,0
0.872,7464.0,5965.0,4483.0,7456.5,5958.5,4478.5,8000.0,7000.0,5000.0,-7.875,0.5,-9.125,0.0,0.0,0.0,0.5230000000000004,0.0,0.0,2981.0,0
0.873,7473.0,5972.0,4488.0,7464.5,5965.5,4483.5,9000.0,7000.0,5000.0,-7.125,0.5,-8.875,0.0,0.0,0.0,0.5240000000000004,0.0,0.0,2985.0,0
0.874,7482.0,5979.0,4494.0,7473.5,5972.5,4488.5,9000.0,7000.0,6000.0,-7.375,0.5,-8.625,0.0,0.0,0.0,0.5250000000000004,0.0,0.0,2988.0,0
0.875,7490.0,5986.0,4499.0,7482.5,5979.5,4494.5,8000.0,7000.0,5000.0,-7.625,0.5,-9.375,0.0,0.0,0.0,0.5260000000000004,0.0,0.0,2991.0,0
0.876,7499.0,5992.0,4504.0,7490.5,5986.5,4499.5,9000.0,6000.0,5000.0,-6.875,0.5,-9.125,0.0,0.0,0.0,0.5270000000000004,0.0,0.0,2995.0,0
0.877,7508.0,5999.0,4509.0,7499.5,5992.5,4504.5,9000.0,7000.0,5000.0,-8.375,0.5,-9.625,0.0,0.0,0.0,0.5280000000000004,0.0,0.0,2999.0,0
0.878,7516.0,6006.0,4514.0,7508.5,5999.5,4509.5,8000.0,7000.0,5000.0,-8.625,0.5,-9.375,0.0,0.0,0.0,0.5290000000000004,0.0,0.0,3002.0,0
0.879,7525.0,6013.0,4520.0,7516.5,6006.5,4514.5,9000.0,7000.0,6000.0,-7.875,0.5,-9.125,0.0,0.0,0.0,0.5300000000000004,0.0,0.0,3005.0,0
0.88,7534.0,6020.0,4525.0,7525.5,6013.5,4520.5,9000.0,7000.0,5000.0,-8.125,0.5,-9.875,0.0,0.0,0.0,0.5310000000000004,0.0,0.0,3009.0,0
0.881,7543.0,6027.0,4530.0,7534.5,6020.5,4525.5,9000.0,7000.0,5000.0,-8.375,0.5,-9.625,0.0,0.0,0.0,0.5320000000000004,0.0,0.0,3013.0,0
0.882,7551.0,6034.0,4535.0,7543.5,6027.5,4530.5,8000.0,7000.0,5000.0,-8.625,0.5,-9.375,0.0,0.0,0.0,0.5330000000000004,0.0,0.0,3016.0,0
0.883,7560.0,6041.0,4540.0,7551.5,6034.5,4535.5,9000.0,7000.0,5000.0,-7.875,0.5,-9.125,0.0,0.0,0.0,0.5340000000000004,0.0,0.0,3020.0,0
0.884,7569.0,6048.0,4546.0,7560.5,6041.5,4540.5,9000.0,7000.0,6000.0,-8.125,0.5,-8.875,0.0,0.0,0.0,0.5350000000000004,0.0,0.0,3023.0,0
0.885,7577.0,6055.0,4551.0,7569.5,6048.5,4546.5,8000.0,7000.0,5000.0,-8.375,0.5,-9.625,0.0,0.0,0.0,0.5360000000000004,0.0,0.0,3026.0,0
0.886,7586.0,6062.0,4556.0,7577.5,6055.5,4551.5,9000.0,7000.0,5000.0,-7.625,0.5,-9.375,0.0,0.0,0.0,0.5370000000000004,0.0,0.0,3030.0,0
0.887,7595.0,6069.0,4561.0,7586.5,6062.5,4556.5,9000.0,7000.0,5000.0,-7.875,0.5,-9.125,0.0,0.0,0.0,0.5380000000000004,0.0,0.0,3034.0,0
0.888,7603.0,6076.0,4566.0,7595.5,6069.5,4561.5,8000.0,7000.0,5000.0,-8.125,0.5,-8.875,0.0,0.0,0.0,0.5390000000000004,0.0,0.0,3037.0,0
0.889,7612.0,6083.0,4572.0,7603.5,6076.5,4566.5,9000.0,7000.0,6000.0,-7.375,0.5,-8.625,0.0,0.0,0.0,0.5400000000000004,0.0,0.0,3040.0,0
0.89,7621.0,6090.0,4577.0,7612.5,6083.5,4572.5,9000.0,7000.0,5000.0,-7.625,0.5,-9.375,0.0,0.0,0.0,0.5410000000000004,0.0,0.0,3044.0,0
0.891,7629.0,6097.0,4582.0,7621.5,6090.5,4577.5,8000.0,7000.0,5000.0,-7.875,0.5,-9.125,0.0,0.0,0.0,0.5420000000000004,0.0,0.0,3047.0,0
0.892,7638.0,6104.0,4587.0,7629.5,6097.5,4582.5,9000.0,7000.0,5000.0,-7.125,0.5,-8.875,0.0,0.0,0.0,0.5430000000000004,0.0,0.0,3051.0,0
0.893,7647.0,6111.0,4593.0,7638.5,6104.5,4587.5,9000.0,7000.0,6000.0,-7.375,0.5,-8.625,0.0,0.0,0.0,0.5440000000000004,0.0,0.0,3054.0,0
0.894,7655.0,6117.0,4598.0,7647.5,6111.5,4593.5,8000.0,6000.0,5000.0,-7.625,0.5,-9.375,0.0,0.0,0.0,0.5450000000000004,0.0,0.0,3057.0,0
0.895,7664.0,6124.0,4603.0,7655.5,6117.5,4598.5,9000.0,7000.0,5000.0,-8.125,0.5,-9.875,0.0,0.0,0.0,0.5460000000000004,0.0,0.0,3061.0,0
0.896,7673.0,6131.0,4608.0,7664.5,6124.5,4603.5,9000.0,7000.0,5000.0,-8.375,0.5,-9.625,0.0,0.0,0.0,0.5470000000000004,0.0,0.0,3065.0,0
0.897,7681.0,6138.0,4613.0,7673.5,6131.5,4608.5,8000.0,7000.0,5000.0,-8.625,0.5,-9.375,0.0,0.0,0.0,0.5480000000000004,0.0,0.0,3068.0,0
0.898,7690.0,6145.0,4619.0,7681.5,6138.5,4613.5,9000.0,7000.0,6000.0,-7.875,0.5,-9.125,0.0,0.0,0.0,0.5490000000000004,0.0,0.0,3071.0,0
0.899,7699.0,6152.0,4624.0,7690.5,6145.5,4619.5,9000.0,7000.0,5000.0,-8.125,0.5,-9.875,0.0,0.0,0.0,0.5500000000000004,0.0,0.0,3075.0,0
0.9,7707.0,6159.0,4629.0,7699.5,6152.5,4624.5,8000.0,7000.0,5000.0,-8.375,0.5,-9.625,0.0,0.0,0.0,0.5510000000000004,0.001,0.0,3078.0,0
0.901,7716.0,6166.0,4634.0,7707.5,6159.5,4629.5,9000.0,7000.0,5000.0,-7.625,0.5,-9.375,0.0,0.0,0.0,0.5520000000000004,0.002,0.0,3082.0,0
0.902,7725.0,6173.0,4639.0,7716.5,6166.5,4634.5,9000.0,7000.0,5000.0,-7.875,0.5,-9.125,0.0,0.0,0.0,0.5530000000000004,0.003,0.0,3086.0,0
0.903,7733.0,6180.0,4645.0,7725.5,6173.5,4639.5,8000.0,7000.0,6000.0,-8.125,0.5,-8.875,0.0,0.0,0.0,0.5540000000000004,0.004,0.0,3088.0,0
0.904,7742.0,6187.0,4650.0,7733.5,6180.5,4645.5,9000.0,7000.0,5000.0,-7.375,0.5,-9.625,0.0,0.0,0.0,0.5550000000000004,0.005,0.0,3092.0,0
0.905,7751.0,6194.0,4655.0,7742.5,6187.5,4650.5,9000.0,7000.0,5000.0,-7.625,0.5,-9.375,0.0,0.0,0.0,0.5560000000000004,0.006,0.0,3096.0,0
0.906,7759.0,6201.0,4660.0,7751.5,6194.5,4655.5,8000.0,7000.0,5000.0,-7.875,0.5,-9.125,0.0,0.0,0.0,0.5570000000000004,0.007,0.0,3099.0,0
0.907,7768.0,6208.0,4666.0,7759.5,6201.5,4660.5,9000.0,7000.0,6000.0,-7.125,0.5,-8.875,0.0,0.0,0.0,0.5580000000000004,0.008,0.0,3102.0,0
0.908,7777.0,6215.0,4671.0,7768.5,6208.5,4666.5,9000.0,7000.0,5000.0,-7.375,0.5,-9.625,0.0,0.0,0.0,0.5590000000000004,0.009000000000000001,0.0,3106.0,0
0.909,7785.0,6222.0,4676.0,7777.5,6215.5,4671.5,8000.0,7000.0,5000.0,-7.625,0.5,-9.375,0.0,0.0,0.0,0.5600000000000004,0.010000000000000002,0.0,3109.0,0
0.91,7794.0,6229.0,4681.0,7785.5,6222.5,4676.5,9000.0,7000.0,5000.0,-6.875,0.5,-9.125,0.0,0.0,0.0,0.5610000000000004,0.011000000000000003,0.0,3113.0,0
0.911,7803.0,6236.0,4686.0,7794.5,6229.5,4681.5,9000.0,7000.0,5000.0,-7.125,0.5,-8.875,0.0,0.0,0.0,0.5620000000000004,0.012000000000000004,0.0,3117.0,0
0.912,7812.0,6242.0,4692.0,7803.5,6236.5,4686.5,9000.0,6000.0,6000.0,-7.375,0.5,-8.625,0.0,0.0,0.0,0.5630000000000004,0.013000000000000005,0.0,3120.0,0
0.913,7820.0,6249.0,4697.0,7812.5,6242.5,4692.5,8000.0,7000.0,5000.0,-8.875,0.5,-10.125,0.0,0.0,0.0,0.5640000000000004,0.014000000000000005,0.0,3123.0,0
0.914,7829.0,6256.0,4702.0,7820.5,6249.5,4697.5,9000.0,7000.0,5000.0,-8.125,0.5,-9.875,0.0,0.0,0.0,0.5650000000000004,0.015000000000000006,0.0,3127.0,0
0.915,7838.0,6263.0,4707.0,7829.5,6256.5,4702.5,9000.0,7000.0,5000.0,-8.375,0.5,-9.625,0.0,0.0,0.0,0.5660000000000004,0.016000000000000007,0.0,3131.0,0
0.916,7846.0,6270.0,4712.0,7838.5,6263.5,4707.5,8000.0,7000.0,5000.0,-8.625,0.5,-9.375,0.0,0.0,0.0,0.5670000000000004,0.017000000000000008,0.0,3134.0,0
0.917,7855.0,6277.0,4717.0,7846.5,6270.5,4712.5,9000.0,7000.0,5000.0,-7.875,0.5,-9.125,0.0,0.0,0.0,0.5680000000000004,0.01800000000000001,0.0,3138.0,0
0.918,7864.0,6284.0,4723.0,7855.5,6277.5,4717.5,9000.0,7000.0,6000.0,-8.125,0.5,-8.875,0.0,0.0,0.0,0.5690000000000004,0.01900000000000001,0.0,3141.0,0
0.919,7872.0,6291.0,4728.0,7864.5,6284.5,4723.5,8000.0,7000.0,5000.0,-8.375,0.5,-9.625,0.0,0.0,0.0,0.5700000000000004,0.02000000000000001,0.0,3144.0,0
0.92,7881.0,6298.0,4733.0,7872.5,6291.5,4728.5,9000.0,7000.0,5000.0,-7.625,0.5,-9.375,0.0,0.0,0.0,0.5710000000000004,0.02100000000000001,0.0,3148.0,0
0.921,7890.0,6305.0,4738.0,7881.5,6298.5,4733.5,9000.0,7000.0,5000.0,-7.875,0.5,-9.125,0.0,0.0,0.0,0.5720000000000004,0.022000000000000013,0.0,3152.0,0
0.922,7898.0,6312.0,4743.0,7890.5,6305.5,4738.5,8000.0,7000.0,5000.0,-8.125,0.5,-8.875,0.0,0.0,0.0,0.5730000000000004,0.023000000000000013,0.0,3155.0,0
0.923,7907.0,6319.0,4749.0,7898.5,6312.5,4743.5,9000.0,7000.0,6000.0,-7.375,0.5,-8.625,0.0,0.0,0.0,0.5740000000000004,0.024000000000000014,0.0,3158.0,0
0.924,7916.0,6326.0,4754.0,7907.5,6319.5,4749.5,9000.0,7000.0,5000.0,-7.625,0.5,-9.375,0.0,0.0,0.0,0.5750000000000004,0.025000000000000015,0.0,3162.0,0
0.925,7924.0,6333.0,4759.0,7916.5,6326.5,4754.5,8000.0,7000.0,5000.0,-7.875,0.5,-9.125,0.0,0.0,0.0,0.5760000000000004,0.026000000000000016,0.0,3165.0,0
0.926,7933.0,6340.0,4764.0,7924.5,6333.5,4759.5,9000.0,7000.0,5000.0,-7.125,0.5,-8.875,0.0,0.0,0.0,0.5770000000000004,0.027000000000000017,0.0,3169.0,0
0.927,7942.0,6347.0,4769.0,7933.5,6340.5,4764.5,9000.0,7000.0,5000.0,-7.375,0.5,-8.625,0.0,0.0,0.0,0.5780000000000004,0.028000000000000018,0.0,3173.0,0
0.928,7950.0,6354.0,4775.0,7942.5,6347.5,4769.5,8000.0,7000.0,6000.0,-7.625,0.5,-8.375,0.0,0.0,0.0,0.5790000000000004,0.02900000000000002,0.0,3175.0,0
0.929,7959.0,6361.0,4780.0,7950.5,6354.5,4775.5,9000.0,7000.0,5000.0,-6.875,0.5,-9.125,0.0,0.0,0.0,0.5800000000000004,0.03000000000000002,0.0,3179.0,0
0.93,7968.0,6367.0,4785.0,7959.5,6361.5,4780.5,9000.0,6000.0,5000.0,-7.125,0.5,-8.875,0.0,0.0,0.0,0.5810000000000004,0.03100000000000002,0.0,3183.0,0
0.931,7976.0,6374.0,4790.0,7968.5,6367.5,4785.5,8000.0,7000.0,5000.0,-8.625,0.5,-9.375,0.0,0.0,0.0,0.5820000000000004,0.03200000000000002,0.0,3186.0,0
0.932,7985.0,6381.0,4795.0,7976.5,6374.5,4790.5,9000.0,7000.0,5000.0,-7.875,0.5,-9.125,0.0,0.0,0.0,0.5830000000000004,0.03300000000000002,0.0,3190.0,0
0.933,7994.0,6388.0,4801.0,7985.5,6381.5,4795.5,9000.0,7000.0,6000.0,-8.125,0.5,-8.875,0.0,0.0,0.0,0.5840000000000004,0.03400000000000002,0.0,3193.0,0
0.934,8002.0,6395.0,4806.0,7994.5,6388.5,4801.5,8000.0,7000.0,5000.0,-8.375,0.5,-9.625,0.0,0.0,0.0,0.5850000000000004,0.035000000000000024,0.0,3196.0,0
0.935,8011.0,6402.0,4811.0,8002.5,6395.5,4806.5,9000.0,7000.0,5000.0,-7.625,0.5,-9.375,0.0,0.0,0.0,0.5860000000000004,0.036000000000000025,0.0,3200.0,0
0.936,8020.0,6409.0,4816.0,8011.5,6402.5,4811.5,9000.0,7000.0,5000.0,-7.875,0.5,-9.125,0.0,0.0,0.0,0.5870000000000004,0.037000000000000026,0.0,3204.0,0
0.937,8028.0,6416.0,4821.0,8020.5,6409.5,4816.5,8000.0,7000.0,5000.0,-8.125,0.5,-8.875,0.0,0.0,0.0,0.5880000000000004,0.03800000000000003,0.0,3207.0,0
0.9380000000000001,8037.0,6423.0,4827.0,8028.5,6416.5,4821.5,9000.0,7000.0,6000.0,-7.375,0.5,-8.625,0.0,0.0,0.0,0.5890000000000004,0.03900000000000003,0.0,3210.0,0
0.9390000000000001,8046.0,6430.0,4832.0,8037.5,6423.5,4827.5,9000.0,7000.0,5000.0,-7.625,0.5,-9.375,0.0,0.0,0.0,0.5900000000000004,0.04000000000000003,0.0,3214.0,0
0.9400000000000001,8054.0,6437.0,4837.0,8046.5,6430.5,4832.5,8000.0,7000.0,5000.0,-7.875,0.5,-9.125,0.0,0.0,0.0,0.5910000000000004,0.04100000000000003,0.0,3217.0,0
0.9410000000000001,8063.0,6444.0,4842.0,8054.5,6437.5,4837.5,9000.0,7000.0,5000.0,-7.125,0.5,-8.875,0.0,0.0,0.0,0.5920000000000004,0.04200000000000003,0.0,3221.0,0
0.9420000000000001,8072.0,6451.0,4848.0,8063.5,6444.5,4842.5,9000.0,7000.0,6000.0,-7.375,0.5,-8.625,0.0,0.0,0.0,0.5930000000000004,0.04300000000000003,0.0,3224.0,0
0.9430000000000001,8080.0,6458.0,4853.0,8072.5,6451.5,4848.5,8000.0,7000.0,5000.0,-7.625,0.5,-9.375,0.0,0.0,0.0,0.5940000000000004,0.04400000000000003,0.0,3227.0,0
0.9440000000000001,8089.0,6465.0,4858.0,8080.5,6458.5,4853.5,9000.0,7000.0,5000.0,-6.875,0.5,-9.125,0.0,0.0,0.0,0.5950000000000004,0.04500000000000003,0.0,3231.0,0
0.9450000000000001,8098.0,6472.0,4863.0,8089.5,6465.5,4858.5,9000.0,7000.0,5000.0,-7.125,0.5,-8.875,0.0,0.0,0.0,0.5960000000000004,0.046000000000000034,0.0,3235.0,0
0.9460000000000001,8107.0,6479.0,4868.0,8098.5,6472.5,4863.5,9000.0,7000.0,5000.0,-7.375,0.5,-8.625,0.0,0.0,0.0,0.5970000000000004,0.047000000000000035,0.0,3239.0,0
0.9470000000000001,8115.0,6486.0,4874.0,8107.5,6479.5,4868.5,8000.0,7000.0,6000.0,-7.625,0.5,-8.375,0.0,0.0,0.0,0.5980000000000004,0.048000000000000036,0.0,3241.0,0
0.9480000000000001,8124.0,6492.0,4879.0,8115.5,6486.5,4874.5,9000.0,6000.0,5000.0,-6.875,0.5,-9.125,0.0,0.0,0.0,0.5990000000000004,0.04900000000000004,0.0,3245.0,0
0.9490000000000001,8133.0,6499.0,4884.0,8124.5,6492.5,4879.5,9000.0,7000.0,5000.0,-8.375,0.5,-9.625,0.0,0.0,0.0,0.6000000000000004,0.05000000000000004,0.0,3249.0,0
0.9500000000000001,8141.0,6506.0,4889.0,8133.5,6499.5,4884.5,8000.0,7000.0,5000.0,-8.625,0.5,-9.375,0.0,0.0,0.0,0.6010000000000004,0.05100000000000004,0.0,3252.0,0
0.9510000000000001,8150.0,6513.0,4894.0,8141.5,6506.5,4889.5,9000.0,7000.0,5000.0,-7.875,0.5,-9.125,0.0,0.0,0.0,0.6020000000000004,0.05200000000000004,0.0,3256.0,0
0.9520000000000001,8159.0,6520.0,4900.0,8150.5,6513.5,4894.5,9000.0,7000.0,6000.0,-8.125,0.5,-8.875,0.0,0.0,0.0,0.6030000000000004,0.05300000000000004,0.0,3259.0,0
0.9530000000000001,8167.0,6527.0,4905.0,8159.5,6520.5,4900.5,8000.0,7000.0,5000.0,-8.375,0.5,-9.625,0.0,0.0,0.0,0.6040000000000004,0.05400000000000004,0.0,3262.0,0
0.9540000000000001,8176.0,6534.0,4910.0,8167.5,6527.5,4905.5,9000.0,7000.0,5000.0,-7.625,0.5,-9.375,0.0,0.0,0.0,0.6050000000000004,0.05500000000000004,0.0,3266.0,0
0.9550000000000001,8185.0,6541.0,4915.0,8176.5,6534.5,4910.5,9000.0,7000.0,5000.0,-7.875,0.5,-9.125,0.0,0.0,0.0,0.6060000000000004,0.05600000000000004,0.0,3270.0,0
0.9560000000000001,8193.0,6548.0,4920.0,8185.5,6541.5,4915.5,8000.0,7000.0,5000.0,-8.125,0.5,-8.875,0.0,0.0,0.0,0.6070000000000004,0.057000000000000044,0.0,3273.0,0
0.9570000000000001,8202.0,6555.0,4926.0,8193.5,6548.5,4920.5,9000.0,7000.0,6000.0,-7.375,0.5,-8.625,0.0,0.0,0.0,0.6080000000000004,0.058000000000000045,0.0,3276.0,0
0.9580000000000001,8211.0,6562.0,4931.0,8202.5,6555.5,4926.5,9000.0,7000.0,5000.0,-7.625,0.5,-9.375,0.0,0.0,0.0,0.6090000000000004,0.059000000000000045,0.0,3280.0,0
0.9590000000000001,8219.0,6569.0,4936.0,8211.5,6562.5,4931.5,8000.0,7000.0,5000.0,-7.875,0.5,-9.125,0.0,0.0,0.0,0.6100000000000004,0.060000000000000046,0.0,3283.0,0
0.96,8228.0,6576.0,4941.0,8219.5,6569.5,4936.5,9000.0,7000.0,5000.0,-7.125,0.5,-8.875,0.0,0.0,0.0,0.6110000000000004,0.06100000000000005,0.0,3287.0,0
0.961,8237.0,6583.0,4946.0,8228.5,6576.5,4941.5,9000.0,7000.0,5000.0,-7.375,0.5,-8.625,0.0,0.0,0.0,0.6120000000000004,0.06200000000000005,0.0,3291.0,0
0.962,8245.0,6590.0,4952.0,8237.5,6583.5,4946.5,8000.0,7000.0,6000.0,-7.625,0.5,-8.375,0.0,0.0,0.0,0.6130000000000004,0.06300000000000004,0.0,3293.0,0
0.963,8254.0,6597.0,4957.0,8245.5,6590.5,4952.5,9000.0,7000.0,5000.0,-6.875,0.5,-9.125,0.0,0.0,0.0,0.6140000000000004,0.06400000000000004,0.0,3297.0,0
0.964,8263.0,6604.0,4962.0,8254.5,6597.5,4957.5,9000.0,7000.0,5000.0,-7.125,0.5,-8.875,0.0,0.0,0.0,0.6150000000000004,0.06500000000000004,0.0,3301.0,0
0.965,8271.0,6611.0,4967.0,8263.5,6604.5,4962.5,8000.0,7000.0,5000.0,-7.375,0.5,-8.625,0.0,0.0,0.0,0.6160000000000004,0.06600000000000004,0.0,3304.0,0
0.966,8280.0,6617.0,4972.0,8271.5,6611.5,4967.5,9000.0,6000.0,5000.0,-6.625,0.5,-8.375,0.0,0.0,0.0,0.6170000000000004,0.06700000000000005,0.0,3308.0,0
0.967,8289.0,6624.0,4978.0,8280.5,6617.5,4972.5,9000.0,7000.0,6000.0,-8.125,0.5,-8.875,0.0,0.0,0.0,0.6180000000000004,0.06800000000000005,0.0,3311.0,0
0.968,8297.0,6631.0,4983.0,8289.5,6624.5,4978.5,8000.0,7000.0,5000.0,-8.375,0.5,-9.625,0.0,0.0,0.0,0.6190000000000004,0.06900000000000005,0.0,3314.0,0
0.969,8306.0,6638.0,4988.0,8297.5,6631.5,4983.5,9000.0,7000.0,5000.0,-7.625,0.5,-9.375,0.0,0.0,0.0,0.6200000000000004,0.07000000000000005,0.0,3318.0,0
0.97,8315.0,6645.0,4993.0,8306.5,6638.5,4988.5,9000.0,7000.0,5000.0,-7.875,0.5,-9.125,0.0,0.0,0.0,0.6210000000000004,0.07100000000000005,0.0,3322.0,0
0.971,8323.0,6652.0,4998.0,8315.5,6645.5,4993.5,8000.0,7000.0,5000.0,-8.125,0.5,-8.875,0.0,0.0,0.0,0.6220000000000004,0.07200000000000005,0.0,3325.0,0
0.972,8332.0,6659.0,5004.0,8323.5,6652.5,4998.5,9000.0,7000.0,6000.0,-7.375,0.5,-8.625,0.0,0.0,0.0,0.6230000000000004,0.07300000000000005,0.0,3328.0,0
0.973,8341.0,6666.0,5009.0,8332.5,6659.5,5004.5,9000.0,7000.0,5000.0,-7.625,0.5,-9.375,0.0,0.0,0.0,0.6240000000000004,0.07400000000000005,0.0,3332.0,0
0.974,8349.0,6673.0,5014.0,8341.5,6666.5,5009.5,8000.0,7000.0,5000.0,-7.875,0.5,-9.125,0.0,0.0,0.0,0.6250000000000004,0.07500000000000005,0.0,3335.0,0
0.975,8358.0,6680.0,5019.0,8349.5,6673.5,5014.5,9000.0,7000.0,5000.0,-7.125,0.5,-8.875,0.0,0.0,0.0,0.6260000000000004,0.07600000000000005,0.0,3339.0,0
0.976,8367.0,6687.0,5024.0,8358.5,6680.5,5019.5,9000.0,7000.0,5000.0,-7.375,0.5,-8.625,0.0,0.0,0.0,0.6270000000000004,0.07700000000000005,0.0,3343.0,0
0.977,8375.0,6694.0,5030.0,8367.5,6687.5,5024.5,8000.0,7000.0,6000.0,-7.625,0.5,-8.375,0.0,0.0,0.0,0.6280000000000004,0.07800000000000006,0.0,3345.0,0
0.978,8384.0,6701.0,5035.0,8375.5,6694.5,5030.5,9000.0,7000.0,5000.0,-6.875,0.5,-9.125,0.0,0.0,0.0,0.6290000000000004,0.07900000000000006,0.0,3349.0,0
0.979,8393.0,6708.0,5040.0,8384.5,6701.5,5035.5,9000.0,7000.0,5000.0,-7.125,0.5,-8.875,0.0,0.0,0.0,0.6300000000000004,0.08000000000000006,0.0,3353.0,0
0.98,8402.0,6715.0,5045.0,8393.5,6708.5,5040.5,9000.0,7000.0,5000.0,-7.375,0.5,-8.625,0.0,0.0,0.0,0.6310000000000004,0.08100000000000006,0.0,3357.0,0
0.981,8410.0,6722.0,5051.0,8402.5,6715.5,5045.5,8000.0,7000.0,6000.0,-7.625,0.5,-8.375,0.0,0.0,0.0,0.6320000000000005,0.08200000000000006,0.0,3359.0,0
0.982,8419.0,6729.0,5056.0,8410.5,6722.5,5051.5,9000.0,7000.0,5000.0,-6.875,0.5,-9.125,0.0,0.0,0.0,0.6330000000000005,0.08300000000000006,0.0,3363.0,0
0.983,8428.0,6736.0,5061.0,8419.5,6729.5,5056.5,9000.0,7000.0,5000.0,-7.125,0.5,-8.875,0.0,0.0,0.0,0.6340000000000005,0.08400000000000006,0.0,3367.0,0
0.984,8436.0,6743.0,5066.0,8428.5,6736.5,5061.5,8000.0,7000.0,5000.0,-7.375,0.5,-8.625,0.0,0.0,0.0,0.6350000000000005,0.08500000000000006,0.0,3370.0,0
0.985,8445.0,6749.0,5071.0,8436.5,6743.5,5066.5,9000.0,6000.0,5000.0,-6.625,0.5,-8.375,0.0,0.0,0.0,0.6360000000000005,0.08600000000000006,0.0,3374.0,0
0.986,8454.0,6756.0,5077.0,8445.5,6749.5,5071.5,9000.0,7000.0,6000.0,-8.125,0.5,-8.875,0.0,0.0,0.0,0.6370000000000005,0.08700000000000006,0.0,3377.0,0
0.987,8462.0,6763.0,5082.0,8454.5,6756.5,5077.5,8000.0,7000.0,5000.0,-8.375,0.5,-9.625,0.0,0.0,0.0,0.6380000000000005,0.08800000000000006,0.0,3380.0,0
0.988,8471.0,6770.0,5087.0,8462.5,6763.5,5082.5,9000.0,7000.0,5000.0,-7.625,0.5,-9.375,0.0,0.0,0.0,0.6390000000000005,0.08900000000000007,0.0,3384.0,0
0.989,8480.0,6777.0,5092.0,8471.5,6770.5,5087.5,9000.0,7000.0,5000.0,-7.875,0.5,-9.125,0.0,0.0,0.0,0.6400000000000005,0.09000000000000007,0.0,3388.0,0
0.99,8488.0,6784.0,5097.0,8480.5,6777.5,5092.5,8000.0,7000.0,5000.0,-8.125,0.5,-8.875,0.0,0.0,0.0,0.6410000000000005,0.09100000000000007,0.0,3391.0,0
0.991,8497.0,6791.0,5103.0,8488.5,6784.5,5097.5,9000.0,7000.0,6000.0,-7.375,0.5,-8.625,0.0,0.0,0.0,0.6420000000000005,0.09200000000000007,0.0,3394.0,0
0.992,8506.0,6798.0,5108.0,8497.5,6791.5,5103.5,9000.0,7000.0,5000.0,-7.625,0.5,-9.375,0.0,0.0,0.0,0.6430000000000005,0.09300000000000007,0.0,3398.0,0
0.993,8514.0,6805.0,5113.0,8506.5,6798.5,5108.5,8000.0,7000.0,5000.0,-7.875,0.5,-9.125,0.0,0.0,0.0,0.6440000000000005,0.09400000000000007,0.0,3401.0,0
0.994,8523.0,6812.0,5118.0,8514.5,6805.5,5113.5,9000.0,7000.0,5000.0,-7.125,0.5,-8.875,0.0,0.0,0.0,0.6450000000000005,0.09500000000000007,0.0,3405.0,0
0.995,8532.0,6819.0,5123.0,8523.5,6812.5,5118.5,9000.0,7000.0,5000.0,-7.375,0.5,-8.625,0.0,0.0,0.0,0.6460000000000005,0.09600000000000007,0.0,3409.0,0
0.996,8540.0,6826.0,5129.0,8532.5,6819.5,5123.5,8000.0,7000.0,6000.0,-7.625,0.5,-8.375,0.0,0.0,0.0,0.6470000000000005,0.09700000000000007,0.0,3411.0,0
0.997,8549.0,6833.0,5134.0,8540.5,6826.5,5129.5,9000.0,7000.0,5000.0,-6.875,0.5,-9.125,0.0,0.0,0.0,0.6480000000000005,0.09800000000000007,0.0,3415.0,0
0.998,8558.0,6840.0,5139.0,8549.5,6833.5,5134.5,9000.0,7000.0,5000.0,-7.125,0.5,-8.875,0.0,0.0,0.0,0.6490000000000005,0.09900000000000007,0.0,3419.0,0
0.999,8566.0,6847.0,5144.0,8558.5,6840.5,5139.5,8000.0,7000.0,5000.0,-7.375,0.5,-8.625,0.0,0.0,0.0,0.6500000000000005,0.10000000000000007,0.0,3422.0,0
1.0,8575.0,6854.0,5149.0,8566.5,6847.5,5144.5,9000.0,7000.0,5000.0,-6.625,0.5,-8.375,0.0,0.0,0.0,0.6510000000000005,0.10100000000000008,0.0,3426.0,0
1.0010000000000001,8584.0,6861.0,5155.0,8575.5,6854.5,5149.5,9000.0,7000.0,6000.0,-6.875,0.5,-8.125,0.0,0.0,0.0,0.6520000000000005,0.10200000000000008,0.0,3429.0,0
1.002,8592.0,6868.0,5160.0,8584.5,6861.5,5155.5,8000.0,7000.0,5000.0,-7.125,0.5,-8.875,0.0,0.0,0.0,0.6530000000000005,0.10300000000000008,0.0,3432.0,0
1.0030000000000001,8601.0,6874.0,5165.0,8592.5,6868.5,5160.5,9000.0,6000.0,5000.0,-6.375,0.5,-8.625,0.0,0.0,0.0,0.6540000000000005,0.10400000000000008,0.0,3436.0,0
1.004,8610.0,6881.0,5170.0,8601.5,6874.5,5165.5,9000.0,7000.0,5000.0,-7.875,0.5,-9.125,0.0,0.0,0.0,0.6550000000000005,0.10500000000000008,0.0,3440.0,0
1.0050000000000001,8618.0,6888.0,5175.0,8610.5,6881.5,5170.5,8000.0,7000.0,5000.0,-8.125,0.5,-8.875,0.0,0.0,0.0,0.6560000000000005,0.10600000000000008,0.0,3443.0,0
1.006,8627.0,6895.0,5181.0,8618.5,6888.5,5175.5,9000.0,7000.0,6000.0,-7.375,0.5,-8.625,0.0,0.0,0.0,0.6570000000000005,0.10700000000000008,0.0,3446.0,0
1.0070000000000001,8636.0,6902.0,5186.0,8627.5,6895.5,5181.5,9000.0,7000.0,5000.0,-7.625,0.5,-9.375,0.0,0.0,0.0,0.6580000000000005,0.10800000000000008,0.0,3450.0,0
1.008,8644.0,6909.0,5191.0,8636.5,6902.5,5186.5,8000.0,7000.0,5000.0,-7.875,0.5,-9.125,0.0,0.0,0.0,0.6590000000000005,0.10900000000000008,0.0,3453.0,0
1.0090000000000001,8653.0,6916.0,5196.0,8644.5,6909.5,5191.5,9000.0,7000.0,5000.0,-7.125,0.5,-8.875,0.0,0.0,0.0,0.6600000000000005,0.11000000000000008,0.0,3457.0,0
1.01,8662.0,6923.0,5201.0,8653.5,6916.5,5196.5,9000.0,7000.0,5000.0,-7.375,0.5,-8.625,0.0,0.0,0.0,0.6610000000000005,0.11100000000000008,0.0,3461.0,0
1.0110000000000001,8671.0,6930.0,5207.0,8662.5,6923.5,5201.5,9000.0,7000.0,6000.0,-7.625,0.5,-8.375,0.0,0.0,0.0,0.6620000000000005,0.11200000000000009,0.0,3464.0,0
1.012,8679.0,6937.0,5212.0,8671.5,6930.5,5207.5,8000.0,7000.0,5000.0,-7.875,0.5,-9.125,0.0,0.0,0.0,0.6630000000000005,0.11300000000000009,0.0,3467.0,0
1.0130000000000001,8688.0,6944.0,5217.0,8679.5,6937.5,5212.5,9000.0,7000.0,5000.0,-7.125,0.5,-8.875,0.0,0.0,0.0,0.6640000000000005,0.11400000000000009,0.0,3471.0,0
1.014,8697.0,6951.0,5222.0,8688.5,6944.5,5217.5,9000.0,7000.0,5000.0,-7.375,0.5,-8.625,0.0,0.0,0.0,0.6650000000000005,0.11500000000000009,0.0,3475.0,0
1.0150000000000001,8705.0,6958.0,5227.0,8697.5,6951.5,5222.5,8000.0,7000.0,5000.0,-7.625,0.5,-8.375,0.0,0.0,0.0,0.6660000000000005,0.11600000000000009,0.0,3478.0,0
1.016,8714.0,6965.0,5233.0,8705.5,6958.5,5227.5,9000.0,7000.0,6000.0,-6.875,0.5,-8.125,0.0,0.0,0.0,0.6670000000000005,0.11700000000000009,0.0,3481.0,0
1.0170000000000001,8723.0,6972.0,5238.0,8714.5,6965.5,5233.5,9000.0,7000.0,5000.0,-7.125,0.5,-8.875,0.0,0.0,0.0,0.6680000000000005,0.11800000000000009,0.0,3485.0,0
1.018,8731.0,6979.0,5243.0,8723.5,6972.5,5238.5,8000.0,7000.0,5000.0,-7.375,0.5,-8.625,0.0,0.0,0.0,0.6690000000000005,0.11900000000000009,0.0,3488.0,0
1.0190000000000001,8740.0,6986.0,5248.0,8731.5,6979.5,5243.5,9000.0,7000.0,5000.0,-6.625,0.5,-8.375,0.0,0.0,0.0,0.6700000000000005,0.12000000000000009,0.0,3492.0,0
1.02,8749.0,6993.0,5254.0,8740.5,6986.5,5248.5,9000.0,7000.0,6000.0,-6.875,0.5,-8.125,0.0,0.0,0.0,0.6710000000000005,0.1210000000000001,0.0,3495.0,0
1.0210000000000001,8757.0,6999.0,5259.0,8749.5,6993.5,5254.5,8000.0,6000.0,5000.0,-7.125,0.5,-8.875,0.0,0.0,0.0,0.6720000000000005,0.1220000000000001,0.0,3498.0,0
1.022,8766.0,7006.0,5264.0,8757.5,6999.5,5259.5,9000.0,7000.0,5000.0,-7.625,0.5,-9.375,0.0,0.0,0.0,0.6730000000000005,0.1230000000000001,0.0,3502.0,0
1.0230000000000001,8775.0,7013.0,5269.0,8766.5,7006.5,5264.5,9000.0,7000.0,5000.0,-7.875,0.5,-9.125,0.0,0.0,0.0,0.6740000000000005,0.1240000000000001,0.0,3506.0,0
1.024,8783.0,7020.0,5274.0,8775.5,7013.5,5269.5,8000.0,7000.0,5000.0,-8.125,0.5,-8.875,0.0,0.0,0.0,0.6750000000000005,0.12500000000000008,0.0,3509.0,0
1.025,8792.0,7027.0,5280.0,8783.5,7020.5,5274.5,9000.0,7000.0,6000.0,-7.375,0.5,-8.625,0.0,0.0,0.0,0.6760000000000005,0.12600000000000008,0.0,3512.0,0
1.026,8801.0,7034.0,5285.0,8792.5,7027.5,5280.5,9000.0,7000.0,5000.0,-7.625,0.5,-9.375,0.0,0.0,0.0,0.6770000000000005,0.12700000000000009,0.0,3516.0,0
1.027,8809.0,7041.0,5290.0,8801.5,7034.5,5285.5,8000.0,7000.0,5000.0,-7.875,0.5,-9.125,0.0,0.0,0.0,0.6780000000000005,0.12800000000000009,0.0,3519.0,0
1.028,8818.0,7048.0,5295.0,8809.5,7041.5,5290.5,9000.0,7000.0,5000.0,-7.125,0.5,-8.875,0.0,0.0,0.0,0.6790000000000005,0.1290000000000001,0.0,3523.0,0
1.029,8827.0,7055.0,5300.0,8818.5,7048.5,5295.5,9000.0,7000.0,5000.0,-7.375,0.5,-8.625,0.0,0.0,0.0,0.6800000000000005,0.1300000000000001,0.0,3527.0,0
1.03,8835.0,7062.0,5306.0,8827.5,7055.5,5300.5,8000.0,7000.0,6000.0,-7.625,0.5,-8.375,0.0,0.0,0.0,0.6810000000000005,0.1310000000000001,0.0,3529.0,0
1.031,8844.0,7069.0,5311.0,8835.5,7062.5,5306.5,9000.0,7000.0,5000.0,-6.875,0.5,-9.125,0.0,0.0,0.0,0.6820000000000005,0.1320000000000001,0.0,3533.0,0
1.032,8853.0,7076.0,5316.0,8844.5,7069.5,5311.5,9000.0,7000.0,5000.0,-7.125,0.5,-8.875,0.0,0.0,0.0,0.6830000000000005,0.1330000000000001,0.0,3537.0,0
1.033,8861.0,7083.0,5321.0,8853.5,7076.5,5316.5,8000.0,7000.0,5000.0,-7.375,0.5,-8.625,0.0,0.0,0.0,0.6840000000000005,0.1340000000000001,0.0,3540.0,0
1.034,8870.0,7090.0,5326.0,8861.5,7083.5,5321.5,9000.0,7000.0,5000.0,-6.625,0.5,-8.375,0.0,0.0,0.0,0.6850000000000005,0.1350000000000001,0.0,3544.0,0
1.035,8879.0,7097.0,5332.0,8870.5,7090.5,5326.5,9000.0,7000.0,6000.0,-6.875,0.5,-8.125,0.0,0.0,0.0,0.6860000000000005,0.1360000000000001,0.0,3547.0,0
1.036,8887.0,7104.0,5337.0,8879.5,7097.5,5332.5,8000.0,7000.0,5000.0,-7.125,0.5,-8.875,0.0,0.0,0.0,0.6870000000000005,0.1370000000000001,0.0,3550.0,0
1.037,8896.0,7111.0,5342.0,8887.5,7104.5,5337.5,9000.0,7000.0,5000.0,-6.375,0.5,-8.625,0.0,0.0,0.0,0.6880000000000005,0.1380000000000001,0.0,3554.0,0
1.038,8905.0,7118.0,5347.0,8896.5,7111.5,5342.5,9000.0,7000.0,5000.0,-6.625,0.5,-8.375,0.0,0.0,0.0,0.6890000000000005,0.1390000000000001,0.0,3558.0,0
1.039,8913.0,7124.0,5352.0,8905.5,7118.5,5347.5,8000.0,6000.0,5000.0,-6.875,0.5,-8.125,0.0,0.0,0.0,0.6900000000000005,0.1400000000000001,0.0,3561.0,0
1.04,8922.0,7131.0,5358.0,8913.5,7124.5,5352.5,9000.0,7000.0,6000.0,-7.375,0.5,-8.625,0.0,0.0,0.0,0.6910000000000005,0.1410000000000001,0.0,3564.0,0
1.041,8931.0,7138.0,5363.0,8922.5,7131.5,5358.5,9000.0,7000.0,5000.0,-7.625,0.5,-9.375,0.0,0.0,0.0,0.6920000000000005,0.1420000000000001,0.0,3568.0,0
1.042,8939.0,7145.0,5368.0,8931.5,7138.5,5363.5,8000.0,7000.0,5000.0,-7.875,0.5,-9.125,0.0,0.0,0.0,0.6930000000000005,0.1430000000000001,0.0,3571.0,0
1.043,8948.0,7152.0,5373.0,8939.5,7145.5,5368.5,9000.0,7000.0,5000.0,-7.125,0.5,-8.875,0.0,0.0,0.0,0.6940000000000005,0.1440000000000001,0.0,3575.0,0
1.044,8957.0,7159.0,5378.0,8948.5,7152.5,5373.5,9000.0,7000.0,5000.0,-7.375,0.5,-8.625,0.0,0.0,0.0,0.6950000000000005,0.1450000000000001,0.0,3579.0,0
1.045,8966.0,7166.0,5384.0,8957.5,7159.5,5378.5,9000.0,7000.0,6000.0,-7.625,0.5,-8.375,0.0,0.0,0.0,0.6960000000000005,0.1460000000000001,0.0,3582.0,0
1.046,8974.0,7173.0,5389.0,8966.5,7166.5,5384.5,8000.0,7000.0,5000.0,-7.875,0.5,-9.125,0.0,0.0,0.0,0.6970000000000005,0.1470000000000001,0.0,3585.0,0
1.047,8983.0,7180.0,5394.0,8974.5,7173.5,5389.5,9000.0,7000.0,5000.0,-7.125,0.5,-8.875,0.0,0.0,0.0,0.6980000000000005,0.1480000000000001,0.0,3589.0,0
1.048,8992.0,7187.0,5399.0,8983.5,7180.5,5394.5,9000.0,7000.0,5000.0,-7.375,0.5,-8.625,0.0,0.0,0.0,0.6990000000000005,0.1490000000000001,0.0,3593.0,0
1.049,9000.0,7194.0,5404.0,8992.5,7187.5,5399.5,8000.0,7000.0,5000.0,-7.625,0.5,-8.375,0.0,0.0,0.0,0.7000000000000005,0.1500000000000001,0.0,3596.0,0
1.05,9009.0,7201.0,5410.0,9000.5,7194.5,5404.5,9000.0,7000.0,6000.0,-6.875,0.5,-8.125,0.0,0.0,0.0,0.7010000000000005,0.1510000000000001,0.0,3599.0,0
1.051,9018.0,7208.0,5415.0,9009.5,7201.5,5410.5,9000.0,7000.0,5000.0,-7.125,0.5,-8.875,0.0,0.0,0.0,0.7020000000000005,0.1520000000000001,0.0,3603.0,0
1.052,9026.0,7215.0,5420.0,9018.5,7208.5,5415.5,8000.0,7000.0,5000.0,-7.375,0.5,-8.625,0.0,0.0,0.0,0.7030000000000005,0.1530000000000001,0.0,3606.0,0
1.053,9035.0,7222.0,5425.0,9026.5,7215.5,5420.5,9000.0,7000.0,5000.0,-6.625,0.5,-8.375,0.0,0.0,0.0,0.7040000000000005,0.1540000000000001,0.0,3610.0,0
1.054,9044.0,7229.0,5430.0,9035.5,7222.5,5425.5,9000.0,7000.0,5000.0,-6.875,0.5,-8.125,0.0,0.0,0.0,0.7050000000000005,0.1550000000000001,0.0,3614.0,0
1.055,9052.0,7236.0,5436.0,9044.5,7229.5,5430.5,8000.0,7000.0,6000.0,-7.125,0.5,-7.875,0.0,0.0,0.0,0.7060000000000005,0.1560000000000001,0.0,3616.0,0
1.056,9061.0,7243.0,5441.0,9052.5,7236.5,5436.5,9000.0,7000.0,5000.0,-6.375,0.5,-8.625,0.0,0.0,0.0,0.7070000000000005,0.1570000000000001,0.0,3620.0,0
1.057,9070.0,7249.0,5446.0,9061.5,7243.5,5441.5,9000.0,6000.0,5000.0,-6.625,0.5,-8.375,0.0,0.0,0.0,0.7080000000000005,0.1580000000000001,0.0,3624.0,0
1.058,9078.0,7256.0,5451.0,9070.5,7249.5,5446.5,8000.0,7000.0,5000.0,-8.125,0.5,-8.875,0.0,0.0,0.0,0.7090000000000005,0.1590000000000001,0.0,3627.0,0
1.059,9087.0,7263.0,5457.0,9078.5,7256.5,5451.5,9000.0,7000.0,6000.0,-7.375,0.5,-8.625,0.0,0.0,0.0,0.7100000000000005,0.16000000000000011,0.0,3630.0,0
1.06,9096.0,7270.0,5462.0,9087.5,7263.5,5457.5,9000.0,7000.0,5000.0,-7.625,0.5,-9.375,0.0,0.0,0.0,0.7110000000000005,0.16100000000000012,0.0,3634.0,0
1.061,9104.0,7277.0,5467.0,9096.5,7270.5,5462.5,8000.0,7000.0,5000.0,-7.875,0.5,-9.125,0.0,0.0,0.0,0.7120000000000005,0.16200000000000012,0.0,3637.0,0
1.062,9113.0,7284.0,5472.0,9104.5,7277.5,5467.5,9000.0,7000.0,5000.0,-7.125,0.5,-8.875,0.0,0.0,0.0,0.7130000000000005,0.16300000000000012,0.0,3641.0,0
1.063,9122.0,7291.0,5477.0,9113.5,7284.5,5472.5,9000.0,7000.0,5000.0,-7.375,0.5,-8.625,0.0,0.0,0.0,0.7140000000000005,0.16400000000000012,0.0,3645.0,0
1.064,9130.0,7298.0,5483.0,9122.5,7291.5,5477.5,8000.0,7000.0,6000.0,-7.625,0.5,-8.375,0.0,0.0,0.0,0.7150000000000005,0.16500000000000012,0.0,3647.0,0
1.065,9139.0,7305.0,5488.0,9130.5,7298.5,5483.5,9000.0,7000.0,5000.0,-6.875,0.5,-9.125,0.0,0.0,0.0,0.7160000000000005,0.16600000000000012,0.0,3651.0,0
1.066,9148.0,7312.0,5493.0,9139.5,7305.5,5488.5,9000.0,7000.0,5000.0,-7.125,0.5,-8.875,0.0,0.0,0.0,0.7170000000000005,0.16700000000000012,0.0,3655.0,0
1.067,9156.0,7319.0,5498.0,9148.5,7312.5,5493.5,8000.0,7000.0,5000.0,-7.375,0.5,-8.625,0.0,0.0,0.0,0.7180000000000005,0.16800000000000012,0.0,3658.0,0
1.068,9165.0,7326.0,5503.0,9156.5,7319.5,5498.5,9000.0,7000.0,5000.0,-6.625,0.5,-8.375,0.0,0.0,0.0,0.7190000000000005,0.16900000000000012,0.0,3662.0,0
1.069,9174.0,7333.0,5509.0,9165.5,7326.5,5503.5,9000.0,7000.0,6000.0,-6.875,0.5,-8.125,0.0,0.0,0.0,0.7200000000000005,0.17000000000000012,0.0,3665.0,0
1.07,9182.0,7340.0,5514.0,9174.5,7333.5,5509.5,8000.0,7000.0,5000.0,-7.125,0.5,-8.875,0.0,0.0,0.0,0.7210000000000005,0.17100000000000012,0.0,3668.0,0
1.071,9191.0,7347.0,5519.0,9182.5,7340.5,5514.5,9000.0,7000.0,5000.0,-6.375,0.5,-8.625,0.0,0.0,0.0,0.7220000000000005,0.17200000000000013,0.0,3672.0,0
1.072,9200.0,7354.0,5524.0,9191.5,7347.5,5519.5,9000.0,7000.0,5000.0,-6.625,0.5,-8.375,0.0,0.0,0.0,0.7230000000000005,0.17300000000000013,0.0,3676.0,0
1.073,9208.0,7361.0,5529.0,9200.5,7354.5,5524.5,8000.0,7000.0,5000.0,-6.875,0.5,-8.125,0.0,0.0,0.0,0.7240000000000005,0.17400000000000013,0.0,3679.0,0
1.074,9217.0,7368.0,5535.0,9208.5,7361.5,5529.5,9000.0,7000.0,6000.0,-6.125,0.5,-7.875,0.0,0.0,0.0,0.7250000000000005,0.17500000000000013,0.0,3682.0,0
1.075,9226.0,7374.0,5540.0,9217.5,7368.5,5535.5,9000.0,6000.0,5000.0,-6.375,0.5,-8.625,0.0,0.0,0.0,0.7260000000000005,0.17600000000000013,0.0,3686.0,0
1.076,9234.0,7381.0,5545.0,9226.5,7374.5,5540.5,8000.0,7000.0,5000.0,-7.875,0.5,-9.125,0.0,0.0,0.0,0.7270000000000005,0.17700000000000013,0.0,3689.0,0
1.077,9243.0,7388.0,5550.0,9234.5,7381.5,5545.5,9000.0,7000.0,5000.0,-7.125,0.5,-8.875,0.0,0.0,0.0,0.7280000000000005,0.17800000000000013,0.0,3693.0,0
1.078,9252.0,7395.0,5555.0,9243.5,7388.5,5550.5,9000.0,7000.0,5000.0,-7.375,0.5,-8.625,0.0,0.0,0.0,0.7290000000000005,0.17900000000000013,0.0,3697.0,0
1.079,9261.0,7402.0,5561.0,9252.5,7395.5,5555.5,9000.0,7000.0,6000.0,-7.625,0.5,-8.375,0.0,0.0,0.0,0.7300000000000005,0.18000000000000013,0.0,3700.0,0
1.08,9269.0,7409.0,5566.0,9261.5,7402.5,5561.5,8000.0,7000.0,5000.0,-7.875,0.5,-9.125,0.0,0.0,0.0,0.7310000000000005,0.18100000000000013,0.0,3703.0,0
1.081,9278.0,7416.0,5571.0,9269.5,7409.5,5566.5,9000.0,7000.0,5000.0,-7.125,0.5,-8.875,0.0,0.0,0.0,0.7320000000000005,0.18200000000000013,0.0,3707.0,0
1.082,9287.0,7423.0,5576.0,9278.5,7416.5,5571.5,9000.0,7000.0,5000.0,-7.375,0.5,-8.625,0.0,0.0,0.0,0.7330000000000005,0.18300000000000013,0.0,3711.0,0
1.083,9295.0,7430.0,5581.0,9287.5,7423.5,5576.5,8000.0,7000.0,5000.0,-7.625,0.5,-8.375,0.0,0.0,0.0,0.7340000000000005,0.18400000000000014,0.0,3714.0,0
1.084,9304.0,7437.0,5587.0,9295.5,7430.5,5581.5,9000.0,7000.0,6000.0,-6.875,0.5,-8.125,0.0,0.0,0.0,0.7350000000000005,0.18500000000000014,0.0,3717.0,0
1.085,9313.0,7444.0,5592.0,9304.5,7437.5,5587.5,9000.0,7000.0,5000.0,-7.125,0.5,-8.875,0.0,0.0,0.0,0.7360000000000005,0.18600000000000014,0.0,3721.0,0
1.086,9321.0,7451.0,5597.0,9313.5,7444.5,5592.5,8000.0,7000.0,5000.0,-7.375,0.5,-8.625,0.0,0.0,0.0,0.7370000000000005,0.18700000000000014,0.0,3724.0,0
1.087,9330.0,7458.0,5602.0,9321.5,7451.5,5597.5,9000.0,7000.0,5000.0,-6.625,0.5,-8.375,0.0,0.0,0.0,0.7380000000000005,0.18800000000000014,0.0,3728.0,0
1.088,9339.0,7465.0,5607.0,9330.5,7458.5,5602.5,9000.0,7000.0,5000.0,-6.875,0.5,-8.125,0.0,0.0,0.0,0.7390000000000005,0.18900000000000014,0.0,3732.0,0
1.089,9347.0,7472.0,5613.0,9339.5,7465.5,5607.5,8000.0,7000.0,6000.0,-7.125,0.5,-7.875,0.0,0.0,0.0,0.7400000000000005,0.19000000000000014,0.0,3734.0,0
1.09,9356.0,7479.0,5618.0,9347.5,7472.5,5613.5,9000.0,7000.0,5000.0,-6.375,0.5,-8.625,0.0,0.0,0.0,0.7410000000000005,0.19100000000000014,0.0,3738.0,0
1.091,9365.0,7486.0,5623.0,9356.5,7479.5,5618.5,9000.0,7000.0,5000.0,-6.625,0.5,-8.375,0.0,0.0,0.0,0.7420000000000005,0.19200000000000014,0.0,3742.0,0
1.092,9373.0,7493.0,5628.0,9365.5,7486.5,5623.5,8000.0,7000.0,5000.0,-6.875,0.5,-8.125,0.0,0.0,0.0,0.7430000000000005,0.19300000000000014,0.0,3745.0,0
1.093,9382.0,7499.0,5633.0,9373.5,7493.5,5628.5,9000.0,6000.0,5000.0,-6.125,0.5,-7.875,0.0,0.0,0.0,0.7440000000000005,0.19400000000000014,0.0,3749.0,0
1.094,9391.0,7506.0,5639.0,9382.5,7499.5,5633.5,9000.0,7000.0,6000.0,-7.625,0.5,-8.375,0.0,0.0,0.0,0.7450000000000006,0.19500000000000015,0.0,3752.0,0
1.095,9399.0,7513.0,5644.0,9391.5,7506.5,5639.5,8000.0,7000.0,5000.0,-7.875,0.5,-9.125,0.0,0.0,0.0,0.7460000000000006,0.19600000000000015,0.0,3755.0,0
1.096,9408.0,7520.0,5649.0,9399.5,7513.5,5644.5,9000.0,7000.0,5000.0,-7.125,0.5,-8.875,0.0,0.0,0.0,0.7470000000000006,0.19700000000000015,0.0,3759.0,0
1.097,9417.0,7527.0,5654.0,9408.5,7520.5,5649.5,9000.0,7000.0,5000.0,-7.375,0.5,-8.625,0.0,0.0,0.0,0.7480000000000006,0.19800000000000015,0.0,3763.0,0
1.098,9425.0,7534.0,5660.0,9417.5,7527.5,5654.5,8000.0,7000.0,6000.0,-7.625,0.5,-8.375,0.0,0.0,0.0,0.7490000000000006,0.19900000000000015,0.0,3765.0,0
1.099,9434.0,7541.0,5665.0,9425.5,7534.5,5660.5,9000.0,7000.0,5000.0,-6.875,0.5,-9.125,0.0,0.0,0.0,0.7500000000000006,0.20000000000000015,0.0,3769.0,0
1.1,9443.0,7548.0,5670.0,9434.5,7541.5,5665.5,9000.0,7000.0,5000.0,-7.125,0.5,-8.875,0.0,0.0,0.0,0.7510000000000006,0.20100000000000015,0.0,3773.0,0
1.101,9451.0,7555.0,5675.0,9443.5,7548.5,5670.5,8000.0,7000.0,5000.0,-7.375,0.5,-8.625,0.0,0.0,0.0,0.7520000000000006,0.20200000000000015,0.0,3776.0,0
1.102,9460.0,7562.0,5680.0,9451.5,7555.5,5675.5,9000.0,7000.0,5000.0,-6.625,0.5,-8.375,0.0,0.0,0.0,0.7530000000000006,0.20300000000000015,0.0,3780.0,0
1.103,9469.0,7569.0,5686.0,9460.5,7562.5,5680.5,9000.0,7000.0,6000.0,-6.875,0.5,-8.125,0.0,0.0,0.0,0.7540000000000006,0.20400000000000015,0.0,3783.0,0
1.104,9477.0,7576.0,5691.0,9469.5,7569.5,5686.5,8000.0,7000.0,5000.0,-7.125,0.5,-8.875,0.0,0.0,0.0,0.7550000000000006,0.20500000000000015,0.0,3786.0,0
1.105,9486.0,7583.0,5696.0,9477.5,7576.5,5691.5,9000.0,7000.0,5000.0,-6.375,0.5,-8.625,0.0,0.0,0.0,0.7560000000000006,0.20600000000000016,0.0,3790.0,0
1.106,9495.0,7590.0,5701.0,9486.5,7583.5,5696.5,9000.0,7000.0,5000.0,-6.625,0.5,-8.375,0.0,0.0,0.0,0.7570000000000006,0.20700000000000016,0.0,3794.0,0
1.107,9503.0,7597.0,5706.0,9495.5,7590.5,5701.5,8000.0,7000.0,5000.0,-6.875,0.5,-8.125,0.0,0.0,0.0,0.7580000000000006,0.20800000000000016,0.0,3797.0,0
1.108,9512.0,7604.0,5712.0,9503.5,7597.5,5706.5,9000.0,7000.0,6000.0,-6.125,0.5,-7.875,0.0,0.0,0.0,0.7590000000000006,0.20900000000000016,0.0,3800.0,0
1.109,9521.0,7611.0,5717.0,9512.5,7604.5,5712.5,9000.0,7000.0,5000.0,-6.375,0.5,-8.625,0.0,0.0,0.0,0.7600000000000006,0.21000000000000016,0.0,3804.0,0
1.11,9530.0,7618.0,5722.0,9521.5,7611.5,5717.5,9000.0,7000.0,5000.0,-6.625,0.5,-8.375,0.0,0.0,0.0,0.7610000000000006,0.21100000000000016,0.0,3808.0,0
1.111,9538.0,7624.0,5727.0,9530.5,7618.5,5722.5,8000.0,6000.0,5000.0,-6.875,0.5,-8.125,0.0,0.0,0.0,0.7620000000000006,0.21200000000000016,0.0,3811.0,0
1.112,9547.0,7631.0,5732.0,9538.5,7624.5,5727.5,9000.0,7000.0,5000.0,-7.375,0.5,-8.625,0.0,0.0,0.0,0.7630000000000006,0.21300000000000016,0.0,3815.0,0
1.113,9556.0,7638.0,5738.0,9547.5,7631.5,5732.5,9000.0,7000.0,6000.0,-7.625,0.5,-8.375,0.0,0.0,0.0,0.7640000000000006,0.21400000000000016,0.0,3818.0,0
1.114,9564.0,7645.0,5743.0,9556.5,7638.5,5738.5,8000.0,7000.0,5000.0,-7.875,0.5,-9.125,0.0,0.0,0.0,0.7650000000000006,0.21500000000000016,0.0,3821.0,0
1.115,9573.0,7652.0,5748.0,9564.5,7645.5,5743.5,9000.0,7000.0,5000.0,-7.125,0.5,-8.875,0.0,0.0,0.0,0.7660000000000006,0.21600000000000016,0.0,3825.0,0
1.116,9582.0,7659.0,5753.0,9573.5,7652.5,5748.5,9000.0,7000.0,5000.0,-7.375,0.5,-8.625,0.0,0.0,0.0,0.7670000000000006,0.21700000000000016,0.0,3829.0,0
1.117,9590.0,7666.0,5758.0,9582.5,7659.5,5753.5,8000.0,7000.0,5000.0,-7.625,0.5,-8.375,0.0,0.0,0.0,0.7680000000000006,0.21800000000000017,0.0,3832.0,0
1.118,9599.0,7673.0,5764.0,9590.5,7666.5,5758.5,9000.0,7000.0,6000.0,-6.875,0.5,-8.125,0.0,0.0,0.0,0.7690000000000006,0.21900000000000017,0.0,3835.0,0
1.119,9608.0,7680.0,5769.0,9599.5,7673.5,5764.5,9000.0,7000.0,5000.0,-7.125,0.5,-8.875,0.0,0.0,0.0,0.7700000000000006,0.22000000000000017,0.0,3839.0,0
1.12,9616.0,7687.0,5774.0,9608.5,7680.5,5769.5,8000.0,7000.0,5000.0,-7.375,0.5,-8.625,0.0,0.0,0.0,0.7710000000000006,0.22100000000000017,0.0,3842.0,0
1.121,9625.0,7694.0,5779.0,9616.5,7687.5,5774.5,9000.0,7000.0,5000.0,-6.625,0.5,-8.375,0.0,0.0,0.0,0.7720000000000006,0.22200000000000017,0.0,3846.0,0
1.122,9634.0,7701.0,5784.0,9625.5,7694.5,5779.5,9000.0,7000.0,5000.0,-6.875,0.5,-8.125,0.0,0.0,0.0,0.7730000000000006,0.22300000000000017,0.0,3850.0,0
1.123,9642.0,7708.0,5790.0,9634.5,7701.5,5784.5,8000.0,7000.0,6000.0,-7.125,0.5,-7.875,0.0,0.0,0.0,0.7740000000000006,0.22400000000000017,0.0,3852.0,0
1.124,9651.0,7715.0,5795.0,9642.5,7708.5,5790.5,9000.0,7000.0,5000.0,-6.375,0.5,-8.625,0.0,0.0,0.0,0.7750000000000006,0.22500000000000017,0.0,3856.0,0
1.125,9660.0,7722.0,5800.0,9651.5,7715.5,5795.5,9000.0,7000.0,5000.0,-6.625,0.5,-8.375,0.0,0.0,0.0,0.7760000000000006,0.22600000000000017,0.0,3860.0,0
1.1260000000000001,9668.0,7729.0,5805.0,9660.5,7722.5,5800.5,8000.0,7000.0,5000.0,-6.875,0.5,-8.125,0.0,0.0,0.0,0.7770000000000006,0.22700000000000017,0.0,3863.0,0
1.127,9677.0,7736.0,5810.0,9668.5,7729.5,5805.5,9000.0,7000.0,5000.0,-6.125,0.5,-7.875,0.0,0.0,0.0,0.7780000000000006,0.22800000000000017,0.0,3867.0,0
1.1280000000000001,9686.0,7743.0,5816.0,9677.5,7736.5,5810.5,9000.0,7000.0,6000.0,-6.375,0.5,-7.625,0.0,0.0,0.0,0.7790000000000006,0.22900000000000018,0.0,3870.0,0
1.129,9694.0,7749.0,5821.0,9686.5,7743.5,5816.5,8000.0,6000.0,5000.0,-6.625,0.5,-8.375,0.0,0.0,0.0,0.7800000000000006,0.23000000000000018,0.0,3873.0,0
1.1300000000000001,9703.0,7756.0,5826.0,9694.5,7749.5,5821.5,9000.0,7000.0,5000.0,-7.125,0.5,-8.875,0.0,0.0,0.0,0.7810000000000006,0.23100000000000018,0.0,3877.0,0
1.131,9712.0,7763.0,5831.0,9703.5,7756.5,5826.5,9000.0,7000.0,5000.0,-7.375,0.5,-8.625,0.0,0.0,0.0,0.7820000000000006,0.23200000000000018,0.0,3881.0,0
1.1320000000000001,9720.0,7770.0,5836.0,9712.5,7763.5,5831.5,8000.0,7000.0,5000.0,-7.625,0.5,-8.375,0.0,0.0,0.0,0.7830000000000006,0.23300000000000018,0.0,3884.0,0
1.133,9729.0,7777.0,5842.0,9720.5,7770.5,5836.5,9000.0,7000.0,6000.0,-6.875,0.5,-8.125,0.0,0.0,0.0,0.7840000000000006,0.23400000000000018,0.0,3887.0,0
1.1340000000000001,9738.0,7784.0,5847.0,9729.5,7777.5,5842.5,9000.0,7000.0,5000.0,-7.125,0.5,-8.875,0.0,0.0,0.0,0.7850000000000006,0.23500000000000018,0.0,3891.0,0
1.135,9746.0,7791.0,5852.0,9738.5,7784.5,5847.5,8000.0,7000.0,5000.0,-7.375,0.5,-8.625,0.0,0.0,0.0,0.7860000000000006,0.23600000000000018,0.0,3894.0,0
1.1360000000000001,9755.0,7798.0,5857.0,9746.5,7791.5,5852.5,9000.0,7000.0,5000.0,-6.625,0.5,-8.375,0.0,0.0,0.0,0.7870000000000006,0.23700000000000018,0.0,3898.0,0
1.137,9764.0,7805.0,5863.0,9755.5,7798.5,5857.5,9000.0,7000.0,6000.0,-6.875,0.5,-8.125,0.0,0.0,0.0,0.7880000000000006,0.23800000000000018,0.0,3901.0,0
1.1380000000000001,9772.0,7812.0,5868.0,9764.5,7805.5,5863.5,8000.0,7000.0,5000.0,-7.125,0.5,-8.875,0.0,0.0,0.0,0.7890000000000006,0.23900000000000018,0.0,3904.0,0
1.139,9781.0,7819.0,5873.0,9772.5,7812.5,5868.5,9000.0,7000.0,5000.0,-6.375,0.5,-8.625,0.0,0.0,0.0,0.7900000000000006,0.24000000000000019,0.0,3908.0,0
1.1400000000000001,9790.0,7826.0,5878.0,9781.5,7819.5,5873.5,9000.0,7000.0,5000.0,-6.625,0.5,-8.375,0.0,0.0,0.0,0.7910000000000006,0.2410000000000002,0.0,3912.0,0
1.141,9798.0,7833.0,5883.0,9790.5,7826.5,5878.5,8000.0,7000.0,5000.0,-6.875,0.5,-8.125,0.0,0.0,0.0,0.7920000000000006,0.2420000000000002,0.0,3915.0,0
1.1420000000000001,9807.0,7840.0,5889.0,9798.5,7833.5,5883.5,9000.0,7000.0,6000.0,-6.125,0.5,-7.875,0.0,0.0,0.0,0.7930000000000006,0.2430000000000002,0.0,3918.0,0
1.143,9816.0,7847.0,5894.0,9807.5,7840.5,5889.5,9000.0,7000.0,5000.0,-6.375,0.5,-8.625,0.0,0.0,0.0,0.7940000000000006,0.2440000000000002,0.0,3922.0,0
1.1440000000000001,9825.0,7854.0,5899.0,9816.5,7847.5,5894.5,9000.0,7000.0,5000.0,-6.625,0.5,-8.375,0.0,0.0,0.0,0.7950000000000006,0.2450000000000002,0.0,3926.0,0
1.145,9833.0,7861.0,5904.0,9825.5,7854.5,5899.5,8000.0,7000.0,5000.0,-6.875,0.5,-8.125,0.0,0.0,0.0,0.7960000000000006,0.2460000000000002,0.0,3929.0,0
1.1460000000000001,9842.0,7868.0,5909.0,9833.5,7861.5,5904.5,9000.0,7000.0,5000.0,-6.125,0.5,-7.875,0.0,0.0,0.0,0.7970000000000006,0.2470000000000002,0.0,3933.0,0
1.147,9851.0,7874.0,5915.0,9842.5,7868.5,5909.5,9000.0,6000.0,6000.0,-6.375,0.5,-7.625,0.0,0.0,0.0,0.7980000000000006,0.2480000000000002,0.0,3936.0,0
1.1480000000000001,9859.0,7881.0,5920.0,9851.5,7874.5,5915.5,8000.0,7000.0,5000.0,-7.875,0.5,-9.125,0.0,0.0,0.0,0.7990000000000006,0.2490000000000002,0.0,3939.0,0
1.149,9868.0,7888.0,5925.0,9859.5,7881.5,5920.5,9000.0,7000.0,5000.0,-7.125,0.5,-8.875,0.0,0.0,0.0,0.8000000000000006,0.25000000000000017,0.0,3943.0,0
1.1500000000000001,9877.0,7895.0,5930.0,9868.5,7888.5,5925.5,9000.0,7000.0,5000.0,-7.375,0.5,-8.625,0.0,0.0,0.0,0.8010000000000006,0.25100000000000017,0.0,3947.0,0
1.151,9885.0,7902.0,5935.0,9877.5,7895.5,5930.5,8000.0,7000.0,5000.0,-7.625,0.5,-8.375,0.0,0.0,0.0,0.8020000000000006,0.25200000000000017,0.0,3950.0,0
1.1520000000000001,9894.0,7909.0,5941.0,9885.5,7902.5,5935.5,9000.0,7000.0,6000.0,-6.875,0.5,-8.125,0.0,0.0,0.0,0.8030000000000006,0.25300000000000017,0.0,3953.0,0
1.153,9903.0,7916.0,5946.0,9894.5,7909.5,5941.5,9000.0,7000.0,5000.0,-7.125,0.5,-8.875,0.0,0.0,0.0,0.8040000000000006,0.25400000000000017,0.0,3957.0,0
1.154,9911.0,7923.0,5951.0,9903.5,7916.5,5946.5,8000.0,7000.0,5000.0,-7.375,0.5,-8.625,0.0,0.0,0.0,0.8050000000000006,0.25500000000000017,0.0,3960.0,0
1.155,9920.0,7930.0,5956.0,9911.5,7923.5,5951.5,9000.0,7000.0,5000.0,-6.625,0.5,-8.375,0.0,0.0,0.0,0.8060000000000006,0.25600000000000017,0.0,3964.0,0
1.156,9929.0,7937.0,5961.0,9920.5,7930.5,5956.5,9000.0,7000.0,5000.0,-6.875,0.5,-8.125,0.0,0.0,0.0,0.8070000000000006,0.2570000000000002,0.0,3968.0,0
1.157,9937.0,7944.0,5967.0,9929.5,7937.5,5961.5,8000.0,7000.0,6000.0,-7.125,0.5,-7.875,0.0,0.0,0.0,0.8080000000000006,0.2580000000000002,0.0,3970.0,0
1.158,9946.0,7951.0,5972.0,9937.5,7944.5,5967.5,9000.0,7000.0,5000.0,-6.375,0.5,-8.625,0.0,0.0,0.0,0.8090000000000006,0.2590000000000002,0.0,3974.0,0
1.159,9955.0,7958.0,5977.0,9946.5,7951.5,5972.5,9000.0,7000.0,5000.0,-6.625,0.5,-8.375,0.0,0.0,0.0,0.8100000000000006,0.2600000000000002,0.0,3978.0,0
1.16,9963.0,7965.0,5982.0,9955.5,7958.5,5977.5,8000.0,7000.0,5000.0,-6.875,0.5,-8.125,0.0,0.0,0.0,0.8110000000000006,0.2610000000000002,0.0,3981.0,0
1.161,9972.0,7972.0,5987.0,9963.5,7965.5,5982.5,9000.0,7000.0,5000.0,-6.125,0.5,-7.875,0.0,0.0,0.0,0.8120000000000006,0.2620000000000002,0.0,3985.0,0
1.162,9981.0,7979.0,5993.0,9972.5,7972.5,5987.5,9000.0,7000.0,6000.0,-6.375,0.5,-7.625,0.0,0.0,0.0,0.8130000000000006,0.2630000000000002,0.0,3988.0,0
1.163,9989.0,7986.0,5998.0,9981.5,7979.5,5993.5,8000.0,7000.0,5000.0,-6.625,0.5,-8.375,0.0,0.0,0.0,0.8140000000000006,0.2640000000000002,0.0,3991.0,0
1.164,9998.0,7993.0,6003.0,9989.5,7986.5,5998.5,9000.0,7000.0,5000.0,-5.875,0.5,-8.125,0.0,0.0,0.0,0.8150000000000006,0.2650000000000002,0.0,3995.0,0
1.165,10007.0,7999.0,6008.0,9998.5,7993.5,6003.5,9000.0,6000.0,5000.0,-6.125,0.5,-7.875,0.0,0.0,0.0,0.8160000000000006,0.2660000000000002,0.0,3999.0,0
1.166,10015.0,8006.0,6013.0,10007.5,7999.5,6008.5,8000.0,7000.0,5000.0,-7.625,0.5,-8.375,0.0,0.0,0.0,0.8170000000000006,0.2670000000000002,0.0,4002.0,0
1.167,10024.0,8013.0,6019.0,10015.5,8006.5,6013.5,9000.0,7000.0,6000.0,-6.875,0.5,-8.125,0.0,0.0,0.0,0.8180000000000006,0.2680000000000002,0.0,4005.0,0
1.168,10033.0,8020.0,6024.0,10024.5,8013.5,6019.5,9000.0,7000.0,5000.0,-7.125,0.5,-8.875,0.0,0.0,0.0,0.8190000000000006,0.2690000000000002,0.0,4009.0,0
1.169,10041.0,8027.0,6029.0,10033.5,8020.5,6024.5,8000.0,7000.0,5000.0,-7.375,0.5,-8.625,0.0,0.0,0.0,0.8200000000000006,0.2700000000000002,0.0,4012.0,0
1.17,10050.0,8034.0,6034.0,10041.5,8027.5,6029.5,9000.0,7000.0,5000.0,-6.625,0.5,-8.375,0.0,0.0,0.0,0.8210000000000006,0.2710000000000002,0.0,4016.0,0
1.171,10059.0,8041.0,6039.0,10050.5,8034.5,6034.5,9000.0,7000.0,5000.0,-6.875,0.5,-8.125,0.0,0.0,0.0,0.8220000000000006,0.2720000000000002,0.0,4020.0,0
1.172,10067.0,8048.0,6045.0,10059.5,8041.5,6039.5,8000.0,7000.0,6000.0,-7.125,0.5,-7.875,0.0,0.0,0.0,0.8230000000000006,0.2730000000000002,0.0,4022.0,0
1.173,10076.0,8055.0,6050.0,10067.5,8048.5,6045.5,9000.0,7000.0,5000.0,-6.375,0.5,-8.625,0.0,0.0,0.0,0.8240000000000006,0.2740000000000002,0.0,4026.0,0
1.174,10085.0,8062.0,6055.0,10076.5,8055.5,6050.5,9000.0,7000.0,5000.0,-6.625,0.5,-8.375,0.0,0.0,0.0,0.8250000000000006,0.2750000000000002,0.0,4030.0,0
1.175,10094.0,8069.0,6060.0,10085.5,8062.5,6055.5,9000.0,7000.0,5000.0,-6.875,0.5,-8.125,0.0,0.0,0.0,0.8260000000000006,0.2760000000000002,0.0,4034.0,0
1.176,10102.0,8076.0,6066.0,10094.5,8069.5,6060.5,8000.0,7000.0,6000.0,-7.125,0.5,-7.875,0.0,0.0,0.0,0.8270000000000006,0.2770000000000002,0.0,4036.0,0
1.177,10111.0,8083.0,6071.0,10102.5,8076.5,6066.5,9000.0,7000.0,5000.0,-6.375,0.5,-8.625,0.0,0.0,0.0,0.8280000000000006,0.2780000000000002,0.0,4040.0,0
1.178,10120.0,8090.0,6076.0,10111.5,8083.5,6071.5,9000.0,7000.0,5000.0,-6.625,0.5,-8.375,0.0,0.0,0.0,0.8290000000000006,0.2790000000000002,0.0,4044.0,0
1.179,10128.0,8097.0,6081.0,10120.5,8090.5,6076.5,8000.0,7000.0,5000.0,-6.875,0.5,-8.125,0.0,0.0,0.0,0.8300000000000006,0.2800000000000002,0.0,4047.0,0
1.18,10137.0,8104.0,6086.0,10128.5,8097.5,6081.5,9000.0,7000.0,5000.0,-6.125,0.5,-7.875,0.0,0.0,0.0,0.8310000000000006,0.2810000000000002,0.0,4051.0,0
1.181,10146.0,8111.0,6092.0,10137.5,8104.5,6086.5,9000.0,7000.0,6000.0,-6.375,0.5,-7.625,0.0,0.0,0.0,0.8320000000000006,0.2820000000000002,0.0,4054.0,0
1.182,10154.0,8118.0,6097.0,10146.5,8111.5,6092.5,8000.0,7000.0,5000.0,-6.625,0.5,-8.375,0.0,0.0,0.0,0.8330000000000006,0.2830000000000002,0.0,4057.0,0
1.183,10163.0,8124.0,6102.0,10154.5,8118.5,6097.5,9000.0,6000.0,5000.0,-5.875,0.5,-8.125,0.0,0.0,0.0,0.8340000000000006,0.2840000000000002,0.0,4061.0,0
1.184,10172.0,8131.0,6107.0,10163.5,8124.5,6102.5,9000.0,7000.0,5000.0,-7.375,0.5,-8.625,0.0,0.0,0.0,0.8350000000000006,0.2850000000000002,0.0,4065.0,0
1.185,10180.0,8138.0,6112.0,10172.5,8131.5,6107.5,8000.0,7000.0,5000.0,-7.625,0.5,-8.375,0.0,0.0,0.0,0.8360000000000006,0.2860000000000002,0.0,4068.0,0
1.186,10189.0,8145.0,6118.0,10180.5,8138.5,6112.5,9000.0,7000.0,6000.0,-6.875,0.5,-8.125,0.0,0.0,0.0,0.8370000000000006,0.2870000000000002,0.0,4071.0,0
1.187,10198.0,8152.0,6123.0,10189.5,8145.5,6118.5,9000.0,7000.0,5000.0,-7.125,0.5,-8.875,0.0,0.0,0.0,0.8380000000000006,0.2880000000000002,0.0,4075.0,0
1.188,10206.0,8159.0,6128.0,10198.5,8152.5,6123.5,8000.0,7000.0,5000.0,-7.375,0.5,-8.625,0.0,0.0,0.0,0.8390000000000006,0.2890000000000002,0.0,4078.0,0
1.189,10215.0,8166.0,6133.0,10206.5,8159.5,6128.5,9000.0,7000.0,5000.0,-6.625,0.5,-8.375,0.0,0.0,0.0,0.8400000000000006,0.2900000000000002,0.0,4082.0,0
1.19,10224.0,8173.0,6138.0,10215.5,8166.5,6133.5,9000.0,7000.0,5000.0,-6.875,0.5,-8.125,0.0,0.0,0.0,0.8410000000000006,0.2910000000000002,0.0,4086.0,0
1.191,10232.0,8180.0,6144.0,10224.5,8173.5,6138.5,8000.0,7000.0,6000.0,-7.125,0.5,-7.875,0.0,0.0,0.0,0.8420000000000006,0.2920000000000002,0.0,4088.0,0
1.192,10241.0,8187.0,6149.0,10232.5,8180.5,6144.5,9000.0,7000.0,5000.0,-6.375,0.5,-8.625,0.0,0.0,0.0,0.8430000000000006,0.2930000000000002,0.0,4092.0,0
1.193,10250.0,8194.0,6154.0,10241.5,8187.5,6149.5,9000.0,7000.0,5000.0,-6.625,0.5,-8.375,0.0,0.0,0.0,0.8440000000000006,0.2940000000000002,0.0,4096.0,0
1.194,10258.0,8201.0,6159.0,10250.5,8194.5,6154.5,8000.0,7000.0,5000.0,-6.875,0.5,-8.125,0.0,0.0,0.0,0.8450000000000006,0.2950000000000002,0.0,4099.0,0
1.195,10267.0,8208.0,6164.0,10258.5,8201.5,6159.5,9000.0,7000.0,5000.0,-6.125,0.5,-7.875,0.0,0.0,0.0,0.8460000000000006,0.2960000000000002,0.0,4103.0,0
1.196,10276.0,8215.0,6170.0,10267.5,8208.5,6164.5,9000.0,7000.0,6000.0,-6.375,0.5,-7.625,0.0,0.0,0.0,0.8470000000000006,0.2970000000000002,0.0,4106.0,0
1.197,10284.0,8222.0,6175.0,10276.5,8215.5,6170.5,8000.0,7000.0,5000.0,-6.625,0.5,-8.375,0.0,0.0,0.0,0.8480000000000006,0.2980000000000002,0.0,4109.0,0
1.198,10293.0,8229.0,6180.0,10284.5,8222.5,6175.5,9000.0,7000.0,5000.0,-5.875,0.5,-8.125,0.0,0.0,0.0,0.8490000000000006,0.2990000000000002,0.0,4113.0,0
1.199,10302.0,8236.0,6185.0,10293.5,8229.5,6180.5,9000.0,7000.0,5000.0,-6.125,0.5,-7.875,0.0,0.0,0.0,0.8500000000000006,0.3000000000000002,0.0,4117.0,0
1.2,10310.0,8243.0,6190.0,10302.5,8236.5,6185.5,8000.0,7000.0,5000.0,-6.375,0.5,-7.625,0.0,0.0,0.0,0.8510000000000006,0.3010000000000002,0.0,4120.0,0
1.201,10319.0,8250.0,6196.0,10310.5,8243.5,6190.5,9000.0,7000.0,6000.0,-5.625,0.5,-7.375,0.0,0.0,0.0,0.8520000000000006,0.3020000000000002,0.0,4123.0,0
1.202,10328.0,8256.0,6201.0,10319.5,8250.5,6196.5,9000.0,6000.0,5000.0,-5.875,0.5,-8.125,0.0,0.0,0.0,0.8530000000000006,0.3030000000000002,0.0,4127.0,0
1.203,10336.0,8263.0,6206.0,10328.5,8256.5,6201.5,8000.0,7000.0,5000.0,-7.375,0.5,-8.625,0.0,0.0,0.0,0.8540000000000006,0.3040000000000002,0.0,4130.0,0
1.204,10345.0,8270.0,6211.0,10336.5,8263.5,6206.5,9000.0,7000.0,5000.0,-6.625,0.5,-8.375,0.0,0.0,0.0,0.8550000000000006,0.3050000000000002,0.0,4134.0,0
1.205,10354.0,8277.0,6216.0,10345.5,8270.5,6211.5,9000.0,7000.0,5000.0,-6.875,0.5,-8.125,0.0,0.0,0.0,0.8560000000000006,0.3060000000000002,0.0,4138.0,0
1.206,10362.0,8284.0,6222.0,10354.5,8277.5,6216.5,8000.0,7000.0,6000.0,-7.125,0.5,-7.875,0.0,0.0,0.0,0.8570000000000007,0.3070000000000002,0.0,4140.0,0
1.207,10371.0,8291.0,6227.0,10362.5,8284.5,6222.5,9000.0,7000.0,5000.0,-6.375,0.5,-8.625,0.0,0.0,0.0,0.8580000000000007,0.3080000000000002,0.0,4144.0,0
1.208,10380.0,8298.0,6232.0,10371.5,8291.5,6227.5,9000.0,7000.0,5000.0,-6.625,0.5,-8.375,0.0,0.0,0.0,0.8590000000000007,0.3090000000000002,0.0,4148.0,0
1.209,10389.0,8305.0,6237.0,10380.5,8298.5,6232.5,9000.0,7000.0,5000.0,-6.875,0.5,-8.125,0.0,0.0,0.0,0.8600000000000007,0.3100000000000002,0.0,4152.0,0
1.21,10397.0,8312.0,6242.0,10389.5,8305.5,6237.5,8000.0,7000.0,5000.0,-7.125,0.5,-7.875,0.0,0.0,0.0,0.8610000000000007,0.3110000000000002,0.0,4155.0,0
1.211,10406.0,8319.0,6248.0,10397.5,8312.5,6242.5,9000.0,7000.0,6000.0,-6.375,0.5,-7.625,0.0,0.0,0.0,0.8620000000000007,0.3120000000000002,0.0,4158.0,0
1.212,10415.0,8326.0,6253.0,10406.5,8319.5,6248.5,9000.0,7000.0,5000.0,-6.625,0.5,-8.375,0.0,0.0,0.0,0.8630000000000007,0.3130000000000002,0.0,4162.0,0
1.213,10423.0,8333.0,6258.0,10415.5,8326.5,6253.5,8000.0,7000.0,5000.0,-6.875,0.5,-8.125,0.0,0.0,0.0,0.8640000000000007,0.3140000000000002,0.0,4165.0,0
1.214,10432.0,8340.0,6263.0,10423.5,8333.5,6258.5,9000.0,7000.0,5000.0,-6.125,0.5,-7.875,0.0,0.0,0.0,0.8650000000000007,0.3150000000000002,0.0,4169.0,0
1.215,10441.0,8347.0,6269.0,10432.5,8340.5,6263.5,9000.0,7000.0,6000.0,-6.375,0.5,-7.625,0.0,0.0,0.0,0.8660000000000007,0.3160000000000002,0.0,4172.0,0
1.216,10449.0,8354.0,6274.0,10441.5,8347.5,6269.5,8000.0,7000.0,5000.0,-6.625,0.5,-8.375,0.0,0.0,0.0,0.8670000000000007,0.3170000000000002,0.0,4175.0,0
1.217,10458.0,8361.0,6279.0,10449.5,8354.5,6274.5,9000.0,7000.0,5000.0,-5.875,0.5,-8.125,0.0,0.0,0.0,0.8680000000000007,0.3180000000000002,0.0,4179.0,0
1.218,10467.0,8368.0,6284.0,10458.5,8361.5,6279.5,9000.0,7000.0,5000.0,-6.125,0.5,-7.875,0.0,0.0,0.0,0.8690000000000007,0.31900000000000023,0.0,4183.0,0
1.219,10475.0,8375.0,6289.0,10467.5,8368.5,6284.5,8000.0,7000.0,5000.0,-6.375,0.5,-7.625,0.0,0.0,0.0,0.8700000000000007,0.32000000000000023,0.0,4186.0,0
1.22,10484.0,8381.0,6295.0,10475.5,8375.5,6289.5,9000.0,6000.0,6000.0,-5.625,0.5,-7.375,0.0,0.0,0.0,0.8710000000000007,0.32100000000000023,0.0,4189.0,0
1.221,10493.0,8388.0,6300.0,10484.5,8381.5,6295.5,9000.0,7000.0,5000.0,-7.125,0.5,-8.875,0.0,0.0,0.0,0.8720000000000007,0.32200000000000023,0.0,4193.0,0
1.222,10501.0,8395.0,6305.0,10493.5,8388.5,6300.5,8000.0,7000.0,5000.0,-7.375,0.5,-8.625,0.0,0.0,0.0,0.8730000000000007,0.32300000000000023,0.0,4196.0,0
1.223,10510.0,8402.0,6310.0,10501.5,8395.5,6305.5,9000.0,7000.0,5000.0,-6.625,0.5,-8.375,0.0,0.0,0.0,0.8740000000000007,0.32400000000000023,0.0,4200.0,0
1.224,10519.0,8409.0,6315.0,10510.5,8402.5,6310.5,9000.0,7000.0,5000.0,-6.875,0.5,-8.125,0.0,0.0,0.0,0.8750000000000007,0.32500000000000023,0.0,4204.0,0
1.225,10527.0,8416.0,6321.0,10519.5,8409.5,6315.5,8000.0,7000.0,6000.0,-7.125,0.5,-7.875,0.0,0.0,0.0,0.8760000000000007,0.32600000000000023,0.0,4206.0,0
1.226,10536.0,8423.0,6326.0,10527.5,8416.5,6321.5,9000.0,7000.0,5000.0,-6.375,0.5,-8.625,0.0,0.0,0.0,0.8770000000000007,0.32700000000000023,0.0,4210.0,0
1.227,10545.0,8430.0,6331.0,10536.5,8423.5,6326.5,9000.0,7000.0,5000.0,-6.625,0.5,-8.375,0.0,0.0,0.0,0.8780000000000007,0.32800000000000024,0.0,4214.0,0
1.228,10553.0,8437.0,6336.0,10545.5,8430.5,6331.5,8000.0,7000.0,5000.0,-6.875,0.5,-8.125,0.0,0.0,0.0,0.8790000000000007,0.32900000000000024,0.0,4217.0,0
1.229,10562.0,8444.0,6341.0,10553.5,8437.5,6336.5,9000.0,7000.0,5000.0,-6.125,0.5,-7.875,0.0,0.0,0.0,0.8800000000000007,0.33000000000000024,0.0,4221.0,0
1.23,10571.0,8451.0,6347.0,10562.5,8444.5,6341.5,9000.0,7000.0,6000.0,-6.375,0.5,-7.625,0.0,0.0,0.0,0.8810000000000007,0.33100000000000024,0.0,4224.0,0
1.231,10579.0,8458.0,6352.0,10571.5,8451.5,6347.5,8000.0,7000.0,5000.0,-6.625,0.5,-8.375,0.0,0.0,0.0,0.8820000000000007,0.33200000000000024,0.0,4227.0,0
1.232,10588.0,8465.0,6357.0,10579.5,8458.5,6352.5,9000.0,7000.0,5000.0,-5.875,0.5,-8.125,0.0,0.0,0.0,0.8830000000000007,0.33300000000000024,0.0,4231.0,0
1.233,10597.0,8472.0,6362.0,10588.5,8465.5,6357.5,9000.0,7000.0,5000.0,-6.125,0.5,-7.875,0.0,0.0,0.0,0.8840000000000007,0.33400000000000024,0.0,4235.0,0
1.234,10605.0,8479.0,6367.0,10597.5,8472.5,6362.5,8000.0,7000.0,5000.0,-6.375,0.5,-7.625,0.0,0.0,0.0,0.8850000000000007,0.33500000000000024,0.0,4238.0,0
1.235,10614.0,8486.0,6373.0,10605.5,8479.5,6367.5,9000.0,7000.0,6000.0,-5.625,0.5,-7.375,0.0,0.0,0.0,0.8860000000000007,0.33600000000000024,0.0,4241.0,0
1.236,10623.0,8493.0,6378.0,10614.5,8486.5,6373.5,9000.0,7000.0,5000.0,-5.875,0.5,-8.125,0.0,0.0,0.0,0.8870000000000007,0.33700000000000024,0.0,4245.0,0
1.237,10631.0,8500.0,6383.0,10623.5,8493.5,6378.5,8000.0,7000.0,5000.0,-6.125,0.5,-7.875,0.0,0.0,0.0,0.8880000000000007,0.33800000000000024,0.0,4248.0,0
1.238,10640.0,8506.0,6388.0,10631.5,8500.5,6383.5,9000.0,6000.0,5000.0,-5.375,0.5,-7.625,0.0,0.0,0.0,0.8890000000000007,0.33900000000000025,0.0,4252.0,0
1.239,10649.0,8513.0,6393.0,10640.5,8506.5,6388.5,9000.0,7000.0,5000.0,-6.875,0.5,-8.125,0.0,0.0,0.0,0.8900000000000007,0.34000000000000025,0.0,4256.0,0
1.24,10657.0,8520.0,6399.0,10649.5,8513.5,6393.5,8000.0,7000.0,6000.0,-7.125,0.5,-7.875,0.0,0.0,0.0,0.8910000000000007,0.34100000000000025,0.0,4258.0,0
1.241,10666.0,8527.0,6404.0,10657.5,8520.5,6399.5,9000.0,7000.0,5000.0,-6.375,0.5,-8.625,0.0,0.0,0.0,0.8920000000000007,0.34200000000000025,0.0,4262.0,0
1.242,10675.0,8534.0,6409.0,10666.5,8527.5,6404.5,9000.0,7000.0,5000.0,-6.625,0.5,-8.375,0.0,0.0,0.0,0.8930000000000007,0.34300000000000025,0.0,4266.0,0
1.243,10684.0,8541.0,6414.0,10675.5,8534.5,6409.5,9000.0,7000.0,5000.0,-6.875,0.5,-8.125,0.0,0.0,0.0,0.8940000000000007,0.34400000000000025,0.0,4270.0,0
1.244,10692.0,8548.0,6419.0,10684.5,8541.5,6414.5,8000.0,7000.0,5000.0,-7.125,0.5,-7.875,0.0,0.0,0.0,0.8950000000000007,0.34500000000000025,0.0,4273.0,0
1.245,10701.0,8555.0,6425.0,10692.5,8548.5,6419.5,9000.0,7000.0,6000.0,-6.375,0.5,-7.625,0.0,0.0,0.0,0.8960000000000007,0.34600000000000025,0.0,4276.0,0
1.246,10710.0,8562.0,6430.0,10701.5,8555.5,6425.5,9000.0,7000.0,5000.0,-6.625,0.5,-8.375,0.0,0.0,0.0,0.8970000000000007,0.34700000000000025,0.0,4280.0,0
1.247,10718.0,8569.0,6435.0,10710.5,8562.5,6430.5,8000.0,7000.0,5000.0,-6.875,0.5,-8.125,0.0,0.0,0.0,0.8980000000000007,0.34800000000000025,0.0,4283.0,0
1.248,10727.0,8576.0,6440.0,10718.5,8569.5,6435.5,9000.0,7000.0,5000.0,-6.125,0.5,-7.875,0.0,0.0,0.0,0.8990000000000007,0.34900000000000025,0.0,4287.0,0
1.249,10736.0,8583.0,6445.0,10727.5,8576.5,6440.5,9000.0,7000.0,5000.0,-6.375,0.5,-7.625,0.0,0.0,0.0,0.9000000000000007,0.35000000000000026,0.0,4291.0,0
1.25,10744.0,8590.0,6451.0,10736.5,8583.5,6445.5,8000.0,7000.0,6000.0,-6.625,0.5,-7.375,0.0,0.0,0.0,0.9010000000000007,0.35100000000000026,0.0,4293.0,0
1.2510000000000001,10753.0,8597.0,6456.0,10744.5,8590.5,6451.5,9000.0,7000.0,5000.0,-5.875,0.5,-8.125,0.0,0.0,0.0,0.9020000000000007,0.35200000000000026,0.0,4297.0,0
1.252,10762.0,8604.0,6461.0,10753.5,8597.5,6456.5,9000.0,7000.0,5000.0,-6.125,0.5,-7.875,0.0,0.0,0.0,0.9030000000000007,0.35300000000000026,0.0,4301.0,0
1.2530000000000001,10770.0,8611.0,6466.0,10762.5,8604.5,6461.5,8000.0,7000.0,5000.0,-6.375,0.5,-7.625,0.0,0.0,0.0,0.9040000000000007,0.35400000000000026,0.0,4304.0,0
1.254,10779.0,8618.0,6472.0,10770.5,8611.5,6466.5,9000.0,7000.0,6000.0,-5.625,0.5,-7.375,0.0,0.0,0.0,0.9050000000000007,0.35500000000000026,0.0,4307.0,0
1.2550000000000001,10788.0,8625.0,6477.0,10779.5,8618.5,6472.5,9000.0,7000.0,5000.0,-5.875,0.5,-8.125,0.0,0.0,0.0,0.9060000000000007,0.35600000000000026,0.0,4311.0,0
1.256,10796.0,8631.0,6482.0,10788.5,8625.5,6477.5,8000.0,6000.0,5000.0,-6.125,0.5,-7.875,0.0,0.0,0.0,0.9070000000000007,0.35700000000000026,0.0,4314.0,0
1.2570000000000001,10805.0,8638.0,6487.0,10796.5,8631.5,6482.5,9000.0,7000.0,5000.0,-6.625,0.5,-8.375,0.0,0.0,0.0,0.9080000000000007,0.35800000000000026,0.0,4318.0,0
1.258,10814.0,8645.0,6492.0,10805.5,8638.5,6487.5,9000.0,7000.0,5000.0,-6.875,0.5,-8.125,0.0,0.0,0.0,0.9090000000000007,0.35900000000000026,0.0,4322.0,0
1.2590000000000001,10822.0,8652.0,6498.0,10814.5,8645.5,6492.5,8000.0,7000.0,6000.0,-7.125,0.5,-7.875,0.0,0.0,0.0,0.9100000000000007,0.36000000000000026,0.0,4324.0,0
1.26,10831.0,8659.0,6503.0,10822.5,8652.5,6498.5,9000.0,7000.0,5000.0,-6.375,0.5,-8.625,0.0,0.0,0.0,0.9110000000000007,0.36100000000000027,0.0,4328.0,0
1.2610000000000001,10840.0,8666.0,6508.0,10831.5,8659.5,6503.5,9000.0,7000.0,5000.0,-6.625,0.5,-8.375,0.0,0.0,0.0,0.9120000000000007,0.36200000000000027,0.0,4332.0,0
1.262,10848.0,8673.0,6513.0,10840.5,8666.5,6508.5,8000.0,7000.0,5000.0,-6.875,0.5,-8.125,0.0,0.0,0.0,0.9130000000000007,0.36300000000000027,0.0,4335.0,0
1.2630000000000001,10857.0,8680.0,6518.0,10848.5,8673.5,6513.5,9000.0,7000.0,5000.0,-6.125,0.5,-7.875,0.0,0.0,0.0,0.9140000000000007,0.36400000000000027,0.0,4339.0,0
1.264,10866.0,8687.0,6524.0,10857.5,8680.5,6518.5,9000.0,7000.0,6000.0,-6.375,0.5,-7.625,0.0,0.0,0.0,0.9150000000000007,0.36500000000000027,0.0,4342.0,0
1.2650000000000001,10874.0,8694.0,6529.0,10866.5,8687.5,6524.5,8000.0,7000.0,5000.0,-6.625,0.5,-8.375,0.0,0.0,0.0,0.9160000000000007,0.36600000000000027,0.0,4345.0,0
1.266,10883.0,8701.0,6534.0,10874.5,8694.5,6529.5,9000.0,7000.0,5000.0,-5.875,0.5,-8.125,0.0,0.0,0.0,0.9170000000000007,0.36700000000000027,0.0,4349.0,0
1.2670000000000001,10892.0,8708.0,6539.0,10883.5,8701.5,6534.5,9000.0,7000.0,5000.0,-6.125,0.5,-7.875,0.0,0.0,0.0,0.9180000000000007,0.36800000000000027,0.0,4353.0,0
1.268,10900.0,8715.0,6544.0,10892.5,8708.5,6539.5,8000.0,7000.0,5000.0,-6.375,0.5,-7.625,0.0,0.0,0.0,0.9190000000000007,0.36900000000000027,0.0,4356.0,0
1.2690000000000001,10909.0,8722.0,6550.0,10900.5,8715.5,6544.5,9000.0,7000.0,6000.0,-5.625,0.5,-7.375,0.0,0.0,0.0,0.9200000000000007,0.3700000000000003,0.0,4359.0,0
1.27,10918.0,8729.0,6555.0,10909.5,8722.5,6550.5,9000.0,7000.0,5000.0,-5.875,0.5,-8.125,0.0,0.0,0.0,0.9210000000000007,0.3710000000000003,0.0,4363.0,0
1.2710000000000001,10926.0,8736.0,6560.0,10918.5,8729.5,6555.5,8000.0,7000.0,5000.0,-6.125,0.5,-7.875,0.0,0.0,0.0,0.9220000000000007,0.3720000000000003,0.0,4366.0,0
1.272,10935.0,8743.0,6565.0,10926.5,8736.5,6560.5,9000.0,7000.0,5000.0,-5.375,0.5,-7.625,0.0,0.0,0.0,0.9230000000000007,0.3730000000000003,0.0,4370.0,0
1.2730000000000001,10944.0,8750.0,6570.0,10935.5,8743.5,6565.5,9000.0,7000.0,5000.0,-5.625,0.5,-7.375,0.0,0.0,0.0,0.9240000000000007,0.3740000000000003,0.0,4374.0,0
1.274,10953.0,8756.0,6576.0,10944.5,8750.5,6570.5,9000.0,6000.0,6000.0,-5.875,0.5,-7.125,0.0,0.0,0.0,0.9250000000000007,0.3750000000000003,0.0,4377.0,0
1.2750000000000001,10961.0,8763.0,6581.0,10953.5,8756.5,6576.5,8000.0,7000.0,5000.0,-7.375,0.5,-8.625,0.0,0.0,0.0,0.9260000000000007,0.3760000000000003,0.0,4380.0,0
1.276,10970.0,8770.0,6586.0,10961.5,8763.5,6581.5,9000.0,7000.0,5000.0,-6.625,0.5,-8.375,0.0,0.0,0.0,0.9270000000000007,0.3770000000000003,0.0,4384.0,0
1.2770000000000001,10979.0,8777.0,6591.0,10970.5,8770.5,6586.5,9000.0,7000.0,5000.0,-6.875,0.5,-8.125,0.0,0.0,0.0,0.9280000000000007,0.3780000000000003,0.0,4388.0,0
1.278,10987.0,8784.0,6596.0,10979.5,8777.5,6591.5,8000.0,7000.0,5000.0,-7.125,0.5,-7.875,0.0,0.0,0.0,0.9290000000000007,0.3790000000000003,0.0,4391.0,0
1.2790000000000001,10996.0,8791.0,6602.0,10987.5,8784.5,6596.5,9000.0,7000.0,6000.0,-6.375,0.5,-7.625,0.0,0.0,0.0,0.9300000000000007,0.3800000000000003,0.0,4394.0,0
1.28,11005.0,8798.0,6607.0,10996.5,8791.5,6602.5,9000.0,7000.0,5000.0,-6.625,0.5,-8.375,0.0,0.0,0.0,0.9310000000000007,0.3810000000000003,0.0,4398.0,0
1.281,11013.0,8805.0,6612.0,11005.5,8798.5,6607.5,8000.0,7000.0,5000.0,-6.875,0.5,-8.125,0.0,0.0,0.0,0.9320000000000007,0.3820000000000003,0.0,4401.0,0
1.282,11022.0,8812.0,6617.0,11013.5,8805.5,6612.5,9000.0,7000.0,5000.0,-6.125,0.5,-7.875,0.0,0.0,0.0,0.9330000000000007,0.3830000000000003,0.0,4405.0,0
1.283,11031.0,8819.0,6622.0,11022.5,8812.5,6617.5,9000.0,7000.0,5000.0,-6.375,0.5,-7.625,0.0,0.0,0.0,0.9340000000000007,0.3840000000000003,0.0,4409.0,0
1.284,11039.0,8826.0,6628.0,11031.5,8819.5,6622.5,8000.0,7000.0,6000.0,-6.625,0.5,-7.375,0.0,0.0,0.0,0.9350000000000007,0.3850000000000003,0.0,4411.0,0
1.285,11048.0,8833.0,6633.0,11039.5,8826.5,6628.5,9000.0,7000.0,5000.0,-5.875,0.5,-8.125,0.0,0.0,0.0,0.9360000000000007,0.3860000000000003,0.0,4415.0,0
1.286,11057.0,8840.0,6638.0,11048.5,8833.5,6633.5,9000.0,7000.0,5000.0,-6.125,0.5,-7.875,0.0,0.0,0.0,0.9370000000000007,0.3870000000000003,0.0,4419.0,0
1.287,11065.0,8847.0,6643.0,11057.5,8840.5,6638.5,8000.0,7000.0,5000.0,-6.375,0.5,-7.625,0.0,0.0,0.0,0.9380000000000007,0.3880000000000003,0.0,4422.0,0
1.288,11074.0,8854.0,6648.0,11065.5,8847.5,6643.5,9000.0,7000.0,5000.0,-5.625,0.5,-7.375,0.0,0.0,0.0,0.9390000000000007,0.3890000000000003,0.0,4426.0,0
1.289,11083.0,8861.0,6654.0,11074.5,8854.5,6648.5,9000.0,7000.0,6000.0,-5.875,0.5,-7.125,0.0,0.0,0.0,0.9400000000000007,0.3900000000000003,0.0,4429.0,0
1.29,11091.0,8868.0,6659.0,11083.5,8861.5,6654.5,8000.0,7000.0,5000.0,-6.125,0.5,-7.875,0.0,0.0,0.0,0.9410000000000007,0.3910000000000003,0.0,4432.0,0
1.291,11100.0,8875.0,6664.0,11091.5,8868.5,6659.5,9000.0,7000.0,5000.0,-5.375,0.5,-7.625,0.0,0.0,0.0,0.9420000000000007,0.3920000000000003,0.0,4436.0,0
1.292,11109.0,8881.0,6669.0,11100.5,8875.5,6664.5,9000.0,6000.0,5000.0,-5.625,0.5,-7.375,0.0,0.0,0.0,0.9430000000000007,0.3930000000000003,0.0,4440.0,0
1.293,11117.0,8888.0,6675.0,11109.5,8881.5,6669.5,8000.0,7000.0,6000.0,-7.125,0.5,-7.875,0.0,0.0,0.0,0.9440000000000007,0.3940000000000003,0.0,4442.0,0
1.294,11126.0,8895.0,6680.0,11117.5,8888.5,6675.5,9000.0,7000.0,5000.0,-6.375,0.5,-8.625,0.0,0.0,0.0,0.9450000000000007,0.3950000000000003,0.0,4446.0,0
1.295,11135.0,8902.0,6685.0,11126.5,8895.5,6680.5,9000.0,7000.0,5000.0,-6.625,0.5,-8.375,0.0,0.0,0.0,0.9460000000000007,0.3960000000000003,0.0,4450.0,0
1.296,11143.0,8909.0,6690.0,11135.5,8902.5,6685.5,8000.0,7000.0,5000.0,-6.875,0.5,-8.125,0.0,0.0,0.0,0.9470000000000007,0.3970000000000003,0.0,4453.0,0
1.297,11152.0,8916.0,6695.0,11143.5,8909.5,6690.5,9000.0,7000.0,5000.0,-6.125,0.5,-7.875,0.0,0.0,0.0,0.9480000000000007,0.3980000000000003,0.0,4457.0,0
1.298,11161.0,8923.0,6701.0,11152.5,8916.5,6695.5,9000.0,7000.0,6000.0,-6.375,0.5,-7.625,0.0,0.0,0.0,0.9490000000000007,0.3990000000000003,0.0,4460.0,0
1.299,11169.0,8930.0,6706.0,11161.5,8923.5,6701.5,8000.0,7000.0,5000.0,-6.625,0.5,-8.375,0.0,0.0,0.0,0.9500000000000007,0.4000000000000003,0.0,4463.0,0
1.3,11178.0,8937.0,6711.0,11169.5,8930.5,6706.5,9000.0,7000.0,5000.0,-5.875,0.5,-8.125,0.0,0.0,0.0,0.9510000000000007,0.4010000000000003,0.0,4467.0,0
1.301,11187.0,8944.0,6716.0,11178.5,8937.5,6711.5,9000.0,7000.0,5000.0,-6.125,0.5,-7.875,0.0,0.0,0.0,0.9520000000000007,0.4020000000000003,0.0,4471.0,0
1.302,11195.0,8951.0,6721.0,11187.5,8944.5,6716.5,8000.0,7000.0,5000.0,-6.375,0.5,-7.625,0.0,0.0,0.0,0.9530000000000007,0.4030000000000003,0.0,4474.0,0
1.303,11204.0,8958.0,6727.0,11195.5,8951.5,6721.5,9000.0,7000.0,6000.0,-5.625,0.5,-7.375,0.0,0.0,0.0,0.9540000000000007,0.4040000000000003,0.0,4477.0,0
1.304,11213.0,8965.0,6732.0,11204.5,8958.5,6727.5,9000.0,7000.0,5000.0,-5.875,0.5,-8.125,0.0,0.0,0.0,0.9550000000000007,0.4050000000000003,0.0,4481.0,0
1.305,11221.0,8972.0,6737.0,11213.5,8965.5,6732.5,8000.0,7000.0,5000.0,-6.125,0.5,-7.875,0.0,0.0,0.0,0.9560000000000007,0.4060000000000003,0.0,4484.0,0
1.306,11230.0,8979.0,6742.0,11221.5,8972.5,6737.5,9000.0,7000.0,5000.0,-5.375,0.5,-7.625,0.0,0.0,0.0,0.9570000000000007,0.4070000000000003,0.0,4488.0,0
1.307,11239.0,8986.0,6747.0,11230.5,8979.5,6742.5,9000.0,7000.0,5000.0,-5.625,0.5,-7.375,0.0,0.0,0.0,0.9580000000000007,0.4080000000000003,0.0,4492.0,0
1.308,11248.0,8993.0,6753.0,11239.5,8986.5,6747.5,9000.0,7000.0,6000.0,-5.875,0.5,-7.125,0.0,0.0,0.0,0.9590000000000007,0.4090000000000003,0.0,4495.0,0
1.309,11256.0,9000.0,6758.0,11248.5,8993.5,6753.5,8000.0,7000.0,5000.0,-6.125,0.5,-7.875,0.0,0.0,0.0,0.9600000000000007,0.4100000000000003,0.0,4498.0,0
1.31,11265.0,9006.0,6763.0,11256.5,9000.5,6758.5,9000.0,6000.0,5000.0,-5.375,0.5,-7.625,0.0,0.0,0.0,0.9610000000000007,0.4110000000000003,0.0,4502.0,0
1.311,11274.0,9013.0,6768.0,11265.5,9006.5,6763.5,9000.0,7000.0,5000.0,-6.875,0.5,-8.125,0.0,0.0,0.0,0.9620000000000007,0.4120000000000003,0.0,4506.0,0
1.312,11282.0,9020.0,6773.0,11274.5,9013.5,6768.5,8000.0,7000.0,5000.0,-7.125,0.5,-7.875,0.0,0.0,0.0,0.9630000000000007,0.4130000000000003,0.0,4509.0,0
1.313,11291.0,9027.0,6779.0,11282.5,9020.5,6773.5,9000.0,7000.0,6000.0,-6.375,0.5,-7.625,0.0,0.0,0.0,0.9640000000000007,0.4140000000000003,0.0,4512.0,0
1.314,11300.0,9034.0,6784.0,11291.5,9027.5,6779.5,9000.0,7000.0,5000.0,-6.625,0.5,-8.375,0.0,0.0,0.0,0.9650000000000007,0.4150000000000003,0.0,4516.0,0
1.315,11308.0,9041.0,6789.0,11300.5,9034.5,6784.5,8000.0,7000.0,5000.0,-6.875,0.5,-8.125,0.0,0.0,0.0,0.9660000000000007,0.4160000000000003,0.0,4519.0,0
1.316,11317.0,9048.0,6794.0,11308.5,9041.5,6789.5,9000.0,7000.0,5000.0,-6.125,0.5,-7.875,0.0,0.0,0.0,0.9670000000000007,0.4170000000000003,0.0,4523.0,0
1.317,11326.0,9055.0,6799.0,11317.5,9048.5,6794.5,9000.0,7000.0,5000.0,-6.375,0.5,-7.625,0.0,0.0,0.0,0.9680000000000007,0.4180000000000003,0.0,4527.0,0
1.318,11334.0,9062.0,6805.0,11326.5,9055.5,6799.5,8000.0,7000.0,6000.0,-6.625,0.5,-7.375,0.0,0.0,0.0,0.9690000000000007,0.4190000000000003,0.0,4529.0,0
1.319,11343.0,9069.0,6810.0,11334.5,9062.5,6805.5,9000.0,7000.0,5000.0,-5.875,0.5,-8.125,0.0,0.0,0.0,0.9700000000000008,0.4200000000000003,0.0,4533.0,0
1.32,11352.0,9076.0,6815.0,11343.5,9069.5,6810.5,9000.0,7000.0,5000.0,-6.125,0.5,-7.875,0.0,0.0,0.0,0.9710000000000008,0.4210000000000003,0.0,4537.0,0
1.321,11360.0,9083.0,6820.0,11352.5,9076.5,6815.5,8000.0,7000.0,5000.0,-6.375,0.5,-7.625,0.0,0.0,0.0,0.9720000000000008,0.4220000000000003,0.0,4540.0,0
1.322,11369.0,9090.0,6825.0,11360.5,9083.5,6820.5,9000.0,7000.0,5000.0,-5.625,0.5,-7.375,0.0,0.0,0.0,0.9730000000000008,0.4230000000000003,0.0,4544.0,0
1.323,11378.0,9097.0,6831.0,11369.5,9090.5,6825.5,9000.0,7000.0,6000.0,-5.875,0.5,-7.125,0.0,0.0,0.0,0.9740000000000008,0.4240000000000003,0.0,4547.0,0
1.324,11386.0,9104.0,6836.0,11378.5,9097.5,6831.5,8000.0,7000.0,5000.0,-6.125,0.5,-7.875,0.0,0.0,0.0,0.9750000000000008,0.4250000000000003,0.0,4550.0,0
1.325,11395.0,9111.0,6841.0,11386.5,9104.5,6836.5,9000.0,7000.0,5000.0,-5.375,0.5,-7.625,0.0,0.0,0.0,0.9760000000000008,0.4260000000000003,0.0,4554.0,0
1.326,11404.0,9118.0,6846.0,11395.5,9111.5,6841.5,9000.0,7000.0,5000.0,-5.625,0.5,-7.375,0.0,0.0,0.0,0.9770000000000008,0.4270000000000003,0.0,4558.0,0
1.327,11412.0,9125.0,6851.0,11404.5,9118.5,6846.5,8000.0,7000.0,5000.0,-5.875,0.5,-7.125,0.0,0.0,0.0,0.9780000000000008,0.4280000000000003,0.0,4561.0,0
1.328,11421.0,9131.0,6857.0,11412.5,9125.5,6851.5,9000.0,6000.0,6000.0,-5.125,0.5,-6.875,0.0,0.0,0.0,0.9790000000000008,0.4290000000000003,0.0,4564.0,0
1.329,11430.0,9138.0,6862.0,11421.5,9131.5,6857.5,9000.0,7000.0,5000.0,-6.625,0.5,-8.375,0.0,0.0,0.0,0.9800000000000008,0.4300000000000003,0.0,4568.0,0
1.33,11438.0,9145.0,6867.0,11430.5,9138.5,6862.5,8000.0,7000.0,5000.0,-6.875,0.5,-8.125,0.0,0.0,0.0,0.9810000000000008,0.4310000000000003,0.0,4571.0,0
1.331,11447.0,9152.0,6872.0,11438.5,9145.5,6867.5,9000.0,7000.0,5000.0,-6.125,0.5,-7.875,0.0,0.0,0.0,0.9820000000000008,0.43200000000000033,0.0,4575.0,0
1.332,11456.0,9159.0,6878.0,11447.5,9152.5,6872.5,9000.0,7000.0,6000.0,-6.375,0.5,-7.625,0.0,0.0,0.0,0.9830000000000008,0.43300000000000033,0.0,4578.0,0
1.333,11464.0,9166.0,6883.0,11456.5,9159.5,6878.5,8000.0,7000.0,5000.0,-6.625,0.5,-8.375,0.0,0.0,0.0,0.9840000000000008,0.43400000000000033,0.0,4581.0,0
1.334,11473.0,9173.0,6888.0,11464.5,9166.5,6883.5,9000.0,7000.0,5000.0,-5.875,0.5,-8.125,0.0,0.0,0.0,0.9850000000000008,0.43500000000000033,0.0,4585.0,0
1.335,11482.0,9180.0,6893.0,11473.5,9173.5,6888.5,9000.0,7000.0,5000.0,-6.125,0.5,-7.875,0.0,0.0,0.0,0.9860000000000008,0.43600000000000033,0.0,4589.0,0
1.336,11490.0,9187.0,6898.0,11482.5,9180.5,6893.5,8000.0,7000.0,5000.0,-6.375,0.5,-7.625,0.0,0.0,0.0,0.9870000000000008,0.43700000000000033,0.0,4592.0,0
1.337,11499.0,9194.0,6904.0,11490.5,9187.5,6898.5,9000.0,7000.0,6000.0,-5.625,0.5,-7.375,0.0,0.0,0.0,0.9880000000000008,0.43800000000000033,0.0,4595.0,0
1.338,11508.0,9201.0,6909.0,11499.5,9194.5,6904.5,9000.0,7000.0,5000.0,-5.875,0.5,-8.125,0.0,0.0,0.0,0.9890000000000008,0.43900000000000033,0.0,4599.0,0
1.339,11516.0,9208.0,6914.0,11508.5,9201.5,6909.5,8000.0,7000.0,5000.0,-6.125,0.5,-7.875,0.0,0.0,0.0,0.9900000000000008,0.44000000000000034,0.0,4602.0,0
1.34,11525.0,9215.0,6919.0,11516.5,9208.5,6914.5,9000.0,7000.0,5000.0,-5.375,0.5,-7.625,0.0,0.0,0.0,0.9910000000000008,0.44100000000000034,0.0,4606.0,0
1.341,11534.0,9222.0,6924.0,11525.5,9215.5,6919.5,9000.0,7000.0,5000.0,-5.625,0.5,-7.375,0.0,0.0,0.0,0.9920000000000008,0.44200000000000034,0.0,4610.0,0
1.342,11543.0,9229.0,6930.0,11534.5,9222.5,6924.5,9000.0,7000.0,6000.0,-5.875,0.5,-7.125,0.0,0.0,0.0,0.9930000000000008,0.44300000000000034,0.0,4613.0,0
1.343,11551.0,9236.0,6935.0,11543.5,9229.5,6930.5,8000.0,7000.0,5000.0,-6.125,0.5,-7.875,0.0,0.0,0.0,0.9940000000000008,0.44400000000000034,0.0,4616.0,0
1.344,11560.0,9243.0,6940.0,11551.5,9236.5,6935.5,9000.0,7000.0,5000.0,-5.375,0.5,-7.625,0.0,0.0,0.0,0.9950000000000008,0.44500000000000034,0.0,4620.0,0
1.345,11569.0,9250.0,6945.0,11560.5,9243.5,6940.5,9000.0,7000.0,5000.0,-5.625,0.5,-7.375,0.0,0.0,0.0,0.9960000000000008,0.44600000000000034,0.0,4624.0,0
1.346,11577.0,9256.0,6950.0,11569.5,9250.5,6945.5,8000.0,6000.0,5000.0,-5.875,0.5,-7.125,0.0,0.0,0.0,0.9970000000000008,0.44700000000000034,0.0,4627.0,0
1.347,11586.0,9263.0,6956.0,11577.5,9256.5,6950.5,9000.0,7000.0,6000.0,-6.375,0.5,-7.625,0.0,0.0,0.0,0.9980000000000008,0.44800000000000034,0.0,4630.0,0
1.348,11595.0,9270.0,6961.0,11586.5,9263.5,6956.5,9000.0,7000.0,5000.0,-6.625,0.5,-8.375,0.0,0.0,0.0,0.9990000000000008,0.44900000000000034,0.0,4634.0,0
1.349,11603.0,9277.0,6966.0,11595.5,9270.5,6961.5,8000.0,7000.0,5000.0,-6.875,0.5,-8.125,0.0,0.0,0.0,1.0000000000000007,0.45000000000000034,0.0,4637.0,0
1.35,11612.0,9284.0,6971.0,11603.5,9277.5,6966.5,9000.0,7000.0,5000.0,-6.125,0.5,-7.875,0.0,0.0,0.0,1.0010000000000006,0.45100000000000035,0.0,4641.0,0
1.351,11621.0,9291.0,6976.0,11612.5,9284.5,6971.5,9000.0,7000.0,5000.0,-6.375,0.5,-7.625,0.0,0.0,0.0,1.0020000000000004,0.45200000000000035,0.0,4645.0,0
1.352,11629.0,9298.0,6982.0,11621.5,9291.5,6976.5,8000.0,7000.0,6000.0,-6.625,0.5,-7.375,0.0,0.0,0.0,1.0030000000000003,0.45300000000000035,0.0,4647.0,0
1.353,11638.0,9305.0,6987.0,11629.5,9298.5,6982.5,9000.0,7000.0,5000.0,-5.875,0.5,-8.125,0.0,0.0,0.0,1.0040000000000002,0.45400000000000035,0.0,4651.0,0
1.354,11647.0,9312.0,6992.0,11638.5,9305.5,6987.5,9000.0,7000.0,5000.0,-6.125,0.5,-7.875,0.0,0.0,0.0,1.0050000000000001,0.45500000000000035,0.0,4655.0,0
1.355,11655.0,9319.0,6997.0,11647.5,9312.5,6992.5,8000.0,7000.0,5000.0,-6.375,0.5,-7.625,0.0,0.0,0.0,1.006,0.45600000000000035,0.0,4658.0,0
1.356,11664.0,9326.0,7002.0,11655.5,9319.5,6997.5,9000.0,7000.0,5000.0,-5.625,0.5,-7.375,0.0,0.0,0.0,1.007,0.45700000000000035,0.0,4662.0,0
1.357,11673.0,9333.0,7008.0,11664.5,9326.5,7002.5,9000.0,7000.0,6000.0,-5.875,0.5,-7.125,0.0,0.0,0.0,1.0079999999999998,0.45800000000000035,0.0,4665.0,0
1.358,11681.0,9340.0,7013.0,11673.5,9333.5,7008.5,8000.0,7000.0,5000.0,-6.125,0.5,-7.875,0.0,0.0,0.0,1.0089999999999997,0.45900000000000035,0.0,4668.0,0
1.359,11690.0,9347.0,7018.0,11681.5,9340.5,7013.5,9000.0,7000.0,5000.0,-5.375,0.5,-7.625,0.0,0.0,0.0,1.0099999999999996,0.46000000000000035,0.0,4672.0,0
1.36,11699.0,9354.0,7023.0,11690.5,9347.5,7018.5,9000.0,7000.0,5000.0,-5.625,0.5,-7.375,0.0,0.0,0.0,1.0109999999999995,0.46100000000000035,0.0,4676.0,0
1.361,11707.0,9361.0,7028.0,11699.5,9354.5,7023.5,8000.0,7000.0,5000.0,-5.875,0.5,-7.125,0.0,0.0,0.0,1.0119999999999993,0.46200000000000035,0.0,4679.0,0
1.362,11716.0,9368.0,7034.0,11707.5,9361.5,7028.5,9000.0,7000.0,6000.0,-5.125,0.5,-6.875,0.0,0.0,0.0,1.0129999999999992,0.46300000000000036,0.0,4682.0,0
1.363,11725.0,9375.0,7039.0,11716.5,9368.5,7034.5,9000.0,7000.0,5000.0,-5.375,0.5,-7.625,0.0,0.0,0.0,1.0139999999999991,0.46400000000000036,0.0,4686.0,0
1.364,11733.0,9381.0,7044.0,11725.5,9375.5,7039.5,8000.0,6000.0,5000.0,-5.625,0.5,-7.375,0.0,0.0,0.0,1.014999999999999,0.46500000000000036,0.0,4689.0,0
1.365,11742.0,9388.0,7049.0,11733.5,9381.5,7044.5,9000.0,7000.0,5000.0,-6.125,0.5,-7.875,0.0,0.0,0.0,1.015999999999999,0.46600000000000036,0.0,4693.0,0
1.366,11751.0,9395.0,7054.0,11742.5,9388.5,7049.5,9000.0,7000.0,5000.0,-6.375,0.5,-7.625,0.0,0.0,0.0,1.0169999999999988,0.46700000000000036,0.0,4697.0,0
1.367,11759.0,9402.0,7060.0,11751.5,9395.5,7054.5,8000.0,7000.0,6000.0,-6.625,0.5,-7.375,0.0,0.0,0.0,1.0179999999999987,0.46800000000000036,0.0,4699.0,0
1.368,11768.0,9409.0,7065.0,11759.5,9402.5,7060.5,9000.0,7000.0,5000.0,-5.875,0.5,-8.125,0.0,0.0,0.0,1.0189999999999986,0.46900000000000036,0.0,4703.0,0
1.369,11777.0,9416.0,7070.0,11768.5,9409.5,7065.5,9000.0,7000.0,5000.0,-6.125,0.5,-7.875,0.0,0.0,0.0,1.0199999999999985,0.47000000000000036,0.0,4707.0,0
1.37,11785.0,9423.0,7075.0,11777.5,9416.5,7070.5,8000.0,7000.0,5000.0,-6.375,0.5,-7.625,0.0,0.0,0.0,1.0209999999999984,0.47100000000000036,0.0,4710.0,0
1.371,11794.0,9430.0,7080.0,11785.5,9423.5,7075.5,9000.0,7000.0,5000.0,-5.625,0.5,-7.375,0.0,0.0,0.0,1.0219999999999982,0.47200000000000036,0.0,4714.0,0
1.372,11803.0,9437.0,7086.0,11794.5,9430.5,7080.5,9000.0,7000.0,6000.0,-5.875,0.5,-7.125,0.0,0.0,0.0,1.0229999999999981,0.47300000000000036,0.0,4717.0,0
1.373,11812.0,9444.0,7091.0,11803.5,9437.5,7086.5,9000.0,7000.0,5000.0,-6.125,0.5,-7.875,0.0,0.0,0.0,1.023999999999998,0.47400000000000037,0.0,4721.0,0
1.374,11820.0,9451.0,7096.0,11812.5,9444.5,7091.5,8000.0,7000.0,5000.0,-6.375,0.5,-7.625,0.0,0.0,0.0,1.024999999999998,0.47500000000000037,0.0,4724.0,0
1.375,11829.0,9458.0,7101.0,11820.5,9451.5,7096.5,9000.0,7000.0,5000.0,-5.625,0.5,-7.375,0.0,0.0,0.0,1.0259999999999978,0.47600000000000037,0.0,4728.0,0
1.3760000000000001,11838.0,9465.0,7107.0,11829.5,9458.5,7101.5,9000.0,7000.0,6000.0,-5.875,0.5,-7.125,0.0,0.0,0.0,1.0269999999999977,0.47700000000000037,0.0,4731.0,0
1.377,11846.0,9472.0,7112.0,11838.5,9465.5,7107.5,8000.0,7000.0,5000.0,-6.125,0.5,-7.875,0.0,0.0,0.0,1.0279999999999976,0.47800000000000037,0.0,4734.0,0
1.3780000000000001,11855.0,9479.0,7117.0,11846.5,9472.5,7112.5,9000.0,7000.0,5000.0,-5.375,0.5,-7.625,0.0,0.0,0.0,1.0289999999999975,0.47900000000000037,0.0,4738.0,0
1.379,11864.0,9486.0,7122.0,11855.5,9479.5,7117.5,9000.0,7000.0,5000.0,-5.625,0.5,-7.375,0.0,0.0,0.0,1.0299999999999974,0.48000000000000037,0.0,4742.0,0
1.3800000000000001,11872.0,9493.0,7127.0,11864.5,9486.5,7122.5,8000.0,7000.0,5000.0,-5.875,0.5,-7.125,0.0,0.0,0.0,1.0309999999999973,0.48100000000000037,0.0,4745.0,0
1.381,11881.0,9500.0,7133.0,11872.5,9493.5,7127.5,9000.0,7000.0,6000.0,-5.125,0.5,-6.875,0.0,0.0,0.0,1.0319999999999971,0.4820000000000004,0.0,4748.0,0
1.3820000000000001,11890.0,9506.0,7138.0,11881.5,9500.5,7133.5,9000.0,6000.0,5000.0,-5.375,0.5,-7.625,0.0,0.0,0.0,1.032999999999997,0.4830000000000004,0.0,4752.0,0
1.383,11898.0,9513.0,7143.0,11890.5,9506.5,7138.5,8000.0,7000.0,5000.0,-6.875,0.5,-8.125,0.0,0.0,0.0,1.033999999999997,0.4840000000000004,0.0,4755.0,0
1.3840000000000001,11907.0,9520.0,7148.0,11898.5,9513.5,7143.5,9000.0,7000.0,5000.0,-6.125,0.5,-7.875,0.0,0.0,0.0,1.0349999999999968,0.4850000000000004,0.0,4759.0,0
1.385,11916.0,9527.0,7153.0,11907.5,9520.5,7148.5,9000.0,7000.0,5000.0,-6.375,0.5,-7.625,0.0,0.0,0.0,1.0359999999999967,0.4860000000000004,0.0,4763.0,0
1.3860000000000001,11924.0,9534.0,7159.0,11916.5,9527.5,7153.5,8000.0,7000.0,6000.0,-6.625,0.5,-7.375,0.0,0.0,0.0,1.0369999999999966,0.4870000000000004,0.0,4765.0,0
1.387,11933.0,9541.0,7164.0,11924.5,9534.5,7159.5,9000.0,7000.0,5000.0,-5.875,0.5,-8.125,0.0,0.0,0.0,1.0379999999999965,0.4880000000000004,0.0,4769.0,0
1.3880000000000001,11942.0,9548.0,7169.0,11933.5,9541.5,7164.5,9000.0,7000.0,5000.0,-6.125,0.5,-7.875,0.0,0.0,0.0,1.0389999999999964,0.4890000000000004,0.0,4773.0,0
1.389,11950.0,9555.0,7174.0,11942.5,9548.5,7169.5,8000.0,7000.0,5000.0,-6.375,0.5,-7.625,0.0,0.0,0.0,1.0399999999999963,0.4900000000000004,0.0,4776.0,0
1.3900000000000001,11959.0,9562.0,7179.0,11950.5,9555.5,7174.5,9000.0,7000.0,5000.0,-5.625,0.5,-7.375,0.0,0.0,0.0,1.0409999999999962,0.4910000000000004,0.0,4780.0,0
1.391,11968.0,9569.0,7185.0,11959.5,9562.5,7179.5,9000.0,7000.0,6000.0,-5.875,0.5,-7.125,0.0,0.0,0.0,1.041999999999996,0.4920000000000004,0.0,4783.0,0
1.3920000000000001,11976.0,9576.0,7190.0,11968.5,9569.5,7185.5,8000.0,7000.0,5000.0,-6.125,0.5,-7.875,0.0,0.0,0.0,1.042999999999996,0.4930000000000004,0.0,4786.0,0
1.393,11985.0,9583.0,7195.0,11976.5,9576.5,7190.5,9000.0,7000.0,5000.0,-5.375,0.5,-7.625,0.0,0.0,0.0,1.0439999999999958,0.4940000000000004,0.0,4790.0,0
1.3940000000000001,11994.0,9590.0,7200.0,11985.5,9583.5,7195.5,9000.0,7000.0,5000.0,-5.625,0.5,-7.375,0.0,0.0,0.0,1.0449999999999957,0.4950000000000004,0.0,4794.0,0
1.395,12002.0,9597.0,7205.0,11994.5,9590.5,7200.5,8000.0,7000.0,5000.0,-5.875,0.5,-7.125,0.0,0.0,0.0,1.0459999999999956,0.4960000000000004,0.0,4797.0,0
1.3960000000000001,12011.0,9604.0,7211.0,12002.5,9597.5,7205.5,9000.0,7000.0,6000.0,-5.125,0.5,-6.875,0.0,0.0,0.0,1.0469999999999955,0.4970000000000004,0.0,4800.0,0
1.397,12020.0,9611.0,7216.0,12011.5,9604.5,7211.5,9000.0,7000.0,5000.0,-5.375,0.5,-7.625,0.0,0.0,0.0,1.0479999999999954,0.4980000000000004,0.0,4804.0,0
1.3980000000000001,12028.0,9618.0,7221.0,12020.5,9611.5,7216.5,8000.0,7000.0,5000.0,-5.625,0.5,-7.375,0.0,0.0,0.0,1.0489999999999953,0.4990000000000004,0.0,4807.0,0
1.399,12037.0,9625.0,7226.0,12028.5,9618.5,7221.5,9000.0,7000.0,5000.0,-4.875,0.5,-7.125,0.0,0.0,0.0,1.0499999999999952,0.5000000000000003,0.0,4811.0,0
1.4000000000000001,12046.0,9631.0,7231.0,12037.5,9625.5,7226.5,9000.0,6000.0,5000.0,-5.125,0.5,-6.875,0.0,0.0,0.0,1.050999999999995,0.5010000000000003,0.001,4815.0,0
1.401,12054.0,9638.0,7237.0,12046.5,9631.5,7231.5,8000.0,7000.0,6000.0,-6.625,0.5,-7.375,0.0,0.0,0.0,1.051999999999995,0.5020000000000003,0.002,4817.0,0
1.4020000000000001,12063.0,9645.0,7242.0,12054.5,9638.5,7237.5,9000.0,7000.0,5000.0,-5.875,0.5,-8.125,0.0,0.0,0.0,1.0529999999999948,0.5030000000000003,0.003,4821.0,0
1.403,12072.0,9652.0,7247.0,12063.5,9645.5,7242.5,9000.0,7000.0,5000.0,-6.125,0.5,-7.875,0.0,0.0,0.0,1.0539999999999947,0.5040000000000003,0.004,4825.0,0
1.4040000000000001,12080.0,9659.0,7252.0,12072.5,9652.5,7247.5,8000.0,7000.0,5000.0,-6.375,0.5,-7.625,0.0,0.0,0.0,1.0549999999999946,0.5050000000000003,0.005,4828.0,0
1.405,12089.0,9666.0,7257.0,12080.5,9659.5,7252.5,9000.0,7000.0,5000.0,-5.625,0.5,-7.375,0.0,0.0,0.0,1.0559999999999945,0.5060000000000003,0.006,4832.0,0
1.4060000000000001,12098.0,9673.0,7263.0,12089.5,9666.5,7257.5,9000.0,7000.0,6000.0,-5.875,0.5,-7.125,0.0,0.0,0.0,1.0569999999999944,0.5070000000000003,0.007,4835.0,0
1.407,12107.0,9680.0,7268.0,12098.5,9673.5,7263.5,9000.0,7000.0,5000.0,-6.125,0.5,-7.875,0.0,0.0,0.0,1.0579999999999943,0.5080000000000003,0.008,4839.0,0
1.408,12115.0,9687.0,7273.0,12107.5,9680.5,7268.5,8000.0,7000.0,5000.0,-6.375,0.5,-7.625,0.0,0.0,0.0,1.0589999999999942,0.5090000000000003,0.009000000000000001,4842.0,0
1.409,12124.0,9694.0,7278.0,12115.5,9687.5,7273.5,9000.0,7000.0,5000.0,-5.625,0.5,-7.375,0.0,0.0,0.0,1.059999999999994,0.5100000000000003,0.010000000000000002,4846.0,0
1.41,12133.0,9701.0,7283.0,12124.5,9694.5,7278.5,9000.0,7000.0,5000.0,-5.875,0.5,-7.125,0.0,0.0,0.0,1.060999999999994,0.5110000000000003,0.011000000000000003,4850.0,0
1.411,12141.0,9708.0,7289.0,12133.5,9701.5,7283.5,8000.0,7000.0,6000.0,-6.125,0.5,-6.875,0.0,0.0,0.0,1.0619999999999938,0.5120000000000003,0.012000000000000004,4852.0,0
1.412,12150.0,9715.0,7294.0,12141.5,9708.5,7289.5,9000.0,7000.0,5000.0,-5.375,0.5,-7.625,0.0,0.0,0.0,1.0629999999999937,0.5130000000000003,0.013000000000000005,4856.0,0
1.413,12159.0,9722.0,7299.0,12150.5,9715.5,7294.5,9000.0,7000.0,5000.0,-5.625,0.5,-7.375,0.0,0.0,0.0,1.0639999999999936,0.5140000000000003,0.014000000000000005,4860.0,0
1.414,12167.0,9729.0,7304.0,12159.5,9722.5,7299.5,8000.0,7000.0,5000.0,-5.875,0.5,-7.125,0.0,0.0,0.0,1.0649999999999935,0.5150000000000003,0.015000000000000006,4863.0,0
1.415,12176.0,9736.0,7310.0,12167.5,9729.5,7304.5,9000.0,7000.0,6000.0,-5.125,0.5,-6.875,0.0,0.0,0.0,1.0659999999999934,0.5160000000000003,0.016000000000000007,4866.0,0
1.416,12185.0,9743.0,7315.0,12176.5,9736.5,7310.5,9000.0,7000.0,5000.0,-5.375,0.5,-7.625,0.0,0.0,0.0,1.0669999999999933,0.5170000000000003,0.017000000000000008,4870.0,0
1.417,12193.0,9750.0,7320.0,12185.5,9743.5,7315.5,8000.0,7000.0,5000.0,-5.625,0.5,-7.375,0.0,0.0,0.0,1.0679999999999932,0.5180000000000003,0.01800000000000001,4873.0,0
1.418,12202.0,9757.0,7325.0,12193.5,9750.5,7320.5,9000.0,7000.0,5000.0,-4.875,0.5,-7.125,0.0,0.0,0.0,1.068999999999993,0.5190000000000003,0.01900000000000001,4877.0,0
1.419,12211.0,9763.0,7330.0,12202.5,9757.5,7325.5,9000.0,6000.0,5000.0,-5.125,0.5,-6.875,0.0,0.0,0.0,1.069999999999993,0.5200000000000004,0.02000000000000001,4881.0,0
1.42,12219.0,9770.0,7336.0,12211.5,9763.5,7330.5,8000.0,7000.0,6000.0,-6.625,0.5,-7.375,0.0,0.0,0.0,1.0709999999999928,0.5210000000000004,0.02100000000000001,4883.0,0
1.421,12228.0,9777.0,7341.0,12219.5,9770.5,7336.5,9000.0,7000.0,5000.0,-5.875,0.5,-8.125,0.0,0.0,0.0,1.0719999999999927,0.5220000000000004,0.022000000000000013,4887.0,0
1.422,12237.0,9784.0,7346.0,12228.5,9777.5,7341.5,9000.0,7000.0,5000.0,-6.125,0.5,-7.875,0.0,0.0,0.0,1.0729999999999926,0.5230000000000004,0.023000000000000013,4891.0,0
1.423,12245.0,9791.0,7351.0,12237.5,9784.5,7346.5,8000.0,7000.0,5000.0,-6.375,0.5,-7.625,0.0,0.0,0.0,1.0739999999999925,0.5240000000000004,0.024000000000000014,4894.0,0
1.424,12254.0,9798.0,7356.0,12245.5,9791.5,7351.5,9000.0,7000.0,5000.0,-5.625,0.5,-7.375,0.0,0.0,0.0,1.0749999999999924,0.5250000000000004,0.025000000000000015,4898.0,0
1.425,12263.0,9805.0,7362.0,12254.5,9798.5,7356.5,9000.0,7000.0,6000.0,-5.875,0.5,-7.125,0.0,0.0,0.0,1.0759999999999923,0.5260000000000004,0.026000000000000016,4901.0,0
1.426,12271.0,9812.0,7367.0,12263.5,9805.5,7362.5,8000.0,7000.0,5000.0,-6.125,0.5,-7.875,0.0,0.0,0.0,1.0769999999999922,0.5270000000000004,0.027000000000000017,4904.0,0
1.427,12280.0,9819.0,7372.0,12271.5,9812.5,7367.5,9000.0,7000.0,5000.0,-5.375,0.5,-7.625,0.0,0.0,0.0,1.077999999999992,0.5280000000000004,0.028000000000000018,4908.0,0
1.428,12289.0,9826.0,7377.0,12280.5,9819.5,7372.5,9000.0,7000.0,5000.0,-5.625,0.5,-7.375,0.0,0.0,0.0,1.078999999999992,0.5290000000000004,0.02900000000000002,4912.0,0
1.429,12297.0,9833.0,7382.0,12289.5,9826.5,7377.5,8000.0,7000.0,5000.0,-5.875,0.5,-7.125,0.0,0.0,0.0,1.0799999999999919,0.5300000000000004,0.03000000000000002,4915.0,0
1.43,12306.0,9840.0,7388.0,12297.5,9833.5,7382.5,9000.0,7000.0,6000.0,-5.125,0.5,-6.875,0.0,0.0,0.0,1.0809999999999917,0.5310000000000004,0.03100000000000002,4918.0,0
1.431,12315.0,9847.0,7393.0,12306.5,9840.5,7388.5,9000.0,7000.0,5000.0,-5.375,0.5,-7.625,0.0,0.0,0.0,1.0819999999999916,0.5320000000000004,0.03200000000000002,4922.0,0
1.432,12323.0,9854.0,7398.0,12315.5,9847.5,7393.5,8000.0,7000.0,5000.0,-5.625,0.5,-7.375,0.0,0.0,0.0,1.0829999999999915,0.5330000000000004,0.03300000000000002,4925.0,0
1.433,12332.0,9861.0,7403.0,12323.5,9854.5,7398.5,9000.0,7000.0,5000.0,-4.875,0.5,-7.125,0.0,0.0,0.0,1.0839999999999914,0.5340000000000004,0.03400000000000002,4929.0,0
1.434,12341.0,9868.0,7408.0,12332.5,9861.5,7403.5,9000.0,7000.0,5000.0,-5.125,0.5,-6.875,0.0,0.0,0.0,1.0849999999999913,0.5350000000000004,0.035000000000000024,4933.0,0
1.435,12349.0,9875.0,7414.0,12341.5,9868.5,7408.5,8000.0,7000.0,6000.0,-5.375,0.5,-6.625,0.0,0.0,0.0,1.0859999999999912,0.5360000000000004,0.036000000000000025,4935.0,0
1.436,12358.0,9882.0,7419.0,12349.5,9875.5,7414.5,9000.0,7000.0,5000.0,-4.625,0.5,-7.375,0.0,0.0,0.0,1.086999999999991,0.5370000000000004,0.037000000000000026,4939.0,0
1.437,12367.0,9888.0,7424.0,12358.5,9882.5,7419.5,9000.0,6000.0,5000.0,-4.875,0.5,-7.125,0.0,0.0,0.0,1.087999999999991,0.5380000000000004,0.03800000000000003,4943.0,0
1.438,12376.0,9895.0,7429.0,12367.5,9888.5,7424.5,9000.0,7000.0,5000.0,-6.375,0.5,-7.625,0.0,0.0,0.0,1.0889999999999909,0.5390000000000004,0.03900000000000003,4947.0,0
1.439,12384.0,9902.0,7434.0,12376.5,9895.5,7429.5,8000.0,7000.0,5000.0,-6.625,0.5,-7.375,0.0,0.0,0.0,1.0899999999999908,0.5400000000000004,0.04000000000000003,4950.0,0
1.44,12393.0,9909.0,7440.0,12384.5,9902.5,7434.5,9000.0,7000.0,6000.0,-5.875,0.5,-7.125,0.0,0.0,0.0,1.0909999999999906,0.5410000000000004,0.04100000000000003,4953.0,0
1.441,12402.0,9916.0,7445.0,12393.5,9909.5,7440.5,9000.0,7000.0,5000.0,-6.125,0.5,-7.875,0.0,0.0,0.0,1.0919999999999905,0.5420000000000004,0.04200000000000003,4957.0,0
1.442,12410.0,9923.0,7450.0,12402.5,9916.5,7445.5,8000.0,7000.0,5000.0,-6.375,0.5,-7.625,0.0,0.0,0.0,1.0929999999999904,0.5430000000000004,0.04300000000000003,4960.0,0
1.443,12419.0,9930.0,7455.0,12410.5,9923.5,7450.5,9000.0,7000.0,5000.0,-5.625,0.5,-7.375,0.0,0.0,0.0,1.0939999999999903,0.5440000000000004,0.04400000000000003,4964.0,0
1.444,12428.0,9937.0,7460.0,12419.5,9930.5,7455.5,9000.0,7000.0,5000.0,-5.875,0.5,-7.125,0.0,0.0,0.0,1.0949999999999902,0.5450000000000004,0.04500000000000003,4968.0,0
1.445,12436.0,9944.0,7466.0,12428.5,9937.5,7460.5,8000.0,7000.0,6000.0,-6.125,0.5,-6.875,0.0,0.0,0.0,1.09599999999999,0.5460000000000004,0.046000000000000034,4970.0,0
1.446,12445.0,9951.0,7471.0,12436.5,9944.5,7466.5,9000.0,7000.0,5000.0,-5.375,0.5,-7.625,0.0,0.0,0.0,1.09699999999999,0.5470000000000004,0.047000000000000035,4974.0,0
1.447,12454.0,9958.0,7476.0,12445.5,9951.5,7471.5,9000.0,7000.0,5000.0,-5.625,0.5,-7.375,0.0,0.0,0.0,1.0979999999999899,0.5480000000000004,0.048000000000000036,4978.0,0
1.448,12462.0,9965.0,7481.0,12454.5,9958.5,7476.5,8000.0,7000.0,5000.0,-5.875,0.5,-7.125,0.0,0.0,0.0,1.0989999999999898,0.5490000000000004,0.04900000000000004,4981.0,0
1.449,12471.0,9972.0,7486.0,12462.5,9965.5,7481.5,9000.0,7000.0,5000.0,-5.125,0.5,-6.875,0.0,0.0,0.0,1.0999999999999897,0.5500000000000004,0.05000000000000004,4985.0,0
1.45,12480.0,9979.0,7492.0,12471.5,9972.5,7486.5,9000.0,7000.0,6000.0,-5.375,0.5,-6.625,0.0,0.0,0.0,1.1009999999999895,0.5510000000000004,0.05100000000000004,4988.0,0
1.451,12488.0,9986.0,7497.0,12480.5,9979.5,7492.5,8000.0,7000.0,5000.0,-5.625,0.5,-7.375,0.0,0.0,0.0,1.1019999999999894,0.5520000000000004,0.05200000000000004,4991.0,0
1.452,12497.0,9993.0,7502.0,12488.5,9986.5,7497.5,9000.0,7000.0,5000.0,-4.875,0.5,-7.125,0.0,0.0,0.0,1.1029999999999893,0.5530000000000004,0.05300000000000004,4995.0,0
1.453,12506.0,10000.0,7507.0,12497.5,9993.5,7502.5,9000.0,7000.0,5000.0,-5.125,0.5,-6.875,0.0,0.0,0.0,1.1039999999999892,0.5540000000000004,0.05400000000000004,4999.0,0
1.454,12514.0,10007.0,7513.0,12506.5,10000.5,7507.5,8000.0,7000.0,6000.0,-5.375,0.5,-6.625,0.0,0.0,0.0,1.104999999999989,0.5550000000000004,0.05500000000000004,5001.0,0
1.455,12523.0,10013.0,7518.0,12514.5,10007.5,7513.5,9000.0,6000.0,5000.0,-4.625,0.5,-7.375,0.0,0.0,0.0,1.105999999999989,0.5560000000000004,0.05600000000000004,5005.0,0
1.456,12532.0,10020.0,7523.0,12523.5,10013.5,7518.5,9000.0,7000.0,5000.0,-6.125,0.5,-7.875,0.0,0.0,0.0,1.1069999999999889,0.5570000000000004,0.057000000000000044,5009.0,0
1.457,12540.0,10027.0,7528.0,12532.5,10020.5,7523.5,8000.0,7000.0,5000.0,-6.375,0.5,-7.625,0.0,0.0,0.0,1.1079999999999888,0.5580000000000004,0.058000000000000045,5012.0,0
1.458,12549.0,10034.0,7533.0,12540.5,10027.5,7528.5,9000.0,7000.0,5000.0,-5.625,0.5,-7.375,0.0,0.0,0.0,1.1089999999999887,0.5590000000000004,0.059000000000000045,5016.0,0
1.459,12558.0,10041.0,7539.0,12549.5,10034.5,7533.5,9000.0,7000.0,6000.0,-5.875,0.5,-7.125,0.0,0.0,0.0,1.1099999999999886,0.5600000000000004,0.060000000000000046,5019.0,0
1.46,12566.0,10048.0,7544.0,12558.5,10041.5,7539.5,8000.0,7000.0,5000.0,-6.125,0.5,-7.875,0.0,0.0,0.0,1.1109999999999884,0.5610000000000004,0.06100000000000005,5022.0,0
1.461,12575.0,10055.0,7549.0,12566.5,10048.5,7544.5,9000.0,7000.0,5000.0,-5.375,0.5,-7.625,0.0,0.0,0.0,1.1119999999999883,0.5620000000000004,0.06200000000000005,5026.0,0
1.462,12584.0,10062.0,7554.0,12575.5,10055.5,7549.5,9000.0,7000.0,5000.0,-5.625,0.5,-7.375,0.0,0.0,0.0,1.1129999999999882,0.5630000000000004,0.06300000000000004,5030.0,0
1.463,12592.0,10069.0,7559.0,12584.5,10062.5,7554.5,8000.0,7000.0,5000.0,-5.875,0.5,-7.125,0.0,0.0,0.0,1.113999999999988,0.5640000000000004,0.06400000000000004,5033.0,0
1.464,12601.0,10076.0,7565.0,12592.5,10069.5,7559.5,9000.0,7000.0,6000.0,-5.125,0.5,-6.875,0.0,0.0,0.0,1.114999999999988,0.5650000000000004,0.06500000000000004,5036.0,0
1.465,12610.0,10083.0,7570.0,12601.5,10076.5,7565.5,9000.0,7000.0,5000.0,-5.375,0.5,-7.625,0.0,0.0,0.0,1.115999999999988,0.5660000000000004,0.06600000000000004,5040.0,0
1.466,12618.0,10090.0,7575.0,12610.5,10083.5,7570.5,8000.0,7000.0,5000.0,-5.625,0.5,-7.375,0.0,0.0,0.0,1.1169999999999878,0.5670000000000004,0.06700000000000005,5043.0,0
1.467,12627.0,10097.0,7580.0,12618.5,10090.5,7575.5,9000.0,7000.0,5000.0,-4.875,0.5,-7.125,0.0,0.0,0.0,1.1179999999999877,0.5680000000000004,0.06800000000000005,5047.0,0
1.468,12636.0,10104.0,7585.0,12627.5,10097.5,7580.5,9000.0,7000.0,5000.0,-5.125,0.5,-6.875,0.0,0.0,0.0,1.1189999999999876,0.5690000000000004,0.06900000000000005,5051.0,0
1.469,12644.0,10111.0,7591.0,12636.5,10104.5,7585.5,8000.0,7000.0,6000.0,-5.375,0.5,-6.625,0.0,0.0,0.0,1.1199999999999875,0.5700000000000004,0.07000000000000005,5053.0,0
1.47,12653.0,10118.0,7596.0,12644.5,10111.5,7591.5,9000.0,7000.0,5000.0,-4.625,0.5,-7.375,0.0,0.0,0.0,1.1209999999999873,0.5710000000000004,0.07100000000000005,5057.0,0
1.471,12662.0,10125.0,7601.0,12653.5,10118.5,7596.5,9000.0,7000.0,5000.0,-4.875,0.5,-7.125,0.0,0.0,0.0,1.1219999999999872,0.5720000000000004,0.07200000000000005,5061.0,0
1.472,12671.0,10132.0,7606.0,12662.5,10125.5,7601.5,9000.0,7000.0,5000.0,-5.125,0.5,-6.875,0.0,0.0,0.0,1.1229999999999871,0.5730000000000004,0.07300000000000005,5065.0,0
1.473,12679.0,10138.0,7611.0,12671.5,10132.5,7606.5,8000.0,6000.0,5000.0,-5.375,0.5,-6.625,0.0,0.0,0.0,1.123999999999987,0.5740000000000004,0.07400000000000005,5068.0,0
1.474,12688.0,10145.0,7617.0,12679.5,10138.5,7611.5,9000.0,7000.0,6000.0,-5.875,0.5,-7.125,0.0,0.0,0.0,1.124999999999987,0.5750000000000004,0.07500000000000005,5071.0,0
1.475,12697.0,10152.0,7622.0,12688.5,10145.5,7617.5,9000.0,7000.0,5000.0,-6.125,0.5,-7.875,0.0,0.0,0.0,1.1259999999999868,0.5760000000000004,0.07600000000000005,5075.0,0
1.476,12705.0,10159.0,7627.0,12697.5,10152.5,7622.5,8000.0,7000.0,5000.0,-6.375,0.5,-7.625,0.0,0.0,0.0,1.1269999999999867,0.5770000000000004,0.07700000000000005,5078.0,0
1.477,12714.0,10166.0,7632.0,12705.5,10159.5,7627.5,9000.0,7000.0,5000.0,-5.625,0.5,-7.375,0.0,0.0,0.0,1.1279999999999866,0.5780000000000004,0.07800000000000006,5082.0,0
1.478,12723.0,10173.0,7637.0,12714.5,10166.5,7632.5,9000.0,7000.0,5000.0,-5.875,0.5,-7.125,0.0,0.0,0.0,1.1289999999999865,0.5790000000000004,0.07900000000000006,5086.0,0
1.479,12731.0,10180.0,7643.0,12723.5,10173.5,7637.5,8000.0,7000.0,6000.0,-6.125,0.5,-6.875,0.0,0.0,0.0,1.1299999999999863,0.5800000000000004,0.08000000000000006,5088.0,0
1.48,12740.0,10187.0,7648.0,12731.5,10180.5,7643.5,9000.0,7000.0,5000.0,-5.375,0.5,-7.625,0.0,0.0,0.0,1.1309999999999862,0.5810000000000004,0.08100000000000006,5092.0,0
1.481,12749.0,10194.0,7653.0,12740.5,10187.5,7648.5,9000.0,7000.0,5000.0,-5.625,0.5,-7.375,0.0,0.0,0.0,1.1319999999999861,0.5820000000000004,0.08200000000000006,5096.0,0
1.482,12757.0,10201.0,7658.0,12749.5,10194.5,7653.5,8000.0,7000.0,5000.0,-5.875,0.5,-7.125,0.0,0.0,0.0,1.132999999999986,0.5830000000000004,0.08300000000000006,5099.0,0
1.483,12766.0,10208.0,7663.0,12757.5,10201.5,7658.5,9000.0,7000.0,5000.0,-5.125,0.5,-6.875,0.0,0.0,0.0,1.133999999999986,0.5840000000000004,0.08400000000000006,5103.0,0
1.484,12775.0,10215.0,7669.0,12766.5,10208.5,7663.5,9000.0,7000.0,6000.0,-5.375,0.5,-6.625,0.0,0.0,0.0,1.1349999999999858,0.5850000000000004,0.08500000000000006,5106.0,0
1.485,12783.0,10222.0,7674.0,12775.5,10215.5,7669.5,8000.0,7000.0,5000.0,-5.625,0.5,-7.375,0.0,0.0,0.0,1.1359999999999857,0.5860000000000004,0.08600000000000006,5109.0,0
1.486,12792.0,10229.0,7679.0,12783.5,10222.5,7674.5,9000.0,7000.0,5000.0,-4.875,0.5,-7.125,0.0,0.0,0.0,1.1369999999999856,0.5870000000000004,0.08700000000000006,5113.0,0
1.487,12801.0,10236.0,7684.0,12792.5,10229.5,7679.5,9000.0,7000.0,5000.0,-5.125,0.5,-6.875,0.0,0.0,0.0,1.1379999999999855,0.5880000000000004,0.08800000000000006,5117.0,0
1.488,12809.0,10243.0,7689.0,12801.5,10236.5,7684.5,8000.0,7000.0,5000.0,-5.375,0.5,-6.625,0.0,0.0,0.0,1.1389999999999854,0.5890000000000004,0.08900000000000007,5120.0,0
1.489,12818.0,10250.0,7695.0,12809.5,10243.5,7689.5,9000.0,7000.0,6000.0,-4.625,0.5,-6.375,0.0,0.0,0.0,1.1399999999999852,0.5900000000000004,0.09000000000000007,5123.0,0
1.49,12827.0,10257.0,7700.0,12818.5,10250.5,7695.5,9000.0,7000.0,5000.0,-4.875,0.5,-7.125,0.0,0.0,0.0,1.1409999999999851,0.5910000000000004,0.09100000000000007,5127.0,0
1.491,12835.0,10263.0,7705.0,12827.5,10257.5,7700.5,8000.0,6000.0,5000.0,-5.125,0.5,-6.875,0.0,0.0,0.0,1.141999999999985,0.5920000000000004,0.09200000000000007,5130.0,0
1.492,12844.0,10270.0,7710.0,12835.5,10263.5,7705.5,9000.0,7000.0,5000.0,-5.625,0.5,-7.375,0.0,0.0,0.0,1.142999999999985,0.5930000000000004,0.09300000000000007,5134.0,0
1.493,12853.0,10277.0,7716.0,12844.5,10270.5,7710.5,9000.0,7000.0,6000.0,-5.875,0.5,-7.125,0.0,0.0,0.0,1.1439999999999848,0.5940000000000004,0.09400000000000007,5137.0,0
1.494,12861.0,10284.0,7721.0,12853.5,10277.5,7716.5,8000.0,7000.0,5000.0,-6.125,0.5,-7.875,0.0,0.0,0.0,1.1449999999999847,0.5950000000000004,0.09500000000000007,5140.0,0
1.495,12870.0,10291.0,7726.0,12861.5,10284.5,7721.5,9000.0,7000.0,5000.0,-5.375,0.5,-7.625,0.0,0.0,0.0,1.1459999999999846,0.5960000000000004,0.09600000000000007,5144.0,0
1.496,12879.0,10298.0,7731.0,12870.5,10291.5,7726.5,9000.0,7000.0,5000.0,-5.625,0.5,-7.375,0.0,0.0,0.0,1.1469999999999845,0.5970000000000004,0.09700000000000007,5148.0,0
1.497,12887.0,10305.0,7736.0,12879.5,10298.5,7731.5,8000.0,7000.0,5000.0,-5.875,0.5,-7.125,0.0,0.0,0.0,1.1479999999999844,0.5980000000000004,0.09800000000000007,5151.0,0
1.498,12896.0,10312.0,7742.0,12887.5,10305.5,7736.5,9000.0,7000.0,6000.0,-5.125,0.5,-6.875,0.0,0.0,0.0,1.1489999999999843,0.5990000000000004,0.09900000000000007,5154.0,0
1.499,12905.0,10319.0,7747.0,12896.5,10312.5,7742.5,9000.0,7000.0,5000.0,-5.375,0.5,-7.625,0.0,0.0,0.0,1.1499999999999841,0.6000000000000004,0.10000000000000007,5158.0,0
1.5,12913.0,10326.0,7752.0,12905.5,10319.5,7747.5,8000.0,7000.0,5000.0,-5.625,0.5,-7.375,0.0,0.0,0.0,1.150999999999984,0.6010000000000004,0.10100000000000008,5161.0,0
1.5010000000000001,12922.0,10333.0,7757.0,12913.5,10326.5,7752.5,9000.0,7000.0,5000.0,-4.875,0.5,-7.125,0.0,0.0,0.0,1.151999999999984,0.6020000000000004,0.10200000000000008,5165.0,0
1.502,12931.0,10340.0,7762.0,12922.5,10333.5,7757.5,9000.0,7000.0,5000.0,-5.125,0.5,-6.875,0.0,0.0,0.0,1.1529999999999838,0.6030000000000004,0.10300000000000008,5169.0,0
1.5030000000000001,12939.0,10347.0,7768.0,12931.5,10340.5,7762.5,8000.0,7000.0,6000.0,-5.375,0.5,-6.625,0.0,0.0,0.0,1.1539999999999837,0.6040000000000004,0.10400000000000008,5171.0,0
1.504,12948.0,10354.0,7773.0,12939.5,10347.5,7768.5,9000.0,7000.0,5000.0,-4.625,0.5,-7.375,0.0,0.0,0.0,1.1549999999999836,0.6050000000000004,0.10500000000000008,5175.0,0
1.5050000000000001,12957.0,10361.0,7778.0,12948.5,10354.5,7773.5,9000.0,7000.0,5000.0,-4.875,0.5,-7.125,0.0,0.0,0.0,1.1559999999999835,0.6060000000000004,0.10600000000000008,5179.0,0
1.506,12966.0,10368.0,7783.0,12957.5,10361.5,7778.5,9000.0,7000.0,5000.0,-5.125,0.5,-6.875,0.0,0.0,0.0,1.1569999999999834,0.6070000000000004,0.10700000000000008,5183.0,0
1.5070000000000001,12974.0,10375.0,7788.0,12966.5,10368.5,7783.5,8000.0,7000.0,5000.0,-5.375,0.5,-6.625,0.0,0.0,0.0,1.1579999999999833,0.6080000000000004,0.10800000000000008,5186.0,0
1.508,12983.0,10382.0,7794.0,12974.5,10375.5,7788.5,9000.0,7000.0,6000.0,-4.625,0.5,-6.375,0.0,0.0,0.0,1.1589999999999832,0.6090000000000004,0.10900000000000008,5189.0,0
1.5090000000000001,12992.0,10388.0,7799.0,12983.5,10382.5,7794.5,9000.0,6000.0,5000.0,-4.875,0.5,-7.125,0.0,0.0,0.0,1.159999999999983,0.6100000000000004,0.11000000000000008,5193.0,0
1.51,13000.0,10395.0,7804.0,12992.5,10388.5,7799.5,8000.0,7000.0,5000.0,-6.375,0.5,-7.625,0.0,0.0,0.0,1.160999999999983,0.6110000000000004,0.11100000000000008,5196.0,0
1.5110000000000001,13009.0,10402.0,7809.0,13000.5,10395.5,7804.5,9000.0,7000.0,5000.0,-5.625,0.5,-7.375,0.0,0.0,0.0,1.1619999999999828,0.6120000000000004,0.11200000000000009,5200.0,0
1.512,13018.0,10409.0,7814.0,13009.5,10402.5,7809.5,9000.0,7000.0,5000.0,-5.875,0.5,-7.125,0.0,0.0,0.0,1.1629999999999827,0.6130000000000004,0.11300000000000009,5204.0,0
1.5130000000000001,13026.0,10416.0,7820.0,13018.5,10409.5,7814.5,8000.0,7000.0,6000.0,-6.125,0.5,-6.875,0.0,0.0,0.0,1.1639999999999826,0.6140000000000004,0.11400000000000009,5206.0,0
1.514,13035.0,10423.0,7825.0,13026.5,10416.5,7820.5,9000.0,7000.0,5000.0,-5.375,0.5,-7.625,0.0,0.0,0.0,1.1649999999999825,0.6150000000000004,0.11500000000000009,5210.0,0
1.5150000000000001,13044.0,10430.0,7830.0,13035.5,10423.5,7825.5,9000.0,7000.0,5000.0,-5.625,0.5,-7.375,0.0,0.0,0.0,1.1659999999999824,0.6160000000000004,0.11600000000000009,5214.0,0
1.516,13052.0,10437.0,7835.0,13044.5,10430.5,7830.5,8000.0,7000.0,5000.0,-5.875,0.5,-7.125,0.0,0.0,0.0,1.1669999999999823,0.6170000000000004,0.11700000000000009,5217.0,0
1.5170000000000001,13061.0,10444.0,7840.0,13052.5,10437.5,7835.5,9000.0,7000.0,5000.0,-5.125,0.5,-6.875,0.0,0.0,0.0,1.1679999999999822,0.6180000000000004,0.11800000000000009,5221.0,0
1.518,13070.0,10451.0,7846.0,13061.5,10444.5,7840.5,9000.0,7000.0,6000.0,-5.375,0.5,-6.625,0.0,0.0,0.0,1.168999999999982,0.6190000000000004,0.11900000000000009,5224.0,0
1.5190000000000001,13078.0,10458.0,7851.0,13070.5,10451.5,7846.5,8000.0,7000.0,5000.0,-5.625,0.5,-7.375,0.0,0.0,0.0,1.169999999999982,0.6200000000000004,0.12000000000000009,5227.0,0
1.52,13087.0,10465.0,7856.0,13078.5,10458.5,7851.5,9000.0,7000.0,5000.0,-4.875,0.5,-7.125,0.0,0.0,0.0,1.1709999999999818,0.6210000000000004,0.1210000000000001,5231.0,0
1.5210000000000001,13096.0,10472.0,7861.0,13087.5,10465.5,7856.5,9000.0,7000.0,5000.0,-5.125,0.5,-6.875,0.0,0.0,0.0,1.1719999999999817,0.6220000000000004,0.1220000000000001,5235.0,0
1.522,13104.0,10479.0,7866.0,13096.5,10472.5,7861.5,8000.0,7000.0,5000.0,-5.375,0.5,-6.625,0.0,0.0,0.0,1.1729999999999816,0.6230000000000004,0.1230000000000001,5238.0,0
1.5230000000000001,13113.0,10486.0,7872.0,13104.5,10479.5,7866.5,9000.0,7000.0,6000.0,-4.625,0.5,-6.375,0.0,0.0,0.0,1.1739999999999815,0.6240000000000004,0.1240000000000001,5241.0,0
1.524,13122.0,10493.0,7877.0,13113.5,10486.5,7872.5,9000.0,7000.0,5000.0,-4.875,0.5,-7.125,0.0,0.0,0.0,1.1749999999999814,0.6250000000000004,0.12500000000000008,5245.0,0
1.5250000000000001,13130.0,10500.0,7882.0,13122.5,10493.5,7877.5,8000.0,7000.0,5000.0,-5.125,0.5,-6.875,0.0,0.0,0.0,1.1759999999999813,0.6260000000000004,0.12600000000000008,5248.0,0
1.526,13139.0,10507.0,7887.0,13130.5,10500.5,7882.5,9000.0,7000.0,5000.0,-4.375,0.5,-6.625,0.0,0.0,0.0,1.1769999999999812,0.6270000000000004,0.12700000000000009,5252.0,0
1.5270000000000001,13148.0,10513.0,7892.0,13139.5,10507.5,7887.5,9000.0,6000.0,5000.0,-4.625,0.5,-6.375,0.0,0.0,0.0,1.177999999999981,0.6280000000000004,0.12800000000000009,5256.0,0
1.528,13156.0,10520.0,7898.0,13148.5,10513.5,7892.5,8000.0,7000.0,6000.0,-6.125,0.5,-6.875,0.0,0.0,0.0,1.178999999999981,0.6290000000000004,0.1290000000000001,5258.0,0
1.5290000000000001,13165.0,10527.0,7903.0,13156.5,10520.5,7898.5,9000.0,7000.0,5000.0,-5.375,0.5,-7.625,0.0,0.0,0.0,1.1799999999999808,0.6300000000000004,0.1300000000000001,5262.0,0
1.53,13174.0,10534.0,7908.0,13165.5,10527.5,7903.5,9000.0,7000.0,5000.0,-5.625,0.5,-7.375,0.0,0.0,0.0,1.1809999999999807,0.6310000000000004,0.1310000000000001,5266.0,0
1.5310000000000001,13182.0,10541.0,7913.0,13174.5,10534.5,7908.5,8000.0,7000.0,5000.0,-5.875,0.5,-7.125,0.0,0.0,0.0,1.1819999999999806,0.6320000000000005,0.1320000000000001,5269.0,0
1.532,13191.0,10548.0,7919.0,13182.5,10541.5,7913.5,9000.0,7000.0,6000.0,-5.125,0.5,-6.875,0.0,0.0,0.0,1.1829999999999805,0.6330000000000005,0.1330000000000001,5272.0,0
1.5330000000000001,13200.0,10555.0,7924.0,13191.5,10548.5,7919.5,9000.0,7000.0,5000.0,-5.375,0.5,-7.625,0.0,0.0,0.0,1.1839999999999804,0.6340000000000005,0.1340000000000001,5276.0,0
1.534,13208.0,10562.0,7929.0,13200.5,10555.5,7924.5,8000.0,7000.0,5000.0,-5.625,0.5,-7.375,0.0,0.0,0.0,1.1849999999999803,0.6350000000000005,0.1350000000000001,5279.0,0
1.5350000000000001,13217.0,10569.0,7934.0,13208.5,10562.5,7929.5,9000.0,7000.0,5000.0,-4.875,0.5,-7.125,0.0,0.0,0.0,1.1859999999999802,0.6360000000000005,0.1360000000000001,5283.0,0
1.536,13226.0,10576.0,7939.0,13217.5,10569.5,7934.5,9000.0,7000.0,5000.0,-5.125,0.5,-6.875,0.0,0.0,0.0,1.18699999999998,0.6370000000000005,0.1370000000000001,5287.0,0
1.537,13235.0,10583.0,7945.0,13226.5,10576.5,7939.5,9000.0,7000.0,6000.0,-5.375,0.5,-6.625,0.0,0.0,0.0,1.18799999999998,0.6380000000000005,0.1380000000000001,5290.0,0
1.538,13243.0,10590.0,7950.0,13235.5,10583.5,7945.5,8000.0,7000.0,5000.0,-5.625,0.5,-7.375,0.0,0.0,0.0,1.1889999999999799,0.6390000000000005,0.1390000000000001,5293.0,0
1.539,13252.0,10597.0,7955.0,13243.5,10590.5,7950.5,9000.0,7000.0,5000.0,-4.875,0.5,-7.125,0.0,0.0,0.0,1.1899999999999797,0.6400000000000005,0.1400000000000001,5297.0,0
1.54,13261.0,10604.0,7960.0,13252.5,10597.5,7955.5,9000.0,7000.0,5000.0,-5.125,0.5,-6.875,0.0,0.0,0.0,1.1909999999999796,0.6410000000000005,0.1410000000000001,5301.0,0
1.541,13269.0,10611.0,7965.0,13261.5,10604.5,7960.5,8000.0,7000.0,5000.0,-5.375,0.5,-6.625,0.0,0.0,0.0,1.1919999999999795,0.6420000000000005,0.1420000000000001,5304.0,0
1.542,13278.0,10618.0,7971.0,13269.5,10611.5,7965.5,9000.0,7000.0,6000.0,-4.625,0.5,-6.375,0.0,0.0,0.0,1.1929999999999794,0.6430000000000005,0.1430000000000001,5307.0,0
1.543,13287.0,10625.0,7976.0,13278.5,10618.5,7971.5,9000.0,7000.0,5000.0,-4.875,0.5,-7.125,0.0,0.0,0.0,1.1939999999999793,0.6440000000000005,0.1440000000000001,5311.0,0
1.544,13295.0,10632.0,7981.0,13287.5,10625.5,7976.5,8000.0,7000.0,5000.0,-5.125,0.5,-6.875,0.0,0.0,0.0,1.1949999999999792,0.6450000000000005,0.1450000000000001,5314.0,0
1.545,13304.0,10638.0,7986.0,13295.5,10632.5,7981.5,9000.0,6000.0,5000.0,-4.375,0.5,-6.625,0.0,0.0,0.0,1.195999999999979,0.6460000000000005,0.1460000000000001,5318.0,0
1.546,13313.0,10645.0,7991.0,13304.5,10638.5,7986.5,9000.0,7000.0,5000.0,-5.875,0.5,-7.125,0.0,0.0,0.0,1.196999999999979,0.6470000000000005,0.1470000000000001,5322.0,0
1.547,13321.0,10652.0,7997.0,13313.5,10645.5,7991.5,8000.0,7000.0,6000.0,-6.125,0.5,-6.875,0.0,0.0,0.0,1.1979999999999789,0.6480000000000005,0.1480000000000001,5324.0,0
1.548,13330.0,10659.0,8002.0,13321.5,10652.5,7997.5,9000.0,7000.0,5000.0,-5.375,0.5,-7.625,0.0,0.0,0.0,1.1989999999999787,0.6490000000000005,0.1490000000000001,5328.0,0
1.549,13339.0,10666.0,8007.0,13330.5,10659.5,8002.5,9000.0,7000.0,5000.0,-5.625,0.5,-7.375,0.0,0.0,0.0,1.1999999999999786,0.6500000000000005,0.1500000000000001,5332.0,0
1.55,13347.0,10673.0,8012.0,13339.5,10666.5,8007.5,8000.0,7000.0,5000.0,-5.875,0.5,-7.125,0.0,0.0,0.0,1.2009999999999785,0.6510000000000005,0.1510000000000001,5335.0,0
1.551,13356.0,10680.0,8017.0,13347.5,10673.5,8012.5,9000.0,7000.0,5000.0,-5.125,0.5,-6.875,0.0,0.0,0.0,1.2019999999999784,0.6520000000000005,0.1520000000000001,5339.0,0
1.552,13365.0,10687.0,8023.0,13356.5,10680.5,8017.5,9000.0,7000.0,6000.0,-5.375,0.5,-6.625,0.0,0.0,0.0,1.2029999999999783,0.6530000000000005,0.1530000000000001,5342.0,0
1.553,13373.0,10694.0,8028.0,13365.5,10687.5,8023.5,8000.0,7000.0,5000.0,-5.625,0.5,-7.375,0.0,0.0,0.0,1.2039999999999782,0.6540000000000005,0.1540000000000001,5345.0,0
1.554,13382.0,10701.0,8033.0,13373.5,10694.5,8028.5,9000.0,7000.0,5000.0,-4.875,0.5,-7.125,0.0,0.0,0.0,1.204999999999978,0.6550000000000005,0.1550000000000001,5349.0,0
1.555,13391.0,10708.0,8038.0,13382.5,10701.5,8033.5,9000.0,7000.0,5000.0,-5.125,0.5,-6.875,0.0,0.0,0.0,1.205999999999978,0.6560000000000005,0.1560000000000001,5353.0,0
1.556,13399.0,10715.0,8043.0,13391.5,10708.5,8038.5,8000.0,7000.0,5000.0,-5.375,0.5,-6.625,0.0,0.0,0.0,1.2069999999999779,0.6570000000000005,0.1570000000000001,5356.0,0
1.557,13408.0,10722.0,8049.0,13399.5,10715.5,8043.5,9000.0,7000.0,6000.0,-4.625,0.5,-6.375,0.0,0.0,0.0,1.2079999999999778,0.6580000000000005,0.1580000000000001,5359.0,0
1.558,13417.0,10729.0,8054.0,13408.5,10722.5,8049.5,9000.0,7000.0,5000.0,-4.875,0.5,-7.125,0.0,0.0,0.0,1.2089999999999776,0.6590000000000005,0.1590000000000001,5363.0,0
1.559,13425.0,10736.0,8059.0,13417.5,10729.5,8054.5,8000.0,7000.0,5000.0,-5.125,0.5,-6.875,0.0,0.0,0.0,1.2099999999999775,0.6600000000000005,0.16000000000000011,5366.0,0
1.56,13434.0,10743.0,8064.0,13425.5,10736.5,8059.5,9000.0,7000.0,5000.0,-4.375,0.5,-6.625,0.0,0.0,0.0,1.2109999999999774,0.6610000000000005,0.16100000000000012,5370.0,0
1.561,13443.0,10750.0,8069.0,13434.5,10743.5,8064.5,9000.0,7000.0,5000.0,-4.625,0.5,-6.375,0.0,0.0,0.0,1.2119999999999773,0.6620000000000005,0.16200000000000012,5374.0,0
1.562,13451.0,10757.0,8075.0,13443.5,10750.5,8069.5,8000.0,7000.0,6000.0,-4.875,0.5,-6.125,0.0,0.0,0.0,1.2129999999999772,0.6630000000000005,0.16300000000000012,5376.0,0
1.563,13460.0,10763.0,8080.0,13451.5,10757.5,8075.5,9000.0,6000.0,5000.0,-4.125,0.5,-6.875,0.0,0.0,0.0,1.213999999999977,0.6640000000000005,0.16400000000000012,5380.0,0
1.564,13469.0,10770.0,8085.0,13460.5,10763.5,8080.5,9000.0,7000.0,5000.0,-5.625,0.5,-7.375,0.0,0.0,0.0,1.214999999999977,0.6650000000000005,0.16500000000000012,5384.0,0
1.565,13477.0,10777.0,8090.0,13469.5,10770.5,8085.5,8000.0,7000.0,5000.0,-5.875,0.5,-7.125,0.0,0.0,0.0,1.2159999999999769,0.6660000000000005,0.16600000000000012,5387.0,0
1.566,13486.0,10784.0,8095.0,13477.5,10777.5,8090.5,9000.0,7000.0,5000.0,-5.125,0.5,-6.875,0.0,0.0,0.0,1.2169999999999768,0.6670000000000005,0.16700000000000012,5391.0,0
1.567,13495.0,10791.0,8101.0,13486.5,10784.5,8095.5,9000.0,7000.0,6000.0,-5.375,0.5,-6.625,0.0,0.0,0.0,1.2179999999999767,0.6680000000000005,0.16800000000000012,5394.0,0
1.568,13503.0,10798.0,8106.0,13495.5,10791.5,8101.5,8000.0,7000.0,5000.0,-5.625,0.5,-7.375,0.0,0.0,0.0,1.2189999999999765,0.6690000000000005,0.16900000000000012,5397.0,0
1.569,13512.0,10805.0,8111.0,13503.5,10798.5,8106.5,9000.0,7000.0,5000.0,-4.875,0.5,-7.125,0.0,0.0,0.0,1.2199999999999764,0.6700000000000005,0.17000000000000012,5401.0,0
1.57,13521.0,10812.0,8116.0,13512.5,10805.5,8111.5,9000.0,7000.0,5000.0,-5.125,0.5,-6.875,0.0,0.0,0.0,1.2209999999999763,0.6710000000000005,0.17100000000000012,5405.0,0
1.571,13530.0,10819.0,8122.0,13521.5,10812.5,8116.5,9000.0,7000.0,6000.0,-5.375,0.5,-6.625,0.0,0.0,0.0,1.2219999999999762,0.6720000000000005,0.17200000000000013,5408.0,0
1.572,13538.0,10826.0,8127.0,13530.5,10819.5,8122.5,8000.0,7000.0,5000.0,-5.625,0.5,-7.375,0.0,0.0,0.0,1.222999999999976,0.6730000000000005,0.17300000000000013,5411.0,0
1.573,13547.0,10833.0,8132.0,13538.5,10826.5,8127.5,9000.0,7000.0,5000.0,-4.875,0.5,-7.125,0.0,0.0,0.0,1.223999999999976,0.6740000000000005,0.17400000000000013,5415.0,0
1.574,13556.0,10840.0,8137.0,13547.5,10833.5,8132.5,9000.0,7000.0,5000.0,-5.125,0.5,-6.875,0.0,0.0,0.0,1.2249999999999759,0.6750000000000005,0.17500000000000013,5419.0,0
1.575,13564.0,10847.0,8142.0,13556.5,10840.5,8137.5,8000.0,7000.0,5000.0,-5.375,0.5,-6.625,0.0,0.0,0.0,1.2259999999999758,0.6760000000000005,0.17600000000000013,5422.0,0
1.576,13573.0,10854.0,8148.0,13564.5,10847.5,8142.5,9000.0,7000.0,6000.0,-4.625,0.5,-6.375,0.0,0.0,0.0,1.2269999999999757,0.6770000000000005,0.17700000000000013,5425.0,0
1.577,13582.0,10861.0,8153.0,13573.5,10854.5,8148.5,9000.0,7000.0,5000.0,-4.875,0.5,-7.125,0.0,0.0,0.0,1.2279999999999756,0.6780000000000005,0.17800000000000013,5429.0,0
1.578,13590.0,10868.0,8158.0,13582.5,10861.5,8153.5,8000.0,7000.0,5000.0,-5.125,0.5,-6.875,0.0,0.0,0.0,1.2289999999999754,0.6790000000000005,0.17900000000000013,5432.0,0
1.579,13599.0,10875.0,8163.0,13590.5,10868.5,8158.5,9000.0,7000.0,5000.0,-4.375,0.5,-6.625,0.0,0.0,0.0,1.2299999999999753,0.6800000000000005,0.18000000000000013,5436.0,0
1.58,13608.0,10882.0,8168.0,13599.5,10875.5,8163.5,9000.0,7000.0,5000.0,-4.625,0.5,-6.375,0.0,0.0,0.0,1.2309999999999752,0.6810000000000005,0.18100000000000013,5440.0,0
1.581,13616.0,10888.0,8174.0,13608.5,10882.5,8168.5,8000.0,6000.0,6000.0,-4.875,0.5,-6.125,0.0,0.0,0.0,1.2319999999999751,0.6820000000000005,0.18200000000000013,5442.0,0
1.582,13625.0,10895.0,8179.0,13616.5,10888.5,8174.5,9000.0,7000.0,5000.0,-5.375,0.5,-7.625,0.0,0.0,0.0,1.232999999999975,0.6830000000000005,0.18300000000000013,5446.0,0
1.583,13634.0,10902.0,8184.0,13625.5,10895.5,8179.5,9000.0,7000.0,5000.0,-5.625,0.5,-7.375,0.0,0.0,0.0,1.233999999999975,0.6840000000000005,0.18400000000000014,5450.0,0
1.584,13642.0,10909.0,8189.0,13634.5,10902.5,8184.5,8000.0,7000.0,5000.0,-5.875,0.5,-7.125,0.0,0.0,0.0,1.2349999999999748,0.6850000000000005,0.18500000000000014,5453.0,0
1.585,13651.0,10916.0,8194.0,13642.5,10909.5,8189.5,9000.0,7000.0,5000.0,-5.125,0.5,-6.875,0.0,0.0,0.0,1.2359999999999747,0.6860000000000005,0.18600000000000014,5457.0,0
1.586,13660.0,10923.0,8200.0,13651.5,10916.5,8194.5,9000.0,7000.0,6000.0,-5.375,0.5,-6.625,0.0,0.0,0.0,1.2369999999999746,0.6870000000000005,0.18700000000000014,5460.0,0
1.587,13668.0,10930.0,8205.0,13660.5,10923.5,8200.5,8000.0,7000.0,5000.0,-5.625,0.5,-7.375,0.0,0.0,0.0,1.2379999999999745,0.6880000000000005,0.18800000000000014,5463.0,0
1.588,13677.0,10937.0,8210.0,13668.5,10930.5,8205.5,9000.0,7000.0,5000.0,-4.875,0.5,-7.125,0.0,0.0,0.0,1.2389999999999743,0.6890000000000005,0.18900000000000014,5467.0,0
1.589,13686.0,10944.0,8215.0,13677.5,10937.5,8210.5,9000.0,7000.0,5000.0,-5.125,0.5,-6.875,0.0,0.0,0.0,1.2399999999999742,0.6900000000000005,0.19000000000000014,5471.0,0
1.59,13694.0,10951.0,8220.0,13686.5,10944.5,8215.5,8000.0,7000.0,5000.0,-5.375,0.5,-6.625,0.0,0.0,0.0,1.2409999999999741,0.6910000000000005,0.19100000000000014,5474.0,0
1.591,13703.0,10958.0,8226.0,13694.5,10951.5,8220.5,9000.0,7000.0,6000.0,-4.625,0.5,-6.375,0.0,0.0,0.0,1.241999999999974,0.6920000000000005,0.19200000000000014,5477.0,0
1.592,13712.0,10965.0,8231.0,13703.5,10958.5,8226.5,9000.0,7000.0,5000.0,-4.875,0.5,-7.125,0.0,0.0,0.0,1.242999999999974,0.6930000000000005,0.19300000000000014,5481.0,0
1.593,13720.0,10972.0,8236.0,13712.5,10965.5,8231.5,8000.0,7000.0,5000.0,-5.125,0.5,-6.875,0.0,0.0,0.0,1.2439999999999738,0.6940000000000005,0.19400000000000014,5484.0,0
1.594,13729.0,10979.0,8241.0,13720.5,10972.5,8236.5,9000.0,7000.0,5000.0,-4.375,0.5,-6.625,0.0,0.0,0.0,1.2449999999999737,0.6950000000000005,0.19500000000000015,5488.0,0
1.595,13738.0,10986.0,8246.0,13729.5,10979.5,8241.5,9000.0,7000.0,5000.0,-4.625,0.5,-6.375,0.0,0.0,0.0,1.2459999999999736,0.6960000000000005,0.19600000000000015,5492.0,0
1.596,13746.0,10993.0,8252.0,13738.5,10986.5,8246.5,8000.0,7000.0,6000.0,-4.875,0.5,-6.125,0.0,0.0,0.0,1.2469999999999735,0.6970000000000005,0.19700000000000015,5494.0,0
1.597,13755.0,11000.0,8257.0,13746.5,10993.5,8252.5,9000.0,7000.0,5000.0,-4.125,0.5,-6.875,0.0,0.0,0.0,1.2479999999999734,0.6980000000000005,0.19800000000000015,5498.0,0
1.598,13764.0,11007.0,8262.0,13755.5,11000.5,8257.5,9000.0,7000.0,5000.0,-4.375,0.5,-6.625,0.0,0.0,0.0,1.2489999999999732,0.6990000000000005,0.19900000000000015,5502.0,0
1.599,13772.0,11013.0,8267.0,13764.5,11007.5,8262.5,8000.0,6000.0,5000.0,-4.625,0.5,-6.375,0.0,0.0,0.0,1.2499999999999731,0.7000000000000005,0.20000000000000015,5505.0,0
1.6,13781.0,11020.0,8272.0,13772.5,11013.5,8267.5,9000.0,7000.0,5000.0,-5.125,0.5,-6.875,0.0,0.0,0.0,1.250999999999973,0.7010000000000005,0.20100000000000015,5509.0,0
1.601,13790.0,11027.0,8278.0,13781.5,11020.5,8272.5,9000.0,7000.0,6000.0,-5.375,0.5,-6.625,0.0,0.0,0.0,1.251999999999973,0.7020000000000005,0.20200000000000015,5512.0,0
1.602,13798.0,11034.0,8283.0,13790.5,11027.5,8278.5,8000.0,7000.0,5000.0,-5.625,0.5,-7.375,0.0,0.0,0.0,1.2529999999999728,0.7030000000000005,0.20300000000000015,5515.0,0
1.603,13807.0,11041.0,8288.0,13798.5,11034.5,8283.5,9000.0,7000.0,5000.0,-4.875,0.5,-7.125,0.0,0.0,0.0,1.2539999999999727,0.7040000000000005,0.20400000000000015,5519.0,0
1.604,13816.0,11048.0,8293.0,13807.5,11041.5,8288.5,9000.0,7000.0,5000.0,-5.125,0.5,-6.875,0.0,0.0,0.0,1.2549999999999726,0.7050000000000005,0.20500000000000015,5523.0,0
1.605,13825.0,11055.0,8298.0,13816.5,11048.5,8293.5,9000.0,7000.0,5000.0,-5.375,0.5,-6.625,0.0,0.0,0.0,1.2559999999999725,0.7060000000000005,0.20600000000000016,5527.0,0
1.606,13833.0,11062.0,8304.0,13825.5,11055.5,8298.5,8000.0,7000.0,6000.0,-5.625,0.5,-6.375,0.0,0.0,0.0,1.2569999999999724,0.7070000000000005,0.20700000000000016,5529.0,0
1.607,13842.0,11069.0,8309.0,13833.5,11062.5,8304.5,9000.0,7000.0,5000.0,-4.875,0.5,-7.125,0.0,0.0,0.0,1.2579999999999723,0.7080000000000005,0.20800000000000016,5533.0,0
1.608,13851.0,11076.0,8314.0,13842.5,11069.5,8309.5,9000.0,7000.0,5000.0,-5.125,0.5,-6.875,0.0,0.0,0.0,1.2589999999999721,0.7090000000000005,0.20900000000000016,5537.0,0
1.609,13859.0,11083.0,8319.0,13851.5,11076.5,8314.5,8000.0,7000.0,5000.0,-5.375,0.5,-6.625,0.0,0.0,0.0,1.259999999999972,0.7100000000000005,0.21000000000000016,5540.0,0
1.61,13868.0,11090.0,8325.0,13859.5,11083.5,8319.5,9000.0,7000.0,6000.0,-4.625,0.5,-6.375,0.0,0.0,0.0,1.260999999999972,0.7110000000000005,0.21100000000000016,5543.0,0
1.611,13877.0,11097.0,8330.0,13868.5,11090.5,8325.5,9000.0,7000.0,5000.0,-4.875,0.5,-7.125,0.0,0.0,0.0,1.2619999999999718,0.7120000000000005,0.21200000000000016,5547.0,0
1.612,13885.0,11104.0,8335.0,13877.5,11097.5,8330.5,8000.0,7000.0,5000.0,-5.125,0.5,-6.875,0.0,0.0,0.0,1.2629999999999717,0.7130000000000005,0.21300000000000016,5550.0,0
1.613,13894.0,11111.0,8340.0,13885.5,11104.5,8335.5,9000.0,7000.0,5000.0,-4.375,0.5,-6.625,0.0,0.0,0.0,1.2639999999999716,0.7140000000000005,0.21400000000000016,5554.0,0
1.614,13903.0,11118.0,8345.0,13894.5,11111.5,8340.5,9000.0,7000.0,5000.0,-4.625,0.5,-6.375,0.0,0.0,0.0,1.2649999999999715,0.7150000000000005,0.21500000000000016,5558.0,0
1.615,13911.0,11125.0,8351.0,13903.5,11118.5,8345.5,8000.0,7000.0,6000.0,-4.875,0.5,-6.125,0.0,0.0,0.0,1.2659999999999714,0.7160000000000005,0.21600000000000016,5560.0,0
1.616,13920.0,11132.0,8356.0,13911.5,11125.5,8351.5,9000.0,7000.0,5000.0,-4.125,0.5,-6.875,0.0,0.0,0.0,1.2669999999999713,0.7170000000000005,0.21700000000000016,5564.0,0
1.617,13929.0,11138.0,8361.0,13920.5,11132.5,8356.5,9000.0,6000.0,5000.0,-4.375,0.5,-6.625,0.0,0.0,0.0,1.2679999999999712,0.7180000000000005,0.21800000000000017,5568.0,0
1.618,13937.0,11145.0,8366.0,13929.5,11138.5,8361.5,8000.0,7000.0,5000.0,-5.875,0.5,-7.125,0.0,0.0,0.0,1.268999999999971,0.7190000000000005,0.21900000000000017,5571.0,0
1.619,13946.0,11152.0,8371.0,13937.5,11145.5,8366.5,9000.0,7000.0,5000.0,-5.125,0.5,-6.875,0.0,0.0,0.0,1.269999999999971,0.7200000000000005,0.22000000000000017,5575.0,0
1.62,13955.0,11159.0,8377.0,13946.5,11152.5,8371.5,9000.0,7000.0,6000.0,-5.375,0.5,-6.625,0.0,0.0,0.0,1.2709999999999708,0.7210000000000005,0.22100000000000017,5578.0,0
1.621,13963.0,11166.0,8382.0,13955.5,11159.5,8377.5,8000.0,7000.0,5000.0,-5.625,0.5,-7.375,0.0,0.0,0.0,1.2719999999999707,0.7220000000000005,0.22200000000000017,5581.0,0
1.622,13972.0,11173.0,8387.0,13963.5,11166.5,8382.5,9000.0,7000.0,5000.0,-4.875,0.5,-7.125,0.0,0.0,0.0,1.2729999999999706,0.7230000000000005,0.22300000000000017,5585.0,0
1.623,13981.0,11180.0,8392.0,13972.5,11173.5,8387.5,9000.0,7000.0,5000.0,-5.125,0.5,-6.875,0.0,0.0,0.0,1.2739999999999705,0.7240000000000005,0.22400000000000017,5589.0,0
1.624,13989.0,11187.0,8397.0,13981.5,11180.5,8392.5,8000.0,7000.0,5000.0,-5.375,0.5,-6.625,0.0,0.0,0.0,1.2749999999999704,0.7250000000000005,0.22500000000000017,5592.0,0
1.625,13998.0,11194.0,8403.0,13989.5,11187.5,8397.5,9000.0,7000.0,6000.0,-4.625,0.5,-6.375,0.0,0.0,0.0,1.2759999999999703,0.7260000000000005,0.22600000000000017,5595.0,0
1.6260000000000001,14007.0,11201.0,8408.0,13998.5,11194.5,8403.5,9000.0,7000.0,5000.0,-4.875,0.5,-7.125,0.0,0.0,0.0,1.2769999999999702,0.7270000000000005,0.22700000000000017,5599.0,0
1.627,14015.0,11208.0,8413.0,14007.5,11201.5,8408.5,8000.0,7000.0,5000.0,-5.125,0.5,-6.875,0.0,0.0,0.0,1.27799999999997,0.7280000000000005,0.22800000000000017,5602.0,0
1.6280000000000001,14024.0,11215.0,8418.0,14015.5,11208.5,8413.5,9000.0,7000.0,5000.0,-4.375,0.5,-6.625,0.0,0.0,0.0,1.27899999999997,0.7290000000000005,0.22900000000000018,5606.0,0
1.629,14033.0,11222.0,8423.0,14024.5,11215.5,8418.5,9000.0,7000.0,5000.0,-4.625,0.5,-6.375,0.0,0.0,0.0,1.2799999999999698,0.7300000000000005,0.23000000000000018,5610.0,0
1.6300000000000001,14041.0,11229.0,8429.0,14033.5,11222.5,8423.5,8000.0,7000.0,6000.0,-4.875,0.5,-6.125,0.0,0.0,0.0,1.2809999999999697,0.7310000000000005,0.23100000000000018,5612.0,0
1.631,14050.0,11236.0,8434.0,14041.5,11229.5,8429.5,9000.0,7000.0,5000.0,-4.125,0.5,-6.875,0.0,0.0,0.0,1.2819999999999696,0.7320000000000005,0.23200000000000018,5616.0,0
1.6320000000000001,14059.0,11243.0,8439.0,14050.5,11236.5,8434.5,9000.0,7000.0,5000.0,-4.375,0.5,-6.625,0.0,0.0,0.0,1.2829999999999695,0.7330000000000005,0.23300000000000018,5620.0,0
1.633,14067.0,11250.0,8444.0,14059.5,11243.5,8439.5,8000.0,7000.0,5000.0,-4.625,0.5,-6.375,0.0,0.0,0.0,1.2839999999999694,0.7340000000000005,0.23400000000000018,5623.0,0
1.6340000000000001,14076.0,11257.0,8449.0,14067.5,11250.5,8444.5,9000.0,7000.0,5000.0,-3.875,0.5,-6.125,0.0,0.0,0.0,1.2849999999999693,0.7350000000000005,0.23500000000000018,5627.0,0
1.635,14085.0,11264.0,8455.0,14076.5,11257.5,8449.5,9000.0,7000.0,6000.0,-4.125,0.5,-5.875,0.0,0.0,0.0,1.2859999999999692,0.7360000000000005,0.23600000000000018,5630.0,0
1.6360000000000001,14094.0,11270.0,8460.0,14085.5,11264.5,8455.5,9000.0,6000.0,5000.0,-4.375,0.5,-6.625,0.0,0.0,0.0,1.286999999999969,0.7370000000000005,0.23700000000000018,5634.0,0
1.637,14102.0,11277.0,8465.0,14094.5,11270.5,8460.5,8000.0,7000.0,5000.0,-5.875,0.5,-7.125,0.0,0.0,0.0,1.287999999999969,0.7380000000000005,0.23800000000000018,5637.0,0
1.6380000000000001,14111.0,11284.0,8470.0,14102.5,11277.5,8465.5,9000.0,7000.0,5000.0,-5.125,0.5,-6.875,0.0,0.0,0.0,1.2889999999999688,0.7390000000000005,0.23900000000000018,5641.0,0
1.639,14120.0,11291.0,8475.0,14111.5,11284.5,8470.5,9000.0,7000.0,5000.0,-5.375,0.5,-6.625,0.0,0.0,0.0,1.2899999999999687,0.7400000000000005,0.24000000000000019,5645.0,0
1.6400000000000001,14128.0,11298.0,8481.0,14120.5,11291.5,8475.5,8000.0,7000.0,6000.0,-5.625,0.5,-6.375,0.0,0.0,0.0,1.2909999999999686,0.7410000000000005,0.2410000000000002,5647.0,0
1.641,14137.0,11305.0,8486.0,14128.5,11298.5,8481.5,9000.0,7000.0,5000.0,-4.875,0.5,-7.125,0.0,0.0,0.0,1.2919999999999685,0.7420000000000005,0.2420000000000002,5651.0,0
1.6420000000000001,14146.0,11312.0,8491.0,14137.5,11305.5,8486.5,9000.0,7000.0,5000.0,-5.125,0.5,-6.875,0.0,0.0,0.0,1.2929999999999684,0.7430000000000005,0.2430000000000002,5655.0,0
1.643,14154.0,11319.0,8496.0,14146.5,11312.5,8491.5,8000.0,7000.0,5000.0,-5.375,0.5,-6.625,0.0,0.0,0.0,1.2939999999999683,0.7440000000000005,0.2440000000000002,5658.0,0
1.6440000000000001,14163.0,11326.0,8501.0,14154.5,11319.5,8496.5,9000.0,7000.0,5000.0,-4.625,0.5,-6.375,0.0,0.0,0.0,1.2949999999999682,0.7450000000000006,0.2450000000000002,5662.0,0
1.645,14172.0,11333.0,8507.0,14163.5,11326.5,8501.5,9000.0,7000.0,6000.0,-4.875,0.5,-6.125,0.0,0.0,0.0,1.295999999999968,0.7460000000000006,0.2460000000000002,5665.0,0
1.6460000000000001,14180.0,11340.0,8512.0,14172.5,11333.5,8507.5,8000.0,7000.0,5000.0,-5.125,0.5,-6.875,0.0,0.0,0.0,1.296999999999968,0.7470000000000006,0.2470000000000002,5668.0,0
1.647,14189.0,11347.0,8517.0,14180.5,11340.5,8512.5,9000.0,7000.0,5000.0,-4.375,0.5,-6.625,0.0,0.0,0.0,1.2979999999999678,0.7480000000000006,0.2480000000000002,5672.0,0
1.6480000000000001,14198.0,11354.0,8522.0,14189.5,11347.5,8517.5,9000.0,7000.0,5000.0,-4.625,0.5,-6.375,0.0,0.0,0.0,1.2989999999999677,0.7490000000000006,0.2490000000000002,5676.0,0
1.649,14206.0,11361.0,8528.0,14198.5,11354.5,8522.5,8000.0,7000.0,6000.0,-4.875,0.5,-6.125,0.0,0.0,0.0,1.2999999999999676,0.7500000000000006,0.25000000000000017,5678.0,0
1.6500000000000001,14215.0,11368.0,8533.0,14206.5,11361.5,8528.5,9000.0,7000.0,5000.0,-4.125,0.5,-6.875,0.0,0.0,0.0,1.3009999999999675,0.7510000000000006,0.25100000000000017,5682.0,0
1.651,14224.0,11375.0,8538.0,14215.5,11368.5,8533.5,9000.0,7000.0,5000.0,-4.375,0.5,-6.625,0.0,0.0,0.0,1.3019999999999674,0.7520000000000006,0.25200000000000017,5686.0,0
1.6520000000000001,14232.0,11382.0,8543.0,14224.5,11375.5,8538.5,8000.0,7000.0,5000.0,-4.625,0.5,-6.375,0.0,0.0,0.0,1.3029999999999673,0.7530000000000006,0.25300000000000017,5689.0,0
1.653,14241.0,11389.0,8548.0,14232.5,11382.5,8543.5,9000.0,7000.0,5000.0,-3.875,0.5,-6.125,0.0,0.0,0.0,1.3039999999999672,0.7540000000000006,0.25400000000000017,5693.0,0
1.6540000000000001,14250.0,11395.0,8554.0,14241.5,11389.5,8548.5,9000.0,6000.0,6000.0,-4.125,0.5,-5.875,0.0,0.0,0.0,1.304999999999967,0.7550000000000006,0.25500000000000017,5696.0,0
1.655,14258.0,11402.0,8559.0,14250.5,11395.5,8554.5,8000.0,7000.0,5000.0,-5.625,0.5,-7.375,0.0,0.0,0.0,1.305999999999967,0.7560000000000006,0.25600000000000017,5699.0,0
1.6560000000000001,14267.0,11409.0,8564.0,14258.5,11402.5,8559.5,9000.0,7000.0,5000.0,-4.875,0.5,-7.125,0.0,0.0,0.0,1.3069999999999669,0.7570000000000006,0.2570000000000002,5703.0,0
1.657,14276.0,11416.0,8569.0,14267.5,11409.5,8564.5,9000.0,7000.0,5000.0,-5.125,0.5,-6.875,0.0,0.0,0.0,1.3079999999999667,0.7580000000000006,0.2580000000000002,5707.0,0
1.6580000000000001,14284.0,11423.0,8574.0,14276.5,11416.5,8569.5,8000.0,7000.0,5000.0,-5.375,0.5,-6.625,0.0,0.0,0.0,1.3089999999999666,0.7590000000000006,0.2590000000000002,5710.0,0
1.659,14293.0,11430.0,8580.0,14284.5,11423.5,8574.5,9000.0,7000.0,6000.0,-4.625,0.5,-6.375,0.0,0.0,0.0,1.3099999999999665,0.7600000000000006,0.2600000000000002,5713.0,0
1.6600000000000001,14302.0,11437.0,8585.0,14293.5,11430.5,8580.5,9000.0,7000.0,5000.0,-4.875,0.5,-7.125,0.0,0.0,0.0,1.3109999999999664,0.7610000000000006,0.2610000000000002,5717.0,0
1.661,14310.0,11444.0,8590.0,14302.5,11437.5,8585.5,8000.0,7000.0,5000.0,-5.125,0.5,-6.875,0.0,0.0,0.0,1.3119999999999663,0.7620000000000006,0.2620000000000002,5720.0,0
1.6620000000000001,14319.0,11451.0,8595.0,14310.5,11444.5,8590.5,9000.0,7000.0,5000.0,-4.375,0.5,-6.625,0.0,0.0,0.0,1.3129999999999662,0.7630000000000006,0.2630000000000002,5724.0,0
1.663,14328.0,11458.0,8600.0,14319.5,11451.5,8595.5,9000.0,7000.0,5000.0,-4.625,0.5,-6.375,0.0,0.0,0.0,1.313999999999966,0.7640000000000006,0.2640000000000002,5728.0,0
1.6640000000000001,14336.0,11465.0,8606.0,14328.5,11458.5,8600.5,8000.0,7000.0,6000.0,-4.875,0.5,-6.125,0.0,0.0,0.0,1.314999999999966,0.7650000000000006,0.2650000000000002,5730.0,0
1.665,14345.0,11472.0,8611.0,14336.5,11465.5,8606.5,9000.0,7000.0,5000.0,-4.125,0.5,-6.875,0.0,0.0,0.0,1.3159999999999659,0.7660000000000006,0.2660000000000002,5734.0,0
1.666,14354.0,11479.0,8616.0,14345.5,11472.5,8611.5,9000.0,7000.0,5000.0,-4.375,0.5,-6.625,0.0,0.0,0.0,1.3169999999999658,0.7670000000000006,0.2670000000000002,5738.0,0
1.667,14362.0,11486.0,8621.0,14354.5,11479.5,8616.5,8000.0,7000.0,5000.0,-4.625,0.5,-6.375,0.0,0.0,0.0,1.3179999999999656,0.7680000000000006,0.2680000000000002,5741.0,0
1.668,14371.0,11493.0,8626.0,14362.5,11486.5,8621.5,9000.0,7000.0,5000.0,-3.875,0.5,-6.125,0.0,0.0,0.0,1.3189999999999655,0.7690000000000006,0.2690000000000002,5745.0,0
1.669,14380.0,11500.0,8632.0,14371.5,11493.5,8626.5,9000.0,7000.0,6000.0,-4.125,0.5,-5.875,0.0,0.0,0.0,1.3199999999999654,0.7700000000000006,0.2700000000000002,5748.0,0
1.67,14389.0,11507.0,8637.0,14380.5,11500.5,8632.5,9000.0,7000.0,5000.0,-4.375,0.5,-6.625,0.0,0.0,0.0,1.3209999999999653,0.7710000000000006,0.2710000000000002,5752.0,0
1.671,14397.0,11514.0,8642.0,14389.5,11507.5,8637.5,8000.0,7000.0,5000.0,-4.625,0.5,-6.375,0.0,0.0,0.0,1.3219999999999652,0.7720000000000006,0.2720000000000002,5755.0,0
1.672,14406.0,11520.0,8647.0,14397.5,11514.5,8642.5,9000.0,6000.0,5000.0,-3.875,0.5,-6.125,0.0,0.0,0.0,1.322999999999965,0.7730000000000006,0.2730000000000002,5759.0,0
1.673,14415.0,11527.0,8652.0,14406.5,11520.5,8647.5,9000.0,7000.0,5000.0,-5.375,0.5,-6.625,0.0,0.0,0.0,1.323999999999965,0.7740000000000006,0.2740000000000002,5763.0,0
1.674,14423.0,11534.0,8658.0,14415.5,11527.5,8652.5,8000.0,7000.0,6000.0,-5.625,0.5,-6.375,0.0,0.0,0.0,1.3249999999999649,0.7750000000000006,0.2750000000000002,5765.0,0
1.675,14432.0,11541.0,8663.0,14423.5,11534.5,8658.5,9000.0,7000.0,5000.0,-4.875,0.5,-7.125,0.0,0.0,0.0,1.3259999999999648,0.7760000000000006,0.2760000000000002,5769.0,0
1.676,14441.0,11548.0,8668.0,14432.5,11541.5,8663.5,9000.0,7000.0,5000.0,-5.125,0.5,-6.875,0.0,0.0,0.0,1.3269999999999647,0.7770000000000006,0.2770000000000002,5773.0,0
1.677,14449.0,11555.0,8673.0,14441.5,11548.5,8668.5,8000.0,7000.0,5000.0,-5.375,0.5,-6.625,0.0,0.0,0.0,1.3279999999999645,0.7780000000000006,0.2780000000000002,5776.0,0
1.678,14458.0,11562.0,8678.0,14449.5,11555.5,8673.5,9000.0,7000.0,5000.0,-4.625,0.5,-6.375,0.0,0.0,0.0,1.3289999999999644,0.7790000000000006,0.2790000000000002,5780.0,0
1.679,14467.0,11569.0,8684.0,14458.5,11562.5,8678.5,9000.0,7000.0,6000.0,-4.875,0.5,-6.125,0.0,0.0,0.0,1.3299999999999643,0.7800000000000006,0.2800000000000002,5783.0,0
1.68,14475.0,11576.0,8689.0,14467.5,11569.5,8684.5,8000.0,7000.0,5000.0,-5.125,0.5,-6.875,0.0,0.0,0.0,1.3309999999999642,0.7810000000000006,0.2810000000000002,5786.0,0
1.681,14484.0,11583.0,8694.0,14475.5,11576.5,8689.5,9000.0,7000.0,5000.0,-4.375,0.5,-6.625,0.0,0.0,0.0,1.331999999999964,0.7820000000000006,0.2820000000000002,5790.0,0
1.682,14493.0,11590.0,8699.0,14484.5,11583.5,8694.5,9000.0,7000.0,5000.0,-4.625,0.5,-6.375,0.0,0.0,0.0,1.332999999999964,0.7830000000000006,0.2830000000000002,5794.0,0
1.683,14501.0,11597.0,8704.0,14493.5,11590.5,8699.5,8000.0,7000.0,5000.0,-4.875,0.5,-6.125,0.0,0.0,0.0,1.3339999999999639,0.7840000000000006,0.2840000000000002,5797.0,0
1.684,14510.0,11604.0,8710.0,14501.5,11597.5,8704.5,9000.0,7000.0,6000.0,-4.125,0.5,-5.875,0.0,0.0,0.0,1.3349999999999638,0.7850000000000006,0.2850000000000002,5800.0,0
1.685,14519.0,11611.0,8715.0,14510.5,11604.5,8710.5,9000.0,7000.0,5000.0,-4.375,0.5,-6.625,0.0,0.0,0.0,1.3359999999999637,0.7860000000000006,0.2860000000000002,5804.0,0
1.686,14527.0,11618.0,8720.0,14519.5,11611.5,8715.5,8000.0,7000.0,5000.0,-4.625,0.5,-6.375,0.0,0.0,0.0,1.3369999999999636,0.7870000000000006,0.2870000000000002,5807.0,0
1.687,14536.0,11625.0,8725.0,14527.5,11618.5,8720.5,9000.0,7000.0,5000.0,-3.875,0.5,-6.125,0.0,0.0,0.0,1.3379999999999634,0.7880000000000006,0.2880000000000002,5811.0,0
1.688,14545.0,11632.0,8731.0,14536.5,11625.5,8725.5,9000.0,7000.0,6000.0,-4.125,0.5,-5.875,0.0,0.0,0.0,1.3389999999999633,0.7890000000000006,0.2890000000000002,5814.0,0
1.689,14553.0,11639.0,8736.0,14545.5,11632.5,8731.5,8000.0,7000.0,5000.0,-4.375,0.5,-6.625,0.0,0.0,0.0,1.3399999999999632,0.7900000000000006,0.2900000000000002,5817.0,0
1.69,14562.0,11645.0,8741.0,14553.5,11639.5,8736.5,9000.0,6000.0,5000.0,-3.625,0.5,-6.375,0.0,0.0,0.0,1.340999999999963,0.7910000000000006,0.2910000000000002,5821.0,0
1.691,14571.0,11652.0,8746.0,14562.5,11645.5,8741.5,9000.0,7000.0,5000.0,-5.125,0.5,-6.875,0.0,0.0,0.0,1.341999999999963,0.7920000000000006,0.2920000000000002,5825.0,0
1.692,14579.0,11659.0,8751.0,14571.5,11652.5,8746.5,8000.0,7000.0,5000.0,-5.375,0.5,-6.625,0.0,0.0,0.0,1.342999999999963,0.7930000000000006,0.2930000000000002,5828.0,0
1.693,14588.0,11666.0,8757.0,14579.5,11659.5,8751.5,9000.0,7000.0,6000.0,-4.625,0.5,-6.375,0.0,0.0,0.0,1.3439999999999628,0.7940000000000006,0.2940000000000002,5831.0,0
1.694,14597.0,11673.0,8762.0,14588.5,11666.5,8757.5,9000.0,7000.0,5000.0,-4.875,0.5,-7.125,0.0,0.0,0.0,1.3449999999999627,0.7950000000000006,0.2950000000000002,5835.0,0
1.695,14605.0,11680.0,8767.0,14597.5,11673.5,8762.5,8000.0,7000.0,5000.0,-5.125,0.5,-6.875,0.0,0.0,0.0,1.3459999999999626,0.7960000000000006,0.2960000000000002,5838.0,0
1.696,14614.0,11687.0,8772.0,14605.5,11680.5,8767.5,9000.0,7000.0,5000.0,-4.375,0.5,-6.625,0.0,0.0,0.0,1.3469999999999624,0.7970000000000006,0.2970000000000002,5842.0,0
1.697,14623.0,11694.0,8777.0,14614.5,11687.5,8772.5,9000.0,7000.0,5000.0,-4.625,0.5,-6.375,0.0,0.0,0.0,1.3479999999999623,0.7980000000000006,0.2980000000000002,5846.0,0
1.698,14631.0,11701.0,8783.0,14623.5,11694.5,8777.5,8000.0,7000.0,6000.0,-4.875,0.5,-6.125,0.0,0.0,0.0,1.3489999999999622,0.7990000000000006,0.2990000000000002,5848.0,0
1.699,14640.0,11708.0,8788.0,14631.5,11701.5,8783.5,9000.0,7000.0,5000.0,-4.125,0.5,-6.875,0.0,0.0,0.0,1.3499999999999621,0.8000000000000006,0.3000000000000002,5852.0,0
1.7,14649.0,11715.0,8793.0,14640.5,11708.5,8788.5,9000.0,7000.0,5000.0,-4.375,0.5,-6.625,0.0,0.0,0.0,1.350999999999962,0.8010000000000006,0.3010000000000002,5856.0,0
1.701,14657.0,11722.0,8798.0,14649.5,11715.5,8793.5,8000.0,7000.0,5000.0,-4.625,0.5,-6.375,0.0,0.0,0.0,1.351999999999962,0.8020000000000006,0.3020000000000002,5859.0,0
1.702,14666.0,11729.0,8803.0,14657.5,11722.5,8798.5,9000.0,7000.0,5000.0,-3.875,0.5,-6.125,0.0,0.0,0.0,1.3529999999999618,0.8030000000000006,0.3030000000000002,5863.0,0
1.703,14675.0,11736.0,8809.0,14666.5,11729.5,8803.5,9000.0,7000.0,6000.0,-4.125,0.5,-5.875,0.0,0.0,0.0,1.3539999999999617,0.8040000000000006,0.3040000000000002,5866.0,0
1.704,14684.0,11743.0,8814.0,14675.5,11736.5,8809.5,9000.0,7000.0,5000.0,-4.375,0.5,-6.625,0.0,0.0,0.0,1.3549999999999616,0.8050000000000006,0.3050000000000002,5870.0,0
1.705,14692.0,11750.0,8819.0,14684.5,11743.5,8814.5,8000.0,7000.0,5000.0,-4.625,0.5,-6.375,0.0,0.0,0.0,1.3559999999999615,0.8060000000000006,0.3060000000000002,5873.0,0
1.706,14701.0,11757.0,8824.0,14692.5,11750.5,8819.5,9000.0,7000.0,5000.0,-3.875,0.5,-6.125,0.0,0.0,0.0,1.3569999999999613,0.8070000000000006,0.3070000000000002,5877.0,0
1.707,14710.0,11764.0,8829.0,14701.5,11757.5,8824.5,9000.0,7000.0,5000.0,-4.125,0.5,-5.875,0.0,0.0,0.0,1.3579999999999612,0.8080000000000006,0.3080000000000002,5881.0,0
1.708,14718.0,11770.0,8835.0,14710.5,11764.5,8829.5,8000.0,6000.0,6000.0,-4.375,0.5,-5.625,0.0,0.0,0.0,1.3589999999999611,0.8090000000000006,0.3090000000000002,5883.0,0
1.709,14727.0,11777.0,8840.0,14718.5,11770.5,8835.5,9000.0,7000.0,5000.0,-4.875,0.5,-7.125,0.0,0.0,0.0,1.359999999999961,0.8100000000000006,0.3100000000000002,5887.0,0
1.71,14736.0,11784.0,8845.0,14727.5,11777.5,8840.5,9000.0,7000.0,5000.0,-5.125,0.5,-6.875,0.0,0.0,0.0,1.360999999999961,0.8110000000000006,0.3110000000000002,5891.0,0
1.711,14744.0,11791.0,8850.0,14736.5,11784.5,8845.5,8000.0,7000.0,5000.0,-5.375,0.5,-6.625,0.0,0.0,0.0,1.3619999999999608,0.8120000000000006,0.3120000000000002,5894.0,0
1.712,14753.0,11798.0,8855.0,14744.5,11791.5,8850.5,9000.0,7000.0,5000.0,-4.625,0.5,-6.375,0.0,0.0,0.0,1.3629999999999607,0.8130000000000006,0.3130000000000002,5898.0,0
1.713,14762.0,11805.0,8861.0,14753.5,11798.5,8855.5,9000.0,7000.0,6000.0,-4.875,0.5,-6.125,0.0,0.0,0.0,1.3639999999999606,0.8140000000000006,0.3140000000000002,5901.0,0
1.714,14770.0,11812.0,8866.0,14762.5,11805.5,8861.5,8000.0,7000.0,5000.0,-5.125,0.5,-6.875,0.0,0.0,0.0,1.3649999999999605,0.8150000000000006,0.3150000000000002,5904.0,0
1.715,14779.0,11819.0,8871.0,14770.5,11812.5,8866.5,9000.0,7000.0,5000.0,-4.375,0.5,-6.625,0.0,0.0,0.0,1.3659999999999604,0.8160000000000006,0.3160000000000002,5908.0,0
1.716,14788.0,11826.0,8876.0,14779.5,11819.5,8871.5,9000.0,7000.0,5000.0,-4.625,0.5,-6.375,0.0,0.0,0.0,1.3669999999999602,0.8170000000000006,0.3170000000000002,5912.0,0
1.717,14796.0,11833.0,8881.0,14788.5,11826.5,8876.5,8000.0,7000.0,5000.0,-4.875,0.5,-6.125,0.0,0.0,0.0,1.3679999999999601,0.8180000000000006,0.3180000000000002,5915.0,0
1.718,14805.0,11840.0,8887.0,14796.5,11833.5,8881.5,9000.0,7000.0,6000.0,-4.125,0.5,-5.875,0.0,0.0,0.0,1.36899999999996,0.8190000000000006,0.31900000000000023,5918.0,0
1.719,14814.0,11847.0,8892.0,14805.5,11840.5,8887.5,9000.0,7000.0,5000.0,-4.375,0.5,-6.625,0.0,0.0,0.0,1.36999999999996,0.8200000000000006,0.32000000000000023,5922.0,0
1.72,14822.0,11854.0,8897.0,14814.5,11847.5,8892.5,8000.0,7000.0,5000.0,-4.625,0.5,-6.375,0.0,0.0,0.0,1.3709999999999598,0.8210000000000006,0.32100000000000023,5925.0,0
1.721,14831.0,11861.0,8902.0,14822.5,11854.5,8897.5,9000.0,7000.0,5000.0,-3.875,0.5,-6.125,0.0,0.0,0.0,1.3719999999999597,0.8220000000000006,0.32200000000000023,5929.0,0
1.722,14840.0,11868.0,8907.0,14831.5,11861.5,8902.5,9000.0,7000.0,5000.0,-4.125,0.5,-5.875,0.0,0.0,0.0,1.3729999999999596,0.8230000000000006,0.32300000000000023,5933.0,0
1.723,14848.0,11875.0,8913.0,14840.5,11868.5,8907.5,8000.0,7000.0,6000.0,-4.375,0.5,-5.625,0.0,0.0,0.0,1.3739999999999595,0.8240000000000006,0.32400000000000023,5935.0,0
1.724,14857.0,11882.0,8918.0,14848.5,11875.5,8913.5,9000.0,7000.0,5000.0,-3.625,0.5,-6.375,0.0,0.0,0.0,1.3749999999999594,0.8250000000000006,0.32500000000000023,5939.0,0
1.725,14866.0,11889.0,8923.0,14857.5,11882.5,8918.5,9000.0,7000.0,5000.0,-3.875,0.5,-6.125,0.0,0.0,0.0,1.3759999999999593,0.8260000000000006,0.32600000000000023,5943.0,0
1.726,14874.0,11895.0,8928.0,14866.5,11889.5,8923.5,8000.0,6000.0,5000.0,-4.125,0.5,-5.875,0.0,0.0,0.0,1.3769999999999591,0.8270000000000006,0.32700000000000023,5946.0,0
1.727,14883.0,11902.0,8934.0,14874.5,11895.5,8928.5,9000.0,7000.0,6000.0,-4.625,0.5,-6.375,0.0,0.0,0.0,1.377999999999959,0.8280000000000006,0.32800000000000024,5949.0,0
1.728,14892.0,11909.0,8939.0,14883.5,11902.5,8934.5,9000.0,7000.0,5000.0,-4.875,0.5,-7.125,0.0,0.0,0.0,1.378999999999959,0.8290000000000006,0.32900000000000024,5953.0,0
1.729,14900.0,11916.0,8944.0,14892.5,11909.5,8939.5,8000.0,7000.0,5000.0,-5.125,0.5,-6.875,0.0,0.0,0.0,1.3799999999999588,0.8300000000000006,0.33000000000000024,5956.0,0
1.73,14909.0,11923.0,8949.0,14900.5,11916.5,8944.5,9000.0,7000.0,5000.0,-4.375,0.5,-6.625,0.0,0.0,0.0,1.3809999999999587,0.8310000000000006,0.33100000000000024,5960.0,0
1.731,14918.0,11930.0,8954.0,14909.5,11923.5,8949.5,9000.0,7000.0,5000.0,-4.625,0.5,-6.375,0.0,0.0,0.0,1.3819999999999586,0.8320000000000006,0.33200000000000024,5964.0,0
1.732,14926.0,11937.0,8960.0,14918.5,11930.5,8954.5,8000.0,7000.0,6000.0,-4.875,0.5,-6.125,0.0,0.0,0.0,1.3829999999999585,0.8330000000000006,0.33300000000000024,5966.0,0
1.733,14935.0,11944.0,8965.0,14926.5,11937.5,8960.5,9000.0,7000.0,5000.0,-4.125,0.5,-6.875,0.0,0.0,0.0,1.3839999999999584,0.8340000000000006,0.33400000000000024,5970.0,0
1.734,14944.0,11951.0,8970.0,14935.5,11944.5,8965.5,9000.0,7000.0,5000.0,-4.375,0.5,-6.625,0.0,0.0,0.0,1.3849999999999583,0.8350000000000006,0.33500000000000024,5974.0,0
1.735,14953.0,11958.0,8975.0,14944.5,11951.5,8970.5,9000.0,7000.0,5000.0,-4.625,0.5,-6.375,0.0,0.0,0.0,1.3859999999999582,0.8360000000000006,0.33600000000000024,5978.0,0
1.736,14961.0,11965.0,8980.0,14953.5,11958.5,8975.5,8000.0,7000.0,5000.0,-4.875,0.5,-6.125,0.0,0.0,0.0,1.386999999999958,0.8370000000000006,0.33700000000000024,5981.0,0
1.737,14970.0,11972.0,8986.0,14961.5,11965.5,8980.5,9000.0,7000.0,6000.0,-4.125,0.5,-5.875,0.0,0.0,0.0,1.387999999999958,0.8380000000000006,0.33800000000000024,5984.0,0
1.738,14979.0,11979.0,8991.0,14970.5,11972.5,8986.5,9000.0,7000.0,5000.0,-4.375,0.5,-6.625,0.0,0.0,0.0,1.3889999999999578,0.8390000000000006,0.33900000000000025,5988.0,0
1.739,14987.0,11986.0,8996.0,14979.5,11979.5,8991.5,8000.0,7000.0,5000.0,-4.625,0.5,-6.375,0.0,0.0,0.0,1.3899999999999577,0.8400000000000006,0.34000000000000025,5991.0,0
1.74,14996.0,11993.0,9001.0,14987.5,11986.5,8996.5,9000.0,7000.0,5000.0,-3.875,0.5,-6.125,0.0,0.0,0.0,1.3909999999999576,0.8410000000000006,0.34100000000000025,5995.0,0
1.741,15005.0,12000.0,9006.0,14996.5,11993.5,9001.5,9000.0,7000.0,5000.0,-4.125,0.5,-5.875,0.0,0.0,0.0,1.3919999999999575,0.8420000000000006,0.34200000000000025,5999.0,0
1.742,15013.0,12007.0,9012.0,15005.5,12000.5,9006.5,8000.0,7000.0,6000.0,-4.375,0.5,-5.625,0.0,0.0,0.0,1.3929999999999574,0.8430000000000006,0.34300000000000025,6001.0,0
1.743,15022.0,12014.0,9017.0,15013.5,12007.5,9012.5,9000.0,7000.0,5000.0,-3.625,0.5,-6.375,0.0,0.0,0.0,1.3939999999999573,0.8440000000000006,0.34400000000000025,6005.0,0
1.744,15031.0,12020.0,9022.0,15022.5,12014.5,9017.5,9000.0,6000.0,5000.0,-3.875,0.5,-6.125,0.0,0.0,0.0,1.3949999999999572,0.8450000000000006,0.34500000000000025,6009.0,0
1.745,15039.0,12027.0,9027.0,15031.5,12020.5,9022.5,8000.0,7000.0,5000.0,-5.375,0.5,-6.625,0.0,0.0,0.0,1.395999999999957,0.8460000000000006,0.34600000000000025,6012.0,0
1.746,15048.0,12034.0,9032.0,15039.5,12027.5,9027.5,9000.0,7000.0,5000.0,-4.625,0.5,-6.375,0.0,0.0,0.0,1.396999999999957,0.8470000000000006,0.34700000000000025,6016.0,0
1.747,15057.0,12041.0,9038.0,15048.5,12034.5,9032.5,9000.0,7000.0,6000.0,-4.875,0.5,-6.125,0.0,0.0,0.0,1.3979999999999568,0.8480000000000006,0.34800000000000025,6019.0,0
1.748,15065.0,12048.0,9043.0,15057.5,12041.5,9038.5,8000.0,7000.0,5000.0,-5.125,0.5,-6.875,0.0,0.0,0.0,1.3989999999999567,0.8490000000000006,0.34900000000000025,6022.0,0
1.749,15074.0,12055.0,9048.0,15065.5,12048.5,9043.5,9000.0,7000.0,5000.0,-4.375,0.5,-6.625,0.0,0.0,0.0,1.3999999999999566,0.8500000000000006,0.35000000000000026,6026.0,0
1.75,15083.0,12062.0,9053.0,15074.5,12055.5,9048.5,9000.0,7000.0,5000.0,-4.625,0.5,-6.375,0.0,0.0,0.0,1.4009999999999565,0.8510000000000006,0.35100000000000026,6030.0,0
1.7510000000000001,15091.0,12069.0,9058.0,15083.5,12062.5,9053.5,8000.0,7000.0,5000.0,-4.875,0.5,-6.125,0.0,0.0,0.0,1.4019999999999564,0.8520000000000006,0.35200000000000026,6033.0,0
1.752,15100.0,12076.0,9064.0,15091.5,12069.5,9058.5,9000.0,7000.0,6000.0,-4.125,0.5,-5.875,0.0,0.0,0.0,1.4029999999999563,0.8530000000000006,0.35300000000000026,6036.0,0
1.7530000000000001,15109.0,12083.0,9069.0,15100.5,12076.5,9064.5,9000.0,7000.0,5000.0,-4.375,0.5,-6.625,0.0,0.0,0.0,1.4039999999999562,0.8540000000000006,0.35400000000000026,6040.0,0
1.754,15117.0,12090.0,9074.0,15109.5,12083.5,9069.5,8000.0,7000.0,5000.0,-4.625,0.5,-6.375,0.0,0.0,0.0,1.404999999999956,0.8550000000000006,0.35500000000000026,6043.0,0
1.7550000000000001,15126.0,12097.0,9079.0,15117.5,12090.5,9074.5,9000.0,7000.0,5000.0,-3.875,0.5,-6.125,0.0,0.0,0.0,1.405999999999956,0.8560000000000006,0.35600000000000026,6047.0,0
1.756,15135.0,12104.0,9084.0,15126.5,12097.5,9079.5,9000.0,7000.0,5000.0,-4.125,0.5,-5.875,0.0,0.0,0.0,1.4069999999999558,0.8570000000000007,0.35700000000000026,6051.0,0
1.7570000000000001,15143.0,12111.0,9090.0,15135.5,12104.5,9084.5,8000.0,7000.0,6000.0,-4.375,0.5,-5.625,0.0,0.0,0.0,1.4079999999999557,0.8580000000000007,0.35800000000000026,6053.0,0
1.758,15152.0,12118.0,9095.0,15143.5,12111.5,9090.5,9000.0,7000.0,5000.0,-3.625,0.5,-6.375,0.0,0.0,0.0,1.4089999999999556,0.8590000000000007,0.35900000000000026,6057.0,0
1.7590000000000001,15161.0,12125.0,9100.0,15152.5,12118.5,9095.5,9000.0,7000.0,5000.0,-3.875,0.5,-6.125,0.0,0.0,0.0,1.4099999999999555,0.8600000000000007,0.36000000000000026,6061.0,0
1.76,15169.0,12132.0,9105.0,15161.5,12125.5,9100.5,8000.0,7000.0,5000.0,-4.125,0.5,-5.875,0.0,0.0,0.0,1.4109999999999554,0.8610000000000007,0.36100000000000027,6064.0,0
1.7610000000000001,15178.0,12139.0,9110.0,15169.5,12132.5,9105.5,9000.0,7000.0,5000.0,-3.375,0.5,-5.625,0.0,0.0,0.0,1.4119999999999553,0.8620000000000007,0.36200000000000027,6068.0,0
1.762,15187.0,12145.0,9116.0,15178.5,12139.5,9110.5,9000.0,6000.0,6000.0,-3.625,0.5,-5.375,0.0,0.0,0.0,1.4129999999999552,0.8630000000000007,0.36300000000000027,6071.0,0
1.7630000000000001,15195.0,12152.0,9121.0,15187.5,12145.5,9116.5,8000.0,7000.0,5000.0,-5.125,0.5,-6.875,0.0,0.0,0.0,1.413999999999955,0.8640000000000007,0.36400000000000027,6074.0,0
1.764,15204.0,12159.0,9126.0,15195.5,12152.5,9121.5,9000.0,7000.0,5000.0,-4.375,0.5,-6.625,0.0,0.0,0.0,1.414999999999955,0.8650000000000007,0.36500000000000027,6078.0,0
1.7650000000000001,15213.0,12166.0,9131.0,15204.5,12159.5,9126.5,9000.0,7000.0,5000.0,-4.625,0.5,-6.375,0.0,0.0,0.0,1.4159999999999549,0.8660000000000007,0.36600000000000027,6082.0,0
1.766,15221.0,12173.0,9137.0,15213.5,12166.5,9131.5,8000.0,7000.0,6000.0,-4.875,0.5,-6.125,0.0,0.0,0.0,1.4169999999999547,0.8670000000000007,0.36700000000000027,6084.0,0
1.7670000000000001,15230.0,12180.0,9142.0,15221.5,12173.5,9137.5,9000.0,7000.0,5000.0,-4.125,0.5,-6.875,0.0,0.0,0.0,1.4179999999999546,0.8680000000000007,0.36800000000000027,6088.0,0
1.768,15239.0,12187.0,9147.0,15230.5,12180.5,9142.5,9000.0,7000.0,5000.0,-4.375,0.5,-6.625,0.0,0.0,0.0,1.4189999999999545,0.8690000000000007,0.36900000000000027,6092.0,0
1.7690000000000001,15248.0,12194.0,9152.0,15239.5,12187.5,9147.5,9000.0,7000.0,5000.0,-4.625,0.5,-6.375,0.0,0.0,0.0,1.4199999999999544,0.8700000000000007,0.3700000000000003,6096.0,0
1.77,15256.0,12201.0,9157.0,15248.5,12194.5,9152.5,8000.0,7000.0,5000.0,-4.875,0.5,-6.125,0.0,0.0,0.0,1.4209999999999543,0.8710000000000007,0.3710000000000003,6099.0,0
1.7710000000000001,15265.0,12208.0,9163.0,15256.5,12201.5,9157.5,9000.0,7000.0,6000.0,-4.125,0.5,-5.875,0.0,0.0,0.0,1.4219999999999542,0.8720000000000007,0.3720000000000003,6102.0,0
1.772,15274.0,12215.0,9168.0,15265.5,12208.5,9163.5,9000.0,7000.0,5000.0,-4.375,0.5,-6.625,0.0,0.0,0.0,1.422999999999954,0.8730000000000007,0.3730000000000003,6106.0,0
1.7730000000000001,15282.0,12222.0,9173.0,15274.5,12215.5,9168.5,8000.0,7000.0,5000.0,-4.625,0.5,-6.375,0.0,0.0,0.0,1.423999999999954,0.8740000000000007,0.3740000000000003,6109.0,0
1.774,15291.0,12229.0,9178.0,15282.5,12222.5,9173.5,9000.0,7000.0,5000.0,-3.875,0.5,-6.125,0.0,0.0,0.0,1.4249999999999539,0.8750000000000007,0.3750000000000003,6113.0,0
1.7750000000000001,15300.0,12236.0,9183.0,15291.5,12229.5,9178.5,9000.0,7000.0,5000.0,-4.125,0.5,-5.875,0.0,0.0,0.0,1.4259999999999537,0.8760000000000007,0.3760000000000003,6117.0,0
1.776,15308.0,12243.0,9189.0,15300.5,12236.5,9183.5,8000.0,7000.0,6000.0,-4.375,0.5,-5.625,0.0,0.0,0.0,1.4269999999999536,0.8770000000000007,0.3770000000000003,6119.0,0
1.7770000000000001,15317.0,12250.0,9194.0,15308.5,12243.5,9189.5,9000.0,7000.0,5000.0,-3.625,0.5,-6.375,0.0,0.0,0.0,1.4279999999999535,0.8780000000000007,0.3780000000000003,6123.0,0
1.778,15326.0,12257.0,9199.0,15317.5,12250.5,9194.5,9000.0,7000.0,5000.0,-3.875,0.5,-6.125,0.0,0.0,0.0,1.4289999999999534,0.8790000000000007,0.3790000000000003,6127.0,0
1.7790000000000001,15334.0,12264.0,9204.0,15326.5,12257.5,9199.5,8000.0,7000.0,5000.0,-4.125,0.5,-5.875,0.0,0.0,0.0,1.4299999999999533,0.8800000000000007,0.3800000000000003,6130.0,0
1.78,15343.0,12270.0,9209.0,15334.5,12264.5,9204.5,9000.0,6000.0,5000.0,-3.375,0.5,-5.625,0.0,0.0,0.0,1.4309999999999532,0.8810000000000007,0.3810000000000003,6134.0,0
1.7810000000000001,15352.0,12277.0,9215.0,15343.5,12270.5,9209.5,9000.0,7000.0,6000.0,-4.875,0.5,-6.125,0.0,0.0,0.0,1.431999999999953,0.8820000000000007,0.3820000000000003,6137.0,0
1.782,15360.0,12284.0,9220.0,15352.5,12277.5,9215.5,8000.0,7000.0,5000.0,-5.125,0.5,-6.875,0.0,0.0,0.0,1.432999999999953,0.8830000000000007,0.3830000000000003,6140.0,0
1.7830000000000001,15369.0,12291.0,9225.0,15360.5,12284.5,9220.5,9000.0,7000.0,5000.0,-4.375,0.5,-6.625,0.0,0.0,0.0,1.4339999999999529,0.8840000000000007,0.3840000000000003,6144.0,0
1.784,15378.0,12298.0,9230.0,15369.5,12291.5,9225.5,9000.0,7000.0,5000.0,-4.625,0.5,-6.375,0.0,0.0,0.0,1.4349999999999528,0.8850000000000007,0.3850000000000003,6148.0,0
1.7850000000000001,15386.0,12305.0,9235.0,15378.5,12298.5,9230.5,8000.0,7000.0,5000.0,-4.875,0.5,-6.125,0.0,0.0,0.0,1.4359999999999526,0.8860000000000007,0.3860000000000003,6151.0,0
1.786,15395.0,12312.0,9241.0,15386.5,12305.5,9235.5,9000.0,7000.0,6000.0,-4.125,0.5,-5.875,0.0,0.0,0.0,1.4369999999999525,0.8870000000000007,0.3870000000000003,6154.0,0
1.7870000000000001,15404.0,12319.0,9246.0,15395.5,12312.5,9241.5,9000.0,7000.0,5000.0,-4.375,0.5,-6.625,0.0,0.0,0.0,1.4379999999999524,0.8880000000000007,0.3880000000000003,6158.0,0
1.788,15412.0,12326.0,9251.0,15404.5,12319.5,9246.5,8000.0,7000.0,5000.0,-4.625,0.5,-6.375,0.0,0.0,0.0,1.4389999999999523,0.8890000000000007,0.3890000000000003,6161.0,0
1.7890000000000001,15421.0,12333.0,9256.0,15412.5,12326.5,9251.5,9000.0,7000.0,5000.0,-3.875,0.5,-6.125,0.0,0.0,0.0,1.4399999999999522,0.8900000000000007,0.3900000000000003,6165.0,0
1.79,15430.0,12340.0,9261.0,15421.5,12333.5,9256.5,9000.0,7000.0,5000.0,-4.125,0.5,-5.875,0.0,0.0,0.0,1.440999999999952,0.8910000000000007,0.3910000000000003,6169.0,0
1.7910000000000001,15438.0,12347.0,9267.0,15430.5,12340.5,9261.5,8000.0,7000.0,6000.0,-4.375,0.5,-5.625,0.0,0.0,0.0,1.441999999999952,0.8920000000000007,0.3920000000000003,6171.0,0
1.792,15447.0,12354.0,9272.0,15438.5,12347.5,9267.5,9000.0,7000.0,5000.0,-3.625,0.5,-6.375,0.0,0.0,0.0,1.4429999999999519,0.8930000000000007,0.3930000000000003,6175.0,0
1.793,15456.0,12361.0,9277.0,15447.5,12354.5,9272.5,9000.0,7000.0,5000.0,-3.875,0.5,-6.125,0.0,0.0,0.0,1.4439999999999518,0.8940000000000007,0.3940000000000003,6179.0,0
1.794,15464.0,12368.0,9282.0,15456.5,12361.5,9277.5,8000.0,7000.0,5000.0,-4.125,0.5,-5.875,0.0,0.0,0.0,1.4449999999999517,0.8950000000000007,0.3950000000000003,6182.0,0
1.795,15473.0,12375.0,9287.0,15464.5,12368.5,9282.5,9000.0,7000.0,5000.0,-3.375,0.5,-5.625,0.0,0.0,0.0,1.4459999999999515,0.8960000000000007,0.3960000000000003,6186.0,0
1.796,15482.0,12382.0,9293.0,15473.5,12375.5,9287.5,9000.0,7000.0,6000.0,-3.625,0.5,-5.375,0.0,0.0,0.0,1.4469999999999514,0.8970000000000007,0.3970000000000003,6189.0,0
1.797,15490.0,12389.0,9298.0,15482.5,12382.5,9293.5,8000.0,7000.0,5000.0,-3.875,0.5,-6.125,0.0,0.0,0.0,1.4479999999999513,0.8980000000000007,0.3980000000000003,6192.0,0
1.798,15499.0,12395.0,9303.0,15490.5,12389.5,9298.5,9000.0,6000.0,5000.0,-3.125,0.5,-5.875,0.0,0.0,0.0,1.4489999999999512,0.8990000000000007,0.3990000000000003,6196.0,0
1.799,15508.0,12402.0,9308.0,15499.5,12395.5,9303.5,9000.0,7000.0,5000.0,-4.625,0.5,-6.375,0.0,0.0,0.0,1.449999999999951,0.9000000000000007,0.4000000000000003,6200.0,0
1.8,15517.0,12409.0,9313.0,15508.5,12402.5,9308.5,9000.0,7000.0,5000.0,-4.875,0.5,-6.125,0.0,0.0,0.0,0.0,0.9010000000000007,0.4010000000000003,6204.0,0
1.801,15525.0,12416.0,9319.0,15517.5,12409.5,9313.5,8000.0,7000.0,6000.0,-5.125,0.5,-5.875,0.0,0.0,0.0,0.0,0.9020000000000007,0.4020000000000003,6206.0,0
1.802,15534.0,12423.0,9324.0,15525.5,12416.5,9319.5,9000.0,7000.0,5000.0,-4.375,0.5,-6.625,0.0,0.0,0.0,0.0,0.9030000000000007,0.4030000000000003,6210.0,0
1.803,15543.0,12430.0,9329.0,15534.5,12423.5,9324.5,9000.0,7000.0,5000.0,-4.625,0.5,-6.375,0.0,0.0,0.0,0.0,0.9040000000000007,0.4040000000000003,6214.0,0
1.804,15551.0,12437.0,9334.0,15543.5,12430.5,9329.5,8000.0,7000.0,5000.0,-4.875,0.5,-6.125,0.0,0.0,0.0,0.0,0.9050000000000007,0.4050000000000003,6217.0,0
1.805,15560.0,12444.0,9340.0,15551.5,12437.5,9334.5,9000.0,7000.0,6000.0,-4.125,0.5,-5.875,0.0,0.0,0.0,0.0,0.9060000000000007,0.4060000000000003,6220.0,0
1.806,15569.0,12451.0,9345.0,15560.5,12444.5,9340.5,9000.0,7000.0,5000.0,-4.375,0.5,-6.625,0.0,0.0,0.0,0.0,0.9070000000000007,0.4070000000000003,6224.0,0
1.807,15577.0,12458.0,9350.0,15569.5,12451.5,9345.5,8000.0,7000.0,5000.0,-4.625,0.5,-6.375,0.0,0.0,0.0,0.0,0.9080000000000007,0.4080000000000003,6227.0,0
1.808,15586.0,12465.0,9355.0,15577.5,12458.5,9350.5,9000.0,7000.0,5000.0,-3.875,0.5,-6.125,0.0,0.0,0.0,0.0,0.9090000000000007,0.4090000000000003,6231.0,0
1.809,15595.0,12472.0,9360.0,15586.5,12465.5,9355.5,9000.0,7000.0,5000.0,-4.125,0.5,-5.875,0.0,0.0,0.0,0.0,0.9100000000000007,0.4100000000000003,6235.0,0
1.81,15603.0,12479.0,9366.0,15595.5,12472.5,9360.5,8000.0,7000.0,6000.0,-4.375,0.5,-5.625,0.0,0.0,0.0,0.0,0.9110000000000007,0.4110000000000003,6237.0,0
1.811,15612.0,12486.0,9371.0,15603.5,12479.5,9366.5,9000.0,7000.0,5000.0,-3.625,0.5,-6.375,0.0,0.0,0.0,0.0,0.9120000000000007,0.4120000000000003,6241.0,0
1.812,15621.0,12493.0,9376.0,15612.5,12486.5,9371.5,9000.0,7000.0,5000.0,-3.875,0.5,-6.125,0.0,0.0,0.0,0.0,0.9130000000000007,0.4130000000000003,6245.0,0
1.813,15629.0,12500.0,9381.0,15621.5,12493.5,9376.5,8000.0,7000.0,5000.0,-4.125,0.5,-5.875,0.0,0.0,0.0,0.0,0.9140000000000007,0.4140000000000003,6248.0,0
1.814,15638.0,12507.0,9386.0,15629.5,12500.5,9381.5,9000.0,7000.0,5000.0,-3.375,0.5,-5.625,0.0,0.0,0.0,0.0,0.9150000000000007,0.4150000000000003,6252.0,0
1.815,15647.0,12514.0,9392.0,15638.5,12507.5,9386.5,9000.0,7000.0,6000.0,-3.625,0.5,-5.375,0.0,0.0,0.0,0.0,0.9160000000000007,0.4160000000000003,6255.0,0
1.816,15655.0,12520.0,9397.0,15647.5,12514.5,9392.5,8000.0,6000.0,5000.0,-3.875,0.5,-6.125,0.0,0.0,0.0,0.0,0.9170000000000007,0.4170000000000003,6258.0,0
1.817,15664.0,12527.0,9402.0,15655.5,12520.5,9397.5,9000.0,7000.0,5000.0,-4.375,0.5,-6.625,0.0,0.0,0.0,0.0,0.9180000000000007,0.4180000000000003,6262.0,0
1.818,15673.0,12534.0,9407.0,15664.5,12527.5,9402.5,9000.0,7000.0,5000.0,-4.625,0.5,-6.375,0.0,0.0,0.0,0.0,0.9190000000000007,0.4190000000000003,6266.0,0
1.819,15681.0,12541.0,9412.0,15673.5,12534.5,9407.5,8000.0,7000.0,5000.0,-4.875,0.5,-6.125,0.0,0.0,0.0,0.0,0.9200000000000007,0.4200000000000003,6269.0,0
1.82,15690.0,12548.0,9418.0,15681.5,12541.5,9412.5,9000.0,7000.0,6000.0,-4.125,0.5,-5.875,0.0,0.0,0.0,0.0,0.9210000000000007,0.4210000000000003,6272.0,0
1.821,15699.0,12555.0,9423.0,15690.5,12548.5,9418.5,9000.0,7000.0,5000.0,-4.375,0.5,-6.625,0.0,0.0,0.0,0.0,0.9220000000000007,0.4220000000000003,6276.0,0
1.822,15707.0,12562.0,9428.0,15699.5,12555.5,9423.5,8000.0,7000.0,5000.0,-4.625,0.5,-6.375,0.0,0.0,0.0,0.0,0.9230000000000007,0.4230000000000003,6279.0,0
1.823,15716.0,12569.0,9433.0,15707.5,12562.5,9428.5,9000.0,7000.0,5000.0,-3.875,0.5,-6.125,0.0,0.0,0.0,0.0,0.9240000000000007,0.4240000000000003,6283.0,0
1.824,15725.0,12576.0,9438.0,15716.5,12569.5,9433.5,9000.0,7000.0,5000.0,-4.125,0.5,-5.875,0.0,0.0,0.0,0.0,0.9250000000000007,0.4250000000000003,6287.0,0
1.825,15733.0,12583.0,9444.0,15725.5,12576.5,9438.5,8000.0,7000.0,6000.0,-4.375,0.5,-5.625,0.0,0.0,0.0,0.0,0.9260000000000007,0.4260000000000003,6289.0,0
1.826,15742.0,12590.0,9449.0,15733.5,12583.5,9444.5,9000.0,7000.0,5000.0,-3.625,0.5,-6.375,0.0,0.0,0.0,0.0,0.9270000000000007,0.4270000000000003,6293.0,0
1.827,15751.0,12597.0,9454.0,15742.5,12590.5,9449.5,9000.0,7000.0,5000.0,-3.875,0.5,-6.125,0.0,0.0,0.0,0.0,0.9280000000000007,0.4280000000000003,6297.0,0
1.828,15759.0,12604.0,9459.0,15751.5,12597.5,9454.5,8000.0,7000.0,5000.0,-4.125,0.5,-5.875,0.0,0.0,0.0,0.0,0.9290000000000007,0.4290000000000003,6300.0,0
1.829,15768.0,12611.0,9464.0,15759.5,12604.5,9459.5,9000.0,7000.0,5000.0,-3.375,0.5,-5.625,0.0,0.0,0.0,0.0,0.9300000000000007,0.4300000000000003,6304.0,0
1.83,15777.0,12618.0,9470.0,15768.5,12611.5,9464.5,9000.0,7000.0,6000.0,-3.625,0.5,-5.375,0.0,0.0,0.0,0.0,0.9310000000000007,0.4310000000000003,6307.0,0
1.831,15785.0,12625.0,9475.0,15777.5,12618.5,9470.5,8000.0,7000.0,5000.0,-3.875,0.5,-6.125,0.0,0.0,0.0,0.0,0.9320000000000007,0.43200000000000033,6310.0,0
1.832,15794.0,12632.0,9480.0,15785.5,12625.5,9475.5,9000.0,7000.0,5000.0,-3.125,0.5,-5.875,0.0,0.0,0.0,0.0,0.9330000000000007,0.43300000000000033,6314.0,0
1.833,15803.0,12639.0,9485.0,15794.5,12632.5,9480.5,9000.0,7000.0,5000.0,-3.375,0.5,-5.625,0.0,0.0,0.0,0.0,0.9340000000000007,0.43400000000000033,6318.0,0
1.834,15812.0,12645.0,9490.0,15803.5,12639.5,9485.5,9000.0,6000.0,5000.0,-3.625,0.5,-5.375,0.0,0.0,0.0,0.0,0.9350000000000007,0.43500000000000033,6322.0,0
1.835,15820.0,12652.0,9496.0,15812.5,12645.5,9490.5,8000.0,7000.0,6000.0,-5.125,0.5,-5.875,0.0,0.0,0.0,0.0,0.9360000000000007,0.43600000000000033,6324.0,0
1.836,15829.0,12659.0,9501.0,15820.5,12652.5,9496.5,9000.0,7000.0,5000.0,-4.375,0.5,-6.625,0.0,0.0,0.0,0.0,0.9370000000000007,0.43700000000000033,6328.0,0
1.837,15838.0,12666.0,9506.0,15829.5,12659.5,9501.5,9000.0,7000.0,5000.0,-4.625,0.5,-6.375,0.0,0.0,0.0,0.0,0.9380000000000007,0.43800000000000033,6332.0,0
1.838,15846.0,12673.0,9511.0,15838.5,12666.5,9506.5,8000.0,7000.0,5000.0,-4.875,0.5,-6.125,0.0,0.0,0.0,0.0,0.9390000000000007,0.43900000000000033,6335.0,0
1.839,15855.0,12680.0,9516.0,15846.5,12673.5,9511.5,9000.0,7000.0,5000.0,-4.125,0.5,-5.875,0.0,0.0,0.0,0.0,0.9400000000000007,0.44000000000000034,6339.0,0
1.84,15864.0,12687.0,9522.0,15855.5,12680.5,9516.5,9000.0,7000.0,6000.0,-4.375,0.5,-5.625,0.0,0.0,0.0,0.0,0.9410000000000007,0.44100000000000034,6342.0,0
1.841,15872.0,12694.0,9527.0,15864.5,12687.5,9522.5,8000.0,7000.0,5000.0,-4.625,0.5,-6.375,0.0,0.0,0.0,0.0,0.9420000000000007,0.44200000000000034,6345.0,0
1.842,15881.0,12701.0,9532.0,15872.5,12694.5,9527.5,9000.0,7000.0,5000.0,-3.875,0.5,-6.125,0.0,0.0,0.0,0.0,0.9430000000000007,0.44300000000000034,6349.0,0
1.843,15890.0,12708.0,9537.0,15881.5,12701.5,9532.5,9000.0,7000.0,5000.0,-4.125,0.5,-5.875,0.0,0.0,0.0,0.0,0.9440000000000007,0.44400000000000034,6353.0,0
1.844,15898.0,12715.0,9543.0,15890.5,12708.5,9537.5,8000.0,7000.0,6000.0,-4.375,0.5,-5.625,0.0,0.0,0.0,0.0,0.9450000000000007,0.44500000000000034,6355.0,0
1.845,15907.0,12722.0,9548.0,15898.5,12715.5,9543.5,9000.0,7000.0,5000.0,-3.625,0.5,-6.375,0.0,0.0,0.0,0.0,0.9460000000000007,0.44600000000000034,6359.0,0
1.846,15916.0,12729.0,9553.0,15907.5,12722.5,9548.5,9000.0,7000.0,5000.0,-3.875,0.5,-6.125,0.0,0.0,0.0,0.0,0.9470000000000007,0.44700000000000034,6363.0,0
1.847,15924.0,12736.0,9558.0,15916.5,12729.5,9553.5,8000.0,7000.0,5000.0,-4.125,0.5,-5.875,0.0,0.0,0.0,0.0,0.9480000000000007,0.44800000000000034,6366.0,0
1.848,15933.0,12743.0,9563.0,15924.5,12736.5,9558.5,9000.0,7000.0,5000.0,-3.375,0.5,-5.625,0.0,0.0,0.0,0.0,0.9490000000000007,0.44900000000000034,6370.0,0
1.849,15942.0,12750.0,9569.0,15933.5,12743.5,9563.5,9000.0,7000.0,6000.0,-3.625,0.5,-5.375,0.0,0.0,0.0,0.0,0.9500000000000007,0.45000000000000034,6373.0,0
1.85,15950.0,12757.0,9574.0,15942.5,12750.5,9569.5,8000.0,7000.0,5000.0,-3.875,0.5,-6.125,0.0,0.0,0.0,0.0,0.9510000000000007,0.45100000000000035,6376.0,0
1.851,15959.0,12764.0,9579.0,15950.5,12757.5,9574.5,9000.0,7000.0,5000.0,-3.125,0.5,-5.875,0.0,0.0,0.0,0.0,0.9520000000000007,0.45200000000000035,6380.0,0
1.852,15968.0,12770.0,9584.0,15959.5,12764.5,9579.5,9000.0,6000.0,5000.0,-3.375,0.5,-5.625,0.0,0.0,0.0,0.0,0.9530000000000007,0.45300000000000035,6384.0,0
1.853,15976.0,12777.0,9589.0,15968.5,12770.5,9584.5,8000.0,7000.0,5000.0,-4.875,0.5,-6.125,0.0,0.0,0.0,0.0,0.9540000000000007,0.45400000000000035,6387.0,0
1.854,15985.0,12784.0,9595.0,15976.5,12777.5,9589.5,9000.0,7000.0,6000.0,-4.125,0.5,-5.875,0.0,0.0,0.0,0.0,0.9550000000000007,0.45500000000000035,6390.0,0
1.855,15994.0,12791.0,9600.0,15985.5,12784.5,9595.5,9000.0,7000.0,5000.0,-4.375,0.5,-6.625,0.0,0.0,0.0,0.0,0.9560000000000007,0.45600000000000035,6394.0,0
1.856,16002.0,12798.0,9605.0,15994.5,12791.5,9600.5,8000.0,7000.0,5000.0,-4.625,0.5,-6.375,0.0,0.0,0.0,0.0,0.9570000000000007,0.45700000000000035,6397.0,0
1.857,16011.0,12805.0,9610.0,16002.5,12798.5,9605.5,9000.0,7000.0,5000.0,-3.875,0.5,-6.125,0.0,0.0,0.0,0.0,0.9580000000000007,0.45800000000000035,6401.0,0
1.858,16020.0,12812.0,9615.0,16011.5,12805.5,9610.5,9000.0,7000.0,5000.0,-4.125,0.5,-5.875,0.0,0.0,0.0,0.0,0.9590000000000007,0.45900000000000035,6405.0,0
1.859,16028.0,12819.0,9621.0,16020.5,12812.5,9615.5,8000.0,7000.0,6000.0,-4.375,0.5,-5.625,0.0,0.0,0.0,0.0,0.9600000000000007,0.46000000000000035,6407.0,0
1.86,16037.0,12826.0,9626.0,16028.5,12819.5,9621.5,9000.0,7000.0,5000.0,-3.625,0.5,-6.375,0.0,0.0,0.0,0.0,0.9610000000000007,0.46100000000000035,6411.0,0
1.861,16046.0,12833.0,9631.0,16037.5,12826.5,9626.5,9000.0,7000.0,5000.0,-3.875,0.5,-6.125,0.0,0.0,0.0,0.0,0.9620000000000007,0.46200000000000035,6415.0,0
1.862,16054.0,12840.0,9636.0,16046.5,12833.5,9631.5,8000.0,7000.0,5000.0,-4.125,0.5,-5.875,0.0,0.0,0.0,0.0,0.9630000000000007,0.46300000000000036,6418.0,0
1.863,16063.0,12847.0,9641.0,16054.5,12840.5,9636.5,9000.0,7000.0,5000.0,-3.375,0.5,-5.625,0.0,0.0,0.0,0.0,0.9640000000000007,0.46400000000000036,6422.0,0
1.864,16072.0,12854.0,9647.0,16063.5,12847.5,9641.5,9000.0,7000.0,6000.0,-3.625,0.5,-5.375,0.0,0.0,0.0,0.0,0.9650000000000007,0.46500000000000036,6425.0,0
1.865,16080.0,12861.0,9652.0,16072.5,12854.5,9647.5,8000.0,7000.0,5000.0,-3.875,0.5,-6.125,0.0,0.0,0.0,0.0,0.9660000000000007,0.46600000000000036,6428.0,0
1.866,16089.0,12868.0,9657.0,16080.5,12861.5,9652.5,9000.0,7000.0,5000.0,-3.125,0.5,-5.875,0.0,0.0,0.0,0.0,0.9670000000000007,0.46700000000000036,6432.0,0
1.867,16098.0,12875.0,9662.0,16089.5,12868.5,9657.5,9000.0,7000.0,5000.0,-3.375,0.5,-5.625,0.0,0.0,0.0,0.0,0.9680000000000007,0.46800000000000036,6436.0,0
1.868,16107.0,12882.0,9667.0,16098.5,12875.5,9662.5,9000.0,7000.0,5000.0,-3.625,0.5,-5.375,0.0,0.0,0.0,0.0,0.9690000000000007,0.46900000000000036,6440.0,0
1.869,16115.0,12889.0,9673.0,16107.5,12882.5,9667.5,8000.0,7000.0,6000.0,-3.875,0.5,-5.125,0.0,0.0,0.0,0.0,0.9700000000000008,0.47000000000000036,6442.0,0
1.87,16124.0,12896.0,9678.0,16115.5,12889.5,9673.5,9000.0,7000.0,5000.0,-3.125,0.5,-5.875,0.0,0.0,0.0,0.0,0.9710000000000008,0.47100000000000036,6446.0,0
1.871,16133.0,12902.0,9683.0,16124.5,12896.5,9678.5,9000.0,6000.0,5000.0,-3.375,0.5,-5.625,0.0,0.0,0.0,0.0,0.9720000000000008,0.47200000000000036,6450.0,0
1.872,16141.0,12909.0,9688.0,16133.5,12902.5,9683.5,8000.0,7000.0,5000.0,-4.875,0.5,-6.125,0.0,0.0,0.0,0.0,0.9730000000000008,0.47300000000000036,6453.0,0
1.873,16150.0,12916.0,9693.0,16141.5,12909.5,9688.5,9000.0,7000.0,5000.0,-4.125,0.5,-5.875,0.0,0.0,0.0,0.0,0.9740000000000008,0.47400000000000037,6457.0,0
1.874,16159.0,12923.0,9699.0,16150.5,12916.5,9693.5,9000.0,7000.0,6000.0,-4.375,0.5,-5.625,0.0,0.0,0.0,0.0,0.9750000000000008,0.47500000000000037,6460.0,0
1.875,16167.0,12930.0,9704.0,16159.5,12923.5,9699.5,8000.0,7000.0,5000.0,-4.625,0.5,-6.375,0.0,0.0,0.0,0.0,0.9760000000000008,0.47600000000000037,6463.0,0
1.8760000000000001,16176.0,12937.0,9709.0,16167.5,12930.5,9704.5,9000.0,7000.0,5000.0,-3.875,0.5,-6.125,0.0,0.0,0.0,0.0,0.9770000000000008,0.47700000000000037,6467.0,0
1.877,16185.0,12944.0,9714.0,16176.5,12937.5,9709.5,9000.0,7000.0,5000.0,-4.125,0.5,-5.875,0.0,0.0,0.0,0.0,0.9780000000000008,0.47800000000000037,6471.0,0
1.8780000000000001,16193.0,12951.0,9719.0,16185.5,12944.5,9714.5,8000.0,7000.0,5000.0,-4.375,0.5,-5.625,0.0,0.0,0.0,0.0,0.9790000000000008,0.47900000000000037,6474.0,0
1.879,16202.0,12958.0,9725.0,16193.5,12951.5,9719.5,9000.0,7000.0,6000.0,-3.625,0.5,-5.375,0.0,0.0,0.0,0.0,0.9800000000000008,0.48000000000000037,6477.0,0
1.8800000000000001,16211.0,12965.0,9730.0,16202.5,12958.5,9725.5,9000.0,7000.0,5000.0,-3.875,0.5,-6.125,0.0,0.0,0.0,0.0,0.9810000000000008,0.48100000000000037,6481.0,0
1.881,16219.0,12972.0,9735.0,16211.5,12965.5,9730.5,8000.0,7000.0,5000.0,-4.125,0.5,-5.875,0.0,0.0,0.0,0.0,0.9820000000000008,0.4820000000000004,6484.0,0
1.8820000000000001,16228.0,12979.0,9740.0,16219.5,12972.5,9735.5,9000.0,7000.0,5000.0,-3.375,0.5,-5.625,0.0,0.0,0.0,0.0,0.9830000000000008,0.4830000000000004,6488.0,0
1.883,16237.0,12986.0,9746.0,16228.5,12979.5,9740.5,9000.0,7000.0,6000.0,-3.625,0.5,-5.375,0.0,0.0,0.0,0.0,0.9840000000000008,0.4840000000000004,6491.0,0
1.8840000000000001,16245.0,12993.0,9751.0,16237.5,12986.5,9746.5,8000.0,7000.0,5000.0,-3.875,0.5,-6.125,0.0,0.0,0.0,0.0,0.9850000000000008,0.4850000000000004,6494.0,0
1.885,16254.0,13000.0,9756.0,16245.5,12993.5,9751.5,9000.0,7000.0,5000.0,-3.125,0.5,-5.875,0.0,0.0,0.0,0.0,0.9860000000000008,0.4860000000000004,6498.0,0
1.8860000000000001,16263.0,13007.0,9761.0,16254.5,13000.5,9756.5,9000.0,7000.0,5000.0,-3.375,0.5,-5.625,0.0,0.0,0.0,0.0,0.9870000000000008,0.4870000000000004,6502.0,0
1.887,16271.0,13014.0,9766.0,16263.5,13007.5,9761.5,8000.0,7000.0,5000.0,-3.625,0.5,-5.375,0.0,0.0,0.0,0.0,0.9880000000000008,0.4880000000000004,6505.0,0
1.8880000000000001,16280.0,13021.0,9772.0,16271.5,13014.5,9766.5,9000.0,7000.0,6000.0,-2.875,0.5,-5.125,0.0,0.0,0.0,0.0,0.9890000000000008,0.4890000000000004,6508.0,0
1.889,16289.0,13027.0,9777.0,16280.5,13021.5,9772.5,9000.0,6000.0,5000.0,-3.125,0.5,-5.875,0.0,0.0,0.0,0.0,0.9900000000000008,0.4900000000000004,6512.0,0
1.8900000000000001,16297.0,13034.0,9782.0,16289.5,13027.5,9777.5,8000.0,7000.0,5000.0,-4.625,0.5,-6.375,0.0,0.0,0.0,0.0,0.9910000000000008,0.4910000000000004,6515.0,0
1.891,16306.0,13041.0,9787.0,16297.5,13034.5,9782.5,9000.0,7000.0,5000.0,-3.875,0.5,-6.125,0.0,0.0,0.0,0.0,0.9920000000000008,0.4920000000000004,6519.0,0
1.8920000000000001,16315.0,13048.0,9792.0,16306.5,13041.5,9787.5,9000.0,7000.0,5000.0,-4.125,0.5,-5.875,0.0,0.0,0.0,0.0,0.9930000000000008,0.4930000000000004,6523.0,0
1.893,16323.0,13055.0,9798.0,16315.5,13048.5,9792.5,8000.0,7000.0,6000.0,-4.375,0.5,-5.625,0.0,0.0,0.0,0.0,0.9940000000000008,0.4940000000000004,6525.0,0
1.8940000000000001,16332.0,13062.0,9803.0,16323.5,13055.5,9798.5,9000.0,7000.0,5000.0,-3.625,0.5,-6.375,0.0,0.0,0.0,0.0,0.9950000000000008,0.4950000000000004,6529.0,0
1.895,16341.0,13069.0,9808.0,16332.5,13062.5,9803.5,9000.0,7000.0,5000.0,-3.875,0.5,-6.125,0.0,0.0,0.0,0.0,0.9960000000000008,0.4960000000000004,6533.0,0
1.8960000000000001,16349.0,13076.0,9813.0,16341.5,13069.5,9808.5,8000.0,7000.0,5000.0,-4.125,0.5,-5.875,0.0,0.0,0.0,0.0,0.9970000000000008,0.4970000000000004,6536.0,0
1.897,16358.0,13083.0,9818.0,16349.5,13076.5,9813.5,9000.0,7000.0,5000.0,-3.375,0.5,-5.625,0.0,0.0,0.0,0.0,0.9980000000000008,0.4980000000000004,6540.0,0
1.8980000000000001,16367.0,13090.0,9824.0,16358.5,13083.5,9818.5,9000.0,7000.0,6000.0,-3.625,0.5,-5.375,0.0,0.0,0.0,0.0,0.9990000000000008,0.4990000000000004,6543.0,0
1.899,16376.0,13097.0,9829.0,16367.5,13090.5,9824.5,9000.0,7000.0,5000.0,-3.875,0.5,-6.125,0.0,0.0,0.0,0.0,1.0000000000000007,0.5000000000000003,6547.0,0
1.9000000000000001,16384.0,13104.0,9834.0,16376.5,13097.5,9829.5,8000.0,7000.0,5000.0,-4.125,0.5,-5.875,0.0,0.0,0.0,0.0,1.0010000000000006,0.5010000000000003,6550.0,0
1.901,16393.0,13111.0,9839.0,16384.5,13104.5,9834.5,9000.0,7000.0,5000.0,-3.375,0.5,-5.625,0.0,0.0,0.0,0.0,1.0020000000000004,0.5020000000000003,6554.0,0
1.9020000000000001,16402.0,13118.0,9844.0,16393.5,13111.5,9839.5,9000.0,7000.0,5000.0,-3.625,0.5,-5.375,0.0,0.0,0.0,0.0,1.0030000000000003,0.5030000000000003,6558.0,0
1.903,16410.0,13125.0,9850.0,16402.5,13118.5,9844.5,8000.0,7000.0,6000.0,-3.875,0.5,-5.125,0.0,0.0,0.0,0.0,1.0040000000000002,0.5040000000000003,6560.0,0
1.9040000000000001,16419.0,13132.0,9855.0,16410.5,13125.5,9850.5,9000.0,7000.0,5000.0,-3.125,0.5,-5.875,0.0,0.0,0.0,0.0,1.0050000000000001,0.5050000000000003,6564.0,0
1.905,16428.0,13139.0,9860.0,16419.5,13132.5,9855.5,9000.0,7000.0,5000.0,-3.375,0.5,-5.625,0.0,0.0,0.0,0.0,1.006,0.5060000000000003,6568.0,0
1.9060000000000001,16436.0,13146.0,9865.0,16428.5,13139.5,9860.5,8000.0,7000.0,5000.0,-3.625,0.5,-5.375,0.0,0.0,0.0,0.0,1.007,0.5070000000000003,6571.0,0
1.907,16445.0,13152.0,9870.0,16436.5,13146.5,9865.5,9000.0,6000.0,5000.0,-2.875,0.5,-5.125,0.0,0.0,0.0,0.0,1.0079999999999998,0.5080000000000003,6575.0,0
1.9080000000000001,16454.0,13159.0,9876.0,16445.5,13152.5,9870.5,9000.0,7000.0,6000.0,-4.375,0.5,-5.625,0.0,0.0,0.0,0.0,1.0089999999999997,0.5090000000000003,6578.0,0
1.909,16462.0,13166.0,9881.0,16454.5,13159.5,9876.5,8000.0,7000.0,5000.0,-4.625,0.5,-6.375,0.0,0.0,0.0,0.0,1.0099999999999996,0.5100000000000003,6581.0,0
1.9100000000000001,16471.0,13173.0,9886.0,16462.5,13166.5,9881.5,9000.0,7000.0,5000.0,-3.875,0.5,-6.125,0.0,0.0,0.0,0.0,1.0109999999999995,0.5110000000000003,6585.0,0
1.911,16480.0,13180.0,9891.0,16471.5,13173.5,9886.5,9000.0,7000.0,5000.0,-4.125,0.5,-5.875,0.0,0.0,0.0,0.0,1.0119999999999993,0.5120000000000003,6589.0,0
1.9120000000000001,16488.0,13187.0,9896.0,16480.5,13180.5,9891.5,8000.0,7000.0,5000.0,-4.375,0.5,-5.625,0.0,0.0,0.0,0.0,1.0129999999999992,0.5130000000000003,6592.0,0
1.913,16497.0,13194.0,9902.0,16488.5,13187.5,9896.5,9000.0,7000.0,6000.0,-3.625,0.5,-5.375,0.0,0.0,0.0,0.0,1.0139999999999991,0.5140000000000003,6595.0,0
1.9140000000000001,16506.0,13201.0,9907.0,16497.5,13194.5,9902.5,9000.0,7000.0,5000.0,-3.875,0.5,-6.125,0.0,0.0,0.0,0.0,1.014999999999999,0.5150000000000003,6599.0,0
1.915,16514.0,13208.0,9912.0,16506.5,13201.5,9907.5,8000.0,7000.0,5000.0,-4.125,0.5,-5.875,0.0,0.0,0.0,0.0,1.015999999999999,0.5160000000000003,6602.0,0
1.9160000000000001,16523.0,13215.0,9917.0,16514.5,13208.5,9912.5,9000.0,7000.0,5000.0,-3.375,0.5,-5.625,0.0,0.0,0.0,0.0,1.0169999999999988,0.5170000000000003,6606.0,0
1.917,16532.0,13222.0,9922.0,16523.5,13215.5,9917.5,9000.0,7000.0,5000.0,-3.625,0.5,-5.375,0.0,0.0,0.0,0.0,1.0179999999999987,0.5180000000000003,6610.0,0
1.9180000000000001,16540.0,13229.0,9928.0,16532.5,13222.5,9922.5,8000.0,7000.0,6000.0,-3.875,0.5,-5.125,0.0,0.0,0.0,0.0,1.0189999999999986,0.5190000000000003,6612.0,0
1.919,16549.0,13236.0,9933.0,16540.5,13229.5,9928.5,9000.0,7000.0,5000.0,-3.125,0.5,-5.875,0.0,0.0,0.0,0.0,1.0199999999999985,0.5200000000000004,6616.0,0
1.92,16558.0,13243.0,9938.0,16549.5,13236.5,9933.5,9000.0,7000.0,5000.0,-3.375,0.5,-5.625,0.0,0.0,0.0,0.0,1.0209999999999984,0.5210000000000004,6620.0,0
1.921,16566.0,13250.0,9943.0,16558.5,13243.5,9938.5,8000.0,7000.0,5000.0,-3.625,0.5,-5.375,0.0,0.0,0.0,0.0,1.0219999999999982,0.5220000000000004,6623.0,0
1.922,16575.0,13257.0,9949.0,16566.5,13250.5,9943.5,9000.0,7000.0,6000.0,-2.875,0.5,-5.125,0.0,0.0,0.0,0.0,1.0229999999999981,0.5230000000000004,6626.0,0
1.923,16584.0,13264.0,9954.0,16575.5,13257.5,9949.5,9000.0,7000.0,5000.0,-3.125,0.5,-5.875,0.0,0.0,0.0,0.0,1.023999999999998,0.5240000000000004,6630.0,0
1.924,16592.0,13271.0,9959.0,16584.5,13264.5,9954.5,8000.0,7000.0,5000.0,-3.375,0.5,-5.625,0.0,0.0,0.0,0.0,1.024999999999998,0.5250000000000004,6633.0,0
1.925,16601.0,13277.0,9964.0,16592.5,13271.5,9959.5,9000.0,6000.0,5000.0,-2.625,0.5,-5.375,0.0,0.0,0.0,0.0,1.0259999999999978,0.5260000000000004,6637.0,0
1.926,16610.0,13284.0,9969.0,16601.5,13277.5,9964.5,9000.0,7000.0,5000.0,-4.125,0.5,-5.875,0.0,0.0,0.0,0.0,1.0269999999999977,0.5270000000000004,6641.0,0
1.927,16618.0,13291.0,9975.0,16610.5,13284.5,9969.5,8000.0,7000.0,6000.0,-4.375,0.5,-5.625,0.0,0.0,0.0,0.0,1.0279999999999976,0.5280000000000004,6643.0,0
1.928,16627.0,13298.0,9980.0,16618.5,13291.5,9975.5,9000.0,7000.0,5000.0,-3.625,0.5,-6.375,0.0,0.0,0.0,0.0,1.0289999999999975,0.5290000000000004,6647.0,0
1.929,16636.0,13305.0,9985.0,16627.5,13298.5,9980.5,9000.0,7000.0,5000.0,-3.875,0.5,-6.125,0.0,0.0,0.0,0.0,1.0299999999999974,0.5300000000000004,6651.0,0
1.93,16644.0,13312.0,9990.0,16636.5,13305.5,9985.5,8000.0,7000.0,5000.0,-4.125,0.5,-5.875,0.0,0.0,0.0,0.0,1.0309999999999973,0.5310000000000004,6654.0,0
1.931,16653.0,13319.0,9995.0,16644.5,13312.5,9990.5,9000.0,7000.0,5000.0,-3.375,0.5,-5.625,0.0,0.0,0.0,0.0,1.0319999999999971,0.5320000000000004,6658.0,0
1.932,16662.0,13326.0,10001.0,16653.5,13319.5,9995.5,9000.0,7000.0,6000.0,-3.625,0.5,-5.375,0.0,0.0,0.0,0.0,1.032999999999997,0.5330000000000004,6661.0,0
1.933,16671.0,13333.0,10006.0,16662.5,13326.5,10001.5,9000.0,7000.0,5000.0,-3.875,0.5,-6.125,0.0,0.0,0.0,0.0,1.033999999999997,0.5340000000000004,6665.0,0
1.934,16679.0,13340.0,10011.0,16671.5,13333.5,10006.5,8000.0,7000.0,5000.0,-4.125,0.5,-5.875,0.0,0.0,0.0,0.0,1.0349999999999968,0.5350000000000004,6668.0,0
1.935,16688.0,13347.0,10016.0,16679.5,13340.5,10011.5,9000.0,7000.0,5000.0,-3.375,0.5,-5.625,0.0,0.0,0.0,0.0,1.0359999999999967,0.5360000000000004,6672.0,0
1.936,16697.0,13354.0,10021.0,16688.5,13347.5,10016.5,9000.0,7000.0,5000.0,-3.625,0.5,-5.375,0.0,0.0,0.0,0.0,1.0369999999999966,0.5370000000000004,6676.0,0
1.937,16705.0,13361.0,10027.0,16697.5,13354.5,10021.5,8000.0,7000.0,6000.0,-3.875,0.5,-5.125,0.0,0.0,0.0,0.0,1.0379999999999965,0.5380000000000004,6678.0,0
1.938,16714.0,13368.0,10032.0,16705.5,13361.5,10027.5,9000.0,7000.0,5000.0,-3.125,0.5,-5.875,0.0,0.0,0.0,0.0,1.0389999999999964,0.5390000000000004,6682.0,0
1.939,16723.0,13375.0,10037.0,16714.5,13368.5,10032.5,9000.0,7000.0,5000.0,-3.375,0.5,-5.625,0.0,0.0,0.0,0.0,1.0399999999999963,0.5400000000000004,6686.0,0
1.94,16731.0,13382.0,10042.0,16723.5,13375.5,10037.5,8000.0,7000.0,5000.0,-3.625,0.5,-5.375,0.0,0.0,0.0,0.0,1.0409999999999962,0.5410000000000004,6689.0,0
1.941,16740.0,13389.0,10047.0,16731.5,13382.5,10042.5,9000.0,7000.0,5000.0,-2.875,0.5,-5.125,0.0,0.0,0.0,0.0,1.041999999999996,0.5420000000000004,6693.0,0
1.942,16749.0,13396.0,10053.0,16740.5,13389.5,10047.5,9000.0,7000.0,6000.0,-3.125,0.5,-4.875,0.0,0.0,0.0,0.0,1.042999999999996,0.5430000000000004,6696.0,0
1.943,16757.0,13402.0,10058.0,16749.5,13396.5,10053.5,8000.0,6000.0,5000.0,-3.375,0.5,-5.625,0.0,0.0,0.0,0.0,1.0439999999999958,0.5440000000000004,6699.0,0
1.944,16766.0,13409.0,10063.0,16757.5,13402.5,10058.5,9000.0,7000.0,5000.0,-3.875,0.5,-6.125,0.0,0.0,0.0,0.0,1.0449999999999957,0.5450000000000004,6703.0,0
1.945,16775.0,13416.0,10068.0,16766.5,13409.5,10063.5,9000.0,7000.0,5000.0,-4.125,0.5,-5.875,0.0,0.0,0.0,0.0,1.0459999999999956,0.5460000000000004,6707.0,0
1.946,16783.0,13423.0,10073.0,16775.5,13416.5,10068.5,8000.0,7000.0,5000.0,-4.375,0.5,-5.625,0.0,0.0,0.0,0.0,1.0469999999999955,0.5470000000000004,6710.0,0
1.947,16792.0,13430.0,10079.0,16783.5,13423.5,10073.5,9000.0,7000.0,6000.0,-3.625,0.5,-5.375,0.0,0.0,0.0,0.0,1.0479999999999954,0.5480000000000004,6713.0,0
1.948,16801.0,13437.0,10084.0,16792.5,13430.5,10079.5,9000.0,7000.0,5000.0,-3.875,0.5,-6.125,0.0,0.0,0.0,0.0,1.0489999999999953,0.5490000000000004,6717.0,0
1.949,16809.0,13444.0,10089.0,16801.5,13437.5,10084.5,8000.0,7000.0,5000.0,-4.125,0.5,-5.875,0.0,0.0,0.0,0.0,1.0499999999999952,0.5500000000000004,6720.0,0
1.95,16818.0,13451.0,10094.0,16809.5,13444.5,10089.5,9000.0,7000.0,5000.0,-3.375,0.5,-5.625,0.0,0.0,0.0,0.0,1.050999999999995,0.5510000000000004,6724.0,0
1.951,16827.0,13458.0,10099.0,16818.5,13451.5,10094.5,9000.0,7000.0,5000.0,-3.625,0.5,-5.375,0.0,0.0,0.0,0.0,1.051999999999995,0.5520000000000004,6728.0,0
1.952,16835.0,13465.0,10105.0,16827.5,13458.5,10099.5,8000.0,7000.0,6000.0,-3.875,0.5,-5.125,0.0,0.0,0.0,0.0,1.0529999999999948,0.5530000000000004,6730.0,0
1.953,16844.0,13472.0,10110.0,16835.5,13465.5,10105.5,9000.0,7000.0,5000.0,-3.125,0.5,-5.875,0.0,0.0,0.0,0.0,1.0539999999999947,0.5540000000000004,6734.0,0
1.954,16853.0,13479.0,10115.0,16844.5,13472.5,10110.5,9000.0,7000.0,5000.0,-3.375,0.5,-5.625,0.0,0.0,0.0,0.0,1.0549999999999946,0.5550000000000004,6738.0,0
1.955,16861.0,13486.0,10120.0,16853.5,13479.5,10115.5,8000.0,7000.0,5000.0,-3.625,0.5,-5.375,0.0,0.0,0.0,0.0,1.0559999999999945,0.5560000000000004,6741.0,0
1.956,16870.0,13493.0,10125.0,16861.5,13486.5,10120.5,9000.0,7000.0,5000.0,-2.875,0.5,-5.125,0.0,0.0,0.0,0.0,1.0569999999999944,0.5570000000000004,6745.0,0
1.957,16879.0,13500.0,10131.0,16870.5,13493.5,10125.5,9000.0,7000.0,6000.0,-3.125,0.5,-4.875,0.0,0.0,0.0,0.0,1.0579999999999943,0.5580000000000004,6748.0,0
1.958,16887.0,13507.0,10136.0,16879.5,13500.5,10131.5,8000.0,7000.0,5000.0,-3.375,0.5,-5.625,0.0,0.0,0.0,0.0,1.0589999999999942,0.5590000000000004,6751.0,0
1.959,16896.0,13514.0,10141.0,16887.5,13507.5,10136.5,9000.0,7000.0,5000.0,-2.625,0.5,-5.375,0.0,0.0,0.0,0.0,1.059999999999994,0.5600000000000004,6755.0,0
1.96,16905.0,13521.0,10146.0,16896.5,13514.5,10141.5,9000.0,7000.0,5000.0,-2.875,0.5,-5.125,0.0,0.0,0.0,0.0,1.060999999999994,0.5610000000000004,6759.0,0
1.961,16913.0,13527.0,10151.0,16905.5,13521.5,10146.5,8000.0,6000.0,5000.0,-3.125,0.5,-4.875,0.0,0.0,0.0,0.0,1.0619999999999938,0.5620000000000004,6762.0,0
1.962,16922.0,13534.0,10157.0,16913.5,13527.5,10151.5,9000.0,7000.0,6000.0,-3.625,0.5,-5.375,0.0,0.0,0.0,0.0,1.0629999999999937,0.5630000000000004,6765.0,0
1.963,16931.0,13541.0,10162.0,16922.5,13534.5,10157.5,9000.0,7000.0,5000.0,-3.875,0.5,-6.125,0.0,0.0,0.0,0.0,1.0639999999999936,0.5640000000000004,6769.0,0
1.964,16939.0,13548.0,10167.0,16931.5,13541.5,10162.5,8000.0,7000.0,5000.0,-4.125,0.5,-5.875,0.0,0.0,0.0,0.0,1.0649999999999935,0.5650000000000004,6772.0,0
1.965,16948.0,13555.0,10172.0,16939.5,13548.5,10167.5,9000.0,7000.0,5000.0,-3.375,0.5,-5.625,0.0,0.0,0.0,0.0,1.0659999999999934,0.5660000000000004,6776.0,0
1.966,16957.0,13562.0,10178.0,16948.5,13555.5,10172.5,9000.0,7000.0,6000.0,-3.625,0.5,-5.375,0.0,0.0,0.0,0.0,1.0669999999999933,0.5670000000000004,6779.0,0
1.967,16966.0,13569.0,10183.0,16957.5,13562.5,10178.5,9000.0,7000.0,5000.0,-3.875,0.5,-6.125,0.0,0.0,0.0,0.0,1.0679999999999932,0.5680000000000004,6783.0,0
1.968,16974.0,13576.0,10188.0,16966.5,13569.5,10183.5,8000.0,7000.0,5000.0,-4.125,0.5,-5.875,0.0,0.0,0.0,0.0,1.068999999999993,0.5690000000000004,6786.0,0
1.969,16983.0,13583.0,10193.0,16974.5,13576.5,10188.5,9000.0,7000.0,5000.0,-3.375,0.5,-5.625,0.0,0.0,0.0,0.0,1.069999999999993,0.5700000000000004,6790.0,0
1.97,16992.0,13590.0,10198.0,16983.5,13583.5,10193.5,9000.0,7000.0,5000.0,-3.625,0.5,-5.375,0.0,0.0,0.0,0.0,1.0709999999999928,0.5710000000000004,6794.0,0
1.971,17000.0,13597.0,10204.0,16992.5,13590.5,10198.5,8000.0,7000.0,6000.0,-3.875,0.5,-5.125,0.0,0.0,0.0,0.0,1.0719999999999927,0.5720000000000004,6796.0,0
1.972,17009.0,13604.0,10209.0,17000.5,13597.5,10204.5,9000.0,7000.0,5000.0,-3.125,0.5,-5.875,0.0,0.0,0.0,0.0,1.0729999999999926,0.5730000000000004,6800.0,0
1.973,17018.0,13611.0,10214.0,17009.5,13604.5,10209.5,9000.0,7000.0,5000.0,-3.375,0.5,-5.625,0.0,0.0,0.0,0.0,1.0739999999999925,0.5740000000000004,6804.0,0
1.974,17026.0,13618.0,10219.0,17018.5,13611.5,10214.5,8000.0,7000.0,5000.0,-3.625,0.5,-5.375,0.0,0.0,0.0,0.0,1.0749999999999924,0.5750000000000004,6807.0,0
1.975,17035.0,13625.0,10224.0,17026.5,13618.5,10219.5,9000.0,7000.0,5000.0,-2.875,0.5,-5.125,0.0,0.0,0.0,0.0,1.0759999999999923,0.5760000000000004,6811.0,0
1.976,17044.0,13632.0,10230.0,17035.5,13625.5,10224.5,9000.0,7000.0,6000.0,-3.125,0.5,-4.875,0.0,0.0,0.0,0.0,1.0769999999999922,0.5770000000000004,6814.0,0
1.977,17052.0,13639.0,10235.0,17044.5,13632.5,10230.5,8000.0,7000.0,5000.0,-3.375,0.5,-5.625,0.0,0.0,0.0,0.0,1.077999999999992,0.5780000000000004,6817.0,0
1.978,17061.0,13646.0,10240.0,17052.5,13639.5,10235.5,9000.0,7000.0,5000.0,-2.625,0.5,-5.375,0.0,0.0,0.0,0.0,1.078999999999992,0.5790000000000004,6821.0,0
1.979,17070.0,13652.0,10245.0,17061.5,13646.5,10240.5,9000.0,6000.0,5000.0,-2.875,0.5,-5.125,0.0,0.0,0.0,0.0,1.0799999999999919,0.5800000000000004,6825.0,0
1.98,17078.0,13659.0,10250.0,17070.5,13652.5,10245.5,8000.0,7000.0,5000.0,-4.375,0.5,-5.625,0.0,0.0,0.0,0.0,1.0809999999999917,0.5810000000000004,6828.0,0
1.981,17087.0,13666.0,10256.0,17078.5,13659.5,10250.5,9000.0,7000.0,6000.0,-3.625,0.5,-5.375,0.0,0.0,0.0,0.0,1.0819999999999916,0.5820000000000004,6831.0,0
1.982,17096.0,13673.0,10261.0,17087.5,13666.5,10256.5,9000.0,7000.0,5000.0,-3.875,0.5,-6.125,0.0,0.0,0.0,0.0,1.0829999999999915,0.5830000000000004,6835.0,0
1.983,17104.0,13680.0,10266.0,17096.5,13673.5,10261.5,8000.0,7000.0,5000.0,-4.125,0.5,-5.875,0.0,0.0,0.0,0.0,1.0839999999999914,0.5840000000000004,6838.0,0
1.984,17113.0,13687.0,10271.0,17104.5,13680.5,10266.5,9000.0,7000.0,5000.0,-3.375,0.5,-5.625,0.0,0.0,0.0,0.0,1.0849999999999913,0.5850000000000004,6842.0,0
1.985,17122.0,13694.0,10276.0,17113.5,13687.5,10271.5,9000.0,7000.0,5000.0,-3.625,0.5,-5.375,0.0,0.0,0.0,0.0,1.0859999999999912,0.5860000000000004,6846.0,0
1.986,17130.0,13701.0,10282.0,17122.5,13694.5,10276.5,8000.0,7000.0,6000.0,-3.875,0.5,-5.125,0.0,0.0,0.0,0.0,1.086999999999991,0.5870000000000004,6848.0,0
1.987,17139.0,13708.0,10287.0,17130.5,13701.5,10282.5,9000.0,7000.0,5000.0,-3.125,0.5,-5.875,0.0,0.0,0.0,0.0,1.087999999999991,0.5880000000000004,6852.0,0
1.988,17148.0,13715.0,10292.0,17139.5,13708.5,10287.5,9000.0,7000.0,5000.0,-3.375,0.5,-5.625,0.0,0.0,0.0,0.0,1.0889999999999909,0.5890000000000004,6856.0,0
1.989,17156.0,13722.0,10297.0,17148.5,13715.5,10292.5,8000.0,7000.0,5000.0,-3.625,0.5,-5.375,0.0,0.0,0.0,0.0,1.0899999999999908,0.5900000000000004,6859.0,0
1.99,17165.0,13729.0,10302.0,17156.5,13722.5,10297.5,9000.0,7000.0,5000.0,-2.875,0.5,-5.125,0.0,0.0,0.0,0.0,1.0909999999999906,0.5910000000000004,6863.0,0
1.991,17174.0,13736.0,10308.0,17165.5,13729.5,10302.5,9000.0,7000.0,6000.0,-3.125,0.5,-4.875,0.0,0.0,0.0,0.0,1.0919999999999905,0.5920000000000004,6866.0,0
1.992,17182.0,13743.0,10313.0,17174.5,13736.5,10308.5,8000.0,7000.0,5000.0,-3.375,0.5,-5.625,0.0,0.0,0.0,0.0,1.0929999999999904,0.5930000000000004,6869.0,0
1.993,17191.0,13750.0,10318.0,17182.5,13743.5,10313.5,9000.0,7000.0,5000.0,-2.625,0.5,-5.375,0.0,0.0,0.0,0.0,1.0939999999999903,0.5940000000000004,6873.0,0
1.994,17200.0,13757.0,10323.0,17191.5,13750.5,10318.5,9000.0,7000.0,5000.0,-2.875,0.5,-5.125,0.0,0.0,0.0,0.0,1.0949999999999902,0.5950000000000004,6877.0,0
1.995,17208.0,13764.0,10328.0,17200.5,13757.5,10323.5,8000.0,7000.0,5000.0,-3.125,0.5,-4.875,0.0,0.0,0.0,0.0,1.09599999999999,0.5960000000000004,6880.0,0
1.996,17217.0,13771.0,10334.0,17208.5,13764.5,10328.5,9000.0,7000.0,6000.0,-2.375,0.5,-4.625,0.0,0.0,0.0,0.0,1.09699999999999,0.5970000000000004,6883.0,0
1.997,17226.0,13777.0,10339.0,17217.5,13771.5,10334.5,9000.0,6000.0,5000.0,-2.625,0.5,-5.375,0.0,0.0,0.0,0.0,1.0979999999999899,0.5980000000000004,6887.0,0
1.998,17235.0,13784.0,10344.0,17226.5,13777.5,10339.5,9000.0,7000.0,5000.0,-4.125,0.5,-5.875,0.0,0.0,0.0,0.0,1.0989999999999898,0.5990000000000004,6891.0,0
1.999,17243.0,13791.0,10349.0,17235.5,13784.5,10344.5,8000.0,7000.0,5000.0,-4.375,0.5,-5.625,0.0,0.0,0.0,0.0,1.0999999999999897,0.6000000000000004,6894.0,0
2.0,17252.0,13798.0,10354.0,17243.5,13791.5,10349.5,9000.0,7000.0,5000.0,-3.625,0.5,-5.375,0.0,0.0,0.0,0.0,1.1009999999999895,0.6010000000000004,6898.0,0
2.001,17261.0,13805.0,10360.0,17252.5,13798.5,10354.5,9000.0,7000.0,6000.0,-3.875,0.5,-5.125,0.0,0.0,0.0,0.0,1.1019999999999894,0.6020000000000004,6901.0,0
2.0020000000000002,17269.0,13812.0,10365.0,17261.5,13805.5,10360.5,8000.0,7000.0,5000.0,-4.125,0.5,-5.875,0.0,0.0,0.0,0.0,1.1029999999999893,0.6030000000000004,6904.0,0
2.003,17278.0,13819.0,10370.0,17269.5,13812.5,10365.5,9000.0,7000.0,5000.0,-3.375,0.5,-5.625,0.0,0.0,0.0,0.0,1.1039999999999892,0.6040000000000004,6908.0,0
2.004,17287.0,13826.0,10375.0,17278.5,13819.5,10370.5,9000.0,7000.0,5000.0,-3.625,0.5,-5.375,0.0,0.0,0.0,0.0,1.104999999999989,0.6050000000000004,6912.0,0
2.005,17295.0,13833.0,10381.0,17287.5,13826.5,10375.5,8000.0,7000.0,6000.0,-3.875,0.5,-5.125,0.0,0.0,0.0,0.0,1.105999999999989,0.6060000000000004,6914.0,0
2.0060000000000002,17304.0,13840.0,10386.0,17295.5,13833.5,10381.5,9000.0,7000.0,5000.0,-3.125,0.5,-5.875,0.0,0.0,0.0,0.0,1.1069999999999889,0.6070000000000004,6918.0,0
2.007,17313.0,13847.0,10391.0,17304.5,13840.5,10386.5,9000.0,7000.0,5000.0,-3.375,0.5,-5.625,0.0,0.0,0.0,0.0,1.1079999999999888,0.6080000000000004,6922.0,0
2.008,17321.0,13854.0,10396.0,17313.5,13847.5,10391.5,8000.0,7000.0,5000.0,-3.625,0.5,-5.375,0.0,0.0,0.0,0.0,1.1089999999999887,0.6090000000000004,6925.0,0
2.009,17330.0,13861.0,10401.0,17321.5,13854.5,10396.5,9000.0,7000.0,5000.0,-2.875,0.5,-5.125,0.0,0.0,0.0,0.0,1.1099999999999886,0.6100000000000004,6929.0,0
2.0100000000000002,17339.0,13868.0,10407.0,17330.5,13861.5,10401.5,9000.0,7000.0,6000.0,-3.125,0.5,-4.875,0.0,0.0,0.0,0.0,1.1109999999999884,0.6110000000000004,6932.0,0
2.011,17347.0,13875.0,10412.0,17339.5,13868.5,10407.5,8000.0,7000.0,5000.0,-3.375,0.5,-5.625,0.0,0.0,0.0,0.0,1.1119999999999883,0.6120000000000004,6935.0,0
2.012,17356.0,13882.0,10417.0,17347.5,13875.5,10412.5,9000.0,7000.0,5000.0,-2.625,0.5,-5.375,0.0,0.0,0.0,0.0,1.1129999999999882,0.6130000000000004,6939.0,0
2.013,17365.0,13889.0,10422.0,17356.5,13882.5,10417.5,9000.0,7000.0,5000.0,-2.875,0.5,-5.125,0.0,0.0,0.0,0.0,1.113999999999988,0.6140000000000004,6943.0,0
2.0140000000000002,17373.0,13896.0,10427.0,17365.5,13889.5,10422.5,8000.0,7000.0,5000.0,-3.125,0.5,-4.875,0.0,0.0,0.0,0.0,1.114999999999988,0.6150000000000004,6946.0,0
2.015,17382.0,13902.0,10433.0,17373.5,13896.5,10427.5,9000.0,6000.0,6000.0,-2.375,0.5,-4.625,0.0,0.0,0.0,0.0,1.115999999999988,0.6160000000000004,6949.0,0
2.016,17391.0,13909.0,10438.0,17382.5,13902.5,10433.5,9000.0,7000.0,5000.0,-3.875,0.5,-6.125,0.0,0.0,0.0,0.0,1.1169999999999878,0.6170000000000004,6953.0,0
2.017,17399.0,13916.0,10443.0,17391.5,13909.5,10438.5,8000.0,7000.0,5000.0,-4.125,0.5,-5.875,0.0,0.0,0.0,0.0,1.1179999999999877,0.6180000000000004,6956.0,0
2.0180000000000002,17408.0,13923.0,10448.0,17399.5,13916.5,10443.5,9000.0,7000.0,5000.0,-3.375,0.5,-5.625,0.0,0.0,0.0,0.0,1.1189999999999876,0.6190000000000004,6960.0,0
2.019,17417.0,13930.0,10453.0,17408.5,13923.5,10448.5,9000.0,7000.0,5000.0,-3.625,0.5,-5.375,0.0,0.0,0.0,0.0,1.1199999999999875,0.6200000000000004,6964.0,0
2.02,17425.0,13937.0,10459.0,17417.5,13930.5,10453.5,8000.0,7000.0,6000.0,-3.875,0.5,-5.125,0.0,0.0,0.0,0.0,1.1209999999999873,0.6210000000000004,6966.0,0
2.021,17434.0,13944.0,10464.0,17425.5,13937.5,10459.5,9000.0,7000.0,5000.0,-3.125,0.5,-5.875,0.0,0.0,0.0,0.0,1.1219999999999872,0.6220000000000004,6970.0,0
2.0220000000000002,17443.0,13951.0,10469.0,17434.5,13944.5,10464.5,9000.0,7000.0,5000.0,-3.375,0.5,-5.625,0.0,0.0,0.0,0.0,1.1229999999999871,0.6230000000000004,6974.0,0
2.023,17451.0,13958.0,10474.0,17443.5,13951.5,10469.5,8000.0,7000.0,5000.0,-3.625,0.5,-5.375,0.0,0.0,0.0,0.0,1.123999999999987,0.6240000000000004,6977.0,0
2.024,17460.0,13965.0,10479.0,17451.5,13958.5,10474.5,9000.0,7000.0,5000.0,-2.875,0.5,-5.125,0.0,0.0,0.0,0.0,1.124999999999987,0.6250000000000004,6981.0,0
2.025,17469.0,13972.0,10485.0,17460.5,13965.5,10479.5,9000.0,7000.0,6000.0,-3.125,0.5,-4.875,0.0,0.0,0.0,0.0,1.1259999999999868,0.6260000000000004,6984.0,0
2.0260000000000002,17477.0,13979.0,10490.0,17469.5,13972.5,10485.5,8000.0,7000.0,5000.0,-3.375,0.5,-5.625,0.0,0.0,0.0,0.0,1.1269999999999867,0.6270000000000004,6987.0,0
2.027,17486.0,13986.0,10495.0,17477.5,13979.5,10490.5,9000.0,7000.0,5000.0,-2.625,0.5,-5.375,0.0,0.0,0.0,0.0,1.1279999999999866,0.6280000000000004,6991.0,0
2.028,17495.0,13993.0,10500.0,17486.5,13986.5,10495.5,9000.0,7000.0,5000.0,-2.875,0.5,-5.125,0.0,0.0,0.0,0.0,1.1289999999999865,0.6290000000000004,6995.0,0
2.029,17503.0,14000.0,10505.0,17495.5,13993.5,10500.5,8000.0,7000.0,5000.0,-3.125,0.5,-4.875,0.0,0.0,0.0,0.0,1.1299999999999863,0.6300000000000004,6998.0,0
2.0300000000000002,17512.0,14007.0,10511.0,17503.5,14000.5,10505.5,9000.0,7000.0,6000.0,-2.375,0.5,-4.625,0.0,0.0,0.0,0.0,1.1309999999999862,0.6310000000000004,7001.0,0
2.031,17521.0,14014.0,10516.0,17512.5,14007.5,10511.5,9000.0,7000.0,5000.0,-2.625,0.5,-5.375,0.0,0.0,0.0,0.0,1.1319999999999861,0.6320000000000005,7005.0,0
2.032,17530.0,14021.0,10521.0,17521.5,14014.5,10516.5,9000.0,7000.0,5000.0,-2.875,0.5,-5.125,0.0,0.0,0.0,0.0,1.132999999999986,0.6330000000000005,7009.0,0
2.033,17538.0,14027.0,10526.0,17530.5,14021.5,10521.5,8000.0,6000.0,5000.0,-3.125,0.5,-4.875,0.0,0.0,0.0,0.0,1.133999999999986,0.6340000000000005,7012.0,0
2.0340000000000003,17547.0,14034.0,10531.0,17538.5,14027.5,10526.5,9000.0,7000.0,5000.0,-3.625,0.5,-5.375,0.0,0.0,0.0,0.0,1.1349999999999858,0.6350000000000005,7016.0,0
2.035,17556.0,14041.0,10537.0,17547.5,14034.5,10531.5,9000.0,7000.0,6000.0,-3.875,0.5,-5.125,0.0,0.0,0.0,0.0,1.1359999999999857,0.6360000000000005,7019.0,0
2.036,17564.0,14048.0,10542.0,17556.5,14041.5,10537.5,8000.0,7000.0,5000.0,-4.125,0.5,-5.875,0.0,0.0,0.0,0.0,1.1369999999999856,0.6370000000000005,7022.0,0
2.037,17573.0,14055.0,10547.0,17564.5,14048.5,10542.5,9000.0,7000.0,5000.0,-3.375,0.5,-5.625,0.0,0.0,0.0,0.0,1.1379999999999855,0.6380000000000005,7026.0,0
2.0380000000000003,17582.0,14062.0,10552.0,17573.5,14055.5,10547.5,9000.0,7000.0,5000.0,-3.625,0.5,-5.375,0.0,0.0,0.0,0.0,1.1389999999999854,0.6390000000000005,7030.0,0
2.039,17590.0,14069.0,10557.0,17582.5,14062.5,10552.5,8000.0,7000.0,5000.0,-3.875,0.5,-5.125,0.0,0.0,0.0,0.0,1.1399999999999852,0.6400000000000005,7033.0,0
2.04,17599.0,14076.0,10563.0,17590.5,14069.5,10557.5,9000.0,7000.0,6000.0,-3.125,0.5,-4.875,0.0,0.0,0.0,0.0,1.1409999999999851,0.6410000000000005,7036.0,0
2.041,17608.0,14083.0,10568.0,17599.5,14076.5,10563.5,9000.0,7000.0,5000.0,-3.375,0.5,-5.625,0.0,0.0,0.0,0.0,1.141999999999985,0.6420000000000005,7040.0,0
2.0420000000000003,17616.0,14090.0,10573.0,17608.5,14083.5,10568.5,8000.0,7000.0,5000.0,-3.625,0.5,-5.375,0.0,0.0,0.0,0.0,1.142999999999985,0.6430000000000005,7043.0,0
2.043,17625.0,14097.0,10578.0,17616.5,14090.5,10573.5,9000.0,7000.0,5000.0,-2.875,0.5,-5.125,0.0,0.0,0.0,0.0,1.1439999999999848,0.6440000000000005,7047.0,0
2.044,17634.0,14104.0,10584.0,17625.5,14097.5,10578.5,9000.0,7000.0,6000.0,-3.125,0.5,-4.875,0.0,0.0,0.0,0.0,1.1449999999999847,0.6450000000000005,7050.0,0
2.045,17642.0,14111.0,10589.0,17634.5,14104.5,10584.5,8000.0,7000.0,5000.0,-3.375,0.5,-5.625,0.0,0.0,0.0,0.0,1.1459999999999846,0.6460000000000005,7053.0,0
2.0460000000000003,17651.0,14118.0,10594.0,17642.5,14111.5,10589.5,9000.0,7000.0,5000.0,-2.625,0.5,-5.375,0.0,0.0,0.0,0.0,1.1469999999999845,0.6470000000000005,7057.0,0
2.047,17660.0,14125.0,10599.0,17651.5,14118.5,10594.5,9000.0,7000.0,5000.0,-2.875,0.5,-5.125,0.0,0.0,0.0,0.0,1.1479999999999844,0.6480000000000005,7061.0,0
2.048,17668.0,14132.0,10604.0,17660.5,14125.5,10599.5,8000.0,7000.0,5000.0,-3.125,0.5,-4.875,0.0,0.0,0.0,0.0,1.1489999999999843,0.6490000000000005,7064.0,0
2.049,17677.0,14139.0,10610.0,17668.5,14132.5,10604.5,9000.0,7000.0,6000.0,-2.375,0.5,-4.625,0.0,0.0,0.0,0.0,1.1499999999999841,0.6500000000000005,7067.0,0
2.05,17686.0,14146.0,10615.0,17677.5,14139.5,10610.5,9000.0,7000.0,5000.0,-2.625,0.5,-5.375,0.0,0.0,0.0,0.0,1.150999999999984,0.6510000000000005,7071.0,0
2.051,17694.0,14152.0,10620.0,17686.5,14146.5,10615.5,8000.0,6000.0,5000.0,-2.875,0.5,-5.125,0.0,0.0,0.0,0.0,1.151999999999984,0.6520000000000005,7074.0,0
2.052,17703.0,14159.0,10625.0,17694.5,14152.5,10620.5,9000.0,7000.0,5000.0,-3.375,0.5,-5.625,0.0,0.0,0.0,0.0,1.1529999999999838,0.6530000000000005,7078.0,0
2.053,17712.0,14166.0,10630.0,17703.5,14159.5,10625.5,9000.0,7000.0,5000.0,-3.625,0.5,-5.375,0.0,0.0,0.0,0.0,1.1539999999999837,0.6540000000000005,7082.0,0
2.054,17720.0,14173.0,10636.0,17712.5,14166.5,10630.5,8000.0,7000.0,6000.0,-3.875,0.5,-5.125,0.0,0.0,0.0,0.0,1.1549999999999836,0.6550000000000005,7084.0,0
2.055,17729.0,14180.0,10641.0,17720.5,14173.5,10636.5,9000.0,7000.0,5000.0,-3.125,0.5,-5.875,0.0,0.0,0.0,0.0,1.1559999999999835,0.6560000000000005,7088.0,0
2.056,17738.0,14187.0,10646.0,17729.5,14180.5,10641.5,9000.0,7000.0,5000.0,-3.375,0.5,-5.625,0.0,0.0,0.0,0.0,1.1569999999999834,0.6570000000000005,7092.0,0
2.057,17746.0,14194.0,10651.0,17738.5,14187.5,10646.5,8000.0,7000.0,5000.0,-3.625,0.5,-5.375,0.0,0.0,0.0,0.0,1.1579999999999833,0.6580000000000005,7095.0,0
2.058,17755.0,14201.0,10656.0,17746.5,14194.5,10651.5,9000.0,7000.0,5000.0,-2.875,0.5,-5.125,0.0,0.0,0.0,0.0,1.1589999999999832,0.6590000000000005,7099.0,0
2.059,17764.0,14208.0,10662.0,17755.5,14201.5,10656.5,9000.0,7000.0,6000.0,-3.125,0.5,-4.875,0.0,0.0,0.0,0.0,1.159999999999983,0.6600000000000005,7102.0,0
2.06,17772.0,14215.0,10667.0,17764.5,14208.5,10662.5,8000.0,7000.0,5000.0,-3.375,0.5,-5.625,0.0,0.0,0.0,0.0,1.160999999999983,0.6610000000000005,7105.0,0
2.061,17781.0,14222.0,10672.0,17772.5,14215.5,10667.5,9000.0,7000.0,5000.0,-2.625,0.5,-5.375,0.0,0.0,0.0,0.0,1.1619999999999828,0.6620000000000005,7109.0,0
2.062,17790.0,14229.0,10677.0,17781.5,14222.5,10672.5,9000.0,7000.0,5000.0,-2.875,0.5,-5.125,0.0,0.0,0.0,0.0,1.1629999999999827,0.6630000000000005,7113.0,0
2.063,17798.0,14236.0,10682.0,17790.5,14229.5,10677.5,8000.0,7000.0,5000.0,-3.125,0.5,-4.875,0.0,0.0,0.0,0.0,1.1639999999999826,0.6640000000000005,7116.0,0
2.064,17807.0,14243.0,10688.0,17798.5,14236.5,10682.5,9000.0,7000.0,6000.0,-2.375,0.5,-4.625,0.0,0.0,0.0,0.0,1.1649999999999825,0.6650000000000005,7119.0,0
2.065,17816.0,14250.0,10693.0,17807.5,14243.5,10688.5,9000.0,7000.0,5000.0,-2.625,0.5,-5.375,0.0,0.0,0.0,0.0,1.1659999999999824,0.6660000000000005,7123.0,0
2.066,17825.0,14257.0,10698.0,17816.5,14250.5,10693.5,9000.0,7000.0,5000.0,-2.875,0.5,-5.125,0.0,0.0,0.0,0.0,1.1669999999999823,0.6670000000000005,7127.0,0
2.067,17833.0,14264.0,10703.0,17825.5,14257.5,10698.5,8000.0,7000.0,5000.0,-3.125,0.5,-4.875,0.0,0.0,0.0,0.0,1.1679999999999822,0.6680000000000005,7130.0,0
2.068,17842.0,14271.0,10708.0,17833.5,14264.5,10703.5,9000.0,7000.0,5000.0,-2.375,0.5,-4.625,0.0,0.0,0.0,0.0,1.168999999999982,0.6690000000000005,7134.0,0
2.069,17851.0,14277.0,10714.0,17842.5,14271.5,10708.5,9000.0,6000.0,6000.0,-2.625,0.5,-4.375,0.0,0.0,0.0,0.0,1.169999999999982,0.6700000000000005,7137.0,0
2.07,17859.0,14284.0,10719.0,17851.5,14277.5,10714.5,8000.0,7000.0,5000.0,-4.125,0.5,-5.875,0.0,0.0,0.0,0.0,1.1709999999999818,0.6710000000000005,7140.0,0
2.071,17868.0,14291.0,10724.0,17859.5,14284.5,10719.5,9000.0,7000.0,5000.0,-3.375,0.5,-5.625,0.0,0.0,0.0,0.0,1.1719999999999817,0.6720000000000005,7144.0,0
2.072,17877.0,14298.0,10729.0,17868.5,14291.5,10724.5,9000.0,7000.0,5000.0,-3.625,0.5,-5.375,0.0,0.0,0.0,0.0,1.1729999999999816,0.6730000000000005,7148.0,0
2.073,17885.0,14305.0,10734.0,17877.5,14298.5,10729.5,8000.0,7000.0,5000.0,-3.875,0.5,-5.125,0.0,0.0,0.0,0.0,1.1739999999999815,0.6740000000000005,7151.0,0
2.074,17894.0,14312.0,10740.0,17885.5,14305.5,10734.5,9000.0,7000.0,6000.0,-3.125,0.5,-4.875,0.0,0.0,0.0,0.0,1.1749999999999814,0.6750000000000005,7154.0,0
2.075,17903.0,14319.0,10745.0,17894.5,14312.5,10740.5,9000.0,7000.0,5000.0,-3.375,0.5,-5.625,0.0,0.0,0.0,0.0,1.1759999999999813,0.6760000000000005,7158.0,0
2.076,17911.0,14326.0,10750.0,17903.5,14319.5,10745.5,8000.0,7000.0,5000.0,-3.625,0.5,-5.375,0.0,0.0,0.0,0.0,1.1769999999999812,0.6770000000000005,7161.0,0
2.077,17920.0,14333.0,10755.0,17911.5,14326.5,10750.5,9000.0,7000.0,5000.0,-2.875,0.5,-5.125,0.0,0.0,0.0,0.0,1.177999999999981,0.6780000000000005,7165.0,0
2.078,17929.0,14340.0,10760.0,17920.5,14333.5,10755.5,9000.0,7000.0,5000.0,-3.125,0.5,-4.875,0.0,0.0,0.0,0.0,1.178999999999981,0.6790000000000005,7169.0,0
2.079,17937.0,14347.0,10766.0,17929.5,14340.5,10760.5,8000.0,7000.0,6000.0,-3.375,0.5,-4.625,0.0,0.0,0.0,0.0,1.1799999999999808,0.6800000000000005,7171.0,0
2.08,17946.0,14354.0,10771.0,17937.5,14347.5,10766.5,9000.0,7000.0,5000.0,-2.625,0.5,-5.375,0.0,0.0,0.0,0.0,1.1809999999999807,0.6810000000000005,7175.0,0
2.081,17955.0,14361.0,10776.0,17946.5,14354.5,10771.5,9000.0,7000.0,5000.0,-2.875,0.5,-5.125,0.0,0.0,0.0,0.0,1.1819999999999806,0.6820000000000005,7179.0,0
2.082,17963.0,14368.0,10781.0,17955.5,14361.5,10776.5,8000.0,7000.0,5000.0,-3.125,0.5,-4.875,0.0,0.0,0.0,0.0,1.1829999999999805,0.6830000000000005,7182.0,0
2.083,17972.0,14375.0,10787.0,17963.5,14368.5,10781.5,9000.0,7000.0,6000.0,-2.375,0.5,-4.625,0.0,0.0,0.0,0.0,1.1839999999999804,0.6840000000000005,7185.0,0
2.084,17981.0,14382.0,10792.0,17972.5,14375.5,10787.5,9000.0,7000.0,5000.0,-2.625,0.5,-5.375,0.0,0.0,0.0,0.0,1.1849999999999803,0.6850000000000005,7189.0,0
2.085,17989.0,14389.0,10797.0,17981.5,14382.5,10792.5,8000.0,7000.0,5000.0,-2.875,0.5,-5.125,0.0,0.0,0.0,0.0,1.1859999999999802,0.6860000000000005,7192.0,0
2.086,17998.0,14396.0,10802.0,17989.5,14389.5,10797.5,9000.0,7000.0,5000.0,-2.125,0.5,-4.875,0.0,0.0,0.0,0.0,1.18699999999998,0.6870000000000005,7196.0,0
2.087,18007.0,14403.0,10807.0,17998.5,14396.5,10802.5,9000.0,7000.0,5000.0,-2.375,0.5,-4.625,0.0,0.0,0.0,0.0,1.18799999999998,0.6880000000000005,7200.0,0
2.088,18015.0,14409.0,10813.0,18007.5,14403.5,10807.5,8000.0,6000.0,6000.0,-2.625,0.5,-4.375,0.0,0.0,0.0,0.0,1.1889999999999799,0.6890000000000005,7202.0,0
2.089,18024.0,14416.0,10818.0,18015.5,14409.5,10813.5,9000.0,7000.0,5000.0,-3.125,0.5,-5.875,0.0,0.0,0.0,0.0,1.1899999999999797,0.6900000000000005,7206.0,0
2.09,18033.0,14423.0,10823.0,18024.5,14416.5,10818.5,9000.0,7000.0,5000.0,-3.375,0.5,-5.625,0.0,0.0,0.0,0.0,1.1909999999999796,0.6910000000000005,7210.0,0
2.091,18041.0,14430.0,10828.0,18033.5,14423.5,10823.5,8000.0,7000.0,5000.0,-3.625,0.5,-5.375,0.0,0.0,0.0,0.0,1.1919999999999795,0.6920000000000005,7213.0,0
2.092,18050.0,14437.0,10833.0,18041.5,14430.5,10828.5,9000.0,7000.0,5000.0,-2.875,0.5,-5.125,0.0,0.0,0.0,0.0,1.1929999999999794,0.6930000000000005,7217.0,0
2.093,18059.0,14444.0,10839.0,18050.5,14437.5,10833.5,9000.0,7000.0,6000.0,-3.125,0.5,-4.875,0.0,0.0,0.0,0.0,1.1939999999999793,0.6940000000000005,7220.0,0
2.094,18067.0,14451.0,10844.0,18059.5,14444.5,10839.5,8000.0,7000.0,5000.0,-3.375,0.5,-5.625,0.0,0.0,0.0,0.0,1.1949999999999792,0.6950000000000005,7223.0,0
2.095,18076.0,14458.0,10849.0,18067.5,14451.5,10844.5,9000.0,7000.0,5000.0,-2.625,0.5,-5.375,0.0,0.0,0.0,0.0,1.195999999999979,0.6960000000000005,7227.0,0
2.096,18085.0,14465.0,10854.0,18076.5,14458.5,10849.5,9000.0,7000.0,5000.0,-2.875,0.5,-5.125,0.0,0.0,0.0,0.0,1.196999999999979,0.6970000000000005,7231.0,0
2.097,18094.0,14472.0,10859.0,18085.5,14465.5,10854.5,9000.0,7000.0,5000.0,-3.125,0.5,-4.875,0.0,0.0,0.0,0.0,1.1979999999999789,0.6980000000000005,7235.0,0
2.098,18102.0,14479.0,10865.0,18094.5,14472.5,10859.5,8000.0,7000.0,6000.0,-3.375,0.5,-4.625,0.0,0.0,0.0,0.0,1.1989999999999787,0.6990000000000005,7237.0,0
2.099,18111.0,14486.0,10870.0,18102.5,14479.5,10865.5,9000.0,7000.0,5000.0,-2.625,0.5,-5.375,0.0,0.0,0.0,0.0,1.1999999999999786,0.7000000000000005,7241.0,0
2.1,18120.0,14493.0,10875.0,18111.5,14486.5,10870.5,9000.0,7000.0,5000.0,-2.875,0.5,-5.125,0.0,0.0,0.0,0.0,1.2009999999999785,0.7010000000000005,7245.0,0
2.101,18128.0,14500.0,10880.0,18120.5,14493.5,10875.5,8000.0,7000.0,5000.0,-3.125,0.5,-4.875,0.0,0.0,0.0,0.0,1.2019999999999784,0.7020000000000005,7248.0,0
2.102,18137.0,14507.0,10885.0,18128.5,14500.5,10880.5,9000.0,7000.0,5000.0,-2.375,0.5,-4.625,0.0,0.0,0.0,0.0,1.2029999999999783,0.7030000000000005,7252.0,0
2.103,18146.0,14514.0,10891.0,18137.5,14507.5,10885.5,9000.0,7000.0,6000.0,-2.625,0.5,-4.375,0.0,0.0,0.0,0.0,1.2039999999999782,0.7040000000000005,7255.0,0
2.104,18154.0,14521.0,10896.0,18146.5,14514.5,10891.5,8000.0,7000.0,5000.0,-2.875,0.5,-5.125,0.0,0.0,0.0,0.0,1.204999999999978,0.7050000000000005,7258.0,0
2.105,18163.0,14528.0,10901.0,18154.5,14521.5,10896.5,9000.0,7000.0,5000.0,-2.125,0.5,-4.875,0.0,0.0,0.0,0.0,1.205999999999978,0.7060000000000005,7262.0,0
2.106,18172.0,14534.0,10906.0,18163.5,14528.5,10901.5,9000.0,6000.0,5000.0,-2.375,0.5,-4.625,0.0,0.0,0.0,0.0,1.2069999999999779,0.7070000000000005,7266.0,0
2.107,18180.0,14541.0,10911.0,18172.5,14534.5,10906.5,8000.0,7000.0,5000.0,-3.875,0.5,-5.125,0.0,0.0,0.0,0.0,1.2079999999999778,0.7080000000000005,7269.0,0
2.108,18189.0,14548.0,10917.0,18180.5,14541.5,10911.5,9000.0,7000.0,6000.0,-3.125,0.5,-4.875,0.0,0.0,0.0,0.0,1.2089999999999776,0.7090000000000005,7272.0,0
2.109,18198.0,14555.0,10922.0,18189.5,14548.5,10917.5,9000.0,7000.0,5000.0,-3.375,0.5,-5.625,0.0,0.0,0.0,0.0,1.2099999999999775,0.7100000000000005,7276.0,0
2.11,18206.0,14562.0,10927.0,18198.5,14555.5,10922.5,8000.0,7000.0,5000.0,-3.625,0.5,-5.375,0.0,0.0,0.0,0.0,1.2109999999999774,0.7110000000000005,7279.0,0
2.111,18215.0,14569.0,10932.0,18206.5,14562.5,10927.5,9000.0,7000.0,5000.0,-2.875,0.5,-5.125,0.0,0.0,0.0,0.0,1.2119999999999773,0.7120000000000005,7283.0,0
2.112,18224.0,14576.0,10937.0,18215.5,14569.5,10932.5,9000.0,7000.0,5000.0,-3.125,0.5,-4.875,0.0,0.0,0.0,0.0,1.2129999999999772,0.7130000000000005,7287.0,0
2.113,18232.0,14583.0,10943.0,18224.5,14576.5,10937.5,8000.0,7000.0,6000.0,-3.375,0.5,-4.625,0.0,0.0,0.0,0.0,1.213999999999977,0.7140000000000005,7289.0,0
2.114,18241.0,14590.0,10948.0,18232.5,14583.5,10943.5,9000.0,7000.0,5000.0,-2.625,0.5,-5.375,0.0,0.0,0.0,0.0,1.214999999999977,0.7150000000000005,7293.0,0
2.115,18250.0,14597.0,10953.0,18241.5,14590.5,10948.5,9000.0,7000.0,5000.0,-2.875,0.5,-5.125,0.0,0.0,0.0,0.0,1.2159999999999769,0.7160000000000005,7297.0,0
2.116,18258.0,14604.0,10958.0,18250.5,14597.5,10953.5,8000.0,7000.0,5000.0,-3.125,0.5,-4.875,0.0,0.0,0.0,0.0,1.2169999999999768,0.7170000000000005,7300.0,0
2.117,18267.0,14611.0,10963.0,18258.5,14604.5,10958.5,9000.0,7000.0,5000.0,-2.375,0.5,-4.625,0.0,0.0,0.0,0.0,1.2179999999999767,0.7180000000000005,7304.0,0
2.118,18276.0,14618.0,10969.0,18267.5,14611.5,10963.5,9000.0,7000.0,6000.0,-2.625,0.5,-4.375,0.0,0.0,0.0,0.0,1.2189999999999765,0.7190000000000005,7307.0,0
2.119,18284.0,14625.0,10974.0,18276.5,14618.5,10969.5,8000.0,7000.0,5000.0,-2.875,0.5,-5.125,0.0,0.0,0.0,0.0,1.2199999999999764,0.7200000000000005,7310.0,0
2.12,18293.0,14632.0,10979.0,18284.5,14625.5,10974.5,9000.0,7000.0,5000.0,-2.125,0.5,-4.875,0.0,0.0,0.0,0.0,1.2209999999999763,0.7210000000000005,7314.0,0
2.121,18302.0,14639.0,10984.0,18293.5,14632.5,10979.5,9000.0,7000.0,5000.0,-2.375,0.5,-4.625,0.0,0.0,0.0,0.0,1.2219999999999762,0.7220000000000005,7318.0,0
2.122,18310.0,14646.0,10990.0,18302.5,14639.5,10984.5,8000.0,7000.0,6000.0,-2.625,0.5,-4.375,0.0,0.0,0.0,0.0,1.222999999999976,0.7230000000000005,7320.0,0
2.123,18319.0,14653.0,10995.0,18310.5,14646.5,10990.5,9000.0,7000.0,5000.0,-1.875,0.5,-5.125,0.0,0.0,0.0,0.0,1.223999999999976,0.7240000000000005,7324.0,0
2.124,18328.0,14659.0,11000.0,18319.5,14653.5,10995.5,9000.0,6000.0,5000.0,-2.125,0.5,-4.875,0.0,0.0,0.0,0.0,1.2249999999999759,0.7250000000000005,7328.0,0
2.125,18336.0,14666.0,11005.0,18328.5,14659.5,11000.5,8000.0,7000.0,5000.0,-3.625,0.5,-5.375,0.0,0.0,0.0,0.0,1.2259999999999758,0.7260000000000005,7331.0,0
2.126,18345.0,14673.0,11010.0,18336.5,14666.5,11005.5,9000.0,7000.0,5000.0,-2.875,0.5,-5.125,0.0,0.0,0.0,0.0,1.2269999999999757,0.7270000000000005,7335.0,0
2.1270000000000002,18354.0,14680.0,11016.0,18345.5,14673.5,11010.5,9000.0,7000.0,6000.0,-3.125,0.5,-4.875,0.0,0.0,0.0,0.0,1.2279999999999756,0.7280000000000005,7338.0,0
2.128,18362.0,14687.0,11021.0,18354.5,14680.5,11016.5,8000.0,7000.0,5000.0,-3.375,0.5,-5.625,0.0,0.0,0.0,0.0,1.2289999999999754,0.7290000000000005,7341.0,0
2.129,18371.0,14694.0,11026.0,18362.5,14687.5,11021.5,9000.0,7000.0,5000.0,-2.625,0.5,-5.375,0.0,0.0,0.0,0.0,1.2299999999999753,0.7300000000000005,7345.0,0
2.13,18380.0,14701.0,11031.0,18371.5,14694.5,11026.5,9000.0,7000.0,5000.0,-2.875,0.5,-5.125,0.0,0.0,0.0,0.0,1.2309999999999752,0.7310000000000005,7349.0,0
2.1310000000000002,18389.0,14708.0,11036.0,18380.5,14701.5,11031.5,9000.0,7000.0,5000.0,-3.125,0.5,-4.875,0.0,0.0,0.0,0.0,1.2319999999999751,0.7320000000000005,7353.0,0
2.132,18397.0,14715.0,11042.0,18389.5,14708.5,11036.5,8000.0,7000.0,6000.0,-3.375,0.5,-4.625,0.0,0.0,0.0,0.0,1.232999999999975,0.7330000000000005,7355.0,0
2.133,18406.0,14722.0,11047.0,18397.5,14715.5,11042.5,9000.0,7000.0,5000.0,-2.625,0.5,-5.375,0.0,0.0,0.0,0.0,1.233999999999975,0.7340000000000005,7359.0,0
2.134,18415.0,14729.0,11052.0,18406.5,14722.5,11047.5,9000.0,7000.0,5000.0,-2.875,0.5,-5.125,0.0,0.0,0.0,0.0,1.2349999999999748,0.7350000000000005,7363.0,0
2.1350000000000002,18423.0,14736.0,11057.0,18415.5,14729.5,11052.5,8000.0,7000.0,5000.0,-3.125,0.5,-4.875,0.0,0.0,0.0,0.0,1.2359999999999747,0.7360000000000005,7366.0,0
2.136,18432.0,14743.0,11062.0,18423.5,14736.5,11057.5,9000.0,7000.0,5000.0,-2.375,0.5,-4.625,0.0,0.0,0.0,0.0,1.2369999999999746,0.7370000000000005,7370.0,0
2.137,18441.0,14750.0,11068.0,18432.5,14743.5,11062.5,9000.0,7000.0,6000.0,-2.625,0.5,-4.375,0.0,0.0,0.0,0.0,1.2379999999999745,0.7380000000000005,7373.0,0
2.138,18449.0,14757.0,11073.0,18441.5,14750.5,11068.5,8000.0,7000.0,5000.0,-2.875,0.5,-5.125,0.0,0.0,0.0,0.0,1.2389999999999743,0.7390000000000005,7376.0,0
2.1390000000000002,18458.0,14764.0,11078.0,18449.5,14757.5,11073.5,9000.0,7000.0,5000.0,-2.125,0.5,-4.875,0.0,0.0,0.0,0.0,1.2399999999999742,0.7400000000000005,7380.0,0
2.14,18467.0,14771.0,11083.0,18458.5,14764.5,11078.5,9000.0,7000.0,5000.0,-2.375,0.5,-4.625,0.0,0.0,0.0,0.0,1.2409999999999741,0.7410000000000005,7384.0,0
2.141,18475.0,14778.0,11088.0,18467.5,14771.5,11083.5,8000.0,7000.0,5000.0,-2.625,0.5,-4.375,0.0,0.0,0.0,0.0,1.241999999999974,0.7420000000000005,7387.0,0
2.142,18484.0,14784.0,11094.0,18475.5,14778.5,11088.5,9000.0,6000.0,6000.0,-1.875,0.5,-4.125,0.0,0.0,0.0,0.0,1.242999999999974,0.7430000000000005,7390.0,0
2.1430000000000002,18493.0,14791.0,11099.0,18484.5,14784.5,11094.5,9000.0,7000.0,5000.0,-3.375,0.5,-5.625,0.0,0.0,0.0,0.0,1.2439999999999738,0.7440000000000005,7394.0,0
2.144,18501.0,14798.0,11104.0,18493.5,14791.5,11099.5,8000.0,7000.0,5000.0,-3.625,0.5,-5.375,0.0,0.0,0.0,0.0,1.2449999999999737,0.7450000000000006,7397.0,0
2.145,18510.0,14805.0,11109.0,18501.5,14798.5,11104.5,9000.0,7000.0,5000.0,-2.875,0.5,-5.125,0.0,0.0,0.0,0.0,1.2459999999999736,0.7460000000000006,7401.0,0
2.146,18519.0,14812.0,11114.0,18510.5,14805.5,11109.5,9000.0,7000.0,5000.0,-3.125,0.5,-4.875,0.0,0.0,0.0,0.0,1.2469999999999735,0.7470000000000006,7405.0,0
2.1470000000000002,18527.0,14819.0,11120.0,18519.5,14812.5,11114.5,8000.0,7000.0,6000.0,-3.375,0.5,-4.625,0.0,0.0,0.0,0.0,1.2479999999999734,0.7480000000000006,7407.0,0
2.148,18536.0,14826.0,11125.0,18527.5,14819.5,11120.5,9000.0,7000.0,5000.0,-2.625,0.5,-5.375,0.0,0.0,0.0,0.0,1.2489999999999732,0.7490000000000006,7411.0,0
2.149,18545.0,14833.0,11130.0,18536.5,14826.5,11125.5,9000.0,7000.0,5000.0,-2.875,0.5,-5.125,0.0,0.0,0.0,0.0,1.2499999999999731,0.7500000000000006,7415.0,0
2.15,18553.0,14840.0,11135.0,18545.5,14833.5,11130.5,8000.0,7000.0,5000.0,-3.125,0.5,-4.875,0.0,0.0,0.0,0.0,1.250999999999973,0.7510000000000006,7418.0,0
2.1510000000000002,18562.0,14847.0,11140.0,18553.5,14840.5,11135.5,9000.0,7000.0,5000.0,-2.375,0.5,-4.625,0.0,0.0,0.0,0.0,1.251999999999973,0.7520000000000006,7422.0,0
2.152,18571.0,14854.0,11146.0,18562.5,14847.5,11140.5,9000.0,7000.0,6000.0,-2.625,0.5,-4.375,0.0,0.0,0.0,0.0,1.2529999999999728,0.7530000000000006,7425.0,0
2.153,18579.0,14861.0,11151.0,18571.5,14854.5,11146.5,8000.0,7000.0,5000.0,-2.875,0.5,-5.125,0.0,0.0,0.0,0.0,1.2539999999999727,0.7540000000000006,7428.0,0
2.154,18588.0,14868.0,11156.0,18579.5,14861.5,11151.5,9000.0,7000.0,5000.0,-2.125,0.5,-4.875,0.0,0.0,0.0,0.0,1.2549999999999726,0.7550000000000006,7432.0,0
2.1550000000000002,18597.0,14875.0,11161.0,18588.5,14868.5,11156.5,9000.0,7000.0,5000.0,-2.375,0.5,-4.625,0.0,0.0,0.0,0.0,1.2559999999999725,0.7560000000000006,7436.0,0
2.156,18605.0,14882.0,11166.0,18597.5,14875.5,11161.5,8000.0,7000.0,5000.0,-2.625,0.5,-4.375,0.0,0.0,0.0,0.0,1.2569999999999724,0.7570000000000006,7439.0,0
2.157,18614.0,14889.0,11172.0,18605.5,14882.5,11166.5,9000.0,7000.0,6000.0,-1.875,0.5,-4.125,0.0,0.0,0.0,0.0,1.2579999999999723,0.7580000000000006,7442.0,0
2.158,18623.0,14896.0,11177.0,18614.5,14889.5,11172.5,9000.0,7000.0,5000.0,-2.125,0.5,-4.875,0.0,0.0,0.0,0.0,1.2589999999999721,0.7590000000000006,7446.0,0
2.1590000000000003,18631.0,14903.0,11182.0,18623.5,14896.5,11177.5,8000.0,7000.0,5000.0,-2.375,0.5,-4.625,0.0,0.0,0.0,0.0,1.259999999999972,0.7600000000000006,7449.0,0
2.16,18640.0,14909.0,11187.0,18631.5,14903.5,11182.5,9000.0,6000.0,5000.0,-1.625,0.5,-4.375,0.0,0.0,0.0,0.0,1.260999999999972,0.7610000000000006,7453.0,0
2.161,18649.0,14916.0,11193.0,18640.5,14909.5,11187.5,9000.0,7000.0,6000.0,-3.125,0.5,-4.875,0.0,0.0,0.0,0.0,1.2619999999999718,0.7620000000000006,7456.0,0
2.162,18658.0,14923.0,11198.0,18649.5,14916.5,11193.5,9000.0,7000.0,5000.0,-3.375,0.5,-5.625,0.0,0.0,0.0,0.0,1.2629999999999717,0.7630000000000006,7460.0,0
2.1630000000000003,18666.0,14930.0,11203.0,18658.5,14923.5,11198.5,8000.0,7000.0,5000.0,-3.625,0.5,-5.375,0.0,0.0,0.0,0.0,1.2639999999999716,0.7640000000000006,7463.0,0
2.164,18675.0,14937.0,11208.0,18666.5,14930.5,11203.5,9000.0,7000.0,5000.0,-2.875,0.5,-5.125,0.0,0.0,0.0,0.0,1.2649999999999715,0.7650000000000006,7467.0,0
2.165,18684.0,14944.0,11213.0,18675.5,14937.5,11208.5,9000.0,7000.0,5000.0,-3.125,0.5,-4.875,0.0,0.0,0.0,0.0,1.2659999999999714,0.7660000000000006,7471.0,0
2.166,18692.0,14951.0,11219.0,18684.5,14944.5,11213.5,8000.0,7000.0,6000.0,-3.375,0.5,-4.625,0.0,0.0,0.0,0.0,1.2669999999999713,0.7670000000000006,7473.0,0
2.1670000000000003,18701.0,14958.0,11224.0,18692.5,14951.5,11219.5,9000.0,7000.0,5000.0,-2.625,0.5,-5.375,0.0,0.0,0.0,0.0,1.2679999999999712,0.7680000000000006,7477.0,0
2.168,18710.0,14965.0,11229.0,18701.5,14958.5,11224.5,9000.0,7000.0,5000.0,-2.875,0.5,-5.125,0.0,0.0,0.0,0.0,1.268999999999971,0.7690000000000006,7481.0,0
2.169,18718.0,14972.0,11234.0,18710.5,14965.5,11229.5,8000.0,7000.0,5000.0,-3.125,0.5,-4.875,0.0,0.0,0.0,0.0,1.269999999999971,0.7700000000000006,7484.0,0
2.17,18727.0,14979.0,11239.0,18718.5,14972.5,11234.5,9000.0,7000.0,5000.0,-2.375,0.5,-4.625,0.0,0.0,0.0,0.0,1.2709999999999708,0.7710000000000006,7488.0,0
2.1710000000000003,18736.0,14986.0,11245.0,18727.5,14979.5,11239.5,9000.0,7000.0,6000.0,-2.625,0.5,-4.375,0.0,0.0,0.0,0.0,1.2719999999999707,0.7720000000000006,7491.0,0
2.172,18744.0,14993.0,11250.0,18736.5,14986.5,11245.5,8000.0,7000.0,5000.0,-2.875,0.5,-5.125,0.0,0.0,0.0,0.0,1.2729999999999706,0.7730000000000006,7494.0,0
2.173,18753.0,15000.0,11255.0,18744.5,14993.5,11250.5,9000.0,7000.0,5000.0,-2.125,0.5,-4.875,0.0,0.0,0.0,0.0,1.2739999999999705,0.7740000000000006,7498.0,0
2.174,18762.0,15007.0,11260.0,18753.5,15000.5,11255.5,9000.0,7000.0,5000.0,-2.375,0.5,-4.625,0.0,0.0,0.0,0.0,1.2749999999999704,0.7750000000000006,7502.0,0
2.1750000000000003,18770.0,15014.0,11265.0,18762.5,15007.5,11260.5,8000.0,7000.0,5000.0,-2.625,0.5,-4.375,0.0,0.0,0.0,0.0,1.2759999999999703,0.7760000000000006,7505.0,0
2.176,18779.0,15021.0,11271.0,18770.5,15014.5,11265.5,9000.0,7000.0,6000.0,-1.875,0.5,-4.125,0.0,0.0,0.0,0.0,1.2769999999999702,0.7770000000000006,7508.0,0
2.177,18788.0,15028.0,11276.0,18779.5,15021.5,11271.5,9000.0,7000.0,5000.0,-2.125,0.5,-4.875,0.0,0.0,0.0,0.0,1.27799999999997,0.7780000000000006,7512.0,0
2.178,18796.0,15034.0,11281.0,18788.5,15028.5,11276.5,8000.0,6000.0,5000.0,-2.375,0.5,-4.625,0.0,0.0,0.0,0.0,1.27899999999997,0.7790000000000006,7515.0,0
2.179,18805.0,15041.0,11286.0,18796.5,15034.5,11281.5,9000.0,7000.0,5000.0,-2.875,0.5,-5.125,0.0,0.0,0.0,0.0,1.2799999999999698,0.7800000000000006,7519.0,0
2.18,18814.0,15048.0,11291.0,18805.5,15041.5,11286.5,9000.0,7000.0,5000.0,-3.125,0.5,-4.875,0.0,0.0,0.0,0.0,1.2809999999999697,0.7810000000000006,7523.0,0
2.181,18822.0,15055.0,11297.0,18814.5,15048.5,11291.5,8000.0,7000.0,6000.0,-3.375,0.5,-4.625,0.0,0.0,0.0,0.0,1.2819999999999696,0.7820000000000006,7525.0,0
2.182,18831.0,15062.0,11302.0,18822.5,15055.5,11297.5,9000.0,7000.0,5000.0,-2.625,0.5,-5.375,0.0,0.0,0.0,0.0,1.2829999999999695,0.7830000000000006,7529.0,0
2.183,18840.0,15069.0,11307.0,18831.5,15062.5,11302.5,9000.0,7000.0,5000.0,-2.875,0.5,-5.125,0.0,0.0,0.0,0.0,1.2839999999999694,0.7840000000000006,7533.0,0
2.184,18848.0,15076.0,11312.0,18840.5,15069.5,11307.5,8000.0,7000.0,5000.0,-3.125,0.5,-4.875,0.0,0.0,0.0,0.0,1.2849999999999693,0.7850000000000006,7536.0,0
2.185,18857.0,15083.0,11317.0,18848.5,15076.5,11312.5,9000.0,7000.0,5000.0,-2.375,0.5,-4.625,0.0,0.0,0.0,0.0,1.2859999999999692,0.7860000000000006,7540.0,0
2.186,18866.0,15090.0,11323.0,18857.5,15083.5,11317.5,9000.0,7000.0,6000.0,-2.625,0.5,-4.375,0.0,0.0,0.0,0.0,1.286999999999969,0.7870000000000006,7543.0,0
2.187,18874.0,15097.0,11328.0,18866.5,15090.5,11323.5,8000.0,7000.0,5000.0,-2.875,0.5,-5.125,0.0,0.0,0.0,0.0,1.287999999999969,0.7880000000000006,7546.0,0
2.188,18883.0,15104.0,11333.0,18874.5,15097.5,11328.5,9000.0,7000.0,5000.0,-2.125,0.5,-4.875,0.0,0.0,0.0,0.0,1.2889999999999688,0.7890000000000006,7550.0,0
2.189,18892.0,15111.0,11338.0,18883.5,15104.5,11333.5,9000.0,7000.0,5000.0,-2.375,0.5,-4.625,0.0,0.0,0.0,0.0,1.2899999999999687,0.7900000000000006,7554.0,0
2.19,18900.0,15118.0,11343.0,18892.5,15111.5,11338.5,8000.0,7000.0,5000.0,-2.625,0.5,-4.375,0.0,0.0,0.0,0.0,1.2909999999999686,0.7910000000000006,7557.0,0
2.191,18909.0,15125.0,11349.0,18900.5,15118.5,11343.5,9000.0,7000.0,6000.0,-1.875,0.5,-4.125,0.0,0.0,0.0,0.0,1.2919999999999685,0.7920000000000006,7560.0,0
2.192,18918.0,15132.0,11354.0,18909.5,15125.5,11349.5,9000.0,7000.0,5000.0,-2.125,0.5,-4.875,0.0,0.0,0.0,0.0,1.2929999999999684,0.7930000000000006,7564.0,0
2.193,18926.0,15139.0,11359.0,18918.5,15132.5,11354.5,8000.0,7000.0,5000.0,-2.375,0.5,-4.625,0.0,0.0,0.0,0.0,1.2939999999999683,0.7940000000000006,7567.0,0
2.194,18935.0,15146.0,11364.0,18926.5,15139.5,11359.5,9000.0,7000.0,5000.0,-1.625,0.5,-4.375,0.0,0.0,0.0,0.0,1.2949999999999682,0.7950000000000006,7571.0,0
2.195,18944.0,15153.0,11369.0,18935.5,15146.5,11364.5,9000.0,7000.0,5000.0,-1.875,0.5,-4.125,0.0,0.0,0.0,0.0,1.295999999999968,0.7960000000000006,7575.0,0
2.196,18953.0,15159.0,11375.0,18944.5,15153.5,11369.5,9000.0,6000.0,6000.0,-2.125,0.5,-3.875,0.0,0.0,0.0,0.0,1.296999999999968,0.7970000000000006,7578.0,0
2.197,18961.0,15166.0,11380.0,18953.5,15159.5,11375.5,8000.0,7000.0,5000.0,-3.625,0.5,-5.375,0.0,0.0,0.0,0.0,1.2979999999999678,0.7980000000000006,7581.0,0
2.198,18970.0,15173.0,11385.0,18961.5,15166.5,11380.5,9000.0,7000.0,5000.0,-2.875,0.5,-5.125,0.0,0.0,0.0,0.0,1.2989999999999677,0.7990000000000006,7585.0,0
2.199,18979.0,15180.0,11390.0,18970.5,15173.5,11385.5,9000.0,7000.0,5000.0,-3.125,0.5,-4.875,0.0,0.0,0.0,0.0,1.2999999999999676,0.8000000000000006,7589.0,0
2.2,18987.0,15187.0,11396.0,18979.5,15180.5,11390.5,8000.0,7000.0,6000.0,-3.375,0.5,-4.625,0.0,0.0,0.0,0.0,1.3009999999999675,0.8010000000000006,7591.0,0
2.201,18996.0,15194.0,11401.0,18987.5,15187.5,11396.5,9000.0,7000.0,5000.0,-2.625,0.5,-5.375,0.0,0.0,0.0,0.0,1.3019999999999674,0.8020000000000006,7595.0,0
2.202,19005.0,15201.0,11406.0,18996.5,15194.5,11401.5,9000.0,7000.0,5000.0,-2.875,0.5,-5.125,0.0,0.0,0.0,0.0,1.3029999999999673,0.8030000000000006,7599.0,0
2.203,19013.0,15208.0,11411.0,19005.5,15201.5,11406.5,8000.0,7000.0,5000.0,-3.125,0.5,-4.875,0.0,0.0,0.0,0.0,1.3039999999999672,0.8040000000000006,7602.0,0
2.204,19022.0,15215.0,11416.0,19013.5,15208.5,11411.5,9000.0,7000.0,5000.0,-2.375,0.5,-4.625,0.0,0.0,0.0,0.0,1.304999999999967,0.8050000000000006,7606.0,0
2.205,19031.0,15222.0,11422.0,19022.5,15215.5,11416.5,9000.0,7000.0,6000.0,-2.625,0.5,-4.375,0.0,0.0,0.0,0.0,1.305999999999967,0.8060000000000006,7609.0,0
2.206,19039.0,15229.0,11427.0,19031.5,15222.5,11422.5,8000.0,7000.0,5000.0,-2.875,0.5,-5.125,0.0,0.0,0.0,0.0,1.3069999999999669,0.8070000000000006,7612.0,0
2.207,19048.0,15236.0,11432.0,19039.5,15229.5,11427.5,9000.0,7000.0,5000.0,-2.125,0.5,-4.875,0.0,0.0,0.0,0.0,1.3079999999999667,0.8080000000000006,7616.0,0
2.208,19057.0,15243.0,11437.0,19048.5,15236.5,11432.5,9000.0,7000.0,5000.0,-2.375,0.5,-4.625,0.0,0.0,0.0,0.0,1.3089999999999666,0.8090000000000006,7620.0,0
2.209,19065.0,15250.0,11442.0,19057.5,15243.5,11437.5,8000.0,7000.0,5000.0,-2.625,0.5,-4.375,0.0,0.0,0.0,0.0,1.3099999999999665,0.8100000000000006,7623.0,0
2.21,19074.0,15257.0,11448.0,19065.5,15250.5,11442.5,9000.0,7000.0,6000.0,-1.875,0.5,-4.125,0.0,0.0,0.0,0.0,1.3109999999999664,0.8110000000000006,7626.0,0
2.211,19083.0,15264.0,11453.0,19074.5,15257.5,11448.5,9000.0,7000.0,5000.0,-2.125,0.5,-4.875,0.0,0.0,0.0,0.0,1.3119999999999663,0.8120000000000006,7630.0,0
2.212,19091.0,15271.0,11458.0,19083.5,15264.5,11453.5,8000.0,7000.0,5000.0,-2.375,0.5,-4.625,0.0,0.0,0.0,0.0,1.3129999999999662,0.8130000000000006,7633.0,0
2.213,19100.0,15278.0,11463.0,19091.5,15271.5,11458.5,9000.0,7000.0,5000.0,-1.625,0.5,-4.375,0.0,0.0,0.0,0.0,1.313999999999966,0.8140000000000006,7637.0,0
2.214,19109.0,15284.0,11468.0,19100.5,15278.5,11463.5,9000.0,6000.0,5000.0,-1.875,0.5,-4.125,0.0,0.0,0.0,0.0,1.314999999999966,0.8150000000000006,7641.0,0
2.215,19117.0,15291.0,11474.0,19109.5,15284.5,11468.5,8000.0,7000.0,6000.0,-3.375,0.5,-4.625,0.0,0.0,0.0,0.0,1.3159999999999659,0.8160000000000006,7643.0,0
2.216,19126.0,15298.0,11479.0,19117.5,15291.5,11474.5,9000.0,7000.0,5000.0,-2.625,0.5,-5.375,0.0,0.0,0.0,0.0,1.3169999999999658,0.8170000000000006,7647.0,0
2.217,19135.0,15305.0,11484.0,19126.5,15298.5,11479.5,9000.0,7000.0,5000.0,-2.875,0.5,-5.125,0.0,0.0,0.0,0.0,1.3179999999999656,0.8180000000000006,7651.0,0
2.218,19143.0,15312.0,11489.0,19135.5,15305.5,11484.5,8000.0,7000.0,5000.0,-3.125,0.5,-4.875,0.0,0.0,0.0,0.0,1.3189999999999655,0.8190000000000006,7654.0,0
2.219,19152.0,15319.0,11494.0,19143.5,15312.5,11489.5,9000.0,7000.0,5000.0,-2.375,0.5,-4.625,0.0,0.0,0.0,0.0,1.3199999999999654,0.8200000000000006,7658.0,0
2.22,19161.0,15326.0,11500.0,19152.5,15319.5,11494.5,9000.0,7000.0,6000.0,-2.625,0.5,-4.375,0.0,0.0,0.0,0.0,1.3209999999999653,0.8210000000000006,7661.0,0
2.221,19169.0,15333.0,11505.0,19161.5,15326.5,11500.5,8000.0,7000.0,5000.0,-2.875,0.5,-5.125,0.0,0.0,0.0,0.0,1.3219999999999652,0.8220000000000006,7664.0,0
2.222,19178.0,15340.0,11510.0,19169.5,15333.5,11505.5,9000.0,7000.0,5000.0,-2.125,0.5,-4.875,0.0,0.0,0.0,0.0,1.322999999999965,0.8230000000000006,7668.0,0
2.223,19187.0,15347.0,11515.0,19178.5,15340.5,11510.5,9000.0,7000.0,5000.0,-2.375,0.5,-4.625,0.0,0.0,0.0,0.0,1.323999999999965,0.8240000000000006,7672.0,0
2.224,19195.0,15354.0,11520.0,19187.5,15347.5,11515.5,8000.0,7000.0,5000.0,-2.625,0.5,-4.375,0.0,0.0,0.0,0.0,1.3249999999999649,0.8250000000000006,7675.0,0
2.225,19204.0,15361.0,11526.0,19195.5,15354.5,11520.5,9000.0,7000.0,6000.0,-1.875,0.5,-4.125,0.0,0.0,0.0,0.0,1.3259999999999648,0.8260000000000006,7678.0,0
2.226,19213.0,15368.0,11531.0,19204.5,15361.5,11526.5,9000.0,7000.0,5000.0,-2.125,0.5,-4.875,0.0,0.0,0.0,0.0,1.3269999999999647,0.8270000000000006,7682.0,0
2.227,19221.0,15375.0,11536.0,19213.5,15368.5,11531.5,8000.0,7000.0,5000.0,-2.375,0.5,-4.625,0.0,0.0,0.0,0.0,1.3279999999999645,0.8280000000000006,7685.0,0
2.228,19230.0,15382.0,11541.0,19221.5,15375.5,11536.5,9000.0,7000.0,5000.0,-1.625,0.5,-4.375,0.0,0.0,0.0,0.0,1.3289999999999644,0.8290000000000006,7689.0,0
2.229,19239.0,15389.0,11546.0,19230.5,15382.5,11541.5,9000.0,7000.0,5000.0,-1.875,0.5,-4.125,0.0,0.0,0.0,0.0,1.3299999999999643,0.8300000000000006,7693.0,0
2.23,19248.0,15396.0,11552.0,19239.5,15389.5,11546.5,9000.0,7000.0,6000.0,-2.125,0.5,-3.875,0.0,0.0,0.0,0.0,1.3309999999999642,0.8310000000000006,7696.0,0
2.231,19256.0,15403.0,11557.0,19248.5,15396.5,11552.5,8000.0,7000.0,5000.0,-2.375,0.5,-4.625,0.0,0.0,0.0,0.0,1.331999999999964,0.8320000000000006,7699.0,0
2.232,19265.0,15409.0,11562.0,19256.5,15403.5,11557.5,9000.0,6000.0,5000.0,-1.625,0.5,-4.375,0.0,0.0,0.0,0.0,1.332999999999964,0.8330000000000006,7703.0,0
2.233,19274.0,15416.0,11567.0,19265.5,15409.5,11562.5,9000.0,7000.0,5000.0,-3.125,0.5,-4.875,0.0,0.0,0.0,0.0,1.3339999999999639,0.8340000000000006,7707.0,0
2.234,19282.0,15423.0,11572.0,19274.5,15416.5,11567.5,8000.0,7000.0,5000.0,-3.375,0.5,-4.625,0.0,0.0,0.0,0.0,1.3349999999999638,0.8350000000000006,7710.0,0
2.235,19291.0,15430.0,11578.0,19282.5,15423.5,11572.5,9000.0,7000.0,6000.0,-2.625,0.5,-4.375,0.0,0.0,0.0,0.0,1.3359999999999637,0.8360000000000006,7713.0,0
2.236,19300.0,15437.0,11583.0,19291.5,15430.5,11578.5,9000.0,7000.0,5000.0,-2.875,0.5,-5.125,0.0,0.0,0.0,0.0,1.3369999999999636,0.8370000000000006,7717.0,0
2.237,19308.0,15444.0,11588.0,19300.5,15437.5,11583.5,8000.0,7000.0,5000.0,-3.125,0.5,-4.875,0.0,0.0,0.0,0.0,1.3379999999999634,0.8380000000000006,7720.0,0
2.238,19317.0,15451.0,11593.0,19308.5,15444.5,11588.5,9000.0,7000.0,5000.0,-2.375,0.5,-4.625,0.0,0.0,0.0,0.0,1.3389999999999633,0.8390000000000006,7724.0,0
2.239,19326.0,15458.0,11599.0,19317.5,15451.5,11593.5,9000.0,7000.0,6000.0,-2.625,0.5,-4.375,0.0,0.0,0.0,0.0,1.3399999999999632,0.8400000000000006,7727.0,0
2.24,19334.0,15465.0,11604.0,19326.5,15458.5,11599.5,8000.0,7000.0,5000.0,-2.875,0.5,-5.125,0.0,0.0,0.0,0.0,1.340999999999963,0.8410000000000006,7730.0,0
2.241,19343.0,15472.0,11609.0,19334.5,15465.5,11604.5,9000.0,7000.0,5000.0,-2.125,0.5,-4.875,0.0,0.0,0.0,0.0,1.341999999999963,0.8420000000000006,7734.0,0
2.242,19352.0,15479.0,11614.0,19343.5,15472.5,11609.5,9000.0,7000.0,5000.0,-2.375,0.5,-4.625,0.0,0.0,0.0,0.0,1.342999999999963,0.8430000000000006,7738.0,0
2.243,19360.0,15486.0,11619.0,19352.5,15479.5,11614.5,8000.0,7000.0,5000.0,-2.625,0.5,-4.375,0.0,0.0,0.0,0.0,1.3439999999999628,0.8440000000000006,7741.0,0
2.244,19369.0,15493.0,11625.0,19360.5,15486.5,11619.5,9000.0,7000.0,6000.0,-1.875,0.5,-4.125,0.0,0.0,0.0,0.0,1.3449999999999627,0.8450000000000006,7744.0,0
2.245,19378.0,15500.0,11630.0,19369.5,15493.5,11625.5,9000.0,7000.0,5000.0,-2.125,0.5,-4.875,0.0,0.0,0.0,0.0,1.3459999999999626,0.8460000000000006,7748.0,0
2.246,19386.0,15507.0,11635.0,19378.5,15500.5,11630.5,8000.0,7000.0,5000.0,-2.375,0.5,-4.625,0.0,0.0,0.0,0.0,1.3469999999999624,0.8470000000000006,7751.0,0
2.247,19395.0,15514.0,11640.0,19386.5,15507.5,11635.5,9000.0,7000.0,5000.0,-1.625,0.5,-4.375,0.0,0.0,0.0,0.0,1.3479999999999623,0.8480000000000006,7755.0,0
2.248,19404.0,15521.0,11645.0,19395.5,15514.5,11640.5,9000.0,7000.0,5000.0,-1.875,0.5,-4.125,0.0,0.0,0.0,0.0,1.3489999999999622,0.8490000000000006,7759.0,0
2.249,19412.0,15528.0,11651.0,19404.5,15521.5,11645.5,8000.0,7000.0,6000.0,-2.125,0.5,-3.875,0.0,0.0,0.0,0.0,1.3499999999999621,0.8500000000000006,7761.0,0
2.25,19421.0,15534.0,11656.0,19412.5,15528.5,11651.5,9000.0,6000.0,5000.0,-1.375,0.5,-4.625,0.0,0.0,0.0,0.0,1.350999999999962,0.8510000000000006,7765.0,0
2.251,19430.0,15541.0,11661.0,19421.5,15534.5,11656.5,9000.0,7000.0,5000.0,-2.875,0.5,-5.125,0.0,0.0,0.0,0.0,1.351999999999962,0.8520000000000006,7769.0,0
2.2520000000000002,19438.0,15548.0,11666.0,19430.5,15541.5,11661.5,8000.0,7000.0,5000.0,-3.125,0.5,-4.875,0.0,0.0,0.0,0.0,1.3529999999999618,0.8530000000000006,7772.0,0
2.253,19447.0,15555.0,11671.0,19438.5,15548.5,11666.5,9000.0,7000.0,5000.0,-2.375,0.5,-4.625,0.0,0.0,0.0,0.0,1.3539999999999617,0.8540000000000006,7776.0,0
2.254,19456.0,15562.0,11677.0,19447.5,15555.5,11671.5,9000.0,7000.0,6000.0,-2.625,0.5,-4.375,0.0,0.0,0.0,0.0,1.3549999999999616,0.8550000000000006,7779.0,0
2.255,19464.0,15569.0,11682.0,19456.5,15562.5,11677.5,8000.0,7000.0,5000.0,-2.875,0.5,-5.125,0.0,0.0,0.0,0.0,1.3559999999999615,0.8560000000000006,7782.0,0
2.2560000000000002,19473.0,15576.0,11687.0,19464.5,15569.5,11682.5,9000.0,7000.0,5000.0,-2.125,0.5,-4.875,0.0,0.0,0.0,0.0,1.3569999999999613,0.8570000000000007,7786.0,0
2.257,19482.0,15583.0,11692.0,19473.5,15576.5,11687.5,9000.0,7000.0,5000.0,-2.375,0.5,-4.625,0.0,0.0,0.0,0.0,1.3579999999999612,0.8580000000000007,7790.0,0
2.258,19490.0,15590.0,11697.0,19482.5,15583.5,11692.5,8000.0,7000.0,5000.0,-2.625,0.5,-4.375,0.0,0.0,0.0,0.0,1.3589999999999611,0.8590000000000007,7793.0,0
2.259,19499.0,15597.0,11703.0,19490.5,15590.5,11697.5,9000.0,7000.0,6000.0,-1.875,0.5,-4.125,0.0,0.0,0.0,0.0,1.359999999999961,0.8600000000000007,7796.0,0
2.2600000000000002,19508.0,15604.0,11708.0,19499.5,15597.5,11703.5,9000.0,7000.0,5000.0,-2.125,0.5,-4.875,0.0,0.0,0.0,0.0,1.360999999999961,0.8610000000000007,7800.0,0
2.261,19517.0,15611.0,11713.0,19508.5,15604.5,11708.5,9000.0,7000.0,5000.0,-2.375,0.5,-4.625,0.0,0.0,0.0,0.0,1.3619999999999608,0.8620000000000007,7804.0,0
2.262,19525.0,15618.0,11718.0,19517.5,15611.5,11713.5,8000.0,7000.0,5000.0,-2.625,0.5,-4.375,0.0,0.0,0.0,0.0,1.3629999999999607,0.8630000000000007,7807.0,0
2.263,19534.0,15625.0,11723.0,19525.5,15618.5,11718.5,9000.0,7000.0,5000.0,-1.875,0.5,-4.125,0.0,0.0,0.0,0.0,1.3639999999999606,0.8640000000000007,7811.0,0
2.2640000000000002,19543.0,15632.0,11729.0,19534.5,15625.5,11723.5,9000.0,7000.0,6000.0,-2.125,0.5,-3.875,0.0,0.0,0.0,0.0,1.3649999999999605,0.8650000000000007,7814.0,0
2.265,19551.0,15639.0,11734.0,19543.5,15632.5,11729.5,8000.0,7000.0,5000.0,-2.375,0.5,-4.625,0.0,0.0,0.0,0.0,1.3659999999999604,0.8660000000000007,7817.0,0
2.266,19560.0,15646.0,11739.0,19551.5,15639.5,11734.5,9000.0,7000.0,5000.0,-1.625,0.5,-4.375,0.0,0.0,0.0,0.0,1.3669999999999602,0.8670000000000007,7821.0,0
2.267,19569.0,15653.0,11744.0,19560.5,15646.5,11739.5,9000.0,7000.0,5000.0,-1.875,0.5,-4.125,0.0,0.0,0.0,0.0,1.3679999999999601,0.8680000000000007,7825.0,0
2.2680000000000002,19577.0,15659.0,11749.0,19569.5,15653.5,11744.5,8000.0,6000.0,5000.0,-2.125,0.5,-3.875,0.0,0.0,0.0,0.0,1.36899999999996,0.8690000000000007,7828.0,0
2.269,19586.0,15666.0,11755.0,19577.5,15659.5,11749.5,9000.0,7000.0,6000.0,-2.625,0.5,-4.375,0.0,0.0,0.0,0.0,1.36999999999996,0.8700000000000007,7831.0,0
2.27,19595.0,15673.0,11760.0,19586.5,15666.5,11755.5,9000.0,7000.0,5000.0,-2.875,0.5,-5.125,0.0,0.0,0.0,0.0,1.3709999999999598,0.8710000000000007,7835.0,0
2.271,19603.0,15680.0,11765.0,19595.5,15673.5,11760.5,8000.0,7000.0,5000.0,-3.125,0.5,-4.875,0.0,0.0,0.0,0.0,1.3719999999999597,0.8720000000000007,7838.0,0
2.2720000000000002,19612.0,15687.0,11770.0,19603.5,15680.5,11765.5,9000.0,7000.0,5000.0,-2.375,0.5,-4.625,0.0,0.0,0.0,0.0,1.3729999999999596,0.8730000000000007,7842.0,0
2.273,19621.0,15694.0,11775.0,19612.5,15687.5,11770.5,9000.0,7000.0,5000.0,-2.625,0.5,-4.375,0.0,0.0,0.0,0.0,1.3739999999999595,0.8740000000000007,7846.0,0
2.274,19629.0,15701.0,11781.0,19621.5,15694.5,11775.5,8000.0,7000.0,6000.0,-2.875,0.5,-4.125,0.0,0.0,0.0,0.0,1.3749999999999594,0.8750000000000007,7848.0,0
2.275,19638.0,15708.0,11786.0,19629.5,15701.5,11781.5,9000.0,7000.0,5000.0,-2.125,0.5,-4.875,0.0,0.0,0.0,0.0,1.3759999999999593,0.8760000000000007,7852.0,0
2.2760000000000002,19647.0,15715.0,11791.0,19638.5,15708.5,11786.5,9000.0,7000.0,5000.0,-2.375,0.5,-4.625,0.0,0.0,0.0,0.0,1.3769999999999591,0.8770000000000007,7856.0,0
2.277,19655.0,15722.0,11796.0,19647.5,15715.5,11791.5,8000.0,7000.0,5000.0,-2.625,0.5,-4.375,0.0,0.0,0.0,0.0,1.377999999999959,0.8780000000000007,7859.0,0
2.278,19664.0,15729.0,11802.0,19655.5,15722.5,11796.5,9000.0,7000.0,6000.0,-1.875,0.5,-4.125,0.0,0.0,0.0,0.0,1.378999999999959,0.8790000000000007,7862.0,0
2.279,19673.0,15736.0,11807.0,19664.5,15729.5,11802.5,9000.0,7000.0,5000.0,-2.125,0.5,-4.875,0.0,0.0,0.0,0.0,1.3799999999999588,0.8800000000000007,7866.0,0
2.2800000000000002,19681.0,15743.0,11812.0,19673.5,15736.5,11807.5,8000.0,7000.0,5000.0,-2.375,0.5,-4.625,0.0,0.0,0.0,0.0,1.3809999999999587,0.8810000000000007,7869.0,0
2.281,19690.0,15750.0,11817.0,19681.5,15743.5,11812.5,9000.0,7000.0,5000.0,-1.625,0.5,-4.375,0.0,0.0,0.0,0.0,1.3819999999999586,0.8820000000000007,7873.0,0
2.282,19699.0,15757.0,11822.0,19690.5,15750.5,11817.5,9000.0,7000.0,5000.0,-1.875,0.5,-4.125,0.0,0.0,0.0,0.0,1.3829999999999585,0.8830000000000007,7877.0,0
2.283,19707.0,15764.0,11828.0,19699.5,15757.5,11822.5,8000.0,7000.0,6000.0,-2.125,0.5,-3.875,0.0,0.0,0.0,0.0,1.3839999999999584,0.8840000000000007,7879.0,0
2.2840000000000003,19716.0,15771.0,11833.0,19707.5,15764.5,11828.5,9000.0,7000.0,5000.0,-1.375,0.5,-4.625,0.0,0.0,0.0,0.0,1.3849999999999583,0.8850000000000007,7883.0,0
2.285,19725.0,15778.0,11838.0,19716.5,15771.5,11833.5,9000.0,7000.0,5000.0,-1.625,0.5,-4.375,0.0,0.0,0.0,0.0,1.3859999999999582,0.8860000000000007,7887.0,0
2.286,19733.0,15784.0,11843.0,19725.5,15778.5,11838.5,8000.0,6000.0,5000.0,-1.875,0.5,-4.125,0.0,0.0,0.0,0.0,1.386999999999958,0.8870000000000007,7890.0,0
2.287,19742.0,15791.0,11848.0,19733.5,15784.5,11843.5,9000.0,7000.0,5000.0,-2.375,0.5,-4.625,0.0,0.0,0.0,0.0,1.387999999999958,0.8880000000000007,7894.0,0
2.2880000000000003,19751.0,15798.0,11854.0,19742.5,15791.5,11848.5,9000.0,7000.0,6000.0,-2.625,0.5,-4.375,0.0,0.0,0.0,0.0,1.3889999999999578,0.8890000000000007,7897.0,0
2.289,19759.0,15805.0,11859.0,19751.5,15798.5,11854.5,8000.0,7000.0,5000.0,-2.875,0.5,-5.125,0.0,0.0,0.0,0.0,1.3899999999999577,0.8900000000000007,7900.0,0
2.29,19768.0,15812.0,11864.0,19759.5,15805.5,11859.5,9000.0,7000.0,5000.0,-2.125,0.5,-4.875,0.0,0.0,0.0,0.0,1.3909999999999576,0.8910000000000007,7904.0,0
2.291,19777.0,15819.0,11869.0,19768.5,15812.5,11864.5,9000.0,7000.0,5000.0,-2.375,0.5,-4.625,0.0,0.0,0.0,0.0,1.3919999999999575,0.8920000000000007,7908.0,0
2.2920000000000003,19785.0,15826.0,11874.0,19777.5,15819.5,11869.5,8000.0,7000.0,5000.0,-2.625,0.5,-4.375,0.0,0.0,0.0,0.0,1.3929999999999574,0.8930000000000007,7911.0,0
2.293,19794.0,15833.0,11880.0,19785.5,15826.5,11874.5,9000.0,7000.0,6000.0,-1.875,0.5,-4.125,0.0,0.0,0.0,0.0,1.3939999999999573,0.8940000000000007,7914.0,0
2.294,19802.0,15840.0,11885.0,19794.5,15833.5,11880.5,8000.0,7000.0,5000.0,-2.125,0.5,-4.875,0.0,0.0,0.0,0.0,1.3949999999999572,0.8950000000000007,7917.0,0
2.295,19810.0,15847.0,11890.0,19802.5,15840.5,11885.5,8000.0,7000.0,5000.0,-1.375,0.5,-4.625,0.0,0.0,0.0,0.0,1.395999999999957,0.8960000000000007,7920.0,0
2.2960000000000003,19818.0,15854.0,11895.0,19810.5,15847.5,11890.5,8000.0,7000.0,5000.0,-0.625,0.5,-4.375,0.0,0.0,0.0,0.0,1.396999999999957,0.8970000000000007,7923.0,0
2.297,19826.0,15861.0,11900.0,19818.5,15854.5,11895.5,8000.0,7000.0,5000.0,0.125,0.5,-4.125,0.0,0.0,0.0,0.0,1.3979999999999568,0.8980000000000007,7926.0,0
2.298,19834.0,15868.0,11906.0,19826.5,15861.5,11900.5,8000.0,7000.0,6000.0,0.5,0.2000000000007276,-4.100000000000364,0.0,0.0,0.0,0.0,1.3989999999999567,0.8990000000000007,7928.0,0
2.299,19842.0,15875.0,11911.0,19834.5,15868.5,11906.5,8000.0,7000.0,5000.0,0.5,-0.3999999999996362,-5.299999999999272,0.0,0.0,0.0,0.0,1.3999999999999566,0.9000000000000007,7931.0,0
2.3000000000000003,19849.0,15882.0,11916.0,19842.5,15875.5,11911.5,7000.0,7000.0,5000.0,0.5,-1.0,-5.5,0.0,0.0,0.0,0.0,1.4009999999999565,0.9010000000000007,7933.0,0
2.301,19857.0,15889.0,11921.0,19849.5,15882.5,11916.5,8000.0,7000.0,5000.0,0.5,-2.399999999999636,-6.299999999999272,0.0,0.0,0.0,0.0,1.4019999999999564,0.9020000000000007,7936.0,0
2.302,19865.0,15896.0,11926.0,19857.5,15889.5,11921.5,8000.0,7000.0,5000.0,0.5,-3.0,-6.5,0.0,0.0,0.0,0.0,1.4029999999999563,0.9030000000000007,7939.0,0
2.303,19872.0,15903.0,11932.0,19865.5,15896.5,11926.5,7000.0,7000.0,6000.0,0.5,-3.600000000000364,-6.700000000000728,0.0,0.0,0.0,0.0,1.4039999999999562,0.9040000000000007,7940.0,0
2.3040000000000003,19879.0,15910.0,11937.0,19872.5,15903.5,11932.5,7000.0,7000.0,5000.0,0.5,-5.0,-8.5,0.0,0.0,0.0,0.0,1.404999999999956,0.9050000000000007,7942.0,0
2.305,19886.0,15916.0,11942.0,19879.5,15910.5,11937.5,7000.0,6000.0,5000.0,0.5,-6.399999999999636,-9.299999999999272,0.0,0.0,0.0,0.0,1.405999999999956,0.9060000000000007,7944.0,0
2.306,19893.0,15923.0,11947.0,19886.5,15916.5,11942.5,7000.0,7000.0,5000.0,0.5,-6.799999999999272,-10.100000000000364,0.0,0.0,0.0,0.0,1.4069999999999558,0.9070000000000007,7946.0,0
2.307,19899.0,15929.0,11952.0,19893.5,15923.5,11947.5,6000.0,6000.0,5000.0,0.5,-8.200000000000728,-10.899999999999636,0.0,0.0,0.0,0.0,1.4079999999999557,0.9080000000000007,7947.0,0
2.308,19905.0,15935.0,11957.0,19899.5,15929.5,11952.5,6000.0,6000.0,5000.0,0.5,-9.399999999999636,-12.299999999999272,0.0,0.0,0.0,0.0,1.4089999999999556,0.9090000000000007,7948.0,0
2.309,19911.0,15941.0,11962.0,19905.5,15935.5,11957.5,6000.0,6000.0,5000.0,0.5,-10.600000000000364,-13.700000000000728,0.0,0.0,0.0,0.0,1.4099999999999555,0.9100000000000007,7949.0,0
2.31,19917.0,15947.0,11966.0,19911.5,15941.5,11962.5,6000.0,6000.0,4000.0,0.5,-11.799999999999272,-15.100000000000364,0.0,0.0,0.0,0.0,1.4109999999999554,0.9110000000000007,7951.0,0
2.311,19923.0,15953.0,11971.0,19917.5,15947.5,11966.5,6000.0,6000.0,5000.0,0.5,-13.0,-15.5,0.0,0.0,0.0,0.0,1.4119999999999553,0.9120000000000007,7952.0,0
2.312,19928.0,15958.0,11976.0,19923.5,15953.5,11971.5,5000.0,5000.0,5000.0,0.5,-14.200000000000728,-16.899999999999636,0.0,0.0,0.0,0.0,1.4129999999999552,0.9130000000000007,7952.0,0
2.313,19934.0,15963.0,11980.0,19928.5,15958.5,11976.5,6000.0,5000.0,4000.0,0.5,-15.200000000000728,-18.899999999999636,0.0,0.0,0.0,0.0,1.413999999999955,0.9140000000000007,7954.0,0
2.314,19939.0,15968.0,11985.0,19934.5,15963.5,11980.5,5000.0,5000.0,5000.0,0.5,-15.399999999999636,-19.299999999999272,0.0,0.0,0.0,0.0,1.414999999999955,0.9150000000000007,7954.0,0
2.315,19944.0,15973.0,11989.0,19939.5,15968.5,11985.5,5000.0,5000.0,4000.0,0.5,-16.399999999999636,-21.299999999999272,0.0,0.0,0.0,0.0,1.4159999999999549,0.9160000000000007,7955.0,0
2.316,19948.0,15978.0,11994.0,19944.5,15973.5,11989.5,4000.0,5000.0,5000.0,0.5,-17.399999999999636,-22.299999999999272,0.0,0.0,0.0,0.0,1.4169999999999547,0.9170000000000007,7954.0,0
2.317,19953.0,15982.0,11998.0,19948.5,15978.5,11994.5,5000.0,4000.0,4000.0,0.5,-19.200000000000728,-24.899999999999636,0.0,0.0,0.0,0.0,1.4179999999999546,0.9180000000000007,7955.0,0
2.318,19957.0,15987.0,12002.0,19953.5,15982.5,11998.5,4000.0,5000.0,4000.0,0.5,-19.200000000000728,-25.899999999999636,0.0,0.0,0.0,0.0,1.4189999999999545,0.9190000000000007,7955.0,0
2.319,19961.0,15991.0,12006.0,19957.5,15987.5,12002.5,4000.0,4000.0,4000.0,0.5,-21.0,-27.5,0.0,0.0,0.0,0.0,1.4199999999999544,0.9200000000000007,7955.0,0
2.32,19965.0,15994.0,12010.0,19961.5,15991.5,12006.5,4000.0,3000.0,4000.0,0.5,-21.799999999999272,-29.100000000000364,0.0,0.0,0.0,0.0,1.4209999999999543,0.9210000000000007,7955.0,0
2.321,19969.0,15998.0,12014.0,19965.5,15994.5,12010.5,4000.0,4000.0,4000.0,0.5,-21.600000000000364,-30.700000000000728,0.0,0.0,0.0,0.0,1.4219999999999542,0.9220000000000007,7955.0,0
2.322,19972.0,16002.0,12017.0,19969.5,15998.5,12014.5,3000.0,4000.0,3000.0,0.5,-22.399999999999636,-32.29999999999927,0.0,0.0,0.0,0.0,1.422999999999954,0.9230000000000007,7955.0,0
2.323,19975.0,16005.0,12020.0,19972.5,16002.5,12017.5,3000.0,3000.0,3000.0,0.5,-24.0,-33.5,0.0,0.0,0.0,0.0,1.423999999999954,0.9240000000000007,7955.0,0
2.324,19979.0,16008.0,12023.0,19975.5,16005.5,12020.5,4000.0,3000.0,3000.0,0.5,-24.600000000000364,-34.70000000000073,0.0,0.0,0.0,0.0,1.4249999999999539,0.9250000000000007,7956.0,0
2.325,19981.0,16011.0,12026.0,19979.5,16008.5,12023.5,2000.0,3000.0,3000.0,0.5,-24.399999999999636,-35.29999999999927,0.0,0.0,0.0,0.0,1.4259999999999537,0.9260000000000007,7955.0,0
