t_s,dda_pos_x,dda_pos_y,dda_pos_z,enc_rel_x,enc_rel_y,enc_rel_z,vel_sps_x,vel_sps_y,vel_sps_z,err_steps_x,err_steps_y,err_steps_z,active_load_x,active_load_y,active_load_z,load_timer_x,load_timer_y,load_timer_z,span_steps,global_stop
0.0,0.0,0.0,0.0,0.5,0.5,0.5,0.0,0.0,0.0,0.0,0.0,0.0,0.0,0.0,0.0,0.0,0.0,0.0,0.0,0
0.0,0.0,0.0,0.0,0.5,0.5,0.5,0.0,0.0,0.0,0.5,0.4,0.30000000000000004,0.0,0.0,0.0,0.0,0.0,0.0,0.0,0
0.001,0.0,0.0,0.0,0.5,0.5,0.5,0.0,0.0,0.0,0.5,0.4,0.30000000000000004,0.0,0.0,0.0,0.0,0.0,0.0,0.0,0
0.002,1.0,1.0,1.0,0.5,0.5,0.5,1000.0,1000.0,1000.0,0.5,0.4,0.30000000000000004,0.0,0.0,0.0,0.0,0.0,0.0,0.0,0
0.003,1.0,1.0,1.0,1.5,1.5,1.5,0.0,0.0,0.0,0.5,0.19999999999999996,-0.10000000000000009,0.0,0.0,0.0,0.0,0.0,0.0,0.0,0
0.004,2.0,2.0,2.0,1.5,1.5,1.5,1000.0,1000.0,1000.0,0.5,0.19999999999999996,-0.10000000000000009,0.0,0.0,0.0,0.0,0.0,0.0,0.0,0
0.005,4.0,4.0,4.0,2.5,2.5,2.5,2000.0,2000.0,2000.0,0.5,0.0,-0.5,0.0,0.0,0.0,0.0,0.0,0.0,0.0,0
0.006,5.0,5.0,5.0,4.5,4.5,4.5,1000.0,1000.0,1000.0,0.5,-0.40000000000000036,-1.2999999999999998,0.0,0.0,0.0,0.0,0.0,0.0,0.0,0
0.007,7.0,7.0,6.0,5.5,5.5,5.5,2000.0,2000.0,1000.0,0.5,-0.5999999999999996,-1.7000000000000002,0.0,0.0,0.0,0.0,0.0,0.0,1.0,0
0.008,8.0,8.0,8.0,7.5,7.5,6.5,1000.0,1000.0,2000.0,0.5,-1.0,-1.5,0.0,0.0,0.0,0.0,0.0,0.0,0.0,0
0.009000000000000001,10.0,10.0,10.0,8.5,8.5,8.5,2000.0,2000.0,2000.0,0.5,-1.2000000000000002,-2.9000000000000004,0.0,0.0,0.0,0.0,0.0,0.0,0.0,0
0.01,12.0,12.0,12.0,10.5,10.5,10.5,2000.0,2000.0,2000.0,0.5,-1.5999999999999996,-3.7,0.0,0.0,0.0,0.0,0.0,0.0,0.0,0
0.011,15.0,15.0,15.0,12.5,12.5,12.5,3000.0,3000.0,3000.0,0.5,-2.0,-4.5,0.0,0.0,0.0,0.0,0.0,0.0,0.0,0
0.012,17.0,17.0,17.0,15.5,15.5,15.5,2000.0,2000.0,2000.0,0.5,-2.5999999999999996,-5.699999999999999,0.0,0.0,0.0,0.0,0.0,0.0,0.0,0
0.013000000000000001,20.0,20.0,20.0,17.5,17.5,17.5,3000.0,3000.0,3000.0,0.5,-3.0,-6.5,0.0,0.0,0.0,0.0,0.0,0.0,0.0,0
0.014,23.0,23.0,23.0,20.5,20.5,20.5,3000.0,3000.0,3000.0,0.5,-3.6000000000000014,-7.699999999999999,0.0,0.0,0.0,0.0,0.0,0.0,0.0,0
0.015,26.0,26.0,26.0,23.5,23.5,23.5,3000.0,3000.0,3000.0,0.5,-4.199999999999999,-8.9,0.0,0.0,0.0,0.0,0.0,0.0,0.0,0
0.016,29.0,29.0,29.0,26.5,26.5,26.5,3000.0,3000.0,3000.0,0.5,-4.800000000000001,-10.100000000000001,0.0,0.0,0.0,0.0,0.0,0.0,0.0,0
0.017,33.0,33.0,33.0,29.5,29.5,29.5,4000.0,4000.0,4000.0,0.5,-5.399999999999999,-11.3,0.0,0.0,0.0,0.0,0.0,0.0,0.0,0
0.018000000000000002,37.0,37.0,36.0,33.5,33.5,33.5,4000.0,4000.0,3000.0,0.5,-6.199999999999999,-12.899999999999999,0.0,0.0,0.0,0.0,0.0,0.0,1.0,0
0.019,41.0,40.0,40.0,37.5,37.5,36.5,4000.0,3000.0,4000.0,0.5,-7.0,-13.5,0.0,0.0,0.0,0.0,0.0,0.0,1.0,0
0.02,45.0,45.0,44.0,41.5,40.5,40.5,4000.0,5000.0,4000.0,0.5,-6.799999999999997,-15.100000000000001,0.0,0.0,0.0,0.0,0.0,0.0,1.0,0
0.021,49.0,49.0,49.0,45.5,45.5,44.5,4000.0,4000.0,5000.0,0.5,-8.600000000000001,-16.7,0.0,0.0,0.0,0.0,0.0,0.0,0.0,0
0.022,54.0,53.0,53.0,49.5,49.5,49.5,5000.0,4000.0,4000.0,0.5,-9.399999999999999,-19.3,0.0,0.0,0.0,0.0,0.0,0.0,1.0,0
0.023,58.0,58.0,58.0,54.5,53.5,53.5,4000.0,5000.0,5000.0,0.5,-9.399999999999999,-20.299999999999997,0.0,0.0,0.0,0.0,0.0,0.0,0.0,0
0.024,63.0,63.0,63.0,58.5,58.5,58.5,5000.0,5000.0,5000.0,0.5,-11.200000000000003,-22.9,0.0,0.0,0.0,0.0,0.0,0.0,0.0,0
0.025,68.0,68.0,68.0,63.5,63.5,63.5,5000.0,5000.0,5000.0,0.5,-12.200000000000003,-24.9,0.0,0.0,0.0,0.0,0.0,0.0,0.0,0
0.026000000000000002,74.0,73.0,73.0,68.5,68.5,68.5,6000.0,5000.0,5000.0,0.5,-13.200000000000003,-26.9,0.0,0.0,0.0,0.0,0.0,0.0,1.0,0
0.027,79.0,79.0,78.0,74.5,73.5,73.5,5000.0,6000.0,5000.0,0.5,-13.399999999999999,-28.299999999999997,0.0,0.0,0.0,0.0,0.0,0.0,1.0,0
0.028,85.0,84.0,83.0,79.5,79.5,78.5,6000.0,5000.0,5000.0,0.5,-15.400000000000006,-30.299999999999997,0.0,0.0,0.0,0.0,0.0,0.0,2.0,0
0.029,91.0,90.0,88.0,85.5,84.5,83.5,6000.0,6000.0,5000.0,0.5,-15.599999999999994,-31.700000000000003,0.0,0.0,0.0,0.0,0.0,0.0,3.0,0
0.03,97.0,96.0,93.0,91.5,90.5,88.5,6000.0,6000.0,5000.0,0.5,-16.799999999999997,-33.1,0.0,0.0,0.0,0.0,0.0,0.0,4.0,0
0.031,103.0,102.0,98.0,97.5,96.5,93.5,6000.0,6000.0,5000.0,0.5,-18.0,-34.5,0.0,0.0,0.0,0.0,0.0,0.0,5.0,0
0.032,109.0,109.0,103.0,103.5,102.5,98.5,6000.0,7000.0,5000.0,0.5,-19.200000000000003,-35.9,0.0,0.0,0.0,0.0,0.0,0.0,6.0,0
0.033,116.0,116.0,108.0,109.5,109.5,103.5,7000.0,7000.0,5000.0,0.5,-21.400000000000006,-37.3,0.0,0.0,0.0,0.0,0.0,0.0,8.0,0
0.034,123.0,122.0,113.0,116.5,116.5,108.5,7000.0,6000.0,5000.0,0.5,-22.799999999999997,-38.099999999999994,0.0,0.0,0.0,0.0,0.0,0.0,10.0,0
0.035,130.0,129.0,117.0,123.5,122.5,113.5,7000.0,7000.0,4000.0,0.5,-23.200000000000003,-38.900000000000006,0.0,0.0,0.0,0.0,0.0,0.0,13.0,0
0.036000000000000004,137.0,136.0,122.0,130.5,129.5,117.5,7000.0,7000.0,5000.0,0.5,-24.599999999999994,-38.7,0.0,0.0,0.0,0.0,0.0,0.0,15.0,0
0.037,145.0,143.0,127.0,137.5,136.5,122.5,8000.0,7000.0,5000.0,0.5,-26.0,-39.5,0.0,0.0,0.0,0.0,0.0,0.0,18.0,0
0.038,152.0,150.0,132.0,145.5,143.5,127.5,7000.0,7000.0,5000.0,0.5,-26.599999999999994,-39.7,0.0,0.0,0.0,0.0,0.0,0.0,20.0,0
0.039,160.0,157.0,137.0,152.5,150.5,132.5,8000.0,7000.0,5000.0,0.5,-28.0,-40.5,0.0,0.0,0.0,0.0,0.0,0.0,23.0,0
0.04,168.0,164.0,142.0,160.5,157.5,137.5,8000.0,7000.0,5000.0,0.5,-28.599999999999994,-40.7,0.0,0.0,0.0,0.0,0.0,0.0,26.0,0
0.041,176.0,171.0,146.0,168.5,164.5,142.5,8000.0,7000.0,4000.0,0.5,-29.19999999999999,-40.900000000000006,0.0,0.0,0.0,0.0,0.0,0.0,30.0,0
0.042,185.0,178.0,151.0,176.5,171.5,146.5,9000.0,7000.0,5000.0,0.5,-29.80000000000001,-40.099999999999994,0.0,0.0,0.0,0.0,0.0,0.0,34.0,0
0.043000000000000003,194.0,185.0,156.0,185.5,178.5,151.5,9000.0,7000.0,5000.0,0.5,-29.599999999999994,-39.7,0.0,0.0,0.0,0.0,0.0,0.0,38.0,0
0.044,202.0,191.0,161.0,194.5,185.5,156.5,8000.0,6000.0,5000.0,0.5,-29.400000000000006,-39.3,0.0,0.0,0.0,0.0,0.0,0.0,41.0,0
0.045,211.0,198.0,166.0,202.5,191.5,161.5,9000.0,7000.0,5000.0,0.5,-29.0,-39.5,0.0,0.0,0.0,0.0,0.0,0.0,45.0,0
0.046,221.0,205.0,171.0,211.5,198.5,166.5,10000.0,7000.0,5000.0,0.5,-28.80000000000001,-39.099999999999994,0.0,0.0,0.0,0.0,0.0,0.0,50.0,0
0.047,230.0,212.0,175.0,221.5,205.5,171.5,9000.0,7000.0,4000.0,0.5,-27.80000000000001,-38.099999999999994,0.0,0.0,0.0,0.0,0.0,0.0,55.0,0
0.048,240.0,219.0,180.0,230.5,212.5,175.5,10000.0,7000.0,5000.0,0.5,-27.599999999999994,-36.69999999999999,0.0,0.0,0.0,0.0,0.0,0.0,60.0,0
0.049,249.0,226.0,185.0,240.5,219.5,180.5,9000.0,7000.0,5000.0,0.5,-26.599999999999994,-35.69999999999999,0.0,0.0,0.0,0.0,0.0,0.0,64.0,0
0.05,259.0,233.0,190.0,249.5,226.5,185.5,10000.0,7000.0,5000.0,0.5,-26.400000000000006,-35.30000000000001,0.0,0.0,0.0,0.0,0.0,0.0,69.0,0
0.051000000000000004,269.0,240.0,195.0,259.5,233.5,190.5,10000.0,7000.0,5000.0,0.5,-25.400000000000006,-34.30000000000001,0.0,0.0,0.0,0.0,0.0,0.0,74.0,0
0.052000000000000005,279.0,247.0,200.0,269.5,240.5,195.5,10000.0,7000.0,5000.0,0.5,-24.400000000000006,-33.30000000000001,0.0,0.0,0.0,0.0,0.0,0.0,79.0,0
0.053,289.0,254.0,205.0,279.5,247.5,200.5,10000.0,7000.0,5000.0,0.5,-23.400000000000006,-32.30000000000001,0.0,0.0,0.0,0.0,0.0,0.0,84.0,0
0.054,298.0,261.0,210.0,289.5,254.5,205.5,9000.0,7000.0,5000.0,0.5,-22.400000000000006,-31.30000000000001,0.0,0.0,0.0,0.0,0.0,0.0,88.0,0
0.055,308.0,268.0,215.0,298.5,261.5,210.5,10000.0,7000.0,5000.0,0.5,-22.19999999999999,-30.900000000000006,0.0,0.0,0.0,0.0,0.0,0.0,93.0,0
0.056,318.0,275.0,220.0,308.5,268.5,215.5,10000.0,7000.0,5000.0,0.5,-21.19999999999999,-29.900000000000006,0.0,0.0,0.0,0.0,0.0,0.0,98.0,0
0.057,328.0,282.0,226.0,318.5,275.5,220.5,10000.0,7000.0,6000.0,0.5,-20.19999999999999,-28.900000000000006,0.0,0.0,0.0,0.0,0.0,0.0,102.0,0
0.058,338.0,290.0,231.0,328.5,282.5,226.5,10000.0,8000.0,5000.0,0.5,-19.19999999999999,-28.900000000000006,0.0,0.0,0.0,0.0,0.0,0.0,107.0,0
0.059000000000000004,347.0,297.0,236.0,338.5,290.5,231.5,9000.0,7000.0,5000.0,0.5,-19.19999999999999,-27.900000000000006,0.0,0.0,0.0,0.0,0.0,0.0,111.0,0
0.06,357.0,304.0,241.0,347.5,297.5,236.5,10000.0,7000.0,5000.0,0.5,-19.0,-27.5,0.0,0.0,0.0,0.0,0.0,0.0,116.0,0
0.061,367.0,311.0,246.0,357.5,304.5,241.5,10000.0,7000.0,5000.0,0.5,-18.0,-26.5,0.0,0.0,0.0,0.0,0.0,0.0,121.0,0
0.062,377.0,318.0,251.0,367.5,311.5,246.5,10000.0,7000.0,5000.0,0.5,-17.0,-25.5,0.0,0.0,0.0,0.0,0.0,0.0,126.0,0
0.063,387.0,326.0,256.0,377.5,318.5,251.5,10000.0,8000.0,5000.0,0.5,-16.0,-24.5,0.0,0.0,0.0,0.0,0.0,0.0,131.0,0
0.064,396.0,333.0,262.0,387.5,326.5,256.5,9000.0,7000.0,6000.0,0.5,-16.0,-23.5,0.0,0.0,0.0,0.0,0.0,0.0,134.0,0
0.065,406.0,340.0,267.0,396.5,333.5,262.5,10000.0,7000.0,5000.0,0.5,-15.800000000000011,-24.099999999999994,0.0,0.0,0.0,0.0,0.0,0.0,139.0,0
0.066,416.0,348.0,272.0,406.5,340.5,267.5,10000.0,8000.0,5000.0,0.5,-14.800000000000011,-23.099999999999994,0.0,0.0,0.0,0.0,0.0,0.0,144.0,0
0.067,426.0,355.0,277.0,416.5,348.5,272.5,10000.0,7000.0,5000.0,0.5,-14.800000000000011,-22.099999999999994,0.0,0.0,0.0,0.0,0.0,0.0,149.0,0
0.068,436.0,362.0,283.0,426.5,355.5,277.5,10000.0,7000.0,6000.0,0.5,-13.800000000000011,-21.100000000000023,0.0,0.0,0.0,0.0,0.0,0.0,153.0,0
0.069,445.0,370.0,288.0,436.5,362.5,283.5,9000.0,8000.0,5000.0,0.5,-12.800000000000011,-21.100000000000023,0.0,0.0,0.0,0.0,0.0,0.0,157.0,0
0.07,455.0,377.0,293.0,445.5,370.5,288.5,10000.0,7000.0,5000.0,0.5,-13.600000000000023,-20.69999999999999,0.0,0.0,0.0,0.0,0.0,0.0,162.0,0
0.07100000000000001,465.0,384.0,299.0,455.5,377.5,293.5,10000.0,7000.0,6000.0,0.5,-12.600000000000023,-19.69999999999999,0.0,0.0,0.0,0.0,0.0,0.0,166.0,0
0.07200000000000001,475.0,392.0,304.0,465.5,384.5,299.5,10000.0,8000.0,5000.0,0.5,-11.600000000000023,-19.69999999999999,0.0,0.0,0.0,0.0,0.0,0.0,171.0,0
0.073,485.0,399.0,309.0,475.5,392.5,304.5,10000.0,7000.0,5000.0,0.5,-11.600000000000023,-18.69999999999999,0.0,0.0,0.0,0.0,0.0,0.0,176.0,0
0.074,494.0,407.0,315.0,485.5,399.5,309.5,9000.0,8000.0,6000.0,0.5,-10.600000000000023,-17.69999999999999,0.0,0.0,0.0,0.0,0.0,0.0,179.0,0
0.075,504.0,414.0,320.0,494.5,407.5,315.5,10000.0,7000.0,5000.0,0.5,-11.399999999999977,-18.30000000000001,0.0,0.0,0.0,0.0,0.0,0.0,184.0,0
0.076,514.0,422.0,325.0,504.5,414.5,320.5,10000.0,8000.0,5000.0,0.5,-10.399999999999977,-17.30000000000001,0.0,0.0,0.0,0.0,0.0,0.0,189.0,0
0.077,524.0,429.0,331.0,514.5,422.5,325.5,10000.0,7000.0,6000.0,0.5,-10.399999999999977,-16.30000000000001,0.0,0.0,0.0,0.0,0.0,0.0,193.0,0
0.078,534.0,437.0,336.0,524.5,429.5,331.5,10000.0,8000.0,5000.0,0.5,-9.399999999999977,-16.30000000000001,0.0,0.0,0.0,0.0,0.0,0.0,198.0,0
0.079,543.0,444.0,342.0,534.5,437.5,336.5,9000.0,7000.0,6000.0,0.5,-9.399999999999977,-15.300000000000011,0.0,0.0,0.0,0.0,0.0,0.0,201.0,0
0.08,553.0,452.0,347.0,543.5,444.5,342.5,10000.0,8000.0,5000.0,0.5,-9.199999999999989,-15.899999999999977,0.0,0.0,0.0,0.0,0.0,0.0,206.0,0
0.081,563.0,460.0,353.0,553.5,452.5,347.5,10000.0,8000.0,6000.0,0.5,-9.199999999999989,-14.899999999999977,0.0,0.0,0.0,0.0,0.0,0.0,210.0,0
0.082,573.0,468.0,358.0,563.5,460.5,353.5,10000.0,8000.0,5000.0,0.5,-9.199999999999989,-14.899999999999977,0.0,0.0,0.0,0.0,0.0,0.0,215.0,0
0.083,583.0,476.0,364.0,573.5,468.5,358.5,10000.0,8000.0,6000.0,0.5,-9.199999999999989,-13.899999999999977,0.0,0.0,0.0,0.0,0.0,0.0,219.0,0
0.084,592.0,483.0,369.0,583.5,476.5,364.5,9000.0,7000.0,5000.0,0.5,-9.199999999999989,-13.899999999999977,0.0,0.0,0.0,0.0,0.0,0.0,223.0,0
0.085,602.0,491.0,375.0,592.5,483.5,369.5,10000.0,8000.0,6000.0,0.5,-9.0,-13.5,0.0,0.0,0.0,0.0,0.0,0.0,227.0,0
0.08600000000000001,612.0,499.0,380.0,602.5,491.5,375.5,10000.0,8000.0,5000.0,0.5,-9.0,-13.5,0.0,0.0,0.0,0.0,0.0,0.0,232.0,0
0.08700000000000001,622.0,507.0,385.0,612.5,499.5,380.5,10000.0,8000.0,5000.0,0.5,-9.0,-12.5,0.0,0.0,0.0,0.0,0.0,0.0,237.0,0
0.088,632.0,515.0,391.0,622.5,507.5,385.5,10000.0,8000.0,6000.0,0.5,-9.0,-11.5,0.0,0.0,0.0,0.0,0.0,0.0,241.0,0
0.089,641.0,522.0,397.0,632.5,515.5,391.5,9000.0,7000.0,6000.0,0.5,-9.0,-11.5,0.0,0.0,0.0,0.0,0.0,0.0,244.0,0
0.09,651.0,530.0,402.0,641.5,522.5,397.5,10000.0,8000.0,5000.0,0.5,-8.799999999999955,-12.100000000000023,0.0,0.0,0.0,0.0,0.0,0.0,249.0,0
0.091,661.0,538.0,408.0,651.5,530.5,402.5,10000.0,8000.0,6000.0,0.5,-8.799999999999955,-11.100000000000023,0.0,0.0,0.0,0.0,0.0,0.0,253.0,0
0.092,671.0,546.0,413.0,661.5,538.5,408.5,10000.0,8000.0,5000.0,0.5,-8.799999999999955,-11.100000000000023,0.0,0.0,0.0,0.0,0.0,0.0,258.0,0
0.093,681.0,554.0,419.0,671.5,546.5,413.5,10000.0,8000.0,6000.0,0.5,-8.799999999999955,-10.100000000000023,0.0,0.0,0.0,0.0,0.0,0.0,262.0,0
0.094,690.0,561.0,424.0,681.5,554.5,419.5,9000.0,7000.0,5000.0,0.5,-8.799999999999955,-10.100000000000023,0.0,0.0,0.0,0.0,0.0,0.0,266.0,0
0.095,700.0,569.0,430.0,690.5,561.5,424.5,10000.0,8000.0,6000.0,0.5,-8.600000000000023,-9.699999999999989,0.0,0.0,0.0,0.0,0.0,0.0,270.0,0
0.096,710.0,577.0,436.0,700.5,569.5,430.5,10000.0,8000.0,6000.0,0.5,-8.600000000000023,-9.699999999999989,0.0,0.0,0.0,0.0,0.0,0.0,274.0,0
0.097,720.0,585.0,442.0,710.5,577.5,436.5,10000.0,8000.0,6000.0,0.5,-8.600000000000023,-9.699999999999989,0.0,0.0,0.0,0.0,0.0,0.0,278.0,0
0.098,730.0,593.0,448.0,720.5,585.5,442.5,10000.0,8000.0,6000.0,0.5,-8.600000000000023,-9.699999999999989,0.0,0.0,0.0,0.0,0.0,0.0,282.0,0
0.099,739.0,600.0,453.0,730.5,593.5,448.5,9000.0,7000.0,5000.0,0.5,-8.600000000000023,-9.699999999999989,0.0,0.0,0.0,0.0,0.0,0.0,286.0,0
0.1,749.0,608.0,459.0,739.5,600.5,453.5,10000.0,8000.0,6000.0,0.5,-8.399999999999977,-9.300000000000011,0.0,0.0,0.0,0.0,0.0,0.0,290.0,0
0.101,759.0,616.0,465.0,749.5,608.5,459.5,10000.0,8000.0,6000.0,0.5,-8.399999999999977,-9.300000000000011,0.0,0.0,0.0,0.0,0.0,0.0,294.0,0
0.10200000000000001,769.0,624.0,471.0,759.5,616.5,465.5,10000.0,8000.0,6000.0,0.5,-8.399999999999977,-9.300000000000011,0.0,0.0,0.0,0.0,0.0,0.0,298.0,0
0.10300000000000001,779.0,632.0,477.0,769.5,624.5,471.5,10000.0,8000.0,6000.0,0.5,-8.399999999999977,-9.300000000000011,0.0,0.0,0.0,0.0,0.0,0.0,302.0,0
0.10400000000000001,788.0,639.0,482.0,779.5,632.5,477.5,9000.0,7000.0,5000.0,0.5,-8.399999999999977,-9.300000000000011,0.0,0.0,0.0,0.0,0.0,0.0,306.0,0
0.105,798.0,647.0,488.0,788.5,639.5,482.5,10000.0,8000.0,6000.0,0.5,-8.200000000000045,-8.899999999999977,0.0,0.0,0.0,0.0,0.0,0.0,310.0,0
0.106,808.0,655.0,494.0,798.5,647.5,488.5,10000.0,8000.0,6000.0,0.5,-8.200000000000045,-8.899999999999977,0.0,0.0,0.0,0.0,0.0,0.0,314.0,0
0.107,818.0,663.0,500.0,808.5,655.5,494.5,10000.0,8000.0,6000.0,0.5,-8.200000000000045,-8.899999999999977,0.0,0.0,0.0,0.0,0.0,0.0,318.0,0
0.108,828.0,671.0,506.0,818.5,663.5,500.5,10000.0,8000.0,6000.0,0.5,-8.200000000000045,-8.899999999999977,0.0,0.0,0.0,0.0,0.0,0.0,322.0,0
0.109,837.0,678.0,512.0,828.5,671.5,506.5,9000.0,7000.0,6000.0,0.5,-8.200000000000045,-8.899999999999977,0.0,0.0,0.0,0.0,0.0,0.0,325.0,0
0.11,847.0,686.0,517.0,837.5,678.5,512.5,10000.0,8000.0,5000.0,0.5,-8.0,-9.5,0.0,0.0,0.0,0.0,0.0,0.0,330.0,0
0.111,857.0,694.0,523.0,847.5,686.5,517.5,10000.0,8000.0,6000.0,0.5,-8.0,-8.5,0.0,0.0,0.0,0.0,0.0,0.0,334.0,0
0.112,867.0,702.0,529.0,857.5,694.5,523.5,10000.0,8000.0,6000.0,0.5,-8.0,-8.5,0.0,0.0,0.0,0.0,0.0,0.0,338.0,0
0.113,877.0,710.0,535.0,867.5,702.5,529.5,10000.0,8000.0,6000.0,0.5,-8.0,-8.5,0.0,0.0,0.0,0.0,0.0,0.0,342.0,0
0.114,886.0,717.0,541.0,877.5,710.5,535.5,9000.0,7000.0,6000.0,0.5,-8.0,-8.5,0.0,0.0,0.0,0.0,0.0,0.0,345.0,0
0.115,896.0,725.0,546.0,886.5,717.5,541.5,10000.0,8000.0,5000.0,0.5,-7.7999999999999545,-9.100000000000023,0.0,0.0,0.0,0.0,0.0,0.0,350.0,0
0.116,906.0,733.0,552.0,896.5,725.5,546.5,10000.0,8000.0,6000.0,0.5,-7.7999999999999545,-8.100000000000023,0.0,0.0,0.0,0.0,0.0,0.0,354.0,0
0.117,916.0,741.0,558.0,906.5,733.5,552.5,10000.0,8000.0,6000.0,0.5,-7.7999999999999545,-8.100000000000023,0.0,0.0,0.0,0.0,0.0,0.0,358.0,0
0.11800000000000001,926.0,749.0,564.0,916.5,741.5,558.5,10000.0,8000.0,6000.0,0.5,-7.7999999999999545,-8.100000000000023,0.0,0.0,0.0,0.0,0.0,0.0,362.0,0
0.11900000000000001,935.0,756.0,570.0,926.5,749.5,564.5,9000.0,7000.0,6000.0,0.5,-7.7999999999999545,-8.100000000000023,0.0,0.0,0.0,0.0,0.0,0.0,365.0,0
0.12,945.0,764.0,576.0,935.5,756.5,570.5,10000.0,8000.0,6000.0,0.5,-7.600000000000023,-8.700000000000045,0.0,0.0,0.0,0.0,0.0,0.0,369.0,0
0.121,955.0,772.0,581.0,945.5,764.5,576.5,10000.0,8000.0,5000.0,0.5,-7.600000000000023,-8.700000000000045,0.0,0.0,0.0,0.0,0.0,0.0,374.0,0
0.122,965.0,780.0,587.0,955.5,772.5,581.5,10000.0,8000.0,6000.0,0.5,-7.600000000000023,-7.7000000000000455,0.0,0.0,0.0,0.0,0.0,0.0,378.0,0
0.123,975.0,788.0,593.0,965.5,780.5,587.5,10000.0,8000.0,6000.0,0.5,-7.600000000000023,-7.7000000000000455,0.0,0.0,0.0,0.0,0.0,0.0,382.0,0
0.124,984.0,795.0,599.0,975.5,788.5,593.5,9000.0,7000.0,6000.0,0.5,-7.600000000000023,-7.7000000000000455,0.0,0.0,0.0,0.0,0.0,0.0,385.0,0
0.125,994.0,803.0,605.0,984.5,795.5,599.5,10000.0,8000.0,6000.0,0.5,-7.399999999999977,-8.299999999999955,0.0,0.0,0.0,0.0,0.0,0.0,389.0,0
0.126,1004.0,811.0,610.0,994.5,803.5,605.5,10000.0,8000.0,5000.0,0.5,-7.399999999999977,-8.299999999999955,0.0,0.0,0.0,0.0,0.0,0.0,394.0,0
0.127,1014.0,819.0,616.0,1004.5,811.5,610.5,10000.0,8000.0,6000.0,0.5,-7.399999999999977,-7.2999999999999545,0.0,0.0,0.0,0.0,0.0,0.0,398.0,0
0.128,1024.0,827.0,622.0,1014.5,819.5,616.5,10000.0,8000.0,6000.0,0.5,-7.399999999999977,-7.2999999999999545,0.0,0.0,0.0,0.0,0.0,0.0,402.0,0
0.129,1033.0,834.0,628.0,1024.5,827.5,622.5,9000.0,7000.0,6000.0,0.5,-7.399999999999977,-7.2999999999999545,0.0,0.0,0.0,0.0,0.0,0.0,405.0,0
0.13,1043.0,842.0,634.0,1033.5,834.5,628.5,10000.0,8000.0,6000.0,0.5,-7.2000000000000455,-7.899999999999977,0.0,0.0,0.0,0.0,0.0,0.0,409.0,0
0.131,1053.0,850.0,640.0,1043.5,842.5,634.5,10000.0,8000.0,6000.0,0.5,-7.2000000000000455,-7.899999999999977,0.0,0.0,0.0,0.0,0.0,0.0,413.0,0
0.132,1063.0,858.0,645.0,1053.5,850.5,640.5,10000.0,8000.0,5000.0,0.5,-7.2000000000000455,-7.899999999999977,0.0,0.0,0.0,0.0,0.0,0.0,418.0,0
0.133,1073.0,866.0,651.0,1063.5,858.5,645.5,10000.0,8000.0,6000.0,0.5,-7.2000000000000455,-6.899999999999977,0.0,0.0,0.0,0.0,0.0,0.0,422.0,0
0.134,1082.0,873.0,657.0,1073.5,866.5,651.5,9000.0,7000.0,6000.0,0.5,-7.2000000000000455,-6.899999999999977,0.0,0.0,0.0,0.0,0.0,0.0,425.0,0
0.135,1092.0,881.0,663.0,1082.5,873.5,657.5,10000.0,8000.0,6000.0,0.5,-7.0,-7.5,0.0,0.0,0.0,0.0,0.0,0.0,429.0,0
0.136,1102.0,889.0,669.0,1092.5,881.5,663.5,10000.0,8000.0,6000.0,0.5,-7.0,-7.5,0.0,0.0,0.0,0.0,0.0,0.0,433.0,0
0.137,1112.0,897.0,675.0,1102.5,889.5,669.5,10000.0,8000.0,6000.0,0.5,-7.0,-7.5,0.0,0.0,0.0,0.0,0.0,0.0,437.0,0
0.138,1122.0,905.0,680.0,1112.5,897.5,675.5,10000.0,8000.0,5000.0,0.5,-7.0,-7.5,0.0,0.0,0.0,0.0,0.0,0.0,442.0,0
0.139,1131.0,912.0,686.0,1122.5,905.5,680.5,9000.0,7000.0,6000.0,0.5,-7.0,-6.5,0.0,0.0,0.0,0.0,0.0,0.0,445.0,0
0.14,1141.0,920.0,692.0,1131.5,912.5,686.5,10000.0,8000.0,6000.0,0.5,-6.7999999999999545,-7.100000000000023,0.0,0.0,0.0,0.0,0.0,0.0,449.0,0
0.14100000000000001,1151.0,928.0,698.0,1141.5,920.5,692.5,10000.0,8000.0,6000.0,0.5,-6.7999999999999545,-7.100000000000023,0.0,0.0,0.0,0.0,0.0,0.0,453.0,0
0.14200000000000002,1161.0,936.0,704.0,1151.5,928.5,698.5,10000.0,8000.0,6000.0,0.5,-6.7999999999999545,-7.100000000000023,0.0,0.0,0.0,0.0,0.0,0.0,457.0,0
0.14300000000000002,1171.0,944.0,709.0,1161.5,936.5,704.5,10000.0,8000.0,5000.0,0.5,-6.7999999999999545,-7.100000000000023,0.0,0.0,0.0,0.0,0.0,0.0,462.0,0
0.14400000000000002,1180.0,951.0,715.0,1171.5,944.5,709.5,9000.0,7000.0,6000.0,0.5,-6.7999999999999545,-6.100000000000023,0.0,0.0,0.0,0.0,0.0,0.0,465.0,0
0.145,1190.0,959.0,721.0,1180.5,951.5,715.5,10000.0,8000.0,6000.0,0.5,-6.600000000000023,-6.7000000000000455,0.0,0.0,0.0,0.0,0.0,0.0,469.0,0
0.146,1200.0,967.0,727.0,1190.5,959.5,721.5,10000.0,8000.0,6000.0,0.5,-6.600000000000023,-6.7000000000000455,0.0,0.0,0.0,0.0,0.0,0.0,473.0,0
0.147,1210.0,975.0,733.0,1200.5,967.5,727.5,10000.0,8000.0,6000.0,0.5,-6.600000000000023,-6.7000000000000455,0.0,0.0,0.0,0.0,0.0,0.0,477.0,0
0.148,1220.0,983.0,739.0,1210.5,975.5,733.5,10000.0,8000.0,6000.0,0.5,-6.600000000000023,-6.7000000000000455,0.0,0.0,0.0,0.0,0.0,0.0,481.0,0
0.149,1229.0,990.0,744.0,1220.5,983.5,739.5,9000.0,7000.0,5000.0,0.5,-6.600000000000023,-6.7000000000000455,0.0,0.0,0.0,0.0,0.0,0.0,485.0,0
0.15,1239.0,998.0,750.0,1229.5,990.5,744.5,10000.0,8000.0,6000.0,0.5,-6.399999999999977,-6.2999999999999545,0.0,0.0,0.0,0.0,0.0,0.0,489.0,0
0.151,1249.0,1006.0,756.0,1239.5,998.5,750.5,10000.0,8000.0,6000.0,0.5,-6.399999999999977,-6.2999999999999545,0.0,0.0,0.0,0.0,0.0,0.0,493.0,0
0.152,1259.0,1014.0,762.0,1249.5,1006.5,756.5,10000.0,8000.0,6000.0,0.5,-6.399999999999977,-6.2999999999999545,0.0,0.0,0.0,0.0,0.0,0.0,497.0,0
0.153,1269.0,1022.0,768.0,1259.5,1014.5,762.5,10000.0,8000.0,6000.0,0.5,-6.399999999999977,-6.2999999999999545,0.0,0.0,0.0,0.0,0.0,0.0,501.0,0
0.154,1278.0,1029.0,773.0,1269.5,1022.5,768.5,9000.0,7000.0,5000.0,0.5,-6.399999999999977,-6.2999999999999545,0.0,0.0,0.0,0.0,0.0,0.0,505.0,0
0.155,1288.0,1037.0,779.0,1278.5,1029.5,773.5,10000.0,8000.0,6000.0,0.5,-6.2000000000000455,-5.899999999999977,0.0,0.0,0.0,0.0,0.0,0.0,509.0,0
0.156,1298.0,1045.0,785.0,1288.5,1037.5,779.5,10000.0,8000.0,6000.0,0.5,-6.2000000000000455,-5.899999999999977,0.0,0.0,0.0,0.0,0.0,0.0,513.0,0
0.157,1308.0,1053.0,791.0,1298.5,1045.5,785.5,10000.0,8000.0,6000.0,0.5,-6.2000000000000455,-5.899999999999977,0.0,0.0,0.0,0.0,0.0,0.0,517.0,0
0.158,1318.0,1061.0,797.0,1308.5,1053.5,791.5,10000.0,8000.0,6000.0,0.5,-6.2000000000000455,-5.899999999999977,0.0,0.0,0.0,0.0,0.0,0.0,521.0,0
0.159,1327.0,1068.0,803.0,1318.5,1061.5,797.5,9000.0,7000.0,6000.0,0.5,-6.2000000000000455,-5.899999999999977,0.0,0.0,0.0,0.0,0.0,0.0,524.0,0
0.16,1337.0,1076.0,808.0,1327.5,1068.5,803.5,10000.0,8000.0,5000.0,0.5,-6.0,-6.5,0.0,0.0,0.0,0.0,0.0,0.0,529.0,0
0.161,1347.0,1084.0,814.0,1337.5,1076.5,808.5,10000.0,8000.0,6000.0,0.5,-6.0,-5.5,0.0,0.0,0.0,0.0,0.0,0.0,533.0,0
0.162,1357.0,1092.0,820.0,1347.5,1084.5,814.5,10000.0,8000.0,6000.0,0.5,-6.0,-5.5,0.0,0.0,0.0,0.0,0.0,0.0,537.0,0
0.163,1367.0,1100.0,826.0,1357.5,1092.5,820.5,10000.0,8000.0,6000.0,0.5,-6.0,-5.5,0.0,0.0,0.0,0.0,0.0,0.0,541.0,0
0.164,1376.0,1107.0,832.0,1367.5,1100.5,826.5,9000.0,7000.0,6000.0,0.5,-6.0,-5.5,0.0,0.0,0.0,0.0,0.0,0.0,544.0,0
0.165,1386.0,1115.0,837.0,1376.5,1107.5,832.5,10000.0,8000.0,5000.0,0.5,-5.7999999999999545,-6.100000000000023,0.0,0.0,0.0,0.0,0.0,0.0,549.0,0
0.166,1396.0,1123.0,843.0,1386.5,1115.5,837.5,10000.0,8000.0,6000.0,0.5,-5.7999999999999545,-5.100000000000023,0.0,0.0,0.0,0.0,0.0,0.0,553.0,0
0.167,1406.0,1131.0,849.0,1396.5,1123.5,843.5,10000.0,8000.0,6000.0,0.5,-5.7999999999999545,-5.100000000000023,0.0,0.0,0.0,0.0,0.0,0.0,557.0,0
0.168,1416.0,1139.0,855.0,1406.5,1131.5,849.5,10000.0,8000.0,6000.0,0.5,-5.7999999999999545,-5.100000000000023,0.0,0.0,0.0,0.0,0.0,0.0,561.0,0
0.169,1425.0,1146.0,861.0,1416.5,1139.5,855.5,9000.0,7000.0,6000.0,0.5,-5.7999999999999545,-5.100000000000023,0.0,0.0,0.0,0.0,0.0,0.0,564.0,0
0.17,1435.0,1154.0,867.0,1425.5,1146.5,861.5,10000.0,8000.0,6000.0,0.5,-5.599999999999909,-5.7000000000000455,0.0,0.0,0.0,0.0,0.0,0.0,568.0,0
0.171,1445.0,1162.0,872.0,1435.5,1154.5,867.5,10000.0,8000.0,5000.0,0.5,-5.599999999999909,-5.7000000000000455,0.0,0.0,0.0,0.0,0.0,0.0,573.0,0
0.17200000000000001,1455.0,1170.0,878.0,1445.5,1162.5,872.5,10000.0,8000.0,6000.0,0.5,-5.599999999999909,-4.7000000000000455,0.0,0.0,0.0,0.0,0.0,0.0,577.0,0
0.17300000000000001,1465.0,1178.0,884.0,1455.5,1170.5,878.5,10000.0,8000.0,6000.0,0.5,-5.599999999999909,-4.7000000000000455,0.0,0.0,0.0,0.0,0.0,0.0,581.0,0
0.17400000000000002,1474.0,1185.0,890.0,1465.5,1178.5,884.5,9000.0,7000.0,6000.0,0.5,-5.599999999999909,-4.7000000000000455,0.0,0.0,0.0,0.0,0.0,0.0,584.0,0
0.17500000000000002,1484.0,1193.0,896.0,1474.5,1185.5,890.5,10000.0,8000.0,6000.0,0.5,-5.400000000000091,-5.2999999999999545,0.0,0.0,0.0,0.0,0.0,0.0,588.0,0
0.176,1494.0,1201.0,901.0,1484.5,1193.5,896.5,10000.0,8000.0,5000.0,0.5,-5.400000000000091,-5.2999999999999545,0.0,0.0,0.0,0.0,0.0,0.0,593.0,0
0.177,1504.0,1209.0,907.0,1494.5,1201.5,901.5,10000.0,8000.0,6000.0,0.5,-5.400000000000091,-4.2999999999999545,0.0,0.0,0.0,0.0,0.0,0.0,597.0,0
0.178,1514.0,1217.0,913.0,1504.5,1209.5,907.5,10000.0,8000.0,6000.0,0.5,-5.400000000000091,-4.2999999999999545,0.0,0.0,0.0,0.0,0.0,0.0,601.0,0
0.179,1523.0,1224.0,919.0,1514.5,1217.5,913.5,9000.0,7000.0,6000.0,0.5,-5.400000000000091,-4.2999999999999545,0.0,0.0,0.0,0.0,0.0,0.0,604.0,0
0.18,1533.0,1232.0,925.0,1523.5,1224.5,919.5,10000.0,8000.0,6000.0,0.5,-5.2000000000000455,-4.899999999999977,0.0,0.0,0.0,0.0,0.0,0.0,608.0,0
0.181,1543.0,1240.0,931.0,1533.5,1232.5,925.5,10000.0,8000.0,6000.0,0.5,-5.2000000000000455,-4.899999999999977,0.0,0.0,0.0,0.0,0.0,0.0,612.0,0
0.182,1553.0,1248.0,936.0,1543.5,1240.5,931.5,10000.0,8000.0,5000.0,0.5,-5.2000000000000455,-4.899999999999977,0.0,0.0,0.0,0.0,0.0,0.0,617.0,0
0.183,1563.0,1256.0,942.0,1553.5,1248.5,936.5,10000.0,8000.0,6000.0,0.5,-5.2000000000000455,-3.8999999999999773,0.0,0.0,0.0,0.0,0.0,0.0,621.0,0
0.184,1572.0,1263.0,948.0,1563.5,1256.5,942.5,9000.0,7000.0,6000.0,0.5,-5.2000000000000455,-3.8999999999999773,0.0,0.0,0.0,0.0,0.0,0.0,624.0,0
0.185,1582.0,1271.0,954.0,1572.5,1263.5,948.5,10000.0,8000.0,6000.0,0.5,-5.0,-4.5,0.0,0.0,0.0,0.0,0.0,0.0,628.0,0
0.186,1592.0,1279.0,960.0,1582.5,1271.5,954.5,10000.0,8000.0,6000.0,0.5,-5.0,-4.5,0.0,0.0,0.0,0.0,0.0,0.0,632.0,0
0.187,1602.0,1287.0,966.0,1592.5,1279.5,960.5,10000.0,8000.0,6000.0,0.5,-5.0,-4.5,0.0,0.0,0.0,0.0,0.0,0.0,636.0,0
0.188,1612.0,1295.0,971.0,1602.5,1287.5,966.5,10000.0,8000.0,5000.0,0.5,-5.0,-4.5,0.0,0.0,0.0,0.0,0.0,0.0,641.0,0
0.189,1621.0,1302.0,977.0,1612.5,1295.5,971.5,9000.0,7000.0,6000.0,0.5,-5.0,-3.5,0.0,0.0,0.0,0.0,0.0,0.0,644.0,0
0.19,1631.0,1310.0,983.0,1621.5,1302.5,977.5,10000.0,8000.0,6000.0,0.5,-4.7999999999999545,-4.100000000000023,0.0,0.0,0.0,0.0,0.0,0.0,648.0,0
0.191,1641.0,1318.0,989.0,1631.5,1310.5,983.5,10000.0,8000.0,6000.0,0.5,-4.7999999999999545,-4.100000000000023,0.0,0.0,0.0,0.0,0.0,0.0,652.0,0
0.192,1651.0,1326.0,995.0,1641.5,1318.5,989.5,10000.0,8000.0,6000.0,0.5,-4.7999999999999545,-4.100000000000023,0.0,0.0,0.0,0.0,0.0,0.0,656.0,0
0.193,1661.0,1334.0,1000.0,1651.5,1326.5,995.5,10000.0,8000.0,5000.0,0.5,-4.7999999999999545,-4.100000000000023,0.0,0.0,0.0,0.0,0.0,0.0,661.0,0
0.194,1670.0,1341.0,1006.0,1661.5,1334.5,1000.5,9000.0,7000.0,6000.0,0.5,-4.7999999999999545,-3.1000000000000227,0.0,0.0,0.0,0.0,0.0,0.0,664.0,0
0.195,1680.0,1349.0,1012.0,1670.5,1341.5,1006.5,10000.0,8000.0,6000.0,0.5,-4.599999999999909,-3.7000000000000455,0.0,0.0,0.0,0.0,0.0,0.0,668.0,0
0.196,1690.0,1357.0,1018.0,1680.5,1349.5,1012.5,10000.0,8000.0,6000.0,0.5,-4.599999999999909,-3.7000000000000455,0.0,0.0,0.0,0.0,0.0,0.0,672.0,0
0.197,1700.0,1365.0,1024.0,1690.5,1357.5,1018.5,10000.0,8000.0,6000.0,0.5,-4.599999999999909,-3.7000000000000455,0.0,0.0,0.0,0.0,0.0,0.0,676.0,0
0.198,1710.0,1373.0,1030.0,1700.5,1365.5,1024.5,10000.0,8000.0,6000.0,0.5,-4.599999999999909,-3.7000000000000455,0.0,0.0,0.0,0.0,0.0,0.0,680.0,0
0.199,1719.0,1380.0,1035.0,1710.5,1373.5,1030.5,9000.0,7000.0,5000.0,0.5,-4.599999999999909,-3.7000000000000455,0.0,0.0,0.0,0.0,0.0,0.0,684.0,0
0.2,1729.0,1388.0,1041.0,1719.5,1380.5,1035.5,10000.0,8000.0,6000.0,0.5,-4.400000000000091,-3.2999999999999545,0.0,0.0,0.0,0.0,0.0,0.0,688.0,0
0.201,1739.0,1396.0,1047.0,1729.5,1388.5,1041.5,10000.0,8000.0,6000.0,0.5,-4.400000000000091,-3.2999999999999545,0.0,0.0,0.0,0.0,0.0,0.0,692.0,0
0.202,1749.0,1404.0,1053.0,1739.5,1396.5,1047.5,10000.0,8000.0,6000.0,0.5,-4.400000000000091,-3.2999999999999545,0.0,0.0,0.0,0.0,0.0,0.0,696.0,0
0.203,1759.0,1412.0,1059.0,1749.5,1404.5,1053.5,10000.0,8000.0,6000.0,0.5,-4.400000000000091,-3.2999999999999545,0.0,0.0,0.0,0.0,0.0,0.0,700.0,0
0.20400000000000001,1768.0,1419.0,1064.0,1759.5,1412.5,1059.5,9000.0,7000.0,5000.0,0.5,-4.400000000000091,-3.2999999999999545,0.0,0.0,0.0,0.0,0.0,0.0,704.0,0
0.20500000000000002,1778.0,1427.0,1070.0,1768.5,1419.5,1064.5,10000.0,8000.0,6000.0,0.5,-4.2000000000000455,-2.900000000000091,0.0,0.0,0.0,0.0,0.0,0.0,708.0,0
0.20600000000000002,1788.0,1435.0,1076.0,1778.5,1427.5,1070.5,10000.0,8000.0,6000.0,0.5,-4.2000000000000455,-2.900000000000091,0.0,0.0,0.0,0.0,0.0,0.0,712.0,0
0.20700000000000002,1798.0,1443.0,1082.0,1788.5,1435.5,1076.5,10000.0,8000.0,6000.0,0.5,-4.2000000000000455,-2.900000000000091,0.0,0.0,0.0,0.0,0.0,0.0,716.0,0
0.20800000000000002,1808.0,1451.0,1088.0,1798.5,1443.5,1082.5,10000.0,8000.0,6000.0,0.5,-4.2000000000000455,-2.900000000000091,0.0,0.0,0.0,0.0,0.0,0.0,720.0,0
0.209,1817.0,1458.0,1094.0,1808.5,1451.5,1088.5,9000.0,7000.0,6000.0,0.5,-4.2000000000000455,-2.900000000000091,0.0,0.0,0.0,0.0,0.0,0.0,723.0,0
0.21,1827.0,1466.0,1099.0,1817.5,1458.5,1094.5,10000.0,8000.0,5000.0,0.5,-4.0,-3.5,0.0,0.0,0.0,0.0,0.0,0.0,728.0,0
0.211,1837.0,1474.0,1105.0,1827.5,1466.5,1099.5,10000.0,8000.0,6000.0,0.5,-4.0,-2.5,0.0,0.0,0.0,0.0,0.0,0.0,732.0,0
0.212,1847.0,1482.0,1111.0,1837.5,1474.5,1105.5,10000.0,8000.0,6000.0,0.5,-4.0,-2.5,0.0,0.0,0.0,0.0,0.0,0.0,736.0,0
0.213,1857.0,1490.0,1117.0,1847.5,1482.5,1111.5,10000.0,8000.0,6000.0,0.5,-4.0,-2.5,0.0,0.0,0.0,0.0,0.0,0.0,740.0,0
0.214,1866.0,1497.0,1123.0,1857.5,1490.5,1117.5,9000.0,7000.0,6000.0,0.5,-4.0,-2.5,0.0,0.0,0.0,0.0,0.0,0.0,743.0,0
0.215,1876.0,1505.0,1128.0,1866.5,1497.5,1123.5,10000.0,8000.0,5000.0,0.5,-3.7999999999999545,-3.099999999999909,0.0,0.0,0.0,0.0,0.0,0.0,748.0,0
0.216,1886.0,1513.0,1134.0,1876.5,1505.5,1128.5,10000.0,8000.0,6000.0,0.5,-3.7999999999999545,-2.099999999999909,0.0,0.0,0.0,0.0,0.0,0.0,752.0,0
0.217,1896.0,1521.0,1140.0,1886.5,1513.5,1134.5,10000.0,8000.0,6000.0,0.5,-3.7999999999999545,-2.099999999999909,0.0,0.0,0.0,0.0,0.0,0.0,756.0,0
0.218,1906.0,1529.0,1146.0,1896.5,1521.5,1140.5,10000.0,8000.0,6000.0,0.5,-3.7999999999999545,-2.099999999999909,0.0,0.0,0.0,0.0,0.0,0.0,760.0,0
0.219,1915.0,1536.0,1152.0,1906.5,1529.5,1146.5,9000.0,7000.0,6000.0,0.5,-3.7999999999999545,-2.099999999999909,0.0,0.0,0.0,0.0,0.0,0.0,763.0,0
0.22,1925.0,1544.0,1158.0,1915.5,1536.5,1152.5,10000.0,8000.0,6000.0,0.5,-3.599999999999909,-2.7000000000000455,0.0,0.0,0.0,0.0,0.0,0.0,767.0,0
0.221,1935.0,1552.0,1163.0,1925.5,1544.5,1158.5,10000.0,8000.0,5000.0,0.5,-3.599999999999909,-2.7000000000000455,0.0,0.0,0.0,0.0,0.0,0.0,772.0,0
0.222,1945.0,1560.0,1169.0,1935.5,1552.5,1163.5,10000.0,8000.0,6000.0,0.5,-3.599999999999909,-1.7000000000000455,0.0,0.0,0.0,0.0,0.0,0.0,776.0,0
0.223,1955.0,1568.0,1175.0,1945.5,1560.5,1169.5,10000.0,8000.0,6000.0,0.5,-3.599999999999909,-1.7000000000000455,0.0,0.0,0.0,0.0,0.0,0.0,780.0,0
0.224,1964.0,1575.0,1181.0,1955.5,1568.5,1175.5,9000.0,7000.0,6000.0,0.5,-3.599999999999909,-1.7000000000000455,0.0,0.0,0.0,0.0,0.0,0.0,783.0,0
0.225,1974.0,1583.0,1187.0,1964.5,1575.5,1181.5,10000.0,8000.0,6000.0,0.5,-3.400000000000091,-2.2999999999999545,0.0,0.0,0.0,0.0,0.0,0.0,787.0,0
0.226,1984.0,1591.0,1192.0,1974.5,1583.5,1187.5,10000.0,8000.0,5000.0,0.5,-3.400000000000091,-2.2999999999999545,0.0,0.0,0.0,0.0,0.0,0.0,792.0,0
0.227,1994.0,1599.0,1198.0,1984.5,1591.5,1192.5,10000.0,8000.0,6000.0,0.5,-3.400000000000091,-1.2999999999999545,0.0,0.0,0.0,0.0,0.0,0.0,796.0,0
0.228,2004.0,1607.0,1204.0,1994.5,1599.5,1198.5,10000.0,8000.0,6000.0,0.5,-3.400000000000091,-1.2999999999999545,0.0,0.0,0.0,0.0,0.0,0.0,800.0,0
0.229,2013.0,1614.0,1210.0,2004.5,1607.5,1204.5,9000.0,7000.0,6000.0,0.5,-3.400000000000091,-1.2999999999999545,0.0,0.0,0.0,0.0,0.0,0.0,803.0,0
0.23,2023.0,1622.0,1216.0,2013.5,1614.5,1210.5,10000.0,8000.0,6000.0,0.5,-3.2000000000000455,-1.900000000000091,0.0,0.0,0.0,0.0,0.0,0.0,807.0,0
0.231,2033.0,1630.0,1222.0,2023.5,1622.5,1216.5,10000.0,8000.0,6000.0,0.5,-3.2000000000000455,-1.900000000000091,0.0,0.0,0.0,0.0,0.0,0.0,811.0,0
0.232,2043.0,1638.0,1227.0,2033.5,1630.5,1222.5,10000.0,8000.0,5000.0,0.5,-3.2000000000000455,-1.900000000000091,0.0,0.0,0.0,0.0,0.0,0.0,816.0,0
0.233,2053.0,1646.0,1233.0,2043.5,1638.5,1227.5,10000.0,8000.0,6000.0,0.5,-3.2000000000000455,-0.900000000000091,0.0,0.0,0.0,0.0,0.0,0.0,820.0,0
0.234,2062.0,1653.0,1239.0,2053.5,1646.5,1233.5,9000.0,7000.0,6000.0,0.5,-3.2000000000000455,-0.900000000000091,0.0,0.0,0.0,0.0,0.0,0.0,823.0,0
0.23500000000000001,2072.0,1661.0,1245.0,2062.5,1653.5,1239.5,10000.0,8000.0,6000.0,0.5,-3.0,-1.5,0.0,0.0,0.0,0.0,0.0,0.0,827.0,0
0.23600000000000002,2082.0,1669.0,1251.0,2072.5,1661.5,1245.5,10000.0,8000.0,6000.0,0.5,-3.0,-1.5,0.0,0.0,0.0,0.0,0.0,0.0,831.0,0
0.23700000000000002,2092.0,1677.0,1257.0,2082.5,1669.5,1251.5,10000.0,8000.0,6000.0,0.5,-3.0,-1.5,0.0,0.0,0.0,0.0,0.0,0.0,835.0,0
0.23800000000000002,2102.0,1685.0,1262.0,2092.5,1677.5,1257.5,10000.0,8000.0,5000.0,0.5,-3.0,-1.5,0.0,0.0,0.0,0.0,0.0,0.0,840.0,0
0.23900000000000002,2111.0,1692.0,1268.0,2102.5,1685.5,1262.5,9000.0,7000.0,6000.0,0.5,-3.0,-0.5,0.0,0.0,0.0,0.0,0.0,0.0,843.0,0
0.24,2121.0,1700.0,1274.0,2111.5,1692.5,1268.5,10000.0,8000.0,6000.0,0.5,-2.7999999999999545,-1.099999999999909,0.0,0.0,0.0,0.0,0.0,0.0,847.0,0
0.241,2131.0,1708.0,1280.0,2121.5,1700.5,1274.5,10000.0,8000.0,6000.0,0.5,-2.7999999999999545,-1.099999999999909,0.0,0.0,0.0,0.0,0.0,0.0,851.0,0
0.242,2141.0,1716.0,1286.0,2131.5,1708.5,1280.5,10000.0,8000.0,6000.0,0.5,-2.7999999999999545,-1.099999999999909,0.0,0.0,0.0,0.0,0.0,0.0,855.0,0
0.243,2151.0,1724.0,1291.0,2141.5,1716.5,1286.5,10000.0,8000.0,5000.0,0.5,-2.7999999999999545,-1.099999999999909,0.0,0.0,0.0,0.0,0.0,0.0,860.0,0
0.244,2160.0,1731.0,1297.0,2151.5,1724.5,1291.5,9000.0,7000.0,6000.0,0.5,-2.7999999999999545,-0.09999999999990905,0.0,0.0,0.0,0.0,0.0,0.0,863.0,0
0.245,2170.0,1739.0,1303.0,2160.5,1731.5,1297.5,10000.0,8000.0,6000.0,0.5,-2.599999999999909,-0.7000000000000455,0.0,0.0,0.0,0.0,0.0,0.0,867.0,0
0.246,2180.0,1747.0,1309.0,2170.5,1739.5,1303.5,10000.0,8000.0,6000.0,0.5,-2.599999999999909,-0.7000000000000455,0.0,0.0,0.0,0.0,0.0,0.0,871.0,0
0.247,2190.0,1755.0,1315.0,2180.5,1747.5,1309.5,10000.0,8000.0,6000.0,0.5,-2.599999999999909,-0.7000000000000455,0.0,0.0,0.0,0.0,0.0,0.0,875.0,0
0.248,2200.0,1763.0,1321.0,2190.5,1755.5,1315.5,10000.0,8000.0,6000.0,0.5,-2.599999999999909,-0.7000000000000455,0.0,0.0,0.0,0.0,0.0,0.0,879.0,0
0.249,2209.0,1770.0,1326.0,2200.5,1763.5,1321.5,9000.0,7000.0,5000.0,0.5,-2.599999999999909,-0.7000000000000455,0.0,0.0,0.0,0.0,0.0,0.0,883.0,0
0.25,2219.0,1778.0,1332.0,2209.5,1770.5,1326.5,10000.0,8000.0,6000.0,0.5,-2.400000000000091,-0.2999999999999545,0.0,0.0,0.0,0.0,0.0,0.0,887.0,0
0.251,2229.0,1786.0,1338.0,2219.5,1778.5,1332.5,10000.0,8000.0,6000.0,0.5,-2.400000000000091,-0.2999999999999545,0.0,0.0,0.0,0.0,0.0,0.0,891.0,0
0.252,2239.0,1794.0,1344.0,2229.5,1786.5,1338.5,10000.0,8000.0,6000.0,0.5,-2.400000000000091,-0.2999999999999545,0.0,0.0,0.0,0.0,0.0,0.0,895.0,0
0.253,2249.0,1802.0,1350.0,2239.5,1794.5,1344.5,10000.0,8000.0,6000.0,0.5,-2.400000000000091,-0.2999999999999545,0.0,0.0,0.0,0.0,0.0,0.0,899.0,0
0.254,2258.0,1809.0,1355.0,2249.5,1802.5,1350.5,9000.0,7000.0,5000.0,0.5,-2.400000000000091,-0.2999999999999545,0.0,0.0,0.0,0.0,0.0,0.0,903.0,0
0.255,2268.0,1817.0,1361.0,2258.5,1809.5,1355.5,10000.0,8000.0,6000.0,0.5,-2.2000000000000455,0.09999999999990905,0.0,0.0,0.0,0.0,0.0,0.0,907.0,0
0.256,2278.0,1825.0,1367.0,2268.5,1817.5,1361.5,10000.0,8000.0,6000.0,0.5,-2.2000000000000455,0.09999999999990905,0.0,0.0,0.0,0.0,0.0,0.0,911.0,0
0.257,2288.0,1833.0,1373.0,2278.5,1825.5,1367.5,10000.0,8000.0,6000.0,0.5,-2.2000000000000455,0.09999999999990905,0.0,0.0,0.0,0.0,0.0,0.0,915.0,0
0.258,2298.0,1841.0,1379.0,2288.5,1833.5,1373.5,10000.0,8000.0,6000.0,0.5,-2.2000000000000455,0.09999999999990905,0.0,0.0,0.0,0.0,0.0,0.0,919.0,0
0.259,2307.0,1848.0,1385.0,2298.5,1841.5,1379.5,9000.0,7000.0,6000.0,0.5,-2.2000000000000455,0.09999999999990905,0.0,0.0,0.0,0.0,0.0,0.0,922.0,0
0.26,2317.0,1856.0,1390.0,2307.5,1848.5,1385.5,10000.0,8000.0,5000.0,0.5,-2.0,-0.5,0.0,0.0,0.0,0.0,0.0,0.0,927.0,0
0.261,2327.0,1864.0,1396.0,2317.5,1856.5,1390.5,10000.0,8000.0,6000.0,0.5,-2.0,0.5,0.0,0.0,0.0,0.0,0.0,0.0,931.0,0
0.262,2337.0,1872.0,1402.0,2327.5,1864.5,1396.5,10000.0,8000.0,6000.0,0.5,-2.0,0.5,0.0,0.0,0.0,0.0,0.0,0.0,935.0,0
0.263,2347.0,1880.0,1408.0,2337.5,1872.5,1402.5,10000.0,8000.0,6000.0,0.5,-2.0,0.5,0.0,0.0,0.0,0.0,0.0,0.0,939.0,0
0.264,2356.0,1887.0,1414.0,2347.5,1880.5,1408.5,9000.0,7000.0,6000.0,0.5,-2.0,0.5,0.0,0.0,0.0,0.0,0.0,0.0,942.0,0
0.265,2366.0,1895.0,1419.0,2356.5,1887.5,1414.5,10000.0,8000.0,5000.0,0.5,-1.7999999999999545,-0.09999999999990905,0.0,0.0,0.0,0.0,0.0,0.0,947.0,0
0.266,2376.0,1903.0,1425.0,2366.5,1895.5,1419.5,10000.0,8000.0,6000.0,-0.16666666666651508,-2.3333333333332575,0.5,0.0,0.0,0.0,0.0,0.0,0.0,951.0,0
0.267,2386.0,1911.0,1431.0,2376.5,1903.5,1425.5,10000.0,8000.0,6000.0,-0.16666666666651508,-2.3333333333332575,0.5,0.0,0.0,0.0,0.0,0.0,0.0,955.0,0
0.268,2396.0,1919.0,1437.0,2386.5,1911.5,1431.5,10000.0,8000.0,6000.0,-0.16666666666651508,-2.3333333333332575,0.5,0.0,0.0,0.0,0.0,0.0,0.0,959.0,0
0.269,2405.0,1926.0,1443.0,2396.5,1919.5,1437.5,9000.0,7000.0,6000.0,-0.16666666666651508,-2.3333333333332575,0.5,0.0,0.0,0.0,0.0,0.0,0.0,962.0,0
0.27,2415.0,1934.0,1449.0,2405.5,1926.5,1443.5,10000.0,8000.0,6000.0,0.5,-1.599999999999909,0.2999999999999545,0.0,0.0,0.0,0.0,0.0,0.0,966.0,0
0.271,2425.0,1942.0,1454.0,2415.5,1934.5,1449.5,10000.0,8000.0,5000.0,0.5,-1.599999999999909,0.2999999999999545,0.0,0.0,0.0,0.0,0.0,0.0,971.0,0
0.272,2435.0,1950.0,1460.0,2425.5,1942.5,1454.5,10000.0,8000.0,6000.0,-0.8333333333334849,-2.6666666666667425,0.5,0.0,0.0,0.0,0.0,0.0,0.0,975.0,0
0.273,2445.0,1958.0,1466.0,2435.5,1950.5,1460.5,10000.0,8000.0,6000.0,-0.8333333333334849,-2.6666666666667425,0.5,0.0,0.0,0.0,0.0,0.0,0.0,979.0,0
0.274,2454.0,1965.0,1472.0,2445.5,1958.5,1466.5,9000.0,7000.0,6000.0,-0.8333333333334849,-2.6666666666667425,0.5,0.0,0.0,0.0,0.0,0.0,0.0,982.0,0
0.275,2464.0,1973.0,1478.0,2454.5,1965.5,1472.5,10000.0,8000.0,6000.0,0.16666666666651508,-1.6666666666667425,0.5,0.0,0.0,0.0,0.0,0.0,0.0,986.0,0
0.276,2474.0,1981.0,1483.0,2464.5,1973.5,1478.5,10000.0,8000.0,5000.0,0.16666666666651508,-1.6666666666667425,0.5,0.0,0.0,0.0,0.0,0.0,0.0,991.0,0
0.277,2484.0,1989.0,1489.0,2474.5,1981.5,1483.5,10000.0,8000.0,6000.0,-1.5,-3.0,0.5,0.0,0.0,0.0,0.0,0.0,0.0,995.0,0
0.278,2494.0,1997.0,1495.0,2484.5,1989.5,1489.5,10000.0,8000.0,6000.0,-1.5,-3.0,0.5,0.0,0.0,0.0,0.0,0.0,0.0,999.0,0
0.279,2503.0,2004.0,1501.0,2494.5,1997.5,1495.5,9000.0,7000.0,6000.0,-1.5,-3.0,0.5,0.0,0.0,0.0,0.0,0.0,0.0,1002.0,0
0.28,2513.0,2012.0,1507.0,2503.5,2004.5,1501.5,10000.0,8000.0,6000.0,-0.5,-2.0,0.5,0.0,0.0,0.0,0.0,0.0,0.0,1006.0,0
0.281,2523.0,2020.0,1513.0,2513.5,2012.5,1507.5,10000.0,8000.0,6000.0,-0.5,-2.0,0.5,0.0,0.0,0.0,0.0,0.0,0.0,1010.0,0
0.28200000000000003,2533.0,2028.0,1518.0,2523.5,2020.5,1513.5,10000.0,8000.0,5000.0,-0.5,-2.0,0.5,0.0,0.0,0.0,0.0,0.0,0.0,1015.0,0
0.28300000000000003,2543.0,2036.0,1524.0,2533.5,2028.5,1518.5,10000.0,8000.0,6000.0,-2.166666666666515,-3.3333333333332575,0.5,0.0,0.0,0.0,0.0,0.0,0.0,1019.0,0
0.28400000000000003,2552.0,2043.0,1530.0,2543.5,2036.5,1524.5,9000.0,7000.0,6000.0,-2.166666666666515,-3.3333333333332575,0.5,0.0,0.0,0.0,0.0,0.0,0.0,1022.0,0
0.28500000000000003,2562.0,2051.0,1536.0,2552.5,2043.5,1530.5,10000.0,8000.0,6000.0,-1.166666666666515,-2.3333333333332575,0.5,0.0,0.0,0.0,0.0,0.0,0.0,1026.0,0
0.28600000000000003,2572.0,2059.0,1542.0,2562.5,2051.5,1536.5,10000.0,8000.0,6000.0,-1.166666666666515,-2.333333333333485,0.5,0.0,0.0,0.0,0.0,0.0,0.0,1030.0,0
0.28700000000000003,2582.0,2067.0,1548.0,2572.5,2059.5,1542.5,10000.0,8000.0,6000.0,-1.166666666666515,-2.333333333333485,0.5,0.0,0.0,0.0,0.0,0.0,0.0,1034.0,0
0.28800000000000003,2592.0,2075.0,1553.0,2582.5,2067.5,1548.5,10000.0,8000.0,5000.0,-1.166666666666515,-2.333333333333485,0.5,0.0,0.0,0.0,0.0,0.0,0.0,1039.0,0
0.289,2601.0,2082.0,1559.0,2592.5,2075.5,1553.5,9000.0,7000.0,6000.0,-2.833333333333485,-3.666666666666515,0.5,0.0,0.0,0.0,0.0,0.0,0.0,1042.0,0
0.29,2611.0,2090.0,1565.0,2601.5,2082.5,1559.5,10000.0,8000.0,6000.0,-1.833333333333485,-2.666666666666515,0.5,0.0,0.0,0.0,0.0,0.0,0.0,1046.0,0
0.291,2621.0,2098.0,1571.0,2611.5,2090.5,1565.5,10000.0,8000.0,6000.0,-1.833333333333485,-2.666666666666515,0.5,0.0,0.0,0.0,0.0,0.0,0.0,1050.0,0
0.292,2631.0,2106.0,1577.0,2621.5,2098.5,1571.5,10000.0,8000.0,6000.0,-1.833333333333485,-2.666666666666515,0.5,0.0,0.0,0.0,0.0,0.0,0.0,1054.0,0
0.293,2641.0,2114.0,1582.0,2631.5,2106.5,1577.5,10000.0,8000.0,5000.0,-1.833333333333485,-2.666666666666515,0.5,0.0,0.0,0.0,0.0,0.0,0.0,1059.0,0
0.294,2650.0,2121.0,1588.0,2641.5,2114.5,1582.5,9000.0,7000.0,6000.0,-3.5,-4.0,0.5,0.0,0.0,0.0,0.0,0.0,0.0,1062.0,0
0.295,2660.0,2129.0,1594.0,2650.5,2121.5,1588.5,10000.0,8000.0,6000.0,-2.5,-3.0,0.5,0.0,0.0,0.0,0.0,0.0,0.0,1066.0,0
0.296,2670.0,2137.0,1600.0,2660.5,2129.5,1594.5,10000.0,8000.0,6000.0,-2.5,-3.0,0.5,0.0,0.0,0.0,0.0,0.0,0.0,1070.0,0
0.297,2680.0,2145.0,1606.0,2670.5,2137.5,1600.5,10000.0,8000.0,6000.0,-2.5,-3.0,0.5,0.0,0.0,0.0,0.0,0.0,0.0,1074.0,0
0.298,2690.0,2153.0,1612.0,2680.5,2145.5,1606.5,10000.0,8000.0,6000.0,-2.5,-3.0,0.5,0.0,0.0,0.0,0.0,0.0,0.0,1078.0,0
0.299,2699.0,2160.0,1617.0,2690.5,2153.5,1612.5,9000.0,7000.0,5000.0,-2.5,-3.0,0.5,0.0,0.0,0.0,0.0,0.0,0.0,1082.0,0
0.3,2709.0,2168.0,1623.0,2699.5,2160.5,1617.5,10000.0,8000.0,6000.0,-3.166666666666515,-3.333333333333485,0.5,0.0,0.0,0.0,0.0,0.0,0.0,1086.0,0
0.301,2719.0,2176.0,1629.0,2709.5,2168.5,1623.5,10000.0,8000.0,6000.0,-3.166666666666515,-3.333333333333485,0.5,0.0,0.0,0.0,0.0,0.0,0.0,1090.0,0
0.302,2729.0,2184.0,1635.0,2719.5,2176.5,1629.5,10000.0,8000.0,6000.0,-3.166666666666515,-3.333333333333485,0.5,0.0,0.0,0.0,0.0,0.0,0.0,1094.0,0
0.303,2739.0,2192.0,1641.0,2729.5,2184.5,1635.5,10000.0,8000.0,6000.0,-3.166666666666515,-3.333333333333485,0.5,0.0,0.0,0.0,0.0,0.0,0.0,1098.0,0
0.304,2748.0,2199.0,1646.0,2739.5,2192.5,1641.5,9000.0,7000.0,5000.0,-3.166666666666515,-3.333333333333485,0.5,0.0,0.0,0.0,0.0,0.0,0.0,1102.0,0
0.305,2758.0,2207.0,1652.0,2748.5,2199.5,1646.5,10000.0,8000.0,6000.0,-3.833333333333485,-3.666666666666515,0.5,0.0,0.0,0.0,0.0,0.0,0.0,1106.0,0
0.306,2768.0,2215.0,1658.0,2758.5,2207.5,1652.5,10000.0,8000.0,6000.0,-3.833333333333485,-3.666666666666515,0.5,0.0,0.0,0.0,0.0,0.0,0.0,1110.0,0
0.307,2778.0,2223.0,1664.0,2768.5,2215.5,1658.5,10000.0,8000.0,6000.0,-3.833333333333485,-3.666666666666515,0.5,0.0,0.0,0.0,0.0,0.0,0.0,1114.0,0
0.308,2788.0,2231.0,1670.0,2778.5,2223.5,1664.5,10000.0,8000.0,6000.0,-3.833333333333485,-3.666666666666515,0.5,0.0,0.0,0.0,0.0,0.0,0.0,1118.0,0
0.309,2797.0,2238.0,1676.0,2788.5,2231.5,1670.5,9000.0,7000.0,6000.0,-3.833333333333485,-3.666666666666515,0.5,0.0,0.0,0.0,0.0,0.0,0.0,1121.0,0
0.31,2807.0,2246.0,1681.0,2797.5,2238.5,1676.5,10000.0,8000.0,5000.0,-2.833333333333485,-2.666666666666515,0.5,0.0,0.0,0.0,0.0,0.0,0.0,1126.0,0
0.311,2817.0,2254.0,1687.0,2807.5,2246.5,1681.5,10000.0,8000.0,6000.0,-4.5,-4.0,0.5,0.0,0.0,0.0,0.0,0.0,0.0,1130.0,0
0.312,2827.0,2262.0,1693.0,2817.5,2254.5,1687.5,10000.0,8000.0,6000.0,-4.5,-4.0,0.5,0.0,0.0,0.0,0.0,0.0,0.0,1134.0,0
0.313,2837.0,2270.0,1699.0,2827.5,2262.5,1693.5,10000.0,8000.0,6000.0,-4.5,-4.0,0.5,0.0,0.0,0.0,0.0,0.0,0.0,1138.0,0
0.314,2846.0,2277.0,1705.0,2837.5,2270.5,1699.5,9000.0,7000.0,6000.0,-4.5,-4.0,0.5,0.0,0.0,0.0,0.0,0.0,0.0,1141.0,0
0.315,2856.0,2285.0,1710.0,2846.5,2277.5,1705.5,10000.0,8000.0,5000.0,-3.5,-3.0,0.5,0.0,0.0,0.0,0.0,0.0,0.0,1146.0,0
0.316,2866.0,2293.0,1716.0,2856.5,2285.5,1710.5,10000.0,8000.0,6000.0,-5.166666666666515,-4.333333333333485,0.5,0.0,0.0,0.0,0.0,0.0,0.0,1150.0,0
0.317,2876.0,2301.0,1722.0,2866.5,2293.5,1716.5,10000.0,8000.0,6000.0,-5.166666666666515,-4.333333333333485,0.5,0.0,0.0,0.0,0.0,0.0,0.0,1154.0,0
0.318,2886.0,2309.0,1728.0,2876.5,2301.5,1722.5,10000.0,8000.0,6000.0,-5.166666666666515,-4.333333333333485,0.5,0.0,0.0,0.0,0.0,0.0,0.0,1158.0,0
0.319,2895.0,2316.0,1734.0,2886.5,2309.5,1728.5,9000.0,7000.0,6000.0,-5.166666666666515,-4.333333333333485,0.5,0.0,0.0,0.0,0.0,0.0,0.0,1161.0,0
0.32,2905.0,2324.0,1740.0,2895.5,2316.5,1734.5,10000.0,8000.0,6000.0,-4.166666666666515,-3.333333333333485,0.5,0.0,0.0,0.0,0.0,0.0,0.0,1165.0,0
0.321,2915.0,2332.0,1745.0,2905.5,2324.5,1740.5,10000.0,8000.0,5000.0,-4.166666666666515,-3.333333333333485,0.5,0.0,0.0,0.0,0.0,0.0,0.0,1170.0,0
0.322,2925.0,2340.0,1751.0,2915.5,2332.5,1745.5,10000.0,8000.0,6000.0,-5.833333333333485,-4.666666666666515,0.5,0.0,0.0,0.0,0.0,0.0,0.0,1174.0,0
0.323,2935.0,2348.0,1757.0,2925.5,2340.5,1751.5,10000.0,8000.0,6000.0,-5.833333333333485,-4.666666666666515,0.5,0.0,0.0,0.0,0.0,0.0,0.0,1178.0,0
0.324,2944.0,2355.0,1763.0,2935.5,2348.5,1757.5,9000.0,7000.0,6000.0,-5.833333333333485,-4.666666666666515,0.5,0.0,0.0,0.0,0.0,0.0,0.0,1181.0,0
0.325,2954.0,2363.0,1769.0,2944.5,2355.5,1763.5,10000.0,8000.0,6000.0,-4.833333333333485,-3.666666666666515,0.5,0.0,0.0,0.0,0.0,0.0,0.0,1185.0,0
0.326,2964.0,2371.0,1774.0,2954.5,2363.5,1769.5,10000.0,8000.0,5000.0,-4.833333333333485,-3.666666666666515,0.5,0.0,0.0,0.0,0.0,0.0,0.0,1190.0,0
0.327,2974.0,2379.0,1780.0,2964.5,2371.5,1774.5,10000.0,8000.0,6000.0,-6.5,-5.0,0.5,0.0,0.0,0.0,0.0,0.0,0.0,1194.0,0
0.328,2984.0,2387.0,1786.0,2974.5,2379.5,1780.5,10000.0,8000.0,6000.0,-6.5,-5.0,0.5,0.0,0.0,0.0,0.0,0.0,0.0,1198.0,0
0.329,2993.0,2394.0,1792.0,2984.5,2387.5,1786.5,9000.0,7000.0,6000.0,-6.5,-5.0,0.5,0.0,0.0,0.0,0.0,0.0,0.0,1201.0,0
0.33,3003.0,2402.0,1798.0,2993.5,2394.5,1792.5,10000.0,8000.0,6000.0,-5.5,-4.0,0.5,0.0,0.0,0.0,0.0,0.0,0.0,1205.0,0
0.331,3013.0,2410.0,1804.0,3003.5,2402.5,1798.5,10000.0,8000.0,6000.0,-5.5,-4.0,0.5,0.0,0.0,0.0,0.0,0.0,0.0,1209.0,0
0.332,3023.0,2418.0,1809.0,3013.5,2410.5,1804.5,10000.0,8000.0,5000.0,-5.5,-4.0,0.5,0.0,0.0,0.0,0.0,0.0,0.0,1214.0,0
0.333,3033.0,2426.0,1815.0,3023.5,2418.5,1809.5,10000.0,8000.0,6000.0,-7.166666666666515,-5.333333333333485,0.5,0.0,0.0,0.0,0.0,0.0,0.0,1218.0,0
0.334,3042.0,2433.0,1821.0,3033.5,2426.5,1815.5,9000.0,7000.0,6000.0,-7.166666666666515,-5.333333333333485,0.5,0.0,0.0,0.0,0.0,0.0,0.0,1221.0,0
0.335,3052.0,2441.0,1827.0,3042.5,2433.5,1821.5,10000.0,8000.0,6000.0,-6.166666666666515,-4.333333333333485,0.5,0.0,0.0,0.0,0.0,0.0,0.0,1225.0,0
0.336,3062.0,2449.0,1833.0,3052.5,2441.5,1827.5,10000.0,8000.0,6000.0,-6.166666666666515,-4.333333333333485,0.5,0.0,0.0,0.0,0.0,0.0,0.0,1229.0,0
0.337,3072.0,2457.0,1839.0,3062.5,2449.5,1833.5,10000.0,8000.0,6000.0,-6.166666666666515,-4.333333333333485,0.5,0.0,0.0,0.0,0.0,0.0,0.0,1233.0,0
0.338,3082.0,2465.0,1844.0,3072.5,2457.5,1839.5,10000.0,8000.0,5000.0,-6.166666666666515,-4.333333333333485,0.5,0.0,0.0,0.0,0.0,0.0,0.0,1238.0,0
0.339,3091.0,2472.0,1850.0,3082.5,2465.5,1844.5,9000.0,7000.0,6000.0,-7.833333333333485,-5.666666666666515,0.5,0.0,0.0,0.0,0.0,0.0,0.0,1241.0,0
0.34,3101.0,2480.0,1856.0,3091.5,2472.5,1850.5,10000.0,8000.0,6000.0,-6.833333333333485,-4.666666666666515,0.5,0.0,0.0,0.0,0.0,0.0,0.0,1245.0,0
0.341,3111.0,2488.0,1862.0,3101.5,2480.5,1856.5,10000.0,8000.0,6000.0,-6.833333333333485,-4.666666666666515,0.5,0.0,0.0,0.0,0.0,0.0,0.0,1249.0,0
0.342,3121.0,2496.0,1868.0,3111.5,2488.5,1862.5,10000.0,8000.0,6000.0,-6.833333333333485,-4.666666666666515,0.5,0.0,0.0,0.0,0.0,0.0,0.0,1253.0,0
0.343,3131.0,2504.0,1873.0,3121.5,2496.5,1868.5,10000.0,8000.0,5000.0,-6.833333333333485,-4.666666666666515,0.5,0.0,0.0,0.0,0.0,0.0,0.0,1258.0,0
0.34400000000000003,3140.0,2511.0,1879.0,3131.5,2504.5,1873.5,9000.0,7000.0,6000.0,-8.5,-6.0,0.5,0.0,0.0,0.0,0.0,0.0,0.0,1261.0,0
0.34500000000000003,3150.0,2519.0,1885.0,3140.5,2511.5,1879.5,10000.0,8000.0,6000.0,-7.5,-5.0,0.5,0.0,0.0,0.0,0.0,0.0,0.0,1265.0,0
0.34600000000000003,3160.0,2527.0,1891.0,3150.5,2519.5,1885.5,10000.0,8000.0,6000.0,-7.5,-5.0,0.5,0.0,0.0,0.0,0.0,0.0,0.0,1269.0,0
0.34700000000000003,3170.0,2535.0,1897.0,3160.5,2527.5,1891.5,10000.0,8000.0,6000.0,-7.5,-5.0,0.5,0.0,0.0,0.0,0.0,0.0,0.0,1273.0,0
0.34800000000000003,3180.0,2543.0,1903.0,3170.5,2535.5,1897.5,10000.0,8000.0,6000.0,-7.5,-5.0,0.5,0.0,0.0,0.0,0.0,0.0,0.0,1277.0,0
0.34900000000000003,3189.0,2550.0,1908.0,3180.5,2543.5,1903.5,9000.0,7000.0,5000.0,-7.5,-5.0,0.5,0.0,0.0,0.0,0.0,0.0,0.0,1281.0,0
0.35000000000000003,3198.0,2558.0,1914.0,3189.5,2550.5,1908.5,9000.0,8000.0,6000.0,-8.166666666666515,-5.333333333333485,0.5,700.0,0.0,0.0,0.001,0.0,0.0,1284.0,0
0.35100000000000003,3208.0,2566.0,1920.0,3198.5,2558.5,1914.5,10000.0,8000.0,6000.0,-7.166666666666515,-5.333333333333485,0.5,700.0,0.0,0.0,0.002,0.0,0.0,1288.0,0
0.352,3217.0,2574.0,1926.0,3208.5,2566.5,1920.5,9000.0,8000.0,6000.0,-7.166666666666515,-5.333333333333485,0.5,700.0,0.0,0.0,0.003,0.0,0.0,1291.0,0
0.353,3226.0,2582.0,1932.0,3217.5,2574.5,1926.5,9000.0,8000.0,6000.0,-6.166666666666515,-5.333333333333485,0.5,700.0,0.0,0.0,0.004,0.0,0.0,1294.0,0
0.354,3235.0,2589.0,1937.0,3226.5,2582.5,1932.5,9000.0,7000.0,5000.0,-5.166666666666515,-5.333333333333485,0.5,700.0,0.0,0.0,0.005,0.0,0.0,1298.0,0
0.355,3244.0,2597.0,1943.0,3235.5,2589.5,1937.5,9000.0,8000.0,6000.0,-5.833333333333485,-5.666666666666515,0.5,700.0,0.0,0.0,0.006,0.0,0.0,1301.0,0
0.356,3253.0,2605.0,1949.0,3244.5,2597.5,1943.5,9000.0,8000.0,6000.0,-4.833333333333485,-5.666666666666515,0.5,700.0,0.0,0.0,0.007,0.0,0.0,1304.0,0
0.357,3262.0,2613.0,1955.0,3253.5,2605.5,1949.5,9000.0,8000.0,6000.0,-3.833333333333485,-5.666666666666515,0.5,700.0,0.0,0.0,0.008,0.0,0.0,1307.0,0
0.358,3271.0,2621.0,1961.0,3262.5,2613.5,1955.5,9000.0,8000.0,6000.0,-2.833333333333485,-5.666666666666515,0.5,700.0,0.0,0.0,0.009000000000000001,0.0,0.0,1310.0,0
0.359,3280.0,2628.0,1967.0,3271.5,2621.5,1961.5,9000.0,7000.0,6000.0,-1.833333333333485,-5.666666666666515,0.5,700.0,0.0,0.0,0.010000000000000002,0.0,0.0,1313.0,0
0.36,3289.0,2636.0,1972.0,3280.5,2628.5,1967.5,9000.0,8000.0,5000.0,-0.8333333333334849,-4.666666666666515,0.5,700.0,0.0,0.0,0.011000000000000003,0.0,0.0,1317.0,0
0.361,3299.0,2644.0,1978.0,3289.5,2636.5,1972.5,10000.0,8000.0,6000.0,-1.5,-6.0,0.5,700.0,0.0,0.0,0.012000000000000004,0.0,0.0,1321.0,0
0.362,3308.0,2652.0,1984.0,3299.5,2644.5,1978.5,9000.0,8000.0,6000.0,-1.5,-6.0,0.5,700.0,0.0,0.0,0.013000000000000005,0.0,0.0,1324.0,0
0.363,3317.0,2660.0,1990.0,3308.5,2652.5,1984.5,9000.0,8000.0,6000.0,-0.5,-6.0,0.5,700.0,0.0,0.0,0.014000000000000005,0.0,0.0,1327.0,0
0.364,3326.0,2667.0,1996.0,3317.5,2660.5,1990.5,9000.0,7000.0,6000.0,0.5,-6.0,0.5,700.0,0.0,0.0,0.015000000000000006,0.0,0.0,1330.0,0
0.365,3335.0,2675.0,2001.0,3326.5,2667.5,1996.5,9000.0,8000.0,5000.0,0.5,-5.800000000000182,-0.09999999999990905,700.0,0.0,0.0,0.016000000000000007,0.0,0.0,1334.0,0
0.366,3344.0,2683.0,2007.0,3335.5,2675.5,2001.5,9000.0,8000.0,6000.0,0.5,-6.599999999999909,0.2999999999999545,700.0,0.0,0.0,0.017000000000000008,0.0,0.0,1337.0,0
0.367,3353.0,2691.0,2013.0,3344.5,2683.5,2007.5,9000.0,8000.0,6000.0,0.5,-7.400000000000091,-0.2999999999999545,700.0,0.0,0.0,0.01800000000000001,0.0,0.0,1340.0,0
0.368,3362.0,2699.0,2019.0,3353.5,2691.5,2013.5,9000.0,8000.0,6000.0,0.5,-8.199999999999818,-0.900000000000091,700.0,0.0,0.0,0.01900000000000001,0.0,0.0,1343.0,0
0.369,3371.0,2706.0,2025.0,3362.5,2699.5,2019.5,9000.0,7000.0,6000.0,0.5,-9.0,-1.5,700.0,0.0,0.0,0.02000000000000001,0.0,0.0,1346.0,0
0.37,3380.0,2714.0,2031.0,3371.5,2706.5,2025.5,9000.0,8000.0,6000.0,0.5,-8.800000000000182,-2.099999999999909,700.0,0.0,0.0,0.02100000000000001,0.0,0.0,1349.0,0
0.371,3390.0,2722.0,2036.0,3380.5,2714.5,2031.5,10000.0,8000.0,5000.0,0.5,-9.599999999999909,-2.7000000000000455,700.0,0.0,0.0,0.022000000000000013,0.0,0.0,1354.0,0
0.372,3399.0,2730.0,2042.0,3390.5,2722.5,2036.5,9000.0,8000.0,6000.0,0.5,-9.599999999999909,-1.7000000000000455,700.0,0.0,0.0,0.023000000000000013,0.0,0.0,1357.0,0
0.373,3408.0,2737.0,2048.0,3399.5,2730.5,2042.5,9000.0,7000.0,6000.0,0.5,-10.400000000000091,-2.2999999999999545,700.0,0.0,0.0,0.024000000000000014,0.0,0.0,1360.0,0
0.374,3417.0,2745.0,2054.0,3408.5,2737.5,2048.5,9000.0,8000.0,6000.0,0.5,-10.199999999999818,-2.900000000000091,700.0,0.0,0.0,0.025000000000000015,0.0,0.0,1363.0,0
0.375,3426.0,2752.0,2060.0,3417.5,2745.5,2054.5,9000.0,7000.0,6000.0,0.5,-11.0,-3.5,700.0,0.0,0.0,0.026000000000000016,0.0,0.0,1366.0,0
0.376,3435.0,2760.0,2065.0,3426.5,2752.5,2060.5,9000.0,8000.0,5000.0,0.5,-10.800000000000182,-4.099999999999909,700.0,0.0,0.0,0.027000000000000017,0.0,0.0,1370.0,0
0.377,3444.0,2767.0,2071.0,3435.5,2760.5,2065.5,9000.0,7000.0,6000.0,0.5,-11.599999999999909,-3.699999999999818,700.0,0.0,0.0,0.028000000000000018,0.0,0.0,1373.0,0
0.378,3453.0,2775.0,2077.0,3444.5,2767.5,2071.5,9000.0,8000.0,6000.0,0.5,-11.400000000000091,-4.300000000000182,700.0,0.0,0.0,0.02900000000000002,0.0,0.0,1376.0,0
0.379,3462.0,2782.0,2083.0,3453.5,2775.5,2077.5,9000.0,7000.0,6000.0,0.5,-12.199999999999818,-4.900000000000091,700.0,0.0,0.0,0.03000000000000002,0.0,0.0,1379.0,0
0.38,3471.0,2790.0,2089.0,3462.5,2782.5,2083.5,9000.0,8000.0,6000.0,0.5,-12.0,-5.5,700.0,0.0,0.0,0.03100000000000002,0.0,0.0,1382.0,0
0.381,3481.0,2797.0,2095.0,3471.5,2790.5,2089.5,10000.0,7000.0,6000.0,0.5,-12.800000000000182,-6.099999999999909,700.0,0.0,0.0,0.03200000000000002,0.0,0.0,1386.0,0
0.382,3490.0,2804.0,2100.0,3481.5,2797.5,2095.5,9000.0,7000.0,5000.0,0.5,-11.800000000000182,-6.099999999999909,700.0,0.0,0.0,0.03300000000000002,0.0,0.0,1390.0,0
0.383,3499.0,2812.0,2106.0,3490.5,2804.5,2100.5,9000.0,8000.0,6000.0,0.5,-11.599999999999909,-5.699999999999818,700.0,0.0,0.0,0.03400000000000002,0.0,0.0,1393.0,0
0.384,3508.0,2819.0,2112.0,3499.5,2812.5,2106.5,9000.0,7000.0,6000.0,0.5,-12.400000000000091,-6.300000000000182,700.0,0.0,0.0,0.035000000000000024,0.0,0.0,1396.0,0
0.385,3517.0,2827.0,2118.0,3508.5,2819.5,2112.5,9000.0,8000.0,6000.0,0.5,-12.199999999999818,-6.900000000000091,700.0,0.0,0.0,0.036000000000000025,0.0,0.0,1399.0,0
0.386,3526.0,2834.0,2124.0,3517.5,2827.5,2118.5,9000.0,7000.0,6000.0,0.5,-13.0,-7.5,700.0,0.0,0.0,0.037000000000000026,0.0,0.0,1402.0,0
0.387,3535.0,2841.0,2130.0,3526.5,2834.5,2124.5,9000.0,7000.0,6000.0,0.5,-12.800000000000182,-8.099999999999909,700.0,0.0,0.0,0.03800000000000003,0.0,0.0,1405.0,0
0.388,3544.0,2849.0,2135.0,3535.5,2841.5,2130.5,9000.0,8000.0,5000.0,0.5,-12.599999999999909,-8.699999999999818,700.0,0.0,0.0,0.03900000000000003,0.0,0.0,1409.0,0
0.389,3553.0,2856.0,2141.0,3544.5,2849.5,2135.5,9000.0,7000.0,6000.0,0.5,-13.400000000000091,-8.300000000000182,700.0,0.0,0.0,0.04000000000000003,0.0,0.0,1412.0,0
0.39,3562.0,2863.0,2147.0,3553.5,2856.5,2141.5,9000.0,7000.0,6000.0,0.5,-13.199999999999818,-8.900000000000091,700.0,0.0,0.0,0.04100000000000003,0.0,0.0,1415.0,0
0.391,3572.0,2871.0,2153.0,3562.5,2863.5,2147.5,10000.0,8000.0,6000.0,0.5,-13.0,-9.5,700.0,0.0,0.0,0.04200000000000003,0.0,0.0,1419.0,0
0.392,3581.0,2878.0,2159.0,3572.5,2871.5,2153.5,9000.0,7000.0,6000.0,0.5,-13.0,-9.5,700.0,0.0,0.0,0.04300000000000003,0.0,0.0,1422.0,0
0.393,3590.0,2886.0,2164.0,3581.5,2878.5,2159.5,9000.0,8000.0,5000.0,0.5,-12.800000000000182,-10.099999999999909,700.0,0.0,0.0,0.04400000000000003,0.0,0.0,1426.0,0
0.394,3599.0,2893.0,2170.0,3590.5,2886.5,2164.5,9000.0,7000.0,6000.0,0.5,-13.599999999999909,-9.699999999999818,700.0,0.0,0.0,0.04500000000000003,0.0,0.0,1429.0,0
0.395,3608.0,2900.0,2176.0,3599.5,2893.5,2170.5,9000.0,7000.0,6000.0,0.5,-13.400000000000091,-10.300000000000182,700.0,0.0,0.0,0.046000000000000034,0.0,0.0,1432.0,0
0.396,3617.0,2908.0,2181.0,3608.5,2900.5,2176.5,9000.0,8000.0,5000.0,0.5,-13.199999999999818,-10.900000000000091,700.0,0.0,0.0,0.047000000000000035,0.0,0.0,1436.0,0
0.397,3626.0,2915.0,2187.0,3617.5,2908.5,2181.5,9000.0,7000.0,6000.0,0.5,-14.0,-10.5,700.0,0.0,0.0,0.048000000000000036,0.0,0.0,1439.0,0
0.398,3635.0,2922.0,2192.0,3626.5,2915.5,2187.5,9000.0,7000.0,5000.0,0.5,-13.800000000000182,-11.099999999999909,700.0,0.0,0.0,0.04900000000000004,0.0,0.0,1443.0,0
0.399,3644.0,2930.0,2198.0,3635.5,2922.5,2192.5,9000.0,8000.0,6000.0,0.5,-13.599999999999909,-10.699999999999818,700.0,0.0,0.0,0.05000000000000004,0.0,0.0,1446.0,0
0.4,3653.0,2937.0,2203.0,3644.5,2930.5,2198.5,9000.0,7000.0,5000.0,0.5,-14.400000000000091,-11.300000000000182,700.0,0.0,0.0,0.05100000000000004,0.0,0.0,1450.0,0
0.401,3663.0,2944.0,2209.0,3653.5,2937.5,2203.5,10000.0,7000.0,6000.0,0.5,-14.199999999999818,-10.900000000000091,700.0,0.0,0.0,0.05200000000000004,0.0,0.0,1454.0,0
0.402,3672.0,2952.0,2215.0,3663.5,2944.5,2209.5,9000.0,8000.0,6000.0,0.5,-13.199999999999818,-10.900000000000091,700.0,0.0,0.0,0.05300000000000004,0.0,0.0,1457.0,0
0.403,3681.0,2959.0,2220.0,3672.5,2952.5,2215.5,9000.0,7000.0,5000.0,0.5,-14.0,-11.5,700.0,0.0,0.0,0.05400000000000004,0.0,0.0,1461.0,0
0.404,3690.0,2967.0,2226.0,3681.5,2959.5,2220.5,9000.0,8000.0,6000.0,0.5,-13.800000000000182,-11.099999999999909,700.0,0.0,0.0,0.05500000000000004,0.0,0.0,1464.0,0
0.405,3699.0,2974.0,2231.0,3690.5,2967.5,2226.5,9000.0,7000.0,5000.0,0.5,-14.599999999999909,-11.699999999999818,700.0,0.0,0.0,0.05600000000000004,0.0,0.0,1468.0,0
0.406,3708.0,2981.0,2237.0,3699.5,2974.5,2231.5,9000.0,7000.0,6000.0,0.5,-14.400000000000091,-11.300000000000182,700.0,0.0,0.0,0.057000000000000044,0.0,0.0,1471.0,0
0.40700000000000003,3717.0,2989.0,2242.0,3708.5,2981.5,2237.5,9000.0,8000.0,5000.0,0.5,-14.199999999999818,-11.900000000000091,700.0,0.0,0.0,0.058000000000000045,0.0,0.0,1475.0,0
0.40800000000000003,3726.0,2996.0,2248.0,3717.5,2989.5,2242.5,9000.0,7000.0,6000.0,0.5,-15.0,-11.5,700.0,0.0,0.0,0.059000000000000045,0.0,0.0,1478.0,0
0.40900000000000003,3735.0,3003.0,2253.0,3726.5,2996.5,2248.5,9000.0,7000.0,5000.0,0.5,-14.800000000000182,-12.099999999999909,700.0,0.0,0.0,0.060000000000000046,0.0,0.0,1482.0,0
0.41000000000000003,3744.0,3010.0,2259.0,3735.5,3003.5,2253.5,9000.0,7000.0,6000.0,0.5,-14.599999999999909,-11.699999999999818,700.0,0.0,0.0,0.06100000000000005,0.0,0.0,1485.0,0
0.41100000000000003,3754.0,3018.0,2264.0,3744.5,3010.5,2259.5,10000.0,8000.0,5000.0,0.5,-14.400000000000091,-12.300000000000182,700.0,0.0,0.0,0.06200000000000005,0.0,0.0,1490.0,0
0.41200000000000003,3763.0,3025.0,2270.0,3754.5,3018.5,2264.5,9000.0,7000.0,6000.0,0.5,-14.400000000000091,-11.300000000000182,700.0,0.0,0.0,0.06300000000000004,0.0,0.0,1493.0,0
0.41300000000000003,3772.0,3032.0,2275.0,3763.5,3025.5,2270.5,9000.0,7000.0,5000.0,0.5,-14.199999999999818,-11.900000000000091,700.0,0.0,0.0,0.06400000000000004,0.0,0.0,1497.0,0
0.41400000000000003,3781.0,3040.0,2281.0,3772.5,3032.5,2275.5,9000.0,8000.0,6000.0,0.5,-14.0,-11.5,700.0,0.0,0.0,0.06500000000000004,0.0,0.0,1500.0,0
0.41500000000000004,3790.0,3047.0,2286.0,3781.5,3040.5,2281.5,9000.0,7000.0,5000.0,0.5,-14.800000000000182,-12.099999999999909,700.0,0.0,0.0,0.06600000000000004,0.0,0.0,1504.0,0
0.41600000000000004,3799.0,3054.0,2292.0,3790.5,3047.5,2286.5,9000.0,7000.0,6000.0,0.5,-14.599999999999909,-11.699999999999818,700.0,0.0,0.0,0.06700000000000005,0.0,0.0,1507.0,0
0.417,3808.0,3062.0,2297.0,3799.5,3054.5,2292.5,9000.0,8000.0,5000.0,0.5,-14.400000000000091,-12.300000000000182,700.0,0.0,0.0,0.06800000000000005,0.0,0.0,1511.0,0
0.418,3817.0,3069.0,2303.0,3808.5,3062.5,2297.5,9000.0,7000.0,6000.0,0.5,-15.199999999999818,-11.900000000000091,700.0,0.0,0.0,0.06900000000000005,0.0,0.0,1514.0,0
0.419,3826.0,3076.0,2308.0,3817.5,3069.5,2303.5,9000.0,7000.0,5000.0,0.5,-15.0,-12.5,700.0,0.0,0.0,0.07000000000000005,0.0,0.0,1518.0,0
0.42,3835.0,3084.0,2314.0,3826.5,3076.5,2308.5,9000.0,8000.0,6000.0,0.5,-14.800000000000182,-12.099999999999909,700.0,0.0,0.0,0.07100000000000005,0.0,0.0,1521.0,0
0.421,3845.0,3091.0,2320.0,3835.5,3084.5,2314.5,10000.0,7000.0,6000.0,0.5,-15.599999999999909,-12.699999999999818,700.0,0.0,0.0,0.07200000000000005,0.0,0.0,1525.0,0
0.422,3854.0,3098.0,2325.0,3845.5,3091.5,2320.5,9000.0,7000.0,5000.0,0.5,-14.599999999999909,-12.699999999999818,700.0,0.0,0.0,0.07300000000000005,0.0,0.0,1529.0,0
0.423,3863.0,3106.0,2331.0,3854.5,3098.5,2325.5,9000.0,8000.0,6000.0,0.5,-14.400000000000091,-12.300000000000182,700.0,0.0,0.0,0.07400000000000005,0.0,0.0,1532.0,0
0.424,3872.0,3113.0,2336.0,3863.5,3106.5,2331.5,9000.0,7000.0,5000.0,0.5,-15.199999999999818,-12.900000000000091,700.0,0.0,0.0,0.07500000000000005,0.0,0.0,1536.0,0
0.425,3881.0,3120.0,2342.0,3872.5,3113.5,2336.5,9000.0,7000.0,6000.0,0.5,-15.0,-12.5,700.0,0.0,0.0,0.07600000000000005,0.0,0.0,1539.0,0
0.426,3890.0,3128.0,2347.0,3881.5,3120.5,2342.5,9000.0,8000.0,5000.0,0.5,-14.800000000000182,-13.099999999999909,700.0,0.0,0.0,0.07700000000000005,0.0,0.0,1543.0,0
0.427,3899.0,3135.0,2353.0,3890.5,3128.5,2347.5,9000.0,7000.0,6000.0,0.5,-15.599999999999909,-12.699999999999818,700.0,0.0,0.0,0.07800000000000006,0.0,0.0,1546.0,0
0.428,3908.0,3142.0,2358.0,3899.5,3135.5,2353.5,9000.0,7000.0,5000.0,0.5,-15.400000000000091,-13.300000000000182,700.0,0.0,0.0,0.07900000000000006,0.0,0.0,1550.0,0
0.429,3917.0,3150.0,2364.0,3908.5,3142.5,2358.5,9000.0,8000.0,6000.0,0.5,-15.199999999999818,-12.900000000000091,700.0,0.0,0.0,0.08000000000000006,0.0,0.0,1553.0,0
0.43,3926.0,3157.0,2369.0,3917.5,3150.5,2364.5,9000.0,7000.0,5000.0,0.5,-16.0,-13.5,700.0,0.0,0.0,0.08100000000000006,0.0,0.0,1557.0,0
0.431,3936.0,3164.0,2375.0,3926.5,3157.5,2369.5,10000.0,7000.0,6000.0,0.5,-15.800000000000182,-13.099999999999909,700.0,0.0,0.0,0.08200000000000006,0.0,0.0,1561.0,0
0.432,3945.0,3171.0,2380.0,3936.5,3164.5,2375.5,9000.0,7000.0,5000.0,0.5,-14.800000000000182,-13.099999999999909,700.0,0.0,0.0,0.08300000000000006,0.0,0.0,1565.0,0
0.433,3954.0,3179.0,2386.0,3945.5,3171.5,2380.5,9000.0,8000.0,6000.0,0.5,-14.599999999999909,-12.699999999999818,700.0,0.0,0.0,0.08400000000000006,0.0,0.0,1568.0,0
0.434,3963.0,3186.0,2391.0,3954.5,3179.5,2386.5,9000.0,7000.0,5000.0,0.5,-15.400000000000091,-13.300000000000182,700.0,0.0,0.0,0.08500000000000006,0.0,0.0,1572.0,0
0.435,3972.0,3193.0,2397.0,3963.5,3186.5,2391.5,9000.0,7000.0,6000.0,0.5,-15.199999999999818,-12.900000000000091,700.0,0.0,0.0,0.08600000000000006,0.0,0.0,1575.0,0
0.436,3981.0,3201.0,2402.0,3972.5,3193.5,2397.5,9000.0,8000.0,5000.0,0.5,-15.0,-13.5,700.0,0.0,0.0,0.08700000000000006,0.0,0.0,1579.0,0
0.437,3990.0,3208.0,2407.0,3981.5,3201.5,2402.5,9000.0,7000.0,5000.0,0.5,-15.800000000000182,-13.099999999999909,700.0,0.0,0.0,0.08800000000000006,0.0,0.0,1583.0,0
0.438,3999.0,3215.0,2413.0,3990.5,3208.5,2407.5,9000.0,7000.0,6000.0,0.5,-15.599999999999909,-12.699999999999818,700.0,0.0,0.0,0.08900000000000007,0.0,0.0,1586.0,0
0.439,4008.0,3223.0,2418.0,3999.5,3215.5,2413.5,9000.0,8000.0,5000.0,0.5,-15.400000000000091,-13.300000000000182,700.0,0.0,0.0,0.09000000000000007,0.0,0.0,1590.0,0
0.44,4017.0,3230.0,2424.0,4008.5,3223.5,2418.5,9000.0,7000.0,6000.0,0.5,-16.199999999999818,-12.900000000000091,700.0,0.0,0.0,0.09100000000000007,0.0,0.0,1593.0,0
0.441,4027.0,3237.0,2429.0,4017.5,3230.5,2424.5,10000.0,7000.0,5000.0,0.5,-16.0,-13.5,700.0,0.0,0.0,0.09200000000000007,0.0,0.0,1598.0,0
0.442,4036.0,3244.0,2435.0,4027.5,3237.5,2429.5,9000.0,7000.0,6000.0,0.5,-15.0,-12.5,700.0,0.0,0.0,0.09300000000000007,0.0,0.0,1601.0,0
0.443,4045.0,3252.0,2440.0,4036.5,3244.5,2435.5,9000.0,8000.0,5000.0,0.5,-14.800000000000182,-13.099999999999909,700.0,0.0,0.0,0.09400000000000007,0.0,0.0,1605.0,0
0.444,4054.0,3259.0,2446.0,4045.5,3252.5,2440.5,9000.0,7000.0,6000.0,0.5,-15.599999999999909,-12.699999999999818,700.0,0.0,0.0,0.09500000000000007,0.0,0.0,1608.0,0
0.445,4063.0,3266.0,2451.0,4054.5,3259.5,2446.5,9000.0,7000.0,5000.0,0.5,-15.400000000000091,-13.300000000000182,700.0,0.0,0.0,0.09600000000000007,0.0,0.0,1612.0,0
0.446,4072.0,3274.0,2457.0,4063.5,3266.5,2451.5,9000.0,8000.0,6000.0,0.5,-15.199999999999818,-12.900000000000091,700.0,0.0,0.0,0.09700000000000007,0.0,0.0,1615.0,0
0.447,4081.0,3281.0,2462.0,4072.5,3274.5,2457.5,9000.0,7000.0,5000.0,0.5,-16.0,-13.5,700.0,0.0,0.0,0.09800000000000007,0.0,0.0,1619.0,0
0.448,4090.0,3288.0,2468.0,4081.5,3281.5,2462.5,9000.0,7000.0,6000.0,0.5,-15.800000000000182,-13.099999999999909,700.0,0.0,0.0,0.09900000000000007,0.0,0.0,1622.0,0
0.449,4099.0,3296.0,2473.0,4090.5,3288.5,2468.5,9000.0,8000.0,5000.0,0.5,-15.599999999999909,-13.699999999999818,700.0,0.0,0.0,0.10000000000000007,0.0,0.0,1626.0,0
0.45,4108.0,3303.0,2479.0,4099.5,3296.5,2473.5,9000.0,7000.0,6000.0,0.5,-16.40000000000009,-13.300000000000182,700.0,0.0,0.0,0.10100000000000008,0.0,0.0,1629.0,0
0.451,4118.0,3310.0,2484.0,4108.5,3303.5,2479.5,10000.0,7000.0,5000.0,0.5,-16.199999999999818,-13.900000000000091,700.0,0.0,0.0,0.10200000000000008,0.0,0.0,1634.0,0
0.452,4127.0,3317.0,2490.0,4118.5,3310.5,2484.5,9000.0,7000.0,6000.0,0.5,-15.199999999999818,-12.900000000000091,700.0,0.0,0.0,0.10300000000000008,0.0,0.0,1637.0,0
0.453,4136.0,3325.0,2495.0,4127.5,3317.5,2490.5,9000.0,8000.0,5000.0,0.5,-15.0,-13.5,700.0,0.0,0.0,0.10400000000000008,0.0,0.0,1641.0,0
0.454,4145.0,3332.0,2501.0,4136.5,3325.5,2495.5,9000.0,7000.0,6000.0,0.5,-15.800000000000182,-13.099999999999909,700.0,0.0,0.0,0.10500000000000008,0.0,0.0,1644.0,0
0.455,4154.0,3339.0,2506.0,4145.5,3332.5,2501.5,9000.0,7000.0,5000.0,0.5,-15.599999999999909,-13.699999999999818,700.0,0.0,0.0,0.10600000000000008,0.0,0.0,1648.0,0
0.456,4163.0,3347.0,2512.0,4154.5,3339.5,2506.5,9000.0,8000.0,6000.0,0.5,-15.400000000000091,-13.300000000000182,700.0,0.0,0.0,0.10700000000000008,0.0,0.0,1651.0,0
0.457,4172.0,3354.0,2517.0,4163.5,3347.5,2512.5,9000.0,7000.0,5000.0,0.5,-16.199999999999818,-13.900000000000091,700.0,0.0,0.0,0.10800000000000008,0.0,0.0,1655.0,0
0.458,4181.0,3361.0,2523.0,4172.5,3354.5,2517.5,9000.0,7000.0,6000.0,0.5,-16.0,-13.5,700.0,0.0,0.0,0.10900000000000008,0.0,0.0,1658.0,0
0.459,4190.0,3369.0,2528.0,4181.5,3361.5,2523.5,9000.0,8000.0,5000.0,0.5,-15.800000000000182,-14.099999999999909,700.0,0.0,0.0,0.11000000000000008,0.0,0.0,1662.0,0
0.46,4199.0,3376.0,2534.0,4190.5,3369.5,2528.5,9000.0,7000.0,6000.0,0.5,-16.59999999999991,-13.699999999999818,700.0,0.0,0.0,0.11100000000000008,0.0,0.0,1665.0,0
0.461,4209.0,3383.0,2539.0,4199.5,3376.5,2534.5,10000.0,7000.0,5000.0,0.5,-16.40000000000009,-14.300000000000182,700.0,0.0,0.0,0.11200000000000009,0.0,0.0,1670.0,0
0.462,4218.0,3390.0,2545.0,4209.5,3383.5,2539.5,9000.0,7000.0,6000.0,0.5,-15.400000000000091,-13.300000000000182,700.0,0.0,0.0,0.11300000000000009,0.0,0.0,1673.0,0
0.463,4227.0,3398.0,2550.0,4218.5,3390.5,2545.5,9000.0,8000.0,5000.0,0.5,-15.199999999999818,-13.900000000000091,700.0,0.0,0.0,0.11400000000000009,0.0,0.0,1677.0,0
0.464,4236.0,3405.0,2556.0,4227.5,3398.5,2550.5,9000.0,7000.0,6000.0,0.5,-16.0,-13.5,700.0,0.0,0.0,0.11500000000000009,0.0,0.0,1680.0,0
0.465,4245.0,3412.0,2561.0,4236.5,3405.5,2556.5,9000.0,7000.0,5000.0,0.5,-15.800000000000182,-14.099999999999909,700.0,0.0,0.0,0.11600000000000009,0.0,0.0,1684.0,0
0.466,4254.0,3420.0,2567.0,4245.5,3412.5,2561.5,9000.0,8000.0,6000.0,0.5,-15.599999999999909,-13.699999999999818,700.0,0.0,0.0,0.11700000000000009,0.0,0.0,1687.0,0
0.467,4263.0,3427.0,2572.0,4254.5,3420.5,2567.5,9000.0,7000.0,5000.0,0.5,-16.40000000000009,-14.300000000000182,700.0,0.0,0.0,0.11800000000000009,0.0,0.0,1691.0,0
0.468,4272.0,3434.0,2578.0,4263.5,3427.5,2572.5,9000.0,7000.0,6000.0,0.5,-16.199999999999818,-13.900000000000091,700.0,0.0,0.0,0.11900000000000009,0.0,0.0,1694.0,0
0.46900000000000003,4281.0,3441.0,2583.0,4272.5,3434.5,2578.5,9000.0,7000.0,5000.0,0.5,-16.0,-14.5,700.0,0.0,0.0,0.12000000000000009,0.0,0.0,1698.0,0
0.47000000000000003,4290.0,3449.0,2588.0,4281.5,3441.5,2583.5,9000.0,8000.0,5000.0,0.5,-15.800000000000182,-14.099999999999909,700.0,0.0,0.0,0.1210000000000001,0.0,0.0,1702.0,0
0.47100000000000003,4300.0,3456.0,2594.0,4290.5,3449.5,2588.5,10000.0,7000.0,6000.0,0.5,-16.59999999999991,-13.699999999999818,700.0,0.0,0.0,0.1220000000000001,0.0,0.0,1706.0,0
0.47200000000000003,4309.0,3463.0,2599.0,4300.5,3456.5,2594.5,9000.0,7000.0,5000.0,0.5,-15.599999999999909,-13.699999999999818,700.0,0.0,0.0,0.1230000000000001,0.0,0.0,1710.0,0
0.47300000000000003,4318.0,3471.0,2605.0,4309.5,3463.5,2599.5,9000.0,8000.0,6000.0,0.5,-15.400000000000091,-13.300000000000182,700.0,0.0,0.0,0.1240000000000001,0.0,0.0,1713.0,0
0.47400000000000003,4327.0,3478.0,2610.0,4318.5,3471.5,2605.5,9000.0,7000.0,5000.0,0.5,-16.199999999999818,-13.900000000000091,700.0,0.0,0.0,0.12500000000000008,0.0,0.0,1717.0,0
0.47500000000000003,4336.0,3485.0,2616.0,4327.5,3478.5,2610.5,9000.0,7000.0,6000.0,0.5,-16.0,-13.5,700.0,0.0,0.0,0.12600000000000008,0.0,0.0,1720.0,0
0.47600000000000003,4345.0,3492.0,2621.0,4336.5,3485.5,2616.5,9000.0,7000.0,5000.0,0.5,-15.800000000000182,-14.099999999999909,700.0,0.0,0.0,0.12700000000000009,0.0,0.0,1724.0,0
0.47700000000000004,4354.0,3500.0,2627.0,4345.5,3492.5,2621.5,9000.0,8000.0,6000.0,0.5,-15.599999999999909,-13.699999999999818,700.0,0.0,0.0,0.12800000000000009,0.0,0.0,1727.0,0
0.47800000000000004,4363.0,3507.0,2632.0,4354.5,3500.5,2627.5,9000.0,7000.0,5000.0,0.5,-16.40000000000009,-14.300000000000182,700.0,0.0,0.0,0.1290000000000001,0.0,0.0,1731.0,0
0.47900000000000004,4372.0,3514.0,2638.0,4363.5,3507.5,2632.5,9000.0,7000.0,6000.0,0.5,-16.199999999999818,-13.900000000000091,700.0,0.0,0.0,0.1300000000000001,0.0,0.0,1734.0,0
0.48,4381.0,3521.0,2643.0,4372.5,3514.5,2638.5,9000.0,7000.0,5000.0,0.5,-16.0,-14.5,700.0,0.0,0.0,0.1310000000000001,0.0,0.0,1738.0,0
0.481,4391.0,3529.0,2649.0,4381.5,3521.5,2643.5,10000.0,8000.0,6000.0,0.5,-15.800000000000182,-14.099999999999909,700.0,0.0,0.0,0.1320000000000001,0.0,0.0,1742.0,0
0.482,4400.0,3536.0,2654.0,4391.5,3529.5,2649.5,9000.0,7000.0,5000.0,0.5,-15.800000000000182,-14.099999999999909,700.0,0.0,0.0,0.1330000000000001,0.0,0.0,1746.0,0
0.483,4409.0,3543.0,2660.0,4400.5,3536.5,2654.5,9000.0,7000.0,6000.0,0.5,-15.599999999999909,-13.699999999999818,700.0,0.0,0.0,0.1340000000000001,0.0,0.0,1749.0,0
0.484,4418.0,3551.0,2665.0,4409.5,3543.5,2660.5,9000.0,8000.0,5000.0,0.5,-15.400000000000091,-14.300000000000182,700.0,0.0,0.0,0.1350000000000001,0.0,0.0,1753.0,0
0.485,4427.0,3558.0,2671.0,4418.5,3551.5,2665.5,9000.0,7000.0,6000.0,0.5,-16.199999999999818,-13.900000000000091,700.0,0.0,0.0,0.1360000000000001,0.0,0.0,1756.0,0
0.486,4436.0,3565.0,2676.0,4427.5,3558.5,2671.5,9000.0,7000.0,5000.0,0.5,-16.0,-14.5,700.0,0.0,0.0,0.1370000000000001,0.0,0.0,1760.0,0
0.487,4445.0,3573.0,2682.0,4436.5,3565.5,2676.5,9000.0,8000.0,6000.0,0.5,-15.800000000000182,-14.099999999999909,700.0,0.0,0.0,0.1380000000000001,0.0,0.0,1763.0,0
0.488,4454.0,3580.0,2687.0,4445.5,3573.5,2682.5,9000.0,7000.0,5000.0,0.5,-16.59999999999991,-14.699999999999818,700.0,0.0,0.0,0.1390000000000001,0.0,0.0,1767.0,0
0.489,4463.0,3587.0,2692.0,4454.5,3580.5,2687.5,9000.0,7000.0,5000.0,0.5,-16.40000000000009,-14.300000000000182,700.0,0.0,0.0,0.1400000000000001,0.0,0.0,1771.0,0
0.49,4472.0,3594.0,2698.0,4463.5,3587.5,2692.5,9000.0,7000.0,6000.0,0.5,-16.199999999999818,-13.900000000000091,700.0,0.0,0.0,0.1410000000000001,0.0,0.0,1774.0,0
0.491,4482.0,3602.0,2703.0,4472.5,3594.5,2698.5,10000.0,8000.0,5000.0,0.5,-16.0,-14.5,700.0,0.0,0.0,0.1420000000000001,0.0,0.0,1779.0,0
0.492,4491.0,3609.0,2709.0,4482.5,3602.5,2703.5,9000.0,7000.0,6000.0,0.5,-16.0,-13.5,700.0,0.0,0.0,0.1430000000000001,0.0,0.0,1782.0,0
0.493,4500.0,3616.0,2714.0,4491.5,3609.5,2709.5,9000.0,7000.0,5000.0,0.5,-15.800000000000182,-14.099999999999909,700.0,0.0,0.0,0.1440000000000001,0.0,0.0,1786.0,0
0.494,4509.0,3623.0,2720.0,4500.5,3616.5,2714.5,9000.0,7000.0,6000.0,0.5,-15.599999999999909,-13.699999999999818,700.0,0.0,0.0,0.1450000000000001,0.0,0.0,1789.0,0
0.495,4518.0,3631.0,2725.0,4509.5,3623.5,2720.5,9000.0,8000.0,5000.0,0.5,-15.400000000000091,-14.300000000000182,700.0,0.0,0.0,0.1460000000000001,0.0,0.0,1793.0,0
0.496,4527.0,3638.0,2731.0,4518.5,3631.5,2725.5,9000.0,7000.0,6000.0,0.5,-16.199999999999818,-13.900000000000091,700.0,0.0,0.0,0.1470000000000001,0.0,0.0,1796.0,0
0.497,4536.0,3645.0,2736.0,4527.5,3638.5,2731.5,9000.0,7000.0,5000.0,0.5,-16.0,-14.5,700.0,0.0,0.0,0.1480000000000001,0.0,0.0,1800.0,0
0.498,4545.0,3653.0,2742.0,4536.5,3645.5,2736.5,9000.0,8000.0,6000.0,0.5,-15.800000000000182,-14.099999999999909,700.0,0.0,0.0,0.1490000000000001,0.0,0.0,1803.0,0
0.499,4554.0,3660.0,2747.0,4545.5,3653.5,2742.5,9000.0,7000.0,5000.0,0.5,-16.59999999999991,-14.699999999999818,700.0,0.0,0.0,0.1500000000000001,0.0,0.0,1807.0,0
0.5,4563.0,3667.0,2753.0,4554.5,3660.5,2747.5,9000.0,7000.0,6000.0,0.5,-16.40000000000009,-14.300000000000182,700.0,0.0,0.0,0.1510000000000001,0.0,0.0,1810.0,0
0.501,4573.0,3674.0,2758.0,4563.5,3667.5,2753.5,10000.0,7000.0,5000.0,0.5,-16.199999999999818,-14.900000000000091,700.0,0.0,0.0,0.1520000000000001,0.0,0.0,1815.0,0
0.502,4582.0,3682.0,2764.0,4573.5,3674.5,2758.5,9000.0,8000.0,6000.0,0.5,-15.199999999999818,-13.900000000000091,700.0,0.0,0.0,0.1530000000000001,0.0,0.0,1818.0,0
0.503,4591.0,3689.0,2769.0,4582.5,3682.5,2764.5,9000.0,7000.0,5000.0,0.5,-16.0,-14.5,700.0,0.0,0.0,0.1540000000000001,0.0,0.0,1822.0,0
0.504,4600.0,3696.0,2774.0,4591.5,3689.5,2769.5,9000.0,7000.0,5000.0,0.5,-15.800000000000182,-14.099999999999909,700.0,0.0,0.0,0.1550000000000001,0.0,0.0,1826.0,0
0.505,4609.0,3704.0,2780.0,4600.5,3696.5,2774.5,9000.0,8000.0,6000.0,0.5,-15.599999999999909,-13.699999999999818,700.0,0.0,0.0,0.1560000000000001,0.0,0.0,1829.0,0
0.506,4618.0,3711.0,2785.0,4609.5,3704.5,2780.5,9000.0,7000.0,5000.0,0.5,-16.40000000000009,-14.300000000000182,700.0,0.0,0.0,0.1570000000000001,0.0,0.0,1833.0,0
0.507,4627.0,3718.0,2791.0,4618.5,3711.5,2785.5,9000.0,7000.0,6000.0,0.5,-16.199999999999818,-13.900000000000091,700.0,0.0,0.0,0.1580000000000001,0.0,0.0,1836.0,0
0.508,4636.0,3725.0,2796.0,4627.5,3718.5,2791.5,9000.0,7000.0,5000.0,0.5,-16.0,-14.5,700.0,0.0,0.0,0.1590000000000001,0.0,0.0,1840.0,0
0.509,4645.0,3733.0,2802.0,4636.5,3725.5,2796.5,9000.0,8000.0,6000.0,0.5,-15.800000000000182,-14.099999999999909,700.0,0.0,0.0,0.16000000000000011,0.0,0.0,1843.0,0
0.51,4654.0,3740.0,2807.0,4645.5,3733.5,2802.5,9000.0,7000.0,5000.0,0.5,-16.59999999999991,-14.699999999999818,700.0,0.0,0.0,0.16100000000000012,0.0,0.0,1847.0,0
0.511,4664.0,3747.0,2813.0,4654.5,3740.5,2807.5,10000.0,7000.0,6000.0,0.5,-16.40000000000009,-14.300000000000182,700.0,0.0,0.0,0.16200000000000012,0.0,0.0,1851.0,0
0.512,4673.0,3755.0,2818.0,4664.5,3747.5,2813.5,9000.0,8000.0,5000.0,0.5,-15.400000000000091,-14.300000000000182,700.0,0.0,0.0,0.16300000000000012,0.0,0.0,1855.0,0
0.513,4682.0,3762.0,2824.0,4673.5,3755.5,2818.5,9000.0,7000.0,6000.0,0.5,-16.199999999999818,-13.900000000000091,700.0,0.0,0.0,0.16400000000000012,0.0,0.0,1858.0,0
0.514,4691.0,3769.0,2829.0,4682.5,3762.5,2824.5,9000.0,7000.0,5000.0,0.5,-16.0,-14.5,700.0,0.0,0.0,0.16500000000000012,0.0,0.0,1862.0,0
0.515,4700.0,3776.0,2835.0,4691.5,3769.5,2829.5,9000.0,7000.0,6000.0,0.5,-15.800000000000182,-14.099999999999909,700.0,0.0,0.0,0.16600000000000012,0.0,0.0,1865.0,0
0.516,4709.0,3784.0,2840.0,4700.5,3776.5,2835.5,9000.0,8000.0,5000.0,0.5,-15.599999999999909,-14.699999999999818,700.0,0.0,0.0,0.16700000000000012,0.0,0.0,1869.0,0
0.517,4718.0,3791.0,2845.0,4709.5,3784.5,2840.5,9000.0,7000.0,5000.0,0.5,-16.40000000000009,-14.300000000000182,700.0,0.0,0.0,0.16800000000000012,0.0,0.0,1873.0,0
0.518,4727.0,3798.0,2851.0,4718.5,3791.5,2845.5,9000.0,7000.0,6000.0,0.5,-16.199999999999818,-13.900000000000091,700.0,0.0,0.0,0.16900000000000012,0.0,0.0,1876.0,0
0.519,4736.0,3806.0,2856.0,4727.5,3798.5,2851.5,9000.0,8000.0,5000.0,0.5,-16.0,-14.5,700.0,0.0,0.0,0.17000000000000012,0.0,0.0,1880.0,0
0.52,4745.0,3813.0,2862.0,4736.5,3806.5,2856.5,9000.0,7000.0,6000.0,0.5,-16.800000000000182,-14.099999999999909,700.0,0.0,0.0,0.17100000000000012,0.0,0.0,1883.0,0
0.521,4755.0,3820.0,2867.0,4745.5,3813.5,2862.5,10000.0,7000.0,5000.0,0.5,-16.59999999999991,-14.699999999999818,700.0,0.0,0.0,0.17200000000000013,0.0,0.0,1888.0,0
0.522,4764.0,3827.0,2873.0,4755.5,3820.5,2867.5,9000.0,7000.0,6000.0,0.5,-15.599999999999909,-13.699999999999818,700.0,0.0,0.0,0.17300000000000013,0.0,0.0,1891.0,0
0.523,4773.0,3835.0,2878.0,4764.5,3827.5,2873.5,9000.0,8000.0,5000.0,0.5,-15.400000000000091,-14.300000000000182,700.0,0.0,0.0,0.17400000000000013,0.0,0.0,1895.0,0
0.524,4782.0,3842.0,2884.0,4773.5,3835.5,2878.5,9000.0,7000.0,6000.0,0.5,-16.199999999999818,-13.900000000000091,700.0,0.0,0.0,0.17500000000000013,0.0,0.0,1898.0,0
0.525,4791.0,3849.0,2889.0,4782.5,3842.5,2884.5,9000.0,7000.0,5000.0,0.5,-16.0,-14.5,700.0,0.0,0.0,0.17600000000000013,0.0,0.0,1902.0,0
0.526,4800.0,3857.0,2895.0,4791.5,3849.5,2889.5,9000.0,8000.0,6000.0,0.5,-15.800000000000182,-14.099999999999909,700.0,0.0,0.0,0.17700000000000013,0.0,0.0,1905.0,0
0.527,4809.0,3864.0,2900.0,4800.5,3857.5,2895.5,9000.0,7000.0,5000.0,0.5,-16.59999999999991,-14.699999999999818,700.0,0.0,0.0,0.17800000000000013,0.0,0.0,1909.0,0
0.528,4818.0,3871.0,2906.0,4809.5,3864.5,2900.5,9000.0,7000.0,6000.0,0.5,-16.40000000000009,-14.300000000000182,700.0,0.0,0.0,0.17900000000000013,0.0,0.0,1912.0,0
0.529,4827.0,3878.0,2911.0,4818.5,3871.5,2906.5,9000.0,7000.0,5000.0,0.5,-16.199999999999818,-14.900000000000091,700.0,0.0,0.0,0.18000000000000013,0.0,0.0,1916.0,0
0.53,4836.0,3886.0,2917.0,4827.5,3878.5,2911.5,9000.0,8000.0,6000.0,0.5,-16.0,-14.5,700.0,0.0,0.0,0.18100000000000013,0.0,0.0,1919.0,0
0.531,4846.0,3893.0,2922.0,4836.5,3886.5,2917.5,10000.0,7000.0,5000.0,0.5,-16.800000000000182,-15.099999999999909,700.0,0.0,0.0,0.18200000000000013,0.0,0.0,1924.0,0
0.532,4855.0,3900.0,2927.0,4846.5,3893.5,2922.5,9000.0,7000.0,5000.0,0.5,-15.800000000000182,-14.099999999999909,700.0,0.0,0.0,0.18300000000000013,0.0,0.0,1928.0,0
0.533,4864.0,3907.0,2933.0,4855.5,3900.5,2927.5,9000.0,7000.0,6000.0,0.5,-15.599999999999909,-13.699999999999818,700.0,0.0,0.0,0.18400000000000014,0.0,0.0,1931.0,0
0.534,4873.0,3915.0,2938.0,4864.5,3907.5,2933.5,9000.0,8000.0,5000.0,0.5,-15.400000000000091,-14.300000000000182,700.0,0.0,0.0,0.18500000000000014,0.0,0.0,1935.0,0
0.535,4882.0,3922.0,2944.0,4873.5,3915.5,2938.5,9000.0,7000.0,6000.0,0.5,-16.199999999999818,-13.900000000000091,700.0,0.0,0.0,0.18600000000000014,0.0,0.0,1938.0,0
0.536,4891.0,3929.0,2949.0,4882.5,3922.5,2944.5,9000.0,7000.0,5000.0,0.5,-16.0,-14.5,700.0,0.0,0.0,0.18700000000000014,0.0,0.0,1942.0,0
0.537,4900.0,3937.0,2955.0,4891.5,3929.5,2949.5,9000.0,8000.0,6000.0,0.5,-15.800000000000182,-14.099999999999909,700.0,0.0,0.0,0.18800000000000014,0.0,0.0,1945.0,0
0.538,4909.0,3944.0,2960.0,4900.5,3937.5,2955.5,9000.0,7000.0,5000.0,0.5,-16.59999999999991,-14.699999999999818,700.0,0.0,0.0,0.18900000000000014,0.0,0.0,1949.0,0
0.539,4918.0,3951.0,2966.0,4909.5,3944.5,2960.5,9000.0,7000.0,6000.0,0.5,-16.40000000000009,-14.300000000000182,700.0,0.0,0.0,0.19000000000000014,0.0,0.0,1952.0,0
0.54,4927.0,3958.0,2971.0,4918.5,3951.5,2966.5,9000.0,7000.0,5000.0,0.5,-16.199999999999818,-14.900000000000091,700.0,0.0,0.0,0.19100000000000014,0.0,0.0,1956.0,0
0.541,4937.0,3966.0,2977.0,4927.5,3958.5,2971.5,10000.0,8000.0,6000.0,0.5,-16.0,-14.5,700.0,0.0,0.0,0.19200000000000014,0.0,0.0,1960.0,0
0.542,4946.0,3973.0,2982.0,4937.5,3966.5,2977.5,9000.0,7000.0,5000.0,0.5,-16.0,-14.5,700.0,0.0,0.0,0.19300000000000014,0.0,0.0,1964.0,0
0.543,4955.0,3980.0,2988.0,4946.5,3973.5,2982.5,9000.0,7000.0,6000.0,0.5,-15.800000000000182,-14.099999999999909,700.0,0.0,0.0,0.19400000000000014,0.0,0.0,1967.0,0
0.544,4964.0,3988.0,2993.0,4955.5,3980.5,2988.5,9000.0,8000.0,5000.0,0.5,-15.599999999999909,-14.699999999999818,700.0,0.0,0.0,0.19500000000000015,0.0,0.0,1971.0,0
0.545,4973.0,3995.0,2998.0,4964.5,3988.5,2993.5,9000.0,7000.0,5000.0,0.5,-16.40000000000009,-14.300000000000182,700.0,0.0,0.0,0.19600000000000015,0.0,0.0,1975.0,0
0.546,4982.0,4002.0,3004.0,4973.5,3995.5,2998.5,9000.0,7000.0,6000.0,0.5,-16.199999999999818,-13.900000000000091,700.0,0.0,0.0,0.19700000000000015,0.0,0.0,1978.0,0
0.547,4991.0,4009.0,3009.0,4982.5,4002.5,3004.5,9000.0,7000.0,5000.0,0.5,-16.0,-14.5,700.0,0.0,0.0,0.19800000000000015,0.0,0.0,1982.0,0
0.548,5000.0,4017.0,3015.0,4991.5,4009.5,3009.5,9000.0,8000.0,6000.0,0.5,-15.800000000000182,-14.099999999999909,700.0,0.0,0.0,0.19900000000000015,0.0,0.0,1985.0,0
0.549,5009.0,4024.0,3020.0,5000.5,4017.5,3015.5,9000.0,7000.0,5000.0,0.5,-16.59999999999991,-14.699999999999818,700.0,0.0,0.0,0.20000000000000015,0.0,0.0,1989.0,0
0.55,5018.0,4031.0,3026.0,5009.5,4024.5,3020.5,9000.0,7000.0,6000.0,0.5,-16.40000000000009,-14.300000000000182,700.0,0.0,0.0,0.20100000000000015,0.0,0.0,1992.0,0
0.551,5028.0,4038.0,3031.0,5018.5,4031.5,3026.5,10000.0,7000.0,5000.0,0.5,-16.199999999999818,-14.900000000000091,700.0,0.0,0.0,0.20200000000000015,0.0,0.0,1997.0,0
0.552,5037.0,4046.0,3037.0,5028.5,4038.5,3031.5,9000.0,8000.0,6000.0,0.5,-15.199999999999818,-13.900000000000091,700.0,0.0,0.0,0.20300000000000015,0.0,0.0,2000.0,0
0.553,5046.0,4053.0,3042.0,5037.5,4046.5,3037.5,9000.0,7000.0,5000.0,0.5,-16.0,-14.5,700.0,0.0,0.0,0.20400000000000015,0.0,0.0,2004.0,0
0.554,5055.0,4060.0,3048.0,5046.5,4053.5,3042.5,9000.0,7000.0,6000.0,0.5,-15.800000000000182,-14.099999999999909,700.0,0.0,0.0,0.20500000000000015,0.0,0.0,2007.0,0
0.555,5064.0,4068.0,3053.0,5055.5,4060.5,3048.5,9000.0,8000.0,5000.0,0.5,-15.599999999999909,-14.699999999999818,700.0,0.0,0.0,0.20600000000000016,0.0,0.0,2011.0,0
0.556,5073.0,4075.0,3059.0,5064.5,4068.5,3053.5,9000.0,7000.0,6000.0,0.5,-16.40000000000009,-14.300000000000182,700.0,0.0,0.0,0.20700000000000016,0.0,0.0,2014.0,0
0.557,5082.0,4082.0,3064.0,5073.5,4075.5,3059.5,9000.0,7000.0,5000.0,0.5,-16.199999999999818,-14.900000000000091,700.0,0.0,0.0,0.20800000000000016,0.0,0.0,2018.0,0
0.558,5091.0,4090.0,3069.0,5082.5,4082.5,3064.5,9000.0,8000.0,5000.0,0.5,-16.0,-14.5,700.0,0.0,0.0,0.20900000000000016,0.0,0.0,2022.0,0
0.559,5100.0,4097.0,3075.0,5091.5,4090.5,3069.5,9000.0,7000.0,6000.0,0.5,-16.800000000000182,-14.099999999999909,700.0,0.0,0.0,0.21000000000000016,0.0,0.0,2025.0,0
0.56,5109.0,4104.0,3080.0,5100.5,4097.5,3075.5,9000.0,7000.0,5000.0,0.5,-16.59999999999991,-14.699999999999818,700.0,0.0,0.0,0.21100000000000016,0.0,0.0,2029.0,0
0.561,5119.0,4111.0,3086.0,5109.5,4104.5,3080.5,10000.0,7000.0,6000.0,0.5,-16.40000000000009,-14.300000000000182,700.0,0.0,0.0,0.21200000000000016,0.0,0.0,2033.0,0
0.562,5128.0,4119.0,3091.0,5119.5,4111.5,3086.5,9000.0,8000.0,5000.0,0.5,-15.399999999999636,-14.300000000000182,700.0,0.0,0.0,0.21300000000000016,0.0,0.0,2037.0,0
0.5630000000000001,5137.0,4126.0,3097.0,5128.5,4119.5,3091.5,9000.0,7000.0,6000.0,0.5,-16.199999999999818,-13.900000000000091,700.0,0.0,0.0,0.21400000000000016,0.0,0.0,2040.0,0
0.5640000000000001,5146.0,4133.0,3102.0,5137.5,4126.5,3097.5,9000.0,7000.0,5000.0,0.5,-16.0,-14.5,700.0,0.0,0.0,0.21500000000000016,0.0,0.0,2044.0,0
0.5650000000000001,5155.0,4140.0,3108.0,5146.5,4133.5,3102.5,9000.0,7000.0,6000.0,0.5,-15.800000000000182,-14.099999999999909,700.0,0.0,0.0,0.21600000000000016,0.0,0.0,2047.0,0
0.5660000000000001,5164.0,4148.0,3113.0,5155.5,4140.5,3108.5,9000.0,8000.0,5000.0,0.5,-15.600000000000364,-14.699999999999818,700.0,0.0,0.0,0.21700000000000016,0.0,0.0,2051.0,0
0.5670000000000001,5173.0,4155.0,3119.0,5164.5,4148.5,3113.5,9000.0,7000.0,6000.0,0.5,-16.399999999999636,-14.300000000000182,700.0,0.0,0.0,0.21800000000000017,0.0,0.0,2054.0,0
0.5680000000000001,5182.0,4162.0,3124.0,5173.5,4155.5,3119.5,9000.0,7000.0,5000.0,0.5,-16.199999999999818,-14.900000000000091,700.0,0.0,0.0,0.21900000000000017,0.0,0.0,2058.0,0
0.5690000000000001,5191.0,4170.0,3130.0,5182.5,4162.5,3124.5,9000.0,8000.0,6000.0,0.5,-16.0,-14.5,700.0,0.0,0.0,0.22000000000000017,0.0,0.0,2061.0,0
0.5700000000000001,5200.0,4177.0,3135.0,5191.5,4170.5,3130.5,9000.0,7000.0,5000.0,0.5,-16.800000000000182,-15.099999999999909,700.0,0.0,0.0,0.22100000000000017,0.0,0.0,2065.0,0
0.5710000000000001,5210.0,4184.0,3140.0,5200.5,4177.5,3135.5,10000.0,7000.0,5000.0,0.5,-16.600000000000364,-14.699999999999818,700.0,0.0,0.0,0.22200000000000017,0.0,0.0,2070.0,0
0.5720000000000001,5219.0,4191.0,3146.0,5210.5,4184.5,3140.5,9000.0,7000.0,6000.0,0.5,-15.600000000000364,-13.699999999999818,700.0,0.0,0.0,0.22300000000000017,0.0,0.0,2073.0,0
0.5730000000000001,5228.0,4199.0,3151.0,5219.5,4191.5,3146.5,9000.0,8000.0,5000.0,0.5,-15.399999999999636,-14.300000000000182,700.0,0.0,0.0,0.22400000000000017,0.0,0.0,2077.0,0
0.5740000000000001,5237.0,4206.0,3157.0,5228.5,4199.5,3151.5,9000.0,7000.0,6000.0,0.5,-16.199999999999818,-13.900000000000091,700.0,0.0,0.0,0.22500000000000017,0.0,0.0,2080.0,0
0.5750000000000001,5246.0,4213.0,3162.0,5237.5,4206.5,3157.5,9000.0,7000.0,5000.0,0.5,-16.0,-14.5,700.0,0.0,0.0,0.22600000000000017,0.0,0.0,2084.0,0
0.5760000000000001,5255.0,4221.0,3168.0,5246.5,4213.5,3162.5,9000.0,8000.0,6000.0,0.5,-15.800000000000182,-14.099999999999909,700.0,0.0,0.0,0.22700000000000017,0.0,0.0,2087.0,0
0.577,5264.0,4228.0,3173.0,5255.5,4221.5,3168.5,9000.0,7000.0,5000.0,0.5,-16.600000000000364,-14.699999999999818,700.0,0.0,0.0,0.22800000000000017,0.0,0.0,2091.0,0
0.578,5273.0,4235.0,3179.0,5264.5,4228.5,3173.5,9000.0,7000.0,6000.0,0.5,-16.399999999999636,-14.300000000000182,700.0,0.0,0.0,0.22900000000000018,0.0,0.0,2094.0,0
0.579,5282.0,4242.0,3184.0,5273.5,4235.5,3179.5,9000.0,7000.0,5000.0,0.5,-16.199999999999818,-14.900000000000091,700.0,0.0,0.0,0.23000000000000018,0.0,0.0,2098.0,0
0.58,5291.0,4250.0,3190.0,5282.5,4242.5,3184.5,9000.0,8000.0,6000.0,0.5,-16.0,-14.5,700.0,0.0,0.0,0.23100000000000018,0.0,0.0,2101.0,0
0.581,5301.0,4257.0,3195.0,5291.5,4250.5,3190.5,10000.0,7000.0,5000.0,0.5,-16.800000000000182,-15.099999999999909,700.0,0.0,0.0,0.23200000000000018,0.0,0.0,2106.0,0
0.582,5310.0,4264.0,3201.0,5301.5,4257.5,3195.5,9000.0,7000.0,6000.0,0.5,-15.800000000000182,-14.099999999999909,700.0,0.0,0.0,0.23300000000000018,0.0,0.0,2109.0,0
0.583,5319.0,4271.0,3206.0,5310.5,4264.5,3201.5,9000.0,7000.0,5000.0,0.5,-15.600000000000364,-14.699999999999818,700.0,0.0,0.0,0.23400000000000018,0.0,0.0,2113.0,0
0.584,5328.0,4279.0,3211.0,5319.5,4271.5,3206.5,9000.0,8000.0,5000.0,0.5,-15.399999999999636,-14.300000000000182,700.0,0.0,0.0,0.23500000000000018,0.0,0.0,2117.0,0
0.585,5337.0,4286.0,3217.0,5328.5,4279.5,3211.5,9000.0,7000.0,6000.0,0.5,-16.199999999999818,-13.900000000000091,700.0,0.0,0.0,0.23600000000000018,0.0,0.0,2120.0,0
0.586,5346.0,4293.0,3222.0,5337.5,4286.5,3217.5,9000.0,7000.0,5000.0,0.5,-16.0,-14.5,700.0,0.0,0.0,0.23700000000000018,0.0,0.0,2124.0,0
0.587,5355.0,4301.0,3228.0,5346.5,4293.5,3222.5,9000.0,8000.0,6000.0,0.5,-15.800000000000182,-14.099999999999909,700.0,0.0,0.0,0.23800000000000018,0.0,0.0,2127.0,0
0.588,5364.0,4308.0,3233.0,5355.5,4301.5,3228.5,9000.0,7000.0,5000.0,0.5,-16.600000000000364,-14.699999999999818,700.0,0.0,0.0,0.23900000000000018,0.0,0.0,2131.0,0
0.589,5373.0,4315.0,3239.0,5364.5,4308.5,3233.5,9000.0,7000.0,6000.0,0.5,-16.399999999999636,-14.300000000000182,700.0,0.0,0.0,0.24000000000000019,0.0,0.0,2134.0,0
0.59,5382.0,4322.0,3244.0,5373.5,4315.5,3239.5,9000.0,7000.0,5000.0,0.5,-16.199999999999818,-14.900000000000091,700.0,0.0,0.0,0.2410000000000002,0.0,0.0,2138.0,0
0.591,5392.0,4330.0,3250.0,5382.5,4322.5,3244.5,10000.0,8000.0,6000.0,0.5,-16.0,-14.5,700.0,0.0,0.0,0.2420000000000002,0.0,0.0,2142.0,0
0.592,5401.0,4337.0,3255.0,5392.5,4330.5,3250.5,9000.0,7000.0,5000.0,0.5,-16.0,-14.5,700.0,0.0,0.0,0.2430000000000002,0.0,0.0,2146.0,0
0.593,5410.0,4344.0,3261.0,5401.5,4337.5,3255.5,9000.0,7000.0,6000.0,0.5,-15.800000000000182,-14.099999999999909,700.0,0.0,0.0,0.2440000000000002,0.0,0.0,2149.0,0
0.594,5419.0,4352.0,3266.0,5410.5,4344.5,3261.5,9000.0,8000.0,5000.0,0.5,-15.600000000000364,-14.699999999999818,700.0,0.0,0.0,0.2450000000000002,0.0,0.0,2153.0,0
0.595,5428.0,4359.0,3272.0,5419.5,4352.5,3266.5,9000.0,7000.0,6000.0,0.5,-16.399999999999636,-14.300000000000182,700.0,0.0,0.0,0.2460000000000002,0.0,0.0,2156.0,0
0.596,5437.0,4366.0,3277.0,5428.5,4359.5,3272.5,9000.0,7000.0,5000.0,0.5,-16.199999999999818,-14.900000000000091,700.0,0.0,0.0,0.2470000000000002,0.0,0.0,2160.0,0
0.597,5446.0,4373.0,3282.0,5437.5,4366.5,3277.5,9000.0,7000.0,5000.0,0.5,-16.0,-14.5,700.0,0.0,0.0,0.2480000000000002,0.0,0.0,2164.0,0
0.598,5455.0,4381.0,3288.0,5446.5,4373.5,3282.5,9000.0,8000.0,6000.0,0.5,-15.800000000000182,-14.099999999999909,700.0,0.0,0.0,0.2490000000000002,0.0,0.0,2167.0,0
0.599,5464.0,4388.0,3293.0,5455.5,4381.5,3288.5,9000.0,7000.0,5000.0,0.5,-16.600000000000364,-14.699999999999818,700.0,0.0,0.0,0.25000000000000017,0.0,0.0,2171.0,0
0.6,5473.0,4395.0,3299.0,5464.5,4388.5,3293.5,9000.0,7000.0,6000.0,0.5,-16.399999999999636,-14.300000000000182,700.0,0.0,0.0,0.25100000000000017,0.0,0.0,2174.0,0
0.601,5483.0,4403.0,3304.0,5473.5,4395.5,3299.5,10000.0,8000.0,5000.0,0.5,-16.199999999999818,-14.900000000000091,700.0,0.0,0.0,0.25200000000000017,0.0,0.0,2179.0,0
0.602,5492.0,4410.0,3310.0,5483.5,4403.5,3304.5,9000.0,7000.0,6000.0,0.5,-16.199999999999818,-13.900000000000091,700.0,0.0,0.0,0.25300000000000017,0.0,0.0,2182.0,0
0.603,5501.0,4417.0,3315.0,5492.5,4410.5,3310.5,9000.0,7000.0,5000.0,0.5,-16.0,-14.5,700.0,0.0,0.0,0.25400000000000017,0.0,0.0,2186.0,0
0.604,5510.0,4424.0,3321.0,5501.5,4417.5,3315.5,9000.0,7000.0,6000.0,0.5,-15.800000000000182,-14.099999999999909,700.0,0.0,0.0,0.25500000000000017,0.0,0.0,2189.0,0
0.605,5519.0,4432.0,3326.0,5510.5,4424.5,3321.5,9000.0,8000.0,5000.0,0.5,-15.600000000000364,-14.699999999999818,700.0,0.0,0.0,0.25600000000000017,0.0,0.0,2193.0,0
0.606,5528.0,4439.0,3332.0,5519.5,4432.5,3326.5,9000.0,7000.0,6000.0,0.5,-16.399999999999636,-14.300000000000182,700.0,0.0,0.0,0.2570000000000002,0.0,0.0,2196.0,0
0.607,5537.0,4446.0,3337.0,5528.5,4439.5,3332.5,9000.0,7000.0,5000.0,0.5,-16.199999999999818,-14.900000000000091,700.0,0.0,0.0,0.2580000000000002,0.0,0.0,2200.0,0
0.608,5546.0,4454.0,3343.0,5537.5,4446.5,3337.5,9000.0,8000.0,6000.0,0.5,-16.0,-14.5,700.0,0.0,0.0,0.2590000000000002,0.0,0.0,2203.0,0
0.609,5555.0,4461.0,3348.0,5546.5,4454.5,3343.5,9000.0,7000.0,5000.0,0.5,-16.800000000000182,-15.099999999999909,700.0,0.0,0.0,0.2600000000000002,0.0,0.0,2207.0,0
0.61,5564.0,4468.0,3353.0,5555.5,4461.5,3348.5,9000.0,7000.0,5000.0,0.5,-16.600000000000364,-14.699999999999818,700.0,0.0,0.0,0.2610000000000002,0.0,0.0,2211.0,0
0.611,5574.0,4475.0,3359.0,5564.5,4468.5,3353.5,10000.0,7000.0,6000.0,0.5,-16.399999999999636,-14.300000000000182,700.0,0.0,0.0,0.2620000000000002,0.0,0.0,2215.0,0
0.612,5583.0,4483.0,3364.0,5574.5,4475.5,3359.5,9000.0,8000.0,5000.0,0.5,-15.399999999999636,-14.300000000000182,700.0,0.0,0.0,0.2630000000000002,0.0,0.0,2219.0,0
0.613,5592.0,4490.0,3370.0,5583.5,4483.5,3364.5,9000.0,7000.0,6000.0,0.5,-16.199999999999818,-13.900000000000091,700.0,0.0,0.0,0.2640000000000002,0.0,0.0,2222.0,0
0.614,5601.0,4497.0,3375.0,5592.5,4490.5,3370.5,9000.0,7000.0,5000.0,0.5,-16.0,-14.5,700.0,0.0,0.0,0.2650000000000002,0.0,0.0,2226.0,0
0.615,5610.0,4504.0,3381.0,5601.5,4497.5,3375.5,9000.0,7000.0,6000.0,0.5,-15.800000000000182,-14.099999999999909,700.0,0.0,0.0,0.2660000000000002,0.0,0.0,2229.0,0
0.616,5619.0,4512.0,3386.0,5610.5,4504.5,3381.5,9000.0,8000.0,5000.0,0.5,-15.600000000000364,-14.699999999999818,700.0,0.0,0.0,0.2670000000000002,0.0,0.0,2233.0,0
0.617,5628.0,4519.0,3392.0,5619.5,4512.5,3386.5,9000.0,7000.0,6000.0,0.5,-16.399999999999636,-14.300000000000182,700.0,0.0,0.0,0.2680000000000002,0.0,0.0,2236.0,0
0.618,5637.0,4526.0,3397.0,5628.5,4519.5,3392.5,9000.0,7000.0,5000.0,0.5,-16.199999999999818,-14.900000000000091,700.0,0.0,0.0,0.2690000000000002,0.0,0.0,2240.0,0
0.619,5646.0,4534.0,3403.0,5637.5,4526.5,3397.5,9000.0,8000.0,6000.0,0.5,-16.0,-14.5,700.0,0.0,0.0,0.2700000000000002,0.0,0.0,2243.0,0
0.62,5655.0,4541.0,3408.0,5646.5,4534.5,3403.5,9000.0,7000.0,5000.0,0.5,-16.800000000000182,-15.099999999999909,700.0,0.0,0.0,0.2710000000000002,0.0,0.0,2247.0,0
0.621,5665.0,4548.0,3414.0,5655.5,4541.5,3408.5,10000.0,7000.0,6000.0,0.5,-16.600000000000364,-14.699999999999818,700.0,0.0,0.0,0.2720000000000002,0.0,0.0,2251.0,0
0.622,5674.0,4555.0,3419.0,5665.5,4548.5,3414.5,9000.0,7000.0,5000.0,0.5,-15.600000000000364,-14.699999999999818,700.0,0.0,0.0,0.2730000000000002,0.0,0.0,2255.0,0
0.623,5683.0,4563.0,3424.0,5674.5,4555.5,3419.5,9000.0,8000.0,5000.0,0.5,-15.399999999999636,-14.300000000000182,700.0,0.0,0.0,0.2740000000000002,0.0,0.0,2259.0,0
0.624,5692.0,4570.0,3430.0,5683.5,4563.5,3424.5,9000.0,7000.0,6000.0,0.5,-16.199999999999818,-13.900000000000091,700.0,0.0,0.0,0.2750000000000002,0.0,0.0,2262.0,0
0.625,5701.0,4577.0,3435.0,5692.5,4570.5,3430.5,9000.0,7000.0,5000.0,0.5,-16.0,-14.5,700.0,0.0,0.0,0.2760000000000002,0.0,0.0,2266.0,0
0.626,5710.0,4585.0,3441.0,5701.5,4577.5,3435.5,9000.0,8000.0,6000.0,0.5,-15.800000000000182,-14.099999999999909,700.0,0.0,0.0,0.2770000000000002,0.0,0.0,2269.0,0
0.627,5719.0,4592.0,3446.0,5710.5,4585.5,3441.5,9000.0,7000.0,5000.0,0.5,-16.600000000000364,-14.699999999999818,700.0,0.0,0.0,0.2780000000000002,0.0,0.0,2273.0,0
0.628,5728.0,4599.0,3452.0,5719.5,4592.5,3446.5,9000.0,7000.0,6000.0,0.5,-16.399999999999636,-14.300000000000182,700.0,0.0,0.0,0.2790000000000002,0.0,0.0,2276.0,0
0.629,5737.0,4606.0,3457.0,5728.5,4599.5,3452.5,9000.0,7000.0,5000.0,0.5,-16.199999999999818,-14.900000000000091,700.0,0.0,0.0,0.2800000000000002,0.0,0.0,2280.0,0
0.63,5746.0,4614.0,3463.0,5737.5,4606.5,3457.5,9000.0,8000.0,6000.0,0.5,-16.0,-14.5,700.0,0.0,0.0,0.2810000000000002,0.0,0.0,2283.0,0
0.631,5756.0,4621.0,3468.0,5746.5,4614.5,3463.5,10000.0,7000.0,5000.0,0.5,-16.800000000000182,-15.099999999999909,700.0,0.0,0.0,0.2820000000000002,0.0,0.0,2288.0,0
0.632,5765.0,4628.0,3474.0,5756.5,4621.5,3468.5,9000.0,7000.0,6000.0,0.5,-15.800000000000182,-14.099999999999909,700.0,0.0,0.0,0.2830000000000002,0.0,0.0,2291.0,0
0.633,5774.0,4635.0,3479.0,5765.5,4628.5,3474.5,9000.0,7000.0,5000.0,0.5,-15.600000000000364,-14.699999999999818,700.0,0.0,0.0,0.2840000000000002,0.0,0.0,2295.0,0
0.634,5783.0,4643.0,3484.0,5774.5,4635.5,3479.5,9000.0,8000.0,5000.0,0.5,-15.399999999999636,-14.300000000000182,700.0,0.0,0.0,0.2850000000000002,0.0,0.0,2299.0,0
0.635,5792.0,4650.0,3490.0,5783.5,4643.5,3484.5,9000.0,7000.0,6000.0,0.5,-16.199999999999818,-13.900000000000091,700.0,0.0,0.0,0.2860000000000002,0.0,0.0,2302.0,0
0.636,5801.0,4657.0,3495.0,5792.5,4650.5,3490.5,9000.0,7000.0,5000.0,0.5,-16.0,-14.5,700.0,0.0,0.0,0.2870000000000002,0.0,0.0,2306.0,0
0.637,5810.0,4665.0,3501.0,5801.5,4657.5,3495.5,9000.0,8000.0,6000.0,0.5,-15.800000000000182,-14.099999999999909,700.0,0.0,0.0,0.2880000000000002,0.0,0.0,2309.0,0
0.638,5819.0,4672.0,3506.0,5810.5,4665.5,3501.5,9000.0,7000.0,5000.0,0.5,-16.600000000000364,-14.699999999999818,700.0,0.0,0.0,0.2890000000000002,0.0,0.0,2313.0,0
0.639,5828.0,4679.0,3512.0,5819.5,4672.5,3506.5,9000.0,7000.0,6000.0,0.5,-16.399999999999636,-14.300000000000182,700.0,0.0,0.0,0.2900000000000002,0.0,0.0,2316.0,0
0.64,5837.0,4686.0,3517.0,5828.5,4679.5,3512.5,9000.0,7000.0,5000.0,0.5,-16.199999999999818,-14.900000000000091,700.0,0.0,0.0,0.2910000000000002,0.0,0.0,2320.0,0
0.641,5847.0,4694.0,3523.0,5837.5,4686.5,3517.5,10000.0,8000.0,6000.0,0.5,-16.0,-14.5,700.0,0.0,0.0,0.2920000000000002,0.0,0.0,2324.0,0
0.642,5856.0,4701.0,3528.0,5847.5,4694.5,3523.5,9000.0,7000.0,5000.0,0.5,-16.0,-14.5,700.0,0.0,0.0,0.2930000000000002,0.0,0.0,2328.0,0
0.643,5865.0,4708.0,3534.0,5856.5,4701.5,3528.5,9000.0,7000.0,6000.0,0.5,-15.800000000000182,-14.099999999999909,700.0,0.0,0.0,0.2940000000000002,0.0,0.0,2331.0,0
0.644,5874.0,4716.0,3539.0,5865.5,4708.5,3534.5,9000.0,8000.0,5000.0,0.5,-15.600000000000364,-14.699999999999818,700.0,0.0,0.0,0.2950000000000002,0.0,0.0,2335.0,0
0.645,5883.0,4723.0,3545.0,5874.5,4716.5,3539.5,9000.0,7000.0,6000.0,0.5,-16.399999999999636,-14.300000000000182,700.0,0.0,0.0,0.2960000000000002,0.0,0.0,2338.0,0
0.646,5892.0,4730.0,3550.0,5883.5,4723.5,3545.5,9000.0,7000.0,5000.0,0.5,-16.199999999999818,-14.900000000000091,700.0,0.0,0.0,0.2970000000000002,0.0,0.0,2342.0,0
0.647,5901.0,4737.0,3555.0,5892.5,4730.5,3550.5,9000.0,7000.0,5000.0,0.5,-16.0,-14.5,700.0,0.0,0.0,0.2980000000000002,0.0,0.0,2346.0,0
0.648,5910.0,4745.0,3561.0,5901.5,4737.5,3555.5,9000.0,8000.0,6000.0,0.5,-15.800000000000182,-14.099999999999909,700.0,0.0,0.0,0.2990000000000002,0.0,0.0,2349.0,0
0.649,5919.0,4752.0,3566.0,5910.5,4745.5,3561.5,9000.0,7000.0,5000.0,0.5,-16.600000000000364,-14.699999999999818,700.0,0.0,0.0,0.3000000000000002,0.0,0.0,2353.0,0
0.65,5928.0,4759.0,3572.0,5919.5,4752.5,3566.5,9000.0,7000.0,6000.0,0.5,-16.399999999999636,-14.300000000000182,700.0,0.0,0.0,0.3010000000000002,0.0,0.0,2356.0,0
0.651,5938.0,4767.0,3577.0,5928.5,4759.5,3572.5,10000.0,8000.0,5000.0,0.5,-16.199999999999818,-14.900000000000091,700.0,0.0,0.0,0.3020000000000002,0.0,0.0,2361.0,0
0.652,5947.0,4774.0,3583.0,5938.5,4767.5,3577.5,9000.0,7000.0,6000.0,0.5,-16.199999999999818,-13.900000000000091,700.0,0.0,0.0,0.3030000000000002,0.0,0.0,2364.0,0
0.653,5956.0,4781.0,3588.0,5947.5,4774.5,3583.5,9000.0,7000.0,5000.0,0.5,-16.0,-14.5,700.0,0.0,0.0,0.3040000000000002,0.0,0.0,2368.0,0
0.654,5965.0,4788.0,3594.0,5956.5,4781.5,3588.5,9000.0,7000.0,6000.0,0.5,-15.800000000000182,-14.099999999999909,700.0,0.0,0.0,0.3050000000000002,0.0,0.0,2371.0,0
0.655,5974.0,4796.0,3599.0,5965.5,4788.5,3594.5,9000.0,8000.0,5000.0,0.5,-15.600000000000364,-14.699999999999818,700.0,0.0,0.0,0.3060000000000002,0.0,0.0,2375.0,0
0.656,5983.0,4803.0,3605.0,5974.5,4796.5,3599.5,9000.0,7000.0,6000.0,0.5,-16.399999999999636,-14.300000000000182,700.0,0.0,0.0,0.3070000000000002,0.0,0.0,2378.0,0
0.657,5992.0,4810.0,3610.0,5983.5,4803.5,3605.5,9000.0,7000.0,5000.0,0.5,-16.199999999999818,-14.900000000000091,700.0,0.0,0.0,0.3080000000000002,0.0,0.0,2382.0,0
0.658,6001.0,4817.0,3616.0,5992.5,4810.5,3610.5,9000.0,7000.0,6000.0,0.5,-16.0,-14.5,700.0,0.0,0.0,0.3090000000000002,0.0,0.0,2385.0,0
0.659,6010.0,4825.0,3621.0,6001.5,4817.5,3616.5,9000.0,8000.0,5000.0,0.5,-15.800000000000182,-15.099999999999909,700.0,0.0,0.0,0.3100000000000002,0.0,0.0,2389.0,0
0.66,6019.0,4832.0,3626.0,6010.5,4825.5,3621.5,9000.0,7000.0,5000.0,0.5,-16.600000000000364,-14.699999999999818,700.0,0.0,0.0,0.3110000000000002,0.0,0.0,2393.0,0
0.661,6029.0,4839.0,3632.0,6019.5,4832.5,3626.5,10000.0,7000.0,6000.0,0.5,-16.399999999999636,-14.300000000000182,700.0,0.0,0.0,0.3120000000000002,0.0,0.0,2397.0,0
0.662,6038.0,4847.0,3637.0,6029.5,4839.5,3632.5,9000.0,8000.0,5000.0,0.5,-15.399999999999636,-14.300000000000182,700.0,0.0,0.0,0.3130000000000002,0.0,0.0,2401.0,0
0.663,6047.0,4854.0,3643.0,6038.5,4847.5,3637.5,9000.0,7000.0,6000.0,0.5,-16.199999999999818,-13.900000000000091,700.0,0.0,0.0,0.3140000000000002,0.0,0.0,2404.0,0
0.664,6056.0,4861.0,3648.0,6047.5,4854.5,3643.5,9000.0,7000.0,5000.0,0.5,-16.0,-14.5,700.0,0.0,0.0,0.3150000000000002,0.0,0.0,2408.0,0
0.665,6065.0,4868.0,3654.0,6056.5,4861.5,3648.5,9000.0,7000.0,6000.0,0.5,-15.800000000000182,-14.099999999999909,700.0,0.0,0.0,0.3160000000000002,0.0,0.0,2411.0,0
0.666,6074.0,4876.0,3659.0,6065.5,4868.5,3654.5,9000.0,8000.0,5000.0,0.5,-15.600000000000364,-14.699999999999818,700.0,0.0,0.0,0.3170000000000002,0.0,0.0,2415.0,0
0.667,6083.0,4883.0,3665.0,6074.5,4876.5,3659.5,9000.0,7000.0,6000.0,0.5,-16.399999999999636,-14.300000000000182,700.0,0.0,0.0,0.3180000000000002,0.0,0.0,2418.0,0
0.668,6092.0,4890.0,3670.0,6083.5,4883.5,3665.5,9000.0,7000.0,5000.0,0.5,-16.199999999999818,-14.900000000000091,700.0,0.0,0.0,0.31900000000000023,0.0,0.0,2422.0,0
0.669,6101.0,4898.0,3676.0,6092.5,4890.5,3670.5,9000.0,8000.0,6000.0,0.5,-16.0,-14.5,700.0,0.0,0.0,0.32000000000000023,0.0,0.0,2425.0,0
0.67,6110.0,4905.0,3681.0,6101.5,4898.5,3676.5,9000.0,7000.0,5000.0,0.5,-16.800000000000182,-15.099999999999909,700.0,0.0,0.0,0.32100000000000023,0.0,0.0,2429.0,0
0.671,6120.0,4912.0,3687.0,6110.5,4905.5,3681.5,10000.0,7000.0,6000.0,0.5,-16.600000000000364,-14.699999999999818,700.0,0.0,0.0,0.32200000000000023,0.0,0.0,2433.0,0
0.672,6129.0,4919.0,3692.0,6120.5,4912.5,3687.5,9000.0,7000.0,5000.0,0.5,-15.600000000000364,-14.699999999999818,700.0,0.0,0.0,0.32300000000000023,0.0,0.0,2437.0,0
0.673,6138.0,4927.0,3697.0,6129.5,4919.5,3692.5,9000.0,8000.0,5000.0,0.5,-15.399999999999636,-14.300000000000182,700.0,0.0,0.0,0.32400000000000023,0.0,0.0,2441.0,0
0.674,6147.0,4934.0,3703.0,6138.5,4927.5,3697.5,9000.0,7000.0,6000.0,0.5,-16.199999999999818,-13.900000000000091,700.0,0.0,0.0,0.32500000000000023,0.0,0.0,2444.0,0
0.675,6156.0,4941.0,3708.0,6147.5,4934.5,3703.5,9000.0,7000.0,5000.0,0.5,-16.0,-14.5,700.0,0.0,0.0,0.32600000000000023,0.0,0.0,2448.0,0
0.676,6165.0,4949.0,3714.0,6156.5,4941.5,3708.5,9000.0,8000.0,6000.0,0.5,-15.800000000000182,-14.099999999999909,700.0,0.0,0.0,0.32700000000000023,0.0,0.0,2451.0,0
0.677,6174.0,4956.0,3719.0,6165.5,4949.5,3714.5,9000.0,7000.0,5000.0,0.5,-16.600000000000364,-14.699999999999818,700.0,0.0,0.0,0.32800000000000024,0.0,0.0,2455.0,0
0.678,6183.0,4963.0,3725.0,6174.5,4956.5,3719.5,9000.0,7000.0,6000.0,0.5,-16.399999999999636,-14.300000000000182,700.0,0.0,0.0,0.32900000000000024,0.0,0.0,2458.0,0
0.679,6192.0,4970.0,3730.0,6183.5,4963.5,3725.5,9000.0,7000.0,5000.0,0.5,-16.199999999999818,-14.900000000000091,700.0,0.0,0.0,0.33000000000000024,0.0,0.0,2462.0,0
0.68,6201.0,4978.0,3736.0,6192.5,4970.5,3730.5,9000.0,8000.0,6000.0,0.5,-16.0,-14.5,700.0,0.0,0.0,0.33100000000000024,0.0,0.0,2465.0,0
0.681,6211.0,4985.0,3741.0,6201.5,4978.5,3736.5,10000.0,7000.0,5000.0,0.5,-16.800000000000182,-15.099999999999909,700.0,0.0,0.0,0.33200000000000024,0.0,0.0,2470.0,0
0.682,6220.0,4992.0,3747.0,6211.5,4985.5,3741.5,9000.0,7000.0,6000.0,0.5,-15.800000000000182,-14.099999999999909,700.0,0.0,0.0,0.33300000000000024,0.0,0.0,2473.0,0
0.683,6229.0,5000.0,3752.0,6220.5,4992.5,3747.5,9000.0,8000.0,5000.0,0.5,-15.600000000000364,-14.699999999999818,700.0,0.0,0.0,0.33400000000000024,0.0,0.0,2477.0,0
0.684,6238.0,5007.0,3758.0,6229.5,5000.5,3752.5,9000.0,7000.0,6000.0,0.5,-16.399999999999636,-14.300000000000182,700.0,0.0,0.0,0.33500000000000024,0.0,0.0,2480.0,0
0.685,6247.0,5014.0,3763.0,6238.5,5007.5,3758.5,9000.0,7000.0,5000.0,0.5,-16.199999999999818,-14.900000000000091,700.0,0.0,0.0,0.33600000000000024,0.0,0.0,2484.0,0
0.686,6256.0,5021.0,3768.0,6247.5,5014.5,3763.5,9000.0,7000.0,5000.0,0.5,-16.0,-14.5,700.0,0.0,0.0,0.33700000000000024,0.0,0.0,2488.0,0
0.687,6265.0,5029.0,3774.0,6256.5,5021.5,3768.5,9000.0,8000.0,6000.0,0.5,-15.800000000000182,-14.099999999999909,700.0,0.0,0.0,0.33800000000000024,0.0,0.0,2491.0,0
0.6880000000000001,6274.0,5036.0,3779.0,6265.5,5029.5,3774.5,9000.0,7000.0,5000.0,0.5,-16.600000000000364,-14.699999999999818,700.0,0.0,0.0,0.33900000000000025,0.0,0.0,2495.0,0
0.6890000000000001,6283.0,5043.0,3785.0,6274.5,5036.5,3779.5,9000.0,7000.0,6000.0,0.5,-16.399999999999636,-14.300000000000182,700.0,0.0,0.0,0.34000000000000025,0.0,0.0,2498.0,0
0.6900000000000001,6292.0,5050.0,3790.0,6283.5,5043.5,3785.5,9000.0,7000.0,5000.0,0.5,-16.199999999999818,-14.900000000000091,700.0,0.0,0.0,0.34100000000000025,0.0,0.0,2502.0,0
0.6910000000000001,6302.0,5058.0,3796.0,6292.5,5050.5,3790.5,10000.0,8000.0,6000.0,0.5,-16.0,-14.5,700.0,0.0,0.0,0.34200000000000025,0.0,0.0,2506.0,0
0.6920000000000001,6311.0,5065.0,3801.0,6302.5,5058.5,3796.5,9000.0,7000.0,5000.0,0.5,-16.0,-14.5,700.0,0.0,0.0,0.34300000000000025,0.0,0.0,2510.0,0
0.6930000000000001,6320.0,5072.0,3807.0,6311.5,5065.5,3801.5,9000.0,7000.0,6000.0,0.5,-15.800000000000182,-14.099999999999909,700.0,0.0,0.0,0.34400000000000025,0.0,0.0,2513.0,0
0.6940000000000001,6329.0,5080.0,3812.0,6320.5,5072.5,3807.5,9000.0,8000.0,5000.0,0.5,-15.600000000000364,-14.699999999999818,700.0,0.0,0.0,0.34500000000000025,0.0,0.0,2517.0,0
0.6950000000000001,6338.0,5087.0,3818.0,6329.5,5080.5,3812.5,9000.0,7000.0,6000.0,0.5,-16.399999999999636,-14.300000000000182,700.0,0.0,0.0,0.34600000000000025,0.0,0.0,2520.0,0
0.6960000000000001,6347.0,5094.0,3823.0,6338.5,5087.5,3818.5,9000.0,7000.0,5000.0,0.5,-16.199999999999818,-14.900000000000091,700.0,0.0,0.0,0.34700000000000025,0.0,0.0,2524.0,0
0.6970000000000001,6356.0,5101.0,3828.0,6347.5,5094.5,3823.5,9000.0,7000.0,5000.0,0.5,-16.0,-14.5,700.0,0.0,0.0,0.34800000000000025,0.0,0.0,2528.0,0
0.6980000000000001,6365.0,5109.0,3834.0,6356.5,5101.5,3828.5,9000.0,8000.0,6000.0,0.5,-15.800000000000182,-14.099999999999909,700.0,0.0,0.0,0.34900000000000025,0.0,0.0,2531.0,0
0.6990000000000001,6374.0,5116.0,3839.0,6365.5,5109.5,3834.5,9000.0,7000.0,5000.0,0.5,-16.600000000000364,-14.699999999999818,700.0,0.0,0.0,0.35000000000000026,0.0,0.0,2535.0,0
0.7000000000000001,6383.0,5123.0,3845.0,6374.5,5116.5,3839.5,9000.0,7000.0,6000.0,0.5,-16.399999999999636,-14.300000000000182,700.0,0.0,0.0,0.35100000000000026,0.0,0.0,2538.0,0
0.7010000000000001,6393.0,5131.0,3850.0,6383.5,5123.5,3845.5,10000.0,8000.0,5000.0,0.5,-16.199999999999818,-14.900000000000091,700.0,0.0,0.0,0.35200000000000026,0.0,0.0,2543.0,0
0.7020000000000001,6402.0,5138.0,3856.0,6393.5,5131.5,3850.5,9000.0,7000.0,6000.0,0.5,-16.199999999999818,-13.900000000000091,700.0,0.0,0.0,0.35300000000000026,0.0,0.0,2546.0,0
0.7030000000000001,6411.0,5145.0,3861.0,6402.5,5138.5,3856.5,9000.0,7000.0,5000.0,0.5,-16.0,-14.5,700.0,0.0,0.0,0.35400000000000026,0.0,0.0,2550.0,0
0.704,6420.0,5152.0,3867.0,6411.5,5145.5,3861.5,9000.0,7000.0,6000.0,0.5,-15.800000000000182,-14.099999999999909,700.0,0.0,0.0,0.35500000000000026,0.0,0.0,2553.0,0
0.705,6429.0,5160.0,3872.0,6420.5,5152.5,3867.5,9000.0,8000.0,5000.0,0.5,-15.600000000000364,-14.699999999999818,700.0,0.0,0.0,0.35600000000000026,0.0,0.0,2557.0,0
0.706,6438.0,5167.0,3878.0,6429.5,5160.5,3872.5,9000.0,7000.0,6000.0,0.5,-16.399999999999636,-14.300000000000182,700.0,0.0,0.0,0.35700000000000026,0.0,0.0,2560.0,0
0.707,6447.0,5174.0,3883.0,6438.5,5167.5,3878.5,9000.0,7000.0,5000.0,0.5,-16.199999999999818,-14.900000000000091,700.0,0.0,0.0,0.35800000000000026,0.0,0.0,2564.0,0
0.708,6456.0,5181.0,3889.0,6447.5,5174.5,3883.5,9000.0,7000.0,6000.0,0.5,-16.0,-14.5,700.0,0.0,0.0,0.35900000000000026,0.0,0.0,2567.0,0
0.709,6465.0,5189.0,3894.0,6456.5,5181.5,3889.5,9000.0,8000.0,5000.0,0.5,-15.800000000000182,-15.099999999999909,700.0,0.0,0.0,0.36000000000000026,0.0,0.0,2571.0,0
0.71,6474.0,5196.0,3899.0,6465.5,5189.5,3894.5,9000.0,7000.0,5000.0,0.5,-16.600000000000364,-14.699999999999818,700.0,0.0,0.0,0.36100000000000027,0.0,0.0,2575.0,0
0.711,6484.0,5203.0,3905.0,6474.5,5196.5,3899.5,10000.0,7000.0,6000.0,0.5,-16.399999999999636,-14.300000000000182,700.0,0.0,0.0,0.36200000000000027,0.0,0.0,2579.0,0
0.712,6493.0,5211.0,3910.0,6484.5,5203.5,3905.5,9000.0,8000.0,5000.0,0.5,-15.399999999999636,-14.300000000000182,700.0,0.0,0.0,0.36300000000000027,0.0,0.0,2583.0,0
0.713,6502.0,5218.0,3916.0,6493.5,5211.5,3910.5,9000.0,7000.0,6000.0,0.5,-16.199999999999818,-13.900000000000091,700.0,0.0,0.0,0.36400000000000027,0.0,0.0,2586.0,0
0.714,6511.0,5225.0,3921.0,6502.5,5218.5,3916.5,9000.0,7000.0,5000.0,0.5,-16.0,-14.5,700.0,0.0,0.0,0.36500000000000027,0.0,0.0,2590.0,0
0.715,6520.0,5232.0,3927.0,6511.5,5225.5,3921.5,9000.0,7000.0,6000.0,0.5,-15.800000000000182,-14.099999999999909,700.0,0.0,0.0,0.36600000000000027,0.0,0.0,2593.0,0
0.716,6529.0,5240.0,3932.0,6520.5,5232.5,3927.5,9000.0,8000.0,5000.0,0.5,-15.600000000000364,-14.699999999999818,700.0,0.0,0.0,0.36700000000000027,0.0,0.0,2597.0,0
0.717,6538.0,5247.0,3938.0,6529.5,5240.5,3932.5,9000.0,7000.0,6000.0,0.5,-16.399999999999636,-14.300000000000182,700.0,0.0,0.0,0.36800000000000027,0.0,0.0,2600.0,0
0.718,6547.0,5254.0,3943.0,6538.5,5247.5,3938.5,9000.0,7000.0,5000.0,0.5,-16.199999999999818,-14.900000000000091,700.0,0.0,0.0,0.36900000000000027,0.0,0.0,2604.0,0
0.719,6556.0,5262.0,3949.0,6547.5,5254.5,3943.5,9000.0,8000.0,6000.0,0.5,-16.0,-14.5,700.0,0.0,0.0,0.3700000000000003,0.0,0.0,2607.0,0
0.72,6565.0,5269.0,3954.0,6556.5,5262.5,3949.5,9000.0,7000.0,5000.0,0.5,-16.800000000000182,-15.099999999999909,700.0,0.0,0.0,0.3710000000000003,0.0,0.0,2611.0,0
0.721,6575.0,5276.0,3960.0,6565.5,5269.5,3954.5,10000.0,7000.0,6000.0,0.5,-16.600000000000364,-14.699999999999818,700.0,0.0,0.0,0.3720000000000003,0.0,0.0,2615.0,0
0.722,6584.0,5283.0,3965.0,6575.5,5276.5,3960.5,9000.0,7000.0,5000.0,0.5,-15.600000000000364,-14.699999999999818,700.0,0.0,0.0,0.3730000000000003,0.0,0.0,2619.0,0
0.723,6593.0,5291.0,3970.0,6584.5,5283.5,3965.5,9000.0,8000.0,5000.0,0.5,-15.399999999999636,-14.300000000000182,700.0,0.0,0.0,0.3740000000000003,0.0,0.0,2623.0,0
0.724,6602.0,5298.0,3976.0,6593.5,5291.5,3970.5,9000.0,7000.0,6000.0,0.5,-16.199999999999818,-13.900000000000091,700.0,0.0,0.0,0.3750000000000003,0.0,0.0,2626.0,0
0.725,6611.0,5305.0,3981.0,6602.5,5298.5,3976.5,9000.0,7000.0,5000.0,0.5,-16.0,-14.5,700.0,0.0,0.0,0.3760000000000003,0.0,0.0,2630.0,0
0.726,6620.0,5313.0,3987.0,6611.5,5305.5,3981.5,9000.0,8000.0,6000.0,0.5,-15.800000000000182,-14.099999999999909,700.0,0.0,0.0,0.3770000000000003,0.0,0.0,2633.0,0
0.727,6629.0,5320.0,3992.0,6620.5,5313.5,3987.5,9000.0,7000.0,5000.0,0.5,-16.600000000000364,-14.699999999999818,700.0,0.0,0.0,0.3780000000000003,0.0,0.0,2637.0,0
0.728,6638.0,5327.0,3998.0,6629.5,5320.5,3992.5,9000.0,7000.0,6000.0,0.5,-16.399999999999636,-14.300000000000182,700.0,0.0,0.0,0.3790000000000003,0.0,0.0,2640.0,0
0.729,6647.0,5334.0,4003.0,6638.5,5327.5,3998.5,9000.0,7000.0,5000.0,0.5,-16.199999999999818,-14.900000000000091,700.0,0.0,0.0,0.3800000000000003,0.0,0.0,2644.0,0
0.73,6656.0,5342.0,4009.0,6647.5,5334.5,4003.5,9000.0,8000.0,6000.0,0.5,-16.0,-14.5,700.0,0.0,0.0,0.3810000000000003,0.0,0.0,2647.0,0
0.731,6666.0,5349.0,4014.0,6656.5,5342.5,4009.5,10000.0,7000.0,5000.0,0.5,-16.800000000000182,-15.099999999999909,700.0,0.0,0.0,0.3820000000000003,0.0,0.0,2652.0,0
0.732,6675.0,5356.0,4020.0,6666.5,5349.5,4014.5,9000.0,7000.0,6000.0,0.5,-15.800000000000182,-14.099999999999909,700.0,0.0,0.0,0.3830000000000003,0.0,0.0,2655.0,0
0.733,6684.0,5364.0,4025.0,6675.5,5356.5,4020.5,9000.0,8000.0,5000.0,0.5,-15.600000000000364,-14.699999999999818,700.0,0.0,0.0,0.3840000000000003,0.0,0.0,2659.0,0
0.734,6693.0,5371.0,4030.0,6684.5,5364.5,4025.5,9000.0,7000.0,5000.0,0.5,-16.399999999999636,-14.300000000000182,700.0,0.0,0.0,0.3850000000000003,0.0,0.0,2663.0,0
0.735,6702.0,5378.0,4036.0,6693.5,5371.5,4030.5,9000.0,7000.0,6000.0,0.5,-16.199999999999818,-13.900000000000091,700.0,0.0,0.0,0.3860000000000003,0.0,0.0,2666.0,0
0.736,6711.0,5385.0,4041.0,6702.5,5378.5,4036.5,9000.0,7000.0,5000.0,0.5,-16.0,-14.5,700.0,0.0,0.0,0.3870000000000003,0.0,0.0,2670.0,0
0.737,6720.0,5393.0,4047.0,6711.5,5385.5,4041.5,9000.0,8000.0,6000.0,0.5,-15.800000000000182,-14.099999999999909,700.0,0.0,0.0,0.3880000000000003,0.0,0.0,2673.0,0
0.738,6729.0,5400.0,4052.0,6720.5,5393.5,4047.5,9000.0,7000.0,5000.0,0.5,-16.600000000000364,-14.699999999999818,700.0,0.0,0.0,0.3890000000000003,0.0,0.0,2677.0,0
0.739,6738.0,5407.0,4058.0,6729.5,5400.5,4052.5,9000.0,7000.0,6000.0,0.5,-16.399999999999636,-14.300000000000182,700.0,0.0,0.0,0.3900000000000003,0.0,0.0,2680.0,0
0.74,6747.0,5414.0,4063.0,6738.5,5407.5,4058.5,9000.0,7000.0,5000.0,0.5,-16.199999999999818,-14.900000000000091,700.0,0.0,0.0,0.3910000000000003,0.0,0.0,2684.0,0
0.741,6757.0,5422.0,4069.0,6747.5,5414.5,4063.5,10000.0,8000.0,6000.0,0.5,-16.0,-14.5,700.0,0.0,0.0,0.3920000000000003,0.0,0.0,2688.0,0
0.742,6766.0,5429.0,4074.0,6757.5,5422.5,4069.5,9000.0,7000.0,5000.0,0.5,-16.0,-14.5,700.0,0.0,0.0,0.3930000000000003,0.0,0.0,2692.0,0
0.743,6775.0,5436.0,4080.0,6766.5,5429.5,4074.5,9000.0,7000.0,6000.0,0.5,-15.800000000000182,-14.099999999999909,700.0,0.0,0.0,0.3940000000000003,0.0,0.0,2695.0,0
0.744,6784.0,5444.0,4085.0,6775.5,5436.5,4080.5,9000.0,8000.0,5000.0,0.5,-15.600000000000364,-14.699999999999818,700.0,0.0,0.0,0.3950000000000003,0.0,0.0,2699.0,0
0.745,6793.0,5451.0,4091.0,6784.5,5444.5,4085.5,9000.0,7000.0,6000.0,0.5,-16.399999999999636,-14.300000000000182,700.0,0.0,0.0,0.3960000000000003,0.0,0.0,2702.0,0
0.746,6802.0,5458.0,4096.0,6793.5,5451.5,4091.5,9000.0,7000.0,5000.0,0.5,-16.199999999999818,-14.900000000000091,700.0,0.0,0.0,0.3970000000000003,0.0,0.0,2706.0,0
0.747,6811.0,5465.0,4101.0,6802.5,5458.5,4096.5,9000.0,7000.0,5000.0,0.5,-16.0,-14.5,700.0,0.0,0.0,0.3980000000000003,0.0,0.0,2710.0,0
0.748,6820.0,5473.0,4107.0,6811.5,5465.5,4101.5,9000.0,8000.0,6000.0,0.5,-15.800000000000182,-14.099999999999909,700.0,0.0,0.0,0.3990000000000003,0.0,0.0,2713.0,0
0.749,6829.0,5480.0,4112.0,6820.5,5473.5,4107.5,9000.0,7000.0,5000.0,0.5,-16.600000000000364,-14.699999999999818,700.0,0.0,0.0,0.4000000000000003,0.0,0.0,2717.0,0
0.75,6838.0,5487.0,4118.0,6829.5,5480.5,4112.5,9000.0,7000.0,6000.0,0.5,-16.399999999999636,-14.300000000000182,700.0,0.0,0.0,0.4010000000000003,0.0,0.0,2720.0,0
0.751,6848.0,5495.0,4123.0,6838.5,5487.5,4118.5,10000.0,8000.0,5000.0,0.5,-16.199999999999818,-14.899999999999636,700.0,0.0,0.0,0.4020000000000003,0.0,0.0,2725.0,0
0.752,6857.0,5502.0,4129.0,6848.5,5495.5,4123.5,9000.0,7000.0,6000.0,0.5,-16.199999999999818,-13.899999999999636,700.0,0.0,0.0,0.4030000000000003,0.0,0.0,2728.0,0
0.753,6866.0,5509.0,4134.0,6857.5,5502.5,4129.5,9000.0,7000.0,5000.0,0.5,-16.0,-14.5,700.0,0.0,0.0,0.4040000000000003,0.0,0.0,2732.0,0
0.754,6875.0,5516.0,4140.0,6866.5,5509.5,4134.5,9000.0,7000.0,6000.0,0.5,-15.800000000000182,-14.100000000000364,700.0,0.0,0.0,0.4050000000000003,0.0,0.0,2735.0,0
0.755,6884.0,5524.0,4145.0,6875.5,5516.5,4140.5,9000.0,8000.0,5000.0,0.5,-15.600000000000364,-14.699999999999818,700.0,0.0,0.0,0.4060000000000003,0.0,0.0,2739.0,0
0.756,6893.0,5531.0,4151.0,6884.5,5524.5,4145.5,9000.0,7000.0,6000.0,0.5,-16.399999999999636,-14.300000000000182,700.0,0.0,0.0,0.4070000000000003,0.0,0.0,2742.0,0
0.757,6902.0,5538.0,4156.0,6893.5,5531.5,4151.5,9000.0,7000.0,5000.0,0.5,-16.199999999999818,-14.899999999999636,700.0,0.0,0.0,0.4080000000000003,0.0,0.0,2746.0,0
0.758,6911.0,5545.0,4162.0,6902.5,5538.5,4156.5,9000.0,7000.0,6000.0,0.5,-16.0,-14.5,700.0,0.0,0.0,0.4090000000000003,0.0,0.0,2749.0,0
0.759,6920.0,5553.0,4167.0,6911.5,5545.5,4162.5,9000.0,8000.0,5000.0,0.5,-15.800000000000182,-15.100000000000364,700.0,0.0,0.0,0.4100000000000003,0.0,0.0,2753.0,0
0.76,6929.0,5560.0,4172.0,6920.5,5553.5,4167.5,9000.0,7000.0,5000.0,0.5,-16.600000000000364,-14.699999999999818,700.0,0.0,0.0,0.4110000000000003,0.0,0.0,2757.0,0
0.761,6939.0,5567.0,4178.0,6929.5,5560.5,4172.5,10000.0,7000.0,6000.0,0.5,-16.399999999999636,-14.300000000000182,700.0,0.0,0.0,0.4120000000000003,0.0,0.0,2761.0,0
0.762,6948.0,5575.0,4183.0,6939.5,5567.5,4178.5,9000.0,8000.0,5000.0,0.5,-15.399999999999636,-14.300000000000182,700.0,0.0,0.0,0.4130000000000003,0.0,0.0,2765.0,0
0.763,6957.0,5582.0,4189.0,6948.5,5575.5,4183.5,9000.0,7000.0,6000.0,0.5,-16.199999999999818,-13.899999999999636,700.0,0.0,0.0,0.4140000000000003,0.0,0.0,2768.0,0
0.764,6966.0,5589.0,4194.0,6957.5,5582.5,4189.5,9000.0,7000.0,5000.0,0.5,-16.0,-14.5,700.0,0.0,0.0,0.4150000000000003,0.0,0.0,2772.0,0
0.765,6975.0,5596.0,4200.0,6966.5,5589.5,4194.5,9000.0,7000.0,6000.0,0.5,-15.800000000000182,-14.100000000000364,700.0,0.0,0.0,0.4160000000000003,0.0,0.0,2775.0,0
0.766,6984.0,5604.0,4205.0,6975.5,5596.5,4200.5,9000.0,8000.0,5000.0,0.5,-15.600000000000364,-14.699999999999818,700.0,0.0,0.0,0.4170000000000003,0.0,0.0,2779.0,0
0.767,6993.0,5611.0,4211.0,6984.5,5604.5,4205.5,9000.0,7000.0,6000.0,0.5,-16.399999999999636,-14.300000000000182,700.0,0.0,0.0,0.4180000000000003,0.0,0.0,2782.0,0
0.768,7002.0,5618.0,4216.0,6993.5,5611.5,4211.5,9000.0,7000.0,5000.0,0.5,-16.199999999999818,-14.899999999999636,700.0,0.0,0.0,0.4190000000000003,0.0,0.0,2786.0,0
0.769,7011.0,5626.0,4222.0,7002.5,5618.5,4216.5,9000.0,8000.0,6000.0,0.5,-16.0,-14.5,700.0,0.0,0.0,0.4200000000000003,0.0,0.0,2789.0,0
0.77,7020.0,5633.0,4227.0,7011.5,5626.5,4222.5,9000.0,7000.0,5000.0,0.5,-16.800000000000182,-15.100000000000364,700.0,0.0,0.0,0.4210000000000003,0.0,0.0,2793.0,0
0.771,7030.0,5640.0,4233.0,7020.5,5633.5,4227.5,10000.0,7000.0,6000.0,0.5,-16.600000000000364,-14.699999999999818,700.0,0.0,0.0,0.4220000000000003,0.0,0.0,2797.0,0
0.772,7039.0,5647.0,4238.0,7030.5,5640.5,4233.5,9000.0,7000.0,5000.0,0.5,-15.600000000000364,-14.699999999999818,700.0,0.0,0.0,0.4230000000000003,0.0,0.0,2801.0,0
0.773,7048.0,5655.0,4243.0,7039.5,5647.5,4238.5,9000.0,8000.0,5000.0,0.5,-15.399999999999636,-14.300000000000182,700.0,0.0,0.0,0.4240000000000003,0.0,0.0,2805.0,0
0.774,7057.0,5662.0,4249.0,7048.5,5655.5,4243.5,9000.0,7000.0,6000.0,0.5,-16.199999999999818,-13.899999999999636,700.0,0.0,0.0,0.4250000000000003,0.0,0.0,2808.0,0
0.775,7066.0,5669.0,4254.0,7057.5,5662.5,4249.5,9000.0,7000.0,5000.0,0.5,-16.0,-14.5,700.0,0.0,0.0,0.4260000000000003,0.0,0.0,2812.0,0
0.776,7075.0,5677.0,4260.0,7066.5,5669.5,4254.5,9000.0,8000.0,6000.0,0.5,-15.800000000000182,-14.100000000000364,700.0,0.0,0.0,0.4270000000000003,0.0,0.0,2815.0,0
0.777,7084.0,5684.0,4265.0,7075.5,5677.5,4260.5,9000.0,7000.0,5000.0,0.5,-16.600000000000364,-14.699999999999818,700.0,0.0,0.0,0.4280000000000003,0.0,0.0,2819.0,0
0.778,7093.0,5691.0,4271.0,7084.5,5684.5,4265.5,9000.0,7000.0,6000.0,0.5,-16.399999999999636,-14.300000000000182,700.0,0.0,0.0,0.4290000000000003,0.0,0.0,2822.0,0
0.779,7102.0,5698.0,4276.0,7093.5,5691.5,4271.5,9000.0,7000.0,5000.0,0.5,-16.199999999999818,-14.899999999999636,700.0,0.0,0.0,0.4300000000000003,0.0,0.0,2826.0,0
0.78,7111.0,5706.0,4282.0,7102.5,5698.5,4276.5,9000.0,8000.0,6000.0,0.5,-16.0,-14.5,700.0,0.0,0.0,0.4310000000000003,0.0,0.0,2829.0,0
0.781,7121.0,5713.0,4287.0,7111.5,5706.5,4282.5,10000.0,7000.0,5000.0,0.5,-16.800000000000182,-15.100000000000364,700.0,0.0,0.0,0.43200000000000033,0.0,0.0,2834.0,0
0.782,7130.0,5720.0,4293.0,7121.5,5713.5,4287.5,9000.0,7000.0,6000.0,0.5,-15.800000000000182,-14.100000000000364,700.0,0.0,0.0,0.43300000000000033,0.0,0.0,2837.0,0
0.783,7139.0,5728.0,4298.0,7130.5,5720.5,4293.5,9000.0,8000.0,5000.0,0.5,-15.600000000000364,-14.699999999999818,700.0,0.0,0.0,0.43400000000000033,0.0,0.0,2841.0,0
0.784,7148.0,5735.0,4304.0,7139.5,5728.5,4298.5,9000.0,7000.0,6000.0,0.5,-16.399999999999636,-14.300000000000182,700.0,0.0,0.0,0.43500000000000033,0.0,0.0,2844.0,0
0.785,7157.0,5742.0,4309.0,7148.5,5735.5,4304.5,9000.0,7000.0,5000.0,0.5,-16.199999999999818,-14.899999999999636,700.0,0.0,0.0,0.43600000000000033,0.0,0.0,2848.0,0
0.786,7166.0,5749.0,4314.0,7157.5,5742.5,4309.5,9000.0,7000.0,5000.0,0.5,-16.0,-14.5,700.0,0.0,0.0,0.43700000000000033,0.0,0.0,2852.0,0
0.787,7175.0,5757.0,4320.0,7166.5,5749.5,4314.5,9000.0,8000.0,6000.0,0.5,-15.800000000000182,-14.100000000000364,700.0,0.0,0.0,0.43800000000000033,0.0,0.0,2855.0,0
0.788,7184.0,5764.0,4325.0,7175.5,5757.5,4320.5,9000.0,7000.0,5000.0,0.5,-16.600000000000364,-14.699999999999818,700.0,0.0,0.0,0.43900000000000033,0.0,0.0,2859.0,0
0.789,7193.0,5771.0,4331.0,7184.5,5764.5,4325.5,9000.0,7000.0,6000.0,0.5,-16.399999999999636,-14.300000000000182,700.0,0.0,0.0,0.44000000000000034,0.0,0.0,2862.0,0
0.79,7202.0,5778.0,4336.0,7193.5,5771.5,4331.5,9000.0,7000.0,5000.0,0.5,-16.199999999999818,-14.899999999999636,700.0,0.0,0.0,0.44100000000000034,0.0,0.0,2866.0,0
0.791,7212.0,5786.0,4342.0,7202.5,5778.5,4336.5,10000.0,8000.0,6000.0,0.5,-16.0,-14.5,700.0,0.0,0.0,0.44200000000000034,0.0,0.0,2870.0,0
0.792,7221.0,5793.0,4347.0,7212.5,5786.5,4342.5,9000.0,7000.0,5000.0,0.5,-16.0,-14.5,700.0,0.0,0.0,0.44300000000000034,0.0,0.0,2874.0,0
0.793,7230.0,5800.0,4353.0,7221.5,5793.5,4347.5,9000.0,7000.0,6000.0,0.5,-15.800000000000182,-14.100000000000364,700.0,0.0,0.0,0.44400000000000034,0.0,0.0,2877.0,0
0.794,7239.0,5808.0,4358.0,7230.5,5800.5,4353.5,9000.0,8000.0,5000.0,0.5,-15.600000000000364,-14.699999999999818,700.0,0.0,0.0,0.44500000000000034,0.0,0.0,2881.0,0
0.795,7248.0,5815.0,4364.0,7239.5,5808.5,4358.5,9000.0,7000.0,6000.0,0.5,-16.399999999999636,-14.300000000000182,700.0,0.0,0.0,0.44600000000000034,0.0,0.0,2884.0,0
0.796,7257.0,5822.0,4369.0,7248.5,5815.5,4364.5,9000.0,7000.0,5000.0,0.5,-16.199999999999818,-14.899999999999636,700.0,0.0,0.0,0.44700000000000034,0.0,0.0,2888.0,0
0.797,7266.0,5829.0,4374.0,7257.5,5822.5,4369.5,9000.0,7000.0,5000.0,0.5,-16.0,-14.5,700.0,0.0,0.0,0.44800000000000034,0.0,0.0,2892.0,0
0.798,7275.0,5837.0,4380.0,7266.5,5829.5,4374.5,9000.0,8000.0,6000.0,0.5,-15.800000000000182,-14.100000000000364,700.0,0.0,0.0,0.44900000000000034,0.0,0.0,2895.0,0
0.799,7284.0,5844.0,4385.0,7275.5,5837.5,4380.5,9000.0,7000.0,5000.0,0.5,-16.600000000000364,-14.699999999999818,700.0,0.0,0.0,0.45000000000000034,0.0,0.0,2899.0,0
0.8,7293.0,5851.0,4391.0,7284.5,5844.5,4385.5,9000.0,7000.0,6000.0,0.5,-16.399999999999636,-14.300000000000182,700.0,0.0,0.0,0.45100000000000035,0.0,0.0,2902.0,0
0.801,7303.0,5859.0,4396.0,7293.5,5851.5,4391.5,10000.0,8000.0,5000.0,0.5,-16.199999999999818,-14.899999999999636,700.0,0.0,0.0,0.45200000000000035,0.0,0.0,2907.0,0
0.802,7312.0,5866.0,4402.0,7303.5,5859.5,4396.5,9000.0,7000.0,6000.0,0.5,-16.199999999999818,-13.899999999999636,700.0,0.0,0.0,0.45300000000000035,0.0,0.0,2910.0,0
0.803,7321.0,5873.0,4407.0,7312.5,5866.5,4402.5,9000.0,7000.0,5000.0,0.5,-16.0,-14.5,700.0,0.0,0.0,0.45400000000000035,0.0,0.0,2914.0,0
0.804,7330.0,5880.0,4413.0,7321.5,5873.5,4407.5,9000.0,7000.0,6000.0,0.5,-15.800000000000182,-14.100000000000364,700.0,0.0,0.0,0.45500000000000035,0.0,0.0,2917.0,0
0.805,7339.0,5888.0,4418.0,7330.5,5880.5,4413.5,9000.0,8000.0,5000.0,0.5,-15.600000000000364,-14.699999999999818,700.0,0.0,0.0,0.45600000000000035,0.0,0.0,2921.0,0
0.806,7348.0,5895.0,4424.0,7339.5,5888.5,4418.5,9000.0,7000.0,6000.0,0.5,-16.399999999999636,-14.300000000000182,700.0,0.0,0.0,0.45700000000000035,0.0,0.0,2924.0,0
0.807,7357.0,5902.0,4429.0,7348.5,5895.5,4424.5,9000.0,7000.0,5000.0,0.5,-16.199999999999818,-14.899999999999636,700.0,0.0,0.0,0.45800000000000035,0.0,0.0,2928.0,0
0.808,7366.0,5909.0,4435.0,7357.5,5902.5,4429.5,9000.0,7000.0,6000.0,0.5,-16.0,-14.5,700.0,0.0,0.0,0.45900000000000035,0.0,0.0,2931.0,0
0.809,7375.0,5917.0,4440.0,7366.5,5909.5,4435.5,9000.0,8000.0,5000.0,0.5,-15.800000000000182,-15.100000000000364,700.0,0.0,0.0,0.46000000000000035,0.0,0.0,2935.0,0
0.81,7384.0,5924.0,4445.0,7375.5,5917.5,4440.5,9000.0,7000.0,5000.0,0.5,-16.600000000000364,-14.699999999999818,700.0,0.0,0.0,0.46100000000000035,0.0,0.0,2939.0,0
0.811,7394.0,5931.0,4451.0,7384.5,5924.5,4445.5,10000.0,7000.0,6000.0,0.5,-16.399999999999636,-14.300000000000182,700.0,0.0,0.0,0.46200000000000035,0.0,0.0,2943.0,0
0.812,7403.0,5939.0,4456.0,7394.5,5931.5,4451.5,9000.0,8000.0,5000.0,0.5,-15.399999999999636,-14.300000000000182,700.0,0.0,0.0,0.46300000000000036,0.0,0.0,2947.0,0
0.8130000000000001,7412.0,5946.0,4462.0,7403.5,5939.5,4456.5,9000.0,7000.0,6000.0,0.5,-16.199999999999818,-13.899999999999636,700.0,0.0,0.0,0.46400000000000036,0.0,0.0,2950.0,0
0.8140000000000001,7421.0,5953.0,4467.0,7412.5,5946.5,4462.5,9000.0,7000.0,5000.0,0.5,-16.0,-14.5,700.0,0.0,0.0,0.46500000000000036,0.0,0.0,2954.0,0
0.8150000000000001,7430.0,5960.0,4473.0,7421.5,5953.5,4467.5,9000.0,7000.0,6000.0,0.5,-15.800000000000182,-14.100000000000364,700.0,0.0,0.0,0.46600000000000036,0.0,0.0,2957.0,0
0.8160000000000001,7439.0,5968.0,4478.0,7430.5,5960.5,4473.5,9000.0,8000.0,5000.0,0.5,-15.600000000000364,-14.699999999999818,700.0,0.0,0.0,0.46700000000000036,0.0,0.0,2961.0,0
0.8170000000000001,7448.0,5975.0,4484.0,7439.5,5968.5,4478.5,9000.0,7000.0,6000.0,0.5,-16.399999999999636,-14.300000000000182,700.0,0.0,0.0,0.46800000000000036,0.0,0.0,2964.0,0
0.8180000000000001,7457.0,5982.0,4489.0,7448.5,5975.5,4484.5,9000.0,7000.0,5000.0,0.5,-16.199999999999818,-14.899999999999636,700.0,0.0,0.0,0.46900000000000036,0.0,0.0,2968.0,0
0.8190000000000001,7466.0,5990.0,4495.0,7457.5,5982.5,4489.5,9000.0,8000.0,6000.0,0.5,-16.0,-14.5,700.0,0.0,0.0,0.47000000000000036,0.0,0.0,2971.0,0
0.8200000000000001,7475.0,5997.0,4500.0,7466.5,5990.5,4495.5,9000.0,7000.0,5000.0,0.5,-16.800000000000182,-15.100000000000364,700.0,0.0,0.0,0.47100000000000036,0.0,0.0,2975.0,0
0.8210000000000001,7485.0,6004.0,4506.0,7475.5,5997.5,4500.5,10000.0,7000.0,6000.0,0.5,-16.600000000000364,-14.699999999999818,700.0,0.0,0.0,0.47200000000000036,0.0,0.0,2979.0,0
0.8220000000000001,7494.0,6011.0,4511.0,7485.5,6004.5,4506.5,9000.0,7000.0,5000.0,0.5,-15.600000000000364,-14.699999999999818,700.0,0.0,0.0,0.47300000000000036,0.0,0.0,2983.0,0
0.8230000000000001,7503.0,6019.0,4516.0,7494.5,6011.5,4511.5,9000.0,8000.0,5000.0,0.5,-15.399999999999636,-14.300000000000182,700.0,0.0,0.0,0.47400000000000037,0.0,0.0,2987.0,0
0.8240000000000001,7512.0,6026.0,4522.0,7503.5,6019.5,4516.5,9000.0,7000.0,6000.0,0.5,-16.199999999999818,-13.899999999999636,700.0,0.0,0.0,0.47500000000000037,0.0,0.0,2990.0,0
0.8250000000000001,7521.0,6033.0,4527.0,7512.5,6026.5,4522.5,9000.0,7000.0,5000.0,0.5,-16.0,-14.5,700.0,0.0,0.0,0.47600000000000037,0.0,0.0,2994.0,0
0.8260000000000001,7530.0,6041.0,4533.0,7521.5,6033.5,4527.5,9000.0,8000.0,6000.0,0.5,-15.800000000000182,-14.100000000000364,700.0,0.0,0.0,0.47700000000000037,0.0,0.0,2997.0,0
0.8270000000000001,7539.0,6048.0,4538.0,7530.5,6041.5,4533.5,9000.0,7000.0,5000.0,0.5,-16.600000000000364,-14.699999999999818,700.0,0.0,0.0,0.47800000000000037,0.0,0.0,3001.0,0
0.8280000000000001,7548.0,6055.0,4544.0,7539.5,6048.5,4538.5,9000.0,7000.0,6000.0,0.5,-16.399999999999636,-14.300000000000182,700.0,0.0,0.0,0.47900000000000037,0.0,0.0,3004.0,0
0.8290000000000001,7557.0,6062.0,4549.0,7548.5,6055.5,4544.5,9000.0,7000.0,5000.0,0.5,-16.199999999999818,-14.899999999999636,700.0,0.0,0.0,0.48000000000000037,0.0,0.0,3008.0,0
0.8300000000000001,7566.0,6070.0,4555.0,7557.5,6062.5,4549.5,9000.0,8000.0,6000.0,0.5,-16.0,-14.5,700.0,0.0,0.0,0.48100000000000037,0.0,0.0,3011.0,0
0.8310000000000001,7576.0,6077.0,4560.0,7566.5,6070.5,4555.5,10000.0,7000.0,5000.0,0.5,-16.800000000000182,-15.100000000000364,700.0,0.0,0.0,0.4820000000000004,0.0,0.0,3016.0,0
0.8320000000000001,7585.0,6084.0,4566.0,7576.5,6077.5,4560.5,9000.0,7000.0,6000.0,0.5,-15.800000000000182,-14.100000000000364,700.0,0.0,0.0,0.4830000000000004,0.0,0.0,3019.0,0
0.833,7594.0,6092.0,4571.0,7585.5,6084.5,4566.5,9000.0,8000.0,5000.0,0.5,-15.600000000000364,-14.699999999999818,700.0,0.0,0.0,0.4840000000000004,0.0,0.0,3023.0,0
0.834,7603.0,6099.0,4576.0,7594.5,6092.5,4571.5,9000.0,7000.0,5000.0,0.5,-16.399999999999636,-14.300000000000182,700.0,0.0,0.0,0.4850000000000004,0.0,0.0,3027.0,0
0.835,7612.0,6106.0,4582.0,7603.5,6099.5,4576.5,9000.0,7000.0,6000.0,0.5,-16.199999999999818,-13.899999999999636,700.0,0.0,0.0,0.4860000000000004,0.0,0.0,3030.0,0
0.836,7621.0,6113.0,4587.0,7612.5,6106.5,4582.5,9000.0,7000.0,5000.0,0.5,-16.0,-14.5,700.0,0.0,0.0,0.4870000000000004,0.0,0.0,3034.0,0
0.837,7630.0,6121.0,4593.0,7621.5,6113.5,4587.5,9000.0,8000.0,6000.0,0.5,-15.800000000000182,-14.100000000000364,700.0,0.0,0.0,0.4880000000000004,0.0,0.0,3037.0,0
0.838,7639.0,6128.0,4598.0,7630.5,6121.5,4593.5,9000.0,7000.0,5000.0,0.5,-16.600000000000364,-14.699999999999818,700.0,0.0,0.0,0.4890000000000004,0.0,0.0,3041.0,0
0.839,7648.0,6135.0,4604.0,7639.5,6128.5,4598.5,9000.0,7000.0,6000.0,0.5,-16.399999999999636,-14.300000000000182,700.0,0.0,0.0,0.4900000000000004,0.0,0.0,3044.0,0
0.84,7657.0,6142.0,4609.0,7648.5,6135.5,4604.5,9000.0,7000.0,5000.0,0.5,-16.199999999999818,-14.899999999999636,700.0,0.0,0.0,0.4910000000000004,0.0,0.0,3048.0,0
0.841,7667.0,6150.0,4615.0,7657.5,6142.5,4609.5,10000.0,8000.0,6000.0,0.5,-16.0,-14.5,700.0,0.0,0.0,0.4920000000000004,0.0,0.0,3052.0,0
0.842,7676.0,6157.0,4620.0,7667.5,6150.5,4615.5,9000.0,7000.0,5000.0,0.5,-16.0,-14.5,700.0,0.0,0.0,0.4930000000000004,0.0,0.0,3056.0,0
0.843,7685.0,6164.0,4626.0,7676.5,6157.5,4620.5,9000.0,7000.0,6000.0,0.5,-15.800000000000182,-14.100000000000364,700.0,0.0,0.0,0.4940000000000004,0.0,0.0,3059.0,0
0.844,7694.0,6172.0,4631.0,7685.5,6164.5,4626.5,9000.0,8000.0,5000.0,0.5,-15.600000000000364,-14.699999999999818,700.0,0.0,0.0,0.4950000000000004,0.0,0.0,3063.0,0
0.845,7703.0,6179.0,4637.0,7694.5,6172.5,4631.5,9000.0,7000.0,6000.0,0.5,-16.399999999999636,-14.300000000000182,700.0,0.0,0.0,0.4960000000000004,0.0,0.0,3066.0,0
0.846,7712.0,6186.0,4642.0,7703.5,6179.5,4637.5,9000.0,7000.0,5000.0,0.5,-16.199999999999818,-14.899999999999636,700.0,0.0,0.0,0.4970000000000004,0.0,0.0,3070.0,0
0.847,7721.0,6193.0,4647.0,7712.5,6186.5,4642.5,9000.0,7000.0,5000.0,0.5,-16.0,-14.5,700.0,0.0,0.0,0.4980000000000004,0.0,0.0,3074.0,0
0.848,7730.0,6201.0,4653.0,7721.5,6193.5,4647.5,9000.0,8000.0,6000.0,0.5,-15.800000000000182,-14.100000000000364,700.0,0.0,0.0,0.4990000000000004,0.0,0.0,3077.0,0
0.849,7739.0,6208.0,4658.0,7730.5,6201.5,4653.5,9000.0,7000.0,5000.0,0.5,-16.600000000000364,-14.699999999999818,700.0,0.0,0.0,0.5000000000000003,0.0,0.0,3081.0,0
0.85,7748.0,6215.0,4664.0,7739.5,6208.5,4658.5,9000.0,7000.0,6000.0,0.5,-16.399999999999636,-14.300000000000182,700.0,0.0,0.0,0.5010000000000003,0.0,0.0,3084.0,0
0.851,7758.0,6223.0,4669.0,7748.5,6215.5,4664.5,10000.0,8000.0,5000.0,0.5,-16.199999999999818,-14.899999999999636,700.0,0.0,0.0,0.5020000000000003,0.0,0.0,3089.0,0
0.852,7767.0,6230.0,4675.0,7758.5,6223.5,4669.5,9000.0,7000.0,6000.0,0.5,-16.199999999999818,-13.899999999999636,700.0,0.0,0.0,0.5030000000000003,0.0,0.0,3092.0,0
0.853,7776.0,6237.0,4680.0,7767.5,6230.5,4675.5,9000.0,7000.0,5000.0,0.5,-16.0,-14.5,700.0,0.0,0.0,0.5040000000000003,0.0,0.0,3096.0,0
0.854,7785.0,6244.0,4686.0,7776.5,6237.5,4680.5,9000.0,7000.0,6000.0,0.5,-15.800000000000182,-14.100000000000364,700.0,0.0,0.0,0.5050000000000003,0.0,0.0,3099.0,0
0.855,7794.0,6252.0,4691.0,7785.5,6244.5,4686.5,9000.0,8000.0,5000.0,0.5,-15.600000000000364,-14.699999999999818,700.0,0.0,0.0,0.5060000000000003,0.0,0.0,3103.0,0
0.856,7803.0,6259.0,4697.0,7794.5,6252.5,4691.5,9000.0,7000.0,6000.0,0.5,-16.399999999999636,-14.300000000000182,700.0,0.0,0.0,0.5070000000000003,0.0,0.0,3106.0,0
0.857,7812.0,6266.0,4702.0,7803.5,6259.5,4697.5,9000.0,7000.0,5000.0,0.5,-16.199999999999818,-14.899999999999636,700.0,0.0,0.0,0.5080000000000003,0.0,0.0,3110.0,0
0.858,7821.0,6273.0,4708.0,7812.5,6266.5,4702.5,9000.0,7000.0,6000.0,0.5,-16.0,-14.5,700.0,0.0,0.0,0.5090000000000003,0.0,0.0,3113.0,0
0.859,7830.0,6281.0,4713.0,7821.5,6273.5,4708.5,9000.0,8000.0,5000.0,0.5,-15.800000000000182,-15.100000000000364,700.0,0.0,0.0,0.5100000000000003,0.0,0.0,3117.0,0
0.86,7839.0,6288.0,4718.0,7830.5,6281.5,4713.5,9000.0,7000.0,5000.0,0.5,-16.600000000000364,-14.699999999999818,700.0,0.0,0.0,0.5110000000000003,0.0,0.0,3121.0,0
0.861,7849.0,6295.0,4724.0,7839.5,6288.5,4718.5,10000.0,7000.0,6000.0,0.5,-16.399999999999636,-14.300000000000182,700.0,0.0,0.0,0.5120000000000003,0.0,0.0,3125.0,0
0.862,7858.0,6303.0,4729.0,7849.5,6295.5,4724.5,9000.0,8000.0,5000.0,0.5,-15.399999999999636,-14.300000000000182,700.0,0.0,0.0,0.5130000000000003,0.0,0.0,3129.0,0
0.863,7867.0,6310.0,4735.0,7858.5,6303.5,4729.5,9000.0,7000.0,6000.0,0.5,-16.199999999999818,-13.899999999999636,700.0,0.0,0.0,0.5140000000000003,0.0,0.0,3132.0,0
0.864,7876.0,6317.0,4740.0,7867.5,6310.5,4735.5,9000.0,7000.0,5000.0,0.5,-16.0,-14.5,700.0,0.0,0.0,0.5150000000000003,0.0,0.0,3136.0,0
0.865,7885.0,6324.0,4746.0,7876.5,6317.5,4740.5,9000.0,7000.0,6000.0,0.5,-15.800000000000182,-14.100000000000364,700.0,0.0,0.0,0.5160000000000003,0.0,0.0,3139.0,0
0.866,7894.0,6332.0,4751.0,7885.5,6324.5,4746.5,9000.0,8000.0,5000.0,0.5,-15.600000000000364,-14.699999999999818,700.0,0.0,0.0,0.5170000000000003,0.0,0.0,3143.0,0
0.867,7903.0,6339.0,4757.0,7894.5,6332.5,4751.5,9000.0,7000.0,6000.0,0.5,-16.399999999999636,-14.300000000000182,700.0,0.0,0.0,0.5180000000000003,0.0,0.0,3146.0,0
0.868,7912.0,6346.0,4762.0,7903.5,6339.5,4757.5,9000.0,7000.0,5000.0,0.5,-16.199999999999818,-14.899999999999636,700.0,0.0,0.0,0.5190000000000003,0.0,0.0,3150.0,0
0.869,7921.0,6354.0,4768.0,7912.5,6346.5,4762.5,9000.0,8000.0,6000.0,0.5,-16.0,-14.5,700.0,0.0,0.0,0.5200000000000004,0.0,0.0,3153.0,0
0.87,7930.0,6361.0,4773.0,7921.5,6354.5,4768.5,9000.0,7000.0,5000.0,0.5,-16.800000000000182,-15.100000000000364,700.0,0.0,0.0,0.5210000000000004,0.0,0.0,3157.0,0
0.871,7940.0,6368.0,4779.0,7930.5,6361.5,4773.5,10000.0,7000.0,6000.0,0.5,-16.600000000000364,-14.699999999999818,700.0,0.0,0.0,0.5220000000000004,0.0,0.0,3161.0,0
0.872,7949.0,6375.0,4784.0,7940.5,6368.5,4779.5,9000.0,7000.0,5000.0,0.5,-15.600000000000364,-14.699999999999818,700.0,0.0,0.0,0.5230000000000004,0.0,0.0,3165.0,0
0.873,7958.0,6383.0,4789.0,7949.5,6375.5,4784.5,9000.0,8000.0,5000.0,0.5,-15.399999999999636,-14.300000000000182,700.0,0.0,0.0,0.5240000000000004,0.0,0.0,3169.0,0
0.874,7967.0,6390.0,4795.0,7958.5,6383.5,4789.5,9000.0,7000.0,6000.0,0.5,-16.199999999999818,-13.899999999999636,700.0,0.0,0.0,0.5250000000000004,0.0,0.0,3172.0,0
0.875,7976.0,6397.0,4800.0,7967.5,6390.5,4795.5,9000.0,7000.0,5000.0,0.5,-16.0,-14.5,700.0,0.0,0.0,0.5260000000000004,0.0,0.0,3176.0,0
0.876,7985.0,6405.0,4806.0,7976.5,6397.5,4800.5,9000.0,8000.0,6000.0,0.5,-15.800000000000182,-14.100000000000364,700.0,0.0,0.0,0.5270000000000004,0.0,0.0,3179.0,0
0.877,7994.0,6412.0,4811.0,7985.5,6405.5,4806.5,9000.0,7000.0,5000.0,0.5,-16.600000000000364,-14.699999999999818,700.0,0.0,0.0,0.5280000000000004,0.0,0.0,3183.0,0
0.878,8003.0,6419.0,4817.0,7994.5,6412.5,4811.5,9000.0,7000.0,6000.0,0.5,-16.399999999999636,-14.300000000000182,700.0,0.0,0.0,0.5290000000000004,0.0,0.0,3186.0,0
0.879,8012.0,6426.0,4822.0,8003.5,6419.5,4817.5,9000.0,7000.0,5000.0,0.5,-16.199999999999818,-14.899999999999636,700.0,0.0,0.0,0.5300000000000004,0.0,0.0,3190.0,0
0.88,8021.0,6434.0,4828.0,8012.5,6426.5,4822.5,9000.0,8000.0,6000.0,0.5,-16.0,-14.5,700.0,0.0,0.0,0.5310000000000004,0.0,0.0,3193.0,0
0.881,8031.0,6441.0,4833.0,8021.5,6434.5,4828.5,10000.0,7000.0,5000.0,0.5,-16.800000000000182,-15.100000000000364,700.0,0.0,0.0,0.5320000000000004,0.0,0.0,3198.0,0
0.882,8040.0,6448.0,4839.0,8031.5,6441.5,4833.5,9000.0,7000.0,6000.0,0.5,-15.800000000000182,-14.100000000000364,700.0,0.0,0.0,0.5330000000000004,0.0,0.0,3201.0,0
0.883,8049.0,6455.0,4844.0,8040.5,6448.5,4839.5,9000.0,7000.0,5000.0,0.5,-15.600000000000364,-14.699999999999818,700.0,0.0,0.0,0.5340000000000004,0.0,0.0,3205.0,0
0.884,8058.0,6463.0,4850.0,8049.5,6455.5,4844.5,9000.0,8000.0,6000.0,0.5,-15.399999999999636,-14.300000000000182,700.0,0.0,0.0,0.5350000000000004,0.0,0.0,3208.0,0
0.885,8067.0,6470.0,4855.0,8058.5,6463.5,4850.5,9000.0,7000.0,5000.0,0.5,-16.199999999999818,-14.899999999999636,700.0,0.0,0.0,0.5360000000000004,0.0,0.0,3212.0,0
0.886,8076.0,6477.0,4860.0,8067.5,6470.5,4855.5,9000.0,7000.0,5000.0,0.5,-16.0,-14.5,700.0,0.0,0.0,0.5370000000000004,0.0,0.0,3216.0,0
0.887,8085.0,6485.0,4866.0,8076.5,6477.5,4860.5,9000.0,8000.0,6000.0,0.5,-15.800000000000182,-14.100000000000364,700.0,0.0,0.0,0.5380000000000004,0.0,0.0,3219.0,0
0.888,8094.0,6492.0,4871.0,8085.5,6485.5,4866.5,9000.0,7000.0,5000.0,0.5,-16.600000000000364,-14.699999999999818,700.0,0.0,0.0,0.5390000000000004,0.0,0.0,3223.0,0
0.889,8103.0,6499.0,4877.0,8094.5,6492.5,4871.5,9000.0,7000.0,6000.0,0.5,-16.399999999999636,-14.300000000000182,700.0,0.0,0.0,0.5400000000000004,0.0,0.0,3226.0,0
0.89,8112.0,6506.0,4882.0,8103.5,6499.5,4877.5,9000.0,7000.0,5000.0,0.5,-16.199999999999818,-14.899999999999636,700.0,0.0,0.0,0.5410000000000004,0.0,0.0,3230.0,0
0.891,8122.0,6514.0,4888.0,8112.5,6506.5,4882.5,10000.0,8000.0,6000.0,0.5,-16.0,-14.5,700.0,0.0,0.0,0.5420000000000004,0.0,0.0,3234.0,0
0.892,8131.0,6521.0,4893.0,8122.5,6514.5,4888.5,9000.0,7000.0,5000.0,0.5,-16.0,-14.5,700.0,0.0,0.0,0.5430000000000004,0.0,0.0,3238.0,0
0.893,8140.0,6528.0,4899.0,8131.5,6521.5,4893.5,9000.0,7000.0,6000.0,0.5,-15.800000000000182,-14.100000000000364,700.0,0.0,0.0,0.5440000000000004,0.0,0.0,3241.0,0
0.894,8149.0,6536.0,4904.0,8140.5,6528.5,4899.5,9000.0,8000.0,5000.0,0.5,-15.600000000000364,-14.699999999999818,700.0,0.0,0.0,0.5450000000000004,0.0,0.0,3245.0,0
0.895,8158.0,6543.0,4910.0,8149.5,6536.5,4904.5,9000.0,7000.0,6000.0,0.5,-16.399999999999636,-14.300000000000182,700.0,0.0,0.0,0.5460000000000004,0.0,0.0,3248.0,0
0.896,8167.0,6550.0,4915.0,8158.5,6543.5,4910.5,9000.0,7000.0,5000.0,0.5,-16.199999999999818,-14.899999999999636,700.0,0.0,0.0,0.5470000000000004,0.0,0.0,3252.0,0
0.897,8176.0,6557.0,4920.0,8167.5,6550.5,4915.5,9000.0,7000.0,5000.0,0.5,-16.0,-14.5,700.0,0.0,0.0,0.5480000000000004,0.0,0.0,3256.0,0
0.898,8185.0,6565.0,4926.0,8176.5,6557.5,4920.5,9000.0,8000.0,6000.0,0.5,-15.800000000000182,-14.100000000000364,700.0,0.0,0.0,0.5490000000000004,0.0,0.0,3259.0,0
0.899,8194.0,6572.0,4931.0,8185.5,6565.5,4926.5,9000.0,7000.0,5000.0,0.5,-16.600000000000364,-14.699999999999818,700.0,0.0,0.0,0.5500000000000004,0.0,0.0,3263.0,0
0.9,8203.0,6578.0,4937.0,8194.5,6572.5,4931.5,9000.0,6000.0,6000.0,0.5,-16.399999999999636,-14.300000000000182,700.0,900.0,0.0,0.5510000000000004,0.001,0.0,3266.0,0
0.901,8213.0,6585.0,4942.0,8203.5,6578.5,4937.5,10000.0,7000.0,5000.0,0.5,-15.199999999999818,-14.899999999999636,700.0,900.0,0.0,0.5520000000000004,0.002,0.0,3271.0,0
0.902,8222.0,6591.0,4948.0,8213.5,6585.5,4942.5,9000.0,6000.0,6000.0,0.5,-14.199999999999818,-13.899999999999636,700.0,900.0,0.0,0.5530000000000004,0.003,0.0,3274.0,0
0.903,8231.0,6598.0,4953.0,8222.5,6591.5,4948.5,9000.0,7000.0,5000.0,0.5,-13.0,-14.5,700.0,900.0,0.0,0.5540000000000004,0.004,0.0,3278.0,0
0.904,8240.0,6604.0,4959.0,8231.5,6598.5,4953.5,9000.0,6000.0,6000.0,0.5,-12.800000000000182,-14.100000000000364,700.0,900.0,0.0,0.5550000000000004,0.005,0.0,3281.0,0
0.905,8249.0,6611.0,4964.0,8240.5,6604.5,4959.5,9000.0,7000.0,5000.0,0.5,-11.600000000000364,-14.699999999999818,700.0,900.0,0.0,0.5560000000000004,0.006,0.0,3285.0,0
0.906,8258.0,6617.0,4970.0,8249.5,6611.5,4964.5,9000.0,6000.0,6000.0,0.5,-11.399999999999636,-14.300000000000182,700.0,900.0,0.0,0.5570000000000004,0.007,0.0,3288.0,0
0.907,8267.0,6624.0,4975.0,8258.5,6617.5,4970.5,9000.0,7000.0,5000.0,0.5,-10.199999999999818,-14.899999999999636,700.0,900.0,0.0,0.5580000000000004,0.008,0.0,3292.0,0
0.908,8276.0,6630.0,4981.0,8267.5,6624.5,4975.5,9000.0,6000.0,6000.0,0.5,-10.0,-14.5,700.0,900.0,0.0,0.5590000000000004,0.009000000000000001,0.0,3295.0,0
0.909,8285.0,6637.0,4986.0,8276.5,6630.5,4981.5,9000.0,7000.0,5000.0,0.5,-8.800000000000182,-15.100000000000364,700.0,900.0,0.0,0.5600000000000004,0.010000000000000002,0.0,3299.0,0
0.91,8294.0,6644.0,4991.0,8285.5,6637.5,4986.5,9000.0,7000.0,5000.0,0.5,-8.600000000000364,-14.699999999999818,700.0,900.0,0.0,0.5610000000000004,0.011000000000000003,0.0,3303.0,0
0.911,8304.0,6651.0,4997.0,8294.5,6644.5,4991.5,10000.0,7000.0,6000.0,0.5,-8.399999999999636,-14.300000000000182,700.0,900.0,0.0,0.5620000000000004,0.012000000000000004,0.0,3307.0,0
0.912,8313.0,6658.0,5002.0,8304.5,6651.5,4997.5,9000.0,7000.0,5000.0,0.5,-7.399999999999636,-14.300000000000182,700.0,900.0,0.0,0.5630000000000004,0.013000000000000005,0.0,3311.0,0
0.913,8322.0,6665.0,5008.0,8313.5,6658.5,5002.5,9000.0,7000.0,6000.0,0.5,-7.199999999999818,-13.899999999999636,700.0,900.0,0.0,0.5640000000000004,0.014000000000000005,0.0,3314.0,0
0.914,8331.0,6672.0,5013.0,8322.5,6665.5,5008.5,9000.0,7000.0,5000.0,0.5,-7.0,-14.5,700.0,900.0,0.0,0.5650000000000004,0.015000000000000006,0.0,3318.0,0
0.915,8340.0,6679.0,5019.0,8331.5,6672.5,5013.5,9000.0,7000.0,6000.0,0.5,-6.800000000000182,-14.100000000000364,700.0,900.0,0.0,0.5660000000000004,0.016000000000000007,0.0,3321.0,0
0.916,8349.0,6685.0,5024.0,8340.5,6679.5,5019.5,9000.0,6000.0,5000.0,0.5,-6.600000000000364,-14.699999999999818,700.0,900.0,0.0,0.5670000000000004,0.017000000000000008,0.0,3325.0,0
0.917,8358.0,6692.0,5030.0,8349.5,6685.5,5024.5,9000.0,7000.0,6000.0,0.5,-5.399999999999636,-14.300000000000182,700.0,900.0,0.0,0.5680000000000004,0.01800000000000001,0.0,3328.0,0
0.918,8367.0,6699.0,5035.0,8358.5,6692.5,5030.5,9000.0,7000.0,5000.0,0.5,-5.199999999999818,-14.899999999999636,700.0,900.0,0.0,0.5690000000000004,0.01900000000000001,0.0,3332.0,0
0.919,8376.0,6706.0,5041.0,8367.5,6699.5,5035.5,9000.0,7000.0,6000.0,0.5,-5.0,-14.5,700.0,900.0,0.0,0.5700000000000004,0.02000000000000001,0.0,3335.0,0
0.92,8385.0,6713.0,5046.0,8376.5,6706.5,5041.5,9000.0,7000.0,5000.0,0.5,-4.800000000000182,-15.100000000000364,700.0,900.0,0.0,0.5710000000000004,0.02100000000000001,0.0,3339.0,0
0.921,8395.0,6720.0,5052.0,8385.5,6713.5,5046.5,10000.0,7000.0,6000.0,0.5,-4.600000000000364,-14.699999999999818,700.0,900.0,0.0,0.5720000000000004,0.022000000000000013,0.0,3343.0,0
0.922,8404.0,6727.0,5057.0,8395.5,6720.5,5052.5,9000.0,7000.0,5000.0,0.5,-3.600000000000364,-14.699999999999818,700.0,900.0,0.0,0.5730000000000004,0.023000000000000013,0.0,3347.0,0
0.923,8413.0,6734.0,5062.0,8404.5,6727.5,5057.5,9000.0,7000.0,5000.0,0.5,-3.399999999999636,-14.300000000000182,700.0,900.0,0.0,0.5740000000000004,0.024000000000000014,0.0,3351.0,0
0.924,8422.0,6741.0,5068.0,8413.5,6734.5,5062.5,9000.0,7000.0,6000.0,0.5,-3.199999999999818,-13.899999999999636,700.0,900.0,0.0,0.5750000000000004,0.025000000000000015,0.0,3354.0,0
0.925,8431.0,6748.0,5073.0,8422.5,6741.5,5068.5,9000.0,7000.0,5000.0,0.5,-3.0,-14.5,700.0,900.0,0.0,0.5760000000000004,0.026000000000000016,0.0,3358.0,0
0.926,8440.0,6754.0,5079.0,8431.5,6748.5,5073.5,9000.0,6000.0,6000.0,0.5,-2.800000000000182,-14.100000000000364,700.0,900.0,0.0,0.5770000000000004,0.027000000000000017,0.0,3361.0,0
0.927,8449.0,6761.0,5084.0,8440.5,6754.5,5079.5,9000.0,7000.0,5000.0,0.5,-1.6000000000003638,-14.699999999999818,700.0,900.0,0.0,0.5780000000000004,0.028000000000000018,0.0,3365.0,0
0.928,8458.0,6768.0,5090.0,8449.5,6761.5,5084.5,9000.0,7000.0,6000.0,0.5,-1.3999999999996362,-14.300000000000182,700.0,900.0,0.0,0.5790000000000004,0.02900000000000002,0.0,3368.0,0
0.929,8467.0,6775.0,5095.0,8458.5,6768.5,5090.5,9000.0,7000.0,5000.0,0.5,-1.199999999999818,-14.899999999999636,700.0,900.0,0.0,0.5800000000000004,0.03000000000000002,0.0,3372.0,0
0.93,8476.0,6782.0,5101.0,8467.5,6775.5,5095.5,9000.0,7000.0,6000.0,0.5,-1.0,-14.5,700.0,900.0,0.0,0.5810000000000004,0.03100000000000002,0.0,3375.0,0
0.931,8486.0,6789.0,5106.0,8476.5,6782.5,5101.5,10000.0,7000.0,5000.0,0.5,-0.8000000000001819,-15.100000000000364,700.0,900.0,0.0,0.5820000000000004,0.03200000000000002,0.0,3380.0,0
0.932,8495.0,6796.0,5112.0,8486.5,6789.5,5106.5,9000.0,7000.0,6000.0,0.5,0.1999999999998181,-14.100000000000364,700.0,900.0,0.0,0.5830000000000004,0.03300000000000002,0.0,3383.0,0
0.933,8504.0,6803.0,5117.0,8495.5,6796.5,5112.5,9000.0,7000.0,5000.0,0.5,0.3999999999996362,-14.699999999999818,700.0,900.0,0.0,0.5840000000000004,0.03400000000000002,0.0,3387.0,0
0.934,8513.0,6810.0,5122.0,8504.5,6803.5,5117.5,9000.0,7000.0,5000.0,0.375,0.5,-14.375,700.0,900.0,0.0,0.5850000000000004,0.035000000000000024,0.0,3391.0,0
0.935,8522.0,6817.0,5128.0,8513.5,6810.5,5122.5,9000.0,7000.0,6000.0,0.125,0.5,-14.125,700.0,900.0,0.0,0.5860000000000004,0.036000000000000025,0.0,3394.0,0
0.936,8531.0,6823.0,5133.0,8522.5,6817.5,5128.5,9000.0,6000.0,5000.0,-0.125,0.5,-14.875,700.0,900.0,0.0,0.5870000000000004,0.037000000000000026,0.0,3398.0,0
0.937,8540.0,6830.0,5139.0,8531.5,6823.5,5133.5,9000.0,7000.0,6000.0,-1.625,0.5,-15.375,700.0,900.0,0.0,0.5880000000000004,0.03800000000000003,0.0,3401.0,0
0.9380000000000001,8549.0,6837.0,5144.0,8540.5,6830.5,5139.5,9000.0,7000.0,5000.0,-1.875,0.5,-16.125,700.0,900.0,0.0,0.5890000000000004,0.03900000000000003,0.0,3405.0,0
0.9390000000000001,8558.0,6844.0,5150.0,8549.5,6837.5,5144.5,9000.0,7000.0,6000.0,-2.125,0.5,-15.875,700.0,900.0,0.0,0.5900000000000004,0.04000000000000003,0.0,3408.0,0
0.9400000000000001,8567.0,6851.0,5155.0,8558.5,6844.5,5150.5,9000.0,7000.0,5000.0,-2.375,0.5,-16.625,700.0,900.0,0.0,0.5910000000000004,0.04100000000000003,0.0,3412.0,0
0.9410000000000001,8577.0,6858.0,5161.0,8567.5,6851.5,5155.5,10000.0,7000.0,6000.0,-2.625,0.5,-16.375,700.0,900.0,0.0,0.5920000000000004,0.04200000000000003,0.0,3416.0,0
0.9420000000000001,8586.0,6865.0,5166.0,8577.5,6858.5,5161.5,9000.0,7000.0,5000.0,-3.875,0.5,-17.125,700.0,900.0,0.0,0.5930000000000004,0.04300000000000003,0.0,3420.0,0
0.9430000000000001,8595.0,6872.0,5171.0,8586.5,6865.5,5166.5,9000.0,7000.0,5000.0,-4.125,0.5,-16.875,700.0,900.0,0.0,0.5940000000000004,0.04400000000000003,0.0,3424.0,0
0.9440000000000001,8604.0,6879.0,5177.0,8595.5,6872.5,5171.5,9000.0,7000.0,6000.0,-4.375,0.5,-16.625,700.0,900.0,0.0,0.5950000000000004,0.04500000000000003,0.0,3427.0,0
0.9450000000000001,8613.0,6886.0,5182.0,8604.5,6879.5,5177.5,9000.0,7000.0,5000.0,-4.625,0.5,-17.375,700.0,900.0,0.0,0.5960000000000004,0.046000000000000034,0.0,3431.0,0
0.9460000000000001,8622.0,6892.0,5187.0,8613.5,6886.5,5182.5,9000.0,6000.0,5000.0,-4.875,0.5,-17.125,700.0,900.0,0.0,0.5970000000000004,0.047000000000000035,0.0,3435.0,0
0.9470000000000001,8631.0,6899.0,5193.0,8622.5,6892.5,5187.5,9000.0,7000.0,6000.0,-6.375,0.5,-17.625,700.0,900.0,0.0,0.5980000000000004,0.048000000000000036,0.0,3438.0,0
0.9480000000000001,8640.0,6906.0,5198.0,8631.5,6899.5,5193.5,9000.0,7000.0,5000.0,-6.625,0.5,-18.375,700.0,900.0,0.0,0.5990000000000004,0.04900000000000004,0.0,3442.0,0
0.9490000000000001,8649.0,6913.0,5204.0,8640.5,6906.5,5198.5,9000.0,7000.0,6000.0,-6.875,0.5,-18.125,700.0,900.0,0.0,0.6000000000000004,0.05000000000000004,0.0,3445.0,0
0.9500000000000001,8658.0,6920.0,5209.0,8649.5,6913.5,5204.5,9000.0,7000.0,5000.0,-7.125,0.5,-18.875,700.0,900.0,0.0,0.6010000000000004,0.05100000000000004,0.0,3449.0,0
0.9510000000000001,8668.0,6927.0,5214.0,8658.5,6920.5,5209.5,10000.0,7000.0,5000.0,-7.375,0.5,-18.625,700.0,900.0,0.0,0.6020000000000004,0.05200000000000004,0.0,3454.0,0
0.9520000000000001,8677.0,6934.0,5220.0,8668.5,6927.5,5214.5,9000.0,7000.0,6000.0,-8.625,0.5,-18.375,700.0,900.0,0.0,0.6030000000000004,0.05300000000000004,0.0,3457.0,0
0.9530000000000001,8686.0,6941.0,5225.0,8677.5,6934.5,5220.5,9000.0,7000.0,5000.0,-8.875,0.5,-19.125,700.0,900.0,0.0,0.6040000000000004,0.05400000000000004,0.0,3461.0,0
0.9540000000000001,8695.0,6948.0,5230.0,8686.5,6941.5,5225.5,9000.0,7000.0,5000.0,-9.125,0.5,-18.875,700.0,900.0,0.0,0.6050000000000004,0.05500000000000004,0.0,3465.0,0
0.9550000000000001,8704.0,6955.0,5236.0,8695.5,6948.5,5230.5,9000.0,7000.0,6000.0,-9.375,0.5,-18.625,700.0,900.0,0.0,0.6060000000000004,0.05600000000000004,0.0,3468.0,0
0.9560000000000001,8713.0,6961.0,5241.0,8704.5,6955.5,5236.5,9000.0,6000.0,5000.0,-9.625,0.5,-19.375,700.0,900.0,0.0,0.6070000000000004,0.057000000000000044,0.0,3472.0,0
0.9570000000000001,8722.0,6968.0,5246.0,8713.5,6961.5,5241.5,9000.0,7000.0,5000.0,-11.125,0.5,-19.875,700.0,900.0,0.0,0.6080000000000004,0.058000000000000045,0.0,3476.0,0
0.9580000000000001,8731.0,6975.0,5252.0,8722.5,6968.5,5246.5,9000.0,7000.0,6000.0,-11.375,0.5,-19.625,700.0,900.0,0.0,0.6090000000000004,0.059000000000000045,0.0,3479.0,0
0.9590000000000001,8739.0,6982.0,5257.0,8731.5,6975.5,5252.5,8000.0,7000.0,5000.0,-11.625,0.5,-20.375,700.0,900.0,0.0,0.6100000000000004,0.060000000000000046,0.0,3482.0,0
0.96,8748.0,6989.0,5262.0,8739.5,6982.5,5257.5,9000.0,7000.0,5000.0,-10.875,0.5,-20.125,700.0,900.0,0.0,0.6110000000000004,0.06100000000000005,0.0,3486.0,0
0.961,8757.0,6996.0,5268.0,8748.5,6989.5,5262.5,9000.0,7000.0,6000.0,-11.125,0.5,-19.875,700.0,900.0,0.0,0.6120000000000004,0.06200000000000005,0.0,3489.0,0
0.962,8765.0,7003.0,5273.0,8757.5,6996.5,5268.5,8000.0,7000.0,5000.0,-11.375,0.5,-20.625,700.0,900.0,0.0,0.6130000000000004,0.06300000000000004,0.0,3492.0,0
0.963,8774.0,7010.0,5278.0,8765.5,7003.5,5273.5,9000.0,7000.0,5000.0,-10.625,0.5,-20.375,700.0,900.0,0.0,0.6140000000000004,0.06400000000000004,0.0,3496.0,0
0.964,8783.0,7017.0,5284.0,8774.5,7010.5,5278.5,9000.0,7000.0,6000.0,-10.875,0.5,-20.125,700.0,900.0,0.0,0.6150000000000004,0.06500000000000004,0.0,3499.0,0
0.965,8791.0,7024.0,5289.0,8783.5,7017.5,5284.5,8000.0,7000.0,5000.0,-11.125,0.5,-20.875,700.0,900.0,0.0,0.6160000000000004,0.06600000000000004,0.0,3502.0,0
0.966,8800.0,7030.0,5294.0,8791.5,7024.5,5289.5,9000.0,6000.0,5000.0,-10.375,0.5,-20.625,700.0,900.0,0.0,0.6170000000000004,0.06700000000000005,0.0,3506.0,0
0.967,8809.0,7037.0,5300.0,8800.5,7030.5,5294.5,9000.0,7000.0,6000.0,-11.875,0.5,-21.125,700.0,900.0,0.0,0.6180000000000004,0.06800000000000005,0.0,3509.0,0
0.968,8817.0,7044.0,5305.0,8809.5,7037.5,5300.5,8000.0,7000.0,5000.0,-12.125,0.5,-21.875,700.0,900.0,0.0,0.6190000000000004,0.06900000000000005,0.0,3512.0,0
0.969,8826.0,7051.0,5310.0,8817.5,7044.5,5305.5,9000.0,7000.0,5000.0,-11.375,0.5,-21.625,700.0,900.0,0.0,0.6200000000000004,0.07000000000000005,0.0,3516.0,0
0.97,8835.0,7058.0,5315.0,8826.5,7051.5,5310.5,9000.0,7000.0,5000.0,-11.625,0.5,-21.375,700.0,900.0,0.0,0.6210000000000004,0.07100000000000005,0.0,3520.0,0
0.971,8843.0,7065.0,5321.0,8835.5,7058.5,5315.5,8000.0,7000.0,6000.0,-11.875,0.5,-21.125,700.0,900.0,0.0,0.6220000000000004,0.07200000000000005,0.0,3522.0,0
0.972,8852.0,7072.0,5326.0,8843.5,7065.5,5321.5,9000.0,7000.0,5000.0,-11.125,0.5,-21.875,700.0,900.0,0.0,0.6230000000000004,0.07300000000000005,0.0,3526.0,0
0.973,8860.0,7079.0,5331.0,8852.5,7072.5,5326.5,8000.0,7000.0,5000.0,-11.375,0.5,-21.625,700.0,900.0,0.0,0.6240000000000004,0.07400000000000005,0.0,3529.0,0
0.974,8869.0,7086.0,5337.0,8860.5,7079.5,5331.5,9000.0,7000.0,6000.0,-10.625,0.5,-21.375,700.0,900.0,0.0,0.6250000000000004,0.07500000000000005,0.0,3532.0,0
0.975,8878.0,7093.0,5342.0,8869.5,7086.5,5337.5,9000.0,7000.0,5000.0,-10.875,0.5,-22.125,700.0,900.0,0.0,0.6260000000000004,0.07600000000000005,0.0,3536.0,0
0.976,8886.0,7099.0,5347.0,8878.5,7093.5,5342.5,8000.0,6000.0,5000.0,-11.125,0.5,-21.875,700.0,900.0,0.0,0.6270000000000004,0.07700000000000005,0.0,3539.0,0
0.977,8895.0,7106.0,5352.0,8886.5,7099.5,5347.5,9000.0,7000.0,5000.0,-11.625,0.5,-22.375,700.0,900.0,0.0,0.6280000000000004,0.07800000000000006,0.0,3543.0,0
0.978,8904.0,7113.0,5358.0,8895.5,7106.5,5352.5,9000.0,7000.0,6000.0,-11.875,0.5,-22.125,700.0,900.0,0.0,0.6290000000000004,0.07900000000000006,0.0,3546.0,0
0.979,8912.0,7120.0,5363.0,8904.5,7113.5,5358.5,8000.0,7000.0,5000.0,-12.125,0.5,-22.875,700.0,900.0,0.0,0.6300000000000004,0.08000000000000006,0.0,3549.0,0
0.98,8921.0,7127.0,5368.0,8912.5,7120.5,5363.5,9000.0,7000.0,5000.0,-11.375,0.5,-22.625,700.0,900.0,0.0,0.6310000000000004,0.08100000000000006,0.0,3553.0,0
0.981,8930.0,7134.0,5373.0,8921.5,7127.5,5368.5,9000.0,7000.0,5000.0,-11.625,0.5,-22.375,700.0,900.0,0.0,0.6320000000000005,0.08200000000000006,0.0,3557.0,0
0.982,8938.0,7141.0,5379.0,8930.5,7134.5,5373.5,8000.0,7000.0,6000.0,-11.875,0.5,-22.125,700.0,900.0,0.0,0.6330000000000005,0.08300000000000006,0.0,3559.0,0
0.983,8947.0,7148.0,5384.0,8938.5,7141.5,5379.5,9000.0,7000.0,5000.0,-11.125,0.5,-22.875,700.0,900.0,0.0,0.6340000000000005,0.08400000000000006,0.0,3563.0,0
0.984,8956.0,7155.0,5389.0,8947.5,7148.5,5384.5,9000.0,7000.0,5000.0,-11.375,0.5,-22.625,700.0,900.0,0.0,0.6350000000000005,0.08500000000000006,0.0,3567.0,0
0.985,8964.0,7162.0,5394.0,8956.5,7155.5,5389.5,8000.0,7000.0,5000.0,-11.625,0.5,-22.375,700.0,900.0,0.0,0.6360000000000005,0.08600000000000006,0.0,3570.0,0
0.986,8973.0,7168.0,5400.0,8964.5,7162.5,5394.5,9000.0,6000.0,6000.0,-10.875,0.5,-22.125,700.0,900.0,0.0,0.6370000000000005,0.08700000000000006,0.0,3573.0,0
0.987,8981.0,7175.0,5405.0,8973.5,7168.5,5400.5,8000.0,7000.0,5000.0,-12.375,0.5,-23.625,700.0,900.0,0.0,0.6380000000000005,0.08800000000000006,0.0,3576.0,0
0.988,8990.0,7182.0,5410.0,8981.5,7175.5,5405.5,9000.0,7000.0,5000.0,-11.625,0.5,-23.375,700.0,900.0,0.0,0.6390000000000005,0.08900000000000007,0.0,3580.0,0
0.989,8999.0,7189.0,5415.0,8990.5,7182.5,5410.5,9000.0,7000.0,5000.0,-11.875,0.5,-23.125,700.0,900.0,0.0,0.6400000000000005,0.09000000000000007,0.0,3584.0,0
0.99,9007.0,7196.0,5421.0,8999.5,7189.5,5415.5,8000.0,7000.0,6000.0,-12.125,0.5,-22.875,700.0,900.0,0.0,0.6410000000000005,0.09100000000000007,0.0,3586.0,0
0.991,9016.0,7203.0,5426.0,9007.5,7196.5,5421.5,9000.0,7000.0,5000.0,-11.375,0.5,-23.625,700.0,900.0,0.0,0.6420000000000005,0.09200000000000007,0.0,3590.0,0
0.992,9025.0,7210.0,5431.0,9016.5,7203.5,5426.5,9000.0,7000.0,5000.0,-11.625,0.5,-23.375,700.0,900.0,0.0,0.6430000000000005,0.09300000000000007,0.0,3594.0,0
0.993,9033.0,7217.0,5436.0,9025.5,7210.5,5431.5,8000.0,7000.0,5000.0,-11.875,0.5,-23.125,700.0,900.0,0.0,0.6440000000000005,0.09400000000000007,0.0,3597.0,0
0.994,9042.0,7224.0,5442.0,9033.5,7217.5,5436.5,9000.0,7000.0,6000.0,-11.125,0.5,-22.875,700.0,900.0,0.0,0.6450000000000005,0.09500000000000007,0.0,3600.0,0
0.995,9051.0,7231.0,5447.0,9042.5,7224.5,5442.5,9000.0,7000.0,5000.0,-11.375,0.5,-23.625,700.0,900.0,0.0,0.6460000000000005,0.09600000000000007,0.0,3604.0,0
0.996,9059.0,7237.0,5452.0,9051.5,7231.5,5447.5,8000.0,6000.0,5000.0,-11.625,0.5,-23.375,700.0,900.0,0.0,0.6470000000000005,0.09700000000000007,0.0,3607.0,0
0.997,9068.0,7244.0,5457.0,9059.5,7237.5,5452.5,9000.0,7000.0,5000.0,-12.125,0.5,-23.875,700.0,900.0,0.0,0.6480000000000005,0.09800000000000007,0.0,3611.0,0
0.998,9076.0,7251.0,5463.0,9068.5,7244.5,5457.5,8000.0,7000.0,6000.0,-12.375,0.5,-23.625,700.0,900.0,0.0,0.6490000000000005,0.09900000000000007,0.0,3613.0,0
0.999,9085.0,7258.0,5468.0,9076.5,7251.5,5463.5,9000.0,7000.0,5000.0,-11.625,0.5,-24.375,700.0,900.0,0.0,0.6500000000000005,0.10000000000000007,0.0,3617.0,0
1.0,9094.0,7265.0,5473.0,9085.5,7258.5,5468.5,9000.0,7000.0,5000.0,-11.875,0.5,-24.125,700.0,900.0,0.0,0.6510000000000005,0.10100000000000008,0.0,3621.0,0
1.0010000000000001,9102.0,7272.0,5478.0,9094.5,7265.5,5473.5,8000.0,7000.0,5000.0,-12.125,0.5,-23.875,700.0,900.0,0.0,0.6520000000000005,0.10200000000000008,0.0,3624.0,0
1.002,9111.0,7279.0,5483.0,9102.5,7272.5,5478.5,9000.0,7000.0,5000.0,-11.375,0.5,-23.625,700.0,900.0,0.0,0.6530000000000005,0.10300000000000008,0.0,3628.0,0
1.0030000000000001,9120.0,7286.0,5489.0,9111.5,7279.5,5483.5,9000.0,7000.0,6000.0,-11.625,0.5,-23.375,700.0,900.0,0.0,0.6540000000000005,0.10400000000000008,0.0,3631.0,0
1.004,9128.0,7293.0,5494.0,9120.5,7286.5,5489.5,8000.0,7000.0,5000.0,-11.875,0.5,-24.125,700.0,900.0,0.0,0.6550000000000005,0.10500000000000008,0.0,3634.0,0
1.0050000000000001,9137.0,7300.0,5499.0,9128.5,7293.5,5494.5,9000.0,7000.0,5000.0,-11.125,0.5,-23.875,700.0,900.0,0.0,0.6560000000000005,0.10600000000000008,0.0,3638.0,0
1.006,9146.0,7306.0,5504.0,9137.5,7300.5,5499.5,9000.0,6000.0,5000.0,-11.375,0.5,-23.625,700.0,900.0,0.0,0.6570000000000005,0.10700000000000008,0.0,3642.0,0
1.0070000000000001,9154.0,7313.0,5510.0,9146.5,7306.5,5504.5,8000.0,7000.0,6000.0,-12.875,0.5,-24.125,700.0,900.0,0.0,0.6580000000000005,0.10800000000000008,0.0,3644.0,0
1.008,9163.0,7320.0,5515.0,9154.5,7313.5,5510.5,9000.0,7000.0,5000.0,-12.125,0.5,-24.875,700.0,900.0,0.0,0.6590000000000005,0.10900000000000008,0.0,3648.0,0
1.0090000000000001,9171.0,7327.0,5520.0,9163.5,7320.5,5515.5,8000.0,7000.0,5000.0,-12.375,0.5,-24.625,700.0,900.0,0.0,0.6600000000000005,0.11000000000000008,0.0,3651.0,0
1.01,9180.0,7334.0,5525.0,9171.5,7327.5,5520.5,9000.0,7000.0,5000.0,-11.625,0.5,-24.375,700.0,900.0,0.0,0.6610000000000005,0.11100000000000008,0.0,3655.0,0
1.0110000000000001,9189.0,7341.0,5530.0,9180.5,7334.5,5525.5,9000.0,7000.0,5000.0,-11.875,0.5,-24.125,700.0,900.0,0.0,0.6620000000000005,0.11200000000000009,0.0,3659.0,0
1.012,9197.0,7348.0,5536.0,9189.5,7341.5,5530.5,8000.0,7000.0,6000.0,-12.125,0.5,-23.875,700.0,900.0,0.0,0.6630000000000005,0.11300000000000009,0.0,3661.0,0
1.0130000000000001,9206.0,7355.0,5541.0,9197.5,7348.5,5536.5,9000.0,7000.0,5000.0,-11.375,0.5,-24.625,700.0,900.0,0.0,0.6640000000000005,0.11400000000000009,0.0,3665.0,0
1.014,9215.0,7362.0,5546.0,9206.5,7355.5,5541.5,9000.0,7000.0,5000.0,-11.625,0.5,-24.375,700.0,900.0,0.0,0.6650000000000005,0.11500000000000009,0.0,3669.0,0
1.0150000000000001,9223.0,7369.0,5551.0,9215.5,7362.5,5546.5,8000.0,7000.0,5000.0,-11.875,0.5,-24.125,700.0,900.0,0.0,0.6660000000000005,0.11600000000000009,0.0,3672.0,0
1.016,9232.0,7375.0,5557.0,9223.5,7369.5,5551.5,9000.0,6000.0,6000.0,-11.125,0.5,-23.875,700.0,900.0,0.0,0.6670000000000005,0.11700000000000009,0.0,3675.0,0
1.0170000000000001,9240.0,7382.0,5562.0,9232.5,7375.5,5557.5,8000.0,7000.0,5000.0,-12.625,0.5,-25.375,700.0,900.0,0.0,0.6680000000000005,0.11800000000000009,0.0,3678.0,0
1.018,9249.0,7389.0,5567.0,9240.5,7382.5,5562.5,9000.0,7000.0,5000.0,-11.875,0.5,-25.125,700.0,900.0,0.0,0.6690000000000005,0.11900000000000009,0.0,3682.0,0
1.0190000000000001,9258.0,7396.0,5572.0,9249.5,7389.5,5567.5,9000.0,7000.0,5000.0,-12.125,0.5,-24.875,700.0,900.0,0.0,0.6700000000000005,0.12000000000000009,0.0,3686.0,0
1.02,9266.0,7403.0,5577.0,9258.5,7396.5,5572.5,8000.0,7000.0,5000.0,-12.375,0.5,-24.625,700.0,900.0,0.0,0.6710000000000005,0.1210000000000001,0.0,3689.0,0
1.0210000000000001,9275.0,7410.0,5583.0,9266.5,7403.5,5577.5,9000.0,7000.0,6000.0,-11.625,0.5,-24.375,700.0,900.0,0.0,0.6720000000000005,0.1220000000000001,0.0,3692.0,0
1.022,9284.0,7417.0,5588.0,9275.5,7410.5,5583.5,9000.0,7000.0,5000.0,-11.875,0.5,-25.125,700.0,900.0,0.0,0.6730000000000005,0.1230000000000001,0.0,3696.0,0
1.0230000000000001,9292.0,7424.0,5593.0,9284.5,7417.5,5588.5,8000.0,7000.0,5000.0,-12.125,0.5,-24.875,700.0,900.0,0.0,0.6740000000000005,0.1240000000000001,0.0,3699.0,0
1.024,9301.0,7431.0,5598.0,9292.5,7424.5,5593.5,9000.0,7000.0,5000.0,-11.375,0.5,-24.625,700.0,900.0,0.0,0.6750000000000005,0.12500000000000008,0.0,3703.0,0
1.025,9309.0,7438.0,5603.0,9301.5,7431.5,5598.5,8000.0,7000.0,5000.0,-11.625,0.5,-24.375,700.0,900.0,0.0,0.6760000000000005,0.12600000000000008,0.0,3706.0,0
1.026,9318.0,7444.0,5609.0,9309.5,7438.5,5603.5,9000.0,6000.0,6000.0,-10.875,0.5,-24.125,700.0,900.0,0.0,0.6770000000000005,0.12700000000000009,0.0,3709.0,0
1.027,9327.0,7451.0,5614.0,9318.5,7444.5,5609.5,9000.0,7000.0,5000.0,-12.375,0.5,-25.625,700.0,900.0,0.0,0.6780000000000005,0.12800000000000009,0.0,3713.0,0
1.028,9335.0,7458.0,5619.0,9327.5,7451.5,5614.5,8000.0,7000.0,5000.0,-12.625,0.5,-25.375,700.0,900.0,0.0,0.6790000000000005,0.1290000000000001,0.0,3716.0,0
1.029,9344.0,7465.0,5624.0,9335.5,7458.5,5619.5,9000.0,7000.0,5000.0,-11.875,0.5,-25.125,700.0,900.0,0.0,0.6800000000000005,0.1300000000000001,0.0,3720.0,0
1.03,9353.0,7472.0,5629.0,9344.5,7465.5,5624.5,9000.0,7000.0,5000.0,-12.125,0.5,-24.875,700.0,900.0,0.0,0.6810000000000005,0.1310000000000001,0.0,3724.0,0
1.031,9361.0,7479.0,5635.0,9353.5,7472.5,5629.5,8000.0,7000.0,6000.0,-12.375,0.5,-24.625,700.0,900.0,0.0,0.6820000000000005,0.1320000000000001,0.0,3726.0,0
1.032,9370.0,7486.0,5640.0,9361.5,7479.5,5635.5,9000.0,7000.0,5000.0,-11.625,0.5,-25.375,700.0,900.0,0.0,0.6830000000000005,0.1330000000000001,0.0,3730.0,0
1.033,9378.0,7493.0,5645.0,9370.5,7486.5,5640.5,8000.0,7000.0,5000.0,-11.875,0.5,-25.125,700.0,900.0,0.0,0.6840000000000005,0.1340000000000001,0.0,3733.0,0
1.034,9387.0,7500.0,5650.0,9378.5,7493.5,5645.5,9000.0,7000.0,5000.0,-11.125,0.5,-24.875,700.0,900.0,0.0,0.6850000000000005,0.1350000000000001,0.0,3737.0,0
1.035,9396.0,7507.0,5655.0,9387.5,7500.5,5650.5,9000.0,7000.0,5000.0,-11.375,0.5,-24.625,700.0,900.0,0.0,0.6860000000000005,0.1360000000000001,0.0,3741.0,0
1.036,9404.0,7513.0,5661.0,9396.5,7507.5,5655.5,8000.0,6000.0,6000.0,-11.625,0.5,-24.375,700.0,900.0,0.0,0.6870000000000005,0.1370000000000001,0.0,3743.0,0
1.037,9413.0,7520.0,5666.0,9404.5,7513.5,5661.5,9000.0,7000.0,5000.0,-12.125,0.5,-25.875,700.0,900.0,0.0,0.6880000000000005,0.1380000000000001,0.0,3747.0,0
1.038,9422.0,7527.0,5671.0,9413.5,7520.5,5666.5,9000.0,7000.0,5000.0,-12.375,0.5,-25.625,700.0,900.0,0.0,0.6890000000000005,0.1390000000000001,0.0,3751.0,0
1.039,9430.0,7534.0,5676.0,9422.5,7527.5,5671.5,8000.0,7000.0,5000.0,-12.625,0.5,-25.375,700.0,900.0,0.0,0.6900000000000005,0.1400000000000001,0.0,3754.0,0
1.04,9439.0,7541.0,5681.0,9430.5,7534.5,5676.5,9000.0,7000.0,5000.0,-11.875,0.5,-25.125,700.0,900.0,0.0,0.6910000000000005,0.1410000000000001,0.0,3758.0,0
1.041,9447.0,7548.0,5687.0,9439.5,7541.5,5681.5,8000.0,7000.0,6000.0,-12.125,0.5,-24.875,700.0,900.0,0.0,0.6920000000000005,0.1420000000000001,0.0,3760.0,0
1.042,9456.0,7555.0,5692.0,9447.5,7548.5,5687.5,9000.0,7000.0,5000.0,-11.375,0.5,-25.625,700.0,900.0,0.0,0.6930000000000005,0.1430000000000001,0.0,3764.0,0
1.043,9465.0,7562.0,5697.0,9456.5,7555.5,5692.5,9000.0,7000.0,5000.0,-11.625,0.5,-25.375,700.0,900.0,0.0,0.6940000000000005,0.1440000000000001,0.0,3768.0,0
1.044,9473.0,7569.0,5702.0,9465.5,7562.5,5697.5,8000.0,7000.0,5000.0,-11.875,0.5,-25.125,700.0,900.0,0.0,0.6950000000000005,0.1450000000000001,0.0,3771.0,0
1.045,9482.0,7576.0,5707.0,9473.5,7569.5,5702.5,9000.0,7000.0,5000.0,-11.125,0.5,-24.875,700.0,900.0,0.0,0.6960000000000005,0.1460000000000001,0.0,3775.0,0
1.046,9491.0,7582.0,5713.0,9482.5,7576.5,5707.5,9000.0,6000.0,6000.0,-11.375,0.5,-24.625,700.0,900.0,0.0,0.6970000000000005,0.1470000000000001,0.0,3778.0,0
1.047,9499.0,7589.0,5718.0,9491.5,7582.5,5713.5,8000.0,7000.0,5000.0,-12.875,0.5,-26.125,700.0,900.0,0.0,0.6980000000000005,0.1480000000000001,0.0,3781.0,0
1.048,9508.0,7596.0,5723.0,9499.5,7589.5,5718.5,9000.0,7000.0,5000.0,-12.125,0.5,-25.875,700.0,900.0,0.0,0.6990000000000005,0.1490000000000001,0.0,3785.0,0
1.049,9516.0,7603.0,5728.0,9508.5,7596.5,5723.5,8000.0,7000.0,5000.0,-12.375,0.5,-25.625,700.0,900.0,0.0,0.7000000000000005,0.1500000000000001,0.0,3788.0,0
1.05,9525.0,7610.0,5733.0,9516.5,7603.5,5728.5,9000.0,7000.0,5000.0,-11.625,0.5,-25.375,700.0,900.0,0.0,0.7010000000000005,0.1510000000000001,0.0,3792.0,0
1.051,9534.0,7617.0,5738.0,9525.5,7610.5,5733.5,9000.0,7000.0,5000.0,-11.875,0.5,-25.125,700.0,900.0,0.0,0.7020000000000005,0.1520000000000001,0.0,3796.0,0
1.052,9542.0,7624.0,5744.0,9534.5,7617.5,5738.5,8000.0,7000.0,6000.0,-12.125,0.5,-24.875,700.0,900.0,0.0,0.7030000000000005,0.1530000000000001,0.0,3798.0,0
1.053,9551.0,7631.0,5749.0,9542.5,7624.5,5744.5,9000.0,7000.0,5000.0,-11.375,0.5,-25.625,700.0,900.0,0.0,0.7040000000000005,0.1540000000000001,0.0,3802.0,0
1.054,9560.0,7638.0,5754.0,9551.5,7631.5,5749.5,9000.0,7000.0,5000.0,-11.625,0.5,-25.375,700.0,900.0,0.0,0.7050000000000005,0.1550000000000001,0.0,3806.0,0
1.055,9568.0,7645.0,5759.0,9560.5,7638.5,5754.5,8000.0,7000.0,5000.0,-11.875,0.5,-25.125,700.0,900.0,0.0,0.7060000000000005,0.1560000000000001,0.0,3809.0,0
1.056,9577.0,7651.0,5764.0,9568.5,7645.5,5759.5,9000.0,6000.0,5000.0,-11.125,0.5,-24.875,700.0,900.0,0.0,0.7070000000000005,0.1570000000000001,0.0,3813.0,0
1.057,9585.0,7658.0,5770.0,9577.5,7651.5,5764.5,8000.0,7000.0,6000.0,-12.625,0.5,-25.375,700.0,900.0,0.0,0.7080000000000005,0.1580000000000001,0.0,3815.0,0
1.058,9594.0,7665.0,5775.0,9585.5,7658.5,5770.5,9000.0,7000.0,5000.0,-11.875,0.5,-26.125,700.0,900.0,0.0,0.7090000000000005,0.1590000000000001,0.0,3819.0,0
1.059,9603.0,7672.0,5780.0,9594.5,7665.5,5775.5,9000.0,7000.0,5000.0,-12.125,0.5,-25.875,700.0,900.0,0.0,0.7100000000000005,0.16000000000000011,0.0,3823.0,0
1.06,9611.0,7679.0,5785.0,9603.5,7672.5,5780.5,8000.0,7000.0,5000.0,-12.375,0.5,-25.625,700.0,900.0,0.0,0.7110000000000005,0.16100000000000012,0.0,3826.0,0
1.061,9620.0,7686.0,5790.0,9611.5,7679.5,5785.5,9000.0,7000.0,5000.0,-11.625,0.5,-25.375,700.0,900.0,0.0,0.7120000000000005,0.16200000000000012,0.0,3830.0,0
1.062,9629.0,7693.0,5796.0,9620.5,7686.5,5790.5,9000.0,7000.0,6000.0,-11.875,0.5,-25.125,700.0,900.0,0.0,0.7130000000000005,0.16300000000000012,0.0,3833.0,0
1.063,9637.0,7700.0,5801.0,9629.5,7693.5,5796.5,8000.0,7000.0,5000.0,-12.125,0.5,-25.875,700.0,900.0,0.0,0.7140000000000005,0.16400000000000012,0.0,3836.0,0
1.064,9646.0,7707.0,5806.0,9637.5,7700.5,5801.5,9000.0,7000.0,5000.0,-11.375,0.5,-25.625,700.0,900.0,0.0,0.7150000000000005,0.16500000000000012,0.0,3840.0,0
1.065,9654.0,7714.0,5811.0,9646.5,7707.5,5806.5,8000.0,7000.0,5000.0,-11.625,0.5,-25.375,700.0,900.0,0.0,0.7160000000000005,0.16600000000000012,0.0,3843.0,0
1.066,9663.0,7720.0,5816.0,9654.5,7714.5,5811.5,9000.0,6000.0,5000.0,-10.875,0.5,-25.125,700.0,900.0,0.0,0.7170000000000005,0.16700000000000012,0.0,3847.0,0
1.067,9672.0,7727.0,5821.0,9663.5,7720.5,5816.5,9000.0,7000.0,5000.0,-12.375,0.5,-25.625,700.0,900.0,0.0,0.7180000000000005,0.16800000000000012,0.0,3851.0,0
1.068,9680.0,7734.0,5827.0,9672.5,7727.5,5821.5,8000.0,7000.0,6000.0,-12.625,0.5,-25.375,700.0,900.0,0.0,0.7190000000000005,0.16900000000000012,0.0,3853.0,0
1.069,9689.0,7741.0,5832.0,9680.5,7734.5,5827.5,9000.0,7000.0,5000.0,-11.875,0.5,-26.125,700.0,900.0,0.0,0.7200000000000005,0.17000000000000012,0.0,3857.0,0
1.07,9698.0,7748.0,5837.0,9689.5,7741.5,5832.5,9000.0,7000.0,5000.0,-12.125,0.5,-25.875,700.0,900.0,0.0,0.7210000000000005,0.17100000000000012,0.0,3861.0,0
1.071,9706.0,7755.0,5842.0,9698.5,7748.5,5837.5,8000.0,7000.0,5000.0,-12.375,0.5,-25.625,700.0,900.0,0.0,0.7220000000000005,0.17200000000000013,0.0,3864.0,0
1.072,9715.0,7762.0,5847.0,9706.5,7755.5,5842.5,9000.0,7000.0,5000.0,-11.625,0.5,-25.375,700.0,900.0,0.0,0.7230000000000005,0.17300000000000013,0.0,3868.0,0
1.073,9723.0,7769.0,5853.0,9715.5,7762.5,5847.5,8000.0,7000.0,6000.0,-11.875,0.5,-25.125,700.0,900.0,0.0,0.7240000000000005,0.17400000000000013,0.0,3870.0,0
1.074,9732.0,7776.0,5858.0,9723.5,7769.5,5853.5,9000.0,7000.0,5000.0,-11.125,0.5,-25.875,700.0,900.0,0.0,0.7250000000000005,0.17500000000000013,0.0,3874.0,0
1.075,9741.0,7783.0,5863.0,9732.5,7776.5,5858.5,9000.0,7000.0,5000.0,-11.375,0.5,-25.625,700.0,900.0,0.0,0.7260000000000005,0.17600000000000013,0.0,3878.0,0
1.076,9749.0,7789.0,5868.0,9741.5,7783.5,5863.5,8000.0,6000.0,5000.0,-11.625,0.5,-25.375,700.0,900.0,0.0,0.7270000000000005,0.17700000000000013,0.0,3881.0,0
1.077,9758.0,7796.0,5873.0,9749.5,7789.5,5868.5,9000.0,7000.0,5000.0,-12.125,0.5,-25.875,700.0,900.0,0.0,0.7280000000000005,0.17800000000000013,0.0,3885.0,0
1.078,9767.0,7803.0,5878.0,9758.5,7796.5,5873.5,9000.0,7000.0,5000.0,-12.375,0.5,-25.625,700.0,900.0,0.0,0.7290000000000005,0.17900000000000013,0.0,3889.0,0
1.079,9775.0,7810.0,5884.0,9767.5,7803.5,5878.5,8000.0,7000.0,6000.0,-12.625,0.5,-25.375,700.0,900.0,0.0,0.7300000000000005,0.18000000000000013,0.0,3891.0,0
1.08,9784.0,7817.0,5889.0,9775.5,7810.5,5884.5,9000.0,7000.0,5000.0,-11.875,0.5,-26.125,700.0,900.0,0.0,0.7310000000000005,0.18100000000000013,0.0,3895.0,0
1.081,9792.0,7824.0,5894.0,9784.5,7817.5,5889.5,8000.0,7000.0,5000.0,-12.125,0.5,-25.875,700.0,900.0,0.0,0.7320000000000005,0.18200000000000013,0.0,3898.0,0
1.082,9801.0,7831.0,5899.0,9792.5,7824.5,5894.5,9000.0,7000.0,5000.0,-11.375,0.5,-25.625,700.0,900.0,0.0,0.7330000000000005,0.18300000000000013,0.0,3902.0,0
1.083,9810.0,7838.0,5904.0,9801.5,7831.5,5899.5,9000.0,7000.0,5000.0,-11.625,0.5,-25.375,700.0,900.0,0.0,0.7340000000000005,0.18400000000000014,0.0,3906.0,0
1.084,9818.0,7845.0,5910.0,9810.5,7838.5,5904.5,8000.0,7000.0,6000.0,-11.875,0.5,-25.125,700.0,900.0,0.0,0.7350000000000005,0.18500000000000014,0.0,3908.0,0
1.085,9827.0,7852.0,5915.0,9818.5,7845.5,5910.5,9000.0,7000.0,5000.0,-11.125,0.5,-25.875,700.0,900.0,0.0,0.7360000000000005,0.18600000000000014,0.0,3912.0,0
1.086,9836.0,7858.0,5920.0,9827.5,7852.5,5915.5,9000.0,6000.0,5000.0,-11.375,0.5,-25.625,700.0,900.0,0.0,0.7370000000000005,0.18700000000000014,0.0,3916.0,0
1.087,9844.0,7865.0,5925.0,9836.5,7858.5,5920.5,8000.0,7000.0,5000.0,-12.875,0.5,-26.125,700.0,900.0,0.0,0.7380000000000005,0.18800000000000014,0.0,3919.0,0
1.088,9853.0,7872.0,5930.0,9844.5,7865.5,5925.5,9000.0,7000.0,5000.0,-12.125,0.5,-25.875,700.0,900.0,0.0,0.7390000000000005,0.18900000000000014,0.0,3923.0,0
1.089,9862.0,7879.0,5935.0,9853.5,7872.5,5930.5,9000.0,7000.0,5000.0,-12.375,0.5,-25.625,700.0,900.0,0.0,0.7400000000000005,0.19000000000000014,0.0,3927.0,0
1.09,9870.0,7886.0,5941.0,9862.5,7879.5,5935.5,8000.0,7000.0,6000.0,-12.625,0.5,-25.375,700.0,900.0,0.0,0.7410000000000005,0.19100000000000014,0.0,3929.0,0
1.091,9879.0,7893.0,5946.0,9870.5,7886.5,5941.5,9000.0,7000.0,5000.0,-11.875,0.5,-26.125,700.0,900.0,0.0,0.7420000000000005,0.19200000000000014,0.0,3933.0,0
1.092,9887.0,7900.0,5951.0,9879.5,7893.5,5946.5,8000.0,7000.0,5000.0,-12.125,0.5,-25.875,700.0,900.0,0.0,0.7430000000000005,0.19300000000000014,0.0,3936.0,0
1.093,9896.0,7907.0,5956.0,9887.5,7900.5,5951.5,9000.0,7000.0,5000.0,-11.375,0.5,-25.625,700.0,900.0,0.0,0.7440000000000005,0.19400000000000014,0.0,3940.0,0
1.094,9905.0,7914.0,5961.0,9896.5,7907.5,5956.5,9000.0,7000.0,5000.0,-11.625,0.5,-25.375,700.0,900.0,0.0,0.7450000000000006,0.19500000000000015,0.0,3944.0,0
1.095,9913.0,7921.0,5967.0,9905.5,7914.5,5961.5,8000.0,7000.0,6000.0,-11.875,0.5,-25.125,700.0,900.0,0.0,0.7460000000000006,0.19600000000000015,0.0,3946.0,0
1.096,9922.0,7927.0,5972.0,9913.5,7921.5,5967.5,9000.0,6000.0,5000.0,-11.125,0.5,-25.875,700.0,900.0,0.0,0.7470000000000006,0.19700000000000015,0.0,3950.0,0
1.097,9931.0,7934.0,5977.0,9922.5,7927.5,5972.5,9000.0,7000.0,5000.0,-12.625,0.5,-26.375,700.0,900.0,0.0,0.7480000000000006,0.19800000000000015,0.0,3954.0,0
1.098,9939.0,7941.0,5982.0,9931.5,7934.5,5977.5,8000.0,7000.0,5000.0,-12.875,0.5,-26.125,700.0,900.0,0.0,0.7490000000000006,0.19900000000000015,0.0,3957.0,0
1.099,9948.0,7948.0,5987.0,9939.5,7941.5,5982.5,9000.0,7000.0,5000.0,-12.125,0.5,-25.875,700.0,900.0,0.0,0.7500000000000006,0.20000000000000015,0.0,3961.0,0
1.1,9956.0,7955.0,5992.0,9948.5,7948.5,5987.5,8000.0,7000.0,5000.0,-12.375,0.5,-25.625,700.0,900.0,0.0,0.7510000000000006,0.20100000000000015,0.0,3964.0,0
1.101,9965.0,7962.0,5998.0,9956.5,7955.5,5992.5,9000.0,7000.0,6000.0,-11.625,0.5,-25.375,700.0,900.0,0.0,0.7520000000000006,0.20200000000000015,0.0,3967.0,0
1.102,9974.0,7969.0,6003.0,9965.5,7962.5,5998.5,9000.0,7000.0,5000.0,-11.875,0.5,-26.125,700.0,900.0,0.0,0.7530000000000006,0.20300000000000015,0.0,3971.0,0
1.103,9982.0,7976.0,6008.0,9974.5,7969.5,6003.5,8000.0,7000.0,5000.0,-12.125,0.5,-25.875,700.0,900.0,0.0,0.7540000000000006,0.20400000000000015,0.0,3974.0,0
1.104,9991.0,7983.0,6013.0,9982.5,7976.5,6008.5,9000.0,7000.0,5000.0,-11.375,0.5,-25.625,700.0,900.0,0.0,0.7550000000000006,0.20500000000000015,0.0,3978.0,0
1.105,10000.0,7990.0,6018.0,9991.5,7983.5,6013.5,9000.0,7000.0,5000.0,-11.625,0.5,-25.375,700.0,900.0,0.0,0.7560000000000006,0.20600000000000016,0.0,3982.0,0
1.106,10008.0,7996.0,6024.0,10000.5,7990.5,6018.5,8000.0,6000.0,6000.0,-11.875,0.5,-25.125,700.0,900.0,0.0,0.7570000000000006,0.20700000000000016,0.0,3984.0,0
1.107,10017.0,8003.0,6029.0,10008.5,7996.5,6024.5,9000.0,7000.0,5000.0,-12.375,0.5,-26.625,700.0,900.0,0.0,0.7580000000000006,0.20800000000000016,0.0,3988.0,0
1.108,10025.0,8010.0,6034.0,10017.5,8003.5,6029.5,8000.0,7000.0,5000.0,-12.625,0.5,-26.375,700.0,900.0,0.0,0.7590000000000006,0.20900000000000016,0.0,3991.0,0
1.109,10034.0,8017.0,6039.0,10025.5,8010.5,6034.5,9000.0,7000.0,5000.0,-11.875,0.5,-26.125,700.0,900.0,0.0,0.7600000000000006,0.21000000000000016,0.0,3995.0,0
1.11,10043.0,8024.0,6044.0,10034.5,8017.5,6039.5,9000.0,7000.0,5000.0,-12.125,0.5,-25.875,700.0,900.0,0.0,0.7610000000000006,0.21100000000000016,0.0,3999.0,0
1.111,10051.0,8031.0,6049.0,10043.5,8024.5,6044.5,8000.0,7000.0,5000.0,-12.375,0.5,-25.625,700.0,900.0,0.0,0.7620000000000006,0.21200000000000016,0.0,4002.0,0
1.112,10060.0,8038.0,6055.0,10051.5,8031.5,6049.5,9000.0,7000.0,6000.0,-11.625,0.5,-25.375,700.0,900.0,0.0,0.7630000000000006,0.21300000000000016,0.0,4005.0,0
1.113,10068.0,8045.0,6060.0,10060.5,8038.5,6055.5,8000.0,7000.0,5000.0,-11.875,0.5,-26.125,700.0,900.0,0.0,0.7640000000000006,0.21400000000000016,0.0,4008.0,0
1.114,10077.0,8052.0,6065.0,10068.5,8045.5,6060.5,9000.0,7000.0,5000.0,-11.125,0.5,-25.875,700.0,900.0,0.0,0.7650000000000006,0.21500000000000016,0.0,4012.0,0
1.115,10086.0,8059.0,6070.0,10077.5,8052.5,6065.5,9000.0,7000.0,5000.0,-11.375,0.5,-25.625,700.0,900.0,0.0,0.7660000000000006,0.21600000000000016,0.0,4016.0,0
1.116,10094.0,8065.0,6075.0,10086.5,8059.5,6070.5,8000.0,6000.0,5000.0,-11.625,0.5,-25.375,700.0,900.0,0.0,0.7670000000000006,0.21700000000000016,0.0,4019.0,0
1.117,10103.0,8072.0,6080.0,10094.5,8065.5,6075.5,9000.0,7000.0,5000.0,-12.125,0.5,-25.875,700.0,900.0,0.0,0.7680000000000006,0.21800000000000017,0.0,4023.0,0
1.118,10112.0,8079.0,6086.0,10103.5,8072.5,6080.5,9000.0,7000.0,6000.0,-12.375,0.5,-25.625,700.0,900.0,0.0,0.7690000000000006,0.21900000000000017,0.0,4026.0,0
1.119,10120.0,8086.0,6091.0,10112.5,8079.5,6086.5,8000.0,7000.0,5000.0,-12.625,0.5,-26.375,700.0,900.0,0.0,0.7700000000000006,0.22000000000000017,0.0,4029.0,0
1.12,10129.0,8093.0,6096.0,10120.5,8086.5,6091.5,9000.0,7000.0,5000.0,-11.875,0.5,-26.125,700.0,900.0,0.0,0.7710000000000006,0.22100000000000017,0.0,4033.0,0
1.121,10137.0,8100.0,6101.0,10129.5,8093.5,6096.5,8000.0,7000.0,5000.0,-12.125,0.5,-25.875,700.0,900.0,0.0,0.7720000000000006,0.22200000000000017,0.0,4036.0,0
1.122,10146.0,8107.0,6106.0,10137.5,8100.5,6101.5,9000.0,7000.0,5000.0,-11.375,0.5,-25.625,700.0,900.0,0.0,0.7730000000000006,0.22300000000000017,0.0,4040.0,0
1.123,10155.0,8114.0,6112.0,10146.5,8107.5,6106.5,9000.0,7000.0,6000.0,-11.625,0.5,-25.375,700.0,900.0,0.0,0.7740000000000006,0.22400000000000017,0.0,4043.0,0
1.124,10163.0,8121.0,6117.0,10155.5,8114.5,6112.5,8000.0,7000.0,5000.0,-11.875,0.5,-26.125,700.0,900.0,0.0,0.7750000000000006,0.22500000000000017,0.0,4046.0,0
1.125,10172.0,8128.0,6122.0,10163.5,8121.5,6117.5,9000.0,7000.0,5000.0,-11.125,0.5,-25.875,700.0,900.0,0.0,0.7760000000000006,0.22600000000000017,0.0,4050.0,0
1.1260000000000001,10181.0,8134.0,6127.0,10172.5,8128.5,6122.5,9000.0,6000.0,5000.0,-11.375,0.5,-25.625,700.0,900.0,0.0,0.7770000000000006,0.22700000000000017,0.0,4054.0,0
1.127,10189.0,8141.0,6132.0,10181.5,8134.5,6127.5,8000.0,7000.0,5000.0,-12.875,0.5,-26.125,700.0,900.0,0.0,0.7780000000000006,0.22800000000000017,0.0,4057.0,0
1.1280000000000001,10198.0,8148.0,6137.0,10189.5,8141.5,6132.5,9000.0,7000.0,5000.0,-12.125,0.5,-25.875,700.0,900.0,0.0,0.7790000000000006,0.22900000000000018,0.0,4061.0,0
1.129,10206.0,8155.0,6143.0,10198.5,8148.5,6137.5,8000.0,7000.0,6000.0,-12.375,0.5,-25.625,700.0,900.0,0.0,0.7800000000000006,0.23000000000000018,0.0,4063.0,0
1.1300000000000001,10215.0,8162.0,6148.0,10206.5,8155.5,6143.5,9000.0,7000.0,5000.0,-11.625,0.5,-26.375,700.0,900.0,0.0,0.7810000000000006,0.23100000000000018,0.0,4067.0,0
1.131,10224.0,8169.0,6153.0,10215.5,8162.5,6148.5,9000.0,7000.0,5000.0,-11.875,0.5,-26.125,700.0,900.0,0.0,0.7820000000000006,0.23200000000000018,0.0,4071.0,0
1.1320000000000001,10232.0,8176.0,6158.0,10224.5,8169.5,6153.5,8000.0,7000.0,5000.0,-12.125,0.5,-25.875,700.0,900.0,0.0,0.7830000000000006,0.23300000000000018,0.0,4074.0,0
1.133,10241.0,8183.0,6163.0,10232.5,8176.5,6158.5,9000.0,7000.0,5000.0,-11.375,0.5,-25.625,700.0,900.0,0.0,0.7840000000000006,0.23400000000000018,0.0,4078.0,0
1.1340000000000001,10250.0,8190.0,6169.0,10241.5,8183.5,6163.5,9000.0,7000.0,6000.0,-11.625,0.5,-25.375,700.0,900.0,0.0,0.7850000000000006,0.23500000000000018,0.0,4081.0,0
1.135,10258.0,8197.0,6174.0,10250.5,8190.5,6169.5,8000.0,7000.0,5000.0,-11.875,0.5,-26.125,700.0,900.0,0.0,0.7860000000000006,0.23600000000000018,0.0,4084.0,0
1.1360000000000001,10267.0,8203.0,6179.0,10258.5,8197.5,6174.5,9000.0,6000.0,5000.0,-11.125,0.5,-25.875,700.0,900.0,0.0,0.7870000000000006,0.23700000000000018,0.0,4088.0,0
1.137,10276.0,8210.0,6184.0,10267.5,8203.5,6179.5,9000.0,7000.0,5000.0,-12.625,0.5,-26.375,700.0,900.0,0.0,0.7880000000000006,0.23800000000000018,0.0,4092.0,0
1.1380000000000001,10284.0,8217.0,6189.0,10276.5,8210.5,6184.5,8000.0,7000.0,5000.0,-12.875,0.5,-26.125,700.0,900.0,0.0,0.7890000000000006,0.23900000000000018,0.0,4095.0,0
1.139,10293.0,8224.0,6194.0,10284.5,8217.5,6189.5,9000.0,7000.0,5000.0,-12.125,0.5,-25.875,700.0,900.0,0.0,0.7900000000000006,0.24000000000000019,0.0,4099.0,0
1.1400000000000001,10301.0,8231.0,6200.0,10293.5,8224.5,6194.5,8000.0,7000.0,6000.0,-12.375,0.5,-25.625,700.0,900.0,0.0,0.7910000000000006,0.2410000000000002,0.0,4101.0,0
1.141,10310.0,8238.0,6205.0,10301.5,8231.5,6200.5,9000.0,7000.0,5000.0,-11.625,0.5,-26.375,700.0,900.0,0.0,0.7920000000000006,0.2420000000000002,0.0,4105.0,0
1.1420000000000001,10319.0,8245.0,6210.0,10310.5,8238.5,6205.5,9000.0,7000.0,5000.0,-11.875,0.5,-26.125,700.0,900.0,0.0,0.7930000000000006,0.2430000000000002,0.0,4109.0,0
1.143,10327.0,8252.0,6215.0,10319.5,8245.5,6210.5,8000.0,7000.0,5000.0,-12.125,0.5,-25.875,700.0,900.0,0.0,0.7940000000000006,0.2440000000000002,0.0,4112.0,0
1.1440000000000001,10336.0,8259.0,6220.0,10327.5,8252.5,6215.5,9000.0,7000.0,5000.0,-11.375,0.5,-25.625,700.0,900.0,0.0,0.7950000000000006,0.2450000000000002,0.0,4116.0,0
1.145,10345.0,8266.0,6225.0,10336.5,8259.5,6220.5,9000.0,7000.0,5000.0,-11.625,0.5,-25.375,700.0,900.0,0.0,0.7960000000000006,0.2460000000000002,0.0,4120.0,0
1.1460000000000001,10353.0,8272.0,6231.0,10345.5,8266.5,6225.5,8000.0,6000.0,6000.0,-11.875,0.5,-25.125,700.0,900.0,0.0,0.7970000000000006,0.2470000000000002,0.0,4122.0,0
1.147,10362.0,8279.0,6236.0,10353.5,8272.5,6231.5,9000.0,7000.0,5000.0,-12.375,0.5,-26.625,700.0,900.0,0.0,0.7980000000000006,0.2480000000000002,0.0,4126.0,0
1.1480000000000001,10370.0,8286.0,6241.0,10362.5,8279.5,6236.5,8000.0,7000.0,5000.0,-12.625,0.5,-26.375,700.0,900.0,0.0,0.7990000000000006,0.2490000000000002,0.0,4129.0,0
1.149,10379.0,8293.0,6246.0,10370.5,8286.5,6241.5,9000.0,7000.0,5000.0,-11.875,0.5,-26.125,700.0,900.0,0.0,0.8000000000000006,0.25000000000000017,0.0,4133.0,0
1.1500000000000001,10388.0,8300.0,6251.0,10379.5,8293.5,6246.5,9000.0,7000.0,5000.0,-12.125,0.5,-25.875,700.0,900.0,0.0,0.8010000000000006,0.25100000000000017,0.0,4137.0,0
1.151,10396.0,8307.0,6256.0,10388.5,8300.5,6251.5,8000.0,7000.0,5000.0,-12.375,0.5,-25.625,700.0,900.0,0.0,0.8020000000000006,0.25200000000000017,0.0,4140.0,0
1.1520000000000001,10405.0,8314.0,6262.0,10396.5,8307.5,6256.5,9000.0,7000.0,6000.0,-11.625,0.5,-25.375,700.0,900.0,0.0,0.8030000000000006,0.25300000000000017,0.0,4143.0,0
1.153,10413.0,8321.0,6267.0,10405.5,8314.5,6262.5,8000.0,7000.0,5000.0,-11.875,0.5,-26.125,700.0,900.0,0.0,0.8040000000000006,0.25400000000000017,0.0,4146.0,0
1.154,10422.0,8328.0,6272.0,10413.5,8321.5,6267.5,9000.0,7000.0,5000.0,-11.125,0.5,-25.875,700.0,900.0,0.0,0.8050000000000006,0.25500000000000017,0.0,4150.0,0
1.155,10431.0,8335.0,6277.0,10422.5,8328.5,6272.5,9000.0,7000.0,5000.0,-11.375,0.5,-25.625,700.0,900.0,0.0,0.8060000000000006,0.25600000000000017,0.0,4154.0,0
1.156,10439.0,8341.0,6282.0,10431.5,8335.5,6277.5,8000.0,6000.0,5000.0,-11.625,0.5,-25.375,700.0,900.0,0.0,0.8070000000000006,0.2570000000000002,0.0,4157.0,0
1.157,10448.0,8348.0,6288.0,10439.5,8341.5,6282.5,9000.0,7000.0,6000.0,-12.125,0.5,-25.875,700.0,900.0,0.0,0.8080000000000006,0.2580000000000002,0.0,4160.0,0
1.158,10457.0,8355.0,6293.0,10448.5,8348.5,6288.5,9000.0,7000.0,5000.0,-12.375,0.5,-26.625,700.0,900.0,0.0,0.8090000000000006,0.2590000000000002,0.0,4164.0,0
1.159,10465.0,8362.0,6298.0,10457.5,8355.5,6293.5,8000.0,7000.0,5000.0,-12.625,0.5,-26.375,700.0,900.0,0.0,0.8100000000000006,0.2600000000000002,0.0,4167.0,0
1.16,10474.0,8369.0,6303.0,10465.5,8362.5,6298.5,9000.0,7000.0,5000.0,-11.875,0.5,-26.125,700.0,900.0,0.0,0.8110000000000006,0.2610000000000002,0.0,4171.0,0
1.161,10482.0,8376.0,6308.0,10474.5,8369.5,6303.5,8000.0,7000.0,5000.0,-12.125,0.5,-25.875,700.0,900.0,0.0,0.8120000000000006,0.2620000000000002,0.0,4174.0,0
1.162,10491.0,8383.0,6313.0,10482.5,8376.5,6308.5,9000.0,7000.0,5000.0,-11.375,0.5,-25.625,700.0,900.0,0.0,0.8130000000000006,0.2630000000000002,0.0,4178.0,0
1.163,10500.0,8390.0,6319.0,10491.5,8383.5,6313.5,9000.0,7000.0,6000.0,-11.625,0.5,-25.375,700.0,900.0,0.0,0.8140000000000006,0.2640000000000002,0.0,4181.0,0
1.164,10508.0,8397.0,6324.0,10500.5,8390.5,6319.5,8000.0,7000.0,5000.0,-11.875,0.5,-26.125,700.0,900.0,0.0,0.8150000000000006,0.2650000000000002,0.0,4184.0,0
1.165,10517.0,8404.0,6329.0,10508.5,8397.5,6324.5,9000.0,7000.0,5000.0,-11.125,0.5,-25.875,700.0,900.0,0.0,0.8160000000000006,0.2660000000000002,0.0,4188.0,0
1.166,10526.0,8410.0,6334.0,10517.5,8404.5,6329.5,9000.0,6000.0,5000.0,-11.375,0.5,-25.625,700.0,900.0,0.0,0.8170000000000006,0.2670000000000002,0.0,4192.0,0
1.167,10534.0,8417.0,6339.0,10526.5,8410.5,6334.5,8000.0,7000.0,5000.0,-12.875,0.5,-26.125,700.0,900.0,0.0,0.8180000000000006,0.2680000000000002,0.0,4195.0,0
1.168,10543.0,8424.0,6344.0,10534.5,8417.5,6339.5,9000.0,7000.0,5000.0,-12.125,0.5,-25.875,700.0,900.0,0.0,0.8190000000000006,0.2690000000000002,0.0,4199.0,0
1.169,10551.0,8431.0,6350.0,10543.5,8424.5,6344.5,8000.0,7000.0,6000.0,-12.375,0.5,-25.625,700.0,900.0,0.0,0.8200000000000006,0.2700000000000002,0.0,4201.0,0
1.17,10560.0,8438.0,6355.0,10551.5,8431.5,6350.5,9000.0,7000.0,5000.0,-11.625,0.5,-26.375,700.0,900.0,0.0,0.8210000000000006,0.2710000000000002,0.0,4205.0,0
1.171,10569.0,8445.0,6360.0,10560.5,8438.5,6355.5,9000.0,7000.0,5000.0,-11.875,0.5,-26.125,700.0,900.0,0.0,0.8220000000000006,0.2720000000000002,0.0,4209.0,0
1.172,10577.0,8452.0,6365.0,10569.5,8445.5,6360.5,8000.0,7000.0,5000.0,-12.125,0.5,-25.875,700.0,900.0,0.0,0.8230000000000006,0.2730000000000002,0.0,4212.0,0
1.173,10586.0,8459.0,6370.0,10577.5,8452.5,6365.5,9000.0,7000.0,5000.0,-11.375,0.5,-25.625,700.0,900.0,0.0,0.8240000000000006,0.2740000000000002,0.0,4216.0,0
1.174,10595.0,8466.0,6376.0,10586.5,8459.5,6370.5,9000.0,7000.0,6000.0,-11.625,0.5,-25.375,700.0,900.0,0.0,0.8250000000000006,0.2750000000000002,0.0,4219.0,0
1.175,10603.0,8473.0,6381.0,10595.5,8466.5,6376.5,8000.0,7000.0,5000.0,-11.875,0.5,-26.125,700.0,900.0,0.0,0.8260000000000006,0.2760000000000002,0.0,4222.0,0
1.176,10612.0,8479.0,6386.0,10603.5,8473.5,6381.5,9000.0,6000.0,5000.0,-11.125,0.5,-25.875,700.0,900.0,0.0,0.8270000000000006,0.2770000000000002,0.0,4226.0,0
1.177,10621.0,8486.0,6391.0,10612.5,8479.5,6386.5,9000.0,7000.0,5000.0,-12.625,0.5,-26.375,700.0,900.0,0.0,0.8280000000000006,0.2780000000000002,0.0,4230.0,0
1.178,10629.0,8493.0,6396.0,10621.5,8486.5,6391.5,8000.0,7000.0,5000.0,-12.875,0.5,-26.125,700.0,900.0,0.0,0.8290000000000006,0.2790000000000002,0.0,4233.0,0
1.179,10638.0,8500.0,6401.0,10629.5,8493.5,6396.5,9000.0,7000.0,5000.0,-12.125,0.5,-25.875,700.0,900.0,0.0,0.8300000000000006,0.2800000000000002,0.0,4237.0,0
1.18,10646.0,8507.0,6407.0,10638.5,8500.5,6401.5,8000.0,7000.0,6000.0,-12.375,0.5,-25.625,700.0,900.0,0.0,0.8310000000000006,0.2810000000000002,0.0,4239.0,0
1.181,10655.0,8514.0,6412.0,10646.5,8507.5,6407.5,9000.0,7000.0,5000.0,-11.625,0.5,-26.375,700.0,900.0,0.0,0.8320000000000006,0.2820000000000002,0.0,4243.0,0
1.182,10664.0,8521.0,6417.0,10655.5,8514.5,6412.5,9000.0,7000.0,5000.0,-11.875,0.5,-26.125,700.0,900.0,0.0,0.8330000000000006,0.2830000000000002,0.0,4247.0,0
1.183,10672.0,8528.0,6422.0,10664.5,8521.5,6417.5,8000.0,7000.0,5000.0,-12.125,0.5,-25.875,700.0,900.0,0.0,0.8340000000000006,0.2840000000000002,0.0,4250.0,0
1.184,10681.0,8535.0,6427.0,10672.5,8528.5,6422.5,9000.0,7000.0,5000.0,-11.375,0.5,-25.625,700.0,900.0,0.0,0.8350000000000006,0.2850000000000002,0.0,4254.0,0
1.185,10690.0,8542.0,6432.0,10681.5,8535.5,6427.5,9000.0,7000.0,5000.0,-11.625,0.5,-25.375,700.0,900.0,0.0,0.8360000000000006,0.2860000000000002,0.0,4258.0,0
1.186,10698.0,8548.0,6438.0,10690.5,8542.5,6432.5,8000.0,6000.0,6000.0,-11.875,0.5,-25.125,700.0,900.0,0.0,0.8370000000000006,0.2870000000000002,0.0,4260.0,0
1.187,10707.0,8555.0,6443.0,10698.5,8548.5,6438.5,9000.0,7000.0,5000.0,-12.375,0.5,-26.625,700.0,900.0,0.0,0.8380000000000006,0.2880000000000002,0.0,4264.0,0
1.188,10715.0,8562.0,6448.0,10707.5,8555.5,6443.5,8000.0,7000.0,5000.0,-12.625,0.5,-26.375,700.0,900.0,0.0,0.8390000000000006,0.2890000000000002,0.0,4267.0,0
1.189,10724.0,8569.0,6453.0,10715.5,8562.5,6448.5,9000.0,7000.0,5000.0,-11.875,0.5,-26.125,700.0,900.0,0.0,0.8400000000000006,0.2900000000000002,0.0,4271.0,0
1.19,10733.0,8576.0,6458.0,10724.5,8569.5,6453.5,9000.0,7000.0,5000.0,-12.125,0.5,-25.875,700.0,900.0,0.0,0.8410000000000006,0.2910000000000002,0.0,4275.0,0
1.191,10741.0,8583.0,6464.0,10733.5,8576.5,6458.5,8000.0,7000.0,6000.0,-12.375,0.5,-25.625,700.0,900.0,0.0,0.8420000000000006,0.2920000000000002,0.0,4277.0,0
1.192,10750.0,8590.0,6469.0,10741.5,8583.5,6464.5,9000.0,7000.0,5000.0,-11.625,0.5,-26.375,700.0,900.0,0.0,0.8430000000000006,0.2930000000000002,0.0,4281.0,0
1.193,10758.0,8597.0,6474.0,10750.5,8590.5,6469.5,8000.0,7000.0,5000.0,-11.875,0.5,-26.125,700.0,900.0,0.0,0.8440000000000006,0.2940000000000002,0.0,4284.0,0
1.194,10767.0,8604.0,6479.0,10758.5,8597.5,6474.5,9000.0,7000.0,5000.0,-11.125,0.5,-25.875,700.0,900.0,0.0,0.8450000000000006,0.2950000000000002,0.0,4288.0,0
1.195,10776.0,8611.0,6484.0,10767.5,8604.5,6479.5,9000.0,7000.0,5000.0,-11.375,0.5,-25.625,700.0,900.0,0.0,0.8460000000000006,0.2960000000000002,0.0,4292.0,0
1.196,10784.0,8617.0,6489.0,10776.5,8611.5,6484.5,8000.0,6000.0,5000.0,-11.625,0.5,-25.375,700.0,900.0,0.0,0.8470000000000006,0.2970000000000002,0.0,4295.0,0
1.197,10793.0,8624.0,6495.0,10784.5,8617.5,6489.5,9000.0,7000.0,6000.0,-12.125,0.5,-25.875,700.0,900.0,0.0,0.8480000000000006,0.2980000000000002,0.0,4298.0,0
1.198,10802.0,8631.0,6500.0,10793.5,8624.5,6495.5,9000.0,7000.0,5000.0,-12.375,0.5,-26.625,700.0,900.0,0.0,0.8490000000000006,0.2990000000000002,0.0,4302.0,0
1.199,10810.0,8638.0,6505.0,10802.5,8631.5,6500.5,8000.0,7000.0,5000.0,-12.625,0.5,-26.375,700.0,900.0,0.0,0.8500000000000006,0.3000000000000002,0.0,4305.0,0
1.2,10819.0,8645.0,6510.0,10810.5,8638.5,6505.5,9000.0,7000.0,5000.0,-11.875,0.5,-26.125,700.0,900.0,0.0,0.8510000000000006,0.3010000000000002,0.0,4309.0,0
1.201,10827.0,8652.0,6515.0,10819.5,8645.5,6510.5,8000.0,7000.0,5000.0,-12.125,0.5,-25.875,700.0,900.0,0.0,0.8520000000000006,0.3020000000000002,0.0,4312.0,0
1.202,10836.0,8659.0,6520.0,10827.5,8652.5,6515.5,9000.0,7000.0,5000.0,-11.375,0.5,-25.625,700.0,900.0,0.0,0.8530000000000006,0.3030000000000002,0.0,4316.0,0
1.203,10845.0,8666.0,6526.0,10836.5,8659.5,6520.5,9000.0,7000.0,6000.0,-11.625,0.5,-25.375,700.0,900.0,0.0,0.8540000000000006,0.3040000000000002,0.0,4319.0,0
1.204,10853.0,8673.0,6531.0,10845.5,8666.5,6526.5,8000.0,7000.0,5000.0,-11.875,0.5,-26.125,700.0,900.0,0.0,0.8550000000000006,0.3050000000000002,0.0,4322.0,0
1.205,10862.0,8680.0,6536.0,10853.5,8673.5,6531.5,9000.0,7000.0,5000.0,-11.125,0.5,-25.875,700.0,900.0,0.0,0.8560000000000006,0.3060000000000002,0.0,4326.0,0
1.206,10871.0,8686.0,6541.0,10862.5,8680.5,6536.5,9000.0,6000.0,5000.0,-11.375,0.5,-25.625,700.0,900.0,0.0,0.8570000000000007,0.3070000000000002,0.0,4330.0,0
1.207,10879.0,8693.0,6546.0,10871.5,8686.5,6541.5,8000.0,7000.0,5000.0,-12.875,0.5,-26.125,700.0,900.0,0.0,0.8580000000000007,0.3080000000000002,0.0,4333.0,0
1.208,10888.0,8700.0,6552.0,10879.5,8693.5,6546.5,9000.0,7000.0,6000.0,-12.125,0.5,-25.875,700.0,900.0,0.0,0.8590000000000007,0.3090000000000002,0.0,4336.0,0
1.209,10897.0,8707.0,6557.0,10888.5,8700.5,6552.5,9000.0,7000.0,5000.0,-12.375,0.5,-26.625,700.0,900.0,0.0,0.8600000000000007,0.3100000000000002,0.0,4340.0,0
1.21,10905.0,8714.0,6562.0,10897.5,8707.5,6557.5,8000.0,7000.0,5000.0,-12.625,0.5,-26.375,700.0,900.0,0.0,0.8610000000000007,0.3110000000000002,0.0,4343.0,0
1.211,10914.0,8721.0,6567.0,10905.5,8714.5,6562.5,9000.0,7000.0,5000.0,-11.875,0.5,-26.125,700.0,900.0,0.0,0.8620000000000007,0.3120000000000002,0.0,4347.0,0
1.212,10922.0,8728.0,6572.0,10914.5,8721.5,6567.5,8000.0,7000.0,5000.0,-12.125,0.5,-25.875,700.0,900.0,0.0,0.8630000000000007,0.3130000000000002,0.0,4350.0,0
1.213,10931.0,8735.0,6577.0,10922.5,8728.5,6572.5,9000.0,7000.0,5000.0,-11.375,0.5,-25.625,700.0,900.0,0.0,0.8640000000000007,0.3140000000000002,0.0,4354.0,0
1.214,10940.0,8742.0,6583.0,10931.5,8735.5,6577.5,9000.0,7000.0,6000.0,-11.625,0.5,-25.375,700.0,900.0,0.0,0.8650000000000007,0.3150000000000002,0.0,4357.0,0
1.215,10948.0,8749.0,6588.0,10940.5,8742.5,6583.5,8000.0,7000.0,5000.0,-11.875,0.5,-26.125,700.0,900.0,0.0,0.8660000000000007,0.3160000000000002,0.0,4360.0,0
1.216,10957.0,8755.0,6593.0,10948.5,8749.5,6588.5,9000.0,6000.0,5000.0,-11.125,0.5,-25.875,700.0,900.0,0.0,0.8670000000000007,0.3170000000000002,0.0,4364.0,0
1.217,10966.0,8762.0,6598.0,10957.5,8755.5,6593.5,9000.0,7000.0,5000.0,-12.625,0.5,-26.375,700.0,900.0,0.0,0.8680000000000007,0.3180000000000002,0.0,4368.0,0
1.218,10974.0,8769.0,6603.0,10966.5,8762.5,6598.5,8000.0,7000.0,5000.0,-12.875,0.5,-26.125,700.0,900.0,0.0,0.8690000000000007,0.31900000000000023,0.0,4371.0,0
1.219,10983.0,8776.0,6608.0,10974.5,8769.5,6603.5,9000.0,7000.0,5000.0,-12.125,0.5,-25.875,700.0,900.0,0.0,0.8700000000000007,0.32000000000000023,0.0,4375.0,0
1.22,10991.0,8783.0,6614.0,10983.5,8776.5,6608.5,8000.0,7000.0,6000.0,-12.375,0.5,-25.625,700.0,900.0,0.0,0.8710000000000007,0.32100000000000023,0.0,4377.0,0
1.221,11000.0,8790.0,6619.0,10991.5,8783.5,6614.5,9000.0,7000.0,5000.0,-11.625,0.5,-26.375,700.0,900.0,0.0,0.8720000000000007,0.32200000000000023,0.0,4381.0,0
1.222,11009.0,8797.0,6624.0,11000.5,8790.5,6619.5,9000.0,7000.0,5000.0,-11.875,0.5,-26.125,700.0,900.0,0.0,0.8730000000000007,0.32300000000000023,0.0,4385.0,0
1.223,11017.0,8804.0,6629.0,11009.5,8797.5,6624.5,8000.0,7000.0,5000.0,-12.125,0.5,-25.875,700.0,900.0,0.0,0.8740000000000007,0.32400000000000023,0.0,4388.0,0
1.224,11026.0,8811.0,6634.0,11017.5,8804.5,6629.5,9000.0,7000.0,5000.0,-11.375,0.5,-25.625,700.0,900.0,0.0,0.8750000000000007,0.32500000000000023,0.0,4392.0,0
1.225,11034.0,8818.0,6640.0,11026.5,8811.5,6634.5,8000.0,7000.0,6000.0,-11.625,0.5,-25.375,700.0,900.0,0.0,0.8760000000000007,0.32600000000000023,0.0,4394.0,0
1.226,11043.0,8824.0,6645.0,11034.5,8818.5,6640.5,9000.0,6000.0,5000.0,-10.875,0.5,-26.125,700.0,900.0,0.0,0.8770000000000007,0.32700000000000023,0.0,4398.0,0
1.227,11052.0,8831.0,6650.0,11043.5,8824.5,6645.5,9000.0,7000.0,5000.0,-12.375,0.5,-26.625,700.0,900.0,0.0,0.8780000000000007,0.32800000000000024,0.0,4402.0,0
1.228,11060.0,8838.0,6655.0,11052.5,8831.5,6650.5,8000.0,7000.0,5000.0,-12.625,0.5,-26.375,700.0,900.0,0.0,0.8790000000000007,0.32900000000000024,0.0,4405.0,0
1.229,11069.0,8845.0,6660.0,11060.5,8838.5,6655.5,9000.0,7000.0,5000.0,-11.875,0.5,-26.125,700.0,900.0,0.0,0.8800000000000007,0.33000000000000024,0.0,4409.0,0
1.23,11078.0,8852.0,6665.0,11069.5,8845.5,6660.5,9000.0,7000.0,5000.0,-12.125,0.5,-25.875,700.0,900.0,0.0,0.8810000000000007,0.33100000000000024,0.0,4413.0,0
1.231,11086.0,8859.0,6671.0,11078.5,8852.5,6665.5,8000.0,7000.0,6000.0,-12.375,0.5,-25.625,700.0,900.0,0.0,0.8820000000000007,0.33200000000000024,0.0,4415.0,0
1.232,11095.0,8866.0,6676.0,11086.5,8859.5,6671.5,9000.0,7000.0,5000.0,-11.625,0.5,-26.375,700.0,900.0,0.0,0.8830000000000007,0.33300000000000024,0.0,4419.0,0
1.233,11103.0,8873.0,6681.0,11095.5,8866.5,6676.5,8000.0,7000.0,5000.0,-11.875,0.5,-26.125,700.0,900.0,0.0,0.8840000000000007,0.33400000000000024,0.0,4422.0,0
1.234,11112.0,8880.0,6686.0,11103.5,8873.5,6681.5,9000.0,7000.0,5000.0,-11.125,0.5,-25.875,700.0,900.0,0.0,0.8850000000000007,0.33500000000000024,0.0,4426.0,0
1.235,11121.0,8887.0,6691.0,11112.5,8880.5,6686.5,9000.0,7000.0,5000.0,-11.375,0.5,-25.625,700.0,900.0,0.0,0.8860000000000007,0.33600000000000024,0.0,4430.0,0
1.236,11129.0,8893.0,6696.0,11121.5,8887.5,6691.5,8000.0,6000.0,5000.0,-11.625,0.5,-25.375,700.0,900.0,0.0,0.8870000000000007,0.33700000000000024,0.0,4433.0,0
1.237,11138.0,8900.0,6702.0,11129.5,8893.5,6696.5,9000.0,7000.0,6000.0,-12.125,0.5,-25.875,700.0,900.0,0.0,0.8880000000000007,0.33800000000000024,0.0,4436.0,0
1.238,11147.0,8907.0,6707.0,11138.5,8900.5,6702.5,9000.0,7000.0,5000.0,-12.375,0.5,-26.625,700.0,900.0,0.0,0.8890000000000007,0.33900000000000025,0.0,4440.0,0
1.239,11155.0,8914.0,6712.0,11147.5,8907.5,6707.5,8000.0,7000.0,5000.0,-12.625,0.5,-26.375,700.0,900.0,0.0,0.8900000000000007,0.34000000000000025,0.0,4443.0,0
1.24,11164.0,8921.0,6717.0,11155.5,8914.5,6712.5,9000.0,7000.0,5000.0,-11.875,0.5,-26.125,700.0,900.0,0.0,0.8910000000000007,0.34100000000000025,0.0,4447.0,0
1.241,11172.0,8928.0,6722.0,11164.5,8921.5,6717.5,8000.0,7000.0,5000.0,-12.125,0.5,-25.875,700.0,900.0,0.0,0.8920000000000007,0.34200000000000025,0.0,4450.0,0
1.242,11181.0,8935.0,6727.0,11172.5,8928.5,6722.5,9000.0,7000.0,5000.0,-11.375,0.5,-25.625,700.0,900.0,0.0,0.8930000000000007,0.34300000000000025,0.0,4454.0,0
1.243,11190.0,8942.0,6733.0,11181.5,8935.5,6727.5,9000.0,7000.0,6000.0,-11.625,0.5,-25.375,700.0,900.0,0.0,0.8940000000000007,0.34400000000000025,0.0,4457.0,0
1.244,11198.0,8949.0,6738.0,11190.5,8942.5,6733.5,8000.0,7000.0,5000.0,-11.875,0.5,-26.125,700.0,900.0,0.0,0.8950000000000007,0.34500000000000025,0.0,4460.0,0
1.245,11207.0,8956.0,6743.0,11198.5,8949.5,6738.5,9000.0,7000.0,5000.0,-11.125,0.5,-25.875,700.0,900.0,0.0,0.8960000000000007,0.34600000000000025,0.0,4464.0,0
1.246,11216.0,8962.0,6748.0,11207.5,8956.5,6743.5,9000.0,6000.0,5000.0,-11.375,0.5,-25.625,700.0,900.0,0.0,0.8970000000000007,0.34700000000000025,0.0,4468.0,0
1.247,11224.0,8969.0,6753.0,11216.5,8962.5,6748.5,8000.0,7000.0,5000.0,-12.875,0.5,-26.125,700.0,900.0,0.0,0.8980000000000007,0.34800000000000025,0.0,4471.0,0
1.248,11233.0,8976.0,6759.0,11224.5,8969.5,6753.5,9000.0,7000.0,6000.0,-12.125,0.5,-25.875,700.0,900.0,0.0,0.8990000000000007,0.34900000000000025,0.0,4474.0,0
1.249,11242.0,8983.0,6764.0,11233.5,8976.5,6759.5,9000.0,7000.0,5000.0,-12.375,0.5,-26.625,700.0,900.0,0.0,0.9000000000000007,0.35000000000000026,0.0,4478.0,0
1.25,11250.0,8990.0,6769.0,11242.5,8983.5,6764.5,8000.0,7000.0,5000.0,-12.625,0.5,-26.375,700.0,900.0,0.0,0.9010000000000007,0.35100000000000026,0.0,4481.0,0
1.2510000000000001,11259.0,8997.0,6774.0,11250.5,8990.5,6769.5,9000.0,7000.0,5000.0,-11.875,0.5,-26.125,700.0,900.0,0.0,0.9020000000000007,0.35200000000000026,0.0,4485.0,0
1.252,11267.0,9004.0,6779.0,11259.5,8997.5,6774.5,8000.0,7000.0,5000.0,-12.125,0.5,-25.875,700.0,900.0,0.0,0.9030000000000007,0.35300000000000026,0.0,4488.0,0
1.2530000000000001,11276.0,9011.0,6784.0,11267.5,9004.5,6779.5,9000.0,7000.0,5000.0,-11.375,0.5,-25.625,700.0,900.0,0.0,0.9040000000000007,0.35400000000000026,0.0,4492.0,0
1.254,11285.0,9018.0,6790.0,11276.5,9011.5,6784.5,9000.0,7000.0,6000.0,-11.625,0.5,-25.375,700.0,900.0,0.0,0.9050000000000007,0.35500000000000026,0.0,4495.0,0
1.2550000000000001,11293.0,9025.0,6795.0,11285.5,9018.5,6790.5,8000.0,7000.0,5000.0,-11.875,0.5,-26.125,700.0,900.0,0.0,0.9060000000000007,0.35600000000000026,0.0,4498.0,0
1.256,11302.0,9031.0,6800.0,11293.5,9025.5,6795.5,9000.0,6000.0,5000.0,-11.125,0.5,-25.875,700.0,900.0,0.0,0.9070000000000007,0.35700000000000026,0.0,4502.0,0
1.2570000000000001,11311.0,9038.0,6805.0,11302.5,9031.5,6800.5,9000.0,7000.0,5000.0,-12.625,0.5,-26.375,700.0,900.0,0.0,0.9080000000000007,0.35800000000000026,0.0,4506.0,0
1.258,11319.0,9045.0,6810.0,11311.5,9038.5,6805.5,8000.0,7000.0,5000.0,-12.875,0.5,-26.125,700.0,900.0,0.0,0.9090000000000007,0.35900000000000026,0.0,4509.0,0
1.2590000000000001,11328.0,9052.0,6815.0,11319.5,9045.5,6810.5,9000.0,7000.0,5000.0,-12.125,0.5,-25.875,700.0,900.0,0.0,0.9100000000000007,0.36000000000000026,0.0,4513.0,0
1.26,11336.0,9059.0,6821.0,11328.5,9052.5,6815.5,8000.0,7000.0,6000.0,-12.375,0.5,-25.625,700.0,900.0,0.0,0.9110000000000007,0.36100000000000027,0.0,4515.0,0
1.2610000000000001,11345.0,9066.0,6826.0,11336.5,9059.5,6821.5,9000.0,7000.0,5000.0,-11.625,0.5,-26.375,700.0,900.0,0.0,0.9120000000000007,0.36200000000000027,0.0,4519.0,0
1.262,11354.0,9073.0,6831.0,11345.5,9066.5,6826.5,9000.0,7000.0,5000.0,-11.875,0.5,-26.125,700.0,900.0,0.0,0.9130000000000007,0.36300000000000027,0.0,4523.0,0
1.2630000000000001,11362.0,9080.0,6836.0,11354.5,9073.5,6831.5,8000.0,7000.0,5000.0,-12.125,0.5,-25.875,700.0,900.0,0.0,0.9140000000000007,0.36400000000000027,0.0,4526.0,0
1.264,11371.0,9087.0,6841.0,11362.5,9080.5,6836.5,9000.0,7000.0,5000.0,-11.375,0.5,-25.625,700.0,900.0,0.0,0.9150000000000007,0.36500000000000027,0.0,4530.0,0
1.2650000000000001,11379.0,9094.0,6846.0,11371.5,9087.5,6841.5,8000.0,7000.0,5000.0,-11.625,0.5,-25.375,700.0,900.0,0.0,0.9160000000000007,0.36600000000000027,0.0,4533.0,0
1.266,11388.0,9100.0,6852.0,11379.5,9094.5,6846.5,9000.0,6000.0,6000.0,-10.875,0.5,-25.125,700.0,900.0,0.0,0.9170000000000007,0.36700000000000027,0.0,4536.0,0
1.2670000000000001,11397.0,9107.0,6857.0,11388.5,9100.5,6852.5,9000.0,7000.0,5000.0,-12.375,0.5,-26.625,700.0,900.0,0.0,0.9180000000000007,0.36800000000000027,0.0,4540.0,0
1.268,11405.0,9114.0,6862.0,11397.5,9107.5,6857.5,8000.0,7000.0,5000.0,-12.625,0.5,-26.375,700.0,900.0,0.0,0.9190000000000007,0.36900000000000027,0.0,4543.0,0
1.2690000000000001,11414.0,9121.0,6867.0,11405.5,9114.5,6862.5,9000.0,7000.0,5000.0,-11.875,0.5,-26.125,700.0,900.0,0.0,0.9200000000000007,0.3700000000000003,0.0,4547.0,0
1.27,11423.0,9128.0,6872.0,11414.5,9121.5,6867.5,9000.0,7000.0,5000.0,-12.125,0.5,-25.875,700.0,900.0,0.0,0.9210000000000007,0.3710000000000003,0.0,4551.0,0
1.2710000000000001,11431.0,9135.0,6878.0,11423.5,9128.5,6872.5,8000.0,7000.0,6000.0,-12.375,0.5,-25.625,700.0,900.0,0.0,0.9220000000000007,0.3720000000000003,0.0,4553.0,0
1.272,11440.0,9142.0,6883.0,11431.5,9135.5,6878.5,9000.0,7000.0,5000.0,-11.625,0.5,-26.375,700.0,900.0,0.0,0.9230000000000007,0.3730000000000003,0.0,4557.0,0
1.2730000000000001,11448.0,9149.0,6888.0,11440.5,9142.5,6883.5,8000.0,7000.0,5000.0,-11.875,0.5,-26.125,700.0,900.0,0.0,0.9240000000000007,0.3740000000000003,0.0,4560.0,0
1.274,11457.0,9156.0,6893.0,11448.5,9149.5,6888.5,9000.0,7000.0,5000.0,-11.125,0.5,-25.875,700.0,900.0,0.0,0.9250000000000007,0.3750000000000003,0.0,4564.0,0
1.2750000000000001,11466.0,9163.0,6898.0,11457.5,9156.5,6893.5,9000.0,7000.0,5000.0,-11.375,0.5,-25.625,700.0,900.0,0.0,0.9260000000000007,0.3760000000000003,0.0,4568.0,0
1.276,11474.0,9169.0,6903.0,11466.5,9163.5,6898.5,8000.0,6000.0,5000.0,-11.625,0.5,-25.375,700.0,900.0,0.0,0.9270000000000007,0.3770000000000003,0.0,4571.0,0
1.2770000000000001,11483.0,9176.0,6909.0,11474.5,9169.5,6903.5,9000.0,7000.0,6000.0,-12.125,0.5,-25.875,700.0,900.0,0.0,0.9280000000000007,0.3780000000000003,0.0,4574.0,0
1.278,11492.0,9183.0,6914.0,11483.5,9176.5,6909.5,9000.0,7000.0,5000.0,-12.375,0.5,-26.625,700.0,900.0,0.0,0.9290000000000007,0.3790000000000003,0.0,4578.0,0
1.2790000000000001,11500.0,9190.0,6919.0,11492.5,9183.5,6914.5,8000.0,7000.0,5000.0,-12.625,0.5,-26.375,700.0,900.0,0.0,0.9300000000000007,0.3800000000000003,0.0,4581.0,0
1.28,11509.0,9197.0,6924.0,11500.5,9190.5,6919.5,9000.0,7000.0,5000.0,-11.875,0.5,-26.125,700.0,900.0,0.0,0.9310000000000007,0.3810000000000003,0.0,4585.0,0
1.281,11517.0,9204.0,6929.0,11509.5,9197.5,6924.5,8000.0,7000.0,5000.0,-12.125,0.5,-25.875,700.0,900.0,0.0,0.9320000000000007,0.3820000000000003,0.0,4588.0,0
1.282,11526.0,9211.0,6934.0,11517.5,9204.5,6929.5,9000.0,7000.0,5000.0,-11.375,0.5,-25.625,700.0,900.0,0.0,0.9330000000000007,0.3830000000000003,0.0,4592.0,0
1.283,11535.0,9218.0,6940.0,11526.5,9211.5,6934.5,9000.0,7000.0,6000.0,-11.625,0.5,-25.375,700.0,900.0,0.0,0.9340000000000007,0.3840000000000003,0.0,4595.0,0
1.284,11543.0,9225.0,6945.0,11535.5,9218.5,6940.5,8000.0,7000.0,5000.0,-11.875,0.5,-26.125,700.0,900.0,0.0,0.9350000000000007,0.3850000000000003,0.0,4598.0,0
1.285,11552.0,9232.0,6950.0,11543.5,9225.5,6945.5,9000.0,7000.0,5000.0,-11.125,0.5,-25.875,700.0,900.0,0.0,0.9360000000000007,0.3860000000000003,0.0,4602.0,0
1.286,11561.0,9238.0,6955.0,11552.5,9232.5,6950.5,9000.0,6000.0,5000.0,-11.375,0.5,-25.625,700.0,900.0,0.0,0.9370000000000007,0.3870000000000003,0.0,4606.0,0
1.287,11569.0,9245.0,6960.0,11561.5,9238.5,6955.5,8000.0,7000.0,5000.0,-12.875,0.5,-26.125,700.0,900.0,0.0,0.9380000000000007,0.3880000000000003,0.0,4609.0,0
1.288,11578.0,9252.0,6966.0,11569.5,9245.5,6960.5,9000.0,7000.0,6000.0,-12.125,0.5,-25.875,700.0,900.0,0.0,0.9390000000000007,0.3890000000000003,0.0,4612.0,0
1.289,11587.0,9259.0,6971.0,11578.5,9252.5,6966.5,9000.0,7000.0,5000.0,-12.375,0.5,-26.625,700.0,900.0,0.0,0.9400000000000007,0.3900000000000003,0.0,4616.0,0
1.29,11595.0,9266.0,6976.0,11587.5,9259.5,6971.5,8000.0,7000.0,5000.0,-12.625,0.5,-26.375,700.0,900.0,0.0,0.9410000000000007,0.3910000000000003,0.0,4619.0,0
1.291,11604.0,9273.0,6981.0,11595.5,9266.5,6976.5,9000.0,7000.0,5000.0,-11.875,0.5,-26.125,700.0,900.0,0.0,0.9420000000000007,0.3920000000000003,0.0,4623.0,0
1.292,11612.0,9280.0,6986.0,11604.5,9273.5,6981.5,8000.0,7000.0,5000.0,-12.125,0.5,-25.875,700.0,900.0,0.0,0.9430000000000007,0.3930000000000003,0.0,4626.0,0
1.293,11621.0,9287.0,6991.0,11612.5,9280.5,6986.5,9000.0,7000.0,5000.0,-11.375,0.5,-25.625,700.0,900.0,0.0,0.9440000000000007,0.3940000000000003,0.0,4630.0,0
1.294,11630.0,9294.0,6997.0,11621.5,9287.5,6991.5,9000.0,7000.0,6000.0,-11.625,0.5,-25.375,700.0,900.0,0.0,0.9450000000000007,0.3950000000000003,0.0,4633.0,0
1.295,11638.0,9301.0,7002.0,11630.5,9294.5,6997.5,8000.0,7000.0,5000.0,-11.875,0.5,-26.125,700.0,900.0,0.0,0.9460000000000007,0.3960000000000003,0.0,4636.0,0
1.296,11647.0,9307.0,7007.0,11638.5,9301.5,7002.5,9000.0,6000.0,5000.0,-11.125,0.5,-25.875,700.0,900.0,0.0,0.9470000000000007,0.3970000000000003,0.0,4640.0,0
1.297,11656.0,9314.0,7012.0,11647.5,9307.5,7007.5,9000.0,7000.0,5000.0,-12.625,0.5,-26.375,700.0,900.0,0.0,0.9480000000000007,0.3980000000000003,0.0,4644.0,0
1.298,11664.0,9321.0,7017.0,11656.5,9314.5,7012.5,8000.0,7000.0,5000.0,-12.875,0.5,-26.125,700.0,900.0,0.0,0.9490000000000007,0.3990000000000003,0.0,4647.0,0
1.299,11673.0,9328.0,7022.0,11664.5,9321.5,7017.5,9000.0,7000.0,5000.0,-12.125,0.5,-25.875,700.0,900.0,0.0,0.9500000000000007,0.4000000000000003,0.0,4651.0,0
1.3,11681.0,9335.0,7028.0,11673.5,9328.5,7022.5,8000.0,7000.0,6000.0,-12.375,0.5,-25.625,700.0,900.0,0.0,0.9510000000000007,0.4010000000000003,0.0,4653.0,0
1.301,11690.0,9342.0,7033.0,11681.5,9335.5,7028.5,9000.0,7000.0,5000.0,-11.625,0.5,-26.375,700.0,900.0,0.0,0.9520000000000007,0.4020000000000003,0.0,4657.0,0
1.302,11699.0,9349.0,7038.0,11690.5,9342.5,7033.5,9000.0,7000.0,5000.0,-11.875,0.5,-26.125,700.0,900.0,0.0,0.9530000000000007,0.4030000000000003,0.0,4661.0,0
1.303,11707.0,9356.0,7043.0,11699.5,9349.5,7038.5,8000.0,7000.0,5000.0,-12.125,0.5,-25.875,700.0,900.0,0.0,0.9540000000000007,0.4040000000000003,0.0,4664.0,0
1.304,11716.0,9363.0,7048.0,11707.5,9356.5,7043.5,9000.0,7000.0,5000.0,-11.375,0.5,-25.625,700.0,900.0,0.0,0.9550000000000007,0.4050000000000003,0.0,4668.0,0
1.305,11725.0,9370.0,7054.0,11716.5,9363.5,7048.5,9000.0,7000.0,6000.0,-11.625,0.5,-25.375,700.0,900.0,0.0,0.9560000000000007,0.4060000000000003,0.0,4671.0,0
1.306,11733.0,9376.0,7059.0,11725.5,9370.5,7054.5,8000.0,6000.0,5000.0,-11.875,0.5,-26.125,700.0,900.0,0.0,0.9570000000000007,0.4070000000000003,0.0,4674.0,0
1.307,11742.0,9383.0,7064.0,11733.5,9376.5,7059.5,9000.0,7000.0,5000.0,-12.375,0.5,-26.625,700.0,900.0,0.0,0.9580000000000007,0.4080000000000003,0.0,4678.0,0
1.308,11750.0,9390.0,7069.0,11742.5,9383.5,7064.5,8000.0,7000.0,5000.0,-12.625,0.5,-26.375,700.0,900.0,0.0,0.9590000000000007,0.4090000000000003,0.0,4681.0,0
1.309,11759.0,9397.0,7074.0,11750.5,9390.5,7069.5,9000.0,7000.0,5000.0,-11.875,0.5,-26.125,700.0,900.0,0.0,0.9600000000000007,0.4100000000000003,0.0,4685.0,0
1.31,11768.0,9404.0,7079.0,11759.5,9397.5,7074.5,9000.0,7000.0,5000.0,-12.125,0.5,-25.875,700.0,900.0,0.0,0.9610000000000007,0.4110000000000003,0.0,4689.0,0
1.311,11776.0,9411.0,7085.0,11768.5,9404.5,7079.5,8000.0,7000.0,6000.0,-12.375,0.5,-25.625,700.0,900.0,0.0,0.9620000000000007,0.4120000000000003,0.0,4691.0,0
1.312,11785.0,9418.0,7090.0,11776.5,9411.5,7085.5,9000.0,7000.0,5000.0,-11.625,0.5,-26.375,700.0,900.0,0.0,0.9630000000000007,0.4130000000000003,0.0,4695.0,0
1.313,11793.0,9425.0,7095.0,11785.5,9418.5,7090.5,8000.0,7000.0,5000.0,-11.875,0.5,-26.125,700.0,900.0,0.0,0.9640000000000007,0.4140000000000003,0.0,4698.0,0
1.314,11802.0,9432.0,7100.0,11793.5,9425.5,7095.5,9000.0,7000.0,5000.0,-11.125,0.5,-25.875,700.0,900.0,0.0,0.9650000000000007,0.4150000000000003,0.0,4702.0,0
1.315,11811.0,9439.0,7105.0,11802.5,9432.5,7100.5,9000.0,7000.0,5000.0,-11.375,0.5,-25.625,700.0,900.0,0.0,0.9660000000000007,0.4160000000000003,0.0,4706.0,0
1.316,11819.0,9445.0,7110.0,11811.5,9439.5,7105.5,8000.0,6000.0,5000.0,-11.625,0.5,-25.375,700.0,900.0,0.0,0.9670000000000007,0.4170000000000003,0.0,4709.0,0
1.317,11828.0,9452.0,7116.0,11819.5,9445.5,7110.5,9000.0,7000.0,6000.0,-12.125,0.5,-25.875,700.0,900.0,0.0,0.9680000000000007,0.4180000000000003,0.0,4712.0,0
1.318,11837.0,9459.0,7121.0,11828.5,9452.5,7116.5,9000.0,7000.0,5000.0,-12.375,0.5,-26.625,700.0,900.0,0.0,0.9690000000000007,0.4190000000000003,0.0,4716.0,0
1.319,11845.0,9466.0,7126.0,11837.5,9459.5,7121.5,8000.0,7000.0,5000.0,-12.625,0.5,-26.375,700.0,900.0,0.0,0.9700000000000008,0.4200000000000003,0.0,4719.0,0
1.32,11854.0,9473.0,7131.0,11845.5,9466.5,7126.5,9000.0,7000.0,5000.0,-11.875,0.5,-26.125,700.0,900.0,0.0,0.9710000000000008,0.4210000000000003,0.0,4723.0,0
1.321,11862.0,9480.0,7136.0,11854.5,9473.5,7131.5,8000.0,7000.0,5000.0,-12.125,0.5,-25.875,700.0,900.0,0.0,0.9720000000000008,0.4220000000000003,0.0,4726.0,0
1.322,11871.0,9487.0,7141.0,11862.5,9480.5,7136.5,9000.0,7000.0,5000.0,-11.375,0.5,-25.625,700.0,900.0,0.0,0.9730000000000008,0.4230000000000003,0.0,4730.0,0
1.323,11880.0,9494.0,7147.0,11871.5,9487.5,7141.5,9000.0,7000.0,6000.0,-11.625,0.5,-25.375,700.0,900.0,0.0,0.9740000000000008,0.4240000000000003,0.0,4733.0,0
1.324,11888.0,9501.0,7152.0,11880.5,9494.5,7147.5,8000.0,7000.0,5000.0,-11.875,0.5,-26.125,700.0,900.0,0.0,0.9750000000000008,0.4250000000000003,0.0,4736.0,0
1.325,11897.0,9508.0,7157.0,11888.5,9501.5,7152.5,9000.0,7000.0,5000.0,-11.125,0.5,-25.875,700.0,900.0,0.0,0.9760000000000008,0.4260000000000003,0.0,4740.0,0
1.326,11906.0,9514.0,7162.0,11897.5,9508.5,7157.5,9000.0,6000.0,5000.0,-11.375,0.5,-25.625,700.0,900.0,0.0,0.9770000000000008,0.4270000000000003,0.0,4744.0,0
1.327,11914.0,9521.0,7167.0,11906.5,9514.5,7162.5,8000.0,7000.0,5000.0,-12.875,0.5,-26.125,700.0,900.0,0.0,0.9780000000000008,0.4280000000000003,0.0,4747.0,0
1.328,11923.0,9528.0,7173.0,11914.5,9521.5,7167.5,9000.0,7000.0,6000.0,-12.125,0.5,-25.875,700.0,900.0,0.0,0.9790000000000008,0.4290000000000003,0.0,4750.0,0
1.329,11931.0,9535.0,7178.0,11923.5,9528.5,7173.5,8000.0,7000.0,5000.0,-12.375,0.5,-26.625,700.0,900.0,0.0,0.9800000000000008,0.4300000000000003,0.0,4753.0,0
1.33,11940.0,9542.0,7183.0,11931.5,9535.5,7178.5,9000.0,7000.0,5000.0,-11.625,0.5,-26.375,700.0,900.0,0.0,0.9810000000000008,0.4310000000000003,0.0,4757.0,0
1.331,11949.0,9549.0,7188.0,11940.5,9542.5,7183.5,9000.0,7000.0,5000.0,-11.875,0.5,-26.125,700.0,900.0,0.0,0.9820000000000008,0.43200000000000033,0.0,4761.0,0
1.332,11957.0,9556.0,7193.0,11949.5,9549.5,7188.5,8000.0,7000.0,5000.0,-12.125,0.5,-25.875,700.0,900.0,0.0,0.9830000000000008,0.43300000000000033,0.0,4764.0,0
1.333,11966.0,9563.0,7198.0,11957.5,9556.5,7193.5,9000.0,7000.0,5000.0,-11.375,0.5,-25.625,700.0,900.0,0.0,0.9840000000000008,0.43400000000000033,0.0,4768.0,0
1.334,11975.0,9570.0,7204.0,11966.5,9563.5,7198.5,9000.0,7000.0,6000.0,-11.625,0.5,-25.375,700.0,900.0,0.0,0.9850000000000008,0.43500000000000033,0.0,4771.0,0
1.335,11983.0,9577.0,7209.0,11975.5,9570.5,7204.5,8000.0,7000.0,5000.0,-11.875,0.5,-26.125,700.0,900.0,0.0,0.9860000000000008,0.43600000000000033,0.0,4774.0,0
1.336,11992.0,9583.0,7214.0,11983.5,9577.5,7209.5,9000.0,6000.0,5000.0,-11.125,0.5,-25.875,700.0,900.0,0.0,0.9870000000000008,0.43700000000000033,0.0,4778.0,0
1.337,12001.0,9590.0,7219.0,11992.5,9583.5,7214.5,9000.0,7000.0,5000.0,-12.625,0.5,-26.375,700.0,900.0,0.0,0.9880000000000008,0.43800000000000033,0.0,4782.0,0
1.338,12009.0,9597.0,7224.0,12001.5,9590.5,7219.5,8000.0,7000.0,5000.0,-12.875,0.5,-26.125,700.0,900.0,0.0,0.9890000000000008,0.43900000000000033,0.0,4785.0,0
1.339,12018.0,9604.0,7229.0,12009.5,9597.5,7224.5,9000.0,7000.0,5000.0,-12.125,0.5,-25.875,700.0,900.0,0.0,0.9900000000000008,0.44000000000000034,0.0,4789.0,0
1.34,12026.0,9611.0,7235.0,12018.5,9604.5,7229.5,8000.0,7000.0,6000.0,-12.375,0.5,-25.625,700.0,900.0,0.0,0.9910000000000008,0.44100000000000034,0.0,4791.0,0
1.341,12035.0,9618.0,7240.0,12026.5,9611.5,7235.5,9000.0,7000.0,5000.0,-11.625,0.5,-26.375,700.0,900.0,0.0,0.9920000000000008,0.44200000000000034,0.0,4795.0,0
1.342,12044.0,9625.0,7245.0,12035.5,9618.5,7240.5,9000.0,7000.0,5000.0,-11.875,0.5,-26.125,700.0,900.0,0.0,0.9930000000000008,0.44300000000000034,0.0,4799.0,0
1.343,12052.0,9632.0,7250.0,12044.5,9625.5,7245.5,8000.0,7000.0,5000.0,-12.125,0.5,-25.875,700.0,900.0,0.0,0.9940000000000008,0.44400000000000034,0.0,4802.0,0
1.344,12061.0,9639.0,7255.0,12052.5,9632.5,7250.5,9000.0,7000.0,5000.0,-11.375,0.5,-25.625,700.0,900.0,0.0,0.9950000000000008,0.44500000000000034,0.0,4806.0,0
1.345,12070.0,9646.0,7260.0,12061.5,9639.5,7255.5,9000.0,7000.0,5000.0,-11.625,0.5,-25.375,700.0,900.0,0.0,0.9960000000000008,0.44600000000000034,0.0,4810.0,0
1.346,12078.0,9652.0,7266.0,12070.5,9646.5,7260.5,8000.0,6000.0,6000.0,-11.875,0.5,-25.125,700.0,900.0,0.0,0.9970000000000008,0.44700000000000034,0.0,4812.0,0
1.347,12087.0,9659.0,7271.0,12078.5,9652.5,7266.5,9000.0,7000.0,5000.0,-12.375,0.5,-26.625,700.0,900.0,0.0,0.9980000000000008,0.44800000000000034,0.0,4816.0,0
1.348,12095.0,9666.0,7276.0,12087.5,9659.5,7271.5,8000.0,7000.0,5000.0,-12.625,0.5,-26.375,700.0,900.0,0.0,0.9990000000000008,0.44900000000000034,0.0,4819.0,0
1.349,12104.0,9673.0,7281.0,12095.5,9666.5,7276.5,9000.0,7000.0,5000.0,-11.875,0.5,-26.125,700.0,900.0,0.0,1.0000000000000007,0.45000000000000034,0.0,4823.0,0
1.35,12113.0,9680.0,7286.0,12104.5,9673.5,7281.5,9000.0,7000.0,5000.0,-12.125,0.5,-25.875,700.0,900.0,0.0,1.0010000000000006,0.45100000000000035,0.0,4827.0,0
1.351,12121.0,9687.0,7292.0,12113.5,9680.5,7286.5,8000.0,7000.0,6000.0,-12.375,0.5,-25.625,700.0,900.0,0.0,1.0020000000000004,0.45200000000000035,0.0,4829.0,0
1.352,12130.0,9694.0,7297.0,12121.5,9687.5,7292.5,9000.0,7000.0,5000.0,-11.625,0.5,-26.375,700.0,900.0,0.0,1.0030000000000003,0.45300000000000035,0.0,4833.0,0
1.353,12138.0,9701.0,7302.0,12130.5,9694.5,7297.5,8000.0,7000.0,5000.0,-11.875,0.5,-26.125,700.0,900.0,0.0,1.0040000000000002,0.45400000000000035,0.0,4836.0,0
1.354,12147.0,9708.0,7307.0,12138.5,9701.5,7302.5,9000.0,7000.0,5000.0,-11.125,0.5,-25.875,700.0,900.0,0.0,1.0050000000000001,0.45500000000000035,0.0,4840.0,0
1.355,12156.0,9715.0,7312.0,12147.5,9708.5,7307.5,9000.0,7000.0,5000.0,-11.375,0.5,-25.625,700.0,900.0,0.0,1.006,0.45600000000000035,0.0,4844.0,0
1.356,12164.0,9721.0,7317.0,12156.5,9715.5,7312.5,8000.0,6000.0,5000.0,-11.625,0.5,-25.375,700.0,900.0,0.0,1.007,0.45700000000000035,0.0,4847.0,0
1.357,12173.0,9728.0,7323.0,12164.5,9721.5,7317.5,9000.0,7000.0,6000.0,-12.125,0.5,-25.875,700.0,900.0,0.0,1.0079999999999998,0.45800000000000035,0.0,4850.0,0
1.358,12182.0,9735.0,7328.0,12173.5,9728.5,7323.5,9000.0,7000.0,5000.0,-12.375,0.5,-26.625,700.0,900.0,0.0,1.0089999999999997,0.45900000000000035,0.0,4854.0,0
1.359,12190.0,9742.0,7333.0,12182.5,9735.5,7328.5,8000.0,7000.0,5000.0,-12.625,0.5,-26.375,700.0,900.0,0.0,1.0099999999999996,0.46000000000000035,0.0,4857.0,0
1.36,12199.0,9749.0,7338.0,12190.5,9742.5,7333.5,9000.0,7000.0,5000.0,-11.875,0.5,-26.125,700.0,900.0,0.0,1.0109999999999995,0.46100000000000035,0.0,4861.0,0
1.361,12207.0,9756.0,7343.0,12199.5,9749.5,7338.5,8000.0,7000.0,5000.0,-12.125,0.5,-25.875,700.0,900.0,0.0,1.0119999999999993,0.46200000000000035,0.0,4864.0,0
1.362,12216.0,9763.0,7348.0,12207.5,9756.5,7343.5,9000.0,7000.0,5000.0,-11.375,0.5,-25.625,700.0,900.0,0.0,1.0129999999999992,0.46300000000000036,0.0,4868.0,0
1.363,12225.0,9770.0,7354.0,12216.5,9763.5,7348.5,9000.0,7000.0,6000.0,-11.625,0.5,-25.375,700.0,900.0,0.0,1.0139999999999991,0.46400000000000036,0.0,4871.0,0
1.364,12233.0,9777.0,7359.0,12225.5,9770.5,7354.5,8000.0,7000.0,5000.0,-11.875,0.5,-26.125,700.0,900.0,0.0,1.014999999999999,0.46500000000000036,0.0,4874.0,0
1.365,12242.0,9784.0,7364.0,12233.5,9777.5,7359.5,9000.0,7000.0,5000.0,-11.125,0.5,-25.875,700.0,900.0,0.0,1.015999999999999,0.46600000000000036,0.0,4878.0,0
1.366,12251.0,9790.0,7369.0,12242.5,9784.5,7364.5,9000.0,6000.0,5000.0,-11.375,0.5,-25.625,700.0,900.0,0.0,1.0169999999999988,0.46700000000000036,0.0,4882.0,0
1.367,12259.0,9797.0,7374.0,12251.5,9790.5,7369.5,8000.0,7000.0,5000.0,-12.875,0.5,-26.125,700.0,900.0,0.0,1.0179999999999987,0.46800000000000036,0.0,4885.0,0
1.368,12268.0,9804.0,7380.0,12259.5,9797.5,7374.5,9000.0,7000.0,6000.0,-12.125,0.5,-25.875,700.0,900.0,0.0,1.0189999999999986,0.46900000000000036,0.0,4888.0,0
1.369,12276.0,9811.0,7385.0,12268.5,9804.5,7380.5,8000.0,7000.0,5000.0,-12.375,0.5,-26.625,700.0,900.0,0.0,1.0199999999999985,0.47000000000000036,0.0,4891.0,0
1.37,12285.0,9818.0,7390.0,12276.5,9811.5,7385.5,9000.0,7000.0,5000.0,-11.625,0.5,-26.375,700.0,900.0,0.0,1.0209999999999984,0.47100000000000036,0.0,4895.0,0
1.371,12294.0,9825.0,7395.0,12285.5,9818.5,7390.5,9000.0,7000.0,5000.0,-11.875,0.5,-26.125,700.0,900.0,0.0,1.0219999999999982,0.47200000000000036,0.0,4899.0,0
1.372,12302.0,9832.0,7400.0,12294.5,9825.5,7395.5,8000.0,7000.0,5000.0,-12.125,0.5,-25.875,700.0,900.0,0.0,1.0229999999999981,0.47300000000000036,0.0,4902.0,0
1.373,12311.0,9839.0,7405.0,12302.5,9832.5,7400.5,9000.0,7000.0,5000.0,-11.375,0.5,-25.625,700.0,900.0,0.0,1.023999999999998,0.47400000000000037,0.0,4906.0,0
1.374,12320.0,9846.0,7411.0,12311.5,9839.5,7405.5,9000.0,7000.0,6000.0,-11.625,0.5,-25.375,700.0,900.0,0.0,1.024999999999998,0.47500000000000037,0.0,4909.0,0
1.375,12328.0,9853.0,7416.0,12320.5,9846.5,7411.5,8000.0,7000.0,5000.0,-11.875,0.5,-26.125,700.0,900.0,0.0,1.0259999999999978,0.47600000000000037,0.0,4912.0,0
1.3760000000000001,12337.0,9859.0,7421.0,12328.5,9853.5,7416.5,9000.0,6000.0,5000.0,-11.125,0.5,-25.875,700.0,900.0,0.0,1.0269999999999977,0.47700000000000037,0.0,4916.0,0
1.377,12346.0,9866.0,7426.0,12337.5,9859.5,7421.5,9000.0,7000.0,5000.0,-12.625,0.5,-26.375,700.0,900.0,0.0,1.0279999999999976,0.47800000000000037,0.0,4920.0,0
1.3780000000000001,12354.0,9873.0,7431.0,12346.5,9866.5,7426.5,8000.0,7000.0,5000.0,-12.875,0.5,-26.125,700.0,900.0,0.0,1.0289999999999975,0.47900000000000037,0.0,4923.0,0
1.379,12363.0,9880.0,7436.0,12354.5,9873.5,7431.5,9000.0,7000.0,5000.0,-12.125,0.5,-25.875,700.0,900.0,0.0,1.0299999999999974,0.48000000000000037,0.0,4927.0,0
1.3800000000000001,12371.0,9887.0,7442.0,12363.5,9880.5,7436.5,8000.0,7000.0,6000.0,-12.375,0.5,-25.625,700.0,900.0,0.0,1.0309999999999973,0.48100000000000037,0.0,4929.0,0
1.381,12380.0,9894.0,7447.0,12371.5,9887.5,7442.5,9000.0,7000.0,5000.0,-11.625,0.5,-26.375,700.0,900.0,0.0,1.0319999999999971,0.4820000000000004,0.0,4933.0,0
1.3820000000000001,12389.0,9901.0,7452.0,12380.5,9894.5,7447.5,9000.0,7000.0,5000.0,-11.875,0.5,-26.125,700.0,900.0,0.0,1.032999999999997,0.4830000000000004,0.0,4937.0,0
1.383,12397.0,9908.0,7457.0,12389.5,9901.5,7452.5,8000.0,7000.0,5000.0,-12.125,0.5,-25.875,700.0,900.0,0.0,1.033999999999997,0.4840000000000004,0.0,4940.0,0
1.3840000000000001,12406.0,9915.0,7462.0,12397.5,9908.5,7457.5,9000.0,7000.0,5000.0,-11.375,0.5,-25.625,700.0,900.0,0.0,1.0349999999999968,0.4850000000000004,0.0,4944.0,0
1.385,12415.0,9922.0,7467.0,12406.5,9915.5,7462.5,9000.0,7000.0,5000.0,-11.625,0.5,-25.375,700.0,900.0,0.0,1.0359999999999967,0.4860000000000004,0.0,4948.0,0
1.3860000000000001,12423.0,9928.0,7473.0,12415.5,9922.5,7467.5,8000.0,6000.0,6000.0,-11.875,0.5,-25.125,700.0,900.0,0.0,1.0369999999999966,0.4870000000000004,0.0,4950.0,0
1.387,12432.0,9935.0,7478.0,12423.5,9928.5,7473.5,9000.0,7000.0,5000.0,-12.375,0.5,-26.625,700.0,900.0,0.0,1.0379999999999965,0.4880000000000004,0.0,4954.0,0
1.3880000000000001,12440.0,9942.0,7483.0,12432.5,9935.5,7478.5,8000.0,7000.0,5000.0,-12.625,0.5,-26.375,700.0,900.0,0.0,1.0389999999999964,0.4890000000000004,0.0,4957.0,0
1.389,12449.0,9949.0,7488.0,12440.5,9942.5,7483.5,9000.0,7000.0,5000.0,-11.875,0.5,-26.125,700.0,900.0,0.0,1.0399999999999963,0.4900000000000004,0.0,4961.0,0
1.3900000000000001,12458.0,9956.0,7493.0,12449.5,9949.5,7488.5,9000.0,7000.0,5000.0,-12.125,0.5,-25.875,700.0,900.0,0.0,1.0409999999999962,0.4910000000000004,0.0,4965.0,0
1.391,12466.0,9963.0,7499.0,12458.5,9956.5,7493.5,8000.0,7000.0,6000.0,-12.375,0.5,-25.625,700.0,900.0,0.0,1.041999999999996,0.4920000000000004,0.0,4967.0,0
1.3920000000000001,12475.0,9970.0,7504.0,12466.5,9963.5,7499.5,9000.0,7000.0,5000.0,-11.625,0.5,-26.375,700.0,900.0,0.0,1.042999999999996,0.4930000000000004,0.0,4971.0,0
1.393,12483.0,9977.0,7509.0,12475.5,9970.5,7504.5,8000.0,7000.0,5000.0,-11.875,0.5,-26.125,700.0,900.0,0.0,1.0439999999999958,0.4940000000000004,0.0,4974.0,0
1.3940000000000001,12492.0,9984.0,7514.0,12483.5,9977.5,7509.5,9000.0,7000.0,5000.0,-11.125,0.5,-25.875,700.0,900.0,0.0,1.0449999999999957,0.4950000000000004,0.0,4978.0,0
1.395,12501.0,9991.0,7519.0,12492.5,9984.5,7514.5,9000.0,7000.0,5000.0,-11.375,0.5,-25.625,700.0,900.0,0.0,1.0459999999999956,0.4960000000000004,0.0,4982.0,0
1.3960000000000001,12509.0,9997.0,7524.0,12501.5,9991.5,7519.5,8000.0,6000.0,5000.0,-11.625,0.5,-25.375,700.0,900.0,0.0,1.0469999999999955,0.4970000000000004,0.0,4985.0,0
1.397,12518.0,10004.0,7530.0,12509.5,9997.5,7524.5,9000.0,7000.0,6000.0,-12.125,0.5,-25.875,700.0,900.0,0.0,1.0479999999999954,0.4980000000000004,0.0,4988.0,0
1.3980000000000001,12527.0,10011.0,7535.0,12518.5,10004.5,7530.5,9000.0,7000.0,5000.0,-12.375,0.5,-26.625,700.0,900.0,0.0,1.0489999999999953,0.4990000000000004,0.0,4992.0,0
1.399,12535.0,10018.0,7540.0,12527.5,10011.5,7535.5,8000.0,7000.0,5000.0,-12.625,0.5,-26.375,700.0,900.0,0.0,1.0499999999999952,0.5000000000000003,0.0,4995.0,0
1.4000000000000001,12544.0,10025.0,7544.0,12535.5,10018.5,7540.5,9000.0,7000.0,4000.0,-11.875,0.5,-26.125,700.0,900.0,900.0,1.050999999999995,0.5010000000000003,0.001,5000.0,0
1.401,12552.0,10032.0,7549.0,12544.5,10025.5,7544.5,8000.0,7000.0,5000.0,-12.125,0.5,-24.875,700.0,900.0,900.0,1.051999999999995,0.5020000000000003,0.002,5003.0,0
1.4020000000000001,12561.0,10039.0,7553.0,12552.5,10032.5,7549.5,9000.0,7000.0,4000.0,-11.375,0.5,-24.625,700.0,900.0,900.0,1.0529999999999948,0.5030000000000003,0.003,5008.0,0
1.403,12570.0,10046.0,7557.0,12561.5,10039.5,7553.5,9000.0,7000.0,4000.0,-11.625,0.5,-23.375,700.0,900.0,900.0,1.0539999999999947,0.5040000000000003,0.004,5013.0,0
1.4040000000000001,12578.0,10053.0,7562.0,12570.5,10046.5,7557.5,8000.0,7000.0,5000.0,-11.875,0.5,-22.125,700.0,900.0,900.0,1.0549999999999946,0.5050000000000003,0.005,5016.0,0
1.405,12587.0,10060.0,7566.0,12578.5,10053.5,7562.5,9000.0,7000.0,4000.0,-11.125,0.5,-21.875,700.0,900.0,900.0,1.0559999999999945,0.5060000000000003,0.006,5021.0,0
1.4060000000000001,12596.0,10066.0,7570.0,12587.5,10060.5,7566.5,9000.0,6000.0,4000.0,-11.375,0.5,-20.625,700.0,900.0,900.0,1.0569999999999944,0.5070000000000003,0.007,5026.0,0
1.407,12604.0,10073.0,7575.0,12596.5,10066.5,7570.5,8000.0,7000.0,5000.0,-12.875,0.5,-20.125,700.0,900.0,900.0,1.0579999999999943,0.5080000000000003,0.008,5029.0,0
1.408,12613.0,10080.0,7579.0,12604.5,10073.5,7575.5,9000.0,7000.0,4000.0,-12.125,0.5,-19.875,700.0,900.0,900.0,1.0589999999999942,0.5090000000000003,0.009000000000000001,5034.0,0
1.409,12622.0,10087.0,7584.0,12613.5,10080.5,7579.5,9000.0,7000.0,5000.0,-12.375,0.5,-18.625,700.0,900.0,900.0,1.059999999999994,0.5100000000000003,0.010000000000000002,5038.0,0
1.41,12630.0,10094.0,7588.0,12622.5,10087.5,7584.5,8000.0,7000.0,4000.0,-12.625,0.5,-18.375,700.0,900.0,900.0,1.060999999999994,0.5110000000000003,0.011000000000000003,5042.0,0
1.411,12639.0,10101.0,7593.0,12630.5,10094.5,7588.5,9000.0,7000.0,5000.0,-11.875,0.5,-17.125,700.0,900.0,900.0,1.0619999999999938,0.5120000000000003,0.012000000000000004,5046.0,0
1.412,12647.0,10108.0,7597.0,12639.5,10101.5,7593.5,8000.0,7000.0,4000.0,-12.125,0.5,-16.875,700.0,900.0,900.0,1.0629999999999937,0.5130000000000003,0.013000000000000005,5050.0,0
1.413,12656.0,10115.0,7602.0,12647.5,10108.5,7597.5,9000.0,7000.0,5000.0,-11.375,0.5,-15.625,700.0,900.0,900.0,1.0639999999999936,0.5140000000000003,0.014000000000000005,5054.0,0
1.414,12665.0,10122.0,7606.0,12656.5,10115.5,7602.5,9000.0,7000.0,4000.0,-11.625,0.5,-15.375,700.0,900.0,900.0,1.0649999999999935,0.5150000000000003,0.015000000000000006,5059.0,0
1.415,12673.0,10129.0,7611.0,12665.5,10122.5,7606.5,8000.0,7000.0,5000.0,-11.875,0.5,-14.125,700.0,900.0,900.0,1.0659999999999934,0.5160000000000003,0.016000000000000007,5062.0,0
1.416,12682.0,10135.0,7615.0,12673.5,10129.5,7611.5,9000.0,6000.0,4000.0,-11.125,0.5,-13.875,700.0,900.0,900.0,1.0669999999999933,0.5170000000000003,0.017000000000000008,5067.0,0
1.417,12691.0,10142.0,7620.0,12682.5,10135.5,7615.5,9000.0,7000.0,5000.0,-12.625,0.5,-13.375,700.0,900.0,900.0,1.0679999999999932,0.5180000000000003,0.01800000000000001,5071.0,0
1.418,12699.0,10149.0,7624.0,12691.5,10142.5,7620.5,8000.0,7000.0,4000.0,-12.875,0.5,-13.125,700.0,900.0,900.0,1.068999999999993,0.5190000000000003,0.01900000000000001,5075.0,0
1.419,12708.0,10156.0,7629.0,12699.5,10149.5,7624.5,9000.0,7000.0,5000.0,-12.125,0.5,-11.875,700.0,900.0,900.0,1.069999999999993,0.5200000000000004,0.02000000000000001,5079.0,0
1.42,12716.0,10163.0,7634.0,12708.5,10156.5,7629.5,8000.0,7000.0,5000.0,-12.375,0.5,-11.625,700.0,900.0,900.0,1.0709999999999928,0.5210000000000004,0.02100000000000001,5082.0,0
1.421,12725.0,10170.0,7638.0,12716.5,10163.5,7634.5,9000.0,7000.0,4000.0,-11.625,0.5,-11.375,700.0,900.0,900.0,1.0719999999999927,0.5220000000000004,0.022000000000000013,5087.0,0
1.422,12734.0,10177.0,7643.0,12725.5,10170.5,7638.5,9000.0,7000.0,5000.0,-11.875,0.5,-10.125,700.0,900.0,900.0,1.0729999999999926,0.5230000000000004,0.023000000000000013,5091.0,0
1.423,12742.0,10184.0,7648.0,12734.5,10177.5,7643.5,8000.0,7000.0,5000.0,-12.125,0.5,-9.875,700.0,900.0,900.0,1.0739999999999925,0.5240000000000004,0.024000000000000014,5094.0,0
1.424,12751.0,10191.0,7653.0,12742.5,10184.5,7648.5,9000.0,7000.0,5000.0,-11.375,0.5,-9.625,700.0,900.0,900.0,1.0749999999999924,0.5250000000000004,0.025000000000000015,5098.0,0
1.425,12759.0,10198.0,7658.0,12751.5,10191.5,7653.5,8000.0,7000.0,5000.0,-11.625,0.5,-9.375,700.0,900.0,900.0,1.0759999999999923,0.5260000000000004,0.026000000000000016,5101.0,0
1.426,12768.0,10204.0,7663.0,12759.5,10198.5,7658.5,9000.0,6000.0,5000.0,-10.875,0.5,-9.125,700.0,900.0,900.0,1.0769999999999922,0.5270000000000004,0.027000000000000017,5105.0,0
1.427,12777.0,10211.0,7668.0,12768.5,10204.5,7663.5,9000.0,7000.0,5000.0,-12.375,0.5,-9.625,700.0,900.0,900.0,1.077999999999992,0.5280000000000004,0.028000000000000018,5109.0,0
1.428,12785.0,10218.0,7672.0,12777.5,10211.5,7668.5,8000.0,7000.0,4000.0,-12.625,0.5,-9.375,700.0,900.0,900.0,1.078999999999992,0.5290000000000004,0.02900000000000002,5113.0,0
1.429,12794.0,10225.0,7677.0,12785.5,10218.5,7672.5,9000.0,7000.0,5000.0,-11.875,0.5,-8.125,700.0,900.0,900.0,1.0799999999999919,0.5300000000000004,0.03000000000000002,5117.0,0
1.43,12803.0,10232.0,7682.0,12794.5,10225.5,7677.5,9000.0,7000.0,5000.0,-12.125,0.5,-7.875,700.0,900.0,900.0,1.0809999999999917,0.5310000000000004,0.03100000000000002,5121.0,0
1.431,12811.0,10239.0,7687.0,12803.5,10232.5,7682.5,8000.0,7000.0,5000.0,-12.375,0.5,-7.625,700.0,900.0,900.0,1.0819999999999916,0.5320000000000004,0.03200000000000002,5124.0,0
1.432,12820.0,10246.0,7692.0,12811.5,10239.5,7687.5,9000.0,7000.0,5000.0,-11.625,0.5,-7.375,700.0,900.0,900.0,1.0829999999999915,0.5330000000000004,0.03300000000000002,5128.0,0
1.433,12828.0,10253.0,7697.0,12820.5,10246.5,7692.5,8000.0,7000.0,5000.0,-11.875,0.5,-7.125,700.0,900.0,900.0,1.0839999999999914,0.5340000000000004,0.03400000000000002,5131.0,0
1.434,12837.0,10260.0,7702.0,12828.5,10253.5,7697.5,9000.0,7000.0,5000.0,-11.125,0.5,-6.875,700.0,900.0,900.0,1.0849999999999913,0.5350000000000004,0.035000000000000024,5135.0,0
1.435,12846.0,10267.0,7707.0,12837.5,10260.5,7702.5,9000.0,7000.0,5000.0,-11.375,0.5,-6.625,700.0,900.0,900.0,1.0859999999999912,0.5360000000000004,0.036000000000000025,5139.0,0
1.436,12854.0,10273.0,7712.0,12846.5,10267.5,7707.5,8000.0,6000.0,5000.0,-11.625,0.5,-6.375,700.0,900.0,900.0,1.086999999999991,0.5370000000000004,0.037000000000000026,5142.0,0
1.437,12863.0,10280.0,7717.0,12854.5,10273.5,7712.5,9000.0,7000.0,5000.0,-12.125,0.5,-6.875,700.0,900.0,900.0,1.087999999999991,0.5380000000000004,0.03800000000000003,5146.0,0
1.438,12872.0,10287.0,7722.0,12863.5,10280.5,7717.5,9000.0,7000.0,5000.0,-12.375,0.5,-6.625,700.0,900.0,900.0,1.0889999999999909,0.5390000000000004,0.03900000000000003,5150.0,0
1.439,12880.0,10294.0,7727.0,12872.5,10287.5,7722.5,8000.0,7000.0,5000.0,-12.625,0.5,-6.375,700.0,900.0,900.0,1.0899999999999908,0.5400000000000004,0.04000000000000003,5153.0,0
1.44,12889.0,10301.0,7732.0,12880.5,10294.5,7727.5,9000.0,7000.0,5000.0,-11.875,0.5,-6.125,700.0,900.0,900.0,1.0909999999999906,0.5410000000000004,0.04100000000000003,5157.0,0
1.441,12897.0,10308.0,7736.0,12889.5,10301.5,7732.5,8000.0,7000.0,4000.0,-12.125,0.5,-5.875,700.0,900.0,900.0,1.0919999999999905,0.5420000000000004,0.04200000000000003,5161.0,0
1.442,12906.0,10315.0,7741.0,12897.5,10308.5,7736.5,9000.0,7000.0,5000.0,-11.375,0.5,-4.625,700.0,900.0,900.0,1.0929999999999904,0.5430000000000004,0.04300000000000003,5165.0,0
1.443,12915.0,10322.0,7746.0,12906.5,10315.5,7741.5,9000.0,7000.0,5000.0,-11.625,0.5,-4.375,700.0,900.0,900.0,1.0939999999999903,0.5440000000000004,0.04400000000000003,5169.0,0
1.444,12923.0,10329.0,7751.0,12915.5,10322.5,7746.5,8000.0,7000.0,5000.0,-11.875,0.5,-4.125,700.0,900.0,900.0,1.0949999999999902,0.5450000000000004,0.04500000000000003,5172.0,0
1.445,12932.0,10336.0,7756.0,12923.5,10329.5,7751.5,9000.0,7000.0,5000.0,-11.125,0.5,-3.875,700.0,900.0,900.0,1.09599999999999,0.5460000000000004,0.046000000000000034,5176.0,0
1.446,12941.0,10342.0,7761.0,12932.5,10336.5,7756.5,9000.0,6000.0,5000.0,-11.375,0.5,-3.625,700.0,900.0,900.0,1.09699999999999,0.5470000000000004,0.047000000000000035,5180.0,0
1.447,12949.0,10349.0,7766.0,12941.5,10342.5,7761.5,8000.0,7000.0,5000.0,-12.875,0.5,-4.125,700.0,900.0,900.0,1.0979999999999899,0.5480000000000004,0.048000000000000036,5183.0,0
1.448,12958.0,10356.0,7771.0,12949.5,10349.5,7766.5,9000.0,7000.0,5000.0,-12.125,0.5,-3.875,700.0,900.0,900.0,1.0989999999999898,0.5490000000000004,0.04900000000000004,5187.0,0
1.449,12967.0,10363.0,7776.0,12958.5,10356.5,7771.5,9000.0,7000.0,5000.0,-12.375,0.5,-3.625,700.0,900.0,900.0,1.0999999999999897,0.5500000000000004,0.05000000000000004,5191.0,0
1.45,12975.0,10370.0,7781.0,12967.5,10363.5,7776.5,8000.0,7000.0,5000.0,-12.625,0.5,-3.375,700.0,900.0,900.0,1.1009999999999895,0.5510000000000004,0.05100000000000004,5194.0,0
1.451,12984.0,10377.0,7786.0,12975.5,10370.5,7781.5,9000.0,7000.0,5000.0,-11.875,0.5,-3.125,700.0,900.0,900.0,1.1019999999999894,0.5520000000000004,0.05200000000000004,5198.0,0
1.452,12992.0,10384.0,7791.0,12984.5,10377.5,7786.5,8000.0,7000.0,5000.0,-12.125,0.5,-2.875,700.0,900.0,900.0,1.1029999999999893,0.5530000000000004,0.05300000000000004,5201.0,0
1.453,13001.0,10391.0,7795.0,12992.5,10384.5,7791.5,9000.0,7000.0,4000.0,-11.375,0.5,-2.625,700.0,900.0,900.0,1.1039999999999892,0.5540000000000004,0.05400000000000004,5206.0,0
1.454,13010.0,10398.0,7800.0,13001.5,10391.5,7795.5,9000.0,7000.0,5000.0,-11.625,0.5,-1.375,700.0,900.0,900.0,1.104999999999989,0.5550000000000004,0.05500000000000004,5210.0,0
1.455,13018.0,10405.0,7805.0,13010.5,10398.5,7800.5,8000.0,7000.0,5000.0,-11.875,0.5,-1.125,700.0,900.0,900.0,1.105999999999989,0.5560000000000004,0.05600000000000004,5213.0,0
1.456,13027.0,10411.0,7810.0,13018.5,10405.5,7805.5,9000.0,6000.0,5000.0,-11.125,0.5,-0.875,700.0,900.0,900.0,1.1069999999999889,0.5570000000000004,0.057000000000000044,5217.0,0
1.457,13036.0,10418.0,7815.0,13027.5,10411.5,7810.5,9000.0,7000.0,5000.0,-12.625,0.5,-1.375,700.0,900.0,900.0,1.1079999999999888,0.5580000000000004,0.058000000000000045,5221.0,0
1.458,13044.0,10425.0,7820.0,13036.5,10418.5,7815.5,8000.0,7000.0,5000.0,-12.875,0.5,-1.125,700.0,900.0,900.0,1.1089999999999887,0.5590000000000004,0.059000000000000045,5224.0,0
1.459,13053.0,10432.0,7825.0,13044.5,10425.5,7820.5,9000.0,7000.0,5000.0,-12.125,0.5,-0.875,700.0,900.0,900.0,1.1099999999999886,0.5600000000000004,0.060000000000000046,5228.0,0
1.46,13061.0,10439.0,7830.0,13053.5,10432.5,7825.5,8000.0,7000.0,5000.0,-12.375,0.5,-0.625,700.0,900.0,900.0,1.1109999999999884,0.5610000000000004,0.06100000000000005,5231.0,0
1.461,13070.0,10446.0,7835.0,13061.5,10439.5,7830.5,9000.0,7000.0,5000.0,-11.625,0.5,-0.375,700.0,900.0,900.0,1.1119999999999883,0.5620000000000004,0.06200000000000005,5235.0,0
1.462,13079.0,10453.0,7840.0,13070.5,10446.5,7835.5,9000.0,7000.0,5000.0,-11.875,0.5,-0.125,700.0,900.0,900.0,1.1129999999999882,0.5630000000000004,0.06300000000000004,5239.0,0
1.463,13087.0,10460.0,7845.0,13079.5,10453.5,7840.5,8000.0,7000.0,5000.0,-12.125,0.5,0.125,700.0,900.0,900.0,1.113999999999988,0.5640000000000004,0.06400000000000004,5242.0,0
1.464,13096.0,10467.0,7850.0,13087.5,10460.5,7845.5,9000.0,7000.0,5000.0,-11.375,0.5,0.375,700.0,900.0,900.0,1.114999999999988,0.5650000000000004,0.06500000000000004,5246.0,0
1.465,13104.0,10474.0,7855.0,13096.5,10467.5,7850.5,8000.0,7000.0,5000.0,-11.83333333333394,0.33333333333393966,0.5,700.0,900.0,900.0,1.115999999999988,0.5660000000000004,0.06600000000000004,5249.0,0
1.466,13113.0,10480.0,7859.0,13104.5,10474.5,7855.5,9000.0,6000.0,4000.0,-11.5,0.0,0.5,700.0,900.0,900.0,1.1169999999999878,0.5670000000000004,0.06700000000000005,5254.0,0
1.467,13122.0,10487.0,7864.0,13113.5,10480.5,7859.5,9000.0,7000.0,5000.0,-13.83333333333394,-0.6666666666660603,0.5,700.0,900.0,900.0,1.1179999999999877,0.5680000000000004,0.06800000000000005,5258.0,0
1.468,13130.0,10494.0,7869.0,13122.5,10487.5,7864.5,8000.0,7000.0,5000.0,-14.5,-1.0,0.5,700.0,900.0,900.0,1.1189999999999876,0.5690000000000004,0.06900000000000005,5261.0,0
1.469,13139.0,10501.0,7874.0,13130.5,10494.5,7869.5,9000.0,7000.0,5000.0,-14.16666666666606,-1.3333333333339397,0.5,700.0,900.0,900.0,1.1199999999999875,0.5700000000000004,0.07000000000000005,5265.0,0
1.47,13147.0,10508.0,7879.0,13139.5,10501.5,7874.5,8000.0,7000.0,5000.0,-14.83333333333394,-1.6666666666660603,0.5,700.0,900.0,900.0,1.1209999999999873,0.5710000000000004,0.07100000000000005,5268.0,0
1.471,13156.0,10515.0,7884.0,13147.5,10508.5,7879.5,9000.0,7000.0,5000.0,-14.5,-2.0,0.5,700.0,900.0,900.0,1.1219999999999872,0.5720000000000004,0.07200000000000005,5272.0,0
1.472,13164.0,10522.0,7889.0,13156.5,10515.5,7884.5,8000.0,7000.0,5000.0,-15.16666666666606,-2.3333333333339397,0.5,700.0,900.0,900.0,1.1229999999999871,0.5730000000000004,0.07300000000000005,5275.0,0
1.473,13173.0,10529.0,7894.0,13164.5,10522.5,7889.5,9000.0,7000.0,5000.0,-14.83333333333394,-2.6666666666660603,0.5,700.0,900.0,900.0,1.123999999999987,0.5740000000000004,0.07400000000000005,5279.0,0
1.474,13181.0,10536.0,7899.0,13173.5,10529.5,7894.5,8000.0,7000.0,5000.0,-15.5,-3.0,0.5,700.0,900.0,900.0,1.124999999999987,0.5750000000000004,0.07500000000000005,5282.0,0
1.475,13190.0,10543.0,7904.0,13181.5,10536.5,7899.5,9000.0,7000.0,5000.0,-15.16666666666606,-3.3333333333339397,0.5,700.0,900.0,900.0,1.1259999999999868,0.5760000000000004,0.07600000000000005,5286.0,0
1.476,13198.0,10549.0,7909.0,13190.5,10543.5,7904.5,8000.0,6000.0,5000.0,-15.83333333333394,-3.6666666666660603,0.5,700.0,900.0,900.0,1.1269999999999867,0.5770000000000004,0.07700000000000005,5289.0,0
1.477,13207.0,10556.0,7914.0,13198.5,10549.5,7909.5,9000.0,7000.0,5000.0,-15.5,-3.0,0.5,700.0,900.0,900.0,1.1279999999999866,0.5780000000000004,0.07800000000000006,5293.0,0
1.478,13215.0,10563.0,7918.0,13207.5,10556.5,7914.5,8000.0,7000.0,4000.0,-16.16666666666606,-3.3333333333339397,0.5,700.0,900.0,900.0,1.1289999999999865,0.5790000000000004,0.07900000000000006,5297.0,0
1.479,13224.0,10570.0,7923.0,13215.5,10563.5,7918.5,9000.0,7000.0,5000.0,-17.5,-5.0,0.5,700.0,900.0,900.0,1.1299999999999863,0.5800000000000004,0.08000000000000006,5301.0,0
1.48,13232.0,10577.0,7928.0,13224.5,10570.5,7923.5,8000.0,7000.0,5000.0,-18.16666666666606,-5.33333333333394,0.5,700.0,900.0,900.0,1.1309999999999862,0.5810000000000004,0.08100000000000006,5304.0,0
1.481,13240.0,10584.0,7933.0,13232.5,10577.5,7928.5,8000.0,7000.0,5000.0,-17.83333333333394,-5.66666666666606,0.5,700.0,900.0,900.0,1.1319999999999861,0.5820000000000004,0.08200000000000006,5307.0,0
1.482,13249.0,10591.0,7938.0,13240.5,10584.5,7933.5,9000.0,7000.0,5000.0,-17.5,-6.0,0.5,700.0,900.0,900.0,1.132999999999986,0.5830000000000004,0.08300000000000006,5311.0,0
1.483,13257.0,10598.0,7943.0,13249.5,10591.5,7938.5,8000.0,7000.0,5000.0,-18.16666666666606,-6.33333333333394,0.5,700.0,900.0,900.0,1.133999999999986,0.5840000000000004,0.08400000000000006,5314.0,0
1.484,13266.0,10605.0,7948.0,13257.5,10598.5,7943.5,9000.0,7000.0,5000.0,-17.83333333333394,-6.66666666666606,0.5,700.0,900.0,900.0,1.1349999999999858,0.5850000000000004,0.08500000000000006,5318.0,0
1.485,13274.0,10612.0,7953.0,13266.5,10605.5,7948.5,8000.0,7000.0,5000.0,-18.5,-7.0,0.5,700.0,900.0,900.0,1.1359999999999857,0.5860000000000004,0.08600000000000006,5321.0,0
1.486,13282.0,10618.0,7958.0,13274.5,10612.5,7953.5,8000.0,6000.0,5000.0,-18.16666666666606,-7.33333333333394,0.5,700.0,900.0,900.0,1.1369999999999856,0.5870000000000004,0.08700000000000006,5324.0,0
1.487,13291.0,10625.0,7963.0,13282.5,10618.5,7958.5,9000.0,7000.0,5000.0,-17.83333333333394,-6.66666666666606,0.5,700.0,900.0,900.0,1.1379999999999855,0.5880000000000004,0.08800000000000006,5328.0,0
1.488,13299.0,10632.0,7968.0,13291.5,10625.5,7963.5,8000.0,7000.0,5000.0,-18.5,-7.0,0.5,700.0,900.0,900.0,1.1389999999999854,0.5890000000000004,0.08900000000000007,5331.0,0
1.489,13307.0,10639.0,7973.0,13299.5,10632.5,7968.5,8000.0,7000.0,5000.0,-18.16666666666606,-7.33333333333394,0.5,700.0,900.0,900.0,1.1399999999999852,0.5900000000000004,0.09000000000000007,5334.0,0
1.49,13316.0,10646.0,7978.0,13307.5,10639.5,7973.5,9000.0,7000.0,5000.0,-17.83333333333394,-7.66666666666606,0.5,700.0,900.0,900.0,1.1409999999999851,0.5910000000000004,0.09100000000000007,5338.0,0
1.491,13324.0,10653.0,7982.0,13316.5,10646.5,7978.5,8000.0,7000.0,4000.0,-18.5,-8.0,0.5,700.0,900.0,900.0,1.141999999999985,0.5920000000000004,0.09200000000000007,5342.0,0
1.492,13332.0,10660.0,7987.0,13324.5,10653.5,7982.5,8000.0,7000.0,5000.0,-19.83333333333394,-9.66666666666606,0.5,700.0,900.0,900.0,1.142999999999985,0.5930000000000004,0.09300000000000007,5345.0,0
1.493,13341.0,10667.0,7992.0,13332.5,10660.5,7987.5,9000.0,7000.0,5000.0,-19.5,-10.0,0.5,700.0,900.0,900.0,1.1439999999999848,0.5940000000000004,0.09400000000000007,5349.0,0
1.494,13349.0,10673.0,7997.0,13341.5,10667.5,7992.5,8000.0,6000.0,5000.0,-20.16666666666606,-10.33333333333394,0.5,700.0,900.0,900.0,1.1449999999999847,0.5950000000000004,0.09500000000000007,5352.0,0
1.495,13357.0,10680.0,8002.0,13349.5,10673.5,7997.5,8000.0,7000.0,5000.0,-19.83333333333394,-9.66666666666606,0.5,700.0,900.0,900.0,1.1459999999999846,0.5960000000000004,0.09600000000000007,5355.0,0
1.496,13366.0,10686.0,8007.0,13357.5,10680.5,8002.5,9000.0,6000.0,5000.0,-19.5,-10.0,0.5,700.0,900.0,900.0,1.1469999999999845,0.5970000000000004,0.09700000000000007,5359.0,0
1.497,13374.0,10693.0,8012.0,13366.5,10686.5,8007.5,8000.0,7000.0,5000.0,-20.16666666666606,-9.33333333333394,0.5,700.0,900.0,900.0,1.1479999999999844,0.5980000000000004,0.09800000000000007,5362.0,0
1.498,13382.0,10700.0,8017.0,13374.5,10693.5,8012.5,8000.0,7000.0,5000.0,-19.83333333333394,-9.66666666666606,0.5,700.0,900.0,900.0,1.1489999999999843,0.5990000000000004,0.09900000000000007,5365.0,0
1.499,13391.0,10707.0,8022.0,13382.5,10700.5,8017.5,9000.0,7000.0,5000.0,-19.5,-10.0,0.5,700.0,900.0,900.0,1.1499999999999841,0.6000000000000004,0.10000000000000007,5369.0,0
1.5,13399.0,10713.0,8027.0,13391.5,10707.5,8022.5,8000.0,6000.0,5000.0,-20.16666666666606,-10.33333333333394,0.5,700.0,900.0,900.0,1.150999999999984,0.6010000000000004,0.10100000000000008,5372.0,0
1.5010000000000001,13407.0,10720.0,8032.0,13399.5,10713.5,8027.5,8000.0,7000.0,5000.0,-19.83333333333394,-9.66666666666606,0.5,700.0,900.0,900.0,1.151999999999984,0.6020000000000004,0.10200000000000008,5375.0,0
1.502,13416.0,10727.0,8037.0,13407.5,10720.5,8032.5,9000.0,7000.0,5000.0,-19.5,-10.0,0.5,700.0,900.0,900.0,1.1529999999999838,0.6030000000000004,0.10300000000000008,5379.0,0
1.5030000000000001,13424.0,10733.0,8041.0,13416.5,10727.5,8037.5,8000.0,6000.0,4000.0,-20.16666666666606,-10.33333333333394,0.5,700.0,900.0,900.0,1.1539999999999837,0.6040000000000004,0.10400000000000008,5383.0,0
1.504,13432.0,10740.0,8046.0,13424.5,10733.5,8041.5,8000.0,7000.0,5000.0,-21.5,-11.0,0.5,700.0,900.0,900.0,1.1549999999999836,0.6050000000000004,0.10500000000000008,5386.0,0
1.5050000000000001,13440.0,10746.0,8051.0,13432.5,10740.5,8046.5,8000.0,6000.0,5000.0,-21.16666666666606,-11.33333333333394,0.5,700.0,900.0,900.0,1.1559999999999835,0.6060000000000004,0.10600000000000008,5389.0,0
1.506,13449.0,10753.0,8056.0,13440.5,10746.5,8051.5,9000.0,7000.0,5000.0,-20.83333333333394,-10.66666666666606,0.5,700.0,900.0,900.0,1.1569999999999834,0.6070000000000004,0.10700000000000008,5393.0,0
1.5070000000000001,13457.0,10759.0,8061.0,13449.5,10753.5,8056.5,8000.0,6000.0,5000.0,-21.5,-11.0,0.5,700.0,900.0,900.0,1.1579999999999833,0.6080000000000004,0.10800000000000008,5396.0,0
1.508,13465.0,10766.0,8066.0,13457.5,10759.5,8061.5,8000.0,7000.0,5000.0,-21.16666666666606,-10.33333333333394,0.5,700.0,900.0,900.0,1.1589999999999832,0.6090000000000004,0.10900000000000008,5399.0,0
1.5090000000000001,13473.0,10773.0,8071.0,13465.5,10766.5,8066.5,8000.0,7000.0,5000.0,-20.83333333333394,-10.66666666666606,0.5,700.0,900.0,900.0,1.159999999999983,0.6100000000000004,0.11000000000000008,5402.0,0
1.51,13482.0,10779.0,8076.0,13473.5,10773.5,8071.5,9000.0,6000.0,5000.0,-20.5,-11.0,0.5,700.0,900.0,900.0,1.160999999999983,0.6110000000000004,0.11100000000000008,5406.0,0
1.5110000000000001,13490.0,10786.0,8081.0,13482.5,10779.5,8076.5,8000.0,7000.0,5000.0,-21.16666666666606,-10.33333333333394,0.5,700.0,900.0,900.0,1.1619999999999828,0.6120000000000004,0.11200000000000009,5409.0,0
1.512,13498.0,10792.0,8086.0,13490.5,10786.5,8081.5,8000.0,6000.0,5000.0,-20.83333333333394,-10.66666666666606,0.5,700.0,900.0,900.0,1.1629999999999827,0.6130000000000004,0.11300000000000009,5412.0,0
1.5130000000000001,13506.0,10799.0,8091.0,13498.5,10792.5,8086.5,8000.0,7000.0,5000.0,-20.5,-10.0,0.5,700.0,900.0,900.0,1.1639999999999826,0.6140000000000004,0.11400000000000009,5415.0,0
1.514,13515.0,10805.0,8096.0,13506.5,10799.5,8091.5,9000.0,6000.0,5000.0,-20.16666666666606,-10.33333333333394,0.5,700.0,900.0,900.0,1.1649999999999825,0.6150000000000004,0.11500000000000009,5419.0,0
1.5150000000000001,13523.0,10812.0,8101.0,13515.5,10805.5,8096.5,8000.0,7000.0,5000.0,-20.83333333333394,-9.66666666666606,0.5,700.0,900.0,900.0,1.1659999999999824,0.6160000000000004,0.11600000000000009,5422.0,0
1.516,13531.0,10819.0,8105.0,13523.5,10812.5,8101.5,8000.0,7000.0,4000.0,-20.5,-10.0,0.5,700.0,900.0,900.0,1.1669999999999823,0.6170000000000004,0.11700000000000009,5426.0,0
1.5170000000000001,13540.0,10825.0,8110.0,13531.5,10819.5,8105.5,9000.0,6000.0,5000.0,-21.83333333333394,-11.66666666666606,0.5,700.0,900.0,900.0,1.1679999999999822,0.6180000000000004,0.11800000000000009,5430.0,0
1.518,13548.0,10832.0,8115.0,13540.5,10825.5,8110.5,8000.0,7000.0,5000.0,-22.5,-11.0,0.5,700.0,900.0,900.0,1.168999999999982,0.6190000000000004,0.11900000000000009,5433.0,0
1.5190000000000001,13556.0,10838.0,8120.0,13548.5,10832.5,8115.5,8000.0,6000.0,5000.0,-22.16666666666606,-11.33333333333394,0.5,700.0,900.0,900.0,1.169999999999982,0.6200000000000004,0.12000000000000009,5436.0,0
1.52,13564.0,10845.0,8125.0,13556.5,10838.5,8120.5,8000.0,7000.0,5000.0,-21.83333333333394,-10.66666666666606,0.5,700.0,900.0,900.0,1.1709999999999818,0.6210000000000004,0.1210000000000001,5439.0,0
1.5210000000000001,13572.0,10851.0,8130.0,13564.5,10845.5,8125.5,8000.0,6000.0,5000.0,-21.5,-11.0,0.5,700.0,900.0,900.0,1.1719999999999817,0.6220000000000004,0.1220000000000001,5442.0,0
1.522,13581.0,10858.0,8135.0,13572.5,10851.5,8130.5,9000.0,7000.0,5000.0,-21.16666666666606,-10.33333333333394,0.5,700.0,900.0,900.0,1.1729999999999816,0.6230000000000004,0.1230000000000001,5446.0,0
1.5230000000000001,13589.0,10865.0,8140.0,13581.5,10858.5,8135.5,8000.0,7000.0,5000.0,-21.83333333333394,-10.66666666666606,0.5,700.0,900.0,900.0,1.1739999999999815,0.6240000000000004,0.1240000000000001,5449.0,0
1.524,13597.0,10871.0,8145.0,13589.5,10865.5,8140.5,8000.0,6000.0,5000.0,-21.5,-11.0,0.5,700.0,900.0,900.0,1.1749999999999814,0.6250000000000004,0.12500000000000008,5452.0,0
1.5250000000000001,13605.0,10878.0,8150.0,13597.5,10871.5,8145.5,8000.0,7000.0,5000.0,-21.16666666666606,-10.33333333333394,0.5,700.0,900.0,900.0,1.1759999999999813,0.6260000000000004,0.12600000000000008,5455.0,0
1.526,13614.0,10884.0,8155.0,13605.5,10878.5,8150.5,9000.0,6000.0,5000.0,-20.83333333333394,-10.66666666666606,0.5,700.0,900.0,900.0,1.1769999999999812,0.6270000000000004,0.12700000000000009,5459.0,0
1.5270000000000001,13622.0,10891.0,8160.0,13614.5,10884.5,8155.5,8000.0,7000.0,5000.0,-21.5,-10.0,0.5,700.0,900.0,900.0,1.177999999999981,0.6280000000000004,0.12800000000000009,5462.0,0
1.528,13630.0,10897.0,8164.0,13622.5,10891.5,8160.5,8000.0,6000.0,4000.0,-21.16666666666606,-10.33333333333394,0.5,700.0,900.0,900.0,1.178999999999981,0.6290000000000004,0.1290000000000001,5466.0,0
1.5290000000000001,13638.0,10904.0,8169.0,13630.5,10897.5,8164.5,8000.0,7000.0,5000.0,-22.5,-11.0,0.5,700.0,900.0,900.0,1.1799999999999808,0.6300000000000004,0.1300000000000001,5469.0,0
1.53,13647.0,10910.0,8174.0,13638.5,10904.5,8169.5,9000.0,6000.0,5000.0,-22.16666666666606,-11.33333333333394,0.5,700.0,900.0,900.0,1.1809999999999807,0.6310000000000004,0.1310000000000001,5473.0,0
1.5310000000000001,13655.0,10917.0,8179.0,13647.5,10910.5,8174.5,8000.0,7000.0,5000.0,-22.83333333333394,-10.66666666666606,0.5,700.0,900.0,900.0,1.1819999999999806,0.6320000000000005,0.1320000000000001,5476.0,0
1.532,13663.0,10924.0,8184.0,13655.5,10917.5,8179.5,8000.0,7000.0,5000.0,-22.5,-11.0,0.5,700.0,900.0,900.0,1.1829999999999805,0.6330000000000005,0.1330000000000001,5479.0,0
1.5330000000000001,13671.0,10930.0,8189.0,13663.5,10924.5,8184.5,8000.0,6000.0,5000.0,-22.16666666666606,-11.33333333333394,0.5,700.0,900.0,900.0,1.1839999999999804,0.6340000000000005,0.1340000000000001,5482.0,0
1.534,13679.0,10937.0,8194.0,13671.5,10930.5,8189.5,8000.0,7000.0,5000.0,-21.83333333333394,-10.66666666666606,0.5,700.0,900.0,900.0,1.1849999999999803,0.6350000000000005,0.1350000000000001,5485.0,0
1.5350000000000001,13688.0,10943.0,8199.0,13679.5,10937.5,8194.5,9000.0,6000.0,5000.0,-21.5,-11.0,0.5,700.0,900.0,900.0,1.1859999999999802,0.6360000000000005,0.1360000000000001,5489.0,0
1.536,13696.0,10950.0,8204.0,13688.5,10943.5,8199.5,8000.0,7000.0,5000.0,-22.16666666666606,-10.33333333333394,0.5,700.0,900.0,900.0,1.18699999999998,0.6370000000000005,0.1370000000000001,5492.0,0
1.537,13704.0,10956.0,8209.0,13696.5,10950.5,8204.5,8000.0,6000.0,5000.0,-21.83333333333394,-10.66666666666606,0.5,700.0,900.0,900.0,1.18799999999998,0.6380000000000005,0.1380000000000001,5495.0,0
1.538,13712.0,10963.0,8214.0,13704.5,10956.5,8209.5,8000.0,7000.0,5000.0,-21.5,-10.0,0.5,700.0,900.0,900.0,1.1889999999999799,0.6390000000000005,0.1390000000000001,5498.0,0
1.539,13721.0,10969.0,8219.0,13712.5,10963.5,8214.5,9000.0,6000.0,5000.0,-21.16666666666606,-10.33333333333394,0.5,700.0,900.0,900.0,1.1899999999999797,0.6400000000000005,0.1400000000000001,5502.0,0
1.54,13729.0,10976.0,8224.0,13721.5,10969.5,8219.5,8000.0,7000.0,5000.0,-21.83333333333394,-9.66666666666606,0.5,700.0,900.0,900.0,1.1909999999999796,0.6410000000000005,0.1410000000000001,5505.0,0
1.541,13737.0,10983.0,8228.0,13729.5,10976.5,8224.5,8000.0,7000.0,4000.0,-21.5,-10.0,0.5,700.0,900.0,900.0,1.1919999999999795,0.6420000000000005,0.1420000000000001,5509.0,0
1.542,13745.0,10989.0,8233.0,13737.5,10983.5,8228.5,8000.0,6000.0,5000.0,-22.83333333333394,-11.66666666666606,0.5,700.0,900.0,900.0,1.1929999999999794,0.6430000000000005,0.1430000000000001,5512.0,0
1.543,13754.0,10996.0,8238.0,13745.5,10989.5,8233.5,9000.0,7000.0,5000.0,-22.5,-11.0,0.5,700.0,900.0,900.0,1.1939999999999793,0.6440000000000005,0.1440000000000001,5516.0,0
1.544,13762.0,11002.0,8243.0,13754.5,10996.5,8238.5,8000.0,6000.0,5000.0,-23.16666666666606,-11.33333333333394,0.5,700.0,900.0,900.0,1.1949999999999792,0.6450000000000005,0.1450000000000001,5519.0,0
1.545,13770.0,11009.0,8248.0,13762.5,11002.5,8243.5,8000.0,7000.0,5000.0,-22.83333333333394,-10.66666666666606,0.5,700.0,900.0,900.0,1.195999999999979,0.6460000000000005,0.1460000000000001,5522.0,0
1.546,13778.0,11016.0,8253.0,13770.5,11009.5,8248.5,8000.0,7000.0,5000.0,-22.5,-11.0,0.5,700.0,900.0,900.0,1.196999999999979,0.6470000000000005,0.1470000000000001,5525.0,0
1.547,13786.0,11022.0,8258.0,13778.5,11016.5,8253.5,8000.0,6000.0,5000.0,-22.16666666666606,-11.33333333333394,0.5,700.0,900.0,900.0,1.1979999999999789,0.6480000000000005,0.1480000000000001,5528.0,0
1.548,13795.0,11029.0,8263.0,13786.5,11022.5,8258.5,9000.0,7000.0,5000.0,-21.83333333333394,-10.66666666666606,0.5,700.0,900.0,900.0,1.1989999999999787,0.6490000000000005,0.1490000000000001,5532.0,0
1.549,13803.0,11035.0,8268.0,13795.5,11029.5,8263.5,8000.0,6000.0,5000.0,-22.5,-11.0,0.5,700.0,900.0,900.0,1.1999999999999786,0.6500000000000005,0.1500000000000001,5535.0,0
1.55,13811.0,11042.0,8273.0,13803.5,11035.5,8268.5,8000.0,7000.0,5000.0,-22.16666666666606,-10.33333333333394,0.5,700.0,900.0,900.0,1.2009999999999785,0.6510000000000005,0.1510000000000001,5538.0,0
1.551,13819.0,11048.0,8278.0,13811.5,11042.5,8273.5,8000.0,6000.0,5000.0,-21.83333333333394,-10.66666666666606,0.5,700.0,900.0,900.0,1.2019999999999784,0.6520000000000005,0.1520000000000001,5541.0,0
1.552,13827.0,11055.0,8283.0,13819.5,11048.5,8278.5,8000.0,7000.0,5000.0,-21.5,-10.0,0.5,700.0,900.0,900.0,1.2029999999999783,0.6530000000000005,0.1530000000000001,5544.0,0
1.553,13836.0,11061.0,8287.0,13827.5,11055.5,8283.5,9000.0,6000.0,4000.0,-21.16666666666606,-10.33333333333394,0.5,700.0,900.0,900.0,1.2039999999999782,0.6540000000000005,0.1540000000000001,5549.0,0
1.554,13844.0,11068.0,8292.0,13836.5,11061.5,8287.5,8000.0,7000.0,5000.0,-23.5,-11.0,0.5,700.0,900.0,900.0,1.204999999999978,0.6550000000000005,0.1550000000000001,5552.0,0
1.555,13852.0,11074.0,8297.0,13844.5,11068.5,8292.5,8000.0,6000.0,5000.0,-23.16666666666606,-11.33333333333394,0.5,700.0,900.0,900.0,1.205999999999978,0.6560000000000005,0.1560000000000001,5555.0,0
1.556,13860.0,11081.0,8302.0,13852.5,11074.5,8297.5,8000.0,7000.0,5000.0,-22.83333333333394,-10.66666666666606,0.5,700.0,900.0,900.0,1.2069999999999779,0.6570000000000005,0.1570000000000001,5558.0,0
1.557,13868.0,11088.0,8307.0,13860.5,11081.5,8302.5,8000.0,7000.0,5000.0,-22.5,-11.0,0.5,700.0,900.0,900.0,1.2079999999999778,0.6580000000000005,0.1580000000000001,5561.0,0
1.558,13877.0,11094.0,8312.0,13868.5,11088.5,8307.5,9000.0,6000.0,5000.0,-22.16666666666606,-11.33333333333394,0.5,700.0,900.0,900.0,1.2089999999999776,0.6590000000000005,0.1590000000000001,5565.0,0
1.559,13885.0,11101.0,8317.0,13877.5,11094.5,8312.5,8000.0,7000.0,5000.0,-22.83333333333394,-10.66666666666606,0.5,700.0,900.0,900.0,1.2099999999999775,0.6600000000000005,0.16000000000000011,5568.0,0
1.56,13893.0,11107.0,8322.0,13885.5,11101.5,8317.5,8000.0,6000.0,5000.0,-22.5,-11.0,0.5,700.0,900.0,900.0,1.2109999999999774,0.6610000000000005,0.16100000000000012,5571.0,0
1.561,13901.0,11114.0,8327.0,13893.5,11107.5,8322.5,8000.0,7000.0,5000.0,-22.16666666666606,-10.33333333333394,0.5,700.0,900.0,900.0,1.2119999999999773,0.6620000000000005,0.16200000000000012,5574.0,0
1.562,13910.0,11120.0,8332.0,13901.5,11114.5,8327.5,9000.0,6000.0,5000.0,-21.83333333333394,-10.66666666666606,0.5,700.0,900.0,900.0,1.2129999999999772,0.6630000000000005,0.16300000000000012,5578.0,0
1.563,13918.0,11127.0,8337.0,13910.5,11120.5,8332.5,8000.0,7000.0,5000.0,-22.5,-10.0,0.5,700.0,900.0,900.0,1.213999999999977,0.6640000000000005,0.16400000000000012,5581.0,0
1.564,13926.0,11133.0,8342.0,13918.5,11127.5,8337.5,8000.0,6000.0,5000.0,-22.16666666666606,-10.33333333333394,0.5,700.0,900.0,900.0,1.214999999999977,0.6650000000000005,0.16500000000000012,5584.0,0
1.565,13934.0,11140.0,8347.0,13926.5,11133.5,8342.5,8000.0,7000.0,5000.0,-21.83333333333394,-9.66666666666606,0.5,700.0,900.0,900.0,1.2159999999999769,0.6660000000000005,0.16600000000000012,5587.0,0
1.566,13942.0,11147.0,8351.0,13934.5,11140.5,8347.5,8000.0,7000.0,4000.0,-21.5,-10.0,0.5,700.0,900.0,900.0,1.2169999999999768,0.6670000000000005,0.16700000000000012,5591.0,0
1.567,13951.0,11153.0,8356.0,13942.5,11147.5,8351.5,9000.0,6000.0,5000.0,-22.83333333333394,-11.66666666666606,0.5,700.0,900.0,900.0,1.2179999999999767,0.6680000000000005,0.16800000000000012,5595.0,0
1.568,13959.0,11160.0,8361.0,13951.5,11153.5,8356.5,8000.0,7000.0,5000.0,-23.5,-11.0,0.5,700.0,900.0,900.0,1.2189999999999765,0.6690000000000005,0.16900000000000012,5598.0,0
1.569,13967.0,11166.0,8366.0,13959.5,11160.5,8361.5,8000.0,6000.0,5000.0,-23.16666666666606,-11.33333333333394,0.5,700.0,900.0,900.0,1.2199999999999764,0.6700000000000005,0.17000000000000012,5601.0,0
1.57,13975.0,11173.0,8371.0,13967.5,11166.5,8366.5,8000.0,7000.0,5000.0,-22.83333333333394,-10.66666666666606,0.5,700.0,900.0,900.0,1.2209999999999763,0.6710000000000005,0.17100000000000012,5604.0,0
1.571,13983.0,11180.0,8376.0,13975.5,11173.5,8371.5,8000.0,7000.0,5000.0,-22.5,-11.0,0.5,700.0,900.0,900.0,1.2219999999999762,0.6720000000000005,0.17200000000000013,5607.0,0
1.572,13992.0,11186.0,8381.0,13983.5,11180.5,8376.5,9000.0,6000.0,5000.0,-22.16666666666606,-11.33333333333394,0.5,700.0,900.0,900.0,1.222999999999976,0.6730000000000005,0.17300000000000013,5611.0,0
1.573,14000.0,11193.0,8386.0,13992.5,11186.5,8381.5,8000.0,7000.0,5000.0,-22.83333333333394,-10.66666666666606,0.5,700.0,900.0,900.0,1.223999999999976,0.6740000000000005,0.17400000000000013,5614.0,0
1.574,14008.0,11199.0,8391.0,14000.5,11193.5,8386.5,8000.0,6000.0,5000.0,-22.5,-11.0,0.5,700.0,900.0,900.0,1.2249999999999759,0.6750000000000005,0.17500000000000013,5617.0,0
1.575,14016.0,11206.0,8396.0,14008.5,11199.5,8391.5,8000.0,7000.0,5000.0,-22.16666666666606,-10.33333333333394,0.5,700.0,900.0,900.0,1.2259999999999758,0.6760000000000005,0.17600000000000013,5620.0,0
1.576,14024.0,11212.0,8401.0,14016.5,11206.5,8396.5,8000.0,6000.0,5000.0,-21.83333333333394,-10.66666666666606,0.5,700.0,900.0,900.0,1.2269999999999757,0.6770000000000005,0.17700000000000013,5623.0,0
1.577,14033.0,11219.0,8406.0,14024.5,11212.5,8401.5,9000.0,7000.0,5000.0,-21.5,-10.0,0.5,700.0,900.0,900.0,1.2279999999999756,0.6780000000000005,0.17800000000000013,5627.0,0
1.578,14041.0,11225.0,8410.0,14033.5,11219.5,8406.5,8000.0,6000.0,4000.0,-22.16666666666606,-10.33333333333394,0.5,700.0,900.0,900.0,1.2289999999999754,0.6790000000000005,0.17900000000000013,5631.0,0
1.579,14049.0,11232.0,8415.0,14041.5,11225.5,8410.5,8000.0,7000.0,5000.0,-23.5,-11.0,0.5,700.0,900.0,900.0,1.2299999999999753,0.6800000000000005,0.18000000000000013,5634.0,0
1.58,14057.0,11239.0,8420.0,14049.5,11232.5,8415.5,8000.0,7000.0,5000.0,-23.16666666666606,-11.33333333333394,0.5,700.0,900.0,900.0,1.2309999999999752,0.6810000000000005,0.18100000000000013,5637.0,0
1.581,14065.0,11245.0,8425.0,14057.5,11239.5,8420.5,8000.0,6000.0,5000.0,-22.83333333333394,-11.66666666666606,0.5,700.0,900.0,900.0,1.2319999999999751,0.6820000000000005,0.18200000000000013,5640.0,0
1.582,14074.0,11252.0,8430.0,14065.5,11245.5,8425.5,9000.0,7000.0,5000.0,-22.5,-11.0,0.5,700.0,900.0,900.0,1.232999999999975,0.6830000000000005,0.18300000000000013,5644.0,0
1.583,14082.0,11258.0,8435.0,14074.5,11252.5,8430.5,8000.0,6000.0,5000.0,-23.16666666666606,-11.33333333333394,0.5,700.0,900.0,900.0,1.233999999999975,0.6840000000000005,0.18400000000000014,5647.0,0
1.584,14090.0,11265.0,8440.0,14082.5,11258.5,8435.5,8000.0,7000.0,5000.0,-22.83333333333394,-10.66666666666606,0.5,700.0,900.0,900.0,1.2349999999999748,0.6850000000000005,0.18500000000000014,5650.0,0
1.585,14098.0,11271.0,8445.0,14090.5,11265.5,8440.5,8000.0,6000.0,5000.0,-22.5,-11.0,0.5,700.0,900.0,900.0,1.2359999999999747,0.6860000000000005,0.18600000000000014,5653.0,0
1.586,14106.0,11278.0,8450.0,14098.5,11271.5,8445.5,8000.0,7000.0,5000.0,-22.16666666666606,-10.33333333333394,0.5,700.0,900.0,900.0,1.2369999999999746,0.6870000000000005,0.18700000000000014,5656.0,0
1.587,14115.0,11284.0,8455.0,14106.5,11278.5,8450.5,9000.0,6000.0,5000.0,-21.83333333333394,-10.66666666666606,0.5,700.0,900.0,900.0,1.2379999999999745,0.6880000000000005,0.18800000000000014,5660.0,0
1.588,14123.0,11291.0,8460.0,14115.5,11284.5,8455.5,8000.0,7000.0,5000.0,-22.5,-10.0,0.5,700.0,900.0,900.0,1.2389999999999743,0.6890000000000005,0.18900000000000014,5663.0,0
1.589,14131.0,11297.0,8465.0,14123.5,11291.5,8460.5,8000.0,6000.0,5000.0,-22.16666666666606,-10.33333333333394,0.5,700.0,900.0,900.0,1.2399999999999742,0.6900000000000005,0.19000000000000014,5666.0,0
1.59,14139.0,11304.0,8470.0,14131.5,11297.5,8465.5,8000.0,7000.0,5000.0,-21.83333333333394,-9.66666666666606,0.5,700.0,900.0,900.0,1.2409999999999741,0.6910000000000005,0.19100000000000014,5669.0,0
1.591,14148.0,11311.0,8474.0,14139.5,11304.5,8470.5,9000.0,7000.0,4000.0,-21.5,-10.0,0.5,700.0,900.0,900.0,1.241999999999974,0.6920000000000005,0.19200000000000014,5674.0,0
1.592,14156.0,11317.0,8479.0,14148.5,11311.5,8474.5,8000.0,6000.0,5000.0,-23.83333333333394,-11.66666666666606,0.5,700.0,900.0,900.0,1.242999999999974,0.6930000000000005,0.19300000000000014,5677.0,0
1.593,14164.0,11324.0,8484.0,14156.5,11317.5,8479.5,8000.0,7000.0,5000.0,-23.5,-11.0,0.5,700.0,900.0,900.0,1.2439999999999738,0.6940000000000005,0.19400000000000014,5680.0,0
1.594,14172.0,11330.0,8489.0,14164.5,11324.5,8484.5,8000.0,6000.0,5000.0,-23.16666666666606,-11.33333333333394,0.5,700.0,900.0,900.0,1.2449999999999737,0.6950000000000005,0.19500000000000015,5683.0,0
1.595,14180.0,11337.0,8494.0,14172.5,11330.5,8489.5,8000.0,7000.0,5000.0,-22.83333333333394,-10.66666666666606,0.5,700.0,900.0,900.0,1.2459999999999736,0.6960000000000005,0.19600000000000015,5686.0,0
1.596,14188.0,11344.0,8499.0,14180.5,11337.5,8494.5,8000.0,7000.0,5000.0,-22.5,-11.0,0.5,700.0,900.0,900.0,1.2469999999999735,0.6970000000000005,0.19700000000000015,5689.0,0
1.597,14197.0,11350.0,8504.0,14188.5,11344.5,8499.5,9000.0,6000.0,5000.0,-22.16666666666606,-11.33333333333394,0.5,700.0,900.0,900.0,1.2479999999999734,0.6980000000000005,0.19800000000000015,5693.0,0
1.598,14205.0,11357.0,8509.0,14197.5,11350.5,8504.5,8000.0,7000.0,5000.0,-22.83333333333394,-10.66666666666606,0.5,700.0,900.0,900.0,1.2489999999999732,0.6990000000000005,0.19900000000000015,5696.0,0
1.599,14213.0,11363.0,8514.0,14205.5,11357.5,8509.5,8000.0,6000.0,5000.0,-22.5,-11.0,0.5,700.0,900.0,900.0,1.2499999999999731,0.7000000000000005,0.20000000000000015,5699.0,0
1.6,14221.0,11370.0,8519.0,14213.5,11363.5,8514.5,8000.0,7000.0,5000.0,-22.16666666666606,-10.33333333333394,0.5,700.0,900.0,900.0,1.250999999999973,0.7010000000000005,0.20100000000000015,5702.0,0
1.601,14229.0,11376.0,8524.0,14221.5,11370.5,8519.5,8000.0,6000.0,5000.0,-21.83333333333394,-10.66666666666606,0.5,700.0,900.0,900.0,1.251999999999973,0.7020000000000005,0.20200000000000015,5705.0,0
1.602,14238.0,11383.0,8529.0,14229.5,11376.5,8524.5,9000.0,7000.0,5000.0,-21.5,-10.0,0.5,700.0,900.0,900.0,1.2529999999999728,0.7030000000000005,0.20300000000000015,5709.0,0
1.603,14246.0,11389.0,8533.0,14238.5,11383.5,8529.5,8000.0,6000.0,4000.0,-22.16666666666606,-10.33333333333394,0.5,700.0,900.0,900.0,1.2539999999999727,0.7040000000000005,0.20400000000000015,5713.0,0
1.604,14254.0,11396.0,8538.0,14246.5,11389.5,8533.5,8000.0,7000.0,5000.0,-23.5,-11.0,0.5,700.0,900.0,900.0,1.2549999999999726,0.7050000000000005,0.20500000000000015,5716.0,0
1.605,14262.0,11402.0,8543.0,14254.5,11396.5,8538.5,8000.0,6000.0,5000.0,-23.16666666666606,-11.33333333333394,0.5,700.0,900.0,900.0,1.2559999999999725,0.7060000000000005,0.20600000000000016,5719.0,0
1.606,14270.0,11409.0,8548.0,14262.5,11402.5,8543.5,8000.0,7000.0,5000.0,-22.83333333333394,-10.66666666666606,0.5,700.0,900.0,900.0,1.2569999999999724,0.7070000000000005,0.20700000000000016,5722.0,0
1.607,14279.0,11416.0,8553.0,14270.5,11409.5,8548.5,9000.0,7000.0,5000.0,-22.5,-11.0,0.5,700.0,900.0,900.0,1.2579999999999723,0.7080000000000005,0.20800000000000016,5726.0,0
1.608,14287.0,11422.0,8558.0,14279.5,11416.5,8553.5,8000.0,6000.0,5000.0,-23.16666666666606,-11.33333333333394,0.5,700.0,900.0,900.0,1.2589999999999721,0.7090000000000005,0.20900000000000016,5729.0,0
1.609,14295.0,11429.0,8563.0,14287.5,11422.5,8558.5,8000.0,7000.0,5000.0,-22.83333333333394,-10.66666666666606,0.5,700.0,900.0,900.0,1.259999999999972,0.7100000000000005,0.21000000000000016,5732.0,0
1.61,14303.0,11435.0,8568.0,14295.5,11429.5,8563.5,8000.0,6000.0,5000.0,-22.5,-11.0,0.5,700.0,900.0,900.0,1.260999999999972,0.7110000000000005,0.21100000000000016,5735.0,0
1.611,14311.0,11442.0,8573.0,14303.5,11435.5,8568.5,8000.0,7000.0,5000.0,-22.16666666666606,-10.33333333333394,0.5,700.0,900.0,900.0,1.2619999999999718,0.7120000000000005,0.21200000000000016,5738.0,0
1.612,14320.0,11448.0,8578.0,14311.5,11442.5,8573.5,9000.0,6000.0,5000.0,-21.83333333333394,-10.66666666666606,0.5,700.0,900.0,900.0,1.2629999999999717,0.7130000000000005,0.21300000000000016,5742.0,0
1.613,14328.0,11455.0,8583.0,14320.5,11448.5,8578.5,8000.0,7000.0,5000.0,-22.5,-10.0,0.5,700.0,900.0,900.0,1.2639999999999716,0.7140000000000005,0.21400000000000016,5745.0,0
1.614,14336.0,11461.0,8588.0,14328.5,11455.5,8583.5,8000.0,6000.0,5000.0,-22.16666666666606,-10.33333333333394,0.5,700.0,900.0,900.0,1.2649999999999715,0.7150000000000005,0.21500000000000016,5748.0,0
1.615,14344.0,11468.0,8593.0,14336.5,11461.5,8588.5,8000.0,7000.0,5000.0,-21.83333333333394,-9.66666666666606,0.5,700.0,900.0,900.0,1.2659999999999714,0.7160000000000005,0.21600000000000016,5751.0,0
1.616,14353.0,11475.0,8597.0,14344.5,11468.5,8593.5,9000.0,7000.0,4000.0,-21.5,-10.0,0.5,700.0,900.0,900.0,1.2669999999999713,0.7170000000000005,0.21700000000000016,5756.0,0
1.617,14361.0,11481.0,8602.0,14353.5,11475.5,8597.5,8000.0,6000.0,5000.0,-23.83333333333394,-11.66666666666606,0.5,700.0,900.0,900.0,1.2679999999999712,0.7180000000000005,0.21800000000000017,5759.0,0
1.618,14369.0,11488.0,8607.0,14361.5,11481.5,8602.5,8000.0,7000.0,5000.0,-23.5,-11.0,0.5,700.0,900.0,900.0,1.268999999999971,0.7190000000000005,0.21900000000000017,5762.0,0
1.619,14377.0,11494.0,8612.0,14369.5,11488.5,8607.5,8000.0,6000.0,5000.0,-23.16666666666606,-11.33333333333394,0.5,700.0,900.0,900.0,1.269999999999971,0.7200000000000005,0.22000000000000017,5765.0,0
1.62,14385.0,11501.0,8617.0,14377.5,11494.5,8612.5,8000.0,7000.0,5000.0,-22.83333333333394,-10.66666666666606,0.5,700.0,900.0,900.0,1.2709999999999708,0.7210000000000005,0.22100000000000017,5768.0,0
1.621,14393.0,11508.0,8622.0,14385.5,11501.5,8617.5,8000.0,7000.0,5000.0,-22.5,-11.0,0.5,700.0,900.0,900.0,1.2719999999999707,0.7220000000000005,0.22200000000000017,5771.0,0
1.622,14402.0,11514.0,8627.0,14393.5,11508.5,8622.5,9000.0,6000.0,5000.0,-22.16666666666606,-11.33333333333394,0.5,700.0,900.0,900.0,1.2729999999999706,0.7230000000000005,0.22300000000000017,5775.0,0
1.623,14410.0,11521.0,8632.0,14402.5,11514.5,8627.5,8000.0,7000.0,5000.0,-22.83333333333394,-10.66666666666606,0.5,700.0,900.0,900.0,1.2739999999999705,0.7240000000000005,0.22400000000000017,5778.0,0
1.624,14418.0,11527.0,8637.0,14410.5,11521.5,8632.5,8000.0,6000.0,5000.0,-22.5,-11.0,0.5,700.0,900.0,900.0,1.2749999999999704,0.7250000000000005,0.22500000000000017,5781.0,0
1.625,14426.0,11534.0,8642.0,14418.5,11527.5,8637.5,8000.0,7000.0,5000.0,-22.16666666666606,-10.33333333333394,0.5,700.0,900.0,900.0,1.2759999999999703,0.7260000000000005,0.22600000000000017,5784.0,0
1.6260000000000001,14435.0,11540.0,8647.0,14426.5,11534.5,8642.5,9000.0,6000.0,5000.0,-21.83333333333394,-10.66666666666606,0.5,700.0,900.0,900.0,1.2769999999999702,0.7270000000000005,0.22700000000000017,5788.0,0
1.627,14443.0,11547.0,8652.0,14435.5,11540.5,8647.5,8000.0,7000.0,5000.0,-22.5,-10.0,0.5,700.0,900.0,900.0,1.27799999999997,0.7280000000000005,0.22800000000000017,5791.0,0
1.6280000000000001,14451.0,11553.0,8656.0,14443.5,11547.5,8652.5,8000.0,6000.0,4000.0,-22.16666666666606,-10.33333333333394,0.5,700.0,900.0,900.0,1.27899999999997,0.7290000000000005,0.22900000000000018,5795.0,0
1.629,14459.0,11560.0,8661.0,14451.5,11553.5,8656.5,8000.0,7000.0,5000.0,-23.5,-11.0,0.5,700.0,900.0,900.0,1.2799999999999698,0.7300000000000005,0.23000000000000018,5798.0,0
1.6300000000000001,14467.0,11567.0,8666.0,14459.5,11560.5,8661.5,8000.0,7000.0,5000.0,-23.16666666666606,-11.33333333333394,0.5,700.0,900.0,900.0,1.2809999999999697,0.7310000000000005,0.23100000000000018,5801.0,0
1.631,14475.0,11573.0,8671.0,14467.5,11567.5,8666.5,8000.0,6000.0,5000.0,-22.83333333333394,-11.66666666666606,0.5,700.0,900.0,900.0,1.2819999999999696,0.7320000000000005,0.23200000000000018,5804.0,0
1.6320000000000001,14484.0,11580.0,8676.0,14475.5,11573.5,8671.5,9000.0,7000.0,5000.0,-22.5,-11.0,0.5,700.0,900.0,900.0,1.2829999999999695,0.7330000000000005,0.23300000000000018,5808.0,0
1.633,14492.0,11586.0,8681.0,14484.5,11580.5,8676.5,8000.0,6000.0,5000.0,-23.16666666666606,-11.33333333333394,0.5,700.0,900.0,900.0,1.2839999999999694,0.7340000000000005,0.23400000000000018,5811.0,0
1.6340000000000001,14500.0,11593.0,8686.0,14492.5,11586.5,8681.5,8000.0,7000.0,5000.0,-22.83333333333394,-10.66666666666606,0.5,700.0,900.0,900.0,1.2849999999999693,0.7350000000000005,0.23500000000000018,5814.0,0
1.635,14508.0,11599.0,8691.0,14500.5,11593.5,8686.5,8000.0,6000.0,5000.0,-22.5,-11.0,0.5,700.0,900.0,900.0,1.2859999999999692,0.7360000000000005,0.23600000000000018,5817.0,0
1.6360000000000001,14516.0,11606.0,8696.0,14508.5,11599.5,8691.5,8000.0,7000.0,5000.0,-22.16666666666606,-10.33333333333394,0.5,700.0,900.0,900.0,1.286999999999969,0.7370000000000005,0.23700000000000018,5820.0,0
1.637,14525.0,11612.0,8701.0,14516.5,11606.5,8696.5,9000.0,6000.0,5000.0,-21.83333333333394,-10.66666666666606,0.5,700.0,900.0,900.0,1.287999999999969,0.7380000000000005,0.23800000000000018,5824.0,0
1.6380000000000001,14533.0,11619.0,8706.0,14525.5,11612.5,8701.5,8000.0,7000.0,5000.0,-22.5,-10.0,0.5,700.0,900.0,900.0,1.2889999999999688,0.7390000000000005,0.23900000000000018,5827.0,0
1.639,14541.0,11625.0,8711.0,14533.5,11619.5,8706.5,8000.0,6000.0,5000.0,-22.16666666666606,-10.33333333333394,0.5,700.0,900.0,900.0,1.2899999999999687,0.7400000000000005,0.24000000000000019,5830.0,0
1.6400000000000001,14549.0,11632.0,8716.0,14541.5,11625.5,8711.5,8000.0,7000.0,5000.0,-21.83333333333394,-9.66666666666606,0.5,700.0,900.0,900.0,1.2909999999999686,0.7410000000000005,0.2410000000000002,5833.0,0
1.641,14558.0,11639.0,8720.0,14549.5,11632.5,8716.5,9000.0,7000.0,4000.0,-21.5,-10.0,0.5,700.0,900.0,900.0,1.2919999999999685,0.7420000000000005,0.2420000000000002,5838.0,0
1.6420000000000001,14566.0,11645.0,8725.0,14558.5,11639.5,8720.5,8000.0,6000.0,5000.0,-23.83333333333394,-11.66666666666606,0.5,700.0,900.0,900.0,1.2929999999999684,0.7430000000000005,0.2430000000000002,5841.0,0
1.643,14574.0,11652.0,8730.0,14566.5,11645.5,8725.5,8000.0,7000.0,5000.0,-23.5,-11.0,0.5,700.0,900.0,900.0,1.2939999999999683,0.7440000000000005,0.2440000000000002,5844.0,0
1.6440000000000001,14582.0,11658.0,8735.0,14574.5,11652.5,8730.5,8000.0,6000.0,5000.0,-23.16666666666606,-11.33333333333394,0.5,700.0,900.0,900.0,1.2949999999999682,0.7450000000000006,0.2450000000000002,5847.0,0
1.645,14590.0,11665.0,8740.0,14582.5,11658.5,8735.5,8000.0,7000.0,5000.0,-22.83333333333394,-10.66666666666606,0.5,700.0,900.0,900.0,1.295999999999968,0.7460000000000006,0.2460000000000002,5850.0,0
1.6460000000000001,14598.0,11672.0,8745.0,14590.5,11665.5,8740.5,8000.0,7000.0,5000.0,-22.5,-11.0,0.5,700.0,900.0,900.0,1.296999999999968,0.7470000000000006,0.2470000000000002,5853.0,0
1.647,14607.0,11678.0,8750.0,14598.5,11672.5,8745.5,9000.0,6000.0,5000.0,-22.16666666666606,-11.33333333333394,0.5,700.0,900.0,900.0,1.2979999999999678,0.7480000000000006,0.2480000000000002,5857.0,0
1.6480000000000001,14615.0,11685.0,8755.0,14607.5,11678.5,8750.5,8000.0,7000.0,5000.0,-22.83333333333394,-10.66666666666606,0.5,700.0,900.0,900.0,1.2989999999999677,0.7490000000000006,0.2490000000000002,5860.0,0
1.649,14623.0,11691.0,8760.0,14615.5,11685.5,8755.5,8000.0,6000.0,5000.0,-22.5,-11.0,0.5,700.0,900.0,900.0,1.2999999999999676,0.7500000000000006,0.25000000000000017,5863.0,0
1.6500000000000001,14631.0,11698.0,8765.0,14623.5,11691.5,8760.5,8000.0,7000.0,5000.0,-22.16666666666606,-10.33333333333394,0.5,700.0,900.0,900.0,1.3009999999999675,0.7510000000000006,0.25100000000000017,5866.0,0
1.651,14640.0,11704.0,8770.0,14631.5,11698.5,8765.5,9000.0,6000.0,5000.0,-21.83333333333394,-10.66666666666606,0.5,700.0,900.0,900.0,1.3019999999999674,0.7520000000000006,0.25200000000000017,5870.0,0
1.6520000000000001,14648.0,11711.0,8775.0,14640.5,11704.5,8770.5,8000.0,7000.0,5000.0,-22.5,-10.0,0.5,700.0,900.0,900.0,1.3029999999999673,0.7530000000000006,0.25300000000000017,5873.0,0
1.653,14656.0,11717.0,8779.0,14648.5,11711.5,8775.5,8000.0,6000.0,4000.0,-22.16666666666606,-10.33333333333394,0.5,700.0,900.0,900.0,1.3039999999999672,0.7540000000000006,0.25400000000000017,5877.0,0
1.6540000000000001,14664.0,11724.0,8784.0,14656.5,11717.5,8779.5,8000.0,7000.0,5000.0,-23.5,-11.0,0.5,700.0,900.0,900.0,1.304999999999967,0.7550000000000006,0.25500000000000017,5880.0,0
1.655,14672.0,11730.0,8789.0,14664.5,11724.5,8784.5,8000.0,6000.0,5000.0,-23.16666666666606,-11.33333333333394,0.5,700.0,900.0,900.0,1.305999999999967,0.7560000000000006,0.25600000000000017,5883.0,0
1.6560000000000001,14681.0,11737.0,8794.0,14672.5,11730.5,8789.5,9000.0,7000.0,5000.0,-22.83333333333394,-10.66666666666606,0.5,700.0,900.0,900.0,1.3069999999999669,0.7570000000000006,0.2570000000000002,5887.0,0
1.657,14689.0,11744.0,8799.0,14681.5,11737.5,8794.5,8000.0,7000.0,5000.0,-23.5,-11.0,0.5,700.0,900.0,900.0,1.3079999999999667,0.7580000000000006,0.2580000000000002,5890.0,0
1.6580000000000001,14697.0,11750.0,8804.0,14689.5,11744.5,8799.5,8000.0,6000.0,5000.0,-23.16666666666606,-11.33333333333394,0.5,700.0,900.0,900.0,1.3089999999999666,0.7590000000000006,0.2590000000000002,5893.0,0
1.659,14705.0,11757.0,8809.0,14697.5,11750.5,8804.5,8000.0,7000.0,5000.0,-22.83333333333394,-10.66666666666606,0.5,700.0,900.0,900.0,1.3099999999999665,0.7600000000000006,0.2600000000000002,5896.0,0
1.6600000000000001,14713.0,11763.0,8814.0,14705.5,11757.5,8809.5,8000.0,6000.0,5000.0,-22.5,-11.0,0.5,700.0,900.0,900.0,1.3109999999999664,0.7610000000000006,0.2610000000000002,5899.0,0
1.661,14721.0,11770.0,8819.0,14713.5,11763.5,8814.5,8000.0,7000.0,5000.0,-22.16666666666606,-10.33333333333394,0.5,700.0,900.0,900.0,1.3119999999999663,0.7620000000000006,0.2620000000000002,5902.0,0
1.6620000000000001,14730.0,11776.0,8824.0,14721.5,11770.5,8819.5,9000.0,6000.0,5000.0,-21.83333333333394,-10.66666666666606,0.5,700.0,900.0,900.0,1.3129999999999662,0.7630000000000006,0.2630000000000002,5906.0,0
1.663,14738.0,11783.0,8829.0,14730.5,11776.5,8824.5,8000.0,7000.0,5000.0,-22.5,-10.0,0.5,700.0,900.0,900.0,1.313999999999966,0.7640000000000006,0.2640000000000002,5909.0,0
1.6640000000000001,14746.0,11789.0,8834.0,14738.5,11783.5,8829.5,8000.0,6000.0,5000.0,-22.16666666666606,-10.33333333333394,0.5,700.0,900.0,900.0,1.314999999999966,0.7650000000000006,0.2650000000000002,5912.0,0
1.665,14754.0,11796.0,8839.0,14746.5,11789.5,8834.5,8000.0,7000.0,5000.0,-21.83333333333394,-9.66666666666606,0.5,700.0,900.0,900.0,1.3159999999999659,0.7660000000000006,0.2660000000000002,5915.0,0
1.666,14763.0,11803.0,8843.0,14754.5,11796.5,8839.5,9000.0,7000.0,4000.0,-21.5,-10.0,0.5,700.0,900.0,900.0,1.3169999999999658,0.7670000000000006,0.2670000000000002,5920.0,0
1.667,14771.0,11809.0,8848.0,14763.5,11803.5,8843.5,8000.0,6000.0,5000.0,-23.83333333333394,-11.66666666666606,0.5,700.0,900.0,900.0,1.3179999999999656,0.7680000000000006,0.2680000000000002,5923.0,0
1.668,14779.0,11816.0,8853.0,14771.5,11809.5,8848.5,8000.0,7000.0,5000.0,-23.5,-11.0,0.5,700.0,900.0,900.0,1.3189999999999655,0.7690000000000006,0.2690000000000002,5926.0,0
1.669,14787.0,11822.0,8858.0,14779.5,11816.5,8853.5,8000.0,6000.0,5000.0,-23.16666666666606,-11.33333333333394,0.5,700.0,900.0,900.0,1.3199999999999654,0.7700000000000006,0.2700000000000002,5929.0,0
1.67,14795.0,11829.0,8863.0,14787.5,11822.5,8858.5,8000.0,7000.0,5000.0,-22.83333333333394,-10.66666666666606,0.5,700.0,900.0,900.0,1.3209999999999653,0.7710000000000006,0.2710000000000002,5932.0,0
1.671,14803.0,11836.0,8868.0,14795.5,11829.5,8863.5,8000.0,7000.0,5000.0,-22.5,-11.0,0.5,700.0,900.0,900.0,1.3219999999999652,0.7720000000000006,0.2720000000000002,5935.0,0
1.672,14812.0,11842.0,8873.0,14803.5,11836.5,8868.5,9000.0,6000.0,5000.0,-22.16666666666606,-11.33333333333394,0.5,700.0,900.0,900.0,1.322999999999965,0.7730000000000006,0.2730000000000002,5939.0,0
1.673,14820.0,11849.0,8878.0,14812.5,11842.5,8873.5,8000.0,7000.0,5000.0,-22.83333333333394,-10.66666666666606,0.5,700.0,900.0,900.0,1.323999999999965,0.7740000000000006,0.2740000000000002,5942.0,0
1.674,14828.0,11855.0,8883.0,14820.5,11849.5,8878.5,8000.0,6000.0,5000.0,-22.5,-11.0,0.5,700.0,900.0,900.0,1.3249999999999649,0.7750000000000006,0.2750000000000002,5945.0,0
1.675,14836.0,11862.0,8888.0,14828.5,11855.5,8883.5,8000.0,7000.0,5000.0,-22.16666666666606,-10.33333333333394,0.5,700.0,900.0,900.0,1.3259999999999648,0.7760000000000006,0.2760000000000002,5948.0,0
1.676,14845.0,11868.0,8893.0,14836.5,11862.5,8888.5,9000.0,6000.0,5000.0,-21.83333333333394,-10.66666666666606,0.5,700.0,900.0,900.0,1.3269999999999647,0.7770000000000006,0.2770000000000002,5952.0,0
1.677,14853.0,11875.0,8898.0,14845.5,11868.5,8893.5,8000.0,7000.0,5000.0,-22.5,-10.0,0.5,700.0,900.0,900.0,1.3279999999999645,0.7780000000000006,0.2780000000000002,5955.0,0
1.678,14861.0,11881.0,8902.0,14853.5,11875.5,8898.5,8000.0,6000.0,4000.0,-22.16666666666606,-10.33333333333394,0.5,700.0,900.0,900.0,1.3289999999999644,0.7790000000000006,0.2790000000000002,5959.0,0
1.679,14869.0,11888.0,8907.0,14861.5,11881.5,8902.5,8000.0,7000.0,5000.0,-23.5,-11.0,0.5,700.0,900.0,900.0,1.3299999999999643,0.7800000000000006,0.2800000000000002,5962.0,0
1.68,14877.0,11895.0,8912.0,14869.5,11888.5,8907.5,8000.0,7000.0,5000.0,-23.16666666666606,-11.33333333333394,0.5,700.0,900.0,900.0,1.3309999999999642,0.7810000000000006,0.2810000000000002,5965.0,0
1.681,14885.0,11901.0,8917.0,14877.5,11895.5,8912.5,8000.0,6000.0,5000.0,-22.83333333333394,-11.66666666666606,0.5,700.0,900.0,900.0,1.331999999999964,0.7820000000000006,0.2820000000000002,5968.0,0
1.682,14894.0,11908.0,8922.0,14885.5,11901.5,8917.5,9000.0,7000.0,5000.0,-22.5,-11.0,0.5,700.0,900.0,900.0,1.332999999999964,0.7830000000000006,0.2830000000000002,5972.0,0
1.683,14902.0,11914.0,8927.0,14894.5,11908.5,8922.5,8000.0,6000.0,5000.0,-23.16666666666606,-11.33333333333394,0.5,700.0,900.0,900.0,1.3339999999999639,0.7840000000000006,0.2840000000000002,5975.0,0
1.684,14910.0,11921.0,8932.0,14902.5,11914.5,8927.5,8000.0,7000.0,5000.0,-22.83333333333394,-10.66666666666606,0.5,700.0,900.0,900.0,1.3349999999999638,0.7850000000000006,0.2850000000000002,5978.0,0
1.685,14918.0,11927.0,8937.0,14910.5,11921.5,8932.5,8000.0,6000.0,5000.0,-22.5,-11.0,0.5,700.0,900.0,900.0,1.3359999999999637,0.7860000000000006,0.2860000000000002,5981.0,0
1.686,14926.0,11934.0,8942.0,14918.5,11927.5,8937.5,8000.0,7000.0,5000.0,-22.16666666666606,-10.33333333333394,0.5,700.0,900.0,900.0,1.3369999999999636,0.7870000000000006,0.2870000000000002,5984.0,0
1.687,14935.0,11940.0,8947.0,14926.5,11934.5,8942.5,9000.0,6000.0,5000.0,-21.83333333333394,-10.66666666666606,0.5,700.0,900.0,900.0,1.3379999999999634,0.7880000000000006,0.2880000000000002,5988.0,0
1.688,14943.0,11947.0,8952.0,14935.5,11940.5,8947.5,8000.0,7000.0,5000.0,-22.5,-10.0,0.5,700.0,900.0,900.0,1.3389999999999633,0.7890000000000006,0.2890000000000002,5991.0,0
1.689,14951.0,11953.0,8957.0,14943.5,11947.5,8952.5,8000.0,6000.0,5000.0,-22.16666666666606,-10.33333333333394,0.5,700.0,900.0,900.0,1.3399999999999632,0.7900000000000006,0.2900000000000002,5994.0,0
1.69,14959.0,11960.0,8962.0,14951.5,11953.5,8957.5,8000.0,7000.0,5000.0,-21.83333333333394,-9.66666666666606,0.5,700.0,900.0,900.0,1.340999999999963,0.7910000000000006,0.2910000000000002,5997.0,0
1.691,14968.0,11967.0,8966.0,14959.5,11960.5,8962.5,9000.0,7000.0,4000.0,-21.5,-10.0,0.5,700.0,900.0,900.0,1.341999999999963,0.7920000000000006,0.2920000000000002,6002.0,0
1.692,14976.0,11973.0,8971.0,14968.5,11967.5,8966.5,8000.0,6000.0,5000.0,-23.83333333333394,-11.66666666666606,0.5,700.0,900.0,900.0,1.342999999999963,0.7930000000000006,0.2930000000000002,6005.0,0
1.693,14984.0,11980.0,8976.0,14976.5,11973.5,8971.5,8000.0,7000.0,5000.0,-23.5,-11.0,0.5,700.0,900.0,900.0,1.3439999999999628,0.7940000000000006,0.2940000000000002,6008.0,0
1.694,14992.0,11986.0,8981.0,14984.5,11980.5,8976.5,8000.0,6000.0,5000.0,-23.16666666666606,-11.33333333333394,0.5,700.0,900.0,900.0,1.3449999999999627,0.7950000000000006,0.2950000000000002,6011.0,0
1.695,15000.0,11993.0,8986.0,14992.5,11986.5,8981.5,8000.0,7000.0,5000.0,-22.83333333333394,-10.66666666666606,0.5,700.0,900.0,900.0,1.3459999999999626,0.7960000000000006,0.2960000000000002,6014.0,0
1.696,15009.0,12000.0,8991.0,15000.5,11993.5,8986.5,9000.0,7000.0,5000.0,-22.5,-11.0,0.5,700.0,900.0,900.0,1.3469999999999624,0.7970000000000006,0.2970000000000002,6018.0,0
1.697,15017.0,12006.0,8996.0,15009.5,12000.5,8991.5,8000.0,6000.0,5000.0,-23.16666666666606,-11.33333333333394,0.5,700.0,900.0,900.0,1.3479999999999623,0.7980000000000006,0.2980000000000002,6021.0,0
1.698,15025.0,12013.0,9001.0,15017.5,12006.5,8996.5,8000.0,7000.0,5000.0,-22.83333333333394,-10.66666666666606,0.5,700.0,900.0,900.0,1.3489999999999622,0.7990000000000006,0.2990000000000002,6024.0,0
1.699,15033.0,12019.0,9006.0,15025.5,12013.5,9001.5,8000.0,6000.0,5000.0,-22.5,-11.0,0.5,700.0,900.0,900.0,1.3499999999999621,0.8000000000000006,0.3000000000000002,6027.0,0
1.7,15041.0,12026.0,9011.0,15033.5,12019.5,9006.5,8000.0,7000.0,5000.0,-22.16666666666606,-10.33333333333394,0.5,700.0,900.0,900.0,1.350999999999962,0.8010000000000006,0.3010000000000002,6030.0,0
1.701,15050.0,12032.0,9016.0,15041.5,12026.5,9011.5,9000.0,6000.0,5000.0,-21.83333333333394,-10.66666666666606,0.5,700.0,900.0,900.0,1.351999999999962,0.8020000000000006,0.3020000000000002,6034.0,0
1.702,15058.0,12039.0,9021.0,15050.5,12032.5,9016.5,8000.0,7000.0,5000.0,-22.5,-10.0,0.5,700.0,900.0,900.0,1.3529999999999618,0.8030000000000006,0.3030000000000002,6037.0,0
1.703,15066.0,12045.0,9025.0,15058.5,12039.5,9021.5,8000.0,6000.0,4000.0,-22.16666666666606,-10.33333333333394,0.5,700.0,900.0,900.0,1.3539999999999617,0.8040000000000006,0.3040000000000002,6041.0,0
1.704,15074.0,12052.0,9030.0,15066.5,12045.5,9025.5,8000.0,7000.0,5000.0,-23.5,-11.0,0.5,700.0,900.0,900.0,1.3549999999999616,0.8050000000000006,0.3050000000000002,6044.0,0
1.705,15082.0,12059.0,9035.0,15074.5,12052.5,9030.5,8000.0,7000.0,5000.0,-23.16666666666606,-11.33333333333394,0.5,700.0,900.0,900.0,1.3559999999999615,0.8060000000000006,0.3060000000000002,6047.0,0
1.706,15090.0,12065.0,9040.0,15082.5,12059.5,9035.5,8000.0,6000.0,5000.0,-22.83333333333394,-11.66666666666606,0.5,700.0,900.0,900.0,1.3569999999999613,0.8070000000000006,0.3070000000000002,6050.0,0
1.707,15099.0,12072.0,9045.0,15090.5,12065.5,9040.5,9000.0,7000.0,5000.0,-22.5,-11.0,0.5,700.0,900.0,900.0,1.3579999999999612,0.8080000000000006,0.3080000000000002,6054.0,0
1.708,15107.0,12078.0,9050.0,15099.5,12072.5,9045.5,8000.0,6000.0,5000.0,-23.16666666666606,-11.33333333333394,0.5,700.0,900.0,900.0,1.3589999999999611,0.8090000000000006,0.3090000000000002,6057.0,0
1.709,15115.0,12085.0,9055.0,15107.5,12078.5,9050.5,8000.0,7000.0,5000.0,-22.83333333333394,-10.66666666666606,0.5,700.0,900.0,900.0,1.359999999999961,0.8100000000000006,0.3100000000000002,6060.0,0
1.71,15123.0,12091.0,9060.0,15115.5,12085.5,9055.5,8000.0,6000.0,5000.0,-22.5,-11.0,0.5,700.0,900.0,900.0,1.360999999999961,0.8110000000000006,0.3110000000000002,6063.0,0
1.711,15131.0,12098.0,9065.0,15123.5,12091.5,9060.5,8000.0,7000.0,5000.0,-22.16666666666606,-10.33333333333394,0.5,700.0,900.0,900.0,1.3619999999999608,0.8120000000000006,0.3120000000000002,6066.0,0
1.712,15140.0,12104.0,9070.0,15131.5,12098.5,9065.5,9000.0,6000.0,5000.0,-21.83333333333394,-10.66666666666606,0.5,700.0,900.0,900.0,1.3629999999999607,0.8130000000000006,0.3130000000000002,6070.0,0
1.713,15148.0,12111.0,9075.0,15140.5,12104.5,9070.5,8000.0,7000.0,5000.0,-22.5,-10.0,0.5,700.0,900.0,900.0,1.3639999999999606,0.8140000000000006,0.3140000000000002,6073.0,0
1.714,15156.0,12117.0,9080.0,15148.5,12111.5,9075.5,8000.0,6000.0,5000.0,-22.16666666666606,-10.33333333333394,0.5,700.0,900.0,900.0,1.3649999999999605,0.8150000000000006,0.3150000000000002,6076.0,0
1.715,15164.0,12124.0,9085.0,15156.5,12117.5,9080.5,8000.0,7000.0,5000.0,-21.83333333333394,-9.66666666666606,0.5,700.0,900.0,900.0,1.3659999999999604,0.8160000000000006,0.3160000000000002,6079.0,0
1.716,15173.0,12131.0,9089.0,15164.5,12124.5,9085.5,9000.0,7000.0,4000.0,-21.5,-10.0,0.5,700.0,900.0,900.0,1.3669999999999602,0.8170000000000006,0.3170000000000002,6084.0,0
1.717,15181.0,12137.0,9094.0,15173.5,12131.5,9089.5,8000.0,6000.0,5000.0,-23.83333333333394,-11.66666666666606,0.5,700.0,900.0,900.0,1.3679999999999601,0.8180000000000006,0.3180000000000002,6087.0,0
1.718,15189.0,12144.0,9099.0,15181.5,12137.5,9094.5,8000.0,7000.0,5000.0,-23.5,-11.0,0.5,700.0,900.0,900.0,1.36899999999996,0.8190000000000006,0.31900000000000023,6090.0,0
1.719,15197.0,12150.0,9104.0,15189.5,12144.5,9099.5,8000.0,6000.0,5000.0,-23.16666666666606,-11.33333333333394,0.5,700.0,900.0,900.0,1.36999999999996,0.8200000000000006,0.32000000000000023,6093.0,0
1.72,15205.0,12157.0,9109.0,15197.5,12150.5,9104.5,8000.0,7000.0,5000.0,-22.83333333333394,-10.66666666666606,0.5,700.0,900.0,900.0,1.3709999999999598,0.8210000000000006,0.32100000000000023,6096.0,0
1.721,15213.0,12164.0,9114.0,15205.5,12157.5,9109.5,8000.0,7000.0,5000.0,-22.5,-11.0,0.5,700.0,900.0,900.0,1.3719999999999597,0.8220000000000006,0.32200000000000023,6099.0,0
1.722,15222.0,12170.0,9119.0,15213.5,12164.5,9114.5,9000.0,6000.0,5000.0,-22.16666666666606,-11.33333333333394,0.5,700.0,900.0,900.0,1.3729999999999596,0.8230000000000006,0.32300000000000023,6103.0,0
1.723,15230.0,12177.0,9124.0,15222.5,12170.5,9119.5,8000.0,7000.0,5000.0,-22.83333333333394,-10.66666666666606,0.5,700.0,900.0,900.0,1.3739999999999595,0.8240000000000006,0.32400000000000023,6106.0,0
1.724,15238.0,12183.0,9129.0,15230.5,12177.5,9124.5,8000.0,6000.0,5000.0,-22.5,-11.0,0.5,700.0,900.0,900.0,1.3749999999999594,0.8250000000000006,0.32500000000000023,6109.0,0
1.725,15246.0,12190.0,9134.0,15238.5,12183.5,9129.5,8000.0,7000.0,5000.0,-22.16666666666606,-10.33333333333394,0.5,700.0,900.0,900.0,1.3759999999999593,0.8260000000000006,0.32600000000000023,6112.0,0
1.726,15255.0,12196.0,9139.0,15246.5,12190.5,9134.5,9000.0,6000.0,5000.0,-21.83333333333394,-10.66666666666606,0.5,700.0,900.0,900.0,1.3769999999999591,0.8270000000000006,0.32700000000000023,6116.0,0
1.727,15263.0,12203.0,9144.0,15255.5,12196.5,9139.5,8000.0,7000.0,5000.0,-22.5,-10.0,0.5,700.0,900.0,900.0,1.377999999999959,0.8280000000000006,0.32800000000000024,6119.0,0
1.728,15271.0,12209.0,9148.0,15263.5,12203.5,9144.5,8000.0,6000.0,4000.0,-22.16666666666606,-10.33333333333394,0.5,700.0,900.0,900.0,1.378999999999959,0.8290000000000006,0.32900000000000024,6123.0,0
1.729,15279.0,12216.0,9153.0,15271.5,12209.5,9148.5,8000.0,7000.0,5000.0,-23.5,-11.0,0.5,700.0,900.0,900.0,1.3799999999999588,0.8300000000000006,0.33000000000000024,6126.0,0
1.73,15287.0,12222.0,9158.0,15279.5,12216.5,9153.5,8000.0,6000.0,5000.0,-23.16666666666606,-11.33333333333394,0.5,700.0,900.0,900.0,1.3809999999999587,0.8310000000000006,0.33100000000000024,6129.0,0
1.731,15296.0,12229.0,9163.0,15287.5,12222.5,9158.5,9000.0,7000.0,5000.0,-22.83333333333394,-10.66666666666606,0.5,700.0,900.0,900.0,1.3819999999999586,0.8320000000000006,0.33200000000000024,6133.0,0
1.732,15304.0,12236.0,9168.0,15296.5,12229.5,9163.5,8000.0,7000.0,5000.0,-23.5,-11.0,0.5,700.0,900.0,900.0,1.3829999999999585,0.8330000000000006,0.33300000000000024,6136.0,0
1.733,15312.0,12242.0,9173.0,15304.5,12236.5,9168.5,8000.0,6000.0,5000.0,-23.16666666666606,-11.33333333333394,0.5,700.0,900.0,900.0,1.3839999999999584,0.8340000000000006,0.33400000000000024,6139.0,0
1.734,15320.0,12249.0,9178.0,15312.5,12242.5,9173.5,8000.0,7000.0,5000.0,-22.83333333333394,-10.66666666666606,0.5,700.0,900.0,900.0,1.3849999999999583,0.8350000000000006,0.33500000000000024,6142.0,0
1.735,15328.0,12255.0,9183.0,15320.5,12249.5,9178.5,8000.0,6000.0,5000.0,-22.5,-11.0,0.5,700.0,900.0,900.0,1.3859999999999582,0.8360000000000006,0.33600000000000024,6145.0,0
1.736,15336.0,12262.0,9188.0,15328.5,12255.5,9183.5,8000.0,7000.0,5000.0,-22.16666666666606,-10.33333333333394,0.5,700.0,900.0,900.0,1.386999999999958,0.8370000000000006,0.33700000000000024,6148.0,0
1.737,15345.0,12268.0,9193.0,15336.5,12262.5,9188.5,9000.0,6000.0,5000.0,-21.83333333333394,-10.66666666666606,0.5,700.0,900.0,900.0,1.387999999999958,0.8380000000000006,0.33800000000000024,6152.0,0
1.738,15353.0,12275.0,9198.0,15345.5,12268.5,9193.5,8000.0,7000.0,5000.0,-22.5,-10.0,0.5,700.0,900.0,900.0,1.3889999999999578,0.8390000000000006,0.33900000000000025,6155.0,0
1.739,15361.0,12281.0,9203.0,15353.5,12275.5,9198.5,8000.0,6000.0,5000.0,-22.16666666666606,-10.33333333333394,0.5,700.0,900.0,900.0,1.3899999999999577,0.8400000000000006,0.34000000000000025,6158.0,0
1.74,15369.0,12288.0,9208.0,15361.5,12281.5,9203.5,8000.0,7000.0,5000.0,-21.83333333333394,-9.66666666666606,0.5,700.0,900.0,900.0,1.3909999999999576,0.8410000000000006,0.34100000000000025,6161.0,0
1.741,15378.0,12295.0,9212.0,15369.5,12288.5,9208.5,9000.0,7000.0,4000.0,-21.5,-10.0,0.5,700.0,900.0,900.0,1.3919999999999575,0.8420000000000006,0.34200000000000025,6166.0,0
1.742,15386.0,12301.0,9217.0,15378.5,12295.5,9212.5,8000.0,6000.0,5000.0,-23.83333333333394,-11.66666666666606,0.5,700.0,900.0,900.0,1.3929999999999574,0.8430000000000006,0.34300000000000025,6169.0,0
1.743,15394.0,12308.0,9222.0,15386.5,12301.5,9217.5,8000.0,7000.0,5000.0,-23.5,-11.0,0.5,700.0,900.0,900.0,1.3939999999999573,0.8440000000000006,0.34400000000000025,6172.0,0
1.744,15402.0,12314.0,9227.0,15394.5,12308.5,9222.5,8000.0,6000.0,5000.0,-23.16666666666606,-11.33333333333394,0.5,700.0,900.0,900.0,1.3949999999999572,0.8450000000000006,0.34500000000000025,6175.0,0
1.745,15410.0,12321.0,9232.0,15402.5,12314.5,9227.5,8000.0,7000.0,5000.0,-22.83333333333394,-10.66666666666606,0.5,700.0,900.0,900.0,1.395999999999957,0.8460000000000006,0.34600000000000025,6178.0,0
1.746,15418.0,12328.0,9237.0,15410.5,12321.5,9232.5,8000.0,7000.0,5000.0,-22.5,-11.0,0.5,700.0,900.0,900.0,1.396999999999957,0.8470000000000006,0.34700000000000025,6181.0,0
1.747,15427.0,12334.0,9242.0,15418.5,12328.5,9237.5,9000.0,6000.0,5000.0,-22.16666666666606,-11.33333333333394,0.5,700.0,900.0,900.0,1.3979999999999568,0.8480000000000006,0.34800000000000025,6185.0,0
1.748,15435.0,12341.0,9247.0,15427.5,12334.5,9242.5,8000.0,7000.0,5000.0,-22.83333333333394,-10.66666666666606,0.5,700.0,900.0,900.0,1.3989999999999567,0.8490000000000006,0.34900000000000025,6188.0,0
1.749,15443.0,12347.0,9252.0,15435.5,12341.5,9247.5,8000.0,6000.0,5000.0,-22.5,-11.0,0.5,700.0,900.0,900.0,1.3999999999999566,0.8500000000000006,0.35000000000000026,6191.0,0
1.75,15451.0,12354.0,9257.0,15443.5,12347.5,9252.5,8000.0,7000.0,5000.0,-22.16666666666606,-10.33333333333394,0.5,700.0,900.0,900.0,1.4009999999999565,0.8510000000000006,0.35100000000000026,6194.0,0
1.7510000000000001,15460.0,12360.0,9262.0,15451.5,12354.5,9257.5,9000.0,6000.0,5000.0,-21.83333333333394,-10.66666666666606,0.5,700.0,900.0,900.0,1.4019999999999564,0.8520000000000006,0.35200000000000026,6198.0,0
1.752,15468.0,12367.0,9267.0,15460.5,12360.5,9262.5,8000.0,7000.0,5000.0,-22.5,-10.0,0.5,700.0,900.0,900.0,1.4029999999999563,0.8530000000000006,0.35300000000000026,6201.0,0
1.7530000000000001,15476.0,12373.0,9271.0,15468.5,12367.5,9267.5,8000.0,6000.0,4000.0,-22.16666666666606,-10.33333333333394,0.5,700.0,900.0,900.0,1.4039999999999562,0.8540000000000006,0.35400000000000026,6205.0,0
1.754,15484.0,12380.0,9276.0,15476.5,12373.5,9271.5,8000.0,7000.0,5000.0,-23.5,-11.0,0.5,700.0,900.0,900.0,1.404999999999956,0.8550000000000006,0.35500000000000026,6208.0,0
1.7550000000000001,15492.0,12387.0,9281.0,15484.5,12380.5,9276.5,8000.0,7000.0,5000.0,-23.16666666666606,-11.33333333333394,0.5,700.0,900.0,900.0,1.405999999999956,0.8560000000000006,0.35600000000000026,6211.0,0
1.756,15500.0,12393.0,9286.0,15492.5,12387.5,9281.5,8000.0,6000.0,5000.0,-22.83333333333394,-11.66666666666606,0.5,700.0,900.0,900.0,1.4069999999999558,0.8570000000000007,0.35700000000000026,6214.0,0
1.7570000000000001,15509.0,12400.0,9291.0,15500.5,12393.5,9286.5,9000.0,7000.0,5000.0,-22.5,-11.0,0.5,700.0,900.0,900.0,1.4079999999999557,0.8580000000000007,0.35800000000000026,6218.0,0
1.758,15517.0,12406.0,9296.0,15509.5,12400.5,9291.5,8000.0,6000.0,5000.0,-23.16666666666606,-11.33333333333394,0.5,700.0,900.0,900.0,1.4089999999999556,0.8590000000000007,0.35900000000000026,6221.0,0
1.7590000000000001,15525.0,12413.0,9301.0,15517.5,12406.5,9296.5,8000.0,7000.0,5000.0,-22.83333333333394,-10.66666666666606,0.5,700.0,900.0,900.0,1.4099999999999555,0.8600000000000007,0.36000000000000026,6224.0,0
1.76,15533.0,12419.0,9306.0,15525.5,12413.5,9301.5,8000.0,6000.0,5000.0,-22.5,-11.0,0.5,700.0,900.0,900.0,1.4109999999999554,0.8610000000000007,0.36100000000000027,6227.0,0
1.7610000000000001,15541.0,12426.0,9311.0,15533.5,12419.5,9306.5,8000.0,7000.0,5000.0,-22.16666666666606,-10.33333333333394,0.5,700.0,900.0,900.0,1.4119999999999553,0.8620000000000007,0.36200000000000027,6230.0,0
1.762,15550.0,12432.0,9316.0,15541.5,12426.5,9311.5,9000.0,6000.0,5000.0,-21.83333333333394,-10.66666666666606,0.5,700.0,900.0,900.0,1.4129999999999552,0.8630000000000007,0.36300000000000027,6234.0,0
1.7630000000000001,15558.0,12439.0,9321.0,15550.5,12432.5,9316.5,8000.0,7000.0,5000.0,-22.5,-10.0,0.5,700.0,900.0,900.0,1.413999999999955,0.8640000000000007,0.36400000000000027,6237.0,0
1.764,15566.0,12445.0,9326.0,15558.5,12439.5,9321.5,8000.0,6000.0,5000.0,-22.16666666666606,-10.33333333333394,0.5,700.0,900.0,900.0,1.414999999999955,0.8650000000000007,0.36500000000000027,6240.0,0
1.7650000000000001,15574.0,12452.0,9331.0,15566.5,12445.5,9326.5,8000.0,7000.0,5000.0,-21.83333333333394,-9.66666666666606,0.5,700.0,900.0,900.0,1.4159999999999549,0.8660000000000007,0.36600000000000027,6243.0,0
1.766,15583.0,12459.0,9335.0,15574.5,12452.5,9331.5,9000.0,7000.0,4000.0,-21.5,-10.0,0.5,700.0,900.0,900.0,1.4169999999999547,0.8670000000000007,0.36700000000000027,6248.0,0
1.7670000000000001,15591.0,12465.0,9340.0,15583.5,12459.5,9335.5,8000.0,6000.0,5000.0,-23.83333333333394,-11.66666666666606,0.5,700.0,900.0,900.0,1.4179999999999546,0.8680000000000007,0.36800000000000027,6251.0,0
1.768,15599.0,12472.0,9345.0,15591.5,12465.5,9340.5,8000.0,7000.0,5000.0,-23.5,-11.0,0.5,700.0,900.0,900.0,1.4189999999999545,0.8690000000000007,0.36900000000000027,6254.0,0
1.7690000000000001,15607.0,12478.0,9350.0,15599.5,12472.5,9345.5,8000.0,6000.0,5000.0,-23.16666666666606,-11.33333333333394,0.5,700.0,900.0,900.0,1.4199999999999544,0.8700000000000007,0.3700000000000003,6257.0,0
1.77,15615.0,12485.0,9355.0,15607.5,12478.5,9350.5,8000.0,7000.0,5000.0,-22.83333333333394,-10.66666666666606,0.5,700.0,900.0,900.0,1.4209999999999543,0.8710000000000007,0.3710000000000003,6260.0,0
1.7710000000000001,15623.0,12492.0,9360.0,15615.5,12485.5,9355.5,8000.0,7000.0,5000.0,-22.5,-11.0,0.5,700.0,900.0,900.0,1.4219999999999542,0.8720000000000007,0.3720000000000003,6263.0,0
1.772,15632.0,12498.0,9365.0,15623.5,12492.5,9360.5,9000.0,6000.0,5000.0,-22.16666666666606,-11.33333333333394,0.5,700.0,900.0,900.0,1.422999999999954,0.8730000000000007,0.3730000000000003,6267.0,0
1.7730000000000001,15640.0,12505.0,9370.0,15632.5,12498.5,9365.5,8000.0,7000.0,5000.0,-22.83333333333394,-10.66666666666606,0.5,700.0,900.0,900.0,1.423999999999954,0.8740000000000007,0.3740000000000003,6270.0,0
1.774,15648.0,12511.0,9375.0,15640.5,12505.5,9370.5,8000.0,6000.0,5000.0,-22.5,-11.0,0.5,700.0,900.0,900.0,1.4249999999999539,0.8750000000000007,0.3750000000000003,6273.0,0
1.7750000000000001,15656.0,12518.0,9380.0,15648.5,12511.5,9375.5,8000.0,7000.0,5000.0,-22.16666666666606,-10.33333333333394,0.5,700.0,900.0,900.0,1.4259999999999537,0.8760000000000007,0.3760000000000003,6276.0,0
1.776,15665.0,12524.0,9385.0,15656.5,12518.5,9380.5,9000.0,6000.0,5000.0,-21.83333333333394,-10.66666666666606,0.5,700.0,900.0,900.0,1.4269999999999536,0.8770000000000007,0.3770000000000003,6280.0,0
1.7770000000000001,15673.0,12531.0,9390.0,15665.5,12524.5,9385.5,8000.0,7000.0,5000.0,-22.5,-10.0,0.5,700.0,900.0,900.0,1.4279999999999535,0.8780000000000007,0.3780000000000003,6283.0,0
1.778,15681.0,12537.0,9394.0,15673.5,12531.5,9390.5,8000.0,6000.0,4000.0,-22.16666666666606,-10.33333333333394,0.5,700.0,900.0,900.0,1.4289999999999534,0.8790000000000007,0.3790000000000003,6287.0,0
1.7790000000000001,15689.0,12544.0,9399.0,15681.5,12537.5,9394.5,8000.0,7000.0,5000.0,-23.5,-11.0,0.5,700.0,900.0,900.0,1.4299999999999533,0.8800000000000007,0.3800000000000003,6290.0,0
1.78,15697.0,12550.0,9404.0,15689.5,12544.5,9399.5,8000.0,6000.0,5000.0,-23.16666666666606,-11.33333333333394,0.5,700.0,900.0,900.0,1.4309999999999532,0.8810000000000007,0.3810000000000003,6293.0,0
1.7810000000000001,15706.0,12557.0,9409.0,15697.5,12550.5,9404.5,9000.0,7000.0,5000.0,-22.83333333333394,-10.66666666666606,0.5,700.0,900.0,900.0,1.431999999999953,0.8820000000000007,0.3820000000000003,6297.0,0
1.782,15714.0,12564.0,9414.0,15706.5,12557.5,9409.5,8000.0,7000.0,5000.0,-23.5,-11.0,0.5,700.0,900.0,900.0,1.432999999999953,0.8830000000000007,0.3830000000000003,6300.0,0
1.7830000000000001,15722.0,12570.0,9419.0,15714.5,12564.5,9414.5,8000.0,6000.0,5000.0,-23.16666666666606,-11.33333333333394,0.5,700.0,900.0,900.0,1.4339999999999529,0.8840000000000007,0.3840000000000003,6303.0,0
1.784,15730.0,12577.0,9424.0,15722.5,12570.5,9419.5,8000.0,7000.0,5000.0,-22.83333333333394,-10.66666666666606,0.5,700.0,900.0,900.0,1.4349999999999528,0.8850000000000007,0.3850000000000003,6306.0,0
1.7850000000000001,15738.0,12583.0,9429.0,15730.5,12577.5,9424.5,8000.0,6000.0,5000.0,-22.5,-11.0,0.5,700.0,900.0,900.0,1.4359999999999526,0.8860000000000007,0.3860000000000003,6309.0,0
1.786,15746.0,12590.0,9434.0,15738.5,12583.5,9429.5,8000.0,7000.0,5000.0,-22.16666666666606,-10.33333333333394,0.5,700.0,900.0,900.0,1.4369999999999525,0.8870000000000007,0.3870000000000003,6312.0,0
1.7870000000000001,15755.0,12596.0,9439.0,15746.5,12590.5,9434.5,9000.0,6000.0,5000.0,-21.83333333333394,-10.66666666666606,0.5,700.0,900.0,900.0,1.4379999999999524,0.8880000000000007,0.3880000000000003,6316.0,0
1.788,15763.0,12603.0,9444.0,15755.5,12596.5,9439.5,8000.0,7000.0,5000.0,-22.5,-10.0,0.5,700.0,900.0,900.0,1.4389999999999523,0.8890000000000007,0.3890000000000003,6319.0,0
1.7890000000000001,15771.0,12609.0,9449.0,15763.5,12603.5,9444.5,8000.0,6000.0,5000.0,-22.16666666666606,-10.33333333333394,0.5,700.0,900.0,900.0,1.4399999999999522,0.8900000000000007,0.3900000000000003,6322.0,0
1.79,15779.0,12616.0,9454.0,15771.5,12609.5,9449.5,8000.0,7000.0,5000.0,-21.83333333333394,-9.66666666666606,0.5,700.0,900.0,900.0,1.440999999999952,0.8910000000000007,0.3910000000000003,6325.0,0
1.7910000000000001,15788.0,12623.0,9458.0,15779.5,12616.5,9454.5,9000.0,7000.0,4000.0,-21.5,-10.0,0.5,700.0,900.0,900.0,1.441999999999952,0.8920000000000007,0.3920000000000003,6330.0,0
1.792,15796.0,12629.0,9463.0,15788.5,12623.5,9458.5,8000.0,6000.0,5000.0,-23.83333333333394,-11.66666666666606,0.5,700.0,900.0,900.0,1.4429999999999519,0.8930000000000007,0.3930000000000003,6333.0,0
1.793,15804.0,12636.0,9468.0,15796.5,12629.5,9463.5,8000.0,7000.0,5000.0,-23.5,-11.0,0.5,700.0,900.0,900.0,1.4439999999999518,0.8940000000000007,0.3940000000000003,6336.0,0
1.794,15812.0,12642.0,9473.0,15804.5,12636.5,9468.5,8000.0,6000.0,5000.0,-23.16666666666606,-11.33333333333394,0.5,700.0,900.0,900.0,1.4449999999999517,0.8950000000000007,0.3950000000000003,6339.0,0
1.795,15820.0,12649.0,9478.0,15812.5,12642.5,9473.5,8000.0,7000.0,5000.0,-22.83333333333394,-10.66666666666606,0.5,700.0,900.0,900.0,1.4459999999999515,0.8960000000000007,0.3960000000000003,6342.0,0
1.796,15828.0,12656.0,9483.0,15820.5,12649.5,9478.5,8000.0,7000.0,5000.0,-22.5,-11.0,0.5,700.0,900.0,900.0,1.4469999999999514,0.8970000000000007,0.3970000000000003,6345.0,0
1.797,15837.0,12662.0,9488.0,15828.5,12656.5,9483.5,9000.0,6000.0,5000.0,-22.16666666666606,-11.33333333333394,0.5,700.0,900.0,900.0,1.4479999999999513,0.8980000000000007,0.3980000000000003,6349.0,0
1.798,15845.0,12669.0,9493.0,15837.5,12662.5,9488.5,8000.0,7000.0,5000.0,-22.83333333333394,-10.66666666666606,0.5,700.0,900.0,900.0,1.4489999999999512,0.8990000000000007,0.3990000000000003,6352.0,0
1.799,15853.0,12675.0,9498.0,15845.5,12669.5,9493.5,8000.0,6000.0,5000.0,-22.5,-11.0,0.5,700.0,900.0,900.0,1.449999999999951,0.9000000000000007,0.4000000000000003,6355.0,0
1.8,15862.0,12682.0,9503.0,15853.5,12675.5,9498.5,9000.0,7000.0,5000.0,-22.16666666666606,-10.33333333333394,0.5,0.0,900.0,900.0,0.0,0.9010000000000007,0.4010000000000003,6359.0,0
1.801,15871.0,12688.0,9508.0,15862.5,12682.5,9503.5,9000.0,6000.0,5000.0,-22.83333333333394,-10.66666666666606,0.5,0.0,900.0,900.0,0.0,0.9020000000000007,0.4020000000000003,6363.0,0
1.802,15880.0,12695.0,9513.0,15871.5,12688.5,9508.5,9000.0,7000.0,5000.0,-23.5,-10.0,0.5,0.0,900.0,900.0,0.0,0.9030000000000007,0.4030000000000003,6367.0,0
1.803,15889.0,12701.0,9517.0,15880.5,12695.5,9513.5,9000.0,6000.0,4000.0,-24.16666666666606,-10.33333333333394,0.5,0.0,900.0,900.0,0.0,0.9040000000000007,0.4040000000000003,6372.0,0
1.804,15897.0,12708.0,9522.0,15889.5,12701.5,9517.5,8000.0,7000.0,5000.0,-26.5,-11.0,0.5,0.0,900.0,900.0,0.0,0.9050000000000007,0.4050000000000003,6375.0,0
1.805,15906.0,12715.0,9527.0,15897.5,12708.5,9522.5,9000.0,7000.0,5000.0,-26.16666666666606,-11.33333333333394,0.5,0.0,900.0,900.0,0.0,0.9060000000000007,0.4060000000000003,6379.0,0
1.806,15915.0,12721.0,9532.0,15906.5,12715.5,9527.5,9000.0,6000.0,5000.0,-26.83333333333394,-11.66666666666606,0.5,0.0,900.0,900.0,0.0,0.9070000000000007,0.4070000000000003,6383.0,0
1.807,15924.0,12728.0,9537.0,15915.5,12721.5,9532.5,9000.0,7000.0,5000.0,-27.5,-11.0,0.5,0.0,900.0,900.0,0.0,0.9080000000000007,0.4080000000000003,6387.0,0
1.808,15932.0,12734.0,9542.0,15924.5,12728.5,9537.5,8000.0,6000.0,5000.0,-28.16666666666606,-11.33333333333394,0.5,0.0,900.0,900.0,0.0,0.9090000000000007,0.4090000000000003,6390.0,0
1.809,15941.0,12741.0,9547.0,15932.5,12734.5,9542.5,9000.0,7000.0,5000.0,-27.83333333333394,-10.66666666666606,0.5,0.0,900.0,900.0,0.0,0.9100000000000007,0.4100000000000003,6394.0,0
1.81,15950.0,12747.0,9552.0,15941.5,12741.5,9547.5,9000.0,6000.0,5000.0,-28.5,-11.0,0.5,0.0,900.0,900.0,0.0,0.9110000000000007,0.4110000000000003,6398.0,0
1.811,15958.0,12754.0,9557.0,15950.5,12747.5,9552.5,8000.0,7000.0,5000.0,-29.16666666666606,-10.33333333333394,0.5,0.0,900.0,900.0,0.0,0.9120000000000007,0.4120000000000003,6401.0,0
1.812,15967.0,12760.0,9562.0,15958.5,12754.5,9557.5,9000.0,6000.0,5000.0,-28.83333333333394,-10.66666666666606,0.5,0.0,900.0,900.0,0.0,0.9130000000000007,0.4130000000000003,6405.0,0
1.813,15975.0,12767.0,9567.0,15967.5,12760.5,9562.5,8000.0,7000.0,5000.0,-29.5,-10.0,0.5,0.0,900.0,900.0,0.0,0.9140000000000007,0.4140000000000003,6408.0,0
1.814,15984.0,12773.0,9572.0,15975.5,12767.5,9567.5,9000.0,6000.0,5000.0,-29.16666666666606,-10.33333333333394,0.5,0.0,900.0,900.0,0.0,0.9150000000000007,0.4150000000000003,6412.0,0
1.815,15993.0,12780.0,9577.0,15984.5,12773.5,9572.5,9000.0,7000.0,5000.0,-29.83333333333394,-9.66666666666606,0.5,0.0,900.0,900.0,0.0,0.9160000000000007,0.4160000000000003,6416.0,0
1.816,16001.0,12787.0,9581.0,15993.5,12780.5,9577.5,8000.0,7000.0,4000.0,-30.5,-10.0,0.5,0.0,900.0,900.0,0.0,0.9170000000000007,0.4170000000000003,6420.0,0
1.817,16010.0,12793.0,9586.0,16001.5,12787.5,9581.5,9000.0,6000.0,5000.0,-31.83333333333394,-11.66666666666606,0.5,0.0,900.0,900.0,0.0,0.9180000000000007,0.4180000000000003,6424.0,0
1.818,16018.0,12800.0,9591.0,16010.5,12793.5,9586.5,8000.0,7000.0,5000.0,-32.5,-11.0,0.5,0.0,900.0,900.0,0.0,0.9190000000000007,0.4190000000000003,6427.0,0
1.819,16027.0,12806.0,9596.0,16018.5,12800.5,9591.5,9000.0,6000.0,5000.0,-32.16666666666606,-11.33333333333394,0.5,0.0,900.0,900.0,0.0,0.9200000000000007,0.4200000000000003,6431.0,0
1.82,16035.0,12813.0,9601.0,16027.5,12806.5,9596.5,8000.0,7000.0,5000.0,-32.83333333333394,-10.66666666666606,0.5,0.0,900.0,900.0,0.0,0.9210000000000007,0.4210000000000003,6434.0,0
1.821,16044.0,12820.0,9606.0,16035.5,12813.5,9601.5,9000.0,7000.0,5000.0,-32.5,-11.0,0.5,0.0,900.0,900.0,0.0,0.9220000000000007,0.4220000000000003,6438.0,0
1.822,16052.0,12826.0,9611.0,16044.5,12820.5,9606.5,8000.0,6000.0,5000.0,-33.16666666666606,-11.33333333333394,0.5,0.0,900.0,900.0,0.0,0.9230000000000007,0.4230000000000003,6441.0,0
1.823,16061.0,12833.0,9616.0,16052.5,12826.5,9611.5,9000.0,7000.0,5000.0,-32.83333333333394,-10.66666666666606,0.5,0.0,900.0,900.0,0.0,0.9240000000000007,0.4240000000000003,6445.0,0
1.824,16069.0,12839.0,9621.0,16061.5,12833.5,9616.5,8000.0,6000.0,5000.0,-33.5,-11.0,0.5,0.0,900.0,900.0,0.0,0.9250000000000007,0.4250000000000003,6448.0,0
1.825,16078.0,12846.0,9626.0,16069.5,12839.5,9621.5,9000.0,7000.0,5000.0,-33.16666666666606,-10.33333333333394,0.5,0.0,900.0,900.0,0.0,0.9260000000000007,0.4260000000000003,6452.0,0
1.826,16086.0,12852.0,9631.0,16078.5,12846.5,9626.5,8000.0,6000.0,5000.0,-33.83333333333394,-10.66666666666606,0.5,0.0,900.0,900.0,0.0,0.9270000000000007,0.4270000000000003,6455.0,0
1.827,16095.0,12859.0,9636.0,16086.5,12852.5,9631.5,9000.0,7000.0,5000.0,-33.5,-10.0,0.5,0.0,900.0,900.0,0.0,0.9280000000000007,0.4280000000000003,6459.0,0
1.828,16103.0,12865.0,9640.0,16095.5,12859.5,9636.5,8000.0,6000.0,4000.0,-34.16666666666606,-10.33333333333394,0.5,0.0,900.0,900.0,0.0,0.9290000000000007,0.4290000000000003,6463.0,0
1.829,16112.0,12872.0,9645.0,16103.5,12865.5,9640.5,9000.0,7000.0,5000.0,-35.5,-11.0,0.5,0.0,900.0,900.0,0.0,0.9300000000000007,0.4300000000000003,6467.0,0
1.83,16120.0,12878.0,9650.0,16112.5,12872.5,9645.5,8000.0,6000.0,5000.0,-36.16666666666606,-11.33333333333394,0.5,0.0,900.0,900.0,0.0,0.9310000000000007,0.4310000000000003,6470.0,0
1.831,16128.0,12885.0,9655.0,16120.5,12878.5,9650.5,8000.0,7000.0,5000.0,-35.83333333333394,-10.66666666666606,0.5,0.0,900.0,900.0,0.0,0.9320000000000007,0.43200000000000033,6473.0,0
1.832,16137.0,12892.0,9660.0,16128.5,12885.5,9655.5,9000.0,7000.0,5000.0,-35.5,-11.0,0.5,0.0,900.0,900.0,0.0,0.9330000000000007,0.43300000000000033,6477.0,0
1.833,16145.0,12898.0,9665.0,16137.5,12892.5,9660.5,8000.0,6000.0,5000.0,-36.16666666666606,-11.33333333333394,0.5,0.0,900.0,900.0,0.0,0.9340000000000007,0.43400000000000033,6480.0,0
1.834,16153.0,12905.0,9670.0,16145.5,12898.5,9665.5,8000.0,7000.0,5000.0,-35.83333333333394,-10.66666666666606,0.5,0.0,900.0,900.0,0.0,0.9350000000000007,0.43500000000000033,6483.0,0
1.835,16162.0,12911.0,9675.0,16153.5,12905.5,9670.5,9000.0,6000.0,5000.0,-35.5,-11.0,0.5,0.0,900.0,900.0,0.0,0.9360000000000007,0.43600000000000033,6487.0,0
1.836,16170.0,12918.0,9680.0,16162.5,12911.5,9675.5,8000.0,7000.0,5000.0,-36.16666666666606,-10.33333333333394,0.5,0.0,900.0,900.0,0.0,0.9370000000000007,0.43700000000000033,6490.0,0
1.837,16179.0,12924.0,9685.0,16170.5,12918.5,9680.5,9000.0,6000.0,5000.0,-35.83333333333394,-10.66666666666606,0.5,0.0,900.0,900.0,0.0,0.9380000000000007,0.43800000000000033,6494.0,0
1.838,16187.0,12931.0,9690.0,16179.5,12924.5,9685.5,8000.0,7000.0,5000.0,-36.5,-10.0,0.5,0.0,900.0,900.0,0.0,0.9390000000000007,0.43900000000000033,6497.0,0
1.839,16195.0,12937.0,9695.0,16187.5,12931.5,9690.5,8000.0,6000.0,5000.0,-36.16666666666606,-10.33333333333394,0.5,0.0,900.0,900.0,0.0,0.9400000000000007,0.44000000000000034,6500.0,0
1.84,16204.0,12944.0,9700.0,16195.5,12937.5,9695.5,9000.0,7000.0,5000.0,-35.83333333333394,-9.66666666666606,0.5,0.0,900.0,900.0,0.0,0.9410000000000007,0.44100000000000034,6504.0,0
1.841,16212.0,12951.0,9704.0,16204.5,12944.5,9700.5,8000.0,7000.0,4000.0,-36.5,-10.0,0.5,0.0,900.0,900.0,0.0,0.9420000000000007,0.44200000000000034,6508.0,0
1.842,16220.0,12957.0,9709.0,16212.5,12951.5,9704.5,8000.0,6000.0,5000.0,-37.83333333333394,-11.66666666666606,0.5,0.0,900.0,900.0,0.0,0.9430000000000007,0.44300000000000034,6511.0,0
1.843,16229.0,12964.0,9714.0,16220.5,12957.5,9709.5,9000.0,7000.0,5000.0,-37.5,-11.0,0.5,0.0,900.0,900.0,0.0,0.9440000000000007,0.44400000000000034,6515.0,0
1.844,16237.0,12970.0,9719.0,16229.5,12964.5,9714.5,8000.0,6000.0,5000.0,-38.16666666666606,-11.33333333333394,0.5,0.0,900.0,900.0,0.0,0.9450000000000007,0.44500000000000034,6518.0,0
1.845,16245.0,12977.0,9724.0,16237.5,12970.5,9719.5,8000.0,7000.0,5000.0,-37.83333333333394,-10.66666666666606,0.5,0.0,900.0,900.0,0.0,0.9460000000000007,0.44600000000000034,6521.0,0
1.846,16253.0,12984.0,9729.0,16245.5,12977.5,9724.5,8000.0,7000.0,5000.0,-37.5,-11.0,0.5,0.0,900.0,900.0,0.0,0.9470000000000007,0.44700000000000034,6524.0,0
1.847,16262.0,12990.0,9734.0,16253.5,12984.5,9729.5,9000.0,6000.0,5000.0,-37.16666666666606,-11.33333333333394,0.5,0.0,900.0,900.0,0.0,0.9480000000000007,0.44800000000000034,6528.0,0
1.848,16270.0,12997.0,9739.0,16262.5,12990.5,9734.5,8000.0,7000.0,5000.0,-37.83333333333394,-10.66666666666606,0.5,0.0,900.0,900.0,0.0,0.9490000000000007,0.44900000000000034,6531.0,0
1.849,16278.0,13003.0,9744.0,16270.5,12997.5,9739.5,8000.0,6000.0,5000.0,-37.5,-11.0,0.5,0.0,900.0,900.0,0.0,0.9500000000000007,0.45000000000000034,6534.0,0
1.85,16287.0,13010.0,9749.0,16278.5,13003.5,9744.5,9000.0,7000.0,5000.0,-37.16666666666606,-10.33333333333394,0.5,0.0,900.0,900.0,0.0,0.9510000000000007,0.45100000000000035,6538.0,0
1.851,16295.0,13016.0,9754.0,16287.5,13010.5,9749.5,8000.0,6000.0,5000.0,-37.83333333333394,-10.66666666666606,0.5,0.0,900.0,900.0,0.0,0.9520000000000007,0.45200000000000035,6541.0,0
1.852,16303.0,13023.0,9759.0,16295.5,13016.5,9754.5,8000.0,7000.0,5000.0,-37.5,-10.0,0.5,0.0,900.0,900.0,0.0,0.9530000000000007,0.45300000000000035,6544.0,0
1.853,16312.0,13029.0,9763.0,16303.5,13023.5,9759.5,9000.0,6000.0,4000.0,-37.16666666666606,-10.33333333333394,0.5,0.0,900.0,900.0,0.0,0.9540000000000007,0.45400000000000035,6549.0,0
1.854,16320.0,13036.0,9768.0,16312.5,13029.5,9763.5,8000.0,7000.0,5000.0,-39.5,-11.0,0.5,0.0,900.0,900.0,0.0,0.9550000000000007,0.45500000000000035,6552.0,0
1.855,16328.0,13043.0,9773.0,16320.5,13036.5,9768.5,8000.0,7000.0,5000.0,-39.16666666666606,-11.33333333333394,0.5,0.0,900.0,900.0,0.0,0.9560000000000007,0.45600000000000035,6555.0,0
1.856,16336.0,13049.0,9778.0,16328.5,13043.5,9773.5,8000.0,6000.0,5000.0,-38.83333333333394,-11.66666666666606,0.5,0.0,900.0,900.0,0.0,0.9570000000000007,0.45700000000000035,6558.0,0
1.857,16345.0,13056.0,9783.0,16336.5,13049.5,9778.5,9000.0,7000.0,5000.0,-38.5,-11.0,0.5,0.0,900.0,900.0,0.0,0.9580000000000007,0.45800000000000035,6562.0,0
1.858,16353.0,13062.0,9788.0,16345.5,13056.5,9783.5,8000.0,6000.0,5000.0,-39.16666666666606,-11.33333333333394,0.5,0.0,900.0,900.0,0.0,0.9590000000000007,0.45900000000000035,6565.0,0
1.859,16361.0,13069.0,9793.0,16353.5,13062.5,9788.5,8000.0,7000.0,5000.0,-38.83333333333394,-10.66666666666606,0.5,0.0,900.0,900.0,0.0,0.9600000000000007,0.46000000000000035,6568.0,0
1.86,16369.0,13075.0,9798.0,16361.5,13069.5,9793.5,8000.0,6000.0,5000.0,-38.5,-11.0,0.5,0.0,900.0,900.0,0.0,0.9610000000000007,0.46100000000000035,6571.0,0
1.861,16378.0,13082.0,9803.0,16369.5,13075.5,9798.5,9000.0,7000.0,5000.0,-38.16666666666606,-10.33333333333394,0.5,0.0,900.0,900.0,0.0,0.9620000000000007,0.46200000000000035,6575.0,0
1.862,16386.0,13088.0,9808.0,16378.5,13082.5,9803.5,8000.0,6000.0,5000.0,-38.83333333333394,-10.66666666666606,0.5,0.0,900.0,900.0,0.0,0.9630000000000007,0.46300000000000036,6578.0,0
1.863,16394.0,13095.0,9813.0,16386.5,13088.5,9808.5,8000.0,7000.0,5000.0,-38.5,-10.0,0.5,0.0,900.0,900.0,0.0,0.9640000000000007,0.46400000000000036,6581.0,0
1.864,16402.0,13101.0,9818.0,16394.5,13095.5,9813.5,8000.0,6000.0,5000.0,-38.16666666666606,-10.33333333333394,0.5,0.0,900.0,900.0,0.0,0.9650000000000007,0.46500000000000036,6584.0,0
1.865,16411.0,13108.0,9823.0,16402.5,13101.5,9818.5,9000.0,7000.0,5000.0,-37.83333333333394,-9.66666666666606,0.5,0.0,900.0,900.0,0.0,0.9660000000000007,0.46600000000000036,6588.0,0
1.866,16419.0,13115.0,9827.0,16411.5,13108.5,9823.5,8000.0,7000.0,4000.0,-38.5,-10.0,0.5,0.0,900.0,900.0,0.0,0.9670000000000007,0.46700000000000036,6592.0,0
1.867,16427.0,13121.0,9832.0,16419.5,13115.5,9827.5,8000.0,6000.0,5000.0,-39.83333333333394,-11.66666666666606,0.5,0.0,900.0,900.0,0.0,0.9680000000000007,0.46800000000000036,6595.0,0
1.868,16435.0,13128.0,9837.0,16427.5,13121.5,9832.5,8000.0,7000.0,5000.0,-39.5,-11.0,0.5,0.0,900.0,900.0,0.0,0.9690000000000007,0.46900000000000036,6598.0,0
1.869,16444.0,13134.0,9842.0,16435.5,13128.5,9837.5,9000.0,6000.0,5000.0,-39.16666666666788,-11.33333333333394,0.5,0.0,900.0,900.0,0.0,0.9700000000000008,0.47000000000000036,6602.0,0
1.87,16452.0,13141.0,9847.0,16444.5,13134.5,9842.5,8000.0,7000.0,5000.0,-39.83333333333212,-10.66666666666606,0.5,0.0,900.0,900.0,0.0,0.9710000000000008,0.47100000000000036,6605.0,0
1.871,16460.0,13148.0,9852.0,16452.5,13141.5,9847.5,8000.0,7000.0,5000.0,-39.5,-11.0,0.5,0.0,900.0,900.0,0.0,0.9720000000000008,0.47200000000000036,6608.0,0
1.872,16468.0,13154.0,9857.0,16460.5,13148.5,9852.5,8000.0,6000.0,5000.0,-39.16666666666788,-11.33333333333394,0.5,0.0,900.0,900.0,0.0,0.9730000000000008,0.47300000000000036,6611.0,0
1.873,16477.0,13161.0,9862.0,16468.5,13154.5,9857.5,9000.0,7000.0,5000.0,-38.83333333333212,-10.66666666666606,0.5,0.0,900.0,900.0,0.0,0.9740000000000008,0.47400000000000037,6615.0,0
1.874,16485.0,13167.0,9867.0,16477.5,13161.5,9862.5,8000.0,6000.0,5000.0,-39.5,-11.0,0.5,0.0,900.0,900.0,0.0,0.9750000000000008,0.47500000000000037,6618.0,0
1.875,16493.0,13174.0,9872.0,16485.5,13167.5,9867.5,8000.0,7000.0,5000.0,-39.16666666666788,-10.33333333333394,0.5,0.0,900.0,900.0,0.0,0.9760000000000008,0.47600000000000037,6621.0,0
1.8760000000000001,16501.0,13180.0,9877.0,16493.5,13174.5,9872.5,8000.0,6000.0,5000.0,-38.83333333333212,-10.66666666666606,0.5,0.0,900.0,900.0,0.0,0.9770000000000008,0.47700000000000037,6624.0,0
1.877,16510.0,13187.0,9882.0,16501.5,13180.5,9877.5,9000.0,7000.0,5000.0,-38.5,-10.0,0.5,0.0,900.0,900.0,0.0,0.9780000000000008,0.47800000000000037,6628.0,0
1.8780000000000001,16518.0,13193.0,9886.0,16510.5,13187.5,9882.5,8000.0,6000.0,4000.0,-39.16666666666788,-10.33333333333394,0.5,0.0,900.0,900.0,0.0,0.9790000000000008,0.47900000000000037,6632.0,0
1.879,16526.0,13200.0,9891.0,16518.5,13193.5,9886.5,8000.0,7000.0,5000.0,-40.5,-11.0,0.5,0.0,900.0,900.0,0.0,0.9800000000000008,0.48000000000000037,6635.0,0
1.8800000000000001,16534.0,13206.0,9896.0,16526.5,13200.5,9891.5,8000.0,6000.0,5000.0,-40.16666666666788,-11.33333333333394,0.5,0.0,900.0,900.0,0.0,0.9810000000000008,0.48100000000000037,6638.0,0
1.881,16542.0,13213.0,9901.0,16534.5,13206.5,9896.5,8000.0,7000.0,5000.0,-39.83333333333212,-10.66666666666606,0.5,0.0,900.0,900.0,0.0,0.9820000000000008,0.4820000000000004,6641.0,0
1.8820000000000001,16551.0,13220.0,9906.0,16542.5,13213.5,9901.5,9000.0,7000.0,5000.0,-39.5,-11.0,0.5,0.0,900.0,900.0,0.0,0.9830000000000008,0.4830000000000004,6645.0,0
1.883,16559.0,13226.0,9911.0,16551.5,13220.5,9906.5,8000.0,6000.0,5000.0,-40.16666666666788,-11.33333333333394,0.5,0.0,900.0,900.0,0.0,0.9840000000000008,0.4840000000000004,6648.0,0
1.8840000000000001,16567.0,13233.0,9916.0,16559.5,13226.5,9911.5,8000.0,7000.0,5000.0,-39.83333333333212,-10.66666666666606,0.5,0.0,900.0,900.0,0.0,0.9850000000000008,0.4850000000000004,6651.0,0
1.885,16575.0,13239.0,9921.0,16567.5,13233.5,9916.5,8000.0,6000.0,5000.0,-39.5,-11.0,0.5,0.0,900.0,900.0,0.0,0.9860000000000008,0.4860000000000004,6654.0,0
1.8860000000000001,16584.0,13246.0,9926.0,16575.5,13239.5,9921.5,9000.0,7000.0,5000.0,-39.16666666666788,-10.33333333333394,0.5,0.0,900.0,900.0,0.0,0.9870000000000008,0.4870000000000004,6658.0,0
1.887,16592.0,13252.0,9931.0,16584.5,13246.5,9926.5,8000.0,6000.0,5000.0,-39.83333333333212,-10.66666666666606,0.5,0.0,900.0,900.0,0.0,0.9880000000000008,0.4880000000000004,6661.0,0
1.8880000000000001,16600.0,13259.0,9936.0,16592.5,13252.5,9931.5,8000.0,7000.0,5000.0,-39.5,-10.0,0.5,0.0,900.0,900.0,0.0,0.9890000000000008,0.4890000000000004,6664.0,0
1.889,16608.0,13265.0,9941.0,16600.5,13259.5,9936.5,8000.0,6000.0,5000.0,-39.16666666666788,-10.33333333333394,0.5,0.0,900.0,900.0,0.0,0.9900000000000008,0.4900000000000004,6667.0,0
1.8900000000000001,16616.0,13272.0,9946.0,16608.5,13265.5,9941.5,8000.0,7000.0,5000.0,-38.83333333333212,-9.66666666666606,0.5,0.0,900.0,900.0,0.0,0.9910000000000008,0.4910000000000004,6670.0,0
1.891,16625.0,13279.0,9950.0,16616.5,13272.5,9946.5,9000.0,7000.0,4000.0,-38.5,-10.0,0.5,0.0,900.0,900.0,0.0,0.9920000000000008,0.4920000000000004,6675.0,0
1.8920000000000001,16633.0,13285.0,9955.0,16625.5,13279.5,9950.5,8000.0,6000.0,5000.0,-40.83333333333212,-11.66666666666606,0.5,0.0,900.0,900.0,0.0,0.9930000000000008,0.4930000000000004,6678.0,0
1.893,16641.0,13292.0,9960.0,16633.5,13285.5,9955.5,8000.0,7000.0,5000.0,-40.5,-11.0,0.5,0.0,900.0,900.0,0.0,0.9940000000000008,0.4940000000000004,6681.0,0
1.8940000000000001,16649.0,13298.0,9965.0,16641.5,13292.5,9960.5,8000.0,6000.0,5000.0,-40.16666666666788,-11.33333333333394,0.5,0.0,900.0,900.0,0.0,0.9950000000000008,0.4950000000000004,6684.0,0
1.895,16658.0,13305.0,9970.0,16649.5,13298.5,9965.5,9000.0,7000.0,5000.0,-39.83333333333212,-10.66666666666606,0.5,0.0,900.0,900.0,0.0,0.9960000000000008,0.4960000000000004,6688.0,0
1.8960000000000001,16666.0,13312.0,9975.0,16658.5,13305.5,9970.5,8000.0,7000.0,5000.0,-40.5,-11.0,0.5,0.0,900.0,900.0,0.0,0.9970000000000008,0.4970000000000004,6691.0,0
1.897,16674.0,13318.0,9980.0,16666.5,13312.5,9975.5,8000.0,6000.0,5000.0,-40.16666666666788,-11.33333333333394,0.5,0.0,900.0,900.0,0.0,0.9980000000000008,0.4980000000000004,6694.0,0
1.8980000000000001,16682.0,13325.0,9985.0,16674.5,13318.5,9980.5,8000.0,7000.0,5000.0,-39.83333333333212,-10.66666666666606,0.5,0.0,900.0,900.0,0.0,0.9990000000000008,0.4990000000000004,6697.0,0
1.899,16690.0,13331.0,9990.0,16682.5,13325.5,9985.5,8000.0,6000.0,5000.0,-39.5,-11.0,0.5,0.0,900.0,900.0,0.0,1.0000000000000007,0.5000000000000003,6700.0,0
1.9000000000000001,16699.0,13338.0,9995.0,16690.5,13331.5,9990.5,9000.0,7000.0,5000.0,-39.16666666666788,-10.33333333333394,0.5,0.0,900.0,900.0,0.0,1.0010000000000006,0.5010000000000003,6704.0,0
1.901,16707.0,13344.0,10000.0,16699.5,13338.5,9995.5,8000.0,6000.0,5000.0,-39.83333333333212,-10.66666666666606,0.5,0.0,900.0,900.0,0.0,1.0020000000000004,0.5020000000000003,6707.0,0
1.9020000000000001,16715.0,13351.0,10005.0,16707.5,13344.5,10000.5,8000.0,7000.0,5000.0,-39.5,-10.0,0.5,0.0,900.0,900.0,0.0,1.0030000000000003,0.5030000000000003,6710.0,0
1.903,16723.0,13357.0,10009.0,16715.5,13351.5,10005.5,8000.0,6000.0,4000.0,-39.16666666666788,-10.33333333333394,0.5,0.0,900.0,900.0,0.0,1.0040000000000002,0.5040000000000003,6714.0,0
1.9040000000000001,16731.0,13364.0,10014.0,16723.5,13357.5,10009.5,8000.0,7000.0,5000.0,-40.5,-11.0,0.5,0.0,900.0,900.0,0.0,1.0050000000000001,0.5050000000000003,6717.0,0
1.905,16740.0,13371.0,10019.0,16731.5,13364.5,10014.5,9000.0,7000.0,5000.0,-40.16666666666788,-11.33333333333394,0.5,0.0,900.0,900.0,0.0,1.006,0.5060000000000003,6721.0,0
1.9060000000000001,16748.0,13377.0,10024.0,16740.5,13371.5,10019.5,8000.0,6000.0,5000.0,-40.83333333333212,-11.66666666666606,0.5,0.0,900.0,900.0,0.0,1.007,0.5070000000000003,6724.0,0
1.907,16756.0,13384.0,10029.0,16748.5,13377.5,10024.5,8000.0,7000.0,5000.0,-40.5,-11.0,0.5,0.0,900.0,900.0,0.0,1.0079999999999998,0.5080000000000003,6727.0,0
1.9080000000000001,16764.0,13390.0,10034.0,16756.5,13384.5,10029.5,8000.0,6000.0,5000.0,-40.16666666666788,-11.33333333333394,0.5,0.0,900.0,900.0,0.0,1.0089999999999997,0.5090000000000003,6730.0,0
1.909,16772.0,13397.0,10039.0,16764.5,13390.5,10034.5,8000.0,7000.0,5000.0,-39.83333333333212,-10.66666666666606,0.5,0.0,900.0,900.0,0.0,1.0099999999999996,0.5100000000000003,6733.0,0
1.9100000000000001,16781.0,13403.0,10044.0,16772.5,13397.5,10039.5,9000.0,6000.0,5000.0,-39.5,-11.0,0.5,0.0,900.0,900.0,0.0,1.0109999999999995,0.5110000000000003,6737.0,0
1.911,16789.0,13410.0,10049.0,16781.5,13403.5,10044.5,8000.0,7000.0,5000.0,-40.16666666666788,-10.33333333333394,0.5,0.0,900.0,900.0,0.0,1.0119999999999993,0.5120000000000003,6740.0,0
1.9120000000000001,16797.0,13416.0,10054.0,16789.5,13410.5,10049.5,8000.0,6000.0,5000.0,-39.83333333333212,-10.66666666666606,0.5,0.0,900.0,900.0,0.0,1.0129999999999992,0.5130000000000003,6743.0,0
1.913,16805.0,13423.0,10059.0,16797.5,13416.5,10054.5,8000.0,7000.0,5000.0,-39.5,-10.0,0.5,0.0,900.0,900.0,0.0,1.0139999999999991,0.5140000000000003,6746.0,0
1.9140000000000001,16814.0,13429.0,10064.0,16805.5,13423.5,10059.5,9000.0,6000.0,5000.0,-39.16666666666788,-10.33333333333394,0.5,0.0,900.0,900.0,0.0,1.014999999999999,0.5150000000000003,6750.0,0
1.915,16822.0,13436.0,10069.0,16814.5,13429.5,10064.5,8000.0,7000.0,5000.0,-39.83333333333212,-9.66666666666606,0.5,0.0,900.0,900.0,0.0,1.015999999999999,0.5160000000000003,6753.0,0
1.9160000000000001,16830.0,13443.0,10073.0,16822.5,13436.5,10069.5,8000.0,7000.0,4000.0,-39.5,-10.0,0.5,0.0,900.0,900.0,0.0,1.0169999999999988,0.5170000000000003,6757.0,0
1.917,16838.0,13449.0,10078.0,16830.5,13443.5,10073.5,8000.0,6000.0,5000.0,-40.83333333333212,-11.66666666666606,0.5,0.0,900.0,900.0,0.0,1.0179999999999987,0.5180000000000003,6760.0,0
1.9180000000000001,16846.0,13456.0,10083.0,16838.5,13449.5,10078.5,8000.0,7000.0,5000.0,-40.5,-11.0,0.5,0.0,900.0,900.0,0.0,1.0189999999999986,0.5190000000000003,6763.0,0
1.919,16855.0,13462.0,10088.0,16846.5,13456.5,10083.5,9000.0,6000.0,5000.0,-40.16666666666788,-11.33333333333394,0.5,0.0,900.0,900.0,0.0,1.0199999999999985,0.5200000000000004,6767.0,0
1.92,16863.0,13469.0,10093.0,16855.5,13462.5,10088.5,8000.0,7000.0,5000.0,-40.83333333333212,-10.66666666666606,0.5,0.0,900.0,900.0,0.0,1.0209999999999984,0.5210000000000004,6770.0,0
1.921,16871.0,13476.0,10098.0,16863.5,13469.5,10093.5,8000.0,7000.0,5000.0,-40.5,-11.0,0.5,0.0,900.0,900.0,0.0,1.0219999999999982,0.5220000000000004,6773.0,0
1.922,16879.0,13482.0,10103.0,16871.5,13476.5,10098.5,8000.0,6000.0,5000.0,-40.16666666666788,-11.33333333333394,0.5,0.0,900.0,900.0,0.0,1.0229999999999981,0.5230000000000004,6776.0,0
1.923,16887.0,13489.0,10108.0,16879.5,13482.5,10103.5,8000.0,7000.0,5000.0,-39.83333333333212,-10.66666666666606,0.5,0.0,900.0,900.0,0.0,1.023999999999998,0.5240000000000004,6779.0,0
1.924,16896.0,13495.0,10113.0,16887.5,13489.5,10108.5,9000.0,6000.0,5000.0,-39.5,-11.0,0.5,0.0,900.0,900.0,0.0,1.024999999999998,0.5250000000000004,6783.0,0
1.925,16904.0,13502.0,10118.0,16896.5,13495.5,10113.5,8000.0,7000.0,5000.0,-40.16666666666788,-10.33333333333394,0.5,0.0,900.0,900.0,0.0,1.0259999999999978,0.5260000000000004,6786.0,0
1.926,16912.0,13508.0,10123.0,16904.5,13502.5,10118.5,8000.0,6000.0,5000.0,-39.83333333333212,-10.66666666666606,0.5,0.0,900.0,900.0,0.0,1.0269999999999977,0.5270000000000004,6789.0,0
1.927,16920.0,13515.0,10128.0,16912.5,13508.5,10123.5,8000.0,7000.0,5000.0,-39.5,-10.0,0.5,0.0,900.0,900.0,0.0,1.0279999999999976,0.5280000000000004,6792.0,0
1.928,16928.0,13521.0,10132.0,16920.5,13515.5,10128.5,8000.0,6000.0,4000.0,-39.16666666666788,-10.33333333333394,0.5,0.0,900.0,900.0,0.0,1.0289999999999975,0.5290000000000004,6796.0,0
1.929,16937.0,13528.0,10137.0,16928.5,13521.5,10132.5,9000.0,7000.0,5000.0,-40.5,-11.0,0.5,0.0,900.0,900.0,0.0,1.0299999999999974,0.5300000000000004,6800.0,0
1.93,16945.0,13534.0,10142.0,16937.5,13528.5,10137.5,8000.0,6000.0,5000.0,-41.16666666666788,-11.33333333333394,0.5,0.0,900.0,900.0,0.0,1.0309999999999973,0.5310000000000004,6803.0,0
1.931,16953.0,13541.0,10147.0,16945.5,13534.5,10142.5,8000.0,7000.0,5000.0,-40.83333333333212,-10.66666666666606,0.5,0.0,900.0,900.0,0.0,1.0319999999999971,0.5320000000000004,6806.0,0
1.932,16961.0,13548.0,10152.0,16953.5,13541.5,10147.5,8000.0,7000.0,5000.0,-40.5,-11.0,0.5,0.0,900.0,900.0,0.0,1.032999999999997,0.5330000000000004,6809.0,0
1.933,16969.0,13554.0,10157.0,16961.5,13548.5,10152.5,8000.0,6000.0,5000.0,-40.16666666666788,-11.33333333333394,0.5,0.0,900.0,900.0,0.0,1.033999999999997,0.5340000000000004,6812.0,0
1.934,16978.0,13561.0,10162.0,16969.5,13554.5,10157.5,9000.0,7000.0,5000.0,-39.83333333333212,-10.66666666666606,0.5,0.0,900.0,900.0,0.0,1.0349999999999968,0.5350000000000004,6816.0,0
1.935,16986.0,13567.0,10167.0,16978.5,13561.5,10162.5,8000.0,6000.0,5000.0,-40.5,-11.0,0.5,0.0,900.0,900.0,0.0,1.0359999999999967,0.5360000000000004,6819.0,0
1.936,16994.0,13574.0,10172.0,16986.5,13567.5,10167.5,8000.0,7000.0,5000.0,-40.16666666666788,-10.33333333333394,0.5,0.0,900.0,900.0,0.0,1.0369999999999966,0.5370000000000004,6822.0,0
1.937,17002.0,13580.0,10177.0,16994.5,13574.5,10172.5,8000.0,6000.0,5000.0,-39.83333333333212,-10.66666666666606,0.5,0.0,900.0,900.0,0.0,1.0379999999999965,0.5380000000000004,6825.0,0
1.938,17010.0,13587.0,10182.0,17002.5,13580.5,10177.5,8000.0,7000.0,5000.0,-39.5,-10.0,0.5,0.0,900.0,900.0,0.0,1.0389999999999964,0.5390000000000004,6828.0,0
1.939,17019.0,13593.0,10187.0,17010.5,13587.5,10182.5,9000.0,6000.0,5000.0,-39.16666666666788,-10.33333333333394,0.5,0.0,900.0,900.0,0.0,1.0399999999999963,0.5400000000000004,6832.0,0
1.94,17027.0,13600.0,10192.0,17019.5,13593.5,10187.5,8000.0,7000.0,5000.0,-39.83333333333212,-9.66666666666606,0.5,0.0,900.0,900.0,0.0,1.0409999999999962,0.5410000000000004,6835.0,0
1.941,17035.0,13607.0,10196.0,17027.5,13600.5,10192.5,8000.0,7000.0,4000.0,-39.5,-10.0,0.5,0.0,900.0,900.0,0.0,1.041999999999996,0.5420000000000004,6839.0,0
1.942,17043.0,13613.0,10201.0,17035.5,13607.5,10196.5,8000.0,6000.0,5000.0,-40.83333333333212,-11.66666666666606,0.5,0.0,900.0,900.0,0.0,1.042999999999996,0.5430000000000004,6842.0,0
1.943,17051.0,13620.0,10206.0,17043.5,13613.5,10201.5,8000.0,7000.0,5000.0,-40.5,-11.0,0.5,0.0,900.0,900.0,0.0,1.0439999999999958,0.5440000000000004,6845.0,0
1.944,17060.0,13626.0,10211.0,17051.5,13620.5,10206.5,9000.0,6000.0,5000.0,-40.16666666666788,-11.33333333333394,0.5,0.0,900.0,900.0,0.0,1.0449999999999957,0.5450000000000004,6849.0,0
1.945,17068.0,13633.0,10216.0,17060.5,13626.5,10211.5,8000.0,7000.0,5000.0,-40.83333333333212,-10.66666666666606,0.5,0.0,900.0,900.0,0.0,1.0459999999999956,0.5460000000000004,6852.0,0
1.946,17076.0,13640.0,10221.0,17068.5,13633.5,10216.5,8000.0,7000.0,5000.0,-40.5,-11.0,0.5,0.0,900.0,900.0,0.0,1.0469999999999955,0.5470000000000004,6855.0,0
1.947,17084.0,13646.0,10226.0,17076.5,13640.5,10221.5,8000.0,6000.0,5000.0,-40.16666666666788,-11.33333333333394,0.5,0.0,900.0,900.0,0.0,1.0479999999999954,0.5480000000000004,6858.0,0
1.948,17092.0,13653.0,10231.0,17084.5,13646.5,10226.5,8000.0,7000.0,5000.0,-39.83333333333212,-10.66666666666606,0.5,0.0,900.0,900.0,0.0,1.0489999999999953,0.5490000000000004,6861.0,0
1.949,17101.0,13659.0,10236.0,17092.5,13653.5,10231.5,9000.0,6000.0,5000.0,-39.5,-11.0,0.5,0.0,900.0,900.0,0.0,1.0499999999999952,0.5500000000000004,6865.0,0
1.95,17109.0,13666.0,10241.0,17101.5,13659.5,10236.5,8000.0,7000.0,5000.0,-40.16666666666788,-10.33333333333394,0.5,0.0,900.0,900.0,0.0,1.050999999999995,0.5510000000000004,6868.0,0
1.951,17117.0,13672.0,10246.0,17109.5,13666.5,10241.5,8000.0,6000.0,5000.0,-39.83333333333212,-10.66666666666606,0.5,0.0,900.0,900.0,0.0,1.051999999999995,0.5520000000000004,6871.0,0
1.952,17125.0,13679.0,10251.0,17117.5,13672.5,10246.5,8000.0,7000.0,5000.0,-39.5,-10.0,0.5,0.0,900.0,900.0,0.0,1.0529999999999948,0.5530000000000004,6874.0,0
1.953,17134.0,13685.0,10255.0,17125.5,13679.5,10251.5,9000.0,6000.0,4000.0,-39.16666666666788,-10.33333333333394,0.5,0.0,900.0,900.0,0.0,1.0539999999999947,0.5540000000000004,6879.0,0
1.954,17142.0,13692.0,10260.0,17134.5,13685.5,10255.5,8000.0,7000.0,5000.0,-41.5,-11.0,0.5,0.0,900.0,900.0,0.0,1.0549999999999946,0.5550000000000004,6882.0,0
1.955,17150.0,13699.0,10265.0,17142.5,13692.5,10260.5,8000.0,7000.0,5000.0,-41.16666666666788,-11.33333333333394,0.5,0.0,900.0,900.0,0.0,1.0559999999999945,0.5560000000000004,6885.0,0
1.956,17158.0,13705.0,10270.0,17150.5,13699.5,10265.5,8000.0,6000.0,5000.0,-40.83333333333212,-11.66666666666606,0.5,0.0,900.0,900.0,0.0,1.0569999999999944,0.5570000000000004,6888.0,0
1.957,17166.0,13712.0,10275.0,17158.5,13705.5,10270.5,8000.0,7000.0,5000.0,-40.5,-11.0,0.5,0.0,900.0,900.0,0.0,1.0579999999999943,0.5580000000000004,6891.0,0
1.958,17174.0,13718.0,10280.0,17166.5,13712.5,10275.5,8000.0,6000.0,5000.0,-40.16666666666788,-11.33333333333394,0.5,0.0,900.0,900.0,0.0,1.0589999999999942,0.5590000000000004,6894.0,0
1.959,17183.0,13725.0,10285.0,17174.5,13718.5,10280.5,9000.0,7000.0,5000.0,-39.83333333333212,-10.66666666666606,0.5,0.0,900.0,900.0,0.0,1.059999999999994,0.5600000000000004,6898.0,0
1.96,17191.0,13731.0,10290.0,17183.5,13725.5,10285.5,8000.0,6000.0,5000.0,-40.5,-11.0,0.5,0.0,900.0,900.0,0.0,1.060999999999994,0.5610000000000004,6901.0,0
1.961,17199.0,13738.0,10295.0,17191.5,13731.5,10290.5,8000.0,7000.0,5000.0,-40.16666666666788,-10.33333333333394,0.5,0.0,900.0,900.0,0.0,1.0619999999999938,0.5620000000000004,6904.0,0
1.962,17207.0,13744.0,10300.0,17199.5,13738.5,10295.5,8000.0,6000.0,5000.0,-39.83333333333212,-10.66666666666606,0.5,0.0,900.0,900.0,0.0,1.0629999999999937,0.5630000000000004,6907.0,0
1.963,17215.0,13751.0,10305.0,17207.5,13744.5,10300.5,8000.0,7000.0,5000.0,-39.5,-10.0,0.5,0.0,900.0,900.0,0.0,1.0639999999999936,0.5640000000000004,6910.0,0
1.964,17224.0,13757.0,10310.0,17215.5,13751.5,10305.5,9000.0,6000.0,5000.0,-39.16666666666788,-10.33333333333394,0.5,0.0,900.0,900.0,0.0,1.0649999999999935,0.5650000000000004,6914.0,0
1.965,17232.0,13764.0,10315.0,17224.5,13757.5,10310.5,8000.0,7000.0,5000.0,-39.83333333333212,-9.66666666666606,0.5,0.0,900.0,900.0,0.0,1.0659999999999934,0.5660000000000004,6917.0,0
1.966,17240.0,13771.0,10319.0,17232.5,13764.5,10315.5,8000.0,7000.0,4000.0,-39.5,-10.0,0.5,0.0,900.0,900.0,0.0,1.0669999999999933,0.5670000000000004,6921.0,0
1.967,17248.0,13777.0,10324.0,17240.5,13771.5,10319.5,8000.0,6000.0,5000.0,-40.83333333333212,-11.66666666666606,0.5,0.0,900.0,900.0,0.0,1.0679999999999932,0.5680000000000004,6924.0,0
1.968,17256.0,13784.0,10329.0,17248.5,13777.5,10324.5,8000.0,7000.0,5000.0,-40.5,-11.0,0.5,0.0,900.0,900.0,0.0,1.068999999999993,0.5690000000000004,6927.0,0
1.969,17265.0,13790.0,10334.0,17256.5,13784.5,10329.5,9000.0,6000.0,5000.0,-40.16666666666788,-11.33333333333394,0.5,0.0,900.0,900.0,0.0,1.069999999999993,0.5700000000000004,6931.0,0
1.97,17273.0,13797.0,10339.0,17265.5,13790.5,10334.5,8000.0,7000.0,5000.0,-40.83333333333212,-10.66666666666606,0.5,0.0,900.0,900.0,0.0,1.0709999999999928,0.5710000000000004,6934.0,0
1.971,17281.0,13804.0,10344.0,17273.5,13797.5,10339.5,8000.0,7000.0,5000.0,-40.5,-11.0,0.5,0.0,900.0,900.0,0.0,1.0719999999999927,0.5720000000000004,6937.0,0
1.972,17289.0,13810.0,10349.0,17281.5,13804.5,10344.5,8000.0,6000.0,5000.0,-40.16666666666788,-11.33333333333394,0.5,0.0,900.0,900.0,0.0,1.0729999999999926,0.5730000000000004,6940.0,0
1.973,17297.0,13817.0,10354.0,17289.5,13810.5,10349.5,8000.0,7000.0,5000.0,-39.83333333333212,-10.66666666666606,0.5,0.0,900.0,900.0,0.0,1.0739999999999925,0.5740000000000004,6943.0,0
1.974,17306.0,13823.0,10359.0,17297.5,13817.5,10354.5,9000.0,6000.0,5000.0,-39.5,-11.0,0.5,0.0,900.0,900.0,0.0,1.0749999999999924,0.5750000000000004,6947.0,0
1.975,17314.0,13830.0,10364.0,17306.5,13823.5,10359.5,8000.0,7000.0,5000.0,-40.16666666666788,-10.33333333333394,0.5,0.0,900.0,900.0,0.0,1.0759999999999923,0.5760000000000004,6950.0,0
1.976,17322.0,13836.0,10369.0,17314.5,13830.5,10364.5,8000.0,6000.0,5000.0,-39.83333333333212,-10.66666666666606,0.5,0.0,900.0,900.0,0.0,1.0769999999999922,0.5770000000000004,6953.0,0
1.977,17330.0,13843.0,10374.0,17322.5,13836.5,10369.5,8000.0,7000.0,5000.0,-39.5,-10.0,0.5,0.0,900.0,900.0,0.0,1.077999999999992,0.5780000000000004,6956.0,0
1.978,17339.0,13849.0,10378.0,17330.5,13843.5,10374.5,9000.0,6000.0,4000.0,-39.16666666666788,-10.33333333333394,0.5,0.0,900.0,900.0,0.0,1.078999999999992,0.5790000000000004,6961.0,0
1.979,17347.0,13856.0,10383.0,17339.5,13849.5,10378.5,8000.0,7000.0,5000.0,-41.5,-11.0,0.5,0.0,900.0,900.0,0.0,1.0799999999999919,0.5800000000000004,6964.0,0
1.98,17355.0,13862.0,10388.0,17347.5,13856.5,10383.5,8000.0,6000.0,5000.0,-41.16666666666788,-11.33333333333394,0.5,0.0,900.0,900.0,0.0,1.0809999999999917,0.5810000000000004,6967.0,0
1.981,17363.0,13869.0,10393.0,17355.5,13862.5,10388.5,8000.0,7000.0,5000.0,-40.83333333333212,-10.66666666666606,0.5,0.0,900.0,900.0,0.0,1.0819999999999916,0.5820000000000004,6970.0,0
1.982,17371.0,13876.0,10398.0,17363.5,13869.5,10393.5,8000.0,7000.0,5000.0,-40.5,-11.0,0.5,0.0,900.0,900.0,0.0,1.0829999999999915,0.5830000000000004,6973.0,0
1.983,17379.0,13882.0,10403.0,17371.5,13876.5,10398.5,8000.0,6000.0,5000.0,-40.16666666666788,-11.33333333333394,0.5,0.0,900.0,900.0,0.0,1.0839999999999914,0.5840000000000004,6976.0,0
1.984,17388.0,13889.0,10408.0,17379.5,13882.5,10403.5,9000.0,7000.0,5000.0,-39.83333333333212,-10.66666666666606,0.5,0.0,900.0,900.0,0.0,1.0849999999999913,0.5850000000000004,6980.0,0
1.985,17396.0,13895.0,10413.0,17388.5,13889.5,10408.5,8000.0,6000.0,5000.0,-40.5,-11.0,0.5,0.0,900.0,900.0,0.0,1.0859999999999912,0.5860000000000004,6983.0,0
1.986,17404.0,13902.0,10418.0,17396.5,13895.5,10413.5,8000.0,7000.0,5000.0,-40.16666666666788,-10.33333333333394,0.5,0.0,900.0,900.0,0.0,1.086999999999991,0.5870000000000004,6986.0,0
1.987,17412.0,13908.0,10423.0,17404.5,13902.5,10418.5,8000.0,6000.0,5000.0,-39.83333333333212,-10.66666666666606,0.5,0.0,900.0,900.0,0.0,1.087999999999991,0.5880000000000004,6989.0,0
1.988,17420.0,13915.0,10428.0,17412.5,13908.5,10423.5,8000.0,7000.0,5000.0,-39.5,-10.0,0.5,0.0,900.0,900.0,0.0,1.0889999999999909,0.5890000000000004,6992.0,0
1.989,17429.0,13921.0,10433.0,17420.5,13915.5,10428.5,9000.0,6000.0,5000.0,-39.16666666666788,-10.33333333333394,0.5,0.0,900.0,900.0,0.0,1.0899999999999908,0.5900000000000004,6996.0,0
1.99,17437.0,13928.0,10438.0,17429.5,13921.5,10433.5,8000.0,7000.0,5000.0,-39.83333333333212,-9.66666666666606,0.5,0.0,900.0,900.0,0.0,1.0909999999999906,0.5910000000000004,6999.0,0
1.991,17445.0,13935.0,10442.0,17437.5,13928.5,10438.5,8000.0,7000.0,4000.0,-39.5,-10.0,0.5,0.0,900.0,900.0,0.0,1.0919999999999905,0.5920000000000004,7003.0,0
1.992,17453.0,13941.0,10447.0,17445.5,13935.5,10442.5,8000.0,6000.0,5000.0,-40.83333333333212,-11.66666666666606,0.5,0.0,900.0,900.0,0.0,1.0929999999999904,0.5930000000000004,7006.0,0
1.993,17462.0,13948.0,10452.0,17453.5,13941.5,10447.5,9000.0,7000.0,5000.0,-40.5,-11.0,0.5,0.0,900.0,900.0,0.0,1.0939999999999903,0.5940000000000004,7010.0,0
1.994,17470.0,13954.0,10457.0,17462.5,13948.5,10452.5,8000.0,6000.0,5000.0,-41.16666666666788,-11.33333333333394,0.5,0.0,900.0,900.0,0.0,1.0949999999999902,0.5950000000000004,7013.0,0
1.995,17478.0,13961.0,10462.0,17470.5,13954.5,10457.5,8000.0,7000.0,5000.0,-40.83333333333212,-10.66666666666606,0.5,0.0,900.0,900.0,0.0,1.09599999999999,0.5960000000000004,7016.0,0
1.996,17486.0,13968.0,10467.0,17478.5,13961.5,10462.5,8000.0,7000.0,5000.0,-40.5,-11.0,0.5,0.0,900.0,900.0,0.0,1.09699999999999,0.5970000000000004,7019.0,0
1.997,17494.0,13974.0,10472.0,17486.5,13968.5,10467.5,8000.0,6000.0,5000.0,-40.16666666666788,-11.33333333333394,0.5,0.0,900.0,900.0,0.0,1.0979999999999899,0.5980000000000004,7022.0,0
1.998,17502.0,13981.0,10477.0,17494.5,13974.5,10472.5,8000.0,7000.0,5000.0,-39.83333333333212,-10.66666666666606,0.5,0.0,900.0,900.0,0.0,1.0989999999999898,0.5990000000000004,7025.0,0
1.999,17511.0,13987.0,10482.0,17502.5,13981.5,10477.5,9000.0,6000.0,5000.0,-39.5,-11.0,0.5,0.0,900.0,900.0,0.0,1.0999999999999897,0.6000000000000004,7029.0,0
2.0,17519.0,13994.0,10487.0,17511.5,13987.5,10482.5,8000.0,7000.0,5000.0,-40.16666666666788,-10.33333333333394,0.5,0.0,900.0,900.0,0.0,1.1009999999999895,0.6010000000000004,7032.0,0
2.001,17527.0,14000.0,10492.0,17519.5,13994.5,10487.5,8000.0,6000.0,5000.0,-39.83333333333212,-10.66666666666606,0.5,0.0,900.0,900.0,0.0,1.1019999999999894,0.6020000000000004,7035.0,0
2.0020000000000002,17535.0,14007.0,10497.0,17527.5,14000.5,10492.5,8000.0,7000.0,5000.0,-39.5,-10.0,0.5,0.0,900.0,900.0,0.0,1.1029999999999893,0.6030000000000004,7038.0,0
2.003,17544.0,14013.0,10501.0,17535.5,14007.5,10497.5,9000.0,6000.0,4000.0,-39.16666666666788,-10.33333333333394,0.5,0.0,900.0,900.0,0.0,1.1039999999999892,0.6040000000000004,7043.0,0
2.004,17552.0,14020.0,10506.0,17544.5,14013.5,10501.5,8000.0,7000.0,5000.0,-41.5,-11.0,0.5,0.0,900.0,900.0,0.0,1.104999999999989,0.6050000000000004,7046.0,0
2.005,17560.0,14027.0,10511.0,17552.5,14020.5,10506.5,8000.0,7000.0,5000.0,-41.16666666666788,-11.33333333333394,0.5,0.0,900.0,900.0,0.0,1.105999999999989,0.6060000000000004,7049.0,0
2.0060000000000002,17568.0,14033.0,10516.0,17560.5,14027.5,10511.5,8000.0,6000.0,5000.0,-40.83333333333212,-11.66666666666606,0.5,0.0,900.0,900.0,0.0,1.1069999999999889,0.6070000000000004,7052.0,0
2.007,17576.0,14040.0,10521.0,17568.5,14033.5,10516.5,8000.0,7000.0,5000.0,-40.5,-11.0,0.5,0.0,900.0,900.0,0.0,1.1079999999999888,0.6080000000000004,7055.0,0
2.008,17584.0,14046.0,10526.0,17576.5,14040.5,10521.5,8000.0,6000.0,5000.0,-40.16666666666788,-11.33333333333394,0.5,0.0,900.0,900.0,0.0,1.1089999999999887,0.6090000000000004,7058.0,0
2.009,17593.0,14053.0,10531.0,17584.5,14046.5,10526.5,9000.0,7000.0,5000.0,-39.83333333333212,-10.66666666666606,0.5,0.0,900.0,900.0,0.0,1.1099999999999886,0.6100000000000004,7062.0,0
2.0100000000000002,17601.0,14059.0,10536.0,17593.5,14053.5,10531.5,8000.0,6000.0,5000.0,-40.5,-11.0,0.5,0.0,900.0,900.0,0.0,1.1109999999999884,0.6110000000000004,7065.0,0
2.011,17609.0,14066.0,10541.0,17601.5,14059.5,10536.5,8000.0,7000.0,5000.0,-40.16666666666788,-10.33333333333394,0.5,0.0,900.0,900.0,0.0,1.1119999999999883,0.6120000000000004,7068.0,0
2.012,17617.0,14072.0,10546.0,17609.5,14066.5,10541.5,8000.0,6000.0,5000.0,-39.83333333333212,-10.66666666666606,0.5,0.0,900.0,900.0,0.0,1.1129999999999882,0.6130000000000004,7071.0,0
2.013,17625.0,14079.0,10551.0,17617.5,14072.5,10546.5,8000.0,7000.0,5000.0,-39.5,-10.0,0.5,0.0,900.0,900.0,0.0,1.113999999999988,0.6140000000000004,7074.0,0
2.0140000000000002,17634.0,14085.0,10556.0,17625.5,14079.5,10551.5,9000.0,6000.0,5000.0,-39.16666666666788,-10.33333333333394,0.5,0.0,900.0,900.0,0.0,1.114999999999988,0.6150000000000004,7078.0,0
2.015,17642.0,14092.0,10561.0,17634.5,14085.5,10556.5,8000.0,7000.0,5000.0,-39.83333333333212,-9.66666666666606,0.5,0.0,900.0,900.0,0.0,1.115999999999988,0.6160000000000004,7081.0,0
2.016,17650.0,14099.0,10565.0,17642.5,14092.5,10561.5,8000.0,7000.0,4000.0,-39.5,-10.0,0.5,0.0,900.0,900.0,0.0,1.1169999999999878,0.6170000000000004,7085.0,0
2.017,17658.0,14105.0,10570.0,17650.5,14099.5,10565.5,8000.0,6000.0,5000.0,-40.83333333333212,-11.66666666666606,0.5,0.0,900.0,900.0,0.0,1.1179999999999877,0.6180000000000004,7088.0,0
2.0180000000000002,17667.0,14112.0,10575.0,17658.5,14105.5,10570.5,9000.0,7000.0,5000.0,-40.5,-11.0,0.5,0.0,900.0,900.0,0.0,1.1189999999999876,0.6190000000000004,7092.0,0
2.019,17675.0,14118.0,10580.0,17667.5,14112.5,10575.5,8000.0,6000.0,5000.0,-41.16666666666788,-11.33333333333394,0.5,0.0,900.0,900.0,0.0,1.1199999999999875,0.6200000000000004,7095.0,0
2.02,17683.0,14125.0,10585.0,17675.5,14118.5,10580.5,8000.0,7000.0,5000.0,-40.83333333333212,-10.66666666666606,0.5,0.0,900.0,900.0,0.0,1.1209999999999873,0.6210000000000004,7098.0,0
2.021,17691.0,14132.0,10590.0,17683.5,14125.5,10585.5,8000.0,7000.0,5000.0,-40.5,-11.0,0.5,0.0,900.0,900.0,0.0,1.1219999999999872,0.6220000000000004,7101.0,0
2.0220000000000002,17699.0,14138.0,10595.0,17691.5,14132.5,10590.5,8000.0,6000.0,5000.0,-40.16666666666788,-11.33333333333394,0.5,0.0,900.0,900.0,0.0,1.1229999999999871,0.6230000000000004,7104.0,0
2.023,17707.0,14145.0,10600.0,17699.5,14138.5,10595.5,8000.0,7000.0,5000.0,-39.83333333333212,-10.66666666666606,0.5,0.0,900.0,900.0,0.0,1.123999999999987,0.6240000000000004,7107.0,0
2.024,17716.0,14151.0,10605.0,17707.5,14145.5,10600.5,9000.0,6000.0,5000.0,-39.5,-11.0,0.5,0.0,900.0,900.0,0.0,1.124999999999987,0.6250000000000004,7111.0,0
2.025,17724.0,14158.0,10610.0,17716.5,14151.5,10605.5,8000.0,7000.0,5000.0,-40.16666666666788,-10.33333333333394,0.5,0.0,900.0,900.0,0.0,1.1259999999999868,0.6260000000000004,7114.0,0
2.0260000000000002,17732.0,14164.0,10615.0,17724.5,14158.5,10610.5,8000.0,6000.0,5000.0,-39.83333333333212,-10.66666666666606,0.5,0.0,900.0,900.0,0.0,1.1269999999999867,0.6270000000000004,7117.0,0
2.027,17740.0,14171.0,10620.0,17732.5,14164.5,10615.5,8000.0,7000.0,5000.0,-39.5,-10.0,0.5,0.0,900.0,900.0,0.0,1.1279999999999866,0.6280000000000004,7120.0,0
2.028,17749.0,14177.0,10624.0,17740.5,14171.5,10620.5,9000.0,6000.0,4000.0,-39.16666666666788,-10.33333333333394,0.5,0.0,900.0,900.0,0.0,1.1289999999999865,0.6290000000000004,7125.0,0
2.029,17757.0,14184.0,10629.0,17749.5,14177.5,10624.5,8000.0,7000.0,5000.0,-41.5,-11.0,0.5,0.0,900.0,900.0,0.0,1.1299999999999863,0.6300000000000004,7128.0,0
2.0300000000000002,17765.0,14190.0,10634.0,17757.5,14184.5,10629.5,8000.0,6000.0,5000.0,-41.16666666666788,-11.33333333333394,0.5,0.0,900.0,900.0,0.0,1.1309999999999862,0.6310000000000004,7131.0,0
2.031,17773.0,14197.0,10639.0,17765.5,14190.5,10634.5,8000.0,7000.0,5000.0,-40.83333333333212,-10.66666666666606,0.5,0.0,900.0,900.0,0.0,1.1319999999999861,0.6320000000000005,7134.0,0
2.032,17781.0,14204.0,10644.0,17773.5,14197.5,10639.5,8000.0,7000.0,5000.0,-40.5,-11.0,0.5,0.0,900.0,900.0,0.0,1.132999999999986,0.6330000000000005,7137.0,0
2.033,17789.0,14210.0,10649.0,17781.5,14204.5,10644.5,8000.0,6000.0,5000.0,-40.16666666666788,-11.33333333333394,0.5,0.0,900.0,900.0,0.0,1.133999999999986,0.6340000000000005,7140.0,0
2.0340000000000003,17798.0,14217.0,10654.0,17789.5,14210.5,10649.5,9000.0,7000.0,5000.0,-39.83333333333212,-10.66666666666606,0.5,0.0,900.0,900.0,0.0,1.1349999999999858,0.6350000000000005,7144.0,0
2.035,17806.0,14223.0,10659.0,17798.5,14217.5,10654.5,8000.0,6000.0,5000.0,-40.5,-11.0,0.5,0.0,900.0,900.0,0.0,1.1359999999999857,0.6360000000000005,7147.0,0
2.036,17814.0,14230.0,10664.0,17806.5,14223.5,10659.5,8000.0,7000.0,5000.0,-40.16666666666788,-10.33333333333394,0.5,0.0,900.0,900.0,0.0,1.1369999999999856,0.6370000000000005,7150.0,0
2.037,17822.0,14236.0,10669.0,17814.5,14230.5,10664.5,8000.0,6000.0,5000.0,-39.83333333333212,-10.66666666666606,0.5,0.0,900.0,900.0,0.0,1.1379999999999855,0.6380000000000005,7153.0,0
2.0380000000000003,17830.0,14243.0,10674.0,17822.5,14236.5,10669.5,8000.0,7000.0,5000.0,-39.5,-10.0,0.5,0.0,900.0,900.0,0.0,1.1389999999999854,0.6390000000000005,7156.0,0
2.039,17839.0,14249.0,10679.0,17830.5,14243.5,10674.5,9000.0,6000.0,5000.0,-39.16666666666788,-10.33333333333394,0.5,0.0,900.0,900.0,0.0,1.1399999999999852,0.6400000000000005,7160.0,0
2.04,17847.0,14256.0,10684.0,17839.5,14249.5,10679.5,8000.0,7000.0,5000.0,-39.83333333333212,-9.66666666666606,0.5,0.0,900.0,900.0,0.0,1.1409999999999851,0.6410000000000005,7163.0,0
2.041,17855.0,14263.0,10688.0,17847.5,14256.5,10684.5,8000.0,7000.0,4000.0,-39.5,-10.0,0.5,0.0,900.0,900.0,0.0,1.141999999999985,0.6420000000000005,7167.0,0
2.0420000000000003,17863.0,14269.0,10693.0,17855.5,14263.5,10688.5,8000.0,6000.0,5000.0,-40.83333333333212,-11.66666666666606,0.5,0.0,900.0,900.0,0.0,1.142999999999985,0.6430000000000005,7170.0,0
2.043,17872.0,14276.0,10698.0,17863.5,14269.5,10693.5,9000.0,7000.0,5000.0,-40.5,-11.0,0.5,0.0,900.0,900.0,0.0,1.1439999999999848,0.6440000000000005,7174.0,0
2.044,17880.0,14282.0,10703.0,17872.5,14276.5,10698.5,8000.0,6000.0,5000.0,-41.16666666666788,-11.33333333333394,0.5,0.0,900.0,900.0,0.0,1.1449999999999847,0.6450000000000005,7177.0,0
2.045,17888.0,14289.0,10708.0,17880.5,14282.5,10703.5,8000.0,7000.0,5000.0,-40.83333333333212,-10.66666666666606,0.5,0.0,900.0,900.0,0.0,1.1459999999999846,0.6460000000000005,7180.0,0
2.0460000000000003,17896.0,14296.0,10713.0,17888.5,14289.5,10708.5,8000.0,7000.0,5000.0,-40.5,-11.0,0.5,0.0,900.0,900.0,0.0,1.1469999999999845,0.6470000000000005,7183.0,0
2.047,17904.0,14302.0,10718.0,17896.5,14296.5,10713.5,8000.0,6000.0,5000.0,-40.16666666666788,-11.33333333333394,0.5,0.0,900.0,900.0,0.0,1.1479999999999844,0.6480000000000005,7186.0,0
2.048,17912.0,14309.0,10723.0,17904.5,14302.5,10718.5,8000.0,7000.0,5000.0,-39.83333333333212,-10.66666666666606,0.5,0.0,900.0,900.0,0.0,1.1489999999999843,0.6490000000000005,7189.0,0
2.049,17921.0,14315.0,10728.0,17912.5,14309.5,10723.5,9000.0,6000.0,5000.0,-39.5,-11.0,0.5,0.0,900.0,900.0,0.0,1.1499999999999841,0.6500000000000005,7193.0,0
2.05,17929.0,14322.0,10733.0,17921.5,14315.5,10728.5,8000.0,7000.0,5000.0,-40.16666666666788,-10.33333333333394,0.5,0.0,900.0,900.0,0.0,1.150999999999984,0.6510000000000005,7196.0,0
2.051,17937.0,14328.0,10738.0,17929.5,14322.5,10733.5,8000.0,6000.0,5000.0,-39.83333333333212,-10.66666666666606,0.5,0.0,900.0,900.0,0.0,1.151999999999984,0.6520000000000005,7199.0,0
2.052,17945.0,14335.0,10743.0,17937.5,14328.5,10738.5,8000.0,7000.0,5000.0,-39.5,-10.0,0.5,0.0,900.0,900.0,0.0,1.1529999999999838,0.6530000000000005,7202.0,0
2.053,17954.0,14341.0,10747.0,17945.5,14335.5,10743.5,9000.0,6000.0,4000.0,-39.16666666666788,-10.33333333333394,0.5,0.0,900.0,900.0,0.0,1.1539999999999837,0.6540000000000005,7207.0,0
2.054,17962.0,14348.0,10752.0,17954.5,14341.5,10747.5,8000.0,7000.0,5000.0,-41.5,-11.0,0.5,0.0,900.0,900.0,0.0,1.1549999999999836,0.6550000000000005,7210.0,0
2.055,17970.0,14355.0,10757.0,17962.5,14348.5,10752.5,8000.0,7000.0,5000.0,-41.16666666666788,-11.33333333333394,0.5,0.0,900.0,900.0,0.0,1.1559999999999835,0.6560000000000005,7213.0,0
2.056,17978.0,14361.0,10762.0,17970.5,14355.5,10757.5,8000.0,6000.0,5000.0,-40.83333333333212,-11.66666666666606,0.5,0.0,900.0,900.0,0.0,1.1569999999999834,0.6570000000000005,7216.0,0
2.057,17986.0,14368.0,10767.0,17978.5,14361.5,10762.5,8000.0,7000.0,5000.0,-40.5,-11.0,0.5,0.0,900.0,900.0,0.0,1.1579999999999833,0.6580000000000005,7219.0,0
2.058,17994.0,14374.0,10772.0,17986.5,14368.5,10767.5,8000.0,6000.0,5000.0,-40.16666666666788,-11.33333333333394,0.5,0.0,900.0,900.0,0.0,1.1589999999999832,0.6590000000000005,7222.0,0
2.059,18003.0,14381.0,10777.0,17994.5,14374.5,10772.5,9000.0,7000.0,5000.0,-39.83333333333212,-10.66666666666606,0.5,0.0,900.0,900.0,0.0,1.159999999999983,0.6600000000000005,7226.0,0
2.06,18011.0,14387.0,10782.0,18003.5,14381.5,10777.5,8000.0,6000.0,5000.0,-40.5,-11.0,0.5,0.0,900.0,900.0,0.0,1.160999999999983,0.6610000000000005,7229.0,0
2.061,18019.0,14394.0,10787.0,18011.5,14387.5,10782.5,8000.0,7000.0,5000.0,-40.16666666666788,-10.33333333333394,0.5,0.0,900.0,900.0,0.0,1.1619999999999828,0.6620000000000005,7232.0,0
2.062,18027.0,14400.0,10792.0,18019.5,14394.5,10787.5,8000.0,6000.0,5000.0,-39.83333333333212,-10.66666666666606,0.5,0.0,900.0,900.0,0.0,1.1629999999999827,0.6630000000000005,7235.0,0
2.063,18035.0,14407.0,10797.0,18027.5,14400.5,10792.5,8000.0,7000.0,5000.0,-39.5,-10.0,0.5,0.0,900.0,900.0,0.0,1.1639999999999826,0.6640000000000005,7238.0,0
2.064,18044.0,14413.0,10802.0,18035.5,14407.5,10797.5,9000.0,6000.0,5000.0,-39.16666666666788,-10.33333333333394,0.5,0.0,900.0,900.0,0.0,1.1649999999999825,0.6650000000000005,7242.0,0
2.065,18052.0,14420.0,10807.0,18044.5,14413.5,10802.5,8000.0,7000.0,5000.0,-39.83333333333212,-9.66666666666606,0.5,0.0,900.0,900.0,0.0,1.1659999999999824,0.6660000000000005,7245.0,0
2.066,18060.0,14427.0,10811.0,18052.5,14420.5,10807.5,8000.0,7000.0,4000.0,-39.5,-10.0,0.5,0.0,900.0,900.0,0.0,1.1669999999999823,0.6670000000000005,7249.0,0
2.067,18068.0,14433.0,10816.0,18060.5,14427.5,10811.5,8000.0,6000.0,5000.0,-40.83333333333212,-11.66666666666606,0.5,0.0,900.0,900.0,0.0,1.1679999999999822,0.6680000000000005,7252.0,0
2.068,18077.0,14440.0,10821.0,18068.5,14433.5,10816.5,9000.0,7000.0,5000.0,-40.5,-11.0,0.5,0.0,900.0,900.0,0.0,1.168999999999982,0.6690000000000005,7256.0,0
2.069,18085.0,14446.0,10826.0,18077.5,14440.5,10821.5,8000.0,6000.0,5000.0,-41.16666666666788,-11.33333333333394,0.5,0.0,900.0,900.0,0.0,1.169999999999982,0.6700000000000005,7259.0,0
2.07,18093.0,14453.0,10831.0,18085.5,14446.5,10826.5,8000.0,7000.0,5000.0,-40.83333333333212,-10.66666666666606,0.5,0.0,900.0,900.0,0.0,1.1709999999999818,0.6710000000000005,7262.0,0
2.071,18101.0,14460.0,10836.0,18093.5,14453.5,10831.5,8000.0,7000.0,5000.0,-40.5,-11.0,0.5,0.0,900.0,900.0,0.0,1.1719999999999817,0.6720000000000005,7265.0,0
2.072,18109.0,14466.0,10841.0,18101.5,14460.5,10836.5,8000.0,6000.0,5000.0,-40.16666666666788,-11.33333333333394,0.5,0.0,900.0,900.0,0.0,1.1729999999999816,0.6730000000000005,7268.0,0
2.073,18117.0,14473.0,10846.0,18109.5,14466.5,10841.5,8000.0,7000.0,5000.0,-39.83333333333212,-10.66666666666606,0.5,0.0,900.0,900.0,0.0,1.1739999999999815,0.6740000000000005,7271.0,0
2.074,18126.0,14479.0,10851.0,18117.5,14473.5,10846.5,9000.0,6000.0,5000.0,-39.5,-11.0,0.5,0.0,900.0,900.0,0.0,1.1749999999999814,0.6750000000000005,7275.0,0
2.075,18134.0,14486.0,10856.0,18126.5,14479.5,10851.5,8000.0,7000.0,5000.0,-40.16666666666788,-10.33333333333394,0.5,0.0,900.0,900.0,0.0,1.1759999999999813,0.6760000000000005,7278.0,0
2.076,18142.0,14492.0,10861.0,18134.5,14486.5,10856.5,8000.0,6000.0,5000.0,-39.83333333333212,-10.66666666666606,0.5,0.0,900.0,900.0,0.0,1.1769999999999812,0.6770000000000005,7281.0,0
2.077,18150.0,14499.0,10866.0,18142.5,14492.5,10861.5,8000.0,7000.0,5000.0,-39.5,-10.0,0.5,0.0,900.0,900.0,0.0,1.177999999999981,0.6780000000000005,7284.0,0
2.078,18159.0,14505.0,10870.0,18150.5,14499.5,10866.5,9000.0,6000.0,4000.0,-39.16666666666788,-10.33333333333394,0.5,0.0,900.0,900.0,0.0,1.178999999999981,0.6790000000000005,7289.0,0
2.079,18167.0,14512.0,10875.0,18159.5,14505.5,10870.5,8000.0,7000.0,5000.0,-41.5,-11.0,0.5,0.0,900.0,900.0,0.0,1.1799999999999808,0.6800000000000005,7292.0,0
2.08,18175.0,14518.0,10880.0,18167.5,14512.5,10875.5,8000.0,6000.0,5000.0,-41.16666666666788,-11.33333333333394,0.5,0.0,900.0,900.0,0.0,1.1809999999999807,0.6810000000000005,7295.0,0
2.081,18183.0,14525.0,10885.0,18175.5,14518.5,10880.5,8000.0,7000.0,5000.0,-40.83333333333212,-10.66666666666606,0.5,0.0,900.0,900.0,0.0,1.1819999999999806,0.6820000000000005,7298.0,0
2.082,18191.0,14532.0,10890.0,18183.5,14525.5,10885.5,8000.0,7000.0,5000.0,-40.5,-11.0,0.5,0.0,900.0,900.0,0.0,1.1829999999999805,0.6830000000000005,7301.0,0
2.083,18199.0,14538.0,10895.0,18191.5,14532.5,10890.5,8000.0,6000.0,5000.0,-40.16666666666788,-11.33333333333394,0.5,0.0,900.0,900.0,0.0,1.1839999999999804,0.6840000000000005,7304.0,0
2.084,18208.0,14545.0,10900.0,18199.5,14538.5,10895.5,9000.0,7000.0,5000.0,-39.83333333333212,-10.66666666666606,0.5,0.0,900.0,900.0,0.0,1.1849999999999803,0.6850000000000005,7308.0,0
2.085,18216.0,14551.0,10905.0,18208.5,14545.5,10900.5,8000.0,6000.0,5000.0,-40.5,-11.0,0.5,0.0,900.0,900.0,0.0,1.1859999999999802,0.6860000000000005,7311.0,0
2.086,18224.0,14558.0,10910.0,18216.5,14551.5,10905.5,8000.0,7000.0,5000.0,-40.16666666666788,-10.33333333333394,0.5,0.0,900.0,900.0,0.0,1.18699999999998,0.6870000000000005,7314.0,0
2.087,18232.0,14564.0,10915.0,18224.5,14558.5,10910.5,8000.0,6000.0,5000.0,-39.83333333333212,-10.66666666666606,0.5,0.0,900.0,900.0,0.0,1.18799999999998,0.6880000000000005,7317.0,0
2.088,18240.0,14571.0,10920.0,18232.5,14564.5,10915.5,8000.0,7000.0,5000.0,-39.5,-10.0,0.5,0.0,900.0,900.0,0.0,1.1889999999999799,0.6890000000000005,7320.0,0
2.089,18249.0,14577.0,10925.0,18240.5,14571.5,10920.5,9000.0,6000.0,5000.0,-39.16666666666788,-10.33333333333394,0.5,0.0,900.0,900.0,0.0,1.1899999999999797,0.6900000000000005,7324.0,0
2.09,18257.0,14584.0,10930.0,18249.5,14577.5,10925.5,8000.0,7000.0,5000.0,-39.83333333333212,-9.66666666666606,0.5,0.0,900.0,900.0,0.0,1.1909999999999796,0.6910000000000005,7327.0,0
2.091,18265.0,14591.0,10934.0,18257.5,14584.5,10930.5,8000.0,7000.0,4000.0,-39.5,-10.0,0.5,0.0,900.0,900.0,0.0,1.1919999999999795,0.6920000000000005,7331.0,0
2.092,18273.0,14597.0,10939.0,18265.5,14591.5,10934.5,8000.0,6000.0,5000.0,-40.83333333333212,-11.66666666666606,0.5,0.0,900.0,900.0,0.0,1.1929999999999794,0.6930000000000005,7334.0,0
2.093,18282.0,14604.0,10944.0,18273.5,14597.5,10939.5,9000.0,7000.0,5000.0,-40.5,-11.0,0.5,0.0,900.0,900.0,0.0,1.1939999999999793,0.6940000000000005,7338.0,0
2.094,18290.0,14610.0,10949.0,18282.5,14604.5,10944.5,8000.0,6000.0,5000.0,-41.16666666666788,-11.33333333333394,0.5,0.0,900.0,900.0,0.0,1.1949999999999792,0.6950000000000005,7341.0,0
2.095,18298.0,14617.0,10954.0,18290.5,14610.5,10949.5,8000.0,7000.0,5000.0,-40.83333333333212,-10.66666666666606,0.5,0.0,900.0,900.0,0.0,1.195999999999979,0.6960000000000005,7344.0,0
2.096,18306.0,14624.0,10959.0,18298.5,14617.5,10954.5,8000.0,7000.0,5000.0,-40.5,-11.0,0.5,0.0,900.0,900.0,0.0,1.196999999999979,0.6970000000000005,7347.0,0
2.097,18314.0,14630.0,10964.0,18306.5,14624.5,10959.5,8000.0,6000.0,5000.0,-40.16666666666788,-11.33333333333394,0.5,0.0,900.0,900.0,0.0,1.1979999999999789,0.6980000000000005,7350.0,0
2.098,18322.0,14637.0,10969.0,18314.5,14630.5,10964.5,8000.0,7000.0,5000.0,-39.83333333333212,-10.66666666666606,0.5,0.0,900.0,900.0,0.0,1.1989999999999787,0.6990000000000005,7353.0,0
2.099,18331.0,14643.0,10974.0,18322.5,14637.5,10969.5,9000.0,6000.0,5000.0,-39.5,-11.0,0.5,0.0,900.0,900.0,0.0,1.1999999999999786,0.7000000000000005,7357.0,0
2.1,18339.0,14650.0,10979.0,18331.5,14643.5,10974.5,8000.0,7000.0,5000.0,-40.16666666666788,-10.33333333333394,0.5,0.0,900.0,900.0,0.0,1.2009999999999785,0.7010000000000005,7360.0,0
2.101,18347.0,14656.0,10984.0,18339.5,14650.5,10979.5,8000.0,6000.0,5000.0,-39.83333333333212,-10.66666666666606,0.5,0.0,900.0,900.0,0.0,1.2019999999999784,0.7020000000000005,7363.0,0
2.102,18355.0,14663.0,10989.0,18347.5,14656.5,10984.5,8000.0,7000.0,5000.0,-39.5,-10.0,0.5,0.0,900.0,900.0,0.0,1.2029999999999783,0.7030000000000005,7366.0,0
2.103,18364.0,14669.0,10993.0,18355.5,14663.5,10989.5,9000.0,6000.0,4000.0,-39.16666666666788,-10.33333333333394,0.5,0.0,900.0,900.0,0.0,1.2039999999999782,0.7040000000000005,7371.0,0
2.104,18372.0,14676.0,10998.0,18364.5,14669.5,10993.5,8000.0,7000.0,5000.0,-41.5,-11.0,0.5,0.0,900.0,900.0,0.0,1.204999999999978,0.7050000000000005,7374.0,0
2.105,18380.0,14683.0,11003.0,18372.5,14676.5,10998.5,8000.0,7000.0,5000.0,-41.16666666666788,-11.33333333333394,0.5,0.0,900.0,900.0,0.0,1.205999999999978,0.7060000000000005,7377.0,0
2.106,18388.0,14689.0,11008.0,18380.5,14683.5,11003.5,8000.0,6000.0,5000.0,-40.83333333333212,-11.66666666666606,0.5,0.0,900.0,900.0,0.0,1.2069999999999779,0.7070000000000005,7380.0,0
2.107,18396.0,14696.0,11013.0,18388.5,14689.5,11008.5,8000.0,7000.0,5000.0,-40.5,-11.0,0.5,0.0,900.0,900.0,0.0,1.2079999999999778,0.7080000000000005,7383.0,0
2.108,18404.0,14702.0,11018.0,18396.5,14696.5,11013.5,8000.0,6000.0,5000.0,-40.16666666666788,-11.33333333333394,0.5,0.0,900.0,900.0,0.0,1.2089999999999776,0.7090000000000005,7386.0,0
2.109,18413.0,14709.0,11023.0,18404.5,14702.5,11018.5,9000.0,7000.0,5000.0,-39.83333333333212,-10.66666666666606,0.5,0.0,900.0,900.0,0.0,1.2099999999999775,0.7100000000000005,7390.0,0
2.11,18421.0,14715.0,11028.0,18413.5,14709.5,11023.5,8000.0,6000.0,5000.0,-40.5,-11.0,0.5,0.0,900.0,900.0,0.0,1.2109999999999774,0.7110000000000005,7393.0,0
2.111,18429.0,14722.0,11033.0,18421.5,14715.5,11028.5,8000.0,7000.0,5000.0,-40.16666666666788,-10.33333333333394,0.5,0.0,900.0,900.0,0.0,1.2119999999999773,0.7120000000000005,7396.0,0
2.112,18437.0,14728.0,11038.0,18429.5,14722.5,11033.5,8000.0,6000.0,5000.0,-39.83333333333212,-10.66666666666606,0.5,0.0,900.0,900.0,0.0,1.2129999999999772,0.7130000000000005,7399.0,0
2.113,18446.0,14735.0,11043.0,18437.5,14728.5,11038.5,9000.0,7000.0,5000.0,-39.5,-10.0,0.5,0.0,900.0,900.0,0.0,1.213999999999977,0.7140000000000005,7403.0,0
2.114,18454.0,14741.0,11048.0,18446.5,14735.5,11043.5,8000.0,6000.0,5000.0,-40.16666666666788,-10.33333333333394,0.5,0.0,900.0,900.0,0.0,1.214999999999977,0.7150000000000005,7406.0,0
2.115,18462.0,14748.0,11053.0,18454.5,14741.5,11048.5,8000.0,7000.0,5000.0,-39.83333333333212,-9.66666666666606,0.5,0.0,900.0,900.0,0.0,1.2159999999999769,0.7160000000000005,7409.0,0
2.116,18470.0,14755.0,11057.0,18462.5,14748.5,11053.5,8000.0,7000.0,4000.0,-39.5,-10.0,0.5,0.0,900.0,900.0,0.0,1.2169999999999768,0.7170000000000005,7413.0,0
2.117,18478.0,14761.0,11062.0,18470.5,14755.5,11057.5,8000.0,6000.0,5000.0,-40.83333333333212,-11.66666666666606,0.5,0.0,900.0,900.0,0.0,1.2179999999999767,0.7180000000000005,7416.0,0
2.118,18487.0,14768.0,11067.0,18478.5,14761.5,11062.5,9000.0,7000.0,5000.0,-40.5,-11.0,0.5,0.0,900.0,900.0,0.0,1.2189999999999765,0.7190000000000005,7420.0,0
2.119,18495.0,14774.0,11072.0,18487.5,14768.5,11067.5,8000.0,6000.0,5000.0,-41.16666666666788,-11.33333333333394,0.5,0.0,900.0,900.0,0.0,1.2199999999999764,0.7200000000000005,7423.0,0
2.12,18503.0,14781.0,11077.0,18495.5,14774.5,11072.5,8000.0,7000.0,5000.0,-40.83333333333212,-10.66666666666606,0.5,0.0,900.0,900.0,0.0,1.2209999999999763,0.7210000000000005,7426.0,0
2.121,18511.0,14788.0,11082.0,18503.5,14781.5,11077.5,8000.0,7000.0,5000.0,-40.5,-11.0,0.5,0.0,900.0,900.0,0.0,1.2219999999999762,0.7220000000000005,7429.0,0
2.122,18519.0,14794.0,11087.0,18511.5,14788.5,11082.5,8000.0,6000.0,5000.0,-40.16666666666788,-11.33333333333394,0.5,0.0,900.0,900.0,0.0,1.222999999999976,0.7230000000000005,7432.0,0
2.123,18527.0,14801.0,11092.0,18519.5,14794.5,11087.5,8000.0,7000.0,5000.0,-39.83333333333212,-10.66666666666606,0.5,0.0,900.0,900.0,0.0,1.223999999999976,0.7240000000000005,7435.0,0
2.124,18536.0,14807.0,11097.0,18527.5,14801.5,11092.5,9000.0,6000.0,5000.0,-39.5,-11.0,0.5,0.0,900.0,900.0,0.0,1.2249999999999759,0.7250000000000005,7439.0,0
2.125,18544.0,14814.0,11102.0,18536.5,14807.5,11097.5,8000.0,7000.0,5000.0,-40.16666666666788,-10.33333333333394,0.5,0.0,900.0,900.0,0.0,1.2259999999999758,0.7260000000000005,7442.0,0
2.126,18552.0,14820.0,11107.0,18544.5,14814.5,11102.5,8000.0,6000.0,5000.0,-39.83333333333212,-10.66666666666606,0.5,0.0,900.0,900.0,0.0,1.2269999999999757,0.7270000000000005,7445.0,0
2.1270000000000002,18560.0,14827.0,11112.0,18552.5,14820.5,11107.5,8000.0,7000.0,5000.0,-39.5,-10.0,0.5,0.0,900.0,900.0,0.0,1.2279999999999756,0.7280000000000005,7448.0,0
2.128,18569.0,14833.0,11116.0,18560.5,14827.5,11112.5,9000.0,6000.0,4000.0,-39.16666666666788,-10.33333333333394,0.5,0.0,900.0,900.0,0.0,1.2289999999999754,0.7290000000000005,7453.0,0
2.129,18577.0,14840.0,11121.0,18569.5,14833.5,11116.5,8000.0,7000.0,5000.0,-41.5,-11.0,0.5,0.0,900.0,900.0,0.0,1.2299999999999753,0.7300000000000005,7456.0,0
2.13,18585.0,14846.0,11126.0,18577.5,14840.5,11121.5,8000.0,6000.0,5000.0,-41.16666666666788,-11.33333333333394,0.5,0.0,900.0,900.0,0.0,1.2309999999999752,0.7310000000000005,7459.0,0
2.1310000000000002,18593.0,14853.0,11131.0,18585.5,14846.5,11126.5,8000.0,7000.0,5000.0,-40.83333333333212,-10.66666666666606,0.5,0.0,900.0,900.0,0.0,1.2319999999999751,0.7320000000000005,7462.0,0
2.132,18601.0,14860.0,11136.0,18593.5,14853.5,11131.5,8000.0,7000.0,5000.0,-40.5,-11.0,0.5,0.0,900.0,900.0,0.0,1.232999999999975,0.7330000000000005,7465.0,0
2.133,18609.0,14866.0,11141.0,18601.5,14860.5,11136.5,8000.0,6000.0,5000.0,-40.16666666666788,-11.33333333333394,0.5,0.0,900.0,900.0,0.0,1.233999999999975,0.7340000000000005,7468.0,0
2.134,18618.0,14873.0,11146.0,18609.5,14866.5,11141.5,9000.0,7000.0,5000.0,-39.83333333333212,-10.66666666666606,0.5,0.0,900.0,900.0,0.0,1.2349999999999748,0.7350000000000005,7472.0,0
2.1350000000000002,18626.0,14879.0,11151.0,18618.5,14873.5,11146.5,8000.0,6000.0,5000.0,-40.5,-11.0,0.5,0.0,900.0,900.0,0.0,1.2359999999999747,0.7360000000000005,7475.0,0
2.136,18634.0,14886.0,11156.0,18626.5,14879.5,11151.5,8000.0,7000.0,5000.0,-40.16666666666788,-10.33333333333394,0.5,0.0,900.0,900.0,0.0,1.2369999999999746,0.7370000000000005,7478.0,0
2.137,18642.0,14892.0,11161.0,18634.5,14886.5,11156.5,8000.0,6000.0,5000.0,-39.83333333333212,-10.66666666666606,0.5,0.0,900.0,900.0,0.0,1.2379999999999745,0.7380000000000005,7481.0,0
2.138,18650.0,14899.0,11166.0,18642.5,14892.5,11161.5,8000.0,7000.0,5000.0,-39.5,-10.0,0.5,0.0,900.0,900.0,0.0,1.2389999999999743,0.7390000000000005,7484.0,0
2.1390000000000002,18659.0,14905.0,11171.0,18650.5,14899.5,11166.5,9000.0,6000.0,5000.0,-39.16666666666788,-10.33333333333394,0.5,0.0,900.0,900.0,0.0,1.2399999999999742,0.7400000000000005,7488.0,0
2.14,18667.0,14912.0,11176.0,18659.5,14905.5,11171.5,8000.0,7000.0,5000.0,-39.83333333333212,-9.66666666666606,0.5,0.0,900.0,900.0,0.0,1.2409999999999741,0.7410000000000005,7491.0,0
2.141,18675.0,14919.0,11180.0,18667.5,14912.5,11176.5,8000.0,7000.0,4000.0,-39.5,-10.0,0.5,0.0,900.0,900.0,0.0,1.241999999999974,0.7420000000000005,7495.0,0
2.142,18683.0,14925.0,11185.0,18675.5,14919.5,11180.5,8000.0,6000.0,5000.0,-40.83333333333212,-11.66666666666606,0.5,0.0,900.0,900.0,0.0,1.242999999999974,0.7430000000000005,7498.0,0
2.1430000000000002,18692.0,14932.0,11190.0,18683.5,14925.5,11185.5,9000.0,7000.0,5000.0,-40.5,-11.0,0.5,0.0,900.0,900.0,0.0,1.2439999999999738,0.7440000000000005,7502.0,0
2.144,18700.0,14938.0,11195.0,18692.5,14932.5,11190.5,8000.0,6000.0,5000.0,-41.16666666666788,-11.33333333333394,0.5,0.0,900.0,900.0,0.0,1.2449999999999737,0.7450000000000006,7505.0,0
2.145,18708.0,14945.0,11200.0,18700.5,14938.5,11195.5,8000.0,7000.0,5000.0,-40.83333333333212,-10.66666666666606,0.5,0.0,900.0,900.0,0.0,1.2459999999999736,0.7460000000000006,7508.0,0
2.146,18716.0,14952.0,11205.0,18708.5,14945.5,11200.5,8000.0,7000.0,5000.0,-40.5,-11.0,0.5,0.0,900.0,900.0,0.0,1.2469999999999735,0.7470000000000006,7511.0,0
2.1470000000000002,18724.0,14958.0,11210.0,18716.5,14952.5,11205.5,8000.0,6000.0,5000.0,-40.16666666666788,-11.33333333333394,0.5,0.0,900.0,900.0,0.0,1.2479999999999734,0.7480000000000006,7514.0,0
2.148,18732.0,14965.0,11215.0,18724.5,14958.5,11210.5,8000.0,7000.0,5000.0,-39.83333333333212,-10.66666666666606,0.5,0.0,900.0,900.0,0.0,1.2489999999999732,0.7490000000000006,7517.0,0
2.149,18741.0,14971.0,11220.0,18732.5,14965.5,11215.5,9000.0,6000.0,5000.0,-39.5,-11.0,0.5,0.0,900.0,900.0,0.0,1.2499999999999731,0.7500000000000006,7521.0,0
2.15,18749.0,14978.0,11225.0,18741.5,14971.5,11220.5,8000.0,7000.0,5000.0,-40.16666666666788,-10.33333333333394,0.5,0.0,900.0,900.0,0.0,1.250999999999973,0.7510000000000006,7524.0,0
2.1510000000000002,18757.0,14984.0,11230.0,18749.5,14978.5,11225.5,8000.0,6000.0,5000.0,-39.83333333333212,-10.66666666666606,0.5,0.0,900.0,900.0,0.0,1.251999999999973,0.7520000000000006,7527.0,0
2.152,18765.0,14991.0,11235.0,18757.5,14984.5,11230.5,8000.0,7000.0,5000.0,-39.5,-10.0,0.5,0.0,900.0,900.0,0.0,1.2529999999999728,0.7530000000000006,7530.0,0
2.153,18774.0,14997.0,11239.0,18765.5,14991.5,11235.5,9000.0,6000.0,4000.0,-39.16666666666788,-10.33333333333394,0.5,0.0,900.0,900.0,0.0,1.2539999999999727,0.7540000000000006,7535.0,0
2.154,18782.0,15004.0,11244.0,18774.5,14997.5,11239.5,8000.0,7000.0,5000.0,-41.5,-11.0,0.5,0.0,900.0,900.0,0.0,1.2549999999999726,0.7550000000000006,7538.0,0
2.1550000000000002,18790.0,15011.0,11249.0,18782.5,15004.5,11244.5,8000.0,7000.0,5000.0,-41.16666666666788,-11.33333333333394,0.5,0.0,900.0,900.0,0.0,1.2559999999999725,0.7560000000000006,7541.0,0
2.156,18798.0,15017.0,11254.0,18790.5,15011.5,11249.5,8000.0,6000.0,5000.0,-40.83333333333212,-11.66666666666606,0.5,0.0,900.0,900.0,0.0,1.2569999999999724,0.7570000000000006,7544.0,0
2.157,18806.0,15024.0,11259.0,18798.5,15017.5,11254.5,8000.0,7000.0,5000.0,-40.5,-11.0,0.5,0.0,900.0,900.0,0.0,1.2579999999999723,0.7580000000000006,7547.0,0
2.158,18814.0,15030.0,11264.0,18806.5,15024.5,11259.5,8000.0,6000.0,5000.0,-40.16666666666788,-11.33333333333394,0.5,0.0,900.0,900.0,0.0,1.2589999999999721,0.7590000000000006,7550.0,0
2.1590000000000003,18823.0,15037.0,11269.0,18814.5,15030.5,11264.5,9000.0,7000.0,5000.0,-39.83333333333212,-10.66666666666606,0.5,0.0,900.0,900.0,0.0,1.259999999999972,0.7600000000000006,7554.0,0
2.16,18831.0,15043.0,11274.0,18823.5,15037.5,11269.5,8000.0,6000.0,5000.0,-40.5,-11.0,0.5,0.0,900.0,900.0,0.0,1.260999999999972,0.7610000000000006,7557.0,0
2.161,18839.0,15050.0,11279.0,18831.5,15043.5,11274.5,8000.0,7000.0,5000.0,-40.16666666666788,-10.33333333333394,0.5,0.0,900.0,900.0,0.0,1.2619999999999718,0.7620000000000006,7560.0,0
2.162,18847.0,15056.0,11284.0,18839.5,15050.5,11279.5,8000.0,6000.0,5000.0,-39.83333333333212,-10.66666666666606,0.5,0.0,900.0,900.0,0.0,1.2629999999999717,0.7630000000000006,7563.0,0
2.1630000000000003,18855.0,15063.0,11289.0,18847.5,15056.5,11284.5,8000.0,7000.0,5000.0,-39.5,-10.0,0.5,0.0,900.0,900.0,0.0,1.2639999999999716,0.7640000000000006,7566.0,0
2.164,18864.0,15069.0,11294.0,18855.5,15063.5,11289.5,9000.0,6000.0,5000.0,-39.16666666666788,-10.33333333333394,0.5,0.0,900.0,900.0,0.0,1.2649999999999715,0.7650000000000006,7570.0,0
2.165,18872.0,15076.0,11299.0,18864.5,15069.5,11294.5,8000.0,7000.0,5000.0,-39.83333333333212,-9.66666666666606,0.5,0.0,900.0,900.0,0.0,1.2659999999999714,0.7660000000000006,7573.0,0
2.166,18880.0,15083.0,11303.0,18872.5,15076.5,11299.5,8000.0,7000.0,4000.0,-39.5,-10.0,0.5,0.0,900.0,900.0,0.0,1.2669999999999713,0.7670000000000006,7577.0,0
2.1670000000000003,18888.0,15089.0,11308.0,18880.5,15083.5,11303.5,8000.0,6000.0,5000.0,-40.83333333333212,-11.66666666666606,0.5,0.0,900.0,900.0,0.0,1.2679999999999712,0.7680000000000006,7580.0,0
2.168,18897.0,15096.0,11313.0,18888.5,15089.5,11308.5,9000.0,7000.0,5000.0,-40.5,-11.0,0.5,0.0,900.0,900.0,0.0,1.268999999999971,0.7690000000000006,7584.0,0
2.169,18905.0,15102.0,11318.0,18897.5,15096.5,11313.5,8000.0,6000.0,5000.0,-41.16666666666788,-11.33333333333394,0.5,0.0,900.0,900.0,0.0,1.269999999999971,0.7700000000000006,7587.0,0
2.17,18913.0,15109.0,11323.0,18905.5,15102.5,11318.5,8000.0,7000.0,5000.0,-40.83333333333212,-10.66666666666606,0.5,0.0,900.0,900.0,0.0,1.2709999999999708,0.7710000000000006,7590.0,0
2.1710000000000003,18921.0,15116.0,11328.0,18913.5,15109.5,11323.5,8000.0,7000.0,5000.0,-40.5,-11.0,0.5,0.0,900.0,900.0,0.0,1.2719999999999707,0.7720000000000006,7593.0,0
2.172,18929.0,15122.0,11333.0,18921.5,15116.5,11328.5,8000.0,6000.0,5000.0,-40.16666666666788,-11.33333333333394,0.5,0.0,900.0,900.0,0.0,1.2729999999999706,0.7730000000000006,7596.0,0
2.173,18937.0,15129.0,11338.0,18929.5,15122.5,11333.5,8000.0,7000.0,5000.0,-39.83333333333212,-10.66666666666606,0.5,0.0,900.0,900.0,0.0,1.2739999999999705,0.7740000000000006,7599.0,0
2.174,18946.0,15135.0,11343.0,18937.5,15129.5,11338.5,9000.0,6000.0,5000.0,-39.5,-11.0,0.5,0.0,900.0,900.0,0.0,1.2749999999999704,0.7750000000000006,7603.0,0
2.1750000000000003,18954.0,15142.0,11348.0,18946.5,15135.5,11343.5,8000.0,7000.0,5000.0,-40.16666666666788,-10.33333333333394,0.5,0.0,900.0,900.0,0.0,1.2759999999999703,0.7760000000000006,7606.0,0
2.176,18962.0,15148.0,11353.0,18954.5,15142.5,11348.5,8000.0,6000.0,5000.0,-39.83333333333212,-10.66666666666606,0.5,0.0,900.0,900.0,0.0,1.2769999999999702,0.7770000000000006,7609.0,0
2.177,18970.0,15155.0,11358.0,18962.5,15148.5,11353.5,8000.0,7000.0,5000.0,-39.5,-10.0,0.5,0.0,900.0,900.0,0.0,1.27799999999997,0.7780000000000006,7612.0,0
2.178,18979.0,15161.0,11362.0,18970.5,15155.5,11358.5,9000.0,6000.0,4000.0,-39.16666666666788,-10.33333333333394,0.5,0.0,900.0,900.0,0.0,1.27899999999997,0.7790000000000006,7617.0,0
2.179,18987.0,15168.0,11367.0,18979.5,15161.5,11362.5,8000.0,7000.0,5000.0,-41.5,-11.0,0.5,0.0,900.0,900.0,0.0,1.2799999999999698,0.7800000000000006,7620.0,0
2.18,18995.0,15174.0,11372.0,18987.5,15168.5,11367.5,8000.0,6000.0,5000.0,-41.16666666666788,-11.33333333333394,0.5,0.0,900.0,900.0,0.0,1.2809999999999697,0.7810000000000006,7623.0,0
2.181,19003.0,15181.0,11377.0,18995.5,15174.5,11372.5,8000.0,7000.0,5000.0,-40.83333333333212,-10.66666666666606,0.5,0.0,900.0,900.0,0.0,1.2819999999999696,0.7820000000000006,7626.0,0
2.182,19011.0,15188.0,11382.0,19003.5,15181.5,11377.5,8000.0,7000.0,5000.0,-40.5,-11.0,0.5,0.0,900.0,900.0,0.0,1.2829999999999695,0.7830000000000006,7629.0,0
2.183,19019.0,15194.0,11387.0,19011.5,15188.5,11382.5,8000.0,6000.0,5000.0,-40.16666666666788,-11.33333333333394,0.5,0.0,900.0,900.0,0.0,1.2839999999999694,0.7840000000000006,7632.0,0
2.184,19028.0,15201.0,11392.0,19019.5,15194.5,11387.5,9000.0,7000.0,5000.0,-39.83333333333212,-10.66666666666606,0.5,0.0,900.0,900.0,0.0,1.2849999999999693,0.7850000000000006,7636.0,0
2.185,19036.0,15207.0,11397.0,19028.5,15201.5,11392.5,8000.0,6000.0,5000.0,-40.5,-11.0,0.5,0.0,900.0,900.0,0.0,1.2859999999999692,0.7860000000000006,7639.0,0
2.186,19044.0,15214.0,11402.0,19036.5,15207.5,11397.5,8000.0,7000.0,5000.0,-40.16666666666788,-10.33333333333394,0.5,0.0,900.0,900.0,0.0,1.286999999999969,0.7870000000000006,7642.0,0
2.187,19052.0,15220.0,11407.0,19044.5,15214.5,11402.5,8000.0,6000.0,5000.0,-39.83333333333212,-10.66666666666606,0.5,0.0,900.0,900.0,0.0,1.287999999999969,0.7880000000000006,7645.0,0
2.188,19060.0,15227.0,11412.0,19052.5,15220.5,11407.5,8000.0,7000.0,5000.0,-39.5,-10.0,0.5,0.0,900.0,900.0,0.0,1.2889999999999688,0.7890000000000006,7648.0,0
2.189,19069.0,15233.0,11417.0,19060.5,15227.5,11412.5,9000.0,6000.0,5000.0,-39.16666666666788,-10.33333333333394,0.5,0.0,900.0,900.0,0.0,1.2899999999999687,0.7900000000000006,7652.0,0
2.19,19077.0,15240.0,11422.0,19069.5,15233.5,11417.5,8000.0,7000.0,5000.0,-39.83333333333212,-9.66666666666606,0.5,0.0,900.0,900.0,0.0,1.2909999999999686,0.7910000000000006,7655.0,0
2.191,19085.0,15247.0,11426.0,19077.5,15240.5,11422.5,8000.0,7000.0,4000.0,-39.5,-10.0,0.5,0.0,900.0,900.0,0.0,1.2919999999999685,0.7920000000000006,7659.0,0
2.192,19093.0,15253.0,11431.0,19085.5,15247.5,11426.5,8000.0,6000.0,5000.0,-40.83333333333212,-11.66666666666606,0.5,0.0,900.0,900.0,0.0,1.2929999999999684,0.7930000000000006,7662.0,0
2.193,19102.0,15260.0,11436.0,19093.5,15253.5,11431.5,9000.0,7000.0,5000.0,-40.5,-11.0,0.5,0.0,900.0,900.0,0.0,1.2939999999999683,0.7940000000000006,7666.0,0
2.194,19110.0,15266.0,11441.0,19102.5,15260.5,11436.5,8000.0,6000.0,5000.0,-41.16666666666788,-11.33333333333394,0.5,0.0,900.0,900.0,0.0,1.2949999999999682,0.7950000000000006,7669.0,0
2.195,19118.0,15273.0,11446.0,19110.5,15266.5,11441.5,8000.0,7000.0,5000.0,-40.83333333333212,-10.66666666666606,0.5,0.0,900.0,900.0,0.0,1.295999999999968,0.7960000000000006,7672.0,0
2.196,19126.0,15280.0,11451.0,19118.5,15273.5,11446.5,8000.0,7000.0,5000.0,-40.5,-11.0,0.5,0.0,900.0,900.0,0.0,1.296999999999968,0.7970000000000006,7675.0,0
2.197,19134.0,15286.0,11456.0,19126.5,15280.5,11451.5,8000.0,6000.0,5000.0,-40.16666666666788,-11.33333333333394,0.5,0.0,900.0,900.0,0.0,1.2979999999999678,0.7980000000000006,7678.0,0
2.198,19142.0,15293.0,11461.0,19134.5,15286.5,11456.5,8000.0,7000.0,5000.0,-39.83333333333212,-10.66666666666606,0.5,0.0,900.0,900.0,0.0,1.2989999999999677,0.7990000000000006,7681.0,0
2.199,19151.0,15299.0,11466.0,19142.5,15293.5,11461.5,9000.0,6000.0,5000.0,-39.5,-11.0,0.5,0.0,900.0,900.0,0.0,1.2999999999999676,0.8000000000000006,7685.0,0
2.2,19159.0,15306.0,11471.0,19151.5,15299.5,11466.5,8000.0,7000.0,5000.0,-40.16666666666788,-10.33333333333394,0.5,0.0,900.0,900.0,0.0,1.3009999999999675,0.8010000000000006,7688.0,0
2.201,19167.0,15312.0,11476.0,19159.5,15306.5,11471.5,8000.0,6000.0,5000.0,-39.83333333333212,-10.66666666666606,0.5,0.0,900.0,900.0,0.0,1.3019999999999674,0.8020000000000006,7691.0,0
2.202,19175.0,15319.0,11481.0,19167.5,15312.5,11476.5,8000.0,7000.0,5000.0,-39.5,-10.0,0.5,0.0,900.0,900.0,0.0,1.3029999999999673,0.8030000000000006,7694.0,0
2.203,19184.0,15325.0,11485.0,19175.5,15319.5,11481.5,9000.0,6000.0,4000.0,-39.16666666666788,-10.33333333333394,0.5,0.0,900.0,900.0,0.0,1.3039999999999672,0.8040000000000006,7699.0,0
2.204,19192.0,15332.0,11490.0,19184.5,15325.5,11485.5,8000.0,7000.0,5000.0,-41.5,-11.0,0.5,0.0,900.0,900.0,0.0,1.304999999999967,0.8050000000000006,7702.0,0
2.205,19200.0,15339.0,11495.0,19192.5,15332.5,11490.5,8000.0,7000.0,5000.0,-41.16666666666788,-11.33333333333394,0.5,0.0,900.0,900.0,0.0,1.305999999999967,0.8060000000000006,7705.0,0
2.206,19208.0,15345.0,11500.0,19200.5,15339.5,11495.5,8000.0,6000.0,5000.0,-40.83333333333212,-11.66666666666606,0.5,0.0,900.0,900.0,0.0,1.3069999999999669,0.8070000000000006,7708.0,0
2.207,19216.0,15352.0,11505.0,19208.5,15345.5,11500.5,8000.0,7000.0,5000.0,-40.5,-11.0,0.5,0.0,900.0,900.0,0.0,1.3079999999999667,0.8080000000000006,7711.0,0
2.208,19224.0,15358.0,11510.0,19216.5,15352.5,11505.5,8000.0,6000.0,5000.0,-40.16666666666788,-11.33333333333394,0.5,0.0,900.0,900.0,0.0,1.3089999999999666,0.8090000000000006,7714.0,0
2.209,19233.0,15365.0,11515.0,19224.5,15358.5,11510.5,9000.0,7000.0,5000.0,-39.83333333333212,-10.66666666666606,0.5,0.0,900.0,900.0,0.0,1.3099999999999665,0.8100000000000006,7718.0,0
2.21,19241.0,15371.0,11520.0,19233.5,15365.5,11515.5,8000.0,6000.0,5000.0,-40.5,-11.0,0.5,0.0,900.0,900.0,0.0,1.3109999999999664,0.8110000000000006,7721.0,0
2.211,19249.0,15378.0,11525.0,19241.5,15371.5,11520.5,8000.0,7000.0,5000.0,-40.16666666666788,-10.33333333333394,0.5,0.0,900.0,900.0,0.0,1.3119999999999663,0.8120000000000006,7724.0,0
2.212,19257.0,15384.0,11530.0,19249.5,15378.5,11525.5,8000.0,6000.0,5000.0,-39.83333333333212,-10.66666666666606,0.5,0.0,900.0,900.0,0.0,1.3129999999999662,0.8130000000000006,7727.0,0
2.213,19265.0,15391.0,11535.0,19257.5,15384.5,11530.5,8000.0,7000.0,5000.0,-39.5,-10.0,0.5,0.0,900.0,900.0,0.0,1.313999999999966,0.8140000000000006,7730.0,0
2.214,19274.0,15397.0,11540.0,19265.5,15391.5,11535.5,9000.0,6000.0,5000.0,-39.16666666666788,-10.33333333333394,0.5,0.0,900.0,900.0,0.0,1.314999999999966,0.8150000000000006,7734.0,0
2.215,19282.0,15404.0,11545.0,19274.5,15397.5,11540.5,8000.0,7000.0,5000.0,-39.83333333333212,-9.66666666666606,0.5,0.0,900.0,900.0,0.0,1.3159999999999659,0.8160000000000006,7737.0,0
2.216,19290.0,15411.0,11549.0,19282.5,15404.5,11545.5,8000.0,7000.0,4000.0,-39.5,-10.0,0.5,0.0,900.0,900.0,0.0,1.3169999999999658,0.8170000000000006,7741.0,0
2.217,19298.0,15417.0,11554.0,19290.5,15411.5,11549.5,8000.0,6000.0,5000.0,-40.83333333333212,-11.66666666666606,0.5,0.0,900.0,900.0,0.0,1.3179999999999656,0.8180000000000006,7744.0,0
2.218,19307.0,15424.0,11559.0,19298.5,15417.5,11554.5,9000.0,7000.0,5000.0,-40.5,-11.0,0.5,0.0,900.0,900.0,0.0,1.3189999999999655,0.8190000000000006,7748.0,0
2.219,19315.0,15430.0,11564.0,19307.5,15424.5,11559.5,8000.0,6000.0,5000.0,-41.16666666666788,-11.33333333333394,0.5,0.0,900.0,900.0,0.0,1.3199999999999654,0.8200000000000006,7751.0,0
2.22,19323.0,15437.0,11569.0,19315.5,15430.5,11564.5,8000.0,7000.0,5000.0,-40.83333333333212,-10.66666666666606,0.5,0.0,900.0,900.0,0.0,1.3209999999999653,0.8210000000000006,7754.0,0
2.221,19331.0,15444.0,11574.0,19323.5,15437.5,11569.5,8000.0,7000.0,5000.0,-40.5,-11.0,0.5,0.0,900.0,900.0,0.0,1.3219999999999652,0.8220000000000006,7757.0,0
2.222,19339.0,15450.0,11579.0,19331.5,15444.5,11574.5,8000.0,6000.0,5000.0,-40.16666666666788,-11.33333333333394,0.5,0.0,900.0,900.0,0.0,1.322999999999965,0.8230000000000006,7760.0,0
2.223,19347.0,15457.0,11584.0,19339.5,15450.5,11579.5,8000.0,7000.0,5000.0,-39.83333333333212,-10.66666666666606,0.5,0.0,900.0,900.0,0.0,1.323999999999965,0.8240000000000006,7763.0,0
2.224,19356.0,15463.0,11589.0,19347.5,15457.5,11584.5,9000.0,6000.0,5000.0,-39.5,-11.0,0.5,0.0,900.0,900.0,0.0,1.3249999999999649,0.8250000000000006,7767.0,0
2.225,19364.0,15470.0,11594.0,19356.5,15463.5,11589.5,8000.0,7000.0,5000.0,-40.16666666666788,-10.33333333333394,0.5,0.0,900.0,900.0,0.0,1.3259999999999648,0.8260000000000006,7770.0,0
2.226,19372.0,15476.0,11599.0,19364.5,15470.5,11594.5,8000.0,6000.0,5000.0,-39.83333333333212,-10.66666666666606,0.5,0.0,900.0,900.0,0.0,1.3269999999999647,0.8270000000000006,7773.0,0
2.227,19380.0,15483.0,11604.0,19372.5,15476.5,11599.5,8000.0,7000.0,5000.0,-39.5,-10.0,0.5,0.0,900.0,900.0,0.0,1.3279999999999645,0.8280000000000006,7776.0,0
2.228,19389.0,15489.0,11608.0,19380.5,15483.5,11604.5,9000.0,6000.0,4000.0,-39.16666666666788,-10.33333333333394,0.5,0.0,900.0,900.0,0.0,1.3289999999999644,0.8290000000000006,7781.0,0
2.229,19397.0,15496.0,11613.0,19389.5,15489.5,11608.5,8000.0,7000.0,5000.0,-41.5,-11.0,0.5,0.0,900.0,900.0,0.0,1.3299999999999643,0.8300000000000006,7784.0,0
2.23,19405.0,15502.0,11618.0,19397.5,15496.5,11613.5,8000.0,6000.0,5000.0,-41.16666666666788,-11.33333333333394,0.5,0.0,900.0,900.0,0.0,1.3309999999999642,0.8310000000000006,7787.0,0
2.231,19413.0,15509.0,11623.0,19405.5,15502.5,11618.5,8000.0,7000.0,5000.0,-40.83333333333212,-10.66666666666606,0.5,0.0,900.0,900.0,0.0,1.331999999999964,0.8320000000000006,7790.0,0
2.232,19421.0,15516.0,11628.0,19413.5,15509.5,11623.5,8000.0,7000.0,5000.0,-40.5,-11.0,0.5,0.0,900.0,900.0,0.0,1.332999999999964,0.8330000000000006,7793.0,0
2.233,19429.0,15522.0,11633.0,19421.5,15516.5,11628.5,8000.0,6000.0,5000.0,-40.16666666666788,-11.33333333333394,0.5,0.0,900.0,900.0,0.0,1.3339999999999639,0.8340000000000006,7796.0,0
2.234,19438.0,15529.0,11638.0,19429.5,15522.5,11633.5,9000.0,7000.0,5000.0,-39.83333333333212,-10.66666666666606,0.5,0.0,900.0,900.0,0.0,1.3349999999999638,0.8350000000000006,7800.0,0
2.235,19446.0,15535.0,11643.0,19438.5,15529.5,11638.5,8000.0,6000.0,5000.0,-40.5,-11.0,0.5,0.0,900.0,900.0,0.0,1.3359999999999637,0.8360000000000006,7803.0,0
2.236,19454.0,15542.0,11648.0,19446.5,15535.5,11643.5,8000.0,7000.0,5000.0,-40.16666666666788,-10.33333333333394,0.5,0.0,900.0,900.0,0.0,1.3369999999999636,0.8370000000000006,7806.0,0
2.237,19462.0,15548.0,11653.0,19454.5,15542.5,11648.5,8000.0,6000.0,5000.0,-39.83333333333212,-10.66666666666606,0.5,0.0,900.0,900.0,0.0,1.3379999999999634,0.8380000000000006,7809.0,0
2.238,19470.0,15555.0,11658.0,19462.5,15548.5,11653.5,8000.0,7000.0,5000.0,-39.5,-10.0,0.5,0.0,900.0,900.0,0.0,1.3389999999999633,0.8390000000000006,7812.0,0
2.239,19479.0,15561.0,11663.0,19470.5,15555.5,11658.5,9000.0,6000.0,5000.0,-39.16666666666788,-10.33333333333394,0.5,0.0,900.0,900.0,0.0,1.3399999999999632,0.8400000000000006,7816.0,0
2.24,19487.0,15568.0,11668.0,19479.5,15561.5,11663.5,8000.0,7000.0,5000.0,-39.83333333333212,-9.66666666666606,0.5,0.0,900.0,900.0,0.0,1.340999999999963,0.8410000000000006,7819.0,0
2.241,19495.0,15575.0,11672.0,19487.5,15568.5,11668.5,8000.0,7000.0,4000.0,-39.5,-10.0,0.5,0.0,900.0,900.0,0.0,1.341999999999963,0.8420000000000006,7823.0,0
2.242,19503.0,15581.0,11677.0,19495.5,15575.5,11672.5,8000.0,6000.0,5000.0,-40.83333333333212,-11.66666666666606,0.5,0.0,900.0,900.0,0.0,1.342999999999963,0.8430000000000006,7826.0,0
2.243,19512.0,15588.0,11682.0,19503.5,15581.5,11677.5,9000.0,7000.0,5000.0,-40.5,-11.0,0.5,0.0,900.0,900.0,0.0,1.3439999999999628,0.8440000000000006,7830.0,0
2.244,19520.0,15594.0,11687.0,19512.5,15588.5,11682.5,8000.0,6000.0,5000.0,-41.16666666666788,-11.33333333333394,0.5,0.0,900.0,900.0,0.0,1.3449999999999627,0.8450000000000006,7833.0,0
2.245,19528.0,15601.0,11692.0,19520.5,15594.5,11687.5,8000.0,7000.0,5000.0,-40.83333333333212,-10.66666666666606,0.5,0.0,900.0,900.0,0.0,1.3459999999999626,0.8460000000000006,7836.0,0
2.246,19536.0,15608.0,11697.0,19528.5,15601.5,11692.5,8000.0,7000.0,5000.0,-40.5,-11.0,0.5,0.0,900.0,900.0,0.0,1.3469999999999624,0.8470000000000006,7839.0,0
2.247,19544.0,15614.0,11702.0,19536.5,15608.5,11697.5,8000.0,6000.0,5000.0,-40.16666666666788,-11.33333333333394,0.5,0.0,900.0,900.0,0.0,1.3479999999999623,0.8480000000000006,7842.0,0
2.248,19552.0,15621.0,11707.0,19544.5,15614.5,11702.5,8000.0,7000.0,5000.0,-39.83333333333212,-10.66666666666606,0.5,0.0,900.0,900.0,0.0,1.3489999999999622,0.8490000000000006,7845.0,0
2.249,19561.0,15627.0,11712.0,19552.5,15621.5,11707.5,9000.0,6000.0,5000.0,-39.5,-11.0,0.5,0.0,900.0,900.0,0.0,1.3499999999999621,0.8500000000000006,7849.0,0
2.25,19569.0,15634.0,11717.0,19561.5,15627.5,11712.5,8000.0,7000.0,5000.0,-40.16666666666788,-10.33333333333394,0.5,0.0,900.0,900.0,0.0,1.350999999999962,0.8510000000000006,7852.0,0
2.251,19577.0,15640.0,11722.0,19569.5,15634.5,11717.5,8000.0,6000.0,5000.0,-39.83333333333212,-10.66666666666606,0.5,0.0,900.0,900.0,0.0,1.351999999999962,0.8520000000000006,7855.0,0
2.2520000000000002,19585.0,15647.0,11727.0,19577.5,15640.5,11722.5,8000.0,7000.0,5000.0,-39.5,-10.0,0.5,0.0,900.0,900.0,0.0,1.3529999999999618,0.8530000000000006,7858.0,0
2.253,19594.0,15653.0,11731.0,19585.5,15647.5,11727.5,9000.0,6000.0,4000.0,-39.16666666666788,-10.33333333333394,0.5,0.0,900.0,900.0,0.0,1.3539999999999617,0.8540000000000006,7863.0,0
2.254,19602.0,15660.0,11736.0,19594.5,15653.5,11731.5,8000.0,7000.0,5000.0,-41.5,-11.0,0.5,0.0,900.0,900.0,0.0,1.3549999999999616,0.8550000000000006,7866.0,0
2.255,19610.0,15667.0,11741.0,19602.5,15660.5,11736.5,8000.0,7000.0,5000.0,-41.16666666666788,-11.33333333333394,0.5,0.0,900.0,900.0,0.0,1.3559999999999615,0.8560000000000006,7869.0,0
2.2560000000000002,19618.0,15673.0,11746.0,19610.5,15667.5,11741.5,8000.0,6000.0,5000.0,-40.83333333333212,-11.66666666666606,0.5,0.0,900.0,900.0,0.0,1.3569999999999613,0.8570000000000007,7872.0,0
2.257,19626.0,15680.0,11751.0,19618.5,15673.5,11746.5,8000.0,7000.0,5000.0,-40.5,-11.0,0.5,0.0,900.0,900.0,0.0,1.3579999999999612,0.8580000000000007,7875.0,0
2.258,19634.0,15686.0,11756.0,19626.5,15680.5,11751.5,8000.0,6000.0,5000.0,-40.16666666666788,-11.33333333333394,0.5,0.0,900.0,900.0,0.0,1.3589999999999611,0.8590000000000007,7878.0,0
2.259,19643.0,15693.0,11761.0,19634.5,15686.5,11756.5,9000.0,7000.0,5000.0,-39.83333333333212,-10.66666666666606,0.5,0.0,900.0,900.0,0.0,1.359999999999961,0.8600000000000007,7882.0,0
2.2600000000000002,19651.0,15699.0,11766.0,19643.5,15693.5,11761.5,8000.0,6000.0,5000.0,-40.5,-11.0,0.5,0.0,900.0,900.0,0.0,1.360999999999961,0.8610000000000007,7885.0,0
2.261,19659.0,15706.0,11771.0,19651.5,15699.5,11766.5,8000.0,7000.0,5000.0,-40.16666666666788,-10.33333333333394,0.5,0.0,900.0,900.0,0.0,1.3619999999999608,0.8620000000000007,7888.0,0
2.262,19667.0,15712.0,11776.0,19659.5,15706.5,11771.5,8000.0,6000.0,5000.0,-39.83333333333212,-10.66666666666606,0.5,0.0,900.0,900.0,0.0,1.3629999999999607,0.8630000000000007,7891.0,0
2.263,19675.0,15719.0,11781.0,19667.5,15712.5,11776.5,8000.0,7000.0,5000.0,-39.5,-10.0,0.5,0.0,900.0,900.0,0.0,1.3639999999999606,0.8640000000000007,7894.0,0
2.2640000000000002,19684.0,15725.0,11786.0,19675.5,15719.5,11781.5,9000.0,6000.0,5000.0,-39.16666666666788,-10.33333333333394,0.5,0.0,900.0,900.0,0.0,1.3649999999999605,0.8650000000000007,7898.0,0
2.265,19692.0,15732.0,11791.0,19684.5,15725.5,11786.5,8000.0,7000.0,5000.0,-39.83333333333212,-9.66666666666606,0.5,0.0,900.0,900.0,0.0,1.3659999999999604,0.8660000000000007,7901.0,0
2.266,19700.0,15739.0,11795.0,19692.5,15732.5,11791.5,8000.0,7000.0,4000.0,-39.5,-10.0,0.5,0.0,900.0,900.0,0.0,1.3669999999999602,0.8670000000000007,7905.0,0
2.267,19708.0,15745.0,11800.0,19700.5,15739.5,11795.5,8000.0,6000.0,5000.0,-40.83333333333212,-11.66666666666606,0.5,0.0,900.0,900.0,0.0,1.3679999999999601,0.8680000000000007,7908.0,0
2.2680000000000002,19717.0,15752.0,11805.0,19708.5,15745.5,11800.5,9000.0,7000.0,5000.0,-40.5,-11.0,0.5,0.0,900.0,900.0,0.0,1.36899999999996,0.8690000000000007,7912.0,0
2.269,19725.0,15758.0,11810.0,19717.5,15752.5,11805.5,8000.0,6000.0,5000.0,-41.16666666666788,-11.33333333333394,0.5,0.0,900.0,900.0,0.0,1.36999999999996,0.8700000000000007,7915.0,0
2.27,19733.0,15765.0,11815.0,19725.5,15758.5,11810.5,8000.0,7000.0,5000.0,-40.83333333333212,-10.66666666666606,0.5,0.0,900.0,900.0,0.0,1.3709999999999598,0.8710000000000007,7918.0,0
2.271,19741.0,15772.0,11820.0,19733.5,15765.5,11815.5,8000.0,7000.0,5000.0,-40.5,-11.0,0.5,0.0,900.0,900.0,0.0,1.3719999999999597,0.8720000000000007,7921.0,0
2.2720000000000002,19749.0,15778.0,11825.0,19741.5,15772.5,11820.5,8000.0,6000.0,5000.0,-40.16666666666788,-11.33333333333394,0.5,0.0,900.0,900.0,0.0,1.3729999999999596,0.8730000000000007,7924.0,0
2.273,19757.0,15785.0,11830.0,19749.5,15778.5,11825.5,8000.0,7000.0,5000.0,-39.83333333333212,-10.66666666666606,0.5,0.0,900.0,900.0,0.0,1.3739999999999595,0.8740000000000007,7927.0,0
2.274,19765.0,15791.0,11835.0,19757.5,15785.5,11830.5,8000.0,6000.0,5000.0,-39.5,-11.0,0.5,0.0,900.0,900.0,0.0,1.3749999999999594,0.8750000000000007,7930.0,0
2.275,19773.0,15798.0,11840.0,19765.5,15791.5,11835.5,8000.0,7000.0,5000.0,-39.16666666666788,-10.33333333333394,0.5,0.0,900.0,900.0,0.0,1.3759999999999593,0.8760000000000007,7933.0,0
2.2760000000000002,19781.0,15804.0,11845.0,19773.5,15798.5,11840.5,8000.0,6000.0,5000.0,-38.83333333333212,-10.66666666666606,0.5,0.0,900.0,900.0,0.0,1.3769999999999591,0.8770000000000007,7936.0,0
2.277,19789.0,15811.0,11850.0,19781.5,15804.5,11845.5,8000.0,7000.0,5000.0,-38.5,-10.0,0.5,0.0,900.0,900.0,0.0,1.377999999999959,0.8780000000000007,7939.0,0
2.278,19796.0,15817.0,11854.0,19789.5,15811.5,11850.5,7000.0,6000.0,4000.0,-38.16666666666788,-10.33333333333394,0.5,0.0,900.0,900.0,0.0,1.378999999999959,0.8790000000000007,7942.0,0
2.279,19804.0,15824.0,11859.0,19796.5,15817.5,11854.5,8000.0,7000.0,5000.0,-38.5,-11.0,0.5,0.0,900.0,900.0,0.0,1.3799999999999588,0.8800000000000007,7945.0,0
2.2800000000000002,19811.0,15830.0,11864.0,19804.5,15824.5,11859.5,7000.0,6000.0,5000.0,-38.16666666666788,-11.33333333333394,0.5,0.0,900.0,900.0,0.0,1.3809999999999587,0.8810000000000007,7947.0,0
2.281,19819.0,15837.0,11869.0,19811.5,15830.5,11864.5,8000.0,7000.0,5000.0,-36.83333333333212,-10.66666666666606,0.5,0.0,900.0,900.0,0.0,1.3819999999999586,0.8820000000000007,7950.0,0
2.282,19826.0,15843.0,11874.0,19819.5,15837.5,11869.5,7000.0,6000.0,5000.0,-36.5,-11.0,0.5,0.0,900.0,900.0,0.0,1.3829999999999585,0.8830000000000007,7952.0,0
2.283,19832.0,15849.0,11879.0,19826.5,15843.5,11874.5,6000.0,6000.0,5000.0,-35.16666666666788,-10.33333333333394,0.5,0.0,900.0,900.0,0.0,1.3839999999999584,0.8840000000000007,7953.0,0
2.2840000000000003,19839.0,15855.0,11884.0,19832.5,15849.5,11879.5,7000.0,6000.0,5000.0,-32.83333333333212,-9.66666666666606,0.5,0.0,900.0,900.0,0.0,1.3849999999999583,0.8850000000000007,7955.0,0
2.285,19846.0,15860.0,11889.0,19839.5,15855.5,11884.5,7000.0,5000.0,5000.0,-31.5,-9.0,0.5,0.0,900.0,900.0,0.0,1.3859999999999582,0.8860000000000007,7957.0,0
2.286,19853.0,15866.0,11894.0,19846.5,15860.5,11889.5,7000.0,6000.0,5000.0,-30.16666666666788,-7.33333333333394,0.5,0.0,900.0,900.0,0.0,1.386999999999958,0.8870000000000007,7959.0,0
2.287,19859.0,15871.0,11899.0,19853.5,15866.5,11894.5,6000.0,5000.0,5000.0,-28.83333333333212,-6.66666666666606,0.5,0.0,900.0,900.0,0.0,1.387999999999958,0.8880000000000007,7960.0,0
2.2880000000000003,19865.0,15877.0,11904.0,19859.5,15871.5,11899.5,6000.0,6000.0,5000.0,-26.5,-5.0,0.5,0.0,900.0,900.0,0.0,1.3889999999999578,0.8890000000000007,7961.0,0
2.289,19871.0,15882.0,11909.0,19865.5,15877.5,11904.5,6000.0,5000.0,5000.0,-24.16666666666788,-4.33333333333394,0.5,0.0,900.0,900.0,0.0,1.3899999999999577,0.8900000000000007,7962.0,0
2.29,19877.0,15887.0,11914.0,19871.5,15882.5,11909.5,6000.0,5000.0,5000.0,-21.83333333333212,-2.6666666666660603,0.5,0.0,900.0,900.0,0.0,1.3909999999999576,0.8910000000000007,7963.0,0
2.291,19883.0,15892.0,11918.0,19877.5,15887.5,11914.5,6000.0,5000.0,4000.0,-19.5,-1.0,0.5,0.0,900.0,900.0,0.0,1.3919999999999575,0.8920000000000007,7965.0,0
2.2920000000000003,19888.0,15896.0,11923.0,19883.5,15892.5,11918.5,5000.0,4000.0,5000.0,-18.83333333333212,-0.6666666666660603,0.5,0.0,900.0,900.0,0.0,1.3929999999999574,0.8930000000000007,7965.0,0
2.293,19894.0,15901.0,11928.0,19888.5,15896.5,11923.5,6000.0,5000.0,5000.0,-17.375,0.5,-0.625,0.0,900.0,900.0,0.0,1.3939999999999573,0.8940000000000007,7966.0,0
2.294,19900.0,15906.0,11932.0,19894.5,15901.5,11928.5,6000.0,5000.0,4000.0,-17.125,0.5,-1.875,0.0,900.0,900.0,0.0,1.3949999999999572,0.8950000000000007,7968.0,0
2.295,19906.0,15911.0,11937.0,19900.5,15906.5,11932.5,6000.0,5000.0,5000.0,-16.875,0.5,-2.125,0.0,900.0,900.0,0.0,1.395999999999957,0.8960000000000007,7969.0,0
2.2960000000000003,19912.0,15916.0,11942.0,19906.5,15911.5,11937.5,6000.0,5000.0,5000.0,-16.625,0.5,-3.375,0.0,900.0,900.0,0.0,1.396999999999957,0.8970000000000007,7970.0,0
2.297,19917.0,15921.0,11947.0,19912.5,15916.5,11942.5,5000.0,5000.0,5000.0,-16.375,0.5,-4.625,0.0,900.0,900.0,0.0,1.3979999999999568,0.8980000000000007,7970.0,0
2.298,19923.0,15926.0,11951.0,19917.5,15921.5,11947.5,6000.0,5000.0,4000.0,-15.125,0.5,-5.875,0.0,900.0,900.0,0.0,1.3989999999999567,0.8990000000000007,7972.0,0
2.299,19928.0,15930.0,11956.0,19923.5,15926.5,11951.5,5000.0,4000.0,5000.0,-14.875,0.5,-6.125,0.0,900.0,900.0,0.0,1.3999999999999566,0.9000000000000007,7972.0,0
2.3000000000000003,19933.0,15934.0,11960.0,19928.5,15930.5,11956.5,5000.0,4000.0,4000.0,-14.875,0.5,-8.125,0.0,900.0,900.0,0.0,1.4009999999999565,0.9010000000000007,7973.0,0
2.301,19938.0,15938.0,11964.0,19933.5,15934.5,11960.5,5000.0,4000.0,4000.0,-14.875,0.5,-9.125,0.0,900.0,900.0,0.0,1.4019999999999564,0.9020000000000007,7974.0,0
2.302,19943.0,15942.0,11968.0,19938.5,15938.5,11964.5,5000.0,4000.0,4000.0,-14.875,0.5,-10.125,0.0,900.0,900.0,0.0,1.4029999999999563,0.9030000000000007,7975.0,0
2.303,19947.0,15946.0,11972.0,19943.5,15942.5,11968.5,4000.0,4000.0,4000.0,-14.875,0.5,-11.125,0.0,900.0,900.0,0.0,1.4039999999999562,0.9040000000000007,7975.0,0
2.3040000000000003,19952.0,15949.0,11976.0,19947.5,15946.5,11972.5,5000.0,3000.0,4000.0,-13.875,0.5,-12.125,0.0,900.0,900.0,0.0,1.404999999999956,0.9050000000000007,7976.0,0
2.305,19957.0,15953.0,11979.0,19952.5,15949.5,11976.5,5000.0,4000.0,3000.0,-15.125,0.5,-13.875,0.0,900.0,900.0,0.0,1.405999999999956,0.9060000000000007,7978.0,0
2.306,19961.0,15956.0,11982.0,19957.5,15953.5,11979.5,4000.0,3000.0,3000.0,-15.125,0.5,-13.875,0.0,900.0,900.0,0.0,1.4069999999999558,0.9070000000000007,7979.0,0
2.307,19965.0,15960.0,11985.0,19961.5,15956.5,11982.5,4000.0,4000.0,3000.0,-15.375,0.5,-14.625,0.0,900.0,900.0,0.0,1.4079999999999557,0.9080000000000007,7980.0,0
2.308,19969.0,15963.0,11988.0,19965.5,15960.5,11985.5,4000.0,3000.0,3000.0,-14.375,0.5,-14.625,0.0,900.0,900.0,0.0,1.4089999999999556,0.9090000000000007,7981.0,0
2.309,19973.0,15965.0,11991.0,19969.5,15963.5,11988.5,4000.0,2000.0,3000.0,-14.625,0.5,-15.375,0.0,900.0,900.0,0.0,1.4099999999999555,0.9100000000000007,7982.0,0
2.31,19976.0,15968.0,11994.0,19973.5,15965.5,11991.5,3000.0,3000.0,3000.0,-16.125,0.5,-16.875,0.0,900.0,900.0,0.0,1.4109999999999554,0.9110000000000007,7982.0,0
2.311,19979.0,15970.0,11996.0,19976.5,15968.5,11994.5,3000.0,2000.0,2000.0,-15.375,0.5,-17.625,0.0,900.0,900.0,0.0,1.4119999999999553,0.9120000000000007,7983.0,0
2.312,19983.0,15973.0,11999.0,19979.5,15970.5,11996.5,4000.0,3000.0,3000.0,-15.875,0.5,-18.125,0.0,900.0,900.0,0.0,1.4129999999999552,0.9130000000000007,7984.0,0
2.313,19986.0,15976.0,12001.0,19983.5,15973.5,11999.5,3000.0,3000.0,2000.0,-16.125,0.5,-18.875,0.0,900.0,900.0,0.0,1.413999999999955,0.9140000000000007,7985.0,0
2.314,19989.0,15978.0,12003.0,19986.5,15976.5,12001.5,3000.0,2000.0,2000.0,-15.375,0.5,-18.625,0.0,900.0,900.0,0.0,1.414999999999955,0.9150000000000007,7986.0,0
2.315,19992.0,15980.0,12005.0,19989.5,15978.5,12003.5,3000.0,2000.0,2000.0,-15.875,0.5,-19.125,0.0,900.0,900.0,0.0,1.4159999999999549,0.9160000000000007,7987.0,0
