t_s,dda_pos_x,dda_pos_y,dda_pos_z,enc_rel_x,enc_rel_y,enc_rel_z,vel_sps_x,vel_sps_y,vel_sps_z,err_steps_x,err_steps_y,err_steps_z,active_load_x,active_load_y,active_load_z,load_timer_x,load_timer_y,load_timer_z,span_steps,global_stop
0.0,0.0,0.0,0.0,0.5,0.5,0.5,0.0,0.0,0.0,0.0,0.0,0.0,0.0,0.0,0.0,0.0,0.0,0.0,0.0,0
0.0,0.0,0.0,0.0,0.5,0.5,0.5,0.0,0.0,0.0,0.5,0.4,0.30000000000000004,0.0,0.0,0.0,0.0,0.0,0.0,0.0,0
0.001,0.0,0.0,0.0,0.5,0.5,0.5,0.0,0.0,0.0,0.5,0.4,0.30000000000000004,0.0,0.0,0.0,0.0,0.0,0.0,0.0,0
0.002,1.0,1.0,1.0,0.5,0.5,0.5,1000.0,1000.0,1000.0,0.5,0.4,0.30000000000000004,0.0,0.0,0.0,0.0,0.0,0.0,0.0,0
0.003,1.0,1.0,1.0,1.5,1.5,1.5,0.0,0.0,0.0,0.5,0.19999999999999996,-0.10000000000000009,0.0,0.0,0.0,0.0,0.0,0.0,0.0,0
0.004,2.0,2.0,2.0,1.5,1.5,1.5,1000.0,1000.0,1000.0,0.5,0.19999999999999996,-0.10000000000000009,0.0,0.0,0.0,0.0,0.0,0.0,0.0,0
0.005,4.0,4.0,4.0,2.5,2.5,2.5,2000.0,2000.0,2000.0,0.5,0.0,-0.5,0.0,0.0,0.0,0.0,0.0,0.0,0.0,0
0.006,5.0,5.0,5.0,4.5,4.5,4.5,1000.0,1000.0,1000.0,0.5,-0.40000000000000036,-1.2999999999999998,0.0,0.0,0.0,0.0,0.0,0.0,0.0,0
0.007,7.0,7.0,6.0,5.5,5.5,5.5,2000.0,2000.0,1000.0,0.5,-0.5999999999999996,-1.7000000000000002,0.0,0.0,0.0,0.0,0.0,0.0,1.0,0
0.008,8.0,8.0,8.0,7.5,7.5,6.5,1000.0,1000.0,2000.0,0.5,-1.0,-1.5,0.0,0.0,0.0,0.0,0.0,0.0,0.0,0
0.009000000000000001,10.0,10.0,10.0,8.5,8.5,8.5,2000.0,2000.0,2000.0,0.5,-1.2000000000000002,-2.9000000000000004,0.0,0.0,0.0,0.0,0.0,0.0,0.0,0
0.01,12.0,12.0,12.0,10.5,10.5,10.5,2000.0,2000.0,2000.0,0.5,-1.5999999999999996,-3.7,0.0,0.0,0.0,0.0,0.0,0.0,0.0,0
0.011,15.0,15.0,15.0,12.5,12.5,12.5,3000.0,3000.0,3000.0,0.5,-2.0,-4.5,0.0,0.0,0.0,0.0,0.0,0.0,0.0,0
0.012,17.0,17.0,17.0,15.5,15.5,15.5,2000.0,2000.0,2000.0,0.5,-2.5999999999999996,-5.699999999999999,0.0,0.0,0.0,0.0,0.0,0.0,0.0,0
0.013000000000000001,20.0,20.0,20.0,17.5,17.5,17.5,3000.0,3000.0,3000.0,0.5,-3.0,-6.5,0.0,0.0,0.0,0.0,0.0,0.0,0.0,0
0.014,23.0,23.0,23.0,20.5,20.5,20.5,3000.0,3000.0,3000.0,0.5,-3.6000000000000014,-7.699999999999999,0.0,0.0,0.0,0.0,0.0,0.0,0.0,0
0.015,26.0,26.0,26.0,23.5,23.5,23.5,3000.0,3000.0,3000.0,0.5,-4.199999999999999,-8.9,0.0,0.0,0.0,0.0,0.0,0.0,0.0,0
0.016,29.0,29.0,29.0,26.5,26.5,26.5,3000.0,3000.0,3000.0,0.5,-4.800000000000001,-10.100000000000001,0.0,0.0,0.0,0.0,0.0,0.0,0.0,0
0.017,33.0,33.0,33.0,29.5,29.5,29.5,4000.0,4000.0,4000.0,0.5,-5.399999999999999,-11.3,0.0,0.0,0.0,0.0,0.0,0.0,0.0,0
0.018000000000000002,37.0,37.0,36.0,33.5,33.5,33.5,4000.0,4000.0,3000.0,0.5,-6.199999999999999,-12.899999999999999,0.0,0.0,0.0,0.0,0.0,0.0,1.0,0
0.019,41.0,40.0,40.0,37.5,37.5,36.5,4000.0,3000.0,4000.0,0.5,-7.0,-13.5,0.0,0.0,0.0,0.0,0.0,0.0,1.0,0
0.02,45.0,45.0,44.0,41.5,40.5,40.5,4000.0,5000.0,4000.0,0.5,-6.799999999999997,-15.100000000000001,0.0,0.0,0.0,0.0,0.0,0.0,1.0,0
0.021,49.0,49.0,49.0,45.5,45.5,44.5,4000.0,4000.0,5000.0,0.5,-8.600000000000001,-16.7,0.0,0.0,0.0,0.0,0.0,0.0,0.0,0
0.022,54.0,53.0,53.0,49.5,49.5,49.5,5000.0,4000.0,4000.0,0.5,-9.399999999999999,-19.3,0.0,0.0,0.0,0.0,0.0,0.0,1.0,0
0.023,58.0,58.0,58.0,54.5,53.5,53.5,4000.0,5000.0,5000.0,0.5,-9.399999999999999,-20.299999999999997,0.0,0.0,0.0,0.0,0.0,0.0,0.0,0
0.024,63.0,63.0,63.0,58.5,58.5,58.5,5000.0,5000.0,5000.0,0.5,-11.200000000000003,-22.9,0.0,0.0,0.0,0.0,0.0,0.0,0.0,0
0.025,68.0,68.0,68.0,63.5,63.5,63.5,5000.0,5000.0,5000.0,0.5,-12.200000000000003,-24.9,0.0,0.0,0.0,0.0,0.0,0.0,0.0,0
0.026000000000000002,74.0,73.0,73.0,68.5,68.5,68.5,6000.0,5000.0,5000.0,0.5,-13.200000000000003,-26.9,0.0,0.0,0.0,0.0,0.0,0.0,1.0,0
0.027,79.0,79.0,78.0,74.5,73.5,73.5,5000.0,6000.0,5000.0,0.5,-13.399999999999999,-28.299999999999997,0.0,0.0,0.0,0.0,0.0,0.0,1.0,0
0.028,85.0,84.0,83.0,79.5,79.5,78.5,6000.0,5000.0,5000.0,0.5,-15.400000000000006,-30.299999999999997,0.0,0.0,0.0,0.0,0.0,0.0,2.0,0
0.029,91.0,90.0,88.0,85.5,84.5,83.5,6000.0,6000.0,5000.0,0.5,-15.599999999999994,-31.700000000000003,0.0,0.0,0.0,0.0,0.0,0.0,3.0,0
0.03,97.0,96.0,93.0,91.5,90.5,88.5,6000.0,6000.0,5000.0,0.5,-16.799999999999997,-33.1,0.0,0.0,0.0,0.0,0.0,0.0,4.0,0
0.031,103.0,102.0,98.0,97.5,96.5,93.5,6000.0,6000.0,5000.0,0.5,-18.0,-34.5,0.0,0.0,0.0,0.0,0.0,0.0,5.0,0
0.032,109.0,109.0,103.0,103.5,102.5,98.5,6000.0,7000.0,5000.0,0.5,-19.200000000000003,-35.9,0.0,0.0,0.0,0.0,0.0,0.0,6.0,0
0.033,116.0,116.0,108.0,109.5,109.5,103.5,7000.0,7000.0,5000.0,0.5,-21.400000000000006,-37.3,0.0,0.0,0.0,0.0,0.0,0.0,8.0,0
0.034,123.0,122.0,113.0,116.5,116.5,108.5,7000.0,6000.0,5000.0,0.5,-22.799999999999997,-38.099999999999994,0.0,0.0,0.0,0.0,0.0,0.0,10.0,0
0.035,130.0,129.0,118.0,123.5,122.5,113.5,7000.0,7000.0,5000.0,0.5,-23.200000000000003,-38.900000000000006,0.0,0.0,0.0,0.0,0.0,0.0,12.0,0
0.036000000000000004,137.0,136.0,123.0,130.5,129.5,118.5,7000.0,7000.0,5000.0,0.5,-24.599999999999994,-39.7,0.0,0.0,0.0,0.0,0.0,0.0,14.0,0
0.037,145.0,143.0,127.0,137.5,136.5,123.5,8000.0,7000.0,4000.0,0.5,-26.0,-40.5,0.0,0.0,0.0,0.0,0.0,0.0,18.0,0
0.038,152.0,149.0,132.0,145.5,143.5,127.5,7000.0,6000.0,5000.0,0.5,-26.599999999999994,-39.7,0.0,0.0,0.0,0.0,0.0,0.0,20.0,0
0.039,160.0,156.0,137.0,152.5,149.5,132.5,8000.0,7000.0,5000.0,0.5,-27.0,-40.5,0.0,0.0,0.0,0.0,0.0,0.0,23.0,0
0.04,168.0,162.0,142.0,160.5,156.5,137.5,8000.0,6000.0,5000.0,0.5,-27.599999999999994,-40.7,0.0,0.0,0.0,0.0,0.0,0.0,26.0,0
0.041,176.0,169.0,146.0,168.5,162.5,142.5,8000.0,7000.0,4000.0,0.5,-27.19999999999999,-40.900000000000006,0.0,0.0,0.0,0.0,0.0,0.0,30.0,0
0.042,185.0,175.0,151.0,176.5,169.5,146.5,9000.0,6000.0,5000.0,0.5,-27.80000000000001,-40.099999999999994,0.0,0.0,0.0,0.0,0.0,0.0,34.0,0
0.043000000000000003,194.0,182.0,156.0,185.5,175.5,151.5,9000.0,7000.0,5000.0,0.5,-26.599999999999994,-39.7,0.0,0.0,0.0,0.0,0.0,0.0,38.0,0
0.044,202.0,188.0,161.0,194.5,182.5,156.5,8000.0,6000.0,5000.0,0.5,-26.400000000000006,-39.3,0.0,0.0,0.0,0.0,0.0,0.0,41.0,0
0.045,211.0,194.0,166.0,202.5,188.5,161.5,9000.0,6000.0,5000.0,0.5,-26.0,-39.5,0.0,0.0,0.0,0.0,0.0,0.0,45.0,0
0.046,221.0,201.0,170.0,211.5,194.5,166.5,10000.0,7000.0,4000.0,0.5,-24.80000000000001,-39.099999999999994,0.0,0.0,0.0,0.0,0.0,0.0,51.0,0
0.047,230.0,207.0,175.0,221.5,201.5,170.5,9000.0,6000.0,5000.0,0.5,-23.80000000000001,-37.099999999999994,0.0,0.0,0.0,0.0,0.0,0.0,55.0,0
0.048,240.0,213.0,180.0,230.5,207.5,175.5,10000.0,6000.0,5000.0,0.5,-22.599999999999994,-36.69999999999999,0.0,0.0,0.0,0.0,0.0,0.0,60.0,0
0.049,249.0,220.0,185.0,240.5,213.5,180.5,9000.0,7000.0,5000.0,0.5,-20.599999999999994,-35.69999999999999,0.0,0.0,0.0,0.0,0.0,0.0,64.0,0
0.05,259.0,226.0,189.0,249.5,220.5,185.5,10000.0,6000.0,4000.0,0.5,-20.400000000000006,-35.30000000000001,0.0,0.0,0.0,0.0,0.0,0.0,70.0,0
0.051000000000000004,269.0,232.0,194.0,259.5,226.5,189.5,10000.0,6000.0,5000.0,0.5,-18.400000000000006,-33.30000000000001,0.0,0.0,0.0,0.0,0.0,0.0,75.0,0
0.052000000000000005,279.0,239.0,199.0,269.5,232.5,194.5,10000.0,7000.0,5000.0,0.5,-16.400000000000006,-32.30000000000001,0.0,0.0,0.0,0.0,0.0,0.0,80.0,0
0.053,289.0,245.0,204.0,279.5,239.5,199.5,10000.0,6000.0,5000.0,0.5,-15.400000000000006,-31.30000000000001,0.0,0.0,0.0,0.0,0.0,0.0,85.0,0
0.054,298.0,252.0,209.0,289.5,245.5,204.5,9000.0,7000.0,5000.0,0.5,-13.400000000000006,-30.30000000000001,0.0,0.0,0.0,0.0,0.0,0.0,89.0,0
0.055,308.0,258.0,214.0,298.5,252.5,209.5,10000.0,6000.0,5000.0,0.5,-13.199999999999989,-29.900000000000006,0.0,0.0,0.0,0.0,0.0,0.0,94.0,0
0.056,318.0,265.0,219.0,308.5,258.5,214.5,10000.0,7000.0,5000.0,0.5,-11.199999999999989,-28.900000000000006,0.0,0.0,0.0,0.0,0.0,0.0,99.0,0
0.057,328.0,271.0,224.0,318.5,265.5,219.5,10000.0,6000.0,5000.0,0.5,-10.199999999999989,-27.900000000000006,0.0,0.0,0.0,0.0,0.0,0.0,104.0,0
0.058,338.0,278.0,229.0,328.5,271.5,224.5,10000.0,7000.0,5000.0,0.5,-8.199999999999989,-26.900000000000006,0.0,0.0,0.0,0.0,0.0,0.0,109.0,0
0.059000000000000004,347.0,285.0,233.0,338.5,278.5,229.5,9000.0,7000.0,4000.0,0.5,-7.199999999999989,-25.900000000000006,0.0,0.0,0.0,0.0,0.0,0.0,114.0,0
0.06,357.0,292.0,238.0,347.5,285.5,233.5,10000.0,7000.0,5000.0,0.5,-7.0,-24.5,0.0,0.0,0.0,0.0,0.0,0.0,119.0,0
0.061,367.0,298.0,243.0,357.5,292.5,238.5,10000.0,6000.0,5000.0,0.5,-6.0,-23.5,0.0,0.0,0.0,0.0,0.0,0.0,124.0,0
0.062,377.0,305.0,248.0,367.5,298.5,243.5,10000.0,7000.0,5000.0,0.5,-4.0,-22.5,0.0,0.0,0.0,0.0,0.0,0.0,129.0,0
0.063,387.0,312.0,253.0,377.5,305.5,248.5,10000.0,7000.0,5000.0,0.5,-3.0,-21.5,0.0,0.0,0.0,0.0,0.0,0.0,134.0,0
0.064,396.0,319.0,259.0,387.5,312.5,253.5,9000.0,7000.0,6000.0,0.5,-2.0,-20.5,0.0,0.0,0.0,0.0,0.0,0.0,137.0,0
0.065,406.0,326.0,264.0,396.5,319.5,259.5,10000.0,7000.0,5000.0,0.5,-1.8000000000000114,-21.099999999999994,0.0,0.0,0.0,0.0,0.0,0.0,142.0,0
0.066,416.0,333.0,269.0,406.5,326.5,264.5,10000.0,7000.0,5000.0,0.5,-0.8000000000000114,-20.099999999999994,0.0,0.0,0.0,0.0,0.0,0.0,147.0,0
0.067,426.0,339.0,274.0,416.5,333.5,269.5,10000.0,6000.0,5000.0,0.5,0.19999999999998863,-19.099999999999994,0.0,0.0,0.0,0.0,0.0,0.0,152.0,0
0.068,436.0,346.0,279.0,426.5,339.5,274.5,10000.0,7000.0,5000.0,-1.625,0.5,-19.375,0.0,0.0,0.0,0.0,0.0,0.0,157.0,0
0.069,445.0,353.0,284.0,436.5,346.5,279.5,9000.0,7000.0,5000.0,-2.875,0.5,-19.125,0.0,0.0,0.0,0.0,0.0,0.0,161.0,0
0.07,455.0,360.0,289.0,445.5,353.5,284.5,10000.0,7000.0,5000.0,-3.125,0.5,-18.875,0.0,0.0,0.0,0.0,0.0,0.0,166.0,0
0.07100000000000001,465.0,367.0,294.0,455.5,360.5,289.5,10000.0,7000.0,5000.0,-4.375,0.5,-18.625,0.0,0.0,0.0,0.0,0.0,0.0,171.0,0
0.07200000000000001,475.0,374.0,299.0,465.5,367.5,294.5,10000.0,7000.0,5000.0,-5.625,0.5,-18.375,0.0,0.0,0.0,0.0,0.0,0.0,176.0,0
0.073,485.0,380.0,304.0,475.5,374.5,299.5,10000.0,6000.0,5000.0,-6.875,0.5,-18.125,0.0,0.0,0.0,0.0,0.0,0.0,181.0,0
0.074,494.0,387.0,309.0,485.5,380.5,304.5,9000.0,7000.0,5000.0,-9.375,0.5,-18.625,0.0,0.0,0.0,0.0,0.0,0.0,185.0,0
0.075,504.0,394.0,314.0,494.5,387.5,309.5,10000.0,7000.0,5000.0,-9.625,0.5,-18.375,0.0,0.0,0.0,0.0,0.0,0.0,190.0,0
0.076,514.0,401.0,319.0,504.5,394.5,314.5,10000.0,7000.0,5000.0,-10.875,0.5,-18.125,0.0,0.0,0.0,0.0,0.0,0.0,195.0,0
0.077,523.0,408.0,324.0,514.5,401.5,319.5,9000.0,7000.0,5000.0,-12.125,0.5,-17.875,0.0,0.0,0.0,0.0,0.0,0.0,199.0,0
0.078,532.0,414.0,329.0,523.5,408.5,324.5,9000.0,6000.0,5000.0,-12.375,0.5,-17.625,0.0,0.0,0.0,0.0,0.0,0.0,203.0,0
0.079,541.0,421.0,334.0,532.5,414.5,329.5,9000.0,7000.0,5000.0,-13.875,0.5,-18.125,0.0,0.0,0.0,0.0,0.0,0.0,207.0,0
0.08,550.0,428.0,339.0,541.5,421.5,334.5,9000.0,7000.0,5000.0,-14.125,0.5,-17.875,0.0,0.0,0.0,0.0,0.0,0.0,211.0,0
0.081,559.0,435.0,344.0,550.5,428.5,339.5,9000.0,7000.0,5000.0,-14.375,0.5,-17.625,0.0,0.0,0.0,0.0,0.0,0.0,215.0,0
0.082,567.0,442.0,349.0,559.5,435.5,344.5,8000.0,7000.0,5000.0,-14.625,0.5,-17.375,0.0,0.0,0.0,0.0,0.0,0.0,218.0,0
0.083,576.0,449.0,354.0,567.5,442.5,349.5,9000.0,7000.0,5000.0,-13.875,0.5,-17.125,0.0,0.0,0.0,0.0,0.0,0.0,222.0,0
0.084,584.0,455.0,359.0,576.5,449.5,354.5,8000.0,6000.0,5000.0,-14.125,0.5,-16.875,0.0,0.0,0.0,0.0,0.0,0.0,225.0,0
0.085,591.0,462.0,364.0,584.5,455.5,359.5,7000.0,7000.0,5000.0,-14.625,0.5,-17.375,0.0,0.0,0.0,0.0,0.0,0.0,227.0,0
0.08600000000000001,599.0,469.0,369.0,591.5,462.5,364.5,8000.0,7000.0,5000.0,-12.875,0.5,-17.125,0.0,0.0,0.0,0.0,0.0,0.0,230.0,0
0.08700000000000001,607.0,476.0,374.0,599.5,469.5,369.5,8000.0,7000.0,5000.0,-12.125,0.5,-16.875,0.0,0.0,0.0,0.0,0.0,0.0,233.0,0
0.088,614.0,483.0,379.0,607.5,476.5,374.5,7000.0,7000.0,5000.0,-11.375,0.5,-16.625,0.0,0.0,0.0,0.0,0.0,0.0,235.0,0
0.089,621.0,490.0,384.0,614.5,483.5,379.5,7000.0,7000.0,5000.0,-9.625,0.5,-16.375,0.0,0.0,0.0,0.0,0.0,0.0,237.0,0
0.09,628.0,496.0,389.0,621.5,490.5,384.5,7000.0,6000.0,5000.0,-7.875,0.5,-16.125,0.0,0.0,0.0,0.0,0.0,0.0,239.0,0
0.091,634.0,503.0,394.0,628.5,496.5,389.5,6000.0,7000.0,5000.0,-7.375,0.5,-16.625,0.0,0.0,0.0,0.0,0.0,0.0,240.0,0
0.092,641.0,510.0,399.0,634.5,503.5,394.5,7000.0,7000.0,5000.0,-4.625,0.5,-16.375,0.0,0.0,0.0,0.0,0.0,0.0,242.0,0
0.093,647.0,517.0,404.0,641.5,510.5,399.5,6000.0,7000.0,5000.0,-2.875,0.5,-16.125,0.0,0.0,0.0,0.0,0.0,0.0,243.0,0
0.094,653.0,524.0,410.0,647.5,517.5,404.5,6000.0,7000.0,6000.0,-0.125,0.5,-15.875,0.0,0.0,0.0,0.0,0.0,0.0,243.0,0
0.095,659.0,531.0,414.0,653.5,524.5,410.5,6000.0,7000.0,4000.0,0.5,-1.2000000000000455,-17.899999999999977,0.0,0.0,0.0,0.0,0.0,0.0,245.0,0
0.096,665.0,537.0,419.0,659.5,531.5,414.5,6000.0,6000.0,5000.0,0.5,-3.3999999999999773,-18.30000000000001,0.0,0.0,0.0,0.0,0.0,0.0,246.0,0
0.097,670.0,544.0,424.0,665.5,537.5,419.5,5000.0,7000.0,5000.0,0.5,-4.600000000000023,-19.69999999999999,0.0,0.0,0.0,0.0,0.0,0.0,246.0,0
0.098,676.0,551.0,429.0,670.5,544.5,424.5,6000.0,7000.0,5000.0,0.5,-7.600000000000023,-21.69999999999999,0.0,0.0,0.0,0.0,0.0,0.0,247.0,0
0.099,681.0,558.0,434.0,676.5,551.5,429.5,5000.0,7000.0,5000.0,0.5,-9.799999999999955,-23.100000000000023,0.0,0.0,0.0,0.0,0.0,0.0,247.0,0
0.1,686.0,564.0,439.0,681.5,558.5,434.5,5000.0,6000.0,5000.0,0.5,-12.799999999999955,-25.100000000000023,0.0,0.0,0.0,0.0,0.0,0.0,247.0,0
0.101,690.0,571.0,444.0,686.5,564.5,439.5,4000.0,7000.0,5000.0,0.5,-14.799999999999955,-27.100000000000023,0.0,0.0,0.0,0.0,0.0,0.0,246.0,0
0.10200000000000001,695.0,577.0,448.0,690.5,571.5,444.5,5000.0,6000.0,4000.0,0.5,-18.600000000000023,-29.69999999999999,0.0,0.0,0.0,0.0,0.0,0.0,247.0,0
0.10300000000000001,699.0,583.0,453.0,695.5,577.5,448.5,4000.0,6000.0,5000.0,0.5,-20.600000000000023,-30.69999999999999,0.0,0.0,0.0,0.0,0.0,0.0,246.0,0
0.10400000000000001,703.0,589.0,458.0,699.5,583.5,453.5,4000.0,6000.0,5000.0,0.5,-23.399999999999977,-33.30000000000001,0.0,0.0,0.0,0.0,0.0,0.0,245.0,0
0.105,707.0,595.0,462.0,703.5,589.5,458.5,4000.0,6000.0,4000.0,0.5,-26.200000000000045,-35.89999999999998,0.0,0.0,0.0,0.0,0.0,0.0,245.0,0
0.106,711.0,601.0,466.0,707.5,595.5,462.5,4000.0,6000.0,4000.0,0.5,-29.0,-37.5,0.0,0.0,0.0,0.0,0.0,0.0,245.0,0
0.107,714.0,606.0,471.0,711.5,601.5,466.5,3000.0,5000.0,5000.0,0.5,-31.799999999999955,-39.10000000000002,0.0,0.0,0.0,0.0,0.0,0.0,243.0,0
0.108,718.0,612.0,475.0,714.5,606.5,471.5,4000.0,6000.0,4000.0,0.5,-34.39999999999998,-42.30000000000001,0.0,0.0,0.0,0.0,0.0,0.0,243.0,0
0.109,721.0,617.0,480.0,718.5,612.5,475.5,3000.0,5000.0,5000.0,0.5,-37.200000000000045,-43.89999999999998,0.0,0.0,0.0,0.0,0.0,0.0,241.0,0
0.11,724.0,623.0,484.0,721.5,617.5,480.5,3000.0,6000.0,4000.0,0.5,-39.799999999999955,-47.10000000000002,0.0,0.0,0.0,0.0,0.0,0.0,240.0,0
0.111,726.0,628.0,488.0,724.5,623.5,484.5,2000.0,5000.0,4000.0,0.5,-43.39999999999998,-49.30000000000001,0.0,0.0,0.0,0.0,0.0,0.0,238.0,0
0.112,729.0,632.0,492.0,726.5,628.5,488.5,3000.0,4000.0,4000.0,0.5,-46.799999999999955,-52.10000000000002,0.0,0.0,0.0,0.0,0.0,0.0,237.0,0
0.113,731.0,637.0,496.0,729.5,632.5,492.5,2000.0,5000.0,4000.0,0.5,-48.39999999999998,-54.30000000000001,0.0,0.0,0.0,0.0,0.0,0.0,235.0,0
0.114,734.0,642.0,500.0,731.5,637.5,496.5,3000.0,5000.0,4000.0,0.5,-51.799999999999955,-57.10000000000002,0.0,0.0,0.0,0.0,0.0,0.0,234.0,0
0.115,735.0,646.0,504.0,734.5,642.5,500.5,1000.0,4000.0,4000.0,0.5,-54.39999999999998,-59.30000000000001,0.0,0.0,0.0,0.0,0.0,0.0,231.0,0
0.116,737.0,651.0,508.0,735.5,646.5,504.5,2000.0,5000.0,4000.0,0.5,-57.60000000000002,-62.69999999999999,0.0,0.0,0.0,0.0,0.0,0.0,229.0,0
0.117,739.0,655.0,511.0,737.5,651.5,508.5,2000.0,4000.0,3000.0,0.5,-61.0,-65.5,0.0,0.0,0.0,0.0,0.0,0.0,228.0,0
0.11800000000000001,740.0,659.0,515.0,739.5,655.5,511.5,1000.0,4000.0,4000.0,0.5,-63.39999999999998,-67.30000000000001,0.0,0.0,0.0,0.0,0.0,0.0,225.0,0
0.11900000000000001,741.0,662.0,519.0,740.5,659.5,515.5,1000.0,3000.0,4000.0,0.5,-66.60000000000002,-70.69999999999999,0.0,0.0,0.0,0.0,0.0,0.0,222.0,0
0.12,742.0,666.0,522.0,741.5,662.5,519.5,1000.0,4000.0,3000.0,0.5,-68.79999999999995,-74.10000000000002,0.0,0.0,0.0,0.0,0.0,0.0,220.0,0
0.121,743.0,669.0,526.0,742.5,666.5,522.5,1000.0,3000.0,4000.0,0.5,-72.0,-76.5,0.0,0.0,0.0,0.0,0.0,0.0,217.0,0
0.122,744.0,672.0,529.0,743.5,669.5,526.5,1000.0,3000.0,3000.0,0.5,-74.20000000000005,-79.89999999999998,0.0,0.0,0.0,0.0,0.0,0.0,215.0,0
0.123,744.0,675.0,532.0,744.5,672.5,529.5,0.0,3000.0,3000.0,0.5,-76.39999999999998,-82.30000000000001,0.0,0.0,0.0,0.0,0.0,0.0,212.0,0
0.124,745.0,678.0,535.0,744.5,675.5,532.5,1000.0,3000.0,3000.0,0.5,-79.39999999999998,-85.30000000000001,0.0,0.0,0.0,0.0,0.0,0.0,210.0,0
0.125,746.0,681.0,539.0,745.5,678.5,535.5,1000.0,3000.0,4000.0,0.5,-81.60000000000002,-87.69999999999999,0.0,0.0,0.0,0.0,0.0,0.0,207.0,0
0.126,746.0,683.0,542.0,746.5,681.5,539.5,0.0,2000.0,3000.0,0.5,-83.79999999999995,-91.10000000000002,0.0,0.0,0.0,0.0,0.0,0.0,204.0,0
0.127,747.0,685.0,545.0,746.5,683.5,542.5,1000.0,2000.0,3000.0,0.5,-85.79999999999995,-94.10000000000002,0.0,0.0,0.0,0.0,0.0,0.0,202.0,0
0.128,748.0,688.0,547.0,747.5,685.5,545.5,1000.0,3000.0,2000.0,0.5,-87.0,-96.5,0.0,0.0,0.0,0.0,0.0,0.0,201.0,0
0.129,748.0,689.0,550.0,748.5,688.5,547.5,0.0,1000.0,3000.0,0.5,-89.20000000000005,-97.89999999999998,0.0,0.0,0.0,0.0,0.0,0.0,198.0,0
0.13,749.0,691.0,553.0,748.5,689.5,550.5,1000.0,2000.0,3000.0,0.5,-90.20000000000005,-100.89999999999998,0.0,0.0,0.0,0.0,0.0,0.0,196.0,0
0.131,750.0,693.0,555.0,749.5,691.5,553.5,1000.0,2000.0,2000.0,0.5,-91.39999999999998,-103.30000000000001,0.0,0.0,0.0,0.0,0.0,0.0,195.0,0
0.132,750.0,694.0,558.0,750.5,693.5,555.5,0.0,1000.0,3000.0,0.5,-92.60000000000002,-104.69999999999999,0.0,0.0,0.0,0.0,0.0,0.0,192.0,0
0.133,751.0,695.0,561.0,750.5,694.5,558.5,1000.0,1000.0,3000.0,0.5,-93.60000000000002,-107.69999999999999,0.0,0.0,0.0,0.0,0.0,0.0,190.0,0
0.134,752.0,696.0,563.0,751.5,695.5,561.5,1000.0,1000.0,2000.0,0.5,-93.79999999999995,-110.10000000000002,0.0,0.0,0.0,0.0,0.0,0.0,189.0,0
0.135,752.0,697.0,565.0,752.5,696.5,563.5,0.0,1000.0,2000.0,0.5,-94.0,-111.5,0.0,0.0,0.0,0.0,0.0,0.0,187.0,0
0.136,753.0,698.0,568.0,752.5,697.5,565.5,1000.0,1000.0,3000.0,0.5,-95.0,-113.5,0.0,0.0,0.0,0.0,0.0,0.0,185.0,0
0.137,754.0,699.0,570.0,753.5,698.5,568.5,1000.0,1000.0,2000.0,0.5,-95.20000000000005,-115.89999999999998,0.0,0.0,0.0,0.0,0.0,0.0,184.0,0
0.138,754.0,699.0,572.0,754.5,699.5,570.5,0.0,0.0,2000.0,0.5,-95.39999999999998,-117.30000000000001,0.0,0.0,0.0,0.0,0.0,0.0,182.0,0
0.139,755.0,700.0,574.0,754.5,699.5,572.5,1000.0,1000.0,2000.0,0.5,-95.39999999999998,-119.30000000000001,0.0,0.0,0.0,0.0,0.0,0.0,181.0,0
0.14,755.0,700.0,576.0,755.5,700.5,574.5,0.0,0.0,2000.0,0.5,-95.60000000000002,-120.69999999999999,0.0,0.0,0.0,0.0,0.0,0.0,179.0,0
0.14100000000000001,756.0,700.0,578.0,755.5,700.5,576.5,1000.0,0.0,2000.0,0.5,-95.60000000000002,-122.69999999999999,0.0,0.0,0.0,0.0,0.0,0.0,178.0,0
0.14200000000000002,757.0,700.0,580.0,756.5,700.5,578.5,1000.0,0.0,2000.0,0.5,-94.79999999999995,-124.10000000000002,0.0,0.0,0.0,0.0,0.0,0.0,177.0,0
0.14300000000000002,757.0,700.0,582.0,757.5,700.5,580.5,0.0,0.0,2000.0,0.5,-94.0,-125.5,0.0,0.0,0.0,0.0,0.0,0.0,175.0,0
0.14400000000000002,758.0,700.0,584.0,757.5,700.5,582.5,1000.0,0.0,2000.0,0.5,-94.0,-127.5,0.0,0.0,0.0,0.0,0.0,0.0,174.0,0
0.145,759.0,700.0,585.0,758.5,700.5,584.5,1000.0,0.0,1000.0,0.5,-93.20000000000005,-128.89999999999998,0.0,0.0,0.0,0.0,0.0,0.0,174.0,0
0.146,759.0,700.0,587.0,759.5,700.5,585.5,0.0,0.0,2000.0,0.5,-92.39999999999998,-129.3,0.0,0.0,0.0,0.0,0.0,0.0,172.0,0
0.147,760.0,700.0,588.0,759.5,700.5,587.5,1000.0,0.0,1000.0,0.5,-92.39999999999998,-131.3,0.0,0.0,0.0,0.0,0.0,0.0,172.0,0
0.148,761.0,700.0,590.0,760.5,700.5,588.5,1000.0,0.0,2000.0,0.5,-91.60000000000002,-131.7,0.0,0.0,0.0,0.0,0.0,0.0,171.0,0
0.149,761.0,700.0,591.0,761.5,700.5,590.5,0.0,0.0,1000.0,0.5,-90.79999999999995,-133.10000000000002,0.0,0.0,0.0,0.0,0.0,0.0,170.0,0
0.15,762.0,700.0,593.0,761.5,700.5,591.5,1000.0,0.0,2000.0,0.5,-90.79999999999995,-134.10000000000002,0.0,0.0,0.0,0.0,0.0,0.0,169.0,0
0.151,763.0,700.0,594.0,762.5,700.5,593.5,1000.0,0.0,1000.0,0.5,-90.0,-135.5,0.0,0.0,0.0,0.0,0.0,0.0,169.0,0
0.152,763.0,700.0,596.0,763.5,700.5,594.5,0.0,0.0,2000.0,0.5,-89.20000000000005,-135.89999999999998,0.0,0.0,0.0,0.0,0.0,0.0,167.0,0
0.153,764.0,700.0,597.0,763.5,700.5,596.5,1000.0,0.0,1000.0,0.5,-89.20000000000005,-137.89999999999998,0.0,0.0,0.0,0.0,0.0,0.0,167.0,0
0.154,765.0,700.0,598.0,764.5,700.5,597.5,1000.0,0.0,1000.0,0.5,-88.39999999999998,-138.3,0.0,0.0,0.0,0.0,0.0,0.0,167.0,0
0.155,765.0,700.0,599.0,765.5,700.5,598.5,0.0,0.0,1000.0,0.5,-87.60000000000002,-138.7,0.0,0.0,0.0,0.0,0.0,0.0,166.0,0
0.156,766.0,700.0,600.0,765.5,700.5,599.5,1000.0,0.0,1000.0,0.5,-87.60000000000002,-139.7,0.0,0.0,0.0,0.0,0.0,0.0,166.0,0
0.157,766.0,700.0,602.0,766.5,700.5,600.5,0.0,0.0,2000.0,0.5,-86.79999999999995,-140.10000000000002,0.0,0.0,0.0,0.0,0.0,0.0,164.0,0
0.158,767.0,700.0,603.0,766.5,700.5,602.5,1000.0,0.0,1000.0,0.5,-86.79999999999995,-142.10000000000002,0.0,0.0,0.0,0.0,0.0,0.0,164.0,0
0.159,768.0,700.0,603.0,767.5,700.5,603.5,1000.0,0.0,0.0,0.5,-86.0,-142.5,0.0,0.0,0.0,0.0,0.0,0.0,165.0,0
0.16,768.0,700.0,604.0,768.5,700.5,603.5,0.0,0.0,1000.0,0.5,-85.20000000000005,-141.89999999999998,0.0,0.0,0.0,0.0,0.0,0.0,164.0,0
0.161,769.0,700.0,605.0,768.5,700.5,604.5,1000.0,0.0,1000.0,0.5,-85.20000000000005,-142.89999999999998,0.0,0.0,0.0,0.0,0.0,0.0,164.0,0
0.162,770.0,700.0,606.0,769.5,700.5,605.5,1000.0,0.0,1000.0,0.5,-84.39999999999998,-143.3,0.0,0.0,0.0,0.0,0.0,0.0,164.0,0
0.163,770.0,700.0,607.0,770.5,700.5,606.5,0.0,0.0,1000.0,0.5,-83.60000000000002,-143.7,0.0,0.0,0.0,0.0,0.0,0.0,163.0,0
0.164,771.0,700.0,608.0,770.5,700.5,607.5,1000.0,0.0,1000.0,0.5,-83.60000000000002,-144.7,0.0,0.0,0.0,0.0,0.0,0.0,163.0,0
0.165,772.0,700.0,608.0,771.5,700.5,608.5,1000.0,0.0,0.0,0.5,-82.79999999999995,-145.10000000000002,0.0,0.0,0.0,0.0,0.0,0.0,164.0,0
0.166,772.0,700.0,609.0,772.5,700.5,608.5,0.0,0.0,1000.0,0.5,-82.0,-144.5,0.0,0.0,0.0,0.0,0.0,0.0,163.0,0
0.167,773.0,700.0,610.0,772.5,700.5,609.5,1000.0,0.0,1000.0,0.5,-82.0,-145.5,0.0,0.0,0.0,0.0,0.0,0.0,163.0,0
0.168,774.0,700.0,610.0,773.5,700.5,610.5,1000.0,0.0,0.0,0.5,-81.20000000000005,-145.89999999999998,0.0,0.0,0.0,0.0,0.0,0.0,164.0,0
0.169,774.0,700.0,611.0,774.5,700.5,610.5,0.0,0.0,1000.0,0.5,-80.39999999999998,-145.3,0.0,0.0,0.0,0.0,0.0,0.0,163.0,0
0.17,775.0,700.0,612.0,774.5,700.5,611.5,1000.0,0.0,1000.0,0.5,-80.39999999999998,-146.3,0.0,0.0,0.0,0.0,0.0,0.0,163.0,0
0.171,776.0,700.0,612.0,775.5,700.5,612.5,1000.0,0.0,0.0,0.5,-79.60000000000002,-146.7,0.0,0.0,0.0,0.0,0.0,0.0,164.0,0
0.17200000000000001,776.0,700.0,612.0,776.5,700.5,612.5,0.0,0.0,0.0,0.5,-78.79999999999995,-146.10000000000002,0.0,0.0,0.0,0.0,0.0,0.0,164.0,0
0.17300000000000001,777.0,700.0,613.0,776.5,700.5,612.5,1000.0,0.0,1000.0,0.5,-78.79999999999995,-146.10000000000002,0.0,0.0,0.0,0.0,0.0,0.0,164.0,0
0.17400000000000002,778.0,700.0,613.0,777.5,700.5,613.5,1000.0,0.0,0.0,0.5,-78.0,-146.5,0.0,0.0,0.0,0.0,0.0,0.0,165.0,0
0.17500000000000002,778.0,700.0,614.0,778.5,700.5,613.5,0.0,0.0,1000.0,0.5,-77.20000000000005,-145.89999999999998,0.0,0.0,0.0,0.0,0.0,0.0,164.0,0
0.176,779.0,700.0,614.0,778.5,700.5,614.5,1000.0,0.0,0.0,0.5,-77.20000000000005,-146.89999999999998,0.0,0.0,0.0,0.0,0.0,0.0,165.0,0
0.177,779.0,700.0,614.0,779.5,700.5,614.5,0.0,0.0,0.0,0.5,-76.39999999999998,-146.3,0.0,0.0,0.0,0.0,0.0,0.0,165.0,0
0.178,780.0,700.0,615.0,779.5,700.5,614.5,1000.0,0.0,1000.0,0.5,-76.39999999999998,-146.3,0.0,0.0,0.0,0.0,0.0,0.0,165.0,0
0.179,781.0,700.0,615.0,780.5,700.5,615.5,1000.0,0.0,0.0,0.5,-75.60000000000002,-146.7,0.0,0.0,0.0,0.0,0.0,0.0,166.0,0
0.18,781.0,700.0,615.0,781.5,700.5,615.5,0.0,0.0,0.0,0.5,-74.79999999999995,-146.10000000000002,0.0,0.0,0.0,0.0,0.0,0.0,166.0,0
0.181,782.0,700.0,615.0,781.5,700.5,615.5,1000.0,0.0,0.0,0.5,-74.79999999999995,-146.10000000000002,0.0,0.0,0.0,0.0,0.0,0.0,167.0,0
0.182,783.0,700.0,615.0,782.5,700.5,615.5,1000.0,0.0,0.0,0.5,-74.0,-145.5,0.0,0.0,0.0,0.0,0.0,0.0,168.0,0
0.183,783.0,700.0,615.0,783.5,700.5,615.5,0.0,0.0,0.0,0.5,-73.20000000000005,-144.89999999999998,0.0,0.0,0.0,0.0,0.0,0.0,168.0,0
0.184,784.0,700.0,615.0,783.5,700.5,615.5,1000.0,0.0,0.0,0.5,-73.20000000000005,-144.89999999999998,0.0,0.0,0.0,0.0,0.0,0.0,169.0,0
0.185,785.0,700.0,616.0,784.5,700.5,615.5,1000.0,0.0,1000.0,0.5,-72.39999999999998,-144.3,0.0,0.0,0.0,0.0,0.0,0.0,169.0,0
0.186,785.0,700.0,616.0,785.5,700.5,616.5,0.0,0.0,0.0,0.5,-71.60000000000002,-144.7,0.0,0.0,0.0,0.0,0.0,0.0,169.0,0
0.187,786.0,700.0,616.0,785.5,700.5,616.5,1000.0,0.0,0.0,0.5,-71.60000000000002,-144.7,0.0,0.0,0.0,0.0,0.0,0.0,170.0,0
0.188,787.0,700.0,616.0,786.5,700.5,616.5,1000.0,0.0,0.0,0.5,-70.79999999999995,-144.10000000000002,0.0,0.0,0.0,0.0,0.0,0.0,171.0,0
0.189,787.0,700.0,616.0,787.5,700.5,616.5,0.0,0.0,0.0,0.5,-70.0,-143.5,0.0,0.0,0.0,0.0,0.0,0.0,171.0,0
0.19,788.0,700.0,616.0,787.5,700.5,616.5,1000.0,0.0,0.0,0.5,-70.0,-143.5,0.0,0.0,0.0,0.0,0.0,0.0,172.0,0
0.191,789.0,700.0,616.0,788.5,700.5,616.5,1000.0,0.0,0.0,0.5,-69.20000000000005,-142.89999999999998,0.0,0.0,0.0,0.0,0.0,0.0,173.0,0
0.192,789.0,700.0,616.0,789.5,700.5,616.5,0.0,0.0,0.0,0.5,-68.39999999999998,-142.3,0.0,0.0,0.0,0.0,0.0,0.0,173.0,0
0.193,790.0,700.0,616.0,789.5,700.5,616.5,1000.0,0.0,0.0,0.5,-68.39999999999998,-142.3,0.0,0.0,0.0,0.0,0.0,0.0,174.0,0
0.194,790.0,700.0,616.0,790.5,700.5,616.5,0.0,0.0,0.0,0.5,-67.60000000000002,-141.7,0.0,0.0,0.0,0.0,0.0,0.0,174.0,0
0.195,791.0,700.0,616.0,790.5,700.5,616.5,1000.0,0.0,0.0,0.5,-67.60000000000002,-141.7,0.0,0.0,0.0,0.0,0.0,0.0,175.0,0
0.196,792.0,700.0,616.0,791.5,700.5,616.5,1000.0,0.0,0.0,0.5,-66.79999999999995,-141.10000000000002,0.0,0.0,0.0,0.0,0.0,0.0,176.0,0
0.197,792.0,700.0,616.0,792.5,700.5,616.5,0.0,0.0,0.0,0.5,-66.0,-140.5,0.0,0.0,0.0,0.0,0.0,0.0,176.0,0
0.198,793.0,700.0,616.0,792.5,700.5,616.5,1000.0,0.0,0.0,0.5,-66.0,-140.5,0.0,0.0,0.0,0.0,0.0,0.0,177.0,0
0.199,794.0,700.0,616.0,793.5,700.5,616.5,1000.0,0.0,0.0,0.5,-65.20000000000005,-139.89999999999998,0.0,0.0,0.0,0.0,0.0,0.0,178.0,0
0.2,794.0,700.0,616.0,794.5,700.5,616.5,0.0,0.0,0.0,0.5,-64.39999999999998,-139.3,0.0,0.0,0.0,0.0,0.0,0.0,178.0,0
0.201,795.0,700.0,616.0,794.5,700.5,616.5,1000.0,0.0,0.0,0.5,-64.39999999999998,-139.3,0.0,0.0,0.0,0.0,0.0,0.0,179.0,0
0.202,796.0,700.0,616.0,795.5,700.5,616.5,1000.0,0.0,0.0,0.5,-63.60000000000002,-138.7,0.0,0.0,0.0,0.0,0.0,0.0,180.0,0
0.203,796.0,700.0,616.0,796.5,700.5,616.5,0.0,0.0,0.0,0.5,-62.799999999999955,-138.10000000000002,0.0,0.0,0.0,0.0,0.0,0.0,180.0,0
0.20400000000000001,797.0,700.0,616.0,796.5,700.5,616.5,1000.0,0.0,0.0,0.5,-62.799999999999955,-138.10000000000002,0.0,0.0,0.0,0.0,0.0,0.0,181.0,0
0.20500000000000002,798.0,700.0,616.0,797.5,700.5,616.5,1000.0,0.0,0.0,0.5,-62.0,-137.5,0.0,0.0,0.0,0.0,0.0,0.0,182.0,0
0.20600000000000002,798.0,700.0,616.0,798.5,700.5,616.5,0.0,0.0,0.0,0.5,-61.200000000000045,-136.89999999999998,0.0,0.0,0.0,0.0,0.0,0.0,182.0,0
0.20700000000000002,799.0,700.0,616.0,798.5,700.5,616.5,1000.0,0.0,0.0,0.5,-61.200000000000045,-136.89999999999998,0.0,0.0,0.0,0.0,0.0,0.0,183.0,0
0.20800000000000002,800.0,700.0,616.0,799.5,700.5,616.5,1000.0,0.0,0.0,0.5,-60.39999999999998,-136.3,0.0,0.0,0.0,0.0,0.0,0.0,184.0,0
0.209,800.0,700.0,616.0,800.5,700.5,616.5,0.0,0.0,0.0,0.5,-59.60000000000002,-135.7,0.0,0.0,0.0,0.0,0.0,0.0,184.0,0
0.21,801.0,700.0,616.0,800.5,700.5,616.5,1000.0,0.0,0.0,0.5,-59.60000000000002,-135.7,0.0,0.0,0.0,0.0,0.0,0.0,185.0,0
0.211,802.0,700.0,616.0,801.5,700.5,616.5,1000.0,0.0,0.0,0.5,-58.799999999999955,-135.10000000000002,0.0,0.0,0.0,0.0,0.0,0.0,186.0,0
0.212,802.0,700.0,616.0,802.5,700.5,616.5,0.0,0.0,0.0,0.5,-58.0,-134.5,0.0,0.0,0.0,0.0,0.0,0.0,186.0,0
0.213,803.0,700.0,616.0,802.5,700.5,616.5,1000.0,0.0,0.0,0.5,-58.0,-134.5,0.0,0.0,0.0,0.0,0.0,0.0,187.0,0
0.214,803.0,700.0,616.0,803.5,700.5,616.5,0.0,0.0,0.0,0.5,-57.200000000000045,-133.89999999999998,0.0,0.0,0.0,0.0,0.0,0.0,187.0,0
0.215,804.0,700.0,616.0,803.5,700.5,616.5,1000.0,0.0,0.0,0.5,-57.200000000000045,-133.89999999999998,0.0,0.0,0.0,0.0,0.0,0.0,188.0,0
0.216,805.0,700.0,616.0,804.5,700.5,616.5,1000.0,0.0,0.0,0.5,-56.39999999999998,-133.3,0.0,0.0,0.0,0.0,0.0,0.0,189.0,0
0.217,805.0,700.0,616.0,805.5,700.5,616.5,0.0,0.0,0.0,0.5,-55.60000000000002,-132.7,0.0,0.0,0.0,0.0,0.0,0.0,189.0,0
0.218,806.0,700.0,616.0,805.5,700.5,616.5,1000.0,0.0,0.0,0.5,-55.60000000000002,-132.7,0.0,0.0,0.0,0.0,0.0,0.0,190.0,0
0.219,807.0,700.0,616.0,806.5,700.5,616.5,1000.0,0.0,0.0,0.5,-54.799999999999955,-132.10000000000002,0.0,0.0,0.0,0.0,0.0,0.0,191.0,0
0.22,807.0,700.0,616.0,807.5,700.5,616.5,0.0,0.0,0.0,0.5,-54.0,-131.5,0.0,0.0,0.0,0.0,0.0,0.0,191.0,0
0.221,808.0,700.0,616.0,807.5,700.5,616.5,1000.0,0.0,0.0,0.5,-54.0,-131.5,0.0,0.0,0.0,0.0,0.0,0.0,192.0,0
0.222,809.0,700.0,616.0,808.5,700.5,616.5,1000.0,0.0,0.0,0.5,-53.200000000000045,-130.89999999999998,0.0,0.0,0.0,0.0,0.0,0.0,193.0,0
0.223,809.0,700.0,616.0,809.5,700.5,616.5,0.0,0.0,0.0,0.5,-52.39999999999998,-130.3,0.0,0.0,0.0,0.0,0.0,0.0,193.0,0
0.224,810.0,700.0,616.0,809.5,700.5,616.5,1000.0,0.0,0.0,0.5,-52.39999999999998,-130.3,0.0,0.0,0.0,0.0,0.0,0.0,194.0,0
0.225,811.0,700.0,616.0,810.5,700.5,616.5,1000.0,0.0,0.0,0.5,-51.60000000000002,-129.7,0.0,0.0,0.0,0.0,0.0,0.0,195.0,0
0.226,811.0,700.0,616.0,811.5,700.5,616.5,0.0,0.0,0.0,0.5,-50.799999999999955,-129.10000000000002,0.0,0.0,0.0,0.0,0.0,0.0,195.0,0
0.227,812.0,700.0,616.0,811.5,700.5,616.5,1000.0,0.0,0.0,0.5,-50.799999999999955,-129.10000000000002,0.0,0.0,0.0,0.0,0.0,0.0,196.0,0
0.228,813.0,700.0,616.0,812.5,700.5,616.5,1000.0,0.0,0.0,0.5,-50.0,-128.5,0.0,0.0,0.0,0.0,0.0,0.0,197.0,0
0.229,813.0,700.0,616.0,813.5,700.5,616.5,0.0,0.0,0.0,0.5,-49.200000000000045,-127.89999999999998,0.0,0.0,0.0,0.0,0.0,0.0,197.0,0
0.23,814.0,700.0,616.0,813.5,700.5,616.5,1000.0,0.0,0.0,0.5,-49.200000000000045,-127.89999999999998,0.0,0.0,0.0,0.0,0.0,0.0,198.0,0
0.231,814.0,700.0,616.0,814.5,700.5,616.5,0.0,0.0,0.0,0.5,-48.39999999999998,-127.30000000000001,0.0,0.0,0.0,0.0,0.0,0.0,198.0,0
0.232,815.0,700.0,616.0,814.5,700.5,616.5,1000.0,0.0,0.0,0.5,-48.39999999999998,-127.30000000000001,0.0,0.0,0.0,0.0,0.0,0.0,199.0,0
0.233,816.0,700.0,616.0,815.5,700.5,616.5,1000.0,0.0,0.0,0.5,-47.60000000000002,-126.69999999999999,0.0,0.0,0.0,0.0,0.0,0.0,200.0,0
0.234,816.0,700.0,616.0,816.5,700.5,616.5,0.0,0.0,0.0,0.5,-46.799999999999955,-126.10000000000002,0.0,0.0,0.0,0.0,0.0,0.0,200.0,0
0.23500000000000001,817.0,700.0,616.0,816.5,700.5,616.5,1000.0,0.0,0.0,0.5,-46.799999999999955,-126.10000000000002,0.0,0.0,0.0,0.0,0.0,0.0,201.0,0
0.23600000000000002,818.0,700.0,616.0,817.5,700.5,616.5,1000.0,0.0,0.0,0.5,-46.0,-125.5,0.0,0.0,0.0,0.0,0.0,0.0,202.0,0
0.23700000000000002,818.0,700.0,616.0,818.5,700.5,616.5,0.0,0.0,0.0,0.5,-45.200000000000045,-124.89999999999998,0.0,0.0,0.0,0.0,0.0,0.0,202.0,0
0.23800000000000002,819.0,700.0,616.0,818.5,700.5,616.5,1000.0,0.0,0.0,0.5,-45.200000000000045,-124.89999999999998,0.0,0.0,0.0,0.0,0.0,0.0,203.0,0
0.23900000000000002,820.0,700.0,616.0,819.5,700.5,616.5,1000.0,0.0,0.0,0.5,-44.39999999999998,-124.30000000000001,0.0,0.0,0.0,0.0,0.0,0.0,204.0,0
0.24,820.0,700.0,616.0,820.5,700.5,616.5,0.0,0.0,0.0,0.5,-43.60000000000002,-123.69999999999999,0.0,0.0,0.0,0.0,0.0,0.0,204.0,0
0.241,821.0,700.0,616.0,820.5,700.5,616.5,1000.0,0.0,0.0,0.5,-43.60000000000002,-123.69999999999999,0.0,0.0,0.0,0.0,0.0,0.0,205.0,0
0.242,822.0,700.0,616.0,821.5,700.5,616.5,1000.0,0.0,0.0,0.5,-42.799999999999955,-123.10000000000002,0.0,0.0,0.0,0.0,0.0,0.0,206.0,0
0.243,822.0,700.0,616.0,822.5,700.5,616.5,0.0,0.0,0.0,0.5,-42.0,-122.5,0.0,0.0,0.0,0.0,0.0,0.0,206.0,0
0.244,823.0,700.0,616.0,822.5,700.5,616.5,1000.0,0.0,0.0,0.5,-42.0,-122.5,0.0,0.0,0.0,0.0,0.0,0.0,207.0,0
0.245,824.0,700.0,616.0,823.5,700.5,616.5,1000.0,0.0,0.0,0.5,-41.200000000000045,-121.89999999999998,0.0,0.0,0.0,0.0,0.0,0.0,208.0,0
0.246,824.0,700.0,616.0,824.5,700.5,616.5,0.0,0.0,0.0,0.5,-40.39999999999998,-121.30000000000001,0.0,0.0,0.0,0.0,0.0,0.0,208.0,0
0.247,825.0,700.0,616.0,824.5,700.5,616.5,1000.0,0.0,0.0,0.5,-40.39999999999998,-121.30000000000001,0.0,0.0,0.0,0.0,0.0,0.0,209.0,0
0.248,826.0,700.0,616.0,825.5,700.5,616.5,1000.0,0.0,0.0,0.5,-39.60000000000002,-120.69999999999999,0.0,0.0,0.0,0.0,0.0,0.0,210.0,0
0.249,826.0,700.0,616.0,826.5,700.5,616.5,0.0,0.0,0.0,0.5,-38.799999999999955,-120.10000000000002,0.0,0.0,0.0,0.0,0.0,0.0,210.0,0
0.25,827.0,700.0,616.0,826.5,700.5,616.5,1000.0,0.0,0.0,0.5,-38.799999999999955,-120.10000000000002,0.0,0.0,0.0,0.0,0.0,0.0,211.0,0
0.251,827.0,700.0,616.0,827.5,700.5,616.5,0.0,0.0,0.0,0.5,-38.0,-119.5,0.0,0.0,0.0,0.0,0.0,0.0,211.0,0
0.252,828.0,700.0,616.0,827.5,700.5,616.5,1000.0,0.0,0.0,0.5,-38.0,-119.5,0.0,0.0,0.0,0.0,0.0,0.0,212.0,0
0.253,829.0,700.0,616.0,828.5,700.5,616.5,1000.0,0.0,0.0,0.5,-37.200000000000045,-118.89999999999998,0.0,0.0,0.0,0.0,0.0,0.0,213.0,0
0.254,829.0,700.0,616.0,829.5,700.5,616.5,0.0,0.0,0.0,0.5,-36.39999999999998,-118.30000000000001,0.0,0.0,0.0,0.0,0.0,0.0,213.0,0
0.255,830.0,700.0,616.0,829.5,700.5,616.5,1000.0,0.0,0.0,0.5,-36.39999999999998,-118.30000000000001,0.0,0.0,0.0,0.0,0.0,0.0,214.0,0
0.256,831.0,700.0,616.0,830.5,700.5,616.5,1000.0,0.0,0.0,0.5,-35.60000000000002,-117.69999999999999,0.0,0.0,0.0,0.0,0.0,0.0,215.0,0
0.257,831.0,700.0,616.0,831.5,700.5,616.5,0.0,0.0,0.0,0.5,-34.799999999999955,-117.10000000000002,0.0,0.0,0.0,0.0,0.0,0.0,215.0,0
0.258,832.0,700.0,616.0,831.5,700.5,616.5,1000.0,0.0,0.0,0.5,-34.799999999999955,-117.10000000000002,0.0,0.0,0.0,0.0,0.0,0.0,216.0,0
0.259,833.0,700.0,616.0,832.5,700.5,616.5,1000.0,0.0,0.0,0.5,-34.0,-116.5,0.0,0.0,0.0,0.0,0.0,0.0,217.0,0
0.26,833.0,700.0,616.0,833.5,700.5,616.5,0.0,0.0,0.0,0.5,-33.200000000000045,-115.89999999999998,0.0,0.0,0.0,0.0,0.0,0.0,217.0,0
0.261,834.0,700.0,616.0,833.5,700.5,616.5,1000.0,0.0,0.0,0.5,-33.200000000000045,-115.89999999999998,0.0,0.0,0.0,0.0,0.0,0.0,218.0,0
0.262,835.0,700.0,616.0,834.5,700.5,616.5,1000.0,0.0,0.0,0.5,-32.39999999999998,-115.30000000000001,0.0,0.0,0.0,0.0,0.0,0.0,219.0,0
0.263,835.0,700.0,616.0,835.5,700.5,616.5,0.0,0.0,0.0,0.5,-31.600000000000023,-114.69999999999999,0.0,0.0,0.0,0.0,0.0,0.0,219.0,0
0.264,836.0,700.0,616.0,835.5,700.5,616.5,1000.0,0.0,0.0,0.5,-31.600000000000023,-114.69999999999999,0.0,0.0,0.0,0.0,0.0,0.0,220.0,0
0.265,837.0,700.0,616.0,836.5,700.5,616.5,1000.0,0.0,0.0,0.5,-30.799999999999955,-114.10000000000002,0.0,0.0,0.0,0.0,0.0,0.0,221.0,0
0.266,837.0,700.0,616.0,837.5,700.5,616.5,0.0,0.0,0.0,0.5,-30.0,-113.5,0.0,0.0,0.0,0.0,0.0,0.0,221.0,0
0.267,838.0,700.0,616.0,837.5,700.5,616.5,1000.0,0.0,0.0,0.5,-30.0,-113.5,0.0,0.0,0.0,0.0,0.0,0.0,222.0,0
0.268,839.0,700.0,616.0,838.5,700.5,616.5,1000.0,0.0,0.0,0.5,-29.200000000000045,-112.89999999999998,0.0,0.0,0.0,0.0,0.0,0.0,223.0,0
0.269,839.0,700.0,616.0,839.5,700.5,616.5,0.0,0.0,0.0,0.5,-28.399999999999977,-112.30000000000001,0.0,0.0,0.0,0.0,0.0,0.0,223.0,0
0.27,840.0,700.0,616.0,839.5,700.5,616.5,1000.0,0.0,0.0,0.5,-28.399999999999977,-112.30000000000001,0.0,0.0,0.0,0.0,0.0,0.0,224.0,0
0.271,840.0,700.0,616.0,840.5,700.5,616.5,0.0,0.0,0.0,0.5,-27.600000000000023,-111.69999999999999,0.0,0.0,0.0,0.0,0.0,0.0,224.0,0
0.272,841.0,700.0,616.0,840.5,700.5,616.5,1000.0,0.0,0.0,0.5,-27.600000000000023,-111.69999999999999,0.0,0.0,0.0,0.0,0.0,0.0,225.0,0
0.273,842.0,700.0,616.0,841.5,700.5,616.5,1000.0,0.0,0.0,0.5,-26.799999999999955,-111.10000000000002,0.0,0.0,0.0,0.0,0.0,0.0,226.0,0
0.274,842.0,700.0,616.0,842.5,700.5,616.5,0.0,0.0,0.0,0.5,-26.0,-110.5,0.0,0.0,0.0,0.0,0.0,0.0,226.0,0
0.275,843.0,700.0,616.0,842.5,700.5,616.5,1000.0,0.0,0.0,0.5,-26.0,-110.5,0.0,0.0,0.0,0.0,0.0,0.0,227.0,0
0.276,844.0,700.0,616.0,843.5,700.5,616.5,1000.0,0.0,0.0,0.5,-25.200000000000045,-109.89999999999998,0.0,0.0,0.0,0.0,0.0,0.0,228.0,0
0.277,844.0,700.0,616.0,844.5,700.5,616.5,0.0,0.0,0.0,0.5,-24.399999999999977,-109.30000000000001,0.0,0.0,0.0,0.0,0.0,0.0,228.0,0
0.278,845.0,700.0,616.0,844.5,700.5,616.5,1000.0,0.0,0.0,0.5,-24.399999999999977,-109.30000000000001,0.0,0.0,0.0,0.0,0.0,0.0,229.0,0
0.279,846.0,700.0,616.0,845.5,700.5,616.5,1000.0,0.0,0.0,0.5,-23.600000000000023,-108.69999999999999,0.0,0.0,0.0,0.0,0.0,0.0,230.0,0
0.28,846.0,700.0,616.0,846.5,700.5,616.5,0.0,0.0,0.0,0.5,-22.799999999999955,-108.10000000000002,0.0,0.0,0.0,0.0,0.0,0.0,230.0,0
0.281,847.0,700.0,616.0,846.5,700.5,616.5,1000.0,0.0,0.0,0.5,-22.799999999999955,-108.10000000000002,0.0,0.0,0.0,0.0,0.0,0.0,231.0,0
0.28200000000000003,848.0,700.0,616.0,847.5,700.5,616.5,1000.0,0.0,0.0,0.5,-22.0,-107.5,0.0,0.0,0.0,0.0,0.0,0.0,232.0,0
0.28300000000000003,848.0,700.0,616.0,848.5,700.5,616.5,0.0,0.0,0.0,0.5,-21.200000000000045,-106.89999999999998,0.0,0.0,0.0,0.0,0.0,0.0,232.0,0
0.28400000000000003,849.0,700.0,616.0,848.5,700.5,616.5,1000.0,0.0,0.0,0.5,-21.200000000000045,-106.89999999999998,0.0,0.0,0.0,0.0,0.0,0.0,233.0,0
0.28500000000000003,850.0,700.0,616.0,849.5,700.5,616.5,1000.0,0.0,0.0,0.5,-20.399999999999977,-106.30000000000001,0.0,0.0,0.0,0.0,0.0,0.0,234.0,0
0.28600000000000003,850.0,700.0,616.0,850.5,700.5,616.5,0.0,0.0,0.0,0.5,-19.600000000000023,-105.69999999999999,0.0,0.0,0.0,0.0,0.0,0.0,234.0,0
0.28700000000000003,851.0,700.0,616.0,850.5,700.5,616.5,1000.0,0.0,0.0,0.5,-19.600000000000023,-105.69999999999999,0.0,0.0,0.0,0.0,0.0,0.0,235.0,0
0.28800000000000003,851.0,700.0,616.0,851.5,700.5,616.5,0.0,0.0,0.0,0.5,-18.799999999999955,-105.10000000000002,0.0,0.0,0.0,0.0,0.0,0.0,235.0,0
0.289,852.0,700.0,616.0,851.5,700.5,616.5,1000.0,0.0,0.0,0.5,-18.799999999999955,-105.10000000000002,0.0,0.0,0.0,0.0,0.0,0.0,236.0,0
0.29,853.0,700.0,616.0,852.5,700.5,616.5,1000.0,0.0,0.0,0.5,-18.0,-104.5,0.0,0.0,0.0,0.0,0.0,0.0,237.0,0
0.291,853.0,700.0,616.0,853.5,700.5,616.5,0.0,0.0,0.0,0.5,-17.200000000000045,-103.89999999999998,0.0,0.0,0.0,0.0,0.0,0.0,237.0,0
0.292,854.0,700.0,616.0,853.5,700.5,616.5,1000.0,0.0,0.0,0.5,-17.200000000000045,-103.89999999999998,0.0,0.0,0.0,0.0,0.0,0.0,238.0,0
0.293,855.0,700.0,616.0,854.5,700.5,616.5,1000.0,0.0,0.0,0.5,-16.399999999999977,-103.29999999999995,0.0,0.0,0.0,0.0,0.0,0.0,239.0,0
0.294,855.0,700.0,616.0,855.5,700.5,616.5,0.0,0.0,0.0,0.5,-15.600000000000023,-102.70000000000005,0.0,0.0,0.0,0.0,0.0,0.0,239.0,0
0.295,856.0,700.0,616.0,855.5,700.5,616.5,1000.0,0.0,0.0,0.5,-15.600000000000023,-102.70000000000005,0.0,0.0,0.0,0.0,0.0,0.0,240.0,0
0.296,857.0,700.0,616.0,856.5,700.5,616.5,1000.0,0.0,0.0,0.5,-14.799999999999955,-102.10000000000002,0.0,0.0,0.0,0.0,0.0,0.0,241.0,0
0.297,857.0,700.0,616.0,857.5,700.5,616.5,0.0,0.0,0.0,0.5,-14.0,-101.5,0.0,0.0,0.0,0.0,0.0,0.0,241.0,0
0.298,858.0,700.0,616.0,857.5,700.5,616.5,1000.0,0.0,0.0,0.5,-14.0,-101.5,0.0,0.0,0.0,0.0,0.0,0.0,242.0,0
0.299,859.0,700.0,616.0,858.5,700.5,616.5,1000.0,0.0,0.0,0.5,-13.200000000000045,-100.89999999999998,0.0,0.0,0.0,0.0,0.0,0.0,243.0,0
0.3,859.0,700.0,616.0,859.5,700.5,616.5,0.0,0.0,0.0,0.5,-12.399999999999977,-100.29999999999995,0.0,0.0,0.0,0.0,0.0,0.0,243.0,0
0.301,860.0,700.0,616.0,859.5,700.5,616.5,1000.0,0.0,0.0,0.5,-12.399999999999977,-100.29999999999995,0.0,0.0,0.0,0.0,0.0,0.0,244.0,0
0.302,861.0,700.0,616.0,860.5,700.5,616.5,1000.0,0.0,0.0,0.5,-11.600000000000023,-99.70000000000005,0.0,0.0,0.0,0.0,0.0,0.0,245.0,0
0.303,861.0,700.0,616.0,861.5,700.5,616.5,0.0,0.0,0.0,0.5,-10.799999999999955,-99.10000000000002,0.0,0.0,0.0,0.0,0.0,0.0,245.0,0
0.304,862.0,700.0,616.0,861.5,700.5,616.5,1000.0,0.0,0.0,0.5,-10.799999999999955,-99.10000000000002,0.0,0.0,0.0,0.0,0.0,0.0,246.0,0
0.305,863.0,700.0,616.0,862.5,700.5,616.5,1000.0,0.0,0.0,0.5,-10.0,-98.5,0.0,0.0,0.0,0.0,0.0,0.0,247.0,0
0.306,863.0,700.0,616.0,863.5,700.5,616.5,0.0,0.0,0.0,0.5,-9.200000000000045,-97.89999999999998,0.0,0.0,0.0,0.0,0.0,0.0,247.0,0
0.307,864.0,700.0,616.0,863.5,700.5,616.5,1000.0,0.0,0.0,0.5,-9.200000000000045,-97.89999999999998,0.0,0.0,0.0,0.0,0.0,0.0,248.0,0
0.308,864.0,700.0,616.0,864.5,700.5,616.5,0.0,0.0,0.0,0.5,-8.399999999999977,-97.29999999999995,0.0,0.0,0.0,0.0,0.0,0.0,248.0,0
0.309,865.0,701.0,616.0,864.5,700.5,616.5,1000.0,1000.0,0.0,0.5,-8.399999999999977,-97.29999999999995,0.0,0.0,0.0,0.0,0.0,0.0,249.0,0
0.31,866.0,701.0,616.0,865.5,701.5,616.5,1000.0,0.0,0.0,0.5,-8.600000000000023,-96.70000000000005,0.0,0.0,0.0,0.0,0.0,0.0,250.0,0
0.311,866.0,701.0,616.0,866.5,701.5,616.5,0.0,0.0,0.0,0.5,-7.7999999999999545,-96.10000000000002,0.0,0.0,0.0,0.0,0.0,0.0,250.0,0
0.312,867.0,702.0,616.0,866.5,701.5,616.5,1000.0,1000.0,0.0,0.5,-7.7999999999999545,-96.10000000000002,0.0,0.0,0.0,0.0,0.0,0.0,251.0,0
0.313,868.0,702.0,616.0,867.5,702.5,616.5,1000.0,0.0,0.0,0.5,-8.0,-95.5,0.0,0.0,0.0,0.0,0.0,0.0,252.0,0
0.314,868.0,702.0,616.0,868.5,702.5,616.5,0.0,0.0,0.0,0.5,-7.2000000000000455,-94.89999999999998,0.0,0.0,0.0,0.0,0.0,0.0,252.0,0
0.315,869.0,703.0,616.0,868.5,702.5,616.5,1000.0,1000.0,0.0,0.5,-7.2000000000000455,-94.89999999999998,0.0,0.0,0.0,0.0,0.0,0.0,253.0,0
0.316,870.0,703.0,616.0,869.5,703.5,616.5,1000.0,0.0,0.0,0.5,-7.399999999999977,-94.29999999999995,0.0,0.0,0.0,0.0,0.0,0.0,254.0,0
0.317,870.0,703.0,616.0,870.5,703.5,616.5,0.0,0.0,0.0,0.5,-6.600000000000023,-93.70000000000005,0.0,0.0,0.0,0.0,0.0,0.0,254.0,0
0.318,871.0,704.0,616.0,870.5,703.5,616.5,1000.0,1000.0,0.0,0.5,-6.600000000000023,-93.70000000000005,0.0,0.0,0.0,0.0,0.0,0.0,255.0,0
0.319,872.0,704.0,616.0,871.5,704.5,616.5,1000.0,0.0,0.0,0.5,-6.7999999999999545,-93.10000000000002,0.0,0.0,0.0,0.0,0.0,0.0,256.0,0
0.32,872.0,704.0,616.0,872.5,704.5,616.5,0.0,0.0,0.0,0.5,-6.0,-92.5,0.0,0.0,0.0,0.0,0.0,0.0,256.0,0
0.321,873.0,705.0,616.0,872.5,704.5,616.5,1000.0,1000.0,0.0,0.5,-6.0,-92.5,0.0,0.0,0.0,0.0,0.0,0.0,257.0,0
0.322,874.0,705.0,616.0,873.5,705.5,616.5,1000.0,0.0,0.0,0.5,-6.2000000000000455,-91.89999999999998,0.0,0.0,0.0,0.0,0.0,0.0,258.0,0
0.323,874.0,705.0,616.0,874.5,705.5,616.5,0.0,0.0,0.0,0.5,-5.399999999999977,-91.29999999999995,0.0,0.0,0.0,0.0,0.0,0.0,258.0,0
0.324,875.0,706.0,616.0,874.5,705.5,616.5,1000.0,1000.0,0.0,0.5,-5.399999999999977,-91.29999999999995,0.0,0.0,0.0,0.0,0.0,0.0,259.0,0
0.325,875.0,706.0,616.0,875.5,706.5,616.5,0.0,0.0,0.0,0.5,-5.600000000000023,-90.70000000000005,0.0,0.0,0.0,0.0,0.0,0.0,259.0,0
0.326,876.0,706.0,616.0,875.5,706.5,616.5,1000.0,0.0,0.0,0.5,-5.600000000000023,-90.70000000000005,0.0,0.0,0.0,0.0,0.0,0.0,260.0,0
0.327,877.0,707.0,616.0,876.5,706.5,616.5,1000.0,1000.0,0.0,0.5,-4.7999999999999545,-90.10000000000002,0.0,0.0,0.0,0.0,0.0,0.0,261.0,0
0.328,877.0,707.0,616.0,877.5,707.5,616.5,0.0,0.0,0.0,0.5,-5.0,-89.5,0.0,0.0,0.0,0.0,0.0,0.0,261.0,0
0.329,878.0,707.0,616.0,877.5,707.5,616.5,1000.0,0.0,0.0,0.5,-5.0,-89.5,0.0,0.0,0.0,0.0,0.0,0.0,262.0,0
0.33,879.0,708.0,616.0,878.5,707.5,616.5,1000.0,1000.0,0.0,0.5,-4.2000000000000455,-88.89999999999998,0.0,0.0,0.0,0.0,0.0,0.0,263.0,0
0.331,879.0,708.0,616.0,879.5,708.5,616.5,0.0,0.0,0.0,0.5,-4.399999999999977,-88.29999999999995,0.0,0.0,0.0,0.0,0.0,0.0,263.0,0
0.332,880.0,708.0,616.0,879.5,708.5,616.5,1000.0,0.0,0.0,0.5,-4.399999999999977,-88.29999999999995,0.0,0.0,0.0,0.0,0.0,0.0,264.0,0
0.333,881.0,708.0,616.0,880.5,708.5,616.5,1000.0,0.0,0.0,0.5,-3.6000000000000227,-87.70000000000005,0.0,0.0,0.0,0.0,0.0,0.0,265.0,0
0.334,881.0,709.0,616.0,881.5,708.5,616.5,0.0,1000.0,0.0,0.5,-2.7999999999999545,-87.10000000000002,0.0,0.0,0.0,0.0,0.0,0.0,265.0,0
0.335,882.0,709.0,616.0,881.5,709.5,616.5,1000.0,0.0,0.0,0.5,-3.7999999999999545,-87.10000000000002,0.0,0.0,0.0,0.0,0.0,0.0,266.0,0
0.336,883.0,709.0,616.0,882.5,709.5,616.5,1000.0,0.0,0.0,0.5,-3.0,-86.5,0.0,0.0,0.0,0.0,0.0,0.0,267.0,0
0.337,883.0,710.0,616.0,883.5,709.5,616.5,0.0,1000.0,0.0,0.5,-2.2000000000000455,-85.89999999999998,0.0,0.0,0.0,0.0,0.0,0.0,267.0,0
0.338,884.0,710.0,616.0,883.5,710.5,616.5,1000.0,0.0,0.0,0.5,-3.2000000000000455,-85.89999999999998,0.0,0.0,0.0,0.0,0.0,0.0,268.0,0
0.339,885.0,710.0,616.0,884.5,710.5,616.5,1000.0,0.0,0.0,0.5,-2.3999999999999773,-85.29999999999995,0.0,0.0,0.0,0.0,0.0,0.0,269.0,0
0.34,885.0,711.0,616.0,885.5,710.5,616.5,0.0,1000.0,0.0,0.5,-1.6000000000000227,-84.70000000000005,0.0,0.0,0.0,0.0,0.0,0.0,269.0,0
0.341,886.0,711.0,616.0,885.5,711.5,616.5,1000.0,0.0,0.0,0.5,-2.6000000000000227,-84.70000000000005,0.0,0.0,0.0,0.0,0.0,0.0,270.0,0
0.342,887.0,711.0,616.0,886.5,711.5,616.5,1000.0,0.0,0.0,0.5,-1.7999999999999545,-84.10000000000002,0.0,0.0,0.0,0.0,0.0,0.0,271.0,0
0.343,887.0,712.0,616.0,887.5,711.5,616.5,0.0,1000.0,0.0,0.5,-1.0,-83.5,0.0,0.0,0.0,0.0,0.0,0.0,271.0,0
0.34400000000000003,888.0,712.0,616.0,887.5,712.5,616.5,1000.0,0.0,0.0,0.5,-2.0,-83.5,0.0,0.0,0.0,0.0,0.0,0.0,272.0,0
0.34500000000000003,888.0,712.0,616.0,888.5,712.5,616.5,0.0,0.0,0.0,0.5,-1.2000000000000455,-82.89999999999998,0.0,0.0,0.0,0.0,0.0,0.0,272.0,0
0.34600000000000003,889.0,713.0,616.0,888.5,712.5,616.5,1000.0,1000.0,0.0,0.5,-1.2000000000000455,-82.89999999999998,0.0,0.0,0.0,0.0,0.0,0.0,273.0,0
0.34700000000000003,890.0,713.0,616.0,889.5,713.5,616.5,1000.0,0.0,0.0,0.5,-1.3999999999999773,-82.29999999999995,0.0,0.0,0.0,0.0,0.0,0.0,274.0,0
0.34800000000000003,890.0,713.0,616.0,890.5,713.5,616.5,0.0,0.0,0.0,0.5,-0.6000000000000227,-81.70000000000005,0.0,0.0,0.0,0.0,0.0,0.0,274.0,0
0.34900000000000003,891.0,714.0,616.0,890.5,713.5,616.5,1000.0,1000.0,0.0,0.5,-0.6000000000000227,-81.70000000000005,0.0,0.0,0.0,0.0,0.0,0.0,275.0,0
0.35000000000000003,891.0,714.0,616.0,891.5,714.5,616.5,0.0,0.0,0.0,0.5,-0.7999999999999545,-81.10000000000002,700.0,0.0,0.0,0.001,0.0,0.0,275.0,0
0.35100000000000003,891.0,714.0,616.0,891.5,714.5,616.5,0.0,0.0,0.0,0.5,-0.7999999999999545,-81.10000000000002,700.0,0.0,0.0,0.002,0.0,0.0,275.0,0
0.352,891.0,715.0,616.0,891.5,714.5,616.5,0.0,1000.0,0.0,0.5,-0.7999999999999545,-81.10000000000002,700.0,0.0,0.0,0.003,0.0,0.0,275.0,1
0.353,891.0,715.0,616.0,891.5,715.5,616.5,0.0,0.0,0.0,0.5,-1.7999999999999545,-81.10000000000002,700.0,0.0,0.0,0.004,0.0,0.0,275.0,1
0.354,891.0,715.0,616.0,891.5,715.5,616.5,0.0,0.0,0.0,0.5,-1.7999999999999545,-81.10000000000002,700.0,0.0,0.0,0.005,0.0,0.0,275.0,1
0.355,891.0,716.0,616.0,891.5,715.5,616.5,0.0,1000.0,0.0,0.5,-1.7999999999999545,-81.10000000000002,700.0,0.0,0.0,0.006,0.0,0.0,275.0,1
0.356,891.0,716.0,616.0,891.5,716.5,616.5,0.0,0.0,0.0,0.5,-2.7999999999999545,-81.10000000000002,700.0,0.0,0.0,0.007,0.0,0.0,275.0,1
0.357,891.0,716.0,616.0,891.5,716.5,616.5,0.0,0.0,0.0,0.5,-2.7999999999999545,-81.10000000000002,700.0,0.0,0.0,0.008,0.0,0.0,275.0,1
0.358,891.0,717.0,616.0,891.5,716.5,616.5,0.0,1000.0,0.0,0.5,-2.7999999999999545,-81.10000000000002,700.0,0.0,0.0,0.009000000000000001,0.0,0.0,275.0,1
0.359,891.0,717.0,616.0,891.5,717.5,616.5,0.0,0.0,0.0,0.5,-3.7999999999999545,-81.10000000000002,700.0,0.0,0.0,0.010000000000000002,0.0,0.0,275.0,1
0.36,891.0,717.0,616.0,891.5,717.5,616.5,0.0,0.0,0.0,0.5,-3.7999999999999545,-81.10000000000002,700.0,0.0,0.0,0.011000000000000003,0.0,0.0,275.0,1
0.361,891.0,718.0,616.0,891.5,717.5,616.5,0.0,1000.0,0.0,0.5,-3.7999999999999545,-81.10000000000002,700.0,0.0,0.0,0.012000000000000004,0.0,0.0,275.0,1
0.362,891.0,718.0,616.0,891.5,718.5,616.5,0.0,0.0,0.0,0.5,-4.7999999999999545,-81.10000000000002,700.0,0.0,0.0,0.013000000000000005,0.0,0.0,275.0,1
0.363,891.0,718.0,616.0,891.5,718.5,616.5,0.0,0.0,0.0,0.5,-4.7999999999999545,-81.10000000000002,700.0,0.0,0.0,0.014000000000000005,0.0,0.0,275.0,1
0.364,891.0,718.0,616.0,891.5,718.5,616.5,0.0,0.0,0.0,0.5,-4.7999999999999545,-81.10000000000002,700.0,0.0,0.0,0.015000000000000006,0.0,0.0,275.0,1
0.365,891.0,719.0,616.0,891.5,718.5,616.5,0.0,1000.0,0.0,0.5,-4.7999999999999545,-81.10000000000002,700.0,0.0,0.0,0.016000000000000007,0.0,0.0,275.0,1
0.366,891.0,719.0,616.0,891.5,719.5,616.5,0.0,0.0,0.0,0.5,-5.7999999999999545,-81.10000000000002,700.0,0.0,0.0,0.017000000000000008,0.0,0.0,275.0,1
0.367,891.0,719.0,616.0,891.5,719.5,616.5,0.0,0.0,0.0,0.5,-5.7999999999999545,-81.10000000000002,700.0,0.0,0.0,0.01800000000000001,0.0,0.0,275.0,1
0.368,891.0,720.0,616.0,891.5,719.5,616.5,0.0,1000.0,0.0,0.5,-5.7999999999999545,-81.10000000000002,700.0,0.0,0.0,0.01900000000000001,0.0,0.0,275.0,1
0.369,891.0,720.0,616.0,891.5,720.5,616.5,0.0,0.0,0.0,0.5,-6.7999999999999545,-81.10000000000002,700.0,0.0,0.0,0.02000000000000001,0.0,0.0,275.0,1
0.37,891.0,720.0,616.0,891.5,720.5,616.5,0.0,0.0,0.0,0.5,-6.7999999999999545,-81.10000000000002,700.0,0.0,0.0,0.02100000000000001,0.0,0.0,275.0,1
0.371,891.0,721.0,616.0,891.5,720.5,616.5,0.0,1000.0,0.0,0.5,-6.7999999999999545,-81.10000000000002,700.0,0.0,0.0,0.022000000000000013,0.0,0.0,275.0,1
0.372,891.0,721.0,616.0,891.5,721.5,616.5,0.0,0.0,0.0,0.5,-7.7999999999999545,-81.10000000000002,700.0,0.0,0.0,0.023000000000000013,0.0,0.0,275.0,1
0.373,891.0,721.0,616.0,891.5,721.5,616.5,0.0,0.0,0.0,0.5,-7.7999999999999545,-81.10000000000002,700.0,0.0,0.0,0.024000000000000014,0.0,0.0,275.0,1
0.374,891.0,722.0,616.0,891.5,721.5,616.5,0.0,1000.0,0.0,0.5,-7.7999999999999545,-81.10000000000002,700.0,0.0,0.0,0.025000000000000015,0.0,0.0,275.0,1
0.375,891.0,722.0,616.0,891.5,722.5,616.5,0.0,0.0,0.0,0.5,-8.799999999999955,-81.10000000000002,700.0,0.0,0.0,0.026000000000000016,0.0,0.0,275.0,1
0.376,891.0,722.0,616.0,891.5,722.5,616.5,0.0,0.0,0.0,0.5,-8.799999999999955,-81.10000000000002,700.0,0.0,0.0,0.027000000000000017,0.0,0.0,275.0,1
0.377,891.0,723.0,616.0,891.5,722.5,616.5,0.0,1000.0,0.0,0.5,-8.799999999999955,-81.10000000000002,700.0,0.0,0.0,0.028000000000000018,0.0,0.0,275.0,1
0.378,891.0,723.0,616.0,891.5,723.5,616.5,0.0,0.0,0.0,0.5,-9.799999999999955,-81.10000000000002,700.0,0.0,0.0,0.02900000000000002,0.0,0.0,275.0,1
0.379,891.0,723.0,616.0,891.5,723.5,616.5,0.0,0.0,0.0,0.5,-9.799999999999955,-81.10000000000002,700.0,0.0,0.0,0.03000000000000002,0.0,0.0,275.0,1
0.38,891.0,724.0,616.0,891.5,723.5,616.5,0.0,1000.0,0.0,0.5,-9.799999999999955,-81.10000000000002,700.0,0.0,0.0,0.03100000000000002,0.0,0.0,275.0,1
0.381,891.0,724.0,616.0,891.5,724.5,616.5,0.0,0.0,0.0,0.5,-10.799999999999955,-81.10000000000002,700.0,0.0,0.0,0.03200000000000002,0.0,0.0,275.0,1
0.382,891.0,724.0,616.0,891.5,724.5,616.5,0.0,0.0,0.0,0.5,-10.799999999999955,-81.10000000000002,700.0,0.0,0.0,0.03300000000000002,0.0,0.0,275.0,1
0.383,891.0,724.0,616.0,891.5,724.5,616.5,0.0,0.0,0.0,0.5,-10.799999999999955,-81.10000000000002,700.0,0.0,0.0,0.03400000000000002,0.0,0.0,275.0,1
0.384,891.0,724.0,616.0,891.5,724.5,616.5,0.0,0.0,0.0,0.5,-10.799999999999955,-81.10000000000002,700.0,0.0,0.0,0.035000000000000024,0.0,0.0,275.0,1
0.385,891.0,724.0,616.0,891.5,724.5,616.5,0.0,0.0,0.0,0.5,-10.799999999999955,-81.10000000000002,700.0,0.0,0.0,0.036000000000000025,0.0,0.0,275.0,1
0.386,891.0,724.0,616.0,891.5,724.5,616.5,0.0,0.0,0.0,0.5,-10.799999999999955,-81.10000000000002,700.0,0.0,0.0,0.037000000000000026,0.0,0.0,275.0,1
0.387,891.0,724.0,616.0,891.5,724.5,616.5,0.0,0.0,0.0,0.5,-10.799999999999955,-81.10000000000002,700.0,0.0,0.0,0.03800000000000003,0.0,0.0,275.0,1
0.388,891.0,724.0,616.0,891.5,724.5,616.5,0.0,0.0,0.0,0.5,-10.799999999999955,-81.10000000000002,700.0,0.0,0.0,0.03900000000000003,0.0,0.0,275.0,1
0.389,891.0,724.0,616.0,891.5,724.5,616.5,0.0,0.0,0.0,0.5,-10.799999999999955,-81.10000000000002,700.0,0.0,0.0,0.04000000000000003,0.0,0.0,275.0,1
0.39,891.0,724.0,616.0,891.5,724.5,616.5,0.0,0.0,0.0,0.5,-10.799999999999955,-81.10000000000002,700.0,0.0,0.0,0.04100000000000003,0.0,0.0,275.0,1
0.391,891.0,724.0,616.0,891.5,724.5,616.5,0.0,0.0,0.0,0.5,-10.799999999999955,-81.10000000000002,700.0,0.0,0.0,0.04200000000000003,0.0,0.0,275.0,1
0.392,891.0,724.0,616.0,891.5,724.5,616.5,0.0,0.0,0.0,0.5,-10.799999999999955,-81.10000000000002,700.0,0.0,0.0,0.04300000000000003,0.0,0.0,275.0,1
0.393,891.0,724.0,616.0,891.5,724.5,616.5,0.0,0.0,0.0,0.5,-10.799999999999955,-81.10000000000002,700.0,0.0,0.0,0.04400000000000003,0.0,0.0,275.0,1
0.394,891.0,724.0,616.0,891.5,724.5,616.5,0.0,0.0,0.0,0.5,-10.799999999999955,-81.10000000000002,700.0,0.0,0.0,0.04500000000000003,0.0,0.0,275.0,1
0.395,891.0,724.0,616.0,891.5,724.5,616.5,0.0,0.0,0.0,0.5,-10.799999999999955,-81.10000000000002,700.0,0.0,0.0,0.046000000000000034,0.0,0.0,275.0,1
0.396,891.0,724.0,616.0,891.5,724.5,616.5,0.0,0.0,0.0,0.5,-10.799999999999955,-81.10000000000002,700.0,0.0,0.0,0.047000000000000035,0.0,0.0,275.0,1
0.397,891.0,724.0,616.0,891.5,724.5,616.5,0.0,0.0,0.0,0.5,-10.799999999999955,-81.10000000000002,700.0,0.0,0.0,0.048000000000000036,0.0,0.0,275.0,1
0.398,891.0,724.0,616.0,891.5,724.5,616.5,0.0,0.0,0.0,0.5,-10.799999999999955,-81.10000000000002,700.0,0.0,0.0,0.04900000000000004,0.0,0.0,275.0,1
0.399,891.0,724.0,616.0,891.5,724.5,616.5,0.0,0.0,0.0,0.5,-10.799999999999955,-81.10000000000002,700.0,0.0,0.0,0.05000000000000004,0.0,0.0,275.0,1
0.4,891.0,724.0,616.0,891.5,724.5,616.5,0.0,0.0,0.0,0.5,-10.799999999999955,-81.10000000000002,700.0,0.0,0.0,0.05100000000000004,0.0,0.0,275.0,1
0.401,891.0,724.0,616.0,891.5,724.5,616.5,0.0,0.0,0.0,0.5,-10.799999999999955,-81.10000000000002,700.0,0.0,0.0,0.05200000000000004,0.0,0.0,275.0,1
0.402,891.0,724.0,616.0,891.5,724.5,616.5,0.0,0.0,0.0,0.5,-10.799999999999955,-81.10000000000002,700.0,0.0,0.0,0.05300000000000004,0.0,0.0,275.0,1
0.403,891.0,724.0,616.0,891.5,724.5,616.5,0.0,0.0,0.0,0.5,-10.799999999999955,-81.10000000000002,700.0,0.0,0.0,0.05400000000000004,0.0,0.0,275.0,1
0.404,891.0,724.0,616.0,891.5,724.5,616.5,0.0,0.0,0.0,0.5,-10.799999999999955,-81.10000000000002,700.0,0.0,0.0,0.05500000000000004,0.0,0.0,275.0,1
0.405,891.0,724.0,616.0,891.5,724.5,616.5,0.0,0.0,0.0,0.5,-10.799999999999955,-81.10000000000002,700.0,0.0,0.0,0.05600000000000004,0.0,0.0,275.0,1
0.406,891.0,724.0,616.0,891.5,724.5,616.5,0.0,0.0,0.0,0.5,-10.799999999999955,-81.10000000000002,700.0,0.0,0.0,0.057000000000000044,0.0,0.0,275.0,1
0.40700000000000003,891.0,724.0,616.0,891.5,724.5,616.5,0.0,0.0,0.0,0.5,-10.799999999999955,-81.10000000000002,700.0,0.0,0.0,0.058000000000000045,0.0,0.0,275.0,1
0.40800000000000003,891.0,724.0,616.0,891.5,724.5,616.5,0.0,0.0,0.0,0.5,-10.799999999999955,-81.10000000000002,700.0,0.0,0.0,0.059000000000000045,0.0,0.0,275.0,1
0.40900000000000003,891.0,724.0,616.0,891.5,724.5,616.5,0.0,0.0,0.0,0.5,-10.799999999999955,-81.10000000000002,700.0,0.0,0.0,0.060000000000000046,0.0,0.0,275.0,1
0.41000000000000003,891.0,724.0,616.0,891.5,724.5,616.5,0.0,0.0,0.0,0.5,-10.799999999999955,-81.10000000000002,700.0,0.0,0.0,0.06100000000000005,0.0,0.0,275.0,1
0.41100000000000003,891.0,724.0,616.0,891.5,724.5,616.5,0.0,0.0,0.0,0.5,-10.799999999999955,-81.10000000000002,700.0,0.0,0.0,0.06200000000000005,0.0,0.0,275.0,1
0.41200000000000003,891.0,724.0,616.0,891.5,724.5,616.5,0.0,0.0,0.0,0.5,-10.799999999999955,-81.10000000000002,700.0,0.0,0.0,0.06300000000000004,0.0,0.0,275.0,1
0.41300000000000003,891.0,724.0,616.0,891.5,724.5,616.5,0.0,0.0,0.0,0.5,-10.799999999999955,-81.10000000000002,700.0,0.0,0.0,0.06400000000000004,0.0,0.0,275.0,1
0.41400000000000003,891.0,724.0,616.0,891.5,724.5,616.5,0.0,0.0,0.0,0.5,-10.799999999999955,-81.10000000000002,700.0,0.0,0.0,0.06500000000000004,0.0,0.0,275.0,1
0.41500000000000004,891.0,724.0,616.0,891.5,724.5,616.5,0.0,0.0,0.0,0.5,-10.799999999999955,-81.10000000000002,700.0,0.0,0.0,0.06600000000000004,0.0,0.0,275.0,1
0.41600000000000004,891.0,724.0,616.0,891.5,724.5,616.5,0.0,0.0,0.0,0.5,-10.799999999999955,-81.10000000000002,700.0,0.0,0.0,0.06700000000000005,0.0,0.0,275.0,1
0.417,891.0,724.0,616.0,891.5,724.5,616.5,0.0,0.0,0.0,0.5,-10.799999999999955,-81.10000000000002,700.0,0.0,0.0,0.06800000000000005,0.0,0.0,275.0,1
0.418,891.0,724.0,616.0,891.5,724.5,616.5,0.0,0.0,0.0,0.5,-10.799999999999955,-81.10000000000002,700.0,0.0,0.0,0.06900000000000005,0.0,0.0,275.0,1
0.419,891.0,724.0,616.0,891.5,724.5,616.5,0.0,0.0,0.0,0.5,-10.799999999999955,-81.10000000000002,700.0,0.0,0.0,0.07000000000000005,0.0,0.0,275.0,1
0.42,891.0,724.0,616.0,891.5,724.5,616.5,0.0,0.0,0.0,0.5,-10.799999999999955,-81.10000000000002,700.0,0.0,0.0,0.07100000000000005,0.0,0.0,275.0,1
0.421,891.0,724.0,616.0,891.5,724.5,616.5,0.0,0.0,0.0,0.5,-10.799999999999955,-81.10000000000002,700.0,0.0,0.0,0.07200000000000005,0.0,0.0,275.0,1
0.422,891.0,724.0,616.0,891.5,724.5,616.5,0.0,0.0,0.0,0.5,-10.799999999999955,-81.10000000000002,700.0,0.0,0.0,0.07300000000000005,0.0,0.0,275.0,1
0.423,891.0,724.0,616.0,891.5,724.5,616.5,0.0,0.0,0.0,0.5,-10.799999999999955,-81.10000000000002,700.0,0.0,0.0,0.07400000000000005,0.0,0.0,275.0,1
0.424,891.0,724.0,616.0,891.5,724.5,616.5,0.0,0.0,0.0,0.5,-10.799999999999955,-81.10000000000002,700.0,0.0,0.0,0.07500000000000005,0.0,0.0,275.0,1
0.425,891.0,724.0,616.0,891.5,724.5,616.5,0.0,0.0,0.0,0.5,-10.799999999999955,-81.10000000000002,700.0,0.0,0.0,0.07600000000000005,0.0,0.0,275.0,1
0.426,891.0,724.0,616.0,891.5,724.5,616.5,0.0,0.0,0.0,0.5,-10.799999999999955,-81.10000000000002,700.0,0.0,0.0,0.07700000000000005,0.0,0.0,275.0,1
0.427,891.0,724.0,616.0,891.5,724.5,616.5,0.0,0.0,0.0,0.5,-10.799999999999955,-81.10000000000002,700.0,0.0,0.0,0.07800000000000006,0.0,0.0,275.0,1
0.428,891.0,724.0,616.0,891.5,724.5,616.5,0.0,0.0,0.0,0.5,-10.799999999999955,-81.10000000000002,700.0,0.0,0.0,0.07900000000000006,0.0,0.0,275.0,1
0.429,891.0,724.0,616.0,891.5,724.5,616.5,0.0,0.0,0.0,0.5,-10.799999999999955,-81.10000000000002,700.0,0.0,0.0,0.08000000000000006,0.0,0.0,275.0,1
0.43,891.0,724.0,616.0,891.5,724.5,616.5,0.0,0.0,0.0,0.5,-10.799999999999955,-81.10000000000002,700.0,0.0,0.0,0.08100000000000006,0.0,0.0,275.0,1
0.431,891.0,724.0,616.0,891.5,724.5,616.5,0.0,0.0,0.0,0.5,-10.799999999999955,-81.10000000000002,700.0,0.0,0.0,0.08200000000000006,0.0,0.0,275.0,1
0.432,891.0,724.0,616.0,891.5,724.5,616.5,0.0,0.0,0.0,0.5,-10.799999999999955,-81.10000000000002,700.0,0.0,0.0,0.08300000000000006,0.0,0.0,275.0,1
0.433,891.0,724.0,616.0,891.5,724.5,616.5,0.0,0.0,0.0,0.5,-10.799999999999955,-81.10000000000002,700.0,0.0,0.0,0.08400000000000006,0.0,0.0,275.0,1
0.434,891.0,724.0,616.0,891.5,724.5,616.5,0.0,0.0,0.0,0.5,-10.799999999999955,-81.10000000000002,700.0,0.0,0.0,0.08500000000000006,0.0,0.0,275.0,1
0.435,891.0,724.0,616.0,891.5,724.5,616.5,0.0,0.0,0.0,0.5,-10.799999999999955,-81.10000000000002,700.0,0.0,0.0,0.08600000000000006,0.0,0.0,275.0,1
0.436,891.0,724.0,616.0,891.5,724.5,616.5,0.0,0.0,0.0,0.5,-10.799999999999955,-81.10000000000002,700.0,0.0,0.0,0.08700000000000006,0.0,0.0,275.0,1
0.437,891.0,724.0,616.0,891.5,724.5,616.5,0.0,0.0,0.0,0.5,-10.799999999999955,-81.10000000000002,700.0,0.0,0.0,0.08800000000000006,0.0,0.0,275.0,1
0.438,891.0,724.0,616.0,891.5,724.5,616.5,0.0,0.0,0.0,0.5,-10.799999999999955,-81.10000000000002,700.0,0.0,0.0,0.08900000000000007,0.0,0.0,275.0,1
0.439,891.0,724.0,616.0,891.5,724.5,616.5,0.0,0.0,0.0,0.5,-10.799999999999955,-81.10000000000002,700.0,0.0,0.0,0.09000000000000007,0.0,0.0,275.0,1
0.44,891.0,724.0,616.0,891.5,724.5,616.5,0.0,0.0,0.0,0.5,-10.799999999999955,-81.10000000000002,700.0,0.0,0.0,0.09100000000000007,0.0,0.0,275.0,1
0.441,891.0,724.0,616.0,891.5,724.5,616.5,0.0,0.0,0.0,0.5,-10.799999999999955,-81.10000000000002,700.0,0.0,0.0,0.09200000000000007,0.0,0.0,275.0,1
0.442,891.0,724.0,616.0,891.5,724.5,616.5,0.0,0.0,0.0,0.5,-10.799999999999955,-81.10000000000002,700.0,0.0,0.0,0.09300000000000007,0.0,0.0,275.0,1
0.443,891.0,724.0,616.0,891.5,724.5,616.5,0.0,0.0,0.0,0.5,-10.799999999999955,-81.10000000000002,700.0,0.0,0.0,0.09400000000000007,0.0,0.0,275.0,1
0.444,891.0,724.0,616.0,891.5,724.5,616.5,0.0,0.0,0.0,0.5,-10.799999999999955,-81.10000000000002,700.0,0.0,0.0,0.09500000000000007,0.0,0.0,275.0,1
0.445,891.0,724.0,616.0,891.5,724.5,616.5,0.0,0.0,0.0,0.5,-10.799999999999955,-81.10000000000002,700.0,0.0,0.0,0.09600000000000007,0.0,0.0,275.0,1
0.446,891.0,724.0,616.0,891.5,724.5,616.5,0.0,0.0,0.0,0.5,-10.799999999999955,-81.10000000000002,700.0,0.0,0.0,0.09700000000000007,0.0,0.0,275.0,1
0.447,891.0,724.0,616.0,891.5,724.5,616.5,0.0,0.0,0.0,0.5,-10.799999999999955,-81.10000000000002,700.0,0.0,0.0,0.09800000000000007,0.0,0.0,275.0,1
0.448,891.0,724.0,616.0,891.5,724.5,616.5,0.0,0.0,0.0,0.5,-10.799999999999955,-81.10000000000002,700.0,0.0,0.0,0.09900000000000007,0.0,0.0,275.0,1
0.449,891.0,724.0,616.0,891.5,724.5,616.5,0.0,0.0,0.0,0.5,-10.799999999999955,-81.10000000000002,700.0,0.0,0.0,0.10000000000000007,0.0,0.0,275.0,1
0.45,891.0,724.0,616.0,891.5,724.5,616.5,0.0,0.0,0.0,0.5,-10.799999999999955,-81.10000000000002,700.0,0.0,0.0,0.10100000000000008,0.0,0.0,275.0,1
0.451,891.0,724.0,616.0,891.5,724.5,616.5,0.0,0.0,0.0,0.5,-10.799999999999955,-81.10000000000002,700.0,0.0,0.0,0.10200000000000008,0.0,0.0,275.0,1
0.452,891.0,724.0,616.0,891.5,724.5,616.5,0.0,0.0,0.0,0.5,-10.799999999999955,-81.10000000000002,700.0,0.0,0.0,0.10300000000000008,0.0,0.0,275.0,1
0.453,891.0,724.0,616.0,891.5,724.5,616.5,0.0,0.0,0.0,0.5,-10.799999999999955,-81.10000000000002,700.0,0.0,0.0,0.10400000000000008,0.0,0.0,275.0,1
0.454,891.0,724.0,616.0,891.5,724.5,616.5,0.0,0.0,0.0,0.5,-10.799999999999955,-81.10000000000002,700.0,0.0,0.0,0.10500000000000008,0.0,0.0,275.0,1
0.455,891.0,724.0,616.0,891.5,724.5,616.5,0.0,0.0,0.0,0.5,-10.799999999999955,-81.10000000000002,700.0,0.0,0.0,0.10600000000000008,0.0,0.0,275.0,1
0.456,891.0,724.0,616.0,891.5,724.5,616.5,0.0,0.0,0.0,0.5,-10.799999999999955,-81.10000000000002,700.0,0.0,0.0,0.10700000000000008,0.0,0.0,275.0,1
0.457,891.0,724.0,616.0,891.5,724.5,616.5,0.0,0.0,0.0,0.5,-10.799999999999955,-81.10000000000002,700.0,0.0,0.0,0.10800000000000008,0.0,0.0,275.0,1
0.458,891.0,724.0,616.0,891.5,724.5,616.5,0.0,0.0,0.0,0.5,-10.799999999999955,-81.10000000000002,700.0,0.0,0.0,0.10900000000000008,0.0,0.0,275.0,1
0.459,891.0,724.0,616.0,891.5,724.5,616.5,0.0,0.0,0.0,0.5,-10.799999999999955,-81.10000000000002,700.0,0.0,0.0,0.11000000000000008,0.0,0.0,275.0,1
0.46,891.0,724.0,616.0,891.5,724.5,616.5,0.0,0.0,0.0,0.5,-10.799999999999955,-81.10000000000002,700.0,0.0,0.0,0.11100000000000008,0.0,0.0,275.0,1
0.461,891.0,724.0,616.0,891.5,724.5,616.5,0.0,0.0,0.0,0.5,-10.799999999999955,-81.10000000000002,700.0,0.0,0.0,0.11200000000000009,0.0,0.0,275.0,1
0.462,891.0,724.0,616.0,891.5,724.5,616.5,0.0,0.0,0.0,0.5,-10.799999999999955,-81.10000000000002,700.0,0.0,0.0,0.11300000000000009,0.0,0.0,275.0,1
0.463,891.0,724.0,616.0,891.5,724.5,616.5,0.0,0.0,0.0,0.5,-10.799999999999955,-81.10000000000002,700.0,0.0,0.0,0.11400000000000009,0.0,0.0,275.0,1
0.464,891.0,724.0,616.0,891.5,724.5,616.5,0.0,0.0,0.0,0.5,-10.799999999999955,-81.10000000000002,700.0,0.0,0.0,0.11500000000000009,0.0,0.0,275.0,1
0.465,891.0,724.0,616.0,891.5,724.5,616.5,0.0,0.0,0.0,0.5,-10.799999999999955,-81.10000000000002,700.0,0.0,0.0,0.11600000000000009,0.0,0.0,275.0,1
0.466,891.0,724.0,616.0,891.5,724.5,616.5,0.0,0.0,0.0,0.5,-10.799999999999955,-81.10000000000002,700.0,0.0,0.0,0.11700000000000009,0.0,0.0,275.0,1
0.467,891.0,724.0,616.0,891.5,724.5,616.5,0.0,0.0,0.0,0.5,-10.799999999999955,-81.10000000000002,700.0,0.0,0.0,0.11800000000000009,0.0,0.0,275.0,1
0.468,891.0,724.0,616.0,891.5,724.5,616.5,0.0,0.0,0.0,0.5,-10.799999999999955,-81.10000000000002,700.0,0.0,0.0,0.11900000000000009,0.0,0.0,275.0,1
0.46900000000000003,891.0,724.0,616.0,891.5,724.5,616.5,0.0,0.0,0.0,0.5,-10.799999999999955,-81.10000000000002,700.0,0.0,0.0,0.12000000000000009,0.0,0.0,275.0,1
0.47000000000000003,891.0,724.0,616.0,891.5,724.5,616.5,0.0,0.0,0.0,0.5,-10.799999999999955,-81.10000000000002,700.0,0.0,0.0,0.1210000000000001,0.0,0.0,275.0,1
0.47100000000000003,891.0,724.0,616.0,891.5,724.5,616.5,0.0,0.0,0.0,0.5,-10.799999999999955,-81.10000000000002,700.0,0.0,0.0,0.1220000000000001,0.0,0.0,275.0,1
0.47200000000000003,891.0,724.0,616.0,891.5,724.5,616.5,0.0,0.0,0.0,0.5,-10.799999999999955,-81.10000000000002,700.0,0.0,0.0,0.1230000000000001,0.0,0.0,275.0,1
0.47300000000000003,891.0,724.0,616.0,891.5,724.5,616.5,0.0,0.0,0.0,0.5,-10.799999999999955,-81.10000000000002,700.0,0.0,0.0,0.1240000000000001,0.0,0.0,275.0,1
0.47400000000000003,891.0,724.0,616.0,891.5,724.5,616.5,0.0,0.0,0.0,0.5,-10.799999999999955,-81.10000000000002,700.0,0.0,0.0,0.12500000000000008,0.0,0.0,275.0,1
0.47500000000000003,891.0,724.0,616.0,891.5,724.5,616.5,0.0,0.0,0.0,0.5,-10.799999999999955,-81.10000000000002,700.0,0.0,0.0,0.12600000000000008,0.0,0.0,275.0,1
0.47600000000000003,891.0,724.0,616.0,891.5,724.5,616.5,0.0,0.0,0.0,0.5,-10.799999999999955,-81.10000000000002,700.0,0.0,0.0,0.12700000000000009,0.0,0.0,275.0,1
0.47700000000000004,891.0,724.0,616.0,891.5,724.5,616.5,0.0,0.0,0.0,0.5,-10.799999999999955,-81.10000000000002,700.0,0.0,0.0,0.12800000000000009,0.0,0.0,275.0,1
0.47800000000000004,891.0,724.0,616.0,891.5,724.5,616.5,0.0,0.0,0.0,0.5,-10.799999999999955,-81.10000000000002,700.0,0.0,0.0,0.1290000000000001,0.0,0.0,275.0,1
0.47900000000000004,891.0,724.0,616.0,891.5,724.5,616.5,0.0,0.0,0.0,0.5,-10.799999999999955,-81.10000000000002,700.0,0.0,0.0,0.1300000000000001,0.0,0.0,275.0,1
0.48,891.0,724.0,616.0,891.5,724.5,616.5,0.0,0.0,0.0,0.5,-10.799999999999955,-81.10000000000002,700.0,0.0,0.0,0.1310000000000001,0.0,0.0,275.0,1
0.481,891.0,724.0,616.0,891.5,724.5,616.5,0.0,0.0,0.0,0.5,-10.799999999999955,-81.10000000000002,700.0,0.0,0.0,0.1320000000000001,0.0,0.0,275.0,1
0.482,891.0,724.0,616.0,891.5,724.5,616.5,0.0,0.0,0.0,0.5,-10.799999999999955,-81.10000000000002,700.0,0.0,0.0,0.1330000000000001,0.0,0.0,275.0,1
0.483,891.0,724.0,616.0,891.5,724.5,616.5,0.0,0.0,0.0,0.5,-10.799999999999955,-81.10000000000002,700.0,0.0,0.0,0.1340000000000001,0.0,0.0,275.0,1
0.484,891.0,724.0,616.0,891.5,724.5,616.5,0.0,0.0,0.0,0.5,-10.799999999999955,-81.10000000000002,700.0,0.0,0.0,0.1350000000000001,0.0,0.0,275.0,1
0.485,891.0,724.0,616.0,891.5,724.5,616.5,0.0,0.0,0.0,0.5,-10.799999999999955,-81.10000000000002,700.0,0.0,0.0,0.1360000000000001,0.0,0.0,275.0,1
0.486,891.0,724.0,616.0,891.5,724.5,616.5,0.0,0.0,0.0,0.5,-10.799999999999955,-81.10000000000002,700.0,0.0,0.0,0.1370000000000001,0.0,0.0,275.0,1
0.487,891.0,724.0,616.0,891.5,724.5,616.5,0.0,0.0,0.0,0.5,-10.799999999999955,-81.10000000000002,700.0,0.0,0.0,0.1380000000000001,0.0,0.0,275.0,1
0.488,891.0,724.0,616.0,891.5,724.5,616.5,0.0,0.0,0.0,0.5,-10.799999999999955,-81.10000000000002,700.0,0.0,0.0,0.1390000000000001,0.0,0.0,275.0,1
0.489,891.0,724.0,616.0,891.5,724.5,616.5,0.0,0.0,0.0,0.5,-10.799999999999955,-81.10000000000002,700.0,0.0,0.0,0.1400000000000001,0.0,0.0,275.0,1
0.49,891.0,724.0,616.0,891.5,724.5,616.5,0.0,0.0,0.0,0.5,-10.799999999999955,-81.10000000000002,700.0,0.0,0.0,0.1410000000000001,0.0,0.0,275.0,1
0.491,891.0,724.0,616.0,891.5,724.5,616.5,0.0,0.0,0.0,0.5,-10.799999999999955,-81.10000000000002,700.0,0.0,0.0,0.1420000000000001,0.0,0.0,275.0,1
0.492,891.0,724.0,616.0,891.5,724.5,616.5,0.0,0.0,0.0,0.5,-10.799999999999955,-81.10000000000002,700.0,0.0,0.0,0.1430000000000001,0.0,0.0,275.0,1
0.493,891.0,724.0,616.0,891.5,724.5,616.5,0.0,0.0,0.0,0.5,-10.799999999999955,-81.10000000000002,700.0,0.0,0.0,0.1440000000000001,0.0,0.0,275.0,1
0.494,891.0,724.0,616.0,891.5,724.5,616.5,0.0,0.0,0.0,0.5,-10.799999999999955,-81.10000000000002,700.0,0.0,0.0,0.1450000000000001,0.0,0.0,275.0,1
0.495,891.0,724.0,616.0,891.5,724.5,616.5,0.0,0.0,0.0,0.5,-10.799999999999955,-81.10000000000002,700.0,0.0,0.0,0.1460000000000001,0.0,0.0,275.0,1
0.496,891.0,724.0,616.0,891.5,724.5,616.5,0.0,0.0,0.0,0.5,-10.799999999999955,-81.10000000000002,700.0,0.0,0.0,0.1470000000000001,0.0,0.0,275.0,1
0.497,891.0,724.0,616.0,891.5,724.5,616.5,0.0,0.0,0.0,0.5,-10.799999999999955,-81.10000000000002,700.0,0.0,0.0,0.1480000000000001,0.0,0.0,275.0,1
0.498,891.0,724.0,616.0,891.5,724.5,616.5,0.0,0.0,0.0,0.5,-10.799999999999955,-81.10000000000002,700.0,0.0,0.0,0.1490000000000001,0.0,0.0,275.0,1
0.499,891.0,724.0,616.0,891.5,724.5,616.5,0.0,0.0,0.0,0.5,-10.799999999999955,-81.10000000000002,700.0,0.0,0.0,0.1500000000000001,0.0,0.0,275.0,1
0.5,891.0,724.0,616.0,891.5,724.5,616.5,0.0,0.0,0.0,0.5,-10.799999999999955,-81.10000000000002,700.0,0.0,0.0,0.1510000000000001,0.0,0.0,275.0,1
0.501,891.0,724.0,616.0,891.5,724.5,616.5,0.0,0.0,0.0,0.5,-10.799999999999955,-81.10000000000002,700.0,0.0,0.0,0.1520000000000001,0.0,0.0,275.0,1
0.502,891.0,724.0,616.0,891.5,724.5,616.5,0.0,0.0,0.0,0.5,-10.799999999999955,-81.10000000000002,700.0,0.0,0.0,0.1530000000000001,0.0,0.0,275.0,1
0.503,891.0,724.0,616.0,891.5,724.5,616.5,0.0,0.0,0.0,0.5,-10.799999999999955,-81.10000000000002,700.0,0.0,0.0,0.1540000000000001,0.0,0.0,275.0,1
0.504,891.0,724.0,616.0,891.5,724.5,616.5,0.0,0.0,0.0,0.5,-10.799999999999955,-81.10000000000002,700.0,0.0,0.0,0.1550000000000001,0.0,0.0,275.0,1
0.505,891.0,724.0,616.0,891.5,724.5,616.5,0.0,0.0,0.0,0.5,-10.799999999999955,-81.10000000000002,700.0,0.0,0.0,0.1560000000000001,0.0,0.0,275.0,1
0.506,891.0,724.0,616.0,891.5,724.5,616.5,0.0,0.0,0.0,0.5,-10.799999999999955,-81.10000000000002,700.0,0.0,0.0,0.1570000000000001,0.0,0.0,275.0,1
0.507,891.0,724.0,616.0,891.5,724.5,616.5,0.0,0.0,0.0,0.5,-10.799999999999955,-81.10000000000002,700.0,0.0,0.0,0.1580000000000001,0.0,0.0,275.0,1
0.508,891.0,724.0,616.0,891.5,724.5,616.5,0.0,0.0,0.0,0.5,-10.799999999999955,-81.10000000000002,700.0,0.0,0.0,0.1590000000000001,0.0,0.0,275.0,1
0.509,891.0,724.0,616.0,891.5,724.5,616.5,0.0,0.0,0.0,0.5,-10.799999999999955,-81.10000000000002,700.0,0.0,0.0,0.16000000000000011,0.0,0.0,275.0,1
0.51,891.0,724.0,616.0,891.5,724.5,616.5,0.0,0.0,0.0,0.5,-10.799999999999955,-81.10000000000002,700.0,0.0,0.0,0.16100000000000012,0.0,0.0,275.0,1
0.511,891.0,724.0,616.0,891.5,724.5,616.5,0.0,0.0,0.0,0.5,-10.799999999999955,-81.10000000000002,700.0,0.0,0.0,0.16200000000000012,0.0,0.0,275.0,1
0.512,891.0,724.0,616.0,891.5,724.5,616.5,0.0,0.0,0.0,0.5,-10.799999999999955,-81.10000000000002,700.0,0.0,0.0,0.16300000000000012,0.0,0.0,275.0,1
0.513,891.0,724.0,616.0,891.5,724.5,616.5,0.0,0.0,0.0,0.5,-10.799999999999955,-81.10000000000002,700.0,0.0,0.0,0.16400000000000012,0.0,0.0,275.0,1
0.514,891.0,724.0,616.0,891.5,724.5,616.5,0.0,0.0,0.0,0.5,-10.799999999999955,-81.10000000000002,700.0,0.0,0.0,0.16500000000000012,0.0,0.0,275.0,1
0.515,891.0,724.0,616.0,891.5,724.5,616.5,0.0,0.0,0.0,0.5,-10.799999999999955,-81.10000000000002,700.0,0.0,0.0,0.16600000000000012,0.0,0.0,275.0,1
0.516,891.0,724.0,616.0,891.5,724.5,616.5,0.0,0.0,0.0,0.5,-10.799999999999955,-81.10000000000002,700.0,0.0,0.0,0.16700000000000012,0.0,0.0,275.0,1
0.517,891.0,724.0,616.0,891.5,724.5,616.5,0.0,0.0,0.0,0.5,-10.799999999999955,-81.10000000000002,700.0,0.0,0.0,0.16800000000000012,0.0,0.0,275.0,1
0.518,891.0,724.0,616.0,891.5,724.5,616.5,0.0,0.0,0.0,0.5,-10.799999999999955,-81.10000000000002,700.0,0.0,0.0,0.16900000000000012,0.0,0.0,275.0,1
0.519,891.0,724.0,616.0,891.5,724.5,616.5,0.0,0.0,0.0,0.5,-10.799999999999955,-81.10000000000002,700.0,0.0,0.0,0.17000000000000012,0.0,0.0,275.0,1
0.52,891.0,724.0,616.0,891.5,724.5,616.5,0.0,0.0,0.0,0.5,-10.799999999999955,-81.10000000000002,700.0,0.0,0.0,0.17100000000000012,0.0,0.0,275.0,1
0.521,891.0,724.0,616.0,891.5,724.5,616.5,0.0,0.0,0.0,0.5,-10.799999999999955,-81.10000000000002,700.0,0.0,0.0,0.17200000000000013,0.0,0.0,275.0,1
0.522,891.0,724.0,616.0,891.5,724.5,616.5,0.0,0.0,0.0,0.5,-10.799999999999955,-81.10000000000002,700.0,0.0,0.0,0.17300000000000013,0.0,0.0,275.0,1
0.523,891.0,724.0,616.0,891.5,724.5,616.5,0.0,0.0,0.0,0.5,-10.799999999999955,-81.10000000000002,700.0,0.0,0.0,0.17400000000000013,0.0,0.0,275.0,1
0.524,891.0,724.0,616.0,891.5,724.5,616.5,0.0,0.0,0.0,0.5,-10.799999999999955,-81.10000000000002,700.0,0.0,0.0,0.17500000000000013,0.0,0.0,275.0,1
0.525,891.0,724.0,616.0,891.5,724.5,616.5,0.0,0.0,0.0,0.5,-10.799999999999955,-81.10000000000002,700.0,0.0,0.0,0.17600000000000013,0.0,0.0,275.0,1
0.526,891.0,724.0,616.0,891.5,724.5,616.5,0.0,0.0,0.0,0.5,-10.799999999999955,-81.10000000000002,700.0,0.0,0.0,0.17700000000000013,0.0,0.0,275.0,1
0.527,891.0,724.0,616.0,891.5,724.5,616.5,0.0,0.0,0.0,0.5,-10.799999999999955,-81.10000000000002,700.0,0.0,0.0,0.17800000000000013,0.0,0.0,275.0,1
0.528,891.0,724.0,616.0,891.5,724.5,616.5,0.0,0.0,0.0,0.5,-10.799999999999955,-81.10000000000002,700.0,0.0,0.0,0.17900000000000013,0.0,0.0,275.0,1
0.529,891.0,724.0,616.0,891.5,724.5,616.5,0.0,0.0,0.0,0.5,-10.799999999999955,-81.10000000000002,700.0,0.0,0.0,0.18000000000000013,0.0,0.0,275.0,1
0.53,891.0,724.0,616.0,891.5,724.5,616.5,0.0,0.0,0.0,0.5,-10.799999999999955,-81.10000000000002,700.0,0.0,0.0,0.18100000000000013,0.0,0.0,275.0,1
0.531,891.0,724.0,616.0,891.5,724.5,616.5,0.0,0.0,0.0,0.5,-10.799999999999955,-81.10000000000002,700.0,0.0,0.0,0.18200000000000013,0.0,0.0,275.0,1
0.532,891.0,724.0,616.0,891.5,724.5,616.5,0.0,0.0,0.0,0.5,-10.799999999999955,-81.10000000000002,700.0,0.0,0.0,0.18300000000000013,0.0,0.0,275.0,1
0.533,891.0,724.0,616.0,891.5,724.5,616.5,0.0,0.0,0.0,0.5,-10.799999999999955,-81.10000000000002,700.0,0.0,0.0,0.18400000000000014,0.0,0.0,275.0,1
0.534,891.0,724.0,616.0,891.5,724.5,616.5,0.0,0.0,0.0,0.5,-10.799999999999955,-81.10000000000002,700.0,0.0,0.0,0.18500000000000014,0.0,0.0,275.0,1
0.535,891.0,724.0,616.0,891.5,724.5,616.5,0.0,0.0,0.0,0.5,-10.799999999999955,-81.10000000000002,700.0,0.0,0.0,0.18600000000000014,0.0,0.0,275.0,1
0.536,891.0,724.0,616.0,891.5,724.5,616.5,0.0,0.0,0.0,0.5,-10.799999999999955,-81.10000000000002,700.0,0.0,0.0,0.18700000000000014,0.0,0.0,275.0,1
0.537,891.0,724.0,616.0,891.5,724.5,616.5,0.0,0.0,0.0,0.5,-10.799999999999955,-81.10000000000002,700.0,0.0,0.0,0.18800000000000014,0.0,0.0,275.0,1
0.538,891.0,724.0,616.0,891.5,724.5,616.5,0.0,0.0,0.0,0.5,-10.799999999999955,-81.10000000000002,700.0,0.0,0.0,0.18900000000000014,0.0,0.0,275.0,1
0.539,891.0,724.0,616.0,891.5,724.5,616.5,0.0,0.0,0.0,0.5,-10.799999999999955,-81.10000000000002,700.0,0.0,0.0,0.19000000000000014,0.0,0.0,275.0,1
0.54,891.0,724.0,616.0,891.5,724.5,616.5,0.0,0.0,0.0,0.5,-10.799999999999955,-81.10000000000002,700.0,0.0,0.0,0.19100000000000014,0.0,0.0,275.0,1
0.541,891.0,724.0,616.0,891.5,724.5,616.5,0.0,0.0,0.0,0.5,-10.799999999999955,-81.10000000000002,700.0,0.0,0.0,0.19200000000000014,0.0,0.0,275.0,1
0.542,891.0,724.0,616.0,891.5,724.5,616.5,0.0,0.0,0.0,0.5,-10.799999999999955,-81.10000000000002,700.0,0.0,0.0,0.19300000000000014,0.0,0.0,275.0,1
0.543,891.0,724.0,616.0,891.5,724.5,616.5,0.0,0.0,0.0,0.5,-10.799999999999955,-81.10000000000002,700.0,0.0,0.0,0.19400000000000014,0.0,0.0,275.0,1
0.544,891.0,724.0,616.0,891.5,724.5,616.5,0.0,0.0,0.0,0.5,-10.799999999999955,-81.10000000000002,700.0,0.0,0.0,0.19500000000000015,0.0,0.0,275.0,1
0.545,891.0,724.0,616.0,891.5,724.5,616.5,0.0,0.0,0.0,0.5,-10.799999999999955,-81.10000000000002,700.0,0.0,0.0,0.19600000000000015,0.0,0.0,275.0,1
0.546,891.0,724.0,616.0,891.5,724.5,616.5,0.0,0.0,0.0,0.5,-10.799999999999955,-81.10000000000002,700.0,0.0,0.0,0.19700000000000015,0.0,0.0,275.0,1
0.547,891.0,724.0,616.0,891.5,724.5,616.5,0.0,0.0,0.0,0.5,-10.799999999999955,-81.10000000000002,700.0,0.0,0.0,0.19800000000000015,0.0,0.0,275.0,1
0.548,891.0,724.0,616.0,891.5,724.5,616.5,0.0,0.0,0.0,0.5,-10.799999999999955,-81.10000000000002,700.0,0.0,0.0,0.19900000000000015,0.0,0.0,275.0,1
0.549,891.0,724.0,616.0,891.5,724.5,616.5,0.0,0.0,0.0,0.5,-10.799999999999955,-81.10000000000002,700.0,0.0,0.0,0.20000000000000015,0.0,0.0,275.0,1
0.55,891.0,724.0,616.0,891.5,724.5,616.5,0.0,0.0,0.0,0.5,-10.799999999999955,-81.10000000000002,700.0,0.0,0.0,0.20100000000000015,0.0,0.0,275.0,1
0.551,891.0,724.0,616.0,891.5,724.5,616.5,0.0,0.0,0.0,0.5,-10.799999999999955,-81.10000000000002,700.0,0.0,0.0,0.20200000000000015,0.0,0.0,275.0,1
0.552,891.0,724.0,616.0,891.5,724.5,616.5,0.0,0.0,0.0,0.5,-10.799999999999955,-81.10000000000002,700.0,0.0,0.0,0.20300000000000015,0.0,0.0,275.0,1
0.553,891.0,724.0,616.0,891.5,724.5,616.5,0.0,0.0,0.0,0.5,-10.799999999999955,-81.10000000000002,700.0,0.0,0.0,0.20400000000000015,0.0,0.0,275.0,1
0.554,891.0,724.0,616.0,891.5,724.5,616.5,0.0,0.0,0.0,0.5,-10.799999999999955,-81.10000000000002,700.0,0.0,0.0,0.20500000000000015,0.0,0.0,275.0,1
0.555,891.0,724.0,616.0,891.5,724.5,616.5,0.0,0.0,0.0,0.5,-10.799999999999955,-81.10000000000002,700.0,0.0,0.0,0.20600000000000016,0.0,0.0,275.0,1
0.556,891.0,724.0,616.0,891.5,724.5,616.5,0.0,0.0,0.0,0.5,-10.799999999999955,-81.10000000000002,700.0,0.0,0.0,0.20700000000000016,0.0,0.0,275.0,1
0.557,891.0,724.0,616.0,891.5,724.5,616.5,0.0,0.0,0.0,0.5,-10.799999999999955,-81.10000000000002,700.0,0.0,0.0,0.20800000000000016,0.0,0.0,275.0,1
0.558,891.0,724.0,616.0,891.5,724.5,616.5,0.0,0.0,0.0,0.5,-10.799999999999955,-81.10000000000002,700.0,0.0,0.0,0.20900000000000016,0.0,0.0,275.0,1
0.559,891.0,724.0,616.0,891.5,724.5,616.5,0.0,0.0,0.0,0.5,-10.799999999999955,-81.10000000000002,700.0,0.0,0.0,0.21000000000000016,0.0,0.0,275.0,1
0.56,891.0,724.0,616.0,891.5,724.5,616.5,0.0,0.0,0.0,0.5,-10.799999999999955,-81.10000000000002,700.0,0.0,0.0,0.21100000000000016,0.0,0.0,275.0,1
0.561,891.0,724.0,616.0,891.5,724.5,616.5,0.0,0.0,0.0,0.5,-10.799999999999955,-81.10000000000002,700.0,0.0,0.0,0.21200000000000016,0.0,0.0,275.0,1
0.562,891.0,724.0,616.0,891.5,724.5,616.5,0.0,0.0,0.0,0.5,-10.799999999999955,-81.10000000000002,700.0,0.0,0.0,0.21300000000000016,0.0,0.0,275.0,1
0.5630000000000001,891.0,724.0,616.0,891.5,724.5,616.5,0.0,0.0,0.0,0.5,-10.799999999999955,-81.10000000000002,700.0,0.0,0.0,0.21400000000000016,0.0,0.0,275.0,1
0.5640000000000001,891.0,724.0,616.0,891.5,724.5,616.5,0.0,0.0,0.0,0.5,-10.799999999999955,-81.10000000000002,700.0,0.0,0.0,0.21500000000000016,0.0,0.0,275.0,1
0.5650000000000001,891.0,724.0,616.0,891.5,724.5,616.5,0.0,0.0,0.0,0.5,-10.799999999999955,-81.10000000000002,700.0,0.0,0.0,0.21600000000000016,0.0,0.0,275.0,1
0.5660000000000001,891.0,724.0,616.0,891.5,724.5,616.5,0.0,0.0,0.0,0.5,-10.799999999999955,-81.10000000000002,700.0,0.0,0.0,0.21700000000000016,0.0,0.0,275.0,1
0.5670000000000001,891.0,724.0,616.0,891.5,724.5,616.5,0.0,0.0,0.0,0.5,-10.799999999999955,-81.10000000000002,700.0,0.0,0.0,0.21800000000000017,0.0,0.0,275.0,1
0.5680000000000001,891.0,724.0,616.0,891.5,724.5,616.5,0.0,0.0,0.0,0.5,-10.799999999999955,-81.10000000000002,700.0,0.0,0.0,0.21900000000000017,0.0,0.0,275.0,1
0.5690000000000001,891.0,724.0,616.0,891.5,724.5,616.5,0.0,0.0,0.0,0.5,-10.799999999999955,-81.10000000000002,700.0,0.0,0.0,0.22000000000000017,0.0,0.0,275.0,1
0.5700000000000001,891.0,724.0,616.0,891.5,724.5,616.5,0.0,0.0,0.0,0.5,-10.799999999999955,-81.10000000000002,700.0,0.0,0.0,0.22100000000000017,0.0,0.0,275.0,1
0.5710000000000001,891.0,724.0,616.0,891.5,724.5,616.5,0.0,0.0,0.0,0.5,-10.799999999999955,-81.10000000000002,700.0,0.0,0.0,0.22200000000000017,0.0,0.0,275.0,1
0.5720000000000001,891.0,724.0,616.0,891.5,724.5,616.5,0.0,0.0,0.0,0.5,-10.799999999999955,-81.10000000000002,700.0,0.0,0.0,0.22300000000000017,0.0,0.0,275.0,1
0.5730000000000001,891.0,724.0,616.0,891.5,724.5,616.5,0.0,0.0,0.0,0.5,-10.799999999999955,-81.10000000000002,700.0,0.0,0.0,0.22400000000000017,0.0,0.0,275.0,1
0.5740000000000001,891.0,724.0,616.0,891.5,724.5,616.5,0.0,0.0,0.0,0.5,-10.799999999999955,-81.10000000000002,700.0,0.0,0.0,0.22500000000000017,0.0,0.0,275.0,1
0.5750000000000001,891.0,724.0,616.0,891.5,724.5,616.5,0.0,0.0,0.0,0.5,-10.799999999999955,-81.10000000000002,700.0,0.0,0.0,0.22600000000000017,0.0,0.0,275.0,1
0.5760000000000001,891.0,724.0,616.0,891.5,724.5,616.5,0.0,0.0,0.0,0.5,-10.799999999999955,-81.10000000000002,700.0,0.0,0.0,0.22700000000000017,0.0,0.0,275.0,1
0.577,891.0,724.0,616.0,891.5,724.5,616.5,0.0,0.0,0.0,0.5,-10.799999999999955,-81.10000000000002,700.0,0.0,0.0,0.22800000000000017,0.0,0.0,275.0,1
0.578,891.0,724.0,616.0,891.5,724.5,616.5,0.0,0.0,0.0,0.5,-10.799999999999955,-81.10000000000002,700.0,0.0,0.0,0.22900000000000018,0.0,0.0,275.0,1
0.579,891.0,724.0,616.0,891.5,724.5,616.5,0.0,0.0,0.0,0.5,-10.799999999999955,-81.10000000000002,700.0,0.0,0.0,0.23000000000000018,0.0,0.0,275.0,1
0.58,891.0,724.0,616.0,891.5,724.5,616.5,0.0,0.0,0.0,0.5,-10.799999999999955,-81.10000000000002,700.0,0.0,0.0,0.23100000000000018,0.0,0.0,275.0,1
0.581,891.0,724.0,616.0,891.5,724.5,616.5,0.0,0.0,0.0,0.5,-10.799999999999955,-81.10000000000002,700.0,0.0,0.0,0.23200000000000018,0.0,0.0,275.0,1
0.582,891.0,724.0,616.0,891.5,724.5,616.5,0.0,0.0,0.0,0.5,-10.799999999999955,-81.10000000000002,700.0,0.0,0.0,0.23300000000000018,0.0,0.0,275.0,1
0.583,891.0,724.0,616.0,891.5,724.5,616.5,0.0,0.0,0.0,0.5,-10.799999999999955,-81.10000000000002,700.0,0.0,0.0,0.23400000000000018,0.0,0.0,275.0,1
0.584,891.0,724.0,616.0,891.5,724.5,616.5,0.0,0.0,0.0,0.5,-10.799999999999955,-81.10000000000002,700.0,0.0,0.0,0.23500000000000018,0.0,0.0,275.0,1
0.585,891.0,724.0,616.0,891.5,724.5,616.5,0.0,0.0,0.0,0.5,-10.799999999999955,-81.10000000000002,700.0,0.0,0.0,0.23600000000000018,0.0,0.0,275.0,1
0.586,891.0,724.0,616.0,891.5,724.5,616.5,0.0,0.0,0.0,0.5,-10.799999999999955,-81.10000000000002,700.0,0.0,0.0,0.23700000000000018,0.0,0.0,275.0,1
0.587,891.0,724.0,616.0,891.5,724.5,616.5,0.0,0.0,0.0,0.5,-10.799999999999955,-81.10000000000002,700.0,0.0,0.0,0.23800000000000018,0.0,0.0,275.0,1
0.588,891.0,724.0,616.0,891.5,724.5,616.5,0.0,0.0,0.0,0.5,-10.799999999999955,-81.10000000000002,700.0,0.0,0.0,0.23900000000000018,0.0,0.0,275.0,1
0.589,891.0,724.0,616.0,891.5,724.5,616.5,0.0,0.0,0.0,0.5,-10.799999999999955,-81.10000000000002,700.0,0.0,0.0,0.24000000000000019,0.0,0.0,275.0,1
0.59,891.0,724.0,616.0,891.5,724.5,616.5,0.0,0.0,0.0,0.5,-10.799999999999955,-81.10000000000002,700.0,0.0,0.0,0.2410000000000002,0.0,0.0,275.0,1
0.591,891.0,724.0,616.0,891.5,724.5,616.5,0.0,0.0,0.0,0.5,-10.799999999999955,-81.10000000000002,700.0,0.0,0.0,0.2420000000000002,0.0,0.0,275.0,1
0.592,891.0,724.0,616.0,891.5,724.5,616.5,0.0,0.0,0.0,0.5,-10.799999999999955,-81.10000000000002,700.0,0.0,0.0,0.2430000000000002,0.0,0.0,275.0,1
0.593,891.0,724.0,616.0,891.5,724.5,616.5,0.0,0.0,0.0,0.5,-10.799999999999955,-81.10000000000002,700.0,0.0,0.0,0.2440000000000002,0.0,0.0,275.0,1
0.594,891.0,724.0,616.0,891.5,724.5,616.5,0.0,0.0,0.0,0.5,-10.799999999999955,-81.10000000000002,700.0,0.0,0.0,0.2450000000000002,0.0,0.0,275.0,1
0.595,891.0,724.0,616.0,891.5,724.5,616.5,0.0,0.0,0.0,0.5,-10.799999999999955,-81.10000000000002,700.0,0.0,0.0,0.2460000000000002,0.0,0.0,275.0,1
0.596,891.0,724.0,616.0,891.5,724.5,616.5,0.0,0.0,0.0,0.5,-10.799999999999955,-81.10000000000002,700.0,0.0,0.0,0.2470000000000002,0.0,0.0,275.0,1
0.597,891.0,724.0,616.0,891.5,724.5,616.5,0.0,0.0,0.0,0.5,-10.799999999999955,-81.10000000000002,700.0,0.0,0.0,0.2480000000000002,0.0,0.0,275.0,1
0.598,891.0,724.0,616.0,891.5,724.5,616.5,0.0,0.0,0.0,0.5,-10.799999999999955,-81.10000000000002,700.0,0.0,0.0,0.2490000000000002,0.0,0.0,275.0,1
0.599,891.0,724.0,616.0,891.5,724.5,616.5,0.0,0.0,0.0,0.5,-10.799999999999955,-81.10000000000002,700.0,0.0,0.0,0.25000000000000017,0.0,0.0,275.0,1
0.6,891.0,724.0,616.0,891.5,724.5,616.5,0.0,0.0,0.0,0.5,-10.799999999999955,-81.10000000000002,700.0,0.0,0.0,0.25100000000000017,0.0,0.0,275.0,1
0.601,891.0,724.0,616.0,891.5,724.5,616.5,0.0,0.0,0.0,0.5,-10.799999999999955,-81.10000000000002,700.0,0.0,0.0,0.25200000000000017,0.0,0.0,275.0,1
0.602,891.0,724.0,616.0,891.5,724.5,616.5,0.0,0.0,0.0,0.5,-10.799999999999955,-81.10000000000002,700.0,0.0,0.0,0.25300000000000017,0.0,0.0,275.0,1
0.603,891.0,724.0,616.0,891.5,724.5,616.5,0.0,0.0,0.0,0.5,-10.799999999999955,-81.10000000000002,700.0,0.0,0.0,0.25400000000000017,0.0,0.0,275.0,1
0.604,891.0,724.0,616.0,891.5,724.5,616.5,0.0,0.0,0.0,0.5,-10.799999999999955,-81.10000000000002,700.0,0.0,0.0,0.25500000000000017,0.0,0.0,275.0,1
0.605,891.0,724.0,616.0,891.5,724.5,616.5,0.0,0.0,0.0,0.5,-10.799999999999955,-81.10000000000002,700.0,0.0,0.0,0.25600000000000017,0.0,0.0,275.0,1
0.606,891.0,724.0,616.0,891.5,724.5,616.5,0.0,0.0,0.0,0.5,-10.799999999999955,-81.10000000000002,700.0,0.0,0.0,0.2570000000000002,0.0,0.0,275.0,1
0.607,891.0,724.0,616.0,891.5,724.5,616.5,0.0,0.0,0.0,0.5,-10.799999999999955,-81.10000000000002,700.0,0.0,0.0,0.2580000000000002,0.0,0.0,275.0,1
0.608,891.0,724.0,616.0,891.5,724.5,616.5,0.0,0.0,0.0,0.5,-10.799999999999955,-81.10000000000002,700.0,0.0,0.0,0.2590000000000002,0.0,0.0,275.0,1
0.609,891.0,724.0,616.0,891.5,724.5,616.5,0.0,0.0,0.0,0.5,-10.799999999999955,-81.10000000000002,700.0,0.0,0.0,0.2600000000000002,0.0,0.0,275.0,1
0.61,891.0,724.0,616.0,891.5,724.5,616.5,0.0,0.0,0.0,0.5,-10.799999999999955,-81.10000000000002,700.0,0.0,0.0,0.2610000000000002,0.0,0.0,275.0,1
0.611,891.0,724.0,616.0,891.5,724.5,616.5,0.0,0.0,0.0,0.5,-10.799999999999955,-81.10000000000002,700.0,0.0,0.0,0.2620000000000002,0.0,0.0,275.0,1
0.612,891.0,724.0,616.0,891.5,724.5,616.5,0.0,0.0,0.0,0.5,-10.799999999999955,-81.10000000000002,700.0,0.0,0.0,0.2630000000000002,0.0,0.0,275.0,1
0.613,891.0,724.0,616.0,891.5,724.5,616.5,0.0,0.0,0.0,0.5,-10.799999999999955,-81.10000000000002,700.0,0.0,0.0,0.2640000000000002,0.0,0.0,275.0,1
0.614,891.0,724.0,616.0,891.5,724.5,616.5,0.0,0.0,0.0,0.5,-10.799999999999955,-81.10000000000002,700.0,0.0,0.0,0.2650000000000002,0.0,0.0,275.0,1
0.615,891.0,724.0,616.0,891.5,724.5,616.5,0.0,0.0,0.0,0.5,-10.799999999999955,-81.10000000000002,700.0,0.0,0.0,0.2660000000000002,0.0,0.0,275.0,1
0.616,891.0,724.0,616.0,891.5,724.5,616.5,0.0,0.0,0.0,0.5,-10.799999999999955,-81.10000000000002,700.0,0.0,0.0,0.2670000000000002,0.0,0.0,275.0,1
0.617,891.0,724.0,616.0,891.5,724.5,616.5,0.0,0.0,0.0,0.5,-10.799999999999955,-81.10000000000002,700.0,0.0,0.0,0.2680000000000002,0.0,0.0,275.0,1
0.618,891.0,724.0,616.0,891.5,724.5,616.5,0.0,0.0,0.0,0.5,-10.799999999999955,-81.10000000000002,700.0,0.0,0.0,0.2690000000000002,0.0,0.0,275.0,1
0.619,891.0,724.0,616.0,891.5,724.5,616.5,0.0,0.0,0.0,0.5,-10.799999999999955,-81.10000000000002,700.0,0.0,0.0,0.2700000000000002,0.0,0.0,275.0,1
0.62,891.0,724.0,616.0,891.5,724.5,616.5,0.0,0.0,0.0,0.5,-10.799999999999955,-81.10000000000002,700.0,0.0,0.0,0.2710000000000002,0.0,0.0,275.0,1
0.621,891.0,724.0,616.0,891.5,724.5,616.5,0.0,0.0,0.0,0.5,-10.799999999999955,-81.10000000000002,700.0,0.0,0.0,0.2720000000000002,0.0,0.0,275.0,1
0.622,891.0,724.0,616.0,891.5,724.5,616.5,0.0,0.0,0.0,0.5,-10.799999999999955,-81.10000000000002,700.0,0.0,0.0,0.2730000000000002,0.0,0.0,275.0,1
0.623,891.0,724.0,616.0,891.5,724.5,616.5,0.0,0.0,0.0,0.5,-10.799999999999955,-81.10000000000002,700.0,0.0,0.0,0.2740000000000002,0.0,0.0,275.0,1
0.624,891.0,724.0,616.0,891.5,724.5,616.5,0.0,0.0,0.0,0.5,-10.799999999999955,-81.10000000000002,700.0,0.0,0.0,0.2750000000000002,0.0,0.0,275.0,1
0.625,891.0,724.0,616.0,891.5,724.5,616.5,0.0,0.0,0.0,0.5,-10.799999999999955,-81.10000000000002,700.0,0.0,0.0,0.2760000000000002,0.0,0.0,275.0,1
0.626,891.0,724.0,616.0,891.5,724.5,616.5,0.0,0.0,0.0,0.5,-10.799999999999955,-81.10000000000002,700.0,0.0,0.0,0.2770000000000002,0.0,0.0,275.0,1
0.627,891.0,724.0,616.0,891.5,724.5,616.5,0.0,0.0,0.0,0.5,-10.799999999999955,-81.10000000000002,700.0,0.0,0.0,0.2780000000000002,0.0,0.0,275.0,1
0.628,891.0,724.0,616.0,891.5,724.5,616.5,0.0,0.0,0.0,0.5,-10.799999999999955,-81.10000000000002,700.0,0.0,0.0,0.2790000000000002,0.0,0.0,275.0,1
0.629,891.0,724.0,616.0,891.5,724.5,616.5,0.0,0.0,0.0,0.5,-10.799999999999955,-81.10000000000002,700.0,0.0,0.0,0.2800000000000002,0.0,0.0,275.0,1
0.63,891.0,724.0,616.0,891.5,724.5,616.5,0.0,0.0,0.0,0.5,-10.799999999999955,-81.10000000000002,700.0,0.0,0.0,0.2810000000000002,0.0,0.0,275.0,1
0.631,891.0,724.0,616.0,891.5,724.5,616.5,0.0,0.0,0.0,0.5,-10.799999999999955,-81.10000000000002,700.0,0.0,0.0,0.2820000000000002,0.0,0.0,275.0,1
0.632,891.0,724.0,616.0,891.5,724.5,616.5,0.0,0.0,0.0,0.5,-10.799999999999955,-81.10000000000002,700.0,0.0,0.0,0.2830000000000002,0.0,0.0,275.0,1
0.633,891.0,724.0,616.0,891.5,724.5,616.5,0.0,0.0,0.0,0.5,-10.799999999999955,-81.10000000000002,700.0,0.0,0.0,0.2840000000000002,0.0,0.0,275.0,1
0.634,891.0,724.0,616.0,891.5,724.5,616.5,0.0,0.0,0.0,0.5,-10.799999999999955,-81.10000000000002,700.0,0.0,0.0,0.2850000000000002,0.0,0.0,275.0,1
0.635,891.0,724.0,616.0,891.5,724.5,616.5,0.0,0.0,0.0,0.5,-10.799999999999955,-81.10000000000002,700.0,0.0,0.0,0.2860000000000002,0.0,0.0,275.0,1
0.636,891.0,724.0,616.0,891.5,724.5,616.5,0.0,0.0,0.0,0.5,-10.799999999999955,-81.10000000000002,700.0,0.0,0.0,0.2870000000000002,0.0,0.0,275.0,1
0.637,891.0,724.0,616.0,891.5,724.5,616.5,0.0,0.0,0.0,0.5,-10.799999999999955,-81.10000000000002,700.0,0.0,0.0,0.2880000000000002,0.0,0.0,275.0,1
0.638,891.0,724.0,616.0,891.5,724.5,616.5,0.0,0.0,0.0,0.5,-10.799999999999955,-81.10000000000002,700.0,0.0,0.0,0.2890000000000002,0.0,0.0,275.0,1
0.639,891.0,724.0,616.0,891.5,724.5,616.5,0.0,0.0,0.0,0.5,-10.799999999999955,-81.10000000000002,700.0,0.0,0.0,0.2900000000000002,0.0,0.0,275.0,1
0.64,891.0,724.0,616.0,891.5,724.5,616.5,0.0,0.0,0.0,0.5,-10.799999999999955,-81.10000000000002,700.0,0.0,0.0,0.2910000000000002,0.0,0.0,275.0,1
0.641,891.0,724.0,616.0,891.5,724.5,616.5,0.0,0.0,0.0,0.5,-10.799999999999955,-81.10000000000002,700.0,0.0,0.0,0.2920000000000002,0.0,0.0,275.0,1
0.642,891.0,724.0,616.0,891.5,724.5,616.5,0.0,0.0,0.0,0.5,-10.799999999999955,-81.10000000000002,700.0,0.0,0.0,0.2930000000000002,0.0,0.0,275.0,1
0.643,891.0,724.0,616.0,891.5,724.5,616.5,0.0,0.0,0.0,0.5,-10.799999999999955,-81.10000000000002,700.0,0.0,0.0,0.2940000000000002,0.0,0.0,275.0,1
0.644,891.0,724.0,616.0,891.5,724.5,616.5,0.0,0.0,0.0,0.5,-10.799999999999955,-81.10000000000002,700.0,0.0,0.0,0.2950000000000002,0.0,0.0,275.0,1
0.645,891.0,724.0,616.0,891.5,724.5,616.5,0.0,0.0,0.0,0.5,-10.799999999999955,-81.10000000000002,700.0,0.0,0.0,0.2960000000000002,0.0,0.0,275.0,1
0.646,891.0,724.0,616.0,891.5,724.5,616.5,0.0,0.0,0.0,0.5,-10.799999999999955,-81.10000000000002,700.0,0.0,0.0,0.2970000000000002,0.0,0.0,275.0,1
0.647,891.0,724.0,616.0,891.5,724.5,616.5,0.0,0.0,0.0,0.5,-10.799999999999955,-81.10000000000002,700.0,0.0,0.0,0.2980000000000002,0.0,0.0,275.0,1
0.648,891.0,724.0,616.0,891.5,724.5,616.5,0.0,0.0,0.0,0.5,-10.799999999999955,-81.10000000000002,700.0,0.0,0.0,0.2990000000000002,0.0,0.0,275.0,1
0.649,891.0,724.0,616.0,891.5,724.5,616.5,0.0,0.0,0.0,0.5,-10.799999999999955,-81.10000000000002,700.0,0.0,0.0,0.3000000000000002,0.0,0.0,275.0,1
0.65,891.0,724.0,616.0,891.5,724.5,616.5,0.0,0.0,0.0,0.5,-10.799999999999955,-81.10000000000002,700.0,0.0,0.0,0.3010000000000002,0.0,0.0,275.0,1
0.651,891.0,724.0,616.0,891.5,724.5,616.5,0.0,0.0,0.0,0.5,-10.799999999999955,-81.10000000000002,700.0,0.0,0.0,0.3020000000000002,0.0,0.0,275.0,1
0.652,891.0,724.0,616.0,891.5,724.5,616.5,0.0,0.0,0.0,0.5,-10.799999999999955,-81.10000000000002,700.0,0.0,0.0,0.3030000000000002,0.0,0.0,275.0,1
0.653,891.0,724.0,616.0,891.5,724.5,616.5,0.0,0.0,0.0,0.5,-10.799999999999955,-81.10000000000002,700.0,0.0,0.0,0.3040000000000002,0.0,0.0,275.0,1
0.654,891.0,724.0,616.0,891.5,724.5,616.5,0.0,0.0,0.0,0.5,-10.799999999999955,-81.10000000000002,700.0,0.0,0.0,0.3050000000000002,0.0,0.0,275.0,1
0.655,891.0,724.0,616.0,891.5,724.5,616.5,0.0,0.0,0.0,0.5,-10.799999999999955,-81.10000000000002,700.0,0.0,0.0,0.3060000000000002,0.0,0.0,275.0,1
0.656,891.0,724.0,616.0,891.5,724.5,616.5,0.0,0.0,0.0,0.5,-10.799999999999955,-81.10000000000002,700.0,0.0,0.0,0.3070000000000002,0.0,0.0,275.0,1
0.657,891.0,724.0,616.0,891.5,724.5,616.5,0.0,0.0,0.0,0.5,-10.799999999999955,-81.10000000000002,700.0,0.0,0.0,0.3080000000000002,0.0,0.0,275.0,1
0.658,891.0,724.0,616.0,891.5,724.5,616.5,0.0,0.0,0.0,0.5,-10.799999999999955,-81.10000000000002,700.0,0.0,0.0,0.3090000000000002,0.0,0.0,275.0,1
0.659,891.0,724.0,616.0,891.5,724.5,616.5,0.0,0.0,0.0,0.5,-10.799999999999955,-81.10000000000002,700.0,0.0,0.0,0.3100000000000002,0.0,0.0,275.0,1
0.66,891.0,724.0,616.0,891.5,724.5,616.5,0.0,0.0,0.0,0.5,-10.799999999999955,-81.10000000000002,700.0,0.0,0.0,0.3110000000000002,0.0,0.0,275.0,1
0.661,891.0,724.0,616.0,891.5,724.5,616.5,0.0,0.0,0.0,0.5,-10.799999999999955,-81.10000000000002,700.0,0.0,0.0,0.3120000000000002,0.0,0.0,275.0,1
0.662,891.0,724.0,616.0,891.5,724.5,616.5,0.0,0.0,0.0,0.5,-10.799999999999955,-81.10000000000002,700.0,0.0,0.0,0.3130000000000002,0.0,0.0,275.0,1
0.663,891.0,724.0,616.0,891.5,724.5,616.5,0.0,0.0,0.0,0.5,-10.799999999999955,-81.10000000000002,700.0,0.0,0.0,0.3140000000000002,0.0,0.0,275.0,1
0.664,891.0,724.0,616.0,891.5,724.5,616.5,0.0,0.0,0.0,0.5,-10.799999999999955,-81.10000000000002,700.0,0.0,0.0,0.3150000000000002,0.0,0.0,275.0,1
0.665,891.0,724.0,616.0,891.5,724.5,616.5,0.0,0.0,0.0,0.5,-10.799999999999955,-81.10000000000002,700.0,0.0,0.0,0.3160000000000002,0.0,0.0,275.0,1
0.666,891.0,724.0,616.0,891.5,724.5,616.5,0.0,0.0,0.0,0.5,-10.799999999999955,-81.10000000000002,700.0,0.0,0.0,0.3170000000000002,0.0,0.0,275.0,1
0.667,891.0,724.0,616.0,891.5,724.5,616.5,0.0,0.0,0.0,0.5,-10.799999999999955,-81.10000000000002,700.0,0.0,0.0,0.3180000000000002,0.0,0.0,275.0,1
0.668,891.0,724.0,616.0,891.5,724.5,616.5,0.0,0.0,0.0,0.5,-10.799999999999955,-81.10000000000002,700.0,0.0,0.0,0.31900000000000023,0.0,0.0,275.0,1
0.669,891.0,724.0,616.0,891.5,724.5,616.5,0.0,0.0,0.0,0.5,-10.799999999999955,-81.10000000000002,700.0,0.0,0.0,0.32000000000000023,0.0,0.0,275.0,1
0.67,891.0,724.0,616.0,891.5,724.5,616.5,0.0,0.0,0.0,0.5,-10.799999999999955,-81.10000000000002,700.0,0.0,0.0,0.32100000000000023,0.0,0.0,275.0,1
0.671,891.0,724.0,616.0,891.5,724.5,616.5,0.0,0.0,0.0,0.5,-10.799999999999955,-81.10000000000002,700.0,0.0,0.0,0.32200000000000023,0.0,0.0,275.0,1
0.672,891.0,724.0,616.0,891.5,724.5,616.5,0.0,0.0,0.0,0.5,-10.799999999999955,-81.10000000000002,700.0,0.0,0.0,0.32300000000000023,0.0,0.0,275.0,1
0.673,891.0,724.0,616.0,891.5,724.5,616.5,0.0,0.0,0.0,0.5,-10.799999999999955,-81.10000000000002,700.0,0.0,0.0,0.32400000000000023,0.0,0.0,275.0,1
0.674,891.0,724.0,616.0,891.5,724.5,616.5,0.0,0.0,0.0,0.5,-10.799999999999955,-81.10000000000002,700.0,0.0,0.0,0.32500000000000023,0.0,0.0,275.0,1
0.675,891.0,724.0,616.0,891.5,724.5,616.5,0.0,0.0,0.0,0.5,-10.799999999999955,-81.10000000000002,700.0,0.0,0.0,0.32600000000000023,0.0,0.0,275.0,1
0.676,891.0,724.0,616.0,891.5,724.5,616.5,0.0,0.0,0.0,0.5,-10.799999999999955,-81.10000000000002,700.0,0.0,0.0,0.32700000000000023,0.0,0.0,275.0,1
0.677,891.0,724.0,616.0,891.5,724.5,616.5,0.0,0.0,0.0,0.5,-10.799999999999955,-81.10000000000002,700.0,0.0,0.0,0.32800000000000024,0.0,0.0,275.0,1
0.678,891.0,724.0,616.0,891.5,724.5,616.5,0.0,0.0,0.0,0.5,-10.799999999999955,-81.10000000000002,700.0,0.0,0.0,0.32900000000000024,0.0,0.0,275.0,1
0.679,891.0,724.0,616.0,891.5,724.5,616.5,0.0,0.0,0.0,0.5,-10.799999999999955,-81.10000000000002,700.0,0.0,0.0,0.33000000000000024,0.0,0.0,275.0,1
0.68,891.0,724.0,616.0,891.5,724.5,616.5,0.0,0.0,0.0,0.5,-10.799999999999955,-81.10000000000002,700.0,0.0,0.0,0.33100000000000024,0.0,0.0,275.0,1
0.681,891.0,724.0,616.0,891.5,724.5,616.5,0.0,0.0,0.0,0.5,-10.799999999999955,-81.10000000000002,700.0,0.0,0.0,0.33200000000000024,0.0,0.0,275.0,1
0.682,891.0,724.0,616.0,891.5,724.5,616.5,0.0,0.0,0.0,0.5,-10.799999999999955,-81.10000000000002,700.0,0.0,0.0,0.33300000000000024,0.0,0.0,275.0,1
0.683,891.0,724.0,616.0,891.5,724.5,616.5,0.0,0.0,0.0,0.5,-10.799999999999955,-81.10000000000002,700.0,0.0,0.0,0.33400000000000024,0.0,0.0,275.0,1
0.684,891.0,724.0,616.0,891.5,724.5,616.5,0.0,0.0,0.0,0.5,-10.799999999999955,-81.10000000000002,700.0,0.0,0.0,0.33500000000000024,0.0,0.0,275.0,1
0.685,891.0,724.0,616.0,891.5,724.5,616.5,0.0,0.0,0.0,0.5,-10.799999999999955,-81.10000000000002,700.0,0.0,0.0,0.33600000000000024,0.0,0.0,275.0,1
0.686,891.0,724.0,616.0,891.5,724.5,616.5,0.0,0.0,0.0,0.5,-10.799999999999955,-81.10000000000002,700.0,0.0,0.0,0.33700000000000024,0.0,0.0,275.0,1
0.687,891.0,724.0,616.0,891.5,724.5,616.5,0.0,0.0,0.0,0.5,-10.799999999999955,-81.10000000000002,700.0,0.0,0.0,0.33800000000000024,0.0,0.0,275.0,1
0.6880000000000001,891.0,724.0,616.0,891.5,724.5,616.5,0.0,0.0,0.0,0.5,-10.799999999999955,-81.10000000000002,700.0,0.0,0.0,0.33900000000000025,0.0,0.0,275.0,1
0.6890000000000001,891.0,724.0,616.0,891.5,724.5,616.5,0.0,0.0,0.0,0.5,-10.799999999999955,-81.10000000000002,700.0,0.0,0.0,0.34000000000000025,0.0,0.0,275.0,1
0.6900000000000001,891.0,724.0,616.0,891.5,724.5,616.5,0.0,0.0,0.0,0.5,-10.799999999999955,-81.10000000000002,700.0,0.0,0.0,0.34100000000000025,0.0,0.0,275.0,1
0.6910000000000001,891.0,724.0,616.0,891.5,724.5,616.5,0.0,0.0,0.0,0.5,-10.799999999999955,-81.10000000000002,700.0,0.0,0.0,0.34200000000000025,0.0,0.0,275.0,1
0.6920000000000001,891.0,724.0,616.0,891.5,724.5,616.5,0.0,0.0,0.0,0.5,-10.799999999999955,-81.10000000000002,700.0,0.0,0.0,0.34300000000000025,0.0,0.0,275.0,1
0.6930000000000001,891.0,724.0,616.0,891.5,724.5,616.5,0.0,0.0,0.0,0.5,-10.799999999999955,-81.10000000000002,700.0,0.0,0.0,0.34400000000000025,0.0,0.0,275.0,1
0.6940000000000001,891.0,724.0,616.0,891.5,724.5,616.5,0.0,0.0,0.0,0.5,-10.799999999999955,-81.10000000000002,700.0,0.0,0.0,0.34500000000000025,0.0,0.0,275.0,1
0.6950000000000001,891.0,724.0,616.0,891.5,724.5,616.5,0.0,0.0,0.0,0.5,-10.799999999999955,-81.10000000000002,700.0,0.0,0.0,0.34600000000000025,0.0,0.0,275.0,1
0.6960000000000001,891.0,724.0,616.0,891.5,724.5,616.5,0.0,0.0,0.0,0.5,-10.799999999999955,-81.10000000000002,700.0,0.0,0.0,0.34700000000000025,0.0,0.0,275.0,1
0.6970000000000001,891.0,724.0,616.0,891.5,724.5,616.5,0.0,0.0,0.0,0.5,-10.799999999999955,-81.10000000000002,700.0,0.0,0.0,0.34800000000000025,0.0,0.0,275.0,1
0.6980000000000001,891.0,724.0,616.0,891.5,724.5,616.5,0.0,0.0,0.0,0.5,-10.799999999999955,-81.10000000000002,700.0,0.0,0.0,0.34900000000000025,0.0,0.0,275.0,1
0.6990000000000001,891.0,724.0,616.0,891.5,724.5,616.5,0.0,0.0,0.0,0.5,-10.799999999999955,-81.10000000000002,700.0,0.0,0.0,0.35000000000000026,0.0,0.0,275.0,1
0.7000000000000001,891.0,724.0,616.0,891.5,724.5,616.5,0.0,0.0,0.0,0.5,-10.799999999999955,-81.10000000000002,700.0,0.0,0.0,0.35100000000000026,0.0,0.0,275.0,1
0.7010000000000001,891.0,724.0,616.0,891.5,724.5,616.5,0.0,0.0,0.0,0.5,-10.799999999999955,-81.10000000000002,700.0,0.0,0.0,0.35200000000000026,0.0,0.0,275.0,1
0.7020000000000001,891.0,724.0,616.0,891.5,724.5,616.5,0.0,0.0,0.0,0.5,-10.799999999999955,-81.10000000000002,700.0,0.0,0.0,0.35300000000000026,0.0,0.0,275.0,1
0.7030000000000001,891.0,724.0,616.0,891.5,724.5,616.5,0.0,0.0,0.0,0.5,-10.799999999999955,-81.10000000000002,700.0,0.0,0.0,0.35400000000000026,0.0,0.0,275.0,1
0.704,891.0,724.0,616.0,891.5,724.5,616.5,0.0,0.0,0.0,0.5,-10.799999999999955,-81.10000000000002,700.0,0.0,0.0,0.35500000000000026,0.0,0.0,275.0,1
0.705,891.0,724.0,616.0,891.5,724.5,616.5,0.0,0.0,0.0,0.5,-10.799999999999955,-81.10000000000002,700.0,0.0,0.0,0.35600000000000026,0.0,0.0,275.0,1
0.706,891.0,724.0,616.0,891.5,724.5,616.5,0.0,0.0,0.0,0.5,-10.799999999999955,-81.10000000000002,700.0,0.0,0.0,0.35700000000000026,0.0,0.0,275.0,1
0.707,891.0,724.0,616.0,891.5,724.5,616.5,0.0,0.0,0.0,0.5,-10.799999999999955,-81.10000000000002,700.0,0.0,0.0,0.35800000000000026,0.0,0.0,275.0,1
0.708,891.0,724.0,616.0,891.5,724.5,616.5,0.0,0.0,0.0,0.5,-10.799999999999955,-81.10000000000002,700.0,0.0,0.0,0.35900000000000026,0.0,0.0,275.0,1
0.709,891.0,724.0,616.0,891.5,724.5,616.5,0.0,0.0,0.0,0.5,-10.799999999999955,-81.10000000000002,700.0,0.0,0.0,0.36000000000000026,0.0,0.0,275.0,1
0.71,891.0,724.0,616.0,891.5,724.5,616.5,0.0,0.0,0.0,0.5,-10.799999999999955,-81.10000000000002,700.0,0.0,0.0,0.36100000000000027,0.0,0.0,275.0,1
0.711,891.0,724.0,616.0,891.5,724.5,616.5,0.0,0.0,0.0,0.5,-10.799999999999955,-81.10000000000002,700.0,0.0,0.0,0.36200000000000027,0.0,0.0,275.0,1
0.712,891.0,724.0,616.0,891.5,724.5,616.5,0.0,0.0,0.0,0.5,-10.799999999999955,-81.10000000000002,700.0,0.0,0.0,0.36300000000000027,0.0,0.0,275.0,1
0.713,891.0,724.0,616.0,891.5,724.5,616.5,0.0,0.0,0.0,0.5,-10.799999999999955,-81.10000000000002,700.0,0.0,0.0,0.36400000000000027,0.0,0.0,275.0,1
0.714,891.0,724.0,616.0,891.5,724.5,616.5,0.0,0.0,0.0,0.5,-10.799999999999955,-81.10000000000002,700.0,0.0,0.0,0.36500000000000027,0.0,0.0,275.0,1
0.715,891.0,724.0,616.0,891.5,724.5,616.5,0.0,0.0,0.0,0.5,-10.799999999999955,-81.10000000000002,700.0,0.0,0.0,0.36600000000000027,0.0,0.0,275.0,1
0.716,891.0,724.0,616.0,891.5,724.5,616.5,0.0,0.0,0.0,0.5,-10.799999999999955,-81.10000000000002,700.0,0.0,0.0,0.36700000000000027,0.0,0.0,275.0,1
0.717,891.0,724.0,616.0,891.5,724.5,616.5,0.0,0.0,0.0,0.5,-10.799999999999955,-81.10000000000002,700.0,0.0,0.0,0.36800000000000027,0.0,0.0,275.0,1
0.718,891.0,724.0,616.0,891.5,724.5,616.5,0.0,0.0,0.0,0.5,-10.799999999999955,-81.10000000000002,700.0,0.0,0.0,0.36900000000000027,0.0,0.0,275.0,1
0.719,891.0,724.0,616.0,891.5,724.5,616.5,0.0,0.0,0.0,0.5,-10.799999999999955,-81.10000000000002,700.0,0.0,0.0,0.3700000000000003,0.0,0.0,275.0,1
0.72,891.0,724.0,616.0,891.5,724.5,616.5,0.0,0.0,0.0,0.5,-10.799999999999955,-81.10000000000002,700.0,0.0,0.0,0.3710000000000003,0.0,0.0,275.0,1
0.721,891.0,724.0,616.0,891.5,724.5,616.5,0.0,0.0,0.0,0.5,-10.799999999999955,-81.10000000000002,700.0,0.0,0.0,0.3720000000000003,0.0,0.0,275.0,1
0.722,891.0,724.0,616.0,891.5,724.5,616.5,0.0,0.0,0.0,0.5,-10.799999999999955,-81.10000000000002,700.0,0.0,0.0,0.3730000000000003,0.0,0.0,275.0,1
0.723,891.0,724.0,616.0,891.5,724.5,616.5,0.0,0.0,0.0,0.5,-10.799999999999955,-81.10000000000002,700.0,0.0,0.0,0.3740000000000003,0.0,0.0,275.0,1
0.724,891.0,724.0,616.0,891.5,724.5,616.5,0.0,0.0,0.0,0.5,-10.799999999999955,-81.10000000000002,700.0,0.0,0.0,0.3750000000000003,0.0,0.0,275.0,1
0.725,891.0,724.0,616.0,891.5,724.5,616.5,0.0,0.0,0.0,0.5,-10.799999999999955,-81.10000000000002,700.0,0.0,0.0,0.3760000000000003,0.0,0.0,275.0,1
0.726,891.0,724.0,616.0,891.5,724.5,616.5,0.0,0.0,0.0,0.5,-10.799999999999955,-81.10000000000002,700.0,0.0,0.0,0.3770000000000003,0.0,0.0,275.0,1
0.727,891.0,724.0,616.0,891.5,724.5,616.5,0.0,0.0,0.0,0.5,-10.799999999999955,-81.10000000000002,700.0,0.0,0.0,0.3780000000000003,0.0,0.0,275.0,1
0.728,891.0,724.0,616.0,891.5,724.5,616.5,0.0,0.0,0.0,0.5,-10.799999999999955,-81.10000000000002,700.0,0.0,0.0,0.3790000000000003,0.0,0.0,275.0,1
0.729,891.0,724.0,616.0,891.5,724.5,616.5,0.0,0.0,0.0,0.5,-10.799999999999955,-81.10000000000002,700.0,0.0,0.0,0.3800000000000003,0.0,0.0,275.0,1
0.73,891.0,724.0,616.0,891.5,724.5,616.5,0.0,0.0,0.0,0.5,-10.799999999999955,-81.10000000000002,700.0,0.0,0.0,0.3810000000000003,0.0,0.0,275.0,1
0.731,891.0,724.0,616.0,891.5,724.5,616.5,0.0,0.0,0.0,0.5,-10.799999999999955,-81.10000000000002,700.0,0.0,0.0,0.3820000000000003,0.0,0.0,275.0,1
0.732,891.0,724.0,616.0,891.5,724.5,616.5,0.0,0.0,0.0,0.5,-10.799999999999955,-81.10000000000002,700.0,0.0,0.0,0.3830000000000003,0.0,0.0,275.0,1
0.733,891.0,724.0,616.0,891.5,724.5,616.5,0.0,0.0,0.0,0.5,-10.799999999999955,-81.10000000000002,700.0,0.0,0.0,0.3840000000000003,0.0,0.0,275.0,1
0.734,891.0,724.0,616.0,891.5,724.5,616.5,0.0,0.0,0.0,0.5,-10.799999999999955,-81.10000000000002,700.0,0.0,0.0,0.3850000000000003,0.0,0.0,275.0,1
0.735,891.0,724.0,616.0,891.5,724.5,616.5,0.0,0.0,0.0,0.5,-10.799999999999955,-81.10000000000002,700.0,0.0,0.0,0.3860000000000003,0.0,0.0,275.0,1
0.736,891.0,724.0,616.0,891.5,724.5,616.5,0.0,0.0,0.0,0.5,-10.799999999999955,-81.10000000000002,700.0,0.0,0.0,0.3870000000000003,0.0,0.0,275.0,1
0.737,891.0,724.0,616.0,891.5,724.5,616.5,0.0,0.0,0.0,0.5,-10.799999999999955,-81.10000000000002,700.0,0.0,0.0,0.3880000000000003,0.0,0.0,275.0,1
0.738,891.0,724.0,616.0,891.5,724.5,616.5,0.0,0.0,0.0,0.5,-10.799999999999955,-81.10000000000002,700.0,0.0,0.0,0.3890000000000003,0.0,0.0,275.0,1
0.739,891.0,724.0,616.0,891.5,724.5,616.5,0.0,0.0,0.0,0.5,-10.799999999999955,-81.10000000000002,700.0,0.0,0.0,0.3900000000000003,0.0,0.0,275.0,1
0.74,891.0,724.0,616.0,891.5,724.5,616.5,0.0,0.0,0.0,0.5,-10.799999999999955,-81.10000000000002,700.0,0.0,0.0,0.3910000000000003,0.0,0.0,275.0,1
0.741,891.0,724.0,616.0,891.5,724.5,616.5,0.0,0.0,0.0,0.5,-10.799999999999955,-81.10000000000002,700.0,0.0,0.0,0.3920000000000003,0.0,0.0,275.0,1
0.742,891.0,724.0,616.0,891.5,724.5,616.5,0.0,0.0,0.0,0.5,-10.799999999999955,-81.10000000000002,700.0,0.0,0.0,0.3930000000000003,0.0,0.0,275.0,1
0.743,891.0,724.0,616.0,891.5,724.5,616.5,0.0,0.0,0.0,0.5,-10.799999999999955,-81.10000000000002,700.0,0.0,0.0,0.3940000000000003,0.0,0.0,275.0,1
0.744,891.0,724.0,616.0,891.5,724.5,616.5,0.0,0.0,0.0,0.5,-10.799999999999955,-81.10000000000002,700.0,0.0,0.0,0.3950000000000003,0.0,0.0,275.0,1
0.745,891.0,724.0,616.0,891.5,724.5,616.5,0.0,0.0,0.0,0.5,-10.799999999999955,-81.10000000000002,700.0,0.0,0.0,0.3960000000000003,0.0,0.0,275.0,1
0.746,891.0,724.0,616.0,891.5,724.5,616.5,0.0,0.0,0.0,0.5,-10.799999999999955,-81.10000000000002,700.0,0.0,0.0,0.3970000000000003,0.0,0.0,275.0,1
0.747,891.0,724.0,616.0,891.5,724.5,616.5,0.0,0.0,0.0,0.5,-10.799999999999955,-81.10000000000002,700.0,0.0,0.0,0.3980000000000003,0.0,0.0,275.0,1
0.748,891.0,724.0,616.0,891.5,724.5,616.5,0.0,0.0,0.0,0.5,-10.799999999999955,-81.10000000000002,700.0,0.0,0.0,0.3990000000000003,0.0,0.0,275.0,1
0.749,891.0,724.0,616.0,891.5,724.5,616.5,0.0,0.0,0.0,0.5,-10.799999999999955,-81.10000000000002,700.0,0.0,0.0,0.4000000000000003,0.0,0.0,275.0,1
0.75,891.0,724.0,616.0,891.5,724.5,616.5,0.0,0.0,0.0,0.5,-10.799999999999955,-81.10000000000002,700.0,0.0,0.0,0.4010000000000003,0.0,0.0,275.0,1
0.751,891.0,724.0,616.0,891.5,724.5,616.5,0.0,0.0,0.0,0.5,-10.799999999999955,-81.10000000000002,700.0,0.0,0.0,0.4020000000000003,0.0,0.0,275.0,1
0.752,891.0,724.0,616.0,891.5,724.5,616.5,0.0,0.0,0.0,0.5,-10.799999999999955,-81.10000000000002,700.0,0.0,0.0,0.4030000000000003,0.0,0.0,275.0,1
0.753,891.0,724.0,616.0,891.5,724.5,616.5,0.0,0.0,0.0,0.5,-10.799999999999955,-81.10000000000002,700.0,0.0,0.0,0.4040000000000003,0.0,0.0,275.0,1
0.754,891.0,724.0,616.0,891.5,724.5,616.5,0.0,0.0,0.0,0.5,-10.799999999999955,-81.10000000000002,700.0,0.0,0.0,0.4050000000000003,0.0,0.0,275.0,1
0.755,891.0,724.0,616.0,891.5,724.5,616.5,0.0,0.0,0.0,0.5,-10.799999999999955,-81.10000000000002,700.0,0.0,0.0,0.4060000000000003,0.0,0.0,275.0,1
0.756,891.0,724.0,616.0,891.5,724.5,616.5,0.0,0.0,0.0,0.5,-10.799999999999955,-81.10000000000002,700.0,0.0,0.0,0.4070000000000003,0.0,0.0,275.0,1
0.757,891.0,724.0,616.0,891.5,724.5,616.5,0.0,0.0,0.0,0.5,-10.799999999999955,-81.10000000000002,700.0,0.0,0.0,0.4080000000000003,0.0,0.0,275.0,1
0.758,891.0,724.0,616.0,891.5,724.5,616.5,0.0,0.0,0.0,0.5,-10.799999999999955,-81.10000000000002,700.0,0.0,0.0,0.4090000000000003,0.0,0.0,275.0,1
0.759,891.0,724.0,616.0,891.5,724.5,616.5,0.0,0.0,0.0,0.5,-10.799999999999955,-81.10000000000002,700.0,0.0,0.0,0.4100000000000003,0.0,0.0,275.0,1
0.76,891.0,724.0,616.0,891.5,724.5,616.5,0.0,0.0,0.0,0.5,-10.799999999999955,-81.10000000000002,700.0,0.0,0.0,0.4110000000000003,0.0,0.0,275.0,1
0.761,891.0,724.0,616.0,891.5,724.5,616.5,0.0,0.0,0.0,0.5,-10.799999999999955,-81.10000000000002,700.0,0.0,0.0,0.4120000000000003,0.0,0.0,275.0,1
0.762,891.0,724.0,616.0,891.5,724.5,616.5,0.0,0.0,0.0,0.5,-10.799999999999955,-81.10000000000002,700.0,0.0,0.0,0.4130000000000003,0.0,0.0,275.0,1
0.763,891.0,724.0,616.0,891.5,724.5,616.5,0.0,0.0,0.0,0.5,-10.799999999999955,-81.10000000000002,700.0,0.0,0.0,0.4140000000000003,0.0,0.0,275.0,1
0.764,891.0,724.0,616.0,891.5,724.5,616.5,0.0,0.0,0.0,0.5,-10.799999999999955,-81.10000000000002,700.0,0.0,0.0,0.4150000000000003,0.0,0.0,275.0,1
0.765,891.0,724.0,616.0,891.5,724.5,616.5,0.0,0.0,0.0,0.5,-10.799999999999955,-81.10000000000002,700.0,0.0,0.0,0.4160000000000003,0.0,0.0,275.0,1
0.766,891.0,724.0,616.0,891.5,724.5,616.5,0.0,0.0,0.0,0.5,-10.799999999999955,-81.10000000000002,700.0,0.0,0.0,0.4170000000000003,0.0,0.0,275.0,1
0.767,891.0,724.0,616.0,891.5,724.5,616.5,0.0,0.0,0.0,0.5,-10.799999999999955,-81.10000000000002,700.0,0.0,0.0,0.4180000000000003,0.0,0.0,275.0,1
0.768,891.0,724.0,616.0,891.5,724.5,616.5,0.0,0.0,0.0,0.5,-10.799999999999955,-81.10000000000002,700.0,0.0,0.0,0.4190000000000003,0.0,0.0,275.0,1
0.769,891.0,724.0,616.0,891.5,724.5,616.5,0.0,0.0,0.0,0.5,-10.799999999999955,-81.10000000000002,700.0,0.0,0.0,0.4200000000000003,0.0,0.0,275.0,1
0.77,891.0,724.0,616.0,891.5,724.5,616.5,0.0,0.0,0.0,0.5,-10.799999999999955,-81.10000000000002,700.0,0.0,0.0,0.4210000000000003,0.0,0.0,275.0,1
0.771,891.0,724.0,616.0,891.5,724.5,616.5,0.0,0.0,0.0,0.5,-10.799999999999955,-81.10000000000002,700.0,0.0,0.0,0.4220000000000003,0.0,0.0,275.0,1
0.772,891.0,724.0,616.0,891.5,724.5,616.5,0.0,0.0,0.0,0.5,-10.799999999999955,-81.10000000000002,700.0,0.0,0.0,0.4230000000000003,0.0,0.0,275.0,1
0.773,891.0,724.0,616.0,891.5,724.5,616.5,0.0,0.0,0.0,0.5,-10.799999999999955,-81.10000000000002,700.0,0.0,0.0,0.4240000000000003,0.0,0.0,275.0,1
0.774,891.0,724.0,616.0,891.5,724.5,616.5,0.0,0.0,0.0,0.5,-10.799999999999955,-81.10000000000002,700.0,0.0,0.0,0.4250000000000003,0.0,0.0,275.0,1
0.775,891.0,724.0,616.0,891.5,724.5,616.5,0.0,0.0,0.0,0.5,-10.799999999999955,-81.10000000000002,700.0,0.0,0.0,0.4260000000000003,0.0,0.0,275.0,1
0.776,891.0,724.0,616.0,891.5,724.5,616.5,0.0,0.0,0.0,0.5,-10.799999999999955,-81.10000000000002,700.0,0.0,0.0,0.4270000000000003,0.0,0.0,275.0,1
0.777,891.0,724.0,616.0,891.5,724.5,616.5,0.0,0.0,0.0,0.5,-10.799999999999955,-81.10000000000002,700.0,0.0,0.0,0.4280000000000003,0.0,0.0,275.0,1
0.778,891.0,724.0,616.0,891.5,724.5,616.5,0.0,0.0,0.0,0.5,-10.799999999999955,-81.10000000000002,700.0,0.0,0.0,0.4290000000000003,0.0,0.0,275.0,1
0.779,891.0,724.0,616.0,891.5,724.5,616.5,0.0,0.0,0.0,0.5,-10.799999999999955,-81.10000000000002,700.0,0.0,0.0,0.4300000000000003,0.0,0.0,275.0,1
0.78,891.0,724.0,616.0,891.5,724.5,616.5,0.0,0.0,0.0,0.5,-10.799999999999955,-81.10000000000002,700.0,0.0,0.0,0.4310000000000003,0.0,0.0,275.0,1
0.781,891.0,724.0,616.0,891.5,724.5,616.5,0.0,0.0,0.0,0.5,-10.799999999999955,-81.10000000000002,700.0,0.0,0.0,0.43200000000000033,0.0,0.0,275.0,1
0.782,891.0,724.0,616.0,891.5,724.5,616.5,0.0,0.0,0.0,0.5,-10.799999999999955,-81.10000000000002,700.0,0.0,0.0,0.43300000000000033,0.0,0.0,275.0,1
0.783,891.0,724.0,616.0,891.5,724.5,616.5,0.0,0.0,0.0,0.5,-10.799999999999955,-81.10000000000002,700.0,0.0,0.0,0.43400000000000033,0.0,0.0,275.0,1
0.784,891.0,724.0,616.0,891.5,724.5,616.5,0.0,0.0,0.0,0.5,-10.799999999999955,-81.10000000000002,700.0,0.0,0.0,0.43500000000000033,0.0,0.0,275.0,1
0.785,891.0,724.0,616.0,891.5,724.5,616.5,0.0,0.0,0.0,0.5,-10.799999999999955,-81.10000000000002,700.0,0.0,0.0,0.43600000000000033,0.0,0.0,275.0,1
0.786,891.0,724.0,616.0,891.5,724.5,616.5,0.0,0.0,0.0,0.5,-10.799999999999955,-81.10000000000002,700.0,0.0,0.0,0.43700000000000033,0.0,0.0,275.0,1
0.787,891.0,724.0,616.0,891.5,724.5,616.5,0.0,0.0,0.0,0.5,-10.799999999999955,-81.10000000000002,700.0,0.0,0.0,0.43800000000000033,0.0,0.0,275.0,1
0.788,891.0,724.0,616.0,891.5,724.5,616.5,0.0,0.0,0.0,0.5,-10.799999999999955,-81.10000000000002,700.0,0.0,0.0,0.43900000000000033,0.0,0.0,275.0,1
0.789,891.0,724.0,616.0,891.5,724.5,616.5,0.0,0.0,0.0,0.5,-10.799999999999955,-81.10000000000002,700.0,0.0,0.0,0.44000000000000034,0.0,0.0,275.0,1
0.79,891.0,724.0,616.0,891.5,724.5,616.5,0.0,0.0,0.0,0.5,-10.799999999999955,-81.10000000000002,700.0,0.0,0.0,0.44100000000000034,0.0,0.0,275.0,1
0.791,891.0,724.0,616.0,891.5,724.5,616.5,0.0,0.0,0.0,0.5,-10.799999999999955,-81.10000000000002,700.0,0.0,0.0,0.44200000000000034,0.0,0.0,275.0,1
0.792,891.0,724.0,616.0,891.5,724.5,616.5,0.0,0.0,0.0,0.5,-10.799999999999955,-81.10000000000002,700.0,0.0,0.0,0.44300000000000034,0.0,0.0,275.0,1
0.793,891.0,724.0,616.0,891.5,724.5,616.5,0.0,0.0,0.0,0.5,-10.799999999999955,-81.10000000000002,700.0,0.0,0.0,0.44400000000000034,0.0,0.0,275.0,1
0.794,891.0,724.0,616.0,891.5,724.5,616.5,0.0,0.0,0.0,0.5,-10.799999999999955,-81.10000000000002,700.0,0.0,0.0,0.44500000000000034,0.0,0.0,275.0,1
0.795,891.0,724.0,616.0,891.5,724.5,616.5,0.0,0.0,0.0,0.5,-10.799999999999955,-81.10000000000002,700.0,0.0,0.0,0.44600000000000034,0.0,0.0,275.0,1
0.796,891.0,724.0,616.0,891.5,724.5,616.5,0.0,0.0,0.0,0.5,-10.799999999999955,-81.10000000000002,700.0,0.0,0.0,0.44700000000000034,0.0,0.0,275.0,1
0.797,891.0,724.0,616.0,891.5,724.5,616.5,0.0,0.0,0.0,0.5,-10.799999999999955,-81.10000000000002,700.0,0.0,0.0,0.44800000000000034,0.0,0.0,275.0,1
0.798,891.0,724.0,616.0,891.5,724.5,616.5,0.0,0.0,0.0,0.5,-10.799999999999955,-81.10000000000002,700.0,0.0,0.0,0.44900000000000034,0.0,0.0,275.0,1
0.799,891.0,724.0,616.0,891.5,724.5,616.5,0.0,0.0,0.0,0.5,-10.799999999999955,-81.10000000000002,700.0,0.0,0.0,0.45000000000000034,0.0,0.0,275.0,1
0.8,891.0,724.0,616.0,891.5,724.5,616.5,0.0,0.0,0.0,0.5,-10.799999999999955,-81.10000000000002,700.0,0.0,0.0,0.45100000000000035,0.0,0.0,275.0,1
0.801,891.0,724.0,616.0,891.5,724.5,616.5,0.0,0.0,0.0,0.5,-10.799999999999955,-81.10000000000002,700.0,0.0,0.0,0.45200000000000035,0.0,0.0,275.0,1
0.802,891.0,724.0,616.0,891.5,724.5,616.5,0.0,0.0,0.0,0.5,-10.799999999999955,-81.10000000000002,700.0,0.0,0.0,0.45300000000000035,0.0,0.0,275.0,1
0.803,891.0,724.0,616.0,891.5,724.5,616.5,0.0,0.0,0.0,0.5,-10.799999999999955,-81.10000000000002,700.0,0.0,0.0,0.45400000000000035,0.0,0.0,275.0,1
0.804,891.0,724.0,616.0,891.5,724.5,616.5,0.0,0.0,0.0,0.5,-10.799999999999955,-81.10000000000002,700.0,0.0,0.0,0.45500000000000035,0.0,0.0,275.0,1
0.805,891.0,724.0,616.0,891.5,724.5,616.5,0.0,0.0,0.0,0.5,-10.799999999999955,-81.10000000000002,700.0,0.0,0.0,0.45600000000000035,0.0,0.0,275.0,1
0.806,891.0,724.0,616.0,891.5,724.5,616.5,0.0,0.0,0.0,0.5,-10.799999999999955,-81.10000000000002,700.0,0.0,0.0,0.45700000000000035,0.0,0.0,275.0,1
0.807,891.0,724.0,616.0,891.5,724.5,616.5,0.0,0.0,0.0,0.5,-10.799999999999955,-81.10000000000002,700.0,0.0,0.0,0.45800000000000035,0.0,0.0,275.0,1
0.808,891.0,724.0,616.0,891.5,724.5,616.5,0.0,0.0,0.0,0.5,-10.799999999999955,-81.10000000000002,700.0,0.0,0.0,0.45900000000000035,0.0,0.0,275.0,1
0.809,891.0,724.0,616.0,891.5,724.5,616.5,0.0,0.0,0.0,0.5,-10.799999999999955,-81.10000000000002,700.0,0.0,0.0,0.46000000000000035,0.0,0.0,275.0,1
0.81,891.0,724.0,616.0,891.5,724.5,616.5,0.0,0.0,0.0,0.5,-10.799999999999955,-81.10000000000002,700.0,0.0,0.0,0.46100000000000035,0.0,0.0,275.0,1
0.811,891.0,724.0,616.0,891.5,724.5,616.5,0.0,0.0,0.0,0.5,-10.799999999999955,-81.10000000000002,700.0,0.0,0.0,0.46200000000000035,0.0,0.0,275.0,1
0.812,891.0,724.0,616.0,891.5,724.5,616.5,0.0,0.0,0.0,0.5,-10.799999999999955,-81.10000000000002,700.0,0.0,0.0,0.46300000000000036,0.0,0.0,275.0,1
0.8130000000000001,891.0,724.0,616.0,891.5,724.5,616.5,0.0,0.0,0.0,0.5,-10.799999999999955,-81.10000000000002,700.0,0.0,0.0,0.46400000000000036,0.0,0.0,275.0,1
0.8140000000000001,891.0,724.0,616.0,891.5,724.5,616.5,0.0,0.0,0.0,0.5,-10.799999999999955,-81.10000000000002,700.0,0.0,0.0,0.46500000000000036,0.0,0.0,275.0,1
0.8150000000000001,891.0,724.0,616.0,891.5,724.5,616.5,0.0,0.0,0.0,0.5,-10.799999999999955,-81.10000000000002,700.0,0.0,0.0,0.46600000000000036,0.0,0.0,275.0,1
0.8160000000000001,891.0,724.0,616.0,891.5,724.5,616.5,0.0,0.0,0.0,0.5,-10.799999999999955,-81.10000000000002,700.0,0.0,0.0,0.46700000000000036,0.0,0.0,275.0,1
0.8170000000000001,891.0,724.0,616.0,891.5,724.5,616.5,0.0,0.0,0.0,0.5,-10.799999999999955,-81.10000000000002,700.0,0.0,0.0,0.46800000000000036,0.0,0.0,275.0,1
0.8180000000000001,891.0,724.0,616.0,891.5,724.5,616.5,0.0,0.0,0.0,0.5,-10.799999999999955,-81.10000000000002,700.0,0.0,0.0,0.46900000000000036,0.0,0.0,275.0,1
0.8190000000000001,891.0,724.0,616.0,891.5,724.5,616.5,0.0,0.0,0.0,0.5,-10.799999999999955,-81.10000000000002,700.0,0.0,0.0,0.47000000000000036,0.0,0.0,275.0,1
0.8200000000000001,891.0,724.0,616.0,891.5,724.5,616.5,0.0,0.0,0.0,0.5,-10.799999999999955,-81.10000000000002,700.0,0.0,0.0,0.47100000000000036,0.0,0.0,275.0,1
0.8210000000000001,891.0,724.0,616.0,891.5,724.5,616.5,0.0,0.0,0.0,0.5,-10.799999999999955,-81.10000000000002,700.0,0.0,0.0,0.47200000000000036,0.0,0.0,275.0,1
0.8220000000000001,891.0,724.0,616.0,891.5,724.5,616.5,0.0,0.0,0.0,0.5,-10.799999999999955,-81.10000000000002,700.0,0.0,0.0,0.47300000000000036,0.0,0.0,275.0,1
0.8230000000000001,891.0,724.0,616.0,891.5,724.5,616.5,0.0,0.0,0.0,0.5,-10.799999999999955,-81.10000000000002,700.0,0.0,0.0,0.47400000000000037,0.0,0.0,275.0,1
0.8240000000000001,891.0,724.0,616.0,891.5,724.5,616.5,0.0,0.0,0.0,0.5,-10.799999999999955,-81.10000000000002,700.0,0.0,0.0,0.47500000000000037,0.0,0.0,275.0,1
0.8250000000000001,891.0,724.0,616.0,891.5,724.5,616.5,0.0,0.0,0.0,0.5,-10.799999999999955,-81.10000000000002,700.0,0.0,0.0,0.47600000000000037,0.0,0.0,275.0,1
0.8260000000000001,891.0,724.0,616.0,891.5,724.5,616.5,0.0,0.0,0.0,0.5,-10.799999999999955,-81.10000000000002,700.0,0.0,0.0,0.47700000000000037,0.0,0.0,275.0,1
0.8270000000000001,891.0,724.0,616.0,891.5,724.5,616.5,0.0,0.0,0.0,0.5,-10.799999999999955,-81.10000000000002,700.0,0.0,0.0,0.47800000000000037,0.0,0.0,275.0,1
0.8280000000000001,891.0,724.0,616.0,891.5,724.5,616.5,0.0,0.0,0.0,0.5,-10.799999999999955,-81.10000000000002,700.0,0.0,0.0,0.47900000000000037,0.0,0.0,275.0,1
0.8290000000000001,891.0,724.0,616.0,891.5,724.5,616.5,0.0,0.0,0.0,0.5,-10.799999999999955,-81.10000000000002,700.0,0.0,0.0,0.48000000000000037,0.0,0.0,275.0,1
0.8300000000000001,891.0,724.0,616.0,891.5,724.5,616.5,0.0,0.0,0.0,0.5,-10.799999999999955,-81.10000000000002,700.0,0.0,0.0,0.48100000000000037,0.0,0.0,275.0,1
0.8310000000000001,891.0,724.0,616.0,891.5,724.5,616.5,0.0,0.0,0.0,0.5,-10.799999999999955,-81.10000000000002,700.0,0.0,0.0,0.4820000000000004,0.0,0.0,275.0,1
0.8320000000000001,891.0,724.0,616.0,891.5,724.5,616.5,0.0,0.0,0.0,0.5,-10.799999999999955,-81.10000000000002,700.0,0.0,0.0,0.4830000000000004,0.0,0.0,275.0,1
0.833,891.0,724.0,616.0,891.5,724.5,616.5,0.0,0.0,0.0,0.5,-10.799999999999955,-81.10000000000002,700.0,0.0,0.0,0.4840000000000004,0.0,0.0,275.0,1
0.834,891.0,724.0,616.0,891.5,724.5,616.5,0.0,0.0,0.0,0.5,-10.799999999999955,-81.10000000000002,700.0,0.0,0.0,0.4850000000000004,0.0,0.0,275.0,1
0.835,891.0,724.0,616.0,891.5,724.5,616.5,0.0,0.0,0.0,0.5,-10.799999999999955,-81.10000000000002,700.0,0.0,0.0,0.4860000000000004,0.0,0.0,275.0,1
0.836,891.0,724.0,616.0,891.5,724.5,616.5,0.0,0.0,0.0,0.5,-10.799999999999955,-81.10000000000002,700.0,0.0,0.0,0.4870000000000004,0.0,0.0,275.0,1
0.837,891.0,724.0,616.0,891.5,724.5,616.5,0.0,0.0,0.0,0.5,-10.799999999999955,-81.10000000000002,700.0,0.0,0.0,0.4880000000000004,0.0,0.0,275.0,1
0.838,891.0,724.0,616.0,891.5,724.5,616.5,0.0,0.0,0.0,0.5,-10.799999999999955,-81.10000000000002,700.0,0.0,0.0,0.4890000000000004,0.0,0.0,275.0,1
0.839,891.0,724.0,616.0,891.5,724.5,616.5,0.0,0.0,0.0,0.5,-10.799999999999955,-81.10000000000002,700.0,0.0,0.0,0.4900000000000004,0.0,0.0,275.0,1
0.84,891.0,724.0,616.0,891.5,724.5,616.5,0.0,0.0,0.0,0.5,-10.799999999999955,-81.10000000000002,700.0,0.0,0.0,0.4910000000000004,0.0,0.0,275.0,1
0.841,891.0,724.0,616.0,891.5,724.5,616.5,0.0,0.0,0.0,0.5,-10.799999999999955,-81.10000000000002,700.0,0.0,0.0,0.4920000000000004,0.0,0.0,275.0,1
0.842,891.0,724.0,616.0,891.5,724.5,616.5,0.0,0.0,0.0,0.5,-10.799999999999955,-81.10000000000002,700.0,0.0,0.0,0.4930000000000004,0.0,0.0,275.0,1
0.843,891.0,724.0,616.0,891.5,724.5,616.5,0.0,0.0,0.0,0.5,-10.799999999999955,-81.10000000000002,700.0,0.0,0.0,0.4940000000000004,0.0,0.0,275.0,1
0.844,891.0,724.0,616.0,891.5,724.5,616.5,0.0,0.0,0.0,0.5,-10.799999999999955,-81.10000000000002,700.0,0.0,0.0,0.4950000000000004,0.0,0.0,275.0,1
0.845,891.0,724.0,616.0,891.5,724.5,616.5,0.0,0.0,0.0,0.5,-10.799999999999955,-81.10000000000002,700.0,0.0,0.0,0.4960000000000004,0.0,0.0,275.0,1
0.846,891.0,724.0,616.0,891.5,724.5,616.5,0.0,0.0,0.0,0.5,-10.799999999999955,-81.10000000000002,700.0,0.0,0.0,0.4970000000000004,0.0,0.0,275.0,1
0.847,891.0,724.0,616.0,891.5,724.5,616.5,0.0,0.0,0.0,0.5,-10.799999999999955,-81.10000000000002,700.0,0.0,0.0,0.4980000000000004,0.0,0.0,275.0,1
0.848,891.0,724.0,616.0,891.5,724.5,616.5,0.0,0.0,0.0,0.5,-10.799999999999955,-81.10000000000002,700.0,0.0,0.0,0.4990000000000004,0.0,0.0,275.0,1
0.849,891.0,724.0,616.0,891.5,724.5,616.5,0.0,0.0,0.0,0.5,-10.799999999999955,-81.10000000000002,700.0,0.0,0.0,0.5000000000000003,0.0,0.0,275.0,1
0.85,891.0,724.0,616.0,891.5,724.5,616.5,0.0,0.0,0.0,0.5,-10.799999999999955,-81.10000000000002,700.0,0.0,0.0,0.5010000000000003,0.0,0.0,275.0,1
0.851,891.0,724.0,616.0,891.5,724.5,616.5,0.0,0.0,0.0,0.5,-10.799999999999955,-81.10000000000002,700.0,0.0,0.0,0.5020000000000003,0.0,0.0,275.0,1
0.852,891.0,724.0,616.0,891.5,724.5,616.5,0.0,0.0,0.0,0.5,-10.799999999999955,-81.10000000000002,700.0,0.0,0.0,0.5030000000000003,0.0,0.0,275.0,1
0.853,891.0,724.0,616.0,891.5,724.5,616.5,0.0,0.0,0.0,0.5,-10.799999999999955,-81.10000000000002,700.0,0.0,0.0,0.5040000000000003,0.0,0.0,275.0,1
0.854,891.0,724.0,616.0,891.5,724.5,616.5,0.0,0.0,0.0,0.5,-10.799999999999955,-81.10000000000002,700.0,0.0,0.0,0.5050000000000003,0.0,0.0,275.0,1
0.855,891.0,724.0,616.0,891.5,724.5,616.5,0.0,0.0,0.0,0.5,-10.799999999999955,-81.10000000000002,700.0,0.0,0.0,0.5060000000000003,0.0,0.0,275.0,1
0.856,891.0,724.0,616.0,891.5,724.5,616.5,0.0,0.0,0.0,0.5,-10.799999999999955,-81.10000000000002,700.0,0.0,0.0,0.5070000000000003,0.0,0.0,275.0,1
0.857,891.0,724.0,616.0,891.5,724.5,616.5,0.0,0.0,0.0,0.5,-10.799999999999955,-81.10000000000002,700.0,0.0,0.0,0.5080000000000003,0.0,0.0,275.0,1
0.858,891.0,724.0,616.0,891.5,724.5,616.5,0.0,0.0,0.0,0.5,-10.799999999999955,-81.10000000000002,700.0,0.0,0.0,0.5090000000000003,0.0,0.0,275.0,1
0.859,891.0,724.0,616.0,891.5,724.5,616.5,0.0,0.0,0.0,0.5,-10.799999999999955,-81.10000000000002,700.0,0.0,0.0,0.5100000000000003,0.0,0.0,275.0,1
0.86,891.0,724.0,616.0,891.5,724.5,616.5,0.0,0.0,0.0,0.5,-10.799999999999955,-81.10000000000002,700.0,0.0,0.0,0.5110000000000003,0.0,0.0,275.0,1
0.861,891.0,724.0,616.0,891.5,724.5,616.5,0.0,0.0,0.0,0.5,-10.799999999999955,-81.10000000000002,700.0,0.0,0.0,0.5120000000000003,0.0,0.0,275.0,1
0.862,891.0,724.0,616.0,891.5,724.5,616.5,0.0,0.0,0.0,0.5,-10.799999999999955,-81.10000000000002,700.0,0.0,0.0,0.5130000000000003,0.0,0.0,275.0,1
0.863,891.0,724.0,616.0,891.5,724.5,616.5,0.0,0.0,0.0,0.5,-10.799999999999955,-81.10000000000002,700.0,0.0,0.0,0.5140000000000003,0.0,0.0,275.0,1
0.864,891.0,724.0,616.0,891.5,724.5,616.5,0.0,0.0,0.0,0.5,-10.799999999999955,-81.10000000000002,700.0,0.0,0.0,0.5150000000000003,0.0,0.0,275.0,1
0.865,891.0,724.0,616.0,891.5,724.5,616.5,0.0,0.0,0.0,0.5,-10.799999999999955,-81.10000000000002,700.0,0.0,0.0,0.5160000000000003,0.0,0.0,275.0,1
0.866,891.0,724.0,616.0,891.5,724.5,616.5,0.0,0.0,0.0,0.5,-10.799999999999955,-81.10000000000002,700.0,0.0,0.0,0.5170000000000003,0.0,0.0,275.0,1
0.867,891.0,724.0,616.0,891.5,724.5,616.5,0.0,0.0,0.0,0.5,-10.799999999999955,-81.10000000000002,700.0,0.0,0.0,0.5180000000000003,0.0,0.0,275.0,1
0.868,891.0,724.0,616.0,891.5,724.5,616.5,0.0,0.0,0.0,0.5,-10.799999999999955,-81.10000000000002,700.0,0.0,0.0,0.5190000000000003,0.0,0.0,275.0,1
0.869,891.0,724.0,616.0,891.5,724.5,616.5,0.0,0.0,0.0,0.5,-10.799999999999955,-81.10000000000002,700.0,0.0,0.0,0.5200000000000004,0.0,0.0,275.0,1
0.87,891.0,724.0,616.0,891.5,724.5,616.5,0.0,0.0,0.0,0.5,-10.799999999999955,-81.10000000000002,700.0,0.0,0.0,0.5210000000000004,0.0,0.0,275.0,1
0.871,891.0,724.0,616.0,891.5,724.5,616.5,0.0,0.0,0.0,0.5,-10.799999999999955,-81.10000000000002,700.0,0.0,0.0,0.5220000000000004,0.0,0.0,275.0,1
0.872,891.0,724.0,616.0,891.5,724.5,616.5,0.0,0.0,0.0,0.5,-10.799999999999955,-81.10000000000002,700.0,0.0,0.0,0.5230000000000004,0.0,0.0,275.0,1
0.873,891.0,724.0,616.0,891.5,724.5,616.5,0.0,0.0,0.0,0.5,-10.799999999999955,-81.10000000000002,700.0,0.0,0.0,0.5240000000000004,0.0,0.0,275.0,1
0.874,891.0,724.0,616.0,891.5,724.5,616.5,0.0,0.0,0.0,0.5,-10.799999999999955,-81.10000000000002,700.0,0.0,0.0,0.5250000000000004,0.0,0.0,275.0,1
0.875,891.0,724.0,616.0,891.5,724.5,616.5,0.0,0.0,0.0,0.5,-10.799999999999955,-81.10000000000002,700.0,0.0,0.0,0.5260000000000004,0.0,0.0,275.0,1
0.876,891.0,724.0,616.0,891.5,724.5,616.5,0.0,0.0,0.0,0.5,-10.799999999999955,-81.10000000000002,700.0,0.0,0.0,0.5270000000000004,0.0,0.0,275.0,1
0.877,891.0,724.0,616.0,891.5,724.5,616.5,0.0,0.0,0.0,0.5,-10.799999999999955,-81.10000000000002,700.0,0.0,0.0,0.5280000000000004,0.0,0.0,275.0,1
0.878,891.0,724.0,616.0,891.5,724.5,616.5,0.0,0.0,0.0,0.5,-10.799999999999955,-81.10000000000002,700.0,0.0,0.0,0.5290000000000004,0.0,0.0,275.0,1
0.879,891.0,724.0,616.0,891.5,724.5,616.5,0.0,0.0,0.0,0.5,-10.799999999999955,-81.10000000000002,700.0,0.0,0.0,0.5300000000000004,0.0,0.0,275.0,1
0.88,891.0,724.0,616.0,891.5,724.5,616.5,0.0,0.0,0.0,0.5,-10.799999999999955,-81.10000000000002,700.0,0.0,0.0,0.5310000000000004,0.0,0.0,275.0,1
0.881,891.0,724.0,616.0,891.5,724.5,616.5,0.0,0.0,0.0,0.5,-10.799999999999955,-81.10000000000002,700.0,0.0,0.0,0.5320000000000004,0.0,0.0,275.0,1
0.882,891.0,724.0,616.0,891.5,724.5,616.5,0.0,0.0,0.0,0.5,-10.799999999999955,-81.10000000000002,700.0,0.0,0.0,0.5330000000000004,0.0,0.0,275.0,1
0.883,891.0,724.0,616.0,891.5,724.5,616.5,0.0,0.0,0.0,0.5,-10.799999999999955,-81.10000000000002,700.0,0.0,0.0,0.5340000000000004,0.0,0.0,275.0,1
0.884,891.0,724.0,616.0,891.5,724.5,616.5,0.0,0.0,0.0,0.5,-10.799999999999955,-81.10000000000002,700.0,0.0,0.0,0.5350000000000004,0.0,0.0,275.0,1
0.885,891.0,724.0,616.0,891.5,724.5,616.5,0.0,0.0,0.0,0.5,-10.799999999999955,-81.10000000000002,700.0,0.0,0.0,0.5360000000000004,0.0,0.0,275.0,1
0.886,891.0,724.0,616.0,891.5,724.5,616.5,0.0,0.0,0.0,0.5,-10.799999999999955,-81.10000000000002,700.0,0.0,0.0,0.5370000000000004,0.0,0.0,275.0,1
0.887,891.0,724.0,616.0,891.5,724.5,616.5,0.0,0.0,0.0,0.5,-10.799999999999955,-81.10000000000002,700.0,0.0,0.0,0.5380000000000004,0.0,0.0,275.0,1
0.888,891.0,724.0,616.0,891.5,724.5,616.5,0.0,0.0,0.0,0.5,-10.799999999999955,-81.10000000000002,700.0,0.0,0.0,0.5390000000000004,0.0,0.0,275.0,1
0.889,891.0,724.0,616.0,891.5,724.5,616.5,0.0,0.0,0.0,0.5,-10.799999999999955,-81.10000000000002,700.0,0.0,0.0,0.5400000000000004,0.0,0.0,275.0,1
0.89,891.0,724.0,616.0,891.5,724.5,616.5,0.0,0.0,0.0,0.5,-10.799999999999955,-81.10000000000002,700.0,0.0,0.0,0.5410000000000004,0.0,0.0,275.0,1
0.891,891.0,724.0,616.0,891.5,724.5,616.5,0.0,0.0,0.0,0.5,-10.799999999999955,-81.10000000000002,700.0,0.0,0.0,0.5420000000000004,0.0,0.0,275.0,1
0.892,891.0,724.0,616.0,891.5,724.5,616.5,0.0,0.0,0.0,0.5,-10.799999999999955,-81.10000000000002,700.0,0.0,0.0,0.5430000000000004,0.0,0.0,275.0,1
0.893,891.0,724.0,616.0,891.5,724.5,616.5,0.0,0.0,0.0,0.5,-10.799999999999955,-81.10000000000002,700.0,0.0,0.0,0.5440000000000004,0.0,0.0,275.0,1
0.894,891.0,724.0,616.0,891.5,724.5,616.5,0.0,0.0,0.0,0.5,-10.799999999999955,-81.10000000000002,700.0,0.0,0.0,0.5450000000000004,0.0,0.0,275.0,1
0.895,891.0,724.0,616.0,891.5,724.5,616.5,0.0,0.0,0.0,0.5,-10.799999999999955,-81.10000000000002,700.0,0.0,0.0,0.5460000000000004,0.0,0.0,275.0,1
0.896,891.0,724.0,616.0,891.5,724.5,616.5,0.0,0.0,0.0,0.5,-10.799999999999955,-81.10000000000002,700.0,0.0,0.0,0.5470000000000004,0.0,0.0,275.0,1
0.897,891.0,724.0,616.0,891.5,724.5,616.5,0.0,0.0,0.0,0.5,-10.799999999999955,-81.10000000000002,700.0,0.0,0.0,0.5480000000000004,0.0,0.0,275.0,1
0.898,891.0,724.0,616.0,891.5,724.5,616.5,0.0,0.0,0.0,0.5,-10.799999999999955,-81.10000000000002,700.0,0.0,0.0,0.5490000000000004,0.0,0.0,275.0,1
0.899,891.0,724.0,616.0,891.5,724.5,616.5,0.0,0.0,0.0,0.5,-10.799999999999955,-81.10000000000002,700.0,0.0,0.0,0.5500000000000004,0.0,0.0,275.0,1
0.9,891.0,724.0,616.0,891.5,724.5,616.5,0.0,0.0,0.0,0.5,-10.799999999999955,-81.10000000000002,700.0,900.0,0.0,0.5510000000000004,0.001,0.0,275.0,1
0.901,891.0,724.0,616.0,891.5,724.5,616.5,0.0,0.0,0.0,0.5,-10.799999999999955,-81.10000000000002,700.0,900.0,0.0,0.5520000000000004,0.002,0.0,275.0,1
0.902,891.0,724.0,616.0,891.5,724.5,616.5,0.0,0.0,0.0,0.5,-10.799999999999955,-81.10000000000002,700.0,900.0,0.0,0.5530000000000004,0.003,0.0,275.0,1
0.903,891.0,724.0,616.0,891.5,724.5,616.5,0.0,0.0,0.0,0.5,-10.799999999999955,-81.10000000000002,700.0,900.0,0.0,0.5540000000000004,0.004,0.0,275.0,1
0.904,891.0,724.0,616.0,891.5,724.5,616.5,0.0,0.0,0.0,0.5,-10.799999999999955,-81.10000000000002,700.0,900.0,0.0,0.5550000000000004,0.005,0.0,275.0,1
0.905,891.0,724.0,616.0,891.5,724.5,616.5,0.0,0.0,0.0,0.5,-10.799999999999955,-81.10000000000002,700.0,900.0,0.0,0.5560000000000004,0.006,0.0,275.0,1
0.906,891.0,724.0,616.0,891.5,724.5,616.5,0.0,0.0,0.0,0.5,-10.799999999999955,-81.10000000000002,700.0,900.0,0.0,0.5570000000000004,0.007,0.0,275.0,1
0.907,891.0,724.0,616.0,891.5,724.5,616.5,0.0,0.0,0.0,0.5,-10.799999999999955,-81.10000000000002,700.0,900.0,0.0,0.5580000000000004,0.008,0.0,275.0,1
0.908,891.0,724.0,616.0,891.5,724.5,616.5,0.0,0.0,0.0,0.5,-10.799999999999955,-81.10000000000002,700.0,900.0,0.0,0.5590000000000004,0.009000000000000001,0.0,275.0,1
0.909,891.0,724.0,616.0,891.5,724.5,616.5,0.0,0.0,0.0,0.5,-10.799999999999955,-81.10000000000002,700.0,900.0,0.0,0.5600000000000004,0.010000000000000002,0.0,275.0,1
0.91,891.0,724.0,616.0,891.5,724.5,616.5,0.0,0.0,0.0,0.5,-10.799999999999955,-81.10000000000002,700.0,900.0,0.0,0.5610000000000004,0.011000000000000003,0.0,275.0,1
0.911,891.0,724.0,616.0,891.5,724.5,616.5,0.0,0.0,0.0,0.5,-10.799999999999955,-81.10000000000002,700.0,900.0,0.0,0.5620000000000004,0.012000000000000004,0.0,275.0,1
0.912,891.0,724.0,616.0,891.5,724.5,616.5,0.0,0.0,0.0,0.5,-10.799999999999955,-81.10000000000002,700.0,900.0,0.0,0.5630000000000004,0.013000000000000005,0.0,275.0,1
0.913,891.0,724.0,616.0,891.5,724.5,616.5,0.0,0.0,0.0,0.5,-10.799999999999955,-81.10000000000002,700.0,900.0,0.0,0.5640000000000004,0.014000000000000005,0.0,275.0,1
0.914,891.0,724.0,616.0,891.5,724.5,616.5,0.0,0.0,0.0,0.5,-10.799999999999955,-81.10000000000002,700.0,900.0,0.0,0.5650000000000004,0.015000000000000006,0.0,275.0,1
0.915,891.0,724.0,616.0,891.5,724.5,616.5,0.0,0.0,0.0,0.5,-10.799999999999955,-81.10000000000002,700.0,900.0,0.0,0.5660000000000004,0.016000000000000007,0.0,275.0,1
0.916,891.0,724.0,616.0,891.5,724.5,616.5,0.0,0.0,0.0,0.5,-10.799999999999955,-81.10000000000002,700.0,900.0,0.0,0.5670000000000004,0.017000000000000008,0.0,275.0,1
0.917,891.0,724.0,616.0,891.5,724.5,616.5,0.0,0.0,0.0,0.5,-10.799999999999955,-81.10000000000002,700.0,900.0,0.0,0.5680000000000004,0.01800000000000001,0.0,275.0,1
0.918,891.0,724.0,616.0,891.5,724.5,616.5,0.0,0.0,0.0,0.5,-10.799999999999955,-81.10000000000002,700.0,900.0,0.0,0.5690000000000004,0.01900000000000001,0.0,275.0,1
0.919,891.0,724.0,616.0,891.5,724.5,616.5,0.0,0.0,0.0,0.5,-10.799999999999955,-81.10000000000002,700.0,900.0,0.0,0.5700000000000004,0.02000000000000001,0.0,275.0,1
0.92,891.0,724.0,616.0,891.5,724.5,616.5,0.0,0.0,0.0,0.5,-10.799999999999955,-81.10000000000002,700.0,900.0,0.0,0.5710000000000004,0.02100000000000001,0.0,275.0,1
0.921,891.0,724.0,616.0,891.5,724.5,616.5,0.0,0.0,0.0,0.5,-10.799999999999955,-81.10000000000002,700.0,900.0,0.0,0.5720000000000004,0.022000000000000013,0.0,275.0,1
0.922,891.0,724.0,616.0,891.5,724.5,616.5,0.0,0.0,0.0,0.5,-10.799999999999955,-81.10000000000002,700.0,900.0,0.0,0.5730000000000004,0.023000000000000013,0.0,275.0,1
0.923,891.0,724.0,616.0,891.5,724.5,616.5,0.0,0.0,0.0,0.5,-10.799999999999955,-81.10000000000002,700.0,900.0,0.0,0.5740000000000004,0.024000000000000014,0.0,275.0,1
0.924,891.0,724.0,616.0,891.5,724.5,616.5,0.0,0.0,0.0,0.5,-10.799999999999955,-81.10000000000002,700.0,900.0,0.0,0.5750000000000004,0.025000000000000015,0.0,275.0,1
0.925,891.0,724.0,616.0,891.5,724.5,616.5,0.0,0.0,0.0,0.5,-10.799999999999955,-81.10000000000002,700.0,900.0,0.0,0.5760000000000004,0.026000000000000016,0.0,275.0,1
0.926,891.0,724.0,616.0,891.5,724.5,616.5,0.0,0.0,0.0,0.5,-10.799999999999955,-81.10000000000002,700.0,900.0,0.0,0.5770000000000004,0.027000000000000017,0.0,275.0,1
0.927,891.0,724.0,616.0,891.5,724.5,616.5,0.0,0.0,0.0,0.5,-10.799999999999955,-81.10000000000002,700.0,900.0,0.0,0.5780000000000004,0.028000000000000018,0.0,275.0,1
0.928,891.0,724.0,616.0,891.5,724.5,616.5,0.0,0.0,0.0,0.5,-10.799999999999955,-81.10000000000002,700.0,900.0,0.0,0.5790000000000004,0.02900000000000002,0.0,275.0,1
0.929,891.0,724.0,616.0,891.5,724.5,616.5,0.0,0.0,0.0,0.5,-10.799999999999955,-81.10000000000002,700.0,900.0,0.0,0.5800000000000004,0.03000000000000002,0.0,275.0,1
0.93,891.0,724.0,616.0,891.5,724.5,616.5,0.0,0.0,0.0,0.5,-10.799999999999955,-81.10000000000002,700.0,900.0,0.0,0.5810000000000004,0.03100000000000002,0.0,275.0,1
0.931,891.0,724.0,616.0,891.5,724.5,616.5,0.0,0.0,0.0,0.5,-10.799999999999955,-81.10000000000002,700.0,900.0,0.0,0.5820000000000004,0.03200000000000002,0.0,275.0,1
0.932,891.0,724.0,616.0,891.5,724.5,616.5,0.0,0.0,0.0,0.5,-10.799999999999955,-81.10000000000002,700.0,900.0,0.0,0.5830000000000004,0.03300000000000002,0.0,275.0,1
0.933,891.0,724.0,616.0,891.5,724.5,616.5,0.0,0.0,0.0,0.5,-10.799999999999955,-81.10000000000002,700.0,900.0,0.0,0.5840000000000004,0.03400000000000002,0.0,275.0,1
0.934,891.0,724.0,616.0,891.5,724.5,616.5,0.0,0.0,0.0,0.5,-10.799999999999955,-81.10000000000002,700.0,900.0,0.0,0.5850000000000004,0.035000000000000024,0.0,275.0,1
0.935,891.0,724.0,616.0,891.5,724.5,616.5,0.0,0.0,0.0,0.5,-10.799999999999955,-81.10000000000002,700.0,900.0,0.0,0.5860000000000004,0.036000000000000025,0.0,275.0,1
0.936,891.0,724.0,616.0,891.5,724.5,616.5,0.0,0.0,0.0,0.5,-10.799999999999955,-81.10000000000002,700.0,900.0,0.0,0.5870000000000004,0.037000000000000026,0.0,275.0,1
0.937,891.0,724.0,616.0,891.5,724.5,616.5,0.0,0.0,0.0,0.5,-10.799999999999955,-81.10000000000002,700.0,900.0,0.0,0.5880000000000004,0.03800000000000003,0.0,275.0,1
0.9380000000000001,891.0,724.0,616.0,891.5,724.5,616.5,0.0,0.0,0.0,0.5,-10.799999999999955,-81.10000000000002,700.0,900.0,0.0,0.5890000000000004,0.03900000000000003,0.0,275.0,1
0.9390000000000001,891.0,724.0,616.0,891.5,724.5,616.5,0.0,0.0,0.0,0.5,-10.799999999999955,-81.10000000000002,700.0,900.0,0.0,0.5900000000000004,0.04000000000000003,0.0,275.0,1
0.9400000000000001,891.0,724.0,616.0,891.5,724.5,616.5,0.0,0.0,0.0,0.5,-10.799999999999955,-81.10000000000002,700.0,900.0,0.0,0.5910000000000004,0.04100000000000003,0.0,275.0,1
0.9410000000000001,891.0,724.0,616.0,891.5,724.5,616.5,0.0,0.0,0.0,0.5,-10.799999999999955,-81.10000000000002,700.0,900.0,0.0,0.5920000000000004,0.04200000000000003,0.0,275.0,1
0.9420000000000001,891.0,724.0,616.0,891.5,724.5,616.5,0.0,0.0,0.0,0.5,-10.799999999999955,-81.10000000000002,700.0,900.0,0.0,0.5930000000000004,0.04300000000000003,0.0,275.0,1
0.9430000000000001,891.0,724.0,616.0,891.5,724.5,616.5,0.0,0.0,0.0,0.5,-10.799999999999955,-81.10000000000002,700.0,900.0,0.0,0.5940000000000004,0.04400000000000003,0.0,275.0,1
0.9440000000000001,891.0,724.0,616.0,891.5,724.5,616.5,0.0,0.0,0.0,0.5,-10.799999999999955,-81.10000000000002,700.0,900.0,0.0,0.5950000000000004,0.04500000000000003,0.0,275.0,1
0.9450000000000001,891.0,724.0,616.0,891.5,724.5,616.5,0.0,0.0,0.0,0.5,-10.799999999999955,-81.10000000000002,700.0,900.0,0.0,0.5960000000000004,0.046000000000000034,0.0,275.0,1
0.9460000000000001,891.0,724.0,616.0,891.5,724.5,616.5,0.0,0.0,0.0,0.5,-10.799999999999955,-81.10000000000002,700.0,900.0,0.0,0.5970000000000004,0.047000000000000035,0.0,275.0,1
0.9470000000000001,891.0,724.0,616.0,891.5,724.5,616.5,0.0,0.0,0.0,0.5,-10.799999999999955,-81.10000000000002,700.0,900.0,0.0,0.5980000000000004,0.048000000000000036,0.0,275.0,1
0.9480000000000001,891.0,724.0,616.0,891.5,724.5,616.5,0.0,0.0,0.0,0.5,-10.799999999999955,-81.10000000000002,700.0,900.0,0.0,0.5990000000000004,0.04900000000000004,0.0,275.0,1
0.9490000000000001,891.0,724.0,616.0,891.5,724.5,616.5,0.0,0.0,0.0,0.5,-10.799999999999955,-81.10000000000002,700.0,900.0,0.0,0.6000000000000004,0.05000000000000004,0.0,275.0,1
0.9500000000000001,891.0,724.0,616.0,891.5,724.5,616.5,0.0,0.0,0.0,0.5,-10.799999999999955,-81.10000000000002,700.0,900.0,0.0,0.6010000000000004,0.05100000000000004,0.0,275.0,1
0.9510000000000001,891.0,724.0,616.0,891.5,724.5,616.5,0.0,0.0,0.0,0.5,-10.799999999999955,-81.10000000000002,700.0,900.0,0.0,0.6020000000000004,0.05200000000000004,0.0,275.0,1
0.9520000000000001,891.0,724.0,616.0,891.5,724.5,616.5,0.0,0.0,0.0,0.5,-10.799999999999955,-81.10000000000002,700.0,900.0,0.0,0.6030000000000004,0.05300000000000004,0.0,275.0,1
0.9530000000000001,891.0,724.0,616.0,891.5,724.5,616.5,0.0,0.0,0.0,0.5,-10.799999999999955,-81.10000000000002,700.0,900.0,0.0,0.6040000000000004,0.05400000000000004,0.0,275.0,1
0.9540000000000001,891.0,724.0,616.0,891.5,724.5,616.5,0.0,0.0,0.0,0.5,-10.799999999999955,-81.10000000000002,700.0,900.0,0.0,0.6050000000000004,0.05500000000000004,0.0,275.0,1
0.9550000000000001,891.0,724.0,616.0,891.5,724.5,616.5,0.0,0.0,0.0,0.5,-10.799999999999955,-81.10000000000002,700.0,900.0,0.0,0.6060000000000004,0.05600000000000004,0.0,275.0,1
0.9560000000000001,891.0,724.0,616.0,891.5,724.5,616.5,0.0,0.0,0.0,0.5,-10.799999999999955,-81.10000000000002,700.0,900.0,0.0,0.6070000000000004,0.057000000000000044,0.0,275.0,1
0.9570000000000001,891.0,724.0,616.0,891.5,724.5,616.5,0.0,0.0,0.0,0.5,-10.799999999999955,-81.10000000000002,700.0,900.0,0.0,0.6080000000000004,0.058000000000000045,0.0,275.0,1
0.9580000000000001,891.0,724.0,616.0,891.5,724.5,616.5,0.0,0.0,0.0,0.5,-10.799999999999955,-81.10000000000002,700.0,900.0,0.0,0.6090000000000004,0.059000000000000045,0.0,275.0,1
0.9590000000000001,891.0,724.0,616.0,891.5,724.5,616.5,0.0,0.0,0.0,0.5,-10.799999999999955,-81.10000000000002,700.0,900.0,0.0,0.6100000000000004,0.060000000000000046,0.0,275.0,1
0.96,891.0,724.0,616.0,891.5,724.5,616.5,0.0,0.0,0.0,0.5,-10.799999999999955,-81.10000000000002,700.0,900.0,0.0,0.6110000000000004,0.06100000000000005,0.0,275.0,1
0.961,891.0,724.0,616.0,891.5,724.5,616.5,0.0,0.0,0.0,0.5,-10.799999999999955,-81.10000000000002,700.0,900.0,0.0,0.6120000000000004,0.06200000000000005,0.0,275.0,1
0.962,891.0,724.0,616.0,891.5,724.5,616.5,0.0,0.0,0.0,0.5,-10.799999999999955,-81.10000000000002,700.0,900.0,0.0,0.6130000000000004,0.06300000000000004,0.0,275.0,1
0.963,891.0,724.0,616.0,891.5,724.5,616.5,0.0,0.0,0.0,0.5,-10.799999999999955,-81.10000000000002,700.0,900.0,0.0,0.6140000000000004,0.06400000000000004,0.0,275.0,1
0.964,891.0,724.0,616.0,891.5,724.5,616.5,0.0,0.0,0.0,0.5,-10.799999999999955,-81.10000000000002,700.0,900.0,0.0,0.6150000000000004,0.06500000000000004,0.0,275.0,1
0.965,891.0,724.0,616.0,891.5,724.5,616.5,0.0,0.0,0.0,0.5,-10.799999999999955,-81.10000000000002,700.0,900.0,0.0,0.6160000000000004,0.06600000000000004,0.0,275.0,1
0.966,891.0,724.0,616.0,891.5,724.5,616.5,0.0,0.0,0.0,0.5,-10.799999999999955,-81.10000000000002,700.0,900.0,0.0,0.6170000000000004,0.06700000000000005,0.0,275.0,1
0.967,891.0,724.0,616.0,891.5,724.5,616.5,0.0,0.0,0.0,0.5,-10.799999999999955,-81.10000000000002,700.0,900.0,0.0,0.6180000000000004,0.06800000000000005,0.0,275.0,1
0.968,891.0,724.0,616.0,891.5,724.5,616.5,0.0,0.0,0.0,0.5,-10.799999999999955,-81.10000000000002,700.0,900.0,0.0,0.6190000000000004,0.06900000000000005,0.0,275.0,1
0.969,891.0,724.0,616.0,891.5,724.5,616.5,0.0,0.0,0.0,0.5,-10.799999999999955,-81.10000000000002,700.0,900.0,0.0,0.6200000000000004,0.07000000000000005,0.0,275.0,1
0.97,891.0,724.0,616.0,891.5,724.5,616.5,0.0,0.0,0.0,0.5,-10.799999999999955,-81.10000000000002,700.0,900.0,0.0,0.6210000000000004,0.07100000000000005,0.0,275.0,1
0.971,891.0,724.0,616.0,891.5,724.5,616.5,0.0,0.0,0.0,0.5,-10.799999999999955,-81.10000000000002,700.0,900.0,0.0,0.6220000000000004,0.07200000000000005,0.0,275.0,1
0.972,891.0,724.0,616.0,891.5,724.5,616.5,0.0,0.0,0.0,0.5,-10.799999999999955,-81.10000000000002,700.0,900.0,0.0,0.6230000000000004,0.07300000000000005,0.0,275.0,1
0.973,891.0,724.0,616.0,891.5,724.5,616.5,0.0,0.0,0.0,0.5,-10.799999999999955,-81.10000000000002,700.0,900.0,0.0,0.6240000000000004,0.07400000000000005,0.0,275.0,1
0.974,891.0,724.0,616.0,891.5,724.5,616.5,0.0,0.0,0.0,0.5,-10.799999999999955,-81.10000000000002,700.0,900.0,0.0,0.6250000000000004,0.07500000000000005,0.0,275.0,1
0.975,891.0,724.0,616.0,891.5,724.5,616.5,0.0,0.0,0.0,0.5,-10.799999999999955,-81.10000000000002,700.0,900.0,0.0,0.6260000000000004,0.07600000000000005,0.0,275.0,1
0.976,891.0,724.0,616.0,891.5,724.5,616.5,0.0,0.0,0.0,0.5,-10.799999999999955,-81.10000000000002,700.0,900.0,0.0,0.6270000000000004,0.07700000000000005,0.0,275.0,1
0.977,891.0,724.0,616.0,891.5,724.5,616.5,0.0,0.0,0.0,0.5,-10.799999999999955,-81.10000000000002,700.0,900.0,0.0,0.6280000000000004,0.07800000000000006,0.0,275.0,1
0.978,891.0,724.0,616.0,891.5,724.5,616.5,0.0,0.0,0.0,0.5,-10.799999999999955,-81.10000000000002,700.0,900.0,0.0,0.6290000000000004,0.07900000000000006,0.0,275.0,1
0.979,891.0,724.0,616.0,891.5,724.5,616.5,0.0,0.0,0.0,0.5,-10.799999999999955,-81.10000000000002,700.0,900.0,0.0,0.6300000000000004,0.08000000000000006,0.0,275.0,1
0.98,891.0,724.0,616.0,891.5,724.5,616.5,0.0,0.0,0.0,0.5,-10.799999999999955,-81.10000000000002,700.0,900.0,0.0,0.6310000000000004,0.08100000000000006,0.0,275.0,1
0.981,891.0,724.0,616.0,891.5,724.5,616.5,0.0,0.0,0.0,0.5,-10.799999999999955,-81.10000000000002,700.0,900.0,0.0,0.6320000000000005,0.08200000000000006,0.0,275.0,1
0.982,891.0,724.0,616.0,891.5,724.5,616.5,0.0,0.0,0.0,0.5,-10.799999999999955,-81.10000000000002,700.0,900.0,0.0,0.6330000000000005,0.08300000000000006,0.0,275.0,1
0.983,891.0,724.0,616.0,891.5,724.5,616.5,0.0,0.0,0.0,0.5,-10.799999999999955,-81.10000000000002,700.0,900.0,0.0,0.6340000000000005,0.08400000000000006,0.0,275.0,1
0.984,891.0,724.0,616.0,891.5,724.5,616.5,0.0,0.0,0.0,0.5,-10.799999999999955,-81.10000000000002,700.0,900.0,0.0,0.6350000000000005,0.08500000000000006,0.0,275.0,1
0.985,891.0,724.0,616.0,891.5,724.5,616.5,0.0,0.0,0.0,0.5,-10.799999999999955,-81.10000000000002,700.0,900.0,0.0,0.6360000000000005,0.08600000000000006,0.0,275.0,1
0.986,891.0,724.0,616.0,891.5,724.5,616.5,0.0,0.0,0.0,0.5,-10.799999999999955,-81.10000000000002,700.0,900.0,0.0,0.6370000000000005,0.08700000000000006,0.0,275.0,1
0.987,891.0,724.0,616.0,891.5,724.5,616.5,0.0,0.0,0.0,0.5,-10.799999999999955,-81.10000000000002,700.0,900.0,0.0,0.6380000000000005,0.08800000000000006,0.0,275.0,1
0.988,891.0,724.0,616.0,891.5,724.5,616.5,0.0,0.0,0.0,0.5,-10.799999999999955,-81.10000000000002,700.0,900.0,0.0,0.6390000000000005,0.08900000000000007,0.0,275.0,1
0.989,891.0,724.0,616.0,891.5,724.5,616.5,0.0,0.0,0.0,0.5,-10.799999999999955,-81.10000000000002,700.0,900.0,0.0,0.6400000000000005,0.09000000000000007,0.0,275.0,1
0.99,891.0,724.0,616.0,891.5,724.5,616.5,0.0,0.0,0.0,0.5,-10.799999999999955,-81.10000000000002,700.0,900.0,0.0,0.6410000000000005,0.09100000000000007,0.0,275.0,1
0.991,891.0,724.0,616.0,891.5,724.5,616.5,0.0,0.0,0.0,0.5,-10.799999999999955,-81.10000000000002,700.0,900.0,0.0,0.6420000000000005,0.09200000000000007,0.0,275.0,1
0.992,891.0,724.0,616.0,891.5,724.5,616.5,0.0,0.0,0.0,0.5,-10.799999999999955,-81.10000000000002,700.0,900.0,0.0,0.6430000000000005,0.09300000000000007,0.0,275.0,1
0.993,891.0,724.0,616.0,891.5,724.5,616.5,0.0,0.0,0.0,0.5,-10.799999999999955,-81.10000000000002,700.0,900.0,0.0,0.6440000000000005,0.09400000000000007,0.0,275.0,1
0.994,891.0,724.0,616.0,891.5,724.5,616.5,0.0,0.0,0.0,0.5,-10.799999999999955,-81.10000000000002,700.0,900.0,0.0,0.6450000000000005,0.09500000000000007,0.0,275.0,1
0.995,891.0,724.0,616.0,891.5,724.5,616.5,0.0,0.0,0.0,0.5,-10.799999999999955,-81.10000000000002,700.0,900.0,0.0,0.6460000000000005,0.09600000000000007,0.0,275.0,1
0.996,891.0,724.0,616.0,891.5,724.5,616.5,0.0,0.0,0.0,0.5,-10.799999999999955,-81.10000000000002,700.0,900.0,0.0,0.6470000000000005,0.09700000000000007,0.0,275.0,1
0.997,891.0,724.0,616.0,891.5,724.5,616.5,0.0,0.0,0.0,0.5,-10.799999999999955,-81.10000000000002,700.0,900.0,0.0,0.6480000000000005,0.09800000000000007,0.0,275.0,1
0.998,891.0,724.0,616.0,891.5,724.5,616.5,0.0,0.0,0.0,0.5,-10.799999999999955,-81.10000000000002,700.0,900.0,0.0,0.6490000000000005,0.09900000000000007,0.0,275.0,1
0.999,891.0,724.0,616.0,891.5,724.5,616.5,0.0,0.0,0.0,0.5,-10.799999999999955,-81.10000000000002,700.0,900.0,0.0,0.6500000000000005,0.10000000000000007,0.0,275.0,1
1.0,891.0,724.0,616.0,891.5,724.5,616.5,0.0,0.0,0.0,0.5,-10.799999999999955,-81.10000000000002,700.0,900.0,0.0,0.6510000000000005,0.10100000000000008,0.0,275.0,1
1.0010000000000001,891.0,724.0,616.0,891.5,724.5,616.5,0.0,0.0,0.0,0.5,-10.799999999999955,-81.10000000000002,700.0,900.0,0.0,0.6520000000000005,0.10200000000000008,0.0,275.0,1
1.002,891.0,724.0,616.0,891.5,724.5,616.5,0.0,0.0,0.0,0.5,-10.799999999999955,-81.10000000000002,700.0,900.0,0.0,0.6530000000000005,0.10300000000000008,0.0,275.0,1
1.0030000000000001,891.0,724.0,616.0,891.5,724.5,616.5,0.0,0.0,0.0,0.5,-10.799999999999955,-81.10000000000002,700.0,900.0,0.0,0.6540000000000005,0.10400000000000008,0.0,275.0,1
1.004,891.0,724.0,616.0,891.5,724.5,616.5,0.0,0.0,0.0,0.5,-10.799999999999955,-81.10000000000002,700.0,900.0,0.0,0.6550000000000005,0.10500000000000008,0.0,275.0,1
1.0050000000000001,891.0,724.0,616.0,891.5,724.5,616.5,0.0,0.0,0.0,0.5,-10.799999999999955,-81.10000000000002,700.0,900.0,0.0,0.6560000000000005,0.10600000000000008,0.0,275.0,1
1.006,891.0,724.0,616.0,891.5,724.5,616.5,0.0,0.0,0.0,0.5,-10.799999999999955,-81.10000000000002,700.0,900.0,0.0,0.6570000000000005,0.10700000000000008,0.0,275.0,1
1.0070000000000001,891.0,724.0,616.0,891.5,724.5,616.5,0.0,0.0,0.0,0.5,-10.799999999999955,-81.10000000000002,700.0,900.0,0.0,0.6580000000000005,0.10800000000000008,0.0,275.0,1
1.008,891.0,724.0,616.0,891.5,724.5,616.5,0.0,0.0,0.0,0.5,-10.799999999999955,-81.10000000000002,700.0,900.0,0.0,0.6590000000000005,0.10900000000000008,0.0,275.0,1
1.0090000000000001,891.0,724.0,616.0,891.5,724.5,616.5,0.0,0.0,0.0,0.5,-10.799999999999955,-81.10000000000002,700.0,900.0,0.0,0.6600000000000005,0.11000000000000008,0.0,275.0,1
1.01,891.0,724.0,616.0,891.5,724.5,616.5,0.0,0.0,0.0,0.5,-10.799999999999955,-81.10000000000002,700.0,900.0,0.0,0.6610000000000005,0.11100000000000008,0.0,275.0,1
1.0110000000000001,891.0,724.0,616.0,891.5,724.5,616.5,0.0,0.0,0.0,0.5,-10.799999999999955,-81.10000000000002,700.0,900.0,0.0,0.6620000000000005,0.11200000000000009,0.0,275.0,1
1.012,891.0,724.0,616.0,891.5,724.5,616.5,0.0,0.0,0.0,0.5,-10.799999999999955,-81.10000000000002,700.0,900.0,0.0,0.6630000000000005,0.11300000000000009,0.0,275.0,1
1.0130000000000001,891.0,724.0,616.0,891.5,724.5,616.5,0.0,0.0,0.0,0.5,-10.799999999999955,-81.10000000000002,700.0,900.0,0.0,0.6640000000000005,0.11400000000000009,0.0,275.0,1
1.014,891.0,724.0,616.0,891.5,724.5,616.5,0.0,0.0,0.0,0.5,-10.799999999999955,-81.10000000000002,700.0,900.0,0.0,0.6650000000000005,0.11500000000000009,0.0,275.0,1
1.0150000000000001,891.0,724.0,616.0,891.5,724.5,616.5,0.0,0.0,0.0,0.5,-10.799999999999955,-81.10000000000002,700.0,900.0,0.0,0.6660000000000005,0.11600000000000009,0.0,275.0,1
1.016,891.0,724.0,616.0,891.5,724.5,616.5,0.0,0.0,0.0,0.5,-10.799999999999955,-81.10000000000002,700.0,900.0,0.0,0.6670000000000005,0.11700000000000009,0.0,275.0,1
1.0170000000000001,891.0,724.0,616.0,891.5,724.5,616.5,0.0,0.0,0.0,0.5,-10.799999999999955,-81.10000000000002,700.0,900.0,0.0,0.6680000000000005,0.11800000000000009,0.0,275.0,1
1.018,891.0,724.0,616.0,891.5,724.5,616.5,0.0,0.0,0.0,0.5,-10.799999999999955,-81.10000000000002,700.0,900.0,0.0,0.6690000000000005,0.11900000000000009,0.0,275.0,1
1.0190000000000001,891.0,724.0,616.0,891.5,724.5,616.5,0.0,0.0,0.0,0.5,-10.799999999999955,-81.10000000000002,700.0,900.0,0.0,0.6700000000000005,0.12000000000000009,0.0,275.0,1
1.02,891.0,724.0,616.0,891.5,724.5,616.5,0.0,0.0,0.0,0.5,-10.799999999999955,-81.10000000000002,700.0,900.0,0.0,0.6710000000000005,0.1210000000000001,0.0,275.0,1
1.0210000000000001,891.0,724.0,616.0,891.5,724.5,616.5,0.0,0.0,0.0,0.5,-10.799999999999955,-81.10000000000002,700.0,900.0,0.0,0.6720000000000005,0.1220000000000001,0.0,275.0,1
1.022,891.0,724.0,616.0,891.5,724.5,616.5,0.0,0.0,0.0,0.5,-10.799999999999955,-81.10000000000002,700.0,900.0,0.0,0.6730000000000005,0.1230000000000001,0.0,275.0,1
1.0230000000000001,891.0,724.0,616.0,891.5,724.5,616.5,0.0,0.0,0.0,0.5,-10.799999999999955,-81.10000000000002,700.0,900.0,0.0,0.6740000000000005,0.1240000000000001,0.0,275.0,1
1.024,891.0,724.0,616.0,891.5,724.5,616.5,0.0,0.0,0.0,0.5,-10.799999999999955,-81.10000000000002,700.0,900.0,0.0,0.6750000000000005,0.12500000000000008,0.0,275.0,1
1.025,891.0,724.0,616.0,891.5,724.5,616.5,0.0,0.0,0.0,0.5,-10.799999999999955,-81.10000000000002,700.0,900.0,0.0,0.6760000000000005,0.12600000000000008,0.0,275.0,1
1.026,891.0,724.0,616.0,891.5,724.5,616.5,0.0,0.0,0.0,0.5,-10.799999999999955,-81.10000000000002,700.0,900.0,0.0,0.6770000000000005,0.12700000000000009,0.0,275.0,1
1.027,891.0,724.0,616.0,891.5,724.5,616.5,0.0,0.0,0.0,0.5,-10.799999999999955,-81.10000000000002,700.0,900.0,0.0,0.6780000000000005,0.12800000000000009,0.0,275.0,1
1.028,891.0,724.0,616.0,891.5,724.5,616.5,0.0,0.0,0.0,0.5,-10.799999999999955,-81.10000000000002,700.0,900.0,0.0,0.6790000000000005,0.1290000000000001,0.0,275.0,1
1.029,891.0,724.0,616.0,891.5,724.5,616.5,0.0,0.0,0.0,0.5,-10.799999999999955,-81.10000000000002,700.0,900.0,0.0,0.6800000000000005,0.1300000000000001,0.0,275.0,1
1.03,891.0,724.0,616.0,891.5,724.5,616.5,0.0,0.0,0.0,0.5,-10.799999999999955,-81.10000000000002,700.0,900.0,0.0,0.6810000000000005,0.1310000000000001,0.0,275.0,1
1.031,891.0,724.0,616.0,891.5,724.5,616.5,0.0,0.0,0.0,0.5,-10.799999999999955,-81.10000000000002,700.0,900.0,0.0,0.6820000000000005,0.1320000000000001,0.0,275.0,1
1.032,891.0,724.0,616.0,891.5,724.5,616.5,0.0,0.0,0.0,0.5,-10.799999999999955,-81.10000000000002,700.0,900.0,0.0,0.6830000000000005,0.1330000000000001,0.0,275.0,1
1.033,891.0,724.0,616.0,891.5,724.5,616.5,0.0,0.0,0.0,0.5,-10.799999999999955,-81.10000000000002,700.0,900.0,0.0,0.6840000000000005,0.1340000000000001,0.0,275.0,1
1.034,891.0,724.0,616.0,891.5,724.5,616.5,0.0,0.0,0.0,0.5,-10.799999999999955,-81.10000000000002,700.0,900.0,0.0,0.6850000000000005,0.1350000000000001,0.0,275.0,1
1.035,891.0,724.0,616.0,891.5,724.5,616.5,0.0,0.0,0.0,0.5,-10.799999999999955,-81.10000000000002,700.0,900.0,0.0,0.6860000000000005,0.1360000000000001,0.0,275.0,1
1.036,891.0,724.0,616.0,891.5,724.5,616.5,0.0,0.0,0.0,0.5,-10.799999999999955,-81.10000000000002,700.0,900.0,0.0,0.6870000000000005,0.1370000000000001,0.0,275.0,1
1.037,891.0,724.0,616.0,891.5,724.5,616.5,0.0,0.0,0.0,0.5,-10.799999999999955,-81.10000000000002,700.0,900.0,0.0,0.6880000000000005,0.1380000000000001,0.0,275.0,1
1.038,891.0,724.0,616.0,891.5,724.5,616.5,0.0,0.0,0.0,0.5,-10.799999999999955,-81.10000000000002,700.0,900.0,0.0,0.6890000000000005,0.1390000000000001,0.0,275.0,1
1.039,891.0,724.0,616.0,891.5,724.5,616.5,0.0,0.0,0.0,0.5,-10.799999999999955,-81.10000000000002,700.0,900.0,0.0,0.6900000000000005,0.1400000000000001,0.0,275.0,1
1.04,891.0,724.0,616.0,891.5,724.5,616.5,0.0,0.0,0.0,0.5,-10.799999999999955,-81.10000000000002,700.0,900.0,0.0,0.6910000000000005,0.1410000000000001,0.0,275.0,1
1.041,891.0,724.0,616.0,891.5,724.5,616.5,0.0,0.0,0.0,0.5,-10.799999999999955,-81.10000000000002,700.0,900.0,0.0,0.6920000000000005,0.1420000000000001,0.0,275.0,1
1.042,891.0,724.0,616.0,891.5,724.5,616.5,0.0,0.0,0.0,0.5,-10.799999999999955,-81.10000000000002,700.0,900.0,0.0,0.6930000000000005,0.1430000000000001,0.0,275.0,1
1.043,891.0,724.0,616.0,891.5,724.5,616.5,0.0,0.0,0.0,0.5,-10.799999999999955,-81.10000000000002,700.0,900.0,0.0,0.6940000000000005,0.1440000000000001,0.0,275.0,1
1.044,891.0,724.0,616.0,891.5,724.5,616.5,0.0,0.0,0.0,0.5,-10.799999999999955,-81.10000000000002,700.0,900.0,0.0,0.6950000000000005,0.1450000000000001,0.0,275.0,1
1.045,891.0,724.0,616.0,891.5,724.5,616.5,0.0,0.0,0.0,0.5,-10.799999999999955,-81.10000000000002,700.0,900.0,0.0,0.6960000000000005,0.1460000000000001,0.0,275.0,1
1.046,891.0,724.0,616.0,891.5,724.5,616.5,0.0,0.0,0.0,0.5,-10.799999999999955,-81.10000000000002,700.0,900.0,0.0,0.6970000000000005,0.1470000000000001,0.0,275.0,1
1.047,891.0,724.0,616.0,891.5,724.5,616.5,0.0,0.0,0.0,0.5,-10.799999999999955,-81.10000000000002,700.0,900.0,0.0,0.6980000000000005,0.1480000000000001,0.0,275.0,1
1.048,891.0,724.0,616.0,891.5,724.5,616.5,0.0,0.0,0.0,0.5,-10.799999999999955,-81.10000000000002,700.0,900.0,0.0,0.6990000000000005,0.1490000000000001,0.0,275.0,1
1.049,891.0,724.0,616.0,891.5,724.5,616.5,0.0,0.0,0.0,0.5,-10.799999999999955,-81.10000000000002,700.0,900.0,0.0,0.7000000000000005,0.1500000000000001,0.0,275.0,1
1.05,891.0,724.0,616.0,891.5,724.5,616.5,0.0,0.0,0.0,0.5,-10.799999999999955,-81.10000000000002,700.0,900.0,0.0,0.7010000000000005,0.1510000000000001,0.0,275.0,1
1.051,891.0,724.0,616.0,891.5,724.5,616.5,0.0,0.0,0.0,0.5,-10.799999999999955,-81.10000000000002,700.0,900.0,0.0,0.7020000000000005,0.1520000000000001,0.0,275.0,1
1.052,891.0,724.0,616.0,891.5,724.5,616.5,0.0,0.0,0.0,0.5,-10.799999999999955,-81.10000000000002,700.0,900.0,0.0,0.7030000000000005,0.1530000000000001,0.0,275.0,1
1.053,891.0,724.0,616.0,891.5,724.5,616.5,0.0,0.0,0.0,0.5,-10.799999999999955,-81.10000000000002,700.0,900.0,0.0,0.7040000000000005,0.1540000000000001,0.0,275.0,1
1.054,891.0,724.0,616.0,891.5,724.5,616.5,0.0,0.0,0.0,0.5,-10.799999999999955,-81.10000000000002,700.0,900.0,0.0,0.7050000000000005,0.1550000000000001,0.0,275.0,1
1.055,891.0,724.0,616.0,891.5,724.5,616.5,0.0,0.0,0.0,0.5,-10.799999999999955,-81.10000000000002,700.0,900.0,0.0,0.7060000000000005,0.1560000000000001,0.0,275.0,1
1.056,891.0,724.0,616.0,891.5,724.5,616.5,0.0,0.0,0.0,0.5,-10.799999999999955,-81.10000000000002,700.0,900.0,0.0,0.7070000000000005,0.1570000000000001,0.0,275.0,1
1.057,891.0,724.0,616.0,891.5,724.5,616.5,0.0,0.0,0.0,0.5,-10.799999999999955,-81.10000000000002,700.0,900.0,0.0,0.7080000000000005,0.1580000000000001,0.0,275.0,1
1.058,891.0,724.0,616.0,891.5,724.5,616.5,0.0,0.0,0.0,0.5,-10.799999999999955,-81.10000000000002,700.0,900.0,0.0,0.7090000000000005,0.1590000000000001,0.0,275.0,1
1.059,891.0,724.0,616.0,891.5,724.5,616.5,0.0,0.0,0.0,0.5,-10.799999999999955,-81.10000000000002,700.0,900.0,0.0,0.7100000000000005,0.16000000000000011,0.0,275.0,1
1.06,891.0,724.0,616.0,891.5,724.5,616.5,0.0,0.0,0.0,0.5,-10.799999999999955,-81.10000000000002,700.0,900.0,0.0,0.7110000000000005,0.16100000000000012,0.0,275.0,1
1.061,891.0,724.0,616.0,891.5,724.5,616.5,0.0,0.0,0.0,0.5,-10.799999999999955,-81.10000000000002,700.0,900.0,0.0,0.7120000000000005,0.16200000000000012,0.0,275.0,1
1.062,891.0,724.0,616.0,891.5,724.5,616.5,0.0,0.0,0.0,0.5,-10.799999999999955,-81.10000000000002,700.0,900.0,0.0,0.7130000000000005,0.16300000000000012,0.0,275.0,1
1.063,891.0,724.0,616.0,891.5,724.5,616.5,0.0,0.0,0.0,0.5,-10.799999999999955,-81.10000000000002,700.0,900.0,0.0,0.7140000000000005,0.16400000000000012,0.0,275.0,1
1.064,891.0,724.0,616.0,891.5,724.5,616.5,0.0,0.0,0.0,0.5,-10.799999999999955,-81.10000000000002,700.0,900.0,0.0,0.7150000000000005,0.16500000000000012,0.0,275.0,1
1.065,891.0,724.0,616.0,891.5,724.5,616.5,0.0,0.0,0.0,0.5,-10.799999999999955,-81.10000000000002,700.0,900.0,0.0,0.7160000000000005,0.16600000000000012,0.0,275.0,1
1.066,891.0,724.0,616.0,891.5,724.5,616.5,0.0,0.0,0.0,0.5,-10.799999999999955,-81.10000000000002,700.0,900.0,0.0,0.7170000000000005,0.16700000000000012,0.0,275.0,1
1.067,891.0,724.0,616.0,891.5,724.5,616.5,0.0,0.0,0.0,0.5,-10.799999999999955,-81.10000000000002,700.0,900.0,0.0,0.7180000000000005,0.16800000000000012,0.0,275.0,1
1.068,891.0,724.0,616.0,891.5,724.5,616.5,0.0,0.0,0.0,0.5,-10.799999999999955,-81.10000000000002,700.0,900.0,0.0,0.7190000000000005,0.16900000000000012,0.0,275.0,1
1.069,891.0,724.0,616.0,891.5,724.5,616.5,0.0,0.0,0.0,0.5,-10.799999999999955,-81.10000000000002,700.0,900.0,0.0,0.7200000000000005,0.17000000000000012,0.0,275.0,1
1.07,891.0,724.0,616.0,891.5,724.5,616.5,0.0,0.0,0.0,0.5,-10.799999999999955,-81.10000000000002,700.0,900.0,0.0,0.7210000000000005,0.17100000000000012,0.0,275.0,1
1.071,891.0,724.0,616.0,891.5,724.5,616.5,0.0,0.0,0.0,0.5,-10.799999999999955,-81.10000000000002,700.0,900.0,0.0,0.7220000000000005,0.17200000000000013,0.0,275.0,1
1.072,891.0,724.0,616.0,891.5,724.5,616.5,0.0,0.0,0.0,0.5,-10.799999999999955,-81.10000000000002,700.0,900.0,0.0,0.7230000000000005,0.17300000000000013,0.0,275.0,1
1.073,891.0,724.0,616.0,891.5,724.5,616.5,0.0,0.0,0.0,0.5,-10.799999999999955,-81.10000000000002,700.0,900.0,0.0,0.7240000000000005,0.17400000000000013,0.0,275.0,1
1.074,891.0,724.0,616.0,891.5,724.5,616.5,0.0,0.0,0.0,0.5,-10.799999999999955,-81.10000000000002,700.0,900.0,0.0,0.7250000000000005,0.17500000000000013,0.0,275.0,1
1.075,891.0,724.0,616.0,891.5,724.5,616.5,0.0,0.0,0.0,0.5,-10.799999999999955,-81.10000000000002,700.0,900.0,0.0,0.7260000000000005,0.17600000000000013,0.0,275.0,1
1.076,891.0,724.0,616.0,891.5,724.5,616.5,0.0,0.0,0.0,0.5,-10.799999999999955,-81.10000000000002,700.0,900.0,0.0,0.7270000000000005,0.17700000000000013,0.0,275.0,1
1.077,891.0,724.0,616.0,891.5,724.5,616.5,0.0,0.0,0.0,0.5,-10.799999999999955,-81.10000000000002,700.0,900.0,0.0,0.7280000000000005,0.17800000000000013,0.0,275.0,1
1.078,891.0,724.0,616.0,891.5,724.5,616.5,0.0,0.0,0.0,0.5,-10.799999999999955,-81.10000000000002,700.0,900.0,0.0,0.7290000000000005,0.17900000000000013,0.0,275.0,1
1.079,891.0,724.0,616.0,891.5,724.5,616.5,0.0,0.0,0.0,0.5,-10.799999999999955,-81.10000000000002,700.0,900.0,0.0,0.7300000000000005,0.18000000000000013,0.0,275.0,1
1.08,891.0,724.0,616.0,891.5,724.5,616.5,0.0,0.0,0.0,0.5,-10.799999999999955,-81.10000000000002,700.0,900.0,0.0,0.7310000000000005,0.18100000000000013,0.0,275.0,1
1.081,891.0,724.0,616.0,891.5,724.5,616.5,0.0,0.0,0.0,0.5,-10.799999999999955,-81.10000000000002,700.0,900.0,0.0,0.7320000000000005,0.18200000000000013,0.0,275.0,1
1.082,891.0,724.0,616.0,891.5,724.5,616.5,0.0,0.0,0.0,0.5,-10.799999999999955,-81.10000000000002,700.0,900.0,0.0,0.7330000000000005,0.18300000000000013,0.0,275.0,1
1.083,891.0,724.0,616.0,891.5,724.5,616.5,0.0,0.0,0.0,0.5,-10.799999999999955,-81.10000000000002,700.0,900.0,0.0,0.7340000000000005,0.18400000000000014,0.0,275.0,1
1.084,891.0,724.0,616.0,891.5,724.5,616.5,0.0,0.0,0.0,0.5,-10.799999999999955,-81.10000000000002,700.0,900.0,0.0,0.7350000000000005,0.18500000000000014,0.0,275.0,1
1.085,891.0,724.0,616.0,891.5,724.5,616.5,0.0,0.0,0.0,0.5,-10.799999999999955,-81.10000000000002,700.0,900.0,0.0,0.7360000000000005,0.18600000000000014,0.0,275.0,1
1.086,891.0,724.0,616.0,891.5,724.5,616.5,0.0,0.0,0.0,0.5,-10.799999999999955,-81.10000000000002,700.0,900.0,0.0,0.7370000000000005,0.18700000000000014,0.0,275.0,1
1.087,891.0,724.0,616.0,891.5,724.5,616.5,0.0,0.0,0.0,0.5,-10.799999999999955,-81.10000000000002,700.0,900.0,0.0,0.7380000000000005,0.18800000000000014,0.0,275.0,1
1.088,891.0,724.0,616.0,891.5,724.5,616.5,0.0,0.0,0.0,0.5,-10.799999999999955,-81.10000000000002,700.0,900.0,0.0,0.7390000000000005,0.18900000000000014,0.0,275.0,1
1.089,891.0,724.0,616.0,891.5,724.5,616.5,0.0,0.0,0.0,0.5,-10.799999999999955,-81.10000000000002,700.0,900.0,0.0,0.7400000000000005,0.19000000000000014,0.0,275.0,1
1.09,891.0,724.0,616.0,891.5,724.5,616.5,0.0,0.0,0.0,0.5,-10.799999999999955,-81.10000000000002,700.0,900.0,0.0,0.7410000000000005,0.19100000000000014,0.0,275.0,1
1.091,891.0,724.0,616.0,891.5,724.5,616.5,0.0,0.0,0.0,0.5,-10.799999999999955,-81.10000000000002,700.0,900.0,0.0,0.7420000000000005,0.19200000000000014,0.0,275.0,1
1.092,891.0,724.0,616.0,891.5,724.5,616.5,0.0,0.0,0.0,0.5,-10.799999999999955,-81.10000000000002,700.0,900.0,0.0,0.7430000000000005,0.19300000000000014,0.0,275.0,1
1.093,891.0,724.0,616.0,891.5,724.5,616.5,0.0,0.0,0.0,0.5,-10.799999999999955,-81.10000000000002,700.0,900.0,0.0,0.7440000000000005,0.19400000000000014,0.0,275.0,1
1.094,891.0,724.0,616.0,891.5,724.5,616.5,0.0,0.0,0.0,0.5,-10.799999999999955,-81.10000000000002,700.0,900.0,0.0,0.7450000000000006,0.19500000000000015,0.0,275.0,1
1.095,891.0,724.0,616.0,891.5,724.5,616.5,0.0,0.0,0.0,0.5,-10.799999999999955,-81.10000000000002,700.0,900.0,0.0,0.7460000000000006,0.19600000000000015,0.0,275.0,1
1.096,891.0,724.0,616.0,891.5,724.5,616.5,0.0,0.0,0.0,0.5,-10.799999999999955,-81.10000000000002,700.0,900.0,0.0,0.7470000000000006,0.19700000000000015,0.0,275.0,1
1.097,891.0,724.0,616.0,891.5,724.5,616.5,0.0,0.0,0.0,0.5,-10.799999999999955,-81.10000000000002,700.0,900.0,0.0,0.7480000000000006,0.19800000000000015,0.0,275.0,1
1.098,891.0,724.0,616.0,891.5,724.5,616.5,0.0,0.0,0.0,0.5,-10.799999999999955,-81.10000000000002,700.0,900.0,0.0,0.7490000000000006,0.19900000000000015,0.0,275.0,1
1.099,891.0,724.0,616.0,891.5,724.5,616.5,0.0,0.0,0.0,0.5,-10.799999999999955,-81.10000000000002,700.0,900.0,0.0,0.7500000000000006,0.20000000000000015,0.0,275.0,1
1.1,891.0,724.0,616.0,891.5,724.5,616.5,0.0,0.0,0.0,0.5,-10.799999999999955,-81.10000000000002,700.0,900.0,0.0,0.7510000000000006,0.20100000000000015,0.0,275.0,1
1.101,891.0,724.0,616.0,891.5,724.5,616.5,0.0,0.0,0.0,0.5,-10.799999999999955,-81.10000000000002,700.0,900.0,0.0,0.7520000000000006,0.20200000000000015,0.0,275.0,1
1.102,891.0,724.0,616.0,891.5,724.5,616.5,0.0,0.0,0.0,0.5,-10.799999999999955,-81.10000000000002,700.0,900.0,0.0,0.7530000000000006,0.20300000000000015,0.0,275.0,1
1.103,891.0,724.0,616.0,891.5,724.5,616.5,0.0,0.0,0.0,0.5,-10.799999999999955,-81.10000000000002,700.0,900.0,0.0,0.7540000000000006,0.20400000000000015,0.0,275.0,1
1.104,891.0,724.0,616.0,891.5,724.5,616.5,0.0,0.0,0.0,0.5,-10.799999999999955,-81.10000000000002,700.0,900.0,0.0,0.7550000000000006,0.20500000000000015,0.0,275.0,1
1.105,891.0,724.0,616.0,891.5,724.5,616.5,0.0,0.0,0.0,0.5,-10.799999999999955,-81.10000000000002,700.0,900.0,0.0,0.7560000000000006,0.20600000000000016,0.0,275.0,1
1.106,891.0,724.0,616.0,891.5,724.5,616.5,0.0,0.0,0.0,0.5,-10.799999999999955,-81.10000000000002,700.0,900.0,0.0,0.7570000000000006,0.20700000000000016,0.0,275.0,1
1.107,891.0,724.0,616.0,891.5,724.5,616.5,0.0,0.0,0.0,0.5,-10.799999999999955,-81.10000000000002,700.0,900.0,0.0,0.7580000000000006,0.20800000000000016,0.0,275.0,1
1.108,891.0,724.0,616.0,891.5,724.5,616.5,0.0,0.0,0.0,0.5,-10.799999999999955,-81.10000000000002,700.0,900.0,0.0,0.7590000000000006,0.20900000000000016,0.0,275.0,1
1.109,891.0,724.0,616.0,891.5,724.5,616.5,0.0,0.0,0.0,0.5,-10.799999999999955,-81.10000000000002,700.0,900.0,0.0,0.7600000000000006,0.21000000000000016,0.0,275.0,1
1.11,891.0,724.0,616.0,891.5,724.5,616.5,0.0,0.0,0.0,0.5,-10.799999999999955,-81.10000000000002,700.0,900.0,0.0,0.7610000000000006,0.21100000000000016,0.0,275.0,1
1.111,891.0,724.0,616.0,891.5,724.5,616.5,0.0,0.0,0.0,0.5,-10.799999999999955,-81.10000000000002,700.0,900.0,0.0,0.7620000000000006,0.21200000000000016,0.0,275.0,1
1.112,891.0,724.0,616.0,891.5,724.5,616.5,0.0,0.0,0.0,0.5,-10.799999999999955,-81.10000000000002,700.0,900.0,0.0,0.7630000000000006,0.21300000000000016,0.0,275.0,1
1.113,891.0,724.0,616.0,891.5,724.5,616.5,0.0,0.0,0.0,0.5,-10.799999999999955,-81.10000000000002,700.0,900.0,0.0,0.7640000000000006,0.21400000000000016,0.0,275.0,1
1.114,891.0,724.0,616.0,891.5,724.5,616.5,0.0,0.0,0.0,0.5,-10.799999999999955,-81.10000000000002,700.0,900.0,0.0,0.7650000000000006,0.21500000000000016,0.0,275.0,1
1.115,891.0,724.0,616.0,891.5,724.5,616.5,0.0,0.0,0.0,0.5,-10.799999999999955,-81.10000000000002,700.0,900.0,0.0,0.7660000000000006,0.21600000000000016,0.0,275.0,1
1.116,891.0,724.0,616.0,891.5,724.5,616.5,0.0,0.0,0.0,0.5,-10.799999999999955,-81.10000000000002,700.0,900.0,0.0,0.7670000000000006,0.21700000000000016,0.0,275.0,1
1.117,891.0,724.0,616.0,891.5,724.5,616.5,0.0,0.0,0.0,0.5,-10.799999999999955,-81.10000000000002,700.0,900.0,0.0,0.7680000000000006,0.21800000000000017,0.0,275.0,1
1.118,891.0,724.0,616.0,891.5,724.5,616.5,0.0,0.0,0.0,0.5,-10.799999999999955,-81.10000000000002,700.0,900.0,0.0,0.7690000000000006,0.21900000000000017,0.0,275.0,1
1.119,891.0,724.0,616.0,891.5,724.5,616.5,0.0,0.0,0.0,0.5,-10.799999999999955,-81.10000000000002,700.0,900.0,0.0,0.7700000000000006,0.22000000000000017,0.0,275.0,1
1.12,891.0,724.0,616.0,891.5,724.5,616.5,0.0,0.0,0.0,0.5,-10.799999999999955,-81.10000000000002,700.0,900.0,0.0,0.7710000000000006,0.22100000000000017,0.0,275.0,1
1.121,891.0,724.0,616.0,891.5,724.5,616.5,0.0,0.0,0.0,0.5,-10.799999999999955,-81.10000000000002,700.0,900.0,0.0,0.7720000000000006,0.22200000000000017,0.0,275.0,1
1.122,891.0,724.0,616.0,891.5,724.5,616.5,0.0,0.0,0.0,0.5,-10.799999999999955,-81.10000000000002,700.0,900.0,0.0,0.7730000000000006,0.22300000000000017,0.0,275.0,1
1.123,891.0,724.0,616.0,891.5,724.5,616.5,0.0,0.0,0.0,0.5,-10.799999999999955,-81.10000000000002,700.0,900.0,0.0,0.7740000000000006,0.22400000000000017,0.0,275.0,1
1.124,891.0,724.0,616.0,891.5,724.5,616.5,0.0,0.0,0.0,0.5,-10.799999999999955,-81.10000000000002,700.0,900.0,0.0,0.7750000000000006,0.22500000000000017,0.0,275.0,1
1.125,891.0,724.0,616.0,891.5,724.5,616.5,0.0,0.0,0.0,0.5,-10.799999999999955,-81.10000000000002,700.0,900.0,0.0,0.7760000000000006,0.22600000000000017,0.0,275.0,1
1.1260000000000001,891.0,724.0,616.0,891.5,724.5,616.5,0.0,0.0,0.0,0.5,-10.799999999999955,-81.10000000000002,700.0,900.0,0.0,0.7770000000000006,0.22700000000000017,0.0,275.0,1
1.127,891.0,724.0,616.0,891.5,724.5,616.5,0.0,0.0,0.0,0.5,-10.799999999999955,-81.10000000000002,700.0,900.0,0.0,0.7780000000000006,0.22800000000000017,0.0,275.0,1
1.1280000000000001,891.0,724.0,616.0,891.5,724.5,616.5,0.0,0.0,0.0,0.5,-10.799999999999955,-81.10000000000002,700.0,900.0,0.0,0.7790000000000006,0.22900000000000018,0.0,275.0,1
1.129,891.0,724.0,616.0,891.5,724.5,616.5,0.0,0.0,0.0,0.5,-10.799999999999955,-81.10000000000002,700.0,900.0,0.0,0.7800000000000006,0.23000000000000018,0.0,275.0,1
1.1300000000000001,891.0,724.0,616.0,891.5,724.5,616.5,0.0,0.0,0.0,0.5,-10.799999999999955,-81.10000000000002,700.0,900.0,0.0,0.7810000000000006,0.23100000000000018,0.0,275.0,1
1.131,891.0,724.0,616.0,891.5,724.5,616.5,0.0,0.0,0.0,0.5,-10.799999999999955,-81.10000000000002,700.0,900.0,0.0,0.7820000000000006,0.23200000000000018,0.0,275.0,1
1.1320000000000001,891.0,724.0,616.0,891.5,724.5,616.5,0.0,0.0,0.0,0.5,-10.799999999999955,-81.10000000000002,700.0,900.0,0.0,0.7830000000000006,0.23300000000000018,0.0,275.0,1
1.133,891.0,724.0,616.0,891.5,724.5,616.5,0.0,0.0,0.0,0.5,-10.799999999999955,-81.10000000000002,700.0,900.0,0.0,0.7840000000000006,0.23400000000000018,0.0,275.0,1
1.1340000000000001,891.0,724.0,616.0,891.5,724.5,616.5,0.0,0.0,0.0,0.5,-10.799999999999955,-81.10000000000002,700.0,900.0,0.0,0.7850000000000006,0.23500000000000018,0.0,275.0,1
1.135,891.0,724.0,616.0,891.5,724.5,616.5,0.0,0.0,0.0,0.5,-10.799999999999955,-81.10000000000002,700.0,900.0,0.0,0.7860000000000006,0.23600000000000018,0.0,275.0,1
1.1360000000000001,891.0,724.0,616.0,891.5,724.5,616.5,0.0,0.0,0.0,0.5,-10.799999999999955,-81.10000000000002,700.0,900.0,0.0,0.7870000000000006,0.23700000000000018,0.0,275.0,1
1.137,891.0,724.0,616.0,891.5,724.5,616.5,0.0,0.0,0.0,0.5,-10.799999999999955,-81.10000000000002,700.0,900.0,0.0,0.7880000000000006,0.23800000000000018,0.0,275.0,1
1.1380000000000001,891.0,724.0,616.0,891.5,724.5,616.5,0.0,0.0,0.0,0.5,-10.799999999999955,-81.10000000000002,700.0,900.0,0.0,0.7890000000000006,0.23900000000000018,0.0,275.0,1
1.139,891.0,724.0,616.0,891.5,724.5,616.5,0.0,0.0,0.0,0.5,-10.799999999999955,-81.10000000000002,700.0,900.0,0.0,0.7900000000000006,0.24000000000000019,0.0,275.0,1
1.1400000000000001,891.0,724.0,616.0,891.5,724.5,616.5,0.0,0.0,0.0,0.5,-10.799999999999955,-81.10000000000002,700.0,900.0,0.0,0.7910000000000006,0.2410000000000002,0.0,275.0,1
1.141,891.0,724.0,616.0,891.5,724.5,616.5,0.0,0.0,0.0,0.5,-10.799999999999955,-81.10000000000002,700.0,900.0,0.0,0.7920000000000006,0.2420000000000002,0.0,275.0,1
1.1420000000000001,891.0,724.0,616.0,891.5,724.5,616.5,0.0,0.0,0.0,0.5,-10.799999999999955,-81.10000000000002,700.0,900.0,0.0,0.7930000000000006,0.2430000000000002,0.0,275.0,1
1.143,891.0,724.0,616.0,891.5,724.5,616.5,0.0,0.0,0.0,0.5,-10.799999999999955,-81.10000000000002,700.0,900.0,0.0,0.7940000000000006,0.2440000000000002,0.0,275.0,1
1.1440000000000001,891.0,724.0,616.0,891.5,724.5,616.5,0.0,0.0,0.0,0.5,-10.799999999999955,-81.10000000000002,700.0,900.0,0.0,0.7950000000000006,0.2450000000000002,0.0,275.0,1
1.145,891.0,724.0,616.0,891.5,724.5,616.5,0.0,0.0,0.0,0.5,-10.799999999999955,-81.10000000000002,700.0,900.0,0.0,0.7960000000000006,0.2460000000000002,0.0,275.0,1
1.1460000000000001,891.0,724.0,616.0,891.5,724.5,616.5,0.0,0.0,0.0,0.5,-10.799999999999955,-81.10000000000002,700.0,900.0,0.0,0.7970000000000006,0.2470000000000002,0.0,275.0,1
1.147,891.0,724.0,616.0,891.5,724.5,616.5,0.0,0.0,0.0,0.5,-10.799999999999955,-81.10000000000002,700.0,900.0,0.0,0.7980000000000006,0.2480000000000002,0.0,275.0,1
1.1480000000000001,891.0,724.0,616.0,891.5,724.5,616.5,0.0,0.0,0.0,0.5,-10.799999999999955,-81.10000000000002,700.0,900.0,0.0,0.7990000000000006,0.2490000000000002,0.0,275.0,1
1.149,891.0,724.0,616.0,891.5,724.5,616.5,0.0,0.0,0.0,0.5,-10.799999999999955,-81.10000000000002,700.0,900.0,0.0,0.8000000000000006,0.25000000000000017,0.0,275.0,1
1.1500000000000001,891.0,724.0,616.0,891.5,724.5,616.5,0.0,0.0,0.0,0.5,-10.799999999999955,-81.10000000000002,700.0,900.0,0.0,0.8010000000000006,0.25100000000000017,0.0,275.0,1
1.151,891.0,724.0,616.0,891.5,724.5,616.5,0.0,0.0,0.0,0.5,-10.799999999999955,-81.10000000000002,700.0,900.0,0.0,0.8020000000000006,0.25200000000000017,0.0,275.0,1
1.1520000000000001,891.0,724.0,616.0,891.5,724.5,616.5,0.0,0.0,0.0,0.5,-10.799999999999955,-81.10000000000002,700.0,900.0,0.0,0.8030000000000006,0.25300000000000017,0.0,275.0,1
1.153,891.0,724.0,616.0,891.5,724.5,616.5,0.0,0.0,0.0,0.5,-10.799999999999955,-81.10000000000002,700.0,900.0,0.0,0.8040000000000006,0.25400000000000017,0.0,275.0,1
1.154,891.0,724.0,616.0,891.5,724.5,616.5,0.0,0.0,0.0,0.5,-10.799999999999955,-81.10000000000002,700.0,900.0,0.0,0.8050000000000006,0.25500000000000017,0.0,275.0,1
1.155,891.0,724.0,616.0,891.5,724.5,616.5,0.0,0.0,0.0,0.5,-10.799999999999955,-81.10000000000002,700.0,900.0,0.0,0.8060000000000006,0.25600000000000017,0.0,275.0,1
1.156,891.0,724.0,616.0,891.5,724.5,616.5,0.0,0.0,0.0,0.5,-10.799999999999955,-81.10000000000002,700.0,900.0,0.0,0.8070000000000006,0.2570000000000002,0.0,275.0,1
1.157,891.0,724.0,616.0,891.5,724.5,616.5,0.0,0.0,0.0,0.5,-10.799999999999955,-81.10000000000002,700.0,900.0,0.0,0.8080000000000006,0.2580000000000002,0.0,275.0,1
1.158,891.0,724.0,616.0,891.5,724.5,616.5,0.0,0.0,0.0,0.5,-10.799999999999955,-81.10000000000002,700.0,900.0,0.0,0.8090000000000006,0.2590000000000002,0.0,275.0,1
1.159,891.0,724.0,616.0,891.5,724.5,616.5,0.0,0.0,0.0,0.5,-10.799999999999955,-81.10000000000002,700.0,900.0,0.0,0.8100000000000006,0.2600000000000002,0.0,275.0,1
1.16,891.0,724.0,616.0,891.5,724.5,616.5,0.0,0.0,0.0,0.5,-10.799999999999955,-81.10000000000002,700.0,900.0,0.0,0.8110000000000006,0.2610000000000002,0.0,275.0,1
1.161,891.0,724.0,616.0,891.5,724.5,616.5,0.0,0.0,0.0,0.5,-10.799999999999955,-81.10000000000002,700.0,900.0,0.0,0.8120000000000006,0.2620000000000002,0.0,275.0,1
1.162,891.0,724.0,616.0,891.5,724.5,616.5,0.0,0.0,0.0,0.5,-10.799999999999955,-81.10000000000002,700.0,900.0,0.0,0.8130000000000006,0.2630000000000002,0.0,275.0,1
1.163,891.0,724.0,616.0,891.5,724.5,616.5,0.0,0.0,0.0,0.5,-10.799999999999955,-81.10000000000002,700.0,900.0,0.0,0.8140000000000006,0.2640000000000002,0.0,275.0,1
1.164,891.0,724.0,616.0,891.5,724.5,616.5,0.0,0.0,0.0,0.5,-10.799999999999955,-81.10000000000002,700.0,900.0,0.0,0.8150000000000006,0.2650000000000002,0.0,275.0,1
1.165,891.0,724.0,616.0,891.5,724.5,616.5,0.0,0.0,0.0,0.5,-10.799999999999955,-81.10000000000002,700.0,900.0,0.0,0.8160000000000006,0.2660000000000002,0.0,275.0,1
1.166,891.0,724.0,616.0,891.5,724.5,616.5,0.0,0.0,0.0,0.5,-10.799999999999955,-81.10000000000002,700.0,900.0,0.0,0.8170000000000006,0.2670000000000002,0.0,275.0,1
1.167,891.0,724.0,616.0,891.5,724.5,616.5,0.0,0.0,0.0,0.5,-10.799999999999955,-81.10000000000002,700.0,900.0,0.0,0.8180000000000006,0.2680000000000002,0.0,275.0,1
1.168,891.0,724.0,616.0,891.5,724.5,616.5,0.0,0.0,0.0,0.5,-10.799999999999955,-81.10000000000002,700.0,900.0,0.0,0.8190000000000006,0.2690000000000002,0.0,275.0,1
1.169,891.0,724.0,616.0,891.5,724.5,616.5,0.0,0.0,0.0,0.5,-10.799999999999955,-81.10000000000002,700.0,900.0,0.0,0.8200000000000006,0.2700000000000002,0.0,275.0,1
1.17,891.0,724.0,616.0,891.5,724.5,616.5,0.0,0.0,0.0,0.5,-10.799999999999955,-81.10000000000002,700.0,900.0,0.0,0.8210000000000006,0.2710000000000002,0.0,275.0,1
1.171,891.0,724.0,616.0,891.5,724.5,616.5,0.0,0.0,0.0,0.5,-10.799999999999955,-81.10000000000002,700.0,900.0,0.0,0.8220000000000006,0.2720000000000002,0.0,275.0,1
1.172,891.0,724.0,616.0,891.5,724.5,616.5,0.0,0.0,0.0,0.5,-10.799999999999955,-81.10000000000002,700.0,900.0,0.0,0.8230000000000006,0.2730000000000002,0.0,275.0,1
1.173,891.0,724.0,616.0,891.5,724.5,616.5,0.0,0.0,0.0,0.5,-10.799999999999955,-81.10000000000002,700.0,900.0,0.0,0.8240000000000006,0.2740000000000002,0.0,275.0,1
1.174,891.0,724.0,616.0,891.5,724.5,616.5,0.0,0.0,0.0,0.5,-10.799999999999955,-81.10000000000002,700.0,900.0,0.0,0.8250000000000006,0.2750000000000002,0.0,275.0,1
1.175,891.0,724.0,616.0,891.5,724.5,616.5,0.0,0.0,0.0,0.5,-10.799999999999955,-81.10000000000002,700.0,900.0,0.0,0.8260000000000006,0.2760000000000002,0.0,275.0,1
1.176,891.0,724.0,616.0,891.5,724.5,616.5,0.0,0.0,0.0,0.5,-10.799999999999955,-81.10000000000002,700.0,900.0,0.0,0.8270000000000006,0.2770000000000002,0.0,275.0,1
1.177,891.0,724.0,616.0,891.5,724.5,616.5,0.0,0.0,0.0,0.5,-10.799999999999955,-81.10000000000002,700.0,900.0,0.0,0.8280000000000006,0.2780000000000002,0.0,275.0,1
1.178,891.0,724.0,616.0,891.5,724.5,616.5,0.0,0.0,0.0,0.5,-10.799999999999955,-81.10000000000002,700.0,900.0,0.0,0.8290000000000006,0.2790000000000002,0.0,275.0,1
1.179,891.0,724.0,616.0,891.5,724.5,616.5,0.0,0.0,0.0,0.5,-10.799999999999955,-81.10000000000002,700.0,900.0,0.0,0.8300000000000006,0.2800000000000002,0.0,275.0,1
1.18,891.0,724.0,616.0,891.5,724.5,616.5,0.0,0.0,0.0,0.5,-10.799999999999955,-81.10000000000002,700.0,900.0,0.0,0.8310000000000006,0.2810000000000002,0.0,275.0,1
1.181,891.0,724.0,616.0,891.5,724.5,616.5,0.0,0.0,0.0,0.5,-10.799999999999955,-81.10000000000002,700.0,900.0,0.0,0.8320000000000006,0.2820000000000002,0.0,275.0,1
1.182,891.0,724.0,616.0,891.5,724.5,616.5,0.0,0.0,0.0,0.5,-10.799999999999955,-81.10000000000002,700.0,900.0,0.0,0.8330000000000006,0.2830000000000002,0.0,275.0,1
1.183,891.0,724.0,616.0,891.5,724.5,616.5,0.0,0.0,0.0,0.5,-10.799999999999955,-81.10000000000002,700.0,900.0,0.0,0.8340000000000006,0.2840000000000002,0.0,275.0,1
1.184,891.0,724.0,616.0,891.5,724.5,616.5,0.0,0.0,0.0,0.5,-10.799999999999955,-81.10000000000002,700.0,900.0,0.0,0.8350000000000006,0.2850000000000002,0.0,275.0,1
1.185,891.0,724.0,616.0,891.5,724.5,616.5,0.0,0.0,0.0,0.5,-10.799999999999955,-81.10000000000002,700.0,900.0,0.0,0.8360000000000006,0.2860000000000002,0.0,275.0,1
1.186,891.0,724.0,616.0,891.5,724.5,616.5,0.0,0.0,0.0,0.5,-10.799999999999955,-81.10000000000002,700.0,900.0,0.0,0.8370000000000006,0.2870000000000002,0.0,275.0,1
1.187,891.0,724.0,616.0,891.5,724.5,616.5,0.0,0.0,0.0,0.5,-10.799999999999955,-81.10000000000002,700.0,900.0,0.0,0.8380000000000006,0.2880000000000002,0.0,275.0,1
1.188,891.0,724.0,616.0,891.5,724.5,616.5,0.0,0.0,0.0,0.5,-10.799999999999955,-81.10000000000002,700.0,900.0,0.0,0.8390000000000006,0.2890000000000002,0.0,275.0,1
1.189,891.0,724.0,616.0,891.5,724.5,616.5,0.0,0.0,0.0,0.5,-10.799999999999955,-81.10000000000002,700.0,900.0,0.0,0.8400000000000006,0.2900000000000002,0.0,275.0,1
1.19,891.0,724.0,616.0,891.5,724.5,616.5,0.0,0.0,0.0,0.5,-10.799999999999955,-81.10000000000002,700.0,900.0,0.0,0.8410000000000006,0.2910000000000002,0.0,275.0,1
1.191,891.0,724.0,616.0,891.5,724.5,616.5,0.0,0.0,0.0,0.5,-10.799999999999955,-81.10000000000002,700.0,900.0,0.0,0.8420000000000006,0.2920000000000002,0.0,275.0,1
1.192,891.0,724.0,616.0,891.5,724.5,616.5,0.0,0.0,0.0,0.5,-10.799999999999955,-81.10000000000002,700.0,900.0,0.0,0.8430000000000006,0.2930000000000002,0.0,275.0,1
1.193,891.0,724.0,616.0,891.5,724.5,616.5,0.0,0.0,0.0,0.5,-10.799999999999955,-81.10000000000002,700.0,900.0,0.0,0.8440000000000006,0.2940000000000002,0.0,275.0,1
1.194,891.0,724.0,616.0,891.5,724.5,616.5,0.0,0.0,0.0,0.5,-10.799999999999955,-81.10000000000002,700.0,900.0,0.0,0.8450000000000006,0.2950000000000002,0.0,275.0,1
1.195,891.0,724.0,616.0,891.5,724.5,616.5,0.0,0.0,0.0,0.5,-10.799999999999955,-81.10000000000002,700.0,900.0,0.0,0.8460000000000006,0.2960000000000002,0.0,275.0,1
1.196,891.0,724.0,616.0,891.5,724.5,616.5,0.0,0.0,0.0,0.5,-10.799999999999955,-81.10000000000002,700.0,900.0,0.0,0.8470000000000006,0.2970000000000002,0.0,275.0,1
1.197,891.0,724.0,616.0,891.5,724.5,616.5,0.0,0.0,0.0,0.5,-10.799999999999955,-81.10000000000002,700.0,900.0,0.0,0.8480000000000006,0.2980000000000002,0.0,275.0,1
1.198,891.0,724.0,616.0,891.5,724.5,616.5,0.0,0.0,0.0,0.5,-10.799999999999955,-81.10000000000002,700.0,900.0,0.0,0.8490000000000006,0.2990000000000002,0.0,275.0,1
1.199,891.0,724.0,616.0,891.5,724.5,616.5,0.0,0.0,0.0,0.5,-10.799999999999955,-81.10000000000002,700.0,900.0,0.0,0.8500000000000006,0.3000000000000002,0.0,275.0,1
1.2,891.0,724.0,616.0,891.5,724.5,616.5,0.0,0.0,0.0,0.5,-10.799999999999955,-81.10000000000002,700.0,900.0,0.0,0.8510000000000006,0.3010000000000002,0.0,275.0,1
1.201,891.0,724.0,616.0,891.5,724.5,616.5,0.0,0.0,0.0,0.5,-10.799999999999955,-81.10000000000002,700.0,900.0,0.0,0.8520000000000006,0.3020000000000002,0.0,275.0,1
1.202,891.0,724.0,616.0,891.5,724.5,616.5,0.0,0.0,0.0,0.5,-10.799999999999955,-81.10000000000002,700.0,900.0,0.0,0.8530000000000006,0.3030000000000002,0.0,275.0,1
1.203,891.0,724.0,616.0,891.5,724.5,616.5,0.0,0.0,0.0,0.5,-10.799999999999955,-81.10000000000002,700.0,900.0,0.0,0.8540000000000006,0.3040000000000002,0.0,275.0,1
1.204,891.0,724.0,616.0,891.5,724.5,616.5,0.0,0.0,0.0,0.5,-10.799999999999955,-81.10000000000002,700.0,900.0,0.0,0.8550000000000006,0.3050000000000002,0.0,275.0,1
1.205,891.0,724.0,616.0,891.5,724.5,616.5,0.0,0.0,0.0,0.5,-10.799999999999955,-81.10000000000002,700.0,900.0,0.0,0.8560000000000006,0.3060000000000002,0.0,275.0,1
1.206,891.0,724.0,616.0,891.5,724.5,616.5,0.0,0.0,0.0,0.5,-10.799999999999955,-81.10000000000002,700.0,900.0,0.0,0.8570000000000007,0.3070000000000002,0.0,275.0,1
1.207,891.0,724.0,616.0,891.5,724.5,616.5,0.0,0.0,0.0,0.5,-10.799999999999955,-81.10000000000002,700.0,900.0,0.0,0.8580000000000007,0.3080000000000002,0.0,275.0,1
1.208,891.0,724.0,616.0,891.5,724.5,616.5,0.0,0.0,0.0,0.5,-10.799999999999955,-81.10000000000002,700.0,900.0,0.0,0.8590000000000007,0.3090000000000002,0.0,275.0,1
1.209,891.0,724.0,616.0,891.5,724.5,616.5,0.0,0.0,0.0,0.5,-10.799999999999955,-81.10000000000002,700.0,900.0,0.0,0.8600000000000007,0.3100000000000002,0.0,275.0,1
1.21,891.0,724.0,616.0,891.5,724.5,616.5,0.0,0.0,0.0,0.5,-10.799999999999955,-81.10000000000002,700.0,900.0,0.0,0.8610000000000007,0.3110000000000002,0.0,275.0,1
1.211,891.0,724.0,616.0,891.5,724.5,616.5,0.0,0.0,0.0,0.5,-10.799999999999955,-81.10000000000002,700.0,900.0,0.0,0.8620000000000007,0.3120000000000002,0.0,275.0,1
1.212,891.0,724.0,616.0,891.5,724.5,616.5,0.0,0.0,0.0,0.5,-10.799999999999955,-81.10000000000002,700.0,900.0,0.0,0.8630000000000007,0.3130000000000002,0.0,275.0,1
1.213,891.0,724.0,616.0,891.5,724.5,616.5,0.0,0.0,0.0,0.5,-10.799999999999955,-81.10000000000002,700.0,900.0,0.0,0.8640000000000007,0.3140000000000002,0.0,275.0,1
1.214,891.0,724.0,616.0,891.5,724.5,616.5,0.0,0.0,0.0,0.5,-10.799999999999955,-81.10000000000002,700.0,900.0,0.0,0.8650000000000007,0.3150000000000002,0.0,275.0,1
1.215,891.0,724.0,616.0,891.5,724.5,616.5,0.0,0.0,0.0,0.5,-10.799999999999955,-81.10000000000002,700.0,900.0,0.0,0.8660000000000007,0.3160000000000002,0.0,275.0,1
1.216,891.0,724.0,616.0,891.5,724.5,616.5,0.0,0.0,0.0,0.5,-10.799999999999955,-81.10000000000002,700.0,900.0,0.0,0.8670000000000007,0.3170000000000002,0.0,275.0,1
1.217,891.0,724.0,616.0,891.5,724.5,616.5,0.0,0.0,0.0,0.5,-10.799999999999955,-81.10000000000002,700.0,900.0,0.0,0.8680000000000007,0.3180000000000002,0.0,275.0,1
1.218,891.0,724.0,616.0,891.5,724.5,616.5,0.0,0.0,0.0,0.5,-10.799999999999955,-81.10000000000002,700.0,900.0,0.0,0.8690000000000007,0.31900000000000023,0.0,275.0,1
1.219,891.0,724.0,616.0,891.5,724.5,616.5,0.0,0.0,0.0,0.5,-10.799999999999955,-81.10000000000002,700.0,900.0,0.0,0.8700000000000007,0.32000000000000023,0.0,275.0,1
1.22,891.0,724.0,616.0,891.5,724.5,616.5,0.0,0.0,0.0,0.5,-10.799999999999955,-81.10000000000002,700.0,900.0,0.0,0.8710000000000007,0.32100000000000023,0.0,275.0,1
1.221,891.0,724.0,616.0,891.5,724.5,616.5,0.0,0.0,0.0,0.5,-10.799999999999955,-81.10000000000002,700.0,900.0,0.0,0.8720000000000007,0.32200000000000023,0.0,275.0,1
1.222,891.0,724.0,616.0,891.5,724.5,616.5,0.0,0.0,0.0,0.5,-10.799999999999955,-81.10000000000002,700.0,900.0,0.0,0.8730000000000007,0.32300000000000023,0.0,275.0,1
1.223,891.0,724.0,616.0,891.5,724.5,616.5,0.0,0.0,0.0,0.5,-10.799999999999955,-81.10000000000002,700.0,900.0,0.0,0.8740000000000007,0.32400000000000023,0.0,275.0,1
1.224,891.0,724.0,616.0,891.5,724.5,616.5,0.0,0.0,0.0,0.5,-10.799999999999955,-81.10000000000002,700.0,900.0,0.0,0.8750000000000007,0.32500000000000023,0.0,275.0,1
1.225,891.0,724.0,616.0,891.5,724.5,616.5,0.0,0.0,0.0,0.5,-10.799999999999955,-81.10000000000002,700.0,900.0,0.0,0.8760000000000007,0.32600000000000023,0.0,275.0,1
1.226,891.0,724.0,616.0,891.5,724.5,616.5,0.0,0.0,0.0,0.5,-10.799999999999955,-81.10000000000002,700.0,900.0,0.0,0.8770000000000007,0.32700000000000023,0.0,275.0,1
1.227,891.0,724.0,616.0,891.5,724.5,616.5,0.0,0.0,0.0,0.5,-10.799999999999955,-81.10000000000002,700.0,900.0,0.0,0.8780000000000007,0.32800000000000024,0.0,275.0,1
1.228,891.0,724.0,616.0,891.5,724.5,616.5,0.0,0.0,0.0,0.5,-10.799999999999955,-81.10000000000002,700.0,900.0,0.0,0.8790000000000007,0.32900000000000024,0.0,275.0,1
1.229,891.0,724.0,616.0,891.5,724.5,616.5,0.0,0.0,0.0,0.5,-10.799999999999955,-81.10000000000002,700.0,900.0,0.0,0.8800000000000007,0.33000000000000024,0.0,275.0,1
1.23,891.0,724.0,616.0,891.5,724.5,616.5,0.0,0.0,0.0,0.5,-10.799999999999955,-81.10000000000002,700.0,900.0,0.0,0.8810000000000007,0.33100000000000024,0.0,275.0,1
1.231,891.0,724.0,616.0,891.5,724.5,616.5,0.0,0.0,0.0,0.5,-10.799999999999955,-81.10000000000002,700.0,900.0,0.0,0.8820000000000007,0.33200000000000024,0.0,275.0,1
1.232,891.0,724.0,616.0,891.5,724.5,616.5,0.0,0.0,0.0,0.5,-10.799999999999955,-81.10000000000002,700.0,900.0,0.0,0.8830000000000007,0.33300000000000024,0.0,275.0,1
1.233,891.0,724.0,616.0,891.5,724.5,616.5,0.0,0.0,0.0,0.5,-10.799999999999955,-81.10000000000002,700.0,900.0,0.0,0.8840000000000007,0.33400000000000024,0.0,275.0,1
1.234,891.0,724.0,616.0,891.5,724.5,616.5,0.0,0.0,0.0,0.5,-10.799999999999955,-81.10000000000002,700.0,900.0,0.0,0.8850000000000007,0.33500000000000024,0.0,275.0,1
1.235,891.0,724.0,616.0,891.5,724.5,616.5,0.0,0.0,0.0,0.5,-10.799999999999955,-81.10000000000002,700.0,900.0,0.0,0.8860000000000007,0.33600000000000024,0.0,275.0,1
1.236,891.0,724.0,616.0,891.5,724.5,616.5,0.0,0.0,0.0,0.5,-10.799999999999955,-81.10000000000002,700.0,900.0,0.0,0.8870000000000007,0.33700000000000024,0.0,275.0,1
1.237,891.0,724.0,616.0,891.5,724.5,616.5,0.0,0.0,0.0,0.5,-10.799999999999955,-81.10000000000002,700.0,900.0,0.0,0.8880000000000007,0.33800000000000024,0.0,275.0,1
1.238,891.0,724.0,616.0,891.5,724.5,616.5,0.0,0.0,0.0,0.5,-10.799999999999955,-81.10000000000002,700.0,900.0,0.0,0.8890000000000007,0.33900000000000025,0.0,275.0,1
1.239,891.0,724.0,616.0,891.5,724.5,616.5,0.0,0.0,0.0,0.5,-10.799999999999955,-81.10000000000002,700.0,900.0,0.0,0.8900000000000007,0.34000000000000025,0.0,275.0,1
1.24,891.0,724.0,616.0,891.5,724.5,616.5,0.0,0.0,0.0,0.5,-10.799999999999955,-81.10000000000002,700.0,900.0,0.0,0.8910000000000007,0.34100000000000025,0.0,275.0,1
1.241,891.0,724.0,616.0,891.5,724.5,616.5,0.0,0.0,0.0,0.5,-10.799999999999955,-81.10000000000002,700.0,900.0,0.0,0.8920000000000007,0.34200000000000025,0.0,275.0,1
1.242,891.0,724.0,616.0,891.5,724.5,616.5,0.0,0.0,0.0,0.5,-10.799999999999955,-81.10000000000002,700.0,900.0,0.0,0.8930000000000007,0.34300000000000025,0.0,275.0,1
1.243,891.0,724.0,616.0,891.5,724.5,616.5,0.0,0.0,0.0,0.5,-10.799999999999955,-81.10000000000002,700.0,900.0,0.0,0.8940000000000007,0.34400000000000025,0.0,275.0,1
1.244,891.0,724.0,616.0,891.5,724.5,616.5,0.0,0.0,0.0,0.5,-10.799999999999955,-81.10000000000002,700.0,900.0,0.0,0.8950000000000007,0.34500000000000025,0.0,275.0,1
1.245,891.0,724.0,616.0,891.5,724.5,616.5,0.0,0.0,0.0,0.5,-10.799999999999955,-81.10000000000002,700.0,900.0,0.0,0.8960000000000007,0.34600000000000025,0.0,275.0,1
1.246,891.0,724.0,616.0,891.5,724.5,616.5,0.0,0.0,0.0,0.5,-10.799999999999955,-81.10000000000002,700.0,900.0,0.0,0.8970000000000007,0.34700000000000025,0.0,275.0,1
1.247,891.0,724.0,616.0,891.5,724.5,616.5,0.0,0.0,0.0,0.5,-10.799999999999955,-81.10000000000002,700.0,900.0,0.0,0.8980000000000007,0.34800000000000025,0.0,275.0,1
1.248,891.0,724.0,616.0,891.5,724.5,616.5,0.0,0.0,0.0,0.5,-10.799999999999955,-81.10000000000002,700.0,900.0,0.0,0.8990000000000007,0.34900000000000025,0.0,275.0,1
1.249,891.0,724.0,616.0,891.5,724.5,616.5,0.0,0.0,0.0,0.5,-10.799999999999955,-81.10000000000002,700.0,900.0,0.0,0.9000000000000007,0.35000000000000026,0.0,275.0,1
1.25,891.0,724.0,616.0,891.5,724.5,616.5,0.0,0.0,0.0,0.5,-10.799999999999955,-81.10000000000002,700.0,900.0,0.0,0.9010000000000007,0.35100000000000026,0.0,275.0,1
1.2510000000000001,891.0,724.0,616.0,891.5,724.5,616.5,0.0,0.0,0.0,0.5,-10.799999999999955,-81.10000000000002,700.0,900.0,0.0,0.9020000000000007,0.35200000000000026,0.0,275.0,1
1.252,891.0,724.0,616.0,891.5,724.5,616.5,0.0,0.0,0.0,0.5,-10.799999999999955,-81.10000000000002,700.0,900.0,0.0,0.9030000000000007,0.35300000000000026,0.0,275.0,1
1.2530000000000001,891.0,724.0,616.0,891.5,724.5,616.5,0.0,0.0,0.0,0.5,-10.799999999999955,-81.10000000000002,700.0,900.0,0.0,0.9040000000000007,0.35400000000000026,0.0,275.0,1
1.254,891.0,724.0,616.0,891.5,724.5,616.5,0.0,0.0,0.0,0.5,-10.799999999999955,-81.10000000000002,700.0,900.0,0.0,0.9050000000000007,0.35500000000000026,0.0,275.0,1
1.2550000000000001,891.0,724.0,616.0,891.5,724.5,616.5,0.0,0.0,0.0,0.5,-10.799999999999955,-81.10000000000002,700.0,900.0,0.0,0.9060000000000007,0.35600000000000026,0.0,275.0,1
1.256,891.0,724.0,616.0,891.5,724.5,616.5,0.0,0.0,0.0,0.5,-10.799999999999955,-81.10000000000002,700.0,900.0,0.0,0.9070000000000007,0.35700000000000026,0.0,275.0,1
1.2570000000000001,891.0,724.0,616.0,891.5,724.5,616.5,0.0,0.0,0.0,0.5,-10.799999999999955,-81.10000000000002,700.0,900.0,0.0,0.9080000000000007,0.35800000000000026,0.0,275.0,1
1.258,891.0,724.0,616.0,891.5,724.5,616.5,0.0,0.0,0.0,0.5,-10.799999999999955,-81.10000000000002,700.0,900.0,0.0,0.9090000000000007,0.35900000000000026,0.0,275.0,1
1.2590000000000001,891.0,724.0,616.0,891.5,724.5,616.5,0.0,0.0,0.0,0.5,-10.799999999999955,-81.10000000000002,700.0,900.0,0.0,0.9100000000000007,0.36000000000000026,0.0,275.0,1
1.26,891.0,724.0,616.0,891.5,724.5,616.5,0.0,0.0,0.0,0.5,-10.799999999999955,-81.10000000000002,700.0,900.0,0.0,0.9110000000000007,0.36100000000000027,0.0,275.0,1
1.2610000000000001,891.0,724.0,616.0,891.5,724.5,616.5,0.0,0.0,0.0,0.5,-10.799999999999955,-81.10000000000002,700.0,900.0,0.0,0.9120000000000007,0.36200000000000027,0.0,275.0,1
1.262,891.0,724.0,616.0,891.5,724.5,616.5,0.0,0.0,0.0,0.5,-10.799999999999955,-81.10000000000002,700.0,900.0,0.0,0.9130000000000007,0.36300000000000027,0.0,275.0,1
1.2630000000000001,891.0,724.0,616.0,891.5,724.5,616.5,0.0,0.0,0.0,0.5,-10.799999999999955,-81.10000000000002,700.0,900.0,0.0,0.9140000000000007,0.36400000000000027,0.0,275.0,1
1.264,891.0,724.0,616.0,891.5,724.5,616.5,0.0,0.0,0.0,0.5,-10.799999999999955,-81.10000000000002,700.0,900.0,0.0,0.9150000000000007,0.36500000000000027,0.0,275.0,1
1.2650000000000001,891.0,724.0,616.0,891.5,724.5,616.5,0.0,0.0,0.0,0.5,-10.799999999999955,-81.10000000000002,700.0,900.0,0.0,0.9160000000000007,0.36600000000000027,0.0,275.0,1
1.266,891.0,724.0,616.0,891.5,724.5,616.5,0.0,0.0,0.0,0.5,-10.799999999999955,-81.10000000000002,700.0,900.0,0.0,0.9170000000000007,0.36700000000000027,0.0,275.0,1
1.2670000000000001,891.0,724.0,616.0,891.5,724.5,616.5,0.0,0.0,0.0,0.5,-10.799999999999955,-81.10000000000002,700.0,900.0,0.0,0.9180000000000007,0.36800000000000027,0.0,275.0,1
1.268,891.0,724.0,616.0,891.5,724.5,616.5,0.0,0.0,0.0,0.5,-10.799999999999955,-81.10000000000002,700.0,900.0,0.0,0.9190000000000007,0.36900000000000027,0.0,275.0,1
1.2690000000000001,891.0,724.0,616.0,891.5,724.5,616.5,0.0,0.0,0.0,0.5,-10.799999999999955,-81.10000000000002,700.0,900.0,0.0,0.9200000000000007,0.3700000000000003,0.0,275.0,1
1.27,891.0,724.0,616.0,891.5,724.5,616.5,0.0,0.0,0.0,0.5,-10.799999999999955,-81.10000000000002,700.0,900.0,0.0,0.9210000000000007,0.3710000000000003,0.0,275.0,1
1.2710000000000001,891.0,724.0,616.0,891.5,724.5,616.5,0.0,0.0,0.0,0.5,-10.799999999999955,-81.10000000000002,700.0,900.0,0.0,0.9220000000000007,0.3720000000000003,0.0,275.0,1
1.272,891.0,724.0,616.0,891.5,724.5,616.5,0.0,0.0,0.0,0.5,-10.799999999999955,-81.10000000000002,700.0,900.0,0.0,0.9230000000000007,0.3730000000000003,0.0,275.0,1
1.2730000000000001,891.0,724.0,616.0,891.5,724.5,616.5,0.0,0.0,0.0,0.5,-10.799999999999955,-81.10000000000002,700.0,900.0,0.0,0.9240000000000007,0.3740000000000003,0.0,275.0,1
1.274,891.0,724.0,616.0,891.5,724.5,616.5,0.0,0.0,0.0,0.5,-10.799999999999955,-81.10000000000002,700.0,900.0,0.0,0.9250000000000007,0.3750000000000003,0.0,275.0,1
1.2750000000000001,891.0,724.0,616.0,891.5,724.5,616.5,0.0,0.0,0.0,0.5,-10.799999999999955,-81.10000000000002,700.0,900.0,0.0,0.9260000000000007,0.3760000000000003,0.0,275.0,1
1.276,891.0,724.0,616.0,891.5,724.5,616.5,0.0,0.0,0.0,0.5,-10.799999999999955,-81.10000000000002,700.0,900.0,0.0,0.9270000000000007,0.3770000000000003,0.0,275.0,1
1.2770000000000001,891.0,724.0,616.0,891.5,724.5,616.5,0.0,0.0,0.0,0.5,-10.799999999999955,-81.10000000000002,700.0,900.0,0.0,0.9280000000000007,0.3780000000000003,0.0,275.0,1
1.278,891.0,724.0,616.0,891.5,724.5,616.5,0.0,0.0,0.0,0.5,-10.799999999999955,-81.10000000000002,700.0,900.0,0.0,0.9290000000000007,0.3790000000000003,0.0,275.0,1
1.2790000000000001,891.0,724.0,616.0,891.5,724.5,616.5,0.0,0.0,0.0,0.5,-10.799999999999955,-81.10000000000002,700.0,900.0,0.0,0.9300000000000007,0.3800000000000003,0.0,275.0,1
1.28,891.0,724.0,616.0,891.5,724.5,616.5,0.0,0.0,0.0,0.5,-10.799999999999955,-81.10000000000002,700.0,900.0,0.0,0.9310000000000007,0.3810000000000003,0.0,275.0,1
1.281,891.0,724.0,616.0,891.5,724.5,616.5,0.0,0.0,0.0,0.5,-10.799999999999955,-81.10000000000002,700.0,900.0,0.0,0.9320000000000007,0.3820000000000003,0.0,275.0,1
1.282,891.0,724.0,616.0,891.5,724.5,616.5,0.0,0.0,0.0,0.5,-10.799999999999955,-81.10000000000002,700.0,900.0,0.0,0.9330000000000007,0.3830000000000003,0.0,275.0,1
1.283,891.0,724.0,616.0,891.5,724.5,616.5,0.0,0.0,0.0,0.5,-10.799999999999955,-81.10000000000002,700.0,900.0,0.0,0.9340000000000007,0.3840000000000003,0.0,275.0,1
1.284,891.0,724.0,616.0,891.5,724.5,616.5,0.0,0.0,0.0,0.5,-10.799999999999955,-81.10000000000002,700.0,900.0,0.0,0.9350000000000007,0.3850000000000003,0.0,275.0,1
1.285,891.0,724.0,616.0,891.5,724.5,616.5,0.0,0.0,0.0,0.5,-10.799999999999955,-81.10000000000002,700.0,900.0,0.0,0.9360000000000007,0.3860000000000003,0.0,275.0,1
1.286,891.0,724.0,616.0,891.5,724.5,616.5,0.0,0.0,0.0,0.5,-10.799999999999955,-81.10000000000002,700.0,900.0,0.0,0.9370000000000007,0.3870000000000003,0.0,275.0,1
1.287,891.0,724.0,616.0,891.5,724.5,616.5,0.0,0.0,0.0,0.5,-10.799999999999955,-81.10000000000002,700.0,900.0,0.0,0.9380000000000007,0.3880000000000003,0.0,275.0,1
1.288,891.0,724.0,616.0,891.5,724.5,616.5,0.0,0.0,0.0,0.5,-10.799999999999955,-81.10000000000002,700.0,900.0,0.0,0.9390000000000007,0.3890000000000003,0.0,275.0,1
1.289,891.0,724.0,616.0,891.5,724.5,616.5,0.0,0.0,0.0,0.5,-10.799999999999955,-81.10000000000002,700.0,900.0,0.0,0.9400000000000007,0.3900000000000003,0.0,275.0,1
1.29,891.0,724.0,616.0,891.5,724.5,616.5,0.0,0.0,0.0,0.5,-10.799999999999955,-81.10000000000002,700.0,900.0,0.0,0.9410000000000007,0.3910000000000003,0.0,275.0,1
1.291,891.0,724.0,616.0,891.5,724.5,616.5,0.0,0.0,0.0,0.5,-10.799999999999955,-81.10000000000002,700.0,900.0,0.0,0.9420000000000007,0.3920000000000003,0.0,275.0,1
1.292,891.0,724.0,616.0,891.5,724.5,616.5,0.0,0.0,0.0,0.5,-10.799999999999955,-81.10000000000002,700.0,900.0,0.0,0.9430000000000007,0.3930000000000003,0.0,275.0,1
1.293,891.0,724.0,616.0,891.5,724.5,616.5,0.0,0.0,0.0,0.5,-10.799999999999955,-81.10000000000002,700.0,900.0,0.0,0.9440000000000007,0.3940000000000003,0.0,275.0,1
1.294,891.0,724.0,616.0,891.5,724.5,616.5,0.0,0.0,0.0,0.5,-10.799999999999955,-81.10000000000002,700.0,900.0,0.0,0.9450000000000007,0.3950000000000003,0.0,275.0,1
1.295,891.0,724.0,616.0,891.5,724.5,616.5,0.0,0.0,0.0,0.5,-10.799999999999955,-81.10000000000002,700.0,900.0,0.0,0.9460000000000007,0.3960000000000003,0.0,275.0,1
1.296,891.0,724.0,616.0,891.5,724.5,616.5,0.0,0.0,0.0,0.5,-10.799999999999955,-81.10000000000002,700.0,900.0,0.0,0.9470000000000007,0.3970000000000003,0.0,275.0,1
1.297,891.0,724.0,616.0,891.5,724.5,616.5,0.0,0.0,0.0,0.5,-10.799999999999955,-81.10000000000002,700.0,900.0,0.0,0.9480000000000007,0.3980000000000003,0.0,275.0,1
1.298,891.0,724.0,616.0,891.5,724.5,616.5,0.0,0.0,0.0,0.5,-10.799999999999955,-81.10000000000002,700.0,900.0,0.0,0.9490000000000007,0.3990000000000003,0.0,275.0,1
1.299,891.0,724.0,616.0,891.5,724.5,616.5,0.0,0.0,0.0,0.5,-10.799999999999955,-81.10000000000002,700.0,900.0,0.0,0.9500000000000007,0.4000000000000003,0.0,275.0,1
1.3,891.0,724.0,616.0,891.5,724.5,616.5,0.0,0.0,0.0,0.5,-10.799999999999955,-81.10000000000002,700.0,900.0,0.0,0.9510000000000007,0.4010000000000003,0.0,275.0,1
1.301,891.0,724.0,616.0,891.5,724.5,616.5,0.0,0.0,0.0,0.5,-10.799999999999955,-81.10000000000002,700.0,900.0,0.0,0.9520000000000007,0.4020000000000003,0.0,275.0,1
1.302,891.0,724.0,616.0,891.5,724.5,616.5,0.0,0.0,0.0,0.5,-10.799999999999955,-81.10000000000002,700.0,900.0,0.0,0.9530000000000007,0.4030000000000003,0.0,275.0,1
1.303,891.0,724.0,616.0,891.5,724.5,616.5,0.0,0.0,0.0,0.5,-10.799999999999955,-81.10000000000002,700.0,900.0,0.0,0.9540000000000007,0.4040000000000003,0.0,275.0,1
1.304,891.0,724.0,616.0,891.5,724.5,616.5,0.0,0.0,0.0,0.5,-10.799999999999955,-81.10000000000002,700.0,900.0,0.0,0.9550000000000007,0.4050000000000003,0.0,275.0,1
1.305,891.0,724.0,616.0,891.5,724.5,616.5,0.0,0.0,0.0,0.5,-10.799999999999955,-81.10000000000002,700.0,900.0,0.0,0.9560000000000007,0.4060000000000003,0.0,275.0,1
1.306,891.0,724.0,616.0,891.5,724.5,616.5,0.0,0.0,0.0,0.5,-10.799999999999955,-81.10000000000002,700.0,900.0,0.0,0.9570000000000007,0.4070000000000003,0.0,275.0,1
1.307,891.0,724.0,616.0,891.5,724.5,616.5,0.0,0.0,0.0,0.5,-10.799999999999955,-81.10000000000002,700.0,900.0,0.0,0.9580000000000007,0.4080000000000003,0.0,275.0,1
1.308,891.0,724.0,616.0,891.5,724.5,616.5,0.0,0.0,0.0,0.5,-10.799999999999955,-81.10000000000002,700.0,900.0,0.0,0.9590000000000007,0.4090000000000003,0.0,275.0,1
1.309,891.0,724.0,616.0,891.5,724.5,616.5,0.0,0.0,0.0,0.5,-10.799999999999955,-81.10000000000002,700.0,900.0,0.0,0.9600000000000007,0.4100000000000003,0.0,275.0,1
1.31,891.0,724.0,616.0,891.5,724.5,616.5,0.0,0.0,0.0,0.5,-10.799999999999955,-81.10000000000002,700.0,900.0,0.0,0.9610000000000007,0.4110000000000003,0.0,275.0,1
1.311,891.0,724.0,616.0,891.5,724.5,616.5,0.0,0.0,0.0,0.5,-10.799999999999955,-81.10000000000002,700.0,900.0,0.0,0.9620000000000007,0.4120000000000003,0.0,275.0,1
1.312,891.0,724.0,616.0,891.5,724.5,616.5,0.0,0.0,0.0,0.5,-10.799999999999955,-81.10000000000002,700.0,900.0,0.0,0.9630000000000007,0.4130000000000003,0.0,275.0,1
1.313,891.0,724.0,616.0,891.5,724.5,616.5,0.0,0.0,0.0,0.5,-10.799999999999955,-81.10000000000002,700.0,900.0,0.0,0.9640000000000007,0.4140000000000003,0.0,275.0,1
1.314,891.0,724.0,616.0,891.5,724.5,616.5,0.0,0.0,0.0,0.5,-10.799999999999955,-81.10000000000002,700.0,900.0,0.0,0.9650000000000007,0.4150000000000003,0.0,275.0,1
1.315,891.0,724.0,616.0,891.5,724.5,616.5,0.0,0.0,0.0,0.5,-10.799999999999955,-81.10000000000002,700.0,900.0,0.0,0.9660000000000007,0.4160000000000003,0.0,275.0,1
1.316,891.0,724.0,616.0,891.5,724.5,616.5,0.0,0.0,0.0,0.5,-10.799999999999955,-81.10000000000002,700.0,900.0,0.0,0.9670000000000007,0.4170000000000003,0.0,275.0,1
1.317,891.0,724.0,616.0,891.5,724.5,616.5,0.0,0.0,0.0,0.5,-10.799999999999955,-81.10000000000002,700.0,900.0,0.0,0.9680000000000007,0.4180000000000003,0.0,275.0,1
1.318,891.0,724.0,616.0,891.5,724.5,616.5,0.0,0.0,0.0,0.5,-10.799999999999955,-81.10000000000002,700.0,900.0,0.0,0.9690000000000007,0.4190000000000003,0.0,275.0,1
1.319,891.0,724.0,616.0,891.5,724.5,616.5,0.0,0.0,0.0,0.5,-10.799999999999955,-81.10000000000002,700.0,900.0,0.0,0.9700000000000008,0.4200000000000003,0.0,275.0,1
1.32,891.0,724.0,616.0,891.5,724.5,616.5,0.0,0.0,0.0,0.5,-10.799999999999955,-81.10000000000002,700.0,900.0,0.0,0.9710000000000008,0.4210000000000003,0.0,275.0,1
1.321,891.0,724.0,616.0,891.5,724.5,616.5,0.0,0.0,0.0,0.5,-10.799999999999955,-81.10000000000002,700.0,900.0,0.0,0.9720000000000008,0.4220000000000003,0.0,275.0,1
1.322,891.0,724.0,616.0,891.5,724.5,616.5,0.0,0.0,0.0,0.5,-10.799999999999955,-81.10000000000002,700.0,900.0,0.0,0.9730000000000008,0.4230000000000003,0.0,275.0,1
1.323,891.0,724.0,616.0,891.5,724.5,616.5,0.0,0.0,0.0,0.5,-10.799999999999955,-81.10000000000002,700.0,900.0,0.0,0.9740000000000008,0.4240000000000003,0.0,275.0,1
1.324,891.0,724.0,616.0,891.5,724.5,616.5,0.0,0.0,0.0,0.5,-10.799999999999955,-81.10000000000002,700.0,900.0,0.0,0.9750000000000008,0.4250000000000003,0.0,275.0,1
1.325,891.0,724.0,616.0,891.5,724.5,616.5,0.0,0.0,0.0,0.5,-10.799999999999955,-81.10000000000002,700.0,900.0,0.0,0.9760000000000008,0.4260000000000003,0.0,275.0,1
1.326,891.0,724.0,616.0,891.5,724.5,616.5,0.0,0.0,0.0,0.5,-10.799999999999955,-81.10000000000002,700.0,900.0,0.0,0.9770000000000008,0.4270000000000003,0.0,275.0,1
1.327,891.0,724.0,616.0,891.5,724.5,616.5,0.0,0.0,0.0,0.5,-10.799999999999955,-81.10000000000002,700.0,900.0,0.0,0.9780000000000008,0.4280000000000003,0.0,275.0,1
1.328,891.0,724.0,616.0,891.5,724.5,616.5,0.0,0.0,0.0,0.5,-10.799999999999955,-81.10000000000002,700.0,900.0,0.0,0.9790000000000008,0.4290000000000003,0.0,275.0,1
1.329,891.0,724.0,616.0,891.5,724.5,616.5,0.0,0.0,0.0,0.5,-10.799999999999955,-81.10000000000002,700.0,900.0,0.0,0.9800000000000008,0.4300000000000003,0.0,275.0,1
1.33,891.0,724.0,616.0,891.5,724.5,616.5,0.0,0.0,0.0,0.5,-10.799999999999955,-81.10000000000002,700.0,900.0,0.0,0.9810000000000008,0.4310000000000003,0.0,275.0,1
1.331,891.0,724.0,616.0,891.5,724.5,616.5,0.0,0.0,0.0,0.5,-10.799999999999955,-81.10000000000002,700.0,900.0,0.0,0.9820000000000008,0.43200000000000033,0.0,275.0,1
1.332,891.0,724.0,616.0,891.5,724.5,616.5,0.0,0.0,0.0,0.5,-10.799999999999955,-81.10000000000002,700.0,900.0,0.0,0.9830000000000008,0.43300000000000033,0.0,275.0,1
1.333,891.0,724.0,616.0,891.5,724.5,616.5,0.0,0.0,0.0,0.5,-10.799999999999955,-81.10000000000002,700.0,900.0,0.0,0.9840000000000008,0.43400000000000033,0.0,275.0,1
1.334,891.0,724.0,616.0,891.5,724.5,616.5,0.0,0.0,0.0,0.5,-10.799999999999955,-81.10000000000002,700.0,900.0,0.0,0.9850000000000008,0.43500000000000033,0.0,275.0,1
1.335,891.0,724.0,616.0,891.5,724.5,616.5,0.0,0.0,0.0,0.5,-10.799999999999955,-81.10000000000002,700.0,900.0,0.0,0.9860000000000008,0.43600000000000033,0.0,275.0,1
1.336,891.0,724.0,616.0,891.5,724.5,616.5,0.0,0.0,0.0,0.5,-10.799999999999955,-81.10000000000002,700.0,900.0,0.0,0.9870000000000008,0.43700000000000033,0.0,275.0,1
1.337,891.0,724.0,616.0,891.5,724.5,616.5,0.0,0.0,0.0,0.5,-10.799999999999955,-81.10000000000002,700.0,900.0,0.0,0.9880000000000008,0.43800000000000033,0.0,275.0,1
1.338,891.0,724.0,616.0,891.5,724.5,616.5,0.0,0.0,0.0,0.5,-10.799999999999955,-81.10000000000002,700.0,900.0,0.0,0.9890000000000008,0.43900000000000033,0.0,275.0,1
1.339,891.0,724.0,616.0,891.5,724.5,616.5,0.0,0.0,0.0,0.5,-10.799999999999955,-81.10000000000002,700.0,900.0,0.0,0.9900000000000008,0.44000000000000034,0.0,275.0,1
1.34,891.0,724.0,616.0,891.5,724.5,616.5,0.0,0.0,0.0,0.5,-10.799999999999955,-81.10000000000002,700.0,900.0,0.0,0.9910000000000008,0.44100000000000034,0.0,275.0,1
1.341,891.0,724.0,616.0,891.5,724.5,616.5,0.0,0.0,0.0,0.5,-10.799999999999955,-81.10000000000002,700.0,900.0,0.0,0.9920000000000008,0.44200000000000034,0.0,275.0,1
1.342,891.0,724.0,616.0,891.5,724.5,616.5,0.0,0.0,0.0,0.5,-10.799999999999955,-81.10000000000002,700.0,900.0,0.0,0.9930000000000008,0.44300000000000034,0.0,275.0,1
1.343,891.0,724.0,616.0,891.5,724.5,616.5,0.0,0.0,0.0,0.5,-10.799999999999955,-81.10000000000002,700.0,900.0,0.0,0.9940000000000008,0.44400000000000034,0.0,275.0,1
1.344,891.0,724.0,616.0,891.5,724.5,616.5,0.0,0.0,0.0,0.5,-10.799999999999955,-81.10000000000002,700.0,900.0,0.0,0.9950000000000008,0.44500000000000034,0.0,275.0,1
1.345,891.0,724.0,616.0,891.5,724.5,616.5,0.0,0.0,0.0,0.5,-10.799999999999955,-81.10000000000002,700.0,900.0,0.0,0.9960000000000008,0.44600000000000034,0.0,275.0,1
1.346,891.0,724.0,616.0,891.5,724.5,616.5,0.0,0.0,0.0,0.5,-10.799999999999955,-81.10000000000002,700.0,900.0,0.0,0.9970000000000008,0.44700000000000034,0.0,275.0,1
1.347,891.0,724.0,616.0,891.5,724.5,616.5,0.0,0.0,0.0,0.5,-10.799999999999955,-81.10000000000002,700.0,900.0,0.0,0.9980000000000008,0.44800000000000034,0.0,275.0,1
1.348,891.0,724.0,616.0,891.5,724.5,616.5,0.0,0.0,0.0,0.5,-10.799999999999955,-81.10000000000002,700.0,900.0,0.0,0.9990000000000008,0.44900000000000034,0.0,275.0,1
1.349,891.0,724.0,616.0,891.5,724.5,616.5,0.0,0.0,0.0,0.5,-10.799999999999955,-81.10000000000002,700.0,900.0,0.0,1.0000000000000007,0.45000000000000034,0.0,275.0,1
1.35,891.0,724.0,616.0,891.5,724.5,616.5,0.0,0.0,0.0,0.5,-10.799999999999955,-81.10000000000002,700.0,900.0,0.0,1.0010000000000006,0.45100000000000035,0.0,275.0,1
1.351,891.0,724.0,616.0,891.5,724.5,616.5,0.0,0.0,0.0,0.5,-10.799999999999955,-81.10000000000002,700.0,900.0,0.0,1.0020000000000004,0.45200000000000035,0.0,275.0,1
1.352,891.0,724.0,616.0,891.5,724.5,616.5,0.0,0.0,0.0,0.5,-10.799999999999955,-81.10000000000002,700.0,900.0,0.0,1.0030000000000003,0.45300000000000035,0.0,275.0,1
1.353,891.0,724.0,616.0,891.5,724.5,616.5,0.0,0.0,0.0,0.5,-10.799999999999955,-81.10000000000002,700.0,900.0,0.0,1.0040000000000002,0.45400000000000035,0.0,275.0,1
1.354,891.0,724.0,616.0,891.5,724.5,616.5,0.0,0.0,0.0,0.5,-10.799999999999955,-81.10000000000002,700.0,900.0,0.0,1.0050000000000001,0.45500000000000035,0.0,275.0,1
1.355,891.0,724.0,616.0,891.5,724.5,616.5,0.0,0.0,0.0,0.5,-10.799999999999955,-81.10000000000002,700.0,900.0,0.0,1.006,0.45600000000000035,0.0,275.0,1
1.356,891.0,724.0,616.0,891.5,724.5,616.5,0.0,0.0,0.0,0.5,-10.799999999999955,-81.10000000000002,700.0,900.0,0.0,1.007,0.45700000000000035,0.0,275.0,1
1.357,891.0,724.0,616.0,891.5,724.5,616.5,0.0,0.0,0.0,0.5,-10.799999999999955,-81.10000000000002,700.0,900.0,0.0,1.0079999999999998,0.45800000000000035,0.0,275.0,1
1.358,891.0,724.0,616.0,891.5,724.5,616.5,0.0,0.0,0.0,0.5,-10.799999999999955,-81.10000000000002,700.0,900.0,0.0,1.0089999999999997,0.45900000000000035,0.0,275.0,1
1.359,891.0,724.0,616.0,891.5,724.5,616.5,0.0,0.0,0.0,0.5,-10.799999999999955,-81.10000000000002,700.0,900.0,0.0,1.0099999999999996,0.46000000000000035,0.0,275.0,1
1.36,891.0,724.0,616.0,891.5,724.5,616.5,0.0,0.0,0.0,0.5,-10.799999999999955,-81.10000000000002,700.0,900.0,0.0,1.0109999999999995,0.46100000000000035,0.0,275.0,1
1.361,891.0,724.0,616.0,891.5,724.5,616.5,0.0,0.0,0.0,0.5,-10.799999999999955,-81.10000000000002,700.0,900.0,0.0,1.0119999999999993,0.46200000000000035,0.0,275.0,1
1.362,891.0,724.0,616.0,891.5,724.5,616.5,0.0,0.0,0.0,0.5,-10.799999999999955,-81.10000000000002,700.0,900.0,0.0,1.0129999999999992,0.46300000000000036,0.0,275.0,1
1.363,891.0,724.0,616.0,891.5,724.5,616.5,0.0,0.0,0.0,0.5,-10.799999999999955,-81.10000000000002,700.0,900.0,0.0,1.0139999999999991,0.46400000000000036,0.0,275.0,1
1.364,891.0,724.0,616.0,891.5,724.5,616.5,0.0,0.0,0.0,0.5,-10.799999999999955,-81.10000000000002,700.0,900.0,0.0,1.014999999999999,0.46500000000000036,0.0,275.0,1
1.365,891.0,724.0,616.0,891.5,724.5,616.5,0.0,0.0,0.0,0.5,-10.799999999999955,-81.10000000000002,700.0,900.0,0.0,1.015999999999999,0.46600000000000036,0.0,275.0,1
1.366,891.0,724.0,616.0,891.5,724.5,616.5,0.0,0.0,0.0,0.5,-10.799999999999955,-81.10000000000002,700.0,900.0,0.0,1.0169999999999988,0.46700000000000036,0.0,275.0,1
1.367,891.0,724.0,616.0,891.5,724.5,616.5,0.0,0.0,0.0,0.5,-10.799999999999955,-81.10000000000002,700.0,900.0,0.0,1.0179999999999987,0.46800000000000036,0.0,275.0,1
1.368,891.0,724.0,616.0,891.5,724.5,616.5,0.0,0.0,0.0,0.5,-10.799999999999955,-81.10000000000002,700.0,900.0,0.0,1.0189999999999986,0.46900000000000036,0.0,275.0,1
1.369,891.0,724.0,616.0,891.5,724.5,616.5,0.0,0.0,0.0,0.5,-10.799999999999955,-81.10000000000002,700.0,900.0,0.0,1.0199999999999985,0.47000000000000036,0.0,275.0,1
1.37,891.0,724.0,616.0,891.5,724.5,616.5,0.0,0.0,0.0,0.5,-10.799999999999955,-81.10000000000002,700.0,900.0,0.0,1.0209999999999984,0.47100000000000036,0.0,275.0,1
1.371,891.0,724.0,616.0,891.5,724.5,616.5,0.0,0.0,0.0,0.5,-10.799999999999955,-81.10000000000002,700.0,900.0,0.0,1.0219999999999982,0.47200000000000036,0.0,275.0,1
1.372,891.0,724.0,616.0,891.5,724.5,616.5,0.0,0.0,0.0,0.5,-10.799999999999955,-81.10000000000002,700.0,900.0,0.0,1.0229999999999981,0.47300000000000036,0.0,275.0,1
1.373,891.0,724.0,616.0,891.5,724.5,616.5,0.0,0.0,0.0,0.5,-10.799999999999955,-81.10000000000002,700.0,900.0,0.0,1.023999999999998,0.47400000000000037,0.0,275.0,1
1.374,891.0,724.0,616.0,891.5,724.5,616.5,0.0,0.0,0.0,0.5,-10.799999999999955,-81.10000000000002,700.0,900.0,0.0,1.024999999999998,0.47500000000000037,0.0,275.0,1
1.375,891.0,724.0,616.0,891.5,724.5,616.5,0.0,0.0,0.0,0.5,-10.799999999999955,-81.10000000000002,700.0,900.0,0.0,1.0259999999999978,0.47600000000000037,0.0,275.0,1
1.3760000000000001,891.0,724.0,616.0,891.5,724.5,616.5,0.0,0.0,0.0,0.5,-10.799999999999955,-81.10000000000002,700.0,900.0,0.0,1.0269999999999977,0.47700000000000037,0.0,275.0,1
1.377,891.0,724.0,616.0,891.5,724.5,616.5,0.0,0.0,0.0,0.5,-10.799999999999955,-81.10000000000002,700.0,900.0,0.0,1.0279999999999976,0.47800000000000037,0.0,275.0,1
1.3780000000000001,891.0,724.0,616.0,891.5,724.5,616.5,0.0,0.0,0.0,0.5,-10.799999999999955,-81.10000000000002,700.0,900.0,0.0,1.0289999999999975,0.47900000000000037,0.0,275.0,1
1.379,891.0,724.0,616.0,891.5,724.5,616.5,0.0,0.0,0.0,0.5,-10.799999999999955,-81.10000000000002,700.0,900.0,0.0,1.0299999999999974,0.48000000000000037,0.0,275.0,1
1.3800000000000001,891.0,724.0,616.0,891.5,724.5,616.5,0.0,0.0,0.0,0.5,-10.799999999999955,-81.10000000000002,700.0,900.0,0.0,1.0309999999999973,0.48100000000000037,0.0,275.0,1
1.381,891.0,724.0,616.0,891.5,724.5,616.5,0.0,0.0,0.0,0.5,-10.799999999999955,-81.10000000000002,700.0,900.0,0.0,1.0319999999999971,0.4820000000000004,0.0,275.0,1
1.3820000000000001,891.0,724.0,616.0,891.5,724.5,616.5,0.0,0.0,0.0,0.5,-10.799999999999955,-81.10000000000002,700.0,900.0,0.0,1.032999999999997,0.4830000000000004,0.0,275.0,1
1.383,891.0,724.0,616.0,891.5,724.5,616.5,0.0,0.0,0.0,0.5,-10.799999999999955,-81.10000000000002,700.0,900.0,0.0,1.033999999999997,0.4840000000000004,0.0,275.0,1
1.3840000000000001,891.0,724.0,616.0,891.5,724.5,616.5,0.0,0.0,0.0,0.5,-10.799999999999955,-81.10000000000002,700.0,900.0,0.0,1.0349999999999968,0.4850000000000004,0.0,275.0,1
1.385,891.0,724.0,616.0,891.5,724.5,616.5,0.0,0.0,0.0,0.5,-10.799999999999955,-81.10000000000002,700.0,900.0,0.0,1.0359999999999967,0.4860000000000004,0.0,275.0,1
1.3860000000000001,891.0,724.0,616.0,891.5,724.5,616.5,0.0,0.0,0.0,0.5,-10.799999999999955,-81.10000000000002,700.0,900.0,0.0,1.0369999999999966,0.4870000000000004,0.0,275.0,1
1.387,891.0,724.0,616.0,891.5,724.5,616.5,0.0,0.0,0.0,0.5,-10.799999999999955,-81.10000000000002,700.0,900.0,0.0,1.0379999999999965,0.4880000000000004,0.0,275.0,1
1.3880000000000001,891.0,724.0,616.0,891.5,724.5,616.5,0.0,0.0,0.0,0.5,-10.799999999999955,-81.10000000000002,700.0,900.0,0.0,1.0389999999999964,0.4890000000000004,0.0,275.0,1
1.389,891.0,724.0,616.0,891.5,724.5,616.5,0.0,0.0,0.0,0.5,-10.799999999999955,-81.10000000000002,700.0,900.0,0.0,1.0399999999999963,0.4900000000000004,0.0,275.0,1
1.3900000000000001,891.0,724.0,616.0,891.5,724.5,616.5,0.0,0.0,0.0,0.5,-10.799999999999955,-81.10000000000002,700.0,900.0,0.0,1.0409999999999962,0.4910000000000004,0.0,275.0,1
1.391,891.0,724.0,616.0,891.5,724.5,616.5,0.0,0.0,0.0,0.5,-10.799999999999955,-81.10000000000002,700.0,900.0,0.0,1.041999999999996,0.4920000000000004,0.0,275.0,1
1.3920000000000001,891.0,724.0,616.0,891.5,724.5,616.5,0.0,0.0,0.0,0.5,-10.799999999999955,-81.10000000000002,700.0,900.0,0.0,1.042999999999996,0.4930000000000004,0.0,275.0,1
1.393,891.0,724.0,616.0,891.5,724.5,616.5,0.0,0.0,0.0,0.5,-10.799999999999955,-81.10000000000002,700.0,900.0,0.0,1.0439999999999958,0.4940000000000004,0.0,275.0,1
1.3940000000000001,891.0,724.0,616.0,891.5,724.5,616.5,0.0,0.0,0.0,0.5,-10.799999999999955,-81.10000000000002,700.0,900.0,0.0,1.0449999999999957,0.4950000000000004,0.0,275.0,1
1.395,891.0,724.0,616.0,891.5,724.5,616.5,0.0,0.0,0.0,0.5,-10.799999999999955,-81.10000000000002,700.0,900.0,0.0,1.0459999999999956,0.4960000000000004,0.0,275.0,1
1.3960000000000001,891.0,724.0,616.0,891.5,724.5,616.5,0.0,0.0,0.0,0.5,-10.799999999999955,-81.10000000000002,700.0,900.0,0.0,1.0469999999999955,0.4970000000000004,0.0,275.0,1
1.397,891.0,724.0,616.0,891.5,724.5,616.5,0.0,0.0,0.0,0.5,-10.799999999999955,-81.10000000000002,700.0,900.0,0.0,1.0479999999999954,0.4980000000000004,0.0,275.0,1
1.3980000000000001,891.0,724.0,616.0,891.5,724.5,616.5,0.0,0.0,0.0,0.5,-10.799999999999955,-81.10000000000002,700.0,900.0,0.0,1.0489999999999953,0.4990000000000004,0.0,275.0,1
1.399,891.0,724.0,616.0,891.5,724.5,616.5,0.0,0.0,0.0,0.5,-10.799999999999955,-81.10000000000002,700.0,900.0,0.0,1.0499999999999952,0.5000000000000003,0.0,275.0,1
1.4000000000000001,891.0,724.0,616.0,891.5,724.5,616.5,0.0,0.0,0.0,0.5,-10.799999999999955,-81.10000000000002,700.0,900.0,900.0,1.050999999999995,0.5010000000000003,0.001,275.0,1
1.401,891.0,724.0,616.0,891.5,724.5,616.5,0.0,0.0,0.0,0.5,-10.799999999999955,-81.10000000000002,700.0,900.0,900.0,1.051999999999995,0.5020000000000003,0.002,275.0,1
1.4020000000000001,891.0,724.0,616.0,891.5,724.5,616.5,0.0,0.0,0.0,0.5,-10.799999999999955,-81.10000000000002,700.0,900.0,900.0,1.0529999999999948,0.5030000000000003,0.003,275.0,1
1.403,891.0,724.0,616.0,891.5,724.5,616.5,0.0,0.0,0.0,0.5,-10.799999999999955,-81.10000000000002,700.0,900.0,900.0,1.0539999999999947,0.5040000000000003,0.004,275.0,1
1.4040000000000001,891.0,724.0,616.0,891.5,724.5,616.5,0.0,0.0,0.0,0.5,-10.799999999999955,-81.10000000000002,700.0,900.0,900.0,1.0549999999999946,0.5050000000000003,0.005,275.0,1
1.405,891.0,724.0,616.0,891.5,724.5,616.5,0.0,0.0,0.0,0.5,-10.799999999999955,-81.10000000000002,700.0,900.0,900.0,1.0559999999999945,0.5060000000000003,0.006,275.0,1
1.4060000000000001,891.0,724.0,616.0,891.5,724.5,616.5,0.0,0.0,0.0,0.5,-10.799999999999955,-81.10000000000002,700.0,900.0,900.0,1.0569999999999944,0.5070000000000003,0.007,275.0,1
1.407,891.0,724.0,616.0,891.5,724.5,616.5,0.0,0.0,0.0,0.5,-10.799999999999955,-81.10000000000002,700.0,900.0,900.0,1.0579999999999943,0.5080000000000003,0.008,275.0,1
1.408,891.0,724.0,616.0,891.5,724.5,616.5,0.0,0.0,0.0,0.5,-10.799999999999955,-81.10000000000002,700.0,900.0,900.0,1.0589999999999942,0.5090000000000003,0.009000000000000001,275.0,1
1.409,891.0,724.0,616.0,891.5,724.5,616.5,0.0,0.0,0.0,0.5,-10.799999999999955,-81.10000000000002,700.0,900.0,900.0,1.059999999999994,0.5100000000000003,0.010000000000000002,275.0,1
1.41,891.0,724.0,616.0,891.5,724.5,616.5,0.0,0.0,0.0,0.5,-10.799999999999955,-81.10000000000002,700.0,900.0,900.0,1.060999999999994,0.5110000000000003,0.011000000000000003,275.0,1
1.411,891.0,724.0,616.0,891.5,724.5,616.5,0.0,0.0,0.0,0.5,-10.799999999999955,-81.10000000000002,700.0,900.0,900.0,1.0619999999999938,0.5120000000000003,0.012000000000000004,275.0,1
1.412,891.0,724.0,616.0,891.5,724.5,616.5,0.0,0.0,0.0,0.5,-10.799999999999955,-81.10000000000002,700.0,900.0,900.0,1.0629999999999937,0.5130000000000003,0.013000000000000005,275.0,1
1.413,891.0,724.0,616.0,891.5,724.5,616.5,0.0,0.0,0.0,0.5,-10.799999999999955,-81.10000000000002,700.0,900.0,900.0,1.0639999999999936,0.5140000000000003,0.014000000000000005,275.0,1
1.414,891.0,724.0,616.0,891.5,724.5,616.5,0.0,0.0,0.0,0.5,-10.799999999999955,-81.10000000000002,700.0,900.0,900.0,1.0649999999999935,0.5150000000000003,0.015000000000000006,275.0,1
1.415,891.0,724.0,616.0,891.5,724.5,616.5,0.0,0.0,0.0,0.5,-10.799999999999955,-81.10000000000002,700.0,900.0,900.0,1.0659999999999934,0.5160000000000003,0.016000000000000007,275.0,1
1.416,891.0,724.0,616.0,891.5,724.5,616.5,0.0,0.0,0.0,0.5,-10.799999999999955,-81.10000000000002,700.0,900.0,900.0,1.0669999999999933,0.5170000000000003,0.017000000000000008,275.0,1
1.417,891.0,724.0,616.0,891.5,724.5,616.5,0.0,0.0,0.0,0.5,-10.799999999999955,-81.10000000000002,700.0,900.0,900.0,1.0679999999999932,0.5180000000000003,0.01800000000000001,275.0,1
1.418,891.0,724.0,616.0,891.5,724.5,616.5,0.0,0.0,0.0,0.5,-10.799999999999955,-81.10000000000002,700.0,900.0,900.0,1.068999999999993,0.5190000000000003,0.01900000000000001,275.0,1
1.419,891.0,724.0,616.0,891.5,724.5,616.5,0.0,0.0,0.0,0.5,-10.799999999999955,-81.10000000000002,700.0,900.0,900.0,1.069999999999993,0.5200000000000004,0.02000000000000001,275.0,1
1.42,891.0,724.0,616.0,891.5,724.5,616.5,0.0,0.0,0.0,0.5,-10.799999999999955,-81.10000000000002,700.0,900.0,900.0,1.0709999999999928,0.5210000000000004,0.02100000000000001,275.0,1
1.421,891.0,724.0,616.0,891.5,724.5,616.5,0.0,0.0,0.0,0.5,-10.799999999999955,-81.10000000000002,700.0,900.0,900.0,1.0719999999999927,0.5220000000000004,0.022000000000000013,275.0,1
1.422,891.0,724.0,616.0,891.5,724.5,616.5,0.0,0.0,0.0,0.5,-10.799999999999955,-81.10000000000002,700.0,900.0,900.0,1.0729999999999926,0.5230000000000004,0.023000000000000013,275.0,1
1.423,891.0,724.0,616.0,891.5,724.5,616.5,0.0,0.0,0.0,0.5,-10.799999999999955,-81.10000000000002,700.0,900.0,900.0,1.0739999999999925,0.5240000000000004,0.024000000000000014,275.0,1
1.424,891.0,724.0,616.0,891.5,724.5,616.5,0.0,0.0,0.0,0.5,-10.799999999999955,-81.10000000000002,700.0,900.0,900.0,1.0749999999999924,0.5250000000000004,0.025000000000000015,275.0,1
1.425,891.0,724.0,616.0,891.5,724.5,616.5,0.0,0.0,0.0,0.5,-10.799999999999955,-81.10000000000002,700.0,900.0,900.0,1.0759999999999923,0.5260000000000004,0.026000000000000016,275.0,1
1.426,891.0,724.0,616.0,891.5,724.5,616.5,0.0,0.0,0.0,0.5,-10.799999999999955,-81.10000000000002,700.0,900.0,900.0,1.0769999999999922,0.5270000000000004,0.027000000000000017,275.0,1
1.427,891.0,724.0,616.0,891.5,724.5,616.5,0.0,0.0,0.0,0.5,-10.799999999999955,-81.10000000000002,700.0,900.0,900.0,1.077999999999992,0.5280000000000004,0.028000000000000018,275.0,1
1.428,891.0,724.0,616.0,891.5,724.5,616.5,0.0,0.0,0.0,0.5,-10.799999999999955,-81.10000000000002,700.0,900.0,900.0,1.078999999999992,0.5290000000000004,0.02900000000000002,275.0,1
1.429,891.0,724.0,616.0,891.5,724.5,616.5,0.0,0.0,0.0,0.5,-10.799999999999955,-81.10000000000002,700.0,900.0,900.0,1.0799999999999919,0.5300000000000004,0.03000000000000002,275.0,1
1.43,891.0,724.0,616.0,891.5,724.5,616.5,0.0,0.0,0.0,0.5,-10.799999999999955,-81.10000000000002,700.0,900.0,900.0,1.0809999999999917,0.5310000000000004,0.03100000000000002,275.0,1
1.431,891.0,724.0,616.0,891.5,724.5,616.5,0.0,0.0,0.0,0.5,-10.799999999999955,-81.10000000000002,700.0,900.0,900.0,1.0819999999999916,0.5320000000000004,0.03200000000000002,275.0,1
1.432,891.0,724.0,616.0,891.5,724.5,616.5,0.0,0.0,0.0,0.5,-10.799999999999955,-81.10000000000002,700.0,900.0,900.0,1.0829999999999915,0.5330000000000004,0.03300000000000002,275.0,1
1.433,891.0,724.0,616.0,891.5,724.5,616.5,0.0,0.0,0.0,0.5,-10.799999999999955,-81.10000000000002,700.0,900.0,900.0,1.0839999999999914,0.5340000000000004,0.03400000000000002,275.0,1
1.434,891.0,724.0,616.0,891.5,724.5,616.5,0.0,0.0,0.0,0.5,-10.799999999999955,-81.10000000000002,700.0,900.0,900.0,1.0849999999999913,0.5350000000000004,0.035000000000000024,275.0,1
1.435,891.0,724.0,616.0,891.5,724.5,616.5,0.0,0.0,0.0,0.5,-10.799999999999955,-81.10000000000002,700.0,900.0,900.0,1.0859999999999912,0.5360000000000004,0.036000000000000025,275.0,1
1.436,891.0,724.0,616.0,891.5,724.5,616.5,0.0,0.0,0.0,0.5,-10.799999999999955,-81.10000000000002,700.0,900.0,900.0,1.086999999999991,0.5370000000000004,0.037000000000000026,275.0,1
1.437,891.0,724.0,616.0,891.5,724.5,616.5,0.0,0.0,0.0,0.5,-10.799999999999955,-81.10000000000002,700.0,900.0,900.0,1.087999999999991,0.5380000000000004,0.03800000000000003,275.0,1
1.438,891.0,724.0,616.0,891.5,724.5,616.5,0.0,0.0,0.0,0.5,-10.799999999999955,-81.10000000000002,700.0,900.0,900.0,1.0889999999999909,0.5390000000000004,0.03900000000000003,275.0,1
1.439,891.0,724.0,616.0,891.5,724.5,616.5,0.0,0.0,0.0,0.5,-10.799999999999955,-81.10000000000002,700.0,900.0,900.0,1.0899999999999908,0.5400000000000004,0.04000000000000003,275.0,1
1.44,891.0,724.0,616.0,891.5,724.5,616.5,0.0,0.0,0.0,0.5,-10.799999999999955,-81.10000000000002,700.0,900.0,900.0,1.0909999999999906,0.5410000000000004,0.04100000000000003,275.0,1
1.441,891.0,724.0,616.0,891.5,724.5,616.5,0.0,0.0,0.0,0.5,-10.799999999999955,-81.10000000000002,700.0,900.0,900.0,1.0919999999999905,0.5420000000000004,0.04200000000000003,275.0,1
1.442,891.0,724.0,616.0,891.5,724.5,616.5,0.0,0.0,0.0,0.5,-10.799999999999955,-81.10000000000002,700.0,900.0,900.0,1.0929999999999904,0.5430000000000004,0.04300000000000003,275.0,1
1.443,891.0,724.0,616.0,891.5,724.5,616.5,0.0,0.0,0.0,0.5,-10.799999999999955,-81.10000000000002,700.0,900.0,900.0,1.0939999999999903,0.5440000000000004,0.04400000000000003,275.0,1
1.444,891.0,724.0,616.0,891.5,724.5,616.5,0.0,0.0,0.0,0.5,-10.799999999999955,-81.10000000000002,700.0,900.0,900.0,1.0949999999999902,0.5450000000000004,0.04500000000000003,275.0,1
1.445,891.0,724.0,616.0,891.5,724.5,616.5,0.0,0.0,0.0,0.5,-10.799999999999955,-81.10000000000002,700.0,900.0,900.0,1.09599999999999,0.5460000000000004,0.046000000000000034,275.0,1
1.446,891.0,724.0,616.0,891.5,724.5,616.5,0.0,0.0,0.0,0.5,-10.799999999999955,-81.10000000000002,700.0,900.0,900.0,1.09699999999999,0.5470000000000004,0.047000000000000035,275.0,1
1.447,891.0,724.0,616.0,891.5,724.5,616.5,0.0,0.0,0.0,0.5,-10.799999999999955,-81.10000000000002,700.0,900.0,900.0,1.0979999999999899,0.5480000000000004,0.048000000000000036,275.0,1
1.448,891.0,724.0,616.0,891.5,724.5,616.5,0.0,0.0,0.0,0.5,-10.799999999999955,-81.10000000000002,700.0,900.0,900.0,1.0989999999999898,0.5490000000000004,0.04900000000000004,275.0,1
1.449,891.0,724.0,616.0,891.5,724.5,616.5,0.0,0.0,0.0,0.5,-10.799999999999955,-81.10000000000002,700.0,900.0,900.0,1.0999999999999897,0.5500000000000004,0.05000000000000004,275.0,1
1.45,891.0,724.0,616.0,891.5,724.5,616.5,0.0,0.0,0.0,0.5,-10.799999999999955,-81.10000000000002,700.0,900.0,900.0,1.1009999999999895,0.5510000000000004,0.05100000000000004,275.0,1
1.451,891.0,724.0,616.0,891.5,724.5,616.5,0.0,0.0,0.0,0.5,-10.799999999999955,-81.10000000000002,700.0,900.0,900.0,1.1019999999999894,0.5520000000000004,0.05200000000000004,275.0,1
1.452,891.0,724.0,616.0,891.5,724.5,616.5,0.0,0.0,0.0,0.5,-10.799999999999955,-81.10000000000002,700.0,900.0,900.0,1.1029999999999893,0.5530000000000004,0.05300000000000004,275.0,1
1.453,891.0,724.0,616.0,891.5,724.5,616.5,0.0,0.0,0.0,0.5,-10.799999999999955,-81.10000000000002,700.0,900.0,900.0,1.1039999999999892,0.5540000000000004,0.05400000000000004,275.0,1
1.454,891.0,724.0,616.0,891.5,724.5,616.5,0.0,0.0,0.0,0.5,-10.799999999999955,-81.10000000000002,700.0,900.0,900.0,1.104999999999989,0.5550000000000004,0.05500000000000004,275.0,1
1.455,891.0,724.0,616.0,891.5,724.5,616.5,0.0,0.0,0.0,0.5,-10.799999999999955,-81.10000000000002,700.0,900.0,900.0,1.105999999999989,0.5560000000000004,0.05600000000000004,275.0,1
1.456,891.0,724.0,616.0,891.5,724.5,616.5,0.0,0.0,0.0,0.5,-10.799999999999955,-81.10000000000002,700.0,900.0,900.0,1.1069999999999889,0.5570000000000004,0.057000000000000044,275.0,1
1.457,891.0,724.0,616.0,891.5,724.5,616.5,0.0,0.0,0.0,0.5,-10.799999999999955,-81.10000000000002,700.0,900.0,900.0,1.1079999999999888,0.5580000000000004,0.058000000000000045,275.0,1
1.458,891.0,724.0,616.0,891.5,724.5,616.5,0.0,0.0,0.0,0.5,-10.799999999999955,-81.10000000000002,700.0,900.0,900.0,1.1089999999999887,0.5590000000000004,0.059000000000000045,275.0,1
1.459,891.0,724.0,616.0,891.5,724.5,616.5,0.0,0.0,0.0,0.5,-10.799999999999955,-81.10000000000002,700.0,900.0,900.0,1.1099999999999886,0.5600000000000004,0.060000000000000046,275.0,1
1.46,891.0,724.0,616.0,891.5,724.5,616.5,0.0,0.0,0.0,0.5,-10.799999999999955,-81.10000000000002,700.0,900.0,900.0,1.1109999999999884,0.5610000000000004,0.06100000000000005,275.0,1
1.461,891.0,724.0,616.0,891.5,724.5,616.5,0.0,0.0,0.0,0.5,-10.799999999999955,-81.10000000000002,700.0,900.0,900.0,1.1119999999999883,0.5620000000000004,0.06200000000000005,275.0,1
1.462,891.0,724.0,616.0,891.5,724.5,616.5,0.0,0.0,0.0,0.5,-10.799999999999955,-81.10000000000002,700.0,900.0,900.0,1.1129999999999882,0.5630000000000004,0.06300000000000004,275.0,1
1.463,891.0,724.0,616.0,891.5,724.5,616.5,0.0,0.0,0.0,0.5,-10.799999999999955,-81.10000000000002,700.0,900.0,900.0,1.113999999999988,0.5640000000000004,0.06400000000000004,275.0,1
1.464,891.0,724.0,616.0,891.5,724.5,616.5,0.0,0.0,0.0,0.5,-10.799999999999955,-81.10000000000002,700.0,900.0,900.0,1.114999999999988,0.5650000000000004,0.06500000000000004,275.0,1
1.465,891.0,724.0,616.0,891.5,724.5,616.5,0.0,0.0,0.0,0.5,-10.799999999999955,-81.10000000000002,700.0,900.0,900.0,1.115999999999988,0.5660000000000004,0.06600000000000004,275.0,1
1.466,891.0,724.0,616.0,891.5,724.5,616.5,0.0,0.0,0.0,0.5,-10.799999999999955,-81.10000000000002,700.0,900.0,900.0,1.1169999999999878,0.5670000000000004,0.06700000000000005,275.0,1
1.467,891.0,724.0,616.0,891.5,724.5,616.5,0.0,0.0,0.0,0.5,-10.799999999999955,-81.10000000000002,700.0,900.0,900.0,1.1179999999999877,0.5680000000000004,0.06800000000000005,275.0,1
1.468,891.0,724.0,616.0,891.5,724.5,616.5,0.0,0.0,0.0,0.5,-10.799999999999955,-81.10000000000002,700.0,900.0,900.0,1.1189999999999876,0.5690000000000004,0.06900000000000005,275.0,1
1.469,891.0,724.0,616.0,891.5,724.5,616.5,0.0,0.0,0.0,0.5,-10.799999999999955,-81.10000000000002,700.0,900.0,900.0,1.1199999999999875,0.5700000000000004,0.07000000000000005,275.0,1
1.47,891.0,724.0,616.0,891.5,724.5,616.5,0.0,0.0,0.0,0.5,-10.799999999999955,-81.10000000000002,700.0,900.0,900.0,1.1209999999999873,0.5710000000000004,0.07100000000000005,275.0,1
1.471,891.0,724.0,616.0,891.5,724.5,616.5,0.0,0.0,0.0,0.5,-10.799999999999955,-81.10000000000002,700.0,900.0,900.0,1.1219999999999872,0.5720000000000004,0.07200000000000005,275.0,1
1.472,891.0,724.0,616.0,891.5,724.5,616.5,0.0,0.0,0.0,0.5,-10.799999999999955,-81.10000000000002,700.0,900.0,900.0,1.1229999999999871,0.5730000000000004,0.07300000000000005,275.0,1
1.473,891.0,724.0,616.0,891.5,724.5,616.5,0.0,0.0,0.0,0.5,-10.799999999999955,-81.10000000000002,700.0,900.0,900.0,1.123999999999987,0.5740000000000004,0.07400000000000005,275.0,1
1.474,891.0,724.0,616.0,891.5,724.5,616.5,0.0,0.0,0.0,0.5,-10.799999999999955,-81.10000000000002,700.0,900.0,900.0,1.124999999999987,0.5750000000000004,0.07500000000000005,275.0,1
1.475,891.0,724.0,616.0,891.5,724.5,616.5,0.0,0.0,0.0,0.5,-10.799999999999955,-81.10000000000002,700.0,900.0,900.0,1.1259999999999868,0.5760000000000004,0.07600000000000005,275.0,1
1.476,891.0,724.0,616.0,891.5,724.5,616.5,0.0,0.0,0.0,0.5,-10.799999999999955,-81.10000000000002,700.0,900.0,900.0,1.1269999999999867,0.5770000000000004,0.07700000000000005,275.0,1
1.477,891.0,724.0,616.0,891.5,724.5,616.5,0.0,0.0,0.0,0.5,-10.799999999999955,-81.10000000000002,700.0,900.0,900.0,1.1279999999999866,0.5780000000000004,0.07800000000000006,275.0,1
1.478,891.0,724.0,616.0,891.5,724.5,616.5,0.0,0.0,0.0,0.5,-10.799999999999955,-81.10000000000002,700.0,900.0,900.0,1.1289999999999865,0.5790000000000004,0.07900000000000006,275.0,1
1.479,891.0,724.0,616.0,891.5,724.5,616.5,0.0,0.0,0.0,0.5,-10.799999999999955,-81.10000000000002,700.0,900.0,900.0,1.1299999999999863,0.5800000000000004,0.08000000000000006,275.0,1
1.48,891.0,724.0,616.0,891.5,724.5,616.5,0.0,0.0,0.0,0.5,-10.799999999999955,-81.10000000000002,700.0,900.0,900.0,1.1309999999999862,0.5810000000000004,0.08100000000000006,275.0,1
1.481,891.0,724.0,616.0,891.5,724.5,616.5,0.0,0.0,0.0,0.5,-10.799999999999955,-81.10000000000002,700.0,900.0,900.0,1.1319999999999861,0.5820000000000004,0.08200000000000006,275.0,1
1.482,891.0,724.0,616.0,891.5,724.5,616.5,0.0,0.0,0.0,0.5,-10.799999999999955,-81.10000000000002,700.0,900.0,900.0,1.132999999999986,0.5830000000000004,0.08300000000000006,275.0,1
1.483,891.0,724.0,616.0,891.5,724.5,616.5,0.0,0.0,0.0,0.5,-10.799999999999955,-81.10000000000002,700.0,900.0,900.0,1.133999999999986,0.5840000000000004,0.08400000000000006,275.0,1
1.484,891.0,724.0,616.0,891.5,724.5,616.5,0.0,0.0,0.0,0.5,-10.799999999999955,-81.10000000000002,700.0,900.0,900.0,1.1349999999999858,0.5850000000000004,0.08500000000000006,275.0,1
1.485,891.0,724.0,616.0,891.5,724.5,616.5,0.0,0.0,0.0,0.5,-10.799999999999955,-81.10000000000002,700.0,900.0,900.0,1.1359999999999857,0.5860000000000004,0.08600000000000006,275.0,1
1.486,891.0,724.0,616.0,891.5,724.5,616.5,0.0,0.0,0.0,0.5,-10.799999999999955,-81.10000000000002,700.0,900.0,900.0,1.1369999999999856,0.5870000000000004,0.08700000000000006,275.0,1
1.487,891.0,724.0,616.0,891.5,724.5,616.5,0.0,0.0,0.0,0.5,-10.799999999999955,-81.10000000000002,700.0,900.0,900.0,1.1379999999999855,0.5880000000000004,0.08800000000000006,275.0,1
1.488,891.0,724.0,616.0,891.5,724.5,616.5,0.0,0.0,0.0,0.5,-10.799999999999955,-81.10000000000002,700.0,900.0,900.0,1.1389999999999854,0.5890000000000004,0.08900000000000007,275.0,1
1.489,891.0,724.0,616.0,891.5,724.5,616.5,0.0,0.0,0.0,0.5,-10.799999999999955,-81.10000000000002,700.0,900.0,900.0,1.1399999999999852,0.5900000000000004,0.09000000000000007,275.0,1
1.49,891.0,724.0,616.0,891.5,724.5,616.5,0.0,0.0,0.0,0.5,-10.799999999999955,-81.10000000000002,700.0,900.0,900.0,1.1409999999999851,0.5910000000000004,0.09100000000000007,275.0,1
1.491,891.0,724.0,616.0,891.5,724.5,616.5,0.0,0.0,0.0,0.5,-10.799999999999955,-81.10000000000002,700.0,900.0,900.0,1.141999999999985,0.5920000000000004,0.09200000000000007,275.0,1
1.492,891.0,724.0,616.0,891.5,724.5,616.5,0.0,0.0,0.0,0.5,-10.799999999999955,-81.10000000000002,700.0,900.0,900.0,1.142999999999985,0.5930000000000004,0.09300000000000007,275.0,1
1.493,891.0,724.0,616.0,891.5,724.5,616.5,0.0,0.0,0.0,0.5,-10.799999999999955,-81.10000000000002,700.0,900.0,900.0,1.1439999999999848,0.5940000000000004,0.09400000000000007,275.0,1
1.494,891.0,724.0,616.0,891.5,724.5,616.5,0.0,0.0,0.0,0.5,-10.799999999999955,-81.10000000000002,700.0,900.0,900.0,1.1449999999999847,0.5950000000000004,0.09500000000000007,275.0,1
1.495,891.0,724.0,616.0,891.5,724.5,616.5,0.0,0.0,0.0,0.5,-10.799999999999955,-81.10000000000002,700.0,900.0,900.0,1.1459999999999846,0.5960000000000004,0.09600000000000007,275.0,1
1.496,891.0,724.0,616.0,891.5,724.5,616.5,0.0,0.0,0.0,0.5,-10.799999999999955,-81.10000000000002,700.0,900.0,900.0,1.1469999999999845,0.5970000000000004,0.09700000000000007,275.0,1
1.497,891.0,724.0,616.0,891.5,724.5,616.5,0.0,0.0,0.0,0.5,-10.799999999999955,-81.10000000000002,700.0,900.0,900.0,1.1479999999999844,0.5980000000000004,0.09800000000000007,275.0,1
1.498,891.0,724.0,616.0,891.5,724.5,616.5,0.0,0.0,0.0,0.5,-10.799999999999955,-81.10000000000002,700.0,900.0,900.0,1.1489999999999843,0.5990000000000004,0.09900000000000007,275.0,1
1.499,891.0,724.0,616.0,891.5,724.5,616.5,0.0,0.0,0.0,0.5,-10.799999999999955,-81.10000000000002,700.0,900.0,900.0,1.1499999999999841,0.6000000000000004,0.10000000000000007,275.0,1
1.5,891.0,724.0,616.0,891.5,724.5,616.5,0.0,0.0,0.0,0.5,-10.799999999999955,-81.10000000000002,700.0,900.0,900.0,1.150999999999984,0.6010000000000004,0.10100000000000008,275.0,1
1.5010000000000001,891.0,724.0,616.0,891.5,724.5,616.5,0.0,0.0,0.0,0.5,-10.799999999999955,-81.10000000000002,700.0,900.0,900.0,1.151999999999984,0.6020000000000004,0.10200000000000008,275.0,1
1.502,891.0,724.0,616.0,891.5,724.5,616.5,0.0,0.0,0.0,0.5,-10.799999999999955,-81.10000000000002,700.0,900.0,900.0,1.1529999999999838,0.6030000000000004,0.10300000000000008,275.0,1
1.5030000000000001,891.0,724.0,616.0,891.5,724.5,616.5,0.0,0.0,0.0,0.5,-10.799999999999955,-81.10000000000002,700.0,900.0,900.0,1.1539999999999837,0.6040000000000004,0.10400000000000008,275.0,1
1.504,891.0,724.0,616.0,891.5,724.5,616.5,0.0,0.0,0.0,0.5,-10.799999999999955,-81.10000000000002,700.0,900.0,900.0,1.1549999999999836,0.6050000000000004,0.10500000000000008,275.0,1
1.5050000000000001,891.0,724.0,616.0,891.5,724.5,616.5,0.0,0.0,0.0,0.5,-10.799999999999955,-81.10000000000002,700.0,900.0,900.0,1.1559999999999835,0.6060000000000004,0.10600000000000008,275.0,1
1.506,891.0,724.0,616.0,891.5,724.5,616.5,0.0,0.0,0.0,0.5,-10.799999999999955,-81.10000000000002,700.0,900.0,900.0,1.1569999999999834,0.6070000000000004,0.10700000000000008,275.0,1
1.5070000000000001,891.0,724.0,616.0,891.5,724.5,616.5,0.0,0.0,0.0,0.5,-10.799999999999955,-81.10000000000002,700.0,900.0,900.0,1.1579999999999833,0.6080000000000004,0.10800000000000008,275.0,1
1.508,891.0,724.0,616.0,891.5,724.5,616.5,0.0,0.0,0.0,0.5,-10.799999999999955,-81.10000000000002,700.0,900.0,900.0,1.1589999999999832,0.6090000000000004,0.10900000000000008,275.0,1
1.5090000000000001,891.0,724.0,616.0,891.5,724.5,616.5,0.0,0.0,0.0,0.5,-10.799999999999955,-81.10000000000002,700.0,900.0,900.0,1.159999999999983,0.6100000000000004,0.11000000000000008,275.0,1
1.51,891.0,724.0,616.0,891.5,724.5,616.5,0.0,0.0,0.0,0.5,-10.799999999999955,-81.10000000000002,700.0,900.0,900.0,1.160999999999983,0.6110000000000004,0.11100000000000008,275.0,1
1.5110000000000001,891.0,724.0,616.0,891.5,724.5,616.5,0.0,0.0,0.0,0.5,-10.799999999999955,-81.10000000000002,700.0,900.0,900.0,1.1619999999999828,0.6120000000000004,0.11200000000000009,275.0,1
1.512,891.0,724.0,616.0,891.5,724.5,616.5,0.0,0.0,0.0,0.5,-10.799999999999955,-81.10000000000002,700.0,900.0,900.0,1.1629999999999827,0.6130000000000004,0.11300000000000009,275.0,1
1.5130000000000001,891.0,724.0,616.0,891.5,724.5,616.5,0.0,0.0,0.0,0.5,-10.799999999999955,-81.10000000000002,700.0,900.0,900.0,1.1639999999999826,0.6140000000000004,0.11400000000000009,275.0,1
1.514,891.0,724.0,616.0,891.5,724.5,616.5,0.0,0.0,0.0,0.5,-10.799999999999955,-81.10000000000002,700.0,900.0,900.0,1.1649999999999825,0.6150000000000004,0.11500000000000009,275.0,1
1.5150000000000001,891.0,724.0,616.0,891.5,724.5,616.5,0.0,0.0,0.0,0.5,-10.799999999999955,-81.10000000000002,700.0,900.0,900.0,1.1659999999999824,0.6160000000000004,0.11600000000000009,275.0,1
1.516,891.0,724.0,616.0,891.5,724.5,616.5,0.0,0.0,0.0,0.5,-10.799999999999955,-81.10000000000002,700.0,900.0,900.0,1.1669999999999823,0.6170000000000004,0.11700000000000009,275.0,1
1.5170000000000001,891.0,724.0,616.0,891.5,724.5,616.5,0.0,0.0,0.0,0.5,-10.799999999999955,-81.10000000000002,700.0,900.0,900.0,1.1679999999999822,0.6180000000000004,0.11800000000000009,275.0,1
1.518,891.0,724.0,616.0,891.5,724.5,616.5,0.0,0.0,0.0,0.5,-10.799999999999955,-81.10000000000002,700.0,900.0,900.0,1.168999999999982,0.6190000000000004,0.11900000000000009,275.0,1
1.5190000000000001,891.0,724.0,616.0,891.5,724.5,616.5,0.0,0.0,0.0,0.5,-10.799999999999955,-81.10000000000002,700.0,900.0,900.0,1.169999999999982,0.6200000000000004,0.12000000000000009,275.0,1
1.52,891.0,724.0,616.0,891.5,724.5,616.5,0.0,0.0,0.0,0.5,-10.799999999999955,-81.10000000000002,700.0,900.0,900.0,1.1709999999999818,0.6210000000000004,0.1210000000000001,275.0,1
1.5210000000000001,891.0,724.0,616.0,891.5,724.5,616.5,0.0,0.0,0.0,0.5,-10.799999999999955,-81.10000000000002,700.0,900.0,900.0,1.1719999999999817,0.6220000000000004,0.1220000000000001,275.0,1
1.522,891.0,724.0,616.0,891.5,724.5,616.5,0.0,0.0,0.0,0.5,-10.799999999999955,-81.10000000000002,700.0,900.0,900.0,1.1729999999999816,0.6230000000000004,0.1230000000000001,275.0,1
1.5230000000000001,891.0,724.0,616.0,891.5,724.5,616.5,0.0,0.0,0.0,0.5,-10.799999999999955,-81.10000000000002,700.0,900.0,900.0,1.1739999999999815,0.6240000000000004,0.1240000000000001,275.0,1
1.524,891.0,724.0,616.0,891.5,724.5,616.5,0.0,0.0,0.0,0.5,-10.799999999999955,-81.10000000000002,700.0,900.0,900.0,1.1749999999999814,0.6250000000000004,0.12500000000000008,275.0,1
1.5250000000000001,891.0,724.0,616.0,891.5,724.5,616.5,0.0,0.0,0.0,0.5,-10.799999999999955,-81.10000000000002,700.0,900.0,900.0,1.1759999999999813,0.6260000000000004,0.12600000000000008,275.0,1
1.526,891.0,724.0,616.0,891.5,724.5,616.5,0.0,0.0,0.0,0.5,-10.799999999999955,-81.10000000000002,700.0,900.0,900.0,1.1769999999999812,0.6270000000000004,0.12700000000000009,275.0,1
1.5270000000000001,891.0,724.0,616.0,891.5,724.5,616.5,0.0,0.0,0.0,0.5,-10.799999999999955,-81.10000000000002,700.0,900.0,900.0,1.177999999999981,0.6280000000000004,0.12800000000000009,275.0,1
1.528,891.0,724.0,616.0,891.5,724.5,616.5,0.0,0.0,0.0,0.5,-10.799999999999955,-81.10000000000002,700.0,900.0,900.0,1.178999999999981,0.6290000000000004,0.1290000000000001,275.0,1
1.5290000000000001,891.0,724.0,616.0,891.5,724.5,616.5,0.0,0.0,0.0,0.5,-10.799999999999955,-81.10000000000002,700.0,900.0,900.0,1.1799999999999808,0.6300000000000004,0.1300000000000001,275.0,1
1.53,891.0,724.0,616.0,891.5,724.5,616.5,0.0,0.0,0.0,0.5,-10.799999999999955,-81.10000000000002,700.0,900.0,900.0,1.1809999999999807,0.6310000000000004,0.1310000000000001,275.0,1
1.5310000000000001,891.0,724.0,616.0,891.5,724.5,616.5,0.0,0.0,0.0,0.5,-10.799999999999955,-81.10000000000002,700.0,900.0,900.0,1.1819999999999806,0.6320000000000005,0.1320000000000001,275.0,1
1.532,891.0,724.0,616.0,891.5,724.5,616.5,0.0,0.0,0.0,0.5,-10.799999999999955,-81.10000000000002,700.0,900.0,900.0,1.1829999999999805,0.6330000000000005,0.1330000000000001,275.0,1
1.5330000000000001,891.0,724.0,616.0,891.5,724.5,616.5,0.0,0.0,0.0,0.5,-10.799999999999955,-81.10000000000002,700.0,900.0,900.0,1.1839999999999804,0.6340000000000005,0.1340000000000001,275.0,1
1.534,891.0,724.0,616.0,891.5,724.5,616.5,0.0,0.0,0.0,0.5,-10.799999999999955,-81.10000000000002,700.0,900.0,900.0,1.1849999999999803,0.6350000000000005,0.1350000000000001,275.0,1
1.5350000000000001,891.0,724.0,616.0,891.5,724.5,616.5,0.0,0.0,0.0,0.5,-10.799999999999955,-81.10000000000002,700.0,900.0,900.0,1.1859999999999802,0.6360000000000005,0.1360000000000001,275.0,1
1.536,891.0,724.0,616.0,891.5,724.5,616.5,0.0,0.0,0.0,0.5,-10.799999999999955,-81.10000000000002,700.0,900.0,900.0,1.18699999999998,0.6370000000000005,0.1370000000000001,275.0,1
1.537,891.0,724.0,616.0,891.5,724.5,616.5,0.0,0.0,0.0,0.5,-10.799999999999955,-81.10000000000002,700.0,900.0,900.0,1.18799999999998,0.6380000000000005,0.1380000000000001,275.0,1
1.538,891.0,724.0,616.0,891.5,724.5,616.5,0.0,0.0,0.0,0.5,-10.799999999999955,-81.10000000000002,700.0,900.0,900.0,1.1889999999999799,0.6390000000000005,0.1390000000000001,275.0,1
1.539,891.0,724.0,616.0,891.5,724.5,616.5,0.0,0.0,0.0,0.5,-10.799999999999955,-81.10000000000002,700.0,900.0,900.0,1.1899999999999797,0.6400000000000005,0.1400000000000001,275.0,1
1.54,891.0,724.0,616.0,891.5,724.5,616.5,0.0,0.0,0.0,0.5,-10.799999999999955,-81.10000000000002,700.0,900.0,900.0,1.1909999999999796,0.6410000000000005,0.1410000000000001,275.0,1
1.541,891.0,724.0,616.0,891.5,724.5,616.5,0.0,0.0,0.0,0.5,-10.799999999999955,-81.10000000000002,700.0,900.0,900.0,1.1919999999999795,0.6420000000000005,0.1420000000000001,275.0,1
1.542,891.0,724.0,616.0,891.5,724.5,616.5,0.0,0.0,0.0,0.5,-10.799999999999955,-81.10000000000002,700.0,900.0,900.0,1.1929999999999794,0.6430000000000005,0.1430000000000001,275.0,1
1.543,891.0,724.0,616.0,891.5,724.5,616.5,0.0,0.0,0.0,0.5,-10.799999999999955,-81.10000000000002,700.0,900.0,900.0,1.1939999999999793,0.6440000000000005,0.1440000000000001,275.0,1
1.544,891.0,724.0,616.0,891.5,724.5,616.5,0.0,0.0,0.0,0.5,-10.799999999999955,-81.10000000000002,700.0,900.0,900.0,1.1949999999999792,0.6450000000000005,0.1450000000000001,275.0,1
1.545,891.0,724.0,616.0,891.5,724.5,616.5,0.0,0.0,0.0,0.5,-10.799999999999955,-81.10000000000002,700.0,900.0,900.0,1.195999999999979,0.6460000000000005,0.1460000000000001,275.0,1
1.546,891.0,724.0,616.0,891.5,724.5,616.5,0.0,0.0,0.0,0.5,-10.799999999999955,-81.10000000000002,700.0,900.0,900.0,1.196999999999979,0.6470000000000005,0.1470000000000001,275.0,1
1.547,891.0,724.0,616.0,891.5,724.5,616.5,0.0,0.0,0.0,0.5,-10.799999999999955,-81.10000000000002,700.0,900.0,900.0,1.1979999999999789,0.6480000000000005,0.1480000000000001,275.0,1
1.548,891.0,724.0,616.0,891.5,724.5,616.5,0.0,0.0,0.0,0.5,-10.799999999999955,-81.10000000000002,700.0,900.0,900.0,1.1989999999999787,0.6490000000000005,0.1490000000000001,275.0,1
1.549,891.0,724.0,616.0,891.5,724.5,616.5,0.0,0.0,0.0,0.5,-10.799999999999955,-81.10000000000002,700.0,900.0,900.0,1.1999999999999786,0.6500000000000005,0.1500000000000001,275.0,1
1.55,891.0,724.0,616.0,891.5,724.5,616.5,0.0,0.0,0.0,0.5,-10.799999999999955,-81.10000000000002,700.0,900.0,900.0,1.2009999999999785,0.6510000000000005,0.1510000000000001,275.0,1
1.551,891.0,724.0,616.0,891.5,724.5,616.5,0.0,0.0,0.0,0.5,-10.799999999999955,-81.10000000000002,700.0,900.0,900.0,1.2019999999999784,0.6520000000000005,0.1520000000000001,275.0,1
1.552,891.0,724.0,616.0,891.5,724.5,616.5,0.0,0.0,0.0,0.5,-10.799999999999955,-81.10000000000002,700.0,900.0,900.0,1.2029999999999783,0.6530000000000005,0.1530000000000001,275.0,1
1.553,891.0,724.0,616.0,891.5,724.5,616.5,0.0,0.0,0.0,0.5,-10.799999999999955,-81.10000000000002,700.0,900.0,900.0,1.2039999999999782,0.6540000000000005,0.1540000000000001,275.0,1
1.554,891.0,724.0,616.0,891.5,724.5,616.5,0.0,0.0,0.0,0.5,-10.799999999999955,-81.10000000000002,700.0,900.0,900.0,1.204999999999978,0.6550000000000005,0.1550000000000001,275.0,1
1.555,891.0,724.0,616.0,891.5,724.5,616.5,0.0,0.0,0.0,0.5,-10.799999999999955,-81.10000000000002,700.0,900.0,900.0,1.205999999999978,0.6560000000000005,0.1560000000000001,275.0,1
1.556,891.0,724.0,616.0,891.5,724.5,616.5,0.0,0.0,0.0,0.5,-10.799999999999955,-81.10000000000002,700.0,900.0,900.0,1.2069999999999779,0.6570000000000005,0.1570000000000001,275.0,1
1.557,891.0,724.0,616.0,891.5,724.5,616.5,0.0,0.0,0.0,0.5,-10.799999999999955,-81.10000000000002,700.0,900.0,900.0,1.2079999999999778,0.6580000000000005,0.1580000000000001,275.0,1
1.558,891.0,724.0,616.0,891.5,724.5,616.5,0.0,0.0,0.0,0.5,-10.799999999999955,-81.10000000000002,700.0,900.0,900.0,1.2089999999999776,0.6590000000000005,0.1590000000000001,275.0,1
1.559,891.0,724.0,616.0,891.5,724.5,616.5,0.0,0.0,0.0,0.5,-10.799999999999955,-81.10000000000002,700.0,900.0,900.0,1.2099999999999775,0.6600000000000005,0.16000000000000011,275.0,1
1.56,891.0,724.0,616.0,891.5,724.5,616.5,0.0,0.0,0.0,0.5,-10.799999999999955,-81.10000000000002,700.0,900.0,900.0,1.2109999999999774,0.6610000000000005,0.16100000000000012,275.0,1
1.561,891.0,724.0,616.0,891.5,724.5,616.5,0.0,0.0,0.0,0.5,-10.799999999999955,-81.10000000000002,700.0,900.0,900.0,1.2119999999999773,0.6620000000000005,0.16200000000000012,275.0,1
1.562,891.0,724.0,616.0,891.5,724.5,616.5,0.0,0.0,0.0,0.5,-10.799999999999955,-81.10000000000002,700.0,900.0,900.0,1.2129999999999772,0.6630000000000005,0.16300000000000012,275.0,1
1.563,891.0,724.0,616.0,891.5,724.5,616.5,0.0,0.0,0.0,0.5,-10.799999999999955,-81.10000000000002,700.0,900.0,900.0,1.213999999999977,0.6640000000000005,0.16400000000000012,275.0,1
1.564,891.0,724.0,616.0,891.5,724.5,616.5,0.0,0.0,0.0,0.5,-10.799999999999955,-81.10000000000002,700.0,900.0,900.0,1.214999999999977,0.6650000000000005,0.16500000000000012,275.0,1
1.565,891.0,724.0,616.0,891.5,724.5,616.5,0.0,0.0,0.0,0.5,-10.799999999999955,-81.10000000000002,700.0,900.0,900.0,1.2159999999999769,0.6660000000000005,0.16600000000000012,275.0,1
1.566,891.0,724.0,616.0,891.5,724.5,616.5,0.0,0.0,0.0,0.5,-10.799999999999955,-81.10000000000002,700.0,900.0,900.0,1.2169999999999768,0.6670000000000005,0.16700000000000012,275.0,1
1.567,891.0,724.0,616.0,891.5,724.5,616.5,0.0,0.0,0.0,0.5,-10.799999999999955,-81.10000000000002,700.0,900.0,900.0,1.2179999999999767,0.6680000000000005,0.16800000000000012,275.0,1
1.568,891.0,724.0,616.0,891.5,724.5,616.5,0.0,0.0,0.0,0.5,-10.799999999999955,-81.10000000000002,700.0,900.0,900.0,1.2189999999999765,0.6690000000000005,0.16900000000000012,275.0,1
1.569,891.0,724.0,616.0,891.5,724.5,616.5,0.0,0.0,0.0,0.5,-10.799999999999955,-81.10000000000002,700.0,900.0,900.0,1.2199999999999764,0.6700000000000005,0.17000000000000012,275.0,1
1.57,891.0,724.0,616.0,891.5,724.5,616.5,0.0,0.0,0.0,0.5,-10.799999999999955,-81.10000000000002,700.0,900.0,900.0,1.2209999999999763,0.6710000000000005,0.17100000000000012,275.0,1
1.571,891.0,724.0,616.0,891.5,724.5,616.5,0.0,0.0,0.0,0.5,-10.799999999999955,-81.10000000000002,700.0,900.0,900.0,1.2219999999999762,0.6720000000000005,0.17200000000000013,275.0,1
1.572,891.0,724.0,616.0,891.5,724.5,616.5,0.0,0.0,0.0,0.5,-10.799999999999955,-81.10000000000002,700.0,900.0,900.0,1.222999999999976,0.6730000000000005,0.17300000000000013,275.0,1
1.573,891.0,724.0,616.0,891.5,724.5,616.5,0.0,0.0,0.0,0.5,-10.799999999999955,-81.10000000000002,700.0,900.0,900.0,1.223999999999976,0.6740000000000005,0.17400000000000013,275.0,1
1.574,891.0,724.0,616.0,891.5,724.5,616.5,0.0,0.0,0.0,0.5,-10.799999999999955,-81.10000000000002,700.0,900.0,900.0,1.2249999999999759,0.6750000000000005,0.17500000000000013,275.0,1
1.575,891.0,724.0,616.0,891.5,724.5,616.5,0.0,0.0,0.0,0.5,-10.799999999999955,-81.10000000000002,700.0,900.0,900.0,1.2259999999999758,0.6760000000000005,0.17600000000000013,275.0,1
1.576,891.0,724.0,616.0,891.5,724.5,616.5,0.0,0.0,0.0,0.5,-10.799999999999955,-81.10000000000002,700.0,900.0,900.0,1.2269999999999757,0.6770000000000005,0.17700000000000013,275.0,1
1.577,891.0,724.0,616.0,891.5,724.5,616.5,0.0,0.0,0.0,0.5,-10.799999999999955,-81.10000000000002,700.0,900.0,900.0,1.2279999999999756,0.6780000000000005,0.17800000000000013,275.0,1
1.578,891.0,724.0,616.0,891.5,724.5,616.5,0.0,0.0,0.0,0.5,-10.799999999999955,-81.10000000000002,700.0,900.0,900.0,1.2289999999999754,0.6790000000000005,0.17900000000000013,275.0,1
1.579,891.0,724.0,616.0,891.5,724.5,616.5,0.0,0.0,0.0,0.5,-10.799999999999955,-81.10000000000002,700.0,900.0,900.0,1.2299999999999753,0.6800000000000005,0.18000000000000013,275.0,1
1.58,891.0,724.0,616.0,891.5,724.5,616.5,0.0,0.0,0.0,0.5,-10.799999999999955,-81.10000000000002,700.0,900.0,900.0,1.2309999999999752,0.6810000000000005,0.18100000000000013,275.0,1
1.581,891.0,724.0,616.0,891.5,724.5,616.5,0.0,0.0,0.0,0.5,-10.799999999999955,-81.10000000000002,700.0,900.0,900.0,1.2319999999999751,0.6820000000000005,0.18200000000000013,275.0,1
1.582,891.0,724.0,616.0,891.5,724.5,616.5,0.0,0.0,0.0,0.5,-10.799999999999955,-81.10000000000002,700.0,900.0,900.0,1.232999999999975,0.6830000000000005,0.18300000000000013,275.0,1
1.583,891.0,724.0,616.0,891.5,724.5,616.5,0.0,0.0,0.0,0.5,-10.799999999999955,-81.10000000000002,700.0,900.0,900.0,1.233999999999975,0.6840000000000005,0.18400000000000014,275.0,1
1.584,891.0,724.0,616.0,891.5,724.5,616.5,0.0,0.0,0.0,0.5,-10.799999999999955,-81.10000000000002,700.0,900.0,900.0,1.2349999999999748,0.6850000000000005,0.18500000000000014,275.0,1
1.585,891.0,724.0,616.0,891.5,724.5,616.5,0.0,0.0,0.0,0.5,-10.799999999999955,-81.10000000000002,700.0,900.0,900.0,1.2359999999999747,0.6860000000000005,0.18600000000000014,275.0,1
1.586,891.0,724.0,616.0,891.5,724.5,616.5,0.0,0.0,0.0,0.5,-10.799999999999955,-81.10000000000002,700.0,900.0,900.0,1.2369999999999746,0.6870000000000005,0.18700000000000014,275.0,1
1.587,891.0,724.0,616.0,891.5,724.5,616.5,0.0,0.0,0.0,0.5,-10.799999999999955,-81.10000000000002,700.0,900.0,900.0,1.2379999999999745,0.6880000000000005,0.18800000000000014,275.0,1
1.588,891.0,724.0,616.0,891.5,724.5,616.5,0.0,0.0,0.0,0.5,-10.799999999999955,-81.10000000000002,700.0,900.0,900.0,1.2389999999999743,0.6890000000000005,0.18900000000000014,275.0,1
1.589,891.0,724.0,616.0,891.5,724.5,616.5,0.0,0.0,0.0,0.5,-10.799999999999955,-81.10000000000002,700.0,900.0,900.0,1.2399999999999742,0.6900000000000005,0.19000000000000014,275.0,1
1.59,891.0,724.0,616.0,891.5,724.5,616.5,0.0,0.0,0.0,0.5,-10.799999999999955,-81.10000000000002,700.0,900.0,900.0,1.2409999999999741,0.6910000000000005,0.19100000000000014,275.0,1
1.591,891.0,724.0,616.0,891.5,724.5,616.5,0.0,0.0,0.0,0.5,-10.799999999999955,-81.10000000000002,700.0,900.0,900.0,1.241999999999974,0.6920000000000005,0.19200000000000014,275.0,1
1.592,891.0,724.0,616.0,891.5,724.5,616.5,0.0,0.0,0.0,0.5,-10.799999999999955,-81.10000000000002,700.0,900.0,900.0,1.242999999999974,0.6930000000000005,0.19300000000000014,275.0,1
1.593,891.0,724.0,616.0,891.5,724.5,616.5,0.0,0.0,0.0,0.5,-10.799999999999955,-81.10000000000002,700.0,900.0,900.0,1.2439999999999738,0.6940000000000005,0.19400000000000014,275.0,1
1.594,891.0,724.0,616.0,891.5,724.5,616.5,0.0,0.0,0.0,0.5,-10.799999999999955,-81.10000000000002,700.0,900.0,900.0,1.2449999999999737,0.6950000000000005,0.19500000000000015,275.0,1
1.595,891.0,724.0,616.0,891.5,724.5,616.5,0.0,0.0,0.0,0.5,-10.799999999999955,-81.10000000000002,700.0,900.0,900.0,1.2459999999999736,0.6960000000000005,0.19600000000000015,275.0,1
1.596,891.0,724.0,616.0,891.5,724.5,616.5,0.0,0.0,0.0,0.5,-10.799999999999955,-81.10000000000002,700.0,900.0,900.0,1.2469999999999735,0.6970000000000005,0.19700000000000015,275.0,1
1.597,891.0,724.0,616.0,891.5,724.5,616.5,0.0,0.0,0.0,0.5,-10.799999999999955,-81.10000000000002,700.0,900.0,900.0,1.2479999999999734,0.6980000000000005,0.19800000000000015,275.0,1
1.598,891.0,724.0,616.0,891.5,724.5,616.5,0.0,0.0,0.0,0.5,-10.799999999999955,-81.10000000000002,700.0,900.0,900.0,1.2489999999999732,0.6990000000000005,0.19900000000000015,275.0,1
1.599,891.0,724.0,616.0,891.5,724.5,616.5,0.0,0.0,0.0,0.5,-10.799999999999955,-81.10000000000002,700.0,900.0,900.0,1.2499999999999731,0.7000000000000005,0.20000000000000015,275.0,1
1.6,891.0,724.0,616.0,891.5,724.5,616.5,0.0,0.0,0.0,0.5,-10.799999999999955,-81.10000000000002,700.0,900.0,900.0,1.250999999999973,0.7010000000000005,0.20100000000000015,275.0,1
1.601,891.0,724.0,616.0,891.5,724.5,616.5,0.0,0.0,0.0,0.5,-10.799999999999955,-81.10000000000002,700.0,900.0,900.0,1.251999999999973,0.7020000000000005,0.20200000000000015,275.0,1
1.602,891.0,724.0,616.0,891.5,724.5,616.5,0.0,0.0,0.0,0.5,-10.799999999999955,-81.10000000000002,700.0,900.0,900.0,1.2529999999999728,0.7030000000000005,0.20300000000000015,275.0,1
1.603,891.0,724.0,616.0,891.5,724.5,616.5,0.0,0.0,0.0,0.5,-10.799999999999955,-81.10000000000002,700.0,900.0,900.0,1.2539999999999727,0.7040000000000005,0.20400000000000015,275.0,1
1.604,891.0,724.0,616.0,891.5,724.5,616.5,0.0,0.0,0.0,0.5,-10.799999999999955,-81.10000000000002,700.0,900.0,900.0,1.2549999999999726,0.7050000000000005,0.20500000000000015,275.0,1
1.605,891.0,724.0,616.0,891.5,724.5,616.5,0.0,0.0,0.0,0.5,-10.799999999999955,-81.10000000000002,700.0,900.0,900.0,1.2559999999999725,0.7060000000000005,0.20600000000000016,275.0,1
1.606,891.0,724.0,616.0,891.5,724.5,616.5,0.0,0.0,0.0,0.5,-10.799999999999955,-81.10000000000002,700.0,900.0,900.0,1.2569999999999724,0.7070000000000005,0.20700000000000016,275.0,1
1.607,891.0,724.0,616.0,891.5,724.5,616.5,0.0,0.0,0.0,0.5,-10.799999999999955,-81.10000000000002,700.0,900.0,900.0,1.2579999999999723,0.7080000000000005,0.20800000000000016,275.0,1
1.608,891.0,724.0,616.0,891.5,724.5,616.5,0.0,0.0,0.0,0.5,-10.799999999999955,-81.10000000000002,700.0,900.0,900.0,1.2589999999999721,0.7090000000000005,0.20900000000000016,275.0,1
1.609,891.0,724.0,616.0,891.5,724.5,616.5,0.0,0.0,0.0,0.5,-10.799999999999955,-81.10000000000002,700.0,900.0,900.0,1.259999999999972,0.7100000000000005,0.21000000000000016,275.0,1
1.61,891.0,724.0,616.0,891.5,724.5,616.5,0.0,0.0,0.0,0.5,-10.799999999999955,-81.10000000000002,700.0,900.0,900.0,1.260999999999972,0.7110000000000005,0.21100000000000016,275.0,1
1.611,891.0,724.0,616.0,891.5,724.5,616.5,0.0,0.0,0.0,0.5,-10.799999999999955,-81.10000000000002,700.0,900.0,900.0,1.2619999999999718,0.7120000000000005,0.21200000000000016,275.0,1
1.612,891.0,724.0,616.0,891.5,724.5,616.5,0.0,0.0,0.0,0.5,-10.799999999999955,-81.10000000000002,700.0,900.0,900.0,1.2629999999999717,0.7130000000000005,0.21300000000000016,275.0,1
1.613,891.0,724.0,616.0,891.5,724.5,616.5,0.0,0.0,0.0,0.5,-10.799999999999955,-81.10000000000002,700.0,900.0,900.0,1.2639999999999716,0.7140000000000005,0.21400000000000016,275.0,1
1.614,891.0,724.0,616.0,891.5,724.5,616.5,0.0,0.0,0.0,0.5,-10.799999999999955,-81.10000000000002,700.0,900.0,900.0,1.2649999999999715,0.7150000000000005,0.21500000000000016,275.0,1
1.615,891.0,724.0,616.0,891.5,724.5,616.5,0.0,0.0,0.0,0.5,-10.799999999999955,-81.10000000000002,700.0,900.0,900.0,1.2659999999999714,0.7160000000000005,0.21600000000000016,275.0,1
1.616,891.0,724.0,616.0,891.5,724.5,616.5,0.0,0.0,0.0,0.5,-10.799999999999955,-81.10000000000002,700.0,900.0,900.0,1.2669999999999713,0.7170000000000005,0.21700000000000016,275.0,1
1.617,891.0,724.0,616.0,891.5,724.5,616.5,0.0,0.0,0.0,0.5,-10.799999999999955,-81.10000000000002,700.0,900.0,900.0,1.2679999999999712,0.7180000000000005,0.21800000000000017,275.0,1
1.618,891.0,724.0,616.0,891.5,724.5,616.5,0.0,0.0,0.0,0.5,-10.799999999999955,-81.10000000000002,700.0,900.0,900.0,1.268999999999971,0.7190000000000005,0.21900000000000017,275.0,1
1.619,891.0,724.0,616.0,891.5,724.5,616.5,0.0,0.0,0.0,0.5,-10.799999999999955,-81.10000000000002,700.0,900.0,900.0,1.269999999999971,0.7200000000000005,0.22000000000000017,275.0,1
1.62,891.0,724.0,616.0,891.5,724.5,616.5,0.0,0.0,0.0,0.5,-10.799999999999955,-81.10000000000002,700.0,900.0,900.0,1.2709999999999708,0.7210000000000005,0.22100000000000017,275.0,1
1.621,891.0,724.0,616.0,891.5,724.5,616.5,0.0,0.0,0.0,0.5,-10.799999999999955,-81.10000000000002,700.0,900.0,900.0,1.2719999999999707,0.7220000000000005,0.22200000000000017,275.0,1
1.622,891.0,724.0,616.0,891.5,724.5,616.5,0.0,0.0,0.0,0.5,-10.799999999999955,-81.10000000000002,700.0,900.0,900.0,1.2729999999999706,0.7230000000000005,0.22300000000000017,275.0,1
1.623,891.0,724.0,616.0,891.5,724.5,616.5,0.0,0.0,0.0,0.5,-10.799999999999955,-81.10000000000002,700.0,900.0,900.0,1.2739999999999705,0.7240000000000005,0.22400000000000017,275.0,1
1.624,891.0,724.0,616.0,891.5,724.5,616.5,0.0,0.0,0.0,0.5,-10.799999999999955,-81.10000000000002,700.0,900.0,900.0,1.2749999999999704,0.7250000000000005,0.22500000000000017,275.0,1
1.625,891.0,724.0,616.0,891.5,724.5,616.5,0.0,0.0,0.0,0.5,-10.799999999999955,-81.10000000000002,700.0,900.0,900.0,1.2759999999999703,0.7260000000000005,0.22600000000000017,275.0,1
1.6260000000000001,891.0,724.0,616.0,891.5,724.5,616.5,0.0,0.0,0.0,0.5,-10.799999999999955,-81.10000000000002,700.0,900.0,900.0,1.2769999999999702,0.7270000000000005,0.22700000000000017,275.0,1
1.627,891.0,724.0,616.0,891.5,724.5,616.5,0.0,0.0,0.0,0.5,-10.799999999999955,-81.10000000000002,700.0,900.0,900.0,1.27799999999997,0.7280000000000005,0.22800000000000017,275.0,1
1.6280000000000001,891.0,724.0,616.0,891.5,724.5,616.5,0.0,0.0,0.0,0.5,-10.799999999999955,-81.10000000000002,700.0,900.0,900.0,1.27899999999997,0.7290000000000005,0.22900000000000018,275.0,1
1.629,891.0,724.0,616.0,891.5,724.5,616.5,0.0,0.0,0.0,0.5,-10.799999999999955,-81.10000000000002,700.0,900.0,900.0,1.2799999999999698,0.7300000000000005,0.23000000000000018,275.0,1
1.6300000000000001,891.0,724.0,616.0,891.5,724.5,616.5,0.0,0.0,0.0,0.5,-10.799999999999955,-81.10000000000002,700.0,900.0,900.0,1.2809999999999697,0.7310000000000005,0.23100000000000018,275.0,1
1.631,891.0,724.0,616.0,891.5,724.5,616.5,0.0,0.0,0.0,0.5,-10.799999999999955,-81.10000000000002,700.0,900.0,900.0,1.2819999999999696,0.7320000000000005,0.23200000000000018,275.0,1
1.6320000000000001,891.0,724.0,616.0,891.5,724.5,616.5,0.0,0.0,0.0,0.5,-10.799999999999955,-81.10000000000002,700.0,900.0,900.0,1.2829999999999695,0.7330000000000005,0.23300000000000018,275.0,1
1.633,891.0,724.0,616.0,891.5,724.5,616.5,0.0,0.0,0.0,0.5,-10.799999999999955,-81.10000000000002,700.0,900.0,900.0,1.2839999999999694,0.7340000000000005,0.23400000000000018,275.0,1
1.6340000000000001,891.0,724.0,616.0,891.5,724.5,616.5,0.0,0.0,0.0,0.5,-10.799999999999955,-81.10000000000002,700.0,900.0,900.0,1.2849999999999693,0.7350000000000005,0.23500000000000018,275.0,1
1.635,891.0,724.0,616.0,891.5,724.5,616.5,0.0,0.0,0.0,0.5,-10.799999999999955,-81.10000000000002,700.0,900.0,900.0,1.2859999999999692,0.7360000000000005,0.23600000000000018,275.0,1
1.6360000000000001,891.0,724.0,616.0,891.5,724.5,616.5,0.0,0.0,0.0,0.5,-10.799999999999955,-81.10000000000002,700.0,900.0,900.0,1.286999999999969,0.7370000000000005,0.23700000000000018,275.0,1
1.637,891.0,724.0,616.0,891.5,724.5,616.5,0.0,0.0,0.0,0.5,-10.799999999999955,-81.10000000000002,700.0,900.0,900.0,1.287999999999969,0.7380000000000005,0.23800000000000018,275.0,1
1.6380000000000001,891.0,724.0,616.0,891.5,724.5,616.5,0.0,0.0,0.0,0.5,-10.799999999999955,-81.10000000000002,700.0,900.0,900.0,1.2889999999999688,0.7390000000000005,0.23900000000000018,275.0,1
1.639,891.0,724.0,616.0,891.5,724.5,616.5,0.0,0.0,0.0,0.5,-10.799999999999955,-81.10000000000002,700.0,900.0,900.0,1.2899999999999687,0.7400000000000005,0.24000000000000019,275.0,1
1.6400000000000001,891.0,724.0,616.0,891.5,724.5,616.5,0.0,0.0,0.0,0.5,-10.799999999999955,-81.10000000000002,700.0,900.0,900.0,1.2909999999999686,0.7410000000000005,0.2410000000000002,275.0,1
1.641,891.0,724.0,616.0,891.5,724.5,616.5,0.0,0.0,0.0,0.5,-10.799999999999955,-81.10000000000002,700.0,900.0,900.0,1.2919999999999685,0.7420000000000005,0.2420000000000002,275.0,1
1.6420000000000001,891.0,724.0,616.0,891.5,724.5,616.5,0.0,0.0,0.0,0.5,-10.799999999999955,-81.10000000000002,700.0,900.0,900.0,1.2929999999999684,0.7430000000000005,0.2430000000000002,275.0,1
1.643,891.0,724.0,616.0,891.5,724.5,616.5,0.0,0.0,0.0,0.5,-10.799999999999955,-81.10000000000002,700.0,900.0,900.0,1.2939999999999683,0.7440000000000005,0.2440000000000002,275.0,1
1.6440000000000001,891.0,724.0,616.0,891.5,724.5,616.5,0.0,0.0,0.0,0.5,-10.799999999999955,-81.10000000000002,700.0,900.0,900.0,1.2949999999999682,0.7450000000000006,0.2450000000000002,275.0,1
1.645,891.0,724.0,616.0,891.5,724.5,616.5,0.0,0.0,0.0,0.5,-10.799999999999955,-81.10000000000002,700.0,900.0,900.0,1.295999999999968,0.7460000000000006,0.2460000000000002,275.0,1
1.6460000000000001,891.0,724.0,616.0,891.5,724.5,616.5,0.0,0.0,0.0,0.5,-10.799999999999955,-81.10000000000002,700.0,900.0,900.0,1.296999999999968,0.7470000000000006,0.2470000000000002,275.0,1
1.647,891.0,724.0,616.0,891.5,724.5,616.5,0.0,0.0,0.0,0.5,-10.799999999999955,-81.10000000000002,700.0,900.0,900.0,1.2979999999999678,0.7480000000000006,0.2480000000000002,275.0,1
1.6480000000000001,891.0,724.0,616.0,891.5,724.5,616.5,0.0,0.0,0.0,0.5,-10.799999999999955,-81.10000000000002,700.0,900.0,900.0,1.2989999999999677,0.7490000000000006,0.2490000000000002,275.0,1
1.649,891.0,724.0,616.0,891.5,724.5,616.5,0.0,0.0,0.0,0.5,-10.799999999999955,-81.10000000000002,700.0,900.0,900.0,1.2999999999999676,0.7500000000000006,0.25000000000000017,275.0,1
1.6500000000000001,891.0,724.0,616.0,891.5,724.5,616.5,0.0,0.0,0.0,0.5,-10.799999999999955,-81.10000000000002,700.0,900.0,900.0,1.3009999999999675,0.7510000000000006,0.25100000000000017,275.0,1
1.651,891.0,724.0,616.0,891.5,724.5,616.5,0.0,0.0,0.0,0.5,-10.799999999999955,-81.10000000000002,700.0,900.0,900.0,1.3019999999999674,0.7520000000000006,0.25200000000000017,275.0,1
1.6520000000000001,891.0,724.0,616.0,891.5,724.5,616.5,0.0,0.0,0.0,0.5,-10.799999999999955,-81.10000000000002,700.0,900.0,900.0,1.3029999999999673,0.7530000000000006,0.25300000000000017,275.0,1
1.653,891.0,724.0,616.0,891.5,724.5,616.5,0.0,0.0,0.0,0.5,-10.799999999999955,-81.10000000000002,700.0,900.0,900.0,1.3039999999999672,0.7540000000000006,0.25400000000000017,275.0,1
1.6540000000000001,891.0,724.0,616.0,891.5,724.5,616.5,0.0,0.0,0.0,0.5,-10.799999999999955,-81.10000000000002,700.0,900.0,900.0,1.304999999999967,0.7550000000000006,0.25500000000000017,275.0,1
1.655,891.0,724.0,616.0,891.5,724.5,616.5,0.0,0.0,0.0,0.5,-10.799999999999955,-81.10000000000002,700.0,900.0,900.0,1.305999999999967,0.7560000000000006,0.25600000000000017,275.0,1
1.6560000000000001,891.0,724.0,616.0,891.5,724.5,616.5,0.0,0.0,0.0,0.5,-10.799999999999955,-81.10000000000002,700.0,900.0,900.0,1.3069999999999669,0.7570000000000006,0.2570000000000002,275.0,1
1.657,891.0,724.0,616.0,891.5,724.5,616.5,0.0,0.0,0.0,0.5,-10.799999999999955,-81.10000000000002,700.0,900.0,900.0,1.3079999999999667,0.7580000000000006,0.2580000000000002,275.0,1
1.6580000000000001,891.0,724.0,616.0,891.5,724.5,616.5,0.0,0.0,0.0,0.5,-10.799999999999955,-81.10000000000002,700.0,900.0,900.0,1.3089999999999666,0.7590000000000006,0.2590000000000002,275.0,1
1.659,891.0,724.0,616.0,891.5,724.5,616.5,0.0,0.0,0.0,0.5,-10.799999999999955,-81.10000000000002,700.0,900.0,900.0,1.3099999999999665,0.7600000000000006,0.2600000000000002,275.0,1
1.6600000000000001,891.0,724.0,616.0,891.5,724.5,616.5,0.0,0.0,0.0,0.5,-10.799999999999955,-81.10000000000002,700.0,900.0,900.0,1.3109999999999664,0.7610000000000006,0.2610000000000002,275.0,1
1.661,891.0,724.0,616.0,891.5,724.5,616.5,0.0,0.0,0.0,0.5,-10.799999999999955,-81.10000000000002,700.0,900.0,900.0,1.3119999999999663,0.7620000000000006,0.2620000000000002,275.0,1
1.6620000000000001,891.0,724.0,616.0,891.5,724.5,616.5,0.0,0.0,0.0,0.5,-10.799999999999955,-81.10000000000002,700.0,900.0,900.0,1.3129999999999662,0.7630000000000006,0.2630000000000002,275.0,1
1.663,891.0,724.0,616.0,891.5,724.5,616.5,0.0,0.0,0.0,0.5,-10.799999999999955,-81.10000000000002,700.0,900.0,900.0,1.313999999999966,0.7640000000000006,0.2640000000000002,275.0,1
1.6640000000000001,891.0,724.0,616.0,891.5,724.5,616.5,0.0,0.0,0.0,0.5,-10.799999999999955,-81.10000000000002,700.0,900.0,900.0,1.314999999999966,0.7650000000000006,0.2650000000000002,275.0,1
1.665,891.0,724.0,616.0,891.5,724.5,616.5,0.0,0.0,0.0,0.5,-10.799999999999955,-81.10000000000002,700.0,900.0,900.0,1.3159999999999659,0.7660000000000006,0.2660000000000002,275.0,1
1.666,891.0,724.0,616.0,891.5,724.5,616.5,0.0,0.0,0.0,0.5,-10.799999999999955,-81.10000000000002,700.0,900.0,900.0,1.3169999999999658,0.7670000000000006,0.2670000000000002,275.0,1
1.667,891.0,724.0,616.0,891.5,724.5,616.5,0.0,0.0,0.0,0.5,-10.799999999999955,-81.10000000000002,700.0,900.0,900.0,1.3179999999999656,0.7680000000000006,0.2680000000000002,275.0,1
1.668,891.0,724.0,616.0,891.5,724.5,616.5,0.0,0.0,0.0,0.5,-10.799999999999955,-81.10000000000002,700.0,900.0,900.0,1.3189999999999655,0.7690000000000006,0.2690000000000002,275.0,1
1.669,891.0,724.0,616.0,891.5,724.5,616.5,0.0,0.0,0.0,0.5,-10.799999999999955,-81.10000000000002,700.0,900.0,900.0,1.3199999999999654,0.7700000000000006,0.2700000000000002,275.0,1
1.67,891.0,724.0,616.0,891.5,724.5,616.5,0.0,0.0,0.0,0.5,-10.799999999999955,-81.10000000000002,700.0,900.0,900.0,1.3209999999999653,0.7710000000000006,0.2710000000000002,275.0,1
1.671,891.0,724.0,616.0,891.5,724.5,616.5,0.0,0.0,0.0,0.5,-10.799999999999955,-81.10000000000002,700.0,900.0,900.0,1.3219999999999652,0.7720000000000006,0.2720000000000002,275.0,1
1.672,891.0,724.0,616.0,891.5,724.5,616.5,0.0,0.0,0.0,0.5,-10.799999999999955,-81.10000000000002,700.0,900.0,900.0,1.322999999999965,0.7730000000000006,0.2730000000000002,275.0,1
1.673,891.0,724.0,616.0,891.5,724.5,616.5,0.0,0.0,0.0,0.5,-10.799999999999955,-81.10000000000002,700.0,900.0,900.0,1.323999999999965,0.7740000000000006,0.2740000000000002,275.0,1
1.674,891.0,724.0,616.0,891.5,724.5,616.5,0.0,0.0,0.0,0.5,-10.799999999999955,-81.10000000000002,700.0,900.0,900.0,1.3249999999999649,0.7750000000000006,0.2750000000000002,275.0,1
1.675,891.0,724.0,616.0,891.5,724.5,616.5,0.0,0.0,0.0,0.5,-10.799999999999955,-81.10000000000002,700.0,900.0,900.0,1.3259999999999648,0.7760000000000006,0.2760000000000002,275.0,1
1.676,891.0,724.0,616.0,891.5,724.5,616.5,0.0,0.0,0.0,0.5,-10.799999999999955,-81.10000000000002,700.0,900.0,900.0,1.3269999999999647,0.7770000000000006,0.2770000000000002,275.0,1
1.677,891.0,724.0,616.0,891.5,724.5,616.5,0.0,0.0,0.0,0.5,-10.799999999999955,-81.10000000000002,700.0,900.0,900.0,1.3279999999999645,0.7780000000000006,0.2780000000000002,275.0,1
1.678,891.0,724.0,616.0,891.5,724.5,616.5,0.0,0.0,0.0,0.5,-10.799999999999955,-81.10000000000002,700.0,900.0,900.0,1.3289999999999644,0.7790000000000006,0.2790000000000002,275.0,1
1.679,891.0,724.0,616.0,891.5,724.5,616.5,0.0,0.0,0.0,0.5,-10.799999999999955,-81.10000000000002,700.0,900.0,900.0,1.3299999999999643,0.7800000000000006,0.2800000000000002,275.0,1
1.68,891.0,724.0,616.0,891.5,724.5,616.5,0.0,0.0,0.0,0.5,-10.799999999999955,-81.10000000000002,700.0,900.0,900.0,1.3309999999999642,0.7810000000000006,0.2810000000000002,275.0,1
1.681,891.0,724.0,616.0,891.5,724.5,616.5,0.0,0.0,0.0,0.5,-10.799999999999955,-81.10000000000002,700.0,900.0,900.0,1.331999999999964,0.7820000000000006,0.2820000000000002,275.0,1
1.682,891.0,724.0,616.0,891.5,724.5,616.5,0.0,0.0,0.0,0.5,-10.799999999999955,-81.10000000000002,700.0,900.0,900.0,1.332999999999964,0.7830000000000006,0.2830000000000002,275.0,1
1.683,891.0,724.0,616.0,891.5,724.5,616.5,0.0,0.0,0.0,0.5,-10.799999999999955,-81.10000000000002,700.0,900.0,900.0,1.3339999999999639,0.7840000000000006,0.2840000000000002,275.0,1
1.684,891.0,724.0,616.0,891.5,724.5,616.5,0.0,0.0,0.0,0.5,-10.799999999999955,-81.10000000000002,700.0,900.0,900.0,1.3349999999999638,0.7850000000000006,0.2850000000000002,275.0,1
1.685,891.0,724.0,616.0,891.5,724.5,616.5,0.0,0.0,0.0,0.5,-10.799999999999955,-81.10000000000002,700.0,900.0,900.0,1.3359999999999637,0.7860000000000006,0.2860000000000002,275.0,1
1.686,891.0,724.0,616.0,891.5,724.5,616.5,0.0,0.0,0.0,0.5,-10.799999999999955,-81.10000000000002,700.0,900.0,900.0,1.3369999999999636,0.7870000000000006,0.2870000000000002,275.0,1
1.687,891.0,724.0,616.0,891.5,724.5,616.5,0.0,0.0,0.0,0.5,-10.799999999999955,-81.10000000000002,700.0,900.0,900.0,1.3379999999999634,0.7880000000000006,0.2880000000000002,275.0,1
1.688,891.0,724.0,616.0,891.5,724.5,616.5,0.0,0.0,0.0,0.5,-10.799999999999955,-81.10000000000002,700.0,900.0,900.0,1.3389999999999633,0.7890000000000006,0.2890000000000002,275.0,1
1.689,891.0,724.0,616.0,891.5,724.5,616.5,0.0,0.0,0.0,0.5,-10.799999999999955,-81.10000000000002,700.0,900.0,900.0,1.3399999999999632,0.7900000000000006,0.2900000000000002,275.0,1
1.69,891.0,724.0,616.0,891.5,724.5,616.5,0.0,0.0,0.0,0.5,-10.799999999999955,-81.10000000000002,700.0,900.0,900.0,1.340999999999963,0.7910000000000006,0.2910000000000002,275.0,1
1.691,891.0,724.0,616.0,891.5,724.5,616.5,0.0,0.0,0.0,0.5,-10.799999999999955,-81.10000000000002,700.0,900.0,900.0,1.341999999999963,0.7920000000000006,0.2920000000000002,275.0,1
1.692,891.0,724.0,616.0,891.5,724.5,616.5,0.0,0.0,0.0,0.5,-10.799999999999955,-81.10000000000002,700.0,900.0,900.0,1.342999999999963,0.7930000000000006,0.2930000000000002,275.0,1
1.693,891.0,724.0,616.0,891.5,724.5,616.5,0.0,0.0,0.0,0.5,-10.799999999999955,-81.10000000000002,700.0,900.0,900.0,1.3439999999999628,0.7940000000000006,0.2940000000000002,275.0,1
1.694,891.0,724.0,616.0,891.5,724.5,616.5,0.0,0.0,0.0,0.5,-10.799999999999955,-81.10000000000002,700.0,900.0,900.0,1.3449999999999627,0.7950000000000006,0.2950000000000002,275.0,1
1.695,891.0,724.0,616.0,891.5,724.5,616.5,0.0,0.0,0.0,0.5,-10.799999999999955,-81.10000000000002,700.0,900.0,900.0,1.3459999999999626,0.7960000000000006,0.2960000000000002,275.0,1
1.696,891.0,724.0,616.0,891.5,724.5,616.5,0.0,0.0,0.0,0.5,-10.799999999999955,-81.10000000000002,700.0,900.0,900.0,1.3469999999999624,0.7970000000000006,0.2970000000000002,275.0,1
1.697,891.0,724.0,616.0,891.5,724.5,616.5,0.0,0.0,0.0,0.5,-10.799999999999955,-81.10000000000002,700.0,900.0,900.0,1.3479999999999623,0.7980000000000006,0.2980000000000002,275.0,1
1.698,891.0,724.0,616.0,891.5,724.5,616.5,0.0,0.0,0.0,0.5,-10.799999999999955,-81.10000000000002,700.0,900.0,900.0,1.3489999999999622,0.7990000000000006,0.2990000000000002,275.0,1
1.699,891.0,724.0,616.0,891.5,724.5,616.5,0.0,0.0,0.0,0.5,-10.799999999999955,-81.10000000000002,700.0,900.0,900.0,1.3499999999999621,0.8000000000000006,0.3000000000000002,275.0,1
1.7,891.0,724.0,616.0,891.5,724.5,616.5,0.0,0.0,0.0,0.5,-10.799999999999955,-81.10000000000002,700.0,900.0,900.0,1.350999999999962,0.8010000000000006,0.3010000000000002,275.0,1
1.701,891.0,724.0,616.0,891.5,724.5,616.5,0.0,0.0,0.0,0.5,-10.799999999999955,-81.10000000000002,700.0,900.0,900.0,1.351999999999962,0.8020000000000006,0.3020000000000002,275.0,1
1.702,891.0,724.0,616.0,891.5,724.5,616.5,0.0,0.0,0.0,0.5,-10.799999999999955,-81.10000000000002,700.0,900.0,900.0,1.3529999999999618,0.8030000000000006,0.3030000000000002,275.0,1
1.703,891.0,724.0,616.0,891.5,724.5,616.5,0.0,0.0,0.0,0.5,-10.799999999999955,-81.10000000000002,700.0,900.0,900.0,1.3539999999999617,0.8040000000000006,0.3040000000000002,275.0,1
1.704,891.0,724.0,616.0,891.5,724.5,616.5,0.0,0.0,0.0,0.5,-10.799999999999955,-81.10000000000002,700.0,900.0,900.0,1.3549999999999616,0.8050000000000006,0.3050000000000002,275.0,1
1.705,891.0,724.0,616.0,891.5,724.5,616.5,0.0,0.0,0.0,0.5,-10.799999999999955,-81.10000000000002,700.0,900.0,900.0,1.3559999999999615,0.8060000000000006,0.3060000000000002,275.0,1
1.706,891.0,724.0,616.0,891.5,724.5,616.5,0.0,0.0,0.0,0.5,-10.799999999999955,-81.10000000000002,700.0,900.0,900.0,1.3569999999999613,0.8070000000000006,0.3070000000000002,275.0,1
1.707,891.0,724.0,616.0,891.5,724.5,616.5,0.0,0.0,0.0,0.5,-10.799999999999955,-81.10000000000002,700.0,900.0,900.0,1.3579999999999612,0.8080000000000006,0.3080000000000002,275.0,1
1.708,891.0,724.0,616.0,891.5,724.5,616.5,0.0,0.0,0.0,0.5,-10.799999999999955,-81.10000000000002,700.0,900.0,900.0,1.3589999999999611,0.8090000000000006,0.3090000000000002,275.0,1
1.709,891.0,724.0,616.0,891.5,724.5,616.5,0.0,0.0,0.0,0.5,-10.799999999999955,-81.10000000000002,700.0,900.0,900.0,1.359999999999961,0.8100000000000006,0.3100000000000002,275.0,1
1.71,891.0,724.0,616.0,891.5,724.5,616.5,0.0,0.0,0.0,0.5,-10.799999999999955,-81.10000000000002,700.0,900.0,900.0,1.360999999999961,0.8110000000000006,0.3110000000000002,275.0,1
1.711,891.0,724.0,616.0,891.5,724.5,616.5,0.0,0.0,0.0,0.5,-10.799999999999955,-81.10000000000002,700.0,900.0,900.0,1.3619999999999608,0.8120000000000006,0.3120000000000002,275.0,1
1.712,891.0,724.0,616.0,891.5,724.5,616.5,0.0,0.0,0.0,0.5,-10.799999999999955,-81.10000000000002,700.0,900.0,900.0,1.3629999999999607,0.8130000000000006,0.3130000000000002,275.0,1
1.713,891.0,724.0,616.0,891.5,724.5,616.5,0.0,0.0,0.0,0.5,-10.799999999999955,-81.10000000000002,700.0,900.0,900.0,1.3639999999999606,0.8140000000000006,0.3140000000000002,275.0,1
1.714,891.0,724.0,616.0,891.5,724.5,616.5,0.0,0.0,0.0,0.5,-10.799999999999955,-81.10000000000002,700.0,900.0,900.0,1.3649999999999605,0.8150000000000006,0.3150000000000002,275.0,1
1.715,891.0,724.0,616.0,891.5,724.5,616.5,0.0,0.0,0.0,0.5,-10.799999999999955,-81.10000000000002,700.0,900.0,900.0,1.3659999999999604,0.8160000000000006,0.3160000000000002,275.0,1
1.716,891.0,724.0,616.0,891.5,724.5,616.5,0.0,0.0,0.0,0.5,-10.799999999999955,-81.10000000000002,700.0,900.0,900.0,1.3669999999999602,0.8170000000000006,0.3170000000000002,275.0,1
1.717,891.0,724.0,616.0,891.5,724.5,616.5,0.0,0.0,0.0,0.5,-10.799999999999955,-81.10000000000002,700.0,900.0,900.0,1.3679999999999601,0.8180000000000006,0.3180000000000002,275.0,1
1.718,891.0,724.0,616.0,891.5,724.5,616.5,0.0,0.0,0.0,0.5,-10.799999999999955,-81.10000000000002,700.0,900.0,900.0,1.36899999999996,0.8190000000000006,0.31900000000000023,275.0,1
1.719,891.0,724.0,616.0,891.5,724.5,616.5,0.0,0.0,0.0,0.5,-10.799999999999955,-81.10000000000002,700.0,900.0,900.0,1.36999999999996,0.8200000000000006,0.32000000000000023,275.0,1
1.72,891.0,724.0,616.0,891.5,724.5,616.5,0.0,0.0,0.0,0.5,-10.799999999999955,-81.10000000000002,700.0,900.0,900.0,1.3709999999999598,0.8210000000000006,0.32100000000000023,275.0,1
1.721,891.0,724.0,616.0,891.5,724.5,616.5,0.0,0.0,0.0,0.5,-10.799999999999955,-81.10000000000002,700.0,900.0,900.0,1.3719999999999597,0.8220000000000006,0.32200000000000023,275.0,1
1.722,891.0,724.0,616.0,891.5,724.5,616.5,0.0,0.0,0.0,0.5,-10.799999999999955,-81.10000000000002,700.0,900.0,900.0,1.3729999999999596,0.8230000000000006,0.32300000000000023,275.0,1
1.723,891.0,724.0,616.0,891.5,724.5,616.5,0.0,0.0,0.0,0.5,-10.799999999999955,-81.10000000000002,700.0,900.0,900.0,1.3739999999999595,0.8240000000000006,0.32400000000000023,275.0,1
1.724,891.0,724.0,616.0,891.5,724.5,616.5,0.0,0.0,0.0,0.5,-10.799999999999955,-81.10000000000002,700.0,900.0,900.0,1.3749999999999594,0.8250000000000006,0.32500000000000023,275.0,1
1.725,891.0,724.0,616.0,891.5,724.5,616.5,0.0,0.0,0.0,0.5,-10.799999999999955,-81.10000000000002,700.0,900.0,900.0,1.3759999999999593,0.8260000000000006,0.32600000000000023,275.0,1
1.726,891.0,724.0,616.0,891.5,724.5,616.5,0.0,0.0,0.0,0.5,-10.799999999999955,-81.10000000000002,700.0,900.0,900.0,1.3769999999999591,0.8270000000000006,0.32700000000000023,275.0,1
1.727,891.0,724.0,616.0,891.5,724.5,616.5,0.0,0.0,0.0,0.5,-10.799999999999955,-81.10000000000002,700.0,900.0,900.0,1.377999999999959,0.8280000000000006,0.32800000000000024,275.0,1
1.728,891.0,724.0,616.0,891.5,724.5,616.5,0.0,0.0,0.0,0.5,-10.799999999999955,-81.10000000000002,700.0,900.0,900.0,1.378999999999959,0.8290000000000006,0.32900000000000024,275.0,1
1.729,891.0,724.0,616.0,891.5,724.5,616.5,0.0,0.0,0.0,0.5,-10.799999999999955,-81.10000000000002,700.0,900.0,900.0,1.3799999999999588,0.8300000000000006,0.33000000000000024,275.0,1
1.73,891.0,724.0,616.0,891.5,724.5,616.5,0.0,0.0,0.0,0.5,-10.799999999999955,-81.10000000000002,700.0,900.0,900.0,1.3809999999999587,0.8310000000000006,0.33100000000000024,275.0,1
1.731,891.0,724.0,616.0,891.5,724.5,616.5,0.0,0.0,0.0,0.5,-10.799999999999955,-81.10000000000002,700.0,900.0,900.0,1.3819999999999586,0.8320000000000006,0.33200000000000024,275.0,1
1.732,891.0,724.0,616.0,891.5,724.5,616.5,0.0,0.0,0.0,0.5,-10.799999999999955,-81.10000000000002,700.0,900.0,900.0,1.3829999999999585,0.8330000000000006,0.33300000000000024,275.0,1
1.733,891.0,724.0,616.0,891.5,724.5,616.5,0.0,0.0,0.0,0.5,-10.799999999999955,-81.10000000000002,700.0,900.0,900.0,1.3839999999999584,0.8340000000000006,0.33400000000000024,275.0,1
1.734,891.0,724.0,616.0,891.5,724.5,616.5,0.0,0.0,0.0,0.5,-10.799999999999955,-81.10000000000002,700.0,900.0,900.0,1.3849999999999583,0.8350000000000006,0.33500000000000024,275.0,1
1.735,891.0,724.0,616.0,891.5,724.5,616.5,0.0,0.0,0.0,0.5,-10.799999999999955,-81.10000000000002,700.0,900.0,900.0,1.3859999999999582,0.8360000000000006,0.33600000000000024,275.0,1
1.736,891.0,724.0,616.0,891.5,724.5,616.5,0.0,0.0,0.0,0.5,-10.799999999999955,-81.10000000000002,700.0,900.0,900.0,1.386999999999958,0.8370000000000006,0.33700000000000024,275.0,1
1.737,891.0,724.0,616.0,891.5,724.5,616.5,0.0,0.0,0.0,0.5,-10.799999999999955,-81.10000000000002,700.0,900.0,900.0,1.387999999999958,0.8380000000000006,0.33800000000000024,275.0,1
1.738,891.0,724.0,616.0,891.5,724.5,616.5,0.0,0.0,0.0,0.5,-10.799999999999955,-81.10000000000002,700.0,900.0,900.0,1.3889999999999578,0.8390000000000006,0.33900000000000025,275.0,1
1.739,891.0,724.0,616.0,891.5,724.5,616.5,0.0,0.0,0.0,0.5,-10.799999999999955,-81.10000000000002,700.0,900.0,900.0,1.3899999999999577,0.8400000000000006,0.34000000000000025,275.0,1
1.74,891.0,724.0,616.0,891.5,724.5,616.5,0.0,0.0,0.0,0.5,-10.799999999999955,-81.10000000000002,700.0,900.0,900.0,1.3909999999999576,0.8410000000000006,0.34100000000000025,275.0,1
1.741,891.0,724.0,616.0,891.5,724.5,616.5,0.0,0.0,0.0,0.5,-10.799999999999955,-81.10000000000002,700.0,900.0,900.0,1.3919999999999575,0.8420000000000006,0.34200000000000025,275.0,1
1.742,891.0,724.0,616.0,891.5,724.5,616.5,0.0,0.0,0.0,0.5,-10.799999999999955,-81.10000000000002,700.0,900.0,900.0,1.3929999999999574,0.8430000000000006,0.34300000000000025,275.0,1
1.743,891.0,724.0,616.0,891.5,724.5,616.5,0.0,0.0,0.0,0.5,-10.799999999999955,-81.10000000000002,700.0,900.0,900.0,1.3939999999999573,0.8440000000000006,0.34400000000000025,275.0,1
1.744,891.0,724.0,616.0,891.5,724.5,616.5,0.0,0.0,0.0,0.5,-10.799999999999955,-81.10000000000002,700.0,900.0,900.0,1.3949999999999572,0.8450000000000006,0.34500000000000025,275.0,1
1.745,891.0,724.0,616.0,891.5,724.5,616.5,0.0,0.0,0.0,0.5,-10.799999999999955,-81.10000000000002,700.0,900.0,900.0,1.395999999999957,0.8460000000000006,0.34600000000000025,275.0,1
1.746,891.0,724.0,616.0,891.5,724.5,616.5,0.0,0.0,0.0,0.5,-10.799999999999955,-81.10000000000002,700.0,900.0,900.0,1.396999999999957,0.8470000000000006,0.34700000000000025,275.0,1
1.747,891.0,724.0,616.0,891.5,724.5,616.5,0.0,0.0,0.0,0.5,-10.799999999999955,-81.10000000000002,700.0,900.0,900.0,1.3979999999999568,0.8480000000000006,0.34800000000000025,275.0,1
1.748,891.0,724.0,616.0,891.5,724.5,616.5,0.0,0.0,0.0,0.5,-10.799999999999955,-81.10000000000002,700.0,900.0,900.0,1.3989999999999567,0.8490000000000006,0.34900000000000025,275.0,1
1.749,891.0,724.0,616.0,891.5,724.5,616.5,0.0,0.0,0.0,0.5,-10.799999999999955,-81.10000000000002,700.0,900.0,900.0,1.3999999999999566,0.8500000000000006,0.35000000000000026,275.0,1
1.75,891.0,724.0,616.0,891.5,724.5,616.5,0.0,0.0,0.0,0.5,-10.799999999999955,-81.10000000000002,700.0,900.0,900.0,1.4009999999999565,0.8510000000000006,0.35100000000000026,275.0,1
1.7510000000000001,891.0,724.0,616.0,891.5,724.5,616.5,0.0,0.0,0.0,0.5,-10.799999999999955,-81.10000000000002,700.0,900.0,900.0,1.4019999999999564,0.8520000000000006,0.35200000000000026,275.0,1
1.752,891.0,724.0,616.0,891.5,724.5,616.5,0.0,0.0,0.0,0.5,-10.799999999999955,-81.10000000000002,700.0,900.0,900.0,1.4029999999999563,0.8530000000000006,0.35300000000000026,275.0,1
1.7530000000000001,891.0,724.0,616.0,891.5,724.5,616.5,0.0,0.0,0.0,0.5,-10.799999999999955,-81.10000000000002,700.0,900.0,900.0,1.4039999999999562,0.8540000000000006,0.35400000000000026,275.0,1
1.754,891.0,724.0,616.0,891.5,724.5,616.5,0.0,0.0,0.0,0.5,-10.799999999999955,-81.10000000000002,700.0,900.0,900.0,1.404999999999956,0.8550000000000006,0.35500000000000026,275.0,1
1.7550000000000001,891.0,724.0,616.0,891.5,724.5,616.5,0.0,0.0,0.0,0.5,-10.799999999999955,-81.10000000000002,700.0,900.0,900.0,1.405999999999956,0.8560000000000006,0.35600000000000026,275.0,1
1.756,891.0,724.0,616.0,891.5,724.5,616.5,0.0,0.0,0.0,0.5,-10.799999999999955,-81.10000000000002,700.0,900.0,900.0,1.4069999999999558,0.8570000000000007,0.35700000000000026,275.0,1
1.7570000000000001,891.0,724.0,616.0,891.5,724.5,616.5,0.0,0.0,0.0,0.5,-10.799999999999955,-81.10000000000002,700.0,900.0,900.0,1.4079999999999557,0.8580000000000007,0.35800000000000026,275.0,1
1.758,891.0,724.0,616.0,891.5,724.5,616.5,0.0,0.0,0.0,0.5,-10.799999999999955,-81.10000000000002,700.0,900.0,900.0,1.4089999999999556,0.8590000000000007,0.35900000000000026,275.0,1
1.7590000000000001,891.0,724.0,616.0,891.5,724.5,616.5,0.0,0.0,0.0,0.5,-10.799999999999955,-81.10000000000002,700.0,900.0,900.0,1.4099999999999555,0.8600000000000007,0.36000000000000026,275.0,1
1.76,891.0,724.0,616.0,891.5,724.5,616.5,0.0,0.0,0.0,0.5,-10.799999999999955,-81.10000000000002,700.0,900.0,900.0,1.4109999999999554,0.8610000000000007,0.36100000000000027,275.0,1
1.7610000000000001,891.0,724.0,616.0,891.5,724.5,616.5,0.0,0.0,0.0,0.5,-10.799999999999955,-81.10000000000002,700.0,900.0,900.0,1.4119999999999553,0.8620000000000007,0.36200000000000027,275.0,1
1.762,891.0,724.0,616.0,891.5,724.5,616.5,0.0,0.0,0.0,0.5,-10.799999999999955,-81.10000000000002,700.0,900.0,900.0,1.4129999999999552,0.8630000000000007,0.36300000000000027,275.0,1
1.7630000000000001,891.0,724.0,616.0,891.5,724.5,616.5,0.0,0.0,0.0,0.5,-10.799999999999955,-81.10000000000002,700.0,900.0,900.0,1.413999999999955,0.8640000000000007,0.36400000000000027,275.0,1
1.764,891.0,724.0,616.0,891.5,724.5,616.5,0.0,0.0,0.0,0.5,-10.799999999999955,-81.10000000000002,700.0,900.0,900.0,1.414999999999955,0.8650000000000007,0.36500000000000027,275.0,1
1.7650000000000001,891.0,724.0,616.0,891.5,724.5,616.5,0.0,0.0,0.0,0.5,-10.799999999999955,-81.10000000000002,700.0,900.0,900.0,1.4159999999999549,0.8660000000000007,0.36600000000000027,275.0,1
1.766,891.0,724.0,616.0,891.5,724.5,616.5,0.0,0.0,0.0,0.5,-10.799999999999955,-81.10000000000002,700.0,900.0,900.0,1.4169999999999547,0.8670000000000007,0.36700000000000027,275.0,1
1.7670000000000001,891.0,724.0,616.0,891.5,724.5,616.5,0.0,0.0,0.0,0.5,-10.799999999999955,-81.10000000000002,700.0,900.0,900.0,1.4179999999999546,0.8680000000000007,0.36800000000000027,275.0,1
1.768,891.0,724.0,616.0,891.5,724.5,616.5,0.0,0.0,0.0,0.5,-10.799999999999955,-81.10000000000002,700.0,900.0,900.0,1.4189999999999545,0.8690000000000007,0.36900000000000027,275.0,1
1.7690000000000001,891.0,724.0,616.0,891.5,724.5,616.5,0.0,0.0,0.0,0.5,-10.799999999999955,-81.10000000000002,700.0,900.0,900.0,1.4199999999999544,0.8700000000000007,0.3700000000000003,275.0,1
1.77,891.0,724.0,616.0,891.5,724.5,616.5,0.0,0.0,0.0,0.5,-10.799999999999955,-81.10000000000002,700.0,900.0,900.0,1.4209999999999543,0.8710000000000007,0.3710000000000003,275.0,1
1.7710000000000001,891.0,724.0,616.0,891.5,724.5,616.5,0.0,0.0,0.0,0.5,-10.799999999999955,-81.10000000000002,700.0,900.0,900.0,1.4219999999999542,0.8720000000000007,0.3720000000000003,275.0,1
1.772,891.0,724.0,616.0,891.5,724.5,616.5,0.0,0.0,0.0,0.5,-10.799999999999955,-81.10000000000002,700.0,900.0,900.0,1.422999999999954,0.8730000000000007,0.3730000000000003,275.0,1
1.7730000000000001,891.0,724.0,616.0,891.5,724.5,616.5,0.0,0.0,0.0,0.5,-10.799999999999955,-81.10000000000002,700.0,900.0,900.0,1.423999999999954,0.8740000000000007,0.3740000000000003,275.0,1
1.774,891.0,724.0,616.0,891.5,724.5,616.5,0.0,0.0,0.0,0.5,-10.799999999999955,-81.10000000000002,700.0,900.0,900.0,1.4249999999999539,0.8750000000000007,0.3750000000000003,275.0,1
1.7750000000000001,891.0,724.0,616.0,891.5,724.5,616.5,0.0,0.0,0.0,0.5,-10.799999999999955,-81.10000000000002,700.0,900.0,900.0,1.4259999999999537,0.8760000000000007,0.3760000000000003,275.0,1
1.776,891.0,724.0,616.0,891.5,724.5,616.5,0.0,0.0,0.0,0.5,-10.799999999999955,-81.10000000000002,700.0,900.0,900.0,1.4269999999999536,0.8770000000000007,0.3770000000000003,275.0,1
1.7770000000000001,891.0,724.0,616.0,891.5,724.5,616.5,0.0,0.0,0.0,0.5,-10.799999999999955,-81.10000000000002,700.0,900.0,900.0,1.4279999999999535,0.8780000000000007,0.3780000000000003,275.0,1
1.778,891.0,724.0,616.0,891.5,724.5,616.5,0.0,0.0,0.0,0.5,-10.799999999999955,-81.10000000000002,700.0,900.0,900.0,1.4289999999999534,0.8790000000000007,0.3790000000000003,275.0,1
1.7790000000000001,891.0,724.0,616.0,891.5,724.5,616.5,0.0,0.0,0.0,0.5,-10.799999999999955,-81.10000000000002,700.0,900.0,900.0,1.4299999999999533,0.8800000000000007,0.3800000000000003,275.0,1
1.78,891.0,724.0,616.0,891.5,724.5,616.5,0.0,0.0,0.0,0.5,-10.799999999999955,-81.10000000000002,700.0,900.0,900.0,1.4309999999999532,0.8810000000000007,0.3810000000000003,275.0,1
1.7810000000000001,891.0,724.0,616.0,891.5,724.5,616.5,0.0,0.0,0.0,0.5,-10.799999999999955,-81.10000000000002,700.0,900.0,900.0,1.431999999999953,0.8820000000000007,0.3820000000000003,275.0,1
1.782,891.0,724.0,616.0,891.5,724.5,616.5,0.0,0.0,0.0,0.5,-10.799999999999955,-81.10000000000002,700.0,900.0,900.0,1.432999999999953,0.8830000000000007,0.3830000000000003,275.0,1
1.7830000000000001,891.0,724.0,616.0,891.5,724.5,616.5,0.0,0.0,0.0,0.5,-10.799999999999955,-81.10000000000002,700.0,900.0,900.0,1.4339999999999529,0.8840000000000007,0.3840000000000003,275.0,1
1.784,891.0,724.0,616.0,891.5,724.5,616.5,0.0,0.0,0.0,0.5,-10.799999999999955,-81.10000000000002,700.0,900.0,900.0,1.4349999999999528,0.8850000000000007,0.3850000000000003,275.0,1
1.7850000000000001,891.0,724.0,616.0,891.5,724.5,616.5,0.0,0.0,0.0,0.5,-10.799999999999955,-81.10000000000002,700.0,900.0,900.0,1.4359999999999526,0.8860000000000007,0.3860000000000003,275.0,1
1.786,891.0,724.0,616.0,891.5,724.5,616.5,0.0,0.0,0.0,0.5,-10.799999999999955,-81.10000000000002,700.0,900.0,900.0,1.4369999999999525,0.8870000000000007,0.3870000000000003,275.0,1
1.7870000000000001,891.0,724.0,616.0,891.5,724.5,616.5,0.0,0.0,0.0,0.5,-10.799999999999955,-81.10000000000002,700.0,900.0,900.0,1.4379999999999524,0.8880000000000007,0.3880000000000003,275.0,1
1.788,891.0,724.0,616.0,891.5,724.5,616.5,0.0,0.0,0.0,0.5,-10.799999999999955,-81.10000000000002,700.0,900.0,900.0,1.4389999999999523,0.8890000000000007,0.3890000000000003,275.0,1
1.7890000000000001,891.0,724.0,616.0,891.5,724.5,616.5,0.0,0.0,0.0,0.5,-10.799999999999955,-81.10000000000002,700.0,900.0,900.0,1.4399999999999522,0.8900000000000007,0.3900000000000003,275.0,1
1.79,891.0,724.0,616.0,891.5,724.5,616.5,0.0,0.0,0.0,0.5,-10.799999999999955,-81.10000000000002,700.0,900.0,900.0,1.440999999999952,0.8910000000000007,0.3910000000000003,275.0,1
1.7910000000000001,891.0,724.0,616.0,891.5,724.5,616.5,0.0,0.0,0.0,0.5,-10.799999999999955,-81.10000000000002,700.0,900.0,900.0,1.441999999999952,0.8920000000000007,0.3920000000000003,275.0,1
1.792,891.0,724.0,616.0,891.5,724.5,616.5,0.0,0.0,0.0,0.5,-10.799999999999955,-81.10000000000002,700.0,900.0,900.0,1.4429999999999519,0.8930000000000007,0.3930000000000003,275.0,1
1.793,891.0,724.0,616.0,891.5,724.5,616.5,0.0,0.0,0.0,0.5,-10.799999999999955,-81.10000000000002,700.0,900.0,900.0,1.4439999999999518,0.8940000000000007,0.3940000000000003,275.0,1
1.794,891.0,724.0,616.0,891.5,724.5,616.5,0.0,0.0,0.0,0.5,-10.799999999999955,-81.10000000000002,700.0,900.0,900.0,1.4449999999999517,0.8950000000000007,0.3950000000000003,275.0,1
1.795,891.0,724.0,616.0,891.5,724.5,616.5,0.0,0.0,0.0,0.5,-10.799999999999955,-81.10000000000002,700.0,900.0,900.0,1.4459999999999515,0.8960000000000007,0.3960000000000003,275.0,1
1.796,891.0,724.0,616.0,891.5,724.5,616.5,0.0,0.0,0.0,0.5,-10.799999999999955,-81.10000000000002,700.0,900.0,900.0,1.4469999999999514,0.8970000000000007,0.3970000000000003,275.0,1
1.797,891.0,724.0,616.0,891.5,724.5,616.5,0.0,0.0,0.0,0.5,-10.799999999999955,-81.10000000000002,700.0,900.0,900.0,1.4479999999999513,0.8980000000000007,0.3980000000000003,275.0,1
1.798,891.0,724.0,616.0,891.5,724.5,616.5,0.0,0.0,0.0,0.5,-10.799999999999955,-81.10000000000002,700.0,900.0,900.0,1.4489999999999512,0.8990000000000007,0.3990000000000003,275.0,1
1.799,891.0,724.0,616.0,891.5,724.5,616.5,0.0,0.0,0.0,0.5,-10.799999999999955,-81.10000000000002,700.0,900.0,900.0,1.449999999999951,0.9000000000000007,0.4000000000000003,275.0,1
1.8,891.0,724.0,616.0,891.5,724.5,616.5,0.0,0.0,0.0,0.5,-10.799999999999955,-81.10000000000002,0.0,900.0,900.0,0.0,0.9010000000000007,0.4010000000000003,275.0,0
1.801,891.0,724.0,616.0,891.5,724.5,616.5,0.0,0.0,0.0,0.5,-10.799999999999955,-81.10000000000002,0.0,900.0,900.0,0.0,0.9020000000000007,0.4020000000000003,275.0,0
1.802,892.0,724.0,616.0,891.5,724.5,616.5,1000.0,0.0,0.0,0.5,-10.799999999999955,-81.10000000000002,0.0,900.0,900.0,0.0,0.9030000000000007,0.4030000000000003,276.0,0
1.803,892.0,724.0,616.0,892.5,724.5,616.5,0.0,0.0,0.0,0.5,-10.0,-80.5,0.0,900.0,900.0,0.0,0.9040000000000007,0.4040000000000003,276.0,0
1.804,893.0,724.0,616.0,892.5,724.5,616.5,1000.0,0.0,0.0,0.5,-10.0,-80.5,0.0,900.0,900.0,0.0,0.9050000000000007,0.4050000000000003,277.0,0
1.805,895.0,724.0,616.0,893.5,724.5,616.5,2000.0,0.0,0.0,0.5,-9.200000000000045,-79.89999999999998,0.0,900.0,900.0,0.0,0.9060000000000007,0.4060000000000003,279.0,0
1.806,896.0,724.0,616.0,895.5,724.5,616.5,1000.0,0.0,0.0,0.5,-7.600000000000023,-78.70000000000005,0.0,900.0,900.0,0.0,0.9070000000000007,0.4070000000000003,280.0,0
1.807,898.0,724.0,616.0,896.5,724.5,616.5,2000.0,0.0,0.0,0.5,-6.7999999999999545,-78.10000000000002,0.0,900.0,900.0,0.0,0.9080000000000007,0.4080000000000003,282.0,1
1.808,899.0,724.0,616.0,898.5,724.5,616.5,1000.0,0.0,0.0,0.5,-5.2000000000000455,-76.89999999999998,0.0,900.0,900.0,0.0,0.9090000000000007,0.4090000000000003,283.0,1
1.809,901.0,724.0,616.0,899.5,724.5,616.5,2000.0,0.0,0.0,0.5,-4.399999999999977,-76.29999999999995,0.0,900.0,900.0,0.0,0.9100000000000007,0.4100000000000003,285.0,1
1.81,903.0,724.0,616.0,901.5,724.5,616.5,2000.0,0.0,0.0,0.5,-2.7999999999999545,-75.10000000000002,0.0,900.0,900.0,0.0,0.9110000000000007,0.4110000000000003,287.0,1
1.811,906.0,724.0,616.0,903.5,724.5,616.5,3000.0,0.0,0.0,0.5,-1.2000000000000455,-73.89999999999998,0.0,900.0,900.0,0.0,0.9120000000000007,0.4120000000000003,290.0,1
1.812,908.0,724.0,616.0,906.5,724.5,616.5,2000.0,0.0,0.0,-0.375,0.5,-72.625,0.0,900.0,900.0,0.0,0.9130000000000007,0.4130000000000003,292.0,1
1.813,911.0,724.0,616.0,908.5,724.5,616.5,3000.0,0.0,0.0,-2.375,0.5,-72.625,0.0,900.0,900.0,0.0,0.9140000000000007,0.4140000000000003,295.0,1
1.814,914.0,724.0,616.0,911.5,724.5,616.5,3000.0,0.0,0.0,-5.375,0.5,-72.625,0.0,900.0,900.0,0.0,0.9150000000000007,0.4150000000000003,298.0,1
1.815,917.0,724.0,616.0,914.5,724.5,616.5,3000.0,0.0,0.0,-8.375,0.5,-72.625,0.0,900.0,900.0,0.0,0.9160000000000007,0.4160000000000003,301.0,1
1.816,920.0,724.0,616.0,917.5,724.5,616.5,3000.0,0.0,0.0,-11.375,0.5,-72.625,0.0,900.0,900.0,0.0,0.9170000000000007,0.4170000000000003,304.0,1
1.817,924.0,724.0,616.0,920.5,724.5,616.5,4000.0,0.0,0.0,-14.375,0.5,-72.625,0.0,900.0,900.0,0.0,0.9180000000000007,0.4180000000000003,308.0,1
1.818,928.0,724.0,616.0,924.5,724.5,616.5,4000.0,0.0,0.0,-18.375,0.5,-72.625,0.0,900.0,900.0,0.0,0.9190000000000007,0.4190000000000003,312.0,1
1.819,932.0,724.0,616.0,928.5,724.5,616.5,4000.0,0.0,0.0,-22.375,0.5,-72.625,0.0,900.0,900.0,0.0,0.9200000000000007,0.4200000000000003,316.0,1
1.82,935.0,724.0,616.0,932.5,724.5,616.5,3000.0,0.0,0.0,-26.375,0.5,-72.625,0.0,900.0,900.0,0.0,0.9210000000000007,0.4210000000000003,319.0,1
1.821,939.0,724.0,616.0,935.5,724.5,616.5,4000.0,0.0,0.0,-29.375,0.5,-72.625,0.0,900.0,900.0,0.0,0.9220000000000007,0.4220000000000003,323.0,1
1.822,942.0,724.0,616.0,939.5,724.5,616.5,3000.0,0.0,0.0,-33.375,0.5,-72.625,0.0,900.0,900.0,0.0,0.9230000000000007,0.4230000000000003,326.0,1
1.823,946.0,724.0,616.0,942.5,724.5,616.5,4000.0,0.0,0.0,-36.375,0.5,-72.625,0.0,900.0,900.0,0.0,0.9240000000000007,0.4240000000000003,330.0,1
1.824,949.0,724.0,616.0,946.5,724.5,616.5,3000.0,0.0,0.0,-40.375,0.5,-72.625,0.0,900.0,900.0,0.0,0.9250000000000007,0.4250000000000003,333.0,1
1.825,951.0,724.0,616.0,949.5,724.5,616.5,2000.0,0.0,0.0,-43.375,0.5,-72.625,0.0,900.0,900.0,0.0,0.9260000000000007,0.4260000000000003,335.0,1
1.826,954.0,724.0,616.0,951.5,724.5,616.5,3000.0,0.0,0.0,-45.375,0.5,-72.625,0.0,900.0,900.0,0.0,0.9270000000000007,0.4270000000000003,338.0,1
1.827,956.0,724.0,616.0,954.5,724.5,616.5,2000.0,0.0,0.0,-48.375,0.5,-72.625,0.0,900.0,900.0,0.0,0.9280000000000007,0.4280000000000003,340.0,1
1.828,959.0,724.0,616.0,956.5,724.5,616.5,3000.0,0.0,0.0,-50.375,0.5,-72.625,0.0,900.0,900.0,0.0,0.9290000000000007,0.4290000000000003,343.0,1
1.829,961.0,724.0,616.0,959.5,724.5,616.5,2000.0,0.0,0.0,-53.375,0.5,-72.625,0.0,900.0,900.0,0.0,0.9300000000000007,0.4300000000000003,345.0,1
1.83,963.0,724.0,616.0,961.5,724.5,616.5,2000.0,0.0,0.0,-55.375,0.5,-72.625,0.0,900.0,900.0,0.0,0.9310000000000007,0.4310000000000003,347.0,1
1.831,964.0,724.0,616.0,963.5,724.5,616.5,1000.0,0.0,0.0,-57.375,0.5,-72.625,0.0,900.0,900.0,0.0,0.9320000000000007,0.43200000000000033,348.0,1
1.832,966.0,724.0,616.0,964.5,724.5,616.5,2000.0,0.0,0.0,-58.375,0.5,-72.625,0.0,900.0,900.0,0.0,0.9330000000000007,0.43300000000000033,350.0,1
1.833,967.0,724.0,616.0,966.5,724.5,616.5,1000.0,0.0,0.0,-60.375,0.5,-72.625,0.0,900.0,900.0,0.0,0.9340000000000007,0.43400000000000033,351.0,1
1.834,968.0,724.0,616.0,967.5,724.5,616.5,1000.0,0.0,0.0,-61.375,0.5,-72.625,0.0,900.0,900.0,0.0,0.9350000000000007,0.43500000000000033,352.0,1
1.835,969.0,724.0,616.0,968.5,724.5,616.5,1000.0,0.0,0.0,-62.375,0.5,-72.625,0.0,900.0,900.0,0.0,0.9360000000000007,0.43600000000000033,353.0,1
1.836,969.0,724.0,616.0,969.5,724.5,616.5,0.0,0.0,0.0,-63.375,0.5,-72.625,0.0,900.0,900.0,0.0,0.9370000000000007,0.43700000000000033,353.0,1
1.837,970.0,724.0,616.0,969.5,724.5,616.5,1000.0,0.0,0.0,-63.375,0.5,-72.625,0.0,900.0,900.0,0.0,0.9380000000000007,0.43800000000000033,354.0,1
1.838,970.0,724.0,616.0,970.5,724.5,616.5,0.0,0.0,0.0,-64.375,0.5,-72.625,0.0,900.0,900.0,0.0,0.9390000000000007,0.43900000000000033,354.0,1
1.839,970.0,724.0,616.0,970.5,724.5,616.5,0.0,0.0,0.0,-64.375,0.5,-72.625,0.0,900.0,900.0,0.0,0.9400000000000007,0.44000000000000034,354.0,1
1.84,970.0,724.0,616.0,970.5,724.5,616.5,0.0,0.0,0.0,-64.375,0.5,-72.625,0.0,900.0,900.0,0.0,0.9410000000000007,0.44100000000000034,354.0,1
1.841,970.0,724.0,616.0,970.5,724.5,616.5,0.0,0.0,0.0,-64.375,0.5,-72.625,0.0,900.0,900.0,0.0,0.9420000000000007,0.44200000000000034,354.0,1
1.842,970.0,724.0,616.0,970.5,724.5,616.5,0.0,0.0,0.0,-64.375,0.5,-72.625,0.0,900.0,900.0,0.0,0.9430000000000007,0.44300000000000034,354.0,1
1.843,970.0,724.0,616.0,970.5,724.5,616.5,0.0,0.0,0.0,-64.375,0.5,-72.625,0.0,900.0,900.0,0.0,0.9440000000000007,0.44400000000000034,354.0,1
1.844,970.0,724.0,616.0,970.5,724.5,616.5,0.0,0.0,0.0,-64.375,0.5,-72.625,0.0,900.0,900.0,0.0,0.9450000000000007,0.44500000000000034,354.0,1
1.845,970.0,724.0,616.0,970.5,724.5,616.5,0.0,0.0,0.0,-64.375,0.5,-72.625,0.0,900.0,900.0,0.0,0.9460000000000007,0.44600000000000034,354.0,1
1.846,970.0,724.0,616.0,970.5,724.5,616.5,0.0,0.0,0.0,-64.375,0.5,-72.625,0.0,900.0,900.0,0.0,0.9470000000000007,0.44700000000000034,354.0,1
1.847,970.0,724.0,616.0,970.5,724.5,616.5,0.0,0.0,0.0,-64.375,0.5,-72.625,0.0,900.0,900.0,0.0,0.9480000000000007,0.44800000000000034,354.0,1
1.848,970.0,724.0,616.0,970.5,724.5,616.5,0.0,0.0,0.0,-64.375,0.5,-72.625,0.0,900.0,900.0,0.0,0.9490000000000007,0.44900000000000034,354.0,1
1.849,970.0,724.0,616.0,970.5,724.5,616.5,0.0,0.0,0.0,-64.375,0.5,-72.625,0.0,900.0,900.0,0.0,0.9500000000000007,0.45000000000000034,354.0,1
1.85,970.0,724.0,616.0,970.5,724.5,616.5,0.0,0.0,0.0,-64.375,0.5,-72.625,0.0,900.0,900.0,0.0,0.9510000000000007,0.45100000000000035,354.0,1
1.851,970.0,724.0,616.0,970.5,724.5,616.5,0.0,0.0,0.0,-64.375,0.5,-72.625,0.0,900.0,900.0,0.0,0.9520000000000007,0.45200000000000035,354.0,1
1.852,970.0,724.0,616.0,970.5,724.5,616.5,0.0,0.0,0.0,-64.375,0.5,-72.625,0.0,900.0,900.0,0.0,0.9530000000000007,0.45300000000000035,354.0,1
1.853,970.0,724.0,616.0,970.5,724.5,616.5,0.0,0.0,0.0,-64.375,0.5,-72.625,0.0,900.0,900.0,0.0,0.9540000000000007,0.45400000000000035,354.0,1
1.854,970.0,724.0,616.0,970.5,724.5,616.5,0.0,0.0,0.0,-64.375,0.5,-72.625,0.0,900.0,900.0,0.0,0.9550000000000007,0.45500000000000035,354.0,1
1.855,970.0,724.0,616.0,970.5,724.5,616.5,0.0,0.0,0.0,-64.375,0.5,-72.625,0.0,900.0,900.0,0.0,0.9560000000000007,0.45600000000000035,354.0,1
1.856,970.0,724.0,616.0,970.5,724.5,616.5,0.0,0.0,0.0,-64.375,0.5,-72.625,0.0,900.0,900.0,0.0,0.9570000000000007,0.45700000000000035,354.0,1
1.857,970.0,724.0,616.0,970.5,724.5,616.5,0.0,0.0,0.0,-64.375,0.5,-72.625,0.0,900.0,900.0,0.0,0.9580000000000007,0.45800000000000035,354.0,1
1.858,970.0,724.0,616.0,970.5,724.5,616.5,0.0,0.0,0.0,-64.375,0.5,-72.625,0.0,900.0,900.0,0.0,0.9590000000000007,0.45900000000000035,354.0,1
1.859,970.0,724.0,616.0,970.5,724.5,616.5,0.0,0.0,0.0,-64.375,0.5,-72.625,0.0,900.0,900.0,0.0,0.9600000000000007,0.46000000000000035,354.0,1
1.86,970.0,724.0,616.0,970.5,724.5,616.5,0.0,0.0,0.0,-64.375,0.5,-72.625,0.0,900.0,900.0,0.0,0.9610000000000007,0.46100000000000035,354.0,1
1.861,970.0,724.0,616.0,970.5,724.5,616.5,0.0,0.0,0.0,-64.375,0.5,-72.625,0.0,900.0,900.0,0.0,0.9620000000000007,0.46200000000000035,354.0,1
1.862,970.0,724.0,616.0,970.5,724.5,616.5,0.0,0.0,0.0,-64.375,0.5,-72.625,0.0,900.0,900.0,0.0,0.9630000000000007,0.46300000000000036,354.0,1
1.863,970.0,724.0,616.0,970.5,724.5,616.5,0.0,0.0,0.0,-64.375,0.5,-72.625,0.0,900.0,900.0,0.0,0.9640000000000007,0.46400000000000036,354.0,1
1.864,970.0,724.0,616.0,970.5,724.5,616.5,0.0,0.0,0.0,-64.375,0.5,-72.625,0.0,900.0,900.0,0.0,0.9650000000000007,0.46500000000000036,354.0,1
1.865,970.0,724.0,616.0,970.5,724.5,616.5,0.0,0.0,0.0,-64.375,0.5,-72.625,0.0,900.0,900.0,0.0,0.9660000000000007,0.46600000000000036,354.0,1
1.866,970.0,724.0,616.0,970.5,724.5,616.5,0.0,0.0,0.0,-64.375,0.5,-72.625,0.0,900.0,900.0,0.0,0.9670000000000007,0.46700000000000036,354.0,1
1.867,970.0,724.0,616.0,970.5,724.5,616.5,0.0,0.0,0.0,-64.375,0.5,-72.625,0.0,900.0,900.0,0.0,0.9680000000000007,0.46800000000000036,354.0,1
1.868,970.0,724.0,616.0,970.5,724.5,616.5,0.0,0.0,0.0,-64.375,0.5,-72.625,0.0,900.0,900.0,0.0,0.9690000000000007,0.46900000000000036,354.0,1
1.869,970.0,724.0,616.0,970.5,724.5,616.5,0.0,0.0,0.0,-64.375,0.5,-72.625,0.0,900.0,900.0,0.0,0.9700000000000008,0.47000000000000036,354.0,1
1.87,970.0,724.0,616.0,970.5,724.5,616.5,0.0,0.0,0.0,-64.375,0.5,-72.625,0.0,900.0,900.0,0.0,0.9710000000000008,0.47100000000000036,354.0,1
1.871,970.0,724.0,616.0,970.5,724.5,616.5,0.0,0.0,0.0,-64.375,0.5,-72.625,0.0,900.0,900.0,0.0,0.9720000000000008,0.47200000000000036,354.0,1
1.872,970.0,724.0,616.0,970.5,724.5,616.5,0.0,0.0,0.0,-64.375,0.5,-72.625,0.0,900.0,900.0,0.0,0.9730000000000008,0.47300000000000036,354.0,1
1.873,970.0,724.0,616.0,970.5,724.5,616.5,0.0,0.0,0.0,-64.375,0.5,-72.625,0.0,900.0,900.0,0.0,0.9740000000000008,0.47400000000000037,354.0,1
1.874,970.0,724.0,616.0,970.5,724.5,616.5,0.0,0.0,0.0,-64.375,0.5,-72.625,0.0,900.0,900.0,0.0,0.9750000000000008,0.47500000000000037,354.0,1
1.875,970.0,724.0,616.0,970.5,724.5,616.5,0.0,0.0,0.0,-64.375,0.5,-72.625,0.0,900.0,900.0,0.0,0.9760000000000008,0.47600000000000037,354.0,1
1.8760000000000001,970.0,724.0,616.0,970.5,724.5,616.5,0.0,0.0,0.0,-64.375,0.5,-72.625,0.0,900.0,900.0,0.0,0.9770000000000008,0.47700000000000037,354.0,1
1.877,970.0,724.0,616.0,970.5,724.5,616.5,0.0,0.0,0.0,-64.375,0.5,-72.625,0.0,900.0,900.0,0.0,0.9780000000000008,0.47800000000000037,354.0,1
1.8780000000000001,970.0,724.0,616.0,970.5,724.5,616.5,0.0,0.0,0.0,-64.375,0.5,-72.625,0.0,900.0,900.0,0.0,0.9790000000000008,0.47900000000000037,354.0,1
1.879,970.0,724.0,616.0,970.5,724.5,616.5,0.0,0.0,0.0,-64.375,0.5,-72.625,0.0,900.0,900.0,0.0,0.9800000000000008,0.48000000000000037,354.0,1
1.8800000000000001,970.0,724.0,616.0,970.5,724.5,616.5,0.0,0.0,0.0,-64.375,0.5,-72.625,0.0,900.0,900.0,0.0,0.9810000000000008,0.48100000000000037,354.0,1
1.881,970.0,724.0,616.0,970.5,724.5,616.5,0.0,0.0,0.0,-64.375,0.5,-72.625,0.0,900.0,900.0,0.0,0.9820000000000008,0.4820000000000004,354.0,1
1.8820000000000001,970.0,724.0,616.0,970.5,724.5,616.5,0.0,0.0,0.0,-64.375,0.5,-72.625,0.0,900.0,900.0,0.0,0.9830000000000008,0.4830000000000004,354.0,1
1.883,970.0,724.0,616.0,970.5,724.5,616.5,0.0,0.0,0.0,-64.375,0.5,-72.625,0.0,900.0,900.0,0.0,0.9840000000000008,0.4840000000000004,354.0,1
1.8840000000000001,970.0,724.0,616.0,970.5,724.5,616.5,0.0,0.0,0.0,-64.375,0.5,-72.625,0.0,900.0,900.0,0.0,0.9850000000000008,0.4850000000000004,354.0,1
1.885,970.0,724.0,616.0,970.5,724.5,616.5,0.0,0.0,0.0,-64.375,0.5,-72.625,0.0,900.0,900.0,0.0,0.9860000000000008,0.4860000000000004,354.0,1
1.8860000000000001,970.0,724.0,616.0,970.5,724.5,616.5,0.0,0.0,0.0,-64.375,0.5,-72.625,0.0,900.0,900.0,0.0,0.9870000000000008,0.4870000000000004,354.0,1
1.887,970.0,724.0,616.0,970.5,724.5,616.5,0.0,0.0,0.0,-64.375,0.5,-72.625,0.0,900.0,900.0,0.0,0.9880000000000008,0.4880000000000004,354.0,1
1.8880000000000001,970.0,724.0,616.0,970.5,724.5,616.5,0.0,0.0,0.0,-64.375,0.5,-72.625,0.0,900.0,900.0,0.0,0.9890000000000008,0.4890000000000004,354.0,1
1.889,970.0,724.0,616.0,970.5,724.5,616.5,0.0,0.0,0.0,-64.375,0.5,-72.625,0.0,900.0,900.0,0.0,0.9900000000000008,0.4900000000000004,354.0,1
1.8900000000000001,970.0,724.0,616.0,970.5,724.5,616.5,0.0,0.0,0.0,-64.375,0.5,-72.625,0.0,900.0,900.0,0.0,0.9910000000000008,0.4910000000000004,354.0,1
1.891,970.0,724.0,616.0,970.5,724.5,616.5,0.0,0.0,0.0,-64.375,0.5,-72.625,0.0,900.0,900.0,0.0,0.9920000000000008,0.4920000000000004,354.0,1
1.8920000000000001,970.0,724.0,616.0,970.5,724.5,616.5,0.0,0.0,0.0,-64.375,0.5,-72.625,0.0,900.0,900.0,0.0,0.9930000000000008,0.4930000000000004,354.0,1
1.893,970.0,724.0,616.0,970.5,724.5,616.5,0.0,0.0,0.0,-64.375,0.5,-72.625,0.0,900.0,900.0,0.0,0.9940000000000008,0.4940000000000004,354.0,1
1.8940000000000001,970.0,724.0,616.0,970.5,724.5,616.5,0.0,0.0,0.0,-64.375,0.5,-72.625,0.0,900.0,900.0,0.0,0.9950000000000008,0.4950000000000004,354.0,1
1.895,970.0,724.0,616.0,970.5,724.5,616.5,0.0,0.0,0.0,-64.375,0.5,-72.625,0.0,900.0,900.0,0.0,0.9960000000000008,0.4960000000000004,354.0,1
1.8960000000000001,970.0,724.0,616.0,970.5,724.5,616.5,0.0,0.0,0.0,-64.375,0.5,-72.625,0.0,900.0,900.0,0.0,0.9970000000000008,0.4970000000000004,354.0,1
1.897,970.0,724.0,616.0,970.5,724.5,616.5,0.0,0.0,0.0,-64.375,0.5,-72.625,0.0,900.0,900.0,0.0,0.9980000000000008,0.4980000000000004,354.0,1
1.8980000000000001,970.0,724.0,616.0,970.5,724.5,616.5,0.0,0.0,0.0,-64.375,0.5,-72.625,0.0,900.0,900.0,0.0,0.9990000000000008,0.4990000000000004,354.0,1
1.899,970.0,724.0,616.0,970.5,724.5,616.5,0.0,0.0,0.0,-64.375,0.5,-72.625,0.0,900.0,900.0,0.0,1.0000000000000007,0.5000000000000003,354.0,1
1.9000000000000001,970.0,724.0,616.0,970.5,724.5,616.5,0.0,0.0,0.0,-64.375,0.5,-72.625,0.0,900.0,900.0,0.0,1.0010000000000006,0.5010000000000003,354.0,1
1.901,970.0,724.0,616.0,970.5,724.5,616.5,0.0,0.0,0.0,-64.375,0.5,-72.625,0.0,900.0,900.0,0.0,1.0020000000000004,0.5020000000000003,354.0,1
1.9020000000000001,970.0,724.0,616.0,970.5,724.5,616.5,0.0,0.0,0.0,-64.375,0.5,-72.625,0.0,900.0,900.0,0.0,1.0030000000000003,0.5030000000000003,354.0,1
1.903,970.0,724.0,616.0,970.5,724.5,616.5,0.0,0.0,0.0,-64.375,0.5,-72.625,0.0,900.0,900.0,0.0,1.0040000000000002,0.5040000000000003,354.0,1
1.9040000000000001,970.0,724.0,616.0,970.5,724.5,616.5,0.0,0.0,0.0,-64.375,0.5,-72.625,0.0,900.0,900.0,0.0,1.0050000000000001,0.5050000000000003,354.0,1
1.905,970.0,724.0,616.0,970.5,724.5,616.5,0.0,0.0,0.0,-64.375,0.5,-72.625,0.0,900.0,900.0,0.0,1.006,0.5060000000000003,354.0,1
1.9060000000000001,970.0,724.0,616.0,970.5,724.5,616.5,0.0,0.0,0.0,-64.375,0.5,-72.625,0.0,900.0,900.0,0.0,1.007,0.5070000000000003,354.0,1
1.907,970.0,724.0,616.0,970.5,724.5,616.5,0.0,0.0,0.0,-64.375,0.5,-72.625,0.0,900.0,900.0,0.0,1.0079999999999998,0.5080000000000003,354.0,1
1.9080000000000001,970.0,724.0,616.0,970.5,724.5,616.5,0.0,0.0,0.0,-64.375,0.5,-72.625,0.0,900.0,900.0,0.0,1.0089999999999997,0.5090000000000003,354.0,1
1.909,970.0,724.0,616.0,970.5,724.5,616.5,0.0,0.0,0.0,-64.375,0.5,-72.625,0.0,900.0,900.0,0.0,1.0099999999999996,0.5100000000000003,354.0,1
1.9100000000000001,970.0,724.0,616.0,970.5,724.5,616.5,0.0,0.0,0.0,-64.375,0.5,-72.625,0.0,900.0,900.0,0.0,1.0109999999999995,0.5110000000000003,354.0,1
1.911,970.0,724.0,616.0,970.5,724.5,616.5,0.0,0.0,0.0,-64.375,0.5,-72.625,0.0,900.0,900.0,0.0,1.0119999999999993,0.5120000000000003,354.0,1
1.9120000000000001,970.0,724.0,616.0,970.5,724.5,616.5,0.0,0.0,0.0,-64.375,0.5,-72.625,0.0,900.0,900.0,0.0,1.0129999999999992,0.5130000000000003,354.0,1
1.913,970.0,724.0,616.0,970.5,724.5,616.5,0.0,0.0,0.0,-64.375,0.5,-72.625,0.0,900.0,900.0,0.0,1.0139999999999991,0.5140000000000003,354.0,1
1.9140000000000001,970.0,724.0,616.0,970.5,724.5,616.5,0.0,0.0,0.0,-64.375,0.5,-72.625,0.0,900.0,900.0,0.0,1.014999999999999,0.5150000000000003,354.0,1
1.915,970.0,724.0,616.0,970.5,724.5,616.5,0.0,0.0,0.0,-64.375,0.5,-72.625,0.0,900.0,900.0,0.0,1.015999999999999,0.5160000000000003,354.0,1
1.9160000000000001,970.0,724.0,616.0,970.5,724.5,616.5,0.0,0.0,0.0,-64.375,0.5,-72.625,0.0,900.0,900.0,0.0,1.0169999999999988,0.5170000000000003,354.0,1
1.917,970.0,724.0,616.0,970.5,724.5,616.5,0.0,0.0,0.0,-64.375,0.5,-72.625,0.0,900.0,900.0,0.0,1.0179999999999987,0.5180000000000003,354.0,1
1.9180000000000001,970.0,724.0,616.0,970.5,724.5,616.5,0.0,0.0,0.0,-64.375,0.5,-72.625,0.0,900.0,900.0,0.0,1.0189999999999986,0.5190000000000003,354.0,1
1.919,970.0,724.0,616.0,970.5,724.5,616.5,0.0,0.0,0.0,-64.375,0.5,-72.625,0.0,900.0,900.0,0.0,1.0199999999999985,0.5200000000000004,354.0,1
1.92,970.0,724.0,616.0,970.5,724.5,616.5,0.0,0.0,0.0,-64.375,0.5,-72.625,0.0,900.0,900.0,0.0,1.0209999999999984,0.5210000000000004,354.0,1
1.921,970.0,724.0,616.0,970.5,724.5,616.5,0.0,0.0,0.0,-64.375,0.5,-72.625,0.0,900.0,900.0,0.0,1.0219999999999982,0.5220000000000004,354.0,1
1.922,970.0,724.0,616.0,970.5,724.5,616.5,0.0,0.0,0.0,-64.375,0.5,-72.625,0.0,900.0,900.0,0.0,1.0229999999999981,0.5230000000000004,354.0,1
1.923,970.0,724.0,616.0,970.5,724.5,616.5,0.0,0.0,0.0,-64.375,0.5,-72.625,0.0,900.0,900.0,0.0,1.023999999999998,0.5240000000000004,354.0,1
1.924,970.0,724.0,616.0,970.5,724.5,616.5,0.0,0.0,0.0,-64.375,0.5,-72.625,0.0,900.0,900.0,0.0,1.024999999999998,0.5250000000000004,354.0,1
1.925,970.0,724.0,616.0,970.5,724.5,616.5,0.0,0.0,0.0,-64.375,0.5,-72.625,0.0,900.0,900.0,0.0,1.0259999999999978,0.5260000000000004,354.0,1
1.926,970.0,724.0,616.0,970.5,724.5,616.5,0.0,0.0,0.0,-64.375,0.5,-72.625,0.0,900.0,900.0,0.0,1.0269999999999977,0.5270000000000004,354.0,1
1.927,970.0,724.0,616.0,970.5,724.5,616.5,0.0,0.0,0.0,-64.375,0.5,-72.625,0.0,900.0,900.0,0.0,1.0279999999999976,0.5280000000000004,354.0,1
1.928,970.0,724.0,616.0,970.5,724.5,616.5,0.0,0.0,0.0,-64.375,0.5,-72.625,0.0,900.0,900.0,0.0,1.0289999999999975,0.5290000000000004,354.0,1
1.929,970.0,724.0,616.0,970.5,724.5,616.5,0.0,0.0,0.0,-64.375,0.5,-72.625,0.0,900.0,900.0,0.0,1.0299999999999974,0.5300000000000004,354.0,1
1.93,970.0,724.0,616.0,970.5,724.5,616.5,0.0,0.0,0.0,-64.375,0.5,-72.625,0.0,900.0,900.0,0.0,1.0309999999999973,0.5310000000000004,354.0,1
1.931,970.0,724.0,616.0,970.5,724.5,616.5,0.0,0.0,0.0,-64.375,0.5,-72.625,0.0,900.0,900.0,0.0,1.0319999999999971,0.5320000000000004,354.0,1
1.932,970.0,724.0,616.0,970.5,724.5,616.5,0.0,0.0,0.0,-64.375,0.5,-72.625,0.0,900.0,900.0,0.0,1.032999999999997,0.5330000000000004,354.0,1
1.933,970.0,724.0,616.0,970.5,724.5,616.5,0.0,0.0,0.0,-64.375,0.5,-72.625,0.0,900.0,900.0,0.0,1.033999999999997,0.5340000000000004,354.0,1
1.934,970.0,724.0,616.0,970.5,724.5,616.5,0.0,0.0,0.0,-64.375,0.5,-72.625,0.0,900.0,900.0,0.0,1.0349999999999968,0.5350000000000004,354.0,1
1.935,970.0,724.0,616.0,970.5,724.5,616.5,0.0,0.0,0.0,-64.375,0.5,-72.625,0.0,900.0,900.0,0.0,1.0359999999999967,0.5360000000000004,354.0,1
1.936,970.0,724.0,616.0,970.5,724.5,616.5,0.0,0.0,0.0,-64.375,0.5,-72.625,0.0,900.0,900.0,0.0,1.0369999999999966,0.5370000000000004,354.0,1
1.937,970.0,724.0,616.0,970.5,724.5,616.5,0.0,0.0,0.0,-64.375,0.5,-72.625,0.0,900.0,900.0,0.0,1.0379999999999965,0.5380000000000004,354.0,1
1.938,970.0,724.0,616.0,970.5,724.5,616.5,0.0,0.0,0.0,-64.375,0.5,-72.625,0.0,900.0,900.0,0.0,1.0389999999999964,0.5390000000000004,354.0,1
1.939,970.0,724.0,616.0,970.5,724.5,616.5,0.0,0.0,0.0,-64.375,0.5,-72.625,0.0,900.0,900.0,0.0,1.0399999999999963,0.5400000000000004,354.0,1
1.94,970.0,724.0,616.0,970.5,724.5,616.5,0.0,0.0,0.0,-64.375,0.5,-72.625,0.0,900.0,900.0,0.0,1.0409999999999962,0.5410000000000004,354.0,1
1.941,970.0,724.0,616.0,970.5,724.5,616.5,0.0,0.0,0.0,-64.375,0.5,-72.625,0.0,900.0,900.0,0.0,1.041999999999996,0.5420000000000004,354.0,1
1.942,970.0,724.0,616.0,970.5,724.5,616.5,0.0,0.0,0.0,-64.375,0.5,-72.625,0.0,900.0,900.0,0.0,1.042999999999996,0.5430000000000004,354.0,1
1.943,970.0,724.0,616.0,970.5,724.5,616.5,0.0,0.0,0.0,-64.375,0.5,-72.625,0.0,900.0,900.0,0.0,1.0439999999999958,0.5440000000000004,354.0,1
1.944,970.0,724.0,616.0,970.5,724.5,616.5,0.0,0.0,0.0,-64.375,0.5,-72.625,0.0,900.0,900.0,0.0,1.0449999999999957,0.5450000000000004,354.0,1
1.945,970.0,724.0,616.0,970.5,724.5,616.5,0.0,0.0,0.0,-64.375,0.5,-72.625,0.0,900.0,900.0,0.0,1.0459999999999956,0.5460000000000004,354.0,1
1.946,970.0,724.0,616.0,970.5,724.5,616.5,0.0,0.0,0.0,-64.375,0.5,-72.625,0.0,900.0,900.0,0.0,1.0469999999999955,0.5470000000000004,354.0,1
1.947,970.0,724.0,616.0,970.5,724.5,616.5,0.0,0.0,0.0,-64.375,0.5,-72.625,0.0,900.0,900.0,0.0,1.0479999999999954,0.5480000000000004,354.0,1
1.948,970.0,724.0,616.0,970.5,724.5,616.5,0.0,0.0,0.0,-64.375,0.5,-72.625,0.0,900.0,900.0,0.0,1.0489999999999953,0.5490000000000004,354.0,1
1.949,970.0,724.0,616.0,970.5,724.5,616.5,0.0,0.0,0.0,-64.375,0.5,-72.625,0.0,900.0,900.0,0.0,1.0499999999999952,0.5500000000000004,354.0,1
1.95,970.0,724.0,616.0,970.5,724.5,616.5,0.0,0.0,0.0,-64.375,0.5,-72.625,0.0,900.0,900.0,0.0,1.050999999999995,0.5510000000000004,354.0,1
1.951,970.0,724.0,616.0,970.5,724.5,616.5,0.0,0.0,0.0,-64.375,0.5,-72.625,0.0,900.0,900.0,0.0,1.051999999999995,0.5520000000000004,354.0,1
1.952,970.0,724.0,616.0,970.5,724.5,616.5,0.0,0.0,0.0,-64.375,0.5,-72.625,0.0,900.0,900.0,0.0,1.0529999999999948,0.5530000000000004,354.0,1
1.953,970.0,724.0,616.0,970.5,724.5,616.5,0.0,0.0,0.0,-64.375,0.5,-72.625,0.0,900.0,900.0,0.0,1.0539999999999947,0.5540000000000004,354.0,1
1.954,970.0,724.0,616.0,970.5,724.5,616.5,0.0,0.0,0.0,-64.375,0.5,-72.625,0.0,900.0,900.0,0.0,1.0549999999999946,0.5550000000000004,354.0,1
1.955,970.0,724.0,616.0,970.5,724.5,616.5,0.0,0.0,0.0,-64.375,0.5,-72.625,0.0,900.0,900.0,0.0,1.0559999999999945,0.5560000000000004,354.0,1
1.956,970.0,724.0,616.0,970.5,724.5,616.5,0.0,0.0,0.0,-64.375,0.5,-72.625,0.0,900.0,900.0,0.0,1.0569999999999944,0.5570000000000004,354.0,1
1.957,970.0,724.0,616.0,970.5,724.5,616.5,0.0,0.0,0.0,-64.375,0.5,-72.625,0.0,900.0,900.0,0.0,1.0579999999999943,0.5580000000000004,354.0,1
1.958,970.0,724.0,616.0,970.5,724.5,616.5,0.0,0.0,0.0,-64.375,0.5,-72.625,0.0,900.0,900.0,0.0,1.0589999999999942,0.5590000000000004,354.0,1
1.959,970.0,724.0,616.0,970.5,724.5,616.5,0.0,0.0,0.0,-64.375,0.5,-72.625,0.0,900.0,900.0,0.0,1.059999999999994,0.5600000000000004,354.0,1
1.96,970.0,724.0,616.0,970.5,724.5,616.5,0.0,0.0,0.0,-64.375,0.5,-72.625,0.0,900.0,900.0,0.0,1.060999999999994,0.5610000000000004,354.0,1
1.961,970.0,724.0,616.0,970.5,724.5,616.5,0.0,0.0,0.0,-64.375,0.5,-72.625,0.0,900.0,900.0,0.0,1.0619999999999938,0.5620000000000004,354.0,1
1.962,970.0,724.0,616.0,970.5,724.5,616.5,0.0,0.0,0.0,-64.375,0.5,-72.625,0.0,900.0,900.0,0.0,1.0629999999999937,0.5630000000000004,354.0,1
1.963,970.0,724.0,616.0,970.5,724.5,616.5,0.0,0.0,0.0,-64.375,0.5,-72.625,0.0,900.0,900.0,0.0,1.0639999999999936,0.5640000000000004,354.0,1
1.964,970.0,724.0,616.0,970.5,724.5,616.5,0.0,0.0,0.0,-64.375,0.5,-72.625,0.0,900.0,900.0,0.0,1.0649999999999935,0.5650000000000004,354.0,1
1.965,970.0,724.0,616.0,970.5,724.5,616.5,0.0,0.0,0.0,-64.375,0.5,-72.625,0.0,900.0,900.0,0.0,1.0659999999999934,0.5660000000000004,354.0,1
1.966,970.0,724.0,616.0,970.5,724.5,616.5,0.0,0.0,0.0,-64.375,0.5,-72.625,0.0,900.0,900.0,0.0,1.0669999999999933,0.5670000000000004,354.0,1
1.967,970.0,724.0,616.0,970.5,724.5,616.5,0.0,0.0,0.0,-64.375,0.5,-72.625,0.0,900.0,900.0,0.0,1.0679999999999932,0.5680000000000004,354.0,1
1.968,970.0,724.0,616.0,970.5,724.5,616.5,0.0,0.0,0.0,-64.375,0.5,-72.625,0.0,900.0,900.0,0.0,1.068999999999993,0.5690000000000004,354.0,1
1.969,970.0,724.0,616.0,970.5,724.5,616.5,0.0,0.0,0.0,-64.375,0.5,-72.625,0.0,900.0,900.0,0.0,1.069999999999993,0.5700000000000004,354.0,1
1.97,970.0,724.0,616.0,970.5,724.5,616.5,0.0,0.0,0.0,-64.375,0.5,-72.625,0.0,900.0,900.0,0.0,1.0709999999999928,0.5710000000000004,354.0,1
1.971,970.0,724.0,616.0,970.5,724.5,616.5,0.0,0.0,0.0,-64.375,0.5,-72.625,0.0,900.0,900.0,0.0,1.0719999999999927,0.5720000000000004,354.0,1
1.972,970.0,724.0,616.0,970.5,724.5,616.5,0.0,0.0,0.0,-64.375,0.5,-72.625,0.0,900.0,900.0,0.0,1.0729999999999926,0.5730000000000004,354.0,1
1.973,970.0,724.0,616.0,970.5,724.5,616.5,0.0,0.0,0.0,-64.375,0.5,-72.625,0.0,900.0,900.0,0.0,1.0739999999999925,0.5740000000000004,354.0,1
1.974,970.0,724.0,616.0,970.5,724.5,616.5,0.0,0.0,0.0,-64.375,0.5,-72.625,0.0,900.0,900.0,0.0,1.0749999999999924,0.5750000000000004,354.0,1
1.975,970.0,724.0,616.0,970.5,724.5,616.5,0.0,0.0,0.0,-64.375,0.5,-72.625,0.0,900.0,900.0,0.0,1.0759999999999923,0.5760000000000004,354.0,1
1.976,970.0,724.0,616.0,970.5,724.5,616.5,0.0,0.0,0.0,-64.375,0.5,-72.625,0.0,900.0,900.0,0.0,1.0769999999999922,0.5770000000000004,354.0,1
1.977,970.0,724.0,616.0,970.5,724.5,616.5,0.0,0.0,0.0,-64.375,0.5,-72.625,0.0,900.0,900.0,0.0,1.077999999999992,0.5780000000000004,354.0,1
1.978,970.0,724.0,616.0,970.5,724.5,616.5,0.0,0.0,0.0,-64.375,0.5,-72.625,0.0,900.0,900.0,0.0,1.078999999999992,0.5790000000000004,354.0,1
1.979,970.0,724.0,616.0,970.5,724.5,616.5,0.0,0.0,0.0,-64.375,0.5,-72.625,0.0,900.0,900.0,0.0,1.0799999999999919,0.5800000000000004,354.0,1
1.98,970.0,724.0,616.0,970.5,724.5,616.5,0.0,0.0,0.0,-64.375,0.5,-72.625,0.0,900.0,900.0,0.0,1.0809999999999917,0.5810000000000004,354.0,1
1.981,970.0,724.0,616.0,970.5,724.5,616.5,0.0,0.0,0.0,-64.375,0.5,-72.625,0.0,900.0,900.0,0.0,1.0819999999999916,0.5820000000000004,354.0,1
1.982,970.0,724.0,616.0,970.5,724.5,616.5,0.0,0.0,0.0,-64.375,0.5,-72.625,0.0,900.0,900.0,0.0,1.0829999999999915,0.5830000000000004,354.0,1
1.983,970.0,724.0,616.0,970.5,724.5,616.5,0.0,0.0,0.0,-64.375,0.5,-72.625,0.0,900.0,900.0,0.0,1.0839999999999914,0.5840000000000004,354.0,1
1.984,970.0,724.0,616.0,970.5,724.5,616.5,0.0,0.0,0.0,-64.375,0.5,-72.625,0.0,900.0,900.0,0.0,1.0849999999999913,0.5850000000000004,354.0,1
1.985,970.0,724.0,616.0,970.5,724.5,616.5,0.0,0.0,0.0,-64.375,0.5,-72.625,0.0,900.0,900.0,0.0,1.0859999999999912,0.5860000000000004,354.0,1
1.986,970.0,724.0,616.0,970.5,724.5,616.5,0.0,0.0,0.0,-64.375,0.5,-72.625,0.0,900.0,900.0,0.0,1.086999999999991,0.5870000000000004,354.0,1
1.987,970.0,724.0,616.0,970.5,724.5,616.5,0.0,0.0,0.0,-64.375,0.5,-72.625,0.0,900.0,900.0,0.0,1.087999999999991,0.5880000000000004,354.0,1
1.988,970.0,724.0,616.0,970.5,724.5,616.5,0.0,0.0,0.0,-64.375,0.5,-72.625,0.0,900.0,900.0,0.0,1.0889999999999909,0.5890000000000004,354.0,1
1.989,970.0,724.0,616.0,970.5,724.5,616.5,0.0,0.0,0.0,-64.375,0.5,-72.625,0.0,900.0,900.0,0.0,1.0899999999999908,0.5900000000000004,354.0,1
1.99,970.0,724.0,616.0,970.5,724.5,616.5,0.0,0.0,0.0,-64.375,0.5,-72.625,0.0,900.0,900.0,0.0,1.0909999999999906,0.5910000000000004,354.0,1
1.991,970.0,724.0,616.0,970.5,724.5,616.5,0.0,0.0,0.0,-64.375,0.5,-72.625,0.0,900.0,900.0,0.0,1.0919999999999905,0.5920000000000004,354.0,1
1.992,970.0,724.0,616.0,970.5,724.5,616.5,0.0,0.0,0.0,-64.375,0.5,-72.625,0.0,900.0,900.0,0.0,1.0929999999999904,0.5930000000000004,354.0,1
1.993,970.0,724.0,616.0,970.5,724.5,616.5,0.0,0.0,0.0,-64.375,0.5,-72.625,0.0,900.0,900.0,0.0,1.0939999999999903,0.5940000000000004,354.0,1
1.994,970.0,724.0,616.0,970.5,724.5,616.5,0.0,0.0,0.0,-64.375,0.5,-72.625,0.0,900.0,900.0,0.0,1.0949999999999902,0.5950000000000004,354.0,1
1.995,970.0,724.0,616.0,970.5,724.5,616.5,0.0,0.0,0.0,-64.375,0.5,-72.625,0.0,900.0,900.0,0.0,1.09599999999999,0.5960000000000004,354.0,1
1.996,970.0,724.0,616.0,970.5,724.5,616.5,0.0,0.0,0.0,-64.375,0.5,-72.625,0.0,900.0,900.0,0.0,1.09699999999999,0.5970000000000004,354.0,1
1.997,970.0,724.0,616.0,970.5,724.5,616.5,0.0,0.0,0.0,-64.375,0.5,-72.625,0.0,900.0,900.0,0.0,1.0979999999999899,0.5980000000000004,354.0,1
1.998,970.0,724.0,616.0,970.5,724.5,616.5,0.0,0.0,0.0,-64.375,0.5,-72.625,0.0,900.0,900.0,0.0,1.0989999999999898,0.5990000000000004,354.0,1
1.999,970.0,724.0,616.0,970.5,724.5,616.5,0.0,0.0,0.0,-64.375,0.5,-72.625,0.0,900.0,900.0,0.0,1.0999999999999897,0.6000000000000004,354.0,1
2.0,970.0,724.0,616.0,970.5,724.5,616.5,0.0,0.0,0.0,-64.375,0.5,-72.625,0.0,900.0,900.0,0.0,1.1009999999999895,0.6010000000000004,354.0,1
2.001,970.0,724.0,616.0,970.5,724.5,616.5,0.0,0.0,0.0,-64.375,0.5,-72.625,0.0,900.0,900.0,0.0,1.1019999999999894,0.6020000000000004,354.0,1
2.0020000000000002,970.0,724.0,616.0,970.5,724.5,616.5,0.0,0.0,0.0,-64.375,0.5,-72.625,0.0,900.0,900.0,0.0,1.1029999999999893,0.6030000000000004,354.0,1
2.003,970.0,724.0,616.0,970.5,724.5,616.5,0.0,0.0,0.0,-64.375,0.5,-72.625,0.0,900.0,900.0,0.0,1.1039999999999892,0.6040000000000004,354.0,1
2.004,970.0,724.0,616.0,970.5,724.5,616.5,0.0,0.0,0.0,-64.375,0.5,-72.625,0.0,900.0,900.0,0.0,1.104999999999989,0.6050000000000004,354.0,1
2.005,970.0,724.0,616.0,970.5,724.5,616.5,0.0,0.0,0.0,-64.375,0.5,-72.625,0.0,900.0,900.0,0.0,1.105999999999989,0.6060000000000004,354.0,1
2.0060000000000002,970.0,724.0,616.0,970.5,724.5,616.5,0.0,0.0,0.0,-64.375,0.5,-72.625,0.0,900.0,900.0,0.0,1.1069999999999889,0.6070000000000004,354.0,1
2.007,970.0,724.0,616.0,970.5,724.5,616.5,0.0,0.0,0.0,-64.375,0.5,-72.625,0.0,900.0,900.0,0.0,1.1079999999999888,0.6080000000000004,354.0,1
2.008,970.0,724.0,616.0,970.5,724.5,616.5,0.0,0.0,0.0,-64.375,0.5,-72.625,0.0,900.0,900.0,0.0,1.1089999999999887,0.6090000000000004,354.0,1
2.009,970.0,724.0,616.0,970.5,724.5,616.5,0.0,0.0,0.0,-64.375,0.5,-72.625,0.0,900.0,900.0,0.0,1.1099999999999886,0.6100000000000004,354.0,1
2.0100000000000002,970.0,724.0,616.0,970.5,724.5,616.5,0.0,0.0,0.0,-64.375,0.5,-72.625,0.0,900.0,900.0,0.0,1.1109999999999884,0.6110000000000004,354.0,1
2.011,970.0,724.0,616.0,970.5,724.5,616.5,0.0,0.0,0.0,-64.375,0.5,-72.625,0.0,900.0,900.0,0.0,1.1119999999999883,0.6120000000000004,354.0,1
2.012,970.0,724.0,616.0,970.5,724.5,616.5,0.0,0.0,0.0,-64.375,0.5,-72.625,0.0,900.0,900.0,0.0,1.1129999999999882,0.6130000000000004,354.0,1
2.013,970.0,724.0,616.0,970.5,724.5,616.5,0.0,0.0,0.0,-64.375,0.5,-72.625,0.0,900.0,900.0,0.0,1.113999999999988,0.6140000000000004,354.0,1
2.0140000000000002,970.0,724.0,616.0,970.5,724.5,616.5,0.0,0.0,0.0,-64.375,0.5,-72.625,0.0,900.0,900.0,0.0,1.114999999999988,0.6150000000000004,354.0,1
2.015,970.0,724.0,616.0,970.5,724.5,616.5,0.0,0.0,0.0,-64.375,0.5,-72.625,0.0,900.0,900.0,0.0,1.115999999999988,0.6160000000000004,354.0,1
2.016,970.0,724.0,616.0,970.5,724.5,616.5,0.0,0.0,0.0,-64.375,0.5,-72.625,0.0,900.0,900.0,0.0,1.1169999999999878,0.6170000000000004,354.0,1
2.017,970.0,724.0,616.0,970.5,724.5,616.5,0.0,0.0,0.0,-64.375,0.5,-72.625,0.0,900.0,900.0,0.0,1.1179999999999877,0.6180000000000004,354.0,1
2.0180000000000002,970.0,724.0,616.0,970.5,724.5,616.5,0.0,0.0,0.0,-64.375,0.5,-72.625,0.0,900.0,900.0,0.0,1.1189999999999876,0.6190000000000004,354.0,1
2.019,970.0,724.0,616.0,970.5,724.5,616.5,0.0,0.0,0.0,-64.375,0.5,-72.625,0.0,900.0,900.0,0.0,1.1199999999999875,0.6200000000000004,354.0,1
2.02,970.0,724.0,616.0,970.5,724.5,616.5,0.0,0.0,0.0,-64.375,0.5,-72.625,0.0,900.0,900.0,0.0,1.1209999999999873,0.6210000000000004,354.0,1
2.021,970.0,724.0,616.0,970.5,724.5,616.5,0.0,0.0,0.0,-64.375,0.5,-72.625,0.0,900.0,900.0,0.0,1.1219999999999872,0.6220000000000004,354.0,1
2.0220000000000002,970.0,724.0,616.0,970.5,724.5,616.5,0.0,0.0,0.0,-64.375,0.5,-72.625,0.0,900.0,900.0,0.0,1.1229999999999871,0.6230000000000004,354.0,1
2.023,970.0,724.0,616.0,970.5,724.5,616.5,0.0,0.0,0.0,-64.375,0.5,-72.625,0.0,900.0,900.0,0.0,1.123999999999987,0.6240000000000004,354.0,1
2.024,970.0,724.0,616.0,970.5,724.5,616.5,0.0,0.0,0.0,-64.375,0.5,-72.625,0.0,900.0,900.0,0.0,1.124999999999987,0.6250000000000004,354.0,1
2.025,970.0,724.0,616.0,970.5,724.5,616.5,0.0,0.0,0.0,-64.375,0.5,-72.625,0.0,900.0,900.0,0.0,1.1259999999999868,0.6260000000000004,354.0,1
2.0260000000000002,970.0,724.0,616.0,970.5,724.5,616.5,0.0,0.0,0.0,-64.375,0.5,-72.625,0.0,900.0,900.0,0.0,1.1269999999999867,0.6270000000000004,354.0,1
2.027,970.0,724.0,616.0,970.5,724.5,616.5,0.0,0.0,0.0,-64.375,0.5,-72.625,0.0,900.0,900.0,0.0,1.1279999999999866,0.6280000000000004,354.0,1
2.028,970.0,724.0,616.0,970.5,724.5,616.5,0.0,0.0,0.0,-64.375,0.5,-72.625,0.0,900.0,900.0,0.0,1.1289999999999865,0.6290000000000004,354.0,1
2.029,970.0,724.0,616.0,970.5,724.5,616.5,0.0,0.0,0.0,-64.375,0.5,-72.625,0.0,900.0,900.0,0.0,1.1299999999999863,0.6300000000000004,354.0,1
2.0300000000000002,970.0,724.0,616.0,970.5,724.5,616.5,0.0,0.0,0.0,-64.375,0.5,-72.625,0.0,900.0,900.0,0.0,1.1309999999999862,0.6310000000000004,354.0,1
2.031,970.0,724.0,616.0,970.5,724.5,616.5,0.0,0.0,0.0,-64.375,0.5,-72.625,0.0,900.0,900.0,0.0,1.1319999999999861,0.6320000000000005,354.0,1
2.032,970.0,724.0,616.0,970.5,724.5,616.5,0.0,0.0,0.0,-64.375,0.5,-72.625,0.0,900.0,900.0,0.0,1.132999999999986,0.6330000000000005,354.0,1
2.033,970.0,724.0,616.0,970.5,724.5,616.5,0.0,0.0,0.0,-64.375,0.5,-72.625,0.0,900.0,900.0,0.0,1.133999999999986,0.6340000000000005,354.0,1
2.0340000000000003,970.0,724.0,616.0,970.5,724.5,616.5,0.0,0.0,0.0,-64.375,0.5,-72.625,0.0,900.0,900.0,0.0,1.1349999999999858,0.6350000000000005,354.0,1
2.035,970.0,724.0,616.0,970.5,724.5,616.5,0.0,0.0,0.0,-64.375,0.5,-72.625,0.0,900.0,900.0,0.0,1.1359999999999857,0.6360000000000005,354.0,1
2.036,970.0,724.0,616.0,970.5,724.5,616.5,0.0,0.0,0.0,-64.375,0.5,-72.625,0.0,900.0,900.0,0.0,1.1369999999999856,0.6370000000000005,354.0,1
2.037,970.0,724.0,616.0,970.5,724.5,616.5,0.0,0.0,0.0,-64.375,0.5,-72.625,0.0,900.0,900.0,0.0,1.1379999999999855,0.6380000000000005,354.0,1
2.0380000000000003,970.0,724.0,616.0,970.5,724.5,616.5,0.0,0.0,0.0,-64.375,0.5,-72.625,0.0,900.0,900.0,0.0,1.1389999999999854,0.6390000000000005,354.0,1
2.039,970.0,724.0,616.0,970.5,724.5,616.5,0.0,0.0,0.0,-64.375,0.5,-72.625,0.0,900.0,900.0,0.0,1.1399999999999852,0.6400000000000005,354.0,1
2.04,970.0,724.0,616.0,970.5,724.5,616.5,0.0,0.0,0.0,-64.375,0.5,-72.625,0.0,900.0,900.0,0.0,1.1409999999999851,0.6410000000000005,354.0,1
2.041,970.0,724.0,616.0,970.5,724.5,616.5,0.0,0.0,0.0,-64.375,0.5,-72.625,0.0,900.0,900.0,0.0,1.141999999999985,0.6420000000000005,354.0,1
2.0420000000000003,970.0,724.0,616.0,970.5,724.5,616.5,0.0,0.0,0.0,-64.375,0.5,-72.625,0.0,900.0,900.0,0.0,1.142999999999985,0.6430000000000005,354.0,1
2.043,970.0,724.0,616.0,970.5,724.5,616.5,0.0,0.0,0.0,-64.375,0.5,-72.625,0.0,900.0,900.0,0.0,1.1439999999999848,0.6440000000000005,354.0,1
2.044,970.0,724.0,616.0,970.5,724.5,616.5,0.0,0.0,0.0,-64.375,0.5,-72.625,0.0,900.0,900.0,0.0,1.1449999999999847,0.6450000000000005,354.0,1
2.045,970.0,724.0,616.0,970.5,724.5,616.5,0.0,0.0,0.0,-64.375,0.5,-72.625,0.0,900.0,900.0,0.0,1.1459999999999846,0.6460000000000005,354.0,1
2.0460000000000003,970.0,724.0,616.0,970.5,724.5,616.5,0.0,0.0,0.0,-64.375,0.5,-72.625,0.0,900.0,900.0,0.0,1.1469999999999845,0.6470000000000005,354.0,1
2.047,970.0,724.0,616.0,970.5,724.5,616.5,0.0,0.0,0.0,-64.375,0.5,-72.625,0.0,900.0,900.0,0.0,1.1479999999999844,0.6480000000000005,354.0,1
2.048,970.0,724.0,616.0,970.5,724.5,616.5,0.0,0.0,0.0,-64.375,0.5,-72.625,0.0,900.0,900.0,0.0,1.1489999999999843,0.6490000000000005,354.0,1
2.049,970.0,724.0,616.0,970.5,724.5,616.5,0.0,0.0,0.0,-64.375,0.5,-72.625,0.0,900.0,900.0,0.0,1.1499999999999841,0.6500000000000005,354.0,1
2.05,970.0,724.0,616.0,970.5,724.5,616.5,0.0,0.0,0.0,-64.375,0.5,-72.625,0.0,900.0,900.0,0.0,1.150999999999984,0.6510000000000005,354.0,1
2.051,970.0,724.0,616.0,970.5,724.5,616.5,0.0,0.0,0.0,-64.375,0.5,-72.625,0.0,900.0,900.0,0.0,1.151999999999984,0.6520000000000005,354.0,1
2.052,970.0,724.0,616.0,970.5,724.5,616.5,0.0,0.0,0.0,-64.375,0.5,-72.625,0.0,900.0,900.0,0.0,1.1529999999999838,0.6530000000000005,354.0,1
2.053,970.0,724.0,616.0,970.5,724.5,616.5,0.0,0.0,0.0,-64.375,0.5,-72.625,0.0,900.0,900.0,0.0,1.1539999999999837,0.6540000000000005,354.0,1
2.054,970.0,724.0,616.0,970.5,724.5,616.5,0.0,0.0,0.0,-64.375,0.5,-72.625,0.0,900.0,900.0,0.0,1.1549999999999836,0.6550000000000005,354.0,1
2.055,970.0,724.0,616.0,970.5,724.5,616.5,0.0,0.0,0.0,-64.375,0.5,-72.625,0.0,900.0,900.0,0.0,1.1559999999999835,0.6560000000000005,354.0,1
2.056,970.0,724.0,616.0,970.5,724.5,616.5,0.0,0.0,0.0,-64.375,0.5,-72.625,0.0,900.0,900.0,0.0,1.1569999999999834,0.6570000000000005,354.0,1
2.057,970.0,724.0,616.0,970.5,724.5,616.5,0.0,0.0,0.0,-64.375,0.5,-72.625,0.0,900.0,900.0,0.0,1.1579999999999833,0.6580000000000005,354.0,1
2.058,970.0,724.0,616.0,970.5,724.5,616.5,0.0,0.0,0.0,-64.375,0.5,-72.625,0.0,900.0,900.0,0.0,1.1589999999999832,0.6590000000000005,354.0,1
2.059,970.0,724.0,616.0,970.5,724.5,616.5,0.0,0.0,0.0,-64.375,0.5,-72.625,0.0,900.0,900.0,0.0,1.159999999999983,0.6600000000000005,354.0,1
2.06,970.0,724.0,616.0,970.5,724.5,616.5,0.0,0.0,0.0,-64.375,0.5,-72.625,0.0,900.0,900.0,0.0,1.160999999999983,0.6610000000000005,354.0,1
2.061,970.0,724.0,616.0,970.5,724.5,616.5,0.0,0.0,0.0,-64.375,0.5,-72.625,0.0,900.0,900.0,0.0,1.1619999999999828,0.6620000000000005,354.0,1
2.062,970.0,724.0,616.0,970.5,724.5,616.5,0.0,0.0,0.0,-64.375,0.5,-72.625,0.0,900.0,900.0,0.0,1.1629999999999827,0.6630000000000005,354.0,1
2.063,970.0,724.0,616.0,970.5,724.5,616.5,0.0,0.0,0.0,-64.375,0.5,-72.625,0.0,900.0,900.0,0.0,1.1639999999999826,0.6640000000000005,354.0,1
2.064,970.0,724.0,616.0,970.5,724.5,616.5,0.0,0.0,0.0,-64.375,0.5,-72.625,0.0,900.0,900.0,0.0,1.1649999999999825,0.6650000000000005,354.0,1
2.065,970.0,724.0,616.0,970.5,724.5,616.5,0.0,0.0,0.0,-64.375,0.5,-72.625,0.0,900.0,900.0,0.0,1.1659999999999824,0.6660000000000005,354.0,1
2.066,970.0,724.0,616.0,970.5,724.5,616.5,0.0,0.0,0.0,-64.375,0.5,-72.625,0.0,900.0,900.0,0.0,1.1669999999999823,0.6670000000000005,354.0,1
2.067,970.0,724.0,616.0,970.5,724.5,616.5,0.0,0.0,0.0,-64.375,0.5,-72.625,0.0,900.0,900.0,0.0,1.1679999999999822,0.6680000000000005,354.0,1
2.068,970.0,724.0,616.0,970.5,724.5,616.5,0.0,0.0,0.0,-64.375,0.5,-72.625,0.0,900.0,900.0,0.0,1.168999999999982,0.6690000000000005,354.0,1
2.069,970.0,724.0,616.0,970.5,724.5,616.5,0.0,0.0,0.0,-64.375,0.5,-72.625,0.0,900.0,900.0,0.0,1.169999999999982,0.6700000000000005,354.0,1
2.07,970.0,724.0,616.0,970.5,724.5,616.5,0.0,0.0,0.0,-64.375,0.5,-72.625,0.0,900.0,900.0,0.0,1.1709999999999818,0.6710000000000005,354.0,1
2.071,970.0,724.0,616.0,970.5,724.5,616.5,0.0,0.0,0.0,-64.375,0.5,-72.625,0.0,900.0,900.0,0.0,1.1719999999999817,0.6720000000000005,354.0,1
2.072,970.0,724.0,616.0,970.5,724.5,616.5,0.0,0.0,0.0,-64.375,0.5,-72.625,0.0,900.0,900.0,0.0,1.1729999999999816,0.6730000000000005,354.0,1
2.073,970.0,724.0,616.0,970.5,724.5,616.5,0.0,0.0,0.0,-64.375,0.5,-72.625,0.0,900.0,900.0,0.0,1.1739999999999815,0.6740000000000005,354.0,1
2.074,970.0,724.0,616.0,970.5,724.5,616.5,0.0,0.0,0.0,-64.375,0.5,-72.625,0.0,900.0,900.0,0.0,1.1749999999999814,0.6750000000000005,354.0,1
2.075,970.0,724.0,616.0,970.5,724.5,616.5,0.0,0.0,0.0,-64.375,0.5,-72.625,0.0,900.0,900.0,0.0,1.1759999999999813,0.6760000000000005,354.0,1
2.076,970.0,724.0,616.0,970.5,724.5,616.5,0.0,0.0,0.0,-64.375,0.5,-72.625,0.0,900.0,900.0,0.0,1.1769999999999812,0.6770000000000005,354.0,1
2.077,970.0,724.0,616.0,970.5,724.5,616.5,0.0,0.0,0.0,-64.375,0.5,-72.625,0.0,900.0,900.0,0.0,1.177999999999981,0.6780000000000005,354.0,1
2.078,970.0,724.0,616.0,970.5,724.5,616.5,0.0,0.0,0.0,-64.375,0.5,-72.625,0.0,900.0,900.0,0.0,1.178999999999981,0.6790000000000005,354.0,1
2.079,970.0,724.0,616.0,970.5,724.5,616.5,0.0,0.0,0.0,-64.375,0.5,-72.625,0.0,900.0,900.0,0.0,1.1799999999999808,0.6800000000000005,354.0,1
2.08,970.0,724.0,616.0,970.5,724.5,616.5,0.0,0.0,0.0,-64.375,0.5,-72.625,0.0,900.0,900.0,0.0,1.1809999999999807,0.6810000000000005,354.0,1
2.081,970.0,724.0,616.0,970.5,724.5,616.5,0.0,0.0,0.0,-64.375,0.5,-72.625,0.0,900.0,900.0,0.0,1.1819999999999806,0.6820000000000005,354.0,1
2.082,970.0,724.0,616.0,970.5,724.5,616.5,0.0,0.0,0.0,-64.375,0.5,-72.625,0.0,900.0,900.0,0.0,1.1829999999999805,0.6830000000000005,354.0,1
2.083,970.0,724.0,616.0,970.5,724.5,616.5,0.0,0.0,0.0,-64.375,0.5,-72.625,0.0,900.0,900.0,0.0,1.1839999999999804,0.6840000000000005,354.0,1
2.084,970.0,724.0,616.0,970.5,724.5,616.5,0.0,0.0,0.0,-64.375,0.5,-72.625,0.0,900.0,900.0,0.0,1.1849999999999803,0.6850000000000005,354.0,1
2.085,970.0,724.0,616.0,970.5,724.5,616.5,0.0,0.0,0.0,-64.375,0.5,-72.625,0.0,900.0,900.0,0.0,1.1859999999999802,0.6860000000000005,354.0,1
2.086,970.0,724.0,616.0,970.5,724.5,616.5,0.0,0.0,0.0,-64.375,0.5,-72.625,0.0,900.0,900.0,0.0,1.18699999999998,0.6870000000000005,354.0,1
2.087,970.0,724.0,616.0,970.5,724.5,616.5,0.0,0.0,0.0,-64.375,0.5,-72.625,0.0,900.0,900.0,0.0,1.18799999999998,0.6880000000000005,354.0,1
2.088,970.0,724.0,616.0,970.5,724.5,616.5,0.0,0.0,0.0,-64.375,0.5,-72.625,0.0,900.0,900.0,0.0,1.1889999999999799,0.6890000000000005,354.0,1
2.089,970.0,724.0,616.0,970.5,724.5,616.5,0.0,0.0,0.0,-64.375,0.5,-72.625,0.0,900.0,900.0,0.0,1.1899999999999797,0.6900000000000005,354.0,1
2.09,970.0,724.0,616.0,970.5,724.5,616.5,0.0,0.0,0.0,-64.375,0.5,-72.625,0.0,900.0,900.0,0.0,1.1909999999999796,0.6910000000000005,354.0,1
2.091,970.0,724.0,616.0,970.5,724.5,616.5,0.0,0.0,0.0,-64.375,0.5,-72.625,0.0,900.0,900.0,0.0,1.1919999999999795,0.6920000000000005,354.0,1
2.092,970.0,724.0,616.0,970.5,724.5,616.5,0.0,0.0,0.0,-64.375,0.5,-72.625,0.0,900.0,900.0,0.0,1.1929999999999794,0.6930000000000005,354.0,1
2.093,970.0,724.0,616.0,970.5,724.5,616.5,0.0,0.0,0.0,-64.375,0.5,-72.625,0.0,900.0,900.0,0.0,1.1939999999999793,0.6940000000000005,354.0,1
2.094,970.0,724.0,616.0,970.5,724.5,616.5,0.0,0.0,0.0,-64.375,0.5,-72.625,0.0,900.0,900.0,0.0,1.1949999999999792,0.6950000000000005,354.0,1
2.095,970.0,724.0,616.0,970.5,724.5,616.5,0.0,0.0,0.0,-64.375,0.5,-72.625,0.0,900.0,900.0,0.0,1.195999999999979,0.6960000000000005,354.0,1
2.096,970.0,724.0,616.0,970.5,724.5,616.5,0.0,0.0,0.0,-64.375,0.5,-72.625,0.0,900.0,900.0,0.0,1.196999999999979,0.6970000000000005,354.0,1
2.097,970.0,724.0,616.0,970.5,724.5,616.5,0.0,0.0,0.0,-64.375,0.5,-72.625,0.0,900.0,900.0,0.0,1.1979999999999789,0.6980000000000005,354.0,1
2.098,970.0,724.0,616.0,970.5,724.5,616.5,0.0,0.0,0.0,-64.375,0.5,-72.625,0.0,900.0,900.0,0.0,1.1989999999999787,0.6990000000000005,354.0,1
2.099,970.0,724.0,616.0,970.5,724.5,616.5,0.0,0.0,0.0,-64.375,0.5,-72.625,0.0,900.0,900.0,0.0,1.1999999999999786,0.7000000000000005,354.0,1
2.1,970.0,724.0,616.0,970.5,724.5,616.5,0.0,0.0,0.0,-64.375,0.5,-72.625,0.0,900.0,900.0,0.0,1.2009999999999785,0.7010000000000005,354.0,1
2.101,970.0,724.0,616.0,970.5,724.5,616.5,0.0,0.0,0.0,-64.375,0.5,-72.625,0.0,900.0,900.0,0.0,1.2019999999999784,0.7020000000000005,354.0,1
2.102,970.0,724.0,616.0,970.5,724.5,616.5,0.0,0.0,0.0,-64.375,0.5,-72.625,0.0,900.0,900.0,0.0,1.2029999999999783,0.7030000000000005,354.0,1
2.103,970.0,724.0,616.0,970.5,724.5,616.5,0.0,0.0,0.0,-64.375,0.5,-72.625,0.0,900.0,900.0,0.0,1.2039999999999782,0.7040000000000005,354.0,1
2.104,970.0,724.0,616.0,970.5,724.5,616.5,0.0,0.0,0.0,-64.375,0.5,-72.625,0.0,900.0,900.0,0.0,1.204999999999978,0.7050000000000005,354.0,1
2.105,970.0,724.0,616.0,970.5,724.5,616.5,0.0,0.0,0.0,-64.375,0.5,-72.625,0.0,900.0,900.0,0.0,1.205999999999978,0.7060000000000005,354.0,1
2.106,970.0,724.0,616.0,970.5,724.5,616.5,0.0,0.0,0.0,-64.375,0.5,-72.625,0.0,900.0,900.0,0.0,1.2069999999999779,0.7070000000000005,354.0,1
2.107,970.0,724.0,616.0,970.5,724.5,616.5,0.0,0.0,0.0,-64.375,0.5,-72.625,0.0,900.0,900.0,0.0,1.2079999999999778,0.7080000000000005,354.0,1
2.108,970.0,724.0,616.0,970.5,724.5,616.5,0.0,0.0,0.0,-64.375,0.5,-72.625,0.0,900.0,900.0,0.0,1.2089999999999776,0.7090000000000005,354.0,1
2.109,970.0,724.0,616.0,970.5,724.5,616.5,0.0,0.0,0.0,-64.375,0.5,-72.625,0.0,900.0,900.0,0.0,1.2099999999999775,0.7100000000000005,354.0,1
2.11,970.0,724.0,616.0,970.5,724.5,616.5,0.0,0.0,0.0,-64.375,0.5,-72.625,0.0,900.0,900.0,0.0,1.2109999999999774,0.7110000000000005,354.0,1
2.111,970.0,724.0,616.0,970.5,724.5,616.5,0.0,0.0,0.0,-64.375,0.5,-72.625,0.0,900.0,900.0,0.0,1.2119999999999773,0.7120000000000005,354.0,1
2.112,970.0,724.0,616.0,970.5,724.5,616.5,0.0,0.0,0.0,-64.375,0.5,-72.625,0.0,900.0,900.0,0.0,1.2129999999999772,0.7130000000000005,354.0,1
2.113,970.0,724.0,616.0,970.5,724.5,616.5,0.0,0.0,0.0,-64.375,0.5,-72.625,0.0,900.0,900.0,0.0,1.213999999999977,0.7140000000000005,354.0,1
2.114,970.0,724.0,616.0,970.5,724.5,616.5,0.0,0.0,0.0,-64.375,0.5,-72.625,0.0,900.0,900.0,0.0,1.214999999999977,0.7150000000000005,354.0,1
2.115,970.0,724.0,616.0,970.5,724.5,616.5,0.0,0.0,0.0,-64.375,0.5,-72.625,0.0,900.0,900.0,0.0,1.2159999999999769,0.7160000000000005,354.0,1
2.116,970.0,724.0,616.0,970.5,724.5,616.5,0.0,0.0,0.0,-64.375,0.5,-72.625,0.0,900.0,900.0,0.0,1.2169999999999768,0.7170000000000005,354.0,1
2.117,970.0,724.0,616.0,970.5,724.5,616.5,0.0,0.0,0.0,-64.375,0.5,-72.625,0.0,900.0,900.0,0.0,1.2179999999999767,0.7180000000000005,354.0,1
2.118,970.0,724.0,616.0,970.5,724.5,616.5,0.0,0.0,0.0,-64.375,0.5,-72.625,0.0,900.0,900.0,0.0,1.2189999999999765,0.7190000000000005,354.0,1
2.119,970.0,724.0,616.0,970.5,724.5,616.5,0.0,0.0,0.0,-64.375,0.5,-72.625,0.0,900.0,900.0,0.0,1.2199999999999764,0.7200000000000005,354.0,1
2.12,970.0,724.0,616.0,970.5,724.5,616.5,0.0,0.0,0.0,-64.375,0.5,-72.625,0.0,900.0,900.0,0.0,1.2209999999999763,0.7210000000000005,354.0,1
2.121,970.0,724.0,616.0,970.5,724.5,616.5,0.0,0.0,0.0,-64.375,0.5,-72.625,0.0,900.0,900.0,0.0,1.2219999999999762,0.7220000000000005,354.0,1
2.122,970.0,724.0,616.0,970.5,724.5,616.5,0.0,0.0,0.0,-64.375,0.5,-72.625,0.0,900.0,900.0,0.0,1.222999999999976,0.7230000000000005,354.0,1
2.123,970.0,724.0,616.0,970.5,724.5,616.5,0.0,0.0,0.0,-64.375,0.5,-72.625,0.0,900.0,900.0,0.0,1.223999999999976,0.7240000000000005,354.0,1
2.124,970.0,724.0,616.0,970.5,724.5,616.5,0.0,0.0,0.0,-64.375,0.5,-72.625,0.0,900.0,900.0,0.0,1.2249999999999759,0.7250000000000005,354.0,1
2.125,970.0,724.0,616.0,970.5,724.5,616.5,0.0,0.0,0.0,-64.375,0.5,-72.625,0.0,900.0,900.0,0.0,1.2259999999999758,0.7260000000000005,354.0,1
2.126,970.0,724.0,616.0,970.5,724.5,616.5,0.0,0.0,0.0,-64.375,0.5,-72.625,0.0,900.0,900.0,0.0,1.2269999999999757,0.7270000000000005,354.0,1
2.1270000000000002,970.0,724.0,616.0,970.5,724.5,616.5,0.0,0.0,0.0,-64.375,0.5,-72.625,0.0,900.0,900.0,0.0,1.2279999999999756,0.7280000000000005,354.0,1
2.128,970.0,724.0,616.0,970.5,724.5,616.5,0.0,0.0,0.0,-64.375,0.5,-72.625,0.0,900.0,900.0,0.0,1.2289999999999754,0.7290000000000005,354.0,1
2.129,970.0,724.0,616.0,970.5,724.5,616.5,0.0,0.0,0.0,-64.375,0.5,-72.625,0.0,900.0,900.0,0.0,1.2299999999999753,0.7300000000000005,354.0,1
2.13,970.0,724.0,616.0,970.5,724.5,616.5,0.0,0.0,0.0,-64.375,0.5,-72.625,0.0,900.0,900.0,0.0,1.2309999999999752,0.7310000000000005,354.0,1
2.1310000000000002,970.0,724.0,616.0,970.5,724.5,616.5,0.0,0.0,0.0,-64.375,0.5,-72.625,0.0,900.0,900.0,0.0,1.2319999999999751,0.7320000000000005,354.0,1
2.132,970.0,724.0,616.0,970.5,724.5,616.5,0.0,0.0,0.0,-64.375,0.5,-72.625,0.0,900.0,900.0,0.0,1.232999999999975,0.7330000000000005,354.0,1
2.133,970.0,724.0,616.0,970.5,724.5,616.5,0.0,0.0,0.0,-64.375,0.5,-72.625,0.0,900.0,900.0,0.0,1.233999999999975,0.7340000000000005,354.0,1
2.134,970.0,724.0,616.0,970.5,724.5,616.5,0.0,0.0,0.0,-64.375,0.5,-72.625,0.0,900.0,900.0,0.0,1.2349999999999748,0.7350000000000005,354.0,1
2.1350000000000002,970.0,724.0,616.0,970.5,724.5,616.5,0.0,0.0,0.0,-64.375,0.5,-72.625,0.0,900.0,900.0,0.0,1.2359999999999747,0.7360000000000005,354.0,1
2.136,970.0,724.0,616.0,970.5,724.5,616.5,0.0,0.0,0.0,-64.375,0.5,-72.625,0.0,900.0,900.0,0.0,1.2369999999999746,0.7370000000000005,354.0,1
2.137,970.0,724.0,616.0,970.5,724.5,616.5,0.0,0.0,0.0,-64.375,0.5,-72.625,0.0,900.0,900.0,0.0,1.2379999999999745,0.7380000000000005,354.0,1
2.138,970.0,724.0,616.0,970.5,724.5,616.5,0.0,0.0,0.0,-64.375,0.5,-72.625,0.0,900.0,900.0,0.0,1.2389999999999743,0.7390000000000005,354.0,1
2.1390000000000002,970.0,724.0,616.0,970.5,724.5,616.5,0.0,0.0,0.0,-64.375,0.5,-72.625,0.0,900.0,900.0,0.0,1.2399999999999742,0.7400000000000005,354.0,1
2.14,970.0,724.0,616.0,970.5,724.5,616.5,0.0,0.0,0.0,-64.375,0.5,-72.625,0.0,900.0,900.0,0.0,1.2409999999999741,0.7410000000000005,354.0,1
2.141,970.0,724.0,616.0,970.5,724.5,616.5,0.0,0.0,0.0,-64.375,0.5,-72.625,0.0,900.0,900.0,0.0,1.241999999999974,0.7420000000000005,354.0,1
2.142,970.0,724.0,616.0,970.5,724.5,616.5,0.0,0.0,0.0,-64.375,0.5,-72.625,0.0,900.0,900.0,0.0,1.242999999999974,0.7430000000000005,354.0,1
2.1430000000000002,970.0,724.0,616.0,970.5,724.5,616.5,0.0,0.0,0.0,-64.375,0.5,-72.625,0.0,900.0,900.0,0.0,1.2439999999999738,0.7440000000000005,354.0,1
2.144,970.0,724.0,616.0,970.5,724.5,616.5,0.0,0.0,0.0,-64.375,0.5,-72.625,0.0,900.0,900.0,0.0,1.2449999999999737,0.7450000000000006,354.0,1
2.145,970.0,724.0,616.0,970.5,724.5,616.5,0.0,0.0,0.0,-64.375,0.5,-72.625,0.0,900.0,900.0,0.0,1.2459999999999736,0.7460000000000006,354.0,1
2.146,970.0,724.0,616.0,970.5,724.5,616.5,0.0,0.0,0.0,-64.375,0.5,-72.625,0.0,900.0,900.0,0.0,1.2469999999999735,0.7470000000000006,354.0,1
2.1470000000000002,970.0,724.0,616.0,970.5,724.5,616.5,0.0,0.0,0.0,-64.375,0.5,-72.625,0.0,900.0,900.0,0.0,1.2479999999999734,0.7480000000000006,354.0,1
2.148,970.0,724.0,616.0,970.5,724.5,616.5,0.0,0.0,0.0,-64.375,0.5,-72.625,0.0,900.0,900.0,0.0,1.2489999999999732,0.7490000000000006,354.0,1
2.149,970.0,724.0,616.0,970.5,724.5,616.5,0.0,0.0,0.0,-64.375,0.5,-72.625,0.0,900.0,900.0,0.0,1.2499999999999731,0.7500000000000006,354.0,1
2.15,970.0,724.0,616.0,970.5,724.5,616.5,0.0,0.0,0.0,-64.375,0.5,-72.625,0.0,900.0,900.0,0.0,1.250999999999973,0.7510000000000006,354.0,1
2.1510000000000002,970.0,724.0,616.0,970.5,724.5,616.5,0.0,0.0,0.0,-64.375,0.5,-72.625,0.0,900.0,900.0,0.0,1.251999999999973,0.7520000000000006,354.0,1
2.152,970.0,724.0,616.0,970.5,724.5,616.5,0.0,0.0,0.0,-64.375,0.5,-72.625,0.0,900.0,900.0,0.0,1.2529999999999728,0.7530000000000006,354.0,1
2.153,970.0,724.0,616.0,970.5,724.5,616.5,0.0,0.0,0.0,-64.375,0.5,-72.625,0.0,900.0,900.0,0.0,1.2539999999999727,0.7540000000000006,354.0,1
2.154,970.0,724.0,616.0,970.5,724.5,616.5,0.0,0.0,0.0,-64.375,0.5,-72.625,0.0,900.0,900.0,0.0,1.2549999999999726,0.7550000000000006,354.0,1
2.1550000000000002,970.0,724.0,616.0,970.5,724.5,616.5,0.0,0.0,0.0,-64.375,0.5,-72.625,0.0,900.0,900.0,0.0,1.2559999999999725,0.7560000000000006,354.0,1
2.156,970.0,724.0,616.0,970.5,724.5,616.5,0.0,0.0,0.0,-64.375,0.5,-72.625,0.0,900.0,900.0,0.0,1.2569999999999724,0.7570000000000006,354.0,1
2.157,970.0,724.0,616.0,970.5,724.5,616.5,0.0,0.0,0.0,-64.375,0.5,-72.625,0.0,900.0,900.0,0.0,1.2579999999999723,0.7580000000000006,354.0,1
2.158,970.0,724.0,616.0,970.5,724.5,616.5,0.0,0.0,0.0,-64.375,0.5,-72.625,0.0,900.0,900.0,0.0,1.2589999999999721,0.7590000000000006,354.0,1
2.1590000000000003,970.0,724.0,616.0,970.5,724.5,616.5,0.0,0.0,0.0,-64.375,0.5,-72.625,0.0,900.0,900.0,0.0,1.259999999999972,0.7600000000000006,354.0,1
2.16,970.0,724.0,616.0,970.5,724.5,616.5,0.0,0.0,0.0,-64.375,0.5,-72.625,0.0,900.0,900.0,0.0,1.260999999999972,0.7610000000000006,354.0,1
2.161,970.0,724.0,616.0,970.5,724.5,616.5,0.0,0.0,0.0,-64.375,0.5,-72.625,0.0,900.0,900.0,0.0,1.2619999999999718,0.7620000000000006,354.0,1
2.162,970.0,724.0,616.0,970.5,724.5,616.5,0.0,0.0,0.0,-64.375,0.5,-72.625,0.0,900.0,900.0,0.0,1.2629999999999717,0.7630000000000006,354.0,1
2.1630000000000003,970.0,724.0,616.0,970.5,724.5,616.5,0.0,0.0,0.0,-64.375,0.5,-72.625,0.0,900.0,900.0,0.0,1.2639999999999716,0.7640000000000006,354.0,1
2.164,970.0,724.0,616.0,970.5,724.5,616.5,0.0,0.0,0.0,-64.375,0.5,-72.625,0.0,900.0,900.0,0.0,1.2649999999999715,0.7650000000000006,354.0,1
2.165,970.0,724.0,616.0,970.5,724.5,616.5,0.0,0.0,0.0,-64.375,0.5,-72.625,0.0,900.0,900.0,0.0,1.2659999999999714,0.7660000000000006,354.0,1
2.166,970.0,724.0,616.0,970.5,724.5,616.5,0.0,0.0,0.0,-64.375,0.5,-72.625,0.0,900.0,900.0,0.0,1.2669999999999713,0.7670000000000006,354.0,1
2.1670000000000003,970.0,724.0,616.0,970.5,724.5,616.5,0.0,0.0,0.0,-64.375,0.5,-72.625,0.0,900.0,900.0,0.0,1.2679999999999712,0.7680000000000006,354.0,1
2.168,970.0,724.0,616.0,970.5,724.5,616.5,0.0,0.0,0.0,-64.375,0.5,-72.625,0.0,900.0,900.0,0.0,1.268999999999971,0.7690000000000006,354.0,1
2.169,970.0,724.0,616.0,970.5,724.5,616.5,0.0,0.0,0.0,-64.375,0.5,-72.625,0.0,900.0,900.0,0.0,1.269999999999971,0.7700000000000006,354.0,1
2.17,970.0,724.0,616.0,970.5,724.5,616.5,0.0,0.0,0.0,-64.375,0.5,-72.625,0.0,900.0,900.0,0.0,1.2709999999999708,0.7710000000000006,354.0,1
2.1710000000000003,970.0,724.0,616.0,970.5,724.5,616.5,0.0,0.0,0.0,-64.375,0.5,-72.625,0.0,900.0,900.0,0.0,1.2719999999999707,0.7720000000000006,354.0,1
2.172,970.0,724.0,616.0,970.5,724.5,616.5,0.0,0.0,0.0,-64.375,0.5,-72.625,0.0,900.0,900.0,0.0,1.2729999999999706,0.7730000000000006,354.0,1
2.173,970.0,724.0,616.0,970.5,724.5,616.5,0.0,0.0,0.0,-64.375,0.5,-72.625,0.0,900.0,900.0,0.0,1.2739999999999705,0.7740000000000006,354.0,1
2.174,970.0,724.0,616.0,970.5,724.5,616.5,0.0,0.0,0.0,-64.375,0.5,-72.625,0.0,900.0,900.0,0.0,1.2749999999999704,0.7750000000000006,354.0,1
2.1750000000000003,970.0,724.0,616.0,970.5,724.5,616.5,0.0,0.0,0.0,-64.375,0.5,-72.625,0.0,900.0,900.0,0.0,1.2759999999999703,0.7760000000000006,354.0,1
2.176,970.0,724.0,616.0,970.5,724.5,616.5,0.0,0.0,0.0,-64.375,0.5,-72.625,0.0,900.0,900.0,0.0,1.2769999999999702,0.7770000000000006,354.0,1
2.177,970.0,724.0,616.0,970.5,724.5,616.5,0.0,0.0,0.0,-64.375,0.5,-72.625,0.0,900.0,900.0,0.0,1.27799999999997,0.7780000000000006,354.0,1
2.178,970.0,724.0,616.0,970.5,724.5,616.5,0.0,0.0,0.0,-64.375,0.5,-72.625,0.0,900.0,900.0,0.0,1.27899999999997,0.7790000000000006,354.0,1
2.179,970.0,724.0,616.0,970.5,724.5,616.5,0.0,0.0,0.0,-64.375,0.5,-72.625,0.0,900.0,900.0,0.0,1.2799999999999698,0.7800000000000006,354.0,1
2.18,970.0,724.0,616.0,970.5,724.5,616.5,0.0,0.0,0.0,-64.375,0.5,-72.625,0.0,900.0,900.0,0.0,1.2809999999999697,0.7810000000000006,354.0,1
2.181,970.0,724.0,616.0,970.5,724.5,616.5,0.0,0.0,0.0,-64.375,0.5,-72.625,0.0,900.0,900.0,0.0,1.2819999999999696,0.7820000000000006,354.0,1
2.182,970.0,724.0,616.0,970.5,724.5,616.5,0.0,0.0,0.0,-64.375,0.5,-72.625,0.0,900.0,900.0,0.0,1.2829999999999695,0.7830000000000006,354.0,1
2.183,970.0,724.0,616.0,970.5,724.5,616.5,0.0,0.0,0.0,-64.375,0.5,-72.625,0.0,900.0,900.0,0.0,1.2839999999999694,0.7840000000000006,354.0,1
2.184,970.0,724.0,616.0,970.5,724.5,616.5,0.0,0.0,0.0,-64.375,0.5,-72.625,0.0,900.0,900.0,0.0,1.2849999999999693,0.7850000000000006,354.0,1
2.185,970.0,724.0,616.0,970.5,724.5,616.5,0.0,0.0,0.0,-64.375,0.5,-72.625,0.0,900.0,900.0,0.0,1.2859999999999692,0.7860000000000006,354.0,1
2.186,970.0,724.0,616.0,970.5,724.5,616.5,0.0,0.0,0.0,-64.375,0.5,-72.625,0.0,900.0,900.0,0.0,1.286999999999969,0.7870000000000006,354.0,1
2.187,970.0,724.0,616.0,970.5,724.5,616.5,0.0,0.0,0.0,-64.375,0.5,-72.625,0.0,900.0,900.0,0.0,1.287999999999969,0.7880000000000006,354.0,1
2.188,970.0,724.0,616.0,970.5,724.5,616.5,0.0,0.0,0.0,-64.375,0.5,-72.625,0.0,900.0,900.0,0.0,1.2889999999999688,0.7890000000000006,354.0,1
2.189,970.0,724.0,616.0,970.5,724.5,616.5,0.0,0.0,0.0,-64.375,0.5,-72.625,0.0,900.0,900.0,0.0,1.2899999999999687,0.7900000000000006,354.0,1
2.19,970.0,724.0,616.0,970.5,724.5,616.5,0.0,0.0,0.0,-64.375,0.5,-72.625,0.0,900.0,900.0,0.0,1.2909999999999686,0.7910000000000006,354.0,1
2.191,970.0,724.0,616.0,970.5,724.5,616.5,0.0,0.0,0.0,-64.375,0.5,-72.625,0.0,900.0,900.0,0.0,1.2919999999999685,0.7920000000000006,354.0,1
2.192,970.0,724.0,616.0,970.5,724.5,616.5,0.0,0.0,0.0,-64.375,0.5,-72.625,0.0,900.0,900.0,0.0,1.2929999999999684,0.7930000000000006,354.0,1
2.193,970.0,724.0,616.0,970.5,724.5,616.5,0.0,0.0,0.0,-64.375,0.5,-72.625,0.0,900.0,900.0,0.0,1.2939999999999683,0.7940000000000006,354.0,1
2.194,970.0,724.0,616.0,970.5,724.5,616.5,0.0,0.0,0.0,-64.375,0.5,-72.625,0.0,900.0,900.0,0.0,1.2949999999999682,0.7950000000000006,354.0,1
2.195,970.0,724.0,616.0,970.5,724.5,616.5,0.0,0.0,0.0,-64.375,0.5,-72.625,0.0,900.0,900.0,0.0,1.295999999999968,0.7960000000000006,354.0,1
2.196,970.0,724.0,616.0,970.5,724.5,616.5,0.0,0.0,0.0,-64.375,0.5,-72.625,0.0,900.0,900.0,0.0,1.296999999999968,0.7970000000000006,354.0,1
2.197,970.0,724.0,616.0,970.5,724.5,616.5,0.0,0.0,0.0,-64.375,0.5,-72.625,0.0,900.0,900.0,0.0,1.2979999999999678,0.7980000000000006,354.0,1
2.198,970.0,724.0,616.0,970.5,724.5,616.5,0.0,0.0,0.0,-64.375,0.5,-72.625,0.0,900.0,900.0,0.0,1.2989999999999677,0.7990000000000006,354.0,1
2.199,970.0,724.0,616.0,970.5,724.5,616.5,0.0,0.0,0.0,-64.375,0.5,-72.625,0.0,900.0,900.0,0.0,1.2999999999999676,0.8000000000000006,354.0,1
2.2,970.0,724.0,616.0,970.5,724.5,616.5,0.0,0.0,0.0,-64.375,0.5,-72.625,0.0,900.0,900.0,0.0,1.3009999999999675,0.8010000000000006,354.0,1
2.201,970.0,724.0,616.0,970.5,724.5,616.5,0.0,0.0,0.0,-64.375,0.5,-72.625,0.0,900.0,900.0,0.0,1.3019999999999674,0.8020000000000006,354.0,1
2.202,970.0,724.0,616.0,970.5,724.5,616.5,0.0,0.0,0.0,-64.375,0.5,-72.625,0.0,900.0,900.0,0.0,1.3029999999999673,0.8030000000000006,354.0,1
2.203,970.0,724.0,616.0,970.5,724.5,616.5,0.0,0.0,0.0,-64.375,0.5,-72.625,0.0,900.0,900.0,0.0,1.3039999999999672,0.8040000000000006,354.0,1
2.204,970.0,724.0,616.0,970.5,724.5,616.5,0.0,0.0,0.0,-64.375,0.5,-72.625,0.0,900.0,900.0,0.0,1.304999999999967,0.8050000000000006,354.0,1
2.205,970.0,724.0,616.0,970.5,724.5,616.5,0.0,0.0,0.0,-64.375,0.5,-72.625,0.0,900.0,900.0,0.0,1.305999999999967,0.8060000000000006,354.0,1
2.206,970.0,724.0,616.0,970.5,724.5,616.5,0.0,0.0,0.0,-64.375,0.5,-72.625,0.0,900.0,900.0,0.0,1.3069999999999669,0.8070000000000006,354.0,1
2.207,970.0,724.0,616.0,970.5,724.5,616.5,0.0,0.0,0.0,-64.375,0.5,-72.625,0.0,900.0,900.0,0.0,1.3079999999999667,0.8080000000000006,354.0,1
2.208,970.0,724.0,616.0,970.5,724.5,616.5,0.0,0.0,0.0,-64.375,0.5,-72.625,0.0,900.0,900.0,0.0,1.3089999999999666,0.8090000000000006,354.0,1
2.209,970.0,724.0,616.0,970.5,724.5,616.5,0.0,0.0,0.0,-64.375,0.5,-72.625,0.0,900.0,900.0,0.0,1.3099999999999665,0.8100000000000006,354.0,1
2.21,970.0,724.0,616.0,970.5,724.5,616.5,0.0,0.0,0.0,-64.375,0.5,-72.625,0.0,900.0,900.0,0.0,1.3109999999999664,0.8110000000000006,354.0,1
2.211,970.0,724.0,616.0,970.5,724.5,616.5,0.0,0.0,0.0,-64.375,0.5,-72.625,0.0,900.0,900.0,0.0,1.3119999999999663,0.8120000000000006,354.0,1
2.212,970.0,724.0,616.0,970.5,724.5,616.5,0.0,0.0,0.0,-64.375,0.5,-72.625,0.0,900.0,900.0,0.0,1.3129999999999662,0.8130000000000006,354.0,1
2.213,970.0,724.0,616.0,970.5,724.5,616.5,0.0,0.0,0.0,-64.375,0.5,-72.625,0.0,900.0,900.0,0.0,1.313999999999966,0.8140000000000006,354.0,1
2.214,970.0,724.0,616.0,970.5,724.5,616.5,0.0,0.0,0.0,-64.375,0.5,-72.625,0.0,900.0,900.0,0.0,1.314999999999966,0.8150000000000006,354.0,1
2.215,970.0,724.0,616.0,970.5,724.5,616.5,0.0,0.0,0.0,-64.375,0.5,-72.625,0.0,900.0,900.0,0.0,1.3159999999999659,0.8160000000000006,354.0,1
2.216,970.0,724.0,616.0,970.5,724.5,616.5,0.0,0.0,0.0,-64.375,0.5,-72.625,0.0,900.0,900.0,0.0,1.3169999999999658,0.8170000000000006,354.0,1
2.217,970.0,724.0,616.0,970.5,724.5,616.5,0.0,0.0,0.0,-64.375,0.5,-72.625,0.0,900.0,900.0,0.0,1.3179999999999656,0.8180000000000006,354.0,1
2.218,970.0,724.0,616.0,970.5,724.5,616.5,0.0,0.0,0.0,-64.375,0.5,-72.625,0.0,900.0,900.0,0.0,1.3189999999999655,0.8190000000000006,354.0,1
2.219,970.0,724.0,616.0,970.5,724.5,616.5,0.0,0.0,0.0,-64.375,0.5,-72.625,0.0,900.0,900.0,0.0,1.3199999999999654,0.8200000000000006,354.0,1
2.22,970.0,724.0,616.0,970.5,724.5,616.5,0.0,0.0,0.0,-64.375,0.5,-72.625,0.0,900.0,900.0,0.0,1.3209999999999653,0.8210000000000006,354.0,1
2.221,970.0,724.0,616.0,970.5,724.5,616.5,0.0,0.0,0.0,-64.375,0.5,-72.625,0.0,900.0,900.0,0.0,1.3219999999999652,0.8220000000000006,354.0,1
2.222,970.0,724.0,616.0,970.5,724.5,616.5,0.0,0.0,0.0,-64.375,0.5,-72.625,0.0,900.0,900.0,0.0,1.322999999999965,0.8230000000000006,354.0,1
2.223,970.0,724.0,616.0,970.5,724.5,616.5,0.0,0.0,0.0,-64.375,0.5,-72.625,0.0,900.0,900.0,0.0,1.323999999999965,0.8240000000000006,354.0,1
2.224,970.0,724.0,616.0,970.5,724.5,616.5,0.0,0.0,0.0,-64.375,0.5,-72.625,0.0,900.0,900.0,0.0,1.3249999999999649,0.8250000000000006,354.0,1
2.225,970.0,724.0,616.0,970.5,724.5,616.5,0.0,0.0,0.0,-64.375,0.5,-72.625,0.0,900.0,900.0,0.0,1.3259999999999648,0.8260000000000006,354.0,1
2.226,970.0,724.0,616.0,970.5,724.5,616.5,0.0,0.0,0.0,-64.375,0.5,-72.625,0.0,900.0,900.0,0.0,1.3269999999999647,0.8270000000000006,354.0,1
2.227,970.0,724.0,616.0,970.5,724.5,616.5,0.0,0.0,0.0,-64.375,0.5,-72.625,0.0,900.0,900.0,0.0,1.3279999999999645,0.8280000000000006,354.0,1
2.228,970.0,724.0,616.0,970.5,724.5,616.5,0.0,0.0,0.0,-64.375,0.5,-72.625,0.0,900.0,900.0,0.0,1.3289999999999644,0.8290000000000006,354.0,1
2.229,970.0,724.0,616.0,970.5,724.5,616.5,0.0,0.0,0.0,-64.375,0.5,-72.625,0.0,900.0,900.0,0.0,1.3299999999999643,0.8300000000000006,354.0,1
2.23,970.0,724.0,616.0,970.5,724.5,616.5,0.0,0.0,0.0,-64.375,0.5,-72.625,0.0,900.0,900.0,0.0,1.3309999999999642,0.8310000000000006,354.0,1
2.231,970.0,724.0,616.0,970.5,724.5,616.5,0.0,0.0,0.0,-64.375,0.5,-72.625,0.0,900.0,900.0,0.0,1.331999999999964,0.8320000000000006,354.0,1
2.232,970.0,724.0,616.0,970.5,724.5,616.5,0.0,0.0,0.0,-64.375,0.5,-72.625,0.0,900.0,900.0,0.0,1.332999999999964,0.8330000000000006,354.0,1
2.233,970.0,724.0,616.0,970.5,724.5,616.5,0.0,0.0,0.0,-64.375,0.5,-72.625,0.0,900.0,900.0,0.0,1.3339999999999639,0.8340000000000006,354.0,1
2.234,970.0,724.0,616.0,970.5,724.5,616.5,0.0,0.0,0.0,-64.375,0.5,-72.625,0.0,900.0,900.0,0.0,1.3349999999999638,0.8350000000000006,354.0,1
2.235,970.0,724.0,616.0,970.5,724.5,616.5,0.0,0.0,0.0,-64.375,0.5,-72.625,0.0,900.0,900.0,0.0,1.3359999999999637,0.8360000000000006,354.0,1
2.236,970.0,724.0,616.0,970.5,724.5,616.5,0.0,0.0,0.0,-64.375,0.5,-72.625,0.0,900.0,900.0,0.0,1.3369999999999636,0.8370000000000006,354.0,1
2.237,970.0,724.0,616.0,970.5,724.5,616.5,0.0,0.0,0.0,-64.375,0.5,-72.625,0.0,900.0,900.0,0.0,1.3379999999999634,0.8380000000000006,354.0,1
2.238,970.0,724.0,616.0,970.5,724.5,616.5,0.0,0.0,0.0,-64.375,0.5,-72.625,0.0,900.0,900.0,0.0,1.3389999999999633,0.8390000000000006,354.0,1
2.239,970.0,724.0,616.0,970.5,724.5,616.5,0.0,0.0,0.0,-64.375,0.5,-72.625,0.0,900.0,900.0,0.0,1.3399999999999632,0.8400000000000006,354.0,1
2.24,970.0,724.0,616.0,970.5,724.5,616.5,0.0,0.0,0.0,-64.375,0.5,-72.625,0.0,900.0,900.0,0.0,1.340999999999963,0.8410000000000006,354.0,1
2.241,970.0,724.0,616.0,970.5,724.5,616.5,0.0,0.0,0.0,-64.375,0.5,-72.625,0.0,900.0,900.0,0.0,1.341999999999963,0.8420000000000006,354.0,1
2.242,970.0,724.0,616.0,970.5,724.5,616.5,0.0,0.0,0.0,-64.375,0.5,-72.625,0.0,900.0,900.0,0.0,1.342999999999963,0.8430000000000006,354.0,1
2.243,970.0,724.0,616.0,970.5,724.5,616.5,0.0,0.0,0.0,-64.375,0.5,-72.625,0.0,900.0,900.0,0.0,1.3439999999999628,0.8440000000000006,354.0,1
2.244,970.0,724.0,616.0,970.5,724.5,616.5,0.0,0.0,0.0,-64.375,0.5,-72.625,0.0,900.0,900.0,0.0,1.3449999999999627,0.8450000000000006,354.0,1
2.245,970.0,724.0,616.0,970.5,724.5,616.5,0.0,0.0,0.0,-64.375,0.5,-72.625,0.0,900.0,900.0,0.0,1.3459999999999626,0.8460000000000006,354.0,1
2.246,970.0,724.0,616.0,970.5,724.5,616.5,0.0,0.0,0.0,-64.375,0.5,-72.625,0.0,900.0,900.0,0.0,1.3469999999999624,0.8470000000000006,354.0,1
2.247,970.0,724.0,616.0,970.5,724.5,616.5,0.0,0.0,0.0,-64.375,0.5,-72.625,0.0,900.0,900.0,0.0,1.3479999999999623,0.8480000000000006,354.0,1
2.248,970.0,724.0,616.0,970.5,724.5,616.5,0.0,0.0,0.0,-64.375,0.5,-72.625,0.0,900.0,900.0,0.0,1.3489999999999622,0.8490000000000006,354.0,1
2.249,970.0,724.0,616.0,970.5,724.5,616.5,0.0,0.0,0.0,-64.375,0.5,-72.625,0.0,900.0,900.0,0.0,1.3499999999999621,0.8500000000000006,354.0,1
2.25,970.0,724.0,616.0,970.5,724.5,616.5,0.0,0.0,0.0,-64.375,0.5,-72.625,0.0,900.0,900.0,0.0,1.350999999999962,0.8510000000000006,354.0,1
2.251,970.0,724.0,616.0,970.5,724.5,616.5,0.0,0.0,0.0,-64.375,0.5,-72.625,0.0,900.0,900.0,0.0,1.351999999999962,0.8520000000000006,354.0,1
2.2520000000000002,970.0,724.0,616.0,970.5,724.5,616.5,0.0,0.0,0.0,-64.375,0.5,-72.625,0.0,900.0,900.0,0.0,1.3529999999999618,0.8530000000000006,354.0,1
2.253,970.0,724.0,616.0,970.5,724.5,616.5,0.0,0.0,0.0,-64.375,0.5,-72.625,0.0,900.0,900.0,0.0,1.3539999999999617,0.8540000000000006,354.0,1
2.254,970.0,724.0,616.0,970.5,724.5,616.5,0.0,0.0,0.0,-64.375,0.5,-72.625,0.0,900.0,900.0,0.0,1.3549999999999616,0.8550000000000006,354.0,1
2.255,970.0,724.0,616.0,970.5,724.5,616.5,0.0,0.0,0.0,-64.375,0.5,-72.625,0.0,900.0,900.0,0.0,1.3559999999999615,0.8560000000000006,354.0,1
2.2560000000000002,970.0,724.0,616.0,970.5,724.5,616.5,0.0,0.0,0.0,-64.375,0.5,-72.625,0.0,900.0,900.0,0.0,1.3569999999999613,0.8570000000000007,354.0,1
2.257,970.0,724.0,616.0,970.5,724.5,616.5,0.0,0.0,0.0,-64.375,0.5,-72.625,0.0,900.0,900.0,0.0,1.3579999999999612,0.8580000000000007,354.0,1
2.258,970.0,724.0,616.0,970.5,724.5,616.5,0.0,0.0,0.0,-64.375,0.5,-72.625,0.0,900.0,900.0,0.0,1.3589999999999611,0.8590000000000007,354.0,1
2.259,970.0,724.0,616.0,970.5,724.5,616.5,0.0,0.0,0.0,-64.375,0.5,-72.625,0.0,900.0,900.0,0.0,1.359999999999961,0.8600000000000007,354.0,1
2.2600000000000002,970.0,724.0,616.0,970.5,724.5,616.5,0.0,0.0,0.0,-64.375,0.5,-72.625,0.0,900.0,900.0,0.0,1.360999999999961,0.8610000000000007,354.0,1
2.261,970.0,724.0,616.0,970.5,724.5,616.5,0.0,0.0,0.0,-64.375,0.5,-72.625,0.0,900.0,900.0,0.0,1.3619999999999608,0.8620000000000007,354.0,1
2.262,970.0,724.0,616.0,970.5,724.5,616.5,0.0,0.0,0.0,-64.375,0.5,-72.625,0.0,900.0,900.0,0.0,1.3629999999999607,0.8630000000000007,354.0,1
2.263,970.0,724.0,616.0,970.5,724.5,616.5,0.0,0.0,0.0,-64.375,0.5,-72.625,0.0,900.0,900.0,0.0,1.3639999999999606,0.8640000000000007,354.0,1
2.2640000000000002,970.0,724.0,616.0,970.5,724.5,616.5,0.0,0.0,0.0,-64.375,0.5,-72.625,0.0,900.0,900.0,0.0,1.3649999999999605,0.8650000000000007,354.0,1
2.265,970.0,724.0,616.0,970.5,724.5,616.5,0.0,0.0,0.0,-64.375,0.5,-72.625,0.0,900.0,900.0,0.0,1.3659999999999604,0.8660000000000007,354.0,1
2.266,970.0,724.0,616.0,970.5,724.5,616.5,0.0,0.0,0.0,-64.375,0.5,-72.625,0.0,900.0,900.0,0.0,1.3669999999999602,0.8670000000000007,354.0,1
2.267,970.0,724.0,616.0,970.5,724.5,616.5,0.0,0.0,0.0,-64.375,0.5,-72.625,0.0,900.0,900.0,0.0,1.3679999999999601,0.8680000000000007,354.0,1
2.2680000000000002,970.0,724.0,616.0,970.5,724.5,616.5,0.0,0.0,0.0,-64.375,0.5,-72.625,0.0,900.0,900.0,0.0,1.36899999999996,0.8690000000000007,354.0,1
2.269,970.0,724.0,616.0,970.5,724.5,616.5,0.0,0.0,0.0,-64.375,0.5,-72.625,0.0,900.0,900.0,0.0,1.36999999999996,0.8700000000000007,354.0,1
2.27,970.0,724.0,616.0,970.5,724.5,616.5,0.0,0.0,0.0,-64.375,0.5,-72.625,0.0,900.0,900.0,0.0,1.3709999999999598,0.8710000000000007,354.0,1
2.271,970.0,724.0,616.0,970.5,724.5,616.5,0.0,0.0,0.0,-64.375,0.5,-72.625,0.0,900.0,900.0,0.0,1.3719999999999597,0.8720000000000007,354.0,1
2.2720000000000002,970.0,724.0,616.0,970.5,724.5,616.5,0.0,0.0,0.0,-64.375,0.5,-72.625,0.0,900.0,900.0,0.0,1.3729999999999596,0.8730000000000007,354.0,1
2.273,970.0,724.0,616.0,970.5,724.5,616.5,0.0,0.0,0.0,-64.375,0.5,-72.625,0.0,900.0,900.0,0.0,1.3739999999999595,0.8740000000000007,354.0,1
2.274,970.0,724.0,616.0,970.5,724.5,616.5,0.0,0.0,0.0,-64.375,0.5,-72.625,0.0,900.0,900.0,0.0,1.3749999999999594,0.8750000000000007,354.0,1
2.275,970.0,724.0,616.0,970.5,724.5,616.5,0.0,0.0,0.0,-64.375,0.5,-72.625,0.0,900.0,900.0,0.0,1.3759999999999593,0.8760000000000007,354.0,1
2.2760000000000002,970.0,724.0,616.0,970.5,724.5,616.5,0.0,0.0,0.0,-64.375,0.5,-72.625,0.0,900.0,900.0,0.0,1.3769999999999591,0.8770000000000007,354.0,1
2.277,970.0,724.0,616.0,970.5,724.5,616.5,0.0,0.0,0.0,-64.375,0.5,-72.625,0.0,900.0,900.0,0.0,1.377999999999959,0.8780000000000007,354.0,1
2.278,970.0,724.0,616.0,970.5,724.5,616.5,0.0,0.0,0.0,-64.375,0.5,-72.625,0.0,900.0,900.0,0.0,1.378999999999959,0.8790000000000007,354.0,1
2.279,970.0,724.0,616.0,970.5,724.5,616.5,0.0,0.0,0.0,-64.375,0.5,-72.625,0.0,900.0,900.0,0.0,1.3799999999999588,0.8800000000000007,354.0,1
2.2800000000000002,970.0,724.0,616.0,970.5,724.5,616.5,0.0,0.0,0.0,-64.375,0.5,-72.625,0.0,900.0,900.0,0.0,1.3809999999999587,0.8810000000000007,354.0,1
2.281,970.0,724.0,616.0,970.5,724.5,616.5,0.0,0.0,0.0,-64.375,0.5,-72.625,0.0,900.0,900.0,0.0,1.3819999999999586,0.8820000000000007,354.0,1
2.282,970.0,724.0,616.0,970.5,724.5,616.5,0.0,0.0,0.0,-64.375,0.5,-72.625,0.0,900.0,900.0,0.0,1.3829999999999585,0.8830000000000007,354.0,1
2.283,970.0,724.0,616.0,970.5,724.5,616.5,0.0,0.0,0.0,-64.375,0.5,-72.625,0.0,900.0,900.0,0.0,1.3839999999999584,0.8840000000000007,354.0,1
2.2840000000000003,970.0,724.0,616.0,970.5,724.5,616.5,0.0,0.0,0.0,-64.375,0.5,-72.625,0.0,900.0,900.0,0.0,1.3849999999999583,0.8850000000000007,354.0,1
2.285,970.0,724.0,616.0,970.5,724.5,616.5,0.0,0.0,0.0,-64.375,0.5,-72.625,0.0,900.0,900.0,0.0,1.3859999999999582,0.8860000000000007,354.0,1
2.286,970.0,724.0,616.0,970.5,724.5,616.5,0.0,0.0,0.0,-64.375,0.5,-72.625,0.0,900.0,900.0,0.0,1.386999999999958,0.8870000000000007,354.0,1
2.287,970.0,724.0,616.0,970.5,724.5,616.5,0.0,0.0,0.0,-64.375,0.5,-72.625,0.0,900.0,900.0,0.0,1.387999999999958,0.8880000000000007,354.0,1
2.2880000000000003,970.0,724.0,616.0,970.5,724.5,616.5,0.0,0.0,0.0,-64.375,0.5,-72.625,0.0,900.0,900.0,0.0,1.3889999999999578,0.8890000000000007,354.0,1
2.289,970.0,724.0,616.0,970.5,724.5,616.5,0.0,0.0,0.0,-64.375,0.5,-72.625,0.0,900.0,900.0,0.0,1.3899999999999577,0.8900000000000007,354.0,1
2.29,970.0,724.0,616.0,970.5,724.5,616.5,0.0,0.0,0.0,-64.375,0.5,-72.625,0.0,900.0,900.0,0.0,1.3909999999999576,0.8910000000000007,354.0,1
2.291,970.0,724.0,616.0,970.5,724.5,616.5,0.0,0.0,0.0,-64.375,0.5,-72.625,0.0,900.0,900.0,0.0,1.3919999999999575,0.8920000000000007,354.0,1
2.2920000000000003,970.0,724.0,616.0,970.5,724.5,616.5,0.0,0.0,0.0,-64.375,0.5,-72.625,0.0,900.0,900.0,0.0,1.3929999999999574,0.8930000000000007,354.0,1
2.293,970.0,724.0,616.0,970.5,724.5,616.5,0.0,0.0,0.0,-64.375,0.5,-72.625,0.0,900.0,900.0,0.0,1.3939999999999573,0.8940000000000007,354.0,1
2.294,970.0,724.0,616.0,970.5,724.5,616.5,0.0,0.0,0.0,-64.375,0.5,-72.625,0.0,900.0,900.0,0.0,1.3949999999999572,0.8950000000000007,354.0,1
2.295,970.0,724.0,616.0,970.5,724.5,616.5,0.0,0.0,0.0,-64.375,0.5,-72.625,0.0,900.0,900.0,0.0,1.395999999999957,0.8960000000000007,354.0,1
2.2960000000000003,970.0,724.0,616.0,970.5,724.5,616.5,0.0,0.0,0.0,-64.375,0.5,-72.625,0.0,900.0,900.0,0.0,1.396999999999957,0.8970000000000007,354.0,1
2.297,970.0,724.0,616.0,970.5,724.5,616.5,0.0,0.0,0.0,-64.375,0.5,-72.625,0.0,900.0,900.0,0.0,1.3979999999999568,0.8980000000000007,354.0,1
2.298,970.0,724.0,616.0,970.5,724.5,616.5,0.0,0.0,0.0,-64.375,0.5,-72.625,0.0,900.0,900.0,0.0,1.3989999999999567,0.8990000000000007,354.0,1
2.299,970.0,724.0,616.0,970.5,724.5,616.5,0.0,0.0,0.0,-64.375,0.5,-72.625,0.0,900.0,900.0,0.0,1.3999999999999566,0.9000000000000007,354.0,1
2.3000000000000003,970.0,724.0,616.0,970.5,724.5,616.5,0.0,0.0,0.0,-64.375,0.5,-72.625,0.0,900.0,900.0,0.0,1.4009999999999565,0.9010000000000007,354.0,1
2.301,970.0,724.0,616.0,970.5,724.5,616.5,0.0,0.0,0.0,-64.375,0.5,-72.625,0.0,900.0,900.0,0.0,1.4019999999999564,0.9020000000000007,354.0,1
2.302,970.0,724.0,616.0,970.5,724.5,616.5,0.0,0.0,0.0,-64.375,0.5,-72.625,0.0,900.0,900.0,0.0,1.4029999999999563,0.9030000000000007,354.0,1
2.303,970.0,724.0,616.0,970.5,724.5,616.5,0.0,0.0,0.0,-64.375,0.5,-72.625,0.0,900.0,900.0,0.0,1.4039999999999562,0.9040000000000007,354.0,1
2.3040000000000003,970.0,724.0,616.0,970.5,724.5,616.5,0.0,0.0,0.0,-64.375,0.5,-72.625,0.0,900.0,900.0,0.0,1.404999999999956,0.9050000000000007,354.0,1
2.305,970.0,724.0,616.0,970.5,724.5,616.5,0.0,0.0,0.0,-64.375,0.5,-72.625,0.0,900.0,900.0,0.0,1.405999999999956,0.9060000000000007,354.0,1
2.306,970.0,724.0,616.0,970.5,724.5,616.5,0.0,0.0,0.0,-64.375,0.5,-72.625,0.0,900.0,900.0,0.0,1.4069999999999558,0.9070000000000007,354.0,1
2.307,970.0,724.0,616.0,970.5,724.5,616.5,0.0,0.0,0.0,-64.375,0.5,-72.625,0.0,900.0,900.0,0.0,1.4079999999999557,0.9080000000000007,354.0,1
2.308,970.0,724.0,616.0,970.5,724.5,616.5,0.0,0.0,0.0,-64.375,0.5,-72.625,0.0,900.0,900.0,0.0,1.4089999999999556,0.9090000000000007,354.0,1
2.309,970.0,724.0,616.0,970.5,724.5,616.5,0.0,0.0,0.0,-64.375,0.5,-72.625,0.0,900.0,900.0,0.0,1.4099999999999555,0.9100000000000007,354.0,1
2.31,970.0,724.0,616.0,970.5,724.5,616.5,0.0,0.0,0.0,-64.375,0.5,-72.625,0.0,900.0,900.0,0.0,1.4109999999999554,0.9110000000000007,354.0,1
2.311,970.0,724.0,616.0,970.5,724.5,616.5,0.0,0.0,0.0,-64.375,0.5,-72.625,0.0,900.0,900.0,0.0,1.4119999999999553,0.9120000000000007,354.0,1
2.312,970.0,724.0,616.0,970.5,724.5,616.5,0.0,0.0,0.0,-64.375,0.5,-72.625,0.0,900.0,900.0,0.0,1.4129999999999552,0.9130000000000007,354.0,1
2.313,970.0,724.0,616.0,970.5,724.5,616.5,0.0,0.0,0.0,-64.375,0.5,-72.625,0.0,900.0,900.0,0.0,1.413999999999955,0.9140000000000007,354.0,1
2.314,970.0,724.0,616.0,970.5,724.5,616.5,0.0,0.0,0.0,-64.375,0.5,-72.625,0.0,900.0,900.0,0.0,1.414999999999955,0.9150000000000007,354.0,1
2.315,970.0,724.0,616.0,970.5,724.5,616.5,0.0,0.0,0.0,-64.375,0.5,-72.625,0.0,900.0,900.0,0.0,1.4159999999999549,0.9160000000000007,354.0,1
2.316,970.0,724.0,616.0,970.5,724.5,616.5,0.0,0.0,0.0,-64.375,0.5,-72.625,0.0,900.0,900.0,0.0,1.4169999999999547,0.9170000000000007,354.0,1
2.317,970.0,724.0,616.0,970.5,724.5,616.5,0.0,0.0,0.0,-64.375,0.5,-72.625,0.0,900.0,900.0,0.0,1.4179999999999546,0.9180000000000007,354.0,1
2.318,970.0,724.0,616.0,970.5,724.5,616.5,0.0,0.0,0.0,-64.375,0.5,-72.625,0.0,900.0,900.0,0.0,1.4189999999999545,0.9190000000000007,354.0,1
2.319,970.0,724.0,616.0,970.5,724.5,616.5,0.0,0.0,0.0,-64.375,0.5,-72.625,0.0,900.0,900.0,0.0,1.4199999999999544,0.9200000000000007,354.0,1
2.32,970.0,724.0,616.0,970.5,724.5,616.5,0.0,0.0,0.0,-64.375,0.5,-72.625,0.0,900.0,900.0,0.0,1.4209999999999543,0.9210000000000007,354.0,1
2.321,970.0,724.0,616.0,970.5,724.5,616.5,0.0,0.0,0.0,-64.375,0.5,-72.625,0.0,900.0,900.0,0.0,1.4219999999999542,0.9220000000000007,354.0,1
2.322,970.0,724.0,616.0,970.5,724.5,616.5,0.0,0.0,0.0,-64.375,0.5,-72.625,0.0,900.0,900.0,0.0,1.422999999999954,0.9230000000000007,354.0,1
2.323,970.0,724.0,616.0,970.5,724.5,616.5,0.0,0.0,0.0,-64.375,0.5,-72.625,0.0,900.0,900.0,0.0,1.423999999999954,0.9240000000000007,354.0,1
2.324,970.0,724.0,616.0,970.5,724.5,616.5,0.0,0.0,0.0,-64.375,0.5,-72.625,0.0,900.0,900.0,0.0,1.4249999999999539,0.9250000000000007,354.0,1
2.325,970.0,724.0,616.0,970.5,724.5,616.5,0.0,0.0,0.0,-64.375,0.5,-72.625,0.0,900.0,900.0,0.0,1.4259999999999537,0.9260000000000007,354.0,1
2.326,970.0,724.0,616.0,970.5,724.5,616.5,0.0,0.0,0.0,-64.375,0.5,-72.625,0.0,900.0,900.0,0.0,1.4269999999999536,0.9270000000000007,354.0,1
2.327,970.0,724.0,616.0,970.5,724.5,616.5,0.0,0.0,0.0,-64.375,0.5,-72.625,0.0,900.0,900.0,0.0,1.4279999999999535,0.9280000000000007,354.0,1
2.328,970.0,724.0,616.0,970.5,724.5,616.5,0.0,0.0,0.0,-64.375,0.5,-72.625,0.0,900.0,900.0,0.0,1.4289999999999534,0.9290000000000007,354.0,1
2.329,970.0,724.0,616.0,970.5,724.5,616.5,0.0,0.0,0.0,-64.375,0.5,-72.625,0.0,900.0,900.0,0.0,1.4299999999999533,0.9300000000000007,354.0,1
2.33,970.0,724.0,616.0,970.5,724.5,616.5,0.0,0.0,0.0,-64.375,0.5,-72.625,0.0,900.0,900.0,0.0,1.4309999999999532,0.9310000000000007,354.0,1
2.331,970.0,724.0,616.0,970.5,724.5,616.5,0.0,0.0,0.0,-64.375,0.5,-72.625,0.0,900.0,900.0,0.0,1.431999999999953,0.9320000000000007,354.0,1
2.332,970.0,724.0,616.0,970.5,724.5,616.5,0.0,0.0,0.0,-64.375,0.5,-72.625,0.0,900.0,900.0,0.0,1.432999999999953,0.9330000000000007,354.0,1
2.333,970.0,724.0,616.0,970.5,724.5,616.5,0.0,0.0,0.0,-64.375,0.5,-72.625,0.0,900.0,900.0,0.0,1.4339999999999529,0.9340000000000007,354.0,1
2.334,970.0,724.0,616.0,970.5,724.5,616.5,0.0,0.0,0.0,-64.375,0.5,-72.625,0.0,900.0,900.0,0.0,1.4349999999999528,0.9350000000000007,354.0,1
2.335,970.0,724.0,616.0,970.5,724.5,616.5,0.0,0.0,0.0,-64.375,0.5,-72.625,0.0,900.0,900.0,0.0,1.4359999999999526,0.9360000000000007,354.0,1
2.336,970.0,724.0,616.0,970.5,724.5,616.5,0.0,0.0,0.0,-64.375,0.5,-72.625,0.0,900.0,900.0,0.0,1.4369999999999525,0.9370000000000007,354.0,1
2.337,970.0,724.0,616.0,970.5,724.5,616.5,0.0,0.0,0.0,-64.375,0.5,-72.625,0.0,900.0,900.0,0.0,1.4379999999999524,0.9380000000000007,354.0,1
2.338,970.0,724.0,616.0,970.5,724.5,616.5,0.0,0.0,0.0,-64.375,0.5,-72.625,0.0,900.0,900.0,0.0,1.4389999999999523,0.9390000000000007,354.0,1
2.339,970.0,724.0,616.0,970.5,724.5,616.5,0.0,0.0,0.0,-64.375,0.5,-72.625,0.0,900.0,900.0,0.0,1.4399999999999522,0.9400000000000007,354.0,1
2.34,970.0,724.0,616.0,970.5,724.5,616.5,0.0,0.0,0.0,-64.375,0.5,-72.625,0.0,900.0,900.0,0.0,1.440999999999952,0.9410000000000007,354.0,1
2.341,970.0,724.0,616.0,970.5,724.5,616.5,0.0,0.0,0.0,-64.375,0.5,-72.625,0.0,900.0,900.0,0.0,1.441999999999952,0.9420000000000007,354.0,1
2.342,970.0,724.0,616.0,970.5,724.5,616.5,0.0,0.0,0.0,-64.375,0.5,-72.625,0.0,900.0,900.0,0.0,1.4429999999999519,0.9430000000000007,354.0,1
2.343,970.0,724.0,616.0,970.5,724.5,616.5,0.0,0.0,0.0,-64.375,0.5,-72.625,0.0,900.0,900.0,0.0,1.4439999999999518,0.9440000000000007,354.0,1
2.344,970.0,724.0,616.0,970.5,724.5,616.5,0.0,0.0,0.0,-64.375,0.5,-72.625,0.0,900.0,900.0,0.0,1.4449999999999517,0.9450000000000007,354.0,1
2.345,970.0,724.0,616.0,970.5,724.5,616.5,0.0,0.0,0.0,-64.375,0.5,-72.625,0.0,900.0,900.0,0.0,1.4459999999999515,0.9460000000000007,354.0,1
2.346,970.0,724.0,616.0,970.5,724.5,616.5,0.0,0.0,0.0,-64.375,0.5,-72.625,0.0,900.0,900.0,0.0,1.4469999999999514,0.9470000000000007,354.0,1
2.347,970.0,724.0,616.0,970.5,724.5,616.5,0.0,0.0,0.0,-64.375,0.5,-72.625,0.0,900.0,900.0,0.0,1.4479999999999513,0.9480000000000007,354.0,1
2.348,970.0,724.0,616.0,970.5,724.5,616.5,0.0,0.0,0.0,-64.375,0.5,-72.625,0.0,900.0,900.0,0.0,1.4489999999999512,0.9490000000000007,354.0,1
2.349,970.0,724.0,616.0,970.5,724.5,616.5,0.0,0.0,0.0,-64.375,0.5,-72.625,0.0,900.0,900.0,0.0,1.449999999999951,0.9500000000000007,354.0,1
2.35,970.0,724.0,616.0,970.5,724.5,616.5,0.0,0.0,0.0,-64.375,0.5,-72.625,0.0,900.0,900.0,0.0,1.450999999999951,0.9510000000000007,354.0,1
2.351,970.0,724.0,616.0,970.5,724.5,616.5,0.0,0.0,0.0,-64.375,0.5,-72.625,0.0,900.0,900.0,0.0,1.4519999999999509,0.9520000000000007,354.0,1
2.352,970.0,724.0,616.0,970.5,724.5,616.5,0.0,0.0,0.0,-64.375,0.5,-72.625,0.0,900.0,900.0,0.0,1.4529999999999508,0.9530000000000007,354.0,1
2.353,970.0,724.0,616.0,970.5,724.5,616.5,0.0,0.0,0.0,-64.375,0.5,-72.625,0.0,900.0,900.0,0.0,1.4539999999999507,0.9540000000000007,354.0,1
2.354,970.0,724.0,616.0,970.5,724.5,616.5,0.0,0.0,0.0,-64.375,0.5,-72.625,0.0,900.0,900.0,0.0,1.4549999999999506,0.9550000000000007,354.0,1
2.355,970.0,724.0,616.0,970.5,724.5,616.5,0.0,0.0,0.0,-64.375,0.5,-72.625,0.0,900.0,900.0,0.0,1.4559999999999504,0.9560000000000007,354.0,1
2.356,970.0,724.0,616.0,970.5,724.5,616.5,0.0,0.0,0.0,-64.375,0.5,-72.625,0.0,900.0,900.0,0.0,1.4569999999999503,0.9570000000000007,354.0,1
2.357,970.0,724.0,616.0,970.5,724.5,616.5,0.0,0.0,0.0,-64.375,0.5,-72.625,0.0,900.0,900.0,0.0,1.4579999999999502,0.9580000000000007,354.0,1
2.358,970.0,724.0,616.0,970.5,724.5,616.5,0.0,0.0,0.0,-64.375,0.5,-72.625,0.0,900.0,900.0,0.0,1.4589999999999501,0.9590000000000007,354.0,1
2.359,970.0,724.0,616.0,970.5,724.5,616.5,0.0,0.0,0.0,-64.375,0.5,-72.625,0.0,900.0,900.0,0.0,1.45999999999995,0.9600000000000007,354.0,1
2.36,970.0,724.0,616.0,970.5,724.5,616.5,0.0,0.0,0.0,-64.375,0.5,-72.625,0.0,900.0,900.0,0.0,1.46099999999995,0.9610000000000007,354.0,1
2.361,970.0,724.0,616.0,970.5,724.5,616.5,0.0,0.0,0.0,-64.375,0.5,-72.625,0.0,900.0,900.0,0.0,1.4619999999999498,0.9620000000000007,354.0,1
2.362,970.0,724.0,616.0,970.5,724.5,616.5,0.0,0.0,0.0,-64.375,0.5,-72.625,0.0,900.0,900.0,0.0,1.4629999999999497,0.9630000000000007,354.0,1
2.363,970.0,724.0,616.0,970.5,724.5,616.5,0.0,0.0,0.0,-64.375,0.5,-72.625,0.0,900.0,900.0,0.0,1.4639999999999496,0.9640000000000007,354.0,1
2.364,970.0,724.0,616.0,970.5,724.5,616.5,0.0,0.0,0.0,-64.375,0.5,-72.625,0.0,900.0,900.0,0.0,1.4649999999999495,0.9650000000000007,354.0,1
2.365,970.0,724.0,616.0,970.5,724.5,616.5,0.0,0.0,0.0,-64.375,0.5,-72.625,0.0,900.0,900.0,0.0,1.4659999999999493,0.9660000000000007,354.0,1
2.366,970.0,724.0,616.0,970.5,724.5,616.5,0.0,0.0,0.0,-64.375,0.5,-72.625,0.0,900.0,900.0,0.0,1.4669999999999492,0.9670000000000007,354.0,1
2.367,970.0,724.0,616.0,970.5,724.5,616.5,0.0,0.0,0.0,-64.375,0.5,-72.625,0.0,900.0,900.0,0.0,1.4679999999999491,0.9680000000000007,354.0,1
2.368,970.0,724.0,616.0,970.5,724.5,616.5,0.0,0.0,0.0,-64.375,0.5,-72.625,0.0,900.0,900.0,0.0,1.468999999999949,0.9690000000000007,354.0,1
2.369,970.0,724.0,616.0,970.5,724.5,616.5,0.0,0.0,0.0,-64.375,0.5,-72.625,0.0,900.0,900.0,0.0,1.469999999999949,0.9700000000000008,354.0,1
2.37,970.0,724.0,616.0,970.5,724.5,616.5,0.0,0.0,0.0,-64.375,0.5,-72.625,0.0,900.0,900.0,0.0,1.4709999999999488,0.9710000000000008,354.0,1
2.371,970.0,724.0,616.0,970.5,724.5,616.5,0.0,0.0,0.0,-64.375,0.5,-72.625,0.0,900.0,900.0,0.0,1.4719999999999487,0.9720000000000008,354.0,1
2.372,970.0,724.0,616.0,970.5,724.5,616.5,0.0,0.0,0.0,-64.375,0.5,-72.625,0.0,900.0,900.0,0.0,1.4729999999999486,0.9730000000000008,354.0,1
2.373,970.0,724.0,616.0,970.5,724.5,616.5,0.0,0.0,0.0,-64.375,0.5,-72.625,0.0,900.0,900.0,0.0,1.4739999999999485,0.9740000000000008,354.0,1
2.374,970.0,724.0,616.0,970.5,724.5,616.5,0.0,0.0,0.0,-64.375,0.5,-72.625,0.0,900.0,900.0,0.0,1.4749999999999484,0.9750000000000008,354.0,1
2.375,970.0,724.0,616.0,970.5,724.5,616.5,0.0,0.0,0.0,-64.375,0.5,-72.625,0.0,900.0,900.0,0.0,1.4759999999999482,0.9760000000000008,354.0,1
2.376,970.0,724.0,616.0,970.5,724.5,616.5,0.0,0.0,0.0,-64.375,0.5,-72.625,0.0,900.0,900.0,0.0,1.4769999999999481,0.9770000000000008,354.0,1
2.3770000000000002,970.0,724.0,616.0,970.5,724.5,616.5,0.0,0.0,0.0,-64.375,0.5,-72.625,0.0,900.0,900.0,0.0,1.477999999999948,0.9780000000000008,354.0,1
2.378,970.0,724.0,616.0,970.5,724.5,616.5,0.0,0.0,0.0,-64.375,0.5,-72.625,0.0,900.0,900.0,0.0,1.478999999999948,0.9790000000000008,354.0,1
2.379,970.0,724.0,616.0,970.5,724.5,616.5,0.0,0.0,0.0,-64.375,0.5,-72.625,0.0,900.0,900.0,0.0,1.4799999999999478,0.9800000000000008,354.0,1
2.38,970.0,724.0,616.0,970.5,724.5,616.5,0.0,0.0,0.0,-64.375,0.5,-72.625,0.0,900.0,900.0,0.0,1.4809999999999477,0.9810000000000008,354.0,1
2.3810000000000002,970.0,724.0,616.0,970.5,724.5,616.5,0.0,0.0,0.0,-64.375,0.5,-72.625,0.0,900.0,900.0,0.0,1.4819999999999476,0.9820000000000008,354.0,1
2.382,970.0,724.0,616.0,970.5,724.5,616.5,0.0,0.0,0.0,-64.375,0.5,-72.625,0.0,900.0,900.0,0.0,1.4829999999999475,0.9830000000000008,354.0,1
2.383,970.0,724.0,616.0,970.5,724.5,616.5,0.0,0.0,0.0,-64.375,0.5,-72.625,0.0,900.0,900.0,0.0,1.4839999999999474,0.9840000000000008,354.0,1
2.384,970.0,724.0,616.0,970.5,724.5,616.5,0.0,0.0,0.0,-64.375,0.5,-72.625,0.0,900.0,900.0,0.0,1.4849999999999473,0.9850000000000008,354.0,1
2.3850000000000002,970.0,724.0,616.0,970.5,724.5,616.5,0.0,0.0,0.0,-64.375,0.5,-72.625,0.0,900.0,900.0,0.0,1.4859999999999471,0.9860000000000008,354.0,1
2.386,970.0,724.0,616.0,970.5,724.5,616.5,0.0,0.0,0.0,-64.375,0.5,-72.625,0.0,900.0,900.0,0.0,1.486999999999947,0.9870000000000008,354.0,1
2.387,970.0,724.0,616.0,970.5,724.5,616.5,0.0,0.0,0.0,-64.375,0.5,-72.625,0.0,900.0,900.0,0.0,1.487999999999947,0.9880000000000008,354.0,1
2.388,970.0,724.0,616.0,970.5,724.5,616.5,0.0,0.0,0.0,-64.375,0.5,-72.625,0.0,900.0,900.0,0.0,1.4889999999999468,0.9890000000000008,354.0,1
2.3890000000000002,970.0,724.0,616.0,970.5,724.5,616.5,0.0,0.0,0.0,-64.375,0.5,-72.625,0.0,900.0,900.0,0.0,1.4899999999999467,0.9900000000000008,354.0,1
2.39,970.0,724.0,616.0,970.5,724.5,616.5,0.0,0.0,0.0,-64.375,0.5,-72.625,0.0,900.0,900.0,0.0,1.4909999999999466,0.9910000000000008,354.0,1
2.391,970.0,724.0,616.0,970.5,724.5,616.5,0.0,0.0,0.0,-64.375,0.5,-72.625,0.0,900.0,900.0,0.0,1.4919999999999465,0.9920000000000008,354.0,1
2.392,970.0,724.0,616.0,970.5,724.5,616.5,0.0,0.0,0.0,-64.375,0.5,-72.625,0.0,900.0,900.0,0.0,1.4929999999999464,0.9930000000000008,354.0,1
2.3930000000000002,970.0,724.0,616.0,970.5,724.5,616.5,0.0,0.0,0.0,-64.375,0.5,-72.625,0.0,900.0,900.0,0.0,1.4939999999999463,0.9940000000000008,354.0,1
2.394,970.0,724.0,616.0,970.5,724.5,616.5,0.0,0.0,0.0,-64.375,0.5,-72.625,0.0,900.0,900.0,0.0,1.4949999999999461,0.9950000000000008,354.0,1
2.395,970.0,724.0,616.0,970.5,724.5,616.5,0.0,0.0,0.0,-64.375,0.5,-72.625,0.0,900.0,900.0,0.0,1.495999999999946,0.9960000000000008,354.0,1
2.396,970.0,724.0,616.0,970.5,724.5,616.5,0.0,0.0,0.0,-64.375,0.5,-72.625,0.0,900.0,900.0,0.0,1.496999999999946,0.9970000000000008,354.0,1
2.3970000000000002,970.0,724.0,616.0,970.5,724.5,616.5,0.0,0.0,0.0,-64.375,0.5,-72.625,0.0,900.0,900.0,0.0,1.4979999999999458,0.9980000000000008,354.0,1
2.398,970.0,724.0,616.0,970.5,724.5,616.5,0.0,0.0,0.0,-64.375,0.5,-72.625,0.0,900.0,900.0,0.0,1.4989999999999457,0.9990000000000008,354.0,1
2.399,970.0,724.0,616.0,970.5,724.5,616.5,0.0,0.0,0.0,-64.375,0.5,-72.625,0.0,900.0,900.0,0.0,1.4999999999999456,1.0000000000000007,354.0,1
2.4,970.0,724.0,616.0,970.5,724.5,616.5,0.0,0.0,0.0,-64.375,0.5,-72.625,0.0,900.0,900.0,0.0,1.5009999999999455,1.0010000000000006,354.0,1
2.4010000000000002,970.0,724.0,616.0,970.5,724.5,616.5,0.0,0.0,0.0,-64.375,0.5,-72.625,0.0,900.0,900.0,0.0,1.5019999999999454,1.0020000000000004,354.0,1
2.402,970.0,724.0,616.0,970.5,724.5,616.5,0.0,0.0,0.0,-64.375,0.5,-72.625,0.0,900.0,900.0,0.0,1.5029999999999453,1.0030000000000003,354.0,1
2.403,970.0,724.0,616.0,970.5,724.5,616.5,0.0,0.0,0.0,-64.375,0.5,-72.625,0.0,900.0,900.0,0.0,1.5039999999999452,1.0040000000000002,354.0,1
2.404,970.0,724.0,616.0,970.5,724.5,616.5,0.0,0.0,0.0,-64.375,0.5,-72.625,0.0,900.0,900.0,0.0,1.504999999999945,1.0050000000000001,354.0,1
2.4050000000000002,970.0,724.0,616.0,970.5,724.5,616.5,0.0,0.0,0.0,-64.375,0.5,-72.625,0.0,900.0,900.0,0.0,1.505999999999945,1.006,354.0,1
2.406,970.0,724.0,616.0,970.5,724.5,616.5,0.0,0.0,0.0,-64.375,0.5,-72.625,0.0,900.0,900.0,0.0,1.5069999999999448,1.007,354.0,1
2.407,970.0,724.0,616.0,970.5,724.5,616.5,0.0,0.0,0.0,-64.375,0.5,-72.625,0.0,900.0,900.0,0.0,1.5079999999999447,1.0079999999999998,354.0,1
2.408,970.0,724.0,616.0,970.5,724.5,616.5,0.0,0.0,0.0,-64.375,0.5,-72.625,0.0,900.0,900.0,0.0,1.5089999999999446,1.0089999999999997,354.0,1
2.4090000000000003,970.0,724.0,616.0,970.5,724.5,616.5,0.0,0.0,0.0,-64.375,0.5,-72.625,0.0,900.0,900.0,0.0,1.5099999999999445,1.0099999999999996,354.0,1
2.41,970.0,724.0,616.0,970.5,724.5,616.5,0.0,0.0,0.0,-64.375,0.5,-72.625,0.0,900.0,900.0,0.0,1.5109999999999444,1.0109999999999995,354.0,1
2.411,970.0,724.0,616.0,970.5,724.5,616.5,0.0,0.0,0.0,-64.375,0.5,-72.625,0.0,900.0,900.0,0.0,1.5119999999999443,1.0119999999999993,354.0,1
2.412,970.0,724.0,616.0,970.5,724.5,616.5,0.0,0.0,0.0,-64.375,0.5,-72.625,0.0,900.0,900.0,0.0,1.5129999999999442,1.0129999999999992,354.0,1
2.4130000000000003,970.0,724.0,616.0,970.5,724.5,616.5,0.0,0.0,0.0,-64.375,0.5,-72.625,0.0,900.0,900.0,0.0,1.513999999999944,1.0139999999999991,354.0,1
2.414,970.0,724.0,616.0,970.5,724.5,616.5,0.0,0.0,0.0,-64.375,0.5,-72.625,0.0,900.0,900.0,0.0,1.514999999999944,1.014999999999999,354.0,1
2.415,970.0,724.0,616.0,970.5,724.5,616.5,0.0,0.0,0.0,-64.375,0.5,-72.625,0.0,900.0,900.0,0.0,1.5159999999999438,1.015999999999999,354.0,1
2.416,970.0,724.0,616.0,970.5,724.5,616.5,0.0,0.0,0.0,-64.375,0.5,-72.625,0.0,900.0,900.0,0.0,1.5169999999999437,1.0169999999999988,354.0,1
2.4170000000000003,970.0,724.0,616.0,970.5,724.5,616.5,0.0,0.0,0.0,-64.375,0.5,-72.625,0.0,900.0,900.0,0.0,1.5179999999999436,1.0179999999999987,354.0,1
2.418,970.0,724.0,616.0,970.5,724.5,616.5,0.0,0.0,0.0,-64.375,0.5,-72.625,0.0,900.0,900.0,0.0,1.5189999999999435,1.0189999999999986,354.0,1
2.419,970.0,724.0,616.0,970.5,724.5,616.5,0.0,0.0,0.0,-64.375,0.5,-72.625,0.0,900.0,900.0,0.0,1.5199999999999434,1.0199999999999985,354.0,1
2.42,970.0,724.0,616.0,970.5,724.5,616.5,0.0,0.0,0.0,-64.375,0.5,-72.625,0.0,900.0,900.0,0.0,1.5209999999999433,1.0209999999999984,354.0,1
2.4210000000000003,970.0,724.0,616.0,970.5,724.5,616.5,0.0,0.0,0.0,-64.375,0.5,-72.625,0.0,900.0,900.0,0.0,1.5219999999999432,1.0219999999999982,354.0,1
2.422,970.0,724.0,616.0,970.5,724.5,616.5,0.0,0.0,0.0,-64.375,0.5,-72.625,0.0,900.0,900.0,0.0,1.522999999999943,1.0229999999999981,354.0,1
2.423,970.0,724.0,616.0,970.5,724.5,616.5,0.0,0.0,0.0,-64.375,0.5,-72.625,0.0,900.0,900.0,0.0,1.523999999999943,1.023999999999998,354.0,1
2.424,970.0,724.0,616.0,970.5,724.5,616.5,0.0,0.0,0.0,-64.375,0.5,-72.625,0.0,900.0,900.0,0.0,1.5249999999999428,1.024999999999998,354.0,1
2.4250000000000003,970.0,724.0,616.0,970.5,724.5,616.5,0.0,0.0,0.0,-64.375,0.5,-72.625,0.0,900.0,900.0,0.0,1.5259999999999427,1.0259999999999978,354.0,1
2.426,970.0,724.0,616.0,970.5,724.5,616.5,0.0,0.0,0.0,-64.375,0.5,-72.625,0.0,900.0,900.0,0.0,1.5269999999999426,1.0269999999999977,354.0,1
2.427,970.0,724.0,616.0,970.5,724.5,616.5,0.0,0.0,0.0,-64.375,0.5,-72.625,0.0,900.0,900.0,0.0,1.5279999999999425,1.0279999999999976,354.0,1
2.428,970.0,724.0,616.0,970.5,724.5,616.5,0.0,0.0,0.0,-64.375,0.5,-72.625,0.0,900.0,900.0,0.0,1.5289999999999424,1.0289999999999975,354.0,1
2.4290000000000003,970.0,724.0,616.0,970.5,724.5,616.5,0.0,0.0,0.0,-64.375,0.5,-72.625,0.0,900.0,900.0,0.0,1.5299999999999423,1.0299999999999974,354.0,1
2.43,970.0,724.0,616.0,970.5,724.5,616.5,0.0,0.0,0.0,-64.375,0.5,-72.625,0.0,900.0,900.0,0.0,1.5309999999999422,1.0309999999999973,354.0,1
2.431,970.0,724.0,616.0,970.5,724.5,616.5,0.0,0.0,0.0,-64.375,0.5,-72.625,0.0,900.0,900.0,0.0,1.531999999999942,1.0319999999999971,354.0,1
2.432,970.0,724.0,616.0,970.5,724.5,616.5,0.0,0.0,0.0,-64.375,0.5,-72.625,0.0,900.0,900.0,0.0,1.532999999999942,1.032999999999997,354.0,1
2.433,970.0,724.0,616.0,970.5,724.5,616.5,0.0,0.0,0.0,-64.375,0.5,-72.625,0.0,900.0,900.0,0.0,1.5339999999999419,1.033999999999997,354.0,1
2.434,970.0,724.0,616.0,970.5,724.5,616.5,0.0,0.0,0.0,-64.375,0.5,-72.625,0.0,900.0,900.0,0.0,1.5349999999999417,1.0349999999999968,354.0,1
2.435,970.0,724.0,616.0,970.5,724.5,616.5,0.0,0.0,0.0,-64.375,0.5,-72.625,0.0,900.0,900.0,0.0,1.5359999999999416,1.0359999999999967,354.0,1
2.436,970.0,724.0,616.0,970.5,724.5,616.5,0.0,0.0,0.0,-64.375,0.5,-72.625,0.0,900.0,900.0,0.0,1.5369999999999415,1.0369999999999966,354.0,1
2.437,970.0,724.0,616.0,970.5,724.5,616.5,0.0,0.0,0.0,-64.375,0.5,-72.625,0.0,900.0,900.0,0.0,1.5379999999999414,1.0379999999999965,354.0,1
2.438,970.0,724.0,616.0,970.5,724.5,616.5,0.0,0.0,0.0,-64.375,0.5,-72.625,0.0,900.0,900.0,0.0,1.5389999999999413,1.0389999999999964,354.0,1
2.439,970.0,724.0,616.0,970.5,724.5,616.5,0.0,0.0,0.0,-64.375,0.5,-72.625,0.0,900.0,900.0,0.0,1.5399999999999412,1.0399999999999963,354.0,1
2.44,970.0,724.0,616.0,970.5,724.5,616.5,0.0,0.0,0.0,-64.375,0.5,-72.625,0.0,900.0,900.0,0.0,1.540999999999941,1.0409999999999962,354.0,1
2.441,970.0,724.0,616.0,970.5,724.5,616.5,0.0,0.0,0.0,-64.375,0.5,-72.625,0.0,900.0,900.0,0.0,1.541999999999941,1.041999999999996,354.0,1
2.442,970.0,724.0,616.0,970.5,724.5,616.5,0.0,0.0,0.0,-64.375,0.5,-72.625,0.0,900.0,900.0,0.0,1.5429999999999409,1.042999999999996,354.0,1
2.443,970.0,724.0,616.0,970.5,724.5,616.5,0.0,0.0,0.0,-64.375,0.5,-72.625,0.0,900.0,900.0,0.0,1.5439999999999408,1.0439999999999958,354.0,1
2.444,970.0,724.0,616.0,970.5,724.5,616.5,0.0,0.0,0.0,-64.375,0.5,-72.625,0.0,900.0,900.0,0.0,1.5449999999999406,1.0449999999999957,354.0,1
2.445,970.0,724.0,616.0,970.5,724.5,616.5,0.0,0.0,0.0,-64.375,0.5,-72.625,0.0,900.0,900.0,0.0,1.5459999999999405,1.0459999999999956,354.0,1
2.446,970.0,724.0,616.0,970.5,724.5,616.5,0.0,0.0,0.0,-64.375,0.5,-72.625,0.0,900.0,900.0,0.0,1.5469999999999404,1.0469999999999955,354.0,1
2.447,970.0,724.0,616.0,970.5,724.5,616.5,0.0,0.0,0.0,-64.375,0.5,-72.625,0.0,900.0,900.0,0.0,1.5479999999999403,1.0479999999999954,354.0,1
2.448,970.0,724.0,616.0,970.5,724.5,616.5,0.0,0.0,0.0,-64.375,0.5,-72.625,0.0,900.0,900.0,0.0,1.5489999999999402,1.0489999999999953,354.0,1
2.449,970.0,724.0,616.0,970.5,724.5,616.5,0.0,0.0,0.0,-64.375,0.5,-72.625,0.0,900.0,900.0,0.0,1.54999999999994,1.0499999999999952,354.0,1
2.45,970.0,724.0,616.0,970.5,724.5,616.5,0.0,0.0,0.0,-64.375,0.5,-72.625,0.0,900.0,900.0,0.0,1.55099999999994,1.050999999999995,354.0,1
2.451,970.0,724.0,616.0,970.5,724.5,616.5,0.0,0.0,0.0,-64.375,0.5,-72.625,0.0,900.0,900.0,0.0,1.5519999999999399,1.051999999999995,354.0,1
2.452,970.0,724.0,616.0,970.5,724.5,616.5,0.0,0.0,0.0,-64.375,0.5,-72.625,0.0,900.0,900.0,0.0,1.5529999999999398,1.0529999999999948,354.0,1
2.453,970.0,724.0,616.0,970.5,724.5,616.5,0.0,0.0,0.0,-64.375,0.5,-72.625,0.0,900.0,900.0,0.0,1.5539999999999397,1.0539999999999947,354.0,1
2.454,970.0,724.0,616.0,970.5,724.5,616.5,0.0,0.0,0.0,-64.375,0.5,-72.625,0.0,900.0,900.0,0.0,1.5549999999999395,1.0549999999999946,354.0,1
2.455,970.0,724.0,616.0,970.5,724.5,616.5,0.0,0.0,0.0,-64.375,0.5,-72.625,0.0,900.0,900.0,0.0,1.5559999999999394,1.0559999999999945,354.0,1
2.456,970.0,724.0,616.0,970.5,724.5,616.5,0.0,0.0,0.0,-64.375,0.5,-72.625,0.0,900.0,900.0,0.0,1.5569999999999393,1.0569999999999944,354.0,1
2.457,970.0,724.0,616.0,970.5,724.5,616.5,0.0,0.0,0.0,-64.375,0.5,-72.625,0.0,900.0,900.0,0.0,1.5579999999999392,1.0579999999999943,354.0,1
2.458,970.0,724.0,616.0,970.5,724.5,616.5,0.0,0.0,0.0,-64.375,0.5,-72.625,0.0,900.0,900.0,0.0,1.558999999999939,1.0589999999999942,354.0,1
2.459,970.0,724.0,616.0,970.5,724.5,616.5,0.0,0.0,0.0,-64.375,0.5,-72.625,0.0,900.0,900.0,0.0,1.559999999999939,1.059999999999994,354.0,1
2.46,970.0,724.0,616.0,970.5,724.5,616.5,0.0,0.0,0.0,-64.375,0.5,-72.625,0.0,900.0,900.0,0.0,1.5609999999999389,1.060999999999994,354.0,1
2.461,970.0,724.0,616.0,970.5,724.5,616.5,0.0,0.0,0.0,-64.375,0.5,-72.625,0.0,900.0,900.0,0.0,1.5619999999999388,1.0619999999999938,354.0,1
2.462,970.0,724.0,616.0,970.5,724.5,616.5,0.0,0.0,0.0,-64.375,0.5,-72.625,0.0,900.0,900.0,0.0,1.5629999999999387,1.0629999999999937,354.0,1
2.463,970.0,724.0,616.0,970.5,724.5,616.5,0.0,0.0,0.0,-64.375,0.5,-72.625,0.0,900.0,900.0,0.0,1.5639999999999386,1.0639999999999936,354.0,1
2.464,970.0,724.0,616.0,970.5,724.5,616.5,0.0,0.0,0.0,-64.375,0.5,-72.625,0.0,900.0,900.0,0.0,1.5649999999999384,1.0649999999999935,354.0,1
2.465,970.0,724.0,616.0,970.5,724.5,616.5,0.0,0.0,0.0,-64.375,0.5,-72.625,0.0,900.0,900.0,0.0,1.5659999999999383,1.0659999999999934,354.0,1
2.466,970.0,724.0,616.0,970.5,724.5,616.5,0.0,0.0,0.0,-64.375,0.5,-72.625,0.0,900.0,900.0,0.0,1.5669999999999382,1.0669999999999933,354.0,1
2.467,970.0,724.0,616.0,970.5,724.5,616.5,0.0,0.0,0.0,-64.375,0.5,-72.625,0.0,900.0,900.0,0.0,1.567999999999938,1.0679999999999932,354.0,1
2.468,970.0,724.0,616.0,970.5,724.5,616.5,0.0,0.0,0.0,-64.375,0.5,-72.625,0.0,900.0,900.0,0.0,1.568999999999938,1.068999999999993,354.0,1
2.469,970.0,724.0,616.0,970.5,724.5,616.5,0.0,0.0,0.0,-64.375,0.5,-72.625,0.0,900.0,900.0,0.0,1.569999999999938,1.069999999999993,354.0,1
2.47,970.0,724.0,616.0,970.5,724.5,616.5,0.0,0.0,0.0,-64.375,0.5,-72.625,0.0,900.0,900.0,0.0,1.5709999999999378,1.0709999999999928,354.0,1
2.471,970.0,724.0,616.0,970.5,724.5,616.5,0.0,0.0,0.0,-64.375,0.5,-72.625,0.0,900.0,900.0,0.0,1.5719999999999377,1.0719999999999927,354.0,1
2.472,970.0,724.0,616.0,970.5,724.5,616.5,0.0,0.0,0.0,-64.375,0.5,-72.625,0.0,900.0,900.0,0.0,1.5729999999999376,1.0729999999999926,354.0,1
2.473,970.0,724.0,616.0,970.5,724.5,616.5,0.0,0.0,0.0,-64.375,0.5,-72.625,0.0,900.0,900.0,0.0,1.5739999999999374,1.0739999999999925,354.0,1
2.474,970.0,724.0,616.0,970.5,724.5,616.5,0.0,0.0,0.0,-64.375,0.5,-72.625,0.0,900.0,900.0,0.0,1.5749999999999373,1.0749999999999924,354.0,1
2.475,970.0,724.0,616.0,970.5,724.5,616.5,0.0,0.0,0.0,-64.375,0.5,-72.625,0.0,900.0,900.0,0.0,1.5759999999999372,1.0759999999999923,354.0,1
2.476,970.0,724.0,616.0,970.5,724.5,616.5,0.0,0.0,0.0,-64.375,0.5,-72.625,0.0,900.0,900.0,0.0,1.5769999999999371,1.0769999999999922,354.0,1
2.477,970.0,724.0,616.0,970.5,724.5,616.5,0.0,0.0,0.0,-64.375,0.5,-72.625,0.0,900.0,900.0,0.0,1.577999999999937,1.077999999999992,354.0,1
2.478,970.0,724.0,616.0,970.5,724.5,616.5,0.0,0.0,0.0,-64.375,0.5,-72.625,0.0,900.0,900.0,0.0,1.578999999999937,1.078999999999992,354.0,1
2.479,970.0,724.0,616.0,970.5,724.5,616.5,0.0,0.0,0.0,-64.375,0.5,-72.625,0.0,900.0,900.0,0.0,1.5799999999999368,1.0799999999999919,354.0,1
2.48,970.0,724.0,616.0,970.5,724.5,616.5,0.0,0.0,0.0,-64.375,0.5,-72.625,0.0,900.0,900.0,0.0,1.5809999999999367,1.0809999999999917,354.0,1
2.481,970.0,724.0,616.0,970.5,724.5,616.5,0.0,0.0,0.0,-64.375,0.5,-72.625,0.0,900.0,900.0,0.0,1.5819999999999366,1.0819999999999916,354.0,1
2.482,970.0,724.0,616.0,970.5,724.5,616.5,0.0,0.0,0.0,-64.375,0.5,-72.625,0.0,900.0,900.0,0.0,1.5829999999999365,1.0829999999999915,354.0,1
2.483,970.0,724.0,616.0,970.5,724.5,616.5,0.0,0.0,0.0,-64.375,0.5,-72.625,0.0,900.0,900.0,0.0,1.5839999999999363,1.0839999999999914,354.0,1
2.484,970.0,724.0,616.0,970.5,724.5,616.5,0.0,0.0,0.0,-64.375,0.5,-72.625,0.0,900.0,900.0,0.0,1.5849999999999362,1.0849999999999913,354.0,1
2.485,970.0,724.0,616.0,970.5,724.5,616.5,0.0,0.0,0.0,-64.375,0.5,-72.625,0.0,900.0,900.0,0.0,1.5859999999999361,1.0859999999999912,354.0,1
2.486,970.0,724.0,616.0,970.5,724.5,616.5,0.0,0.0,0.0,-64.375,0.5,-72.625,0.0,900.0,900.0,0.0,1.586999999999936,1.086999999999991,354.0,1
2.487,970.0,724.0,616.0,970.5,724.5,616.5,0.0,0.0,0.0,-64.375,0.5,-72.625,0.0,900.0,900.0,0.0,1.587999999999936,1.087999999999991,354.0,1
2.488,970.0,724.0,616.0,970.5,724.5,616.5,0.0,0.0,0.0,-64.375,0.5,-72.625,0.0,900.0,900.0,0.0,1.5889999999999358,1.0889999999999909,354.0,1
2.489,970.0,724.0,616.0,970.5,724.5,616.5,0.0,0.0,0.0,-64.375,0.5,-72.625,0.0,900.0,900.0,0.0,1.5899999999999357,1.0899999999999908,354.0,1
2.49,970.0,724.0,616.0,970.5,724.5,616.5,0.0,0.0,0.0,-64.375,0.5,-72.625,0.0,900.0,900.0,0.0,1.5909999999999356,1.0909999999999906,354.0,1
2.491,970.0,724.0,616.0,970.5,724.5,616.5,0.0,0.0,0.0,-64.375,0.5,-72.625,0.0,900.0,900.0,0.0,1.5919999999999355,1.0919999999999905,354.0,1
2.492,970.0,724.0,616.0,970.5,724.5,616.5,0.0,0.0,0.0,-64.375,0.5,-72.625,0.0,900.0,900.0,0.0,1.5929999999999354,1.0929999999999904,354.0,1
2.493,970.0,724.0,616.0,970.5,724.5,616.5,0.0,0.0,0.0,-64.375,0.5,-72.625,0.0,900.0,900.0,0.0,1.5939999999999352,1.0939999999999903,354.0,1
2.494,970.0,724.0,616.0,970.5,724.5,616.5,0.0,0.0,0.0,-64.375,0.5,-72.625,0.0,900.0,900.0,0.0,1.5949999999999351,1.0949999999999902,354.0,1
2.495,970.0,724.0,616.0,970.5,724.5,616.5,0.0,0.0,0.0,-64.375,0.5,-72.625,0.0,900.0,900.0,0.0,1.595999999999935,1.09599999999999,354.0,1
2.496,970.0,724.0,616.0,970.5,724.5,616.5,0.0,0.0,0.0,-64.375,0.5,-72.625,0.0,900.0,900.0,0.0,1.596999999999935,1.09699999999999,354.0,1
2.497,970.0,724.0,616.0,970.5,724.5,616.5,0.0,0.0,0.0,-64.375,0.5,-72.625,0.0,900.0,900.0,0.0,1.5979999999999348,1.0979999999999899,354.0,1
2.498,970.0,724.0,616.0,970.5,724.5,616.5,0.0,0.0,0.0,-64.375,0.5,-72.625,0.0,900.0,900.0,0.0,1.5989999999999347,1.0989999999999898,354.0,1
2.499,970.0,724.0,616.0,970.5,724.5,616.5,0.0,0.0,0.0,-64.375,0.5,-72.625,0.0,900.0,900.0,0.0,1.5999999999999346,1.0999999999999897,354.0,1
2.5,970.0,724.0,616.0,970.5,724.5,616.5,0.0,0.0,0.0,-64.375,0.5,-72.625,0.0,900.0,900.0,0.0,1.6009999999999345,1.1009999999999895,354.0,1
2.501,970.0,724.0,616.0,970.5,724.5,616.5,0.0,0.0,0.0,-64.375,0.5,-72.625,0.0,900.0,900.0,0.0,1.6019999999999344,1.1019999999999894,354.0,1
2.5020000000000002,970.0,724.0,616.0,970.5,724.5,616.5,0.0,0.0,0.0,-64.375,0.5,-72.625,0.0,900.0,900.0,0.0,1.6029999999999343,1.1029999999999893,354.0,1
2.503,970.0,724.0,616.0,970.5,724.5,616.5,0.0,0.0,0.0,-64.375,0.5,-72.625,0.0,900.0,900.0,0.0,1.6039999999999341,1.1039999999999892,354.0,1
2.504,970.0,724.0,616.0,970.5,724.5,616.5,0.0,0.0,0.0,-64.375,0.5,-72.625,0.0,900.0,900.0,0.0,1.604999999999934,1.104999999999989,354.0,1
2.505,970.0,724.0,616.0,970.5,724.5,616.5,0.0,0.0,0.0,-64.375,0.5,-72.625,0.0,900.0,900.0,0.0,1.605999999999934,1.105999999999989,354.0,1
2.5060000000000002,970.0,724.0,616.0,970.5,724.5,616.5,0.0,0.0,0.0,-64.375,0.5,-72.625,0.0,900.0,900.0,0.0,1.6069999999999338,1.1069999999999889,354.0,1
2.507,970.0,724.0,616.0,970.5,724.5,616.5,0.0,0.0,0.0,-64.375,0.5,-72.625,0.0,900.0,900.0,0.0,1.6079999999999337,1.1079999999999888,354.0,1
2.508,970.0,724.0,616.0,970.5,724.5,616.5,0.0,0.0,0.0,-64.375,0.5,-72.625,0.0,900.0,900.0,0.0,1.6089999999999336,1.1089999999999887,354.0,1
2.509,970.0,724.0,616.0,970.5,724.5,616.5,0.0,0.0,0.0,-64.375,0.5,-72.625,0.0,900.0,900.0,0.0,1.6099999999999335,1.1099999999999886,354.0,1
2.5100000000000002,970.0,724.0,616.0,970.5,724.5,616.5,0.0,0.0,0.0,-64.375,0.5,-72.625,0.0,900.0,900.0,0.0,1.6109999999999334,1.1109999999999884,354.0,1
2.511,970.0,724.0,616.0,970.5,724.5,616.5,0.0,0.0,0.0,-64.375,0.5,-72.625,0.0,900.0,900.0,0.0,1.6119999999999333,1.1119999999999883,354.0,1
2.512,970.0,724.0,616.0,970.5,724.5,616.5,0.0,0.0,0.0,-64.375,0.5,-72.625,0.0,900.0,900.0,0.0,1.6129999999999332,1.1129999999999882,354.0,1
2.513,970.0,724.0,616.0,970.5,724.5,616.5,0.0,0.0,0.0,-64.375,0.5,-72.625,0.0,900.0,900.0,0.0,1.613999999999933,1.113999999999988,354.0,1
2.5140000000000002,970.0,724.0,616.0,970.5,724.5,616.5,0.0,0.0,0.0,-64.375,0.5,-72.625,0.0,900.0,900.0,0.0,1.614999999999933,1.114999999999988,354.0,1
2.515,970.0,724.0,616.0,970.5,724.5,616.5,0.0,0.0,0.0,-64.375,0.5,-72.625,0.0,900.0,900.0,0.0,1.6159999999999328,1.115999999999988,354.0,1
2.516,970.0,724.0,616.0,970.5,724.5,616.5,0.0,0.0,0.0,-64.375,0.5,-72.625,0.0,900.0,900.0,0.0,1.6169999999999327,1.1169999999999878,354.0,1
2.517,970.0,724.0,616.0,970.5,724.5,616.5,0.0,0.0,0.0,-64.375,0.5,-72.625,0.0,900.0,900.0,0.0,1.6179999999999326,1.1179999999999877,354.0,1
2.5180000000000002,970.0,724.0,616.0,970.5,724.5,616.5,0.0,0.0,0.0,-64.375,0.5,-72.625,0.0,900.0,900.0,0.0,1.6189999999999325,1.1189999999999876,354.0,1
2.519,970.0,724.0,616.0,970.5,724.5,616.5,0.0,0.0,0.0,-64.375,0.5,-72.625,0.0,900.0,900.0,0.0,1.6199999999999324,1.1199999999999875,354.0,1
2.52,970.0,724.0,616.0,970.5,724.5,616.5,0.0,0.0,0.0,-64.375,0.5,-72.625,0.0,900.0,900.0,0.0,1.6209999999999323,1.1209999999999873,354.0,1
2.521,970.0,724.0,616.0,970.5,724.5,616.5,0.0,0.0,0.0,-64.375,0.5,-72.625,0.0,900.0,900.0,0.0,1.6219999999999322,1.1219999999999872,354.0,1
2.5220000000000002,970.0,724.0,616.0,970.5,724.5,616.5,0.0,0.0,0.0,-64.375,0.5,-72.625,0.0,900.0,900.0,0.0,1.622999999999932,1.1229999999999871,354.0,1
2.523,970.0,724.0,616.0,970.5,724.5,616.5,0.0,0.0,0.0,-64.375,0.5,-72.625,0.0,900.0,900.0,0.0,1.623999999999932,1.123999999999987,354.0,1
2.524,970.0,724.0,616.0,970.5,724.5,616.5,0.0,0.0,0.0,-64.375,0.5,-72.625,0.0,900.0,900.0,0.0,1.6249999999999318,1.124999999999987,354.0,1
2.525,970.0,724.0,616.0,970.5,724.5,616.5,0.0,0.0,0.0,-64.375,0.5,-72.625,0.0,900.0,900.0,0.0,1.6259999999999317,1.1259999999999868,354.0,1
2.5260000000000002,970.0,724.0,616.0,970.5,724.5,616.5,0.0,0.0,0.0,-64.375,0.5,-72.625,0.0,900.0,900.0,0.0,1.6269999999999316,1.1269999999999867,354.0,1
2.527,970.0,724.0,616.0,970.5,724.5,616.5,0.0,0.0,0.0,-64.375,0.5,-72.625,0.0,900.0,900.0,0.0,1.6279999999999315,1.1279999999999866,354.0,1
2.528,970.0,724.0,616.0,970.5,724.5,616.5,0.0,0.0,0.0,-64.375,0.5,-72.625,0.0,900.0,900.0,0.0,1.6289999999999314,1.1289999999999865,354.0,1
2.529,970.0,724.0,616.0,970.5,724.5,616.5,0.0,0.0,0.0,-64.375,0.5,-72.625,0.0,900.0,900.0,0.0,1.6299999999999313,1.1299999999999863,354.0,1
2.5300000000000002,970.0,724.0,616.0,970.5,724.5,616.5,0.0,0.0,0.0,-64.375,0.5,-72.625,0.0,900.0,900.0,0.0,1.6309999999999312,1.1309999999999862,354.0,1
2.531,970.0,724.0,616.0,970.5,724.5,616.5,0.0,0.0,0.0,-64.375,0.5,-72.625,0.0,900.0,900.0,0.0,1.631999999999931,1.1319999999999861,354.0,1
2.532,970.0,724.0,616.0,970.5,724.5,616.5,0.0,0.0,0.0,-64.375,0.5,-72.625,0.0,900.0,900.0,0.0,1.632999999999931,1.132999999999986,354.0,1
2.533,970.0,724.0,616.0,970.5,724.5,616.5,0.0,0.0,0.0,-64.375,0.5,-72.625,0.0,900.0,900.0,0.0,1.6339999999999308,1.133999999999986,354.0,1
2.5340000000000003,970.0,724.0,616.0,970.5,724.5,616.5,0.0,0.0,0.0,-64.375,0.5,-72.625,0.0,900.0,900.0,0.0,1.6349999999999307,1.1349999999999858,354.0,1
2.535,970.0,724.0,616.0,970.5,724.5,616.5,0.0,0.0,0.0,-64.375,0.5,-72.625,0.0,900.0,900.0,0.0,1.6359999999999306,1.1359999999999857,354.0,1
2.536,970.0,724.0,616.0,970.5,724.5,616.5,0.0,0.0,0.0,-64.375,0.5,-72.625,0.0,900.0,900.0,0.0,1.6369999999999305,1.1369999999999856,354.0,1
2.537,970.0,724.0,616.0,970.5,724.5,616.5,0.0,0.0,0.0,-64.375,0.5,-72.625,0.0,900.0,900.0,0.0,1.6379999999999304,1.1379999999999855,354.0,1
2.5380000000000003,970.0,724.0,616.0,970.5,724.5,616.5,0.0,0.0,0.0,-64.375,0.5,-72.625,0.0,900.0,900.0,0.0,1.6389999999999303,1.1389999999999854,354.0,1
2.539,970.0,724.0,616.0,970.5,724.5,616.5,0.0,0.0,0.0,-64.375,0.5,-72.625,0.0,900.0,900.0,0.0,1.6399999999999302,1.1399999999999852,354.0,1
2.54,970.0,724.0,616.0,970.5,724.5,616.5,0.0,0.0,0.0,-64.375,0.5,-72.625,0.0,900.0,900.0,0.0,1.64099999999993,1.1409999999999851,354.0,1
2.541,970.0,724.0,616.0,970.5,724.5,616.5,0.0,0.0,0.0,-64.375,0.5,-72.625,0.0,900.0,900.0,0.0,1.64199999999993,1.141999999999985,354.0,1
2.5420000000000003,970.0,724.0,616.0,970.5,724.5,616.5,0.0,0.0,0.0,-64.375,0.5,-72.625,0.0,900.0,900.0,0.0,1.6429999999999298,1.142999999999985,354.0,1
2.543,970.0,724.0,616.0,970.5,724.5,616.5,0.0,0.0,0.0,-64.375,0.5,-72.625,0.0,900.0,900.0,0.0,1.6439999999999297,1.1439999999999848,354.0,1
2.544,970.0,724.0,616.0,970.5,724.5,616.5,0.0,0.0,0.0,-64.375,0.5,-72.625,0.0,900.0,900.0,0.0,1.6449999999999296,1.1449999999999847,354.0,1
2.545,970.0,724.0,616.0,970.5,724.5,616.5,0.0,0.0,0.0,-64.375,0.5,-72.625,0.0,900.0,900.0,0.0,1.6459999999999295,1.1459999999999846,354.0,1
2.5460000000000003,970.0,724.0,616.0,970.5,724.5,616.5,0.0,0.0,0.0,-64.375,0.5,-72.625,0.0,900.0,900.0,0.0,1.6469999999999294,1.1469999999999845,354.0,1
2.547,970.0,724.0,616.0,970.5,724.5,616.5,0.0,0.0,0.0,-64.375,0.5,-72.625,0.0,900.0,900.0,0.0,1.6479999999999293,1.1479999999999844,354.0,1
2.548,970.0,724.0,616.0,970.5,724.5,616.5,0.0,0.0,0.0,-64.375,0.5,-72.625,0.0,900.0,900.0,0.0,1.6489999999999292,1.1489999999999843,354.0,1
2.549,970.0,724.0,616.0,970.5,724.5,616.5,0.0,0.0,0.0,-64.375,0.5,-72.625,0.0,900.0,900.0,0.0,1.649999999999929,1.1499999999999841,354.0,1
2.5500000000000003,970.0,724.0,616.0,970.5,724.5,616.5,0.0,0.0,0.0,-64.375,0.5,-72.625,0.0,900.0,900.0,0.0,1.650999999999929,1.150999999999984,354.0,1
2.551,970.0,724.0,616.0,970.5,724.5,616.5,0.0,0.0,0.0,-64.375,0.5,-72.625,0.0,900.0,900.0,0.0,1.6519999999999289,1.151999999999984,354.0,1
2.552,970.0,724.0,616.0,970.5,724.5,616.5,0.0,0.0,0.0,-64.375,0.5,-72.625,0.0,900.0,900.0,0.0,1.6529999999999287,1.1529999999999838,354.0,1
2.553,970.0,724.0,616.0,970.5,724.5,616.5,0.0,0.0,0.0,-64.375,0.5,-72.625,0.0,900.0,900.0,0.0,1.6539999999999286,1.1539999999999837,354.0,1
2.5540000000000003,970.0,724.0,616.0,970.5,724.5,616.5,0.0,0.0,0.0,-64.375,0.5,-72.625,0.0,900.0,900.0,0.0,1.6549999999999285,1.1549999999999836,354.0,1
2.555,970.0,724.0,616.0,970.5,724.5,616.5,0.0,0.0,0.0,-64.375,0.5,-72.625,0.0,900.0,900.0,0.0,1.6559999999999284,1.1559999999999835,354.0,1
2.556,970.0,724.0,616.0,970.5,724.5,616.5,0.0,0.0,0.0,-64.375,0.5,-72.625,0.0,900.0,900.0,0.0,1.6569999999999283,1.1569999999999834,354.0,1
2.557,970.0,724.0,616.0,970.5,724.5,616.5,0.0,0.0,0.0,-64.375,0.5,-72.625,0.0,900.0,900.0,0.0,1.6579999999999282,1.1579999999999833,354.0,1
2.5580000000000003,970.0,724.0,616.0,970.5,724.5,616.5,0.0,0.0,0.0,-64.375,0.5,-72.625,0.0,900.0,900.0,0.0,1.658999999999928,1.1589999999999832,354.0,1
2.559,970.0,724.0,616.0,970.5,724.5,616.5,0.0,0.0,0.0,-64.375,0.5,-72.625,0.0,900.0,900.0,0.0,1.659999999999928,1.159999999999983,354.0,1
2.56,970.0,724.0,616.0,970.5,724.5,616.5,0.0,0.0,0.0,-64.375,0.5,-72.625,0.0,900.0,900.0,0.0,1.6609999999999279,1.160999999999983,354.0,1
2.561,970.0,724.0,616.0,970.5,724.5,616.5,0.0,0.0,0.0,-64.375,0.5,-72.625,0.0,900.0,900.0,0.0,1.6619999999999278,1.1619999999999828,354.0,1
2.562,970.0,724.0,616.0,970.5,724.5,616.5,0.0,0.0,0.0,-64.375,0.5,-72.625,0.0,900.0,900.0,0.0,1.6629999999999276,1.1629999999999827,354.0,1
2.563,970.0,724.0,616.0,970.5,724.5,616.5,0.0,0.0,0.0,-64.375,0.5,-72.625,0.0,900.0,900.0,0.0,1.6639999999999275,1.1639999999999826,354.0,1
2.564,970.0,724.0,616.0,970.5,724.5,616.5,0.0,0.0,0.0,-64.375,0.5,-72.625,0.0,900.0,900.0,0.0,1.6649999999999274,1.1649999999999825,354.0,1
2.565,970.0,724.0,616.0,970.5,724.5,616.5,0.0,0.0,0.0,-64.375,0.5,-72.625,0.0,900.0,900.0,0.0,1.6659999999999273,1.1659999999999824,354.0,1
2.566,970.0,724.0,616.0,970.5,724.5,616.5,0.0,0.0,0.0,-64.375,0.5,-72.625,0.0,900.0,900.0,0.0,1.6669999999999272,1.1669999999999823,354.0,1
2.567,970.0,724.0,616.0,970.5,724.5,616.5,0.0,0.0,0.0,-64.375,0.5,-72.625,0.0,900.0,900.0,0.0,1.667999999999927,1.1679999999999822,354.0,1
2.568,970.0,724.0,616.0,970.5,724.5,616.5,0.0,0.0,0.0,-64.375,0.5,-72.625,0.0,900.0,900.0,0.0,1.668999999999927,1.168999999999982,354.0,1
2.569,970.0,724.0,616.0,970.5,724.5,616.5,0.0,0.0,0.0,-64.375,0.5,-72.625,0.0,900.0,900.0,0.0,1.6699999999999269,1.169999999999982,354.0,1
2.57,970.0,724.0,616.0,970.5,724.5,616.5,0.0,0.0,0.0,-64.375,0.5,-72.625,0.0,900.0,900.0,0.0,1.6709999999999268,1.1709999999999818,354.0,1
2.571,970.0,724.0,616.0,970.5,724.5,616.5,0.0,0.0,0.0,-64.375,0.5,-72.625,0.0,900.0,900.0,0.0,1.6719999999999267,1.1719999999999817,354.0,1
2.572,970.0,724.0,616.0,970.5,724.5,616.5,0.0,0.0,0.0,-64.375,0.5,-72.625,0.0,900.0,900.0,0.0,1.6729999999999265,1.1729999999999816,354.0,1
2.573,970.0,724.0,616.0,970.5,724.5,616.5,0.0,0.0,0.0,-64.375,0.5,-72.625,0.0,900.0,900.0,0.0,1.6739999999999264,1.1739999999999815,354.0,1
2.574,970.0,724.0,616.0,970.5,724.5,616.5,0.0,0.0,0.0,-64.375,0.5,-72.625,0.0,900.0,900.0,0.0,1.6749999999999263,1.1749999999999814,354.0,1
2.575,970.0,724.0,616.0,970.5,724.5,616.5,0.0,0.0,0.0,-64.375,0.5,-72.625,0.0,900.0,900.0,0.0,1.6759999999999262,1.1759999999999813,354.0,1
2.576,970.0,724.0,616.0,970.5,724.5,616.5,0.0,0.0,0.0,-64.375,0.5,-72.625,0.0,900.0,900.0,0.0,1.676999999999926,1.1769999999999812,354.0,1
2.577,970.0,724.0,616.0,970.5,724.5,616.5,0.0,0.0,0.0,-64.375,0.5,-72.625,0.0,900.0,900.0,0.0,1.677999999999926,1.177999999999981,354.0,1
2.578,970.0,724.0,616.0,970.5,724.5,616.5,0.0,0.0,0.0,-64.375,0.5,-72.625,0.0,900.0,900.0,0.0,1.6789999999999259,1.178999999999981,354.0,1
2.579,970.0,724.0,616.0,970.5,724.5,616.5,0.0,0.0,0.0,-64.375,0.5,-72.625,0.0,900.0,900.0,0.0,1.6799999999999258,1.1799999999999808,354.0,1
2.58,970.0,724.0,616.0,970.5,724.5,616.5,0.0,0.0,0.0,-64.375,0.5,-72.625,0.0,900.0,900.0,0.0,1.6809999999999257,1.1809999999999807,354.0,1
2.581,970.0,724.0,616.0,970.5,724.5,616.5,0.0,0.0,0.0,-64.375,0.5,-72.625,0.0,900.0,900.0,0.0,1.6819999999999256,1.1819999999999806,354.0,1
2.582,970.0,724.0,616.0,970.5,724.5,616.5,0.0,0.0,0.0,-64.375,0.5,-72.625,0.0,900.0,900.0,0.0,1.6829999999999254,1.1829999999999805,354.0,1
2.583,970.0,724.0,616.0,970.5,724.5,616.5,0.0,0.0,0.0,-64.375,0.5,-72.625,0.0,900.0,900.0,0.0,1.6839999999999253,1.1839999999999804,354.0,1
2.584,970.0,724.0,616.0,970.5,724.5,616.5,0.0,0.0,0.0,-64.375,0.5,-72.625,0.0,900.0,900.0,0.0,1.6849999999999252,1.1849999999999803,354.0,1
2.585,970.0,724.0,616.0,970.5,724.5,616.5,0.0,0.0,0.0,-64.375,0.5,-72.625,0.0,900.0,900.0,0.0,1.6859999999999251,1.1859999999999802,354.0,1
2.586,970.0,724.0,616.0,970.5,724.5,616.5,0.0,0.0,0.0,-64.375,0.5,-72.625,0.0,900.0,900.0,0.0,1.686999999999925,1.18699999999998,354.0,1
2.587,970.0,724.0,616.0,970.5,724.5,616.5,0.0,0.0,0.0,-64.375,0.5,-72.625,0.0,900.0,900.0,0.0,1.687999999999925,1.18799999999998,354.0,1
2.588,970.0,724.0,616.0,970.5,724.5,616.5,0.0,0.0,0.0,-64.375,0.5,-72.625,0.0,900.0,900.0,0.0,1.6889999999999248,1.1889999999999799,354.0,1
2.589,970.0,724.0,616.0,970.5,724.5,616.5,0.0,0.0,0.0,-64.375,0.5,-72.625,0.0,900.0,900.0,0.0,1.6899999999999247,1.1899999999999797,354.0,1
2.59,970.0,724.0,616.0,970.5,724.5,616.5,0.0,0.0,0.0,-64.375,0.5,-72.625,0.0,900.0,900.0,0.0,1.6909999999999246,1.1909999999999796,354.0,1
2.591,970.0,724.0,616.0,970.5,724.5,616.5,0.0,0.0,0.0,-64.375,0.5,-72.625,0.0,900.0,900.0,0.0,1.6919999999999245,1.1919999999999795,354.0,1
2.592,970.0,724.0,616.0,970.5,724.5,616.5,0.0,0.0,0.0,-64.375,0.5,-72.625,0.0,900.0,900.0,0.0,1.6929999999999243,1.1929999999999794,354.0,1
2.593,970.0,724.0,616.0,970.5,724.5,616.5,0.0,0.0,0.0,-64.375,0.5,-72.625,0.0,900.0,900.0,0.0,1.6939999999999242,1.1939999999999793,354.0,1
2.594,970.0,724.0,616.0,970.5,724.5,616.5,0.0,0.0,0.0,-64.375,0.5,-72.625,0.0,900.0,900.0,0.0,1.6949999999999241,1.1949999999999792,354.0,1
2.595,970.0,724.0,616.0,970.5,724.5,616.5,0.0,0.0,0.0,-64.375,0.5,-72.625,0.0,900.0,900.0,0.0,1.695999999999924,1.195999999999979,354.0,1
2.596,970.0,724.0,616.0,970.5,724.5,616.5,0.0,0.0,0.0,-64.375,0.5,-72.625,0.0,900.0,900.0,0.0,1.696999999999924,1.196999999999979,354.0,1
2.597,970.0,724.0,616.0,970.5,724.5,616.5,0.0,0.0,0.0,-64.375,0.5,-72.625,0.0,900.0,900.0,0.0,1.6979999999999238,1.1979999999999789,354.0,1
2.598,970.0,724.0,616.0,970.5,724.5,616.5,0.0,0.0,0.0,-64.375,0.5,-72.625,0.0,900.0,900.0,0.0,1.6989999999999237,1.1989999999999787,354.0,1
2.599,970.0,724.0,616.0,970.5,724.5,616.5,0.0,0.0,0.0,-64.375,0.5,-72.625,0.0,900.0,900.0,0.0,1.6999999999999236,1.1999999999999786,354.0,1
2.6,970.0,724.0,616.0,970.5,724.5,616.5,0.0,0.0,0.0,-64.375,0.5,-72.625,0.0,0.0,900.0,0.0,0.0,1.2009999999999785,354.0,1
2.601,970.0,724.0,616.0,970.5,724.5,616.5,0.0,0.0,0.0,-64.375,0.5,-72.625,0.0,0.0,900.0,0.0,0.0,1.2019999999999784,354.0,1
2.602,970.0,725.0,616.0,970.5,724.5,616.5,0.0,1000.0,0.0,-64.375,0.5,-72.625,0.0,0.0,900.0,0.0,0.0,1.2029999999999783,354.0,1
2.603,970.0,725.0,616.0,970.5,725.5,616.5,0.0,0.0,0.0,-63.125,0.5,-71.875,0.0,0.0,900.0,0.0,0.0,1.2039999999999782,354.0,1
2.604,970.0,726.0,616.0,970.5,725.5,616.5,0.0,1000.0,0.0,-63.125,0.5,-71.875,0.0,0.0,900.0,0.0,0.0,1.204999999999978,354.0,1
2.605,970.0,728.0,616.0,970.5,726.5,616.5,0.0,2000.0,0.0,-61.875,0.5,-71.125,0.0,0.0,900.0,0.0,0.0,1.205999999999978,354.0,1
2.606,970.0,729.0,616.0,970.5,728.5,616.5,0.0,1000.0,0.0,-59.375,0.5,-69.625,0.0,0.0,900.0,0.0,0.0,1.2069999999999779,354.0,1
2.607,970.0,731.0,616.0,970.5,729.5,616.5,0.0,2000.0,0.0,-58.125,0.5,-68.875,0.0,0.0,900.0,0.0,0.0,1.2079999999999778,354.0,1
2.608,970.0,732.0,616.0,970.5,731.5,616.5,0.0,1000.0,0.0,-55.625,0.5,-67.375,0.0,0.0,900.0,0.0,0.0,1.2089999999999776,354.0,1
2.609,970.0,734.0,616.0,970.5,732.5,616.5,0.0,2000.0,0.0,-54.375,0.5,-66.625,0.0,0.0,900.0,0.0,0.0,1.2099999999999775,354.0,1
2.61,970.0,736.0,616.0,970.5,734.5,616.5,0.0,2000.0,0.0,-51.875,0.5,-65.125,0.0,0.0,900.0,0.0,0.0,1.2109999999999774,354.0,1
2.611,970.0,739.0,616.0,970.5,736.5,616.5,0.0,3000.0,0.0,-49.375,0.5,-63.625,0.0,0.0,900.0,0.0,0.0,1.2119999999999773,354.0,1
2.612,970.0,741.0,616.0,970.5,739.5,616.5,0.0,2000.0,0.0,-45.625,0.5,-61.375,0.0,0.0,900.0,0.0,0.0,1.2129999999999772,354.0,1
2.613,970.0,744.0,616.0,970.5,741.5,616.5,0.0,3000.0,0.0,-43.125,0.5,-59.875,0.0,0.0,900.0,0.0,0.0,1.213999999999977,354.0,1
2.614,970.0,747.0,616.0,970.5,744.5,616.5,0.0,3000.0,0.0,-39.375,0.5,-57.625,0.0,0.0,900.0,0.0,0.0,1.214999999999977,354.0,1
2.615,970.0,750.0,616.0,970.5,747.5,616.5,0.0,3000.0,0.0,-35.625,0.5,-55.375,0.0,0.0,900.0,0.0,0.0,1.2159999999999769,354.0,1
2.616,970.0,753.0,616.0,970.5,750.5,616.5,0.0,3000.0,0.0,-31.875,0.5,-53.125,0.0,0.0,900.0,0.0,0.0,1.2169999999999768,354.0,1
2.617,970.0,757.0,616.0,970.5,753.5,616.5,0.0,4000.0,0.0,-28.125,0.5,-50.875,0.0,0.0,900.0,0.0,0.0,1.2179999999999767,354.0,1
2.618,970.0,761.0,616.0,970.5,757.5,616.5,0.0,4000.0,0.0,-23.125,0.5,-47.875,0.0,0.0,900.0,0.0,0.0,1.2189999999999765,354.0,1
2.619,970.0,764.0,616.0,970.5,761.5,616.5,0.0,3000.0,0.0,-18.125,0.5,-44.875,0.0,0.0,900.0,0.0,0.0,1.2199999999999764,354.0,1
2.62,970.0,769.0,616.0,970.5,764.5,616.5,0.0,5000.0,0.0,-14.375,0.5,-42.625,0.0,0.0,900.0,0.0,0.0,1.2209999999999763,354.0,1
2.621,970.0,773.0,616.0,970.5,769.5,616.5,0.0,4000.0,0.0,-8.125,0.5,-38.875,0.0,0.0,900.0,0.0,0.0,1.2219999999999762,354.0,1
2.622,971.0,777.0,616.0,970.5,773.5,616.5,1000.0,4000.0,0.0,-3.125,0.5,-35.875,0.0,0.0,900.0,0.0,0.0,1.222999999999976,355.0,1
2.623,971.0,782.0,616.0,971.5,777.5,616.5,0.0,5000.0,0.0,0.5,0.20000000000004547,-33.10000000000002,0.0,0.0,900.0,0.0,0.0,1.223999999999976,355.0,1
2.624,972.0,787.0,616.0,971.5,782.5,616.5,1000.0,5000.0,0.0,0.5,-4.7999999999999545,-33.10000000000002,0.0,0.0,900.0,0.0,0.0,1.2249999999999759,356.0,1
2.625,973.0,792.0,616.0,972.5,787.5,616.5,1000.0,5000.0,0.0,0.5,-9.0,-32.5,0.0,0.0,900.0,0.0,0.0,1.2259999999999758,357.0,1
2.626,973.0,797.0,616.0,973.5,792.5,616.5,0.0,5000.0,0.0,0.5,-13.200000000000045,-31.899999999999977,0.0,0.0,900.0,0.0,0.0,1.2269999999999757,357.0,1
2.6270000000000002,974.0,803.0,616.0,973.5,797.5,616.5,1000.0,6000.0,0.0,0.5,-18.200000000000045,-31.899999999999977,0.0,0.0,900.0,0.0,0.0,1.2279999999999756,358.0,1
2.628,975.0,808.0,616.0,974.5,803.5,616.5,1000.0,5000.0,0.0,0.5,-23.399999999999977,-31.299999999999955,0.0,0.0,900.0,0.0,0.0,1.2289999999999754,359.0,1
2.629,976.0,814.0,616.0,975.5,808.5,616.5,1000.0,6000.0,0.0,0.5,-27.600000000000023,-30.700000000000045,0.0,0.0,900.0,0.0,0.0,1.2299999999999753,360.0,1
2.63,976.0,820.0,616.0,976.5,814.5,616.5,0.0,6000.0,0.0,0.5,-32.799999999999955,-30.100000000000023,0.0,0.0,900.0,0.0,0.0,1.2309999999999752,360.0,1
2.6310000000000002,977.0,826.0,616.0,976.5,820.5,616.5,1000.0,6000.0,0.0,0.5,-38.799999999999955,-30.100000000000023,0.0,0.0,900.0,0.0,0.0,1.2319999999999751,361.0,1
2.632,978.0,833.0,616.0,977.5,826.5,616.5,1000.0,7000.0,0.0,0.5,-44.0,-29.5,0.0,0.0,900.0,0.0,0.0,1.232999999999975,362.0,1
2.633,978.0,839.0,616.0,978.5,833.5,616.5,0.0,6000.0,0.0,0.5,-50.200000000000045,-28.899999999999977,0.0,0.0,900.0,0.0,0.0,1.233999999999975,362.0,1
2.634,979.0,844.0,616.0,978.5,839.5,616.5,1000.0,5000.0,0.0,0.5,-56.200000000000045,-28.899999999999977,0.0,0.0,900.0,0.0,0.0,1.2349999999999748,363.0,1
2.6350000000000002,980.0,850.0,616.0,979.5,844.5,616.5,1000.0,6000.0,0.0,0.5,-60.39999999999998,-28.299999999999955,0.0,0.0,900.0,0.0,0.0,1.2359999999999747,364.0,1
2.636,981.0,856.0,616.0,980.5,850.5,616.5,1000.0,6000.0,0.0,0.5,-65.60000000000002,-27.700000000000045,0.0,0.0,900.0,0.0,0.0,1.2369999999999746,365.0,1
2.637,981.0,861.0,616.0,981.5,856.5,616.5,0.0,5000.0,0.0,0.5,-70.79999999999995,-27.100000000000023,0.0,0.0,900.0,0.0,0.0,1.2379999999999745,365.0,1
2.638,982.0,866.0,616.0,981.5,861.5,616.5,1000.0,5000.0,0.0,0.5,-75.79999999999995,-27.100000000000023,0.0,0.0,900.0,0.0,0.0,1.2389999999999743,366.0,1
2.6390000000000002,983.0,871.0,616.0,982.5,866.5,616.5,1000.0,5000.0,0.0,0.5,-80.0,-26.5,0.0,0.0,900.0,0.0,0.0,1.2399999999999742,367.0,1
2.64,984.0,875.0,616.0,983.5,871.5,616.5,1000.0,4000.0,0.0,0.5,-84.20000000000005,-25.899999999999977,0.0,0.0,900.0,0.0,0.0,1.2409999999999741,368.0,1
2.641,984.0,880.0,616.0,984.5,875.5,616.5,0.0,5000.0,0.0,0.5,-87.39999999999998,-25.299999999999955,0.0,0.0,900.0,0.0,0.0,1.241999999999974,368.0,1
2.642,985.0,884.0,616.0,984.5,880.5,616.5,1000.0,4000.0,0.0,0.5,-92.39999999999998,-25.299999999999955,0.0,0.0,900.0,0.0,0.0,1.242999999999974,369.0,1
2.6430000000000002,986.0,888.0,616.0,985.5,884.5,616.5,1000.0,4000.0,0.0,0.5,-95.60000000000002,-24.700000000000045,0.0,0.0,900.0,0.0,0.0,1.2439999999999738,370.0,1
2.644,986.0,892.0,616.0,986.5,888.5,616.5,0.0,4000.0,0.0,0.5,-98.79999999999995,-24.100000000000023,0.0,0.0,900.0,0.0,0.0,1.2449999999999737,370.0,1
2.645,987.0,896.0,616.0,986.5,892.5,616.5,1000.0,4000.0,0.0,0.5,-102.79999999999995,-24.100000000000023,0.0,0.0,900.0,0.0,0.0,1.2459999999999736,371.0,1
2.646,988.0,899.0,616.0,987.5,896.5,616.5,1000.0,3000.0,0.0,0.5,-106.0,-23.5,0.0,0.0,900.0,0.0,0.0,1.2469999999999735,372.0,1
2.6470000000000002,989.0,902.0,616.0,988.5,899.5,616.5,1000.0,3000.0,0.0,0.5,-108.20000000000005,-22.899999999999977,0.0,0.0,900.0,0.0,0.0,1.2479999999999734,373.0,1
2.648,989.0,905.0,616.0,989.5,902.5,616.5,0.0,3000.0,0.0,0.5,-110.39999999999998,-22.299999999999955,0.0,0.0,900.0,0.0,0.0,1.2489999999999732,373.0,1
2.649,990.0,908.0,616.0,989.5,905.5,616.5,1000.0,3000.0,0.0,0.5,-113.39999999999998,-22.299999999999955,0.0,0.0,900.0,0.0,0.0,1.2499999999999731,374.0,1
2.65,991.0,911.0,616.0,990.5,908.5,616.5,1000.0,3000.0,0.0,0.5,-115.60000000000002,-21.700000000000045,0.0,0.0,900.0,0.0,0.0,1.250999999999973,375.0,1
2.6510000000000002,992.0,913.0,616.0,991.5,911.5,616.5,1000.0,2000.0,0.0,0.5,-117.79999999999995,-21.100000000000023,0.0,0.0,900.0,0.0,0.0,1.251999999999973,376.0,1
2.652,992.0,916.0,616.0,992.5,913.5,616.5,0.0,3000.0,0.0,0.5,-119.0,-20.5,0.0,0.0,900.0,0.0,0.0,1.2529999999999728,376.0,1
2.653,993.0,918.0,616.0,992.5,916.5,616.5,1000.0,2000.0,0.0,0.5,-122.0,-20.5,0.0,0.0,900.0,0.0,0.0,1.2539999999999727,377.0,1
2.654,994.0,920.0,616.0,993.5,918.5,616.5,1000.0,2000.0,0.0,0.5,-123.20000000000005,-19.899999999999977,0.0,0.0,900.0,0.0,0.0,1.2549999999999726,378.0,1
2.6550000000000002,994.0,921.0,616.0,994.5,920.5,616.5,0.0,1000.0,0.0,0.5,-124.39999999999998,-19.299999999999955,0.0,0.0,900.0,0.0,0.0,1.2559999999999725,378.0,1
2.656,995.0,923.0,616.0,994.5,921.5,616.5,1000.0,2000.0,0.0,0.5,-125.39999999999998,-19.299999999999955,0.0,0.0,900.0,0.0,0.0,1.2569999999999724,379.0,1
2.657,996.0,924.0,616.0,995.5,923.5,616.5,1000.0,1000.0,0.0,0.5,-126.60000000000002,-18.700000000000045,0.0,0.0,900.0,0.0,0.0,1.2579999999999723,380.0,1
2.658,997.0,925.0,616.0,996.5,924.5,616.5,1000.0,1000.0,0.0,0.5,-126.79999999999995,-18.100000000000023,0.0,0.0,900.0,0.0,0.0,1.2589999999999721,381.0,1
2.6590000000000003,997.0,926.0,616.0,997.5,925.5,616.5,0.0,1000.0,0.0,0.5,-127.0,-17.5,0.0,0.0,900.0,0.0,0.0,1.259999999999972,381.0,1
2.66,998.0,927.0,616.0,997.5,926.5,616.5,1000.0,1000.0,0.0,0.5,-128.0,-17.5,0.0,0.0,900.0,0.0,0.0,1.260999999999972,382.0,1
2.661,999.0,928.0,616.0,998.5,927.5,616.5,1000.0,1000.0,0.0,0.5,-128.20000000000005,-16.899999999999977,0.0,0.0,900.0,0.0,0.0,1.2619999999999718,383.0,1
2.662,999.0,928.0,616.0,999.5,928.5,616.5,0.0,0.0,0.0,0.5,-128.39999999999998,-16.299999999999955,0.0,0.0,900.0,0.0,0.0,1.2629999999999717,383.0,1
2.6630000000000003,1000.0,928.0,616.0,999.5,928.5,616.5,1000.0,0.0,0.0,0.5,-128.39999999999998,-16.299999999999955,0.0,0.0,900.0,0.0,0.0,1.2639999999999716,384.0,1
2.664,1001.0,928.0,616.0,1000.5,928.5,616.5,1000.0,0.0,0.0,0.5,-127.60000000000002,-15.700000000000045,0.0,0.0,900.0,0.0,0.0,1.2649999999999715,385.0,1
2.665,1002.0,928.0,616.0,1001.5,928.5,616.5,1000.0,0.0,0.0,0.5,-126.79999999999995,-15.100000000000023,0.0,0.0,900.0,0.0,0.0,1.2659999999999714,386.0,1
2.666,1002.0,928.0,616.0,1002.5,928.5,616.5,0.0,0.0,0.0,0.5,-126.0,-14.5,0.0,0.0,900.0,0.0,0.0,1.2669999999999713,386.0,1
2.6670000000000003,1003.0,928.0,616.0,1002.5,928.5,616.5,1000.0,0.0,0.0,0.5,-126.0,-14.5,0.0,0.0,900.0,0.0,0.0,1.2679999999999712,387.0,1
2.668,1004.0,928.0,616.0,1003.5,928.5,616.5,1000.0,0.0,0.0,0.5,-125.20000000000005,-13.899999999999977,0.0,0.0,900.0,0.0,0.0,1.268999999999971,388.0,1
2.669,1005.0,928.0,616.0,1004.5,928.5,616.5,1000.0,0.0,0.0,0.5,-124.39999999999998,-13.299999999999955,0.0,0.0,900.0,0.0,0.0,1.269999999999971,389.0,1
2.67,1005.0,928.0,616.0,1005.5,928.5,616.5,0.0,0.0,0.0,0.5,-123.60000000000002,-12.700000000000045,0.0,0.0,900.0,0.0,0.0,1.2709999999999708,389.0,1
2.6710000000000003,1006.0,928.0,616.0,1005.5,928.5,616.5,1000.0,0.0,0.0,0.5,-123.60000000000002,-12.700000000000045,0.0,0.0,900.0,0.0,0.0,1.2719999999999707,390.0,1
2.672,1007.0,928.0,616.0,1006.5,928.5,616.5,1000.0,0.0,0.0,0.5,-122.79999999999995,-12.100000000000023,0.0,0.0,900.0,0.0,0.0,1.2729999999999706,391.0,1
2.673,1007.0,928.0,616.0,1007.5,928.5,616.5,0.0,0.0,0.0,0.5,-122.0,-11.5,0.0,0.0,900.0,0.0,0.0,1.2739999999999705,391.0,1
2.674,1008.0,928.0,616.0,1007.5,928.5,616.5,1000.0,0.0,0.0,0.5,-122.0,-11.5,0.0,0.0,900.0,0.0,0.0,1.2749999999999704,392.0,1
2.6750000000000003,1009.0,928.0,616.0,1008.5,928.5,616.5,1000.0,0.0,0.0,0.5,-121.20000000000005,-10.899999999999977,0.0,0.0,900.0,0.0,0.0,1.2759999999999703,393.0,1
2.676,1010.0,928.0,616.0,1009.5,928.5,616.5,1000.0,0.0,0.0,0.5,-120.39999999999998,-10.299999999999955,0.0,0.0,900.0,0.0,0.0,1.2769999999999702,394.0,1
2.677,1010.0,928.0,616.0,1010.5,928.5,616.5,0.0,0.0,0.0,0.5,-119.60000000000002,-9.700000000000045,0.0,0.0,900.0,0.0,0.0,1.27799999999997,394.0,1
2.678,1011.0,928.0,616.0,1010.5,928.5,616.5,1000.0,0.0,0.0,0.5,-119.60000000000002,-9.700000000000045,0.0,0.0,900.0,0.0,0.0,1.27899999999997,395.0,1
2.6790000000000003,1012.0,928.0,616.0,1011.5,928.5,616.5,1000.0,0.0,0.0,0.5,-118.79999999999995,-9.100000000000023,0.0,0.0,900.0,0.0,0.0,1.2799999999999698,396.0,1
2.68,1012.0,928.0,616.0,1012.5,928.5,616.5,0.0,0.0,0.0,0.5,-118.0,-8.5,0.0,0.0,900.0,0.0,0.0,1.2809999999999697,396.0,1
2.681,1013.0,928.0,616.0,1012.5,928.5,616.5,1000.0,0.0,0.0,0.5,-118.0,-8.5,0.0,0.0,900.0,0.0,0.0,1.2819999999999696,397.0,1
2.682,1014.0,928.0,616.0,1013.5,928.5,616.5,1000.0,0.0,0.0,0.5,-117.20000000000005,-7.899999999999977,0.0,0.0,900.0,0.0,0.0,1.2829999999999695,398.0,1
2.6830000000000003,1015.0,928.0,616.0,1014.5,928.5,616.5,1000.0,0.0,0.0,0.5,-116.39999999999998,-7.2999999999999545,0.0,0.0,900.0,0.0,0.0,1.2839999999999694,399.0,1
2.684,1015.0,928.0,616.0,1015.5,928.5,616.5,0.0,0.0,0.0,0.5,-115.60000000000002,-6.7000000000000455,0.0,0.0,900.0,0.0,0.0,1.2849999999999693,399.0,1
2.685,1016.0,928.0,616.0,1015.5,928.5,616.5,1000.0,0.0,0.0,0.5,-115.60000000000002,-6.7000000000000455,0.0,0.0,900.0,0.0,0.0,1.2859999999999692,400.0,1
2.686,1017.0,928.0,616.0,1016.5,928.5,616.5,1000.0,0.0,0.0,0.5,-114.79999999999995,-6.100000000000023,0.0,0.0,900.0,0.0,0.0,1.286999999999969,401.0,1
2.6870000000000003,1018.0,928.0,616.0,1017.5,928.5,616.5,1000.0,0.0,0.0,0.5,-114.0,-5.5,0.0,0.0,900.0,0.0,0.0,1.287999999999969,402.0,1
2.688,1018.0,928.0,616.0,1018.5,928.5,616.5,0.0,0.0,0.0,0.5,-113.20000000000005,-4.899999999999977,0.0,0.0,900.0,0.0,0.0,1.2889999999999688,402.0,1
2.689,1019.0,928.0,616.0,1018.5,928.5,616.5,1000.0,0.0,0.0,0.5,-113.20000000000005,-4.899999999999977,0.0,0.0,900.0,0.0,0.0,1.2899999999999687,403.0,1
2.69,1020.0,928.0,616.0,1019.5,928.5,616.5,1000.0,0.0,0.0,0.5,-112.39999999999998,-4.2999999999999545,0.0,0.0,900.0,0.0,0.0,1.2909999999999686,404.0,1
2.691,1020.0,928.0,616.0,1020.5,928.5,616.5,0.0,0.0,0.0,0.5,-111.60000000000002,-3.7000000000000455,0.0,0.0,900.0,0.0,0.0,1.2919999999999685,404.0,1
2.692,1021.0,928.0,616.0,1020.5,928.5,616.5,1000.0,0.0,0.0,0.5,-111.60000000000002,-3.7000000000000455,0.0,0.0,900.0,0.0,0.0,1.2929999999999684,405.0,1
2.693,1022.0,928.0,616.0,1021.5,928.5,616.5,1000.0,0.0,0.0,0.5,-110.79999999999995,-3.1000000000000227,0.0,0.0,900.0,0.0,0.0,1.2939999999999683,406.0,1
2.694,1023.0,928.0,616.0,1022.5,928.5,616.5,1000.0,0.0,0.0,0.5,-110.0,-2.5,0.0,0.0,900.0,0.0,0.0,1.2949999999999682,407.0,1
2.695,1023.0,928.0,616.0,1023.5,928.5,616.5,0.0,0.0,0.0,0.5,-109.20000000000005,-1.8999999999999773,0.0,0.0,900.0,0.0,0.0,1.295999999999968,407.0,1
2.696,1024.0,928.0,616.0,1023.5,928.5,616.5,1000.0,0.0,0.0,0.5,-109.20000000000005,-1.8999999999999773,0.0,0.0,900.0,0.0,0.0,1.296999999999968,408.0,1
2.697,1025.0,928.0,616.0,1024.5,928.5,616.5,1000.0,0.0,0.0,0.5,-108.39999999999998,-1.2999999999999545,0.0,0.0,900.0,0.0,0.0,1.2979999999999678,409.0,1
2.698,1025.0,928.0,616.0,1025.5,928.5,616.5,0.0,0.0,0.0,0.5,-107.60000000000002,-0.7000000000000455,0.0,0.0,900.0,0.0,0.0,1.2989999999999677,409.0,1
2.699,1026.0,928.0,616.0,1025.5,928.5,616.5,1000.0,0.0,0.0,0.5,-107.60000000000002,-0.7000000000000455,0.0,0.0,900.0,0.0,0.0,1.2999999999999676,410.0,1
2.7,1027.0,928.0,616.0,1026.5,928.5,616.5,1000.0,0.0,0.0,0.5,-106.79999999999995,-0.10000000000002274,0.0,0.0,900.0,0.0,0.0,1.3009999999999675,411.0,1
2.701,1028.0,928.0,616.0,1027.5,928.5,616.5,1000.0,0.0,0.0,0.5,-106.0,0.5,0.0,0.0,900.0,0.0,0.0,1.3019999999999674,412.0,1
2.702,1028.0,928.0,616.0,1028.5,928.5,616.5,0.0,0.0,0.0,-0.5,-106.0,0.5,0.0,0.0,900.0,0.0,0.0,1.3029999999999673,412.0,1
2.703,1029.0,928.0,616.0,1028.5,928.5,616.5,1000.0,0.0,0.0,-0.5,-106.0,0.5,0.0,0.0,900.0,0.0,0.0,1.3039999999999672,413.0,1
2.704,1030.0,928.0,616.0,1029.5,928.5,616.5,1000.0,0.0,0.0,-1.5,-106.0,0.5,0.0,0.0,900.0,0.0,0.0,1.304999999999967,414.0,1
2.705,1031.0,928.0,616.0,1030.5,928.5,616.5,1000.0,0.0,0.0,-2.5,-106.0,0.5,0.0,0.0,900.0,0.0,0.0,1.305999999999967,415.0,1
2.706,1031.0,928.0,616.0,1031.5,928.5,616.5,0.0,0.0,0.0,-3.5,-106.0,0.5,0.0,0.0,900.0,0.0,0.0,1.3069999999999669,415.0,1
2.707,1032.0,928.0,616.0,1031.5,928.5,616.5,1000.0,0.0,0.0,-3.5,-106.0,0.5,0.0,0.0,900.0,0.0,0.0,1.3079999999999667,416.0,1
2.708,1033.0,928.0,616.0,1032.5,928.5,616.5,1000.0,0.0,0.0,-4.5,-106.0,0.5,0.0,0.0,900.0,0.0,0.0,1.3089999999999666,417.0,1
2.709,1033.0,928.0,616.0,1033.5,928.5,616.5,0.0,0.0,0.0,-5.5,-106.0,0.5,0.0,0.0,900.0,0.0,0.0,1.3099999999999665,417.0,1
2.71,1034.0,928.0,616.0,1033.5,928.5,616.5,1000.0,0.0,0.0,-5.5,-106.0,0.5,0.0,0.0,900.0,0.0,0.0,1.3109999999999664,418.0,1
2.711,1035.0,928.0,616.0,1034.5,928.5,616.5,1000.0,0.0,0.0,-6.5,-106.0,0.5,0.0,0.0,900.0,0.0,0.0,1.3119999999999663,419.0,1
2.712,1036.0,928.0,616.0,1035.5,928.5,616.5,1000.0,0.0,0.0,-7.5,-106.0,0.5,0.0,0.0,900.0,0.0,0.0,1.3129999999999662,420.0,1
2.713,1036.0,928.0,616.0,1036.5,928.5,616.5,0.0,0.0,0.0,-8.5,-106.0,0.5,0.0,0.0,900.0,0.0,0.0,1.313999999999966,420.0,1
2.714,1037.0,928.0,616.0,1036.5,928.5,616.5,1000.0,0.0,0.0,-8.5,-106.0,0.5,0.0,0.0,900.0,0.0,0.0,1.314999999999966,421.0,1
2.715,1038.0,928.0,616.0,1037.5,928.5,616.5,1000.0,0.0,0.0,-9.5,-106.0,0.5,0.0,0.0,900.0,0.0,0.0,1.3159999999999659,422.0,1
2.716,1038.0,928.0,616.0,1038.5,928.5,616.5,0.0,0.0,0.0,-10.5,-106.0,0.5,0.0,0.0,900.0,0.0,0.0,1.3169999999999658,422.0,1
2.717,1039.0,928.0,616.0,1038.5,928.5,616.5,1000.0,0.0,0.0,-10.5,-106.0,0.5,0.0,0.0,900.0,0.0,0.0,1.3179999999999656,423.0,1
2.718,1039.0,928.0,616.0,1039.5,928.5,616.5,0.0,0.0,0.0,-11.5,-106.0,0.5,0.0,0.0,900.0,0.0,0.0,1.3189999999999655,423.0,1
2.719,1039.0,928.0,616.0,1039.5,928.5,616.5,0.0,0.0,0.0,-11.5,-106.0,0.5,0.0,0.0,900.0,0.0,0.0,1.3199999999999654,423.0,1
2.72,1039.0,928.0,616.0,1039.5,928.5,616.5,0.0,0.0,0.0,-11.5,-106.0,0.5,0.0,0.0,900.0,0.0,0.0,1.3209999999999653,423.0,1
2.721,1039.0,928.0,616.0,1039.5,928.5,616.5,0.0,0.0,0.0,-11.5,-106.0,0.5,0.0,0.0,900.0,0.0,0.0,1.3219999999999652,423.0,1
2.722,1039.0,928.0,616.0,1039.5,928.5,616.5,0.0,0.0,0.0,-11.5,-106.0,0.5,0.0,0.0,900.0,0.0,0.0,1.322999999999965,423.0,1
2.723,1039.0,928.0,616.0,1039.5,928.5,616.5,0.0,0.0,0.0,-11.5,-106.0,0.5,0.0,0.0,900.0,0.0,0.0,1.323999999999965,423.0,1
2.724,1039.0,928.0,616.0,1039.5,928.5,616.5,0.0,0.0,0.0,-11.5,-106.0,0.5,0.0,0.0,900.0,0.0,0.0,1.3249999999999649,423.0,1
2.725,1039.0,928.0,616.0,1039.5,928.5,616.5,0.0,0.0,0.0,-11.5,-106.0,0.5,0.0,0.0,900.0,0.0,0.0,1.3259999999999648,423.0,1
2.726,1039.0,928.0,616.0,1039.5,928.5,616.5,0.0,0.0,0.0,-11.5,-106.0,0.5,0.0,0.0,900.0,0.0,0.0,1.3269999999999647,423.0,1
2.727,1039.0,928.0,616.0,1039.5,928.5,616.5,0.0,0.0,0.0,-11.5,-106.0,0.5,0.0,0.0,900.0,0.0,0.0,1.3279999999999645,423.0,1
2.728,1039.0,928.0,616.0,1039.5,928.5,616.5,0.0,0.0,0.0,-11.5,-106.0,0.5,0.0,0.0,900.0,0.0,0.0,1.3289999999999644,423.0,1
2.729,1039.0,928.0,616.0,1039.5,928.5,616.5,0.0,0.0,0.0,-11.5,-106.0,0.5,0.0,0.0,900.0,0.0,0.0,1.3299999999999643,423.0,1
2.73,1039.0,928.0,616.0,1039.5,928.5,616.5,0.0,0.0,0.0,-11.5,-106.0,0.5,0.0,0.0,900.0,0.0,0.0,1.3309999999999642,423.0,1
2.731,1039.0,928.0,616.0,1039.5,928.5,616.5,0.0,0.0,0.0,-11.5,-106.0,0.5,0.0,0.0,900.0,0.0,0.0,1.331999999999964,423.0,1
2.732,1039.0,928.0,616.0,1039.5,928.5,616.5,0.0,0.0,0.0,-11.5,-106.0,0.5,0.0,0.0,900.0,0.0,0.0,1.332999999999964,423.0,1
2.733,1039.0,928.0,616.0,1039.5,928.5,616.5,0.0,0.0,0.0,-11.5,-106.0,0.5,0.0,0.0,900.0,0.0,0.0,1.3339999999999639,423.0,1
2.734,1039.0,928.0,616.0,1039.5,928.5,616.5,0.0,0.0,0.0,-11.5,-106.0,0.5,0.0,0.0,900.0,0.0,0.0,1.3349999999999638,423.0,1
2.735,1039.0,928.0,616.0,1039.5,928.5,616.5,0.0,0.0,0.0,-11.5,-106.0,0.5,0.0,0.0,900.0,0.0,0.0,1.3359999999999637,423.0,1
2.736,1039.0,928.0,616.0,1039.5,928.5,616.5,0.0,0.0,0.0,-11.5,-106.0,0.5,0.0,0.0,900.0,0.0,0.0,1.3369999999999636,423.0,1
2.737,1039.0,928.0,616.0,1039.5,928.5,616.5,0.0,0.0,0.0,-11.5,-106.0,0.5,0.0,0.0,900.0,0.0,0.0,1.3379999999999634,423.0,1
2.738,1039.0,928.0,616.0,1039.5,928.5,616.5,0.0,0.0,0.0,-11.5,-106.0,0.5,0.0,0.0,900.0,0.0,0.0,1.3389999999999633,423.0,1
2.739,1039.0,928.0,616.0,1039.5,928.5,616.5,0.0,0.0,0.0,-11.5,-106.0,0.5,0.0,0.0,900.0,0.0,0.0,1.3399999999999632,423.0,1
2.74,1039.0,928.0,616.0,1039.5,928.5,616.5,0.0,0.0,0.0,-11.5,-106.0,0.5,0.0,0.0,900.0,0.0,0.0,1.340999999999963,423.0,1
2.741,1039.0,928.0,616.0,1039.5,928.5,616.5,0.0,0.0,0.0,-11.5,-106.0,0.5,0.0,0.0,900.0,0.0,0.0,1.341999999999963,423.0,1
2.742,1039.0,928.0,616.0,1039.5,928.5,616.5,0.0,0.0,0.0,-11.5,-106.0,0.5,0.0,0.0,900.0,0.0,0.0,1.342999999999963,423.0,1
2.743,1039.0,928.0,616.0,1039.5,928.5,616.5,0.0,0.0,0.0,-11.5,-106.0,0.5,0.0,0.0,900.0,0.0,0.0,1.3439999999999628,423.0,1
2.744,1039.0,928.0,616.0,1039.5,928.5,616.5,0.0,0.0,0.0,-11.5,-106.0,0.5,0.0,0.0,900.0,0.0,0.0,1.3449999999999627,423.0,1
2.745,1039.0,928.0,616.0,1039.5,928.5,616.5,0.0,0.0,0.0,-11.5,-106.0,0.5,0.0,0.0,900.0,0.0,0.0,1.3459999999999626,423.0,1
2.746,1039.0,928.0,616.0,1039.5,928.5,616.5,0.0,0.0,0.0,-11.5,-106.0,0.5,0.0,0.0,900.0,0.0,0.0,1.3469999999999624,423.0,1
2.747,1039.0,928.0,616.0,1039.5,928.5,616.5,0.0,0.0,0.0,-11.5,-106.0,0.5,0.0,0.0,900.0,0.0,0.0,1.3479999999999623,423.0,1
2.748,1039.0,928.0,616.0,1039.5,928.5,616.5,0.0,0.0,0.0,-11.5,-106.0,0.5,0.0,0.0,900.0,0.0,0.0,1.3489999999999622,423.0,1
2.749,1039.0,928.0,616.0,1039.5,928.5,616.5,0.0,0.0,0.0,-11.5,-106.0,0.5,0.0,0.0,900.0,0.0,0.0,1.3499999999999621,423.0,1
2.75,1039.0,928.0,616.0,1039.5,928.5,616.5,0.0,0.0,0.0,-11.5,-106.0,0.5,0.0,0.0,900.0,0.0,0.0,1.350999999999962,423.0,1
2.751,1039.0,928.0,616.0,1039.5,928.5,616.5,0.0,0.0,0.0,-11.5,-106.0,0.5,0.0,0.0,900.0,0.0,0.0,1.351999999999962,423.0,1
2.7520000000000002,1039.0,928.0,616.0,1039.5,928.5,616.5,0.0,0.0,0.0,-11.5,-106.0,0.5,0.0,0.0,900.0,0.0,0.0,1.3529999999999618,423.0,1
2.753,1039.0,928.0,616.0,1039.5,928.5,616.5,0.0,0.0,0.0,-11.5,-106.0,0.5,0.0,0.0,900.0,0.0,0.0,1.3539999999999617,423.0,1
2.754,1039.0,928.0,616.0,1039.5,928.5,616.5,0.0,0.0,0.0,-11.5,-106.0,0.5,0.0,0.0,900.0,0.0,0.0,1.3549999999999616,423.0,1
2.755,1039.0,928.0,616.0,1039.5,928.5,616.5,0.0,0.0,0.0,-11.5,-106.0,0.5,0.0,0.0,900.0,0.0,0.0,1.3559999999999615,423.0,1
2.7560000000000002,1039.0,928.0,616.0,1039.5,928.5,616.5,0.0,0.0,0.0,-11.5,-106.0,0.5,0.0,0.0,900.0,0.0,0.0,1.3569999999999613,423.0,1
2.757,1039.0,928.0,616.0,1039.5,928.5,616.5,0.0,0.0,0.0,-11.5,-106.0,0.5,0.0,0.0,900.0,0.0,0.0,1.3579999999999612,423.0,1
2.758,1039.0,928.0,616.0,1039.5,928.5,616.5,0.0,0.0,0.0,-11.5,-106.0,0.5,0.0,0.0,900.0,0.0,0.0,1.3589999999999611,423.0,1
2.759,1039.0,928.0,616.0,1039.5,928.5,616.5,0.0,0.0,0.0,-11.5,-106.0,0.5,0.0,0.0,900.0,0.0,0.0,1.359999999999961,423.0,1
2.7600000000000002,1039.0,928.0,616.0,1039.5,928.5,616.5,0.0,0.0,0.0,-11.5,-106.0,0.5,0.0,0.0,900.0,0.0,0.0,1.360999999999961,423.0,1
2.761,1039.0,928.0,616.0,1039.5,928.5,616.5,0.0,0.0,0.0,-11.5,-106.0,0.5,0.0,0.0,900.0,0.0,0.0,1.3619999999999608,423.0,1
2.762,1039.0,928.0,616.0,1039.5,928.5,616.5,0.0,0.0,0.0,-11.5,-106.0,0.5,0.0,0.0,900.0,0.0,0.0,1.3629999999999607,423.0,1
2.763,1039.0,928.0,616.0,1039.5,928.5,616.5,0.0,0.0,0.0,-11.5,-106.0,0.5,0.0,0.0,900.0,0.0,0.0,1.3639999999999606,423.0,1
2.7640000000000002,1039.0,928.0,616.0,1039.5,928.5,616.5,0.0,0.0,0.0,-11.5,-106.0,0.5,0.0,0.0,900.0,0.0,0.0,1.3649999999999605,423.0,1
2.765,1039.0,928.0,616.0,1039.5,928.5,616.5,0.0,0.0,0.0,-11.5,-106.0,0.5,0.0,0.0,900.0,0.0,0.0,1.3659999999999604,423.0,1
2.766,1039.0,928.0,616.0,1039.5,928.5,616.5,0.0,0.0,0.0,-11.5,-106.0,0.5,0.0,0.0,900.0,0.0,0.0,1.3669999999999602,423.0,1
2.767,1039.0,928.0,616.0,1039.5,928.5,616.5,0.0,0.0,0.0,-11.5,-106.0,0.5,0.0,0.0,900.0,0.0,0.0,1.3679999999999601,423.0,1
2.7680000000000002,1039.0,928.0,616.0,1039.5,928.5,616.5,0.0,0.0,0.0,-11.5,-106.0,0.5,0.0,0.0,900.0,0.0,0.0,1.36899999999996,423.0,1
2.769,1039.0,928.0,616.0,1039.5,928.5,616.5,0.0,0.0,0.0,-11.5,-106.0,0.5,0.0,0.0,900.0,0.0,0.0,1.36999999999996,423.0,1
2.77,1039.0,928.0,616.0,1039.5,928.5,616.5,0.0,0.0,0.0,-11.5,-106.0,0.5,0.0,0.0,900.0,0.0,0.0,1.3709999999999598,423.0,1
2.771,1039.0,928.0,616.0,1039.5,928.5,616.5,0.0,0.0,0.0,-11.5,-106.0,0.5,0.0,0.0,900.0,0.0,0.0,1.3719999999999597,423.0,1
2.7720000000000002,1039.0,928.0,616.0,1039.5,928.5,616.5,0.0,0.0,0.0,-11.5,-106.0,0.5,0.0,0.0,900.0,0.0,0.0,1.3729999999999596,423.0,1
2.773,1039.0,928.0,616.0,1039.5,928.5,616.5,0.0,0.0,0.0,-11.5,-106.0,0.5,0.0,0.0,900.0,0.0,0.0,1.3739999999999595,423.0,1
2.774,1039.0,928.0,616.0,1039.5,928.5,616.5,0.0,0.0,0.0,-11.5,-106.0,0.5,0.0,0.0,900.0,0.0,0.0,1.3749999999999594,423.0,1
2.775,1039.0,928.0,616.0,1039.5,928.5,616.5,0.0,0.0,0.0,-11.5,-106.0,0.5,0.0,0.0,900.0,0.0,0.0,1.3759999999999593,423.0,1
2.7760000000000002,1039.0,928.0,616.0,1039.5,928.5,616.5,0.0,0.0,0.0,-11.5,-106.0,0.5,0.0,0.0,900.0,0.0,0.0,1.3769999999999591,423.0,1
2.777,1039.0,928.0,616.0,1039.5,928.5,616.5,0.0,0.0,0.0,-11.5,-106.0,0.5,0.0,0.0,900.0,0.0,0.0,1.377999999999959,423.0,1
2.778,1039.0,928.0,616.0,1039.5,928.5,616.5,0.0,0.0,0.0,-11.5,-106.0,0.5,0.0,0.0,900.0,0.0,0.0,1.378999999999959,423.0,1
2.779,1039.0,928.0,616.0,1039.5,928.5,616.5,0.0,0.0,0.0,-11.5,-106.0,0.5,0.0,0.0,900.0,0.0,0.0,1.3799999999999588,423.0,1
2.7800000000000002,1039.0,928.0,616.0,1039.5,928.5,616.5,0.0,0.0,0.0,-11.5,-106.0,0.5,0.0,0.0,900.0,0.0,0.0,1.3809999999999587,423.0,1
2.781,1039.0,928.0,616.0,1039.5,928.5,616.5,0.0,0.0,0.0,-11.5,-106.0,0.5,0.0,0.0,900.0,0.0,0.0,1.3819999999999586,423.0,1
2.782,1039.0,928.0,616.0,1039.5,928.5,616.5,0.0,0.0,0.0,-11.5,-106.0,0.5,0.0,0.0,900.0,0.0,0.0,1.3829999999999585,423.0,1
2.783,1039.0,928.0,616.0,1039.5,928.5,616.5,0.0,0.0,0.0,-11.5,-106.0,0.5,0.0,0.0,900.0,0.0,0.0,1.3839999999999584,423.0,1
2.7840000000000003,1039.0,928.0,616.0,1039.5,928.5,616.5,0.0,0.0,0.0,-11.5,-106.0,0.5,0.0,0.0,900.0,0.0,0.0,1.3849999999999583,423.0,1
2.785,1039.0,928.0,616.0,1039.5,928.5,616.5,0.0,0.0,0.0,-11.5,-106.0,0.5,0.0,0.0,900.0,0.0,0.0,1.3859999999999582,423.0,1
2.786,1039.0,928.0,616.0,1039.5,928.5,616.5,0.0,0.0,0.0,-11.5,-106.0,0.5,0.0,0.0,900.0,0.0,0.0,1.386999999999958,423.0,1
2.787,1039.0,928.0,616.0,1039.5,928.5,616.5,0.0,0.0,0.0,-11.5,-106.0,0.5,0.0,0.0,900.0,0.0,0.0,1.387999999999958,423.0,1
2.7880000000000003,1039.0,928.0,616.0,1039.5,928.5,616.5,0.0,0.0,0.0,-11.5,-106.0,0.5,0.0,0.0,900.0,0.0,0.0,1.3889999999999578,423.0,1
2.789,1039.0,928.0,616.0,1039.5,928.5,616.5,0.0,0.0,0.0,-11.5,-106.0,0.5,0.0,0.0,900.0,0.0,0.0,1.3899999999999577,423.0,1
2.79,1039.0,928.0,616.0,1039.5,928.5,616.5,0.0,0.0,0.0,-11.5,-106.0,0.5,0.0,0.0,900.0,0.0,0.0,1.3909999999999576,423.0,1
2.791,1039.0,928.0,616.0,1039.5,928.5,616.5,0.0,0.0,0.0,-11.5,-106.0,0.5,0.0,0.0,900.0,0.0,0.0,1.3919999999999575,423.0,1
2.7920000000000003,1039.0,928.0,616.0,1039.5,928.5,616.5,0.0,0.0,0.0,-11.5,-106.0,0.5,0.0,0.0,900.0,0.0,0.0,1.3929999999999574,423.0,1
2.793,1039.0,928.0,616.0,1039.5,928.5,616.5,0.0,0.0,0.0,-11.5,-106.0,0.5,0.0,0.0,900.0,0.0,0.0,1.3939999999999573,423.0,1
2.794,1039.0,928.0,616.0,1039.5,928.5,616.5,0.0,0.0,0.0,-11.5,-106.0,0.5,0.0,0.0,900.0,0.0,0.0,1.3949999999999572,423.0,1
2.795,1039.0,928.0,616.0,1039.5,928.5,616.5,0.0,0.0,0.0,-11.5,-106.0,0.5,0.0,0.0,900.0,0.0,0.0,1.395999999999957,423.0,1
2.7960000000000003,1039.0,928.0,616.0,1039.5,928.5,616.5,0.0,0.0,0.0,-11.5,-106.0,0.5,0.0,0.0,900.0,0.0,0.0,1.396999999999957,423.0,1
2.797,1039.0,928.0,616.0,1039.5,928.5,616.5,0.0,0.0,0.0,-11.5,-106.0,0.5,0.0,0.0,900.0,0.0,0.0,1.3979999999999568,423.0,1
2.798,1039.0,928.0,616.0,1039.5,928.5,616.5,0.0,0.0,0.0,-11.5,-106.0,0.5,0.0,0.0,900.0,0.0,0.0,1.3989999999999567,423.0,1
2.799,1039.0,928.0,616.0,1039.5,928.5,616.5,0.0,0.0,0.0,-11.5,-106.0,0.5,0.0,0.0,900.0,0.0,0.0,1.3999999999999566,423.0,1
2.8000000000000003,1039.0,928.0,616.0,1039.5,928.5,616.5,0.0,0.0,0.0,-11.5,-106.0,0.5,0.0,0.0,900.0,0.0,0.0,1.4009999999999565,423.0,1
2.801,1039.0,928.0,616.0,1039.5,928.5,616.5,0.0,0.0,0.0,-11.5,-106.0,0.5,0.0,0.0,900.0,0.0,0.0,1.4019999999999564,423.0,1
2.802,1039.0,928.0,616.0,1039.5,928.5,616.5,0.0,0.0,0.0,-11.5,-106.0,0.5,0.0,0.0,900.0,0.0,0.0,1.4029999999999563,423.0,1
2.803,1039.0,928.0,616.0,1039.5,928.5,616.5,0.0,0.0,0.0,-11.5,-106.0,0.5,0.0,0.0,900.0,0.0,0.0,1.4039999999999562,423.0,1
2.8040000000000003,1039.0,928.0,616.0,1039.5,928.5,616.5,0.0,0.0,0.0,-11.5,-106.0,0.5,0.0,0.0,900.0,0.0,0.0,1.404999999999956,423.0,1
2.805,1039.0,928.0,616.0,1039.5,928.5,616.5,0.0,0.0,0.0,-11.5,-106.0,0.5,0.0,0.0,900.0,0.0,0.0,1.405999999999956,423.0,1
2.806,1039.0,928.0,616.0,1039.5,928.5,616.5,0.0,0.0,0.0,-11.5,-106.0,0.5,0.0,0.0,900.0,0.0,0.0,1.4069999999999558,423.0,1
2.807,1039.0,928.0,616.0,1039.5,928.5,616.5,0.0,0.0,0.0,-11.5,-106.0,0.5,0.0,0.0,900.0,0.0,0.0,1.4079999999999557,423.0,1
2.8080000000000003,1039.0,928.0,616.0,1039.5,928.5,616.5,0.0,0.0,0.0,-11.5,-106.0,0.5,0.0,0.0,900.0,0.0,0.0,1.4089999999999556,423.0,1
2.809,1039.0,928.0,616.0,1039.5,928.5,616.5,0.0,0.0,0.0,-11.5,-106.0,0.5,0.0,0.0,900.0,0.0,0.0,1.4099999999999555,423.0,1
2.81,1039.0,928.0,616.0,1039.5,928.5,616.5,0.0,0.0,0.0,-11.5,-106.0,0.5,0.0,0.0,900.0,0.0,0.0,1.4109999999999554,423.0,1
2.811,1039.0,928.0,616.0,1039.5,928.5,616.5,0.0,0.0,0.0,-11.5,-106.0,0.5,0.0,0.0,900.0,0.0,0.0,1.4119999999999553,423.0,1
2.8120000000000003,1039.0,928.0,616.0,1039.5,928.5,616.5,0.0,0.0,0.0,-11.5,-106.0,0.5,0.0,0.0,900.0,0.0,0.0,1.4129999999999552,423.0,1
2.813,1039.0,928.0,616.0,1039.5,928.5,616.5,0.0,0.0,0.0,-11.5,-106.0,0.5,0.0,0.0,900.0,0.0,0.0,1.413999999999955,423.0,1
2.814,1039.0,928.0,616.0,1039.5,928.5,616.5,0.0,0.0,0.0,-11.5,-106.0,0.5,0.0,0.0,900.0,0.0,0.0,1.414999999999955,423.0,1
2.815,1039.0,928.0,616.0,1039.5,928.5,616.5,0.0,0.0,0.0,-11.5,-106.0,0.5,0.0,0.0,900.0,0.0,0.0,1.4159999999999549,423.0,1
2.816,1039.0,928.0,616.0,1039.5,928.5,616.5,0.0,0.0,0.0,-11.5,-106.0,0.5,0.0,0.0,900.0,0.0,0.0,1.4169999999999547,423.0,1
2.817,1039.0,928.0,616.0,1039.5,928.5,616.5,0.0,0.0,0.0,-11.5,-106.0,0.5,0.0,0.0,900.0,0.0,0.0,1.4179999999999546,423.0,1
2.818,1039.0,928.0,616.0,1039.5,928.5,616.5,0.0,0.0,0.0,-11.5,-106.0,0.5,0.0,0.0,900.0,0.0,0.0,1.4189999999999545,423.0,1
2.819,1039.0,928.0,616.0,1039.5,928.5,616.5,0.0,0.0,0.0,-11.5,-106.0,0.5,0.0,0.0,900.0,0.0,0.0,1.4199999999999544,423.0,1
2.82,1039.0,928.0,616.0,1039.5,928.5,616.5,0.0,0.0,0.0,-11.5,-106.0,0.5,0.0,0.0,900.0,0.0,0.0,1.4209999999999543,423.0,1
2.821,1039.0,928.0,616.0,1039.5,928.5,616.5,0.0,0.0,0.0,-11.5,-106.0,0.5,0.0,0.0,900.0,0.0,0.0,1.4219999999999542,423.0,1
2.822,1039.0,928.0,616.0,1039.5,928.5,616.5,0.0,0.0,0.0,-11.5,-106.0,0.5,0.0,0.0,900.0,0.0,0.0,1.422999999999954,423.0,1
2.823,1039.0,928.0,616.0,1039.5,928.5,616.5,0.0,0.0,0.0,-11.5,-106.0,0.5,0.0,0.0,900.0,0.0,0.0,1.423999999999954,423.0,1
2.824,1039.0,928.0,616.0,1039.5,928.5,616.5,0.0,0.0,0.0,-11.5,-106.0,0.5,0.0,0.0,900.0,0.0,0.0,1.4249999999999539,423.0,1
2.825,1039.0,928.0,616.0,1039.5,928.5,616.5,0.0,0.0,0.0,-11.5,-106.0,0.5,0.0,0.0,900.0,0.0,0.0,1.4259999999999537,423.0,1
2.826,1039.0,928.0,616.0,1039.5,928.5,616.5,0.0,0.0,0.0,-11.5,-106.0,0.5,0.0,0.0,900.0,0.0,0.0,1.4269999999999536,423.0,1
2.827,1039.0,928.0,616.0,1039.5,928.5,616.5,0.0,0.0,0.0,-11.5,-106.0,0.5,0.0,0.0,900.0,0.0,0.0,1.4279999999999535,423.0,1
2.828,1039.0,928.0,616.0,1039.5,928.5,616.5,0.0,0.0,0.0,-11.5,-106.0,0.5,0.0,0.0,900.0,0.0,0.0,1.4289999999999534,423.0,1
2.829,1039.0,928.0,616.0,1039.5,928.5,616.5,0.0,0.0,0.0,-11.5,-106.0,0.5,0.0,0.0,900.0,0.0,0.0,1.4299999999999533,423.0,1
2.83,1039.0,928.0,616.0,1039.5,928.5,616.5,0.0,0.0,0.0,-11.5,-106.0,0.5,0.0,0.0,900.0,0.0,0.0,1.4309999999999532,423.0,1
2.831,1039.0,928.0,616.0,1039.5,928.5,616.5,0.0,0.0,0.0,-11.5,-106.0,0.5,0.0,0.0,900.0,0.0,0.0,1.431999999999953,423.0,1
2.832,1039.0,928.0,616.0,1039.5,928.5,616.5,0.0,0.0,0.0,-11.5,-106.0,0.5,0.0,0.0,900.0,0.0,0.0,1.432999999999953,423.0,1
2.833,1039.0,928.0,616.0,1039.5,928.5,616.5,0.0,0.0,0.0,-11.5,-106.0,0.5,0.0,0.0,900.0,0.0,0.0,1.4339999999999529,423.0,1
2.834,1039.0,928.0,616.0,1039.5,928.5,616.5,0.0,0.0,0.0,-11.5,-106.0,0.5,0.0,0.0,900.0,0.0,0.0,1.4349999999999528,423.0,1
2.835,1039.0,928.0,616.0,1039.5,928.5,616.5,0.0,0.0,0.0,-11.5,-106.0,0.5,0.0,0.0,900.0,0.0,0.0,1.4359999999999526,423.0,1
2.836,1039.0,928.0,616.0,1039.5,928.5,616.5,0.0,0.0,0.0,-11.5,-106.0,0.5,0.0,0.0,900.0,0.0,0.0,1.4369999999999525,423.0,1
2.837,1039.0,928.0,616.0,1039.5,928.5,616.5,0.0,0.0,0.0,-11.5,-106.0,0.5,0.0,0.0,900.0,0.0,0.0,1.4379999999999524,423.0,1
2.838,1039.0,928.0,616.0,1039.5,928.5,616.5,0.0,0.0,0.0,-11.5,-106.0,0.5,0.0,0.0,900.0,0.0,0.0,1.4389999999999523,423.0,1
2.839,1039.0,928.0,616.0,1039.5,928.5,616.5,0.0,0.0,0.0,-11.5,-106.0,0.5,0.0,0.0,900.0,0.0,0.0,1.4399999999999522,423.0,1
2.84,1039.0,928.0,616.0,1039.5,928.5,616.5,0.0,0.0,0.0,-11.5,-106.0,0.5,0.0,0.0,900.0,0.0,0.0,1.440999999999952,423.0,1
2.841,1039.0,928.0,616.0,1039.5,928.5,616.5,0.0,0.0,0.0,-11.5,-106.0,0.5,0.0,0.0,900.0,0.0,0.0,1.441999999999952,423.0,1
2.842,1039.0,928.0,616.0,1039.5,928.5,616.5,0.0,0.0,0.0,-11.5,-106.0,0.5,0.0,0.0,900.0,0.0,0.0,1.4429999999999519,423.0,1
2.843,1039.0,928.0,616.0,1039.5,928.5,616.5,0.0,0.0,0.0,-11.5,-106.0,0.5,0.0,0.0,900.0,0.0,0.0,1.4439999999999518,423.0,1
2.844,1039.0,928.0,616.0,1039.5,928.5,616.5,0.0,0.0,0.0,-11.5,-106.0,0.5,0.0,0.0,900.0,0.0,0.0,1.4449999999999517,423.0,1
2.845,1039.0,928.0,616.0,1039.5,928.5,616.5,0.0,0.0,0.0,-11.5,-106.0,0.5,0.0,0.0,900.0,0.0,0.0,1.4459999999999515,423.0,1
2.846,1039.0,928.0,616.0,1039.5,928.5,616.5,0.0,0.0,0.0,-11.5,-106.0,0.5,0.0,0.0,900.0,0.0,0.0,1.4469999999999514,423.0,1
2.847,1039.0,928.0,616.0,1039.5,928.5,616.5,0.0,0.0,0.0,-11.5,-106.0,0.5,0.0,0.0,900.0,0.0,0.0,1.4479999999999513,423.0,1
2.848,1039.0,928.0,616.0,1039.5,928.5,616.5,0.0,0.0,0.0,-11.5,-106.0,0.5,0.0,0.0,900.0,0.0,0.0,1.4489999999999512,423.0,1
2.849,1039.0,928.0,616.0,1039.5,928.5,616.5,0.0,0.0,0.0,-11.5,-106.0,0.5,0.0,0.0,900.0,0.0,0.0,1.449999999999951,423.0,1
2.85,1039.0,928.0,616.0,1039.5,928.5,616.5,0.0,0.0,0.0,-11.5,-106.0,0.5,0.0,0.0,900.0,0.0,0.0,1.450999999999951,423.0,1
2.851,1039.0,928.0,616.0,1039.5,928.5,616.5,0.0,0.0,0.0,-11.5,-106.0,0.5,0.0,0.0,900.0,0.0,0.0,1.4519999999999509,423.0,1
2.852,1039.0,928.0,616.0,1039.5,928.5,616.5,0.0,0.0,0.0,-11.5,-106.0,0.5,0.0,0.0,900.0,0.0,0.0,1.4529999999999508,423.0,1
2.853,1039.0,928.0,616.0,1039.5,928.5,616.5,0.0,0.0,0.0,-11.5,-106.0,0.5,0.0,0.0,900.0,0.0,0.0,1.4539999999999507,423.0,1
2.854,1039.0,928.0,616.0,1039.5,928.5,616.5,0.0,0.0,0.0,-11.5,-106.0,0.5,0.0,0.0,900.0,0.0,0.0,1.4549999999999506,423.0,1
2.855,1039.0,928.0,616.0,1039.5,928.5,616.5,0.0,0.0,0.0,-11.5,-106.0,0.5,0.0,0.0,900.0,0.0,0.0,1.4559999999999504,423.0,1
2.856,1039.0,928.0,616.0,1039.5,928.5,616.5,0.0,0.0,0.0,-11.5,-106.0,0.5,0.0,0.0,900.0,0.0,0.0,1.4569999999999503,423.0,1
2.857,1039.0,928.0,616.0,1039.5,928.5,616.5,0.0,0.0,0.0,-11.5,-106.0,0.5,0.0,0.0,900.0,0.0,0.0,1.4579999999999502,423.0,1
2.858,1039.0,928.0,616.0,1039.5,928.5,616.5,0.0,0.0,0.0,-11.5,-106.0,0.5,0.0,0.0,900.0,0.0,0.0,1.4589999999999501,423.0,1
2.859,1039.0,928.0,616.0,1039.5,928.5,616.5,0.0,0.0,0.0,-11.5,-106.0,0.5,0.0,0.0,900.0,0.0,0.0,1.45999999999995,423.0,1
2.86,1039.0,928.0,616.0,1039.5,928.5,616.5,0.0,0.0,0.0,-11.5,-106.0,0.5,0.0,0.0,900.0,0.0,0.0,1.46099999999995,423.0,1
2.861,1039.0,928.0,616.0,1039.5,928.5,616.5,0.0,0.0,0.0,-11.5,-106.0,0.5,0.0,0.0,900.0,0.0,0.0,1.4619999999999498,423.0,1
2.862,1039.0,928.0,616.0,1039.5,928.5,616.5,0.0,0.0,0.0,-11.5,-106.0,0.5,0.0,0.0,900.0,0.0,0.0,1.4629999999999497,423.0,1
2.863,1039.0,928.0,616.0,1039.5,928.5,616.5,0.0,0.0,0.0,-11.5,-106.0,0.5,0.0,0.0,900.0,0.0,0.0,1.4639999999999496,423.0,1
2.864,1039.0,928.0,616.0,1039.5,928.5,616.5,0.0,0.0,0.0,-11.5,-106.0,0.5,0.0,0.0,900.0,0.0,0.0,1.4649999999999495,423.0,1
2.865,1039.0,928.0,616.0,1039.5,928.5,616.5,0.0,0.0,0.0,-11.5,-106.0,0.5,0.0,0.0,900.0,0.0,0.0,1.4659999999999493,423.0,1
2.866,1039.0,928.0,616.0,1039.5,928.5,616.5,0.0,0.0,0.0,-11.5,-106.0,0.5,0.0,0.0,900.0,0.0,0.0,1.4669999999999492,423.0,1
2.867,1039.0,928.0,616.0,1039.5,928.5,616.5,0.0,0.0,0.0,-11.5,-106.0,0.5,0.0,0.0,900.0,0.0,0.0,1.4679999999999491,423.0,1
2.868,1039.0,928.0,616.0,1039.5,928.5,616.5,0.0,0.0,0.0,-11.5,-106.0,0.5,0.0,0.0,900.0,0.0,0.0,1.468999999999949,423.0,1
2.869,1039.0,928.0,616.0,1039.5,928.5,616.5,0.0,0.0,0.0,-11.5,-106.0,0.5,0.0,0.0,900.0,0.0,0.0,1.469999999999949,423.0,1
2.87,1039.0,928.0,616.0,1039.5,928.5,616.5,0.0,0.0,0.0,-11.5,-106.0,0.5,0.0,0.0,900.0,0.0,0.0,1.4709999999999488,423.0,1
2.871,1039.0,928.0,616.0,1039.5,928.5,616.5,0.0,0.0,0.0,-11.5,-106.0,0.5,0.0,0.0,900.0,0.0,0.0,1.4719999999999487,423.0,1
2.872,1039.0,928.0,616.0,1039.5,928.5,616.5,0.0,0.0,0.0,-11.5,-106.0,0.5,0.0,0.0,900.0,0.0,0.0,1.4729999999999486,423.0,1
2.873,1039.0,928.0,616.0,1039.5,928.5,616.5,0.0,0.0,0.0,-11.5,-106.0,0.5,0.0,0.0,900.0,0.0,0.0,1.4739999999999485,423.0,1
2.874,1039.0,928.0,616.0,1039.5,928.5,616.5,0.0,0.0,0.0,-11.5,-106.0,0.5,0.0,0.0,900.0,0.0,0.0,1.4749999999999484,423.0,1
2.875,1039.0,928.0,616.0,1039.5,928.5,616.5,0.0,0.0,0.0,-11.5,-106.0,0.5,0.0,0.0,900.0,0.0,0.0,1.4759999999999482,423.0,1
2.876,1039.0,928.0,616.0,1039.5,928.5,616.5,0.0,0.0,0.0,-11.5,-106.0,0.5,0.0,0.0,900.0,0.0,0.0,1.4769999999999481,423.0,1
2.8770000000000002,1039.0,928.0,616.0,1039.5,928.5,616.5,0.0,0.0,0.0,-11.5,-106.0,0.5,0.0,0.0,900.0,0.0,0.0,1.477999999999948,423.0,1
2.878,1039.0,928.0,616.0,1039.5,928.5,616.5,0.0,0.0,0.0,-11.5,-106.0,0.5,0.0,0.0,900.0,0.0,0.0,1.478999999999948,423.0,1
2.879,1039.0,928.0,616.0,1039.5,928.5,616.5,0.0,0.0,0.0,-11.5,-106.0,0.5,0.0,0.0,900.0,0.0,0.0,1.4799999999999478,423.0,1
2.88,1039.0,928.0,616.0,1039.5,928.5,616.5,0.0,0.0,0.0,-11.5,-106.0,0.5,0.0,0.0,900.0,0.0,0.0,1.4809999999999477,423.0,1
2.8810000000000002,1039.0,928.0,616.0,1039.5,928.5,616.5,0.0,0.0,0.0,-11.5,-106.0,0.5,0.0,0.0,900.0,0.0,0.0,1.4819999999999476,423.0,1
2.882,1039.0,928.0,616.0,1039.5,928.5,616.5,0.0,0.0,0.0,-11.5,-106.0,0.5,0.0,0.0,900.0,0.0,0.0,1.4829999999999475,423.0,1
2.883,1039.0,928.0,616.0,1039.5,928.5,616.5,0.0,0.0,0.0,-11.5,-106.0,0.5,0.0,0.0,900.0,0.0,0.0,1.4839999999999474,423.0,1
2.884,1039.0,928.0,616.0,1039.5,928.5,616.5,0.0,0.0,0.0,-11.5,-106.0,0.5,0.0,0.0,900.0,0.0,0.0,1.4849999999999473,423.0,1
2.8850000000000002,1039.0,928.0,616.0,1039.5,928.5,616.5,0.0,0.0,0.0,-11.5,-106.0,0.5,0.0,0.0,900.0,0.0,0.0,1.4859999999999471,423.0,1
2.886,1039.0,928.0,616.0,1039.5,928.5,616.5,0.0,0.0,0.0,-11.5,-106.0,0.5,0.0,0.0,900.0,0.0,0.0,1.486999999999947,423.0,1
2.887,1039.0,928.0,616.0,1039.5,928.5,616.5,0.0,0.0,0.0,-11.5,-106.0,0.5,0.0,0.0,900.0,0.0,0.0,1.487999999999947,423.0,1
2.888,1039.0,928.0,616.0,1039.5,928.5,616.5,0.0,0.0,0.0,-11.5,-106.0,0.5,0.0,0.0,900.0,0.0,0.0,1.4889999999999468,423.0,1
2.8890000000000002,1039.0,928.0,616.0,1039.5,928.5,616.5,0.0,0.0,0.0,-11.5,-106.0,0.5,0.0,0.0,900.0,0.0,0.0,1.4899999999999467,423.0,1
2.89,1039.0,928.0,616.0,1039.5,928.5,616.5,0.0,0.0,0.0,-11.5,-106.0,0.5,0.0,0.0,900.0,0.0,0.0,1.4909999999999466,423.0,1
2.891,1039.0,928.0,616.0,1039.5,928.5,616.5,0.0,0.0,0.0,-11.5,-106.0,0.5,0.0,0.0,900.0,0.0,0.0,1.4919999999999465,423.0,1
2.892,1039.0,928.0,616.0,1039.5,928.5,616.5,0.0,0.0,0.0,-11.5,-106.0,0.5,0.0,0.0,900.0,0.0,0.0,1.4929999999999464,423.0,1
2.8930000000000002,1039.0,928.0,616.0,1039.5,928.5,616.5,0.0,0.0,0.0,-11.5,-106.0,0.5,0.0,0.0,900.0,0.0,0.0,1.4939999999999463,423.0,1
2.894,1039.0,928.0,616.0,1039.5,928.5,616.5,0.0,0.0,0.0,-11.5,-106.0,0.5,0.0,0.0,900.0,0.0,0.0,1.4949999999999461,423.0,1
2.895,1039.0,928.0,616.0,1039.5,928.5,616.5,0.0,0.0,0.0,-11.5,-106.0,0.5,0.0,0.0,900.0,0.0,0.0,1.495999999999946,423.0,1
2.896,1039.0,928.0,616.0,1039.5,928.5,616.5,0.0,0.0,0.0,-11.5,-106.0,0.5,0.0,0.0,900.0,0.0,0.0,1.496999999999946,423.0,1
2.8970000000000002,1039.0,928.0,616.0,1039.5,928.5,616.5,0.0,0.0,0.0,-11.5,-106.0,0.5,0.0,0.0,900.0,0.0,0.0,1.4979999999999458,423.0,1
2.898,1039.0,928.0,616.0,1039.5,928.5,616.5,0.0,0.0,0.0,-11.5,-106.0,0.5,0.0,0.0,900.0,0.0,0.0,1.4989999999999457,423.0,1
2.899,1039.0,928.0,616.0,1039.5,928.5,616.5,0.0,0.0,0.0,-11.5,-106.0,0.5,0.0,0.0,900.0,0.0,0.0,1.4999999999999456,423.0,1
2.9,1039.0,928.0,616.0,1039.5,928.5,616.5,0.0,0.0,0.0,-11.5,-106.0,0.5,0.0,0.0,900.0,0.0,0.0,1.5009999999999455,423.0,1
2.9010000000000002,1039.0,928.0,616.0,1039.5,928.5,616.5,0.0,0.0,0.0,-11.5,-106.0,0.5,0.0,0.0,900.0,0.0,0.0,1.5019999999999454,423.0,1
2.902,1039.0,928.0,616.0,1039.5,928.5,616.5,0.0,0.0,0.0,-11.5,-106.0,0.5,0.0,0.0,900.0,0.0,0.0,1.5029999999999453,423.0,1
2.903,1039.0,928.0,616.0,1039.5,928.5,616.5,0.0,0.0,0.0,-11.5,-106.0,0.5,0.0,0.0,900.0,0.0,0.0,1.5039999999999452,423.0,1
2.904,1039.0,928.0,616.0,1039.5,928.5,616.5,0.0,0.0,0.0,-11.5,-106.0,0.5,0.0,0.0,900.0,0.0,0.0,1.504999999999945,423.0,1
2.9050000000000002,1039.0,928.0,616.0,1039.5,928.5,616.5,0.0,0.0,0.0,-11.5,-106.0,0.5,0.0,0.0,900.0,0.0,0.0,1.505999999999945,423.0,1
2.906,1039.0,928.0,616.0,1039.5,928.5,616.5,0.0,0.0,0.0,-11.5,-106.0,0.5,0.0,0.0,900.0,0.0,0.0,1.5069999999999448,423.0,1
2.907,1039.0,928.0,616.0,1039.5,928.5,616.5,0.0,0.0,0.0,-11.5,-106.0,0.5,0.0,0.0,900.0,0.0,0.0,1.5079999999999447,423.0,1
2.908,1039.0,928.0,616.0,1039.5,928.5,616.5,0.0,0.0,0.0,-11.5,-106.0,0.5,0.0,0.0,900.0,0.0,0.0,1.5089999999999446,423.0,1
2.9090000000000003,1039.0,928.0,616.0,1039.5,928.5,616.5,0.0,0.0,0.0,-11.5,-106.0,0.5,0.0,0.0,900.0,0.0,0.0,1.5099999999999445,423.0,1
2.91,1039.0,928.0,616.0,1039.5,928.5,616.5,0.0,0.0,0.0,-11.5,-106.0,0.5,0.0,0.0,900.0,0.0,0.0,1.5109999999999444,423.0,1
2.911,1039.0,928.0,616.0,1039.5,928.5,616.5,0.0,0.0,0.0,-11.5,-106.0,0.5,0.0,0.0,900.0,0.0,0.0,1.5119999999999443,423.0,1
2.912,1039.0,928.0,616.0,1039.5,928.5,616.5,0.0,0.0,0.0,-11.5,-106.0,0.5,0.0,0.0,900.0,0.0,0.0,1.5129999999999442,423.0,1
2.9130000000000003,1039.0,928.0,616.0,1039.5,928.5,616.5,0.0,0.0,0.0,-11.5,-106.0,0.5,0.0,0.0,900.0,0.0,0.0,1.513999999999944,423.0,1
2.914,1039.0,928.0,616.0,1039.5,928.5,616.5,0.0,0.0,0.0,-11.5,-106.0,0.5,0.0,0.0,900.0,0.0,0.0,1.514999999999944,423.0,1
2.915,1039.0,928.0,616.0,1039.5,928.5,616.5,0.0,0.0,0.0,-11.5,-106.0,0.5,0.0,0.0,900.0,0.0,0.0,1.5159999999999438,423.0,1
2.916,1039.0,928.0,616.0,1039.5,928.5,616.5,0.0,0.0,0.0,-11.5,-106.0,0.5,0.0,0.0,900.0,0.0,0.0,1.5169999999999437,423.0,1
2.9170000000000003,1039.0,928.0,616.0,1039.5,928.5,616.5,0.0,0.0,0.0,-11.5,-106.0,0.5,0.0,0.0,900.0,0.0,0.0,1.5179999999999436,423.0,1
2.918,1039.0,928.0,616.0,1039.5,928.5,616.5,0.0,0.0,0.0,-11.5,-106.0,0.5,0.0,0.0,900.0,0.0,0.0,1.5189999999999435,423.0,1
2.919,1039.0,928.0,616.0,1039.5,928.5,616.5,0.0,0.0,0.0,-11.5,-106.0,0.5,0.0,0.0,900.0,0.0,0.0,1.5199999999999434,423.0,1
2.92,1039.0,928.0,616.0,1039.5,928.5,616.5,0.0,0.0,0.0,-11.5,-106.0,0.5,0.0,0.0,900.0,0.0,0.0,1.5209999999999433,423.0,1
2.9210000000000003,1039.0,928.0,616.0,1039.5,928.5,616.5,0.0,0.0,0.0,-11.5,-106.0,0.5,0.0,0.0,900.0,0.0,0.0,1.5219999999999432,423.0,1
2.922,1039.0,928.0,616.0,1039.5,928.5,616.5,0.0,0.0,0.0,-11.5,-106.0,0.5,0.0,0.0,900.0,0.0,0.0,1.522999999999943,423.0,1
2.923,1039.0,928.0,616.0,1039.5,928.5,616.5,0.0,0.0,0.0,-11.5,-106.0,0.5,0.0,0.0,900.0,0.0,0.0,1.523999999999943,423.0,1
2.924,1039.0,928.0,616.0,1039.5,928.5,616.5,0.0,0.0,0.0,-11.5,-106.0,0.5,0.0,0.0,900.0,0.0,0.0,1.5249999999999428,423.0,1
2.9250000000000003,1039.0,928.0,616.0,1039.5,928.5,616.5,0.0,0.0,0.0,-11.5,-106.0,0.5,0.0,0.0,900.0,0.0,0.0,1.5259999999999427,423.0,1
2.926,1039.0,928.0,616.0,1039.5,928.5,616.5,0.0,0.0,0.0,-11.5,-106.0,0.5,0.0,0.0,900.0,0.0,0.0,1.5269999999999426,423.0,1
2.927,1039.0,928.0,616.0,1039.5,928.5,616.5,0.0,0.0,0.0,-11.5,-106.0,0.5,0.0,0.0,900.0,0.0,0.0,1.5279999999999425,423.0,1
2.928,1039.0,928.0,616.0,1039.5,928.5,616.5,0.0,0.0,0.0,-11.5,-106.0,0.5,0.0,0.0,900.0,0.0,0.0,1.5289999999999424,423.0,1
2.9290000000000003,1039.0,928.0,616.0,1039.5,928.5,616.5,0.0,0.0,0.0,-11.5,-106.0,0.5,0.0,0.0,900.0,0.0,0.0,1.5299999999999423,423.0,1
2.93,1039.0,928.0,616.0,1039.5,928.5,616.5,0.0,0.0,0.0,-11.5,-106.0,0.5,0.0,0.0,900.0,0.0,0.0,1.5309999999999422,423.0,1
2.931,1039.0,928.0,616.0,1039.5,928.5,616.5,0.0,0.0,0.0,-11.5,-106.0,0.5,0.0,0.0,900.0,0.0,0.0,1.531999999999942,423.0,1
2.932,1039.0,928.0,616.0,1039.5,928.5,616.5,0.0,0.0,0.0,-11.5,-106.0,0.5,0.0,0.0,900.0,0.0,0.0,1.532999999999942,423.0,1
2.9330000000000003,1039.0,928.0,616.0,1039.5,928.5,616.5,0.0,0.0,0.0,-11.5,-106.0,0.5,0.0,0.0,900.0,0.0,0.0,1.5339999999999419,423.0,1
2.934,1039.0,928.0,616.0,1039.5,928.5,616.5,0.0,0.0,0.0,-11.5,-106.0,0.5,0.0,0.0,900.0,0.0,0.0,1.5349999999999417,423.0,1
2.935,1039.0,928.0,616.0,1039.5,928.5,616.5,0.0,0.0,0.0,-11.5,-106.0,0.5,0.0,0.0,900.0,0.0,0.0,1.5359999999999416,423.0,1
2.936,1039.0,928.0,616.0,1039.5,928.5,616.5,0.0,0.0,0.0,-11.5,-106.0,0.5,0.0,0.0,900.0,0.0,0.0,1.5369999999999415,423.0,1
2.9370000000000003,1039.0,928.0,616.0,1039.5,928.5,616.5,0.0,0.0,0.0,-11.5,-106.0,0.5,0.0,0.0,900.0,0.0,0.0,1.5379999999999414,423.0,1
2.938,1039.0,928.0,616.0,1039.5,928.5,616.5,0.0,0.0,0.0,-11.5,-106.0,0.5,0.0,0.0,900.0,0.0,0.0,1.5389999999999413,423.0,1
2.939,1039.0,928.0,616.0,1039.5,928.5,616.5,0.0,0.0,0.0,-11.5,-106.0,0.5,0.0,0.0,900.0,0.0,0.0,1.5399999999999412,423.0,1
2.94,1039.0,928.0,616.0,1039.5,928.5,616.5,0.0,0.0,0.0,-11.5,-106.0,0.5,0.0,0.0,900.0,0.0,0.0,1.540999999999941,423.0,1
2.9410000000000003,1039.0,928.0,616.0,1039.5,928.5,616.5,0.0,0.0,0.0,-11.5,-106.0,0.5,0.0,0.0,900.0,0.0,0.0,1.541999999999941,423.0,1
2.942,1039.0,928.0,616.0,1039.5,928.5,616.5,0.0,0.0,0.0,-11.5,-106.0,0.5,0.0,0.0,900.0,0.0,0.0,1.5429999999999409,423.0,1
2.943,1039.0,928.0,616.0,1039.5,928.5,616.5,0.0,0.0,0.0,-11.5,-106.0,0.5,0.0,0.0,900.0,0.0,0.0,1.5439999999999408,423.0,1
2.944,1039.0,928.0,616.0,1039.5,928.5,616.5,0.0,0.0,0.0,-11.5,-106.0,0.5,0.0,0.0,900.0,0.0,0.0,1.5449999999999406,423.0,1
2.945,1039.0,928.0,616.0,1039.5,928.5,616.5,0.0,0.0,0.0,-11.5,-106.0,0.5,0.0,0.0,900.0,0.0,0.0,1.5459999999999405,423.0,1
2.946,1039.0,928.0,616.0,1039.5,928.5,616.5,0.0,0.0,0.0,-11.5,-106.0,0.5,0.0,0.0,900.0,0.0,0.0,1.5469999999999404,423.0,1
2.947,1039.0,928.0,616.0,1039.5,928.5,616.5,0.0,0.0,0.0,-11.5,-106.0,0.5,0.0,0.0,900.0,0.0,0.0,1.5479999999999403,423.0,1
2.948,1039.0,928.0,616.0,1039.5,928.5,616.5,0.0,0.0,0.0,-11.5,-106.0,0.5,0.0,0.0,900.0,0.0,0.0,1.5489999999999402,423.0,1
2.949,1039.0,928.0,616.0,1039.5,928.5,616.5,0.0,0.0,0.0,-11.5,-106.0,0.5,0.0,0.0,900.0,0.0,0.0,1.54999999999994,423.0,1
2.95,1039.0,928.0,616.0,1039.5,928.5,616.5,0.0,0.0,0.0,-11.5,-106.0,0.5,0.0,0.0,0.0,0.0,0.0,0.0,423.0,0
2.951,1039.0,928.0,616.0,1039.5,928.5,616.5,0.0,0.0,0.0,-11.5,-106.0,0.5,0.0,0.0,0.0,0.0,0.0,0.0,423.0,0
2.952,1039.0,928.0,617.0,1039.5,928.5,616.5,0.0,0.0,1000.0,-11.5,-106.0,0.5,0.0,0.0,0.0,0.0,0.0,0.0,422.0,0
2.953,1039.0,928.0,617.0,1039.5,928.5,617.5,0.0,0.0,0.0,-9.833333333333258,-104.66666666666663,0.5,0.0,0.0,0.0,0.0,0.0,0.0,422.0,0
2.954,1039.0,928.0,618.0,1039.5,928.5,617.5,0.0,0.0,1000.0,-9.833333333333258,-104.66666666666663,0.5,0.0,0.0,0.0,0.0,0.0,0.0,421.0,0
2.955,1040.0,928.0,620.0,1039.5,928.5,618.5,1000.0,0.0,2000.0,-8.166666666666742,-103.33333333333337,0.5,0.0,0.0,0.0,0.0,0.0,0.0,420.0,0
2.956,1040.0,928.0,621.0,1040.5,928.5,620.5,0.0,0.0,1000.0,-5.8333333333332575,-100.66666666666663,0.5,0.0,0.0,0.0,0.0,0.0,0.0,419.0,0
2.957,1041.0,928.0,622.0,1040.5,928.5,621.5,1000.0,0.0,1000.0,-4.1666666666667425,-99.33333333333337,0.5,0.0,0.0,0.0,0.0,0.0,0.0,419.0,0
2.958,1042.0,928.0,624.0,1041.5,928.5,622.5,1000.0,0.0,2000.0,-3.5,-98.0,0.5,0.0,0.0,0.0,0.0,0.0,0.0,418.0,0
2.959,1043.0,928.0,626.0,1042.5,928.5,624.5,1000.0,0.0,2000.0,-1.1666666666667425,-95.33333333333337,0.5,0.0,0.0,0.0,0.0,0.0,0.0,417.0,0
2.96,1043.0,928.0,628.0,1043.5,928.5,626.5,0.0,0.0,2000.0,0.5,-93.20000000000005,0.10000000000002274,0.0,0.0,0.0,0.0,0.0,0.0,415.0,0
2.961,1044.0,928.0,631.0,1043.5,928.5,628.5,1000.0,0.0,3000.0,0.5,-93.20000000000005,-1.8999999999999773,0.0,0.0,0.0,0.0,0.0,0.0,413.0,0
2.962,1045.0,928.0,633.0,1044.5,928.5,631.5,1000.0,0.0,2000.0,0.5,-92.39999999999998,-4.2999999999999545,0.0,0.0,0.0,0.0,0.0,0.0,412.0,0
2.963,1045.0,928.0,636.0,1045.5,928.5,633.5,0.0,0.0,3000.0,0.5,-91.60000000000002,-5.7000000000000455,0.0,0.0,0.0,0.0,0.0,0.0,409.0,0
2.964,1046.0,928.0,639.0,1045.5,928.5,636.5,1000.0,0.0,3000.0,0.5,-91.60000000000002,-8.700000000000045,0.0,0.0,0.0,0.0,0.0,0.0,407.0,0
2.965,1047.0,928.0,642.0,1046.5,928.5,639.5,1000.0,0.0,3000.0,0.5,-90.79999999999995,-11.100000000000023,0.0,0.0,0.0,0.0,0.0,0.0,405.0,0
2.966,1048.0,928.0,645.0,1047.5,928.5,642.5,1000.0,0.0,3000.0,0.5,-90.0,-13.5,0.0,0.0,0.0,0.0,0.0,0.0,403.0,0
2.967,1048.0,928.0,649.0,1048.5,928.5,645.5,0.0,0.0,4000.0,0.5,-89.20000000000005,-15.899999999999977,0.0,0.0,0.0,0.0,0.0,0.0,399.0,0
2.968,1049.0,928.0,652.0,1048.5,928.5,649.5,1000.0,0.0,3000.0,0.5,-89.20000000000005,-19.899999999999977,0.0,0.0,0.0,0.0,0.0,0.0,397.0,0
2.969,1050.0,928.0,656.0,1049.5,928.5,652.5,1000.0,0.0,4000.0,0.5,-88.39999999999998,-22.299999999999955,0.0,0.0,0.0,0.0,0.0,0.0,394.0,0
2.97,1051.0,928.0,660.0,1050.5,928.5,656.5,1000.0,0.0,4000.0,0.5,-87.60000000000002,-25.700000000000045,0.0,0.0,0.0,0.0,0.0,0.0,391.0,0
2.971,1051.0,928.0,665.0,1051.5,928.5,660.5,0.0,0.0,5000.0,0.5,-86.79999999999995,-29.100000000000023,0.0,0.0,0.0,0.0,0.0,0.0,386.0,0
2.972,1052.0,928.0,669.0,1051.5,928.5,665.5,1000.0,0.0,4000.0,0.5,-86.79999999999995,-34.10000000000002,0.0,0.0,0.0,0.0,0.0,0.0,383.0,0
2.973,1053.0,928.0,674.0,1052.5,928.5,669.5,1000.0,0.0,5000.0,0.5,-86.0,-37.5,0.0,0.0,0.0,0.0,0.0,0.0,379.0,0
2.974,1053.0,928.0,679.0,1053.5,928.5,674.5,0.0,0.0,5000.0,0.5,-85.20000000000005,-41.89999999999998,0.0,0.0,0.0,0.0,0.0,0.0,374.0,0
2.975,1054.0,928.0,683.0,1053.5,928.5,679.5,1000.0,0.0,4000.0,0.5,-85.20000000000005,-46.89999999999998,0.0,0.0,0.0,0.0,0.0,0.0,371.0,0
2.976,1055.0,928.0,688.0,1054.5,928.5,683.5,1000.0,0.0,5000.0,0.5,-84.39999999999998,-50.299999999999955,0.0,0.0,0.0,0.0,0.0,0.0,367.0,0
2.977,1056.0,928.0,692.0,1055.5,928.5,688.5,1000.0,0.0,4000.0,0.5,-83.60000000000002,-54.700000000000045,0.0,0.0,0.0,0.0,0.0,0.0,364.0,0
2.978,1056.0,928.0,697.0,1056.5,928.5,692.5,0.0,0.0,5000.0,0.5,-82.79999999999995,-58.10000000000002,0.0,0.0,0.0,0.0,0.0,0.0,359.0,0
2.979,1057.0,928.0,701.0,1056.5,928.5,697.5,1000.0,0.0,4000.0,0.5,-82.79999999999995,-63.10000000000002,0.0,0.0,0.0,0.0,0.0,0.0,356.0,0
2.98,1058.0,928.0,705.0,1057.5,928.5,701.5,1000.0,0.0,4000.0,0.5,-82.0,-66.5,0.0,0.0,0.0,0.0,0.0,0.0,353.0,0
2.981,1058.0,928.0,710.0,1058.5,928.5,705.5,0.0,0.0,5000.0,0.5,-81.20000000000005,-69.89999999999998,0.0,0.0,0.0,0.0,0.0,0.0,348.0,0
2.982,1059.0,928.0,714.0,1058.5,928.5,710.5,1000.0,0.0,4000.0,0.5,-81.20000000000005,-74.89999999999998,0.0,0.0,0.0,0.0,0.0,0.0,345.0,0
2.983,1060.0,928.0,718.0,1059.5,928.5,714.5,1000.0,0.0,4000.0,0.5,-80.39999999999998,-78.29999999999995,0.0,0.0,0.0,0.0,0.0,0.0,342.0,0
2.984,1061.0,928.0,721.0,1060.5,928.5,718.5,1000.0,0.0,3000.0,0.5,-79.60000000000002,-81.70000000000005,0.0,0.0,0.0,0.0,0.0,0.0,340.0,0
2.985,1061.0,928.0,725.0,1061.5,928.5,721.5,0.0,0.0,4000.0,0.5,-78.79999999999995,-84.10000000000002,0.0,0.0,0.0,0.0,0.0,0.0,336.0,0
2.986,1062.0,928.0,729.0,1061.5,928.5,725.5,1000.0,0.0,4000.0,0.5,-78.79999999999995,-88.10000000000002,0.0,0.0,0.0,0.0,0.0,0.0,333.0,0
2.987,1063.0,928.0,732.0,1062.5,928.5,729.5,1000.0,0.0,3000.0,0.5,-78.0,-91.5,0.0,0.0,0.0,0.0,0.0,0.0,331.0,0
2.988,1064.0,928.0,736.0,1063.5,928.5,732.5,1000.0,0.0,4000.0,0.5,-77.20000000000005,-93.89999999999998,0.0,0.0,0.0,0.0,0.0,0.0,328.0,0
2.989,1064.0,928.0,739.0,1064.5,928.5,736.5,0.0,0.0,3000.0,0.5,-76.39999999999998,-97.29999999999995,0.0,0.0,0.0,0.0,0.0,0.0,325.0,0
2.99,1065.0,928.0,743.0,1064.5,928.5,739.5,1000.0,0.0,4000.0,0.5,-76.39999999999998,-100.29999999999995,0.0,0.0,0.0,0.0,0.0,0.0,322.0,0
2.991,1066.0,928.0,746.0,1065.5,928.5,743.5,1000.0,0.0,3000.0,0.5,-75.60000000000002,-103.70000000000005,0.0,0.0,0.0,0.0,0.0,0.0,320.0,0
2.992,1066.0,928.0,749.0,1066.5,928.5,746.5,0.0,0.0,3000.0,0.5,-74.79999999999995,-106.10000000000002,0.0,0.0,0.0,0.0,0.0,0.0,317.0,0
2.993,1067.0,928.0,752.0,1066.5,928.5,749.5,1000.0,0.0,3000.0,0.5,-74.79999999999995,-109.10000000000002,0.0,0.0,0.0,0.0,0.0,0.0,315.0,0
2.994,1068.0,928.0,755.0,1067.5,928.5,752.5,1000.0,0.0,3000.0,0.5,-74.0,-111.5,0.0,0.0,0.0,0.0,0.0,0.0,313.0,0
2.995,1069.0,928.0,758.0,1068.5,928.5,755.5,1000.0,0.0,3000.0,0.5,-73.20000000000005,-113.89999999999998,0.0,0.0,0.0,0.0,0.0,0.0,311.0,0
2.996,1069.0,928.0,761.0,1069.5,928.5,758.5,0.0,0.0,3000.0,0.5,-72.39999999999998,-116.29999999999995,0.0,0.0,0.0,0.0,0.0,0.0,308.0,0
2.997,1070.0,928.0,763.0,1069.5,928.5,761.5,1000.0,0.0,2000.0,0.5,-72.39999999999998,-119.29999999999995,0.0,0.0,0.0,0.0,0.0,0.0,307.0,0
2.998,1071.0,928.0,766.0,1070.5,928.5,763.5,1000.0,0.0,3000.0,0.5,-71.60000000000002,-120.70000000000005,0.0,0.0,0.0,0.0,0.0,0.0,305.0,0
2.999,1071.0,928.0,768.0,1071.5,928.5,766.5,0.0,0.0,2000.0,0.5,-70.79999999999995,-123.10000000000002,0.0,0.0,0.0,0.0,0.0,0.0,303.0,0
3.0,1072.0,928.0,771.0,1071.5,928.5,768.5,1000.0,0.0,3000.0,0.5,-70.79999999999995,-125.10000000000002,0.0,0.0,0.0,0.0,0.0,0.0,301.0,0
3.001,1073.0,928.0,773.0,1072.5,928.5,771.5,1000.0,0.0,2000.0,0.5,-70.0,-127.5,0.0,0.0,0.0,0.0,0.0,0.0,300.0,0
3.0020000000000002,1074.0,928.0,776.0,1073.5,928.5,773.5,1000.0,0.0,3000.0,0.5,-69.20000000000005,-128.89999999999998,0.0,0.0,0.0,0.0,0.0,0.0,298.0,0
3.003,1074.0,928.0,778.0,1074.5,928.5,776.5,0.0,0.0,2000.0,0.5,-68.39999999999998,-131.29999999999995,0.0,0.0,0.0,0.0,0.0,0.0,296.0,0
3.004,1075.0,928.0,780.0,1074.5,928.5,778.5,1000.0,0.0,2000.0,0.5,-68.39999999999998,-133.29999999999995,0.0,0.0,0.0,0.0,0.0,0.0,295.0,0
3.005,1076.0,928.0,782.0,1075.5,928.5,780.5,1000.0,0.0,2000.0,0.5,-67.60000000000002,-134.70000000000005,0.0,0.0,0.0,0.0,0.0,0.0,294.0,0
3.0060000000000002,1077.0,928.0,784.0,1076.5,928.5,782.5,1000.0,0.0,2000.0,0.5,-66.79999999999995,-136.10000000000002,0.0,0.0,0.0,0.0,0.0,0.0,293.0,0
3.007,1077.0,928.0,786.0,1077.5,928.5,784.5,0.0,0.0,2000.0,0.5,-66.0,-137.5,0.0,0.0,0.0,0.0,0.0,0.0,291.0,0
3.008,1078.0,928.0,788.0,1077.5,928.5,786.5,1000.0,0.0,2000.0,0.5,-66.0,-139.5,0.0,0.0,0.0,0.0,0.0,0.0,290.0,0
3.009,1079.0,928.0,790.0,1078.5,928.5,788.5,1000.0,0.0,2000.0,0.5,-65.20000000000005,-140.89999999999998,0.0,0.0,0.0,0.0,0.0,0.0,289.0,0
3.0100000000000002,1079.0,928.0,792.0,1079.5,928.5,790.5,0.0,0.0,2000.0,0.5,-64.39999999999998,-142.29999999999995,0.0,0.0,0.0,0.0,0.0,0.0,287.0,0
3.011,1080.0,928.0,794.0,1079.5,928.5,792.5,1000.0,0.0,2000.0,0.5,-64.39999999999998,-144.29999999999995,0.0,0.0,0.0,0.0,0.0,0.0,286.0,0
3.012,1081.0,928.0,796.0,1080.5,928.5,794.5,1000.0,0.0,2000.0,0.5,-63.60000000000002,-145.70000000000005,0.0,0.0,0.0,0.0,0.0,0.0,285.0,0
3.013,1082.0,928.0,797.0,1081.5,928.5,796.5,1000.0,0.0,1000.0,0.5,-62.799999999999955,-147.10000000000002,0.0,0.0,0.0,0.0,0.0,0.0,285.0,0
3.0140000000000002,1082.0,928.0,799.0,1082.5,928.5,797.5,0.0,0.0,2000.0,0.5,-62.0,-147.5,0.0,0.0,0.0,0.0,0.0,0.0,283.0,0
3.015,1083.0,928.0,800.0,1082.5,928.5,799.5,1000.0,0.0,1000.0,0.5,-62.0,-149.5,0.0,0.0,0.0,0.0,0.0,0.0,283.0,0
3.016,1084.0,928.0,802.0,1083.5,928.5,800.5,1000.0,0.0,2000.0,0.5,-61.200000000000045,-149.89999999999998,0.0,0.0,0.0,0.0,0.0,0.0,282.0,0
3.017,1084.0,928.0,803.0,1084.5,928.5,802.5,0.0,0.0,1000.0,0.5,-60.39999999999998,-151.29999999999995,0.0,0.0,0.0,0.0,0.0,0.0,281.0,0
3.0180000000000002,1085.0,928.0,804.0,1084.5,928.5,803.5,1000.0,0.0,1000.0,0.5,-60.39999999999998,-152.29999999999995,0.0,0.0,0.0,0.0,0.0,0.0,281.0,0
3.019,1086.0,928.0,806.0,1085.5,928.5,804.5,1000.0,0.0,2000.0,0.5,-59.60000000000002,-152.70000000000005,0.0,0.0,0.0,0.0,0.0,0.0,280.0,0
3.02,1087.0,928.0,807.0,1086.5,928.5,806.5,1000.0,0.0,1000.0,0.5,-58.799999999999955,-154.10000000000002,0.0,0.0,0.0,0.0,0.0,0.0,280.0,0
3.021,1087.0,928.0,808.0,1087.5,928.5,807.5,0.0,0.0,1000.0,0.5,-58.0,-154.5,0.0,0.0,0.0,0.0,0.0,0.0,279.0,0
3.0220000000000002,1088.0,928.0,809.0,1087.5,928.5,808.5,1000.0,0.0,1000.0,0.5,-58.0,-155.5,0.0,0.0,0.0,0.0,0.0,0.0,279.0,0
3.023,1089.0,928.0,810.0,1088.5,928.5,809.5,1000.0,0.0,1000.0,0.5,-57.200000000000045,-155.89999999999998,0.0,0.0,0.0,0.0,0.0,0.0,279.0,0
3.024,1090.0,928.0,811.0,1089.5,928.5,810.5,1000.0,0.0,1000.0,0.5,-56.39999999999998,-156.29999999999995,0.0,0.0,0.0,0.0,0.0,0.0,279.0,0
3.025,1090.0,928.0,812.0,1090.5,928.5,811.5,0.0,0.0,1000.0,0.5,-55.60000000000002,-156.70000000000005,0.0,0.0,0.0,0.0,0.0,0.0,278.0,0
3.0260000000000002,1091.0,928.0,813.0,1090.5,928.5,812.5,1000.0,0.0,1000.0,0.5,-55.60000000000002,-157.70000000000005,0.0,0.0,0.0,0.0,0.0,0.0,278.0,0
3.027,1092.0,928.0,814.0,1091.5,928.5,813.5,1000.0,0.0,1000.0,0.5,-54.799999999999955,-158.10000000000002,0.0,0.0,0.0,0.0,0.0,0.0,278.0,0
3.028,1092.0,928.0,815.0,1092.5,928.5,814.5,0.0,0.0,1000.0,0.5,-54.0,-158.5,0.0,0.0,0.0,0.0,0.0,0.0,277.0,0
3.029,1093.0,928.0,816.0,1092.5,928.5,815.5,1000.0,0.0,1000.0,0.5,-54.0,-159.5,0.0,0.0,0.0,0.0,0.0,0.0,277.0,0
3.0300000000000002,1094.0,928.0,816.0,1093.5,928.5,816.5,1000.0,0.0,0.0,0.5,-53.200000000000045,-159.89999999999998,0.0,0.0,0.0,0.0,0.0,0.0,278.0,0
3.031,1095.0,928.0,817.0,1094.5,928.5,816.5,1000.0,0.0,1000.0,0.5,-52.39999999999998,-159.29999999999995,0.0,0.0,0.0,0.0,0.0,0.0,278.0,0
3.032,1095.0,928.0,818.0,1095.5,928.5,817.5,0.0,0.0,1000.0,0.5,-51.60000000000002,-159.70000000000005,0.0,0.0,0.0,0.0,0.0,0.0,277.0,0
3.033,1096.0,928.0,818.0,1095.5,928.5,818.5,1000.0,0.0,0.0,0.5,-51.60000000000002,-160.70000000000005,0.0,0.0,0.0,0.0,0.0,0.0,278.0,0
3.0340000000000003,1097.0,928.0,819.0,1096.5,928.5,818.5,1000.0,0.0,1000.0,0.5,-50.799999999999955,-160.10000000000002,0.0,0.0,0.0,0.0,0.0,0.0,278.0,0
3.035,1097.0,928.0,820.0,1097.5,928.5,819.5,0.0,0.0,1000.0,0.5,-50.0,-160.5,0.0,0.0,0.0,0.0,0.0,0.0,277.0,0
3.036,1098.0,928.0,820.0,1097.5,928.5,820.5,1000.0,0.0,0.0,0.5,-50.0,-161.5,0.0,0.0,0.0,0.0,0.0,0.0,278.0,0
3.037,1099.0,928.0,820.0,1098.5,928.5,820.5,1000.0,0.0,0.0,0.5,-49.200000000000045,-160.89999999999998,0.0,0.0,0.0,0.0,0.0,0.0,279.0,0
3.0380000000000003,1100.0,928.0,821.0,1099.5,928.5,820.5,1000.0,0.0,1000.0,0.5,-48.39999999999998,-160.29999999999995,0.0,0.0,0.0,0.0,0.0,0.0,279.0,0
3.039,1100.0,928.0,821.0,1100.5,928.5,821.5,0.0,0.0,0.0,0.5,-47.60000000000002,-160.70000000000005,0.0,0.0,0.0,0.0,0.0,0.0,279.0,0
3.04,1101.0,928.0,822.0,1100.5,928.5,821.5,1000.0,0.0,1000.0,0.5,-47.60000000000002,-160.70000000000005,0.0,0.0,0.0,0.0,0.0,0.0,279.0,0
3.041,1102.0,928.0,822.0,1101.5,928.5,822.5,1000.0,0.0,0.0,0.5,-46.799999999999955,-161.10000000000002,0.0,0.0,0.0,0.0,0.0,0.0,280.0,0
3.0420000000000003,1103.0,928.0,822.0,1102.5,928.5,822.5,1000.0,0.0,0.0,0.5,-46.0,-160.5,0.0,0.0,0.0,0.0,0.0,0.0,281.0,0
3.043,1103.0,928.0,822.0,1103.5,928.5,822.5,0.0,0.0,0.0,0.5,-45.200000000000045,-159.89999999999998,0.0,0.0,0.0,0.0,0.0,0.0,281.0,0
3.044,1104.0,928.0,823.0,1103.5,928.5,822.5,1000.0,0.0,1000.0,0.5,-45.200000000000045,-159.89999999999998,0.0,0.0,0.0,0.0,0.0,0.0,281.0,0
3.045,1105.0,928.0,823.0,1104.5,928.5,823.5,1000.0,0.0,0.0,0.5,-44.39999999999998,-160.29999999999995,0.0,0.0,0.0,0.0,0.0,0.0,282.0,0
3.0460000000000003,1105.0,928.0,823.0,1105.5,928.5,823.5,0.0,0.0,0.0,0.5,-43.60000000000002,-159.70000000000005,0.0,0.0,0.0,0.0,0.0,0.0,282.0,0
3.047,1106.0,928.0,823.0,1105.5,928.5,823.5,1000.0,0.0,0.0,0.5,-43.60000000000002,-159.70000000000005,0.0,0.0,0.0,0.0,0.0,0.0,283.0,0
3.048,1107.0,928.0,823.0,1106.5,928.5,823.5,1000.0,0.0,0.0,0.5,-42.799999999999955,-159.10000000000002,0.0,0.0,0.0,0.0,0.0,0.0,284.0,0
3.049,1108.0,928.0,823.0,1107.5,928.5,823.5,1000.0,0.0,0.0,0.5,-42.0,-158.5,0.0,0.0,0.0,0.0,0.0,0.0,285.0,0
3.0500000000000003,1108.0,928.0,823.0,1108.5,928.5,823.5,0.0,0.0,0.0,0.5,-41.200000000000045,-157.89999999999998,0.0,0.0,0.0,0.0,0.0,0.0,285.0,0
3.051,1109.0,928.0,823.0,1108.5,928.5,823.5,1000.0,0.0,0.0,0.5,-41.200000000000045,-157.89999999999998,0.0,0.0,0.0,0.0,0.0,0.0,286.0,0
3.052,1110.0,928.0,823.0,1109.5,928.5,823.5,1000.0,0.0,0.0,0.5,-40.39999999999998,-157.29999999999995,0.0,0.0,0.0,0.0,0.0,0.0,287.0,0
3.053,1110.0,928.0,823.0,1110.5,928.5,823.5,0.0,0.0,0.0,0.5,-39.60000000000002,-156.70000000000005,0.0,0.0,0.0,0.0,0.0,0.0,287.0,0
3.0540000000000003,1111.0,928.0,823.0,1110.5,928.5,823.5,1000.0,0.0,0.0,0.5,-39.60000000000002,-156.70000000000005,0.0,0.0,0.0,0.0,0.0,0.0,288.0,0
3.055,1112.0,928.0,823.0,1111.5,928.5,823.5,1000.0,0.0,0.0,0.5,-38.799999999999955,-156.10000000000002,0.0,0.0,0.0,0.0,0.0,0.0,289.0,0
3.056,1113.0,928.0,823.0,1112.5,928.5,823.5,1000.0,0.0,0.0,0.5,-38.0,-155.5,0.0,0.0,0.0,0.0,0.0,0.0,290.0,0
3.057,1113.0,928.0,823.0,1113.5,928.5,823.5,0.0,0.0,0.0,0.5,-37.200000000000045,-154.89999999999998,0.0,0.0,0.0,0.0,0.0,0.0,290.0,0
3.0580000000000003,1114.0,928.0,823.0,1113.5,928.5,823.5,1000.0,0.0,0.0,0.5,-37.200000000000045,-154.89999999999998,0.0,0.0,0.0,0.0,0.0,0.0,291.0,0
3.059,1115.0,928.0,823.0,1114.5,928.5,823.5,1000.0,0.0,0.0,0.5,-36.39999999999998,-154.29999999999995,0.0,0.0,0.0,0.0,0.0,0.0,292.0,0
3.06,1116.0,928.0,823.0,1115.5,928.5,823.5,1000.0,0.0,0.0,0.5,-35.60000000000002,-153.70000000000005,0.0,0.0,0.0,0.0,0.0,0.0,293.0,0
3.061,1116.0,928.0,823.0,1116.5,928.5,823.5,0.0,0.0,0.0,0.5,-34.799999999999955,-153.10000000000002,0.0,0.0,0.0,0.0,0.0,0.0,293.0,0
3.0620000000000003,1117.0,928.0,823.0,1116.5,928.5,823.5,1000.0,0.0,0.0,0.5,-34.799999999999955,-153.10000000000002,0.0,0.0,0.0,0.0,0.0,0.0,294.0,0
3.063,1118.0,928.0,823.0,1117.5,928.5,823.5,1000.0,0.0,0.0,0.5,-34.0,-152.5,0.0,0.0,0.0,0.0,0.0,0.0,295.0,0
3.064,1118.0,928.0,823.0,1118.5,928.5,823.5,0.0,0.0,0.0,0.5,-33.200000000000045,-151.89999999999998,0.0,0.0,0.0,0.0,0.0,0.0,295.0,0
3.065,1119.0,928.0,823.0,1118.5,928.5,823.5,1000.0,0.0,0.0,0.5,-33.200000000000045,-151.89999999999998,0.0,0.0,0.0,0.0,0.0,0.0,296.0,0
3.0660000000000003,1120.0,928.0,823.0,1119.5,928.5,823.5,1000.0,0.0,0.0,0.5,-32.39999999999998,-151.29999999999995,0.0,0.0,0.0,0.0,0.0,0.0,297.0,0
3.067,1121.0,928.0,823.0,1120.5,928.5,823.5,1000.0,0.0,0.0,0.5,-31.600000000000023,-150.70000000000005,0.0,0.0,0.0,0.0,0.0,0.0,298.0,0
3.068,1121.0,928.0,823.0,1121.5,928.5,823.5,0.0,0.0,0.0,0.5,-30.799999999999955,-150.10000000000002,0.0,0.0,0.0,0.0,0.0,0.0,298.0,0
3.069,1122.0,928.0,823.0,1121.5,928.5,823.5,1000.0,0.0,0.0,0.5,-30.799999999999955,-150.10000000000002,0.0,0.0,0.0,0.0,0.0,0.0,299.0,0
3.0700000000000003,1123.0,928.0,823.0,1122.5,928.5,823.5,1000.0,0.0,0.0,0.5,-30.0,-149.5,0.0,0.0,0.0,0.0,0.0,0.0,300.0,0
3.071,1123.0,928.0,823.0,1123.5,928.5,823.5,0.0,0.0,0.0,0.5,-29.200000000000045,-148.89999999999998,0.0,0.0,0.0,0.0,0.0,0.0,300.0,0
3.072,1124.0,928.0,823.0,1123.5,928.5,823.5,1000.0,0.0,0.0,0.5,-29.200000000000045,-148.89999999999998,0.0,0.0,0.0,0.0,0.0,0.0,301.0,0
3.073,1125.0,928.0,823.0,1124.5,928.5,823.5,1000.0,0.0,0.0,0.5,-28.399999999999977,-148.29999999999995,0.0,0.0,0.0,0.0,0.0,0.0,302.0,0
3.074,1126.0,928.0,823.0,1125.5,928.5,823.5,1000.0,0.0,0.0,0.5,-27.600000000000023,-147.70000000000005,0.0,0.0,0.0,0.0,0.0,0.0,303.0,0
3.075,1126.0,928.0,823.0,1126.5,928.5,823.5,0.0,0.0,0.0,0.5,-26.799999999999955,-147.10000000000002,0.0,0.0,0.0,0.0,0.0,0.0,303.0,0
3.076,1127.0,928.0,823.0,1126.5,928.5,823.5,1000.0,0.0,0.0,0.5,-26.799999999999955,-147.10000000000002,0.0,0.0,0.0,0.0,0.0,0.0,304.0,0
3.077,1128.0,928.0,823.0,1127.5,928.5,823.5,1000.0,0.0,0.0,0.5,-26.0,-146.5,0.0,0.0,0.0,0.0,0.0,0.0,305.0,0
3.078,1129.0,928.0,823.0,1128.5,928.5,823.5,1000.0,0.0,0.0,0.5,-25.200000000000045,-145.89999999999998,0.0,0.0,0.0,0.0,0.0,0.0,306.0,0
3.079,1129.0,928.0,823.0,1129.5,928.5,823.5,0.0,0.0,0.0,0.5,-24.399999999999977,-145.29999999999995,0.0,0.0,0.0,0.0,0.0,0.0,306.0,0
3.08,1130.0,928.0,823.0,1129.5,928.5,823.5,1000.0,0.0,0.0,0.5,-24.399999999999977,-145.29999999999995,0.0,0.0,0.0,0.0,0.0,0.0,307.0,0
3.081,1131.0,928.0,823.0,1130.5,928.5,823.5,1000.0,0.0,0.0,0.5,-23.600000000000023,-144.70000000000005,0.0,0.0,0.0,0.0,0.0,0.0,308.0,0
3.082,1131.0,928.0,823.0,1131.5,928.5,823.5,0.0,0.0,0.0,0.5,-22.799999999999955,-144.10000000000002,0.0,0.0,0.0,0.0,0.0,0.0,308.0,0
3.083,1132.0,928.0,823.0,1131.5,928.5,823.5,1000.0,0.0,0.0,0.5,-22.799999999999955,-144.10000000000002,0.0,0.0,0.0,0.0,0.0,0.0,309.0,0
3.084,1133.0,928.0,823.0,1132.5,928.5,823.5,1000.0,0.0,0.0,0.5,-22.0,-143.5,0.0,0.0,0.0,0.0,0.0,0.0,310.0,0
3.085,1134.0,928.0,823.0,1133.5,928.5,823.5,1000.0,0.0,0.0,0.5,-21.200000000000045,-142.89999999999998,0.0,0.0,0.0,0.0,0.0,0.0,311.0,0
3.086,1134.0,928.0,823.0,1134.5,928.5,823.5,0.0,0.0,0.0,0.5,-20.399999999999977,-142.29999999999995,0.0,0.0,0.0,0.0,0.0,0.0,311.0,0
3.087,1135.0,928.0,823.0,1134.5,928.5,823.5,1000.0,0.0,0.0,0.5,-20.399999999999977,-142.29999999999995,0.0,0.0,0.0,0.0,0.0,0.0,312.0,0
3.088,1136.0,928.0,823.0,1135.5,928.5,823.5,1000.0,0.0,0.0,0.5,-19.600000000000023,-141.70000000000005,0.0,0.0,0.0,0.0,0.0,0.0,313.0,0
3.089,1136.0,928.0,823.0,1136.5,928.5,823.5,0.0,0.0,0.0,0.5,-18.799999999999955,-141.10000000000002,0.0,0.0,0.0,0.0,0.0,0.0,313.0,0
3.09,1137.0,928.0,823.0,1136.5,928.5,823.5,1000.0,0.0,0.0,0.5,-18.799999999999955,-141.10000000000002,0.0,0.0,0.0,0.0,0.0,0.0,314.0,0
3.091,1138.0,928.0,823.0,1137.5,928.5,823.5,1000.0,0.0,0.0,0.5,-18.0,-140.5,0.0,0.0,0.0,0.0,0.0,0.0,315.0,0
3.092,1139.0,928.0,823.0,1138.5,928.5,823.5,1000.0,0.0,0.0,0.5,-17.200000000000045,-139.89999999999998,0.0,0.0,0.0,0.0,0.0,0.0,316.0,0
3.093,1139.0,928.0,823.0,1139.5,928.5,823.5,0.0,0.0,0.0,0.5,-16.399999999999977,-139.29999999999995,0.0,0.0,0.0,0.0,0.0,0.0,316.0,0
3.094,1140.0,928.0,823.0,1139.5,928.5,823.5,1000.0,0.0,0.0,0.5,-16.399999999999977,-139.29999999999995,0.0,0.0,0.0,0.0,0.0,0.0,317.0,0
3.095,1141.0,928.0,823.0,1140.5,928.5,823.5,1000.0,0.0,0.0,0.5,-15.600000000000023,-138.70000000000005,0.0,0.0,0.0,0.0,0.0,0.0,318.0,0
3.096,1142.0,928.0,823.0,1141.5,928.5,823.5,1000.0,0.0,0.0,0.5,-14.799999999999955,-138.10000000000002,0.0,0.0,0.0,0.0,0.0,0.0,319.0,0
3.097,1142.0,928.0,823.0,1142.5,928.5,823.5,0.0,0.0,0.0,0.5,-14.0,-137.5,0.0,0.0,0.0,0.0,0.0,0.0,319.0,0
3.098,1143.0,928.0,823.0,1142.5,928.5,823.5,1000.0,0.0,0.0,0.5,-14.0,-137.5,0.0,0.0,0.0,0.0,0.0,0.0,320.0,0
3.099,1144.0,928.0,823.0,1143.5,928.5,823.5,1000.0,0.0,0.0,0.5,-13.200000000000045,-136.89999999999998,0.0,0.0,0.0,0.0,0.0,0.0,321.0,0
3.1,1144.0,928.0,823.0,1144.5,928.5,823.5,0.0,0.0,0.0,0.5,-12.399999999999977,-136.29999999999995,0.0,0.0,0.0,0.0,0.0,0.0,321.0,0
3.101,1145.0,928.0,823.0,1144.5,928.5,823.5,1000.0,0.0,0.0,0.5,-12.399999999999977,-136.29999999999995,0.0,0.0,0.0,0.0,0.0,0.0,322.0,0
3.102,1146.0,928.0,823.0,1145.5,928.5,823.5,1000.0,0.0,0.0,0.5,-11.600000000000023,-135.70000000000005,0.0,0.0,0.0,0.0,0.0,0.0,323.0,0
3.103,1147.0,928.0,823.0,1146.5,928.5,823.5,1000.0,0.0,0.0,0.5,-10.799999999999955,-135.10000000000002,0.0,0.0,0.0,0.0,0.0,0.0,324.0,0
3.104,1147.0,928.0,823.0,1147.5,928.5,823.5,0.0,0.0,0.0,0.5,-10.0,-134.5,0.0,0.0,0.0,0.0,0.0,0.0,324.0,0
3.105,1148.0,928.0,823.0,1147.5,928.5,823.5,1000.0,0.0,0.0,0.5,-10.0,-134.5,0.0,0.0,0.0,0.0,0.0,0.0,325.0,0
3.106,1149.0,928.0,823.0,1148.5,928.5,823.5,1000.0,0.0,0.0,0.5,-9.200000000000045,-133.89999999999998,0.0,0.0,0.0,0.0,0.0,0.0,326.0,0
3.107,1149.0,928.0,823.0,1149.5,928.5,823.5,0.0,0.0,0.0,0.5,-8.399999999999977,-133.29999999999995,0.0,0.0,0.0,0.0,0.0,0.0,326.0,0
3.108,1150.0,928.0,823.0,1149.5,928.5,823.5,1000.0,0.0,0.0,0.5,-8.399999999999977,-133.29999999999995,0.0,0.0,0.0,0.0,0.0,0.0,327.0,0
3.109,1151.0,929.0,823.0,1150.5,928.5,823.5,1000.0,1000.0,0.0,0.5,-7.600000000000023,-132.70000000000005,0.0,0.0,0.0,0.0,0.0,0.0,328.0,0
3.11,1152.0,929.0,823.0,1151.5,929.5,823.5,1000.0,0.0,0.0,0.5,-7.7999999999999545,-132.10000000000002,0.0,0.0,0.0,0.0,0.0,0.0,329.0,0
3.111,1152.0,929.0,823.0,1152.5,929.5,823.5,0.0,0.0,0.0,0.5,-7.0,-131.5,0.0,0.0,0.0,0.0,0.0,0.0,329.0,0
3.112,1153.0,930.0,823.0,1152.5,929.5,823.5,1000.0,1000.0,0.0,0.5,-7.0,-131.5,0.0,0.0,0.0,0.0,0.0,0.0,330.0,0
3.113,1154.0,930.0,823.0,1153.5,930.5,823.5,1000.0,0.0,0.0,0.5,-7.2000000000000455,-130.89999999999998,0.0,0.0,0.0,0.0,0.0,0.0,331.0,0
3.114,1155.0,930.0,823.0,1154.5,930.5,823.5,1000.0,0.0,0.0,0.5,-6.399999999999977,-130.29999999999995,0.0,0.0,0.0,0.0,0.0,0.0,332.0,0
3.115,1155.0,931.0,823.0,1155.5,930.5,823.5,0.0,1000.0,0.0,0.5,-5.600000000000023,-129.70000000000005,0.0,0.0,0.0,0.0,0.0,0.0,332.0,0
3.116,1156.0,931.0,823.0,1155.5,931.5,823.5,1000.0,0.0,0.0,0.5,-6.600000000000023,-129.70000000000005,0.0,0.0,0.0,0.0,0.0,0.0,333.0,0
3.117,1157.0,931.0,823.0,1156.5,931.5,823.5,1000.0,0.0,0.0,0.5,-5.7999999999999545,-129.10000000000002,0.0,0.0,0.0,0.0,0.0,0.0,334.0,0
3.118,1157.0,932.0,823.0,1157.5,931.5,823.5,0.0,1000.0,0.0,0.5,-5.0,-128.5,0.0,0.0,0.0,0.0,0.0,0.0,334.0,0
3.119,1158.0,932.0,823.0,1157.5,932.5,823.5,1000.0,0.0,0.0,0.5,-6.0,-128.5,0.0,0.0,0.0,0.0,0.0,0.0,335.0,0
3.12,1159.0,932.0,823.0,1158.5,932.5,823.5,1000.0,0.0,0.0,0.5,-5.2000000000000455,-127.89999999999998,0.0,0.0,0.0,0.0,0.0,0.0,336.0,0
3.121,1160.0,933.0,823.0,1159.5,932.5,823.5,1000.0,1000.0,0.0,0.5,-4.399999999999977,-127.29999999999995,0.0,0.0,0.0,0.0,0.0,0.0,337.0,0
3.122,1160.0,933.0,823.0,1160.5,933.5,823.5,0.0,0.0,0.0,0.5,-4.600000000000023,-126.70000000000005,0.0,0.0,0.0,0.0,0.0,0.0,337.0,0
3.123,1161.0,933.0,823.0,1160.5,933.5,823.5,1000.0,0.0,0.0,0.5,-4.600000000000023,-126.70000000000005,0.0,0.0,0.0,0.0,0.0,0.0,338.0,0
3.124,1162.0,934.0,823.0,1161.5,933.5,823.5,1000.0,1000.0,0.0,0.5,-3.7999999999999545,-126.10000000000002,0.0,0.0,0.0,0.0,0.0,0.0,339.0,0
3.125,1162.0,934.0,823.0,1162.5,934.5,823.5,0.0,0.0,0.0,0.5,-4.0,-125.5,0.0,0.0,0.0,0.0,0.0,0.0,339.0,0
3.126,1163.0,934.0,823.0,1162.5,934.5,823.5,1000.0,0.0,0.0,0.5,-4.0,-125.5,0.0,0.0,0.0,0.0,0.0,0.0,340.0,0
3.1270000000000002,1164.0,935.0,823.0,1163.5,934.5,823.5,1000.0,1000.0,0.0,0.5,-3.2000000000000455,-124.89999999999998,0.0,0.0,0.0,0.0,0.0,0.0,341.0,0
3.128,1165.0,935.0,823.0,1164.5,935.5,823.5,1000.0,0.0,0.0,0.5,-3.3999999999999773,-124.29999999999995,0.0,0.0,0.0,0.0,0.0,0.0,342.0,0
3.129,1165.0,935.0,823.0,1165.5,935.5,823.5,0.0,0.0,0.0,0.5,-2.6000000000000227,-123.70000000000005,0.0,0.0,0.0,0.0,0.0,0.0,342.0,0
3.13,1166.0,935.0,823.0,1165.5,935.5,823.5,1000.0,0.0,0.0,0.5,-2.6000000000000227,-123.70000000000005,0.0,0.0,0.0,0.0,0.0,0.0,343.0,0
3.1310000000000002,1167.0,936.0,823.0,1166.5,935.5,823.5,1000.0,1000.0,0.0,0.5,-1.7999999999999545,-123.10000000000002,0.0,0.0,0.0,0.0,0.0,0.0,344.0,0
3.132,1168.0,936.0,823.0,1167.5,936.5,823.5,1000.0,0.0,0.0,0.5,-2.0,-122.5,0.0,0.0,0.0,0.0,0.0,0.0,345.0,0
3.133,1168.0,936.0,823.0,1168.5,936.5,823.5,0.0,0.0,0.0,0.5,-1.2000000000000455,-121.89999999999998,0.0,0.0,0.0,0.0,0.0,0.0,345.0,0
3.134,1169.0,937.0,823.0,1168.5,936.5,823.5,1000.0,1000.0,0.0,0.5,-1.2000000000000455,-121.89999999999998,0.0,0.0,0.0,0.0,0.0,0.0,346.0,0
3.1350000000000002,1170.0,937.0,823.0,1169.5,937.5,823.5,1000.0,0.0,0.0,0.5,-1.3999999999999773,-121.29999999999995,0.0,0.0,0.0,0.0,0.0,0.0,347.0,0
3.136,1170.0,937.0,823.0,1170.5,937.5,823.5,0.0,0.0,0.0,0.5,-0.6000000000000227,-120.70000000000005,0.0,0.0,0.0,0.0,0.0,0.0,347.0,0
3.137,1171.0,938.0,823.0,1170.5,937.5,823.5,1000.0,1000.0,0.0,0.5,-0.6000000000000227,-120.70000000000005,0.0,0.0,0.0,0.0,0.0,0.0,348.0,0
3.138,1172.0,938.0,823.0,1171.5,938.5,823.5,1000.0,0.0,0.0,0.5,-0.7999999999999545,-120.10000000000002,0.0,0.0,0.0,0.0,0.0,0.0,349.0,0
3.1390000000000002,1173.0,938.0,823.0,1172.5,938.5,823.5,1000.0,0.0,0.0,0.5,0.0,-119.5,0.0,0.0,0.0,0.0,0.0,0.0,350.0,0
3.14,1173.0,939.0,823.0,1173.5,938.5,823.5,0.0,1000.0,0.0,0.125,0.5,-119.125,0.0,0.0,0.0,0.0,0.0,0.0,350.0,0
3.141,1174.0,939.0,823.0,1173.5,939.5,823.5,1000.0,0.0,0.0,0.5,-0.20000000000004547,-118.89999999999998,0.0,0.0,0.0,0.0,0.0,0.0,351.0,0
3.142,1175.0,939.0,823.0,1174.5,939.5,823.5,1000.0,0.0,0.0,0.375,0.5,-118.375,0.0,0.0,0.0,0.0,0.0,0.0,352.0,0
3.1430000000000002,1175.0,940.0,823.0,1175.5,939.5,823.5,0.0,1000.0,0.0,-0.625,0.5,-118.375,0.0,0.0,0.0,0.0,0.0,0.0,352.0,0
3.144,1176.0,940.0,823.0,1175.5,940.5,823.5,1000.0,0.0,0.0,0.5,0.39999999999997726,-117.70000000000005,0.0,0.0,0.0,0.0,0.0,0.0,353.0,0
3.145,1177.0,940.0,823.0,1176.5,940.5,823.5,1000.0,0.0,0.0,-0.375,0.5,-117.625,0.0,0.0,0.0,0.0,0.0,0.0,354.0,0
3.146,1178.0,941.0,823.0,1177.5,940.5,823.5,1000.0,1000.0,0.0,-1.375,0.5,-117.625,0.0,0.0,0.0,0.0,0.0,0.0,355.0,0
3.1470000000000002,1178.0,941.0,823.0,1178.5,941.5,823.5,0.0,0.0,0.0,-1.125,0.5,-116.875,0.0,0.0,0.0,0.0,0.0,0.0,355.0,0
3.148,1179.0,941.0,823.0,1178.5,941.5,823.5,1000.0,0.0,0.0,-1.125,0.5,-116.875,0.0,0.0,0.0,0.0,0.0,0.0,356.0,0
3.149,1180.0,942.0,823.0,1179.5,941.5,823.5,1000.0,1000.0,0.0,-2.125,0.5,-116.875,0.0,0.0,0.0,0.0,0.0,0.0,357.0,0
3.15,1181.0,942.0,823.0,1180.5,942.5,823.5,1000.0,0.0,0.0,-1.875,0.5,-116.125,0.0,0.0,0.0,0.0,0.0,0.0,358.0,0
3.1510000000000002,1181.0,942.0,823.0,1181.5,942.5,823.5,0.0,0.0,0.0,-2.875,0.5,-116.125,0.0,0.0,0.0,0.0,0.0,0.0,358.0,0
3.152,1182.0,942.0,823.0,1181.5,942.5,823.5,1000.0,0.0,0.0,-2.875,0.5,-116.125,0.0,0.0,0.0,0.0,0.0,0.0,359.0,0
3.153,1183.0,943.0,823.0,1182.5,942.5,823.5,1000.0,1000.0,0.0,-3.875,0.5,-116.125,0.0,0.0,0.0,0.0,0.0,0.0,360.0,0
3.154,1183.0,943.0,823.0,1183.5,943.5,823.5,0.0,0.0,0.0,-3.625,0.5,-115.375,0.0,0.0,0.0,0.0,0.0,0.0,360.0,0
3.1550000000000002,1184.0,943.0,823.0,1183.5,943.5,823.5,1000.0,0.0,0.0,-3.625,0.5,-115.375,0.0,0.0,0.0,0.0,0.0,0.0,361.0,0
3.156,1185.0,944.0,823.0,1184.5,943.5,823.5,1000.0,1000.0,0.0,-4.625,0.5,-115.375,0.0,0.0,0.0,0.0,0.0,0.0,362.0,0
3.157,1186.0,944.0,823.0,1185.5,944.5,823.5,1000.0,0.0,0.0,-4.375,0.5,-114.625,0.0,0.0,0.0,0.0,0.0,0.0,363.0,0
3.158,1186.0,944.0,823.0,1186.5,944.5,823.5,0.0,0.0,0.0,-5.375,0.5,-114.625,0.0,0.0,0.0,0.0,0.0,0.0,363.0,0
3.1590000000000003,1187.0,945.0,823.0,1186.5,944.5,823.5,1000.0,1000.0,0.0,-5.375,0.5,-114.625,0.0,0.0,0.0,0.0,0.0,0.0,364.0,0
3.16,1188.0,945.0,823.0,1187.5,945.5,823.5,1000.0,0.0,0.0,-5.125,0.5,-113.875,0.0,0.0,0.0,0.0,0.0,0.0,365.0,0
3.161,1188.0,945.0,823.0,1188.5,945.5,823.5,0.0,0.0,0.0,-6.125,0.5,-113.875,0.0,0.0,0.0,0.0,0.0,0.0,365.0,0
3.162,1189.0,946.0,823.0,1188.5,945.5,823.5,1000.0,1000.0,0.0,-6.125,0.5,-113.875,0.0,0.0,0.0,0.0,0.0,0.0,366.0,0
3.1630000000000003,1190.0,946.0,823.0,1189.5,946.5,823.5,1000.0,0.0,0.0,-5.875,0.5,-113.125,0.0,0.0,0.0,0.0,0.0,0.0,367.0,0
3.164,1191.0,946.0,823.0,1190.5,946.5,823.5,1000.0,0.0,0.0,-6.875,0.5,-113.125,0.0,0.0,0.0,0.0,0.0,0.0,368.0,0
3.165,1191.0,947.0,823.0,1191.5,946.5,823.5,0.0,1000.0,0.0,-7.875,0.5,-113.125,0.0,0.0,0.0,0.0,0.0,0.0,368.0,0
3.166,1192.0,947.0,823.0,1191.5,947.5,823.5,1000.0,0.0,0.0,-6.625,0.5,-112.375,0.0,0.0,0.0,0.0,0.0,0.0,369.0,0
3.1670000000000003,1193.0,947.0,823.0,1192.5,947.5,823.5,1000.0,0.0,0.0,-7.625,0.5,-112.375,0.0,0.0,0.0,0.0,0.0,0.0,370.0,0
3.168,1194.0,948.0,823.0,1193.5,947.5,823.5,1000.0,1000.0,0.0,-8.625,0.5,-112.375,0.0,0.0,0.0,0.0,0.0,0.0,371.0,0
3.169,1194.0,948.0,823.0,1194.5,948.5,823.5,0.0,0.0,0.0,-8.375,0.5,-111.625,0.0,0.0,0.0,0.0,0.0,0.0,371.0,0
3.17,1195.0,948.0,823.0,1194.5,948.5,823.5,1000.0,0.0,0.0,-8.375,0.5,-111.625,0.0,0.0,0.0,0.0,0.0,0.0,372.0,0
3.1710000000000003,1196.0,948.0,823.0,1195.5,948.5,823.5,1000.0,0.0,0.0,-9.375,0.5,-111.625,0.0,0.0,0.0,0.0,0.0,0.0,373.0,0
3.172,1196.0,949.0,823.0,1196.5,948.5,823.5,0.0,1000.0,0.0,-10.375,0.5,-111.625,0.0,0.0,0.0,0.0,0.0,0.0,373.0,0
3.173,1197.0,949.0,823.0,1196.5,949.5,823.5,1000.0,0.0,0.0,-9.125,0.5,-110.875,0.0,0.0,0.0,0.0,0.0,0.0,374.0,0
3.174,1197.0,949.0,823.0,1197.5,949.5,823.5,0.0,0.0,0.0,-10.125,0.5,-110.875,0.0,0.0,0.0,0.0,0.0,0.0,374.0,0
3.1750000000000003,1198.0,950.0,823.0,1197.5,949.5,823.5,1000.0,1000.0,0.0,-10.125,0.5,-110.875,0.0,0.0,0.0,0.0,0.0,0.0,375.0,0
3.176,1198.0,950.0,823.0,1198.5,950.5,823.5,0.0,0.0,0.0,-9.875,0.5,-110.125,0.0,0.0,0.0,0.0,0.0,0.0,375.0,0
3.177,1199.0,950.0,823.0,1198.5,950.5,823.5,1000.0,0.0,0.0,-9.875,0.5,-110.125,0.0,0.0,0.0,0.0,0.0,0.0,376.0,0
3.178,1200.0,951.0,823.0,1199.5,950.5,823.5,1000.0,1000.0,0.0,-10.875,0.5,-110.125,0.0,0.0,0.0,0.0,0.0,0.0,377.0,0
3.1790000000000003,1200.0,951.0,823.0,1200.5,951.5,823.5,0.0,0.0,0.0,-10.625,0.5,-109.375,0.0,0.0,0.0,0.0,0.0,0.0,377.0,0
3.18,1200.0,951.0,823.0,1200.5,951.5,823.5,0.0,0.0,0.0,-10.625,0.5,-109.375,0.0,0.0,0.0,0.0,0.0,0.0,377.0,0
3.181,1200.0,952.0,823.0,1200.5,951.5,823.5,0.0,1000.0,0.0,-10.625,0.5,-109.375,0.0,0.0,0.0,0.0,0.0,0.0,377.0,0
3.182,1200.0,952.0,823.0,1200.5,952.5,823.5,0.0,0.0,0.0,-9.375,0.5,-108.625,0.0,0.0,0.0,0.0,0.0,0.0,377.0,0
3.1830000000000003,1200.0,952.0,823.0,1200.5,952.5,823.5,0.0,0.0,0.0,-9.375,0.5,-108.625,0.0,0.0,0.0,0.0,0.0,0.0,377.0,0
3.184,1201.0,953.0,823.0,1200.5,952.5,823.5,1000.0,1000.0,0.0,-9.375,0.5,-108.625,0.0,0.0,0.0,0.0,0.0,0.0,378.0,0
3.185,1201.0,953.0,823.0,1201.5,953.5,823.5,0.0,0.0,0.0,-9.125,0.5,-107.875,0.0,0.0,0.0,0.0,0.0,0.0,378.0,0
3.186,1202.0,953.0,823.0,1201.5,953.5,823.5,1000.0,0.0,0.0,-9.125,0.5,-107.875,0.0,0.0,0.0,0.0,0.0,0.0,379.0,0
3.1870000000000003,1203.0,954.0,823.0,1202.5,953.5,823.5,1000.0,1000.0,0.0,-10.125,0.5,-107.875,0.0,0.0,0.0,0.0,0.0,0.0,380.0,0
3.188,1203.0,954.0,823.0,1203.5,954.5,823.5,0.0,0.0,0.0,-9.875,0.5,-107.125,0.0,0.0,0.0,0.0,0.0,0.0,380.0,0
3.189,1204.0,954.0,823.0,1203.5,954.5,823.5,1000.0,0.0,0.0,-9.875,0.5,-107.125,0.0,0.0,0.0,0.0,0.0,0.0,381.0,0
3.19,1205.0,955.0,823.0,1204.5,954.5,823.5,1000.0,1000.0,0.0,-10.875,0.5,-107.125,0.0,0.0,0.0,0.0,0.0,0.0,382.0,0
3.1910000000000003,1205.0,955.0,823.0,1205.5,955.5,823.5,0.0,0.0,0.0,-10.625,0.5,-106.375,0.0,0.0,0.0,0.0,0.0,0.0,382.0,0
3.192,1205.0,955.0,823.0,1205.5,955.5,823.5,0.0,0.0,0.0,-10.625,0.5,-106.375,0.0,0.0,0.0,0.0,0.0,0.0,382.0,0
3.193,1205.0,955.0,823.0,1205.5,955.5,823.5,0.0,0.0,0.0,-10.625,0.5,-106.375,0.0,0.0,0.0,0.0,0.0,0.0,382.0,0
3.194,1205.0,956.0,823.0,1205.5,955.5,823.5,0.0,1000.0,0.0,-10.625,0.5,-106.375,0.0,0.0,0.0,0.0,0.0,0.0,382.0,0
3.1950000000000003,1205.0,956.0,823.0,1205.5,956.5,823.5,0.0,0.0,0.0,-9.375,0.5,-105.625,0.0,0.0,0.0,0.0,0.0,0.0,382.0,0
3.196,1205.0,956.0,823.0,1205.5,956.5,823.5,0.0,0.0,0.0,-9.375,0.5,-105.625,0.0,0.0,0.0,0.0,0.0,0.0,382.0,0
3.197,1206.0,957.0,823.0,1205.5,956.5,823.5,1000.0,1000.0,0.0,-9.375,0.5,-105.625,0.0,0.0,0.0,0.0,0.0,0.0,383.0,0
3.198,1206.0,957.0,823.0,1206.5,957.5,823.5,0.0,0.0,0.0,-9.125,0.5,-104.875,0.0,0.0,0.0,0.0,0.0,0.0,383.0,0
3.1990000000000003,1207.0,957.0,823.0,1206.5,957.5,823.5,1000.0,0.0,0.0,-9.125,0.5,-104.875,0.0,0.0,0.0,0.0,0.0,0.0,384.0,0
3.2,1208.0,958.0,823.0,1207.5,957.5,823.5,1000.0,1000.0,0.0,-10.125,0.5,-104.875,0.0,0.0,0.0,0.0,0.0,0.0,385.0,0
3.201,1208.0,958.0,823.0,1208.5,958.5,823.5,0.0,0.0,0.0,-9.875,0.5,-104.125,0.0,0.0,0.0,0.0,0.0,0.0,385.0,0
3.202,1209.0,958.0,823.0,1208.5,958.5,823.5,1000.0,0.0,0.0,-9.875,0.5,-104.125,0.0,0.0,0.0,0.0,0.0,0.0,386.0,0
3.203,1210.0,959.0,823.0,1209.5,958.5,823.5,1000.0,1000.0,0.0,-10.875,0.5,-104.125,0.0,0.0,0.0,0.0,0.0,0.0,387.0,0
3.204,1210.0,959.0,823.0,1210.5,959.5,823.5,0.0,0.0,0.0,-10.625,0.5,-103.375,0.0,0.0,0.0,0.0,0.0,0.0,387.0,0
3.205,1210.0,959.0,823.0,1210.5,959.5,823.5,0.0,0.0,0.0,-10.625,0.5,-103.375,0.0,0.0,0.0,0.0,0.0,0.0,387.0,0
3.206,1210.0,960.0,823.0,1210.5,959.5,823.5,0.0,1000.0,0.0,-10.625,0.5,-103.375,0.0,0.0,0.0,0.0,0.0,0.0,387.0,0
3.207,1210.0,960.0,823.0,1210.5,960.5,823.5,0.0,0.0,0.0,-9.375,0.5,-102.625,0.0,0.0,0.0,0.0,0.0,0.0,387.0,0
3.208,1210.0,960.0,823.0,1210.5,960.5,823.5,0.0,0.0,0.0,-9.375,0.5,-102.625,0.0,0.0,0.0,0.0,0.0,0.0,387.0,0
3.209,1211.0,961.0,823.0,1210.5,960.5,823.5,1000.0,1000.0,0.0,-9.375,0.5,-102.625,0.0,0.0,0.0,0.0,0.0,0.0,388.0,0
3.21,1211.0,961.0,823.0,1211.5,961.5,823.5,0.0,0.0,0.0,-9.125,0.5,-101.875,0.0,0.0,0.0,0.0,0.0,0.0,388.0,0
3.211,1212.0,961.0,823.0,1211.5,961.5,823.5,1000.0,0.0,0.0,-9.125,0.5,-101.875,0.0,0.0,0.0,0.0,0.0,0.0,389.0,0
3.212,1213.0,962.0,823.0,1212.5,961.5,823.5,1000.0,1000.0,0.0,-10.125,0.5,-101.875,0.0,0.0,0.0,0.0,0.0,0.0,390.0,0
3.213,1213.0,962.0,823.0,1213.5,962.5,823.5,0.0,0.0,0.0,-9.875,0.5,-101.125,0.0,0.0,0.0,0.0,0.0,0.0,390.0,0
3.214,1214.0,962.0,823.0,1213.5,962.5,823.5,1000.0,0.0,0.0,-9.875,0.5,-101.125,0.0,0.0,0.0,0.0,0.0,0.0,391.0,0
3.215,1215.0,962.0,823.0,1214.5,962.5,823.5,1000.0,0.0,0.0,-10.875,0.5,-101.125,0.0,0.0,0.0,0.0,0.0,0.0,392.0,0
3.216,1215.0,963.0,823.0,1215.5,962.5,823.5,0.0,1000.0,0.0,-11.875,0.5,-101.125,0.0,0.0,0.0,0.0,0.0,0.0,392.0,0
3.217,1215.0,963.0,823.0,1215.5,963.5,823.5,0.0,0.0,0.0,-10.625,0.5,-100.375,0.0,0.0,0.0,0.0,0.0,0.0,392.0,0
3.218,1215.0,963.0,823.0,1215.5,963.5,823.5,0.0,0.0,0.0,-10.625,0.5,-100.375,0.0,0.0,0.0,0.0,0.0,0.0,392.0,0
3.219,1215.0,964.0,823.0,1215.5,963.5,823.5,0.0,1000.0,0.0,-10.625,0.5,-100.375,0.0,0.0,0.0,0.0,0.0,0.0,392.0,0
3.22,1215.0,964.0,823.0,1215.5,964.5,823.5,0.0,0.0,0.0,-9.375,0.5,-99.625,0.0,0.0,0.0,0.0,0.0,0.0,392.0,0
3.221,1215.0,964.0,823.0,1215.5,964.5,823.5,0.0,0.0,0.0,-9.375,0.5,-99.625,0.0,0.0,0.0,0.0,0.0,0.0,392.0,0
3.222,1216.0,965.0,823.0,1215.5,964.5,823.5,1000.0,1000.0,0.0,-9.375,0.5,-99.625,0.0,0.0,0.0,0.0,0.0,0.0,393.0,0
3.223,1216.0,965.0,823.0,1216.5,965.5,823.5,0.0,0.0,0.0,-9.125,0.5,-98.875,0.0,0.0,0.0,0.0,0.0,0.0,393.0,0
3.224,1217.0,965.0,823.0,1216.5,965.5,823.5,1000.0,0.0,0.0,-9.125,0.5,-98.875,0.0,0.0,0.0,0.0,0.0,0.0,394.0,0
3.225,1218.0,966.0,823.0,1217.5,965.5,823.5,1000.0,1000.0,0.0,-10.125,0.5,-98.875,0.0,0.0,0.0,0.0,0.0,0.0,395.0,0
3.226,1218.0,966.0,823.0,1218.5,966.5,823.5,0.0,0.0,0.0,-9.875,0.5,-98.125,0.0,0.0,0.0,0.0,0.0,0.0,395.0,0
3.227,1219.0,966.0,823.0,1218.5,966.5,823.5,1000.0,0.0,0.0,-9.875,0.5,-98.125,0.0,0.0,0.0,0.0,0.0,0.0,396.0,0
3.228,1220.0,967.0,823.0,1219.5,966.5,823.5,1000.0,1000.0,0.0,-10.875,0.5,-98.125,0.0,0.0,0.0,0.0,0.0,0.0,397.0,0
3.229,1220.0,967.0,823.0,1220.5,967.5,823.5,0.0,0.0,0.0,-10.625,0.5,-97.375,0.0,0.0,0.0,0.0,0.0,0.0,397.0,0
3.23,1220.0,967.0,823.0,1220.5,967.5,823.5,0.0,0.0,0.0,-10.625,0.5,-97.375,0.0,0.0,0.0,0.0,0.0,0.0,397.0,0
3.231,1220.0,968.0,823.0,1220.5,967.5,823.5,0.0,1000.0,0.0,-10.625,0.5,-97.375,0.0,0.0,0.0,0.0,0.0,0.0,397.0,0
3.232,1220.0,968.0,823.0,1220.5,968.5,823.5,0.0,0.0,0.0,-9.375,0.5,-96.625,0.0,0.0,0.0,0.0,0.0,0.0,397.0,0
3.233,1220.0,968.0,823.0,1220.5,968.5,823.5,0.0,0.0,0.0,-9.375,0.5,-96.625,0.0,0.0,0.0,0.0,0.0,0.0,397.0,0
3.234,1221.0,968.0,823.0,1220.5,968.5,823.5,1000.0,0.0,0.0,-9.375,0.5,-96.625,0.0,0.0,0.0,0.0,0.0,0.0,398.0,0
3.235,1221.0,969.0,823.0,1221.5,968.5,823.5,0.0,1000.0,0.0,-10.375,0.5,-96.625,0.0,0.0,0.0,0.0,0.0,0.0,398.0,0
3.236,1222.0,969.0,823.0,1221.5,969.5,823.5,1000.0,0.0,0.0,-9.125,0.5,-95.875,0.0,0.0,0.0,0.0,0.0,0.0,399.0,0
3.237,1222.0,969.0,823.0,1222.5,969.5,823.5,0.0,0.0,0.0,-10.125,0.5,-95.875,0.0,0.0,0.0,0.0,0.0,0.0,399.0,0
3.238,1222.0,970.0,823.0,1222.5,969.5,823.5,0.0,1000.0,0.0,-10.125,0.5,-95.875,0.0,0.0,0.0,0.0,0.0,0.0,399.0,0
3.239,1223.0,970.0,823.0,1222.5,970.5,823.5,1000.0,0.0,0.0,-8.875,0.5,-95.125,0.0,0.0,0.0,0.0,0.0,0.0,400.0,0
3.24,1223.0,970.0,823.0,1223.5,970.5,823.5,0.0,0.0,0.0,-9.875,0.5,-95.125,0.0,0.0,0.0,0.0,0.0,0.0,400.0,0
3.241,1224.0,971.0,823.0,1223.5,970.5,823.5,1000.0,1000.0,0.0,-9.875,0.5,-95.125,0.0,0.0,0.0,0.0,0.0,0.0,401.0,0
3.242,1225.0,971.0,823.0,1224.5,971.5,823.5,1000.0,0.0,0.0,-9.625,0.5,-94.375,0.0,0.0,0.0,0.0,0.0,0.0,402.0,0
3.243,1225.0,971.0,823.0,1225.5,971.5,823.5,0.0,0.0,0.0,-10.625,0.5,-94.375,0.0,0.0,0.0,0.0,0.0,0.0,402.0,0
3.244,1226.0,972.0,823.0,1225.5,971.5,823.5,1000.0,1000.0,0.0,-10.625,0.5,-94.375,0.0,0.0,0.0,0.0,0.0,0.0,403.0,0
3.245,1226.0,972.0,823.0,1226.5,972.5,823.5,0.0,0.0,0.0,-10.375,0.5,-93.625,0.0,0.0,0.0,0.0,0.0,0.0,403.0,0
3.246,1226.0,972.0,823.0,1226.5,972.5,823.5,0.0,0.0,0.0,-10.375,0.5,-93.625,0.0,0.0,0.0,0.0,0.0,0.0,403.0,0
3.247,1226.0,973.0,823.0,1226.5,972.5,823.5,0.0,1000.0,0.0,-10.375,0.5,-93.625,0.0,0.0,0.0,0.0,0.0,0.0,403.0,0
3.248,1226.0,973.0,823.0,1226.5,973.5,823.5,0.0,0.0,0.0,-9.125,0.5,-92.875,0.0,0.0,0.0,0.0,0.0,0.0,403.0,0
3.249,1226.0,973.0,823.0,1226.5,973.5,823.5,0.0,0.0,0.0,-9.125,0.5,-92.875,0.0,0.0,0.0,0.0,0.0,0.0,403.0,0
3.25,1227.0,974.0,823.0,1226.5,973.5,823.5,1000.0,1000.0,0.0,-9.125,0.5,-92.875,0.0,0.0,0.0,0.0,0.0,0.0,404.0,0
3.251,1227.0,974.0,823.0,1227.5,974.5,823.5,0.0,0.0,0.0,-8.875,0.5,-92.125,0.0,0.0,0.0,0.0,0.0,0.0,404.0,0
3.2520000000000002,1228.0,974.0,823.0,1227.5,974.5,823.5,1000.0,0.0,0.0,-8.875,0.5,-92.125,0.0,0.0,0.0,0.0,0.0,0.0,405.0,0
3.253,1229.0,975.0,823.0,1228.5,974.5,823.5,1000.0,1000.0,0.0,-9.875,0.5,-92.125,0.0,0.0,0.0,0.0,0.0,0.0,406.0,0
3.254,1230.0,975.0,823.0,1229.5,975.5,823.5,1000.0,0.0,0.0,-9.625,0.5,-91.375,0.0,0.0,0.0,0.0,0.0,0.0,407.0,0
3.255,1230.0,975.0,823.0,1230.5,975.5,823.5,0.0,0.0,0.0,-10.625,0.5,-91.375,0.0,0.0,0.0,0.0,0.0,0.0,407.0,0
3.2560000000000002,1230.0,975.0,823.0,1230.5,975.5,823.5,0.0,0.0,0.0,-10.625,0.5,-91.375,0.0,0.0,0.0,0.0,0.0,0.0,407.0,0
3.257,1231.0,976.0,823.0,1230.5,975.5,823.5,1000.0,1000.0,0.0,-10.625,0.5,-91.375,0.0,0.0,0.0,0.0,0.0,0.0,408.0,0
3.258,1231.0,976.0,823.0,1231.5,976.5,823.5,0.0,0.0,0.0,-10.375,0.5,-90.625,0.0,0.0,0.0,0.0,0.0,0.0,408.0,0
3.259,1231.0,976.0,823.0,1231.5,976.5,823.5,0.0,0.0,0.0,-10.375,0.5,-90.625,0.0,0.0,0.0,0.0,0.0,0.0,408.0,0
3.2600000000000002,1231.0,977.0,823.0,1231.5,976.5,823.5,0.0,1000.0,0.0,-10.375,0.5,-90.625,0.0,0.0,0.0,0.0,0.0,0.0,408.0,0
3.261,1231.0,977.0,823.0,1231.5,977.5,823.5,0.0,0.0,0.0,-9.125,0.5,-89.875,0.0,0.0,0.0,0.0,0.0,0.0,408.0,0
3.262,1231.0,977.0,823.0,1231.5,977.5,823.5,0.0,0.0,0.0,-9.125,0.5,-89.875,0.0,0.0,0.0,0.0,0.0,0.0,408.0,0
3.263,1232.0,978.0,823.0,1231.5,977.5,823.5,1000.0,1000.0,0.0,-9.125,0.5,-89.875,0.0,0.0,0.0,0.0,0.0,0.0,409.0,0
3.2640000000000002,1232.0,978.0,823.0,1232.5,978.5,823.5,0.0,0.0,0.0,-8.875,0.5,-89.125,0.0,0.0,0.0,0.0,0.0,0.0,409.0,0
3.265,1233.0,978.0,823.0,1232.5,978.5,823.5,1000.0,0.0,0.0,-8.875,0.5,-89.125,0.0,0.0,0.0,0.0,0.0,0.0,410.0,0
3.266,1234.0,979.0,823.0,1233.5,978.5,823.5,1000.0,1000.0,0.0,-9.875,0.5,-89.125,0.0,0.0,0.0,0.0,0.0,0.0,411.0,0
3.267,1235.0,979.0,823.0,1234.5,979.5,823.5,1000.0,0.0,0.0,-9.625,0.5,-88.375,0.0,0.0,0.0,0.0,0.0,0.0,412.0,0
3.2680000000000002,1235.0,979.0,823.0,1235.5,979.5,823.5,0.0,0.0,0.0,-10.625,0.5,-88.375,0.0,0.0,0.0,0.0,0.0,0.0,412.0,0
3.269,1235.0,980.0,823.0,1235.5,979.5,823.5,0.0,1000.0,0.0,-10.625,0.5,-88.375,0.0,0.0,0.0,0.0,0.0,0.0,412.0,0
3.27,1236.0,980.0,823.0,1235.5,980.5,823.5,1000.0,0.0,0.0,-9.375,0.5,-87.625,0.0,0.0,0.0,0.0,0.0,0.0,413.0,0
3.271,1236.0,980.0,823.0,1236.5,980.5,823.5,0.0,0.0,0.0,-10.375,0.5,-87.625,0.0,0.0,0.0,0.0,0.0,0.0,413.0,0
3.2720000000000002,1236.0,981.0,823.0,1236.5,980.5,823.5,0.0,1000.0,0.0,-10.375,0.5,-87.625,0.0,0.0,0.0,0.0,0.0,0.0,413.0,0
3.273,1237.0,981.0,823.0,1236.5,981.5,823.5,1000.0,0.0,0.0,-9.125,0.5,-86.875,0.0,0.0,0.0,0.0,0.0,0.0,414.0,0
3.274,1237.0,981.0,823.0,1237.5,981.5,823.5,0.0,0.0,0.0,-10.125,0.5,-86.875,0.0,0.0,0.0,0.0,0.0,0.0,414.0,0
3.275,1237.0,981.0,823.0,1237.5,981.5,823.5,0.0,0.0,0.0,-10.125,0.5,-86.875,0.0,0.0,0.0,0.0,0.0,0.0,414.0,0
3.2760000000000002,1237.0,982.0,823.0,1237.5,981.5,823.5,0.0,1000.0,0.0,-10.125,0.5,-86.875,0.0,0.0,0.0,0.0,0.0,0.0,414.0,0
3.277,1237.0,982.0,823.0,1237.5,982.5,823.5,0.0,0.0,0.0,-8.875,0.5,-86.125,0.0,0.0,0.0,0.0,0.0,0.0,414.0,0
3.278,1237.0,982.0,823.0,1237.5,982.5,823.5,0.0,0.0,0.0,-8.875,0.5,-86.125,0.0,0.0,0.0,0.0,0.0,0.0,414.0,0
3.279,1238.0,983.0,823.0,1237.5,982.5,823.5,1000.0,1000.0,0.0,-8.875,0.5,-86.125,0.0,0.0,0.0,0.0,0.0,0.0,415.0,0
3.2800000000000002,1238.0,983.0,823.0,1238.5,983.5,823.5,0.0,0.0,0.0,-8.625,0.5,-85.375,0.0,0.0,0.0,0.0,0.0,0.0,415.0,0
3.281,1239.0,983.0,823.0,1238.5,983.5,823.5,1000.0,0.0,0.0,-8.625,0.5,-85.375,0.0,0.0,0.0,0.0,0.0,0.0,416.0,0
3.282,1240.0,984.0,823.0,1239.5,983.5,823.5,1000.0,1000.0,0.0,-9.625,0.5,-85.375,0.0,0.0,0.0,0.0,0.0,0.0,417.0,0
3.283,1241.0,984.0,823.0,1240.5,984.5,823.5,1000.0,0.0,0.0,-9.375,0.5,-84.625,0.0,0.0,0.0,0.0,0.0,0.0,418.0,0
3.2840000000000003,1241.0,984.0,823.0,1241.5,984.5,823.5,0.0,0.0,0.0,-10.375,0.5,-84.625,0.0,0.0,0.0,0.0,0.0,0.0,418.0,0
3.285,1241.0,985.0,823.0,1241.5,984.5,823.5,0.0,1000.0,0.0,-10.375,0.5,-84.625,0.0,0.0,0.0,0.0,0.0,0.0,418.0,0
3.286,1242.0,985.0,823.0,1241.5,985.5,823.5,1000.0,0.0,0.0,-9.125,0.5,-83.875,0.0,0.0,0.0,0.0,0.0,0.0,419.0,0
3.287,1242.0,985.0,823.0,1242.5,985.5,823.5,0.0,0.0,0.0,-10.125,0.5,-83.875,0.0,0.0,0.0,0.0,0.0,0.0,419.0,0
3.2880000000000003,1242.0,986.0,823.0,1242.5,985.5,823.5,0.0,1000.0,0.0,-10.125,0.5,-83.875,0.0,0.0,0.0,0.0,0.0,0.0,419.0,0
3.289,1243.0,986.0,823.0,1242.5,986.5,823.5,1000.0,0.0,0.0,-8.875,0.5,-83.125,0.0,0.0,0.0,0.0,0.0,0.0,420.0,0
3.29,1243.0,986.0,823.0,1243.5,986.5,823.5,0.0,0.0,0.0,-9.875,0.5,-83.125,0.0,0.0,0.0,0.0,0.0,0.0,420.0,0
3.291,1244.0,987.0,823.0,1243.5,986.5,823.5,1000.0,1000.0,0.0,-9.875,0.5,-83.125,0.0,0.0,0.0,0.0,0.0,0.0,421.0,0
3.2920000000000003,1245.0,987.0,823.0,1244.5,987.5,823.5,1000.0,0.0,0.0,-9.625,0.5,-82.375,0.0,0.0,0.0,0.0,0.0,0.0,422.0,0
3.293,1245.0,987.0,823.0,1245.5,987.5,823.5,0.0,0.0,0.0,-10.625,0.5,-82.375,0.0,0.0,0.0,0.0,0.0,0.0,422.0,0
3.294,1246.0,988.0,823.0,1245.5,987.5,823.5,1000.0,1000.0,0.0,-10.625,0.5,-82.375,0.0,0.0,0.0,0.0,0.0,0.0,423.0,0
3.295,1246.0,988.0,823.0,1246.5,988.5,823.5,0.0,0.0,0.0,-10.375,0.5,-81.625,0.0,0.0,0.0,0.0,0.0,0.0,423.0,0
3.2960000000000003,1246.0,988.0,823.0,1246.5,988.5,823.5,0.0,0.0,0.0,-10.375,0.5,-81.625,0.0,0.0,0.0,0.0,0.0,0.0,423.0,0
3.297,1246.0,988.0,823.0,1246.5,988.5,823.5,0.0,0.0,0.0,-10.375,0.5,-81.625,0.0,0.0,0.0,0.0,0.0,0.0,423.0,0
3.298,1246.0,989.0,823.0,1246.5,988.5,823.5,0.0,1000.0,0.0,-10.375,0.5,-81.625,0.0,0.0,0.0,0.0,0.0,0.0,423.0,0
3.299,1246.0,989.0,823.0,1246.5,989.5,823.5,0.0,0.0,0.0,-9.125,0.5,-80.875,0.0,0.0,0.0,0.0,0.0,0.0,423.0,0
3.3000000000000003,1246.0,989.0,823.0,1246.5,989.5,823.5,0.0,0.0,0.0,-9.125,0.5,-80.875,0.0,0.0,0.0,0.0,0.0,0.0,423.0,0
3.301,1247.0,990.0,823.0,1246.5,989.5,823.5,1000.0,1000.0,0.0,-9.125,0.5,-80.875,0.0,0.0,0.0,0.0,0.0,0.0,424.0,0
3.302,1247.0,990.0,823.0,1247.5,990.5,823.5,0.0,0.0,0.0,-8.875,0.5,-80.125,0.0,0.0,0.0,0.0,0.0,0.0,424.0,0
3.303,1248.0,990.0,823.0,1247.5,990.5,823.5,1000.0,0.0,0.0,-8.875,0.5,-80.125,0.0,0.0,0.0,0.0,0.0,0.0,425.0,0
3.3040000000000003,1249.0,991.0,823.0,1248.5,990.5,823.5,1000.0,1000.0,0.0,-9.875,0.5,-80.125,0.0,0.0,0.0,0.0,0.0,0.0,426.0,0
3.305,1250.0,991.0,823.0,1249.5,991.5,823.5,1000.0,0.0,0.0,-9.625,0.5,-79.375,0.0,0.0,0.0,0.0,0.0,0.0,427.0,0
3.306,1250.0,991.0,823.0,1250.5,991.5,823.5,0.0,0.0,0.0,-10.625,0.5,-79.375,0.0,0.0,0.0,0.0,0.0,0.0,427.0,0
3.307,1250.0,992.0,823.0,1250.5,991.5,823.5,0.0,1000.0,0.0,-10.625,0.5,-79.375,0.0,0.0,0.0,0.0,0.0,0.0,427.0,0
3.3080000000000003,1251.0,992.0,823.0,1250.5,992.5,823.5,1000.0,0.0,0.0,-9.375,0.5,-78.625,0.0,0.0,0.0,0.0,0.0,0.0,428.0,0
3.309,1251.0,992.0,823.0,1251.5,992.5,823.5,0.0,0.0,0.0,-10.375,0.5,-78.625,0.0,0.0,0.0,0.0,0.0,0.0,428.0,0
3.31,1251.0,993.0,823.0,1251.5,992.5,823.5,0.0,1000.0,0.0,-10.375,0.5,-78.625,0.0,0.0,0.0,0.0,0.0,0.0,428.0,0
3.311,1252.0,993.0,823.0,1251.5,993.5,823.5,1000.0,0.0,0.0,-9.125,0.5,-77.875,0.0,0.0,0.0,0.0,0.0,0.0,429.0,0
3.3120000000000003,1252.0,993.0,823.0,1252.5,993.5,823.5,0.0,0.0,0.0,-10.125,0.5,-77.875,0.0,0.0,0.0,0.0,0.0,0.0,429.0,0
3.313,1252.0,994.0,823.0,1252.5,993.5,823.5,0.0,1000.0,0.0,-10.125,0.5,-77.875,0.0,0.0,0.0,0.0,0.0,0.0,429.0,0
3.314,1252.0,994.0,823.0,1252.5,994.5,823.5,0.0,0.0,0.0,-8.875,0.5,-77.125,0.0,0.0,0.0,0.0,0.0,0.0,429.0,0
3.315,1252.0,994.0,823.0,1252.5,994.5,823.5,0.0,0.0,0.0,-8.875,0.5,-77.125,0.0,0.0,0.0,0.0,0.0,0.0,429.0,0
3.3160000000000003,1253.0,995.0,823.0,1252.5,994.5,823.5,1000.0,1000.0,0.0,-8.875,0.5,-77.125,0.0,0.0,0.0,0.0,0.0,0.0,430.0,0
3.317,1253.0,995.0,823.0,1253.5,995.5,823.5,0.0,0.0,0.0,-8.625,0.5,-76.375,0.0,0.0,0.0,0.0,0.0,0.0,430.0,0
3.318,1254.0,995.0,823.0,1253.5,995.5,823.5,1000.0,0.0,0.0,-8.625,0.5,-76.375,0.0,0.0,0.0,0.0,0.0,0.0,431.0,0
3.319,1255.0,995.0,823.0,1254.5,995.5,823.5,1000.0,0.0,0.0,-9.625,0.5,-76.375,0.0,0.0,0.0,0.0,0.0,0.0,432.0,0
3.3200000000000003,1255.0,996.0,823.0,1255.5,995.5,823.5,0.0,1000.0,0.0,-10.625,0.5,-76.375,0.0,0.0,0.0,0.0,0.0,0.0,432.0,0
3.321,1256.0,996.0,823.0,1255.5,996.5,823.5,1000.0,0.0,0.0,-9.375,0.5,-75.625,0.0,0.0,0.0,0.0,0.0,0.0,433.0,0
3.322,1257.0,996.0,823.0,1256.5,996.5,823.5,1000.0,0.0,0.0,-10.375,0.5,-75.625,0.0,0.0,0.0,0.0,0.0,0.0,434.0,0
3.323,1257.0,997.0,823.0,1257.5,996.5,823.5,0.0,1000.0,0.0,-11.375,0.5,-75.625,0.0,0.0,0.0,0.0,0.0,0.0,434.0,0
3.3240000000000003,1257.0,997.0,823.0,1257.5,997.5,823.5,0.0,0.0,0.0,-10.125,0.5,-74.875,0.0,0.0,0.0,0.0,0.0,0.0,434.0,0
3.325,1257.0,997.0,823.0,1257.5,997.5,823.5,0.0,0.0,0.0,-10.125,0.5,-74.875,0.0,0.0,0.0,0.0,0.0,0.0,434.0,0
3.326,1257.0,998.0,823.0,1257.5,997.5,823.5,0.0,1000.0,0.0,-10.125,0.5,-74.875,0.0,0.0,0.0,0.0,0.0,0.0,434.0,0
3.327,1257.0,998.0,823.0,1257.5,998.5,823.5,0.0,0.0,0.0,-8.875,0.5,-74.125,0.0,0.0,0.0,0.0,0.0,0.0,434.0,0
3.3280000000000003,1257.0,998.0,823.0,1257.5,998.5,823.5,0.0,0.0,0.0,-8.875,0.5,-74.125,0.0,0.0,0.0,0.0,0.0,0.0,434.0,0
3.329,1258.0,999.0,823.0,1257.5,998.5,823.5,1000.0,1000.0,0.0,-8.875,0.5,-74.125,0.0,0.0,0.0,0.0,0.0,0.0,435.0,0
3.33,1258.0,999.0,823.0,1258.5,999.5,823.5,0.0,0.0,0.0,-8.625,0.5,-73.375,0.0,0.0,0.0,0.0,0.0,0.0,435.0,0
3.331,1259.0,999.0,823.0,1258.5,999.5,823.5,1000.0,0.0,0.0,-8.625,0.5,-73.375,0.0,0.0,0.0,0.0,0.0,0.0,436.0,0
3.332,1260.0,1000.0,823.0,1259.5,999.5,823.5,1000.0,1000.0,0.0,-9.625,0.5,-73.375,0.0,0.0,0.0,0.0,0.0,0.0,437.0,0
3.333,1261.0,1000.0,823.0,1260.5,1000.5,823.5,1000.0,0.0,0.0,-9.375,0.5,-72.625,0.0,0.0,0.0,0.0,0.0,0.0,438.0,0
3.334,1261.0,1000.0,823.0,1261.5,1000.5,823.5,0.0,0.0,0.0,-10.375,0.5,-72.625,0.0,0.0,0.0,0.0,0.0,0.0,438.0,0
3.335,1261.0,1001.0,823.0,1261.5,1000.5,823.5,0.0,1000.0,0.0,-10.375,0.5,-72.625,0.0,0.0,0.0,0.0,0.0,0.0,438.0,0
3.336,1262.0,1001.0,823.0,1261.5,1001.5,823.5,1000.0,0.0,0.0,-9.125,0.5,-71.875,0.0,0.0,0.0,0.0,0.0,0.0,439.0,0
3.337,1262.0,1001.0,823.0,1262.5,1001.5,823.5,0.0,0.0,0.0,-10.125,0.5,-71.875,0.0,0.0,0.0,0.0,0.0,0.0,439.0,0
3.338,1262.0,1001.0,823.0,1262.5,1001.5,823.5,0.0,0.0,0.0,-10.125,0.5,-71.875,0.0,0.0,0.0,0.0,0.0,0.0,439.0,0
3.339,1262.0,1002.0,823.0,1262.5,1001.5,823.5,0.0,1000.0,0.0,-10.125,0.5,-71.875,0.0,0.0,0.0,0.0,0.0,0.0,439.0,0
3.34,1262.0,1002.0,823.0,1262.5,1002.5,823.5,0.0,0.0,0.0,-8.875,0.5,-71.125,0.0,0.0,0.0,0.0,0.0,0.0,439.0,0
3.341,1262.0,1002.0,823.0,1262.5,1002.5,823.5,0.0,0.0,0.0,-8.875,0.5,-71.125,0.0,0.0,0.0,0.0,0.0,0.0,439.0,0
3.342,1263.0,1003.0,823.0,1262.5,1002.5,823.5,1000.0,1000.0,0.0,-8.875,0.5,-71.125,0.0,0.0,0.0,0.0,0.0,0.0,440.0,0
3.343,1263.0,1003.0,823.0,1263.5,1003.5,823.5,0.0,0.0,0.0,-8.625,0.5,-70.375,0.0,0.0,0.0,0.0,0.0,0.0,440.0,0
3.344,1264.0,1003.0,823.0,1263.5,1003.5,823.5,1000.0,0.0,0.0,-8.625,0.5,-70.375,0.0,0.0,0.0,0.0,0.0,0.0,441.0,0
3.345,1265.0,1004.0,823.0,1264.5,1003.5,823.5,1000.0,1000.0,0.0,-9.625,0.5,-70.375,0.0,0.0,0.0,0.0,0.0,0.0,442.0,0
3.346,1266.0,1004.0,823.0,1265.5,1004.5,823.5,1000.0,0.0,0.0,-9.375,0.5,-69.625,0.0,0.0,0.0,0.0,0.0,0.0,443.0,0
3.347,1266.0,1004.0,823.0,1266.5,1004.5,823.5,0.0,0.0,0.0,-10.375,0.5,-69.625,0.0,0.0,0.0,0.0,0.0,0.0,443.0,0
3.348,1266.0,1005.0,823.0,1266.5,1004.5,823.5,0.0,1000.0,0.0,-10.375,0.5,-69.625,0.0,0.0,0.0,0.0,0.0,0.0,443.0,0
3.349,1267.0,1005.0,823.0,1266.5,1005.5,823.5,1000.0,0.0,0.0,-9.125,0.5,-68.875,0.0,0.0,0.0,0.0,0.0,0.0,444.0,0
3.35,1267.0,1005.0,823.0,1267.5,1005.5,823.5,0.0,0.0,0.0,-10.125,0.5,-68.875,0.0,0.0,0.0,0.0,0.0,0.0,444.0,0
3.351,1267.0,1006.0,823.0,1267.5,1005.5,823.5,0.0,1000.0,0.0,-10.125,0.5,-68.875,0.0,0.0,0.0,0.0,0.0,0.0,444.0,0
3.352,1268.0,1006.0,823.0,1267.5,1006.5,823.5,1000.0,0.0,0.0,-8.875,0.5,-68.125,0.0,0.0,0.0,0.0,0.0,0.0,445.0,0
3.353,1268.0,1006.0,823.0,1268.5,1006.5,823.5,0.0,0.0,0.0,-9.875,0.5,-68.125,0.0,0.0,0.0,0.0,0.0,0.0,445.0,0
3.354,1269.0,1007.0,823.0,1268.5,1006.5,823.5,1000.0,1000.0,0.0,-9.875,0.5,-68.125,0.0,0.0,0.0,0.0,0.0,0.0,446.0,0
3.355,1270.0,1007.0,823.0,1269.5,1007.5,823.5,1000.0,0.0,0.0,-9.625,0.5,-67.375,0.0,0.0,0.0,0.0,0.0,0.0,447.0,0
3.356,1270.0,1007.0,823.0,1270.5,1007.5,823.5,0.0,0.0,0.0,-10.625,0.5,-67.375,0.0,0.0,0.0,0.0,0.0,0.0,447.0,0
3.357,1271.0,1008.0,823.0,1270.5,1007.5,823.5,1000.0,1000.0,0.0,-10.625,0.5,-67.375,0.0,0.0,0.0,0.0,0.0,0.0,448.0,0
3.358,1271.0,1008.0,823.0,1271.5,1008.5,823.5,0.0,0.0,0.0,-10.375,0.5,-66.625,0.0,0.0,0.0,0.0,0.0,0.0,448.0,0
3.359,1271.0,1008.0,823.0,1271.5,1008.5,823.5,0.0,0.0,0.0,-10.375,0.5,-66.625,0.0,0.0,0.0,0.0,0.0,0.0,448.0,0
3.36,1271.0,1008.0,823.0,1271.5,1008.5,823.5,0.0,0.0,0.0,-10.375,0.5,-66.625,0.0,0.0,0.0,0.0,0.0,0.0,448.0,0
3.361,1271.0,1009.0,823.0,1271.5,1008.5,823.5,0.0,1000.0,0.0,-10.375,0.5,-66.625,0.0,0.0,0.0,0.0,0.0,0.0,448.0,0
3.362,1271.0,1009.0,823.0,1271.5,1009.5,823.5,0.0,0.0,0.0,-9.125,0.5,-65.875,0.0,0.0,0.0,0.0,0.0,0.0,448.0,0
3.363,1271.0,1009.0,823.0,1271.5,1009.5,823.5,0.0,0.0,0.0,-9.125,0.5,-65.875,0.0,0.0,0.0,0.0,0.0,0.0,448.0,0
3.364,1272.0,1010.0,823.0,1271.5,1009.5,823.5,1000.0,1000.0,0.0,-9.125,0.5,-65.875,0.0,0.0,0.0,0.0,0.0,0.0,449.0,0
3.365,1272.0,1010.0,823.0,1272.5,1010.5,823.5,0.0,0.0,0.0,-8.875,0.5,-65.125,0.0,0.0,0.0,0.0,0.0,0.0,449.0,0
3.366,1273.0,1010.0,823.0,1272.5,1010.5,823.5,1000.0,0.0,0.0,-8.875,0.5,-65.125,0.0,0.0,0.0,0.0,0.0,0.0,450.0,0
3.367,1274.0,1011.0,823.0,1273.5,1010.5,823.5,1000.0,1000.0,0.0,-9.875,0.5,-65.125,0.0,0.0,0.0,0.0,0.0,0.0,451.0,0
3.368,1275.0,1011.0,823.0,1274.5,1011.5,823.5,1000.0,0.0,0.0,-9.625,0.5,-64.375,0.0,0.0,0.0,0.0,0.0,0.0,452.0,0
3.369,1275.0,1011.0,823.0,1275.5,1011.5,823.5,0.0,0.0,0.0,-10.625,0.5,-64.375,0.0,0.0,0.0,0.0,0.0,0.0,452.0,0
3.37,1275.0,1012.0,823.0,1275.5,1011.5,823.5,0.0,1000.0,0.0,-10.625,0.5,-64.375,0.0,0.0,0.0,0.0,0.0,0.0,452.0,0
3.371,1276.0,1012.0,823.0,1275.5,1012.5,823.5,1000.0,0.0,0.0,-9.375,0.5,-63.625,0.0,0.0,0.0,0.0,0.0,0.0,453.0,0
3.372,1276.0,1012.0,823.0,1276.5,1012.5,823.5,0.0,0.0,0.0,-10.375,0.5,-63.625,0.0,0.0,0.0,0.0,0.0,0.0,453.0,0
3.373,1276.0,1013.0,823.0,1276.5,1012.5,823.5,0.0,1000.0,0.0,-10.375,0.5,-63.625,0.0,0.0,0.0,0.0,0.0,0.0,453.0,0
3.374,1277.0,1013.0,823.0,1276.5,1013.5,823.5,1000.0,0.0,0.0,-9.125,0.5,-62.875,0.0,0.0,0.0,0.0,0.0,0.0,454.0,0
3.375,1277.0,1013.0,823.0,1277.5,1013.5,823.5,0.0,0.0,0.0,-10.125,0.5,-62.875,0.0,0.0,0.0,0.0,0.0,0.0,454.0,0
3.376,1277.0,1014.0,823.0,1277.5,1013.5,823.5,0.0,1000.0,0.0,-10.125,0.5,-62.875,0.0,0.0,0.0,0.0,0.0,0.0,454.0,0
3.3770000000000002,1277.0,1014.0,823.0,1277.5,1014.5,823.5,0.0,0.0,0.0,-8.875,0.5,-62.125,0.0,0.0,0.0,0.0,0.0,0.0,454.0,0
3.378,1277.0,1014.0,823.0,1277.5,1014.5,823.5,0.0,0.0,0.0,-8.875,0.5,-62.125,0.0,0.0,0.0,0.0,0.0,0.0,454.0,0
3.379,1278.0,1014.0,823.0,1277.5,1014.5,823.5,1000.0,0.0,0.0,-8.875,0.5,-62.125,0.0,0.0,0.0,0.0,0.0,0.0,455.0,0
3.38,1278.0,1015.0,823.0,1278.5,1014.5,823.5,0.0,1000.0,0.0,-9.875,0.5,-62.125,0.0,0.0,0.0,0.0,0.0,0.0,455.0,0
3.3810000000000002,1279.0,1015.0,823.0,1278.5,1015.5,823.5,1000.0,0.0,0.0,-8.625,0.5,-61.375,0.0,0.0,0.0,0.0,0.0,0.0,456.0,0
3.382,1280.0,1015.0,823.0,1279.5,1015.5,823.5,1000.0,0.0,0.0,-9.625,0.5,-61.375,0.0,0.0,0.0,0.0,0.0,0.0,457.0,0
3.383,1280.0,1016.0,823.0,1280.5,1015.5,823.5,0.0,1000.0,0.0,-10.625,0.5,-61.375,0.0,0.0,0.0,0.0,0.0,0.0,457.0,0
3.384,1281.0,1016.0,823.0,1280.5,1016.5,823.5,1000.0,0.0,0.0,-9.375,0.5,-60.625,0.0,0.0,0.0,0.0,0.0,0.0,458.0,0
3.3850000000000002,1282.0,1016.0,823.0,1281.5,1016.5,823.5,1000.0,0.0,0.0,-10.375,0.5,-60.625,0.0,0.0,0.0,0.0,0.0,0.0,459.0,0
3.386,1282.0,1017.0,823.0,1282.5,1016.5,823.5,0.0,1000.0,0.0,-11.375,0.5,-60.625,0.0,0.0,0.0,0.0,0.0,0.0,459.0,0
3.387,1282.0,1017.0,823.0,1282.5,1017.5,823.5,0.0,0.0,0.0,-10.125,0.5,-59.875,0.0,0.0,0.0,0.0,0.0,0.0,459.0,0
3.388,1282.0,1017.0,823.0,1282.5,1017.5,823.5,0.0,0.0,0.0,-10.125,0.5,-59.875,0.0,0.0,0.0,0.0,0.0,0.0,459.0,0
3.3890000000000002,1282.0,1018.0,823.0,1282.5,1017.5,823.5,0.0,1000.0,0.0,-10.125,0.5,-59.875,0.0,0.0,0.0,0.0,0.0,0.0,459.0,0
3.39,1282.0,1018.0,823.0,1282.5,1018.5,823.5,0.0,0.0,0.0,-8.875,0.5,-59.125,0.0,0.0,0.0,0.0,0.0,0.0,459.0,0
3.391,1282.0,1018.0,823.0,1282.5,1018.5,823.5,0.0,0.0,0.0,-8.875,0.5,-59.125,0.0,0.0,0.0,0.0,0.0,0.0,459.0,0
3.392,1283.0,1019.0,823.0,1282.5,1018.5,823.5,1000.0,1000.0,0.0,-8.875,0.5,-59.125,0.0,0.0,0.0,0.0,0.0,0.0,460.0,0
3.3930000000000002,1283.0,1019.0,823.0,1283.5,1019.5,823.5,0.0,0.0,0.0,-8.625,0.5,-58.375,0.0,0.0,0.0,0.0,0.0,0.0,460.0,0
3.394,1284.0,1019.0,823.0,1283.5,1019.5,823.5,1000.0,0.0,0.0,-8.625,0.5,-58.375,0.0,0.0,0.0,0.0,0.0,0.0,461.0,0
3.395,1285.0,1020.0,823.0,1284.5,1019.5,823.5,1000.0,1000.0,0.0,-9.625,0.5,-58.375,0.0,0.0,0.0,0.0,0.0,0.0,462.0,0
3.396,1286.0,1020.0,823.0,1285.5,1020.5,823.5,1000.0,0.0,0.0,-9.375,0.5,-57.625,0.0,0.0,0.0,0.0,0.0,0.0,463.0,0
3.3970000000000002,1286.0,1020.0,823.0,1286.5,1020.5,823.5,0.0,0.0,0.0,-10.375,0.5,-57.625,0.0,0.0,0.0,0.0,0.0,0.0,463.0,0
3.398,1286.0,1021.0,823.0,1286.5,1020.5,823.5,0.0,1000.0,0.0,-10.375,0.5,-57.625,0.0,0.0,0.0,0.0,0.0,0.0,463.0,0
3.399,1287.0,1021.0,823.0,1286.5,1021.5,823.5,1000.0,0.0,0.0,-9.125,0.5,-56.875,0.0,0.0,0.0,0.0,0.0,0.0,464.0,0
3.4,1287.0,1021.0,823.0,1287.5,1021.5,823.5,0.0,0.0,0.0,-10.125,0.5,-56.875,0.0,0.0,0.0,0.0,0.0,0.0,464.0,0
3.4010000000000002,1287.0,1021.0,823.0,1287.5,1021.5,823.5,0.0,0.0,0.0,-10.125,0.5,-56.875,0.0,0.0,0.0,0.0,0.0,0.0,464.0,0
3.402,1287.0,1022.0,823.0,1287.5,1021.5,823.5,0.0,1000.0,0.0,-10.125,0.5,-56.875,0.0,0.0,0.0,0.0,0.0,0.0,464.0,0
3.403,1287.0,1022.0,823.0,1287.5,1022.5,823.5,0.0,0.0,0.0,-8.875,0.5,-56.125,0.0,0.0,0.0,0.0,0.0,0.0,464.0,0
3.404,1287.0,1022.0,823.0,1287.5,1022.5,823.5,0.0,0.0,0.0,-8.875,0.5,-56.125,0.0,0.0,0.0,0.0,0.0,0.0,464.0,0
3.4050000000000002,1288.0,1023.0,823.0,1287.5,1022.5,823.5,1000.0,1000.0,0.0,-8.875,0.5,-56.125,0.0,0.0,0.0,0.0,0.0,0.0,465.0,0
3.406,1288.0,1023.0,823.0,1288.5,1023.5,823.5,0.0,0.0,0.0,-8.625,0.5,-55.375,0.0,0.0,0.0,0.0,0.0,0.0,465.0,0
3.407,1289.0,1023.0,823.0,1288.5,1023.5,823.5,1000.0,0.0,0.0,-8.625,0.5,-55.375,0.0,0.0,0.0,0.0,0.0,0.0,466.0,0
3.408,1290.0,1024.0,823.0,1289.5,1023.5,823.5,1000.0,1000.0,0.0,-9.625,0.5,-55.375,0.0,0.0,0.0,0.0,0.0,0.0,467.0,0
3.4090000000000003,1291.0,1024.0,823.0,1290.5,1024.5,823.5,1000.0,0.0,0.0,-9.375,0.5,-54.625,0.0,0.0,0.0,0.0,0.0,0.0,468.0,0
3.41,1291.0,1024.0,823.0,1291.5,1024.5,823.5,0.0,0.0,0.0,-10.375,0.5,-54.625,0.0,0.0,0.0,0.0,0.0,0.0,468.0,0
3.411,1291.0,1025.0,823.0,1291.5,1024.5,823.5,0.0,1000.0,0.0,-10.375,0.5,-54.625,0.0,0.0,0.0,0.0,0.0,0.0,468.0,0
3.412,1292.0,1025.0,823.0,1291.5,1025.5,823.5,1000.0,0.0,0.0,-9.125,0.5,-53.875,0.0,0.0,0.0,0.0,0.0,0.0,469.0,0
3.4130000000000003,1292.0,1025.0,823.0,1292.5,1025.5,823.5,0.0,0.0,0.0,-10.125,0.5,-53.875,0.0,0.0,0.0,0.0,0.0,0.0,469.0,0
3.414,1292.0,1026.0,823.0,1292.5,1025.5,823.5,0.0,1000.0,0.0,-10.125,0.5,-53.875,0.0,0.0,0.0,0.0,0.0,0.0,469.0,0
3.415,1293.0,1026.0,823.0,1292.5,1026.5,823.5,1000.0,0.0,0.0,-8.875,0.5,-53.125,0.0,0.0,0.0,0.0,0.0,0.0,470.0,0
3.416,1293.0,1026.0,823.0,1293.5,1026.5,823.5,0.0,0.0,0.0,-9.875,0.5,-53.125,0.0,0.0,0.0,0.0,0.0,0.0,470.0,0
3.4170000000000003,1294.0,1027.0,823.0,1293.5,1026.5,823.5,1000.0,1000.0,0.0,-9.875,0.5,-53.125,0.0,0.0,0.0,0.0,0.0,0.0,471.0,0
3.418,1295.0,1027.0,823.0,1294.5,1027.5,823.5,1000.0,0.0,0.0,-9.625,0.5,-52.375,0.0,0.0,0.0,0.0,0.0,0.0,472.0,0
3.419,1295.0,1027.0,823.0,1295.5,1027.5,823.5,0.0,0.0,0.0,-10.625,0.5,-52.375,0.0,0.0,0.0,0.0,0.0,0.0,472.0,0
3.42,1296.0,1028.0,823.0,1295.5,1027.5,823.5,1000.0,1000.0,0.0,-10.625,0.5,-52.375,0.0,0.0,0.0,0.0,0.0,0.0,473.0,0
3.4210000000000003,1296.0,1028.0,823.0,1296.5,1028.5,823.5,0.0,0.0,0.0,-10.375,0.5,-51.625,0.0,0.0,0.0,0.0,0.0,0.0,473.0,0
3.422,1296.0,1028.0,823.0,1296.5,1028.5,823.5,0.0,0.0,0.0,-10.375,0.5,-51.625,0.0,0.0,0.0,0.0,0.0,0.0,473.0,0
3.423,1296.0,1028.0,823.0,1296.5,1028.5,823.5,0.0,0.0,0.0,-10.375,0.5,-51.625,0.0,0.0,0.0,0.0,0.0,0.0,473.0,0
3.424,1296.0,1029.0,823.0,1296.5,1028.5,823.5,0.0,1000.0,0.0,-10.375,0.5,-51.625,0.0,0.0,0.0,0.0,0.0,0.0,473.0,0
3.4250000000000003,1296.0,1029.0,823.0,1296.5,1029.5,823.5,0.0,0.0,0.0,-9.125,0.5,-50.875,0.0,0.0,0.0,0.0,0.0,0.0,473.0,0
3.426,1296.0,1029.0,823.0,1296.5,1029.5,823.5,0.0,0.0,0.0,-9.125,0.5,-50.875,0.0,0.0,0.0,0.0,0.0,0.0,473.0,0
3.427,1297.0,1030.0,823.0,1296.5,1029.5,823.5,1000.0,1000.0,0.0,-9.125,0.5,-50.875,0.0,0.0,0.0,0.0,0.0,0.0,474.0,0
3.428,1297.0,1030.0,823.0,1297.5,1030.5,823.5,0.0,0.0,0.0,-8.875,0.5,-50.125,0.0,0.0,0.0,0.0,0.0,0.0,474.0,0
3.4290000000000003,1298.0,1030.0,823.0,1297.5,1030.5,823.5,1000.0,0.0,0.0,-8.875,0.5,-50.125,0.0,0.0,0.0,0.0,0.0,0.0,475.0,0
3.43,1299.0,1031.0,823.0,1298.5,1030.5,823.5,1000.0,1000.0,0.0,-9.875,0.5,-50.125,0.0,0.0,0.0,0.0,0.0,0.0,476.0,0
3.431,1300.0,1031.0,823.0,1299.5,1031.5,823.5,1000.0,0.0,0.0,-9.625,0.5,-49.375,0.0,0.0,0.0,0.0,0.0,0.0,477.0,0
3.432,1300.0,1031.0,823.0,1300.5,1031.5,823.5,0.0,0.0,0.0,-10.625,0.5,-49.375,0.0,0.0,0.0,0.0,0.0,0.0,477.0,0
3.4330000000000003,1300.0,1032.0,823.0,1300.5,1031.5,823.5,0.0,1000.0,0.0,-10.625,0.5,-49.375,0.0,0.0,0.0,0.0,0.0,0.0,477.0,0
3.434,1301.0,1032.0,823.0,1300.5,1032.5,823.5,1000.0,0.0,0.0,-9.375,0.5,-48.625,0.0,0.0,0.0,0.0,0.0,0.0,478.0,0
3.435,1301.0,1032.0,823.0,1301.5,1032.5,823.5,0.0,0.0,0.0,-10.375,0.5,-48.625,0.0,0.0,0.0,0.0,0.0,0.0,478.0,0
3.436,1301.0,1033.0,823.0,1301.5,1032.5,823.5,0.0,1000.0,0.0,-10.375,0.5,-48.625,0.0,0.0,0.0,0.0,0.0,0.0,478.0,0
3.4370000000000003,1302.0,1033.0,823.0,1301.5,1033.5,823.5,1000.0,0.0,0.0,-9.125,0.5,-47.875,0.0,0.0,0.0,0.0,0.0,0.0,479.0,0
3.438,1302.0,1033.0,823.0,1302.5,1033.5,823.5,0.0,0.0,0.0,-10.125,0.5,-47.875,0.0,0.0,0.0,0.0,0.0,0.0,479.0,0
3.439,1302.0,1034.0,823.0,1302.5,1033.5,823.5,0.0,1000.0,0.0,-10.125,0.5,-47.875,0.0,0.0,0.0,0.0,0.0,0.0,479.0,0
3.44,1302.0,1034.0,823.0,1302.5,1034.5,823.5,0.0,0.0,0.0,-8.875,0.5,-47.125,0.0,0.0,0.0,0.0,0.0,0.0,479.0,0
3.4410000000000003,1302.0,1034.0,823.0,1302.5,1034.5,823.5,0.0,0.0,0.0,-8.875,0.5,-47.125,0.0,0.0,0.0,0.0,0.0,0.0,479.0,0
3.442,1303.0,1034.0,823.0,1302.5,1034.5,823.5,1000.0,0.0,0.0,-8.875,0.5,-47.125,0.0,0.0,0.0,0.0,0.0,0.0,480.0,0
3.443,1303.0,1035.0,823.0,1303.5,1034.5,823.5,0.0,1000.0,0.0,-9.875,0.5,-47.125,0.0,0.0,0.0,0.0,0.0,0.0,480.0,0
3.444,1304.0,1035.0,823.0,1303.5,1035.5,823.5,1000.0,0.0,0.0,-8.625,0.5,-46.375,0.0,0.0,0.0,0.0,0.0,0.0,481.0,0
3.4450000000000003,1305.0,1035.0,823.0,1304.5,1035.5,823.5,1000.0,0.0,0.0,-9.625,0.5,-46.375,0.0,0.0,0.0,0.0,0.0,0.0,482.0,0
3.446,1305.0,1036.0,823.0,1305.5,1035.5,823.5,0.0,1000.0,0.0,-10.625,0.5,-46.375,0.0,0.0,0.0,0.0,0.0,0.0,482.0,0
3.447,1306.0,1036.0,823.0,1305.5,1036.5,823.5,1000.0,0.0,0.0,-9.375,0.5,-45.625,0.0,0.0,0.0,0.0,0.0,0.0,483.0,0
3.448,1307.0,1036.0,823.0,1306.5,1036.5,823.5,1000.0,0.0,0.0,-10.375,0.5,-45.625,0.0,0.0,0.0,0.0,0.0,0.0,484.0,0
3.4490000000000003,1307.0,1037.0,823.0,1307.5,1036.5,823.5,0.0,1000.0,0.0,-11.375,0.5,-45.625,0.0,0.0,0.0,0.0,0.0,0.0,484.0,0
3.45,1307.0,1037.0,823.0,1307.5,1037.5,823.5,0.0,0.0,0.0,-10.125,0.5,-44.875,0.0,0.0,0.0,0.0,0.0,0.0,484.0,0
3.451,1307.0,1037.0,823.0,1307.5,1037.5,823.5,0.0,0.0,0.0,-10.125,0.5,-44.875,0.0,0.0,0.0,0.0,0.0,0.0,484.0,0
3.452,1307.0,1038.0,823.0,1307.5,1037.5,823.5,0.0,1000.0,0.0,-10.125,0.5,-44.875,0.0,0.0,0.0,0.0,0.0,0.0,484.0,0
3.4530000000000003,1307.0,1038.0,823.0,1307.5,1038.5,823.5,0.0,0.0,0.0,-8.875,0.5,-44.125,0.0,0.0,0.0,0.0,0.0,0.0,484.0,0
3.454,1307.0,1038.0,823.0,1307.5,1038.5,823.5,0.0,0.0,0.0,-8.875,0.5,-44.125,0.0,0.0,0.0,0.0,0.0,0.0,484.0,0
3.455,1308.0,1039.0,823.0,1307.5,1038.5,823.5,1000.0,1000.0,0.0,-8.875,0.5,-44.125,0.0,0.0,0.0,0.0,0.0,0.0,485.0,0
3.456,1308.0,1039.0,823.0,1308.5,1039.5,823.5,0.0,0.0,0.0,-8.625,0.5,-43.375,0.0,0.0,0.0,0.0,0.0,0.0,485.0,0
3.457,1309.0,1039.0,823.0,1308.5,1039.5,823.5,1000.0,0.0,0.0,-8.625,0.5,-43.375,0.0,0.0,0.0,0.0,0.0,0.0,486.0,0
3.458,1310.0,1040.0,823.0,1309.5,1039.5,823.5,1000.0,1000.0,0.0,-9.625,0.5,-43.375,0.0,0.0,0.0,0.0,0.0,0.0,487.0,0
3.459,1311.0,1040.0,823.0,1310.5,1040.5,823.5,1000.0,0.0,0.0,-9.375,0.5,-42.625,0.0,0.0,0.0,0.0,0.0,0.0,488.0,0
3.46,1311.0,1040.0,823.0,1311.5,1040.5,823.5,0.0,0.0,0.0,-10.375,0.5,-42.625,0.0,0.0,0.0,0.0,0.0,0.0,488.0,0
3.461,1311.0,1041.0,823.0,1311.5,1040.5,823.5,0.0,1000.0,0.0,-10.375,0.5,-42.625,0.0,0.0,0.0,0.0,0.0,0.0,488.0,0
3.462,1312.0,1041.0,823.0,1311.5,1041.5,823.5,1000.0,0.0,0.0,-9.125,0.5,-41.875,0.0,0.0,0.0,0.0,0.0,0.0,489.0,0
3.463,1312.0,1041.0,823.0,1312.5,1041.5,823.5,0.0,0.0,0.0,-10.125,0.5,-41.875,0.0,0.0,0.0,0.0,0.0,0.0,489.0,0
3.464,1312.0,1041.0,823.0,1312.5,1041.5,823.5,0.0,0.0,0.0,-10.125,0.5,-41.875,0.0,0.0,0.0,0.0,0.0,0.0,489.0,0
3.465,1312.0,1042.0,823.0,1312.5,1041.5,823.5,0.0,1000.0,0.0,-10.125,0.5,-41.875,0.0,0.0,0.0,0.0,0.0,0.0,489.0,0
3.466,1312.0,1042.0,823.0,1312.5,1042.5,823.5,0.0,0.0,0.0,-8.875,0.5,-41.125,0.0,0.0,0.0,0.0,0.0,0.0,489.0,0
3.467,1312.0,1042.0,823.0,1312.5,1042.5,823.5,0.0,0.0,0.0,-8.875,0.5,-41.125,0.0,0.0,0.0,0.0,0.0,0.0,489.0,0
3.468,1313.0,1043.0,823.0,1312.5,1042.5,823.5,1000.0,1000.0,0.0,-8.875,0.5,-41.125,0.0,0.0,0.0,0.0,0.0,0.0,490.0,0
3.469,1313.0,1043.0,823.0,1313.5,1043.5,823.5,0.0,0.0,0.0,-8.625,0.5,-40.375,0.0,0.0,0.0,0.0,0.0,0.0,490.0,0
3.47,1314.0,1043.0,823.0,1313.5,1043.5,823.5,1000.0,0.0,0.0,-8.625,0.5,-40.375,0.0,0.0,0.0,0.0,0.0,0.0,491.0,0
3.471,1315.0,1044.0,823.0,1314.5,1043.5,823.5,1000.0,1000.0,0.0,-9.625,0.5,-40.375,0.0,0.0,0.0,0.0,0.0,0.0,492.0,0
3.472,1316.0,1044.0,823.0,1315.5,1044.5,823.5,1000.0,0.0,0.0,-9.375,0.5,-39.625,0.0,0.0,0.0,0.0,0.0,0.0,493.0,0
3.473,1316.0,1044.0,823.0,1316.5,1044.5,823.5,0.0,0.0,0.0,-10.375,0.5,-39.625,0.0,0.0,0.0,0.0,0.0,0.0,493.0,0
3.474,1316.0,1045.0,823.0,1316.5,1044.5,823.5,0.0,1000.0,0.0,-10.375,0.5,-39.625,0.0,0.0,0.0,0.0,0.0,0.0,493.0,0
3.475,1317.0,1045.0,823.0,1316.5,1045.5,823.5,1000.0,0.0,0.0,-9.125,0.5,-38.875,0.0,0.0,0.0,0.0,0.0,0.0,494.0,0
3.476,1317.0,1045.0,823.0,1317.5,1045.5,823.5,0.0,0.0,0.0,-10.125,0.5,-38.875,0.0,0.0,0.0,0.0,0.0,0.0,494.0,0
3.477,1317.0,1046.0,823.0,1317.5,1045.5,823.5,0.0,1000.0,0.0,-10.125,0.5,-38.875,0.0,0.0,0.0,0.0,0.0,0.0,494.0,0
3.478,1318.0,1046.0,823.0,1317.5,1046.5,823.5,1000.0,0.0,0.0,-8.875,0.5,-38.125,0.0,0.0,0.0,0.0,0.0,0.0,495.0,0
3.479,1318.0,1046.0,823.0,1318.5,1046.5,823.5,0.0,0.0,0.0,-9.875,0.5,-38.125,0.0,0.0,0.0,0.0,0.0,0.0,495.0,0
3.48,1319.0,1047.0,823.0,1318.5,1046.5,823.5,1000.0,1000.0,0.0,-9.875,0.5,-38.125,0.0,0.0,0.0,0.0,0.0,0.0,496.0,0
3.481,1320.0,1047.0,823.0,1319.5,1047.5,823.5,1000.0,0.0,0.0,-9.625,0.5,-37.375,0.0,0.0,0.0,0.0,0.0,0.0,497.0,0
3.482,1320.0,1047.0,823.0,1320.5,1047.5,823.5,0.0,0.0,0.0,-10.625,0.5,-37.375,0.0,0.0,0.0,0.0,0.0,0.0,497.0,0
3.483,1321.0,1047.0,823.0,1320.5,1047.5,823.5,1000.0,0.0,0.0,-10.625,0.5,-37.375,0.0,0.0,0.0,0.0,0.0,0.0,498.0,0
3.484,1321.0,1048.0,823.0,1321.5,1047.5,823.5,0.0,1000.0,0.0,-11.625,0.5,-37.375,0.0,0.0,0.0,0.0,0.0,0.0,498.0,0
3.485,1321.0,1048.0,823.0,1321.5,1048.5,823.5,0.0,0.0,0.0,-10.375,0.5,-36.625,0.0,0.0,0.0,0.0,0.0,0.0,498.0,0
3.486,1321.0,1048.0,823.0,1321.5,1048.5,823.5,0.0,0.0,0.0,-10.375,0.5,-36.625,0.0,0.0,0.0,0.0,0.0,0.0,498.0,0
3.487,1321.0,1049.0,823.0,1321.5,1048.5,823.5,0.0,1000.0,0.0,-10.375,0.5,-36.625,0.0,0.0,0.0,0.0,0.0,0.0,498.0,0
3.488,1321.0,1049.0,823.0,1321.5,1049.5,823.5,0.0,0.0,0.0,-9.125,0.5,-35.875,0.0,0.0,0.0,0.0,0.0,0.0,498.0,0
3.489,1321.0,1049.0,823.0,1321.5,1049.5,823.5,0.0,0.0,0.0,-9.125,0.5,-35.875,0.0,0.0,0.0,0.0,0.0,0.0,498.0,0
3.49,1322.0,1050.0,823.0,1321.5,1049.5,823.5,1000.0,1000.0,0.0,-9.125,0.5,-35.875,0.0,0.0,0.0,0.0,0.0,0.0,499.0,0
3.491,1322.0,1050.0,823.0,1322.5,1050.5,823.5,0.0,0.0,0.0,-8.875,0.5,-35.125,0.0,0.0,0.0,0.0,0.0,0.0,499.0,0
3.492,1323.0,1050.0,823.0,1322.5,1050.5,823.5,1000.0,0.0,0.0,-8.875,0.5,-35.125,0.0,0.0,0.0,0.0,0.0,0.0,500.0,0
3.493,1324.0,1051.0,823.0,1323.5,1050.5,823.5,1000.0,1000.0,0.0,-9.875,0.5,-35.125,0.0,0.0,0.0,0.0,0.0,0.0,501.0,0
3.494,1325.0,1051.0,823.0,1324.5,1051.5,823.5,1000.0,0.0,0.0,-9.625,0.5,-34.375,0.0,0.0,0.0,0.0,0.0,0.0,502.0,0
3.495,1325.0,1051.0,823.0,1325.5,1051.5,823.5,0.0,0.0,0.0,-10.625,0.5,-34.375,0.0,0.0,0.0,0.0,0.0,0.0,502.0,0
3.496,1325.0,1052.0,823.0,1325.5,1051.5,823.5,0.0,1000.0,0.0,-10.625,0.5,-34.375,0.0,0.0,0.0,0.0,0.0,0.0,502.0,0
3.497,1326.0,1052.0,823.0,1325.5,1052.5,823.5,1000.0,0.0,0.0,-9.375,0.5,-33.625,0.0,0.0,0.0,0.0,0.0,0.0,503.0,0
3.498,1326.0,1052.0,823.0,1326.5,1052.5,823.5,0.0,0.0,0.0,-10.375,0.5,-33.625,0.0,0.0,0.0,0.0,0.0,0.0,503.0,0
3.499,1326.0,1053.0,823.0,1326.5,1052.5,823.5,0.0,1000.0,0.0,-10.375,0.5,-33.625,0.0,0.0,0.0,0.0,0.0,0.0,503.0,0
3.5,1327.0,1053.0,823.0,1326.5,1053.5,823.5,1000.0,0.0,0.0,-9.125,0.5,-32.875,0.0,0.0,0.0,0.0,0.0,0.0,504.0,0
3.501,1327.0,1053.0,823.0,1327.5,1053.5,823.5,0.0,0.0,0.0,-10.125,0.5,-32.875,0.0,0.0,0.0,0.0,0.0,0.0,504.0,0
3.5020000000000002,1327.0,1054.0,823.0,1327.5,1053.5,823.5,0.0,1000.0,0.0,-10.125,0.5,-32.875,0.0,0.0,0.0,0.0,0.0,0.0,504.0,0
3.503,1327.0,1054.0,823.0,1327.5,1054.5,823.5,0.0,0.0,0.0,-8.875,0.5,-32.125,0.0,0.0,0.0,0.0,0.0,0.0,504.0,0
3.504,1327.0,1054.0,823.0,1327.5,1054.5,823.5,0.0,0.0,0.0,-8.875,0.5,-32.125,0.0,0.0,0.0,0.0,0.0,0.0,504.0,0
3.505,1328.0,1054.0,823.0,1327.5,1054.5,823.5,1000.0,0.0,0.0,-8.875,0.5,-32.125,0.0,0.0,0.0,0.0,0.0,0.0,505.0,0
3.5060000000000002,1328.0,1055.0,823.0,1328.5,1054.5,823.5,0.0,1000.0,0.0,-9.875,0.5,-32.125,0.0,0.0,0.0,0.0,0.0,0.0,505.0,0
3.507,1329.0,1055.0,823.0,1328.5,1055.5,823.5,1000.0,0.0,0.0,-8.625,0.5,-31.375,0.0,0.0,0.0,0.0,0.0,0.0,506.0,0
3.508,1330.0,1055.0,823.0,1329.5,1055.5,823.5,1000.0,0.0,0.0,-9.625,0.5,-31.375,0.0,0.0,0.0,0.0,0.0,0.0,507.0,0
3.509,1330.0,1056.0,823.0,1330.5,1055.5,823.5,0.0,1000.0,0.0,-10.625,0.5,-31.375,0.0,0.0,0.0,0.0,0.0,0.0,507.0,0
3.5100000000000002,1331.0,1056.0,823.0,1330.5,1056.5,823.5,1000.0,0.0,0.0,-9.375,0.5,-30.625,0.0,0.0,0.0,0.0,0.0,0.0,508.0,0
3.511,1332.0,1056.0,823.0,1331.5,1056.5,823.5,1000.0,0.0,0.0,-10.375,0.5,-30.625,0.0,0.0,0.0,0.0,0.0,0.0,509.0,0
3.512,1332.0,1057.0,823.0,1332.5,1056.5,823.5,0.0,1000.0,0.0,-11.375,0.5,-30.625,0.0,0.0,0.0,0.0,0.0,0.0,509.0,0
3.513,1332.0,1057.0,823.0,1332.5,1057.5,823.5,0.0,0.0,0.0,-10.125,0.5,-29.875,0.0,0.0,0.0,0.0,0.0,0.0,509.0,0
3.5140000000000002,1332.0,1057.0,823.0,1332.5,1057.5,823.5,0.0,0.0,0.0,-10.125,0.5,-29.875,0.0,0.0,0.0,0.0,0.0,0.0,509.0,0
3.515,1332.0,1058.0,823.0,1332.5,1057.5,823.5,0.0,1000.0,0.0,-10.125,0.5,-29.875,0.0,0.0,0.0,0.0,0.0,0.0,509.0,0
3.516,1332.0,1058.0,823.0,1332.5,1058.5,823.5,0.0,0.0,0.0,-8.875,0.5,-29.125,0.0,0.0,0.0,0.0,0.0,0.0,509.0,0
3.517,1332.0,1058.0,823.0,1332.5,1058.5,823.5,0.0,0.0,0.0,-8.875,0.5,-29.125,0.0,0.0,0.0,0.0,0.0,0.0,509.0,0
3.5180000000000002,1333.0,1059.0,823.0,1332.5,1058.5,823.5,1000.0,1000.0,0.0,-8.875,0.5,-29.125,0.0,0.0,0.0,0.0,0.0,0.0,510.0,0
3.519,1333.0,1059.0,823.0,1333.5,1059.5,823.5,0.0,0.0,0.0,-8.625,0.5,-28.375,0.0,0.0,0.0,0.0,0.0,0.0,510.0,0
3.52,1334.0,1059.0,823.0,1333.5,1059.5,823.5,1000.0,0.0,0.0,-8.625,0.5,-28.375,0.0,0.0,0.0,0.0,0.0,0.0,511.0,0
3.521,1335.0,1060.0,823.0,1334.5,1059.5,823.5,1000.0,1000.0,0.0,-9.625,0.5,-28.375,0.0,0.0,0.0,0.0,0.0,0.0,512.0,0
3.5220000000000002,1336.0,1060.0,823.0,1335.5,1060.5,823.5,1000.0,0.0,0.0,-9.375,0.5,-27.625,0.0,0.0,0.0,0.0,0.0,0.0,513.0,0
3.523,1336.0,1060.0,823.0,1336.5,1060.5,823.5,0.0,0.0,0.0,-10.375,0.5,-27.625,0.0,0.0,0.0,0.0,0.0,0.0,513.0,0
3.524,1336.0,1061.0,823.0,1336.5,1060.5,823.5,0.0,1000.0,0.0,-10.375,0.5,-27.625,0.0,0.0,0.0,0.0,0.0,0.0,513.0,0
3.525,1337.0,1061.0,823.0,1336.5,1061.5,823.5,1000.0,0.0,0.0,-9.125,0.5,-26.875,0.0,0.0,0.0,0.0,0.0,0.0,514.0,0
3.5260000000000002,1337.0,1061.0,823.0,1337.5,1061.5,823.5,0.0,0.0,0.0,-10.125,0.5,-26.875,0.0,0.0,0.0,0.0,0.0,0.0,514.0,0
3.527,1337.0,1061.0,823.0,1337.5,1061.5,823.5,0.0,0.0,0.0,-10.125,0.5,-26.875,0.0,0.0,0.0,0.0,0.0,0.0,514.0,0
3.528,1337.0,1062.0,823.0,1337.5,1061.5,823.5,0.0,1000.0,0.0,-10.125,0.5,-26.875,0.0,0.0,0.0,0.0,0.0,0.0,514.0,0
3.529,1337.0,1062.0,823.0,1337.5,1062.5,823.5,0.0,0.0,0.0,-8.875,0.5,-26.125,0.0,0.0,0.0,0.0,0.0,0.0,514.0,0
3.5300000000000002,1337.0,1062.0,823.0,1337.5,1062.5,823.5,0.0,0.0,0.0,-8.875,0.5,-26.125,0.0,0.0,0.0,0.0,0.0,0.0,514.0,0
3.531,1338.0,1063.0,823.0,1337.5,1062.5,823.5,1000.0,1000.0,0.0,-8.875,0.5,-26.125,0.0,0.0,0.0,0.0,0.0,0.0,515.0,0
3.532,1338.0,1063.0,823.0,1338.5,1063.5,823.5,0.0,0.0,0.0,-8.625,0.5,-25.375,0.0,0.0,0.0,0.0,0.0,0.0,515.0,0
3.533,1339.0,1063.0,823.0,1338.5,1063.5,823.5,1000.0,0.0,0.0,-8.625,0.5,-25.375,0.0,0.0,0.0,0.0,0.0,0.0,516.0,0
3.5340000000000003,1340.0,1064.0,823.0,1339.5,1063.5,823.5,1000.0,1000.0,0.0,-9.625,0.5,-25.375,0.0,0.0,0.0,0.0,0.0,0.0,517.0,0
3.535,1341.0,1064.0,823.0,1340.5,1064.5,823.5,1000.0,0.0,0.0,-9.375,0.5,-24.625,0.0,0.0,0.0,0.0,0.0,0.0,518.0,0
3.536,1341.0,1064.0,823.0,1341.5,1064.5,823.5,0.0,0.0,0.0,-10.375,0.5,-24.625,0.0,0.0,0.0,0.0,0.0,0.0,518.0,0
3.537,1341.0,1065.0,823.0,1341.5,1064.5,823.5,0.0,1000.0,0.0,-10.375,0.5,-24.625,0.0,0.0,0.0,0.0,0.0,0.0,518.0,0
3.5380000000000003,1342.0,1065.0,823.0,1341.5,1065.5,823.5,1000.0,0.0,0.0,-9.125,0.5,-23.875,0.0,0.0,0.0,0.0,0.0,0.0,519.0,0
3.539,1342.0,1065.0,823.0,1342.5,1065.5,823.5,0.0,0.0,0.0,-10.125,0.5,-23.875,0.0,0.0,0.0,0.0,0.0,0.0,519.0,0
3.54,1342.0,1066.0,823.0,1342.5,1065.5,823.5,0.0,1000.0,0.0,-10.125,0.5,-23.875,0.0,0.0,0.0,0.0,0.0,0.0,519.0,0
3.541,1343.0,1066.0,823.0,1342.5,1066.5,823.5,1000.0,0.0,0.0,-8.875,0.5,-23.125,0.0,0.0,0.0,0.0,0.0,0.0,520.0,0
3.5420000000000003,1343.0,1066.0,823.0,1343.5,1066.5,823.5,0.0,0.0,0.0,-9.875,0.5,-23.125,0.0,0.0,0.0,0.0,0.0,0.0,520.0,0
3.543,1344.0,1067.0,823.0,1343.5,1066.5,823.5,1000.0,1000.0,0.0,-9.875,0.5,-23.125,0.0,0.0,0.0,0.0,0.0,0.0,521.0,0
3.544,1345.0,1067.0,823.0,1344.5,1067.5,823.5,1000.0,0.0,0.0,-9.625,0.5,-22.375,0.0,0.0,0.0,0.0,0.0,0.0,522.0,0
3.545,1345.0,1067.0,823.0,1345.5,1067.5,823.5,0.0,0.0,0.0,-10.625,0.5,-22.375,0.0,0.0,0.0,0.0,0.0,0.0,522.0,0
3.5460000000000003,1346.0,1067.0,823.0,1345.5,1067.5,823.5,1000.0,0.0,0.0,-10.625,0.5,-22.375,0.0,0.0,0.0,0.0,0.0,0.0,523.0,0
3.547,1346.0,1068.0,823.0,1346.5,1067.5,823.5,0.0,1000.0,0.0,-11.625,0.5,-22.375,0.0,0.0,0.0,0.0,0.0,0.0,523.0,0
3.548,1346.0,1068.0,823.0,1346.5,1068.5,823.5,0.0,0.0,0.0,-10.375,0.5,-21.625,0.0,0.0,0.0,0.0,0.0,0.0,523.0,0
3.549,1346.0,1068.0,823.0,1346.5,1068.5,823.5,0.0,0.0,0.0,-10.375,0.5,-21.625,0.0,0.0,0.0,0.0,0.0,0.0,523.0,0
3.5500000000000003,1346.0,1069.0,823.0,1346.5,1068.5,823.5,0.0,1000.0,0.0,-10.375,0.5,-21.625,0.0,0.0,0.0,0.0,0.0,0.0,523.0,0
3.551,1346.0,1069.0,823.0,1346.5,1069.5,823.5,0.0,0.0,0.0,-9.125,0.5,-20.875,0.0,0.0,0.0,0.0,0.0,0.0,523.0,0
3.552,1346.0,1069.0,823.0,1346.5,1069.5,823.5,0.0,0.0,0.0,-9.125,0.5,-20.875,0.0,0.0,0.0,0.0,0.0,0.0,523.0,0
3.553,1347.0,1070.0,823.0,1346.5,1069.5,823.5,1000.0,1000.0,0.0,-9.125,0.5,-20.875,0.0,0.0,0.0,0.0,0.0,0.0,524.0,0
3.5540000000000003,1347.0,1070.0,823.0,1347.5,1070.5,823.5,0.0,0.0,0.0,-8.875,0.5,-20.125,0.0,0.0,0.0,0.0,0.0,0.0,524.0,0
3.555,1348.0,1070.0,823.0,1347.5,1070.5,823.5,1000.0,0.0,0.0,-8.875,0.5,-20.125,0.0,0.0,0.0,0.0,0.0,0.0,525.0,0
3.556,1349.0,1071.0,823.0,1348.5,1070.5,823.5,1000.0,1000.0,0.0,-9.875,0.5,-20.125,0.0,0.0,0.0,0.0,0.0,0.0,526.0,0
3.557,1350.0,1071.0,823.0,1349.5,1071.5,823.5,1000.0,0.0,0.0,-9.625,0.5,-19.375,0.0,0.0,0.0,0.0,0.0,0.0,527.0,0
3.5580000000000003,1350.0,1071.0,823.0,1350.5,1071.5,823.5,0.0,0.0,0.0,-10.625,0.5,-19.375,0.0,0.0,0.0,0.0,0.0,0.0,527.0,0
3.559,1350.0,1072.0,823.0,1350.5,1071.5,823.5,0.0,1000.0,0.0,-10.625,0.5,-19.375,0.0,0.0,0.0,0.0,0.0,0.0,527.0,0
3.56,1351.0,1072.0,823.0,1350.5,1072.5,823.5,1000.0,0.0,0.0,-9.375,0.5,-18.625,0.0,0.0,0.0,0.0,0.0,0.0,528.0,0
3.561,1351.0,1072.0,823.0,1351.5,1072.5,823.5,0.0,0.0,0.0,-10.375,0.5,-18.625,0.0,0.0,0.0,0.0,0.0,0.0,528.0,0
3.5620000000000003,1351.0,1073.0,823.0,1351.5,1072.5,823.5,0.0,1000.0,0.0,-10.375,0.5,-18.625,0.0,0.0,0.0,0.0,0.0,0.0,528.0,0
3.563,1352.0,1073.0,823.0,1351.5,1073.5,823.5,1000.0,0.0,0.0,-9.125,0.5,-17.875,0.0,0.0,0.0,0.0,0.0,0.0,529.0,0
3.564,1352.0,1073.0,823.0,1352.5,1073.5,823.5,0.0,0.0,0.0,-10.125,0.5,-17.875,0.0,0.0,0.0,0.0,0.0,0.0,529.0,0
3.565,1352.0,1074.0,823.0,1352.5,1073.5,823.5,0.0,1000.0,0.0,-10.125,0.5,-17.875,0.0,0.0,0.0,0.0,0.0,0.0,529.0,0
3.5660000000000003,1352.0,1074.0,823.0,1352.5,1074.5,823.5,0.0,0.0,0.0,-8.875,0.5,-17.125,0.0,0.0,0.0,0.0,0.0,0.0,529.0,0
3.567,1352.0,1074.0,823.0,1352.5,1074.5,823.5,0.0,0.0,0.0,-8.875,0.5,-17.125,0.0,0.0,0.0,0.0,0.0,0.0,529.0,0
3.568,1353.0,1074.0,823.0,1352.5,1074.5,823.5,1000.0,0.0,0.0,-8.875,0.5,-17.125,0.0,0.0,0.0,0.0,0.0,0.0,530.0,0
3.569,1353.0,1075.0,823.0,1353.5,1074.5,823.5,0.0,1000.0,0.0,-9.875,0.5,-17.125,0.0,0.0,0.0,0.0,0.0,0.0,530.0,0
3.5700000000000003,1354.0,1075.0,823.0,1353.5,1075.5,823.5,1000.0,0.0,0.0,-8.625,0.5,-16.375,0.0,0.0,0.0,0.0,0.0,0.0,531.0,0
3.571,1355.0,1075.0,823.0,1354.5,1075.5,823.5,1000.0,0.0,0.0,-9.625,0.5,-16.375,0.0,0.0,0.0,0.0,0.0,0.0,532.0,0
3.572,1355.0,1076.0,823.0,1355.5,1075.5,823.5,0.0,1000.0,0.0,-10.625,0.5,-16.375,0.0,0.0,0.0,0.0,0.0,0.0,532.0,0
3.573,1356.0,1076.0,823.0,1355.5,1076.5,823.5,1000.0,0.0,0.0,-9.375,0.5,-15.625,0.0,0.0,0.0,0.0,0.0,0.0,533.0,0
3.5740000000000003,1357.0,1076.0,823.0,1356.5,1076.5,823.5,1000.0,0.0,0.0,-10.375,0.5,-15.625,0.0,0.0,0.0,0.0,0.0,0.0,534.0,0
3.575,1357.0,1077.0,823.0,1357.5,1076.5,823.5,0.0,1000.0,0.0,-11.375,0.5,-15.625,0.0,0.0,0.0,0.0,0.0,0.0,534.0,0
3.576,1357.0,1077.0,823.0,1357.5,1077.5,823.5,0.0,0.0,0.0,-10.125,0.5,-14.875,0.0,0.0,0.0,0.0,0.0,0.0,534.0,0
3.577,1357.0,1077.0,823.0,1357.5,1077.5,823.5,0.0,0.0,0.0,-10.125,0.5,-14.875,0.0,0.0,0.0,0.0,0.0,0.0,534.0,0
3.5780000000000003,1357.0,1078.0,823.0,1357.5,1077.5,823.5,0.0,1000.0,0.0,-10.125,0.5,-14.875,0.0,0.0,0.0,0.0,0.0,0.0,534.0,0
3.579,1357.0,1078.0,823.0,1357.5,1078.5,823.5,0.0,0.0,0.0,-8.875,0.5,-14.125,0.0,0.0,0.0,0.0,0.0,0.0,534.0,0
3.58,1357.0,1078.0,823.0,1357.5,1078.5,823.5,0.0,0.0,0.0,-8.875,0.5,-14.125,0.0,0.0,0.0,0.0,0.0,0.0,534.0,0
3.581,1358.0,1079.0,823.0,1357.5,1078.5,823.5,1000.0,1000.0,0.0,-8.875,0.5,-14.125,0.0,0.0,0.0,0.0,0.0,0.0,535.0,0
3.5820000000000003,1358.0,1079.0,824.0,1358.5,1079.5,823.5,0.0,0.0,1000.0,-8.625,0.5,-13.375,0.0,0.0,0.0,0.0,0.0,0.0,534.0,0
3.583,1359.0,1079.0,824.0,1358.5,1079.5,824.5,1000.0,0.0,0.0,-8.625,0.5,-14.375,0.0,0.0,0.0,0.0,0.0,0.0,535.0,0
3.584,1360.0,1080.0,824.0,1359.5,1079.5,824.5,1000.0,1000.0,0.0,-9.625,0.5,-14.375,0.0,0.0,0.0,0.0,0.0,0.0,536.0,0
3.585,1361.0,1080.0,824.0,1360.5,1080.5,824.5,1000.0,0.0,0.0,-9.375,0.5,-13.625,0.0,0.0,0.0,0.0,0.0,0.0,537.0,0
3.586,1361.0,1080.0,824.0,1361.5,1080.5,824.5,0.0,0.0,0.0,-10.375,0.5,-13.625,0.0,0.0,0.0,0.0,0.0,0.0,537.0,0
3.587,1361.0,1080.0,824.0,1361.5,1080.5,824.5,0.0,0.0,0.0,-10.375,0.5,-13.625,0.0,0.0,0.0,0.0,0.0,0.0,537.0,0
3.588,1362.0,1081.0,824.0,1361.5,1080.5,824.5,1000.0,1000.0,0.0,-10.375,0.5,-13.625,0.0,0.0,0.0,0.0,0.0,0.0,538.0,0
3.589,1362.0,1081.0,824.0,1362.5,1081.5,824.5,0.0,0.0,0.0,-10.125,0.5,-12.875,0.0,0.0,0.0,0.0,0.0,0.0,538.0,0
3.59,1362.0,1081.0,824.0,1362.5,1081.5,824.5,0.0,0.0,0.0,-10.125,0.5,-12.875,0.0,0.0,0.0,0.0,0.0,0.0,538.0,0
3.591,1362.0,1082.0,824.0,1362.5,1081.5,824.5,0.0,1000.0,0.0,-10.125,0.5,-12.875,0.0,0.0,0.0,0.0,0.0,0.0,538.0,0
3.592,1362.0,1082.0,824.0,1362.5,1082.5,824.5,0.0,0.0,0.0,-8.875,0.5,-12.125,0.0,0.0,0.0,0.0,0.0,0.0,538.0,0
3.593,1362.0,1082.0,824.0,1362.5,1082.5,824.5,0.0,0.0,0.0,-8.875,0.5,-12.125,0.0,0.0,0.0,0.0,0.0,0.0,538.0,0
3.594,1363.0,1083.0,824.0,1362.5,1082.5,824.5,1000.0,1000.0,0.0,-8.875,0.5,-12.125,0.0,0.0,0.0,0.0,0.0,0.0,539.0,0
3.595,1363.0,1083.0,824.0,1363.5,1083.5,824.5,0.0,0.0,0.0,-8.625,0.5,-11.375,0.0,0.0,0.0,0.0,0.0,0.0,539.0,0
3.596,1364.0,1083.0,824.0,1363.5,1083.5,824.5,1000.0,0.0,0.0,-8.625,0.5,-11.375,0.0,0.0,0.0,0.0,0.0,0.0,540.0,0
3.597,1365.0,1084.0,824.0,1364.5,1083.5,824.5,1000.0,1000.0,0.0,-9.625,0.5,-11.375,0.0,0.0,0.0,0.0,0.0,0.0,541.0,0
3.598,1366.0,1084.0,824.0,1365.5,1084.5,824.5,1000.0,0.0,0.0,-9.375,0.5,-10.625,0.0,0.0,0.0,0.0,0.0,0.0,542.0,0
3.599,1366.0,1084.0,824.0,1366.5,1084.5,824.5,0.0,0.0,0.0,-10.375,0.5,-10.625,0.0,0.0,0.0,0.0,0.0,0.0,542.0,0
3.6,1366.0,1085.0,824.0,1366.5,1084.5,824.5,0.0,1000.0,0.0,-10.375,0.5,-10.625,0.0,0.0,0.0,0.0,0.0,0.0,542.0,0
3.601,1367.0,1085.0,825.0,1366.5,1085.5,824.5,1000.0,0.0,1000.0,-9.125,0.5,-9.875,0.0,0.0,0.0,0.0,0.0,0.0,542.0,0
3.602,1367.0,1085.0,825.0,1367.5,1085.5,825.5,0.0,0.0,0.0,-10.125,0.5,-10.875,0.0,0.0,0.0,0.0,0.0,0.0,542.0,0
3.603,1367.0,1086.0,825.0,1367.5,1085.5,825.5,0.0,1000.0,0.0,-10.125,0.5,-10.875,0.0,0.0,0.0,0.0,0.0,0.0,542.0,0
3.604,1368.0,1086.0,825.0,1367.5,1086.5,825.5,1000.0,0.0,0.0,-8.875,0.5,-10.125,0.0,0.0,0.0,0.0,0.0,0.0,543.0,0
3.605,1368.0,1086.0,825.0,1368.5,1086.5,825.5,0.0,0.0,0.0,-9.875,0.5,-10.125,0.0,0.0,0.0,0.0,0.0,0.0,543.0,0
3.606,1369.0,1087.0,825.0,1368.5,1086.5,825.5,1000.0,1000.0,0.0,-9.875,0.5,-10.125,0.0,0.0,0.0,0.0,0.0,0.0,544.0,0
3.607,1370.0,1087.0,825.0,1369.5,1087.5,825.5,1000.0,0.0,0.0,-9.625,0.5,-9.375,0.0,0.0,0.0,0.0,0.0,0.0,545.0,0
3.608,1370.0,1087.0,826.0,1370.5,1087.5,825.5,0.0,0.0,1000.0,-10.625,0.5,-9.375,0.0,0.0,0.0,0.0,0.0,0.0,544.0,0
3.609,1371.0,1087.0,826.0,1370.5,1087.5,826.5,1000.0,0.0,0.0,-10.625,0.5,-10.375,0.0,0.0,0.0,0.0,0.0,0.0,545.0,0
3.61,1371.0,1088.0,826.0,1371.5,1087.5,826.5,0.0,1000.0,0.0,-11.625,0.5,-10.375,0.0,0.0,0.0,0.0,0.0,0.0,545.0,0
3.611,1371.0,1088.0,826.0,1371.5,1088.5,826.5,0.0,0.0,0.0,-10.375,0.5,-9.625,0.0,0.0,0.0,0.0,0.0,0.0,545.0,0
3.612,1371.0,1088.0,826.0,1371.5,1088.5,826.5,0.0,0.0,0.0,-10.375,0.5,-9.625,0.0,0.0,0.0,0.0,0.0,0.0,545.0,0
3.613,1371.0,1089.0,827.0,1371.5,1088.5,826.5,0.0,1000.0,1000.0,-10.375,0.5,-9.625,0.0,0.0,0.0,0.0,0.0,0.0,544.0,0
3.614,1371.0,1089.0,827.0,1371.5,1089.5,827.5,0.0,0.0,0.0,-9.125,0.5,-9.875,0.0,0.0,0.0,0.0,0.0,0.0,544.0,0
3.615,1371.0,1089.0,827.0,1371.5,1089.5,827.5,0.0,0.0,0.0,-9.125,0.5,-9.875,0.0,0.0,0.0,0.0,0.0,0.0,544.0,0
3.616,1372.0,1090.0,827.0,1371.5,1089.5,827.5,1000.0,1000.0,0.0,-9.125,0.5,-9.875,0.0,0.0,0.0,0.0,0.0,0.0,545.0,0
3.617,1372.0,1090.0,828.0,1372.5,1090.5,827.5,0.0,0.0,1000.0,-8.875,0.5,-9.125,0.0,0.0,0.0,0.0,0.0,0.0,544.0,0
3.618,1373.0,1090.0,828.0,1372.5,1090.5,828.5,1000.0,0.0,0.0,-8.875,0.5,-10.125,0.0,0.0,0.0,0.0,0.0,0.0,545.0,0
3.619,1374.0,1091.0,828.0,1373.5,1090.5,828.5,1000.0,1000.0,0.0,-9.875,0.5,-10.125,0.0,0.0,0.0,0.0,0.0,0.0,546.0,0
3.62,1375.0,1091.0,828.0,1374.5,1091.5,828.5,1000.0,0.0,0.0,-9.625,0.5,-9.375,0.0,0.0,0.0,0.0,0.0,0.0,547.0,0
3.621,1375.0,1091.0,828.0,1375.5,1091.5,828.5,0.0,0.0,0.0,-10.625,0.5,-9.375,0.0,0.0,0.0,0.0,0.0,0.0,547.0,0
3.622,1375.0,1092.0,829.0,1375.5,1091.5,828.5,0.0,1000.0,1000.0,-10.625,0.5,-9.375,0.0,0.0,0.0,0.0,0.0,0.0,546.0,0
3.623,1376.0,1092.0,829.0,1375.5,1092.5,829.5,1000.0,0.0,0.0,-9.375,0.5,-9.625,0.0,0.0,0.0,0.0,0.0,0.0,547.0,0
3.624,1376.0,1092.0,829.0,1376.5,1092.5,829.5,0.0,0.0,0.0,-10.375,0.5,-9.625,0.0,0.0,0.0,0.0,0.0,0.0,547.0,0
3.625,1376.0,1093.0,829.0,1376.5,1092.5,829.5,0.0,1000.0,0.0,-10.375,0.5,-9.625,0.0,0.0,0.0,0.0,0.0,0.0,547.0,0
3.626,1377.0,1093.0,830.0,1376.5,1093.5,829.5,1000.0,0.0,1000.0,-9.125,0.5,-8.875,0.0,0.0,0.0,0.0,0.0,0.0,547.0,0
3.6270000000000002,1377.0,1093.0,830.0,1377.5,1093.5,830.5,0.0,0.0,0.0,-10.125,0.5,-9.875,0.0,0.0,0.0,0.0,0.0,0.0,547.0,0
3.628,1377.0,1094.0,830.0,1377.5,1093.5,830.5,0.0,1000.0,0.0,-10.125,0.5,-9.875,0.0,0.0,0.0,0.0,0.0,0.0,547.0,0
3.629,1377.0,1094.0,831.0,1377.5,1094.5,830.5,0.0,0.0,1000.0,-8.875,0.5,-9.125,0.0,0.0,0.0,0.0,0.0,0.0,546.0,0
3.63,1377.0,1094.0,831.0,1377.5,1094.5,831.5,0.0,0.0,0.0,-8.875,0.5,-10.125,0.0,0.0,0.0,0.0,0.0,0.0,546.0,0
3.6310000000000002,1378.0,1094.0,831.0,1377.5,1094.5,831.5,1000.0,0.0,0.0,-8.875,0.5,-10.125,0.0,0.0,0.0,0.0,0.0,0.0,547.0,0
3.632,1378.0,1095.0,831.0,1378.5,1094.5,831.5,0.0,1000.0,0.0,-9.875,0.5,-10.125,0.0,0.0,0.0,0.0,0.0,0.0,547.0,0
3.633,1379.0,1095.0,831.0,1378.5,1095.5,831.5,1000.0,0.0,0.0,-8.625,0.5,-9.375,0.0,0.0,0.0,0.0,0.0,0.0,548.0,0
3.634,1380.0,1095.0,831.0,1379.5,1095.5,831.5,1000.0,0.0,0.0,-9.625,0.5,-9.375,0.0,0.0,0.0,0.0,0.0,0.0,549.0,0
3.6350000000000002,1380.0,1096.0,831.0,1380.5,1095.5,831.5,0.0,1000.0,0.0,-10.625,0.5,-9.375,0.0,0.0,0.0,0.0,0.0,0.0,549.0,0
3.636,1381.0,1096.0,832.0,1380.5,1096.5,831.5,1000.0,0.0,1000.0,-9.375,0.5,-8.625,0.0,0.0,0.0,0.0,0.0,0.0,549.0,0
3.637,1382.0,1096.0,832.0,1381.5,1096.5,832.5,1000.0,0.0,0.0,-10.375,0.5,-9.625,0.0,0.0,0.0,0.0,0.0,0.0,550.0,0
3.638,1382.0,1097.0,832.0,1382.5,1096.5,832.5,0.0,1000.0,0.0,-11.375,0.5,-9.625,0.0,0.0,0.0,0.0,0.0,0.0,550.0,0
3.6390000000000002,1382.0,1097.0,833.0,1382.5,1097.5,832.5,0.0,0.0,1000.0,-10.125,0.5,-8.875,0.0,0.0,0.0,0.0,0.0,0.0,549.0,0
3.64,1382.0,1097.0,833.0,1382.5,1097.5,833.5,0.0,0.0,0.0,-10.125,0.5,-9.875,0.0,0.0,0.0,0.0,0.0,0.0,549.0,0
3.641,1382.0,1098.0,833.0,1382.5,1097.5,833.5,0.0,1000.0,0.0,-10.125,0.5,-9.875,0.0,0.0,0.0,0.0,0.0,0.0,549.0,0
3.642,1382.0,1098.0,833.0,1382.5,1098.5,833.5,0.0,0.0,0.0,-8.875,0.5,-9.125,0.0,0.0,0.0,0.0,0.0,0.0,549.0,0
3.6430000000000002,1382.0,1098.0,834.0,1382.5,1098.5,833.5,0.0,0.0,1000.0,-8.875,0.5,-9.125,0.0,0.0,0.0,0.0,0.0,0.0,548.0,0
3.644,1383.0,1099.0,834.0,1382.5,1098.5,834.5,1000.0,1000.0,0.0,-8.875,0.5,-10.125,0.0,0.0,0.0,0.0,0.0,0.0,549.0,0
3.645,1383.0,1099.0,834.0,1383.5,1099.5,834.5,0.0,0.0,0.0,-8.625,0.5,-9.375,0.0,0.0,0.0,0.0,0.0,0.0,549.0,0
3.646,1384.0,1099.0,834.0,1383.5,1099.5,834.5,1000.0,0.0,0.0,-8.625,0.5,-9.375,0.0,0.0,0.0,0.0,0.0,0.0,550.0,0
3.6470000000000002,1385.0,1100.0,835.0,1384.5,1099.5,834.5,1000.0,1000.0,1000.0,-9.625,0.5,-9.375,0.0,0.0,0.0,0.0,0.0,0.0,550.0,0
3.648,1386.0,1100.0,835.0,1385.5,1100.5,835.5,1000.0,0.0,0.0,-9.375,0.5,-9.625,0.0,0.0,0.0,0.0,0.0,0.0,551.0,0
3.649,1386.0,1100.0,835.0,1386.5,1100.5,835.5,0.0,0.0,0.0,-10.375,0.5,-9.625,0.0,0.0,0.0,0.0,0.0,0.0,551.0,0
3.65,1386.0,1100.0,835.0,1386.5,1100.5,835.5,0.0,0.0,0.0,-10.375,0.5,-9.625,0.0,0.0,0.0,0.0,0.0,0.0,551.0,0
3.6510000000000002,1387.0,1101.0,836.0,1386.5,1100.5,835.5,1000.0,1000.0,1000.0,-10.375,0.5,-9.625,0.0,0.0,0.0,0.0,0.0,0.0,551.0,0
3.652,1387.0,1101.0,836.0,1387.5,1101.5,836.5,0.0,0.0,0.0,-10.125,0.5,-9.875,0.0,0.0,0.0,0.0,0.0,0.0,551.0,0
3.653,1387.0,1101.0,836.0,1387.5,1101.5,836.5,0.0,0.0,0.0,-10.125,0.5,-9.875,0.0,0.0,0.0,0.0,0.0,0.0,551.0,0
3.654,1387.0,1102.0,836.0,1387.5,1101.5,836.5,0.0,1000.0,0.0,-10.125,0.5,-9.875,0.0,0.0,0.0,0.0,0.0,0.0,551.0,0
3.6550000000000002,1387.0,1102.0,837.0,1387.5,1102.5,836.5,0.0,0.0,1000.0,-8.875,0.5,-9.125,0.0,0.0,0.0,0.0,0.0,0.0,550.0,0
3.656,1387.0,1102.0,837.0,1387.5,1102.5,837.5,0.0,0.0,0.0,-8.875,0.5,-10.125,0.0,0.0,0.0,0.0,0.0,0.0,550.0,0
3.657,1388.0,1103.0,837.0,1387.5,1102.5,837.5,1000.0,1000.0,0.0,-8.875,0.5,-10.125,0.0,0.0,0.0,0.0,0.0,0.0,551.0,0
3.658,1388.0,1103.0,837.0,1388.5,1103.5,837.5,0.0,0.0,0.0,-8.625,0.5,-9.375,0.0,0.0,0.0,0.0,0.0,0.0,551.0,0
3.6590000000000003,1389.0,1103.0,837.0,1388.5,1103.5,837.5,1000.0,0.0,0.0,-8.625,0.5,-9.375,0.0,0.0,0.0,0.0,0.0,0.0,552.0,0
3.66,1390.0,1104.0,838.0,1389.5,1103.5,837.5,1000.0,1000.0,1000.0,-9.625,0.5,-9.375,0.0,0.0,0.0,0.0,0.0,0.0,552.0,0
3.661,1391.0,1104.0,838.0,1390.5,1104.5,838.5,1000.0,0.0,0.0,-9.375,0.5,-9.625,0.0,0.0,0.0,0.0,0.0,0.0,553.0,0
3.662,1391.0,1104.0,838.0,1391.5,1104.5,838.5,0.0,0.0,0.0,-10.375,0.5,-9.625,0.0,0.0,0.0,0.0,0.0,0.0,553.0,0
3.6630000000000003,1391.0,1105.0,838.0,1391.5,1104.5,838.5,0.0,1000.0,0.0,-10.375,0.5,-9.625,0.0,0.0,0.0,0.0,0.0,0.0,553.0,0
3.664,1392.0,1105.0,839.0,1391.5,1105.5,838.5,1000.0,0.0,1000.0,-9.125,0.5,-8.875,0.0,0.0,0.0,0.0,0.0,0.0,553.0,0
3.665,1392.0,1105.0,839.0,1392.5,1105.5,839.5,0.0,0.0,0.0,-10.125,0.5,-9.875,0.0,0.0,0.0,0.0,0.0,0.0,553.0,0
3.666,1392.0,1106.0,839.0,1392.5,1105.5,839.5,0.0,1000.0,0.0,-10.125,0.5,-9.875,0.0,0.0,0.0,0.0,0.0,0.0,553.0,0
3.6670000000000003,1393.0,1106.0,839.0,1392.5,1106.5,839.5,1000.0,0.0,0.0,-8.875,0.5,-9.125,0.0,0.0,0.0,0.0,0.0,0.0,554.0,0
3.668,1393.0,1106.0,840.0,1393.5,1106.5,839.5,0.0,0.0,1000.0,-9.875,0.5,-9.125,0.0,0.0,0.0,0.0,0.0,0.0,553.0,0
3.669,1394.0,1107.0,840.0,1393.5,1106.5,840.5,1000.0,1000.0,0.0,-9.875,0.5,-10.125,0.0,0.0,0.0,0.0,0.0,0.0,554.0,0
3.67,1395.0,1107.0,840.0,1394.5,1107.5,840.5,1000.0,0.0,0.0,-9.625,0.5,-9.375,0.0,0.0,0.0,0.0,0.0,0.0,555.0,0
3.6710000000000003,1395.0,1107.0,840.0,1395.5,1107.5,840.5,0.0,0.0,0.0,-10.625,0.5,-9.375,0.0,0.0,0.0,0.0,0.0,0.0,555.0,0
3.672,1396.0,1107.0,841.0,1395.5,1107.5,840.5,1000.0,0.0,1000.0,-10.625,0.5,-9.375,0.0,0.0,0.0,0.0,0.0,0.0,555.0,0
3.673,1396.0,1108.0,841.0,1396.5,1107.5,841.5,0.0,1000.0,0.0,-11.625,0.5,-10.375,0.0,0.0,0.0,0.0,0.0,0.0,555.0,0
3.674,1396.0,1108.0,841.0,1396.5,1108.5,841.5,0.0,0.0,0.0,-10.375,0.5,-9.625,0.0,0.0,0.0,0.0,0.0,0.0,555.0,0
3.6750000000000003,1396.0,1108.0,841.0,1396.5,1108.5,841.5,0.0,0.0,0.0,-10.375,0.5,-9.625,0.0,0.0,0.0,0.0,0.0,0.0,555.0,0
3.676,1396.0,1109.0,841.0,1396.5,1108.5,841.5,0.0,1000.0,0.0,-10.375,0.5,-9.625,0.0,0.0,0.0,0.0,0.0,0.0,555.0,0
3.677,1396.0,1109.0,842.0,1396.5,1109.5,841.5,0.0,0.0,1000.0,-9.125,0.5,-8.875,0.0,0.0,0.0,0.0,0.0,0.0,554.0,0
3.678,1396.0,1109.0,842.0,1396.5,1109.5,842.5,0.0,0.0,0.0,-9.125,0.5,-9.875,0.0,0.0,0.0,0.0,0.0,0.0,554.0,0
3.6790000000000003,1397.0,1110.0,842.0,1396.5,1109.5,842.5,1000.0,1000.0,0.0,-9.125,0.5,-9.875,0.0,0.0,0.0,0.0,0.0,0.0,555.0,0
3.68,1397.0,1110.0,842.0,1397.5,1110.5,842.5,0.0,0.0,0.0,-8.875,0.5,-9.125,0.0,0.0,0.0,0.0,0.0,0.0,555.0,0
3.681,1398.0,1110.0,843.0,1397.5,1110.5,842.5,1000.0,0.0,1000.0,-8.875,0.5,-9.125,0.0,0.0,0.0,0.0,0.0,0.0,555.0,0
3.682,1399.0,1111.0,843.0,1398.5,1110.5,843.5,1000.0,1000.0,0.0,-9.875,0.5,-10.125,0.0,0.0,0.0,0.0,0.0,0.0,556.0,0
3.6830000000000003,1400.0,1111.0,843.0,1399.5,1111.5,843.5,1000.0,0.0,0.0,-9.625,0.5,-9.375,0.0,0.0,0.0,0.0,0.0,0.0,557.0,0
3.684,1400.0,1111.0,843.0,1400.5,1111.5,843.5,0.0,0.0,0.0,-10.625,0.5,-9.375,0.0,0.0,0.0,0.0,0.0,0.0,557.0,0
3.685,1400.0,1112.0,843.0,1400.5,1111.5,843.5,0.0,1000.0,0.0,-10.625,0.5,-9.375,0.0,0.0,0.0,0.0,0.0,0.0,557.0,0
3.686,1401.0,1112.0,844.0,1400.5,1112.5,843.5,1000.0,0.0,1000.0,-9.375,0.5,-8.625,0.0,0.0,0.0,0.0,0.0,0.0,557.0,0
3.6870000000000003,1401.0,1112.0,844.0,1401.5,1112.5,844.5,0.0,0.0,0.0,-10.375,0.5,-9.625,0.0,0.0,0.0,0.0,0.0,0.0,557.0,0
3.688,1401.0,1113.0,844.0,1401.5,1112.5,844.5,0.0,1000.0,0.0,-10.375,0.5,-9.625,0.0,0.0,0.0,0.0,0.0,0.0,557.0,0
3.689,1402.0,1113.0,845.0,1401.5,1113.5,844.5,1000.0,0.0,1000.0,-9.125,0.5,-8.875,0.0,0.0,0.0,0.0,0.0,0.0,557.0,0
3.69,1402.0,1113.0,845.0,1402.5,1113.5,845.5,0.0,0.0,0.0,-10.125,0.5,-9.875,0.0,0.0,0.0,0.0,0.0,0.0,557.0,0
3.6910000000000003,1402.0,1113.0,845.0,1402.5,1113.5,845.5,0.0,0.0,0.0,-10.125,0.5,-9.875,0.0,0.0,0.0,0.0,0.0,0.0,557.0,0
3.692,1402.0,1114.0,845.0,1402.5,1113.5,845.5,0.0,1000.0,0.0,-10.125,0.5,-9.875,0.0,0.0,0.0,0.0,0.0,0.0,557.0,0
3.693,1402.0,1114.0,846.0,1402.5,1114.5,845.5,0.0,0.0,1000.0,-8.875,0.5,-9.125,0.0,0.0,0.0,0.0,0.0,0.0,556.0,0
3.694,1402.0,1114.0,846.0,1402.5,1114.5,846.5,0.0,0.0,0.0,-8.875,0.5,-10.125,0.0,0.0,0.0,0.0,0.0,0.0,556.0,0
3.6950000000000003,1403.0,1115.0,846.0,1402.5,1114.5,846.5,1000.0,1000.0,0.0,-8.875,0.5,-10.125,0.0,0.0,0.0,0.0,0.0,0.0,557.0,0
3.696,1403.0,1115.0,846.0,1403.5,1115.5,846.5,0.0,0.0,0.0,-8.625,0.5,-9.375,0.0,0.0,0.0,0.0,0.0,0.0,557.0,0
3.697,1404.0,1115.0,846.0,1403.5,1115.5,846.5,1000.0,0.0,0.0,-8.625,0.5,-9.375,0.0,0.0,0.0,0.0,0.0,0.0,558.0,0
3.698,1405.0,1116.0,846.0,1404.5,1115.5,846.5,1000.0,1000.0,0.0,-9.625,0.5,-9.375,0.0,0.0,0.0,0.0,0.0,0.0,559.0,0
3.6990000000000003,1406.0,1116.0,847.0,1405.5,1116.5,846.5,1000.0,0.0,1000.0,-9.375,0.5,-8.625,0.0,0.0,0.0,0.0,0.0,0.0,559.0,0
3.7,1406.0,1116.0,847.0,1406.5,1116.5,847.5,0.0,0.0,0.0,-10.375,0.5,-9.625,0.0,0.0,0.0,0.0,0.0,0.0,559.0,0
3.701,1406.0,1117.0,847.0,1406.5,1116.5,847.5,0.0,1000.0,0.0,-10.375,0.5,-9.625,0.0,0.0,0.0,0.0,0.0,0.0,559.0,0
3.702,1407.0,1117.0,847.0,1406.5,1117.5,847.5,1000.0,0.0,0.0,-9.125,0.5,-8.875,0.0,0.0,0.0,0.0,0.0,0.0,560.0,0
3.7030000000000003,1407.0,1117.0,848.0,1407.5,1117.5,847.5,0.0,0.0,1000.0,-10.125,0.5,-8.875,0.0,0.0,0.0,0.0,0.0,0.0,559.0,0
3.704,1407.0,1118.0,848.0,1407.5,1117.5,848.5,0.0,1000.0,0.0,-10.125,0.5,-9.875,0.0,0.0,0.0,0.0,0.0,0.0,559.0,0
3.705,1408.0,1118.0,848.0,1407.5,1118.5,848.5,1000.0,0.0,0.0,-8.875,0.5,-9.125,0.0,0.0,0.0,0.0,0.0,0.0,560.0,0
3.706,1408.0,1118.0,848.0,1408.5,1118.5,848.5,0.0,0.0,0.0,-9.875,0.5,-9.125,0.0,0.0,0.0,0.0,0.0,0.0,560.0,0
3.7070000000000003,1409.0,1119.0,849.0,1408.5,1118.5,848.5,1000.0,1000.0,1000.0,-9.875,0.5,-9.125,0.0,0.0,0.0,0.0,0.0,0.0,560.0,0
3.708,1410.0,1119.0,849.0,1409.5,1119.5,849.5,1000.0,0.0,0.0,-9.625,0.5,-9.375,0.0,0.0,0.0,0.0,0.0,0.0,561.0,0
3.709,1410.0,1119.0,849.0,1410.5,1119.5,849.5,0.0,0.0,0.0,-10.625,0.5,-9.375,0.0,0.0,0.0,0.0,0.0,0.0,561.0,0
3.71,1411.0,1120.0,849.0,1410.5,1119.5,849.5,1000.0,1000.0,0.0,-10.625,0.5,-9.375,0.0,0.0,0.0,0.0,0.0,0.0,562.0,0
3.7110000000000003,1411.0,1120.0,850.0,1411.5,1120.5,849.5,0.0,0.0,1000.0,-10.375,0.5,-8.625,0.0,0.0,0.0,0.0,0.0,0.0,561.0,0
3.712,1411.0,1120.0,850.0,1411.5,1120.5,850.5,0.0,0.0,0.0,-10.375,0.5,-9.625,0.0,0.0,0.0,0.0,0.0,0.0,561.0,0
3.713,1411.0,1120.0,850.0,1411.5,1120.5,850.5,0.0,0.0,0.0,-10.375,0.5,-9.625,0.0,0.0,0.0,0.0,0.0,0.0,561.0,0
3.714,1411.0,1121.0,850.0,1411.5,1120.5,850.5,0.0,1000.0,0.0,-10.375,0.5,-9.625,0.0,0.0,0.0,0.0,0.0,0.0,561.0,0
3.715,1411.0,1121.0,851.0,1411.5,1121.5,850.5,0.0,0.0,1000.0,-9.125,0.5,-8.875,0.0,0.0,0.0,0.0,0.0,0.0,560.0,0
3.716,1411.0,1121.0,851.0,1411.5,1121.5,851.5,0.0,0.0,0.0,-9.125,0.5,-9.875,0.0,0.0,0.0,0.0,0.0,0.0,560.0,0
3.717,1412.0,1122.0,851.0,1411.5,1121.5,851.5,1000.0,1000.0,0.0,-9.125,0.5,-9.875,0.0,0.0,0.0,0.0,0.0,0.0,561.0,0
3.718,1412.0,1122.0,851.0,1412.5,1122.5,851.5,0.0,0.0,0.0,-8.875,0.5,-9.125,0.0,0.0,0.0,0.0,0.0,0.0,561.0,0
3.719,1413.0,1122.0,852.0,1412.5,1122.5,851.5,1000.0,0.0,1000.0,-8.875,0.5,-9.125,0.0,0.0,0.0,0.0,0.0,0.0,561.0,0
3.72,1414.0,1123.0,852.0,1413.5,1122.5,852.5,1000.0,1000.0,0.0,-9.875,0.5,-10.125,0.0,0.0,0.0,0.0,0.0,0.0,562.0,0
3.721,1415.0,1123.0,852.0,1414.5,1123.5,852.5,1000.0,0.0,0.0,-9.625,0.5,-9.375,0.0,0.0,0.0,0.0,0.0,0.0,563.0,0
3.722,1415.0,1123.0,852.0,1415.5,1123.5,852.5,0.0,0.0,0.0,-10.625,0.5,-9.375,0.0,0.0,0.0,0.0,0.0,0.0,563.0,0
3.723,1415.0,1124.0,852.0,1415.5,1123.5,852.5,0.0,1000.0,0.0,-10.625,0.5,-9.375,0.0,0.0,0.0,0.0,0.0,0.0,563.0,0
3.724,1416.0,1124.0,853.0,1415.5,1124.5,852.5,1000.0,0.0,1000.0,-9.375,0.5,-8.625,0.0,0.0,0.0,0.0,0.0,0.0,563.0,0
3.725,1416.0,1124.0,853.0,1416.5,1124.5,853.5,0.0,0.0,0.0,-10.375,0.5,-9.625,0.0,0.0,0.0,0.0,0.0,0.0,563.0,0
3.726,1416.0,1125.0,853.0,1416.5,1124.5,853.5,0.0,1000.0,0.0,-10.375,0.5,-9.625,0.0,0.0,0.0,0.0,0.0,0.0,563.0,0
3.727,1417.0,1125.0,853.0,1416.5,1125.5,853.5,1000.0,0.0,0.0,-9.125,0.5,-8.875,0.0,0.0,0.0,0.0,0.0,0.0,564.0,0
3.728,1417.0,1125.0,854.0,1417.5,1125.5,853.5,0.0,0.0,1000.0,-10.125,0.5,-8.875,0.0,0.0,0.0,0.0,0.0,0.0,563.0,0
3.729,1417.0,1126.0,854.0,1417.5,1125.5,854.5,0.0,1000.0,0.0,-10.125,0.5,-9.875,0.0,0.0,0.0,0.0,0.0,0.0,563.0,0
3.73,1417.0,1126.0,854.0,1417.5,1126.5,854.5,0.0,0.0,0.0,-8.875,0.5,-9.125,0.0,0.0,0.0,0.0,0.0,0.0,563.0,0
3.731,1417.0,1126.0,854.0,1417.5,1126.5,854.5,0.0,0.0,0.0,-8.875,0.5,-9.125,0.0,0.0,0.0,0.0,0.0,0.0,563.0,0
3.732,1418.0,1127.0,855.0,1417.5,1126.5,854.5,1000.0,1000.0,1000.0,-8.875,0.5,-9.125,0.0,0.0,0.0,0.0,0.0,0.0,563.0,0
3.733,1418.0,1127.0,855.0,1418.5,1127.5,855.5,0.0,0.0,0.0,-8.625,0.5,-9.375,0.0,0.0,0.0,0.0,0.0,0.0,563.0,0
3.734,1419.0,1127.0,855.0,1418.5,1127.5,855.5,1000.0,0.0,0.0,-8.625,0.5,-9.375,0.0,0.0,0.0,0.0,0.0,0.0,564.0,0
3.735,1420.0,1127.0,855.0,1419.5,1127.5,855.5,1000.0,0.0,0.0,-9.625,0.5,-9.375,0.0,0.0,0.0,0.0,0.0,0.0,565.0,0
3.736,1420.0,1128.0,856.0,1420.5,1127.5,855.5,0.0,1000.0,1000.0,-10.625,0.5,-9.375,0.0,0.0,0.0,0.0,0.0,0.0,564.0,0
3.737,1421.0,1128.0,856.0,1420.5,1128.5,856.5,1000.0,0.0,0.0,-9.375,0.5,-9.625,0.0,0.0,0.0,0.0,0.0,0.0,565.0,0
3.738,1422.0,1128.0,856.0,1421.5,1128.5,856.5,1000.0,0.0,0.0,-10.375,0.5,-9.625,0.0,0.0,0.0,0.0,0.0,0.0,566.0,0
3.739,1422.0,1129.0,856.0,1422.5,1128.5,856.5,0.0,1000.0,0.0,-11.375,0.5,-9.625,0.0,0.0,0.0,0.0,0.0,0.0,566.0,0
3.74,1422.0,1129.0,857.0,1422.5,1129.5,856.5,0.0,0.0,1000.0,-10.125,0.5,-8.875,0.0,0.0,0.0,0.0,0.0,0.0,565.0,0
3.741,1422.0,1129.0,857.0,1422.5,1129.5,857.5,0.0,0.0,0.0,-10.125,0.5,-9.875,0.0,0.0,0.0,0.0,0.0,0.0,565.0,0
3.742,1422.0,1130.0,857.0,1422.5,1129.5,857.5,0.0,1000.0,0.0,-10.125,0.5,-9.875,0.0,0.0,0.0,0.0,0.0,0.0,565.0,0
3.743,1422.0,1130.0,857.0,1422.5,1130.5,857.5,0.0,0.0,0.0,-8.875,0.5,-9.125,0.0,0.0,0.0,0.0,0.0,0.0,565.0,0
3.744,1422.0,1130.0,858.0,1422.5,1130.5,857.5,0.0,0.0,1000.0,-8.875,0.5,-9.125,0.0,0.0,0.0,0.0,0.0,0.0,564.0,0
3.745,1423.0,1131.0,858.0,1422.5,1130.5,858.5,1000.0,1000.0,0.0,-8.875,0.5,-10.125,0.0,0.0,0.0,0.0,0.0,0.0,565.0,0
3.746,1423.0,1131.0,858.0,1423.5,1131.5,858.5,0.0,0.0,0.0,-8.625,0.5,-9.375,0.0,0.0,0.0,0.0,0.0,0.0,565.0,0
3.747,1424.0,1131.0,858.0,1423.5,1131.5,858.5,1000.0,0.0,0.0,-8.625,0.5,-9.375,0.0,0.0,0.0,0.0,0.0,0.0,566.0,0
3.748,1425.0,1132.0,858.0,1424.5,1131.5,858.5,1000.0,1000.0,0.0,-9.625,0.5,-9.375,0.0,0.0,0.0,0.0,0.0,0.0,567.0,0
3.749,1426.0,1132.0,859.0,1425.5,1132.5,858.5,1000.0,0.0,1000.0,-9.375,0.5,-8.625,0.0,0.0,0.0,0.0,0.0,0.0,567.0,0
3.75,1426.0,1132.0,859.0,1426.5,1132.5,859.5,0.0,0.0,0.0,-10.375,0.5,-9.625,0.0,0.0,0.0,0.0,0.0,0.0,567.0,0
3.751,1426.0,1133.0,859.0,1426.5,1132.5,859.5,0.0,1000.0,0.0,-10.375,0.5,-9.625,0.0,0.0,0.0,0.0,0.0,0.0,567.0,0
3.7520000000000002,1427.0,1133.0,859.0,1426.5,1133.5,859.5,1000.0,0.0,0.0,-9.125,0.5,-8.875,0.0,0.0,0.0,0.0,0.0,0.0,568.0,0
3.753,1427.0,1133.0,860.0,1427.5,1133.5,859.5,0.0,0.0,1000.0,-10.125,0.5,-8.875,0.0,0.0,0.0,0.0,0.0,0.0,567.0,0
3.754,1427.0,1133.0,860.0,1427.5,1133.5,860.5,0.0,0.0,0.0,-10.125,0.5,-9.875,0.0,0.0,0.0,0.0,0.0,0.0,567.0,0
3.755,1427.0,1134.0,860.0,1427.5,1133.5,860.5,0.0,1000.0,0.0,-10.125,0.5,-9.875,0.0,0.0,0.0,0.0,0.0,0.0,567.0,0
3.7560000000000002,1427.0,1134.0,860.0,1427.5,1134.5,860.5,0.0,0.0,0.0,-8.875,0.5,-9.125,0.0,0.0,0.0,0.0,0.0,0.0,567.0,0
3.757,1427.0,1134.0,861.0,1427.5,1134.5,860.5,0.0,0.0,1000.0,-8.875,0.5,-9.125,0.0,0.0,0.0,0.0,0.0,0.0,566.0,0
3.758,1428.0,1135.0,861.0,1427.5,1134.5,861.5,1000.0,1000.0,0.0,-8.875,0.5,-10.125,0.0,0.0,0.0,0.0,0.0,0.0,567.0,0
3.759,1428.0,1135.0,861.0,1428.5,1135.5,861.5,0.0,0.0,0.0,-8.625,0.5,-9.375,0.0,0.0,0.0,0.0,0.0,0.0,567.0,0
3.7600000000000002,1429.0,1135.0,861.0,1428.5,1135.5,861.5,1000.0,0.0,0.0,-8.625,0.5,-9.375,0.0,0.0,0.0,0.0,0.0,0.0,568.0,0
3.761,1430.0,1136.0,861.0,1429.5,1135.5,861.5,1000.0,1000.0,0.0,-9.625,0.5,-9.375,0.0,0.0,0.0,0.0,0.0,0.0,569.0,0
3.762,1431.0,1136.0,862.0,1430.5,1136.5,861.5,1000.0,0.0,1000.0,-9.375,0.5,-8.625,0.0,0.0,0.0,0.0,0.0,0.0,569.0,0
3.763,1431.0,1136.0,862.0,1431.5,1136.5,862.5,0.0,0.0,0.0,-10.375,0.5,-9.625,0.0,0.0,0.0,0.0,0.0,0.0,569.0,0
3.7640000000000002,1431.0,1137.0,862.0,1431.5,1136.5,862.5,0.0,1000.0,0.0,-10.375,0.5,-9.625,0.0,0.0,0.0,0.0,0.0,0.0,569.0,0
3.765,1432.0,1137.0,862.0,1431.5,1137.5,862.5,1000.0,0.0,0.0,-9.125,0.5,-8.875,0.0,0.0,0.0,0.0,0.0,0.0,570.0,0
3.766,1432.0,1137.0,863.0,1432.5,1137.5,862.5,0.0,0.0,1000.0,-10.125,0.5,-8.875,0.0,0.0,0.0,0.0,0.0,0.0,569.0,0
3.767,1432.0,1138.0,863.0,1432.5,1137.5,863.5,0.0,1000.0,0.0,-10.125,0.5,-9.875,0.0,0.0,0.0,0.0,0.0,0.0,569.0,0
3.7680000000000002,1433.0,1138.0,863.0,1432.5,1138.5,863.5,1000.0,0.0,0.0,-8.875,0.5,-9.125,0.0,0.0,0.0,0.0,0.0,0.0,570.0,0
3.769,1433.0,1138.0,863.0,1433.5,1138.5,863.5,0.0,0.0,0.0,-9.875,0.5,-9.125,0.0,0.0,0.0,0.0,0.0,0.0,570.0,0
3.77,1434.0,1139.0,864.0,1433.5,1138.5,863.5,1000.0,1000.0,1000.0,-9.875,0.5,-9.125,0.0,0.0,0.0,0.0,0.0,0.0,570.0,0
3.771,1435.0,1139.0,864.0,1434.5,1139.5,864.5,1000.0,0.0,0.0,-9.625,0.5,-9.375,0.0,0.0,0.0,0.0,0.0,0.0,571.0,0
3.7720000000000002,1435.0,1139.0,864.0,1435.5,1139.5,864.5,0.0,0.0,0.0,-10.625,0.5,-9.375,0.0,0.0,0.0,0.0,0.0,0.0,571.0,0
3.773,1436.0,1140.0,864.0,1435.5,1139.5,864.5,1000.0,1000.0,0.0,-10.625,0.5,-9.375,0.0,0.0,0.0,0.0,0.0,0.0,572.0,0
3.774,1436.0,1140.0,865.0,1436.5,1140.5,864.5,0.0,0.0,1000.0,-10.375,0.5,-8.625,0.0,0.0,0.0,0.0,0.0,0.0,571.0,0
3.775,1436.0,1140.0,865.0,1436.5,1140.5,865.5,0.0,0.0,0.0,-10.375,0.5,-9.625,0.0,0.0,0.0,0.0,0.0,0.0,571.0,0
3.7760000000000002,1436.0,1140.0,865.0,1436.5,1140.5,865.5,0.0,0.0,0.0,-10.375,0.5,-9.625,0.0,0.0,0.0,0.0,0.0,0.0,571.0,0
3.777,1436.0,1141.0,865.0,1436.5,1140.5,865.5,0.0,1000.0,0.0,-10.375,0.5,-9.625,0.0,0.0,0.0,0.0,0.0,0.0,571.0,0
3.778,1436.0,1141.0,866.0,1436.5,1141.5,865.5,0.0,0.0,1000.0,-9.125,0.5,-8.875,0.0,0.0,0.0,0.0,0.0,0.0,570.0,0
3.779,1436.0,1141.0,866.0,1436.5,1141.5,866.5,0.0,0.0,0.0,-9.125,0.5,-9.875,0.0,0.0,0.0,0.0,0.0,0.0,570.0,0
3.7800000000000002,1437.0,1142.0,866.0,1436.5,1141.5,866.5,1000.0,1000.0,0.0,-9.125,0.5,-9.875,0.0,0.0,0.0,0.0,0.0,0.0,571.0,0
3.781,1437.0,1142.0,866.0,1437.5,1142.5,866.5,0.0,0.0,0.0,-8.875,0.5,-9.125,0.0,0.0,0.0,0.0,0.0,0.0,571.0,0
3.782,1438.0,1142.0,867.0,1437.5,1142.5,866.5,1000.0,0.0,1000.0,-8.875,0.5,-9.125,0.0,0.0,0.0,0.0,0.0,0.0,571.0,0
3.783,1439.0,1143.0,867.0,1438.5,1142.5,867.5,1000.0,1000.0,0.0,-9.875,0.5,-10.125,0.0,0.0,0.0,0.0,0.0,0.0,572.0,0
3.7840000000000003,1440.0,1143.0,867.0,1439.5,1143.5,867.5,1000.0,0.0,0.0,-9.625,0.5,-9.375,0.0,0.0,0.0,0.0,0.0,0.0,573.0,0
3.785,1440.0,1143.0,867.0,1440.5,1143.5,867.5,0.0,0.0,0.0,-10.625,0.5,-9.375,0.0,0.0,0.0,0.0,0.0,0.0,573.0,0
3.786,1440.0,1144.0,867.0,1440.5,1143.5,867.5,0.0,1000.0,0.0,-10.625,0.5,-9.375,0.0,0.0,0.0,0.0,0.0,0.0,573.0,0
3.787,1441.0,1144.0,868.0,1440.5,1144.5,867.5,1000.0,0.0,1000.0,-9.375,0.5,-8.625,0.0,0.0,0.0,0.0,0.0,0.0,573.0,0
3.7880000000000003,1441.0,1144.0,868.0,1441.5,1144.5,868.5,0.0,0.0,0.0,-10.375,0.5,-9.625,0.0,0.0,0.0,0.0,0.0,0.0,573.0,0
3.789,1441.0,1145.0,868.0,1441.5,1144.5,868.5,0.0,1000.0,0.0,-10.375,0.5,-9.625,0.0,0.0,0.0,0.0,0.0,0.0,573.0,0
3.79,1442.0,1145.0,868.0,1441.5,1145.5,868.5,1000.0,0.0,0.0,-9.125,0.5,-8.875,0.0,0.0,0.0,0.0,0.0,0.0,574.0,0
3.791,1442.0,1145.0,869.0,1442.5,1145.5,868.5,0.0,0.0,1000.0,-10.125,0.5,-8.875,0.0,0.0,0.0,0.0,0.0,0.0,573.0,0
3.7920000000000003,1442.0,1146.0,869.0,1442.5,1145.5,869.5,0.0,1000.0,0.0,-10.125,0.5,-9.875,0.0,0.0,0.0,0.0,0.0,0.0,573.0,0
3.793,1442.0,1146.0,869.0,1442.5,1146.5,869.5,0.0,0.0,0.0,-8.875,0.5,-9.125,0.0,0.0,0.0,0.0,0.0,0.0,573.0,0
3.794,1442.0,1146.0,869.0,1442.5,1146.5,869.5,0.0,0.0,0.0,-8.875,0.5,-9.125,0.0,0.0,0.0,0.0,0.0,0.0,573.0,0
3.795,1443.0,1146.0,870.0,1442.5,1146.5,869.5,1000.0,0.0,1000.0,-8.875,0.5,-9.125,0.0,0.0,0.0,0.0,0.0,0.0,573.0,0
3.7960000000000003,1443.0,1147.0,870.0,1443.5,1146.5,870.5,0.0,1000.0,0.0,-9.875,0.5,-10.125,0.0,0.0,0.0,0.0,0.0,0.0,573.0,0
3.797,1444.0,1147.0,870.0,1443.5,1147.5,870.5,1000.0,0.0,0.0,-8.625,0.5,-9.375,0.0,0.0,0.0,0.0,0.0,0.0,574.0,0
3.798,1445.0,1147.0,870.0,1444.5,1147.5,870.5,1000.0,0.0,0.0,-9.625,0.5,-9.375,0.0,0.0,0.0,0.0,0.0,0.0,575.0,0
3.799,1445.0,1148.0,870.0,1445.5,1147.5,870.5,0.0,1000.0,0.0,-10.625,0.5,-9.375,0.0,0.0,0.0,0.0,0.0,0.0,575.0,0
3.8000000000000003,1446.0,1148.0,871.0,1445.5,1148.5,870.5,1000.0,0.0,1000.0,-9.375,0.5,-8.625,0.0,0.0,0.0,0.0,0.0,0.0,575.0,0
3.801,1447.0,1148.0,871.0,1446.5,1148.5,871.5,1000.0,0.0,0.0,-10.375,0.5,-9.625,0.0,0.0,0.0,0.0,0.0,0.0,576.0,0
3.802,1447.0,1149.0,871.0,1447.5,1148.5,871.5,0.0,1000.0,0.0,-11.375,0.5,-9.625,0.0,0.0,0.0,0.0,0.0,0.0,576.0,0
3.803,1447.0,1149.0,871.0,1447.5,1149.5,871.5,0.0,0.0,0.0,-10.125,0.5,-8.875,0.0,0.0,0.0,0.0,0.0,0.0,576.0,0
3.8040000000000003,1447.0,1149.0,872.0,1447.5,1149.5,871.5,0.0,0.0,1000.0,-10.125,0.5,-8.875,0.0,0.0,0.0,0.0,0.0,0.0,575.0,0
3.805,1447.0,1150.0,872.0,1447.5,1149.5,872.5,0.0,1000.0,0.0,-10.125,0.5,-9.875,0.0,0.0,0.0,0.0,0.0,0.0,575.0,0
3.806,1447.0,1150.0,872.0,1447.5,1150.5,872.5,0.0,0.0,0.0,-8.875,0.5,-9.125,0.0,0.0,0.0,0.0,0.0,0.0,575.0,0
3.807,1447.0,1150.0,872.0,1447.5,1150.5,872.5,0.0,0.0,0.0,-8.875,0.5,-9.125,0.0,0.0,0.0,0.0,0.0,0.0,575.0,0
3.8080000000000003,1448.0,1151.0,873.0,1447.5,1150.5,872.5,1000.0,1000.0,1000.0,-8.875,0.5,-9.125,0.0,0.0,0.0,0.0,0.0,0.0,575.0,0
3.809,1448.0,1151.0,873.0,1448.5,1151.5,873.5,0.0,0.0,0.0,-8.625,0.5,-9.375,0.0,0.0,0.0,0.0,0.0,0.0,575.0,0
3.81,1449.0,1151.0,873.0,1448.5,1151.5,873.5,1000.0,0.0,0.0,-8.625,0.5,-9.375,0.0,0.0,0.0,0.0,0.0,0.0,576.0,0
3.811,1450.0,1152.0,873.0,1449.5,1151.5,873.5,1000.0,1000.0,0.0,-9.625,0.5,-9.375,0.0,0.0,0.0,0.0,0.0,0.0,577.0,0
3.8120000000000003,1451.0,1152.0,873.0,1450.5,1152.5,873.5,1000.0,0.0,0.0,-9.375,0.5,-8.625,0.0,0.0,0.0,0.0,0.0,0.0,578.0,0
3.813,1451.0,1152.0,874.0,1451.5,1152.5,873.5,0.0,0.0,1000.0,-10.375,0.5,-8.625,0.0,0.0,0.0,0.0,0.0,0.0,577.0,0
3.814,1451.0,1153.0,874.0,1451.5,1152.5,874.5,0.0,1000.0,0.0,-10.375,0.5,-9.625,0.0,0.0,0.0,0.0,0.0,0.0,577.0,0
3.815,1452.0,1153.0,874.0,1451.5,1153.5,874.5,1000.0,0.0,0.0,-9.125,0.5,-8.875,0.0,0.0,0.0,0.0,0.0,0.0,578.0,0
3.8160000000000003,1452.0,1153.0,874.0,1452.5,1153.5,874.5,0.0,0.0,0.0,-10.125,0.5,-8.875,0.0,0.0,0.0,0.0,0.0,0.0,578.0,0
3.817,1452.0,1153.0,875.0,1452.5,1153.5,874.5,0.0,0.0,1000.0,-10.125,0.5,-8.875,0.0,0.0,0.0,0.0,0.0,0.0,577.0,0
3.818,1452.0,1154.0,875.0,1452.5,1153.5,875.5,0.0,1000.0,0.0,-10.125,0.5,-9.875,0.0,0.0,0.0,0.0,0.0,0.0,577.0,0
3.819,1452.0,1154.0,875.0,1452.5,1154.5,875.5,0.0,0.0,0.0,-8.875,0.5,-9.125,0.0,0.0,0.0,0.0,0.0,0.0,577.0,0
3.8200000000000003,1452.0,1154.0,875.0,1452.5,1154.5,875.5,0.0,0.0,0.0,-8.875,0.5,-9.125,0.0,0.0,0.0,0.0,0.0,0.0,577.0,0
3.821,1453.0,1155.0,876.0,1452.5,1154.5,875.5,1000.0,1000.0,1000.0,-8.875,0.5,-9.125,0.0,0.0,0.0,0.0,0.0,0.0,577.0,0
3.822,1453.0,1155.0,876.0,1453.5,1155.5,876.5,0.0,0.0,0.0,-8.625,0.5,-9.375,0.0,0.0,0.0,0.0,0.0,0.0,577.0,0
3.823,1454.0,1155.0,876.0,1453.5,1155.5,876.5,1000.0,0.0,0.0,-8.625,0.5,-9.375,0.0,0.0,0.0,0.0,0.0,0.0,578.0,0
3.8240000000000003,1455.0,1156.0,876.0,1454.5,1155.5,876.5,1000.0,1000.0,0.0,-9.625,0.5,-9.375,0.0,0.0,0.0,0.0,0.0,0.0,579.0,0
3.825,1456.0,1156.0,877.0,1455.5,1156.5,876.5,1000.0,0.0,1000.0,-9.375,0.5,-8.625,0.0,0.0,0.0,0.0,0.0,0.0,579.0,0
3.826,1456.0,1156.0,877.0,1456.5,1156.5,877.5,0.0,0.0,0.0,-10.375,0.5,-9.625,0.0,0.0,0.0,0.0,0.0,0.0,579.0,0
3.827,1456.0,1157.0,877.0,1456.5,1156.5,877.5,0.0,1000.0,0.0,-10.375,0.5,-9.625,0.0,0.0,0.0,0.0,0.0,0.0,579.0,0
3.8280000000000003,1457.0,1157.0,877.0,1456.5,1157.5,877.5,1000.0,0.0,0.0,-9.125,0.5,-8.875,0.0,0.0,0.0,0.0,0.0,0.0,580.0,0
3.829,1457.0,1157.0,878.0,1457.5,1157.5,877.5,0.0,0.0,1000.0,-10.125,0.5,-8.875,0.0,0.0,0.0,0.0,0.0,0.0,579.0,0
3.83,1457.0,1158.0,878.0,1457.5,1157.5,878.5,0.0,1000.0,0.0,-10.125,0.5,-9.875,0.0,0.0,0.0,0.0,0.0,0.0,579.0,0
3.831,1458.0,1158.0,878.0,1457.5,1158.5,878.5,1000.0,0.0,0.0,-8.875,0.5,-9.125,0.0,0.0,0.0,0.0,0.0,0.0,580.0,0
3.8320000000000003,1458.0,1158.0,878.0,1458.5,1158.5,878.5,0.0,0.0,0.0,-9.875,0.5,-9.125,0.0,0.0,0.0,0.0,0.0,0.0,580.0,0
3.833,1459.0,1159.0,879.0,1458.5,1158.5,878.5,1000.0,1000.0,1000.0,-9.875,0.5,-9.125,0.0,0.0,0.0,0.0,0.0,0.0,580.0,0
3.834,1460.0,1159.0,879.0,1459.5,1159.5,879.5,1000.0,0.0,0.0,-9.625,0.5,-9.375,0.0,0.0,0.0,0.0,0.0,0.0,581.0,0
3.835,1460.0,1159.0,879.0,1460.5,1159.5,879.5,0.0,0.0,0.0,-10.625,0.5,-9.375,0.0,0.0,0.0,0.0,0.0,0.0,581.0,0
3.8360000000000003,1461.0,1159.0,879.0,1460.5,1159.5,879.5,1000.0,0.0,0.0,-10.625,0.5,-9.375,0.0,0.0,0.0,0.0,0.0,0.0,582.0,0
3.837,1461.0,1160.0,879.0,1461.5,1159.5,879.5,0.0,1000.0,0.0,-11.625,0.5,-9.375,0.0,0.0,0.0,0.0,0.0,0.0,582.0,0
3.838,1461.0,1160.0,880.0,1461.5,1160.5,879.5,0.0,0.0,1000.0,-10.375,0.5,-8.625,0.0,0.0,0.0,0.0,0.0,0.0,581.0,0
3.839,1461.0,1160.0,880.0,1461.5,1160.5,880.5,0.0,0.0,0.0,-10.375,0.5,-9.625,0.0,0.0,0.0,0.0,0.0,0.0,581.0,0
3.84,1461.0,1161.0,880.0,1461.5,1160.5,880.5,0.0,1000.0,0.0,-10.375,0.5,-9.625,0.0,0.0,0.0,0.0,0.0,0.0,581.0,0
3.841,1461.0,1161.0,880.0,1461.5,1161.5,880.5,0.0,0.0,0.0,-9.125,0.5,-8.875,0.0,0.0,0.0,0.0,0.0,0.0,581.0,0
3.842,1461.0,1161.0,881.0,1461.5,1161.5,880.5,0.0,0.0,1000.0,-9.125,0.5,-8.875,0.0,0.0,0.0,0.0,0.0,0.0,580.0,0
3.843,1462.0,1162.0,881.0,1461.5,1161.5,881.5,1000.0,1000.0,0.0,-9.125,0.5,-9.875,0.0,0.0,0.0,0.0,0.0,0.0,581.0,0
3.844,1462.0,1162.0,881.0,1462.5,1162.5,881.5,0.0,0.0,0.0,-8.875,0.5,-9.125,0.0,0.0,0.0,0.0,0.0,0.0,581.0,0
3.845,1463.0,1162.0,881.0,1462.5,1162.5,881.5,1000.0,0.0,0.0,-8.875,0.5,-9.125,0.0,0.0,0.0,0.0,0.0,0.0,582.0,0
3.846,1464.0,1163.0,882.0,1463.5,1162.5,881.5,1000.0,1000.0,1000.0,-9.875,0.5,-9.125,0.0,0.0,0.0,0.0,0.0,0.0,582.0,0
3.847,1465.0,1163.0,882.0,1464.5,1163.5,882.5,1000.0,0.0,0.0,-9.625,0.5,-9.375,0.0,0.0,0.0,0.0,0.0,0.0,583.0,0
3.848,1465.0,1163.0,882.0,1465.5,1163.5,882.5,0.0,0.0,0.0,-10.625,0.5,-9.375,0.0,0.0,0.0,0.0,0.0,0.0,583.0,0
3.849,1465.0,1164.0,882.0,1465.5,1163.5,882.5,0.0,1000.0,0.0,-10.625,0.5,-9.375,0.0,0.0,0.0,0.0,0.0,0.0,583.0,0
3.85,1466.0,1164.0,883.0,1465.5,1164.5,882.5,1000.0,0.0,1000.0,-9.375,0.5,-8.625,0.0,0.0,0.0,0.0,0.0,0.0,583.0,0
3.851,1466.0,1164.0,883.0,1466.5,1164.5,883.5,0.0,0.0,0.0,-10.375,0.5,-9.625,0.0,0.0,0.0,0.0,0.0,0.0,583.0,0
3.852,1466.0,1165.0,883.0,1466.5,1164.5,883.5,0.0,1000.0,0.0,-10.375,0.5,-9.625,0.0,0.0,0.0,0.0,0.0,0.0,583.0,0
3.853,1467.0,1165.0,883.0,1466.5,1165.5,883.5,1000.0,0.0,0.0,-9.125,0.5,-8.875,0.0,0.0,0.0,0.0,0.0,0.0,584.0,0
3.854,1467.0,1165.0,884.0,1467.5,1165.5,883.5,0.0,0.0,1000.0,-10.125,0.5,-8.875,0.0,0.0,0.0,0.0,0.0,0.0,583.0,0
3.855,1467.0,1166.0,884.0,1467.5,1165.5,884.5,0.0,1000.0,0.0,-10.125,0.5,-9.875,0.0,0.0,0.0,0.0,0.0,0.0,583.0,0
3.856,1467.0,1166.0,884.0,1467.5,1166.5,884.5,0.0,0.0,0.0,-8.875,0.5,-9.125,0.0,0.0,0.0,0.0,0.0,0.0,583.0,0
3.857,1467.0,1166.0,884.0,1467.5,1166.5,884.5,0.0,0.0,0.0,-8.875,0.5,-9.125,0.0,0.0,0.0,0.0,0.0,0.0,583.0,0
3.858,1468.0,1166.0,885.0,1467.5,1166.5,884.5,1000.0,0.0,1000.0,-8.875,0.5,-9.125,0.0,0.0,0.0,0.0,0.0,0.0,583.0,0
3.859,1468.0,1167.0,885.0,1468.5,1166.5,885.5,0.0,1000.0,0.0,-9.875,0.5,-10.125,0.0,0.0,0.0,0.0,0.0,0.0,583.0,0
3.86,1469.0,1167.0,885.0,1468.5,1167.5,885.5,1000.0,0.0,0.0,-8.625,0.5,-9.375,0.0,0.0,0.0,0.0,0.0,0.0,584.0,0
3.861,1470.0,1167.0,885.0,1469.5,1167.5,885.5,1000.0,0.0,0.0,-9.625,0.5,-9.375,0.0,0.0,0.0,0.0,0.0,0.0,585.0,0
3.862,1470.0,1168.0,885.0,1470.5,1167.5,885.5,0.0,1000.0,0.0,-10.625,0.5,-9.375,0.0,0.0,0.0,0.0,0.0,0.0,585.0,0
3.863,1471.0,1168.0,886.0,1470.5,1168.5,885.5,1000.0,0.0,1000.0,-9.375,0.5,-8.625,0.0,0.0,0.0,0.0,0.0,0.0,585.0,0
3.864,1472.0,1168.0,886.0,1471.5,1168.5,886.5,1000.0,0.0,0.0,-10.375,0.5,-9.625,0.0,0.0,0.0,0.0,0.0,0.0,586.0,0
3.865,1472.0,1169.0,886.0,1472.5,1168.5,886.5,0.0,1000.0,0.0,-11.375,0.5,-9.625,0.0,0.0,0.0,0.0,0.0,0.0,586.0,0
3.866,1472.0,1169.0,886.0,1472.5,1169.5,886.5,0.0,0.0,0.0,-10.125,0.5,-8.875,0.0,0.0,0.0,0.0,0.0,0.0,586.0,0
3.867,1472.0,1169.0,886.0,1472.5,1169.5,886.5,0.0,0.0,0.0,-10.125,0.5,-8.875,0.0,0.0,0.0,0.0,0.0,0.0,586.0,0
3.868,1472.0,1170.0,887.0,1472.5,1169.5,886.5,0.0,1000.0,1000.0,-10.125,0.5,-8.875,0.0,0.0,0.0,0.0,0.0,0.0,585.0,0
3.869,1472.0,1170.0,887.0,1472.5,1170.5,887.5,0.0,0.0,0.0,-8.875,0.5,-9.125,0.0,0.0,0.0,0.0,0.0,0.0,585.0,0
3.87,1472.0,1170.0,887.0,1472.5,1170.5,887.5,0.0,0.0,0.0,-8.875,0.5,-9.125,0.0,0.0,0.0,0.0,0.0,0.0,585.0,0
3.871,1473.0,1171.0,887.0,1472.5,1170.5,887.5,1000.0,1000.0,0.0,-8.875,0.5,-9.125,0.0,0.0,0.0,0.0,0.0,0.0,586.0,0
3.872,1473.0,1171.0,888.0,1473.5,1171.5,887.5,0.0,0.0,1000.0,-8.625,0.5,-8.375,0.0,0.0,0.0,0.0,0.0,0.0,585.0,0
3.873,1474.0,1171.0,888.0,1473.5,1171.5,888.5,1000.0,0.0,0.0,-8.625,0.5,-9.375,0.0,0.0,0.0,0.0,0.0,0.0,586.0,0
3.874,1475.0,1172.0,888.0,1474.5,1171.5,888.5,1000.0,1000.0,0.0,-9.625,0.5,-9.375,0.0,0.0,0.0,0.0,0.0,0.0,587.0,0
3.875,1476.0,1172.0,888.0,1475.5,1172.5,888.5,1000.0,0.0,0.0,-9.375,0.5,-8.625,0.0,0.0,0.0,0.0,0.0,0.0,588.0,0
3.876,1476.0,1172.0,889.0,1476.5,1172.5,888.5,0.0,0.0,1000.0,-10.375,0.5,-8.625,0.0,0.0,0.0,0.0,0.0,0.0,587.0,0
3.8770000000000002,1476.0,1173.0,889.0,1476.5,1172.5,889.5,0.0,1000.0,0.0,-10.375,0.5,-9.625,0.0,0.0,0.0,0.0,0.0,0.0,587.0,0
3.878,1477.0,1173.0,889.0,1476.5,1173.5,889.5,1000.0,0.0,0.0,-9.125,0.5,-8.875,0.0,0.0,0.0,0.0,0.0,0.0,588.0,0
3.879,1477.0,1173.0,889.0,1477.5,1173.5,889.5,0.0,0.0,0.0,-10.125,0.5,-8.875,0.0,0.0,0.0,0.0,0.0,0.0,588.0,0
3.88,1477.0,1173.0,890.0,1477.5,1173.5,889.5,0.0,0.0,1000.0,-10.125,0.5,-8.875,0.0,0.0,0.0,0.0,0.0,0.0,587.0,0
3.8810000000000002,1477.0,1174.0,890.0,1477.5,1173.5,890.5,0.0,1000.0,0.0,-10.125,0.5,-9.875,0.0,0.0,0.0,0.0,0.0,0.0,587.0,0
3.882,1477.0,1174.0,890.0,1477.5,1174.5,890.5,0.0,0.0,0.0,-8.875,0.5,-9.125,0.0,0.0,0.0,0.0,0.0,0.0,587.0,0
3.883,1477.0,1174.0,890.0,1477.5,1174.5,890.5,0.0,0.0,0.0,-8.875,0.5,-9.125,0.0,0.0,0.0,0.0,0.0,0.0,587.0,0
3.884,1478.0,1175.0,891.0,1477.5,1174.5,890.5,1000.0,1000.0,1000.0,-8.875,0.5,-9.125,0.0,0.0,0.0,0.0,0.0,0.0,587.0,0
3.8850000000000002,1478.0,1175.0,891.0,1478.5,1175.5,891.5,0.0,0.0,0.0,-8.625,0.5,-9.375,0.0,0.0,0.0,0.0,0.0,0.0,587.0,0
3.886,1479.0,1175.0,891.0,1478.5,1175.5,891.5,1000.0,0.0,0.0,-8.625,0.5,-9.375,0.0,0.0,0.0,0.0,0.0,0.0,588.0,0
3.887,1480.0,1176.0,891.0,1479.5,1175.5,891.5,1000.0,1000.0,0.0,-9.625,0.5,-9.375,0.0,0.0,0.0,0.0,0.0,0.0,589.0,0
3.888,1481.0,1176.0,891.0,1480.5,1176.5,891.5,1000.0,0.0,0.0,-9.375,0.5,-8.625,0.0,0.0,0.0,0.0,0.0,0.0,590.0,0
3.8890000000000002,1481.0,1176.0,892.0,1481.5,1176.5,891.5,0.0,0.0,1000.0,-10.375,0.5,-8.625,0.0,0.0,0.0,0.0,0.0,0.0,589.0,0
3.89,1481.0,1177.0,892.0,1481.5,1176.5,892.5,0.0,1000.0,0.0,-10.375,0.5,-9.625,0.0,0.0,0.0,0.0,0.0,0.0,589.0,0
3.891,1482.0,1177.0,892.0,1481.5,1177.5,892.5,1000.0,0.0,0.0,-9.125,0.5,-8.875,0.0,0.0,0.0,0.0,0.0,0.0,590.0,0
3.892,1482.0,1177.0,892.0,1482.5,1177.5,892.5,0.0,0.0,0.0,-10.125,0.5,-8.875,0.0,0.0,0.0,0.0,0.0,0.0,590.0,0
3.8930000000000002,1482.0,1178.0,893.0,1482.5,1177.5,892.5,0.0,1000.0,1000.0,-10.125,0.5,-8.875,0.0,0.0,0.0,0.0,0.0,0.0,589.0,0
3.894,1483.0,1178.0,893.0,1482.5,1178.5,893.5,1000.0,0.0,0.0,-8.875,0.5,-9.125,0.0,0.0,0.0,0.0,0.0,0.0,590.0,0
3.895,1483.0,1178.0,893.0,1483.5,1178.5,893.5,0.0,0.0,0.0,-9.875,0.5,-9.125,0.0,0.0,0.0,0.0,0.0,0.0,590.0,0
3.896,1484.0,1179.0,893.0,1483.5,1178.5,893.5,1000.0,1000.0,0.0,-9.875,0.5,-9.125,0.0,0.0,0.0,0.0,0.0,0.0,591.0,0
3.8970000000000002,1485.0,1179.0,894.0,1484.5,1179.5,893.5,1000.0,0.0,1000.0,-9.625,0.5,-8.375,0.0,0.0,0.0,0.0,0.0,0.0,591.0,0
3.898,1485.0,1179.0,894.0,1485.5,1179.5,894.5,0.0,0.0,0.0,-10.625,0.5,-9.375,0.0,0.0,0.0,0.0,0.0,0.0,591.0,0
3.899,1486.0,1179.0,894.0,1485.5,1179.5,894.5,1000.0,0.0,0.0,-10.625,0.5,-9.375,0.0,0.0,0.0,0.0,0.0,0.0,592.0,0
3.9,1486.0,1180.0,894.0,1486.5,1179.5,894.5,0.0,1000.0,0.0,-11.625,0.5,-9.375,0.0,0.0,0.0,0.0,0.0,0.0,592.0,0
3.9010000000000002,1486.0,1180.0,895.0,1486.5,1180.5,894.5,0.0,0.0,1000.0,-10.375,0.5,-8.625,0.0,0.0,0.0,0.0,0.0,0.0,591.0,0
3.902,1486.0,1180.0,895.0,1486.5,1180.5,895.5,0.0,0.0,0.0,-10.375,0.5,-9.625,0.0,0.0,0.0,0.0,0.0,0.0,591.0,0
3.903,1486.0,1181.0,895.0,1486.5,1180.5,895.5,0.0,1000.0,0.0,-10.375,0.5,-9.625,0.0,0.0,0.0,0.0,0.0,0.0,591.0,0
3.904,1486.0,1181.0,895.0,1486.5,1181.5,895.5,0.0,0.0,0.0,-9.125,0.5,-8.875,0.0,0.0,0.0,0.0,0.0,0.0,591.0,0
3.9050000000000002,1486.0,1181.0,896.0,1486.5,1181.5,895.5,0.0,0.0,1000.0,-9.125,0.5,-8.875,0.0,0.0,0.0,0.0,0.0,0.0,590.0,0
3.906,1487.0,1182.0,896.0,1486.5,1181.5,896.5,1000.0,1000.0,0.0,-9.125,0.5,-9.875,0.0,0.0,0.0,0.0,0.0,0.0,591.0,0
3.907,1487.0,1182.0,896.0,1487.5,1182.5,896.5,0.0,0.0,0.0,-8.875,0.5,-9.125,0.0,0.0,0.0,0.0,0.0,0.0,591.0,0
3.908,1488.0,1182.0,896.0,1487.5,1182.5,896.5,1000.0,0.0,0.0,-8.875,0.5,-9.125,0.0,0.0,0.0,0.0,0.0,0.0,592.0,0
3.9090000000000003,1489.0,1183.0,896.0,1488.5,1182.5,896.5,1000.0,1000.0,0.0,-9.875,0.5,-9.125,0.0,0.0,0.0,0.0,0.0,0.0,593.0,0
3.91,1490.0,1183.0,897.0,1489.5,1183.5,896.5,1000.0,0.0,1000.0,-9.625,0.5,-8.375,0.0,0.0,0.0,0.0,0.0,0.0,593.0,0
3.911,1490.0,1183.0,897.0,1490.5,1183.5,897.5,0.0,0.0,0.0,-10.625,0.5,-9.375,0.0,0.0,0.0,0.0,0.0,0.0,593.0,0
3.912,1490.0,1184.0,897.0,1490.5,1183.5,897.5,0.0,1000.0,0.0,-10.625,0.5,-9.375,0.0,0.0,0.0,0.0,0.0,0.0,593.0,0
3.9130000000000003,1491.0,1184.0,897.0,1490.5,1184.5,897.5,1000.0,0.0,0.0,-9.375,0.5,-8.625,0.0,0.0,0.0,0.0,0.0,0.0,594.0,0
3.914,1491.0,1184.0,898.0,1491.5,1184.5,897.5,0.0,0.0,1000.0,-10.375,0.5,-8.625,0.0,0.0,0.0,0.0,0.0,0.0,593.0,0
3.915,1491.0,1185.0,898.0,1491.5,1184.5,898.5,0.0,1000.0,0.0,-10.375,0.5,-9.625,0.0,0.0,0.0,0.0,0.0,0.0,593.0,0
3.916,1492.0,1185.0,898.0,1491.5,1185.5,898.5,1000.0,0.0,0.0,-9.125,0.5,-8.875,0.0,0.0,0.0,0.0,0.0,0.0,594.0,0
3.9170000000000003,1492.0,1185.0,898.0,1492.5,1185.5,898.5,0.0,0.0,0.0,-10.125,0.5,-8.875,0.0,0.0,0.0,0.0,0.0,0.0,594.0,0
3.918,1492.0,1186.0,899.0,1492.5,1185.5,898.5,0.0,1000.0,1000.0,-10.125,0.5,-8.875,0.0,0.0,0.0,0.0,0.0,0.0,593.0,0
3.919,1492.0,1186.0,899.0,1492.5,1186.5,899.5,0.0,0.0,0.0,-8.875,0.5,-9.125,0.0,0.0,0.0,0.0,0.0,0.0,593.0,0
3.92,1492.0,1186.0,899.0,1492.5,1186.5,899.5,0.0,0.0,0.0,-8.875,0.5,-9.125,0.0,0.0,0.0,0.0,0.0,0.0,593.0,0
3.9210000000000003,1493.0,1186.0,899.0,1492.5,1186.5,899.5,1000.0,0.0,0.0,-8.875,0.5,-9.125,0.0,0.0,0.0,0.0,0.0,0.0,594.0,0
3.922,1493.0,1187.0,900.0,1493.5,1186.5,899.5,0.0,1000.0,1000.0,-9.875,0.5,-9.125,0.0,0.0,0.0,0.0,0.0,0.0,593.0,0
3.923,1494.0,1187.0,900.0,1493.5,1187.5,900.5,1000.0,0.0,0.0,-8.625,0.5,-9.375,0.0,0.0,0.0,0.0,0.0,0.0,594.0,0
3.924,1495.0,1187.0,900.0,1494.5,1187.5,900.5,1000.0,0.0,0.0,-9.625,0.5,-9.375,0.0,0.0,0.0,0.0,0.0,0.0,595.0,0
3.9250000000000003,1495.0,1188.0,900.0,1495.5,1187.5,900.5,0.0,1000.0,0.0,-10.625,0.5,-9.375,0.0,0.0,0.0,0.0,0.0,0.0,595.0,0
3.926,1496.0,1188.0,901.0,1495.5,1188.5,900.5,1000.0,0.0,1000.0,-9.375,0.5,-8.625,0.0,0.0,0.0,0.0,0.0,0.0,595.0,0
3.927,1497.0,1188.0,901.0,1496.5,1188.5,901.5,1000.0,0.0,0.0,-10.375,0.5,-9.625,0.0,0.0,0.0,0.0,0.0,0.0,596.0,0
3.928,1497.0,1189.0,901.0,1497.5,1188.5,901.5,0.0,1000.0,0.0,-11.375,0.5,-9.625,0.0,0.0,0.0,0.0,0.0,0.0,596.0,0
3.9290000000000003,1497.0,1189.0,901.0,1497.5,1189.5,901.5,0.0,0.0,0.0,-10.125,0.5,-8.875,0.0,0.0,0.0,0.0,0.0,0.0,596.0,0
3.93,1497.0,1189.0,901.0,1497.5,1189.5,901.5,0.0,0.0,0.0,-10.125,0.5,-8.875,0.0,0.0,0.0,0.0,0.0,0.0,596.0,0
3.931,1497.0,1190.0,902.0,1497.5,1189.5,901.5,0.0,1000.0,1000.0,-10.125,0.5,-8.875,0.0,0.0,0.0,0.0,0.0,0.0,595.0,0
3.932,1497.0,1190.0,902.0,1497.5,1190.5,902.5,0.0,0.0,0.0,-8.875,0.5,-9.125,0.0,0.0,0.0,0.0,0.0,0.0,595.0,0
3.9330000000000003,1497.0,1190.0,902.0,1497.5,1190.5,902.5,0.0,0.0,0.0,-8.875,0.5,-9.125,0.0,0.0,0.0,0.0,0.0,0.0,595.0,0
3.934,1498.0,1191.0,902.0,1497.5,1190.5,902.5,1000.0,1000.0,0.0,-8.875,0.5,-9.125,0.0,0.0,0.0,0.0,0.0,0.0,596.0,0
3.935,1498.0,1191.0,903.0,1498.5,1191.5,902.5,0.0,0.0,1000.0,-8.625,0.5,-8.375,0.0,0.0,0.0,0.0,0.0,0.0,595.0,0
3.936,1499.0,1191.0,903.0,1498.5,1191.5,903.5,1000.0,0.0,0.0,-8.625,0.5,-9.375,0.0,0.0,0.0,0.0,0.0,0.0,596.0,0
3.9370000000000003,1500.0,1192.0,903.0,1499.5,1191.5,903.5,1000.0,1000.0,0.0,-9.625,0.5,-9.375,0.0,0.0,0.0,0.0,0.0,0.0,597.0,0
3.938,1501.0,1192.0,903.0,1500.5,1192.5,903.5,1000.0,0.0,0.0,-9.375,0.5,-8.625,0.0,0.0,0.0,0.0,0.0,0.0,598.0,0
3.939,1501.0,1192.0,904.0,1501.5,1192.5,903.5,0.0,0.0,1000.0,-10.375,0.5,-8.625,0.0,0.0,0.0,0.0,0.0,0.0,597.0,0
3.94,1501.0,1192.0,904.0,1501.5,1192.5,904.5,0.0,0.0,0.0,-10.375,0.5,-9.625,0.0,0.0,0.0,0.0,0.0,0.0,597.0,0
3.9410000000000003,1502.0,1193.0,904.0,1501.5,1192.5,904.5,1000.0,1000.0,0.0,-10.375,0.5,-9.625,0.0,0.0,0.0,0.0,0.0,0.0,598.0,0
3.942,1502.0,1193.0,904.0,1502.5,1193.5,904.5,0.0,0.0,0.0,-10.125,0.5,-8.875,0.0,0.0,0.0,0.0,0.0,0.0,598.0,0
3.943,1502.0,1193.0,905.0,1502.5,1193.5,904.5,0.0,0.0,1000.0,-10.125,0.5,-8.875,0.0,0.0,0.0,0.0,0.0,0.0,597.0,0
3.944,1502.0,1194.0,905.0,1502.5,1193.5,905.5,0.0,1000.0,0.0,-10.125,0.5,-9.875,0.0,0.0,0.0,0.0,0.0,0.0,597.0,0
3.9450000000000003,1502.0,1194.0,905.0,1502.5,1194.5,905.5,0.0,0.0,0.0,-8.875,0.5,-9.125,0.0,0.0,0.0,0.0,0.0,0.0,597.0,0
3.946,1502.0,1194.0,905.0,1502.5,1194.5,905.5,0.0,0.0,0.0,-8.875,0.5,-9.125,0.0,0.0,0.0,0.0,0.0,0.0,597.0,0
3.947,1503.0,1195.0,906.0,1502.5,1194.5,905.5,1000.0,1000.0,1000.0,-8.875,0.5,-9.125,0.0,0.0,0.0,0.0,0.0,0.0,597.0,0
3.948,1503.0,1195.0,906.0,1503.5,1195.5,906.5,0.0,0.0,0.0,-8.625,0.5,-9.375,0.0,0.0,0.0,0.0,0.0,0.0,597.0,0
3.9490000000000003,1504.0,1195.0,906.0,1503.5,1195.5,906.5,1000.0,0.0,0.0,-8.625,0.5,-9.375,0.0,0.0,0.0,0.0,0.0,0.0,598.0,0
3.95,1505.0,1196.0,906.0,1504.5,1195.5,906.5,1000.0,1000.0,0.0,-9.625,0.5,-9.375,0.0,0.0,0.0,0.0,0.0,0.0,599.0,0
3.951,1506.0,1196.0,906.0,1505.5,1196.5,906.5,1000.0,0.0,0.0,-9.375,0.5,-8.625,0.0,0.0,0.0,0.0,0.0,0.0,600.0,0
3.952,1506.0,1196.0,907.0,1506.5,1196.5,906.5,0.0,0.0,1000.0,-10.375,0.5,-8.625,0.0,0.0,0.0,0.0,0.0,0.0,599.0,0
3.9530000000000003,1506.0,1197.0,907.0,1506.5,1196.5,907.5,0.0,1000.0,0.0,-10.375,0.5,-9.625,0.0,0.0,0.0,0.0,0.0,0.0,599.0,0
3.954,1507.0,1197.0,907.0,1506.5,1197.5,907.5,1000.0,0.0,0.0,-9.125,0.5,-8.875,0.0,0.0,0.0,0.0,0.0,0.0,600.0,0
3.955,1507.0,1197.0,907.0,1507.5,1197.5,907.5,0.0,0.0,0.0,-10.125,0.5,-8.875,0.0,0.0,0.0,0.0,0.0,0.0,600.0,0
3.956,1507.0,1198.0,908.0,1507.5,1197.5,907.5,0.0,1000.0,1000.0,-10.125,0.5,-8.875,0.0,0.0,0.0,0.0,0.0,0.0,599.0,0
3.9570000000000003,1508.0,1198.0,908.0,1507.5,1198.5,908.5,1000.0,0.0,0.0,-8.875,0.5,-9.125,0.0,0.0,0.0,0.0,0.0,0.0,600.0,0
3.958,1508.0,1198.0,908.0,1508.5,1198.5,908.5,0.0,0.0,0.0,-9.875,0.5,-9.125,0.0,0.0,0.0,0.0,0.0,0.0,600.0,0
3.959,1509.0,1199.0,908.0,1508.5,1198.5,908.5,1000.0,1000.0,0.0,-9.875,0.5,-9.125,0.0,0.0,0.0,0.0,0.0,0.0,601.0,0
3.96,1510.0,1199.0,909.0,1509.5,1199.5,908.5,1000.0,0.0,1000.0,-9.625,0.5,-8.375,0.0,0.0,0.0,0.0,0.0,0.0,601.0,0
3.9610000000000003,1510.0,1199.0,909.0,1510.5,1199.5,909.5,0.0,0.0,0.0,-10.625,0.5,-9.375,0.0,0.0,0.0,0.0,0.0,0.0,601.0,0
3.962,1511.0,1199.0,909.0,1510.5,1199.5,909.5,1000.0,0.0,0.0,-10.625,0.5,-9.375,0.0,0.0,0.0,0.0,0.0,0.0,602.0,0
3.963,1511.0,1200.0,909.0,1511.5,1199.5,909.5,0.0,1000.0,0.0,-11.625,0.5,-9.375,0.0,0.0,0.0,0.0,0.0,0.0,602.0,0
3.964,1511.0,1200.0,910.0,1511.5,1200.5,909.5,0.0,0.0,1000.0,-10.375,0.5,-8.625,0.0,0.0,0.0,0.0,0.0,0.0,601.0,0
3.9650000000000003,1511.0,1200.0,910.0,1511.5,1200.5,910.5,0.0,0.0,0.0,-10.375,0.5,-9.625,0.0,0.0,0.0,0.0,0.0,0.0,601.0,0
3.966,1511.0,1201.0,910.0,1511.5,1200.5,910.5,0.0,1000.0,0.0,-10.375,0.5,-9.625,0.0,0.0,0.0,0.0,0.0,0.0,601.0,0
3.967,1511.0,1201.0,910.0,1511.5,1201.5,910.5,0.0,0.0,0.0,-9.125,0.5,-8.875,0.0,0.0,0.0,0.0,0.0,0.0,601.0,0
3.968,1511.0,1201.0,911.0,1511.5,1201.5,910.5,0.0,0.0,1000.0,-9.125,0.5,-8.875,0.0,0.0,0.0,0.0,0.0,0.0,600.0,0
3.969,1512.0,1202.0,911.0,1511.5,1201.5,911.5,1000.0,1000.0,0.0,-9.125,0.5,-9.875,0.0,0.0,0.0,0.0,0.0,0.0,601.0,0
3.97,1512.0,1202.0,911.0,1512.5,1202.5,911.5,0.0,0.0,0.0,-8.875,0.5,-9.125,0.0,0.0,0.0,0.0,0.0,0.0,601.0,0
3.971,1513.0,1202.0,911.0,1512.5,1202.5,911.5,1000.0,0.0,0.0,-8.875,0.5,-9.125,0.0,0.0,0.0,0.0,0.0,0.0,602.0,0
3.972,1514.0,1203.0,911.0,1513.5,1202.5,911.5,1000.0,1000.0,0.0,-9.875,0.5,-9.125,0.0,0.0,0.0,0.0,0.0,0.0,603.0,0
3.973,1515.0,1203.0,912.0,1514.5,1203.5,911.5,1000.0,0.0,1000.0,-9.625,0.5,-8.375,0.0,0.0,0.0,0.0,0.0,0.0,603.0,0
3.974,1515.0,1203.0,912.0,1515.5,1203.5,912.5,0.0,0.0,0.0,-10.625,0.5,-9.375,0.0,0.0,0.0,0.0,0.0,0.0,603.0,0
3.975,1515.0,1204.0,912.0,1515.5,1203.5,912.5,0.0,1000.0,0.0,-10.625,0.5,-9.375,0.0,0.0,0.0,0.0,0.0,0.0,603.0,0
3.976,1516.0,1204.0,912.0,1515.5,1204.5,912.5,1000.0,0.0,0.0,-9.375,0.5,-8.625,0.0,0.0,0.0,0.0,0.0,0.0,604.0,0
3.977,1516.0,1204.0,913.0,1516.5,1204.5,912.5,0.0,0.0,1000.0,-10.375,0.5,-8.625,0.0,0.0,0.0,0.0,0.0,0.0,603.0,0
3.978,1516.0,1205.0,913.0,1516.5,1204.5,913.5,0.0,1000.0,0.0,-10.375,0.5,-9.625,0.0,0.0,0.0,0.0,0.0,0.0,603.0,0
3.979,1517.0,1205.0,913.0,1516.5,1205.5,913.5,1000.0,0.0,0.0,-9.125,0.5,-8.875,0.0,0.0,0.0,0.0,0.0,0.0,604.0,0
3.98,1517.0,1205.0,913.0,1517.5,1205.5,913.5,0.0,0.0,0.0,-10.125,0.5,-8.875,0.0,0.0,0.0,0.0,0.0,0.0,604.0,0
3.981,1517.0,1206.0,914.0,1517.5,1205.5,913.5,0.0,1000.0,1000.0,-10.125,0.5,-8.875,0.0,0.0,0.0,0.0,0.0,0.0,603.0,0
3.982,1517.0,1206.0,914.0,1517.5,1206.5,914.5,0.0,0.0,0.0,-8.875,0.5,-9.125,0.0,0.0,0.0,0.0,0.0,0.0,603.0,0
3.983,1517.0,1206.0,914.0,1517.5,1206.5,914.5,0.0,0.0,0.0,-8.875,0.5,-9.125,0.0,0.0,0.0,0.0,0.0,0.0,603.0,0
3.984,1518.0,1206.0,914.0,1517.5,1206.5,914.5,1000.0,0.0,0.0,-8.875,0.5,-9.125,0.0,0.0,0.0,0.0,0.0,0.0,604.0,0
3.985,1518.0,1207.0,915.0,1518.5,1206.5,914.5,0.0,1000.0,1000.0,-9.875,0.5,-9.125,0.0,0.0,0.0,0.0,0.0,0.0,603.0,0
3.986,1519.0,1207.0,915.0,1518.5,1207.5,915.5,1000.0,0.0,0.0,-8.625,0.5,-9.375,0.0,0.0,0.0,0.0,0.0,0.0,604.0,0
3.987,1520.0,1207.0,915.0,1519.5,1207.5,915.5,1000.0,0.0,0.0,-9.625,0.5,-9.375,0.0,0.0,0.0,0.0,0.0,0.0,605.0,0
3.988,1520.0,1208.0,915.0,1520.5,1207.5,915.5,0.0,1000.0,0.0,-10.625,0.5,-9.375,0.0,0.0,0.0,0.0,0.0,0.0,605.0,0
3.989,1521.0,1208.0,916.0,1520.5,1208.5,915.5,1000.0,0.0,1000.0,-9.375,0.5,-8.625,0.0,0.0,0.0,0.0,0.0,0.0,605.0,0
3.99,1522.0,1208.0,916.0,1521.5,1208.5,916.5,1000.0,0.0,0.0,-10.375,0.5,-9.625,0.0,0.0,0.0,0.0,0.0,0.0,606.0,0
3.991,1522.0,1209.0,916.0,1522.5,1208.5,916.5,0.0,1000.0,0.0,-11.375,0.5,-9.625,0.0,0.0,0.0,0.0,0.0,0.0,606.0,0
3.992,1522.0,1209.0,916.0,1522.5,1209.5,916.5,0.0,0.0,0.0,-10.125,0.5,-8.875,0.0,0.0,0.0,0.0,0.0,0.0,606.0,0
3.993,1522.0,1209.0,916.0,1522.5,1209.5,916.5,0.0,0.0,0.0,-10.125,0.5,-8.875,0.0,0.0,0.0,0.0,0.0,0.0,606.0,0
3.994,1522.0,1210.0,917.0,1522.5,1209.5,916.5,0.0,1000.0,1000.0,-10.125,0.5,-8.875,0.0,0.0,0.0,0.0,0.0,0.0,605.0,0
3.995,1522.0,1210.0,917.0,1522.5,1210.5,917.5,0.0,0.0,0.0,-8.875,0.5,-9.125,0.0,0.0,0.0,0.0,0.0,0.0,605.0,0
3.996,1522.0,1210.0,917.0,1522.5,1210.5,917.5,0.0,0.0,0.0,-8.875,0.5,-9.125,0.0,0.0,0.0,0.0,0.0,0.0,605.0,0
3.997,1523.0,1211.0,917.0,1522.5,1210.5,917.5,1000.0,1000.0,0.0,-8.875,0.5,-9.125,0.0,0.0,0.0,0.0,0.0,0.0,606.0,0
3.998,1523.0,1211.0,918.0,1523.5,1211.5,917.5,0.0,0.0,1000.0,-8.625,0.5,-8.375,0.0,0.0,0.0,0.0,0.0,0.0,605.0,0
3.999,1524.0,1211.0,918.0,1523.5,1211.5,918.5,1000.0,0.0,0.0,-8.625,0.5,-9.375,0.0,0.0,0.0,0.0,0.0,0.0,606.0,0
4.0,1525.0,1212.0,918.0,1524.5,1211.5,918.5,1000.0,1000.0,0.0,-9.625,0.5,-9.375,0.0,0.0,0.0,0.0,0.0,0.0,607.0,0
4.001,1526.0,1212.0,918.0,1525.5,1212.5,918.5,1000.0,0.0,0.0,-9.375,0.5,-8.625,0.0,0.0,0.0,0.0,0.0,0.0,608.0,0
4.002,1526.0,1212.0,919.0,1526.5,1212.5,918.5,0.0,0.0,1000.0,-10.375,0.5,-8.625,0.0,0.0,0.0,0.0,0.0,0.0,607.0,0
4.003,1526.0,1212.0,919.0,1526.5,1212.5,919.5,0.0,0.0,0.0,-10.375,0.5,-9.625,0.0,0.0,0.0,0.0,0.0,0.0,607.0,0
4.0040000000000004,1527.0,1213.0,919.0,1526.5,1212.5,919.5,1000.0,1000.0,0.0,-10.375,0.5,-9.625,0.0,0.0,0.0,0.0,0.0,0.0,608.0,0
4.005,1527.0,1213.0,919.0,1527.5,1213.5,919.5,0.0,0.0,0.0,-10.125,0.5,-8.875,0.0,0.0,0.0,0.0,0.0,0.0,608.0,0
4.006,1527.0,1213.0,920.0,1527.5,1213.5,919.5,0.0,0.0,1000.0,-10.125,0.5,-8.875,0.0,0.0,0.0,0.0,0.0,0.0,607.0,0
4.007,1527.0,1214.0,920.0,1527.5,1213.5,920.5,0.0,1000.0,0.0,-10.125,0.5,-9.875,0.0,0.0,0.0,0.0,0.0,0.0,607.0,0
4.008,1527.0,1214.0,920.0,1527.5,1214.5,920.5,0.0,0.0,0.0,-8.875,0.5,-9.125,0.0,0.0,0.0,0.0,0.0,0.0,607.0,0
4.009,1527.0,1214.0,920.0,1527.5,1214.5,920.5,0.0,0.0,0.0,-8.875,0.5,-9.125,0.0,0.0,0.0,0.0,0.0,0.0,607.0,0
4.01,1528.0,1215.0,921.0,1527.5,1214.5,920.5,1000.0,1000.0,1000.0,-8.875,0.5,-9.125,0.0,0.0,0.0,0.0,0.0,0.0,607.0,0
4.011,1528.0,1215.0,921.0,1528.5,1215.5,921.5,0.0,0.0,0.0,-8.625,0.5,-9.375,0.0,0.0,0.0,0.0,0.0,0.0,607.0,0
4.0120000000000005,1529.0,1215.0,921.0,1528.5,1215.5,921.5,1000.0,0.0,0.0,-8.625,0.5,-9.375,0.0,0.0,0.0,0.0,0.0,0.0,608.0,0
4.013,1530.0,1216.0,921.0,1529.5,1215.5,921.5,1000.0,1000.0,0.0,-9.625,0.5,-9.375,0.0,0.0,0.0,0.0,0.0,0.0,609.0,0
4.014,1531.0,1216.0,921.0,1530.5,1216.5,921.5,1000.0,0.0,0.0,-9.375,0.5,-8.625,0.0,0.0,0.0,0.0,0.0,0.0,610.0,0
4.015,1531.0,1216.0,922.0,1531.5,1216.5,921.5,0.0,0.0,1000.0,-10.375,0.5,-8.625,0.0,0.0,0.0,0.0,0.0,0.0,609.0,0
4.016,1531.0,1217.0,922.0,1531.5,1216.5,922.5,0.0,1000.0,0.0,-10.375,0.5,-9.625,0.0,0.0,0.0,0.0,0.0,0.0,609.0,0
4.017,1532.0,1217.0,922.0,1531.5,1217.5,922.5,1000.0,0.0,0.0,-9.125,0.5,-8.875,0.0,0.0,0.0,0.0,0.0,0.0,610.0,0
4.018,1532.0,1217.0,922.0,1532.5,1217.5,922.5,0.0,0.0,0.0,-10.125,0.5,-8.875,0.0,0.0,0.0,0.0,0.0,0.0,610.0,0
4.019,1532.0,1218.0,923.0,1532.5,1217.5,922.5,0.0,1000.0,1000.0,-10.125,0.5,-8.875,0.0,0.0,0.0,0.0,0.0,0.0,609.0,0
4.0200000000000005,1533.0,1218.0,923.0,1532.5,1218.5,923.5,1000.0,0.0,0.0,-8.875,0.5,-9.125,0.0,0.0,0.0,0.0,0.0,0.0,610.0,0
4.021,1533.0,1218.0,923.0,1533.5,1218.5,923.5,0.0,0.0,0.0,-9.875,0.5,-9.125,0.0,0.0,0.0,0.0,0.0,0.0,610.0,0
4.022,1534.0,1219.0,923.0,1533.5,1218.5,923.5,1000.0,1000.0,0.0,-9.875,0.5,-9.125,0.0,0.0,0.0,0.0,0.0,0.0,611.0,0
4.023,1535.0,1219.0,924.0,1534.5,1219.5,923.5,1000.0,0.0,1000.0,-9.625,0.5,-8.375,0.0,0.0,0.0,0.0,0.0,0.0,611.0,0
4.024,1535.0,1219.0,924.0,1535.5,1219.5,924.5,0.0,0.0,0.0,-10.625,0.5,-9.375,0.0,0.0,0.0,0.0,0.0,0.0,611.0,0
4.025,1536.0,1219.0,924.0,1535.5,1219.5,924.5,1000.0,0.0,0.0,-10.625,0.5,-9.375,0.0,0.0,0.0,0.0,0.0,0.0,612.0,0
4.026,1536.0,1220.0,924.0,1536.5,1219.5,924.5,0.0,1000.0,0.0,-11.625,0.5,-9.375,0.0,0.0,0.0,0.0,0.0,0.0,612.0,0
4.027,1536.0,1220.0,925.0,1536.5,1220.5,924.5,0.0,0.0,1000.0,-10.375,0.5,-8.625,0.0,0.0,0.0,0.0,0.0,0.0,611.0,0
4.0280000000000005,1536.0,1220.0,925.0,1536.5,1220.5,925.5,0.0,0.0,0.0,-10.375,0.5,-9.625,0.0,0.0,0.0,0.0,0.0,0.0,611.0,0
4.029,1536.0,1221.0,925.0,1536.5,1220.5,925.5,0.0,1000.0,0.0,-10.375,0.5,-9.625,0.0,0.0,0.0,0.0,0.0,0.0,611.0,0
4.03,1536.0,1221.0,925.0,1536.5,1221.5,925.5,0.0,0.0,0.0,-9.125,0.5,-8.875,0.0,0.0,0.0,0.0,0.0,0.0,611.0,0
4.031,1536.0,1221.0,926.0,1536.5,1221.5,925.5,0.0,0.0,1000.0,-9.125,0.5,-8.875,0.0,0.0,0.0,0.0,0.0,0.0,610.0,0
4.032,1537.0,1222.0,926.0,1536.5,1221.5,926.5,1000.0,1000.0,0.0,-9.125,0.5,-9.875,0.0,0.0,0.0,0.0,0.0,0.0,611.0,0
4.033,1537.0,1222.0,926.0,1537.5,1222.5,926.5,0.0,0.0,0.0,-8.875,0.5,-9.125,0.0,0.0,0.0,0.0,0.0,0.0,611.0,0
4.034,1538.0,1222.0,926.0,1537.5,1222.5,926.5,1000.0,0.0,0.0,-8.875,0.5,-9.125,0.0,0.0,0.0,0.0,0.0,0.0,612.0,0
4.035,1539.0,1223.0,926.0,1538.5,1222.5,926.5,1000.0,1000.0,0.0,-9.875,0.5,-9.125,0.0,0.0,0.0,0.0,0.0,0.0,613.0,0
4.0360000000000005,1540.0,1223.0,927.0,1539.5,1223.5,926.5,1000.0,0.0,1000.0,-9.625,0.5,-8.375,0.0,0.0,0.0,0.0,0.0,0.0,613.0,0
4.037,1540.0,1223.0,927.0,1540.5,1223.5,927.5,0.0,0.0,0.0,-10.625,0.5,-9.375,0.0,0.0,0.0,0.0,0.0,0.0,613.0,0
4.038,1540.0,1224.0,927.0,1540.5,1223.5,927.5,0.0,1000.0,0.0,-10.625,0.5,-9.375,0.0,0.0,0.0,0.0,0.0,0.0,613.0,0
4.039,1541.0,1224.0,927.0,1540.5,1224.5,927.5,1000.0,0.0,0.0,-9.375,0.5,-8.625,0.0,0.0,0.0,0.0,0.0,0.0,614.0,0
4.04,1541.0,1224.0,928.0,1541.5,1224.5,927.5,0.0,0.0,1000.0,-10.375,0.5,-8.625,0.0,0.0,0.0,0.0,0.0,0.0,613.0,0
4.041,1541.0,1225.0,928.0,1541.5,1224.5,928.5,0.0,1000.0,0.0,-10.375,0.5,-9.625,0.0,0.0,0.0,0.0,0.0,0.0,613.0,0
4.042,1542.0,1225.0,928.0,1541.5,1225.5,928.5,1000.0,0.0,0.0,-9.125,0.5,-8.875,0.0,0.0,0.0,0.0,0.0,0.0,614.0,0
4.043,1542.0,1225.0,928.0,1542.5,1225.5,928.5,0.0,0.0,0.0,-10.125,0.5,-8.875,0.0,0.0,0.0,0.0,0.0,0.0,614.0,0
4.0440000000000005,1542.0,1225.0,929.0,1542.5,1225.5,928.5,0.0,0.0,1000.0,-10.125,0.5,-8.875,0.0,0.0,0.0,0.0,0.0,0.0,613.0,0
4.045,1542.0,1226.0,929.0,1542.5,1225.5,929.5,0.0,1000.0,0.0,-10.125,0.5,-9.875,0.0,0.0,0.0,0.0,0.0,0.0,613.0,0
4.046,1542.0,1226.0,929.0,1542.5,1226.5,929.5,0.0,0.0,0.0,-8.875,0.5,-9.125,0.0,0.0,0.0,0.0,0.0,0.0,613.0,0
4.047,1542.0,1226.0,929.0,1542.5,1226.5,929.5,0.0,0.0,0.0,-8.875,0.5,-9.125,0.0,0.0,0.0,0.0,0.0,0.0,613.0,0
4.048,1543.0,1227.0,930.0,1542.5,1226.5,929.5,1000.0,1000.0,1000.0,-8.875,0.5,-9.125,0.0,0.0,0.0,0.0,0.0,0.0,613.0,0
4.049,1543.0,1227.0,930.0,1543.5,1227.5,930.5,0.0,0.0,0.0,-8.625,0.5,-9.375,0.0,0.0,0.0,0.0,0.0,0.0,613.0,0
4.05,1544.0,1227.0,930.0,1543.5,1227.5,930.5,1000.0,0.0,0.0,-8.625,0.5,-9.375,0.0,0.0,0.0,0.0,0.0,0.0,614.0,0
4.051,1545.0,1228.0,930.0,1544.5,1227.5,930.5,1000.0,1000.0,0.0,-9.625,0.5,-9.375,0.0,0.0,0.0,0.0,0.0,0.0,615.0,0
4.0520000000000005,1546.0,1228.0,931.0,1545.5,1228.5,930.5,1000.0,0.0,1000.0,-9.375,0.5,-8.625,0.0,0.0,0.0,0.0,0.0,0.0,615.0,0
4.053,1546.0,1228.0,931.0,1546.5,1228.5,931.5,0.0,0.0,0.0,-10.375,0.5,-9.625,0.0,0.0,0.0,0.0,0.0,0.0,615.0,0
4.054,1546.0,1229.0,931.0,1546.5,1228.5,931.5,0.0,1000.0,0.0,-10.375,0.5,-9.625,0.0,0.0,0.0,0.0,0.0,0.0,615.0,0
4.055,1547.0,1229.0,931.0,1546.5,1229.5,931.5,1000.0,0.0,0.0,-9.125,0.5,-8.875,0.0,0.0,0.0,0.0,0.0,0.0,616.0,0
4.056,1547.0,1229.0,931.0,1547.5,1229.5,931.5,0.0,0.0,0.0,-10.125,0.5,-8.875,0.0,0.0,0.0,0.0,0.0,0.0,616.0,0
4.057,1547.0,1230.0,932.0,1547.5,1229.5,931.5,0.0,1000.0,1000.0,-10.125,0.5,-8.875,0.0,0.0,0.0,0.0,0.0,0.0,615.0,0
4.058,1548.0,1230.0,932.0,1547.5,1230.5,932.5,1000.0,0.0,0.0,-8.875,0.5,-9.125,0.0,0.0,0.0,0.0,0.0,0.0,616.0,0
4.059,1548.0,1230.0,932.0,1548.5,1230.5,932.5,0.0,0.0,0.0,-9.875,0.5,-9.125,0.0,0.0,0.0,0.0,0.0,0.0,616.0,0
4.0600000000000005,1549.0,1231.0,932.0,1548.5,1230.5,932.5,1000.0,1000.0,0.0,-9.875,0.5,-9.125,0.0,0.0,0.0,0.0,0.0,0.0,617.0,0
4.061,1550.0,1231.0,933.0,1549.5,1231.5,932.5,1000.0,0.0,1000.0,-9.625,0.5,-8.375,0.0,0.0,0.0,0.0,0.0,0.0,617.0,0
4.062,1550.0,1231.0,933.0,1550.5,1231.5,933.5,0.0,0.0,0.0,-10.625,0.5,-9.375,0.0,0.0,0.0,0.0,0.0,0.0,617.0,0
4.063,1551.0,1232.0,933.0,1550.5,1231.5,933.5,1000.0,1000.0,0.0,-10.625,0.5,-9.375,0.0,0.0,0.0,0.0,0.0,0.0,618.0,0
4.064,1551.0,1232.0,933.0,1551.5,1232.5,933.5,0.0,0.0,0.0,-10.375,0.5,-8.625,0.0,0.0,0.0,0.0,0.0,0.0,618.0,0
4.065,1551.0,1232.0,934.0,1551.5,1232.5,933.5,0.0,0.0,1000.0,-10.375,0.5,-8.625,0.0,0.0,0.0,0.0,0.0,0.0,617.0,0
4.066,1551.0,1232.0,934.0,1551.5,1232.5,934.5,0.0,0.0,0.0,-10.375,0.5,-9.625,0.0,0.0,0.0,0.0,0.0,0.0,617.0,0
4.067,1551.0,1233.0,934.0,1551.5,1232.5,934.5,0.0,1000.0,0.0,-10.375,0.5,-9.625,0.0,0.0,0.0,0.0,0.0,0.0,617.0,0
4.0680000000000005,1551.0,1233.0,934.0,1551.5,1233.5,934.5,0.0,0.0,0.0,-9.125,0.5,-8.875,0.0,0.0,0.0,0.0,0.0,0.0,617.0,0
4.069,1551.0,1233.0,935.0,1551.5,1233.5,934.5,0.0,0.0,1000.0,-9.125,0.5,-8.875,0.0,0.0,0.0,0.0,0.0,0.0,616.0,0
4.07,1552.0,1234.0,935.0,1551.5,1233.5,935.5,1000.0,1000.0,0.0,-9.125,0.5,-9.875,0.0,0.0,0.0,0.0,0.0,0.0,617.0,0
4.071,1552.0,1234.0,935.0,1552.5,1234.5,935.5,0.0,0.0,0.0,-8.875,0.5,-9.125,0.0,0.0,0.0,0.0,0.0,0.0,617.0,0
4.072,1553.0,1234.0,935.0,1552.5,1234.5,935.5,1000.0,0.0,0.0,-8.875,0.5,-9.125,0.0,0.0,0.0,0.0,0.0,0.0,618.0,0
4.073,1554.0,1235.0,936.0,1553.5,1234.5,935.5,1000.0,1000.0,1000.0,-9.875,0.5,-9.125,0.0,0.0,0.0,0.0,0.0,0.0,618.0,0
4.074,1555.0,1235.0,936.0,1554.5,1235.5,936.5,1000.0,0.0,0.0,-9.625,0.5,-9.375,0.0,0.0,0.0,0.0,0.0,0.0,619.0,0
4.075,1555.0,1235.0,936.0,1555.5,1235.5,936.5,0.0,0.0,0.0,-10.625,0.5,-9.375,0.0,0.0,0.0,0.0,0.0,0.0,619.0,0
4.0760000000000005,1555.0,1236.0,936.0,1555.5,1235.5,936.5,0.0,1000.0,0.0,-10.625,0.5,-9.375,0.0,0.0,0.0,0.0,0.0,0.0,619.0,0
4.077,1556.0,1236.0,936.0,1555.5,1236.5,936.5,1000.0,0.0,0.0,-9.375,0.5,-8.625,0.0,0.0,0.0,0.0,0.0,0.0,620.0,0
4.078,1556.0,1236.0,937.0,1556.5,1236.5,936.5,0.0,0.0,1000.0,-10.375,0.5,-8.625,0.0,0.0,0.0,0.0,0.0,0.0,619.0,0
4.079,1556.0,1237.0,937.0,1556.5,1236.5,937.5,0.0,1000.0,0.0,-10.375,0.5,-9.625,0.0,0.0,0.0,0.0,0.0,0.0,619.0,0
4.08,1557.0,1237.0,937.0,1556.5,1237.5,937.5,1000.0,0.0,0.0,-9.125,0.5,-8.875,0.0,0.0,0.0,0.0,0.0,0.0,620.0,0
4.081,1557.0,1237.0,937.0,1557.5,1237.5,937.5,0.0,0.0,0.0,-10.125,0.5,-8.875,0.0,0.0,0.0,0.0,0.0,0.0,620.0,0
4.082,1557.0,1238.0,938.0,1557.5,1237.5,937.5,0.0,1000.0,1000.0,-10.125,0.5,-8.875,0.0,0.0,0.0,0.0,0.0,0.0,619.0,0
4.083,1557.0,1238.0,938.0,1557.5,1238.5,938.5,0.0,0.0,0.0,-8.875,0.5,-9.125,0.0,0.0,0.0,0.0,0.0,0.0,619.0,0
4.0840000000000005,1557.0,1238.0,938.0,1557.5,1238.5,938.5,0.0,0.0,0.0,-8.875,0.5,-9.125,0.0,0.0,0.0,0.0,0.0,0.0,619.0,0
4.085,1558.0,1238.0,938.0,1557.5,1238.5,938.5,1000.0,0.0,0.0,-8.875,0.5,-9.125,0.0,0.0,0.0,0.0,0.0,0.0,620.0,0
4.086,1558.0,1239.0,939.0,1558.5,1238.5,938.5,0.0,1000.0,1000.0,-9.875,0.5,-9.125,0.0,0.0,0.0,0.0,0.0,0.0,619.0,0
4.087,1559.0,1239.0,939.0,1558.5,1239.5,939.5,1000.0,0.0,0.0,-8.625,0.5,-9.375,0.0,0.0,0.0,0.0,0.0,0.0,620.0,0
4.088,1560.0,1239.0,939.0,1559.5,1239.5,939.5,1000.0,0.0,0.0,-9.625,0.5,-9.375,0.0,0.0,0.0,0.0,0.0,0.0,621.0,0
4.089,1560.0,1240.0,939.0,1560.5,1239.5,939.5,0.0,1000.0,0.0,-10.625,0.5,-9.375,0.0,0.0,0.0,0.0,0.0,0.0,621.0,0
4.09,1561.0,1240.0,940.0,1560.5,1240.5,939.5,1000.0,0.0,1000.0,-9.375,0.5,-8.625,0.0,0.0,0.0,0.0,0.0,0.0,621.0,0
4.091,1562.0,1240.0,940.0,1561.5,1240.5,940.5,1000.0,0.0,0.0,-10.375,0.5,-9.625,0.0,0.0,0.0,0.0,0.0,0.0,622.0,0
4.0920000000000005,1562.0,1241.0,940.0,1562.5,1240.5,940.5,0.0,1000.0,0.0,-11.375,0.5,-9.625,0.0,0.0,0.0,0.0,0.0,0.0,622.0,0
4.093,1562.0,1241.0,940.0,1562.5,1241.5,940.5,0.0,0.0,0.0,-10.125,0.5,-8.875,0.0,0.0,0.0,0.0,0.0,0.0,622.0,0
4.094,1562.0,1241.0,941.0,1562.5,1241.5,940.5,0.0,0.0,1000.0,-10.125,0.5,-8.875,0.0,0.0,0.0,0.0,0.0,0.0,621.0,0
4.095,1562.0,1242.0,941.0,1562.5,1241.5,941.5,0.0,1000.0,0.0,-10.125,0.5,-9.875,0.0,0.0,0.0,0.0,0.0,0.0,621.0,0
4.096,1562.0,1242.0,941.0,1562.5,1242.5,941.5,0.0,0.0,0.0,-8.875,0.5,-9.125,0.0,0.0,0.0,0.0,0.0,0.0,621.0,0
4.097,1562.0,1242.0,941.0,1562.5,1242.5,941.5,0.0,0.0,0.0,-8.875,0.5,-9.125,0.0,0.0,0.0,0.0,0.0,0.0,621.0,0
4.098,1563.0,1243.0,941.0,1562.5,1242.5,941.5,1000.0,1000.0,0.0,-8.875,0.5,-9.125,0.0,0.0,0.0,0.0,0.0,0.0,622.0,0
4.099,1563.0,1243.0,942.0,1563.5,1243.5,941.5,0.0,0.0,1000.0,-8.625,0.5,-8.375,0.0,0.0,0.0,0.0,0.0,0.0,621.0,0
4.1,1564.0,1243.0,942.0,1563.5,1243.5,942.5,1000.0,0.0,0.0,-8.625,0.5,-9.375,0.0,0.0,0.0,0.0,0.0,0.0,622.0,0
4.101,1565.0,1244.0,942.0,1564.5,1243.5,942.5,1000.0,1000.0,0.0,-9.625,0.5,-9.375,0.0,0.0,0.0,0.0,0.0,0.0,623.0,0
4.102,1566.0,1244.0,942.0,1565.5,1244.5,942.5,1000.0,0.0,0.0,-9.375,0.5,-8.625,0.0,0.0,0.0,0.0,0.0,0.0,624.0,0
4.103,1566.0,1244.0,943.0,1566.5,1244.5,942.5,0.0,0.0,1000.0,-10.375,0.5,-8.625,0.0,0.0,0.0,0.0,0.0,0.0,623.0,0
4.104,1566.0,1245.0,943.0,1566.5,1244.5,943.5,0.0,1000.0,0.0,-10.375,0.5,-9.625,0.0,0.0,0.0,0.0,0.0,0.0,623.0,0
4.105,1567.0,1245.0,943.0,1566.5,1245.5,943.5,1000.0,0.0,0.0,-9.125,0.5,-8.875,0.0,0.0,0.0,0.0,0.0,0.0,624.0,0
4.106,1567.0,1245.0,943.0,1567.5,1245.5,943.5,0.0,0.0,0.0,-10.125,0.5,-8.875,0.0,0.0,0.0,0.0,0.0,0.0,624.0,0
4.107,1567.0,1245.0,944.0,1567.5,1245.5,943.5,0.0,0.0,1000.0,-10.125,0.5,-8.875,0.0,0.0,0.0,0.0,0.0,0.0,623.0,0
4.108,1567.0,1246.0,944.0,1567.5,1245.5,944.5,0.0,1000.0,0.0,-10.125,0.5,-9.875,0.0,0.0,0.0,0.0,0.0,0.0,623.0,0
4.109,1567.0,1246.0,944.0,1567.5,1246.5,944.5,0.0,0.0,0.0,-8.875,0.5,-9.125,0.0,0.0,0.0,0.0,0.0,0.0,623.0,0
4.11,1567.0,1246.0,944.0,1567.5,1246.5,944.5,0.0,0.0,0.0,-8.875,0.5,-9.125,0.0,0.0,0.0,0.0,0.0,0.0,623.0,0
4.111,1568.0,1247.0,945.0,1567.5,1246.5,944.5,1000.0,1000.0,1000.0,-8.875,0.5,-9.125,0.0,0.0,0.0,0.0,0.0,0.0,623.0,0
4.112,1568.0,1247.0,945.0,1568.5,1247.5,945.5,0.0,0.0,0.0,-8.625,0.5,-9.375,0.0,0.0,0.0,0.0,0.0,0.0,623.0,0
4.113,1569.0,1247.0,945.0,1568.5,1247.5,945.5,1000.0,0.0,0.0,-8.625,0.5,-9.375,0.0,0.0,0.0,0.0,0.0,0.0,624.0,0
4.114,1570.0,1248.0,945.0,1569.5,1247.5,945.5,1000.0,1000.0,0.0,-9.625,0.5,-9.375,0.0,0.0,0.0,0.0,0.0,0.0,625.0,0
4.115,1571.0,1248.0,946.0,1570.5,1248.5,945.5,1000.0,0.0,1000.0,-9.375,0.5,-8.625,0.0,0.0,0.0,0.0,0.0,0.0,625.0,0
4.116,1571.0,1248.0,946.0,1571.5,1248.5,946.5,0.0,0.0,0.0,-10.375,0.5,-9.625,0.0,0.0,0.0,0.0,0.0,0.0,625.0,0
4.117,1571.0,1249.0,946.0,1571.5,1248.5,946.5,0.0,1000.0,0.0,-10.375,0.5,-9.625,0.0,0.0,0.0,0.0,0.0,0.0,625.0,0
4.118,1572.0,1249.0,946.0,1571.5,1249.5,946.5,1000.0,0.0,0.0,-9.125,0.5,-8.875,0.0,0.0,0.0,0.0,0.0,0.0,626.0,0
4.119,1572.0,1249.0,946.0,1572.5,1249.5,946.5,0.0,0.0,0.0,-10.125,0.5,-8.875,0.0,0.0,0.0,0.0,0.0,0.0,626.0,0
4.12,1572.0,1250.0,947.0,1572.5,1249.5,946.5,0.0,1000.0,1000.0,-10.125,0.5,-8.875,0.0,0.0,0.0,0.0,0.0,0.0,625.0,0
4.121,1573.0,1250.0,947.0,1572.5,1250.5,947.5,1000.0,0.0,0.0,-8.875,0.5,-9.125,0.0,0.0,0.0,0.0,0.0,0.0,626.0,0
4.122,1573.0,1250.0,947.0,1573.5,1250.5,947.5,0.0,0.0,0.0,-9.875,0.5,-9.125,0.0,0.0,0.0,0.0,0.0,0.0,626.0,0
4.123,1574.0,1251.0,947.0,1573.5,1250.5,947.5,1000.0,1000.0,0.0,-9.875,0.5,-9.125,0.0,0.0,0.0,0.0,0.0,0.0,627.0,0
4.124,1575.0,1251.0,948.0,1574.5,1251.5,947.5,1000.0,0.0,1000.0,-9.625,0.5,-8.375,0.0,0.0,0.0,0.0,0.0,0.0,627.0,0
4.125,1575.0,1251.0,948.0,1575.5,1251.5,948.5,0.0,0.0,0.0,-10.625,0.5,-9.375,0.0,0.0,0.0,0.0,0.0,0.0,627.0,0
4.126,1576.0,1252.0,948.0,1575.5,1251.5,948.5,1000.0,1000.0,0.0,-10.625,0.5,-9.375,0.0,0.0,0.0,0.0,0.0,0.0,628.0,0
4.127,1576.0,1252.0,948.0,1576.5,1252.5,948.5,0.0,0.0,0.0,-10.375,0.5,-8.625,0.0,0.0,0.0,0.0,0.0,0.0,628.0,0
4.128,1576.0,1252.0,949.0,1576.5,1252.5,948.5,0.0,0.0,1000.0,-10.375,0.5,-8.625,0.0,0.0,0.0,0.0,0.0,0.0,627.0,0
4.1290000000000004,1576.0,1252.0,949.0,1576.5,1252.5,949.5,0.0,0.0,0.0,-10.375,0.5,-9.625,0.0,0.0,0.0,0.0,0.0,0.0,627.0,0
4.13,1576.0,1253.0,949.0,1576.5,1252.5,949.5,0.0,1000.0,0.0,-10.375,0.5,-9.625,0.0,0.0,0.0,0.0,0.0,0.0,627.0,0
4.131,1576.0,1253.0,949.0,1576.5,1253.5,949.5,0.0,0.0,0.0,-9.125,0.5,-8.875,0.0,0.0,0.0,0.0,0.0,0.0,627.0,0
4.132,1576.0,1253.0,950.0,1576.5,1253.5,949.5,0.0,0.0,1000.0,-9.125,0.5,-8.875,0.0,0.0,0.0,0.0,0.0,0.0,626.0,0
4.133,1577.0,1254.0,950.0,1576.5,1253.5,950.5,1000.0,1000.0,0.0,-9.125,0.5,-9.875,0.0,0.0,0.0,0.0,0.0,0.0,627.0,0
4.134,1577.0,1254.0,950.0,1577.5,1254.5,950.5,0.0,0.0,0.0,-8.875,0.5,-9.125,0.0,0.0,0.0,0.0,0.0,0.0,627.0,0
4.135,1578.0,1254.0,950.0,1577.5,1254.5,950.5,1000.0,0.0,0.0,-8.875,0.5,-9.125,0.0,0.0,0.0,0.0,0.0,0.0,628.0,0
4.136,1579.0,1255.0,950.0,1578.5,1254.5,950.5,1000.0,1000.0,0.0,-9.875,0.5,-9.125,0.0,0.0,0.0,0.0,0.0,0.0,629.0,0
4.1370000000000005,1580.0,1255.0,951.0,1579.5,1255.5,950.5,1000.0,0.0,1000.0,-9.625,0.5,-8.375,0.0,0.0,0.0,0.0,0.0,0.0,629.0,0
4.138,1580.0,1255.0,951.0,1580.5,1255.5,951.5,0.0,0.0,0.0,-10.625,0.5,-9.375,0.0,0.0,0.0,0.0,0.0,0.0,629.0,0
4.139,1580.0,1256.0,951.0,1580.5,1255.5,951.5,0.0,1000.0,0.0,-10.625,0.5,-9.375,0.0,0.0,0.0,0.0,0.0,0.0,629.0,0
4.14,1581.0,1256.0,951.0,1580.5,1256.5,951.5,1000.0,0.0,0.0,-9.375,0.5,-8.625,0.0,0.0,0.0,0.0,0.0,0.0,630.0,0
4.141,1581.0,1256.0,952.0,1581.5,1256.5,951.5,0.0,0.0,1000.0,-10.375,0.5,-8.625,0.0,0.0,0.0,0.0,0.0,0.0,629.0,0
4.142,1581.0,1257.0,952.0,1581.5,1256.5,952.5,0.0,1000.0,0.0,-10.375,0.5,-9.625,0.0,0.0,0.0,0.0,0.0,0.0,629.0,0
4.143,1582.0,1257.0,952.0,1581.5,1257.5,952.5,1000.0,0.0,0.0,-9.125,0.5,-8.875,0.0,0.0,0.0,0.0,0.0,0.0,630.0,0
4.144,1582.0,1257.0,952.0,1582.5,1257.5,952.5,0.0,0.0,0.0,-10.125,0.5,-8.875,0.0,0.0,0.0,0.0,0.0,0.0,630.0,0
4.1450000000000005,1582.0,1258.0,953.0,1582.5,1257.5,952.5,0.0,1000.0,1000.0,-10.125,0.5,-8.875,0.0,0.0,0.0,0.0,0.0,0.0,629.0,0
4.146,1582.0,1258.0,953.0,1582.5,1258.5,953.5,0.0,0.0,0.0,-8.875,0.5,-9.125,0.0,0.0,0.0,0.0,0.0,0.0,629.0,0
4.147,1582.0,1258.0,953.0,1582.5,1258.5,953.5,0.0,0.0,0.0,-8.875,0.5,-9.125,0.0,0.0,0.0,0.0,0.0,0.0,629.0,0
4.148,1583.0,1258.0,953.0,1582.5,1258.5,953.5,1000.0,0.0,0.0,-8.875,0.5,-9.125,0.0,0.0,0.0,0.0,0.0,0.0,630.0,0
4.149,1583.0,1259.0,954.0,1583.5,1258.5,953.5,0.0,1000.0,1000.0,-9.875,0.5,-9.125,0.0,0.0,0.0,0.0,0.0,0.0,629.0,0
4.15,1584.0,1259.0,954.0,1583.5,1259.5,954.5,1000.0,0.0,0.0,-8.625,0.5,-9.375,0.0,0.0,0.0,0.0,0.0,0.0,630.0,0
4.151,1585.0,1259.0,954.0,1584.5,1259.5,954.5,1000.0,0.0,0.0,-9.625,0.5,-9.375,0.0,0.0,0.0,0.0,0.0,0.0,631.0,0
4.152,1585.0,1260.0,954.0,1585.5,1259.5,954.5,0.0,1000.0,0.0,-10.625,0.5,-9.375,0.0,0.0,0.0,0.0,0.0,0.0,631.0,0
4.1530000000000005,1586.0,1260.0,955.0,1585.5,1260.5,954.5,1000.0,0.0,1000.0,-9.375,0.5,-8.625,0.0,0.0,0.0,0.0,0.0,0.0,631.0,0
4.154,1587.0,1260.0,955.0,1586.5,1260.5,955.5,1000.0,0.0,0.0,-10.375,0.5,-9.625,0.0,0.0,0.0,0.0,0.0,0.0,632.0,0
4.155,1587.0,1261.0,955.0,1587.5,1260.5,955.5,0.0,1000.0,0.0,-11.375,0.5,-9.625,0.0,0.0,0.0,0.0,0.0,0.0,632.0,0
4.156,1587.0,1261.0,955.0,1587.5,1261.5,955.5,0.0,0.0,0.0,-10.125,0.5,-8.875,0.0,0.0,0.0,0.0,0.0,0.0,632.0,0
4.157,1587.0,1261.0,955.0,1587.5,1261.5,955.5,0.0,0.0,0.0,-10.125,0.5,-8.875,0.0,0.0,0.0,0.0,0.0,0.0,632.0,0
4.158,1587.0,1262.0,956.0,1587.5,1261.5,955.5,0.0,1000.0,1000.0,-10.125,0.5,-8.875,0.0,0.0,0.0,0.0,0.0,0.0,631.0,0
4.159,1587.0,1262.0,956.0,1587.5,1262.5,956.5,0.0,0.0,0.0,-8.875,0.5,-9.125,0.0,0.0,0.0,0.0,0.0,0.0,631.0,0
4.16,1587.0,1262.0,956.0,1587.5,1262.5,956.5,0.0,0.0,0.0,-8.875,0.5,-9.125,0.0,0.0,0.0,0.0,0.0,0.0,631.0,0
4.1610000000000005,1588.0,1263.0,956.0,1587.5,1262.5,956.5,1000.0,1000.0,0.0,-8.875,0.5,-9.125,0.0,0.0,0.0,0.0,0.0,0.0,632.0,0
4.162,1588.0,1263.0,957.0,1588.5,1263.5,956.5,0.0,0.0,1000.0,-8.625,0.5,-8.375,0.0,0.0,0.0,0.0,0.0,0.0,631.0,0
4.163,1589.0,1263.0,957.0,1588.5,1263.5,957.5,1000.0,0.0,0.0,-8.625,0.5,-9.375,0.0,0.0,0.0,0.0,0.0,0.0,632.0,0
4.164,1590.0,1264.0,957.0,1589.5,1263.5,957.5,1000.0,1000.0,0.0,-9.625,0.5,-9.375,0.0,0.0,0.0,0.0,0.0,0.0,633.0,0
4.165,1591.0,1264.0,957.0,1590.5,1264.5,957.5,1000.0,0.0,0.0,-9.375,0.5,-8.625,0.0,0.0,0.0,0.0,0.0,0.0,634.0,0
4.166,1591.0,1264.0,958.0,1591.5,1264.5,957.5,0.0,0.0,1000.0,-10.375,0.5,-8.625,0.0,0.0,0.0,0.0,0.0,0.0,633.0,0
4.167,1591.0,1265.0,958.0,1591.5,1264.5,958.5,0.0,1000.0,0.0,-10.375,0.5,-9.625,0.0,0.0,0.0,0.0,0.0,0.0,633.0,0
4.168,1592.0,1265.0,958.0,1591.5,1265.5,958.5,1000.0,0.0,0.0,-9.125,0.5,-8.875,0.0,0.0,0.0,0.0,0.0,0.0,634.0,0
4.1690000000000005,1592.0,1265.0,958.0,1592.5,1265.5,958.5,0.0,0.0,0.0,-10.125,0.5,-8.875,0.0,0.0,0.0,0.0,0.0,0.0,634.0,0
4.17,1592.0,1265.0,959.0,1592.5,1265.5,958.5,0.0,0.0,1000.0,-10.125,0.5,-8.875,0.0,0.0,0.0,0.0,0.0,0.0,633.0,0
4.171,1592.0,1266.0,959.0,1592.5,1265.5,959.5,0.0,1000.0,0.0,-10.125,0.5,-9.875,0.0,0.0,0.0,0.0,0.0,0.0,633.0,0
4.172,1592.0,1266.0,959.0,1592.5,1266.5,959.5,0.0,0.0,0.0,-8.875,0.5,-9.125,0.0,0.0,0.0,0.0,0.0,0.0,633.0,0
4.173,1592.0,1266.0,959.0,1592.5,1266.5,959.5,0.0,0.0,0.0,-8.875,0.5,-9.125,0.0,0.0,0.0,0.0,0.0,0.0,633.0,0
4.174,1593.0,1267.0,960.0,1592.5,1266.5,959.5,1000.0,1000.0,1000.0,-8.875,0.5,-9.125,0.0,0.0,0.0,0.0,0.0,0.0,633.0,0
4.175,1593.0,1267.0,960.0,1593.5,1267.5,960.5,0.0,0.0,0.0,-8.625,0.5,-9.375,0.0,0.0,0.0,0.0,0.0,0.0,633.0,0
4.176,1594.0,1267.0,960.0,1593.5,1267.5,960.5,1000.0,0.0,0.0,-8.625,0.5,-9.375,0.0,0.0,0.0,0.0,0.0,0.0,634.0,0
4.1770000000000005,1595.0,1268.0,960.0,1594.5,1267.5,960.5,1000.0,1000.0,0.0,-9.625,0.5,-9.375,0.0,0.0,0.0,0.0,0.0,0.0,635.0,0
4.178,1596.0,1268.0,960.0,1595.5,1268.5,960.5,1000.0,0.0,0.0,-9.375,0.5,-8.625,0.0,0.0,0.0,0.0,0.0,0.0,636.0,0
4.179,1596.0,1268.0,961.0,1596.5,1268.5,960.5,0.0,0.0,1000.0,-10.375,0.5,-8.625,0.0,0.0,0.0,0.0,0.0,0.0,635.0,0
4.18,1596.0,1269.0,961.0,1596.5,1268.5,961.5,0.0,1000.0,0.0,-10.375,0.5,-9.625,0.0,0.0,0.0,0.0,0.0,0.0,635.0,0
4.181,1597.0,1269.0,961.0,1596.5,1269.5,961.5,1000.0,0.0,0.0,-9.125,0.5,-8.875,0.0,0.0,0.0,0.0,0.0,0.0,636.0,0
4.182,1597.0,1269.0,961.0,1597.5,1269.5,961.5,0.0,0.0,0.0,-10.125,0.5,-8.875,0.0,0.0,0.0,0.0,0.0,0.0,636.0,0
4.183,1597.0,1270.0,962.0,1597.5,1269.5,961.5,0.0,1000.0,1000.0,-10.125,0.5,-8.875,0.0,0.0,0.0,0.0,0.0,0.0,635.0,0
4.184,1598.0,1270.0,962.0,1597.5,1270.5,962.5,1000.0,0.0,0.0,-8.875,0.5,-9.125,0.0,0.0,0.0,0.0,0.0,0.0,636.0,0
4.1850000000000005,1598.0,1270.0,962.0,1598.5,1270.5,962.5,0.0,0.0,0.0,-9.875,0.5,-9.125,0.0,0.0,0.0,0.0,0.0,0.0,636.0,0
4.186,1599.0,1271.0,962.0,1598.5,1270.5,962.5,1000.0,1000.0,0.0,-9.875,0.5,-9.125,0.0,0.0,0.0,0.0,0.0,0.0,637.0,0
4.187,1600.0,1271.0,963.0,1599.5,1271.5,962.5,1000.0,0.0,1000.0,-9.625,0.5,-8.375,0.0,0.0,0.0,0.0,0.0,0.0,637.0,0
4.188,1600.0,1271.0,963.0,1600.5,1271.5,963.5,0.0,0.0,0.0,-10.625,0.5,-9.375,0.0,0.0,0.0,0.0,0.0,0.0,637.0,0
4.189,1601.0,1271.0,963.0,1600.5,1271.5,963.5,1000.0,0.0,0.0,-10.625,0.5,-9.375,0.0,0.0,0.0,0.0,0.0,0.0,638.0,0
4.19,1601.0,1272.0,963.0,1601.5,1271.5,963.5,0.0,1000.0,0.0,-11.625,0.5,-9.375,0.0,0.0,0.0,0.0,0.0,0.0,638.0,0
4.191,1601.0,1272.0,964.0,1601.5,1272.5,963.5,0.0,0.0,1000.0,-10.375,0.5,-8.625,0.0,0.0,0.0,0.0,0.0,0.0,637.0,0
4.192,1601.0,1272.0,964.0,1601.5,1272.5,964.5,0.0,0.0,0.0,-10.375,0.5,-9.625,0.0,0.0,0.0,0.0,0.0,0.0,637.0,0
4.1930000000000005,1601.0,1273.0,964.0,1601.5,1272.5,964.5,0.0,1000.0,0.0,-10.375,0.5,-9.625,0.0,0.0,0.0,0.0,0.0,0.0,637.0,0
4.194,1601.0,1273.0,964.0,1601.5,1273.5,964.5,0.0,0.0,0.0,-9.125,0.5,-8.875,0.0,0.0,0.0,0.0,0.0,0.0,637.0,0
4.195,1601.0,1273.0,965.0,1601.5,1273.5,964.5,0.0,0.0,1000.0,-9.125,0.5,-8.875,0.0,0.0,0.0,0.0,0.0,0.0,636.0,0
4.196,1602.0,1274.0,965.0,1601.5,1273.5,965.5,1000.0,1000.0,0.0,-9.125,0.5,-9.875,0.0,0.0,0.0,0.0,0.0,0.0,637.0,0
4.197,1602.0,1274.0,965.0,1602.5,1274.5,965.5,0.0,0.0,0.0,-8.875,0.5,-9.125,0.0,0.0,0.0,0.0,0.0,0.0,637.0,0
4.198,1603.0,1274.0,965.0,1602.5,1274.5,965.5,1000.0,0.0,0.0,-8.875,0.5,-9.125,0.0,0.0,0.0,0.0,0.0,0.0,638.0,0
4.199,1604.0,1275.0,965.0,1603.5,1274.5,965.5,1000.0,1000.0,0.0,-9.875,0.5,-9.125,0.0,0.0,0.0,0.0,0.0,0.0,639.0,0
4.2,1605.0,1275.0,966.0,1604.5,1275.5,965.5,1000.0,0.0,1000.0,-9.625,0.5,-8.375,0.0,0.0,0.0,0.0,0.0,0.0,639.0,0
4.2010000000000005,1605.0,1275.0,966.0,1605.5,1275.5,966.5,0.0,0.0,0.0,-10.625,0.5,-9.375,0.0,0.0,0.0,0.0,0.0,0.0,639.0,0
4.202,1605.0,1276.0,966.0,1605.5,1275.5,966.5,0.0,1000.0,0.0,-10.625,0.5,-9.375,0.0,0.0,0.0,0.0,0.0,0.0,639.0,0
4.203,1606.0,1276.0,966.0,1605.5,1276.5,966.5,1000.0,0.0,0.0,-9.375,0.5,-8.625,0.0,0.0,0.0,0.0,0.0,0.0,640.0,0
4.204,1606.0,1276.0,967.0,1606.5,1276.5,966.5,0.0,0.0,1000.0,-10.375,0.5,-8.625,0.0,0.0,0.0,0.0,0.0,0.0,639.0,0
4.205,1606.0,1277.0,967.0,1606.5,1276.5,967.5,0.0,1000.0,0.0,-10.375,0.5,-9.625,0.0,0.0,0.0,0.0,0.0,0.0,639.0,0
4.206,1607.0,1277.0,967.0,1606.5,1277.5,967.5,1000.0,0.0,0.0,-9.125,0.5,-8.875,0.0,0.0,0.0,0.0,0.0,0.0,640.0,0
4.207,1607.0,1277.0,967.0,1607.5,1277.5,967.5,0.0,0.0,0.0,-10.125,0.5,-8.875,0.0,0.0,0.0,0.0,0.0,0.0,640.0,0
4.208,1607.0,1278.0,968.0,1607.5,1277.5,967.5,0.0,1000.0,1000.0,-10.125,0.5,-8.875,0.0,0.0,0.0,0.0,0.0,0.0,639.0,0
4.2090000000000005,1607.0,1278.0,968.0,1607.5,1278.5,968.5,0.0,0.0,0.0,-8.875,0.5,-9.125,0.0,0.0,0.0,0.0,0.0,0.0,639.0,0
4.21,1607.0,1278.0,968.0,1607.5,1278.5,968.5,0.0,0.0,0.0,-8.875,0.5,-9.125,0.0,0.0,0.0,0.0,0.0,0.0,639.0,0
4.211,1608.0,1278.0,968.0,1607.5,1278.5,968.5,1000.0,0.0,0.0,-8.875,0.5,-9.125,0.0,0.0,0.0,0.0,0.0,0.0,640.0,0
4.212,1608.0,1279.0,969.0,1608.5,1278.5,968.5,0.0,1000.0,1000.0,-9.875,0.5,-9.125,0.0,0.0,0.0,0.0,0.0,0.0,639.0,0
4.213,1609.0,1279.0,969.0,1608.5,1279.5,969.5,1000.0,0.0,0.0,-8.625,0.5,-9.375,0.0,0.0,0.0,0.0,0.0,0.0,640.0,0
4.214,1610.0,1279.0,969.0,1609.5,1279.5,969.5,1000.0,0.0,0.0,-9.625,0.5,-9.375,0.0,0.0,0.0,0.0,0.0,0.0,641.0,0
4.215,1610.0,1280.0,969.0,1610.5,1279.5,969.5,0.0,1000.0,0.0,-10.625,0.5,-9.375,0.0,0.0,0.0,0.0,0.0,0.0,641.0,0
4.216,1611.0,1280.0,970.0,1610.5,1280.5,969.5,1000.0,0.0,1000.0,-9.375,0.5,-8.625,0.0,0.0,0.0,0.0,0.0,0.0,641.0,0
4.2170000000000005,1612.0,1280.0,970.0,1611.5,1280.5,970.5,1000.0,0.0,0.0,-10.375,0.5,-9.625,0.0,0.0,0.0,0.0,0.0,0.0,642.0,0
4.218,1612.0,1281.0,970.0,1612.5,1280.5,970.5,0.0,1000.0,0.0,-11.375,0.5,-9.625,0.0,0.0,0.0,0.0,0.0,0.0,642.0,0
4.219,1612.0,1281.0,970.0,1612.5,1281.5,970.5,0.0,0.0,0.0,-10.125,0.5,-8.875,0.0,0.0,0.0,0.0,0.0,0.0,642.0,0
4.22,1612.0,1281.0,970.0,1612.5,1281.5,970.5,0.0,0.0,0.0,-10.125,0.5,-8.875,0.0,0.0,0.0,0.0,0.0,0.0,642.0,0
4.221,1612.0,1282.0,971.0,1612.5,1281.5,970.5,0.0,1000.0,1000.0,-10.125,0.5,-8.875,0.0,0.0,0.0,0.0,0.0,0.0,641.0,0
4.222,1612.0,1282.0,971.0,1612.5,1282.5,971.5,0.0,0.0,0.0,-8.875,0.5,-9.125,0.0,0.0,0.0,0.0,0.0,0.0,641.0,0
4.223,1612.0,1282.0,971.0,1612.5,1282.5,971.5,0.0,0.0,0.0,-8.875,0.5,-9.125,0.0,0.0,0.0,0.0,0.0,0.0,641.0,0
4.224,1613.0,1283.0,971.0,1612.5,1282.5,971.5,1000.0,1000.0,0.0,-8.875,0.5,-9.125,0.0,0.0,0.0,0.0,0.0,0.0,642.0,0
4.225,1613.0,1283.0,972.0,1613.5,1283.5,971.5,0.0,0.0,1000.0,-8.625,0.5,-8.375,0.0,0.0,0.0,0.0,0.0,0.0,641.0,0
4.226,1614.0,1283.0,972.0,1613.5,1283.5,972.5,1000.0,0.0,0.0,-8.625,0.5,-9.375,0.0,0.0,0.0,0.0,0.0,0.0,642.0,0
4.227,1615.0,1284.0,972.0,1614.5,1283.5,972.5,1000.0,1000.0,0.0,-9.625,0.5,-9.375,0.0,0.0,0.0,0.0,0.0,0.0,643.0,0
4.228,1616.0,1284.0,972.0,1615.5,1284.5,972.5,1000.0,0.0,0.0,-9.375,0.5,-8.625,0.0,0.0,0.0,0.0,0.0,0.0,644.0,0
4.229,1616.0,1284.0,973.0,1616.5,1284.5,972.5,0.0,0.0,1000.0,-10.375,0.5,-8.625,0.0,0.0,0.0,0.0,0.0,0.0,643.0,0
4.23,1616.0,1285.0,973.0,1616.5,1284.5,973.5,0.0,1000.0,0.0,-10.375,0.5,-9.625,0.0,0.0,0.0,0.0,0.0,0.0,643.0,0
4.231,1617.0,1285.0,973.0,1616.5,1285.5,973.5,1000.0,0.0,0.0,-9.125,0.5,-8.875,0.0,0.0,0.0,0.0,0.0,0.0,644.0,0
4.232,1617.0,1285.0,973.0,1617.5,1285.5,973.5,0.0,0.0,0.0,-10.125,0.5,-8.875,0.0,0.0,0.0,0.0,0.0,0.0,644.0,0
4.233,1617.0,1285.0,974.0,1617.5,1285.5,973.5,0.0,0.0,1000.0,-10.125,0.5,-8.875,0.0,0.0,0.0,0.0,0.0,0.0,643.0,0
4.234,1617.0,1286.0,974.0,1617.5,1285.5,974.5,0.0,1000.0,0.0,-10.125,0.5,-9.875,0.0,0.0,0.0,0.0,0.0,0.0,643.0,0
4.235,1617.0,1286.0,974.0,1617.5,1286.5,974.5,0.0,0.0,0.0,-8.875,0.5,-9.125,0.0,0.0,0.0,0.0,0.0,0.0,643.0,0
4.236,1617.0,1286.0,974.0,1617.5,1286.5,974.5,0.0,0.0,0.0,-8.875,0.5,-9.125,0.0,0.0,0.0,0.0,0.0,0.0,643.0,0
4.237,1618.0,1287.0,975.0,1617.5,1286.5,974.5,1000.0,1000.0,1000.0,-8.875,0.5,-9.125,0.0,0.0,0.0,0.0,0.0,0.0,643.0,0
4.238,1618.0,1287.0,975.0,1618.5,1287.5,975.5,0.0,0.0,0.0,-8.625,0.5,-9.375,0.0,0.0,0.0,0.0,0.0,0.0,643.0,0
4.239,1619.0,1287.0,975.0,1618.5,1287.5,975.5,1000.0,0.0,0.0,-8.625,0.5,-9.375,0.0,0.0,0.0,0.0,0.0,0.0,644.0,0
4.24,1620.0,1288.0,975.0,1619.5,1287.5,975.5,1000.0,1000.0,0.0,-9.625,0.5,-9.375,0.0,0.0,0.0,0.0,0.0,0.0,645.0,0
4.241,1621.0,1288.0,975.0,1620.5,1288.5,975.5,1000.0,0.0,0.0,-9.375,0.5,-8.625,0.0,0.0,0.0,0.0,0.0,0.0,646.0,0
4.242,1621.0,1288.0,976.0,1621.5,1288.5,975.5,0.0,0.0,1000.0,-10.375,0.5,-8.625,0.0,0.0,0.0,0.0,0.0,0.0,645.0,0
4.243,1621.0,1289.0,976.0,1621.5,1288.5,976.5,0.0,1000.0,0.0,-10.375,0.5,-9.625,0.0,0.0,0.0,0.0,0.0,0.0,645.0,0
4.244,1622.0,1289.0,976.0,1621.5,1289.5,976.5,1000.0,0.0,0.0,-9.125,0.5,-8.875,0.0,0.0,0.0,0.0,0.0,0.0,646.0,0
4.245,1622.0,1289.0,976.0,1622.5,1289.5,976.5,0.0,0.0,0.0,-10.125,0.5,-8.875,0.0,0.0,0.0,0.0,0.0,0.0,646.0,0
4.246,1622.0,1290.0,977.0,1622.5,1289.5,976.5,0.0,1000.0,1000.0,-10.125,0.5,-8.875,0.0,0.0,0.0,0.0,0.0,0.0,645.0,0
4.247,1623.0,1290.0,977.0,1622.5,1290.5,977.5,1000.0,0.0,0.0,-8.875,0.5,-9.125,0.0,0.0,0.0,0.0,0.0,0.0,646.0,0
4.248,1623.0,1290.0,977.0,1623.5,1290.5,977.5,0.0,0.0,0.0,-9.875,0.5,-9.125,0.0,0.0,0.0,0.0,0.0,0.0,646.0,0
4.249,1624.0,1291.0,977.0,1623.5,1290.5,977.5,1000.0,1000.0,0.0,-9.875,0.5,-9.125,0.0,0.0,0.0,0.0,0.0,0.0,647.0,0
4.25,1625.0,1291.0,978.0,1624.5,1291.5,977.5,1000.0,0.0,1000.0,-9.625,0.5,-8.375,0.0,0.0,0.0,0.0,0.0,0.0,647.0,0
4.251,1625.0,1291.0,978.0,1625.5,1291.5,978.5,0.0,0.0,0.0,-10.625,0.5,-9.375,0.0,0.0,0.0,0.0,0.0,0.0,647.0,0
4.252,1626.0,1291.0,978.0,1625.5,1291.5,978.5,1000.0,0.0,0.0,-10.625,0.5,-9.375,0.0,0.0,0.0,0.0,0.0,0.0,648.0,0
4.253,1626.0,1292.0,978.0,1626.5,1291.5,978.5,0.0,1000.0,0.0,-11.625,0.5,-9.375,0.0,0.0,0.0,0.0,0.0,0.0,648.0,0
4.2540000000000004,1626.0,1292.0,979.0,1626.5,1292.5,978.5,0.0,0.0,1000.0,-10.375,0.5,-8.625,0.0,0.0,0.0,0.0,0.0,0.0,647.0,0
4.255,1626.0,1292.0,979.0,1626.5,1292.5,979.5,0.0,0.0,0.0,-10.375,0.5,-9.625,0.0,0.0,0.0,0.0,0.0,0.0,647.0,0
4.256,1626.0,1293.0,979.0,1626.5,1292.5,979.5,0.0,1000.0,0.0,-10.375,0.5,-9.625,0.0,0.0,0.0,0.0,0.0,0.0,647.0,0
4.257,1626.0,1293.0,979.0,1626.5,1293.5,979.5,0.0,0.0,0.0,-9.125,0.5,-8.875,0.0,0.0,0.0,0.0,0.0,0.0,647.0,0
4.258,1626.0,1293.0,980.0,1626.5,1293.5,979.5,0.0,0.0,1000.0,-9.125,0.5,-8.875,0.0,0.0,0.0,0.0,0.0,0.0,646.0,0
4.259,1627.0,1294.0,980.0,1626.5,1293.5,980.5,1000.0,1000.0,0.0,-9.125,0.5,-9.875,0.0,0.0,0.0,0.0,0.0,0.0,647.0,0
4.26,1627.0,1294.0,980.0,1627.5,1294.5,980.5,0.0,0.0,0.0,-8.875,0.5,-9.125,0.0,0.0,0.0,0.0,0.0,0.0,647.0,0
4.261,1628.0,1294.0,980.0,1627.5,1294.5,980.5,1000.0,0.0,0.0,-8.875,0.5,-9.125,0.0,0.0,0.0,0.0,0.0,0.0,648.0,0
4.2620000000000005,1629.0,1295.0,980.0,1628.5,1294.5,980.5,1000.0,1000.0,0.0,-9.875,0.5,-9.125,0.0,0.0,0.0,0.0,0.0,0.0,649.0,0
4.263,1630.0,1295.0,981.0,1629.5,1295.5,980.5,1000.0,0.0,1000.0,-9.625,0.5,-8.375,0.0,0.0,0.0,0.0,0.0,0.0,649.0,0
4.264,1630.0,1295.0,981.0,1630.5,1295.5,981.5,0.0,0.0,0.0,-10.625,0.5,-9.375,0.0,0.0,0.0,0.0,0.0,0.0,649.0,0
4.265,1630.0,1296.0,981.0,1630.5,1295.5,981.5,0.0,1000.0,0.0,-10.625,0.5,-9.375,0.0,0.0,0.0,0.0,0.0,0.0,649.0,0
4.266,1631.0,1296.0,981.0,1630.5,1296.5,981.5,1000.0,0.0,0.0,-9.375,0.5,-8.625,0.0,0.0,0.0,0.0,0.0,0.0,650.0,0
4.267,1631.0,1296.0,982.0,1631.5,1296.5,981.5,0.0,0.0,1000.0,-10.375,0.5,-8.625,0.0,0.0,0.0,0.0,0.0,0.0,649.0,0
4.268,1631.0,1297.0,982.0,1631.5,1296.5,982.5,0.0,1000.0,0.0,-10.375,0.5,-9.625,0.0,0.0,0.0,0.0,0.0,0.0,649.0,0
4.269,1632.0,1297.0,982.0,1631.5,1297.5,982.5,1000.0,0.0,0.0,-9.125,0.5,-8.875,0.0,0.0,0.0,0.0,0.0,0.0,650.0,0
4.2700000000000005,1632.0,1297.0,982.0,1632.5,1297.5,982.5,0.0,0.0,0.0,-10.125,0.5,-8.875,0.0,0.0,0.0,0.0,0.0,0.0,650.0,0
4.271,1632.0,1298.0,983.0,1632.5,1297.5,982.5,0.0,1000.0,1000.0,-10.125,0.5,-8.875,0.0,0.0,0.0,0.0,0.0,0.0,649.0,0
4.272,1632.0,1298.0,983.0,1632.5,1298.5,983.5,0.0,0.0,0.0,-8.875,0.5,-9.125,0.0,0.0,0.0,0.0,0.0,0.0,649.0,0
4.273,1632.0,1298.0,983.0,1632.5,1298.5,983.5,0.0,0.0,0.0,-8.875,0.5,-9.125,0.0,0.0,0.0,0.0,0.0,0.0,649.0,0
4.274,1633.0,1298.0,983.0,1632.5,1298.5,983.5,1000.0,0.0,0.0,-8.875,0.5,-9.125,0.0,0.0,0.0,0.0,0.0,0.0,650.0,0
4.275,1633.0,1299.0,984.0,1633.5,1298.5,983.5,0.0,1000.0,1000.0,-9.875,0.5,-9.125,0.0,0.0,0.0,0.0,0.0,0.0,649.0,0
4.276,1634.0,1299.0,984.0,1633.5,1299.5,984.5,1000.0,0.0,0.0,-8.625,0.5,-9.375,0.0,0.0,0.0,0.0,0.0,0.0,650.0,0
4.277,1635.0,1299.0,984.0,1634.5,1299.5,984.5,1000.0,0.0,0.0,-9.625,0.5,-9.375,0.0,0.0,0.0,0.0,0.0,0.0,651.0,0
4.2780000000000005,1635.0,1300.0,984.0,1635.5,1299.5,984.5,0.0,1000.0,0.0,-10.625,0.5,-9.375,0.0,0.0,0.0,0.0,0.0,0.0,651.0,0
4.279,1636.0,1300.0,985.0,1635.5,1300.5,984.5,1000.0,0.0,1000.0,-9.375,0.5,-8.625,0.0,0.0,0.0,0.0,0.0,0.0,651.0,0
4.28,1637.0,1300.0,985.0,1636.5,1300.5,985.5,1000.0,0.0,0.0,-10.375,0.5,-9.625,0.0,0.0,0.0,0.0,0.0,0.0,652.0,0
4.281,1637.0,1301.0,985.0,1637.5,1300.5,985.5,0.0,1000.0,0.0,-11.375,0.5,-9.625,0.0,0.0,0.0,0.0,0.0,0.0,652.0,0
4.282,1637.0,1301.0,985.0,1637.5,1301.5,985.5,0.0,0.0,0.0,-10.125,0.5,-8.875,0.0,0.0,0.0,0.0,0.0,0.0,652.0,0
4.283,1637.0,1301.0,985.0,1637.5,1301.5,985.5,0.0,0.0,0.0,-10.125,0.5,-8.875,0.0,0.0,0.0,0.0,0.0,0.0,652.0,0
4.284,1637.0,1302.0,986.0,1637.5,1301.5,985.5,0.0,1000.0,1000.0,-10.125,0.5,-8.875,0.0,0.0,0.0,0.0,0.0,0.0,651.0,0
4.285,1637.0,1302.0,986.0,1637.5,1302.5,986.5,0.0,0.0,0.0,-8.875,0.5,-9.125,0.0,0.0,0.0,0.0,0.0,0.0,651.0,0
4.2860000000000005,1637.0,1302.0,986.0,1637.5,1302.5,986.5,0.0,0.0,0.0,-8.875,0.5,-9.125,0.0,0.0,0.0,0.0,0.0,0.0,651.0,0
4.287,1638.0,1303.0,986.0,1637.5,1302.5,986.5,1000.0,1000.0,0.0,-8.875,0.5,-9.125,0.0,0.0,0.0,0.0,0.0,0.0,652.0,0
4.288,1638.0,1303.0,987.0,1638.5,1303.5,986.5,0.0,0.0,1000.0,-8.625,0.5,-8.375,0.0,0.0,0.0,0.0,0.0,0.0,651.0,0
4.289,1639.0,1303.0,987.0,1638.5,1303.5,987.5,1000.0,0.0,0.0,-8.625,0.5,-9.375,0.0,0.0,0.0,0.0,0.0,0.0,652.0,0
4.29,1640.0,1304.0,987.0,1639.5,1303.5,987.5,1000.0,1000.0,0.0,-9.625,0.5,-9.375,0.0,0.0,0.0,0.0,0.0,0.0,653.0,0
4.291,1641.0,1304.0,987.0,1640.5,1304.5,987.5,1000.0,0.0,0.0,-9.375,0.5,-8.625,0.0,0.0,0.0,0.0,0.0,0.0,654.0,0
4.292,1641.0,1304.0,988.0,1641.5,1304.5,987.5,0.0,0.0,1000.0,-10.375,0.5,-8.625,0.0,0.0,0.0,0.0,0.0,0.0,653.0,0
4.293,1641.0,1304.0,988.0,1641.5,1304.5,988.5,0.0,0.0,0.0,-10.375,0.5,-9.625,0.0,0.0,0.0,0.0,0.0,0.0,653.0,0
4.2940000000000005,1642.0,1305.0,988.0,1641.5,1304.5,988.5,1000.0,1000.0,0.0,-10.375,0.5,-9.625,0.0,0.0,0.0,0.0,0.0,0.0,654.0,0
4.295,1642.0,1305.0,988.0,1642.5,1305.5,988.5,0.0,0.0,0.0,-10.125,0.5,-8.875,0.0,0.0,0.0,0.0,0.0,0.0,654.0,0
4.296,1642.0,1305.0,989.0,1642.5,1305.5,988.5,0.0,0.0,1000.0,-10.125,0.5,-8.875,0.0,0.0,0.0,0.0,0.0,0.0,653.0,0
4.297,1642.0,1306.0,989.0,1642.5,1305.5,989.5,0.0,1000.0,0.0,-10.125,0.5,-9.875,0.0,0.0,0.0,0.0,0.0,0.0,653.0,0
4.298,1642.0,1306.0,989.0,1642.5,1306.5,989.5,0.0,0.0,0.0,-8.875,0.5,-9.125,0.0,0.0,0.0,0.0,0.0,0.0,653.0,0
4.299,1642.0,1306.0,989.0,1642.5,1306.5,989.5,0.0,0.0,0.0,-8.875,0.5,-9.125,0.0,0.0,0.0,0.0,0.0,0.0,653.0,0
4.3,1643.0,1307.0,990.0,1642.5,1306.5,989.5,1000.0,1000.0,1000.0,-8.875,0.5,-9.125,0.0,0.0,0.0,0.0,0.0,0.0,653.0,0
4.301,1643.0,1307.0,990.0,1643.5,1307.5,990.5,0.0,0.0,0.0,-8.625,0.5,-9.375,0.0,0.0,0.0,0.0,0.0,0.0,653.0,0
4.3020000000000005,1644.0,1307.0,990.0,1643.5,1307.5,990.5,1000.0,0.0,0.0,-8.625,0.5,-9.375,0.0,0.0,0.0,0.0,0.0,0.0,654.0,0
4.303,1645.0,1308.0,990.0,1644.5,1307.5,990.5,1000.0,1000.0,0.0,-9.625,0.5,-9.375,0.0,0.0,0.0,0.0,0.0,0.0,655.0,0
4.304,1646.0,1308.0,990.0,1645.5,1308.5,990.5,1000.0,0.0,0.0,-9.375,0.5,-8.625,0.0,0.0,0.0,0.0,0.0,0.0,656.0,0
4.305,1646.0,1308.0,991.0,1646.5,1308.5,990.5,0.0,0.0,1000.0,-10.375,0.5,-8.625,0.0,0.0,0.0,0.0,0.0,0.0,655.0,0
4.306,1646.0,1309.0,991.0,1646.5,1308.5,991.5,0.0,1000.0,0.0,-10.375,0.5,-9.625,0.0,0.0,0.0,0.0,0.0,0.0,655.0,0
4.307,1647.0,1309.0,991.0,1646.5,1309.5,991.5,1000.0,0.0,0.0,-9.125,0.5,-8.875,0.0,0.0,0.0,0.0,0.0,0.0,656.0,0
4.308,1647.0,1309.0,991.0,1647.5,1309.5,991.5,0.0,0.0,0.0,-10.125,0.5,-8.875,0.0,0.0,0.0,0.0,0.0,0.0,656.0,0
4.309,1647.0,1310.0,992.0,1647.5,1309.5,991.5,0.0,1000.0,1000.0,-10.125,0.5,-8.875,0.0,0.0,0.0,0.0,0.0,0.0,655.0,0
4.3100000000000005,1648.0,1310.0,992.0,1647.5,1310.5,992.5,1000.0,0.0,0.0,-8.875,0.5,-9.125,0.0,0.0,0.0,0.0,0.0,0.0,656.0,0
4.311,1648.0,1310.0,992.0,1648.5,1310.5,992.5,0.0,0.0,0.0,-9.875,0.5,-9.125,0.0,0.0,0.0,0.0,0.0,0.0,656.0,0
4.312,1649.0,1311.0,992.0,1648.5,1310.5,992.5,1000.0,1000.0,0.0,-9.875,0.5,-9.125,0.0,0.0,0.0,0.0,0.0,0.0,657.0,0
4.313,1650.0,1311.0,993.0,1649.5,1311.5,992.5,1000.0,0.0,1000.0,-9.625,0.5,-8.375,0.0,0.0,0.0,0.0,0.0,0.0,657.0,0
4.314,1650.0,1311.0,993.0,1650.5,1311.5,993.5,0.0,0.0,0.0,-10.625,0.5,-9.375,0.0,0.0,0.0,0.0,0.0,0.0,657.0,0
4.315,1651.0,1311.0,993.0,1650.5,1311.5,993.5,1000.0,0.0,0.0,-10.625,0.5,-9.375,0.0,0.0,0.0,0.0,0.0,0.0,658.0,0
4.316,1651.0,1312.0,993.0,1651.5,1311.5,993.5,0.0,1000.0,0.0,-11.625,0.5,-9.375,0.0,0.0,0.0,0.0,0.0,0.0,658.0,0
4.317,1651.0,1312.0,994.0,1651.5,1312.5,993.5,0.0,0.0,1000.0,-10.375,0.5,-8.625,0.0,0.0,0.0,0.0,0.0,0.0,657.0,0
4.3180000000000005,1651.0,1312.0,994.0,1651.5,1312.5,994.5,0.0,0.0,0.0,-10.375,0.5,-9.625,0.0,0.0,0.0,0.0,0.0,0.0,657.0,0
4.319,1651.0,1313.0,994.0,1651.5,1312.5,994.5,0.0,1000.0,0.0,-10.375,0.5,-9.625,0.0,0.0,0.0,0.0,0.0,0.0,657.0,0
4.32,1651.0,1313.0,994.0,1651.5,1313.5,994.5,0.0,0.0,0.0,-9.125,0.5,-8.875,0.0,0.0,0.0,0.0,0.0,0.0,657.0,0
4.321,1651.0,1313.0,995.0,1651.5,1313.5,994.5,0.0,0.0,1000.0,-9.125,0.5,-8.875,0.0,0.0,0.0,0.0,0.0,0.0,656.0,0
4.322,1652.0,1314.0,995.0,1651.5,1313.5,995.5,1000.0,1000.0,0.0,-9.125,0.5,-9.875,0.0,0.0,0.0,0.0,0.0,0.0,657.0,0
4.323,1652.0,1314.0,995.0,1652.5,1314.5,995.5,0.0,0.0,0.0,-8.875,0.5,-9.125,0.0,0.0,0.0,0.0,0.0,0.0,657.0,0
4.324,1653.0,1314.0,995.0,1652.5,1314.5,995.5,1000.0,0.0,0.0,-8.875,0.5,-9.125,0.0,0.0,0.0,0.0,0.0,0.0,658.0,0
4.325,1654.0,1315.0,995.0,1653.5,1314.5,995.5,1000.0,1000.0,0.0,-9.875,0.5,-9.125,0.0,0.0,0.0,0.0,0.0,0.0,659.0,0
4.3260000000000005,1655.0,1315.0,996.0,1654.5,1315.5,995.5,1000.0,0.0,1000.0,-9.625,0.5,-8.375,0.0,0.0,0.0,0.0,0.0,0.0,659.0,0
4.327,1655.0,1315.0,996.0,1655.5,1315.5,996.5,0.0,0.0,0.0,-10.625,0.5,-9.375,0.0,0.0,0.0,0.0,0.0,0.0,659.0,0
4.328,1655.0,1316.0,996.0,1655.5,1315.5,996.5,0.0,1000.0,0.0,-10.625,0.5,-9.375,0.0,0.0,0.0,0.0,0.0,0.0,659.0,0
4.329,1656.0,1316.0,996.0,1655.5,1316.5,996.5,1000.0,0.0,0.0,-9.375,0.5,-8.625,0.0,0.0,0.0,0.0,0.0,0.0,660.0,0
4.33,1656.0,1316.0,997.0,1656.5,1316.5,996.5,0.0,0.0,1000.0,-10.375,0.5,-8.625,0.0,0.0,0.0,0.0,0.0,0.0,659.0,0
4.331,1656.0,1317.0,997.0,1656.5,1316.5,997.5,0.0,1000.0,0.0,-10.375,0.5,-9.625,0.0,0.0,0.0,0.0,0.0,0.0,659.0,0
4.332,1657.0,1317.0,997.0,1656.5,1317.5,997.5,1000.0,0.0,0.0,-9.125,0.5,-8.875,0.0,0.0,0.0,0.0,0.0,0.0,660.0,0
4.333,1657.0,1317.0,997.0,1657.5,1317.5,997.5,0.0,0.0,0.0,-10.125,0.5,-8.875,0.0,0.0,0.0,0.0,0.0,0.0,660.0,0
4.3340000000000005,1657.0,1317.0,998.0,1657.5,1317.5,997.5,0.0,0.0,1000.0,-10.125,0.5,-8.875,0.0,0.0,0.0,0.0,0.0,0.0,659.0,0
4.335,1657.0,1318.0,998.0,1657.5,1317.5,998.5,0.0,1000.0,0.0,-10.125,0.5,-9.875,0.0,0.0,0.0,0.0,0.0,0.0,659.0,0
4.336,1657.0,1318.0,998.0,1657.5,1318.5,998.5,0.0,0.0,0.0,-8.875,0.5,-9.125,0.0,0.0,0.0,0.0,0.0,0.0,659.0,0
4.337,1657.0,1318.0,998.0,1657.5,1318.5,998.5,0.0,0.0,0.0,-8.875,0.5,-9.125,0.0,0.0,0.0,0.0,0.0,0.0,659.0,0
4.338,1658.0,1319.0,999.0,1657.5,1318.5,998.5,1000.0,1000.0,1000.0,-8.875,0.5,-9.125,0.0,0.0,0.0,0.0,0.0,0.0,659.0,0
4.339,1658.0,1319.0,999.0,1658.5,1319.5,999.5,0.0,0.0,0.0,-8.625,0.5,-9.375,0.0,0.0,0.0,0.0,0.0,0.0,659.0,0
4.34,1659.0,1319.0,999.0,1658.5,1319.5,999.5,1000.0,0.0,0.0,-8.625,0.5,-9.375,0.0,0.0,0.0,0.0,0.0,0.0,660.0,0
4.341,1660.0,1320.0,999.0,1659.5,1319.5,999.5,1000.0,1000.0,0.0,-9.625,0.5,-9.375,0.0,0.0,0.0,0.0,0.0,0.0,661.0,0
4.3420000000000005,1661.0,1320.0,1000.0,1660.5,1320.5,999.5,1000.0,0.0,1000.0,-9.375,0.5,-8.625,0.0,0.0,0.0,0.0,0.0,0.0,661.0,0
4.343,1661.0,1320.0,1000.0,1661.5,1320.5,1000.5,0.0,0.0,0.0,-10.375,0.5,-9.625,0.0,0.0,0.0,0.0,0.0,0.0,661.0,0
4.344,1661.0,1321.0,1000.0,1661.5,1320.5,1000.5,0.0,1000.0,0.0,-10.375,0.5,-9.625,0.0,0.0,0.0,0.0,0.0,0.0,661.0,0
4.345,1662.0,1321.0,1000.0,1661.5,1321.5,1000.5,1000.0,0.0,0.0,-9.125,0.5,-8.875,0.0,0.0,0.0,0.0,0.0,0.0,662.0,0
4.346,1662.0,1321.0,1000.0,1662.5,1321.5,1000.5,0.0,0.0,0.0,-10.125,0.5,-8.875,0.0,0.0,0.0,0.0,0.0,0.0,662.0,0
4.347,1662.0,1322.0,1001.0,1662.5,1321.5,1000.5,0.0,1000.0,1000.0,-10.125,0.5,-8.875,0.0,0.0,0.0,0.0,0.0,0.0,661.0,0
4.348,1663.0,1322.0,1001.0,1662.5,1322.5,1001.5,1000.0,0.0,0.0,-8.875,0.5,-9.125,0.0,0.0,0.0,0.0,0.0,0.0,662.0,0
4.349,1663.0,1322.0,1001.0,1663.5,1322.5,1001.5,0.0,0.0,0.0,-9.875,0.5,-9.125,0.0,0.0,0.0,0.0,0.0,0.0,662.0,0
4.3500000000000005,1664.0,1323.0,1001.0,1663.5,1322.5,1001.5,1000.0,1000.0,0.0,-9.875,0.5,-9.125,0.0,0.0,0.0,0.0,0.0,0.0,663.0,0
4.351,1665.0,1323.0,1002.0,1664.5,1323.5,1001.5,1000.0,0.0,1000.0,-9.625,0.5,-8.375,0.0,0.0,0.0,0.0,0.0,0.0,663.0,0
4.352,1665.0,1323.0,1002.0,1665.5,1323.5,1002.5,0.0,0.0,0.0,-10.625,0.5,-9.375,0.0,0.0,0.0,0.0,0.0,0.0,663.0,0
4.353,1666.0,1324.0,1002.0,1665.5,1323.5,1002.5,1000.0,1000.0,0.0,-10.625,0.5,-9.375,0.0,0.0,0.0,0.0,0.0,0.0,664.0,0
4.354,1666.0,1324.0,1002.0,1666.5,1324.5,1002.5,0.0,0.0,0.0,-10.375,0.5,-8.625,0.0,0.0,0.0,0.0,0.0,0.0,664.0,0
4.355,1666.0,1324.0,1003.0,1666.5,1324.5,1002.5,0.0,0.0,1000.0,-10.375,0.5,-8.625,0.0,0.0,0.0,0.0,0.0,0.0,663.0,0
4.356,1666.0,1324.0,1003.0,1666.5,1324.5,1003.5,0.0,0.0,0.0,-10.375,0.5,-9.625,0.0,0.0,0.0,0.0,0.0,0.0,663.0,0
4.357,1666.0,1325.0,1003.0,1666.5,1324.5,1003.5,0.0,1000.0,0.0,-10.375,0.5,-9.625,0.0,0.0,0.0,0.0,0.0,0.0,663.0,0
4.358,1666.0,1325.0,1003.0,1666.5,1325.5,1003.5,0.0,0.0,0.0,-9.125,0.5,-8.875,0.0,0.0,0.0,0.0,0.0,0.0,663.0,0
4.359,1666.0,1325.0,1004.0,1666.5,1325.5,1003.5,0.0,0.0,1000.0,-9.125,0.5,-8.875,0.0,0.0,0.0,0.0,0.0,0.0,662.0,0
4.36,1667.0,1326.0,1004.0,1666.5,1325.5,1004.5,1000.0,1000.0,0.0,-9.125,0.5,-9.875,0.0,0.0,0.0,0.0,0.0,0.0,663.0,0
4.361,1667.0,1326.0,1004.0,1667.5,1326.5,1004.5,0.0,0.0,0.0,-8.875,0.5,-9.125,0.0,0.0,0.0,0.0,0.0,0.0,663.0,0
4.362,1668.0,1326.0,1004.0,1667.5,1326.5,1004.5,1000.0,0.0,0.0,-8.875,0.5,-9.125,0.0,0.0,0.0,0.0,0.0,0.0,664.0,0
4.363,1669.0,1327.0,1005.0,1668.5,1326.5,1004.5,1000.0,1000.0,1000.0,-9.875,0.5,-9.125,0.0,0.0,0.0,0.0,0.0,0.0,664.0,0
4.364,1670.0,1327.0,1005.0,1669.5,1327.5,1005.5,1000.0,0.0,0.0,-9.625,0.5,-9.375,0.0,0.0,0.0,0.0,0.0,0.0,665.0,0
4.365,1670.0,1327.0,1005.0,1670.5,1327.5,1005.5,0.0,0.0,0.0,-10.625,0.5,-9.375,0.0,0.0,0.0,0.0,0.0,0.0,665.0,0
4.366,1670.0,1328.0,1005.0,1670.5,1327.5,1005.5,0.0,1000.0,0.0,-10.625,0.5,-9.375,0.0,0.0,0.0,0.0,0.0,0.0,665.0,0
4.367,1671.0,1328.0,1005.0,1670.5,1328.5,1005.5,1000.0,0.0,0.0,-9.375,0.5,-8.625,0.0,0.0,0.0,0.0,0.0,0.0,666.0,0
4.368,1671.0,1328.0,1006.0,1671.5,1328.5,1005.5,0.0,0.0,1000.0,-10.375,0.5,-8.625,0.0,0.0,0.0,0.0,0.0,0.0,665.0,0
4.369,1671.0,1329.0,1006.0,1671.5,1328.5,1006.5,0.0,1000.0,0.0,-10.375,0.5,-9.625,0.0,0.0,0.0,0.0,0.0,0.0,665.0,0
4.37,1672.0,1329.0,1006.0,1671.5,1329.5,1006.5,1000.0,0.0,0.0,-9.125,0.5,-8.875,0.0,0.0,0.0,0.0,0.0,0.0,666.0,0
4.371,1672.0,1329.0,1006.0,1672.5,1329.5,1006.5,0.0,0.0,0.0,-10.125,0.5,-8.875,0.0,0.0,0.0,0.0,0.0,0.0,666.0,0
4.372,1672.0,1330.0,1007.0,1672.5,1329.5,1006.5,0.0,1000.0,1000.0,-10.125,0.5,-8.875,0.0,0.0,0.0,0.0,0.0,0.0,665.0,0
4.373,1672.0,1330.0,1007.0,1672.5,1330.5,1007.5,0.0,0.0,0.0,-8.875,0.5,-9.125,0.0,0.0,0.0,0.0,0.0,0.0,665.0,0
4.374,1672.0,1330.0,1007.0,1672.5,1330.5,1007.5,0.0,0.0,0.0,-8.875,0.5,-9.125,0.0,0.0,0.0,0.0,0.0,0.0,665.0,0
4.375,1673.0,1331.0,1007.0,1672.5,1330.5,1007.5,1000.0,1000.0,0.0,-8.875,0.5,-9.125,0.0,0.0,0.0,0.0,0.0,0.0,666.0,0
4.376,1673.0,1331.0,1008.0,1673.5,1331.5,1007.5,0.0,0.0,1000.0,-8.625,0.5,-8.375,0.0,0.0,0.0,0.0,0.0,0.0,665.0,0
4.377,1674.0,1331.0,1008.0,1673.5,1331.5,1008.5,1000.0,0.0,0.0,-8.625,0.5,-9.375,0.0,0.0,0.0,0.0,0.0,0.0,666.0,0
4.378,1675.0,1331.0,1008.0,1674.5,1331.5,1008.5,1000.0,0.0,0.0,-9.625,0.5,-9.375,0.0,0.0,0.0,0.0,0.0,0.0,667.0,0
4.3790000000000004,1675.0,1332.0,1008.0,1675.5,1331.5,1008.5,0.0,1000.0,0.0,-10.625,0.5,-9.375,0.0,0.0,0.0,0.0,0.0,0.0,667.0,0
4.38,1676.0,1332.0,1009.0,1675.5,1332.5,1008.5,1000.0,0.0,1000.0,-9.375,0.5,-8.625,0.0,0.0,0.0,0.0,0.0,0.0,667.0,0
4.381,1677.0,1332.0,1009.0,1676.5,1332.5,1009.5,1000.0,0.0,0.0,-10.375,0.5,-9.625,0.0,0.0,0.0,0.0,0.0,0.0,668.0,0
4.382,1677.0,1333.0,1009.0,1677.5,1332.5,1009.5,0.0,1000.0,0.0,-11.375,0.5,-9.625,0.0,0.0,0.0,0.0,0.0,0.0,668.0,0
4.383,1677.0,1333.0,1009.0,1677.5,1333.5,1009.5,0.0,0.0,0.0,-10.125,0.5,-8.875,0.0,0.0,0.0,0.0,0.0,0.0,668.0,0
4.384,1677.0,1333.0,1010.0,1677.5,1333.5,1009.5,0.0,0.0,1000.0,-10.125,0.5,-8.875,0.0,0.0,0.0,0.0,0.0,0.0,667.0,0
4.385,1677.0,1334.0,1010.0,1677.5,1333.5,1010.5,0.0,1000.0,0.0,-10.125,0.5,-9.875,0.0,0.0,0.0,0.0,0.0,0.0,667.0,0
4.386,1677.0,1334.0,1010.0,1677.5,1334.5,1010.5,0.0,0.0,0.0,-8.875,0.5,-9.125,0.0,0.0,0.0,0.0,0.0,0.0,667.0,0
4.3870000000000005,1677.0,1334.0,1010.0,1677.5,1334.5,1010.5,0.0,0.0,0.0,-8.875,0.5,-9.125,0.0,0.0,0.0,0.0,0.0,0.0,667.0,0
4.388,1678.0,1335.0,1010.0,1677.5,1334.5,1010.5,1000.0,1000.0,0.0,-8.875,0.5,-9.125,0.0,0.0,0.0,0.0,0.0,0.0,668.0,0
4.389,1678.0,1335.0,1011.0,1678.5,1335.5,1010.5,0.0,0.0,1000.0,-8.625,0.5,-8.375,0.0,0.0,0.0,0.0,0.0,0.0,667.0,0
4.39,1679.0,1335.0,1011.0,1678.5,1335.5,1011.5,1000.0,0.0,0.0,-8.625,0.5,-9.375,0.0,0.0,0.0,0.0,0.0,0.0,668.0,0
4.391,1680.0,1336.0,1011.0,1679.5,1335.5,1011.5,1000.0,1000.0,0.0,-9.625,0.5,-9.375,0.0,0.0,0.0,0.0,0.0,0.0,669.0,0
4.392,1681.0,1336.0,1011.0,1680.5,1336.5,1011.5,1000.0,0.0,0.0,-9.375,0.5,-8.625,0.0,0.0,0.0,0.0,0.0,0.0,670.0,0
4.393,1681.0,1336.0,1012.0,1681.5,1336.5,1011.5,0.0,0.0,1000.0,-10.375,0.5,-8.625,0.0,0.0,0.0,0.0,0.0,0.0,669.0,0
4.394,1681.0,1337.0,1012.0,1681.5,1336.5,1012.5,0.0,1000.0,0.0,-10.375,0.5,-9.625,0.0,0.0,0.0,0.0,0.0,0.0,669.0,0
4.3950000000000005,1682.0,1337.0,1012.0,1681.5,1337.5,1012.5,1000.0,0.0,0.0,-9.125,0.5,-8.875,0.0,0.0,0.0,0.0,0.0,0.0,670.0,0
4.396,1682.0,1337.0,1012.0,1682.5,1337.5,1012.5,0.0,0.0,0.0,-10.125,0.5,-8.875,0.0,0.0,0.0,0.0,0.0,0.0,670.0,0
4.397,1682.0,1337.0,1013.0,1682.5,1337.5,1012.5,0.0,0.0,1000.0,-10.125,0.5,-8.875,0.0,0.0,0.0,0.0,0.0,0.0,669.0,0
4.398,1682.0,1338.0,1013.0,1682.5,1337.5,1013.5,0.0,1000.0,0.0,-10.125,0.5,-9.875,0.0,0.0,0.0,0.0,0.0,0.0,669.0,0
4.399,1682.0,1338.0,1013.0,1682.5,1338.5,1013.5,0.0,0.0,0.0,-8.875,0.5,-9.125,0.0,0.0,0.0,0.0,0.0,0.0,669.0,0
4.4,1682.0,1338.0,1013.0,1682.5,1338.5,1013.5,0.0,0.0,0.0,-8.875,0.5,-9.125,0.0,0.0,0.0,0.0,0.0,0.0,669.0,0
4.401,1683.0,1339.0,1014.0,1682.5,1338.5,1013.5,1000.0,1000.0,1000.0,-8.875,0.5,-9.125,0.0,0.0,0.0,0.0,0.0,0.0,669.0,0
4.402,1683.0,1339.0,1014.0,1683.5,1339.5,1014.5,0.0,0.0,0.0,-8.625,0.5,-9.375,0.0,0.0,0.0,0.0,0.0,0.0,669.0,0
4.4030000000000005,1684.0,1339.0,1014.0,1683.5,1339.5,1014.5,1000.0,0.0,0.0,-8.625,0.5,-9.375,0.0,0.0,0.0,0.0,0.0,0.0,670.0,0
4.404,1685.0,1340.0,1014.0,1684.5,1339.5,1014.5,1000.0,1000.0,0.0,-9.625,0.5,-9.375,0.0,0.0,0.0,0.0,0.0,0.0,671.0,0
4.405,1686.0,1340.0,1015.0,1685.5,1340.5,1014.5,1000.0,0.0,1000.0,-9.375,0.5,-8.625,0.0,0.0,0.0,0.0,0.0,0.0,671.0,0
4.406,1686.0,1340.0,1015.0,1686.5,1340.5,1015.5,0.0,0.0,0.0,-10.375,0.5,-9.625,0.0,0.0,0.0,0.0,0.0,0.0,671.0,0
4.407,1686.0,1341.0,1015.0,1686.5,1340.5,1015.5,0.0,1000.0,0.0,-10.375,0.5,-9.625,0.0,0.0,0.0,0.0,0.0,0.0,671.0,0
4.408,1687.0,1341.0,1015.0,1686.5,1341.5,1015.5,1000.0,0.0,0.0,-9.125,0.5,-8.875,0.0,0.0,0.0,0.0,0.0,0.0,672.0,0
4.409,1687.0,1341.0,1015.0,1687.5,1341.5,1015.5,0.0,0.0,0.0,-10.125,0.5,-8.875,0.0,0.0,0.0,0.0,0.0,0.0,672.0,0
4.41,1687.0,1342.0,1016.0,1687.5,1341.5,1015.5,0.0,1000.0,1000.0,-10.125,0.5,-8.875,0.0,0.0,0.0,0.0,0.0,0.0,671.0,0
4.4110000000000005,1688.0,1342.0,1016.0,1687.5,1342.5,1016.5,1000.0,0.0,0.0,-8.875,0.5,-9.125,0.0,0.0,0.0,0.0,0.0,0.0,672.0,0
4.412,1688.0,1342.0,1016.0,1688.5,1342.5,1016.5,0.0,0.0,0.0,-9.875,0.5,-9.125,0.0,0.0,0.0,0.0,0.0,0.0,672.0,0
4.413,1689.0,1343.0,1016.0,1688.5,1342.5,1016.5,1000.0,1000.0,0.0,-9.875,0.5,-9.125,0.0,0.0,0.0,0.0,0.0,0.0,673.0,0
4.414,1690.0,1343.0,1017.0,1689.5,1343.5,1016.5,1000.0,0.0,1000.0,-9.625,0.5,-8.375,0.0,0.0,0.0,0.0,0.0,0.0,673.0,0
4.415,1690.0,1343.0,1017.0,1690.5,1343.5,1017.5,0.0,0.0,0.0,-10.625,0.5,-9.375,0.0,0.0,0.0,0.0,0.0,0.0,673.0,0
4.416,1691.0,1344.0,1017.0,1690.5,1343.5,1017.5,1000.0,1000.0,0.0,-10.625,0.5,-9.375,0.0,0.0,0.0,0.0,0.0,0.0,674.0,0
4.417,1691.0,1344.0,1017.0,1691.5,1344.5,1017.5,0.0,0.0,0.0,-10.375,0.5,-8.625,0.0,0.0,0.0,0.0,0.0,0.0,674.0,0
4.418,1691.0,1344.0,1018.0,1691.5,1344.5,1017.5,0.0,0.0,1000.0,-10.375,0.5,-8.625,0.0,0.0,0.0,0.0,0.0,0.0,673.0,0
4.4190000000000005,1691.0,1344.0,1018.0,1691.5,1344.5,1018.5,0.0,0.0,0.0,-10.375,0.5,-9.625,0.0,0.0,0.0,0.0,0.0,0.0,673.0,0
4.42,1691.0,1345.0,1018.0,1691.5,1344.5,1018.5,0.0,1000.0,0.0,-10.375,0.5,-9.625,0.0,0.0,0.0,0.0,0.0,0.0,673.0,0
4.421,1691.0,1345.0,1018.0,1691.5,1345.5,1018.5,0.0,0.0,0.0,-9.125,0.5,-8.875,0.0,0.0,0.0,0.0,0.0,0.0,673.0,0
4.422,1691.0,1345.0,1019.0,1691.5,1345.5,1018.5,0.0,0.0,1000.0,-9.125,0.5,-8.875,0.0,0.0,0.0,0.0,0.0,0.0,672.0,0
4.423,1692.0,1346.0,1019.0,1691.5,1345.5,1019.5,1000.0,1000.0,0.0,-9.125,0.5,-9.875,0.0,0.0,0.0,0.0,0.0,0.0,673.0,0
4.424,1692.0,1346.0,1019.0,1692.5,1346.5,1019.5,0.0,0.0,0.0,-8.875,0.5,-9.125,0.0,0.0,0.0,0.0,0.0,0.0,673.0,0
4.425,1693.0,1346.0,1019.0,1692.5,1346.5,1019.5,1000.0,0.0,0.0,-8.875,0.5,-9.125,0.0,0.0,0.0,0.0,0.0,0.0,674.0,0
4.426,1694.0,1347.0,1020.0,1693.5,1346.5,1019.5,1000.0,1000.0,1000.0,-9.875,0.5,-9.125,0.0,0.0,0.0,0.0,0.0,0.0,674.0,0
4.4270000000000005,1695.0,1347.0,1020.0,1694.5,1347.5,1020.5,1000.0,0.0,0.0,-9.625,0.5,-9.375,0.0,0.0,0.0,0.0,0.0,0.0,675.0,0
4.428,1695.0,1347.0,1020.0,1695.5,1347.5,1020.5,0.0,0.0,0.0,-10.625,0.5,-9.375,0.0,0.0,0.0,0.0,0.0,0.0,675.0,0
4.429,1695.0,1348.0,1020.0,1695.5,1347.5,1020.5,0.0,1000.0,0.0,-10.625,0.5,-9.375,0.0,0.0,0.0,0.0,0.0,0.0,675.0,0
4.43,1696.0,1348.0,1020.0,1695.5,1348.5,1020.5,1000.0,0.0,0.0,-9.375,0.5,-8.625,0.0,0.0,0.0,0.0,0.0,0.0,676.0,0
4.431,1696.0,1348.0,1021.0,1696.5,1348.5,1020.5,0.0,0.0,1000.0,-10.375,0.5,-8.625,0.0,0.0,0.0,0.0,0.0,0.0,675.0,0
4.432,1696.0,1349.0,1021.0,1696.5,1348.5,1021.5,0.0,1000.0,0.0,-10.375,0.5,-9.625,0.0,0.0,0.0,0.0,0.0,0.0,675.0,0
4.433,1697.0,1349.0,1021.0,1696.5,1349.5,1021.5,1000.0,0.0,0.0,-9.125,0.5,-8.875,0.0,0.0,0.0,0.0,0.0,0.0,676.0,0
4.434,1697.0,1349.0,1021.0,1697.5,1349.5,1021.5,0.0,0.0,0.0,-10.125,0.5,-8.875,0.0,0.0,0.0,0.0,0.0,0.0,676.0,0
4.4350000000000005,1697.0,1350.0,1022.0,1697.5,1349.5,1021.5,0.0,1000.0,1000.0,-10.125,0.5,-8.875,0.0,0.0,0.0,0.0,0.0,0.0,675.0,0
4.436,1697.0,1350.0,1022.0,1697.5,1350.5,1022.5,0.0,0.0,0.0,-8.875,0.5,-9.125,0.0,0.0,0.0,0.0,0.0,0.0,675.0,0
4.437,1697.0,1350.0,1022.0,1697.5,1350.5,1022.5,0.0,0.0,0.0,-8.875,0.5,-9.125,0.0,0.0,0.0,0.0,0.0,0.0,675.0,0
4.438,1698.0,1350.0,1022.0,1697.5,1350.5,1022.5,1000.0,0.0,0.0,-8.875,0.5,-9.125,0.0,0.0,0.0,0.0,0.0,0.0,676.0,0
4.439,1698.0,1351.0,1023.0,1698.5,1350.5,1022.5,0.0,1000.0,1000.0,-9.875,0.5,-9.125,0.0,0.0,0.0,0.0,0.0,0.0,675.0,0
4.44,1699.0,1351.0,1023.0,1698.5,1351.5,1023.5,1000.0,0.0,0.0,-8.625,0.5,-9.375,0.0,0.0,0.0,0.0,0.0,0.0,676.0,0
4.441,1700.0,1351.0,1023.0,1699.5,1351.5,1023.5,1000.0,0.0,0.0,-9.625,0.5,-9.375,0.0,0.0,0.0,0.0,0.0,0.0,677.0,0
4.442,1700.0,1352.0,1023.0,1700.5,1351.5,1023.5,0.0,1000.0,0.0,-10.625,0.5,-9.375,0.0,0.0,0.0,0.0,0.0,0.0,677.0,0
4.4430000000000005,1701.0,1352.0,1024.0,1700.5,1352.5,1023.5,1000.0,0.0,1000.0,-9.375,0.5,-8.625,0.0,0.0,0.0,0.0,0.0,0.0,677.0,0
4.444,1702.0,1352.0,1024.0,1701.5,1352.5,1024.5,1000.0,0.0,0.0,-10.375,0.5,-9.625,0.0,0.0,0.0,0.0,0.0,0.0,678.0,0
4.445,1702.0,1353.0,1024.0,1702.5,1352.5,1024.5,0.0,1000.0,0.0,-11.375,0.5,-9.625,0.0,0.0,0.0,0.0,0.0,0.0,678.0,0
4.446,1702.0,1353.0,1024.0,1702.5,1353.5,1024.5,0.0,0.0,0.0,-10.125,0.5,-8.875,0.0,0.0,0.0,0.0,0.0,0.0,678.0,0
4.447,1702.0,1353.0,1024.0,1702.5,1353.5,1024.5,0.0,0.0,0.0,-10.125,0.5,-8.875,0.0,0.0,0.0,0.0,0.0,0.0,678.0,0
4.448,1702.0,1354.0,1025.0,1702.5,1353.5,1024.5,0.0,1000.0,1000.0,-10.125,0.5,-8.875,0.0,0.0,0.0,0.0,0.0,0.0,677.0,0
4.449,1702.0,1354.0,1025.0,1702.5,1354.5,1025.5,0.0,0.0,0.0,-8.875,0.5,-9.125,0.0,0.0,0.0,0.0,0.0,0.0,677.0,0
4.45,1702.0,1354.0,1025.0,1702.5,1354.5,1025.5,0.0,0.0,0.0,-8.875,0.5,-9.125,0.0,0.0,0.0,0.0,0.0,0.0,677.0,0
4.4510000000000005,1703.0,1355.0,1025.0,1702.5,1354.5,1025.5,1000.0,1000.0,0.0,-8.875,0.5,-9.125,0.0,0.0,0.0,0.0,0.0,0.0,678.0,0
4.452,1703.0,1355.0,1026.0,1703.5,1355.5,1025.5,0.0,0.0,1000.0,-8.625,0.5,-8.375,0.0,0.0,0.0,0.0,0.0,0.0,677.0,0
4.453,1704.0,1355.0,1026.0,1703.5,1355.5,1026.5,1000.0,0.0,0.0,-8.625,0.5,-9.375,0.0,0.0,0.0,0.0,0.0,0.0,678.0,0
4.454,1705.0,1356.0,1026.0,1704.5,1355.5,1026.5,1000.0,1000.0,0.0,-9.625,0.5,-9.375,0.0,0.0,0.0,0.0,0.0,0.0,679.0,0
4.455,1706.0,1356.0,1026.0,1705.5,1356.5,1026.5,1000.0,0.0,0.0,-9.375,0.5,-8.625,0.0,0.0,0.0,0.0,0.0,0.0,680.0,0
4.456,1706.0,1356.0,1027.0,1706.5,1356.5,1026.5,0.0,0.0,1000.0,-10.375,0.5,-8.625,0.0,0.0,0.0,0.0,0.0,0.0,679.0,0
4.457,1706.0,1357.0,1027.0,1706.5,1356.5,1027.5,0.0,1000.0,0.0,-10.375,0.5,-9.625,0.0,0.0,0.0,0.0,0.0,0.0,679.0,0
4.458,1707.0,1357.0,1027.0,1706.5,1357.5,1027.5,1000.0,0.0,0.0,-9.125,0.5,-8.875,0.0,0.0,0.0,0.0,0.0,0.0,680.0,0
4.4590000000000005,1707.0,1357.0,1027.0,1707.5,1357.5,1027.5,0.0,0.0,0.0,-10.125,0.5,-8.875,0.0,0.0,0.0,0.0,0.0,0.0,680.0,0
4.46,1707.0,1357.0,1028.0,1707.5,1357.5,1027.5,0.0,0.0,1000.0,-10.125,0.5,-8.875,0.0,0.0,0.0,0.0,0.0,0.0,679.0,0
4.461,1707.0,1358.0,1028.0,1707.5,1357.5,1028.5,0.0,1000.0,0.0,-10.125,0.5,-9.875,0.0,0.0,0.0,0.0,0.0,0.0,679.0,0
4.462,1707.0,1358.0,1028.0,1707.5,1358.5,1028.5,0.0,0.0,0.0,-8.875,0.5,-9.125,0.0,0.0,0.0,0.0,0.0,0.0,679.0,0
4.463,1707.0,1358.0,1028.0,1707.5,1358.5,1028.5,0.0,0.0,0.0,-8.875,0.5,-9.125,0.0,0.0,0.0,0.0,0.0,0.0,679.0,0
4.464,1708.0,1359.0,1029.0,1707.5,1358.5,1028.5,1000.0,1000.0,1000.0,-8.875,0.5,-9.125,0.0,0.0,0.0,0.0,0.0,0.0,679.0,0
4.465,1708.0,1359.0,1029.0,1708.5,1359.5,1029.5,0.0,0.0,0.0,-8.625,0.5,-9.375,0.0,0.0,0.0,0.0,0.0,0.0,679.0,0
4.466,1709.0,1359.0,1029.0,1708.5,1359.5,1029.5,1000.0,0.0,0.0,-8.625,0.5,-9.375,0.0,0.0,0.0,0.0,0.0,0.0,680.0,0
4.4670000000000005,1710.0,1360.0,1029.0,1709.5,1359.5,1029.5,1000.0,1000.0,0.0,-9.625,0.5,-9.375,0.0,0.0,0.0,0.0,0.0,0.0,681.0,0
4.468,1711.0,1360.0,1029.0,1710.5,1360.5,1029.5,1000.0,0.0,0.0,-9.375,0.5,-8.625,0.0,0.0,0.0,0.0,0.0,0.0,682.0,0
4.469,1711.0,1360.0,1030.0,1711.5,1360.5,1029.5,0.0,0.0,1000.0,-10.375,0.5,-8.625,0.0,0.0,0.0,0.0,0.0,0.0,681.0,0
4.47,1711.0,1361.0,1030.0,1711.5,1360.5,1030.5,0.0,1000.0,0.0,-10.375,0.5,-9.625,0.0,0.0,0.0,0.0,0.0,0.0,681.0,0
4.471,1712.0,1361.0,1030.0,1711.5,1361.5,1030.5,1000.0,0.0,0.0,-9.125,0.5,-8.875,0.0,0.0,0.0,0.0,0.0,0.0,682.0,0
4.472,1712.0,1361.0,1030.0,1712.5,1361.5,1030.5,0.0,0.0,0.0,-10.125,0.5,-8.875,0.0,0.0,0.0,0.0,0.0,0.0,682.0,0
4.473,1712.0,1362.0,1031.0,1712.5,1361.5,1030.5,0.0,1000.0,1000.0,-10.125,0.5,-8.875,0.0,0.0,0.0,0.0,0.0,0.0,681.0,0
4.474,1713.0,1362.0,1031.0,1712.5,1362.5,1031.5,1000.0,0.0,0.0,-8.875,0.5,-9.125,0.0,0.0,0.0,0.0,0.0,0.0,682.0,0
4.4750000000000005,1713.0,1362.0,1031.0,1713.5,1362.5,1031.5,0.0,0.0,0.0,-9.875,0.5,-9.125,0.0,0.0,0.0,0.0,0.0,0.0,682.0,0
4.476,1714.0,1363.0,1031.0,1713.5,1362.5,1031.5,1000.0,1000.0,0.0,-9.875,0.5,-9.125,0.0,0.0,0.0,0.0,0.0,0.0,683.0,0
4.477,1715.0,1363.0,1032.0,1714.5,1363.5,1031.5,1000.0,0.0,1000.0,-9.625,0.5,-8.375,0.0,0.0,0.0,0.0,0.0,0.0,683.0,0
4.478,1715.0,1363.0,1032.0,1715.5,1363.5,1032.5,0.0,0.0,0.0,-10.625,0.5,-9.375,0.0,0.0,0.0,0.0,0.0,0.0,683.0,0
4.479,1716.0,1364.0,1032.0,1715.5,1363.5,1032.5,1000.0,1000.0,0.0,-10.625,0.5,-9.375,0.0,0.0,0.0,0.0,0.0,0.0,684.0,0
4.48,1716.0,1364.0,1032.0,1716.5,1364.5,1032.5,0.0,0.0,0.0,-10.375,0.5,-8.625,0.0,0.0,0.0,0.0,0.0,0.0,684.0,0
4.481,1716.0,1364.0,1033.0,1716.5,1364.5,1032.5,0.0,0.0,1000.0,-10.375,0.5,-8.625,0.0,0.0,0.0,0.0,0.0,0.0,683.0,0
4.482,1716.0,1364.0,1033.0,1716.5,1364.5,1033.5,0.0,0.0,0.0,-10.375,0.5,-9.625,0.0,0.0,0.0,0.0,0.0,0.0,683.0,0
4.483,1716.0,1365.0,1033.0,1716.5,1364.5,1033.5,0.0,1000.0,0.0,-10.375,0.5,-9.625,0.0,0.0,0.0,0.0,0.0,0.0,683.0,0
4.484,1716.0,1365.0,1033.0,1716.5,1365.5,1033.5,0.0,0.0,0.0,-9.125,0.5,-8.875,0.0,0.0,0.0,0.0,0.0,0.0,683.0,0
4.485,1716.0,1365.0,1034.0,1716.5,1365.5,1033.5,0.0,0.0,1000.0,-9.125,0.5,-8.875,0.0,0.0,0.0,0.0,0.0,0.0,682.0,0
4.486,1717.0,1366.0,1034.0,1716.5,1365.5,1034.5,1000.0,1000.0,0.0,-9.125,0.5,-9.875,0.0,0.0,0.0,0.0,0.0,0.0,683.0,0
4.487,1717.0,1366.0,1034.0,1717.5,1366.5,1034.5,0.0,0.0,0.0,-8.875,0.5,-9.125,0.0,0.0,0.0,0.0,0.0,0.0,683.0,0
4.488,1718.0,1366.0,1034.0,1717.5,1366.5,1034.5,1000.0,0.0,0.0,-8.875,0.5,-9.125,0.0,0.0,0.0,0.0,0.0,0.0,684.0,0
4.489,1719.0,1367.0,1034.0,1718.5,1366.5,1034.5,1000.0,1000.0,0.0,-9.875,0.5,-9.125,0.0,0.0,0.0,0.0,0.0,0.0,685.0,0
4.49,1720.0,1367.0,1035.0,1719.5,1367.5,1034.5,1000.0,0.0,1000.0,-9.625,0.5,-8.375,0.0,0.0,0.0,0.0,0.0,0.0,685.0,0
4.491,1720.0,1367.0,1035.0,1720.5,1367.5,1035.5,0.0,0.0,0.0,-10.625,0.5,-9.375,0.0,0.0,0.0,0.0,0.0,0.0,685.0,0
4.492,1720.0,1368.0,1035.0,1720.5,1367.5,1035.5,0.0,1000.0,0.0,-10.625,0.5,-9.375,0.0,0.0,0.0,0.0,0.0,0.0,685.0,0
4.493,1721.0,1368.0,1035.0,1720.5,1368.5,1035.5,1000.0,0.0,0.0,-9.375,0.5,-8.625,0.0,0.0,0.0,0.0,0.0,0.0,686.0,0
4.494,1721.0,1368.0,1036.0,1721.5,1368.5,1035.5,0.0,0.0,1000.0,-10.375,0.5,-8.625,0.0,0.0,0.0,0.0,0.0,0.0,685.0,0
4.495,1721.0,1369.0,1036.0,1721.5,1368.5,1036.5,0.0,1000.0,0.0,-10.375,0.5,-9.625,0.0,0.0,0.0,0.0,0.0,0.0,685.0,0
4.496,1722.0,1369.0,1036.0,1721.5,1369.5,1036.5,1000.0,0.0,0.0,-9.125,0.5,-8.875,0.0,0.0,0.0,0.0,0.0,0.0,686.0,0
4.497,1722.0,1369.0,1036.0,1722.5,1369.5,1036.5,0.0,0.0,0.0,-10.125,0.5,-8.875,0.0,0.0,0.0,0.0,0.0,0.0,686.0,0
4.498,1722.0,1370.0,1037.0,1722.5,1369.5,1036.5,0.0,1000.0,1000.0,-10.125,0.5,-8.875,0.0,0.0,0.0,0.0,0.0,0.0,685.0,0
4.499,1722.0,1370.0,1037.0,1722.5,1370.5,1037.5,0.0,0.0,0.0,-8.875,0.5,-9.125,0.0,0.0,0.0,0.0,0.0,0.0,685.0,0
4.5,1722.0,1370.0,1037.0,1722.5,1370.5,1037.5,0.0,0.0,0.0,-8.875,0.5,-9.125,0.0,0.0,0.0,0.0,0.0,0.0,685.0,0
4.501,1723.0,1370.0,1037.0,1722.5,1370.5,1037.5,1000.0,0.0,0.0,-8.875,0.5,-9.125,0.0,0.0,0.0,0.0,0.0,0.0,686.0,0
4.502,1723.0,1371.0,1038.0,1723.5,1370.5,1037.5,0.0,1000.0,1000.0,-9.875,0.5,-9.125,0.0,0.0,0.0,0.0,0.0,0.0,685.0,0
4.503,1724.0,1371.0,1038.0,1723.5,1371.5,1038.5,1000.0,0.0,0.0,-8.625,0.5,-9.375,0.0,0.0,0.0,0.0,0.0,0.0,686.0,0
4.5040000000000004,1725.0,1371.0,1038.0,1724.5,1371.5,1038.5,1000.0,0.0,0.0,-9.625,0.5,-9.375,0.0,0.0,0.0,0.0,0.0,0.0,687.0,0
4.505,1725.0,1372.0,1038.0,1725.5,1371.5,1038.5,0.0,1000.0,0.0,-10.625,0.5,-9.375,0.0,0.0,0.0,0.0,0.0,0.0,687.0,0
4.506,1726.0,1372.0,1039.0,1725.5,1372.5,1038.5,1000.0,0.0,1000.0,-9.375,0.5,-8.625,0.0,0.0,0.0,0.0,0.0,0.0,687.0,0
4.507,1727.0,1372.0,1039.0,1726.5,1372.5,1039.5,1000.0,0.0,0.0,-10.375,0.5,-9.625,0.0,0.0,0.0,0.0,0.0,0.0,688.0,0
4.508,1727.0,1373.0,1039.0,1727.5,1372.5,1039.5,0.0,1000.0,0.0,-11.375,0.5,-9.625,0.0,0.0,0.0,0.0,0.0,0.0,688.0,0
4.509,1727.0,1373.0,1039.0,1727.5,1373.5,1039.5,0.0,0.0,0.0,-10.125,0.5,-8.875,0.0,0.0,0.0,0.0,0.0,0.0,688.0,0
4.51,1727.0,1373.0,1039.0,1727.5,1373.5,1039.5,0.0,0.0,0.0,-10.125,0.5,-8.875,0.0,0.0,0.0,0.0,0.0,0.0,688.0,0
4.511,1727.0,1374.0,1040.0,1727.5,1373.5,1039.5,0.0,1000.0,1000.0,-10.125,0.5,-8.875,0.0,0.0,0.0,0.0,0.0,0.0,687.0,0
4.5120000000000005,1727.0,1374.0,1040.0,1727.5,1374.5,1040.5,0.0,0.0,0.0,-8.875,0.5,-9.125,0.0,0.0,0.0,0.0,0.0,0.0,687.0,0
4.513,1727.0,1374.0,1040.0,1727.5,1374.5,1040.5,0.0,0.0,0.0,-8.875,0.5,-9.125,0.0,0.0,0.0,0.0,0.0,0.0,687.0,0
4.514,1728.0,1375.0,1040.0,1727.5,1374.5,1040.5,1000.0,1000.0,0.0,-8.875,0.5,-9.125,0.0,0.0,0.0,0.0,0.0,0.0,688.0,0
4.515,1728.0,1375.0,1041.0,1728.5,1375.5,1040.5,0.0,0.0,1000.0,-8.625,0.5,-8.375,0.0,0.0,0.0,0.0,0.0,0.0,687.0,0
4.516,1729.0,1375.0,1041.0,1728.5,1375.5,1041.5,1000.0,0.0,0.0,-8.625,0.5,-9.375,0.0,0.0,0.0,0.0,0.0,0.0,688.0,0
4.517,1730.0,1376.0,1041.0,1729.5,1375.5,1041.5,1000.0,1000.0,0.0,-9.625,0.5,-9.375,0.0,0.0,0.0,0.0,0.0,0.0,689.0,0
4.518,1731.0,1376.0,1041.0,1730.5,1376.5,1041.5,1000.0,0.0,0.0,-9.375,0.5,-8.625,0.0,0.0,0.0,0.0,0.0,0.0,690.0,0
4.519,1731.0,1376.0,1042.0,1731.5,1376.5,1041.5,0.0,0.0,1000.0,-10.375,0.5,-8.625,0.0,0.0,0.0,0.0,0.0,0.0,689.0,0
4.5200000000000005,1731.0,1377.0,1042.0,1731.5,1376.5,1042.5,0.0,1000.0,0.0,-10.375,0.5,-9.625,0.0,0.0,0.0,0.0,0.0,0.0,689.0,0
4.521,1732.0,1377.0,1042.0,1731.5,1377.5,1042.5,1000.0,0.0,0.0,-9.125,0.5,-8.875,0.0,0.0,0.0,0.0,0.0,0.0,690.0,0
4.522,1732.0,1377.0,1042.0,1732.5,1377.5,1042.5,0.0,0.0,0.0,-10.125,0.5,-8.875,0.0,0.0,0.0,0.0,0.0,0.0,690.0,0
4.523,1732.0,1377.0,1043.0,1732.5,1377.5,1042.5,0.0,0.0,1000.0,-10.125,0.5,-8.875,0.0,0.0,0.0,0.0,0.0,0.0,689.0,0
4.524,1732.0,1378.0,1043.0,1732.5,1377.5,1043.5,0.0,1000.0,0.0,-10.125,0.5,-9.875,0.0,0.0,0.0,0.0,0.0,0.0,689.0,0
4.525,1732.0,1378.0,1043.0,1732.5,1378.5,1043.5,0.0,0.0,0.0,-8.875,0.5,-9.125,0.0,0.0,0.0,0.0,0.0,0.0,689.0,0
4.526,1732.0,1378.0,1043.0,1732.5,1378.5,1043.5,0.0,0.0,0.0,-8.875,0.5,-9.125,0.0,0.0,0.0,0.0,0.0,0.0,689.0,0
4.527,1733.0,1379.0,1044.0,1732.5,1378.5,1043.5,1000.0,1000.0,1000.0,-8.875,0.5,-9.125,0.0,0.0,0.0,0.0,0.0,0.0,689.0,0
4.5280000000000005,1733.0,1379.0,1044.0,1733.5,1379.5,1044.5,0.0,0.0,0.0,-8.625,0.5,-9.375,0.0,0.0,0.0,0.0,0.0,0.0,689.0,0
4.529,1734.0,1379.0,1044.0,1733.5,1379.5,1044.5,1000.0,0.0,0.0,-8.625,0.5,-9.375,0.0,0.0,0.0,0.0,0.0,0.0,690.0,0
4.53,1735.0,1380.0,1044.0,1734.5,1379.5,1044.5,1000.0,1000.0,0.0,-9.625,0.5,-9.375,0.0,0.0,0.0,0.0,0.0,0.0,691.0,0
4.531,1736.0,1380.0,1044.0,1735.5,1380.5,1044.5,1000.0,0.0,0.0,-9.375,0.5,-8.625,0.0,0.0,0.0,0.0,0.0,0.0,692.0,0
4.532,1736.0,1380.0,1045.0,1736.5,1380.5,1044.5,0.0,0.0,1000.0,-10.375,0.5,-8.625,0.0,0.0,0.0,0.0,0.0,0.0,691.0,0
4.533,1736.0,1381.0,1045.0,1736.5,1380.5,1045.5,0.0,1000.0,0.0,-10.375,0.5,-9.625,0.0,0.0,0.0,0.0,0.0,0.0,691.0,0
4.534,1737.0,1381.0,1045.0,1736.5,1381.5,1045.5,1000.0,0.0,0.0,-9.125,0.5,-8.875,0.0,0.0,0.0,0.0,0.0,0.0,692.0,0
4.535,1737.0,1381.0,1045.0,1737.5,1381.5,1045.5,0.0,0.0,0.0,-10.125,0.5,-8.875,0.0,0.0,0.0,0.0,0.0,0.0,692.0,0
4.5360000000000005,1737.0,1382.0,1046.0,1737.5,1381.5,1045.5,0.0,1000.0,1000.0,-10.125,0.5,-8.875,0.0,0.0,0.0,0.0,0.0,0.0,691.0,0
4.537,1738.0,1382.0,1046.0,1737.5,1382.5,1046.5,1000.0,0.0,0.0,-8.875,0.5,-9.125,0.0,0.0,0.0,0.0,0.0,0.0,692.0,0
4.538,1738.0,1382.0,1046.0,1738.5,1382.5,1046.5,0.0,0.0,0.0,-9.875,0.5,-9.125,0.0,0.0,0.0,0.0,0.0,0.0,692.0,0
4.539,1739.0,1383.0,1046.0,1738.5,1382.5,1046.5,1000.0,1000.0,0.0,-9.875,0.5,-9.125,0.0,0.0,0.0,0.0,0.0,0.0,693.0,0
4.54,1740.0,1383.0,1047.0,1739.5,1383.5,1046.5,1000.0,0.0,1000.0,-9.625,0.5,-8.375,0.0,0.0,0.0,0.0,0.0,0.0,693.0,0
4.541,1740.0,1383.0,1047.0,1740.5,1383.5,1047.5,0.0,0.0,0.0,-10.625,0.5,-9.375,0.0,0.0,0.0,0.0,0.0,0.0,693.0,0
4.542,1741.0,1383.0,1047.0,1740.5,1383.5,1047.5,1000.0,0.0,0.0,-10.625,0.5,-9.375,0.0,0.0,0.0,0.0,0.0,0.0,694.0,0
4.543,1741.0,1384.0,1047.0,1741.5,1383.5,1047.5,0.0,1000.0,0.0,-11.625,0.5,-9.375,0.0,0.0,0.0,0.0,0.0,0.0,694.0,0
4.5440000000000005,1741.0,1384.0,1048.0,1741.5,1384.5,1047.5,0.0,0.0,1000.0,-10.375,0.5,-8.625,0.0,0.0,0.0,0.0,0.0,0.0,693.0,0
4.545,1741.0,1384.0,1048.0,1741.5,1384.5,1048.5,0.0,0.0,0.0,-10.375,0.5,-9.625,0.0,0.0,0.0,0.0,0.0,0.0,693.0,0
4.546,1741.0,1385.0,1048.0,1741.5,1384.5,1048.5,0.0,1000.0,0.0,-10.375,0.5,-9.625,0.0,0.0,0.0,0.0,0.0,0.0,693.0,0
4.547,1741.0,1385.0,1048.0,1741.5,1385.5,1048.5,0.0,0.0,0.0,-9.125,0.5,-8.875,0.0,0.0,0.0,0.0,0.0,0.0,693.0,0
4.548,1741.0,1385.0,1049.0,1741.5,1385.5,1048.5,0.0,0.0,1000.0,-9.125,0.5,-8.875,0.0,0.0,0.0,0.0,0.0,0.0,692.0,0
4.549,1742.0,1386.0,1049.0,1741.5,1385.5,1049.5,1000.0,1000.0,0.0,-9.125,0.5,-9.875,0.0,0.0,0.0,0.0,0.0,0.0,693.0,0
4.55,1742.0,1386.0,1049.0,1742.5,1386.5,1049.5,0.0,0.0,0.0,-8.875,0.5,-9.125,0.0,0.0,0.0,0.0,0.0,0.0,693.0,0
4.551,1743.0,1386.0,1049.0,1742.5,1386.5,1049.5,1000.0,0.0,0.0,-8.875,0.5,-9.125,0.0,0.0,0.0,0.0,0.0,0.0,694.0,0
4.5520000000000005,1744.0,1387.0,1049.0,1743.5,1386.5,1049.5,1000.0,1000.0,0.0,-9.875,0.5,-9.125,0.0,0.0,0.0,0.0,0.0,0.0,695.0,0
4.553,1745.0,1387.0,1050.0,1744.5,1387.5,1049.5,1000.0,0.0,1000.0,-9.625,0.5,-8.375,0.0,0.0,0.0,0.0,0.0,0.0,695.0,0
4.554,1745.0,1387.0,1050.0,1745.5,1387.5,1050.5,0.0,0.0,0.0,-10.625,0.5,-9.375,0.0,0.0,0.0,0.0,0.0,0.0,695.0,0
4.555,1745.0,1388.0,1050.0,1745.5,1387.5,1050.5,0.0,1000.0,0.0,-10.625,0.5,-9.375,0.0,0.0,0.0,0.0,0.0,0.0,695.0,0
4.556,1746.0,1388.0,1050.0,1745.5,1388.5,1050.5,1000.0,0.0,0.0,-9.375,0.5,-8.625,0.0,0.0,0.0,0.0,0.0,0.0,696.0,0
4.557,1746.0,1388.0,1051.0,1746.5,1388.5,1050.5,0.0,0.0,1000.0,-10.375,0.5,-8.625,0.0,0.0,0.0,0.0,0.0,0.0,695.0,0
4.558,1746.0,1389.0,1051.0,1746.5,1388.5,1051.5,0.0,1000.0,0.0,-10.375,0.5,-9.625,0.0,0.0,0.0,0.0,0.0,0.0,695.0,0
4.559,1747.0,1389.0,1051.0,1746.5,1389.5,1051.5,1000.0,0.0,0.0,-9.125,0.5,-8.875,0.0,0.0,0.0,0.0,0.0,0.0,696.0,0
4.5600000000000005,1747.0,1389.0,1051.0,1747.5,1389.5,1051.5,0.0,0.0,0.0,-10.125,0.5,-8.875,0.0,0.0,0.0,0.0,0.0,0.0,696.0,0
4.561,1747.0,1390.0,1052.0,1747.5,1389.5,1051.5,0.0,1000.0,1000.0,-10.125,0.5,-8.875,0.0,0.0,0.0,0.0,0.0,0.0,695.0,0
4.562,1747.0,1390.0,1052.0,1747.5,1390.5,1052.5,0.0,0.0,0.0,-8.875,0.5,-9.125,0.0,0.0,0.0,0.0,0.0,0.0,695.0,0
4.563,1747.0,1390.0,1052.0,1747.5,1390.5,1052.5,0.0,0.0,0.0,-8.875,0.5,-9.125,0.0,0.0,0.0,0.0,0.0,0.0,695.0,0
4.564,1748.0,1390.0,1052.0,1747.5,1390.5,1052.5,1000.0,0.0,0.0,-8.875,0.5,-9.125,0.0,0.0,0.0,0.0,0.0,0.0,696.0,0
4.565,1748.0,1391.0,1053.0,1748.5,1390.5,1052.5,0.0,1000.0,1000.0,-9.875,0.5,-9.125,0.0,0.0,0.0,0.0,0.0,0.0,695.0,0
4.566,1749.0,1391.0,1053.0,1748.5,1391.5,1053.5,1000.0,0.0,0.0,-8.625,0.5,-9.375,0.0,0.0,0.0,0.0,0.0,0.0,696.0,0
4.567,1750.0,1391.0,1053.0,1749.5,1391.5,1053.5,1000.0,0.0,0.0,-9.625,0.5,-9.375,0.0,0.0,0.0,0.0,0.0,0.0,697.0,0
4.5680000000000005,1750.0,1392.0,1053.0,1750.5,1391.5,1053.5,0.0,1000.0,0.0,-10.625,0.5,-9.375,0.0,0.0,0.0,0.0,0.0,0.0,697.0,0
4.569,1751.0,1392.0,1054.0,1750.5,1392.5,1053.5,1000.0,0.0,1000.0,-9.375,0.5,-8.625,0.0,0.0,0.0,0.0,0.0,0.0,697.0,0
4.57,1752.0,1392.0,1054.0,1751.5,1392.5,1054.5,1000.0,0.0,0.0,-10.375,0.5,-9.625,0.0,0.0,0.0,0.0,0.0,0.0,698.0,0
4.571,1752.0,1393.0,1054.0,1752.5,1392.5,1054.5,0.0,1000.0,0.0,-11.375,0.5,-9.625,0.0,0.0,0.0,0.0,0.0,0.0,698.0,0
4.572,1752.0,1393.0,1054.0,1752.5,1393.5,1054.5,0.0,0.0,0.0,-10.125,0.5,-8.875,0.0,0.0,0.0,0.0,0.0,0.0,698.0,0
4.573,1752.0,1393.0,1054.0,1752.5,1393.5,1054.5,0.0,0.0,0.0,-10.125,0.5,-8.875,0.0,0.0,0.0,0.0,0.0,0.0,698.0,0
4.574,1752.0,1394.0,1055.0,1752.5,1393.5,1054.5,0.0,1000.0,1000.0,-10.125,0.5,-8.875,0.0,0.0,0.0,0.0,0.0,0.0,697.0,0
4.575,1752.0,1394.0,1055.0,1752.5,1394.5,1055.5,0.0,0.0,0.0,-8.875,0.5,-9.125,0.0,0.0,0.0,0.0,0.0,0.0,697.0,0
4.5760000000000005,1752.0,1394.0,1055.0,1752.5,1394.5,1055.5,0.0,0.0,0.0,-8.875,0.5,-9.125,0.0,0.0,0.0,0.0,0.0,0.0,697.0,0
4.577,1753.0,1395.0,1055.0,1752.5,1394.5,1055.5,1000.0,1000.0,0.0,-8.875,0.5,-9.125,0.0,0.0,0.0,0.0,0.0,0.0,698.0,0
4.578,1753.0,1395.0,1056.0,1753.5,1395.5,1055.5,0.0,0.0,1000.0,-8.625,0.5,-8.375,0.0,0.0,0.0,0.0,0.0,0.0,697.0,0
4.579,1754.0,1395.0,1056.0,1753.5,1395.5,1056.5,1000.0,0.0,0.0,-8.625,0.5,-9.375,0.0,0.0,0.0,0.0,0.0,0.0,698.0,0
4.58,1755.0,1396.0,1056.0,1754.5,1395.5,1056.5,1000.0,1000.0,0.0,-9.625,0.5,-9.375,0.0,0.0,0.0,0.0,0.0,0.0,699.0,0
4.581,1756.0,1396.0,1056.0,1755.5,1396.5,1056.5,1000.0,0.0,0.0,-9.375,0.5,-8.625,0.0,0.0,0.0,0.0,0.0,0.0,700.0,0
4.582,1756.0,1396.0,1057.0,1756.5,1396.5,1056.5,0.0,0.0,1000.0,-10.375,0.5,-8.625,0.0,0.0,0.0,0.0,0.0,0.0,699.0,0
4.583,1756.0,1396.0,1057.0,1756.5,1396.5,1057.5,0.0,0.0,0.0,-10.375,0.5,-9.625,0.0,0.0,0.0,0.0,0.0,0.0,699.0,0
4.5840000000000005,1757.0,1397.0,1057.0,1756.5,1396.5,1057.5,1000.0,1000.0,0.0,-10.375,0.5,-9.625,0.0,0.0,0.0,0.0,0.0,0.0,700.0,0
4.585,1757.0,1397.0,1057.0,1757.5,1397.5,1057.5,0.0,0.0,0.0,-10.125,0.5,-8.875,0.0,0.0,0.0,0.0,0.0,0.0,700.0,0
4.586,1757.0,1397.0,1058.0,1757.5,1397.5,1057.5,0.0,0.0,1000.0,-10.125,0.5,-8.875,0.0,0.0,0.0,0.0,0.0,0.0,699.0,0
4.587,1757.0,1398.0,1058.0,1757.5,1397.5,1058.5,0.0,1000.0,0.0,-10.125,0.5,-9.875,0.0,0.0,0.0,0.0,0.0,0.0,699.0,0
4.588,1757.0,1398.0,1058.0,1757.5,1398.5,1058.5,0.0,0.0,0.0,-8.875,0.5,-9.125,0.0,0.0,0.0,0.0,0.0,0.0,699.0,0
4.589,1757.0,1398.0,1058.0,1757.5,1398.5,1058.5,0.0,0.0,0.0,-8.875,0.5,-9.125,0.0,0.0,0.0,0.0,0.0,0.0,699.0,0
4.59,1758.0,1399.0,1059.0,1757.5,1398.5,1058.5,1000.0,1000.0,1000.0,-8.875,0.5,-9.125,0.0,0.0,0.0,0.0,0.0,0.0,699.0,0
4.591,1758.0,1399.0,1059.0,1758.5,1399.5,1059.5,0.0,0.0,0.0,-8.625,0.5,-9.375,0.0,0.0,0.0,0.0,0.0,0.0,699.0,0
4.5920000000000005,1759.0,1399.0,1059.0,1758.5,1399.5,1059.5,1000.0,0.0,0.0,-8.625,0.5,-9.375,0.0,0.0,0.0,0.0,0.0,0.0,700.0,0
4.593,1760.0,1400.0,1059.0,1759.5,1399.5,1059.5,1000.0,1000.0,0.0,-9.625,0.5,-9.375,0.0,0.0,0.0,0.0,0.0,0.0,701.0,0
4.594,1761.0,1400.0,1059.0,1760.5,1400.5,1059.5,1000.0,0.0,0.0,-9.375,0.5,-8.625,0.0,0.0,0.0,0.0,0.0,0.0,702.0,0
4.595,1761.0,1400.0,1060.0,1761.5,1400.5,1059.5,0.0,0.0,1000.0,-10.375,0.5,-8.625,0.0,0.0,0.0,0.0,0.0,0.0,701.0,0
4.596,1761.0,1401.0,1060.0,1761.5,1400.5,1060.5,0.0,1000.0,0.0,-10.375,0.5,-9.625,0.0,0.0,0.0,0.0,0.0,0.0,701.0,0
4.597,1762.0,1401.0,1060.0,1761.5,1401.5,1060.5,1000.0,0.0,0.0,-9.125,0.5,-8.875,0.0,0.0,0.0,0.0,0.0,0.0,702.0,0
4.598,1762.0,1401.0,1060.0,1762.5,1401.5,1060.5,0.0,0.0,0.0,-10.125,0.5,-8.875,0.0,0.0,0.0,0.0,0.0,0.0,702.0,0
4.599,1762.0,1402.0,1061.0,1762.5,1401.5,1060.5,0.0,1000.0,1000.0,-10.125,0.5,-8.875,0.0,0.0,0.0,0.0,0.0,0.0,701.0,0
4.6000000000000005,1763.0,1402.0,1061.0,1762.5,1402.5,1061.5,1000.0,0.0,0.0,-8.875,0.5,-9.125,0.0,0.0,0.0,0.0,0.0,0.0,702.0,0
4.601,1763.0,1402.0,1061.0,1763.5,1402.5,1061.5,0.0,0.0,0.0,-9.875,0.5,-9.125,0.0,0.0,0.0,0.0,0.0,0.0,702.0,0
4.602,1764.0,1403.0,1061.0,1763.5,1402.5,1061.5,1000.0,1000.0,0.0,-9.875,0.5,-9.125,0.0,0.0,0.0,0.0,0.0,0.0,703.0,0
4.603,1765.0,1403.0,1062.0,1764.5,1403.5,1061.5,1000.0,0.0,1000.0,-9.625,0.5,-8.375,0.0,0.0,0.0,0.0,0.0,0.0,703.0,0
4.604,1765.0,1403.0,1062.0,1765.5,1403.5,1062.5,0.0,0.0,0.0,-10.625,0.5,-9.375,0.0,0.0,0.0,0.0,0.0,0.0,703.0,0
4.605,1766.0,1403.0,1062.0,1765.5,1403.5,1062.5,1000.0,0.0,0.0,-10.625,0.5,-9.375,0.0,0.0,0.0,0.0,0.0,0.0,704.0,0
4.606,1766.0,1404.0,1062.0,1766.5,1403.5,1062.5,0.0,1000.0,0.0,-11.625,0.5,-9.375,0.0,0.0,0.0,0.0,0.0,0.0,704.0,0
4.607,1766.0,1404.0,1063.0,1766.5,1404.5,1062.5,0.0,0.0,1000.0,-10.375,0.5,-8.625,0.0,0.0,0.0,0.0,0.0,0.0,703.0,0
4.6080000000000005,1766.0,1404.0,1063.0,1766.5,1404.5,1063.5,0.0,0.0,0.0,-10.375,0.5,-9.625,0.0,0.0,0.0,0.0,0.0,0.0,703.0,0
4.609,1766.0,1405.0,1063.0,1766.5,1404.5,1063.5,0.0,1000.0,0.0,-10.375,0.5,-9.625,0.0,0.0,0.0,0.0,0.0,0.0,703.0,0
4.61,1766.0,1405.0,1063.0,1766.5,1405.5,1063.5,0.0,0.0,0.0,-9.125,0.5,-8.875,0.0,0.0,0.0,0.0,0.0,0.0,703.0,0
4.611,1766.0,1405.0,1064.0,1766.5,1405.5,1063.5,0.0,0.0,1000.0,-9.125,0.5,-8.875,0.0,0.0,0.0,0.0,0.0,0.0,702.0,0
4.612,1767.0,1406.0,1064.0,1766.5,1405.5,1064.5,1000.0,1000.0,0.0,-9.125,0.5,-9.875,0.0,0.0,0.0,0.0,0.0,0.0,703.0,0
4.613,1767.0,1406.0,1064.0,1767.5,1406.5,1064.5,0.0,0.0,0.0,-8.875,0.5,-9.125,0.0,0.0,0.0,0.0,0.0,0.0,703.0,0
4.614,1768.0,1406.0,1064.0,1767.5,1406.5,1064.5,1000.0,0.0,0.0,-8.875,0.5,-9.125,0.0,0.0,0.0,0.0,0.0,0.0,704.0,0
4.615,1769.0,1407.0,1064.0,1768.5,1406.5,1064.5,1000.0,1000.0,0.0,-9.875,0.5,-9.125,0.0,0.0,0.0,0.0,0.0,0.0,705.0,0
4.616,1770.0,1407.0,1065.0,1769.5,1407.5,1064.5,1000.0,0.0,1000.0,-9.625,0.5,-8.375,0.0,0.0,0.0,0.0,0.0,0.0,705.0,0
4.617,1770.0,1407.0,1065.0,1770.5,1407.5,1065.5,0.0,0.0,0.0,-10.625,0.5,-9.375,0.0,0.0,0.0,0.0,0.0,0.0,705.0,0
4.618,1770.0,1408.0,1065.0,1770.5,1407.5,1065.5,0.0,1000.0,0.0,-10.625,0.5,-9.375,0.0,0.0,0.0,0.0,0.0,0.0,705.0,0
4.619,1771.0,1408.0,1065.0,1770.5,1408.5,1065.5,1000.0,0.0,0.0,-9.375,0.5,-8.625,0.0,0.0,0.0,0.0,0.0,0.0,706.0,0
4.62,1771.0,1408.0,1066.0,1771.5,1408.5,1065.5,0.0,0.0,1000.0,-10.375,0.5,-8.625,0.0,0.0,0.0,0.0,0.0,0.0,705.0,0
4.621,1771.0,1409.0,1066.0,1771.5,1408.5,1066.5,0.0,1000.0,0.0,-10.375,0.5,-9.625,0.0,0.0,0.0,0.0,0.0,0.0,705.0,0
4.622,1772.0,1409.0,1066.0,1771.5,1409.5,1066.5,1000.0,0.0,0.0,-9.125,0.5,-8.875,0.0,0.0,0.0,0.0,0.0,0.0,706.0,0
4.623,1772.0,1409.0,1066.0,1772.5,1409.5,1066.5,0.0,0.0,0.0,-10.125,0.5,-8.875,0.0,0.0,0.0,0.0,0.0,0.0,706.0,0
4.624,1772.0,1410.0,1067.0,1772.5,1409.5,1066.5,0.0,1000.0,1000.0,-10.125,0.5,-8.875,0.0,0.0,0.0,0.0,0.0,0.0,705.0,0
4.625,1772.0,1410.0,1067.0,1772.5,1410.5,1067.5,0.0,0.0,0.0,-8.875,0.5,-9.125,0.0,0.0,0.0,0.0,0.0,0.0,705.0,0
4.626,1772.0,1410.0,1067.0,1772.5,1410.5,1067.5,0.0,0.0,0.0,-8.875,0.5,-9.125,0.0,0.0,0.0,0.0,0.0,0.0,705.0,0
4.627,1773.0,1410.0,1067.0,1772.5,1410.5,1067.5,1000.0,0.0,0.0,-8.875,0.5,-9.125,0.0,0.0,0.0,0.0,0.0,0.0,706.0,0
4.628,1773.0,1411.0,1068.0,1773.5,1410.5,1067.5,0.0,1000.0,1000.0,-9.875,0.5,-9.125,0.0,0.0,0.0,0.0,0.0,0.0,705.0,0
4.6290000000000004,1774.0,1411.0,1068.0,1773.5,1411.5,1068.5,1000.0,0.0,0.0,-8.625,0.5,-9.375,0.0,0.0,0.0,0.0,0.0,0.0,706.0,0
4.63,1775.0,1411.0,1068.0,1774.5,1411.5,1068.5,1000.0,0.0,0.0,-9.625,0.5,-9.375,0.0,0.0,0.0,0.0,0.0,0.0,707.0,0
4.631,1775.0,1412.0,1068.0,1775.5,1411.5,1068.5,0.0,1000.0,0.0,-10.625,0.5,-9.375,0.0,0.0,0.0,0.0,0.0,0.0,707.0,0
4.632,1776.0,1412.0,1069.0,1775.5,1412.5,1068.5,1000.0,0.0,1000.0,-9.375,0.5,-8.625,0.0,0.0,0.0,0.0,0.0,0.0,707.0,0
4.633,1777.0,1412.0,1069.0,1776.5,1412.5,1069.5,1000.0,0.0,0.0,-10.375,0.5,-9.625,0.0,0.0,0.0,0.0,0.0,0.0,708.0,0
4.634,1777.0,1413.0,1069.0,1777.5,1412.5,1069.5,0.0,1000.0,0.0,-11.375,0.5,-9.625,0.0,0.0,0.0,0.0,0.0,0.0,708.0,0
4.635,1777.0,1413.0,1069.0,1777.5,1413.5,1069.5,0.0,0.0,0.0,-10.125,0.5,-8.875,0.0,0.0,0.0,0.0,0.0,0.0,708.0,0
4.636,1777.0,1413.0,1069.0,1777.5,1413.5,1069.5,0.0,0.0,0.0,-10.125,0.5,-8.875,0.0,0.0,0.0,0.0,0.0,0.0,708.0,0
4.6370000000000005,1777.0,1414.0,1070.0,1777.5,1413.5,1069.5,0.0,1000.0,1000.0,-10.125,0.5,-8.875,0.0,0.0,0.0,0.0,0.0,0.0,707.0,0
4.638,1777.0,1414.0,1070.0,1777.5,1414.5,1070.5,0.0,0.0,0.0,-8.875,0.5,-9.125,0.0,0.0,0.0,0.0,0.0,0.0,707.0,0
4.639,1777.0,1414.0,1070.0,1777.5,1414.5,1070.5,0.0,0.0,0.0,-8.875,0.5,-9.125,0.0,0.0,0.0,0.0,0.0,0.0,707.0,0
4.64,1778.0,1415.0,1070.0,1777.5,1414.5,1070.5,1000.0,1000.0,0.0,-8.875,0.5,-9.125,0.0,0.0,0.0,0.0,0.0,0.0,708.0,0
4.641,1778.0,1415.0,1071.0,1778.5,1415.5,1070.5,0.0,0.0,1000.0,-8.625,0.5,-8.375,0.0,0.0,0.0,0.0,0.0,0.0,707.0,0
4.642,1779.0,1415.0,1071.0,1778.5,1415.5,1071.5,1000.0,0.0,0.0,-8.625,0.5,-9.375,0.0,0.0,0.0,0.0,0.0,0.0,708.0,0
4.643,1780.0,1416.0,1071.0,1779.5,1415.5,1071.5,1000.0,1000.0,0.0,-9.625,0.5,-9.375,0.0,0.0,0.0,0.0,0.0,0.0,709.0,0
4.644,1781.0,1416.0,1071.0,1780.5,1416.5,1071.5,1000.0,0.0,0.0,-9.375,0.5,-8.625,0.0,0.0,0.0,0.0,0.0,0.0,710.0,0
4.6450000000000005,1781.0,1416.0,1072.0,1781.5,1416.5,1071.5,0.0,0.0,1000.0,-10.375,0.5,-8.625,0.0,0.0,0.0,0.0,0.0,0.0,709.0,0
4.646,1781.0,1416.0,1072.0,1781.5,1416.5,1072.5,0.0,0.0,0.0,-10.375,0.5,-9.625,0.0,0.0,0.0,0.0,0.0,0.0,709.0,0
4.647,1782.0,1417.0,1072.0,1781.5,1416.5,1072.5,1000.0,1000.0,0.0,-10.375,0.5,-9.625,0.0,0.0,0.0,0.0,0.0,0.0,710.0,0
4.648,1782.0,1417.0,1072.0,1782.5,1417.5,1072.5,0.0,0.0,0.0,-10.125,0.5,-8.875,0.0,0.0,0.0,0.0,0.0,0.0,710.0,0
4.649,1782.0,1417.0,1073.0,1782.5,1417.5,1072.5,0.0,0.0,1000.0,-10.125,0.5,-8.875,0.0,0.0,0.0,0.0,0.0,0.0,709.0,0
4.65,1782.0,1418.0,1073.0,1782.5,1417.5,1073.5,0.0,1000.0,0.0,-10.125,0.5,-9.875,0.0,0.0,0.0,0.0,0.0,0.0,709.0,0
4.651,1782.0,1418.0,1073.0,1782.5,1418.5,1073.5,0.0,0.0,0.0,-8.875,0.5,-9.125,0.0,0.0,0.0,0.0,0.0,0.0,709.0,0
4.652,1782.0,1418.0,1073.0,1782.5,1418.5,1073.5,0.0,0.0,0.0,-8.875,0.5,-9.125,0.0,0.0,0.0,0.0,0.0,0.0,709.0,0
4.6530000000000005,1783.0,1419.0,1074.0,1782.5,1418.5,1073.5,1000.0,1000.0,1000.0,-8.875,0.5,-9.125,0.0,0.0,0.0,0.0,0.0,0.0,709.0,0
4.654,1783.0,1419.0,1074.0,1783.5,1419.5,1074.5,0.0,0.0,0.0,-8.625,0.5,-9.375,0.0,0.0,0.0,0.0,0.0,0.0,709.0,0
4.655,1784.0,1419.0,1074.0,1783.5,1419.5,1074.5,1000.0,0.0,0.0,-8.625,0.5,-9.375,0.0,0.0,0.0,0.0,0.0,0.0,710.0,0
4.656,1785.0,1420.0,1074.0,1784.5,1419.5,1074.5,1000.0,1000.0,0.0,-9.625,0.5,-9.375,0.0,0.0,0.0,0.0,0.0,0.0,711.0,0
4.657,1786.0,1420.0,1074.0,1785.5,1420.5,1074.5,1000.0,0.0,0.0,-9.375,0.5,-8.625,0.0,0.0,0.0,0.0,0.0,0.0,712.0,0
4.658,1786.0,1420.0,1075.0,1786.5,1420.5,1074.5,0.0,0.0,1000.0,-10.375,0.5,-8.625,0.0,0.0,0.0,0.0,0.0,0.0,711.0,0
4.659,1786.0,1421.0,1075.0,1786.5,1420.5,1075.5,0.0,1000.0,0.0,-10.375,0.5,-9.625,0.0,0.0,0.0,0.0,0.0,0.0,711.0,0
4.66,1787.0,1421.0,1075.0,1786.5,1421.5,1075.5,1000.0,0.0,0.0,-9.125,0.5,-8.875,0.0,0.0,0.0,0.0,0.0,0.0,712.0,0
4.6610000000000005,1787.0,1421.0,1075.0,1787.5,1421.5,1075.5,0.0,0.0,0.0,-10.125,0.5,-8.875,0.0,0.0,0.0,0.0,0.0,0.0,712.0,0
4.662,1787.0,1422.0,1076.0,1787.5,1421.5,1075.5,0.0,1000.0,1000.0,-10.125,0.5,-8.875,0.0,0.0,0.0,0.0,0.0,0.0,711.0,0
4.663,1788.0,1422.0,1076.0,1787.5,1422.5,1076.5,1000.0,0.0,0.0,-8.875,0.5,-9.125,0.0,0.0,0.0,0.0,0.0,0.0,712.0,0
4.664,1788.0,1422.0,1076.0,1788.5,1422.5,1076.5,0.0,0.0,0.0,-9.875,0.5,-9.125,0.0,0.0,0.0,0.0,0.0,0.0,712.0,0
4.665,1789.0,1423.0,1076.0,1788.5,1422.5,1076.5,1000.0,1000.0,0.0,-9.875,0.5,-9.125,0.0,0.0,0.0,0.0,0.0,0.0,713.0,0
4.666,1790.0,1423.0,1077.0,1789.5,1423.5,1076.5,1000.0,0.0,1000.0,-9.625,0.5,-8.375,0.0,0.0,0.0,0.0,0.0,0.0,713.0,0
4.667,1790.0,1423.0,1077.0,1790.5,1423.5,1077.5,0.0,0.0,0.0,-10.625,0.5,-9.375,0.0,0.0,0.0,0.0,0.0,0.0,713.0,0
4.668,1791.0,1423.0,1077.0,1790.5,1423.5,1077.5,1000.0,0.0,0.0,-10.625,0.5,-9.375,0.0,0.0,0.0,0.0,0.0,0.0,714.0,0
4.6690000000000005,1791.0,1424.0,1077.0,1791.5,1423.5,1077.5,0.0,1000.0,0.0,-11.625,0.5,-9.375,0.0,0.0,0.0,0.0,0.0,0.0,714.0,0
4.67,1791.0,1424.0,1078.0,1791.5,1424.5,1077.5,0.0,0.0,1000.0,-10.375,0.5,-8.625,0.0,0.0,0.0,0.0,0.0,0.0,713.0,0
4.671,1791.0,1424.0,1078.0,1791.5,1424.5,1078.5,0.0,0.0,0.0,-10.375,0.5,-9.625,0.0,0.0,0.0,0.0,0.0,0.0,713.0,0
4.672,1791.0,1425.0,1078.0,1791.5,1424.5,1078.5,0.0,1000.0,0.0,-10.375,0.5,-9.625,0.0,0.0,0.0,0.0,0.0,0.0,713.0,0
4.673,1791.0,1425.0,1078.0,1791.5,1425.5,1078.5,0.0,0.0,0.0,-9.125,0.5,-8.875,0.0,0.0,0.0,0.0,0.0,0.0,713.0,0
4.674,1791.0,1425.0,1079.0,1791.5,1425.5,1078.5,0.0,0.0,1000.0,-9.125,0.5,-8.875,0.0,0.0,0.0,0.0,0.0,0.0,712.0,0
4.675,1792.0,1426.0,1079.0,1791.5,1425.5,1079.5,1000.0,1000.0,0.0,-9.125,0.5,-9.875,0.0,0.0,0.0,0.0,0.0,0.0,713.0,0
4.676,1792.0,1426.0,1079.0,1792.5,1426.5,1079.5,0.0,0.0,0.0,-8.875,0.5,-9.125,0.0,0.0,0.0,0.0,0.0,0.0,713.0,0
4.6770000000000005,1793.0,1426.0,1079.0,1792.5,1426.5,1079.5,1000.0,0.0,0.0,-8.875,0.5,-9.125,0.0,0.0,0.0,0.0,0.0,0.0,714.0,0
4.678,1794.0,1427.0,1079.0,1793.5,1426.5,1079.5,1000.0,1000.0,0.0,-9.875,0.5,-9.125,0.0,0.0,0.0,0.0,0.0,0.0,715.0,0
4.679,1795.0,1427.0,1080.0,1794.5,1427.5,1079.5,1000.0,0.0,1000.0,-9.625,0.5,-8.375,0.0,0.0,0.0,0.0,0.0,0.0,715.0,0
4.68,1795.0,1427.0,1080.0,1795.5,1427.5,1080.5,0.0,0.0,0.0,-10.625,0.5,-9.375,0.0,0.0,0.0,0.0,0.0,0.0,715.0,0
4.681,1795.0,1428.0,1080.0,1795.5,1427.5,1080.5,0.0,1000.0,0.0,-10.625,0.5,-9.375,0.0,0.0,0.0,0.0,0.0,0.0,715.0,0
4.682,1796.0,1428.0,1080.0,1795.5,1428.5,1080.5,1000.0,0.0,0.0,-9.375,0.5,-8.625,0.0,0.0,0.0,0.0,0.0,0.0,716.0,0
4.683,1796.0,1428.0,1081.0,1796.5,1428.5,1080.5,0.0,0.0,1000.0,-10.375,0.5,-8.625,0.0,0.0,0.0,0.0,0.0,0.0,715.0,0
4.684,1796.0,1429.0,1081.0,1796.5,1428.5,1081.5,0.0,1000.0,0.0,-10.375,0.5,-9.625,0.0,0.0,0.0,0.0,0.0,0.0,715.0,0
4.6850000000000005,1797.0,1429.0,1081.0,1796.5,1429.5,1081.5,1000.0,0.0,0.0,-9.125,0.5,-8.875,0.0,0.0,0.0,0.0,0.0,0.0,716.0,0
4.686,1797.0,1429.0,1081.0,1797.5,1429.5,1081.5,0.0,0.0,0.0,-10.125,0.5,-8.875,0.0,0.0,0.0,0.0,0.0,0.0,716.0,0
4.687,1797.0,1429.0,1082.0,1797.5,1429.5,1081.5,0.0,0.0,1000.0,-10.125,0.5,-8.875,0.0,0.0,0.0,0.0,0.0,0.0,715.0,0
4.688,1797.0,1430.0,1082.0,1797.5,1429.5,1082.5,0.0,1000.0,0.0,-10.125,0.5,-9.875,0.0,0.0,0.0,0.0,0.0,0.0,715.0,0
4.689,1797.0,1430.0,1082.0,1797.5,1430.5,1082.5,0.0,0.0,0.0,-8.875,0.5,-9.125,0.0,0.0,0.0,0.0,0.0,0.0,715.0,0
4.69,1797.0,1430.0,1082.0,1797.5,1430.5,1082.5,0.0,0.0,0.0,-8.875,0.5,-9.125,0.0,0.0,0.0,0.0,0.0,0.0,715.0,0
4.691,1798.0,1431.0,1083.0,1797.5,1430.5,1082.5,1000.0,1000.0,1000.0,-8.875,0.5,-9.125,0.0,0.0,0.0,0.0,0.0,0.0,715.0,0
4.692,1798.0,1431.0,1083.0,1798.5,1431.5,1083.5,0.0,0.0,0.0,-8.625,0.5,-9.375,0.0,0.0,0.0,0.0,0.0,0.0,715.0,0
4.6930000000000005,1799.0,1431.0,1083.0,1798.5,1431.5,1083.5,1000.0,0.0,0.0,-8.625,0.5,-9.375,0.0,0.0,0.0,0.0,0.0,0.0,716.0,0
4.694,1800.0,1432.0,1083.0,1799.5,1431.5,1083.5,1000.0,1000.0,0.0,-9.625,0.5,-9.375,0.0,0.0,0.0,0.0,0.0,0.0,717.0,0
4.695,1801.0,1432.0,1084.0,1800.5,1432.5,1083.5,1000.0,0.0,1000.0,-9.375,0.5,-8.625,0.0,0.0,0.0,0.0,0.0,0.0,717.0,0
4.696,1801.0,1432.0,1084.0,1801.5,1432.5,1084.5,0.0,0.0,0.0,-10.375,0.5,-9.625,0.0,0.0,0.0,0.0,0.0,0.0,717.0,0
4.697,1801.0,1433.0,1084.0,1801.5,1432.5,1084.5,0.0,1000.0,0.0,-10.375,0.5,-9.625,0.0,0.0,0.0,0.0,0.0,0.0,717.0,0
4.698,1802.0,1433.0,1084.0,1801.5,1433.5,1084.5,1000.0,0.0,0.0,-9.125,0.5,-8.875,0.0,0.0,0.0,0.0,0.0,0.0,718.0,0
4.699,1802.0,1433.0,1084.0,1802.5,1433.5,1084.5,0.0,0.0,0.0,-10.125,0.5,-8.875,0.0,0.0,0.0,0.0,0.0,0.0,718.0,0
4.7,1802.0,1434.0,1085.0,1802.5,1433.5,1084.5,0.0,1000.0,1000.0,-10.125,0.5,-8.875,0.0,0.0,0.0,0.0,0.0,0.0,717.0,0
4.7010000000000005,1803.0,1434.0,1085.0,1802.5,1434.5,1085.5,1000.0,0.0,0.0,-8.875,0.5,-9.125,0.0,0.0,0.0,0.0,0.0,0.0,718.0,0
4.702,1803.0,1434.0,1085.0,1803.5,1434.5,1085.5,0.0,0.0,0.0,-9.875,0.5,-9.125,0.0,0.0,0.0,0.0,0.0,0.0,718.0,0
4.703,1804.0,1435.0,1085.0,1803.5,1434.5,1085.5,1000.0,1000.0,0.0,-9.875,0.5,-9.125,0.0,0.0,0.0,0.0,0.0,0.0,719.0,0
4.704,1805.0,1435.0,1086.0,1804.5,1435.5,1085.5,1000.0,0.0,1000.0,-9.625,0.5,-8.375,0.0,0.0,0.0,0.0,0.0,0.0,719.0,0
4.705,1805.0,1435.0,1086.0,1805.5,1435.5,1086.5,0.0,0.0,0.0,-10.625,0.5,-9.375,0.0,0.0,0.0,0.0,0.0,0.0,719.0,0
4.706,1806.0,1436.0,1086.0,1805.5,1435.5,1086.5,1000.0,1000.0,0.0,-10.625,0.5,-9.375,0.0,0.0,0.0,0.0,0.0,0.0,720.0,0
4.707,1806.0,1436.0,1086.0,1806.5,1436.5,1086.5,0.0,0.0,0.0,-10.375,0.5,-8.625,0.0,0.0,0.0,0.0,0.0,0.0,720.0,0
4.708,1806.0,1436.0,1087.0,1806.5,1436.5,1086.5,0.0,0.0,1000.0,-10.375,0.5,-8.625,0.0,0.0,0.0,0.0,0.0,0.0,719.0,0
4.7090000000000005,1806.0,1436.0,1087.0,1806.5,1436.5,1087.5,0.0,0.0,0.0,-10.375,0.5,-9.625,0.0,0.0,0.0,0.0,0.0,0.0,719.0,0
4.71,1806.0,1437.0,1087.0,1806.5,1436.5,1087.5,0.0,1000.0,0.0,-10.375,0.5,-9.625,0.0,0.0,0.0,0.0,0.0,0.0,719.0,0
4.711,1806.0,1437.0,1087.0,1806.5,1437.5,1087.5,0.0,0.0,0.0,-9.125,0.5,-8.875,0.0,0.0,0.0,0.0,0.0,0.0,719.0,0
4.712,1806.0,1437.0,1088.0,1806.5,1437.5,1087.5,0.0,0.0,1000.0,-9.125,0.5,-8.875,0.0,0.0,0.0,0.0,0.0,0.0,718.0,0
4.713,1807.0,1438.0,1088.0,1806.5,1437.5,1088.5,1000.0,1000.0,0.0,-9.125,0.5,-9.875,0.0,0.0,0.0,0.0,0.0,0.0,719.0,0
4.714,1807.0,1438.0,1088.0,1807.5,1438.5,1088.5,0.0,0.0,0.0,-8.875,0.5,-9.125,0.0,0.0,0.0,0.0,0.0,0.0,719.0,0
4.715,1808.0,1438.0,1088.0,1807.5,1438.5,1088.5,1000.0,0.0,0.0,-8.875,0.5,-9.125,0.0,0.0,0.0,0.0,0.0,0.0,720.0,0
4.716,1809.0,1439.0,1089.0,1808.5,1438.5,1088.5,1000.0,1000.0,1000.0,-9.875,0.5,-9.125,0.0,0.0,0.0,0.0,0.0,0.0,720.0,0
4.7170000000000005,1810.0,1439.0,1089.0,1809.5,1439.5,1089.5,1000.0,0.0,0.0,-9.625,0.5,-9.375,0.0,0.0,0.0,0.0,0.0,0.0,721.0,0
4.718,1810.0,1439.0,1089.0,1810.5,1439.5,1089.5,0.0,0.0,0.0,-10.625,0.5,-9.375,0.0,0.0,0.0,0.0,0.0,0.0,721.0,0
4.719,1810.0,1440.0,1089.0,1810.5,1439.5,1089.5,0.0,1000.0,0.0,-10.625,0.5,-9.375,0.0,0.0,0.0,0.0,0.0,0.0,721.0,0
4.72,1811.0,1440.0,1089.0,1810.5,1440.5,1089.5,1000.0,0.0,0.0,-9.375,0.5,-8.625,0.0,0.0,0.0,0.0,0.0,0.0,722.0,0
4.721,1811.0,1440.0,1090.0,1811.5,1440.5,1089.5,0.0,0.0,1000.0,-10.375,0.5,-8.625,0.0,0.0,0.0,0.0,0.0,0.0,721.0,0
4.722,1811.0,1441.0,1090.0,1811.5,1440.5,1090.5,0.0,1000.0,0.0,-10.375,0.5,-9.625,0.0,0.0,0.0,0.0,0.0,0.0,721.0,0
4.723,1812.0,1441.0,1090.0,1811.5,1441.5,1090.5,1000.0,0.0,0.0,-9.125,0.5,-8.875,0.0,0.0,0.0,0.0,0.0,0.0,722.0,0
4.724,1812.0,1441.0,1090.0,1812.5,1441.5,1090.5,0.0,0.0,0.0,-10.125,0.5,-8.875,0.0,0.0,0.0,0.0,0.0,0.0,722.0,0
4.7250000000000005,1812.0,1442.0,1091.0,1812.5,1441.5,1090.5,0.0,1000.0,1000.0,-10.125,0.5,-8.875,0.0,0.0,0.0,0.0,0.0,0.0,721.0,0
4.726,1812.0,1442.0,1091.0,1812.5,1442.5,1091.5,0.0,0.0,0.0,-8.875,0.5,-9.125,0.0,0.0,0.0,0.0,0.0,0.0,721.0,0
4.727,1812.0,1442.0,1091.0,1812.5,1442.5,1091.5,0.0,0.0,0.0,-8.875,0.5,-9.125,0.0,0.0,0.0,0.0,0.0,0.0,721.0,0
4.728,1813.0,1442.0,1091.0,1812.5,1442.5,1091.5,1000.0,0.0,0.0,-8.875,0.5,-9.125,0.0,0.0,0.0,0.0,0.0,0.0,722.0,0
4.729,1813.0,1443.0,1092.0,1813.5,1442.5,1091.5,0.0,1000.0,1000.0,-9.875,0.5,-9.125,0.0,0.0,0.0,0.0,0.0,0.0,721.0,0
4.73,1814.0,1443.0,1092.0,1813.5,1443.5,1092.5,1000.0,0.0,0.0,-8.625,0.5,-9.375,0.0,0.0,0.0,0.0,0.0,0.0,722.0,0
4.731,1815.0,1443.0,1092.0,1814.5,1443.5,1092.5,1000.0,0.0,0.0,-9.625,0.5,-9.375,0.0,0.0,0.0,0.0,0.0,0.0,723.0,0
4.732,1815.0,1444.0,1092.0,1815.5,1443.5,1092.5,0.0,1000.0,0.0,-10.625,0.5,-9.375,0.0,0.0,0.0,0.0,0.0,0.0,723.0,0
4.7330000000000005,1816.0,1444.0,1093.0,1815.5,1444.5,1092.5,1000.0,0.0,1000.0,-9.375,0.5,-8.625,0.0,0.0,0.0,0.0,0.0,0.0,723.0,0
4.734,1817.0,1444.0,1093.0,1816.5,1444.5,1093.5,1000.0,0.0,0.0,-10.375,0.5,-9.625,0.0,0.0,0.0,0.0,0.0,0.0,724.0,0
4.735,1817.0,1445.0,1093.0,1817.5,1444.5,1093.5,0.0,1000.0,0.0,-11.375,0.5,-9.625,0.0,0.0,0.0,0.0,0.0,0.0,724.0,0
4.736,1817.0,1445.0,1093.0,1817.5,1445.5,1093.5,0.0,0.0,0.0,-10.125,0.5,-8.875,0.0,0.0,0.0,0.0,0.0,0.0,724.0,0
4.737,1817.0,1445.0,1094.0,1817.5,1445.5,1093.5,0.0,0.0,1000.0,-10.125,0.5,-8.875,0.0,0.0,0.0,0.0,0.0,0.0,723.0,0
4.738,1817.0,1446.0,1094.0,1817.5,1445.5,1094.5,0.0,1000.0,0.0,-10.125,0.5,-9.875,0.0,0.0,0.0,0.0,0.0,0.0,723.0,0
4.739,1817.0,1446.0,1094.0,1817.5,1446.5,1094.5,0.0,0.0,0.0,-8.875,0.5,-9.125,0.0,0.0,0.0,0.0,0.0,0.0,723.0,0
4.74,1817.0,1446.0,1094.0,1817.5,1446.5,1094.5,0.0,0.0,0.0,-8.875,0.5,-9.125,0.0,0.0,0.0,0.0,0.0,0.0,723.0,0
4.741,1818.0,1447.0,1094.0,1817.5,1446.5,1094.5,1000.0,1000.0,0.0,-8.875,0.5,-9.125,0.0,0.0,0.0,0.0,0.0,0.0,724.0,0
4.742,1818.0,1447.0,1095.0,1818.5,1447.5,1094.5,0.0,0.0,1000.0,-8.625,0.5,-8.375,0.0,0.0,0.0,0.0,0.0,0.0,723.0,0
4.743,1819.0,1447.0,1095.0,1818.5,1447.5,1095.5,1000.0,0.0,0.0,-8.625,0.5,-9.375,0.0,0.0,0.0,0.0,0.0,0.0,724.0,0
4.744,1820.0,1448.0,1095.0,1819.5,1447.5,1095.5,1000.0,1000.0,0.0,-9.625,0.5,-9.375,0.0,0.0,0.0,0.0,0.0,0.0,725.0,0
4.745,1821.0,1448.0,1095.0,1820.5,1448.5,1095.5,1000.0,0.0,0.0,-9.375,0.5,-8.625,0.0,0.0,0.0,0.0,0.0,0.0,726.0,0
4.746,1821.0,1448.0,1096.0,1821.5,1448.5,1095.5,0.0,0.0,1000.0,-10.375,0.5,-8.625,0.0,0.0,0.0,0.0,0.0,0.0,725.0,0
4.747,1821.0,1449.0,1096.0,1821.5,1448.5,1096.5,0.0,1000.0,0.0,-10.375,0.5,-9.625,0.0,0.0,0.0,0.0,0.0,0.0,725.0,0
4.748,1822.0,1449.0,1096.0,1821.5,1449.5,1096.5,1000.0,0.0,0.0,-9.125,0.5,-8.875,0.0,0.0,0.0,0.0,0.0,0.0,726.0,0
4.749,1822.0,1449.0,1096.0,1822.5,1449.5,1096.5,0.0,0.0,0.0,-10.125,0.5,-8.875,0.0,0.0,0.0,0.0,0.0,0.0,726.0,0
4.75,1822.0,1449.0,1097.0,1822.5,1449.5,1096.5,0.0,0.0,1000.0,-10.125,0.5,-8.875,0.0,0.0,0.0,0.0,0.0,0.0,725.0,0
4.751,1822.0,1450.0,1097.0,1822.5,1449.5,1097.5,0.0,1000.0,0.0,-10.125,0.5,-9.875,0.0,0.0,0.0,0.0,0.0,0.0,725.0,0
4.752,1822.0,1450.0,1097.0,1822.5,1450.5,1097.5,0.0,0.0,0.0,-8.875,0.5,-9.125,0.0,0.0,0.0,0.0,0.0,0.0,725.0,0
4.753,1822.0,1450.0,1097.0,1822.5,1450.5,1097.5,0.0,0.0,0.0,-8.875,0.5,-9.125,0.0,0.0,0.0,0.0,0.0,0.0,725.0,0
4.7540000000000004,1823.0,1451.0,1098.0,1822.5,1450.5,1097.5,1000.0,1000.0,1000.0,-8.875,0.5,-9.125,0.0,0.0,0.0,0.0,0.0,0.0,725.0,0
4.755,1823.0,1451.0,1098.0,1823.5,1451.5,1098.5,0.0,0.0,0.0,-8.625,0.5,-9.375,0.0,0.0,0.0,0.0,0.0,0.0,725.0,0
4.756,1824.0,1451.0,1098.0,1823.5,1451.5,1098.5,1000.0,0.0,0.0,-8.625,0.5,-9.375,0.0,0.0,0.0,0.0,0.0,0.0,726.0,0
4.757,1825.0,1452.0,1098.0,1824.5,1451.5,1098.5,1000.0,1000.0,0.0,-9.625,0.5,-9.375,0.0,0.0,0.0,0.0,0.0,0.0,727.0,0
4.758,1826.0,1452.0,1099.0,1825.5,1452.5,1098.5,1000.0,0.0,1000.0,-9.375,0.5,-8.625,0.0,0.0,0.0,0.0,0.0,0.0,727.0,0
4.759,1826.0,1452.0,1099.0,1826.5,1452.5,1099.5,0.0,0.0,0.0,-10.375,0.5,-9.625,0.0,0.0,0.0,0.0,0.0,0.0,727.0,0
4.76,1826.0,1453.0,1099.0,1826.5,1452.5,1099.5,0.0,1000.0,0.0,-10.375,0.5,-9.625,0.0,0.0,0.0,0.0,0.0,0.0,727.0,0
4.761,1827.0,1453.0,1099.0,1826.5,1453.5,1099.5,1000.0,0.0,0.0,-9.125,0.5,-8.875,0.0,0.0,0.0,0.0,0.0,0.0,728.0,0
4.7620000000000005,1827.0,1453.0,1099.0,1827.5,1453.5,1099.5,0.0,0.0,0.0,-10.125,0.5,-8.875,0.0,0.0,0.0,0.0,0.0,0.0,728.0,0
4.763,1827.0,1454.0,1100.0,1827.5,1453.5,1099.5,0.0,1000.0,1000.0,-10.125,0.5,-8.875,0.0,0.0,0.0,0.0,0.0,0.0,727.0,0
4.764,1828.0,1454.0,1100.0,1827.5,1454.5,1100.5,1000.0,0.0,0.0,-8.875,0.5,-9.125,0.0,0.0,0.0,0.0,0.0,0.0,728.0,0
4.765,1828.0,1454.0,1100.0,1828.5,1454.5,1100.5,0.0,0.0,0.0,-9.875,0.5,-9.125,0.0,0.0,0.0,0.0,0.0,0.0,728.0,0
4.766,1829.0,1455.0,1100.0,1828.5,1454.5,1100.5,1000.0,1000.0,0.0,-9.875,0.5,-9.125,0.0,0.0,0.0,0.0,0.0,0.0,729.0,0
4.767,1830.0,1455.0,1101.0,1829.5,1455.5,1100.5,1000.0,0.0,1000.0,-9.625,0.5,-8.375,0.0,0.0,0.0,0.0,0.0,0.0,729.0,0
4.768,1830.0,1455.0,1101.0,1830.5,1455.5,1101.5,0.0,0.0,0.0,-10.625,0.5,-9.375,0.0,0.0,0.0,0.0,0.0,0.0,729.0,0
4.769,1831.0,1456.0,1101.0,1830.5,1455.5,1101.5,1000.0,1000.0,0.0,-10.625,0.5,-9.375,0.0,0.0,0.0,0.0,0.0,0.0,730.0,0
4.7700000000000005,1831.0,1456.0,1101.0,1831.5,1456.5,1101.5,0.0,0.0,0.0,-10.375,0.5,-8.625,0.0,0.0,0.0,0.0,0.0,0.0,730.0,0
4.771,1831.0,1456.0,1102.0,1831.5,1456.5,1101.5,0.0,0.0,1000.0,-10.375,0.5,-8.625,0.0,0.0,0.0,0.0,0.0,0.0,729.0,0
4.772,1831.0,1456.0,1102.0,1831.5,1456.5,1102.5,0.0,0.0,0.0,-10.375,0.5,-9.625,0.0,0.0,0.0,0.0,0.0,0.0,729.0,0
4.773,1831.0,1457.0,1102.0,1831.5,1456.5,1102.5,0.0,1000.0,0.0,-10.375,0.5,-9.625,0.0,0.0,0.0,0.0,0.0,0.0,729.0,0
4.774,1831.0,1457.0,1102.0,1831.5,1457.5,1102.5,0.0,0.0,0.0,-9.125,0.5,-8.875,0.0,0.0,0.0,0.0,0.0,0.0,729.0,0
4.775,1831.0,1457.0,1103.0,1831.5,1457.5,1102.5,0.0,0.0,1000.0,-9.125,0.5,-8.875,0.0,0.0,0.0,0.0,0.0,0.0,728.0,0
4.776,1832.0,1458.0,1103.0,1831.5,1457.5,1103.5,1000.0,1000.0,0.0,-9.125,0.5,-9.875,0.0,0.0,0.0,0.0,0.0,0.0,729.0,0
4.777,1832.0,1458.0,1103.0,1832.5,1458.5,1103.5,0.0,0.0,0.0,-8.875,0.5,-9.125,0.0,0.0,0.0,0.0,0.0,0.0,729.0,0
4.7780000000000005,1833.0,1458.0,1103.0,1832.5,1458.5,1103.5,1000.0,0.0,0.0,-8.875,0.5,-9.125,0.0,0.0,0.0,0.0,0.0,0.0,730.0,0
4.779,1834.0,1459.0,1103.0,1833.5,1458.5,1103.5,1000.0,1000.0,0.0,-9.875,0.5,-9.125,0.0,0.0,0.0,0.0,0.0,0.0,731.0,0
4.78,1835.0,1459.0,1104.0,1834.5,1459.5,1103.5,1000.0,0.0,1000.0,-9.625,0.5,-8.375,0.0,0.0,0.0,0.0,0.0,0.0,731.0,0
4.781,1835.0,1459.0,1104.0,1835.5,1459.5,1104.5,0.0,0.0,0.0,-10.625,0.5,-9.375,0.0,0.0,0.0,0.0,0.0,0.0,731.0,0
4.782,1835.0,1460.0,1104.0,1835.5,1459.5,1104.5,0.0,1000.0,0.0,-10.625,0.5,-9.375,0.0,0.0,0.0,0.0,0.0,0.0,731.0,0
4.783,1836.0,1460.0,1104.0,1835.5,1460.5,1104.5,1000.0,0.0,0.0,-9.375,0.5,-8.625,0.0,0.0,0.0,0.0,0.0,0.0,732.0,0
4.784,1836.0,1460.0,1105.0,1836.5,1460.5,1104.5,0.0,0.0,1000.0,-10.375,0.5,-8.625,0.0,0.0,0.0,0.0,0.0,0.0,731.0,0
4.785,1836.0,1461.0,1105.0,1836.5,1460.5,1105.5,0.0,1000.0,0.0,-10.375,0.5,-9.625,0.0,0.0,0.0,0.0,0.0,0.0,731.0,0
4.7860000000000005,1837.0,1461.0,1105.0,1836.5,1461.5,1105.5,1000.0,0.0,0.0,-9.125,0.5,-8.875,0.0,0.0,0.0,0.0,0.0,0.0,732.0,0
4.787,1837.0,1461.0,1105.0,1837.5,1461.5,1105.5,0.0,0.0,0.0,-10.125,0.5,-8.875,0.0,0.0,0.0,0.0,0.0,0.0,732.0,0
4.788,1837.0,1462.0,1106.0,1837.5,1461.5,1105.5,0.0,1000.0,1000.0,-10.125,0.5,-8.875,0.0,0.0,0.0,0.0,0.0,0.0,731.0,0
4.789,1837.0,1462.0,1106.0,1837.5,1462.5,1106.5,0.0,0.0,0.0,-8.875,0.5,-9.125,0.0,0.0,0.0,0.0,0.0,0.0,731.0,0
4.79,1837.0,1462.0,1106.0,1837.5,1462.5,1106.5,0.0,0.0,0.0,-8.875,0.5,-9.125,0.0,0.0,0.0,0.0,0.0,0.0,731.0,0
4.791,1838.0,1462.0,1106.0,1837.5,1462.5,1106.5,1000.0,0.0,0.0,-8.875,0.5,-9.125,0.0,0.0,0.0,0.0,0.0,0.0,732.0,0
4.792,1838.0,1463.0,1107.0,1838.5,1462.5,1106.5,0.0,1000.0,1000.0,-9.875,0.5,-9.125,0.0,0.0,0.0,0.0,0.0,0.0,731.0,0
4.793,1839.0,1463.0,1107.0,1838.5,1463.5,1107.5,1000.0,0.0,0.0,-8.625,0.5,-9.375,0.0,0.0,0.0,0.0,0.0,0.0,732.0,0
4.7940000000000005,1840.0,1463.0,1107.0,1839.5,1463.5,1107.5,1000.0,0.0,0.0,-9.625,0.5,-9.375,0.0,0.0,0.0,0.0,0.0,0.0,733.0,0
4.795,1840.0,1464.0,1107.0,1840.5,1463.5,1107.5,0.0,1000.0,0.0,-10.625,0.5,-9.375,0.0,0.0,0.0,0.0,0.0,0.0,733.0,0
4.796,1841.0,1464.0,1108.0,1840.5,1464.5,1107.5,1000.0,0.0,1000.0,-9.375,0.5,-8.625,0.0,0.0,0.0,0.0,0.0,0.0,733.0,0
4.797,1842.0,1464.0,1108.0,1841.5,1464.5,1108.5,1000.0,0.0,0.0,-10.375,0.5,-9.625,0.0,0.0,0.0,0.0,0.0,0.0,734.0,0
4.798,1842.0,1465.0,1108.0,1842.5,1464.5,1108.5,0.0,1000.0,0.0,-11.375,0.5,-9.625,0.0,0.0,0.0,0.0,0.0,0.0,734.0,0
4.799,1842.0,1465.0,1108.0,1842.5,1465.5,1108.5,0.0,0.0,0.0,-10.125,0.5,-8.875,0.0,0.0,0.0,0.0,0.0,0.0,734.0,0
4.8,1842.0,1465.0,1108.0,1842.5,1465.5,1108.5,0.0,0.0,0.0,-10.125,0.5,-8.875,0.0,0.0,0.0,0.0,0.0,0.0,734.0,0
4.801,1842.0,1466.0,1109.0,1842.5,1465.5,1108.5,0.0,1000.0,1000.0,-10.125,0.5,-8.875,0.0,0.0,0.0,0.0,0.0,0.0,733.0,0
4.8020000000000005,1842.0,1466.0,1109.0,1842.5,1466.5,1109.5,0.0,0.0,0.0,-8.875,0.5,-9.125,0.0,0.0,0.0,0.0,0.0,0.0,733.0,0
4.803,1842.0,1466.0,1109.0,1842.5,1466.5,1109.5,0.0,0.0,0.0,-8.875,0.5,-9.125,0.0,0.0,0.0,0.0,0.0,0.0,733.0,0
4.804,1843.0,1467.0,1109.0,1842.5,1466.5,1109.5,1000.0,1000.0,0.0,-8.875,0.5,-9.125,0.0,0.0,0.0,0.0,0.0,0.0,734.0,0
4.805,1843.0,1467.0,1110.0,1843.5,1467.5,1109.5,0.0,0.0,1000.0,-8.625,0.5,-8.375,0.0,0.0,0.0,0.0,0.0,0.0,733.0,0
4.806,1844.0,1467.0,1110.0,1843.5,1467.5,1110.5,1000.0,0.0,0.0,-8.625,0.5,-9.375,0.0,0.0,0.0,0.0,0.0,0.0,734.0,0
4.807,1845.0,1468.0,1110.0,1844.5,1467.5,1110.5,1000.0,1000.0,0.0,-9.625,0.5,-9.375,0.0,0.0,0.0,0.0,0.0,0.0,735.0,0
4.808,1846.0,1468.0,1110.0,1845.5,1468.5,1110.5,1000.0,0.0,0.0,-9.375,0.5,-8.625,0.0,0.0,0.0,0.0,0.0,0.0,736.0,0
4.809,1846.0,1468.0,1111.0,1846.5,1468.5,1110.5,0.0,0.0,1000.0,-10.375,0.5,-8.625,0.0,0.0,0.0,0.0,0.0,0.0,735.0,0
4.8100000000000005,1846.0,1469.0,1111.0,1846.5,1468.5,1111.5,0.0,1000.0,0.0,-10.375,0.5,-9.625,0.0,0.0,0.0,0.0,0.0,0.0,735.0,0
4.811,1847.0,1469.0,1111.0,1846.5,1469.5,1111.5,1000.0,0.0,0.0,-9.125,0.5,-8.875,0.0,0.0,0.0,0.0,0.0,0.0,736.0,0
4.812,1847.0,1469.0,1111.0,1847.5,1469.5,1111.5,0.0,0.0,0.0,-10.125,0.5,-8.875,0.0,0.0,0.0,0.0,0.0,0.0,736.0,0
4.813,1847.0,1469.0,1112.0,1847.5,1469.5,1111.5,0.0,0.0,1000.0,-10.125,0.5,-8.875,0.0,0.0,0.0,0.0,0.0,0.0,735.0,0
4.814,1847.0,1470.0,1112.0,1847.5,1469.5,1112.5,0.0,1000.0,0.0,-10.125,0.5,-9.875,0.0,0.0,0.0,0.0,0.0,0.0,735.0,0
4.815,1847.0,1470.0,1112.0,1847.5,1470.5,1112.5,0.0,0.0,0.0,-8.875,0.5,-9.125,0.0,0.0,0.0,0.0,0.0,0.0,735.0,0
4.816,1847.0,1470.0,1112.0,1847.5,1470.5,1112.5,0.0,0.0,0.0,-8.875,0.5,-9.125,0.0,0.0,0.0,0.0,0.0,0.0,735.0,0
4.817,1848.0,1471.0,1113.0,1847.5,1470.5,1112.5,1000.0,1000.0,1000.0,-8.875,0.5,-9.125,0.0,0.0,0.0,0.0,0.0,0.0,735.0,0
4.8180000000000005,1848.0,1471.0,1113.0,1848.5,1471.5,1113.5,0.0,0.0,0.0,-8.625,0.5,-9.375,0.0,0.0,0.0,0.0,0.0,0.0,735.0,0
4.819,1849.0,1471.0,1113.0,1848.5,1471.5,1113.5,1000.0,0.0,0.0,-8.625,0.5,-9.375,0.0,0.0,0.0,0.0,0.0,0.0,736.0,0
4.82,1850.0,1472.0,1113.0,1849.5,1471.5,1113.5,1000.0,1000.0,0.0,-9.625,0.5,-9.375,0.0,0.0,0.0,0.0,0.0,0.0,737.0,0
4.821,1851.0,1472.0,1113.0,1850.5,1472.5,1113.5,1000.0,0.0,0.0,-9.375,0.5,-8.625,0.0,0.0,0.0,0.0,0.0,0.0,738.0,0
4.822,1851.0,1472.0,1114.0,1851.5,1472.5,1113.5,0.0,0.0,1000.0,-10.375,0.5,-8.625,0.0,0.0,0.0,0.0,0.0,0.0,737.0,0
4.823,1851.0,1473.0,1114.0,1851.5,1472.5,1114.5,0.0,1000.0,0.0,-10.375,0.5,-9.625,0.0,0.0,0.0,0.0,0.0,0.0,737.0,0
4.824,1852.0,1473.0,1114.0,1851.5,1473.5,1114.5,1000.0,0.0,0.0,-9.125,0.5,-8.875,0.0,0.0,0.0,0.0,0.0,0.0,738.0,0
4.825,1852.0,1473.0,1114.0,1852.5,1473.5,1114.5,0.0,0.0,0.0,-10.125,0.5,-8.875,0.0,0.0,0.0,0.0,0.0,0.0,738.0,0
4.8260000000000005,1852.0,1474.0,1115.0,1852.5,1473.5,1114.5,0.0,1000.0,1000.0,-10.125,0.5,-8.875,0.0,0.0,0.0,0.0,0.0,0.0,737.0,0
4.827,1853.0,1474.0,1115.0,1852.5,1474.5,1115.5,1000.0,0.0,0.0,-8.875,0.5,-9.125,0.0,0.0,0.0,0.0,0.0,0.0,738.0,0
4.828,1853.0,1474.0,1115.0,1853.5,1474.5,1115.5,0.0,0.0,0.0,-9.875,0.5,-9.125,0.0,0.0,0.0,0.0,0.0,0.0,738.0,0
4.829,1854.0,1475.0,1115.0,1853.5,1474.5,1115.5,1000.0,1000.0,0.0,-9.875,0.5,-9.125,0.0,0.0,0.0,0.0,0.0,0.0,739.0,0
4.83,1855.0,1475.0,1116.0,1854.5,1475.5,1115.5,1000.0,0.0,1000.0,-9.625,0.5,-8.375,0.0,0.0,0.0,0.0,0.0,0.0,739.0,0
4.831,1855.0,1475.0,1116.0,1855.5,1475.5,1116.5,0.0,0.0,0.0,-10.625,0.5,-9.375,0.0,0.0,0.0,0.0,0.0,0.0,739.0,0
4.832,1856.0,1475.0,1116.0,1855.5,1475.5,1116.5,1000.0,0.0,0.0,-10.625,0.5,-9.375,0.0,0.0,0.0,0.0,0.0,0.0,740.0,0
4.833,1856.0,1476.0,1116.0,1856.5,1475.5,1116.5,0.0,1000.0,0.0,-11.625,0.5,-9.375,0.0,0.0,0.0,0.0,0.0,0.0,740.0,0
4.8340000000000005,1856.0,1476.0,1117.0,1856.5,1476.5,1116.5,0.0,0.0,1000.0,-10.375,0.5,-8.625,0.0,0.0,0.0,0.0,0.0,0.0,739.0,0
4.835,1856.0,1476.0,1117.0,1856.5,1476.5,1117.5,0.0,0.0,0.0,-10.375,0.5,-9.625,0.0,0.0,0.0,0.0,0.0,0.0,739.0,0
4.836,1856.0,1477.0,1117.0,1856.5,1476.5,1117.5,0.0,1000.0,0.0,-10.375,0.5,-9.625,0.0,0.0,0.0,0.0,0.0,0.0,739.0,0
4.837,1856.0,1477.0,1117.0,1856.5,1477.5,1117.5,0.0,0.0,0.0,-9.125,0.5,-8.875,0.0,0.0,0.0,0.0,0.0,0.0,739.0,0
4.838,1856.0,1477.0,1118.0,1856.5,1477.5,1117.5,0.0,0.0,1000.0,-9.125,0.5,-8.875,0.0,0.0,0.0,0.0,0.0,0.0,738.0,0
4.839,1857.0,1478.0,1118.0,1856.5,1477.5,1118.5,1000.0,1000.0,0.0,-9.125,0.5,-9.875,0.0,0.0,0.0,0.0,0.0,0.0,739.0,0
4.84,1857.0,1478.0,1118.0,1857.5,1478.5,1118.5,0.0,0.0,0.0,-8.875,0.5,-9.125,0.0,0.0,0.0,0.0,0.0,0.0,739.0,0
4.841,1858.0,1478.0,1118.0,1857.5,1478.5,1118.5,1000.0,0.0,0.0,-8.875,0.5,-9.125,0.0,0.0,0.0,0.0,0.0,0.0,740.0,0
4.8420000000000005,1859.0,1479.0,1118.0,1858.5,1478.5,1118.5,1000.0,1000.0,0.0,-9.875,0.5,-9.125,0.0,0.0,0.0,0.0,0.0,0.0,741.0,0
4.843,1860.0,1479.0,1119.0,1859.5,1479.5,1118.5,1000.0,0.0,1000.0,-9.625,0.5,-8.375,0.0,0.0,0.0,0.0,0.0,0.0,741.0,0
4.844,1860.0,1479.0,1119.0,1860.5,1479.5,1119.5,0.0,0.0,0.0,-10.625,0.5,-9.375,0.0,0.0,0.0,0.0,0.0,0.0,741.0,0
4.845,1860.0,1480.0,1119.0,1860.5,1479.5,1119.5,0.0,1000.0,0.0,-10.625,0.5,-9.375,0.0,0.0,0.0,0.0,0.0,0.0,741.0,0
4.846,1861.0,1480.0,1119.0,1860.5,1480.5,1119.5,1000.0,0.0,0.0,-9.375,0.5,-8.625,0.0,0.0,0.0,0.0,0.0,0.0,742.0,0
4.847,1861.0,1480.0,1120.0,1861.5,1480.5,1119.5,0.0,0.0,1000.0,-10.375,0.5,-8.625,0.0,0.0,0.0,0.0,0.0,0.0,741.0,0
4.848,1861.0,1481.0,1120.0,1861.5,1480.5,1120.5,0.0,1000.0,0.0,-10.375,0.5,-9.625,0.0,0.0,0.0,0.0,0.0,0.0,741.0,0
4.849,1862.0,1481.0,1120.0,1861.5,1481.5,1120.5,1000.0,0.0,0.0,-9.125,0.5,-8.875,0.0,0.0,0.0,0.0,0.0,0.0,742.0,0
4.8500000000000005,1862.0,1481.0,1120.0,1862.5,1481.5,1120.5,0.0,0.0,0.0,-10.125,0.5,-8.875,0.0,0.0,0.0,0.0,0.0,0.0,742.0,0
4.851,1862.0,1482.0,1121.0,1862.5,1481.5,1120.5,0.0,1000.0,1000.0,-10.125,0.5,-8.875,0.0,0.0,0.0,0.0,0.0,0.0,741.0,0
4.852,1862.0,1482.0,1121.0,1862.5,1482.5,1121.5,0.0,0.0,0.0,-8.875,0.5,-9.125,0.0,0.0,0.0,0.0,0.0,0.0,741.0,0
4.853,1862.0,1482.0,1121.0,1862.5,1482.5,1121.5,0.0,0.0,0.0,-8.875,0.5,-9.125,0.0,0.0,0.0,0.0,0.0,0.0,741.0,0
4.854,1863.0,1482.0,1121.0,1862.5,1482.5,1121.5,1000.0,0.0,0.0,-8.875,0.5,-9.125,0.0,0.0,0.0,0.0,0.0,0.0,742.0,0
4.855,1863.0,1483.0,1122.0,1863.5,1482.5,1121.5,0.0,1000.0,1000.0,-9.875,0.5,-9.125,0.0,0.0,0.0,0.0,0.0,0.0,741.0,0
4.856,1864.0,1483.0,1122.0,1863.5,1483.5,1122.5,1000.0,0.0,0.0,-8.625,0.5,-9.375,0.0,0.0,0.0,0.0,0.0,0.0,742.0,0
4.857,1865.0,1483.0,1122.0,1864.5,1483.5,1122.5,1000.0,0.0,0.0,-9.625,0.5,-9.375,0.0,0.0,0.0,0.0,0.0,0.0,743.0,0
4.8580000000000005,1865.0,1484.0,1122.0,1865.5,1483.5,1122.5,0.0,1000.0,0.0,-10.625,0.5,-9.375,0.0,0.0,0.0,0.0,0.0,0.0,743.0,0
4.859,1866.0,1484.0,1123.0,1865.5,1484.5,1122.5,1000.0,0.0,1000.0,-9.375,0.5,-8.625,0.0,0.0,0.0,0.0,0.0,0.0,743.0,0
4.86,1867.0,1484.0,1123.0,1866.5,1484.5,1123.5,1000.0,0.0,0.0,-10.375,0.5,-9.625,0.0,0.0,0.0,0.0,0.0,0.0,744.0,0
4.861,1867.0,1485.0,1123.0,1867.5,1484.5,1123.5,0.0,1000.0,0.0,-11.375,0.5,-9.625,0.0,0.0,0.0,0.0,0.0,0.0,744.0,0
4.862,1867.0,1485.0,1123.0,1867.5,1485.5,1123.5,0.0,0.0,0.0,-10.125,0.5,-8.875,0.0,0.0,0.0,0.0,0.0,0.0,744.0,0
4.863,1867.0,1485.0,1123.0,1867.5,1485.5,1123.5,0.0,0.0,0.0,-10.125,0.5,-8.875,0.0,0.0,0.0,0.0,0.0,0.0,744.0,0
4.864,1867.0,1486.0,1124.0,1867.5,1485.5,1123.5,0.0,1000.0,1000.0,-10.125,0.5,-8.875,0.0,0.0,0.0,0.0,0.0,0.0,743.0,0
4.865,1867.0,1486.0,1124.0,1867.5,1486.5,1124.5,0.0,0.0,0.0,-8.875,0.5,-9.125,0.0,0.0,0.0,0.0,0.0,0.0,743.0,0
4.866,1867.0,1486.0,1124.0,1867.5,1486.5,1124.5,0.0,0.0,0.0,-8.875,0.5,-9.125,0.0,0.0,0.0,0.0,0.0,0.0,743.0,0
4.867,1868.0,1487.0,1124.0,1867.5,1486.5,1124.5,1000.0,1000.0,0.0,-8.875,0.5,-9.125,0.0,0.0,0.0,0.0,0.0,0.0,744.0,0
4.868,1868.0,1487.0,1125.0,1868.5,1487.5,1124.5,0.0,0.0,1000.0,-8.625,0.5,-8.375,0.0,0.0,0.0,0.0,0.0,0.0,743.0,0
4.869,1869.0,1487.0,1125.0,1868.5,1487.5,1125.5,1000.0,0.0,0.0,-8.625,0.5,-9.375,0.0,0.0,0.0,0.0,0.0,0.0,744.0,0
4.87,1870.0,1488.0,1125.0,1869.5,1487.5,1125.5,1000.0,1000.0,0.0,-9.625,0.5,-9.375,0.0,0.0,0.0,0.0,0.0,0.0,745.0,0
4.871,1871.0,1488.0,1125.0,1870.5,1488.5,1125.5,1000.0,0.0,0.0,-9.375,0.5,-8.625,0.0,0.0,0.0,0.0,0.0,0.0,746.0,0
4.872,1871.0,1488.0,1126.0,1871.5,1488.5,1125.5,0.0,0.0,1000.0,-10.375,0.5,-8.625,0.0,0.0,0.0,0.0,0.0,0.0,745.0,0
4.873,1871.0,1489.0,1126.0,1871.5,1488.5,1126.5,0.0,1000.0,0.0,-10.375,0.5,-9.625,0.0,0.0,0.0,0.0,0.0,0.0,745.0,0
4.874,1872.0,1489.0,1126.0,1871.5,1489.5,1126.5,1000.0,0.0,0.0,-9.125,0.5,-8.875,0.0,0.0,0.0,0.0,0.0,0.0,746.0,0
4.875,1872.0,1489.0,1126.0,1872.5,1489.5,1126.5,0.0,0.0,0.0,-10.125,0.5,-8.875,0.0,0.0,0.0,0.0,0.0,0.0,746.0,0
4.876,1872.0,1489.0,1127.0,1872.5,1489.5,1126.5,0.0,0.0,1000.0,-10.125,0.5,-8.875,0.0,0.0,0.0,0.0,0.0,0.0,745.0,0
4.877,1872.0,1490.0,1127.0,1872.5,1489.5,1127.5,0.0,1000.0,0.0,-10.125,0.5,-9.875,0.0,0.0,0.0,0.0,0.0,0.0,745.0,0
4.878,1872.0,1490.0,1127.0,1872.5,1490.5,1127.5,0.0,0.0,0.0,-8.875,0.5,-9.125,0.0,0.0,0.0,0.0,0.0,0.0,745.0,0
4.8790000000000004,1872.0,1490.0,1127.0,1872.5,1490.5,1127.5,0.0,0.0,0.0,-8.875,0.5,-9.125,0.0,0.0,0.0,0.0,0.0,0.0,745.0,0
4.88,1873.0,1491.0,1128.0,1872.5,1490.5,1127.5,1000.0,1000.0,1000.0,-8.875,0.5,-9.125,0.0,0.0,0.0,0.0,0.0,0.0,745.0,0
4.881,1873.0,1491.0,1128.0,1873.5,1491.5,1128.5,0.0,0.0,0.0,-8.625,0.5,-9.375,0.0,0.0,0.0,0.0,0.0,0.0,745.0,0
4.882,1874.0,1491.0,1128.0,1873.5,1491.5,1128.5,1000.0,0.0,0.0,-8.625,0.5,-9.375,0.0,0.0,0.0,0.0,0.0,0.0,746.0,0
4.883,1875.0,1492.0,1128.0,1874.5,1491.5,1128.5,1000.0,1000.0,0.0,-9.625,0.5,-9.375,0.0,0.0,0.0,0.0,0.0,0.0,747.0,0
4.884,1876.0,1492.0,1128.0,1875.5,1492.5,1128.5,1000.0,0.0,0.0,-9.375,0.5,-8.625,0.0,0.0,0.0,0.0,0.0,0.0,748.0,0
4.885,1876.0,1492.0,1129.0,1876.5,1492.5,1128.5,0.0,0.0,1000.0,-10.375,0.5,-8.625,0.0,0.0,0.0,0.0,0.0,0.0,747.0,0
4.886,1876.0,1493.0,1129.0,1876.5,1492.5,1129.5,0.0,1000.0,0.0,-10.375,0.5,-9.625,0.0,0.0,0.0,0.0,0.0,0.0,747.0,0
4.8870000000000005,1877.0,1493.0,1129.0,1876.5,1493.5,1129.5,1000.0,0.0,0.0,-9.125,0.5,-8.875,0.0,0.0,0.0,0.0,0.0,0.0,748.0,0
4.888,1877.0,1493.0,1129.0,1877.5,1493.5,1129.5,0.0,0.0,0.0,-10.125,0.5,-8.875,0.0,0.0,0.0,0.0,0.0,0.0,748.0,0
4.889,1877.0,1494.0,1130.0,1877.5,1493.5,1129.5,0.0,1000.0,1000.0,-10.125,0.5,-8.875,0.0,0.0,0.0,0.0,0.0,0.0,747.0,0
4.89,1878.0,1494.0,1130.0,1877.5,1494.5,1130.5,1000.0,0.0,0.0,-8.875,0.5,-9.125,0.0,0.0,0.0,0.0,0.0,0.0,748.0,0
4.891,1878.0,1494.0,1130.0,1878.5,1494.5,1130.5,0.0,0.0,0.0,-9.875,0.5,-9.125,0.0,0.0,0.0,0.0,0.0,0.0,748.0,0
4.892,1879.0,1495.0,1130.0,1878.5,1494.5,1130.5,1000.0,1000.0,0.0,-9.875,0.5,-9.125,0.0,0.0,0.0,0.0,0.0,0.0,749.0,0
4.893,1880.0,1495.0,1131.0,1879.5,1495.5,1130.5,1000.0,0.0,1000.0,-9.625,0.5,-8.375,0.0,0.0,0.0,0.0,0.0,0.0,749.0,0
4.894,1880.0,1495.0,1131.0,1880.5,1495.5,1131.5,0.0,0.0,0.0,-10.625,0.5,-9.375,0.0,0.0,0.0,0.0,0.0,0.0,749.0,0
4.8950000000000005,1881.0,1495.0,1131.0,1880.5,1495.5,1131.5,1000.0,0.0,0.0,-10.625,0.5,-9.375,0.0,0.0,0.0,0.0,0.0,0.0,750.0,0
4.896,1881.0,1496.0,1131.0,1881.5,1495.5,1131.5,0.0,1000.0,0.0,-11.625,0.5,-9.375,0.0,0.0,0.0,0.0,0.0,0.0,750.0,0
4.897,1881.0,1496.0,1132.0,1881.5,1496.5,1131.5,0.0,0.0,1000.0,-10.375,0.5,-8.625,0.0,0.0,0.0,0.0,0.0,0.0,749.0,0
4.898,1881.0,1496.0,1132.0,1881.5,1496.5,1132.5,0.0,0.0,0.0,-10.375,0.5,-9.625,0.0,0.0,0.0,0.0,0.0,0.0,749.0,0
4.899,1881.0,1497.0,1132.0,1881.5,1496.5,1132.5,0.0,1000.0,0.0,-10.375,0.5,-9.625,0.0,0.0,0.0,0.0,0.0,0.0,749.0,0
4.9,1881.0,1497.0,1132.0,1881.5,1497.5,1132.5,0.0,0.0,0.0,-9.125,0.5,-8.875,0.0,0.0,0.0,0.0,0.0,0.0,749.0,0
4.901,1881.0,1497.0,1133.0,1881.5,1497.5,1132.5,0.0,0.0,1000.0,-9.125,0.5,-8.875,0.0,0.0,0.0,0.0,0.0,0.0,748.0,0
4.902,1882.0,1498.0,1133.0,1881.5,1497.5,1133.5,1000.0,1000.0,0.0,-9.125,0.5,-9.875,0.0,0.0,0.0,0.0,0.0,0.0,749.0,0
4.9030000000000005,1882.0,1498.0,1133.0,1882.5,1498.5,1133.5,0.0,0.0,0.0,-8.875,0.5,-9.125,0.0,0.0,0.0,0.0,0.0,0.0,749.0,0
4.904,1883.0,1498.0,1133.0,1882.5,1498.5,1133.5,1000.0,0.0,0.0,-8.875,0.5,-9.125,0.0,0.0,0.0,0.0,0.0,0.0,750.0,0
4.905,1884.0,1499.0,1133.0,1883.5,1498.5,1133.5,1000.0,1000.0,0.0,-9.875,0.5,-9.125,0.0,0.0,0.0,0.0,0.0,0.0,751.0,0
4.906,1885.0,1499.0,1134.0,1884.5,1499.5,1133.5,1000.0,0.0,1000.0,-9.625,0.5,-8.375,0.0,0.0,0.0,0.0,0.0,0.0,751.0,0
4.907,1885.0,1499.0,1134.0,1885.5,1499.5,1134.5,0.0,0.0,0.0,-10.625,0.5,-9.375,0.0,0.0,0.0,0.0,0.0,0.0,751.0,0
4.908,1885.0,1500.0,1134.0,1885.5,1499.5,1134.5,0.0,1000.0,0.0,-10.625,0.5,-9.375,0.0,0.0,0.0,0.0,0.0,0.0,751.0,0
4.909,1886.0,1500.0,1134.0,1885.5,1500.5,1134.5,1000.0,0.0,0.0,-9.375,0.5,-8.625,0.0,0.0,0.0,0.0,0.0,0.0,752.0,0
4.91,1886.0,1500.0,1135.0,1886.5,1500.5,1134.5,0.0,0.0,1000.0,-10.375,0.5,-8.625,0.0,0.0,0.0,0.0,0.0,0.0,751.0,0
4.9110000000000005,1886.0,1501.0,1135.0,1886.5,1500.5,1135.5,0.0,1000.0,0.0,-10.375,0.5,-9.625,0.0,0.0,0.0,0.0,0.0,0.0,751.0,0
4.912,1887.0,1501.0,1135.0,1886.5,1501.5,1135.5,1000.0,0.0,0.0,-9.125,0.5,-8.875,0.0,0.0,0.0,0.0,0.0,0.0,752.0,0
4.913,1887.0,1501.0,1135.0,1887.5,1501.5,1135.5,0.0,0.0,0.0,-10.125,0.5,-8.875,0.0,0.0,0.0,0.0,0.0,0.0,752.0,0
4.914,1887.0,1502.0,1136.0,1887.5,1501.5,1135.5,0.0,1000.0,1000.0,-10.125,0.5,-8.875,0.0,0.0,0.0,0.0,0.0,0.0,751.0,0
4.915,1887.0,1502.0,1136.0,1887.5,1502.5,1136.5,0.0,0.0,0.0,-8.875,0.5,-9.125,0.0,0.0,0.0,0.0,0.0,0.0,751.0,0
4.916,1887.0,1502.0,1136.0,1887.5,1502.5,1136.5,0.0,0.0,0.0,-8.875,0.5,-9.125,0.0,0.0,0.0,0.0,0.0,0.0,751.0,0
4.917,1888.0,1502.0,1136.0,1887.5,1502.5,1136.5,1000.0,0.0,0.0,-8.875,0.5,-9.125,0.0,0.0,0.0,0.0,0.0,0.0,752.0,0
4.918,1888.0,1503.0,1137.0,1888.5,1502.5,1136.5,0.0,1000.0,1000.0,-9.875,0.5,-9.125,0.0,0.0,0.0,0.0,0.0,0.0,751.0,0
4.9190000000000005,1889.0,1503.0,1137.0,1888.5,1503.5,1137.5,1000.0,0.0,0.0,-8.625,0.5,-9.375,0.0,0.0,0.0,0.0,0.0,0.0,752.0,0
4.92,1890.0,1503.0,1137.0,1889.5,1503.5,1137.5,1000.0,0.0,0.0,-9.625,0.5,-9.375,0.0,0.0,0.0,0.0,0.0,0.0,753.0,0
4.921,1890.0,1504.0,1137.0,1890.5,1503.5,1137.5,0.0,1000.0,0.0,-10.625,0.5,-9.375,0.0,0.0,0.0,0.0,0.0,0.0,753.0,0
4.922,1891.0,1504.0,1138.0,1890.5,1504.5,1137.5,1000.0,0.0,1000.0,-9.375,0.5,-8.625,0.0,0.0,0.0,0.0,0.0,0.0,753.0,0
4.923,1892.0,1504.0,1138.0,1891.5,1504.5,1138.5,1000.0,0.0,0.0,-10.375,0.5,-9.625,0.0,0.0,0.0,0.0,0.0,0.0,754.0,0
4.924,1892.0,1505.0,1138.0,1892.5,1504.5,1138.5,0.0,1000.0,0.0,-11.375,0.5,-9.625,0.0,0.0,0.0,0.0,0.0,0.0,754.0,0
4.925,1892.0,1505.0,1138.0,1892.5,1505.5,1138.5,0.0,0.0,0.0,-10.125,0.5,-8.875,0.0,0.0,0.0,0.0,0.0,0.0,754.0,0
4.926,1892.0,1505.0,1138.0,1892.5,1505.5,1138.5,0.0,0.0,0.0,-10.125,0.5,-8.875,0.0,0.0,0.0,0.0,0.0,0.0,754.0,0
4.9270000000000005,1892.0,1506.0,1139.0,1892.5,1505.5,1138.5,0.0,1000.0,1000.0,-10.125,0.5,-8.875,0.0,0.0,0.0,0.0,0.0,0.0,753.0,0
4.928,1892.0,1506.0,1139.0,1892.5,1506.5,1139.5,0.0,0.0,0.0,-8.875,0.5,-9.125,0.0,0.0,0.0,0.0,0.0,0.0,753.0,0
4.929,1892.0,1506.0,1139.0,1892.5,1506.5,1139.5,0.0,0.0,0.0,-8.875,0.5,-9.125,0.0,0.0,0.0,0.0,0.0,0.0,753.0,0
4.93,1893.0,1507.0,1139.0,1892.5,1506.5,1139.5,1000.0,1000.0,0.0,-8.875,0.5,-9.125,0.0,0.0,0.0,0.0,0.0,0.0,754.0,0
4.931,1893.0,1507.0,1140.0,1893.5,1507.5,1139.5,0.0,0.0,1000.0,-8.625,0.5,-8.375,0.0,0.0,0.0,0.0,0.0,0.0,753.0,0
4.932,1894.0,1507.0,1140.0,1893.5,1507.5,1140.5,1000.0,0.0,0.0,-8.625,0.5,-9.375,0.0,0.0,0.0,0.0,0.0,0.0,754.0,0
4.933,1895.0,1508.0,1140.0,1894.5,1507.5,1140.5,1000.0,1000.0,0.0,-9.625,0.5,-9.375,0.0,0.0,0.0,0.0,0.0,0.0,755.0,0
4.934,1896.0,1508.0,1140.0,1895.5,1508.5,1140.5,1000.0,0.0,0.0,-9.375,0.5,-8.625,0.0,0.0,0.0,0.0,0.0,0.0,756.0,0
4.9350000000000005,1896.0,1508.0,1141.0,1896.5,1508.5,1140.5,0.0,0.0,1000.0,-10.375,0.5,-8.625,0.0,0.0,0.0,0.0,0.0,0.0,755.0,0
4.936,1896.0,1508.0,1141.0,1896.5,1508.5,1141.5,0.0,0.0,0.0,-10.375,0.5,-9.625,0.0,0.0,0.0,0.0,0.0,0.0,755.0,0
4.937,1897.0,1509.0,1141.0,1896.5,1508.5,1141.5,1000.0,1000.0,0.0,-10.375,0.5,-9.625,0.0,0.0,0.0,0.0,0.0,0.0,756.0,0
4.938,1897.0,1509.0,1141.0,1897.5,1509.5,1141.5,0.0,0.0,0.0,-10.125,0.5,-8.875,0.0,0.0,0.0,0.0,0.0,0.0,756.0,0
4.939,1897.0,1509.0,1142.0,1897.5,1509.5,1141.5,0.0,0.0,1000.0,-10.125,0.5,-8.875,0.0,0.0,0.0,0.0,0.0,0.0,755.0,0
4.94,1897.0,1510.0,1142.0,1897.5,1509.5,1142.5,0.0,1000.0,0.0,-10.125,0.5,-9.875,0.0,0.0,0.0,0.0,0.0,0.0,755.0,0
4.941,1897.0,1510.0,1142.0,1897.5,1510.5,1142.5,0.0,0.0,0.0,-8.875,0.5,-9.125,0.0,0.0,0.0,0.0,0.0,0.0,755.0,0
4.942,1897.0,1510.0,1142.0,1897.5,1510.5,1142.5,0.0,0.0,0.0,-8.875,0.5,-9.125,0.0,0.0,0.0,0.0,0.0,0.0,755.0,0
4.9430000000000005,1898.0,1511.0,1143.0,1897.5,1510.5,1142.5,1000.0,1000.0,1000.0,-8.875,0.5,-9.125,0.0,0.0,0.0,0.0,0.0,0.0,755.0,0
4.944,1898.0,1511.0,1143.0,1898.5,1511.5,1143.5,0.0,0.0,0.0,-8.625,0.5,-9.375,0.0,0.0,0.0,0.0,0.0,0.0,755.0,0
4.945,1899.0,1511.0,1143.0,1898.5,1511.5,1143.5,1000.0,0.0,0.0,-8.625,0.5,-9.375,0.0,0.0,0.0,0.0,0.0,0.0,756.0,0
4.946,1900.0,1512.0,1143.0,1899.5,1511.5,1143.5,1000.0,1000.0,0.0,-9.625,0.5,-9.375,0.0,0.0,0.0,0.0,0.0,0.0,757.0,0
4.947,1901.0,1512.0,1143.0,1900.5,1512.5,1143.5,1000.0,0.0,0.0,-9.375,0.5,-8.625,0.0,0.0,0.0,0.0,0.0,0.0,758.0,0
4.948,1901.0,1512.0,1144.0,1901.5,1512.5,1143.5,0.0,0.0,1000.0,-10.375,0.5,-8.625,0.0,0.0,0.0,0.0,0.0,0.0,757.0,0
4.949,1901.0,1513.0,1144.0,1901.5,1512.5,1144.5,0.0,1000.0,0.0,-10.375,0.5,-9.625,0.0,0.0,0.0,0.0,0.0,0.0,757.0,0
4.95,1902.0,1513.0,1144.0,1901.5,1513.5,1144.5,1000.0,0.0,0.0,-9.125,0.5,-8.875,0.0,0.0,0.0,0.0,0.0,0.0,758.0,0
4.9510000000000005,1902.0,1513.0,1144.0,1902.5,1513.5,1144.5,0.0,0.0,0.0,-10.125,0.5,-8.875,0.0,0.0,0.0,0.0,0.0,0.0,758.0,0
4.952,1902.0,1514.0,1145.0,1902.5,1513.5,1144.5,0.0,1000.0,1000.0,-10.125,0.5,-8.875,0.0,0.0,0.0,0.0,0.0,0.0,757.0,0
4.953,1903.0,1514.0,1145.0,1902.5,1514.5,1145.5,1000.0,0.0,0.0,-8.875,0.5,-9.125,0.0,0.0,0.0,0.0,0.0,0.0,758.0,0
4.954,1903.0,1514.0,1145.0,1903.5,1514.5,1145.5,0.0,0.0,0.0,-9.875,0.5,-9.125,0.0,0.0,0.0,0.0,0.0,0.0,758.0,0
4.955,1904.0,1515.0,1145.0,1903.5,1514.5,1145.5,1000.0,1000.0,0.0,-9.875,0.5,-9.125,0.0,0.0,0.0,0.0,0.0,0.0,759.0,0
4.956,1905.0,1515.0,1146.0,1904.5,1515.5,1145.5,1000.0,0.0,1000.0,-9.625,0.5,-8.375,0.0,0.0,0.0,0.0,0.0,0.0,759.0,0
4.957,1905.0,1515.0,1146.0,1905.5,1515.5,1146.5,0.0,0.0,0.0,-10.625,0.5,-9.375,0.0,0.0,0.0,0.0,0.0,0.0,759.0,0
4.958,1906.0,1515.0,1146.0,1905.5,1515.5,1146.5,1000.0,0.0,0.0,-10.625,0.5,-9.375,0.0,0.0,0.0,0.0,0.0,0.0,760.0,0
4.9590000000000005,1906.0,1516.0,1146.0,1906.5,1515.5,1146.5,0.0,1000.0,0.0,-11.625,0.5,-9.375,0.0,0.0,0.0,0.0,0.0,0.0,760.0,0
4.96,1906.0,1516.0,1147.0,1906.5,1516.5,1146.5,0.0,0.0,1000.0,-10.375,0.5,-8.625,0.0,0.0,0.0,0.0,0.0,0.0,759.0,0
4.961,1906.0,1516.0,1147.0,1906.5,1516.5,1147.5,0.0,0.0,0.0,-10.375,0.5,-9.625,0.0,0.0,0.0,0.0,0.0,0.0,759.0,0
4.962,1906.0,1517.0,1147.0,1906.5,1516.5,1147.5,0.0,1000.0,0.0,-10.375,0.5,-9.625,0.0,0.0,0.0,0.0,0.0,0.0,759.0,0
4.963,1906.0,1517.0,1147.0,1906.5,1517.5,1147.5,0.0,0.0,0.0,-9.125,0.5,-8.875,0.0,0.0,0.0,0.0,0.0,0.0,759.0,0
4.964,1906.0,1517.0,1148.0,1906.5,1517.5,1147.5,0.0,0.0,1000.0,-9.125,0.5,-8.875,0.0,0.0,0.0,0.0,0.0,0.0,758.0,0
4.965,1907.0,1518.0,1148.0,1906.5,1517.5,1148.5,1000.0,1000.0,0.0,-9.125,0.5,-9.875,0.0,0.0,0.0,0.0,0.0,0.0,759.0,0
4.966,1907.0,1518.0,1148.0,1907.5,1518.5,1148.5,0.0,0.0,0.0,-8.875,0.5,-9.125,0.0,0.0,0.0,0.0,0.0,0.0,759.0,0
4.9670000000000005,1908.0,1518.0,1148.0,1907.5,1518.5,1148.5,1000.0,0.0,0.0,-8.875,0.5,-9.125,0.0,0.0,0.0,0.0,0.0,0.0,760.0,0
4.968,1909.0,1519.0,1148.0,1908.5,1518.5,1148.5,1000.0,1000.0,0.0,-9.875,0.5,-9.125,0.0,0.0,0.0,0.0,0.0,0.0,761.0,0
4.969,1910.0,1519.0,1149.0,1909.5,1519.5,1148.5,1000.0,0.0,1000.0,-9.625,0.5,-8.375,0.0,0.0,0.0,0.0,0.0,0.0,761.0,0
4.97,1910.0,1519.0,1149.0,1910.5,1519.5,1149.5,0.0,0.0,0.0,-10.625,0.5,-9.375,0.0,0.0,0.0,0.0,0.0,0.0,761.0,0
4.971,1910.0,1520.0,1149.0,1910.5,1519.5,1149.5,0.0,1000.0,0.0,-10.625,0.5,-9.375,0.0,0.0,0.0,0.0,0.0,0.0,761.0,0
4.972,1911.0,1520.0,1149.0,1910.5,1520.5,1149.5,1000.0,0.0,0.0,-9.375,0.5,-8.625,0.0,0.0,0.0,0.0,0.0,0.0,762.0,0
4.973,1911.0,1520.0,1150.0,1911.5,1520.5,1149.5,0.0,0.0,1000.0,-10.375,0.5,-8.625,0.0,0.0,0.0,0.0,0.0,0.0,761.0,0
4.974,1911.0,1521.0,1150.0,1911.5,1520.5,1150.5,0.0,1000.0,0.0,-10.375,0.5,-9.625,0.0,0.0,0.0,0.0,0.0,0.0,761.0,0
4.9750000000000005,1912.0,1521.0,1150.0,1911.5,1521.5,1150.5,1000.0,0.0,0.0,-9.125,0.5,-8.875,0.0,0.0,0.0,0.0,0.0,0.0,762.0,0
4.976,1912.0,1521.0,1150.0,1912.5,1521.5,1150.5,0.0,0.0,0.0,-10.125,0.5,-8.875,0.0,0.0,0.0,0.0,0.0,0.0,762.0,0
4.977,1912.0,1521.0,1151.0,1912.5,1521.5,1150.5,0.0,0.0,1000.0,-10.125,0.5,-8.875,0.0,0.0,0.0,0.0,0.0,0.0,761.0,0
4.978,1912.0,1522.0,1151.0,1912.5,1521.5,1151.5,0.0,1000.0,0.0,-10.125,0.5,-9.875,0.0,0.0,0.0,0.0,0.0,0.0,761.0,0
4.979,1912.0,1522.0,1151.0,1912.5,1522.5,1151.5,0.0,0.0,0.0,-8.875,0.5,-9.125,0.0,0.0,0.0,0.0,0.0,0.0,761.0,0
4.98,1912.0,1522.0,1151.0,1912.5,1522.5,1151.5,0.0,0.0,0.0,-8.875,0.5,-9.125,0.0,0.0,0.0,0.0,0.0,0.0,761.0,0
4.981,1913.0,1523.0,1152.0,1912.5,1522.5,1151.5,1000.0,1000.0,1000.0,-8.875,0.5,-9.125,0.0,0.0,0.0,0.0,0.0,0.0,761.0,0
4.982,1913.0,1523.0,1152.0,1913.5,1523.5,1152.5,0.0,0.0,0.0,-8.625,0.5,-9.375,0.0,0.0,0.0,0.0,0.0,0.0,761.0,0
4.9830000000000005,1914.0,1523.0,1152.0,1913.5,1523.5,1152.5,1000.0,0.0,0.0,-8.625,0.5,-9.375,0.0,0.0,0.0,0.0,0.0,0.0,762.0,0
4.984,1915.0,1524.0,1152.0,1914.5,1523.5,1152.5,1000.0,1000.0,0.0,-9.625,0.5,-9.375,0.0,0.0,0.0,0.0,0.0,0.0,763.0,0
4.985,1916.0,1524.0,1153.0,1915.5,1524.5,1152.5,1000.0,0.0,1000.0,-9.375,0.5,-8.625,0.0,0.0,0.0,0.0,0.0,0.0,763.0,0
4.986,1916.0,1524.0,1153.0,1916.5,1524.5,1153.5,0.0,0.0,0.0,-10.375,0.5,-9.625,0.0,0.0,0.0,0.0,0.0,0.0,763.0,0
4.987,1916.0,1525.0,1153.0,1916.5,1524.5,1153.5,0.0,1000.0,0.0,-10.375,0.5,-9.625,0.0,0.0,0.0,0.0,0.0,0.0,763.0,0
4.988,1917.0,1525.0,1153.0,1916.5,1525.5,1153.5,1000.0,0.0,0.0,-9.125,0.5,-8.875,0.0,0.0,0.0,0.0,0.0,0.0,764.0,0
4.989,1917.0,1525.0,1153.0,1917.5,1525.5,1153.5,0.0,0.0,0.0,-10.125,0.5,-8.875,0.0,0.0,0.0,0.0,0.0,0.0,764.0,0
4.99,1917.0,1526.0,1154.0,1917.5,1525.5,1153.5,0.0,1000.0,1000.0,-10.125,0.5,-8.875,0.0,0.0,0.0,0.0,0.0,0.0,763.0,0
4.9910000000000005,1918.0,1526.0,1154.0,1917.5,1526.5,1154.5,1000.0,0.0,0.0,-8.875,0.5,-9.125,0.0,0.0,0.0,0.0,0.0,0.0,764.0,0
4.992,1918.0,1526.0,1154.0,1918.5,1526.5,1154.5,0.0,0.0,0.0,-9.875,0.5,-9.125,0.0,0.0,0.0,0.0,0.0,0.0,764.0,0
4.993,1919.0,1527.0,1154.0,1918.5,1526.5,1154.5,1000.0,1000.0,0.0,-9.875,0.5,-9.125,0.0,0.0,0.0,0.0,0.0,0.0,765.0,0
4.994,1920.0,1527.0,1155.0,1919.5,1527.5,1154.5,1000.0,0.0,1000.0,-9.625,0.5,-8.375,0.0,0.0,0.0,0.0,0.0,0.0,765.0,0
4.995,1920.0,1527.0,1155.0,1920.5,1527.5,1155.5,0.0,0.0,0.0,-10.625,0.5,-9.375,0.0,0.0,0.0,0.0,0.0,0.0,765.0,0
4.996,1921.0,1528.0,1155.0,1920.5,1527.5,1155.5,1000.0,1000.0,0.0,-10.625,0.5,-9.375,0.0,0.0,0.0,0.0,0.0,0.0,766.0,0
4.997,1921.0,1528.0,1155.0,1921.5,1528.5,1155.5,0.0,0.0,0.0,-10.375,0.5,-8.625,0.0,0.0,0.0,0.0,0.0,0.0,766.0,0
4.998,1921.0,1528.0,1156.0,1921.5,1528.5,1155.5,0.0,0.0,1000.0,-10.375,0.5,-8.625,0.0,0.0,0.0,0.0,0.0,0.0,765.0,0
4.999,1921.0,1528.0,1156.0,1921.5,1528.5,1156.5,0.0,0.0,0.0,-10.375,0.5,-9.625,0.0,0.0,0.0,0.0,0.0,0.0,765.0,0
