t_s,dda_pos_x,dda_pos_y,dda_pos_z,enc_rel_x,enc_rel_y,enc_rel_z,vel_sps_x,vel_sps_y,vel_sps_z,err_steps_x,err_steps_y,err_steps_z,active_load_x,active_load_y,active_load_z,load_timer_x,load_timer_y,load_timer_z,span_steps,global_stop
0.0,0.0,0.0,0.0,0.5,0.5,0.5,0.0,0.0,0.0,0.0,0.0,0.0,0.0,0.0,0.0,0.0,0.0,0.0,0.0,0
0.0,0.0,0.0,0.0,0.5,0.5,0.5,0.0,0.0,0.0,0.5,0.4,0.30000000000000004,0.0,0.0,0.0,0.0,0.0,0.0,0.0,0
0.001,0.0,0.0,0.0,0.5,0.5,0.5,0.0,0.0,0.0,0.5,0.4,0.30000000000000004,0.0,0.0,0.0,0.0,0.0,0.0,0.0,0
0.002,1.0,1.0,1.0,0.5,0.5,0.5,1000.0,1000.0,1000.0,0.5,0.4,0.30000000000000004,0.0,0.0,0.0,0.0,0.0,0.0,0.0,0
0.003,1.0,1.0,1.0,1.5,1.5,1.5,0.0,0.0,0.0,0.5,0.19999999999999996,-0.10000000000000009,0.0,0.0,0.0,0.0,0.0,0.0,0.0,0
0.004,2.0,2.0,2.0,1.5,1.5,1.5,1000.0,1000.0,1000.0,0.5,0.19999999999999996,-0.10000000000000009,0.0,0.0,0.0,0.0,0.0,0.0,0.0,0
0.005,4.0,4.0,4.0,2.5,2.5,2.5,2000.0,2000.0,2000.0,0.5,0.0,-0.5,0.0,0.0,0.0,0.0,0.0,0.0,0.0,0
0.006,5.0,5.0,5.0,4.5,4.5,4.5,1000.0,1000.0,1000.0,0.5,-0.40000000000000036,-1.2999999999999998,0.0,0.0,0.0,0.0,0.0,0.0,0.0,0
0.007,7.0,7.0,6.0,5.5,5.5,5.5,2000.0,2000.0,1000.0,0.5,-0.5999999999999996,-1.7000000000000002,0.0,0.0,0.0,0.0,0.0,0.0,1.0,0
0.008,8.0,8.0,8.0,7.5,7.5,6.5,1000.0,1000.0,2000.0,0.5,-1.0,-1.5,0.0,0.0,0.0,0.0,0.0,0.0,0.0,0
0.009000000000000001,10.0,10.0,10.0,8.5,8.5,8.5,2000.0,2000.0,2000.0,0.5,-1.2000000000000002,-2.9000000000000004,0.0,0.0,0.0,0.0,0.0,0.0,0.0,0
0.01,12.0,12.0,12.0,10.5,10.5,10.5,2000.0,2000.0,2000.0,0.5,-1.5999999999999996,-3.7,0.0,0.0,0.0,0.0,0.0,0.0,0.0,0
0.011,15.0,15.0,15.0,12.5,12.5,12.5,3000.0,3000.0,3000.0,0.5,-2.0,-4.5,0.0,0.0,0.0,0.0,0.0,0.0,0.0,0
0.012,17.0,17.0,17.0,15.5,15.5,15.5,2000.0,2000.0,2000.0,0.5,-2.5999999999999996,-5.699999999999999,0.0,0.0,0.0,0.0,0.0,0.0,0.0,0
0.013000000000000001,20.0,20.0,20.0,17.5,17.5,17.5,3000.0,3000.0,3000.0,0.5,-3.0,-6.5,0.0,0.0,0.0,0.0,0.0,0.0,0.0,0
0.014,23.0,23.0,23.0,20.5,20.5,20.5,3000.0,3000.0,3000.0,0.5,-3.6000000000000014,-7.699999999999999,0.0,0.0,0.0,0.0,0.0,0.0,0.0,0
0.015,26.0,26.0,26.0,23.5,23.5,23.5,3000.0,3000.0,3000.0,0.5,-4.199999999999999,-8.9,0.0,0.0,0.0,0.0,0.0,0.0,0.0,0
0.016,29.0,29.0,29.0,26.5,26.5,26.5,3000.0,3000.0,3000.0,0.5,-4.800000000000001,-10.100000000000001,0.0,0.0,0.0,0.0,0.0,0.0,0.0,0
0.017,33.0,33.0,33.0,29.5,29.5,29.5,4000.0,4000.0,4000.0,0.5,-5.399999999999999,-11.3,0.0,0.0,0.0,0.0,0.0,0.0,0.0,0
0.018000000000000002,37.0,37.0,36.0,33.5,33.5,33.5,4000.0,4000.0,3000.0,0.5,-6.199999999999999,-12.899999999999999,0.0,0.0,0.0,0.0,0.0,0.0,1.0,0
0.019,41.0,40.0,40.0,37.5,37.5,36.5,4000.0,3000.0,4000.0,0.5,-7.0,-13.5,0.0,0.0,0.0,0.0,0.0,0.0,1.0,0
0.02,45.0,45.0,44.0,41.5,40.5,40.5,4000.0,5000.0,4000.0,0.5,-6.799999999999997,-15.100000000000001,0.0,0.0,0.0,0.0,0.0,0.0,1.0,0
0.021,49.0,49.0,49.0,45.5,45.5,44.5,4000.0,4000.0,5000.0,0.5,-8.600000000000001,-16.7,0.0,0.0,0.0,0.0,0.0,0.0,0.0,0
0.022,54.0,53.0,53.0,49.5,49.5,49.5,5000.0,4000.0,4000.0,0.5,-9.399999999999999,-19.3,0.0,0.0,0.0,0.0,0.0,0.0,1.0,0
0.023,58.0,58.0,58.0,54.5,53.5,53.5,4000.0,5000.0,5000.0,0.5,-9.399999999999999,-20.299999999999997,0.0,0.0,0.0,0.0,0.0,0.0,0.0,0
0.024,63.0,63.0,63.0,58.5,58.5,58.5,5000.0,5000.0,5000.0,0.5,-11.200000000000003,-22.9,0.0,0.0,0.0,0.0,0.0,0.0,0.0,0
0.025,68.0,68.0,68.0,63.5,63.5,63.5,5000.0,5000.0,5000.0,0.5,-12.200000000000003,-24.9,0.0,0.0,0.0,0.0,0.0,0.0,0.0,0
0.026000000000000002,74.0,73.0,73.0,68.5,68.5,68.5,6000.0,5000.0,5000.0,0.5,-13.200000000000003,-26.9,0.0,0.0,0.0,0.0,0.0,0.0,1.0,0
0.027,79.0,79.0,78.0,74.5,73.5,73.5,5000.0,6000.0,5000.0,0.5,-13.399999999999999,-28.299999999999997,0.0,0.0,0.0,0.0,0.0,0.0,1.0,0
0.028,85.0,84.0,83.0,79.5,79.5,78.5,6000.0,5000.0,5000.0,0.5,-15.400000000000006,-30.299999999999997,0.0,0.0,0.0,0.0,0.0,0.0,2.0,0
0.029,91.0,90.0,87.0,85.5,84.5,83.5,6000.0,6000.0,4000.0,0.5,-15.599999999999994,-31.700000000000003,0.0,0.0,0.0,0.0,0.0,0.0,4.0,0
0.03,97.0,96.0,92.0,91.5,90.5,87.5,6000.0,6000.0,5000.0,0.5,-16.799999999999997,-32.1,0.0,0.0,0.0,0.0,0.0,0.0,5.0,0
0.031,103.0,102.0,97.0,97.5,96.5,92.5,6000.0,6000.0,5000.0,0.5,-18.0,-33.5,0.0,0.0,0.0,0.0,0.0,0.0,6.0,0
0.032,109.0,108.0,102.0,103.5,102.5,97.5,6000.0,6000.0,5000.0,0.5,-19.200000000000003,-34.9,0.0,0.0,0.0,0.0,0.0,0.0,7.0,0
0.033,116.0,114.0,106.0,109.5,108.5,102.5,7000.0,6000.0,4000.0,0.5,-20.400000000000006,-36.3,0.0,0.0,0.0,0.0,0.0,0.0,10.0,0
0.034,123.0,120.0,111.0,116.5,114.5,106.5,7000.0,6000.0,5000.0,0.5,-20.799999999999997,-36.099999999999994,0.0,0.0,0.0,0.0,0.0,0.0,12.0,0
0.035,130.0,126.0,116.0,123.5,120.5,111.5,7000.0,6000.0,5000.0,0.5,-21.200000000000003,-36.900000000000006,0.0,0.0,0.0,0.0,0.0,0.0,14.0,0
0.036000000000000004,137.0,132.0,120.0,130.5,126.5,116.5,7000.0,6000.0,4000.0,0.5,-21.599999999999994,-37.7,0.0,0.0,0.0,0.0,0.0,0.0,17.0,0
0.037,145.0,137.0,125.0,137.5,132.5,120.5,8000.0,5000.0,5000.0,0.5,-22.0,-37.5,0.0,0.0,0.0,0.0,0.0,0.0,20.0,0
0.038,152.0,143.0,129.0,145.5,137.5,125.5,7000.0,6000.0,4000.0,0.5,-20.599999999999994,-37.7,0.0,0.0,0.0,0.0,0.0,0.0,23.0,0
0.039,160.0,149.0,134.0,152.5,143.5,129.5,8000.0,6000.0,5000.0,0.5,-21.0,-37.5,0.0,0.0,0.0,0.0,0.0,0.0,26.0,0
0.04,168.0,154.0,138.0,160.5,149.5,134.5,8000.0,5000.0,4000.0,0.5,-20.599999999999994,-37.7,0.0,0.0,0.0,0.0,0.0,0.0,30.0,0
0.041,176.0,160.0,143.0,168.5,154.5,138.5,8000.0,6000.0,5000.0,0.5,-19.19999999999999,-36.900000000000006,0.0,0.0,0.0,0.0,0.0,0.0,33.0,0
0.042,185.0,166.0,147.0,176.5,160.5,143.5,9000.0,6000.0,4000.0,0.5,-18.80000000000001,-37.099999999999994,0.0,0.0,0.0,0.0,0.0,0.0,38.0,0
0.043000000000000003,194.0,172.0,152.0,185.5,166.5,147.5,9000.0,6000.0,5000.0,0.5,-17.599999999999994,-35.7,0.0,0.0,0.0,0.0,0.0,0.0,42.0,0
0.044,202.0,178.0,156.0,194.5,172.5,152.5,8000.0,6000.0,4000.0,0.5,-16.400000000000006,-35.3,0.0,0.0,0.0,0.0,0.0,0.0,46.0,0
0.045,211.0,183.0,160.0,202.5,178.5,156.5,9000.0,5000.0,4000.0,0.5,-16.0,-34.5,0.0,0.0,0.0,0.0,0.0,0.0,51.0,0
0.046,221.0,190.0,165.0,211.5,183.5,160.5,10000.0,7000.0,5000.0,0.5,-13.800000000000011,-33.099999999999994,0.0,0.0,0.0,0.0,0.0,0.0,56.0,0
0.047,230.0,196.0,169.0,221.5,190.5,165.5,9000.0,6000.0,4000.0,0.5,-12.800000000000011,-32.099999999999994,0.0,0.0,0.0,0.0,0.0,0.0,61.0,0
0.048,240.0,202.0,174.0,230.5,196.5,169.5,10000.0,6000.0,5000.0,0.5,-11.599999999999994,-30.69999999999999,0.0,0.0,0.0,0.0,0.0,0.0,66.0,0
0.049,249.0,208.0,178.0,240.5,202.5,174.5,9000.0,6000.0,4000.0,0.5,-9.599999999999994,-29.69999999999999,0.0,0.0,0.0,0.0,0.0,0.0,71.0,0
0.05,259.0,215.0,183.0,249.5,208.5,178.5,10000.0,7000.0,5000.0,0.5,-8.400000000000006,-28.30000000000001,0.0,0.0,0.0,0.0,0.0,0.0,76.0,0
0.051000000000000004,269.0,222.0,187.0,259.5,215.5,183.5,10000.0,7000.0,4000.0,0.5,-7.400000000000006,-27.30000000000001,0.0,0.0,0.0,0.0,0.0,0.0,82.0,0
0.052000000000000005,279.0,229.0,192.0,269.5,222.5,187.5,10000.0,7000.0,5000.0,0.5,-6.400000000000006,-25.30000000000001,0.0,0.0,0.0,0.0,0.0,0.0,87.0,0
0.053,289.0,236.0,197.0,279.5,229.5,192.5,10000.0,7000.0,5000.0,0.5,-5.400000000000006,-24.30000000000001,0.0,0.0,0.0,0.0,0.0,0.0,92.0,0
0.054,298.0,243.0,201.0,289.5,236.5,197.5,9000.0,7000.0,4000.0,0.5,-4.400000000000006,-23.30000000000001,0.0,0.0,0.0,0.0,0.0,0.0,97.0,0
0.055,308.0,250.0,206.0,298.5,243.5,201.5,10000.0,7000.0,5000.0,0.5,-4.199999999999989,-21.900000000000006,0.0,0.0,0.0,0.0,0.0,0.0,102.0,0
0.056,318.0,258.0,210.0,308.5,250.5,206.5,10000.0,8000.0,4000.0,0.5,-3.1999999999999886,-20.900000000000006,0.0,0.0,0.0,0.0,0.0,0.0,108.0,0
0.057,328.0,265.0,215.0,318.5,258.5,210.5,10000.0,7000.0,5000.0,0.5,-3.1999999999999886,-18.900000000000006,0.0,0.0,0.0,0.0,0.0,0.0,113.0,0
0.058,338.0,272.0,220.0,328.5,265.5,215.5,10000.0,7000.0,5000.0,0.5,-2.1999999999999886,-17.900000000000006,0.0,0.0,0.0,0.0,0.0,0.0,118.0,0
0.059000000000000004,347.0,279.0,224.0,338.5,272.5,220.5,9000.0,7000.0,4000.0,0.5,-1.1999999999999886,-16.900000000000006,0.0,0.0,0.0,0.0,0.0,0.0,123.0,0
0.06,357.0,286.0,229.0,347.5,279.5,224.5,10000.0,7000.0,5000.0,0.5,-1.0,-15.5,0.0,0.0,0.0,0.0,0.0,0.0,128.0,0
0.061,367.0,293.0,234.0,357.5,286.5,229.5,10000.0,7000.0,5000.0,0.5,0.0,-14.5,0.0,0.0,0.0,0.0,0.0,0.0,133.0,0
0.062,377.0,301.0,238.0,367.5,293.5,234.5,10000.0,8000.0,4000.0,-0.125,0.5,-13.875,0.0,0.0,0.0,0.0,0.0,0.0,139.0,0
0.063,387.0,308.0,243.0,377.5,301.5,238.5,10000.0,7000.0,5000.0,-0.125,0.5,-11.875,0.0,0.0,0.0,0.0,0.0,0.0,144.0,0
0.064,396.0,315.0,248.0,387.5,308.5,243.5,9000.0,7000.0,5000.0,-1.375,0.5,-11.625,0.0,0.0,0.0,0.0,0.0,0.0,148.0,0
0.065,406.0,322.0,253.0,396.5,315.5,248.5,10000.0,7000.0,5000.0,-1.625,0.5,-11.375,0.0,0.0,0.0,0.0,0.0,0.0,153.0,0
0.066,416.0,329.0,257.0,406.5,322.5,253.5,10000.0,7000.0,4000.0,-2.875,0.5,-11.125,0.0,0.0,0.0,0.0,0.0,0.0,159.0,0
0.067,426.0,337.0,262.0,416.5,329.5,257.5,10000.0,8000.0,5000.0,-4.125,0.5,-9.875,0.0,0.0,0.0,0.0,0.0,0.0,164.0,0
0.068,436.0,344.0,267.0,426.5,337.5,262.5,10000.0,7000.0,5000.0,-4.125,0.5,-8.875,0.0,0.0,0.0,0.0,0.0,0.0,169.0,0
0.069,445.0,351.0,272.0,436.5,344.5,267.5,9000.0,7000.0,5000.0,-5.375,0.5,-8.625,0.0,0.0,0.0,0.0,0.0,0.0,173.0,0
0.07,455.0,358.0,277.0,445.5,351.5,272.5,10000.0,7000.0,5000.0,-5.625,0.5,-8.375,0.0,0.0,0.0,0.0,0.0,0.0,178.0,0
0.07100000000000001,465.0,365.0,282.0,455.5,358.5,277.5,10000.0,7000.0,5000.0,-6.875,0.5,-8.125,0.0,0.0,0.0,0.0,0.0,0.0,183.0,0
0.07200000000000001,475.0,372.0,288.0,465.5,365.5,282.5,10000.0,7000.0,6000.0,-8.125,0.5,-7.875,0.0,0.0,0.0,0.0,0.0,0.0,187.0,0
0.073,485.0,380.0,293.0,475.5,372.5,288.5,10000.0,8000.0,5000.0,-9.375,0.5,-8.625,0.0,0.0,0.0,0.0,0.0,0.0,192.0,0
0.074,494.0,387.0,298.0,485.5,380.5,293.5,9000.0,7000.0,5000.0,-9.375,0.5,-7.625,0.0,0.0,0.0,0.0,0.0,0.0,196.0,0
0.075,504.0,394.0,303.0,494.5,387.5,298.5,10000.0,7000.0,5000.0,-9.625,0.5,-7.375,0.0,0.0,0.0,0.0,0.0,0.0,201.0,0
0.076,514.0,401.0,308.0,504.5,394.5,303.5,10000.0,7000.0,5000.0,-10.875,0.5,-7.125,0.0,0.0,0.0,0.0,0.0,0.0,206.0,0
0.077,523.0,408.0,313.0,514.5,401.5,308.5,9000.0,7000.0,5000.0,-12.125,0.5,-6.875,0.0,0.0,0.0,0.0,0.0,0.0,210.0,0
0.078,532.0,416.0,318.0,523.5,408.5,313.5,9000.0,8000.0,5000.0,-12.375,0.5,-6.625,0.0,0.0,0.0,0.0,0.0,0.0,214.0,0
0.079,542.0,423.0,323.0,532.5,416.5,318.5,10000.0,7000.0,5000.0,-11.375,0.5,-5.625,0.0,0.0,0.0,0.0,0.0,0.0,219.0,0
0.08,551.0,430.0,328.0,542.5,423.5,323.5,9000.0,7000.0,5000.0,-12.625,0.5,-5.375,0.0,0.0,0.0,0.0,0.0,0.0,223.0,0
0.081,560.0,437.0,333.0,551.5,430.5,328.5,9000.0,7000.0,5000.0,-12.875,0.5,-5.125,0.0,0.0,0.0,0.0,0.0,0.0,227.0,0
0.082,570.0,444.0,338.0,560.5,437.5,333.5,10000.0,7000.0,5000.0,-13.125,0.5,-4.875,0.0,0.0,0.0,0.0,0.0,0.0,232.0,0
0.083,579.0,451.0,343.0,570.5,444.5,338.5,9000.0,7000.0,5000.0,-14.375,0.5,-4.625,0.0,0.0,0.0,0.0,0.0,0.0,236.0,0
0.084,588.0,459.0,348.0,579.5,451.5,343.5,9000.0,8000.0,5000.0,-14.625,0.5,-4.375,0.0,0.0,0.0,0.0,0.0,0.0,240.0,0
0.085,597.0,466.0,353.0,588.5,459.5,348.5,9000.0,7000.0,5000.0,-13.625,0.5,-3.375,0.0,0.0,0.0,0.0,0.0,0.0,244.0,0
0.08600000000000001,606.0,473.0,358.0,597.5,466.5,353.5,9000.0,7000.0,5000.0,-13.875,0.5,-3.125,0.0,0.0,0.0,0.0,0.0,0.0,248.0,0
0.08700000000000001,615.0,480.0,363.0,606.5,473.5,358.5,9000.0,7000.0,5000.0,-14.125,0.5,-2.875,0.0,0.0,0.0,0.0,0.0,0.0,252.0,0
0.088,624.0,487.0,368.0,615.5,480.5,363.5,9000.0,7000.0,5000.0,-14.375,0.5,-2.625,0.0,0.0,0.0,0.0,0.0,0.0,256.0,0
0.089,634.0,495.0,373.0,624.5,487.5,368.5,10000.0,8000.0,5000.0,-14.625,0.5,-2.375,0.0,0.0,0.0,0.0,0.0,0.0,261.0,0
0.09,643.0,502.0,378.0,634.5,495.5,373.5,9000.0,7000.0,5000.0,-14.625,0.5,-1.375,0.0,0.0,0.0,0.0,0.0,0.0,265.0,0
0.091,652.0,509.0,383.0,643.5,502.5,378.5,9000.0,7000.0,5000.0,-14.875,0.5,-1.125,0.0,0.0,0.0,0.0,0.0,0.0,269.0,0
0.092,661.0,516.0,388.0,652.5,509.5,383.5,9000.0,7000.0,5000.0,-15.125,0.5,-0.875,0.0,0.0,0.0,0.0,0.0,0.0,273.0,0
0.093,670.0,523.0,393.0,661.5,516.5,388.5,9000.0,7000.0,5000.0,-15.375,0.5,-0.625,0.0,0.0,0.0,0.0,0.0,0.0,277.0,0
0.094,679.0,531.0,398.0,670.5,523.5,393.5,9000.0,8000.0,5000.0,-15.625,0.5,-0.375,0.0,0.0,0.0,0.0,0.0,0.0,281.0,0
0.095,688.0,538.0,403.0,679.5,531.5,398.5,9000.0,7000.0,5000.0,-14.833333333333371,0.33333333333337123,0.5,0.0,0.0,0.0,0.0,0.0,0.0,285.0,0
0.096,697.0,545.0,408.0,688.5,538.5,403.5,9000.0,7000.0,5000.0,-15.5,0.0,0.5,0.0,0.0,0.0,0.0,0.0,0.0,289.0,0
0.097,706.0,552.0,413.0,697.5,545.5,408.5,9000.0,7000.0,5000.0,-16.16666666666663,-0.33333333333337123,0.5,0.0,0.0,0.0,0.0,0.0,0.0,293.0,0
0.098,715.0,559.0,418.0,706.5,552.5,413.5,9000.0,7000.0,5000.0,-16.83333333333337,-0.6666666666666288,0.5,0.0,0.0,0.0,0.0,0.0,0.0,297.0,0
0.099,724.0,566.0,423.0,715.5,559.5,418.5,9000.0,7000.0,5000.0,-17.5,-1.0,0.5,0.0,0.0,0.0,0.0,0.0,0.0,301.0,0
0.1,733.0,574.0,429.0,724.5,566.5,423.5,9000.0,8000.0,6000.0,-18.16666666666663,-1.3333333333333712,0.5,0.0,0.0,0.0,0.0,0.0,0.0,304.0,0
0.101,741.0,581.0,434.0,733.5,574.5,429.5,8000.0,7000.0,5000.0,-17.16666666666663,-1.3333333333333712,0.5,0.0,0.0,0.0,0.0,0.0,0.0,307.0,0
0.10200000000000001,750.0,588.0,439.0,741.5,581.5,434.5,9000.0,7000.0,5000.0,-16.83333333333337,-1.6666666666666288,0.5,0.0,0.0,0.0,0.0,0.0,0.0,311.0,0
0.10300000000000001,759.0,595.0,444.0,750.5,588.5,439.5,9000.0,7000.0,5000.0,-17.5,-2.0,0.5,0.0,0.0,0.0,0.0,0.0,0.0,315.0,0
0.10400000000000001,768.0,602.0,449.0,759.5,595.5,444.5,9000.0,7000.0,5000.0,-18.16666666666663,-2.3333333333333712,0.5,0.0,0.0,0.0,0.0,0.0,0.0,319.0,0
0.105,777.0,610.0,454.0,768.5,602.5,449.5,9000.0,8000.0,5000.0,-18.83333333333337,-2.6666666666666288,0.5,0.0,0.0,0.0,0.0,0.0,0.0,323.0,0
0.106,786.0,617.0,459.0,777.5,610.5,454.5,9000.0,7000.0,5000.0,-19.5,-4.0,0.5,0.0,0.0,0.0,0.0,0.0,0.0,327.0,0
0.107,794.0,624.0,464.0,786.5,617.5,459.5,8000.0,7000.0,5000.0,-20.16666666666663,-4.333333333333371,0.5,0.0,0.0,0.0,0.0,0.0,0.0,330.0,0
0.108,803.0,631.0,469.0,794.5,624.5,464.5,9000.0,7000.0,5000.0,-19.83333333333337,-4.666666666666629,0.5,0.0,0.0,0.0,0.0,0.0,0.0,334.0,0
0.109,812.0,638.0,474.0,803.5,631.5,469.5,9000.0,7000.0,5000.0,-20.5,-5.0,0.5,0.0,0.0,0.0,0.0,0.0,0.0,338.0,0
0.11,820.0,645.0,479.0,812.5,638.5,474.5,8000.0,7000.0,5000.0,-21.16666666666663,-5.333333333333371,0.5,0.0,0.0,0.0,0.0,0.0,0.0,341.0,0
0.111,829.0,653.0,484.0,820.5,645.5,479.5,9000.0,8000.0,5000.0,-20.83333333333337,-5.666666666666629,0.5,0.0,0.0,0.0,0.0,0.0,0.0,345.0,0
0.112,837.0,660.0,489.0,829.5,653.5,484.5,8000.0,7000.0,5000.0,-21.5,-7.0,0.5,0.0,0.0,0.0,0.0,0.0,0.0,348.0,0
0.113,846.0,667.0,494.0,837.5,660.5,489.5,9000.0,7000.0,5000.0,-21.16666666666663,-7.333333333333371,0.5,0.0,0.0,0.0,0.0,0.0,0.0,352.0,0
0.114,855.0,674.0,499.0,846.5,667.5,494.5,9000.0,7000.0,5000.0,-21.83333333333337,-7.666666666666629,0.5,0.0,0.0,0.0,0.0,0.0,0.0,356.0,0
0.115,863.0,681.0,504.0,855.5,674.5,499.5,8000.0,7000.0,5000.0,-22.5,-8.0,0.5,0.0,0.0,0.0,0.0,0.0,0.0,359.0,0
0.116,872.0,689.0,509.0,863.5,681.5,504.5,9000.0,8000.0,5000.0,-22.16666666666663,-8.333333333333371,0.5,0.0,0.0,0.0,0.0,0.0,0.0,363.0,0
0.117,880.0,696.0,514.0,872.5,689.5,509.5,8000.0,7000.0,5000.0,-22.83333333333337,-9.666666666666629,0.5,0.0,0.0,0.0,0.0,0.0,0.0,366.0,0
0.11800000000000001,888.0,703.0,519.0,880.5,696.5,514.5,8000.0,7000.0,5000.0,-22.5,-10.0,0.5,0.0,0.0,0.0,0.0,0.0,0.0,369.0,0
0.11900000000000001,897.0,710.0,524.0,888.5,703.5,519.5,9000.0,7000.0,5000.0,-22.16666666666663,-10.333333333333371,0.5,0.0,0.0,0.0,0.0,0.0,0.0,373.0,0
0.12,905.0,716.0,529.0,897.5,710.5,524.5,8000.0,6000.0,5000.0,-22.83333333333337,-10.666666666666629,0.5,0.0,0.0,0.0,0.0,0.0,0.0,376.0,0
0.121,914.0,723.0,534.0,905.5,716.5,529.5,9000.0,7000.0,5000.0,-22.5,-10.0,0.5,0.0,0.0,0.0,0.0,0.0,0.0,380.0,0
0.122,922.0,729.0,539.0,914.5,723.5,534.5,8000.0,6000.0,5000.0,-23.16666666666663,-10.333333333333371,0.5,0.0,0.0,0.0,0.0,0.0,0.0,383.0,0
0.123,930.0,735.0,544.0,922.5,729.5,539.5,8000.0,6000.0,5000.0,-22.83333333333337,-9.666666666666629,0.5,0.0,0.0,0.0,0.0,0.0,0.0,386.0,0
0.124,939.0,742.0,549.0,930.5,735.5,544.5,9000.0,7000.0,5000.0,-22.5,-9.0,0.5,0.0,0.0,0.0,0.0,0.0,0.0,390.0,0
0.125,947.0,749.0,554.0,939.5,742.5,549.5,8000.0,7000.0,5000.0,-23.16666666666663,-9.333333333333371,0.5,0.0,0.0,0.0,0.0,0.0,0.0,393.0,0
0.126,956.0,756.0,559.0,947.5,749.5,554.5,9000.0,7000.0,5000.0,-22.83333333333337,-9.666666666666629,0.5,0.0,0.0,0.0,0.0,0.0,0.0,397.0,0
0.127,964.0,763.0,564.0,956.5,756.5,559.5,8000.0,7000.0,5000.0,-23.5,-10.0,0.5,0.0,0.0,0.0,0.0,0.0,0.0,400.0,0
0.128,972.0,769.0,570.0,964.5,763.5,564.5,8000.0,6000.0,6000.0,-23.16666666666663,-10.333333333333371,0.5,0.0,0.0,0.0,0.0,0.0,0.0,402.0,0
0.129,980.0,776.0,575.0,972.5,769.5,570.5,8000.0,7000.0,5000.0,-21.16666666666663,-8.333333333333371,0.5,0.0,0.0,0.0,0.0,0.0,0.0,405.0,0
0.13,989.0,783.0,580.0,980.5,776.5,575.5,9000.0,7000.0,5000.0,-20.83333333333337,-8.666666666666629,0.5,0.0,0.0,0.0,0.0,0.0,0.0,409.0,0
0.131,997.0,790.0,585.0,989.5,783.5,580.5,8000.0,7000.0,5000.0,-21.5,-9.0,0.5,0.0,0.0,0.0,0.0,0.0,0.0,412.0,0
0.132,1005.0,797.0,590.0,997.5,790.5,585.5,8000.0,7000.0,5000.0,-21.16666666666663,-9.333333333333371,0.5,0.0,0.0,0.0,0.0,0.0,0.0,415.0,0
0.133,1014.0,804.0,595.0,1005.5,797.5,590.5,9000.0,7000.0,5000.0,-20.83333333333337,-9.666666666666629,0.5,0.0,0.0,0.0,0.0,0.0,0.0,419.0,0
0.134,1022.0,811.0,600.0,1014.5,804.5,595.5,8000.0,7000.0,5000.0,-21.5,-10.0,0.5,0.0,0.0,0.0,0.0,0.0,0.0,422.0,0
0.135,1030.0,818.0,605.0,1022.5,811.5,600.5,8000.0,7000.0,5000.0,-21.16666666666663,-10.333333333333371,0.5,0.0,0.0,0.0,0.0,0.0,0.0,425.0,0
0.136,1039.0,824.0,610.0,1030.5,818.5,605.5,9000.0,6000.0,5000.0,-20.83333333333337,-10.666666666666629,0.5,0.0,0.0,0.0,0.0,0.0,0.0,429.0,0
0.137,1047.0,831.0,615.0,1039.5,824.5,610.5,8000.0,7000.0,5000.0,-21.5,-10.0,0.5,0.0,0.0,0.0,0.0,0.0,0.0,432.0,0
0.138,1055.0,837.0,620.0,1047.5,831.5,615.5,8000.0,6000.0,5000.0,-21.166666666666742,-10.333333333333371,0.5,0.0,0.0,0.0,0.0,0.0,0.0,435.0,0
0.139,1063.0,843.0,625.0,1055.5,837.5,620.5,8000.0,6000.0,5000.0,-20.833333333333258,-9.666666666666629,0.5,0.0,0.0,0.0,0.0,0.0,0.0,438.0,0
0.14,1072.0,850.0,630.0,1063.5,843.5,625.5,9000.0,7000.0,5000.0,-20.5,-9.0,0.5,0.0,0.0,0.0,0.0,0.0,0.0,442.0,0
0.14100000000000001,1080.0,857.0,635.0,1072.5,850.5,630.5,8000.0,7000.0,5000.0,-21.166666666666742,-9.333333333333371,0.5,0.0,0.0,0.0,0.0,0.0,0.0,445.0,0
0.14200000000000002,1088.0,863.0,640.0,1080.5,857.5,635.5,8000.0,6000.0,5000.0,-20.833333333333258,-9.666666666666629,0.5,0.0,0.0,0.0,0.0,0.0,0.0,448.0,0
0.14300000000000002,1096.0,870.0,645.0,1088.5,863.5,640.5,8000.0,7000.0,5000.0,-20.5,-9.0,0.5,0.0,0.0,0.0,0.0,0.0,0.0,451.0,0
0.14400000000000002,1104.0,877.0,650.0,1096.5,870.5,645.5,8000.0,7000.0,5000.0,-20.166666666666742,-9.333333333333371,0.5,0.0,0.0,0.0,0.0,0.0,0.0,454.0,0
0.145,1113.0,884.0,655.0,1104.5,877.5,650.5,9000.0,7000.0,5000.0,-19.833333333333258,-9.666666666666629,0.5,0.0,0.0,0.0,0.0,0.0,0.0,458.0,0
0.146,1121.0,891.0,660.0,1113.5,884.5,655.5,8000.0,7000.0,5000.0,-20.5,-10.0,0.5,0.0,0.0,0.0,0.0,0.0,0.0,461.0,0
0.147,1129.0,898.0,665.0,1121.5,891.5,660.5,8000.0,7000.0,5000.0,-20.166666666666742,-10.333333333333371,0.5,0.0,0.0,0.0,0.0,0.0,0.0,464.0,0
0.148,1137.0,904.0,670.0,1129.5,898.5,665.5,8000.0,6000.0,5000.0,-19.833333333333258,-10.666666666666629,0.5,0.0,0.0,0.0,0.0,0.0,0.0,467.0,0
0.149,1145.0,911.0,675.0,1137.5,904.5,670.5,8000.0,7000.0,5000.0,-19.5,-10.0,0.5,0.0,0.0,0.0,0.0,0.0,0.0,470.0,0
0.15,1154.0,917.0,680.0,1145.5,911.5,675.5,9000.0,6000.0,5000.0,-19.166666666666742,-10.333333333333371,0.5,0.0,0.0,0.0,0.0,0.0,0.0,474.0,0
0.151,1162.0,923.0,685.0,1154.5,917.5,680.5,8000.0,6000.0,5000.0,-19.833333333333258,-9.666666666666629,0.5,0.0,0.0,0.0,0.0,0.0,0.0,477.0,0
0.152,1170.0,929.0,690.0,1162.5,923.5,685.5,8000.0,6000.0,5000.0,-19.5,-9.0,0.5,0.0,0.0,0.0,0.0,0.0,0.0,480.0,0
0.153,1178.0,936.0,695.0,1170.5,929.5,690.5,8000.0,7000.0,5000.0,-19.166666666666742,-8.333333333333371,0.5,0.0,0.0,0.0,0.0,0.0,0.0,483.0,0
0.154,1186.0,943.0,700.0,1178.5,936.5,695.5,8000.0,7000.0,5000.0,-18.833333333333258,-8.666666666666629,0.5,0.0,0.0,0.0,0.0,0.0,0.0,486.0,0
0.155,1194.0,950.0,705.0,1186.5,943.5,700.5,8000.0,7000.0,5000.0,-18.5,-9.0,0.5,0.0,0.0,0.0,0.0,0.0,0.0,489.0,0
0.156,1202.0,957.0,711.0,1194.5,950.5,705.5,8000.0,7000.0,6000.0,-18.166666666666742,-9.333333333333371,0.5,0.0,0.0,0.0,0.0,0.0,0.0,491.0,0
0.157,1211.0,964.0,716.0,1202.5,957.5,711.5,9000.0,7000.0,5000.0,-16.166666666666742,-8.333333333333371,0.5,0.0,0.0,0.0,0.0,0.0,0.0,495.0,0
0.158,1219.0,971.0,721.0,1211.5,964.5,716.5,8000.0,7000.0,5000.0,-16.833333333333258,-8.666666666666629,0.5,0.0,0.0,0.0,0.0,0.0,0.0,498.0,0
0.159,1227.0,978.0,726.0,1219.5,971.5,721.5,8000.0,7000.0,5000.0,-16.5,-9.0,0.5,0.0,0.0,0.0,0.0,0.0,0.0,501.0,0
0.16,1235.0,985.0,731.0,1227.5,978.5,726.5,8000.0,7000.0,5000.0,-16.166666666666742,-9.333333333333371,0.5,0.0,0.0,0.0,0.0,0.0,0.0,504.0,0
0.161,1243.0,991.0,736.0,1235.5,985.5,731.5,8000.0,6000.0,5000.0,-15.833333333333258,-9.666666666666629,0.5,0.0,0.0,0.0,0.0,0.0,0.0,507.0,0
0.162,1251.0,998.0,741.0,1243.5,991.5,736.5,8000.0,7000.0,5000.0,-15.5,-9.0,0.5,0.0,0.0,0.0,0.0,0.0,0.0,510.0,0
0.163,1260.0,1005.0,746.0,1251.5,998.5,741.5,9000.0,7000.0,5000.0,-15.166666666666742,-9.333333333333371,0.5,0.0,0.0,0.0,0.0,0.0,0.0,514.0,0
0.164,1268.0,1012.0,751.0,1260.5,1005.5,746.5,8000.0,7000.0,5000.0,-15.833333333333258,-9.666666666666629,0.5,0.0,0.0,0.0,0.0,0.0,0.0,517.0,0
0.165,1276.0,1019.0,756.0,1268.5,1012.5,751.5,8000.0,7000.0,5000.0,-15.5,-10.0,0.5,0.0,0.0,0.0,0.0,0.0,0.0,520.0,0
0.166,1284.0,1026.0,761.0,1276.5,1019.5,756.5,8000.0,7000.0,5000.0,-15.166666666666742,-10.333333333333371,0.5,0.0,0.0,0.0,0.0,0.0,0.0,523.0,0
0.167,1292.0,1032.0,766.0,1284.5,1026.5,761.5,8000.0,6000.0,5000.0,-14.833333333333258,-10.666666666666629,0.5,0.0,0.0,0.0,0.0,0.0,0.0,526.0,0
0.168,1301.0,1038.0,771.0,1292.5,1032.5,766.5,9000.0,6000.0,5000.0,-14.5,-10.0,0.5,0.0,0.0,0.0,0.0,0.0,0.0,530.0,0
0.169,1309.0,1044.0,776.0,1301.5,1038.5,771.5,8000.0,6000.0,5000.0,-15.166666666666742,-9.333333333333258,0.5,0.0,0.0,0.0,0.0,0.0,0.0,533.0,0
0.17,1317.0,1051.0,781.0,1309.5,1044.5,776.5,8000.0,7000.0,5000.0,-14.833333333333258,-8.666666666666742,0.5,0.0,0.0,0.0,0.0,0.0,0.0,536.0,0
0.171,1325.0,1058.0,786.0,1317.5,1051.5,781.5,8000.0,7000.0,5000.0,-14.5,-9.0,0.5,0.0,0.0,0.0,0.0,0.0,0.0,539.0,0
0.17200000000000001,1333.0,1065.0,791.0,1325.5,1058.5,786.5,8000.0,7000.0,5000.0,-14.166666666666742,-9.333333333333258,0.5,0.0,0.0,0.0,0.0,0.0,0.0,542.0,0
0.17300000000000001,1341.0,1071.0,796.0,1333.5,1065.5,791.5,8000.0,6000.0,5000.0,-13.833333333333258,-9.666666666666742,0.5,0.0,0.0,0.0,0.0,0.0,0.0,545.0,0
0.17400000000000002,1349.0,1078.0,801.0,1341.5,1071.5,796.5,8000.0,7000.0,5000.0,-13.5,-9.0,0.5,0.0,0.0,0.0,0.0,0.0,0.0,548.0,0
0.17500000000000002,1358.0,1085.0,806.0,1349.5,1078.5,801.5,9000.0,7000.0,5000.0,-13.166666666666742,-9.333333333333258,0.5,0.0,0.0,0.0,0.0,0.0,0.0,552.0,0
0.176,1366.0,1092.0,811.0,1358.5,1085.5,806.5,8000.0,7000.0,5000.0,-13.833333333333258,-9.666666666666742,0.5,0.0,0.0,0.0,0.0,0.0,0.0,555.0,0
0.177,1374.0,1099.0,816.0,1366.5,1092.5,811.5,8000.0,7000.0,5000.0,-13.5,-10.0,0.5,0.0,0.0,0.0,0.0,0.0,0.0,558.0,0
0.178,1382.0,1105.0,821.0,1374.5,1099.5,816.5,8000.0,6000.0,5000.0,-13.166666666666742,-10.333333333333258,0.5,0.0,0.0,0.0,0.0,0.0,0.0,561.0,0
0.179,1390.0,1112.0,826.0,1382.5,1105.5,821.5,8000.0,7000.0,5000.0,-12.833333333333258,-9.666666666666742,0.5,0.0,0.0,0.0,0.0,0.0,0.0,564.0,0
0.18,1398.0,1118.0,831.0,1390.5,1112.5,826.5,8000.0,6000.0,5000.0,-12.5,-10.0,0.5,0.0,0.0,0.0,0.0,0.0,0.0,567.0,0
0.181,1406.0,1125.0,836.0,1398.5,1118.5,831.5,8000.0,7000.0,5000.0,-12.166666666666742,-9.333333333333258,0.5,0.0,0.0,0.0,0.0,0.0,0.0,570.0,0
0.182,1415.0,1132.0,841.0,1406.5,1125.5,836.5,9000.0,7000.0,5000.0,-11.833333333333258,-9.666666666666742,0.5,0.0,0.0,0.0,0.0,0.0,0.0,574.0,0
0.183,1423.0,1139.0,846.0,1415.5,1132.5,841.5,8000.0,7000.0,5000.0,-12.5,-10.0,0.5,0.0,0.0,0.0,0.0,0.0,0.0,577.0,0
0.184,1431.0,1145.0,852.0,1423.5,1139.5,846.5,8000.0,6000.0,6000.0,-12.166666666666742,-10.333333333333258,0.5,0.0,0.0,0.0,0.0,0.0,0.0,579.0,0
0.185,1439.0,1152.0,857.0,1431.5,1145.5,852.5,8000.0,7000.0,5000.0,-10.166666666666742,-8.333333333333258,0.5,0.0,0.0,0.0,0.0,0.0,0.0,582.0,0
0.186,1448.0,1158.0,862.0,1439.5,1152.5,857.5,9000.0,6000.0,5000.0,-9.833333333333258,-8.666666666666742,0.5,0.0,0.0,0.0,0.0,0.0,0.0,586.0,0
0.187,1456.0,1165.0,867.0,1448.5,1158.5,862.5,8000.0,7000.0,5000.0,-10.5,-8.0,0.5,0.0,0.0,0.0,0.0,0.0,0.0,589.0,0
0.188,1464.0,1172.0,872.0,1456.5,1165.5,867.5,8000.0,7000.0,5000.0,-10.166666666666742,-8.333333333333258,0.5,0.0,0.0,0.0,0.0,0.0,0.0,592.0,0
0.189,1472.0,1179.0,877.0,1464.5,1172.5,872.5,8000.0,7000.0,5000.0,-9.833333333333258,-8.666666666666742,0.5,0.0,0.0,0.0,0.0,0.0,0.0,595.0,0
0.19,1481.0,1186.0,882.0,1472.5,1179.5,877.5,9000.0,7000.0,5000.0,-9.5,-9.0,0.5,0.0,0.0,0.0,0.0,0.0,0.0,599.0,0
0.191,1489.0,1192.0,887.0,1481.5,1186.5,882.5,8000.0,6000.0,5000.0,-10.166666666666742,-9.333333333333258,0.5,0.0,0.0,0.0,0.0,0.0,0.0,602.0,0
0.192,1498.0,1199.0,892.0,1489.5,1192.5,887.5,9000.0,7000.0,5000.0,-9.833333333333258,-8.666666666666742,0.5,0.0,0.0,0.0,0.0,0.0,0.0,606.0,0
0.193,1506.0,1206.0,897.0,1498.5,1199.5,892.5,8000.0,7000.0,5000.0,-10.5,-9.0,0.5,0.0,0.0,0.0,0.0,0.0,0.0,609.0,0
0.194,1514.0,1213.0,902.0,1506.5,1206.5,897.5,8000.0,7000.0,5000.0,-10.166666666666742,-9.333333333333258,0.5,0.0,0.0,0.0,0.0,0.0,0.0,612.0,0
0.195,1523.0,1220.0,907.0,1514.5,1213.5,902.5,9000.0,7000.0,5000.0,-9.833333333333258,-9.666666666666742,0.5,0.0,0.0,0.0,0.0,0.0,0.0,616.0,0
0.196,1531.0,1226.0,912.0,1523.5,1220.5,907.5,8000.0,6000.0,5000.0,-10.5,-10.0,0.5,0.0,0.0,0.0,0.0,0.0,0.0,619.0,0
0.197,1539.0,1233.0,917.0,1531.5,1226.5,912.5,8000.0,7000.0,5000.0,-10.166666666666742,-9.333333333333258,0.5,0.0,0.0,0.0,0.0,0.0,0.0,622.0,0
0.198,1548.0,1240.0,922.0,1539.5,1233.5,917.5,9000.0,7000.0,5000.0,-9.833333333333258,-9.666666666666742,0.5,0.0,0.0,0.0,0.0,0.0,0.0,626.0,0
0.199,1556.0,1246.0,927.0,1548.5,1240.5,922.5,8000.0,6000.0,5000.0,-10.5,-10.0,0.5,0.0,0.0,0.0,0.0,0.0,0.0,629.0,0
0.2,1564.0,1253.0,932.0,1556.5,1246.5,927.5,8000.0,7000.0,5000.0,-10.166666666666742,-9.333333333333258,0.5,0.0,0.0,0.0,0.0,0.0,0.0,632.0,0
0.201,1572.0,1260.0,937.0,1564.5,1253.5,932.5,8000.0,7000.0,5000.0,-9.833333333333258,-9.666666666666742,0.5,0.0,0.0,0.0,0.0,0.0,0.0,635.0,0
0.202,1581.0,1267.0,942.0,1572.5,1260.5,937.5,9000.0,7000.0,5000.0,-9.5,-10.0,0.5,0.0,0.0,0.0,0.0,0.0,0.0,639.0,0
0.203,1589.0,1273.0,947.0,1581.5,1267.5,942.5,8000.0,6000.0,5000.0,-10.166666666666742,-10.333333333333258,0.5,0.0,0.0,0.0,0.0,0.0,0.0,642.0,0
0.20400000000000001,1598.0,1279.0,952.0,1589.5,1273.5,947.5,9000.0,6000.0,5000.0,-9.833333333333258,-9.666666666666742,0.5,0.0,0.0,0.0,0.0,0.0,0.0,646.0,0
0.20500000000000002,1606.0,1286.0,957.0,1598.5,1279.5,952.5,8000.0,7000.0,5000.0,-10.5,-9.0,0.5,0.0,0.0,0.0,0.0,0.0,0.0,649.0,0
0.20600000000000002,1614.0,1293.0,962.0,1606.5,1286.5,957.5,8000.0,7000.0,5000.0,-10.166666666666742,-9.333333333333258,0.5,0.0,0.0,0.0,0.0,0.0,0.0,652.0,0
0.20700000000000002,1623.0,1300.0,967.0,1614.5,1293.5,962.5,9000.0,7000.0,5000.0,-9.833333333333258,-9.666666666666742,0.5,0.0,0.0,0.0,0.0,0.0,0.0,656.0,0
0.20800000000000002,1631.0,1306.0,972.0,1623.5,1300.5,967.5,8000.0,6000.0,5000.0,-10.5,-10.0,0.5,0.0,0.0,0.0,0.0,0.0,0.0,659.0,0
0.209,1639.0,1313.0,977.0,1631.5,1306.5,972.5,8000.0,7000.0,5000.0,-10.166666666666742,-9.333333333333258,0.5,0.0,0.0,0.0,0.0,0.0,0.0,662.0,0
0.21,1647.0,1320.0,982.0,1639.5,1313.5,977.5,8000.0,7000.0,5000.0,-9.833333333333258,-9.666666666666742,0.5,0.0,0.0,0.0,0.0,0.0,0.0,665.0,0
0.211,1656.0,1326.0,987.0,1647.5,1320.5,982.5,9000.0,6000.0,5000.0,-9.5,-10.0,0.5,0.0,0.0,0.0,0.0,0.0,0.0,669.0,0
0.212,1664.0,1333.0,993.0,1656.5,1326.5,987.5,8000.0,7000.0,6000.0,-10.166666666666742,-9.333333333333258,0.5,0.0,0.0,0.0,0.0,0.0,0.0,671.0,0
0.213,1673.0,1340.0,998.0,1664.5,1333.5,993.5,9000.0,7000.0,5000.0,-8.166666666666742,-8.333333333333258,0.5,0.0,0.0,0.0,0.0,0.0,0.0,675.0,0
0.214,1681.0,1346.0,1003.0,1673.5,1340.5,998.5,8000.0,6000.0,5000.0,-8.833333333333258,-8.666666666666742,0.5,0.0,0.0,0.0,0.0,0.0,0.0,678.0,0
0.215,1690.0,1353.0,1008.0,1681.5,1346.5,1003.5,9000.0,7000.0,5000.0,-8.5,-8.0,0.5,0.0,0.0,0.0,0.0,0.0,0.0,682.0,0
0.216,1698.0,1360.0,1013.0,1690.5,1353.5,1008.5,8000.0,7000.0,5000.0,-9.166666666666742,-8.333333333333258,0.5,0.0,0.0,0.0,0.0,0.0,0.0,685.0,0
0.217,1707.0,1367.0,1018.0,1698.5,1360.5,1013.5,9000.0,7000.0,5000.0,-8.833333333333258,-8.666666666666742,0.5,0.0,0.0,0.0,0.0,0.0,0.0,689.0,0
0.218,1715.0,1373.0,1023.0,1707.5,1367.5,1018.5,8000.0,6000.0,5000.0,-9.5,-9.0,0.5,0.0,0.0,0.0,0.0,0.0,0.0,692.0,0
0.219,1724.0,1380.0,1028.0,1715.5,1373.5,1023.5,9000.0,7000.0,5000.0,-9.166666666666742,-8.333333333333258,0.5,0.0,0.0,0.0,0.0,0.0,0.0,696.0,0
0.22,1732.0,1387.0,1033.0,1724.5,1380.5,1028.5,8000.0,7000.0,5000.0,-9.833333333333258,-8.666666666666742,0.5,0.0,0.0,0.0,0.0,0.0,0.0,699.0,0
0.221,1741.0,1393.0,1038.0,1732.5,1387.5,1033.5,9000.0,6000.0,5000.0,-9.5,-9.0,0.5,0.0,0.0,0.0,0.0,0.0,0.0,703.0,0
0.222,1749.0,1400.0,1043.0,1741.5,1393.5,1038.5,8000.0,7000.0,5000.0,-10.166666666666742,-8.333333333333258,0.5,0.0,0.0,0.0,0.0,0.0,0.0,706.0,0
0.223,1758.0,1407.0,1048.0,1749.5,1400.5,1043.5,9000.0,7000.0,5000.0,-9.833333333333258,-8.666666666666742,0.5,0.0,0.0,0.0,0.0,0.0,0.0,710.0,0
0.224,1766.0,1414.0,1053.0,1758.5,1407.5,1048.5,8000.0,7000.0,5000.0,-10.5,-9.0,0.5,0.0,0.0,0.0,0.0,0.0,0.0,713.0,0
0.225,1774.0,1420.0,1058.0,1766.5,1414.5,1053.5,8000.0,6000.0,5000.0,-10.166666666666742,-9.333333333333258,0.5,0.0,0.0,0.0,0.0,0.0,0.0,716.0,0
0.226,1782.0,1427.0,1063.0,1774.5,1420.5,1058.5,8000.0,7000.0,5000.0,-9.833333333333258,-8.666666666666742,0.5,0.0,0.0,0.0,0.0,0.0,0.0,719.0,0
0.227,1791.0,1434.0,1068.0,1782.5,1427.5,1063.5,9000.0,7000.0,5000.0,-9.5,-9.0,0.5,0.0,0.0,0.0,0.0,0.0,0.0,723.0,0
0.228,1799.0,1440.0,1073.0,1791.5,1434.5,1068.5,8000.0,6000.0,5000.0,-10.166666666666742,-9.333333333333258,0.5,0.0,0.0,0.0,0.0,0.0,0.0,726.0,0
0.229,1808.0,1447.0,1078.0,1799.5,1440.5,1073.5,9000.0,7000.0,5000.0,-9.833333333333258,-8.666666666666742,0.5,0.0,0.0,0.0,0.0,0.0,0.0,730.0,0
0.23,1816.0,1454.0,1083.0,1808.5,1447.5,1078.5,8000.0,7000.0,5000.0,-10.5,-9.0,0.5,0.0,0.0,0.0,0.0,0.0,0.0,733.0,0
0.231,1824.0,1461.0,1088.0,1816.5,1454.5,1083.5,8000.0,7000.0,5000.0,-10.166666666666742,-9.333333333333258,0.5,0.0,0.0,0.0,0.0,0.0,0.0,736.0,0
0.232,1832.0,1467.0,1093.0,1824.5,1461.5,1088.5,8000.0,6000.0,5000.0,-9.833333333333258,-9.666666666666742,0.5,0.0,0.0,0.0,0.0,0.0,0.0,739.0,0
0.233,1841.0,1474.0,1098.0,1832.5,1467.5,1093.5,9000.0,7000.0,5000.0,-9.5,-9.0,0.5,0.0,0.0,0.0,0.0,0.0,0.0,743.0,0
0.234,1849.0,1481.0,1103.0,1841.5,1474.5,1098.5,8000.0,7000.0,5000.0,-10.166666666666742,-9.333333333333258,0.5,0.0,0.0,0.0,0.0,0.0,0.0,746.0,0
0.23500000000000001,1858.0,1487.0,1108.0,1849.5,1481.5,1103.5,9000.0,6000.0,5000.0,-9.833333333333258,-9.666666666666742,0.5,0.0,0.0,0.0,0.0,0.0,0.0,750.0,0
0.23600000000000002,1866.0,1494.0,1113.0,1858.5,1487.5,1108.5,8000.0,7000.0,5000.0,-10.5,-9.0,0.5,0.0,0.0,0.0,0.0,0.0,0.0,753.0,0
0.23700000000000002,1874.0,1501.0,1118.0,1866.5,1494.5,1113.5,8000.0,7000.0,5000.0,-10.166666666666742,-9.333333333333258,0.5,0.0,0.0,0.0,0.0,0.0,0.0,756.0,0
0.23800000000000002,1882.0,1508.0,1123.0,1874.5,1501.5,1118.5,8000.0,7000.0,5000.0,-9.833333333333258,-9.666666666666742,0.5,0.0,0.0,0.0,0.0,0.0,0.0,759.0,0
0.23900000000000002,1891.0,1514.0,1128.0,1882.5,1508.5,1123.5,9000.0,6000.0,5000.0,-9.5,-10.0,0.5,0.0,0.0,0.0,0.0,0.0,0.0,763.0,0
0.24,1899.0,1521.0,1134.0,1891.5,1514.5,1128.5,8000.0,7000.0,6000.0,-10.166666666666742,-9.333333333333258,0.5,0.0,0.0,0.0,0.0,0.0,0.0,765.0,0
0.241,1907.0,1527.0,1139.0,1899.5,1521.5,1134.5,8000.0,6000.0,5000.0,-8.166666666666742,-8.333333333333258,0.5,0.0,0.0,0.0,0.0,0.0,0.0,768.0,0
0.242,1916.0,1534.0,1144.0,1907.5,1527.5,1139.5,9000.0,7000.0,5000.0,-7.8333333333332575,-7.6666666666667425,0.5,0.0,0.0,0.0,0.0,0.0,0.0,772.0,0
0.243,1924.0,1541.0,1149.0,1916.5,1534.5,1144.5,8000.0,7000.0,5000.0,-8.5,-8.0,0.5,0.0,0.0,0.0,0.0,0.0,0.0,775.0,0
0.244,1933.0,1548.0,1154.0,1924.5,1541.5,1149.5,9000.0,7000.0,5000.0,-8.166666666666742,-8.333333333333258,0.5,0.0,0.0,0.0,0.0,0.0,0.0,779.0,0
0.245,1941.0,1554.0,1159.0,1933.5,1548.5,1154.5,8000.0,6000.0,5000.0,-8.833333333333258,-8.666666666666742,0.5,0.0,0.0,0.0,0.0,0.0,0.0,782.0,0
0.246,1950.0,1561.0,1164.0,1941.5,1554.5,1159.5,9000.0,7000.0,5000.0,-8.5,-8.0,0.5,0.0,0.0,0.0,0.0,0.0,0.0,786.0,0
0.247,1958.0,1568.0,1169.0,1950.5,1561.5,1164.5,8000.0,7000.0,5000.0,-9.166666666666742,-8.333333333333258,0.5,0.0,0.0,0.0,0.0,0.0,0.0,789.0,0
0.248,1967.0,1574.0,1174.0,1958.5,1568.5,1169.5,9000.0,6000.0,5000.0,-8.833333333333258,-8.666666666666742,0.5,0.0,0.0,0.0,0.0,0.0,0.0,793.0,0
0.249,1975.0,1581.0,1179.0,1967.5,1574.5,1174.5,8000.0,7000.0,5000.0,-9.5,-8.0,0.5,0.0,0.0,0.0,0.0,0.0,0.0,796.0,0
0.25,1984.0,1588.0,1184.0,1975.5,1581.5,1179.5,9000.0,7000.0,5000.0,-9.166666666666742,-8.333333333333258,0.5,0.0,0.0,0.0,0.0,0.0,0.0,800.0,0
0.251,1992.0,1594.0,1189.0,1984.5,1588.5,1184.5,8000.0,6000.0,5000.0,-9.833333333333258,-8.666666666666742,0.5,0.0,0.0,0.0,0.0,0.0,0.0,803.0,0
0.252,2000.0,1601.0,1194.0,1992.5,1594.5,1189.5,8000.0,7000.0,5000.0,-9.5,-8.0,0.5,0.0,0.0,0.0,0.0,0.0,0.0,806.0,0
0.253,2009.0,1608.0,1199.0,2000.5,1601.5,1194.5,9000.0,7000.0,5000.0,-9.166666666666742,-8.333333333333258,0.5,0.0,0.0,0.0,0.0,0.0,0.0,810.0,0
0.254,2017.0,1615.0,1204.0,2009.5,1608.5,1199.5,8000.0,7000.0,5000.0,-9.833333333333258,-8.666666666666742,0.5,0.0,0.0,0.0,0.0,0.0,0.0,813.0,0
0.255,2026.0,1621.0,1209.0,2017.5,1615.5,1204.5,9000.0,6000.0,5000.0,-9.5,-9.0,0.5,0.0,0.0,0.0,0.0,0.0,0.0,817.0,0
0.256,2034.0,1628.0,1214.0,2026.5,1621.5,1209.5,8000.0,7000.0,5000.0,-10.166666666666742,-8.333333333333258,0.5,0.0,0.0,0.0,0.0,0.0,0.0,820.0,0
0.257,2043.0,1635.0,1219.0,2034.5,1628.5,1214.5,9000.0,7000.0,5000.0,-9.833333333333258,-8.666666666666742,0.5,0.0,0.0,0.0,0.0,0.0,0.0,824.0,0
0.258,2051.0,1641.0,1224.0,2043.5,1635.5,1219.5,8000.0,6000.0,5000.0,-10.5,-9.0,0.5,0.0,0.0,0.0,0.0,0.0,0.0,827.0,0
0.259,2059.0,1648.0,1229.0,2051.5,1641.5,1224.5,8000.0,7000.0,5000.0,-10.166666666666742,-8.333333333333258,0.5,0.0,0.0,0.0,0.0,0.0,0.0,830.0,0
0.26,2067.0,1655.0,1234.0,2059.5,1648.5,1229.5,8000.0,7000.0,5000.0,-9.833333333333485,-8.666666666666742,0.5,0.0,0.0,0.0,0.0,0.0,0.0,833.0,0
0.261,2076.0,1661.0,1239.0,2067.5,1655.5,1234.5,9000.0,6000.0,5000.0,-9.5,-9.0,0.5,0.0,0.0,0.0,0.0,0.0,0.0,837.0,0
0.262,2084.0,1668.0,1244.0,2076.5,1661.5,1239.5,8000.0,7000.0,5000.0,-10.166666666666515,-8.333333333333258,0.5,0.0,0.0,0.0,0.0,0.0,0.0,840.0,0
0.263,2092.0,1675.0,1249.0,2084.5,1668.5,1244.5,8000.0,7000.0,5000.0,-9.833333333333485,-8.666666666666742,0.5,0.0,0.0,0.0,0.0,0.0,0.0,843.0,0
0.264,2101.0,1682.0,1254.0,2092.5,1675.5,1249.5,9000.0,7000.0,5000.0,-9.5,-9.0,0.5,0.0,0.0,0.0,0.0,0.0,0.0,847.0,0
0.265,2109.0,1688.0,1259.0,2101.5,1682.5,1254.5,8000.0,6000.0,5000.0,-10.166666666666515,-9.333333333333258,0.5,0.0,0.0,0.0,0.0,0.0,0.0,850.0,0
0.266,2117.0,1695.0,1264.0,2109.5,1688.5,1259.5,8000.0,7000.0,5000.0,-9.833333333333485,-8.666666666666742,0.5,0.0,0.0,0.0,0.0,0.0,0.0,853.0,0
0.267,2126.0,1702.0,1269.0,2117.5,1695.5,1264.5,9000.0,7000.0,5000.0,-9.5,-9.0,0.5,0.0,0.0,0.0,0.0,0.0,0.0,857.0,0
0.268,2134.0,1708.0,1274.0,2126.5,1702.5,1269.5,8000.0,6000.0,5000.0,-10.166666666666515,-9.333333333333258,0.5,0.0,0.0,0.0,0.0,0.0,0.0,860.0,0
0.269,2142.0,1715.0,1280.0,2134.5,1708.5,1274.5,8000.0,7000.0,6000.0,-9.833333333333485,-8.666666666666742,0.5,0.0,0.0,0.0,0.0,0.0,0.0,862.0,0
0.27,2151.0,1722.0,1285.0,2142.5,1715.5,1280.5,9000.0,7000.0,5000.0,-7.833333333333485,-7.6666666666667425,0.5,0.0,0.0,0.0,0.0,0.0,0.0,866.0,0
0.271,2159.0,1728.0,1290.0,2151.5,1722.5,1285.5,8000.0,6000.0,5000.0,-8.5,-8.0,0.5,0.0,0.0,0.0,0.0,0.0,0.0,869.0,0
0.272,2168.0,1735.0,1295.0,2159.5,1728.5,1290.5,9000.0,7000.0,5000.0,-8.166666666666515,-7.3333333333332575,0.5,0.0,0.0,0.0,0.0,0.0,0.0,873.0,0
0.273,2176.0,1742.0,1300.0,2168.5,1735.5,1295.5,8000.0,7000.0,5000.0,-8.833333333333485,-7.6666666666667425,0.5,0.0,0.0,0.0,0.0,0.0,0.0,876.0,0
0.274,2184.0,1749.0,1305.0,2176.5,1742.5,1300.5,8000.0,7000.0,5000.0,-8.5,-8.0,0.5,0.0,0.0,0.0,0.0,0.0,0.0,879.0,0
0.275,2193.0,1755.0,1310.0,2184.5,1749.5,1305.5,9000.0,6000.0,5000.0,-8.166666666666515,-8.333333333333258,0.5,0.0,0.0,0.0,0.0,0.0,0.0,883.0,0
0.276,2201.0,1762.0,1315.0,2193.5,1755.5,1310.5,8000.0,7000.0,5000.0,-8.833333333333485,-7.6666666666667425,0.5,0.0,0.0,0.0,0.0,0.0,0.0,886.0,0
0.277,2210.0,1769.0,1320.0,2201.5,1762.5,1315.5,9000.0,7000.0,5000.0,-8.5,-8.0,0.5,0.0,0.0,0.0,0.0,0.0,0.0,890.0,0
0.278,2218.0,1775.0,1325.0,2210.5,1769.5,1320.5,8000.0,6000.0,5000.0,-9.166666666666515,-8.333333333333258,0.5,0.0,0.0,0.0,0.0,0.0,0.0,893.0,0
0.279,2227.0,1782.0,1330.0,2218.5,1775.5,1325.5,9000.0,7000.0,5000.0,-8.833333333333485,-7.6666666666667425,0.5,0.0,0.0,0.0,0.0,0.0,0.0,897.0,0
0.28,2235.0,1789.0,1335.0,2227.5,1782.5,1330.5,8000.0,7000.0,5000.0,-9.5,-8.0,0.5,0.0,0.0,0.0,0.0,0.0,0.0,900.0,0
0.281,2243.0,1795.0,1340.0,2235.5,1789.5,1335.5,8000.0,6000.0,5000.0,-9.166666666666515,-8.333333333333258,0.5,0.0,0.0,0.0,0.0,0.0,0.0,903.0,0
0.28200000000000003,2252.0,1802.0,1345.0,2243.5,1795.5,1340.5,9000.0,7000.0,5000.0,-8.833333333333485,-7.6666666666667425,0.5,0.0,0.0,0.0,0.0,0.0,0.0,907.0,0
0.28300000000000003,2260.0,1809.0,1350.0,2252.5,1802.5,1345.5,8000.0,7000.0,5000.0,-9.5,-8.0,0.5,0.0,0.0,0.0,0.0,0.0,0.0,910.0,0
0.28400000000000003,2269.0,1816.0,1355.0,2260.5,1809.5,1350.5,9000.0,7000.0,5000.0,-9.166666666666515,-8.333333333333258,0.5,0.0,0.0,0.0,0.0,0.0,0.0,914.0,0
0.28500000000000003,2277.0,1822.0,1360.0,2269.5,1816.5,1355.5,8000.0,6000.0,5000.0,-9.833333333333485,-8.666666666666742,0.5,0.0,0.0,0.0,0.0,0.0,0.0,917.0,0
0.28600000000000003,2286.0,1829.0,1365.0,2277.5,1822.5,1360.5,9000.0,7000.0,5000.0,-9.5,-8.0,0.5,0.0,0.0,0.0,0.0,0.0,0.0,921.0,0
0.28700000000000003,2294.0,1836.0,1370.0,2286.5,1829.5,1365.5,8000.0,7000.0,5000.0,-10.166666666666515,-8.333333333333258,0.5,0.0,0.0,0.0,0.0,0.0,0.0,924.0,0
0.28800000000000003,2302.0,1842.0,1375.0,2294.5,1836.5,1370.5,8000.0,6000.0,5000.0,-9.833333333333485,-8.666666666666742,0.5,0.0,0.0,0.0,0.0,0.0,0.0,927.0,0
0.289,2311.0,1849.0,1380.0,2302.5,1842.5,1375.5,9000.0,7000.0,5000.0,-9.5,-8.0,0.5,0.0,0.0,0.0,0.0,0.0,0.0,931.0,0
0.29,2319.0,1856.0,1385.0,2311.5,1849.5,1380.5,8000.0,7000.0,5000.0,-10.166666666666515,-8.333333333333258,0.5,0.0,0.0,0.0,0.0,0.0,0.0,934.0,0
0.291,2327.0,1862.0,1390.0,2319.5,1856.5,1385.5,8000.0,6000.0,5000.0,-9.833333333333485,-8.666666666666742,0.5,0.0,0.0,0.0,0.0,0.0,0.0,937.0,0
0.292,2336.0,1869.0,1395.0,2327.5,1862.5,1390.5,9000.0,7000.0,5000.0,-9.5,-8.0,0.5,0.0,0.0,0.0,0.0,0.0,0.0,941.0,0
0.293,2344.0,1876.0,1400.0,2336.5,1869.5,1395.5,8000.0,7000.0,5000.0,-10.166666666666515,-8.333333333333258,0.5,0.0,0.0,0.0,0.0,0.0,0.0,944.0,0
0.294,2352.0,1883.0,1405.0,2344.5,1876.5,1400.5,8000.0,7000.0,5000.0,-9.833333333333485,-8.666666666666742,0.5,0.0,0.0,0.0,0.0,0.0,0.0,947.0,0
0.295,2361.0,1889.0,1410.0,2352.5,1883.5,1405.5,9000.0,6000.0,5000.0,-9.5,-9.0,0.5,0.0,0.0,0.0,0.0,0.0,0.0,951.0,0
0.296,2369.0,1896.0,1415.0,2361.5,1889.5,1410.5,8000.0,7000.0,5000.0,-10.166666666666515,-8.333333333333258,0.5,0.0,0.0,0.0,0.0,0.0,0.0,954.0,0
0.297,2377.0,1903.0,1421.0,2369.5,1896.5,1415.5,8000.0,7000.0,6000.0,-9.833333333333485,-8.666666666666742,0.5,0.0,0.0,0.0,0.0,0.0,0.0,956.0,0
0.298,2386.0,1909.0,1426.0,2377.5,1903.5,1421.5,9000.0,6000.0,5000.0,-7.833333333333485,-7.6666666666667425,0.5,0.0,0.0,0.0,0.0,0.0,0.0,960.0,0
0.299,2394.0,1916.0,1431.0,2386.5,1909.5,1426.5,8000.0,7000.0,5000.0,-8.5,-7.0,0.5,0.0,0.0,0.0,0.0,0.0,0.0,963.0,0
0.3,2402.0,1923.0,1436.0,2394.5,1916.5,1431.5,8000.0,7000.0,5000.0,-8.166666666666515,-7.3333333333332575,0.5,0.0,0.0,0.0,0.0,0.0,0.0,966.0,0
0.301,2411.0,1929.0,1441.0,2402.5,1923.5,1436.5,9000.0,6000.0,5000.0,-7.833333333333485,-7.6666666666667425,0.5,0.0,0.0,0.0,0.0,0.0,0.0,970.0,0
0.302,2419.0,1936.0,1446.0,2411.5,1929.5,1441.5,8000.0,7000.0,5000.0,-8.5,-7.0,0.5,0.0,0.0,0.0,0.0,0.0,0.0,973.0,0
0.303,2428.0,1943.0,1451.0,2419.5,1936.5,1446.5,9000.0,7000.0,5000.0,-8.166666666666515,-7.3333333333332575,0.5,0.0,0.0,0.0,0.0,0.0,0.0,977.0,0
0.304,2436.0,1950.0,1456.0,2428.5,1943.5,1451.5,8000.0,7000.0,5000.0,-8.833333333333485,-7.6666666666667425,0.5,0.0,0.0,0.0,0.0,0.0,0.0,980.0,0
0.305,2444.0,1956.0,1461.0,2436.5,1950.5,1456.5,8000.0,6000.0,5000.0,-8.5,-8.0,0.5,0.0,0.0,0.0,0.0,0.0,0.0,983.0,0
0.306,2453.0,1963.0,1466.0,2444.5,1956.5,1461.5,9000.0,7000.0,5000.0,-8.166666666666515,-7.3333333333332575,0.5,0.0,0.0,0.0,0.0,0.0,0.0,987.0,0
0.307,2461.0,1970.0,1471.0,2453.5,1963.5,1466.5,8000.0,7000.0,5000.0,-8.833333333333485,-7.6666666666667425,0.5,0.0,0.0,0.0,0.0,0.0,0.0,990.0,0
0.308,2470.0,1976.0,1476.0,2461.5,1970.5,1471.5,9000.0,6000.0,5000.0,-8.5,-8.0,0.5,0.0,0.0,0.0,0.0,0.0,0.0,994.0,0
0.309,2478.0,1983.0,1481.0,2470.5,1976.5,1476.5,8000.0,7000.0,5000.0,-9.166666666666515,-7.3333333333332575,0.5,0.0,0.0,0.0,0.0,0.0,0.0,997.0,0
0.31,2486.0,1990.0,1486.0,2478.5,1983.5,1481.5,8000.0,7000.0,5000.0,-8.833333333333485,-7.6666666666667425,0.5,0.0,0.0,0.0,0.0,0.0,0.0,1000.0,0
0.311,2495.0,1996.0,1491.0,2486.5,1990.5,1486.5,9000.0,6000.0,5000.0,-8.5,-8.0,0.5,0.0,0.0,0.0,0.0,0.0,0.0,1004.0,0
0.312,2503.0,2003.0,1496.0,2495.5,1996.5,1491.5,8000.0,7000.0,5000.0,-9.166666666666515,-7.3333333333332575,0.5,0.0,0.0,0.0,0.0,0.0,0.0,1007.0,0
0.313,2512.0,2010.0,1501.0,2503.5,2003.5,1496.5,9000.0,7000.0,5000.0,-8.833333333333485,-7.6666666666667425,0.5,0.0,0.0,0.0,0.0,0.0,0.0,1011.0,0
0.314,2520.0,2017.0,1506.0,2512.5,2010.5,1501.5,8000.0,7000.0,5000.0,-9.5,-8.0,0.5,0.0,0.0,0.0,0.0,0.0,0.0,1014.0,0
0.315,2528.0,2023.0,1511.0,2520.5,2017.5,1506.5,8000.0,6000.0,5000.0,-9.166666666666515,-8.333333333333258,0.5,0.0,0.0,0.0,0.0,0.0,0.0,1017.0,0
0.316,2537.0,2030.0,1516.0,2528.5,2023.5,1511.5,9000.0,7000.0,5000.0,-8.833333333333485,-7.6666666666667425,0.5,0.0,0.0,0.0,0.0,0.0,0.0,1021.0,0
0.317,2545.0,2037.0,1521.0,2537.5,2030.5,1516.5,8000.0,7000.0,5000.0,-9.5,-8.0,0.5,0.0,0.0,0.0,0.0,0.0,0.0,1024.0,0
0.318,2554.0,2043.0,1526.0,2545.5,2037.5,1521.5,9000.0,6000.0,5000.0,-9.166666666666515,-8.333333333333258,0.5,0.0,0.0,0.0,0.0,0.0,0.0,1028.0,0
0.319,2562.0,2050.0,1531.0,2554.5,2043.5,1526.5,8000.0,7000.0,5000.0,-9.833333333333485,-7.6666666666667425,0.5,0.0,0.0,0.0,0.0,0.0,0.0,1031.0,0
0.32,2570.0,2057.0,1536.0,2562.5,2050.5,1531.5,8000.0,7000.0,5000.0,-9.5,-8.0,0.5,0.0,0.0,0.0,0.0,0.0,0.0,1034.0,0
0.321,2579.0,2064.0,1541.0,2570.5,2057.5,1536.5,9000.0,7000.0,5000.0,-9.166666666666515,-8.333333333333485,0.5,0.0,0.0,0.0,0.0,0.0,0.0,1038.0,0
0.322,2587.0,2070.0,1546.0,2579.5,2064.5,1541.5,8000.0,6000.0,5000.0,-9.833333333333485,-8.666666666666515,0.5,0.0,0.0,0.0,0.0,0.0,0.0,1041.0,0
0.323,2596.0,2077.0,1551.0,2587.5,2070.5,1546.5,9000.0,7000.0,5000.0,-9.5,-8.0,0.5,0.0,0.0,0.0,0.0,0.0,0.0,1045.0,0
0.324,2604.0,2084.0,1556.0,2596.5,2077.5,1551.5,8000.0,7000.0,5000.0,-10.166666666666515,-8.333333333333485,0.5,0.0,0.0,0.0,0.0,0.0,0.0,1048.0,0
0.325,2612.0,2090.0,1562.0,2604.5,2084.5,1556.5,8000.0,6000.0,6000.0,-9.833333333333485,-8.666666666666515,0.5,0.0,0.0,0.0,0.0,0.0,0.0,1050.0,0
0.326,2620.0,2097.0,1567.0,2612.5,2090.5,1562.5,8000.0,7000.0,5000.0,-7.833333333333485,-6.666666666666515,0.5,0.0,0.0,0.0,0.0,0.0,0.0,1053.0,0
0.327,2629.0,2104.0,1572.0,2620.5,2097.5,1567.5,9000.0,7000.0,5000.0,-7.5,-7.0,0.5,0.0,0.0,0.0,0.0,0.0,0.0,1057.0,0
0.328,2637.0,2110.0,1577.0,2629.5,2104.5,1572.5,8000.0,6000.0,5000.0,-8.166666666666515,-7.333333333333485,0.5,0.0,0.0,0.0,0.0,0.0,0.0,1060.0,0
0.329,2646.0,2117.0,1582.0,2637.5,2110.5,1577.5,9000.0,7000.0,5000.0,-7.833333333333485,-6.666666666666515,0.5,0.0,0.0,0.0,0.0,0.0,0.0,1064.0,0
0.33,2654.0,2124.0,1587.0,2646.5,2117.5,1582.5,8000.0,7000.0,5000.0,-8.5,-7.0,0.5,0.0,0.0,0.0,0.0,0.0,0.0,1067.0,0
0.331,2662.0,2131.0,1592.0,2654.5,2124.5,1587.5,8000.0,7000.0,5000.0,-8.166666666666515,-7.333333333333485,0.5,0.0,0.0,0.0,0.0,0.0,0.0,1070.0,0
0.332,2671.0,2137.0,1597.0,2662.5,2131.5,1592.5,9000.0,6000.0,5000.0,-7.833333333333485,-7.666666666666515,0.5,0.0,0.0,0.0,0.0,0.0,0.0,1074.0,0
0.333,2679.0,2144.0,1602.0,2671.5,2137.5,1597.5,8000.0,7000.0,5000.0,-8.5,-7.0,0.5,0.0,0.0,0.0,0.0,0.0,0.0,1077.0,0
0.334,2688.0,2151.0,1607.0,2679.5,2144.5,1602.5,9000.0,7000.0,5000.0,-8.166666666666515,-7.333333333333485,0.5,0.0,0.0,0.0,0.0,0.0,0.0,1081.0,0
0.335,2696.0,2157.0,1612.0,2688.5,2151.5,1607.5,8000.0,6000.0,5000.0,-8.833333333333485,-7.666666666666515,0.5,0.0,0.0,0.0,0.0,0.0,0.0,1084.0,0
0.336,2704.0,2164.0,1617.0,2696.5,2157.5,1612.5,8000.0,7000.0,5000.0,-8.5,-7.0,0.5,0.0,0.0,0.0,0.0,0.0,0.0,1087.0,0
0.337,2713.0,2171.0,1622.0,2704.5,2164.5,1617.5,9000.0,7000.0,5000.0,-8.166666666666515,-7.333333333333485,0.5,0.0,0.0,0.0,0.0,0.0,0.0,1091.0,0
0.338,2721.0,2177.0,1627.0,2713.5,2171.5,1622.5,8000.0,6000.0,5000.0,-8.833333333333485,-7.666666666666515,0.5,0.0,0.0,0.0,0.0,0.0,0.0,1094.0,0
0.339,2730.0,2184.0,1632.0,2721.5,2177.5,1627.5,9000.0,7000.0,5000.0,-8.5,-7.0,0.5,0.0,0.0,0.0,0.0,0.0,0.0,1098.0,0
0.34,2738.0,2191.0,1637.0,2730.5,2184.5,1632.5,8000.0,7000.0,5000.0,-9.166666666666515,-7.333333333333485,0.5,0.0,0.0,0.0,0.0,0.0,0.0,1101.0,0
0.341,2746.0,2198.0,1642.0,2738.5,2191.5,1637.5,8000.0,7000.0,5000.0,-8.833333333333485,-7.666666666666515,0.5,0.0,0.0,0.0,0.0,0.0,0.0,1104.0,0
0.342,2755.0,2204.0,1647.0,2746.5,2198.5,1642.5,9000.0,6000.0,5000.0,-8.5,-8.0,0.5,0.0,0.0,0.0,0.0,0.0,0.0,1108.0,0
0.343,2763.0,2211.0,1652.0,2755.5,2204.5,1647.5,8000.0,7000.0,5000.0,-9.166666666666515,-7.333333333333485,0.5,0.0,0.0,0.0,0.0,0.0,0.0,1111.0,0
0.34400000000000003,2771.0,2218.0,1657.0,2763.5,2211.5,1652.5,8000.0,7000.0,5000.0,-8.833333333333485,-7.666666666666515,0.5,0.0,0.0,0.0,0.0,0.0,0.0,1114.0,0
0.34500000000000003,2780.0,2224.0,1662.0,2771.5,2218.5,1657.5,9000.0,6000.0,5000.0,-8.5,-8.0,0.5,0.0,0.0,0.0,0.0,0.0,0.0,1118.0,0
0.34600000000000003,2788.0,2231.0,1667.0,2780.5,2224.5,1662.5,8000.0,7000.0,5000.0,-9.166666666666515,-7.333333333333485,0.5,0.0,0.0,0.0,0.0,0.0,0.0,1121.0,0
0.34700000000000003,2797.0,2238.0,1672.0,2788.5,2231.5,1667.5,9000.0,7000.0,5000.0,-8.833333333333485,-7.666666666666515,0.5,0.0,0.0,0.0,0.0,0.0,0.0,1125.0,0
0.34800000000000003,2805.0,2244.0,1677.0,2797.5,2238.5,1672.5,8000.0,6000.0,5000.0,-9.5,-8.0,0.5,0.0,0.0,0.0,0.0,0.0,0.0,1128.0,0
0.34900000000000003,2813.0,2251.0,1682.0,2805.5,2244.5,1677.5,8000.0,7000.0,5000.0,-9.166666666666515,-7.333333333333485,0.5,0.0,0.0,0.0,0.0,0.0,0.0,1131.0,0
0.35000000000000003,2821.0,2258.0,1687.0,2813.5,2251.5,1682.5,8000.0,7000.0,5000.0,-8.833333333333485,-7.666666666666515,0.5,700.0,0.0,0.0,0.001,0.0,0.0,1134.0,0
0.35100000000000003,2829.0,2265.0,1692.0,2821.5,2258.5,1687.5,8000.0,7000.0,5000.0,-8.5,-8.0,0.5,700.0,0.0,0.0,0.002,0.0,0.0,1137.0,0
0.352,2837.0,2271.0,1697.0,2829.5,2265.5,1692.5,8000.0,6000.0,5000.0,-8.166666666666515,-8.333333333333485,0.5,700.0,0.0,0.0,0.003,0.0,0.0,1140.0,0
0.353,2844.0,2278.0,1703.0,2837.5,2271.5,1697.5,7000.0,7000.0,6000.0,-7.833333333333485,-7.666666666666515,0.5,700.0,0.0,0.0,0.004,0.0,0.0,1141.0,0
0.354,2852.0,2285.0,1708.0,2844.5,2278.5,1703.5,8000.0,7000.0,5000.0,-4.833333333333485,-6.666666666666515,0.5,700.0,0.0,0.0,0.005,0.0,0.0,1144.0,0
0.355,2860.0,2291.0,1713.0,2852.5,2285.5,1708.5,8000.0,6000.0,5000.0,-4.5,-7.0,0.5,700.0,0.0,0.0,0.006,0.0,0.0,1147.0,0
0.356,2867.0,2298.0,1718.0,2860.5,2291.5,1713.5,7000.0,7000.0,5000.0,-4.166666666666515,-6.333333333333485,0.5,700.0,0.0,0.0,0.007,0.0,0.0,1149.0,0
0.357,2875.0,2305.0,1723.0,2867.5,2298.5,1718.5,8000.0,7000.0,5000.0,-2.833333333333485,-6.666666666666515,0.5,700.0,0.0,0.0,0.008,0.0,0.0,1152.0,0
0.358,2883.0,2311.0,1728.0,2875.5,2305.5,1723.5,8000.0,6000.0,5000.0,-2.5,-7.0,0.5,700.0,0.0,0.0,0.009000000000000001,0.0,0.0,1155.0,0
0.359,2890.0,2318.0,1733.0,2883.5,2311.5,1728.5,7000.0,7000.0,5000.0,-2.166666666666515,-6.333333333333485,0.5,700.0,0.0,0.0,0.010000000000000002,0.0,0.0,1157.0,0
0.36,2898.0,2325.0,1738.0,2890.5,2318.5,1733.5,8000.0,7000.0,5000.0,-0.8333333333334849,-6.666666666666515,0.5,700.0,0.0,0.0,0.011000000000000003,0.0,0.0,1160.0,0
0.361,2906.0,2332.0,1743.0,2898.5,2325.5,1738.5,8000.0,7000.0,5000.0,-0.5,-7.0,0.5,700.0,0.0,0.0,0.012000000000000004,0.0,0.0,1163.0,0
0.362,2913.0,2338.0,1748.0,2906.5,2332.5,1743.5,7000.0,6000.0,5000.0,-0.16666666666651508,-7.333333333333485,0.5,700.0,0.0,0.0,0.013000000000000005,0.0,0.0,1165.0,0
0.363,2921.0,2345.0,1753.0,2913.5,2338.5,1748.5,8000.0,7000.0,5000.0,0.5,-7.199999999999818,0.09999999999990905,700.0,0.0,0.0,0.014000000000000005,0.0,0.0,1168.0,0
0.364,2929.0,2352.0,1758.0,2921.5,2345.5,1753.5,8000.0,7000.0,5000.0,0.5,-7.800000000000182,-0.09999999999990905,700.0,0.0,0.0,0.015000000000000006,0.0,0.0,1171.0,0
0.365,2936.0,2358.0,1763.0,2929.5,2352.5,1758.5,7000.0,6000.0,5000.0,0.5,-8.400000000000091,-0.2999999999999545,700.0,0.0,0.0,0.016000000000000007,0.0,0.0,1173.0,0
0.366,2944.0,2365.0,1768.0,2936.5,2358.5,1763.5,8000.0,7000.0,5000.0,0.5,-8.800000000000182,-1.099999999999909,700.0,0.0,0.0,0.017000000000000008,0.0,0.0,1176.0,0
0.367,2952.0,2372.0,1773.0,2944.5,2365.5,1768.5,8000.0,7000.0,5000.0,0.5,-9.400000000000091,-1.2999999999999545,700.0,0.0,0.0,0.01800000000000001,0.0,0.0,1179.0,0
0.368,2960.0,2378.0,1778.0,2952.5,2372.5,1773.5,8000.0,6000.0,5000.0,0.5,-10.0,-1.5,700.0,0.0,0.0,0.01900000000000001,0.0,0.0,1182.0,0
0.369,2967.0,2385.0,1783.0,2960.5,2378.5,1778.5,7000.0,7000.0,5000.0,0.5,-9.599999999999909,-1.7000000000000455,700.0,0.0,0.0,0.02000000000000001,0.0,0.0,1184.0,0
0.37,2975.0,2391.0,1788.0,2967.5,2385.5,1783.5,8000.0,6000.0,5000.0,0.5,-11.0,-2.5,700.0,0.0,0.0,0.02100000000000001,0.0,0.0,1187.0,0
0.371,2983.0,2398.0,1793.0,2975.5,2391.5,1788.5,8000.0,7000.0,5000.0,0.5,-10.599999999999909,-2.7000000000000455,700.0,0.0,0.0,0.022000000000000013,0.0,0.0,1190.0,0
0.372,2990.0,2404.0,1798.0,2983.5,2398.5,1793.5,7000.0,6000.0,5000.0,0.5,-11.199999999999818,-2.900000000000091,700.0,0.0,0.0,0.023000000000000013,0.0,0.0,1192.0,0
0.373,2998.0,2410.0,1803.0,2990.5,2404.5,1798.5,8000.0,6000.0,5000.0,0.5,-11.599999999999909,-3.7000000000000455,700.0,0.0,0.0,0.024000000000000014,0.0,0.0,1195.0,0
0.374,3006.0,2415.0,1808.0,2998.5,2410.5,1803.5,8000.0,5000.0,5000.0,0.5,-11.199999999999818,-3.900000000000091,700.0,0.0,0.0,0.025000000000000015,0.0,0.0,1198.0,0
0.375,3013.0,2421.0,1813.0,3006.5,2415.5,1808.5,7000.0,6000.0,5000.0,0.5,-9.800000000000182,-4.099999999999909,700.0,0.0,0.0,0.026000000000000016,0.0,0.0,1200.0,0
0.376,3021.0,2427.0,1818.0,3013.5,2421.5,1813.5,8000.0,6000.0,5000.0,0.5,-10.199999999999818,-4.900000000000091,700.0,0.0,0.0,0.027000000000000017,0.0,0.0,1203.0,0
0.377,3029.0,2433.0,1823.0,3021.5,2427.5,1818.5,8000.0,6000.0,5000.0,0.5,-9.800000000000182,-5.099999999999909,700.0,0.0,0.0,0.028000000000000018,0.0,0.0,1206.0,0
0.378,3036.0,2439.0,1828.0,3029.5,2433.5,1823.5,7000.0,6000.0,5000.0,0.5,-9.400000000000091,-5.2999999999999545,700.0,0.0,0.0,0.02900000000000002,0.0,0.0,1208.0,0
0.379,3044.0,2446.0,1833.0,3036.5,2439.5,1828.5,8000.0,7000.0,5000.0,0.5,-9.800000000000182,-6.099999999999909,700.0,0.0,0.0,0.03000000000000002,0.0,0.0,1211.0,0
0.38,3052.0,2452.0,1838.0,3044.5,2446.5,1833.5,8000.0,6000.0,5000.0,0.5,-10.400000000000091,-6.2999999999999545,700.0,0.0,0.0,0.03100000000000002,0.0,0.0,1214.0,0
0.381,3060.0,2458.0,1844.0,3052.5,2452.5,1838.5,8000.0,6000.0,6000.0,0.5,-10.0,-6.5,700.0,0.0,0.0,0.03200000000000002,0.0,0.0,1216.0,0
0.382,3067.0,2464.0,1849.0,3060.5,2458.5,1844.5,7000.0,6000.0,5000.0,0.5,-9.599999999999909,-7.7000000000000455,700.0,0.0,0.0,0.03300000000000002,0.0,0.0,1218.0,0
0.383,3075.0,2470.0,1854.0,3067.5,2464.5,1849.5,8000.0,6000.0,5000.0,0.5,-10.0,-8.5,700.0,0.0,0.0,0.03400000000000002,0.0,0.0,1221.0,0
0.384,3083.0,2476.0,1859.0,3075.5,2470.5,1854.5,8000.0,6000.0,5000.0,0.5,-9.599999999999909,-8.700000000000045,700.0,0.0,0.0,0.035000000000000024,0.0,0.0,1224.0,0
0.385,3090.0,2482.0,1864.0,3083.5,2476.5,1859.5,7000.0,6000.0,5000.0,0.5,-9.199999999999818,-8.900000000000091,700.0,0.0,0.0,0.036000000000000025,0.0,0.0,1226.0,0
0.386,3098.0,2489.0,1869.0,3090.5,2482.5,1864.5,8000.0,7000.0,5000.0,0.5,-9.599999999999909,-9.700000000000045,700.0,0.0,0.0,0.037000000000000026,0.0,0.0,1229.0,0
0.387,3106.0,2495.0,1874.0,3098.5,2489.5,1869.5,8000.0,6000.0,5000.0,0.5,-10.199999999999818,-9.900000000000091,700.0,0.0,0.0,0.03800000000000003,0.0,0.0,1232.0,0
0.388,3113.0,2502.0,1879.0,3106.5,2495.5,1874.5,7000.0,7000.0,5000.0,0.5,-9.800000000000182,-10.099999999999909,700.0,0.0,0.0,0.03900000000000003,0.0,0.0,1234.0,0
0.389,3121.0,2508.0,1883.0,3113.5,2502.5,1879.5,8000.0,6000.0,4000.0,0.5,-11.199999999999818,-10.900000000000091,700.0,0.0,0.0,0.04000000000000003,0.0,0.0,1238.0,0
0.39,3129.0,2514.0,1888.0,3121.5,2508.5,1883.5,8000.0,6000.0,5000.0,0.5,-10.800000000000182,-10.099999999999909,700.0,0.0,0.0,0.04100000000000003,0.0,0.0,1241.0,0
0.391,3136.0,2520.0,1893.0,3129.5,2514.5,1888.5,7000.0,6000.0,5000.0,0.5,-10.400000000000091,-10.299999999999955,700.0,0.0,0.0,0.04200000000000003,0.0,0.0,1243.0,0
0.392,3144.0,2526.0,1898.0,3136.5,2520.5,1893.5,8000.0,6000.0,5000.0,0.5,-10.800000000000182,-11.099999999999909,700.0,0.0,0.0,0.04300000000000003,0.0,0.0,1246.0,0
0.393,3152.0,2531.0,1902.0,3144.5,2526.5,1898.5,8000.0,5000.0,4000.0,0.5,-10.400000000000091,-11.299999999999955,700.0,0.0,0.0,0.04400000000000003,0.0,0.0,1250.0,0
0.394,3159.0,2537.0,1907.0,3152.5,2531.5,1902.5,7000.0,6000.0,5000.0,0.5,-9.0,-10.5,700.0,0.0,0.0,0.04500000000000003,0.0,0.0,1252.0,0
0.395,3167.0,2543.0,1912.0,3159.5,2537.5,1907.5,8000.0,6000.0,5000.0,0.5,-9.400000000000091,-11.299999999999955,700.0,0.0,0.0,0.046000000000000034,0.0,0.0,1255.0,0
0.396,3175.0,2549.0,1916.0,3167.5,2543.5,1912.5,8000.0,6000.0,4000.0,0.5,-9.0,-11.5,700.0,0.0,0.0,0.047000000000000035,0.0,0.0,1259.0,0
0.397,3183.0,2556.0,1921.0,3175.5,2549.5,1916.5,8000.0,7000.0,5000.0,0.5,-8.599999999999909,-10.700000000000045,700.0,0.0,0.0,0.048000000000000036,0.0,0.0,1262.0,0
0.398,3190.0,2562.0,1926.0,3183.5,2556.5,1921.5,7000.0,6000.0,5000.0,0.5,-9.199999999999818,-10.900000000000091,700.0,0.0,0.0,0.04900000000000004,0.0,0.0,1264.0,0
0.399,3198.0,2569.0,1930.0,3190.5,2562.5,1926.5,8000.0,7000.0,4000.0,0.5,-9.599999999999909,-11.700000000000045,700.0,0.0,0.0,0.05000000000000004,0.0,0.0,1268.0,0
0.4,3206.0,2575.0,1935.0,3198.5,2569.5,1930.5,8000.0,6000.0,5000.0,0.5,-10.199999999999818,-10.900000000000091,700.0,0.0,0.0,0.05100000000000004,0.0,0.0,1271.0,0
0.401,3213.0,2581.0,1940.0,3206.5,2575.5,1935.5,7000.0,6000.0,5000.0,0.5,-9.800000000000182,-11.099999999999909,700.0,0.0,0.0,0.05200000000000004,0.0,0.0,1273.0,0
0.402,3221.0,2588.0,1944.0,3213.5,2581.5,1940.5,8000.0,7000.0,4000.0,0.5,-10.199999999999818,-11.900000000000091,700.0,0.0,0.0,0.05300000000000004,0.0,0.0,1277.0,0
0.403,3229.0,2594.0,1949.0,3221.5,2588.5,1944.5,8000.0,6000.0,5000.0,0.5,-10.800000000000182,-11.099999999999909,700.0,0.0,0.0,0.05400000000000004,0.0,0.0,1280.0,0
0.404,3236.0,2599.0,1954.0,3229.5,2594.5,1949.5,7000.0,5000.0,5000.0,0.5,-10.400000000000091,-11.299999999999955,700.0,0.0,0.0,0.05500000000000004,0.0,0.0,1282.0,0
0.405,3244.0,2606.0,1958.0,3236.5,2599.5,1954.5,8000.0,7000.0,4000.0,0.5,-9.800000000000182,-12.099999999999909,700.0,0.0,0.0,0.05600000000000004,0.0,0.0,1286.0,0
0.406,3252.0,2611.0,1963.0,3244.5,2606.5,1958.5,8000.0,5000.0,5000.0,0.5,-10.400000000000091,-11.299999999999955,700.0,0.0,0.0,0.057000000000000044,0.0,0.0,1289.0,0
0.40700000000000003,3259.0,2617.0,1968.0,3252.5,2611.5,1963.5,7000.0,6000.0,5000.0,0.5,-9.0,-11.5,700.0,0.0,0.0,0.058000000000000045,0.0,0.0,1291.0,0
0.40800000000000003,3267.0,2624.0,1972.0,3259.5,2617.5,1968.5,8000.0,7000.0,4000.0,0.5,-9.400000000000091,-12.299999999999955,700.0,0.0,0.0,0.059000000000000045,0.0,0.0,1295.0,0
0.40900000000000003,3275.0,2630.0,1977.0,3267.5,2624.5,1972.5,8000.0,6000.0,5000.0,0.5,-10.0,-11.5,700.0,0.0,0.0,0.060000000000000046,0.0,0.0,1298.0,0
0.41000000000000003,3282.0,2636.0,1981.0,3275.5,2630.5,1977.5,7000.0,6000.0,4000.0,0.5,-9.599999999999909,-11.700000000000045,700.0,0.0,0.0,0.06100000000000005,0.0,0.0,1301.0,0
0.41100000000000003,3290.0,2642.0,1986.0,3282.5,2636.5,1981.5,8000.0,6000.0,5000.0,0.5,-10.0,-11.5,700.0,0.0,0.0,0.06200000000000005,0.0,0.0,1304.0,0
0.41200000000000003,3298.0,2648.0,1991.0,3290.5,2642.5,1986.5,8000.0,6000.0,5000.0,0.5,-9.599999999999909,-11.700000000000045,700.0,0.0,0.0,0.06300000000000004,0.0,0.0,1307.0,0
0.41300000000000003,3306.0,2655.0,1995.0,3298.5,2648.5,1991.5,8000.0,7000.0,4000.0,0.5,-9.199999999999818,-11.900000000000091,700.0,0.0,0.0,0.06400000000000004,0.0,0.0,1311.0,0
0.41400000000000003,3313.0,2661.0,2000.0,3306.5,2655.5,1995.5,7000.0,6000.0,5000.0,0.5,-9.800000000000182,-11.099999999999909,700.0,0.0,0.0,0.06500000000000004,0.0,0.0,1313.0,0
0.41500000000000004,3321.0,2667.0,2004.0,3313.5,2661.5,2000.5,8000.0,6000.0,4000.0,0.5,-10.199999999999818,-11.900000000000091,700.0,0.0,0.0,0.06600000000000004,0.0,0.0,1317.0,0
0.41600000000000004,3329.0,2673.0,2009.0,3321.5,2667.5,2004.5,8000.0,6000.0,5000.0,0.5,-9.800000000000182,-11.099999999999909,700.0,0.0,0.0,0.06700000000000005,0.0,0.0,1320.0,0
0.417,3336.0,2680.0,2013.0,3329.5,2673.5,2009.5,7000.0,7000.0,4000.0,0.5,-9.400000000000091,-11.299999999999955,700.0,0.0,0.0,0.06800000000000005,0.0,0.0,1323.0,0
0.418,3344.0,2686.0,2018.0,3336.5,2680.5,2013.5,8000.0,6000.0,5000.0,0.5,-10.800000000000182,-11.099999999999909,700.0,0.0,0.0,0.06900000000000005,0.0,0.0,1326.0,0
0.419,3352.0,2692.0,2022.0,3344.5,2686.5,2018.5,8000.0,6000.0,4000.0,0.5,-10.400000000000091,-11.299999999999955,700.0,0.0,0.0,0.07000000000000005,0.0,0.0,1330.0,0
0.42,3359.0,2698.0,2027.0,3352.5,2692.5,2022.5,7000.0,6000.0,5000.0,0.5,-10.0,-10.5,700.0,0.0,0.0,0.07100000000000005,0.0,0.0,1332.0,0
0.421,3367.0,2703.0,2032.0,3359.5,2698.5,2027.5,8000.0,5000.0,5000.0,0.5,-10.400000000000091,-11.299999999999955,700.0,0.0,0.0,0.07200000000000005,0.0,0.0,1335.0,0
0.422,3375.0,2709.0,2036.0,3367.5,2703.5,2032.5,8000.0,6000.0,4000.0,0.5,-9.0,-11.5,700.0,0.0,0.0,0.07300000000000005,0.0,0.0,1339.0,0
0.423,3382.0,2715.0,2041.0,3375.5,2709.5,2036.5,7000.0,6000.0,5000.0,0.5,-8.599999999999909,-10.700000000000045,700.0,0.0,0.0,0.07400000000000005,0.0,0.0,1341.0,0
0.424,3390.0,2721.0,2045.0,3382.5,2715.5,2041.5,8000.0,6000.0,4000.0,0.5,-9.0,-11.5,700.0,0.0,0.0,0.07500000000000005,0.0,0.0,1345.0,0
0.425,3398.0,2727.0,2050.0,3390.5,2721.5,2045.5,8000.0,6000.0,5000.0,0.5,-8.599999999999909,-10.700000000000045,700.0,0.0,0.0,0.07600000000000005,0.0,0.0,1348.0,0
0.426,3406.0,2734.0,2054.0,3398.5,2727.5,2050.5,8000.0,7000.0,4000.0,0.5,-8.199999999999818,-10.900000000000091,700.0,0.0,0.0,0.07700000000000005,0.0,0.0,1352.0,0
0.427,3413.0,2740.0,2059.0,3406.5,2734.5,2054.5,7000.0,6000.0,5000.0,0.5,-8.800000000000182,-10.099999999999909,700.0,0.0,0.0,0.07800000000000006,0.0,0.0,1354.0,0
0.428,3421.0,2746.0,2063.0,3413.5,2740.5,2059.5,8000.0,6000.0,4000.0,0.5,-9.199999999999818,-10.900000000000091,700.0,0.0,0.0,0.07900000000000006,0.0,0.0,1358.0,0
0.429,3429.0,2752.0,2068.0,3421.5,2746.5,2063.5,8000.0,6000.0,5000.0,0.5,-8.800000000000182,-10.099999999999909,700.0,0.0,0.0,0.08000000000000006,0.0,0.0,1361.0,0
0.43,3436.0,2759.0,2072.0,3429.5,2752.5,2068.5,7000.0,7000.0,4000.0,0.5,-8.400000000000091,-10.300000000000182,700.0,0.0,0.0,0.08100000000000006,0.0,0.0,1364.0,0
0.431,3444.0,2765.0,2077.0,3436.5,2759.5,2072.5,8000.0,6000.0,5000.0,0.5,-9.800000000000182,-10.099999999999909,700.0,0.0,0.0,0.08200000000000006,0.0,0.0,1367.0,0
0.432,3452.0,2771.0,2081.0,3444.5,2765.5,2077.5,8000.0,6000.0,4000.0,0.5,-9.400000000000091,-10.300000000000182,700.0,0.0,0.0,0.08300000000000006,0.0,0.0,1371.0,0
0.433,3459.0,2778.0,2086.0,3452.5,2771.5,2081.5,7000.0,7000.0,5000.0,0.5,-9.0,-9.5,700.0,0.0,0.0,0.08400000000000006,0.0,0.0,1373.0,0
0.434,3467.0,2784.0,2090.0,3459.5,2778.5,2086.5,8000.0,6000.0,4000.0,0.5,-10.400000000000091,-10.300000000000182,700.0,0.0,0.0,0.08500000000000006,0.0,0.0,1377.0,0
0.435,3475.0,2790.0,2095.0,3467.5,2784.5,2090.5,8000.0,6000.0,5000.0,0.5,-10.0,-9.5,700.0,0.0,0.0,0.08600000000000006,0.0,0.0,1380.0,0
0.436,3482.0,2796.0,2100.0,3475.5,2790.5,2095.5,7000.0,6000.0,5000.0,0.5,-9.599999999999909,-9.699999999999818,700.0,0.0,0.0,0.08700000000000006,0.0,0.0,1382.0,0
0.437,3490.0,2801.0,2104.0,3482.5,2796.5,2100.5,8000.0,5000.0,4000.0,0.5,-10.0,-10.5,700.0,0.0,0.0,0.08800000000000006,0.0,0.0,1386.0,0
0.438,3498.0,2808.0,2109.0,3490.5,2801.5,2104.5,8000.0,7000.0,5000.0,0.5,-8.599999999999909,-9.699999999999818,700.0,0.0,0.0,0.08900000000000007,0.0,0.0,1389.0,0
0.439,3505.0,2814.0,2114.0,3498.5,2808.5,2109.5,7000.0,6000.0,5000.0,0.5,-9.199999999999818,-9.900000000000091,700.0,0.0,0.0,0.09000000000000007,0.0,0.0,1391.0,0
0.44,3513.0,2820.0,2118.0,3505.5,2814.5,2114.5,8000.0,6000.0,4000.0,0.5,-9.599999999999909,-10.699999999999818,700.0,0.0,0.0,0.09100000000000007,0.0,0.0,1395.0,0
0.441,3521.0,2826.0,2123.0,3513.5,2820.5,2118.5,8000.0,6000.0,5000.0,0.5,-9.199999999999818,-9.900000000000091,700.0,0.0,0.0,0.09200000000000007,0.0,0.0,1398.0,0
0.442,3529.0,2833.0,2127.0,3521.5,2826.5,2123.5,8000.0,7000.0,4000.0,0.5,-8.800000000000182,-10.099999999999909,700.0,0.0,0.0,0.09300000000000007,0.0,0.0,1402.0,0
0.443,3536.0,2839.0,2132.0,3529.5,2833.5,2127.5,7000.0,6000.0,5000.0,0.5,-9.400000000000091,-9.300000000000182,700.0,0.0,0.0,0.09400000000000007,0.0,0.0,1404.0,0
0.444,3544.0,2845.0,2137.0,3536.5,2839.5,2132.5,8000.0,6000.0,5000.0,0.5,-9.800000000000182,-10.099999999999909,700.0,0.0,0.0,0.09500000000000007,0.0,0.0,1407.0,0
0.445,3552.0,2851.0,2141.0,3544.5,2845.5,2137.5,8000.0,6000.0,4000.0,0.5,-9.400000000000091,-10.300000000000182,700.0,0.0,0.0,0.09600000000000007,0.0,0.0,1411.0,0
0.446,3559.0,2857.0,2146.0,3552.5,2851.5,2141.5,7000.0,6000.0,5000.0,0.5,-9.0,-9.5,700.0,0.0,0.0,0.09700000000000007,0.0,0.0,1413.0,0
0.447,3567.0,2864.0,2150.0,3559.5,2857.5,2146.5,8000.0,7000.0,4000.0,0.5,-9.400000000000091,-10.300000000000182,700.0,0.0,0.0,0.09800000000000007,0.0,0.0,1417.0,0
0.448,3575.0,2870.0,2155.0,3567.5,2864.5,2150.5,8000.0,6000.0,5000.0,0.5,-10.0,-9.5,700.0,0.0,0.0,0.09900000000000007,0.0,0.0,1420.0,0
0.449,3582.0,2876.0,2159.0,3575.5,2870.5,2155.5,7000.0,6000.0,4000.0,0.5,-9.599999999999909,-9.699999999999818,700.0,0.0,0.0,0.10000000000000007,0.0,0.0,1423.0,0
0.45,3590.0,2882.0,2164.0,3582.5,2876.5,2159.5,8000.0,6000.0,5000.0,0.5,-10.0,-9.5,700.0,0.0,0.0,0.10100000000000008,0.0,0.0,1426.0,0
0.451,3598.0,2888.0,2169.0,3590.5,2882.5,2164.5,8000.0,6000.0,5000.0,0.5,-9.599999999999909,-9.699999999999818,700.0,0.0,0.0,0.10200000000000008,0.0,0.0,1429.0,0
0.452,3605.0,2894.0,2174.0,3598.5,2888.5,2169.5,7000.0,6000.0,5000.0,0.5,-9.199999999999818,-9.900000000000091,700.0,0.0,0.0,0.10300000000000008,0.0,0.0,1431.0,0
0.453,3613.0,2901.0,2178.0,3605.5,2894.5,2174.5,8000.0,7000.0,4000.0,0.5,-9.599999999999909,-10.699999999999818,700.0,0.0,0.0,0.10400000000000008,0.0,0.0,1435.0,0
0.454,3621.0,2907.0,2183.0,3613.5,2901.5,2178.5,8000.0,6000.0,5000.0,0.5,-10.199999999999818,-9.900000000000091,700.0,0.0,0.0,0.10500000000000008,0.0,0.0,1438.0,0
0.455,3629.0,2913.0,2187.0,3621.5,2907.5,2183.5,8000.0,6000.0,4000.0,0.5,-9.800000000000182,-10.099999999999909,700.0,0.0,0.0,0.10600000000000008,0.0,0.0,1442.0,0
0.456,3636.0,2919.0,2192.0,3629.5,2913.5,2187.5,7000.0,6000.0,5000.0,0.5,-9.400000000000091,-9.300000000000182,700.0,0.0,0.0,0.10700000000000008,0.0,0.0,1444.0,0
0.457,3644.0,2925.0,2196.0,3636.5,2919.5,2192.5,8000.0,6000.0,4000.0,0.5,-9.800000000000182,-10.099999999999909,700.0,0.0,0.0,0.10800000000000008,0.0,0.0,1448.0,0
0.458,3652.0,2931.0,2201.0,3644.5,2925.5,2196.5,8000.0,6000.0,5000.0,0.5,-9.400000000000091,-9.300000000000182,700.0,0.0,0.0,0.10900000000000008,0.0,0.0,1451.0,0
0.459,3659.0,2938.0,2206.0,3652.5,2931.5,2201.5,7000.0,7000.0,5000.0,0.5,-9.0,-9.5,700.0,0.0,0.0,0.11000000000000008,0.0,0.0,1453.0,0
0.46,3667.0,2944.0,2210.0,3659.5,2938.5,2206.5,8000.0,6000.0,4000.0,0.5,-10.400000000000091,-10.300000000000182,700.0,0.0,0.0,0.11100000000000008,0.0,0.0,1457.0,0
0.461,3675.0,2949.0,2215.0,3667.5,2944.5,2210.5,8000.0,5000.0,5000.0,0.5,-10.0,-9.5,700.0,0.0,0.0,0.11200000000000009,0.0,0.0,1460.0,0
0.462,3682.0,2955.0,2219.0,3675.5,2949.5,2215.5,7000.0,6000.0,4000.0,0.5,-8.599999999999909,-9.699999999999818,700.0,0.0,0.0,0.11300000000000009,0.0,0.0,1463.0,0
0.463,3690.0,2962.0,2224.0,3682.5,2955.5,2219.5,8000.0,7000.0,5000.0,0.5,-9.0,-9.5,700.0,0.0,0.0,0.11400000000000009,0.0,0.0,1466.0,0
0.464,3698.0,2968.0,2229.0,3690.5,2962.5,2224.5,8000.0,6000.0,5000.0,0.5,-9.599999999999909,-9.699999999999818,700.0,0.0,0.0,0.11500000000000009,0.0,0.0,1469.0,0
0.465,3705.0,2974.0,2233.0,3698.5,2968.5,2229.5,7000.0,6000.0,4000.0,0.5,-9.199999999999818,-9.900000000000091,700.0,0.0,0.0,0.11600000000000009,0.0,0.0,1472.0,0
0.466,3713.0,2980.0,2238.0,3705.5,2974.5,2233.5,8000.0,6000.0,5000.0,0.5,-9.599999999999909,-9.699999999999818,700.0,0.0,0.0,0.11700000000000009,0.0,0.0,1475.0,0
0.467,3721.0,2986.0,2243.0,3713.5,2980.5,2238.5,8000.0,6000.0,5000.0,0.5,-9.199999999999818,-9.900000000000091,700.0,0.0,0.0,0.11800000000000009,0.0,0.0,1478.0,0
0.468,3728.0,2992.0,2247.0,3721.5,2986.5,2243.5,7000.0,6000.0,4000.0,0.5,-8.800000000000182,-10.099999999999909,700.0,0.0,0.0,0.11900000000000009,0.0,0.0,1481.0,0
0.46900000000000003,3736.0,2999.0,2252.0,3728.5,2992.5,2247.5,8000.0,7000.0,5000.0,0.5,-9.199999999999818,-9.900000000000091,700.0,0.0,0.0,0.12000000000000009,0.0,0.0,1484.0,0
0.47000000000000003,3744.0,3005.0,2256.0,3736.5,2999.5,2252.5,8000.0,6000.0,4000.0,0.5,-9.800000000000182,-10.099999999999909,700.0,0.0,0.0,0.1210000000000001,0.0,0.0,1488.0,0
0.47100000000000003,3752.0,3011.0,2261.0,3744.5,3005.5,2256.5,8000.0,6000.0,5000.0,0.5,-9.400000000000091,-9.300000000000182,700.0,0.0,0.0,0.1220000000000001,0.0,0.0,1491.0,0
0.47200000000000003,3759.0,3017.0,2266.0,3752.5,3011.5,2261.5,7000.0,6000.0,5000.0,0.5,-9.0,-9.5,700.0,0.0,0.0,0.1230000000000001,0.0,0.0,1493.0,0
0.47300000000000003,3767.0,3023.0,2270.0,3759.5,3017.5,2266.5,8000.0,6000.0,4000.0,0.5,-9.400000000000091,-10.300000000000182,700.0,0.0,0.0,0.1240000000000001,0.0,0.0,1497.0,0
0.47400000000000003,3775.0,3029.0,2275.0,3767.5,3023.5,2270.5,8000.0,6000.0,5000.0,0.5,-9.0,-9.5,700.0,0.0,0.0,0.12500000000000008,0.0,0.0,1500.0,0
0.47500000000000003,3782.0,3035.0,2279.0,3775.5,3029.5,2275.5,7000.0,6000.0,4000.0,0.5,-8.599999999999909,-9.699999999999818,700.0,0.0,0.0,0.12600000000000008,0.0,0.0,1503.0,0
0.47600000000000003,3790.0,3042.0,2284.0,3782.5,3035.5,2279.5,8000.0,7000.0,5000.0,0.5,-9.0,-9.5,700.0,0.0,0.0,0.12700000000000009,0.0,0.0,1506.0,0
0.47700000000000004,3798.0,3048.0,2289.0,3790.5,3042.5,2284.5,8000.0,6000.0,5000.0,0.5,-9.599999999999909,-9.699999999999818,700.0,0.0,0.0,0.12800000000000009,0.0,0.0,1509.0,0
0.47800000000000004,3805.0,3054.0,2293.0,3798.5,3048.5,2289.5,7000.0,6000.0,4000.0,0.5,-9.199999999999818,-9.900000000000091,700.0,0.0,0.0,0.1290000000000001,0.0,0.0,1512.0,0
0.47900000000000004,3813.0,3060.0,2298.0,3805.5,3054.5,2293.5,8000.0,6000.0,5000.0,0.5,-9.599999999999909,-9.699999999999818,700.0,0.0,0.0,0.1300000000000001,0.0,0.0,1515.0,0
0.48,3821.0,3066.0,2303.0,3813.5,3060.5,2298.5,8000.0,6000.0,5000.0,0.5,-9.199999999999818,-9.900000000000091,700.0,0.0,0.0,0.1310000000000001,0.0,0.0,1518.0,0
0.481,3828.0,3072.0,2307.0,3821.5,3066.5,2303.5,7000.0,6000.0,4000.0,0.5,-8.800000000000182,-10.099999999999909,700.0,0.0,0.0,0.1320000000000001,0.0,0.0,1521.0,0
0.482,3836.0,3079.0,2312.0,3828.5,3072.5,2307.5,8000.0,7000.0,5000.0,0.5,-9.199999999999818,-9.900000000000091,700.0,0.0,0.0,0.1330000000000001,0.0,0.0,1524.0,0
0.483,3844.0,3085.0,2316.0,3836.5,3079.5,2312.5,8000.0,6000.0,4000.0,0.5,-9.800000000000182,-10.099999999999909,700.0,0.0,0.0,0.1340000000000001,0.0,0.0,1528.0,0
0.484,3852.0,3091.0,2321.0,3844.5,3085.5,2316.5,8000.0,6000.0,5000.0,0.5,-9.400000000000091,-9.300000000000182,700.0,0.0,0.0,0.1350000000000001,0.0,0.0,1531.0,0
0.485,3859.0,3097.0,2326.0,3852.5,3091.5,2321.5,7000.0,6000.0,5000.0,0.5,-9.0,-9.5,700.0,0.0,0.0,0.1360000000000001,0.0,0.0,1533.0,0
0.486,3867.0,3103.0,2330.0,3859.5,3097.5,2326.5,8000.0,6000.0,4000.0,0.5,-9.400000000000091,-10.300000000000182,700.0,0.0,0.0,0.1370000000000001,0.0,0.0,1537.0,0
0.487,3875.0,3109.0,2335.0,3867.5,3103.5,2330.5,8000.0,6000.0,5000.0,0.5,-9.0,-9.5,700.0,0.0,0.0,0.1380000000000001,0.0,0.0,1540.0,0
0.488,3882.0,3116.0,2339.0,3875.5,3109.5,2335.5,7000.0,7000.0,4000.0,0.5,-8.599999999999909,-9.699999999999818,700.0,0.0,0.0,0.1390000000000001,0.0,0.0,1543.0,0
0.489,3890.0,3122.0,2344.0,3882.5,3116.5,2339.5,8000.0,6000.0,5000.0,0.5,-10.0,-9.5,700.0,0.0,0.0,0.1400000000000001,0.0,0.0,1546.0,0
0.49,3898.0,3128.0,2349.0,3890.5,3122.5,2344.5,8000.0,6000.0,5000.0,0.5,-9.599999999999909,-9.699999999999818,700.0,0.0,0.0,0.1410000000000001,0.0,0.0,1549.0,0
0.491,3905.0,3134.0,2353.0,3898.5,3128.5,2349.5,7000.0,6000.0,4000.0,0.5,-9.199999999999818,-9.900000000000091,700.0,0.0,0.0,0.1420000000000001,0.0,0.0,1552.0,0
0.492,3913.0,3140.0,2358.0,3905.5,3134.5,2353.5,8000.0,6000.0,5000.0,0.5,-9.599999999999909,-9.699999999999818,700.0,0.0,0.0,0.1430000000000001,0.0,0.0,1555.0,0
0.493,3921.0,3146.0,2362.0,3913.5,3140.5,2358.5,8000.0,6000.0,4000.0,0.5,-9.199999999999818,-9.900000000000091,700.0,0.0,0.0,0.1440000000000001,0.0,0.0,1559.0,0
0.494,3928.0,3152.0,2367.0,3921.5,3146.5,2362.5,7000.0,6000.0,5000.0,0.5,-8.800000000000182,-9.099999999999909,700.0,0.0,0.0,0.1450000000000001,0.0,0.0,1561.0,0
0.495,3936.0,3158.0,2372.0,3928.5,3152.5,2367.5,8000.0,6000.0,5000.0,0.5,-9.199999999999818,-9.900000000000091,700.0,0.0,0.0,0.1460000000000001,0.0,0.0,1564.0,0
0.496,3944.0,3165.0,2376.0,3936.5,3158.5,2372.5,8000.0,7000.0,4000.0,0.5,-8.800000000000182,-10.099999999999909,700.0,0.0,0.0,0.1470000000000001,0.0,0.0,1568.0,0
0.497,3951.0,3171.0,2381.0,3944.5,3165.5,2376.5,7000.0,6000.0,5000.0,0.5,-9.400000000000091,-9.300000000000182,700.0,0.0,0.0,0.1480000000000001,0.0,0.0,1570.0,0
0.498,3959.0,3177.0,2385.0,3951.5,3171.5,2381.5,8000.0,6000.0,4000.0,0.5,-9.800000000000182,-10.099999999999909,700.0,0.0,0.0,0.1490000000000001,0.0,0.0,1574.0,0
0.499,3967.0,3183.0,2390.0,3959.5,3177.5,2385.5,8000.0,6000.0,5000.0,0.5,-9.400000000000091,-9.300000000000182,700.0,0.0,0.0,0.1500000000000001,0.0,0.0,1577.0,0
0.5,3975.0,3189.0,2394.0,3967.5,3183.5,2390.5,8000.0,6000.0,4000.0,0.5,-9.0,-9.5,700.0,0.0,0.0,0.1510000000000001,0.0,0.0,1581.0,0
0.501,3982.0,3195.0,2399.0,3975.5,3189.5,2394.5,7000.0,6000.0,5000.0,0.5,-8.599999999999909,-8.699999999999818,700.0,0.0,0.0,0.1520000000000001,0.0,0.0,1583.0,0
0.502,3990.0,3201.0,2404.0,3982.5,3195.5,2399.5,8000.0,6000.0,5000.0,0.5,-9.0,-9.5,700.0,0.0,0.0,0.1530000000000001,0.0,0.0,1586.0,0
0.503,3998.0,3208.0,2408.0,3990.5,3201.5,2404.5,8000.0,7000.0,4000.0,0.5,-8.599999999999909,-9.699999999999818,700.0,0.0,0.0,0.1540000000000001,0.0,0.0,1590.0,0
0.504,4005.0,3214.0,2413.0,3998.5,3208.5,2408.5,7000.0,6000.0,5000.0,0.5,-9.199999999999818,-8.900000000000091,700.0,0.0,0.0,0.1550000000000001,0.0,0.0,1592.0,0
0.505,4013.0,3220.0,2417.0,4005.5,3214.5,2413.5,8000.0,6000.0,4000.0,0.5,-9.599999999999909,-9.699999999999818,700.0,0.0,0.0,0.1560000000000001,0.0,0.0,1596.0,0
0.506,4021.0,3226.0,2422.0,4013.5,3220.5,2417.5,8000.0,6000.0,5000.0,0.5,-9.199999999999818,-8.900000000000091,700.0,0.0,0.0,0.1570000000000001,0.0,0.0,1599.0,0
0.507,4028.0,3232.0,2427.0,4021.5,3226.5,2422.5,7000.0,6000.0,5000.0,0.5,-8.800000000000182,-9.099999999999909,700.0,0.0,0.0,0.1580000000000001,0.0,0.0,1601.0,0
0.508,4036.0,3238.0,2431.0,4028.5,3232.5,2427.5,8000.0,6000.0,4000.0,0.5,-9.199999999999818,-9.900000000000091,700.0,0.0,0.0,0.1590000000000001,0.0,0.0,1605.0,0
0.509,4044.0,3245.0,2436.0,4036.5,3238.5,2431.5,8000.0,7000.0,5000.0,0.5,-8.800000000000182,-9.099999999999909,700.0,0.0,0.0,0.16000000000000011,0.0,0.0,1608.0,0
0.51,4051.0,3251.0,2441.0,4044.5,3245.5,2436.5,7000.0,6000.0,5000.0,0.5,-9.400000000000091,-9.300000000000182,700.0,0.0,0.0,0.16100000000000012,0.0,0.0,1610.0,0
0.511,4059.0,3257.0,2445.0,4051.5,3251.5,2441.5,8000.0,6000.0,4000.0,0.5,-9.800000000000182,-10.099999999999909,700.0,0.0,0.0,0.16200000000000012,0.0,0.0,1614.0,0
0.512,4067.0,3263.0,2450.0,4059.5,3257.5,2445.5,8000.0,6000.0,5000.0,0.5,-9.400000000000091,-9.300000000000182,700.0,0.0,0.0,0.16300000000000012,0.0,0.0,1617.0,0
0.513,4074.0,3269.0,2454.0,4067.5,3263.5,2450.5,7000.0,6000.0,4000.0,0.5,-9.0,-9.5,700.0,0.0,0.0,0.16400000000000012,0.0,0.0,1620.0,0
0.514,4082.0,3275.0,2459.0,4074.5,3269.5,2454.5,8000.0,6000.0,5000.0,0.5,-9.400000000000091,-9.300000000000182,700.0,0.0,0.0,0.16500000000000012,0.0,0.0,1623.0,0
0.515,4090.0,3281.0,2463.0,4082.5,3275.5,2459.5,8000.0,6000.0,4000.0,0.5,-9.0,-9.5,700.0,0.0,0.0,0.16600000000000012,0.0,0.0,1627.0,0
0.516,4098.0,3288.0,2468.0,4090.5,3281.5,2463.5,8000.0,7000.0,5000.0,0.5,-8.599999999999909,-8.699999999999818,700.0,0.0,0.0,0.16700000000000012,0.0,0.0,1630.0,0
0.517,4105.0,3294.0,2473.0,4098.5,3288.5,2468.5,7000.0,6000.0,5000.0,0.5,-9.199999999999818,-8.900000000000091,700.0,0.0,0.0,0.16800000000000012,0.0,0.0,1632.0,0
0.518,4113.0,3300.0,2477.0,4105.5,3294.5,2473.5,8000.0,6000.0,4000.0,0.5,-9.599999999999909,-9.699999999999818,700.0,0.0,0.0,0.16900000000000012,0.0,0.0,1636.0,0
0.519,4121.0,3306.0,2482.0,4113.5,3300.5,2477.5,8000.0,6000.0,5000.0,0.5,-9.199999999999818,-8.900000000000091,700.0,0.0,0.0,0.17000000000000012,0.0,0.0,1639.0,0
0.52,4128.0,3312.0,2486.0,4121.5,3306.5,2482.5,7000.0,6000.0,4000.0,0.5,-8.800000000000182,-9.099999999999909,700.0,0.0,0.0,0.17100000000000012,0.0,0.0,1642.0,0
0.521,4136.0,3318.0,2491.0,4128.5,3312.5,2486.5,8000.0,6000.0,5000.0,0.5,-9.199999999999818,-8.900000000000091,700.0,0.0,0.0,0.17200000000000013,0.0,0.0,1645.0,0
0.522,4144.0,3324.0,2496.0,4136.5,3318.5,2491.5,8000.0,6000.0,5000.0,0.5,-8.800000000000182,-9.099999999999909,700.0,0.0,0.0,0.17300000000000013,0.0,0.0,1648.0,0
0.523,4151.0,3331.0,2500.0,4144.5,3324.5,2496.5,7000.0,7000.0,4000.0,0.5,-8.400000000000091,-9.300000000000182,700.0,0.0,0.0,0.17400000000000013,0.0,0.0,1651.0,0
0.524,4159.0,3337.0,2505.0,4151.5,3331.5,2500.5,8000.0,6000.0,5000.0,0.5,-9.800000000000182,-9.099999999999909,700.0,0.0,0.0,0.17500000000000013,0.0,0.0,1654.0,0
0.525,4167.0,3343.0,2510.0,4159.5,3337.5,2505.5,8000.0,6000.0,5000.0,0.5,-9.400000000000091,-9.300000000000182,700.0,0.0,0.0,0.17600000000000013,0.0,0.0,1657.0,0
0.526,4174.0,3349.0,2514.0,4167.5,3343.5,2510.5,7000.0,6000.0,4000.0,0.5,-9.0,-9.5,700.0,0.0,0.0,0.17700000000000013,0.0,0.0,1660.0,0
0.527,4182.0,3355.0,2519.0,4174.5,3349.5,2514.5,8000.0,6000.0,5000.0,0.5,-9.400000000000091,-9.300000000000182,700.0,0.0,0.0,0.17800000000000013,0.0,0.0,1663.0,0
0.528,4190.0,3361.0,2523.0,4182.5,3355.5,2519.5,8000.0,6000.0,4000.0,0.5,-9.0,-9.5,700.0,0.0,0.0,0.17900000000000013,0.0,0.0,1667.0,0
0.529,4198.0,3367.0,2528.0,4190.5,3361.5,2523.5,8000.0,6000.0,5000.0,0.5,-8.599999999999909,-8.699999999999818,700.0,0.0,0.0,0.18000000000000013,0.0,0.0,1670.0,0
0.53,4205.0,3374.0,2533.0,4198.5,3367.5,2528.5,7000.0,7000.0,5000.0,0.5,-8.199999999999818,-8.900000000000091,700.0,0.0,0.0,0.18100000000000013,0.0,0.0,1672.0,0
0.531,4213.0,3380.0,2537.0,4205.5,3374.5,2533.5,8000.0,6000.0,4000.0,0.5,-9.599999999999909,-9.699999999999818,700.0,0.0,0.0,0.18200000000000013,0.0,0.0,1676.0,0
0.532,4221.0,3386.0,2542.0,4213.5,3380.5,2537.5,8000.0,6000.0,5000.0,0.5,-9.199999999999818,-8.900000000000091,700.0,0.0,0.0,0.18300000000000013,0.0,0.0,1679.0,0
0.533,4228.0,3392.0,2546.0,4221.5,3386.5,2542.5,7000.0,6000.0,4000.0,0.5,-8.800000000000182,-9.099999999999909,700.0,0.0,0.0,0.18400000000000014,0.0,0.0,1682.0,0
0.534,4236.0,3398.0,2551.0,4228.5,3392.5,2546.5,8000.0,6000.0,5000.0,0.5,-9.199999999999818,-8.900000000000091,700.0,0.0,0.0,0.18500000000000014,0.0,0.0,1685.0,0
0.535,4244.0,3404.0,2556.0,4236.5,3398.5,2551.5,8000.0,6000.0,5000.0,0.5,-8.800000000000182,-9.099999999999909,700.0,0.0,0.0,0.18600000000000014,0.0,0.0,1688.0,0
0.536,4251.0,3411.0,2560.0,4244.5,3404.5,2556.5,7000.0,7000.0,4000.0,0.5,-8.400000000000091,-9.300000000000182,700.0,0.0,0.0,0.18700000000000014,0.0,0.0,1691.0,0
0.537,4259.0,3417.0,2565.0,4251.5,3411.5,2560.5,8000.0,6000.0,5000.0,0.5,-9.800000000000182,-9.099999999999909,700.0,0.0,0.0,0.18800000000000014,0.0,0.0,1694.0,0
0.538,4267.0,3423.0,2570.0,4259.5,3417.5,2565.5,8000.0,6000.0,5000.0,0.5,-9.400000000000091,-9.300000000000182,700.0,0.0,0.0,0.18900000000000014,0.0,0.0,1697.0,0
0.539,4274.0,3429.0,2574.0,4267.5,3423.5,2570.5,7000.0,6000.0,4000.0,0.5,-9.0,-9.5,700.0,0.0,0.0,0.19000000000000014,0.0,0.0,1700.0,0
0.54,4282.0,3435.0,2579.0,4274.5,3429.5,2574.5,8000.0,6000.0,5000.0,0.5,-9.400000000000091,-9.300000000000182,700.0,0.0,0.0,0.19100000000000014,0.0,0.0,1703.0,0
0.541,4290.0,3441.0,2583.0,4282.5,3435.5,2579.5,8000.0,6000.0,4000.0,0.5,-9.0,-9.5,700.0,0.0,0.0,0.19200000000000014,0.0,0.0,1707.0,0
0.542,4297.0,3447.0,2588.0,4290.5,3441.5,2583.5,7000.0,6000.0,5000.0,0.5,-8.599999999999909,-8.699999999999818,700.0,0.0,0.0,0.19300000000000014,0.0,0.0,1709.0,0
0.543,4305.0,3454.0,2593.0,4297.5,3447.5,2588.5,8000.0,7000.0,5000.0,0.5,-9.0,-9.5,700.0,0.0,0.0,0.19400000000000014,0.0,0.0,1712.0,0
0.544,4313.0,3460.0,2597.0,4305.5,3454.5,2593.5,8000.0,6000.0,4000.0,0.5,-9.599999999999909,-9.699999999999818,700.0,0.0,0.0,0.19500000000000015,0.0,0.0,1716.0,0
0.545,4321.0,3466.0,2602.0,4313.5,3460.5,2597.5,8000.0,6000.0,5000.0,0.5,-9.199999999999818,-8.900000000000091,700.0,0.0,0.0,0.19600000000000015,0.0,0.0,1719.0,0
0.546,4328.0,3472.0,2606.0,4321.5,3466.5,2602.5,7000.0,6000.0,4000.0,0.5,-8.800000000000182,-9.099999999999909,700.0,0.0,0.0,0.19700000000000015,0.0,0.0,1722.0,0
0.547,4336.0,3478.0,2611.0,4328.5,3472.5,2606.5,8000.0,6000.0,5000.0,0.5,-9.199999999999818,-8.900000000000091,700.0,0.0,0.0,0.19800000000000015,0.0,0.0,1725.0,0
0.548,4344.0,3484.0,2616.0,4336.5,3478.5,2611.5,8000.0,6000.0,5000.0,0.5,-8.800000000000182,-9.099999999999909,700.0,0.0,0.0,0.19900000000000015,0.0,0.0,1728.0,0
0.549,4351.0,3490.0,2620.0,4344.5,3484.5,2616.5,7000.0,6000.0,4000.0,0.5,-8.400000000000091,-9.300000000000182,700.0,0.0,0.0,0.20000000000000015,0.0,0.0,1731.0,0
0.55,4359.0,3497.0,2625.0,4351.5,3490.5,2620.5,8000.0,7000.0,5000.0,0.5,-8.800000000000182,-9.099999999999909,700.0,0.0,0.0,0.20100000000000015,0.0,0.0,1734.0,0
0.551,4367.0,3503.0,2629.0,4359.5,3497.5,2625.5,8000.0,6000.0,4000.0,0.5,-9.400000000000091,-9.300000000000182,700.0,0.0,0.0,0.20200000000000015,0.0,0.0,1738.0,0
0.552,4374.0,3509.0,2634.0,4367.5,3503.5,2629.5,7000.0,6000.0,5000.0,0.5,-9.0,-8.5,700.0,0.0,0.0,0.20300000000000015,0.0,0.0,1740.0,0
0.553,4382.0,3515.0,2639.0,4374.5,3509.5,2634.5,8000.0,6000.0,5000.0,0.5,-9.400000000000091,-9.300000000000182,700.0,0.0,0.0,0.20400000000000015,0.0,0.0,1743.0,0
0.554,4390.0,3521.0,2643.0,4382.5,3515.5,2639.5,8000.0,6000.0,4000.0,0.5,-9.0,-9.5,700.0,0.0,0.0,0.20500000000000015,0.0,0.0,1747.0,0
0.555,4397.0,3527.0,2648.0,4390.5,3521.5,2643.5,7000.0,6000.0,5000.0,0.5,-8.599999999999909,-8.699999999999818,700.0,0.0,0.0,0.20600000000000016,0.0,0.0,1749.0,0
0.556,4405.0,3533.0,2653.0,4397.5,3527.5,2648.5,8000.0,6000.0,5000.0,0.5,-9.0,-9.5,700.0,0.0,0.0,0.20700000000000016,0.0,0.0,1752.0,0
0.557,4413.0,3540.0,2657.0,4405.5,3533.5,2653.5,8000.0,7000.0,4000.0,0.5,-8.599999999999909,-9.699999999999818,700.0,0.0,0.0,0.20800000000000016,0.0,0.0,1756.0,0
0.558,4421.0,3546.0,2662.0,4413.5,3540.5,2657.5,8000.0,6000.0,5000.0,0.5,-9.199999999999818,-8.900000000000091,700.0,0.0,0.0,0.20900000000000016,0.0,0.0,1759.0,0
0.559,4428.0,3552.0,2666.0,4421.5,3546.5,2662.5,7000.0,6000.0,4000.0,0.5,-8.800000000000182,-9.099999999999909,700.0,0.0,0.0,0.21000000000000016,0.0,0.0,1762.0,0
0.56,4436.0,3558.0,2671.0,4428.5,3552.5,2666.5,8000.0,6000.0,5000.0,0.5,-9.199999999999818,-8.900000000000091,700.0,0.0,0.0,0.21100000000000016,0.0,0.0,1765.0,0
0.561,4444.0,3564.0,2676.0,4436.5,3558.5,2671.5,8000.0,6000.0,5000.0,0.5,-8.800000000000182,-9.099999999999909,700.0,0.0,0.0,0.21200000000000016,0.0,0.0,1768.0,0
0.562,4451.0,3570.0,2680.0,4444.5,3564.5,2676.5,7000.0,6000.0,4000.0,0.5,-8.400000000000091,-9.300000000000182,700.0,0.0,0.0,0.21300000000000016,0.0,0.0,1771.0,0
0.5630000000000001,4459.0,3577.0,2685.0,4451.5,3570.5,2680.5,8000.0,7000.0,5000.0,0.5,-8.800000000000182,-9.099999999999909,700.0,0.0,0.0,0.21400000000000016,0.0,0.0,1774.0,0
0.5640000000000001,4467.0,3583.0,2689.0,4459.5,3577.5,2685.5,8000.0,6000.0,4000.0,0.5,-9.400000000000091,-9.300000000000182,700.0,0.0,0.0,0.21500000000000016,0.0,0.0,1778.0,0
0.5650000000000001,4474.0,3589.0,2694.0,4467.5,3583.5,2689.5,7000.0,6000.0,5000.0,0.5,-9.0,-8.5,700.0,0.0,0.0,0.21600000000000016,0.0,0.0,1780.0,0
0.5660000000000001,4482.0,3595.0,2699.0,4474.5,3589.5,2694.5,8000.0,6000.0,5000.0,0.5,-9.400000000000091,-9.300000000000182,700.0,0.0,0.0,0.21700000000000016,0.0,0.0,1783.0,0
0.5670000000000001,4490.0,3601.0,2703.0,4482.5,3595.5,2699.5,8000.0,6000.0,4000.0,0.5,-9.0,-9.5,700.0,0.0,0.0,0.21800000000000017,0.0,0.0,1787.0,0
0.5680000000000001,4497.0,3607.0,2708.0,4490.5,3601.5,2703.5,7000.0,6000.0,5000.0,0.5,-8.599999999999909,-8.699999999999818,700.0,0.0,0.0,0.21900000000000017,0.0,0.0,1789.0,0
0.5690000000000001,4505.0,3613.0,2712.0,4497.5,3607.5,2708.5,8000.0,6000.0,4000.0,0.5,-9.0,-9.5,700.0,0.0,0.0,0.22000000000000017,0.0,0.0,1793.0,0
0.5700000000000001,4513.0,3620.0,2717.0,4505.5,3613.5,2712.5,8000.0,7000.0,5000.0,0.5,-8.599999999999909,-8.699999999999818,700.0,0.0,0.0,0.22100000000000017,0.0,0.0,1796.0,0
0.5710000000000001,4520.0,3626.0,2722.0,4513.5,3620.5,2717.5,7000.0,6000.0,5000.0,0.5,-9.199999999999818,-8.900000000000091,700.0,0.0,0.0,0.22200000000000017,0.0,0.0,1798.0,0
0.5720000000000001,4528.0,3632.0,2726.0,4520.5,3626.5,2722.5,8000.0,6000.0,4000.0,0.5,-9.599999999999909,-9.699999999999818,700.0,0.0,0.0,0.22300000000000017,0.0,0.0,1802.0,0
0.5730000000000001,4536.0,3638.0,2731.0,4528.5,3632.5,2726.5,8000.0,6000.0,5000.0,0.5,-9.199999999999818,-8.900000000000091,700.0,0.0,0.0,0.22400000000000017,0.0,0.0,1805.0,0
0.5740000000000001,4544.0,3644.0,2736.0,4536.5,3638.5,2731.5,8000.0,6000.0,5000.0,0.5,-8.800000000000182,-9.099999999999909,700.0,0.0,0.0,0.22500000000000017,0.0,0.0,1808.0,0
0.5750000000000001,4551.0,3650.0,2740.0,4544.5,3644.5,2736.5,7000.0,6000.0,4000.0,0.5,-8.400000000000091,-9.300000000000182,700.0,0.0,0.0,0.22600000000000017,0.0,0.0,1811.0,0
0.5760000000000001,4559.0,3656.0,2745.0,4551.5,3650.5,2740.5,8000.0,6000.0,5000.0,0.5,-8.800000000000182,-9.099999999999909,700.0,0.0,0.0,0.22700000000000017,0.0,0.0,1814.0,0
0.577,4567.0,3663.0,2749.0,4559.5,3656.5,2745.5,8000.0,7000.0,4000.0,0.5,-8.400000000000091,-9.300000000000182,700.0,0.0,0.0,0.22800000000000017,0.0,0.0,1818.0,0
0.578,4574.0,3669.0,2754.0,4567.5,3663.5,2749.5,7000.0,6000.0,5000.0,0.5,-9.0,-8.5,700.0,0.0,0.0,0.22900000000000018,0.0,0.0,1820.0,0
0.579,4582.0,3675.0,2759.0,4574.5,3669.5,2754.5,8000.0,6000.0,5000.0,0.5,-9.400000000000091,-9.300000000000182,700.0,0.0,0.0,0.23000000000000018,0.0,0.0,1823.0,0
0.58,4590.0,3681.0,2763.0,4582.5,3675.5,2759.5,8000.0,6000.0,4000.0,0.5,-9.0,-9.5,700.0,0.0,0.0,0.23100000000000018,0.0,0.0,1827.0,0
0.581,4597.0,3687.0,2768.0,4590.5,3681.5,2763.5,7000.0,6000.0,5000.0,0.5,-8.599999999999909,-8.699999999999818,700.0,0.0,0.0,0.23200000000000018,0.0,0.0,1829.0,0
0.582,4605.0,3693.0,2772.0,4597.5,3687.5,2768.5,8000.0,6000.0,4000.0,0.5,-9.0,-9.5,700.0,0.0,0.0,0.23300000000000018,0.0,0.0,1833.0,0
0.583,4613.0,3699.0,2777.0,4605.5,3693.5,2772.5,8000.0,6000.0,5000.0,0.5,-8.599999999999909,-8.699999999999818,700.0,0.0,0.0,0.23400000000000018,0.0,0.0,1836.0,0
0.584,4620.0,3706.0,2782.0,4613.5,3699.5,2777.5,7000.0,7000.0,5000.0,0.5,-8.199999999999818,-8.900000000000091,700.0,0.0,0.0,0.23500000000000018,0.0,0.0,1838.0,0
0.585,4628.0,3712.0,2786.0,4620.5,3706.5,2782.5,8000.0,6000.0,4000.0,0.5,-9.599999999999909,-9.699999999999818,700.0,0.0,0.0,0.23600000000000018,0.0,0.0,1842.0,0
0.586,4636.0,3718.0,2791.0,4628.5,3712.5,2786.5,8000.0,6000.0,5000.0,0.5,-9.199999999999818,-8.900000000000091,700.0,0.0,0.0,0.23700000000000018,0.0,0.0,1845.0,0
0.587,4644.0,3724.0,2795.0,4636.5,3718.5,2791.5,8000.0,6000.0,4000.0,0.5,-8.800000000000182,-9.099999999999909,700.0,0.0,0.0,0.23800000000000018,0.0,0.0,1849.0,0
0.588,4651.0,3730.0,2800.0,4644.5,3724.5,2795.5,7000.0,6000.0,5000.0,0.5,-8.400000000000091,-8.300000000000182,700.0,0.0,0.0,0.23900000000000018,0.0,0.0,1851.0,0
0.589,4659.0,3736.0,2805.0,4651.5,3730.5,2800.5,8000.0,6000.0,5000.0,0.5,-8.800000000000182,-9.099999999999909,700.0,0.0,0.0,0.24000000000000019,0.0,0.0,1854.0,0
0.59,4667.0,3743.0,2809.0,4659.5,3736.5,2805.5,8000.0,7000.0,4000.0,0.5,-8.400000000000091,-9.300000000000182,700.0,0.0,0.0,0.2410000000000002,0.0,0.0,1858.0,0
0.591,4674.0,3749.0,2814.0,4667.5,3743.5,2809.5,7000.0,6000.0,5000.0,0.5,-9.0,-8.5,700.0,0.0,0.0,0.2420000000000002,0.0,0.0,1860.0,0
0.592,4682.0,3755.0,2819.0,4674.5,3749.5,2814.5,8000.0,6000.0,5000.0,0.5,-9.400000000000091,-9.300000000000182,700.0,0.0,0.0,0.2430000000000002,0.0,0.0,1863.0,0
0.593,4690.0,3761.0,2823.0,4682.5,3755.5,2819.5,8000.0,6000.0,4000.0,0.5,-9.0,-9.5,700.0,0.0,0.0,0.2440000000000002,0.0,0.0,1867.0,0
0.594,4697.0,3767.0,2828.0,4690.5,3761.5,2823.5,7000.0,6000.0,5000.0,0.5,-8.599999999999909,-8.699999999999818,700.0,0.0,0.0,0.2450000000000002,0.0,0.0,1869.0,0
0.595,4705.0,3773.0,2832.0,4697.5,3767.5,2828.5,8000.0,6000.0,4000.0,0.5,-9.0,-9.5,700.0,0.0,0.0,0.2460000000000002,0.0,0.0,1873.0,0
0.596,4713.0,3779.0,2837.0,4705.5,3773.5,2832.5,8000.0,6000.0,5000.0,0.5,-8.599999999999909,-8.699999999999818,700.0,0.0,0.0,0.2470000000000002,0.0,0.0,1876.0,0
0.597,4720.0,3786.0,2842.0,4713.5,3779.5,2837.5,7000.0,7000.0,5000.0,0.5,-8.199999999999818,-8.900000000000091,700.0,0.0,0.0,0.2480000000000002,0.0,0.0,1878.0,0
0.598,4728.0,3792.0,2846.0,4720.5,3786.5,2842.5,8000.0,6000.0,4000.0,0.5,-9.599999999999909,-9.699999999999818,700.0,0.0,0.0,0.2490000000000002,0.0,0.0,1882.0,0
0.599,4736.0,3798.0,2851.0,4728.5,3792.5,2846.5,8000.0,6000.0,5000.0,0.5,-9.199999999999818,-8.900000000000091,700.0,0.0,0.0,0.25000000000000017,0.0,0.0,1885.0,0
0.6,4743.0,3804.0,2855.0,4736.5,3798.5,2851.5,7000.0,6000.0,4000.0,0.5,-8.800000000000182,-9.099999999999909,700.0,0.0,0.0,0.25100000000000017,0.0,0.0,1888.0,0
0.601,4751.0,3810.0,2860.0,4743.5,3804.5,2855.5,8000.0,6000.0,5000.0,0.5,-9.199999999999818,-8.900000000000091,700.0,0.0,0.0,0.25200000000000017,0.0,0.0,1891.0,0
0.602,4759.0,3816.0,2865.0,4751.5,3810.5,2860.5,8000.0,6000.0,5000.0,0.5,-8.800000000000182,-9.099999999999909,700.0,0.0,0.0,0.25300000000000017,0.0,0.0,1894.0,0
0.603,4767.0,3822.0,2869.0,4759.5,3816.5,2865.5,8000.0,6000.0,4000.0,0.5,-8.400000000000091,-9.300000000000182,700.0,0.0,0.0,0.25400000000000017,0.0,0.0,1898.0,0
0.604,4774.0,3829.0,2874.0,4767.5,3822.5,2869.5,7000.0,7000.0,5000.0,0.5,-8.0,-8.5,700.0,0.0,0.0,0.25500000000000017,0.0,0.0,1900.0,0
0.605,4782.0,3835.0,2878.0,4774.5,3829.5,2874.5,8000.0,6000.0,4000.0,0.5,-9.400000000000091,-9.300000000000182,700.0,0.0,0.0,0.25600000000000017,0.0,0.0,1904.0,0
0.606,4790.0,3841.0,2883.0,4782.5,3835.5,2878.5,8000.0,6000.0,5000.0,0.5,-9.0,-8.5,700.0,0.0,0.0,0.2570000000000002,0.0,0.0,1907.0,0
0.607,4797.0,3847.0,2888.0,4790.5,3841.5,2883.5,7000.0,6000.0,5000.0,0.5,-8.599999999999909,-8.699999999999818,700.0,0.0,0.0,0.2580000000000002,0.0,0.0,1909.0,0
0.608,4805.0,3853.0,2892.0,4797.5,3847.5,2888.5,8000.0,6000.0,4000.0,0.5,-9.0,-9.5,700.0,0.0,0.0,0.2590000000000002,0.0,0.0,1913.0,0
0.609,4813.0,3859.0,2897.0,4805.5,3853.5,2892.5,8000.0,6000.0,5000.0,0.5,-8.599999999999909,-8.699999999999818,700.0,0.0,0.0,0.2600000000000002,0.0,0.0,1916.0,0
0.61,4820.0,3865.0,2902.0,4813.5,3859.5,2897.5,7000.0,6000.0,5000.0,0.5,-8.199999999999818,-8.900000000000091,700.0,0.0,0.0,0.2610000000000002,0.0,0.0,1918.0,0
0.611,4828.0,3872.0,2906.0,4820.5,3865.5,2902.5,8000.0,7000.0,4000.0,0.5,-8.599999999999909,-9.699999999999818,700.0,0.0,0.0,0.2620000000000002,0.0,0.0,1922.0,0
0.612,4836.0,3878.0,2911.0,4828.5,3872.5,2906.5,8000.0,6000.0,5000.0,0.5,-9.199999999999818,-8.900000000000091,700.0,0.0,0.0,0.2630000000000002,0.0,0.0,1925.0,0
0.613,4843.0,3884.0,2915.0,4836.5,3878.5,2911.5,7000.0,6000.0,4000.0,0.5,-8.800000000000182,-9.099999999999909,700.0,0.0,0.0,0.2640000000000002,0.0,0.0,1928.0,0
0.614,4851.0,3890.0,2920.0,4843.5,3884.5,2915.5,8000.0,6000.0,5000.0,0.5,-9.199999999999818,-8.900000000000091,700.0,0.0,0.0,0.2650000000000002,0.0,0.0,1931.0,0
0.615,4859.0,3896.0,2925.0,4851.5,3890.5,2920.5,8000.0,6000.0,5000.0,0.5,-8.800000000000182,-9.099999999999909,700.0,0.0,0.0,0.2660000000000002,0.0,0.0,1934.0,0
0.616,4866.0,3902.0,2929.0,4859.5,3896.5,2925.5,7000.0,6000.0,4000.0,0.5,-8.400000000000091,-9.300000000000182,700.0,0.0,0.0,0.2670000000000002,0.0,0.0,1937.0,0
0.617,4874.0,3909.0,2934.0,4866.5,3902.5,2929.5,8000.0,7000.0,5000.0,0.5,-8.800000000000182,-9.099999999999909,700.0,0.0,0.0,0.2680000000000002,0.0,0.0,1940.0,0
0.618,4882.0,3915.0,2938.0,4874.5,3909.5,2934.5,8000.0,6000.0,4000.0,0.5,-9.400000000000091,-9.300000000000182,700.0,0.0,0.0,0.2690000000000002,0.0,0.0,1944.0,0
0.619,4890.0,3921.0,2943.0,4882.5,3915.5,2938.5,8000.0,6000.0,5000.0,0.5,-9.0,-8.5,700.0,0.0,0.0,0.2700000000000002,0.0,0.0,1947.0,0
0.62,4897.0,3927.0,2948.0,4890.5,3921.5,2943.5,7000.0,6000.0,5000.0,0.5,-8.599999999999909,-8.699999999999818,700.0,0.0,0.0,0.2710000000000002,0.0,0.0,1949.0,0
0.621,4905.0,3933.0,2952.0,4897.5,3927.5,2948.5,8000.0,6000.0,4000.0,0.5,-9.0,-9.5,700.0,0.0,0.0,0.2720000000000002,0.0,0.0,1953.0,0
0.622,4913.0,3939.0,2957.0,4905.5,3933.5,2952.5,8000.0,6000.0,5000.0,0.5,-8.599999999999909,-8.699999999999818,700.0,0.0,0.0,0.2730000000000002,0.0,0.0,1956.0,0
0.623,4920.0,3945.0,2961.0,4913.5,3939.5,2957.5,7000.0,6000.0,4000.0,0.5,-8.199999999999818,-8.900000000000091,700.0,0.0,0.0,0.2740000000000002,0.0,0.0,1959.0,0
0.624,4928.0,3952.0,2966.0,4920.5,3945.5,2961.5,8000.0,7000.0,5000.0,0.5,-8.599999999999909,-8.699999999999818,700.0,0.0,0.0,0.2750000000000002,0.0,0.0,1962.0,0
0.625,4936.0,3958.0,2971.0,4928.5,3952.5,2966.5,8000.0,6000.0,5000.0,0.5,-9.199999999999818,-8.900000000000091,700.0,0.0,0.0,0.2760000000000002,0.0,0.0,1965.0,0
0.626,4943.0,3964.0,2975.0,4936.5,3958.5,2971.5,7000.0,6000.0,4000.0,0.5,-8.800000000000182,-9.099999999999909,700.0,0.0,0.0,0.2770000000000002,0.0,0.0,1968.0,0
0.627,4951.0,3970.0,2980.0,4943.5,3964.5,2975.5,8000.0,6000.0,5000.0,0.5,-9.199999999999818,-8.900000000000091,700.0,0.0,0.0,0.2780000000000002,0.0,0.0,1971.0,0
0.628,4959.0,3976.0,2985.0,4951.5,3970.5,2980.5,8000.0,6000.0,5000.0,0.5,-8.800000000000182,-9.099999999999909,700.0,0.0,0.0,0.2790000000000002,0.0,0.0,1974.0,0
0.629,4966.0,3982.0,2989.0,4959.5,3976.5,2985.5,7000.0,6000.0,4000.0,0.5,-8.400000000000091,-9.300000000000182,700.0,0.0,0.0,0.2800000000000002,0.0,0.0,1977.0,0
0.63,4974.0,3988.0,2994.0,4966.5,3982.5,2989.5,8000.0,6000.0,5000.0,0.5,-8.800000000000182,-9.099999999999909,700.0,0.0,0.0,0.2810000000000002,0.0,0.0,1980.0,0
0.631,4982.0,3995.0,2998.0,4974.5,3988.5,2994.5,8000.0,7000.0,4000.0,0.5,-8.400000000000091,-9.300000000000182,700.0,0.0,0.0,0.2820000000000002,0.0,0.0,1984.0,0
0.632,4990.0,4001.0,3003.0,4982.5,3995.5,2998.5,8000.0,6000.0,5000.0,0.5,-9.0,-8.5,700.0,0.0,0.0,0.2830000000000002,0.0,0.0,1987.0,0
0.633,4997.0,4007.0,3008.0,4990.5,4001.5,3003.5,7000.0,6000.0,5000.0,0.5,-8.599999999999909,-8.699999999999818,700.0,0.0,0.0,0.2840000000000002,0.0,0.0,1989.0,0
0.634,5005.0,4013.0,3012.0,4997.5,4007.5,3008.5,8000.0,6000.0,4000.0,0.5,-9.0,-9.5,700.0,0.0,0.0,0.2850000000000002,0.0,0.0,1993.0,0
0.635,5013.0,4019.0,3017.0,5005.5,4013.5,3012.5,8000.0,6000.0,5000.0,0.5,-8.599999999999909,-8.699999999999818,700.0,0.0,0.0,0.2860000000000002,0.0,0.0,1996.0,0
0.636,5020.0,4025.0,3021.0,5013.5,4019.5,3017.5,7000.0,6000.0,4000.0,0.5,-8.199999999999818,-8.900000000000091,700.0,0.0,0.0,0.2870000000000002,0.0,0.0,1999.0,0
0.637,5028.0,4031.0,3026.0,5020.5,4025.5,3021.5,8000.0,6000.0,5000.0,0.5,-8.599999999999909,-8.699999999999818,700.0,0.0,0.0,0.2880000000000002,0.0,0.0,2002.0,0
0.638,5036.0,4038.0,3031.0,5028.5,4031.5,3026.5,8000.0,7000.0,5000.0,0.5,-8.199999999999818,-8.900000000000091,700.0,0.0,0.0,0.2890000000000002,0.0,0.0,2005.0,0
0.639,5043.0,4044.0,3035.0,5036.5,4038.5,3031.5,7000.0,6000.0,4000.0,0.5,-8.800000000000182,-9.099999999999909,700.0,0.0,0.0,0.2900000000000002,0.0,0.0,2008.0,0
0.64,5051.0,4050.0,3040.0,5043.5,4044.5,3035.5,8000.0,6000.0,5000.0,0.5,-9.199999999999818,-8.900000000000091,700.0,0.0,0.0,0.2910000000000002,0.0,0.0,2011.0,0
0.641,5059.0,4056.0,3044.0,5051.5,4050.5,3040.5,8000.0,6000.0,4000.0,0.5,-8.800000000000182,-9.099999999999909,700.0,0.0,0.0,0.2920000000000002,0.0,0.0,2015.0,0
0.642,5066.0,4062.0,3049.0,5059.5,4056.5,3044.5,7000.0,6000.0,5000.0,0.5,-8.400000000000091,-8.300000000000182,700.0,0.0,0.0,0.2930000000000002,0.0,0.0,2017.0,0
0.643,5074.0,4068.0,3054.0,5066.5,4062.5,3049.5,8000.0,6000.0,5000.0,0.5,-8.800000000000182,-9.099999999999909,700.0,0.0,0.0,0.2940000000000002,0.0,0.0,2020.0,0
0.644,5082.0,4075.0,3058.0,5074.5,4068.5,3054.5,8000.0,7000.0,4000.0,0.5,-8.400000000000091,-9.300000000000182,700.0,0.0,0.0,0.2950000000000002,0.0,0.0,2024.0,0
0.645,5089.0,4081.0,3063.0,5082.5,4075.5,3058.5,7000.0,6000.0,5000.0,0.5,-9.0,-8.5,700.0,0.0,0.0,0.2960000000000002,0.0,0.0,2026.0,0
0.646,5097.0,4087.0,3068.0,5089.5,4081.5,3063.5,8000.0,6000.0,5000.0,0.5,-9.400000000000091,-9.300000000000182,700.0,0.0,0.0,0.2970000000000002,0.0,0.0,2029.0,0
0.647,5105.0,4093.0,3072.0,5097.5,4087.5,3068.5,8000.0,6000.0,4000.0,0.5,-9.0,-9.5,700.0,0.0,0.0,0.2980000000000002,0.0,0.0,2033.0,0
0.648,5113.0,4099.0,3077.0,5105.5,4093.5,3072.5,8000.0,6000.0,5000.0,0.5,-8.599999999999909,-8.699999999999818,700.0,0.0,0.0,0.2990000000000002,0.0,0.0,2036.0,0
0.649,5120.0,4105.0,3081.0,5113.5,4099.5,3077.5,7000.0,6000.0,4000.0,0.5,-8.199999999999818,-8.900000000000091,700.0,0.0,0.0,0.3000000000000002,0.0,0.0,2039.0,0
0.65,5128.0,4111.0,3086.0,5120.5,4105.5,3081.5,8000.0,6000.0,5000.0,0.5,-8.600000000000364,-8.699999999999818,700.0,0.0,0.0,0.3010000000000002,0.0,0.0,2042.0,0
0.651,5136.0,4118.0,3091.0,5128.5,4111.5,3086.5,8000.0,7000.0,5000.0,0.5,-8.199999999999818,-8.900000000000091,700.0,0.0,0.0,0.3020000000000002,0.0,0.0,2045.0,0
0.652,5143.0,4124.0,3095.0,5136.5,4118.5,3091.5,7000.0,6000.0,4000.0,0.5,-8.800000000000182,-9.099999999999909,700.0,0.0,0.0,0.3030000000000002,0.0,0.0,2048.0,0
0.653,5151.0,4130.0,3100.0,5143.5,4124.5,3095.5,8000.0,6000.0,5000.0,0.5,-9.199999999999818,-8.900000000000091,700.0,0.0,0.0,0.3040000000000002,0.0,0.0,2051.0,0
0.654,5159.0,4136.0,3104.0,5151.5,4130.5,3100.5,8000.0,6000.0,4000.0,0.5,-8.800000000000182,-9.099999999999909,700.0,0.0,0.0,0.3050000000000002,0.0,0.0,2055.0,0
0.655,5166.0,4142.0,3109.0,5159.5,4136.5,3104.5,7000.0,6000.0,5000.0,0.5,-8.399999999999636,-8.300000000000182,700.0,0.0,0.0,0.3060000000000002,0.0,0.0,2057.0,0
0.656,5174.0,4148.0,3114.0,5166.5,4142.5,3109.5,8000.0,6000.0,5000.0,0.5,-8.800000000000182,-9.099999999999909,700.0,0.0,0.0,0.3070000000000002,0.0,0.0,2060.0,0
0.657,5182.0,4154.0,3118.0,5174.5,4148.5,3114.5,8000.0,6000.0,4000.0,0.5,-8.399999999999636,-9.300000000000182,700.0,0.0,0.0,0.3080000000000002,0.0,0.0,2064.0,0
0.658,5189.0,4161.0,3123.0,5182.5,4154.5,3118.5,7000.0,7000.0,5000.0,0.5,-8.0,-8.5,700.0,0.0,0.0,0.3090000000000002,0.0,0.0,2066.0,0
0.659,5197.0,4167.0,3128.0,5189.5,4161.5,3123.5,8000.0,6000.0,5000.0,0.5,-9.399999999999636,-9.300000000000182,700.0,0.0,0.0,0.3100000000000002,0.0,0.0,2069.0,0
0.66,5205.0,4173.0,3132.0,5197.5,4167.5,3128.5,8000.0,6000.0,4000.0,0.5,-9.0,-9.5,700.0,0.0,0.0,0.3110000000000002,0.0,0.0,2073.0,0
0.661,5213.0,4179.0,3137.0,5205.5,4173.5,3132.5,8000.0,6000.0,5000.0,0.5,-8.600000000000364,-8.699999999999818,700.0,0.0,0.0,0.3120000000000002,0.0,0.0,2076.0,0
0.662,5220.0,4185.0,3141.0,5213.5,4179.5,3137.5,7000.0,6000.0,4000.0,0.5,-8.199999999999818,-8.900000000000091,700.0,0.0,0.0,0.3130000000000002,0.0,0.0,2079.0,0
0.663,5228.0,4191.0,3146.0,5220.5,4185.5,3141.5,8000.0,6000.0,5000.0,0.5,-8.600000000000364,-8.699999999999818,700.0,0.0,0.0,0.3140000000000002,0.0,0.0,2082.0,0
0.664,5236.0,4197.0,3151.0,5228.5,4191.5,3146.5,8000.0,6000.0,5000.0,0.5,-8.199999999999818,-8.900000000000091,700.0,0.0,0.0,0.3150000000000002,0.0,0.0,2085.0,0
0.665,5243.0,4204.0,3155.0,5236.5,4197.5,3151.5,7000.0,7000.0,4000.0,0.5,-7.800000000000182,-9.099999999999909,700.0,0.0,0.0,0.3160000000000002,0.0,0.0,2088.0,0
0.666,5251.0,4210.0,3160.0,5243.5,4204.5,3155.5,8000.0,6000.0,5000.0,0.5,-9.199999999999818,-8.900000000000091,700.0,0.0,0.0,0.3170000000000002,0.0,0.0,2091.0,0
0.667,5259.0,4216.0,3164.0,5251.5,4210.5,3160.5,8000.0,6000.0,4000.0,0.5,-8.800000000000182,-9.099999999999909,700.0,0.0,0.0,0.3180000000000002,0.0,0.0,2095.0,0
0.668,5266.0,4222.0,3169.0,5259.5,4216.5,3164.5,7000.0,6000.0,5000.0,0.5,-8.399999999999636,-8.300000000000182,700.0,0.0,0.0,0.31900000000000023,0.0,0.0,2097.0,0
0.669,5274.0,4228.0,3174.0,5266.5,4222.5,3169.5,8000.0,6000.0,5000.0,0.5,-8.800000000000182,-9.099999999999909,700.0,0.0,0.0,0.32000000000000023,0.0,0.0,2100.0,0
0.67,5282.0,4234.0,3178.0,5274.5,4228.5,3174.5,8000.0,6000.0,4000.0,0.5,-8.399999999999636,-9.300000000000182,700.0,0.0,0.0,0.32100000000000023,0.0,0.0,2104.0,0
0.671,5289.0,4240.0,3183.0,5282.5,4234.5,3178.5,7000.0,6000.0,5000.0,0.5,-8.0,-8.5,700.0,0.0,0.0,0.32200000000000023,0.0,0.0,2106.0,0
0.672,5297.0,4247.0,3187.0,5289.5,4240.5,3183.5,8000.0,7000.0,4000.0,0.5,-8.399999999999636,-9.300000000000182,700.0,0.0,0.0,0.32300000000000023,0.0,0.0,2110.0,0
0.673,5305.0,4253.0,3192.0,5297.5,4247.5,3187.5,8000.0,6000.0,5000.0,0.5,-9.0,-8.5,700.0,0.0,0.0,0.32400000000000023,0.0,0.0,2113.0,0
0.674,5312.0,4259.0,3197.0,5305.5,4253.5,3192.5,7000.0,6000.0,5000.0,0.5,-8.600000000000364,-8.699999999999818,700.0,0.0,0.0,0.32500000000000023,0.0,0.0,2115.0,0
0.675,5320.0,4265.0,3201.0,5312.5,4259.5,3197.5,8000.0,6000.0,4000.0,0.5,-9.0,-9.5,700.0,0.0,0.0,0.32600000000000023,0.0,0.0,2119.0,0
0.676,5328.0,4271.0,3206.0,5320.5,4265.5,3201.5,8000.0,6000.0,5000.0,0.5,-8.600000000000364,-8.699999999999818,700.0,0.0,0.0,0.32700000000000023,0.0,0.0,2122.0,0
0.677,5336.0,4277.0,3211.0,5328.5,4271.5,3206.5,8000.0,6000.0,5000.0,0.5,-8.199999999999818,-8.900000000000091,700.0,0.0,0.0,0.32800000000000024,0.0,0.0,2125.0,0
0.678,5343.0,4284.0,3215.0,5336.5,4277.5,3211.5,7000.0,7000.0,4000.0,0.5,-7.800000000000182,-9.099999999999909,700.0,0.0,0.0,0.32900000000000024,0.0,0.0,2128.0,0
0.679,5351.0,4290.0,3220.0,5343.5,4284.5,3215.5,8000.0,6000.0,5000.0,0.5,-9.199999999999818,-8.900000000000091,700.0,0.0,0.0,0.33000000000000024,0.0,0.0,2131.0,0
0.68,5359.0,4296.0,3224.0,5351.5,4290.5,3220.5,8000.0,6000.0,4000.0,0.5,-8.800000000000182,-9.099999999999909,700.0,0.0,0.0,0.33100000000000024,0.0,0.0,2135.0,0
0.681,5366.0,4302.0,3229.0,5359.5,4296.5,3224.5,7000.0,6000.0,5000.0,0.5,-8.399999999999636,-8.300000000000182,700.0,0.0,0.0,0.33200000000000024,0.0,0.0,2137.0,0
0.682,5374.0,4308.0,3234.0,5366.5,4302.5,3229.5,8000.0,6000.0,5000.0,0.5,-8.800000000000182,-9.099999999999909,700.0,0.0,0.0,0.33300000000000024,0.0,0.0,2140.0,0
0.683,5382.0,4314.0,3238.0,5374.5,4308.5,3234.5,8000.0,6000.0,4000.0,0.5,-8.399999999999636,-9.300000000000182,700.0,0.0,0.0,0.33400000000000024,0.0,0.0,2144.0,0
0.684,5389.0,4320.0,3243.0,5382.5,4314.5,3238.5,7000.0,6000.0,5000.0,0.5,-8.0,-8.5,700.0,0.0,0.0,0.33500000000000024,0.0,0.0,2146.0,0
0.685,5397.0,4327.0,3247.0,5389.5,4320.5,3243.5,8000.0,7000.0,4000.0,0.5,-8.399999999999636,-9.300000000000182,700.0,0.0,0.0,0.33600000000000024,0.0,0.0,2150.0,0
0.686,5405.0,4333.0,3252.0,5397.5,4327.5,3247.5,8000.0,6000.0,5000.0,0.5,-9.0,-8.5,700.0,0.0,0.0,0.33700000000000024,0.0,0.0,2153.0,0
0.687,5412.0,4339.0,3257.0,5405.5,4333.5,3252.5,7000.0,6000.0,5000.0,0.5,-8.600000000000364,-8.699999999999818,700.0,0.0,0.0,0.33800000000000024,0.0,0.0,2155.0,0
0.6880000000000001,5420.0,4345.0,3261.0,5412.5,4339.5,3257.5,8000.0,6000.0,4000.0,0.5,-9.0,-9.5,700.0,0.0,0.0,0.33900000000000025,0.0,0.0,2159.0,0
0.6890000000000001,5428.0,4351.0,3266.0,5420.5,4345.5,3261.5,8000.0,6000.0,5000.0,0.5,-8.600000000000364,-8.699999999999818,700.0,0.0,0.0,0.34000000000000025,0.0,0.0,2162.0,0
0.6900000000000001,5436.0,4357.0,3270.0,5428.5,4351.5,3266.5,8000.0,6000.0,4000.0,0.5,-8.199999999999818,-8.900000000000091,700.0,0.0,0.0,0.34100000000000025,0.0,0.0,2166.0,0
0.6910000000000001,5443.0,4363.0,3275.0,5436.5,4357.5,3270.5,7000.0,6000.0,5000.0,0.5,-7.800000000000182,-8.099999999999909,700.0,0.0,0.0,0.34200000000000025,0.0,0.0,2168.0,0
0.6920000000000001,5451.0,4370.0,3280.0,5443.5,4363.5,3275.5,8000.0,7000.0,5000.0,0.5,-8.199999999999818,-8.900000000000091,700.0,0.0,0.0,0.34300000000000025,0.0,0.0,2171.0,0
0.6930000000000001,5459.0,4376.0,3284.0,5451.5,4370.5,3280.5,8000.0,6000.0,4000.0,0.5,-8.800000000000182,-9.099999999999909,700.0,0.0,0.0,0.34400000000000025,0.0,0.0,2175.0,0
0.6940000000000001,5466.0,4382.0,3289.0,5459.5,4376.5,3284.5,7000.0,6000.0,5000.0,0.5,-8.399999999999636,-8.300000000000182,700.0,0.0,0.0,0.34500000000000025,0.0,0.0,2177.0,0
0.6950000000000001,5474.0,4388.0,3294.0,5466.5,4382.5,3289.5,8000.0,6000.0,5000.0,0.5,-8.800000000000182,-9.099999999999909,700.0,0.0,0.0,0.34600000000000025,0.0,0.0,2180.0,0
0.6960000000000001,5482.0,4394.0,3298.0,5474.5,4388.5,3294.5,8000.0,6000.0,4000.0,0.5,-8.399999999999636,-9.300000000000182,700.0,0.0,0.0,0.34700000000000025,0.0,0.0,2184.0,0
0.6970000000000001,5489.0,4400.0,3303.0,5482.5,4394.5,3298.5,7000.0,6000.0,5000.0,0.5,-8.0,-8.5,700.0,0.0,0.0,0.34800000000000025,0.0,0.0,2186.0,0
0.6980000000000001,5497.0,4406.0,3307.0,5489.5,4400.5,3303.5,8000.0,6000.0,4000.0,0.5,-8.399999999999636,-9.300000000000182,700.0,0.0,0.0,0.34900000000000025,0.0,0.0,2190.0,0
0.6990000000000001,5505.0,4413.0,3312.0,5497.5,4406.5,3307.5,8000.0,7000.0,5000.0,0.5,-8.0,-8.5,700.0,0.0,0.0,0.35000000000000026,0.0,0.0,2193.0,0
0.7000000000000001,5512.0,4419.0,3317.0,5505.5,4413.5,3312.5,7000.0,6000.0,5000.0,0.5,-8.600000000000364,-8.699999999999818,700.0,0.0,0.0,0.35100000000000026,0.0,0.0,2195.0,0
0.7010000000000001,5520.0,4425.0,3321.0,5512.5,4419.5,3317.5,8000.0,6000.0,4000.0,0.5,-9.0,-9.5,700.0,0.0,0.0,0.35200000000000026,0.0,0.0,2199.0,0
0.7020000000000001,5528.0,4431.0,3326.0,5520.5,4425.5,3321.5,8000.0,6000.0,5000.0,0.5,-8.600000000000364,-8.699999999999818,700.0,0.0,0.0,0.35300000000000026,0.0,0.0,2202.0,0
0.7030000000000001,5535.0,4437.0,3330.0,5528.5,4431.5,3326.5,7000.0,6000.0,4000.0,0.5,-8.199999999999818,-8.900000000000091,700.0,0.0,0.0,0.35400000000000026,0.0,0.0,2205.0,0
0.704,5543.0,4443.0,3335.0,5535.5,4437.5,3330.5,8000.0,6000.0,5000.0,0.5,-8.600000000000364,-8.699999999999818,700.0,0.0,0.0,0.35500000000000026,0.0,0.0,2208.0,0
0.705,5551.0,4450.0,3340.0,5543.5,4443.5,3335.5,8000.0,7000.0,5000.0,0.5,-8.199999999999818,-8.900000000000091,700.0,0.0,0.0,0.35600000000000026,0.0,0.0,2211.0,0
0.706,5559.0,4456.0,3344.0,5551.5,4450.5,3340.5,8000.0,6000.0,4000.0,0.5,-8.800000000000182,-9.099999999999909,700.0,0.0,0.0,0.35700000000000026,0.0,0.0,2215.0,0
0.707,5566.0,4462.0,3349.0,5559.5,4456.5,3344.5,7000.0,6000.0,5000.0,0.5,-8.399999999999636,-8.300000000000182,700.0,0.0,0.0,0.35800000000000026,0.0,0.0,2217.0,0
0.708,5574.0,4468.0,3353.0,5566.5,4462.5,3349.5,8000.0,6000.0,4000.0,0.5,-8.800000000000182,-9.099999999999909,700.0,0.0,0.0,0.35900000000000026,0.0,0.0,2221.0,0
0.709,5582.0,4474.0,3358.0,5574.5,4468.5,3353.5,8000.0,6000.0,5000.0,0.5,-8.399999999999636,-8.300000000000182,700.0,0.0,0.0,0.36000000000000026,0.0,0.0,2224.0,0
0.71,5589.0,4480.0,3363.0,5582.5,4474.5,3358.5,7000.0,6000.0,5000.0,0.5,-8.0,-8.5,700.0,0.0,0.0,0.36100000000000027,0.0,0.0,2226.0,0
0.711,5597.0,4486.0,3367.0,5589.5,4480.5,3363.5,8000.0,6000.0,4000.0,0.5,-8.399999999999636,-9.300000000000182,700.0,0.0,0.0,0.36200000000000027,0.0,0.0,2230.0,0
0.712,5605.0,4493.0,3372.0,5597.5,4486.5,3367.5,8000.0,7000.0,5000.0,0.5,-8.0,-8.5,700.0,0.0,0.0,0.36300000000000027,0.0,0.0,2233.0,0
0.713,5612.0,4499.0,3377.0,5605.5,4493.5,3372.5,7000.0,6000.0,5000.0,0.5,-8.600000000000364,-8.699999999999818,700.0,0.0,0.0,0.36400000000000027,0.0,0.0,2235.0,0
0.714,5620.0,4505.0,3381.0,5612.5,4499.5,3377.5,8000.0,6000.0,4000.0,0.5,-9.0,-9.5,700.0,0.0,0.0,0.36500000000000027,0.0,0.0,2239.0,0
0.715,5628.0,4511.0,3386.0,5620.5,4505.5,3381.5,8000.0,6000.0,5000.0,0.5,-8.600000000000364,-8.699999999999818,700.0,0.0,0.0,0.36600000000000027,0.0,0.0,2242.0,0
0.716,5635.0,4517.0,3390.0,5628.5,4511.5,3386.5,7000.0,6000.0,4000.0,0.5,-8.199999999999818,-8.900000000000091,700.0,0.0,0.0,0.36700000000000027,0.0,0.0,2245.0,0
0.717,5643.0,4523.0,3395.0,5635.5,4517.5,3390.5,8000.0,6000.0,5000.0,0.5,-8.600000000000364,-8.699999999999818,700.0,0.0,0.0,0.36800000000000027,0.0,0.0,2248.0,0
0.718,5651.0,4529.0,3400.0,5643.5,4523.5,3395.5,8000.0,6000.0,5000.0,0.5,-8.199999999999818,-8.900000000000091,700.0,0.0,0.0,0.36900000000000027,0.0,0.0,2251.0,0
0.719,5658.0,4536.0,3404.0,5651.5,4529.5,3400.5,7000.0,7000.0,4000.0,0.5,-7.800000000000182,-9.099999999999909,700.0,0.0,0.0,0.3700000000000003,0.0,0.0,2254.0,0
0.72,5666.0,4542.0,3409.0,5658.5,4536.5,3404.5,8000.0,6000.0,5000.0,0.5,-9.199999999999818,-8.900000000000091,700.0,0.0,0.0,0.3710000000000003,0.0,0.0,2257.0,0
0.721,5674.0,4548.0,3413.0,5666.5,4542.5,3409.5,8000.0,6000.0,4000.0,0.5,-8.800000000000182,-9.099999999999909,700.0,0.0,0.0,0.3720000000000003,0.0,0.0,2261.0,0
0.722,5682.0,4554.0,3418.0,5674.5,4548.5,3413.5,8000.0,6000.0,5000.0,0.5,-8.399999999999636,-8.300000000000182,700.0,0.0,0.0,0.3730000000000003,0.0,0.0,2264.0,0
0.723,5689.0,4560.0,3423.0,5682.5,4554.5,3418.5,7000.0,6000.0,5000.0,0.5,-8.0,-8.5,700.0,0.0,0.0,0.3740000000000003,0.0,0.0,2266.0,0
0.724,5697.0,4566.0,3427.0,5689.5,4560.5,3423.5,8000.0,6000.0,4000.0,0.5,-8.399999999999636,-9.300000000000182,700.0,0.0,0.0,0.3750000000000003,0.0,0.0,2270.0,0
0.725,5705.0,4572.0,3432.0,5697.5,4566.5,3427.5,8000.0,6000.0,5000.0,0.5,-8.0,-8.5,700.0,0.0,0.0,0.3760000000000003,0.0,0.0,2273.0,0
0.726,5712.0,4579.0,3436.0,5705.5,4572.5,3432.5,7000.0,7000.0,4000.0,0.5,-7.600000000000364,-8.699999999999818,700.0,0.0,0.0,0.3770000000000003,0.0,0.0,2276.0,0
0.727,5720.0,4585.0,3441.0,5712.5,4579.5,3436.5,8000.0,6000.0,5000.0,0.5,-9.0,-8.5,700.0,0.0,0.0,0.3780000000000003,0.0,0.0,2279.0,0
0.728,5728.0,4591.0,3446.0,5720.5,4585.5,3441.5,8000.0,6000.0,5000.0,0.5,-8.600000000000364,-8.699999999999818,700.0,0.0,0.0,0.3790000000000003,0.0,0.0,2282.0,0
0.729,5735.0,4597.0,3450.0,5728.5,4591.5,3446.5,7000.0,6000.0,4000.0,0.5,-8.199999999999818,-8.900000000000091,700.0,0.0,0.0,0.3800000000000003,0.0,0.0,2285.0,0
0.73,5743.0,4603.0,3455.0,5735.5,4597.5,3450.5,8000.0,6000.0,5000.0,0.5,-8.600000000000364,-8.699999999999818,700.0,0.0,0.0,0.3810000000000003,0.0,0.0,2288.0,0
0.731,5751.0,4609.0,3460.0,5743.5,4603.5,3455.5,8000.0,6000.0,5000.0,0.5,-8.199999999999818,-8.900000000000091,700.0,0.0,0.0,0.3820000000000003,0.0,0.0,2291.0,0
0.732,5758.0,4616.0,3464.0,5751.5,4609.5,3460.5,7000.0,7000.0,4000.0,0.5,-7.800000000000182,-9.099999999999909,700.0,0.0,0.0,0.3830000000000003,0.0,0.0,2294.0,0
0.733,5766.0,4622.0,3469.0,5758.5,4616.5,3464.5,8000.0,6000.0,5000.0,0.5,-9.199999999999818,-8.900000000000091,700.0,0.0,0.0,0.3840000000000003,0.0,0.0,2297.0,0
0.734,5774.0,4628.0,3473.0,5766.5,4622.5,3469.5,8000.0,6000.0,4000.0,0.5,-8.800000000000182,-9.099999999999909,700.0,0.0,0.0,0.3850000000000003,0.0,0.0,2301.0,0
0.735,5782.0,4634.0,3478.0,5774.5,4628.5,3473.5,8000.0,6000.0,5000.0,0.5,-8.399999999999636,-8.300000000000182,700.0,0.0,0.0,0.3860000000000003,0.0,0.0,2304.0,0
0.736,5789.0,4640.0,3483.0,5782.5,4634.5,3478.5,7000.0,6000.0,5000.0,0.5,-8.0,-8.5,700.0,0.0,0.0,0.3870000000000003,0.0,0.0,2306.0,0
0.737,5797.0,4646.0,3487.0,5789.5,4640.5,3483.5,8000.0,6000.0,4000.0,0.5,-8.399999999999636,-9.300000000000182,700.0,0.0,0.0,0.3880000000000003,0.0,0.0,2310.0,0
0.738,5805.0,4652.0,3492.0,5797.5,4646.5,3487.5,8000.0,6000.0,5000.0,0.5,-8.0,-8.5,700.0,0.0,0.0,0.3890000000000003,0.0,0.0,2313.0,0
0.739,5812.0,4659.0,3496.0,5805.5,4652.5,3492.5,7000.0,7000.0,4000.0,0.5,-7.600000000000364,-8.699999999999818,700.0,0.0,0.0,0.3900000000000003,0.0,0.0,2316.0,0
0.74,5820.0,4665.0,3501.0,5812.5,4659.5,3496.5,8000.0,6000.0,5000.0,0.5,-9.0,-8.5,700.0,0.0,0.0,0.3910000000000003,0.0,0.0,2319.0,0
0.741,5828.0,4671.0,3506.0,5820.5,4665.5,3501.5,8000.0,6000.0,5000.0,0.5,-8.600000000000364,-8.699999999999818,700.0,0.0,0.0,0.3920000000000003,0.0,0.0,2322.0,0
0.742,5835.0,4677.0,3510.0,5828.5,4671.5,3506.5,7000.0,6000.0,4000.0,0.5,-8.199999999999818,-8.900000000000091,700.0,0.0,0.0,0.3930000000000003,0.0,0.0,2325.0,0
0.743,5843.0,4683.0,3515.0,5835.5,4677.5,3510.5,8000.0,6000.0,5000.0,0.5,-8.600000000000364,-8.699999999999818,700.0,0.0,0.0,0.3940000000000003,0.0,0.0,2328.0,0
0.744,5851.0,4689.0,3519.0,5843.5,4683.5,3515.5,8000.0,6000.0,4000.0,0.5,-8.199999999999818,-8.900000000000091,700.0,0.0,0.0,0.3950000000000003,0.0,0.0,2332.0,0
0.745,5858.0,4695.0,3524.0,5851.5,4689.5,3519.5,7000.0,6000.0,5000.0,0.5,-7.800000000000182,-8.099999999999909,700.0,0.0,0.0,0.3960000000000003,0.0,0.0,2334.0,0
0.746,5866.0,4702.0,3529.0,5858.5,4695.5,3524.5,8000.0,7000.0,5000.0,0.5,-8.199999999999818,-8.900000000000091,700.0,0.0,0.0,0.3970000000000003,0.0,0.0,2337.0,0
0.747,5874.0,4708.0,3533.0,5866.5,4702.5,3529.5,8000.0,6000.0,4000.0,0.5,-8.800000000000182,-9.099999999999909,700.0,0.0,0.0,0.3980000000000003,0.0,0.0,2341.0,0
0.748,5881.0,4714.0,3538.0,5874.5,4708.5,3533.5,7000.0,6000.0,5000.0,0.5,-8.399999999999636,-8.300000000000182,700.0,0.0,0.0,0.3990000000000003,0.0,0.0,2343.0,0
0.749,5889.0,4720.0,3543.0,5881.5,4714.5,3538.5,8000.0,6000.0,5000.0,0.5,-8.800000000000182,-9.099999999999909,700.0,0.0,0.0,0.4000000000000003,0.0,0.0,2346.0,0
0.75,5897.0,4726.0,3547.0,5889.5,4720.5,3543.5,8000.0,6000.0,4000.0,0.5,-8.399999999999636,-9.300000000000182,700.0,0.0,0.0,0.4010000000000003,0.0,0.0,2350.0,0
0.751,5905.0,4732.0,3552.0,5897.5,4726.5,3547.5,8000.0,6000.0,5000.0,0.5,-8.0,-8.5,700.0,0.0,0.0,0.4020000000000003,0.0,0.0,2353.0,0
0.752,5912.0,4738.0,3556.0,5905.5,4732.5,3552.5,7000.0,6000.0,4000.0,0.5,-7.600000000000364,-8.699999999999818,700.0,0.0,0.0,0.4030000000000003,0.0,0.0,2356.0,0
0.753,5920.0,4745.0,3561.0,5912.5,4738.5,3556.5,8000.0,7000.0,5000.0,0.5,-8.0,-8.5,700.0,0.0,0.0,0.4040000000000003,0.0,0.0,2359.0,0
0.754,5928.0,4751.0,3566.0,5920.5,4745.5,3561.5,8000.0,6000.0,5000.0,0.5,-8.600000000000364,-8.699999999999818,700.0,0.0,0.0,0.4050000000000003,0.0,0.0,2362.0,0
0.755,5935.0,4757.0,3570.0,5928.5,4751.5,3566.5,7000.0,6000.0,4000.0,0.5,-8.199999999999818,-8.900000000000091,700.0,0.0,0.0,0.4060000000000003,0.0,0.0,2365.0,0
0.756,5943.0,4763.0,3575.0,5935.5,4757.5,3570.5,8000.0,6000.0,5000.0,0.5,-8.600000000000364,-8.699999999999818,700.0,0.0,0.0,0.4070000000000003,0.0,0.0,2368.0,0
0.757,5951.0,4769.0,3579.0,5943.5,4763.5,3575.5,8000.0,6000.0,4000.0,0.5,-8.199999999999818,-8.900000000000091,700.0,0.0,0.0,0.4080000000000003,0.0,0.0,2372.0,0
0.758,5958.0,4775.0,3584.0,5951.5,4769.5,3579.5,7000.0,6000.0,5000.0,0.5,-7.800000000000182,-8.099999999999909,700.0,0.0,0.0,0.4090000000000003,0.0,0.0,2374.0,0
0.759,5966.0,4782.0,3589.0,5958.5,4775.5,3584.5,8000.0,7000.0,5000.0,0.5,-8.199999999999818,-8.900000000000091,700.0,0.0,0.0,0.4100000000000003,0.0,0.0,2377.0,0
0.76,5974.0,4788.0,3593.0,5966.5,4782.5,3589.5,8000.0,6000.0,4000.0,0.5,-8.800000000000182,-9.099999999999909,700.0,0.0,0.0,0.4110000000000003,0.0,0.0,2381.0,0
0.761,5981.0,4794.0,3598.0,5974.5,4788.5,3593.5,7000.0,6000.0,5000.0,0.5,-8.399999999999636,-8.300000000000182,700.0,0.0,0.0,0.4120000000000003,0.0,0.0,2383.0,0
0.762,5989.0,4800.0,3603.0,5981.5,4794.5,3598.5,8000.0,6000.0,5000.0,0.5,-8.800000000000182,-9.099999999999909,700.0,0.0,0.0,0.4130000000000003,0.0,0.0,2386.0,0
0.763,5997.0,4806.0,3607.0,5989.5,4800.5,3603.5,8000.0,6000.0,4000.0,0.5,-8.399999999999636,-9.300000000000182,700.0,0.0,0.0,0.4140000000000003,0.0,0.0,2390.0,0
0.764,6005.0,4812.0,3612.0,5997.5,4806.5,3607.5,8000.0,6000.0,5000.0,0.5,-8.0,-8.5,700.0,0.0,0.0,0.4150000000000003,0.0,0.0,2393.0,0
0.765,6012.0,4818.0,3616.0,6005.5,4812.5,3612.5,7000.0,6000.0,4000.0,0.5,-7.600000000000364,-8.699999999999818,700.0,0.0,0.0,0.4160000000000003,0.0,0.0,2396.0,0
0.766,6020.0,4825.0,3621.0,6012.5,4818.5,3616.5,8000.0,7000.0,5000.0,0.5,-8.0,-8.5,700.0,0.0,0.0,0.4170000000000003,0.0,0.0,2399.0,0
0.767,6028.0,4831.0,3626.0,6020.5,4825.5,3621.5,8000.0,6000.0,5000.0,0.5,-8.600000000000364,-8.699999999999818,700.0,0.0,0.0,0.4180000000000003,0.0,0.0,2402.0,0
0.768,6035.0,4837.0,3630.0,6028.5,4831.5,3626.5,7000.0,6000.0,4000.0,0.5,-8.199999999999818,-8.900000000000091,700.0,0.0,0.0,0.4190000000000003,0.0,0.0,2405.0,0
0.769,6043.0,4843.0,3635.0,6035.5,4837.5,3630.5,8000.0,6000.0,5000.0,0.5,-8.600000000000364,-8.699999999999818,700.0,0.0,0.0,0.4200000000000003,0.0,0.0,2408.0,0
0.77,6051.0,4849.0,3639.0,6043.5,4843.5,3635.5,8000.0,6000.0,4000.0,0.5,-8.199999999999818,-8.900000000000091,700.0,0.0,0.0,0.4210000000000003,0.0,0.0,2412.0,0
0.771,6058.0,4855.0,3644.0,6051.5,4849.5,3639.5,7000.0,6000.0,5000.0,0.5,-7.800000000000182,-8.099999999999909,700.0,0.0,0.0,0.4220000000000003,0.0,0.0,2414.0,0
0.772,6066.0,4861.0,3649.0,6058.5,4855.5,3644.5,8000.0,6000.0,5000.0,0.5,-8.199999999999818,-8.900000000000091,700.0,0.0,0.0,0.4230000000000003,0.0,0.0,2417.0,0
0.773,6074.0,4868.0,3653.0,6066.5,4861.5,3649.5,8000.0,7000.0,4000.0,0.5,-7.800000000000182,-9.099999999999909,700.0,0.0,0.0,0.4240000000000003,0.0,0.0,2421.0,0
0.774,6081.0,4874.0,3658.0,6074.5,4868.5,3653.5,7000.0,6000.0,5000.0,0.5,-8.399999999999636,-8.300000000000182,700.0,0.0,0.0,0.4250000000000003,0.0,0.0,2423.0,0
0.775,6089.0,4880.0,3662.0,6081.5,4874.5,3658.5,8000.0,6000.0,4000.0,0.5,-8.800000000000182,-9.099999999999909,700.0,0.0,0.0,0.4260000000000003,0.0,0.0,2427.0,0
0.776,6097.0,4886.0,3667.0,6089.5,4880.5,3662.5,8000.0,6000.0,5000.0,0.5,-8.399999999999636,-8.300000000000182,700.0,0.0,0.0,0.4270000000000003,0.0,0.0,2430.0,0
0.777,6104.0,4892.0,3672.0,6097.5,4886.5,3667.5,7000.0,6000.0,5000.0,0.5,-8.0,-8.5,700.0,0.0,0.0,0.4280000000000003,0.0,0.0,2432.0,0
0.778,6112.0,4898.0,3676.0,6104.5,4892.5,3672.5,8000.0,6000.0,4000.0,0.5,-8.399999999999636,-9.300000000000182,700.0,0.0,0.0,0.4290000000000003,0.0,0.0,2436.0,0
0.779,6120.0,4904.0,3681.0,6112.5,4898.5,3676.5,8000.0,6000.0,5000.0,0.5,-8.0,-8.5,700.0,0.0,0.0,0.4300000000000003,0.0,0.0,2439.0,0
0.78,6128.0,4911.0,3686.0,6120.5,4904.5,3681.5,8000.0,7000.0,5000.0,0.5,-7.600000000000364,-8.699999999999818,700.0,0.0,0.0,0.4310000000000003,0.0,0.0,2442.0,0
0.781,6135.0,4917.0,3690.0,6128.5,4911.5,3686.5,7000.0,6000.0,4000.0,0.5,-8.199999999999818,-8.900000000000091,700.0,0.0,0.0,0.43200000000000033,0.0,0.0,2445.0,0
0.782,6143.0,4923.0,3695.0,6135.5,4917.5,3690.5,8000.0,6000.0,5000.0,0.5,-8.600000000000364,-8.699999999999818,700.0,0.0,0.0,0.43300000000000033,0.0,0.0,2448.0,0
0.783,6151.0,4929.0,3699.0,6143.5,4923.5,3695.5,8000.0,6000.0,4000.0,0.5,-8.199999999999818,-8.900000000000091,700.0,0.0,0.0,0.43400000000000033,0.0,0.0,2452.0,0
0.784,6158.0,4935.0,3704.0,6151.5,4929.5,3699.5,7000.0,6000.0,5000.0,0.5,-7.800000000000182,-8.099999999999909,700.0,0.0,0.0,0.43500000000000033,0.0,0.0,2454.0,0
0.785,6166.0,4941.0,3709.0,6158.5,4935.5,3704.5,8000.0,6000.0,5000.0,0.5,-8.199999999999818,-8.900000000000091,700.0,0.0,0.0,0.43600000000000033,0.0,0.0,2457.0,0
0.786,6174.0,4948.0,3713.0,6166.5,4941.5,3709.5,8000.0,7000.0,4000.0,0.5,-7.800000000000182,-9.099999999999909,700.0,0.0,0.0,0.43700000000000033,0.0,0.0,2461.0,0
0.787,6181.0,4954.0,3718.0,6174.5,4948.5,3713.5,7000.0,6000.0,5000.0,0.5,-8.399999999999636,-8.300000000000182,700.0,0.0,0.0,0.43800000000000033,0.0,0.0,2463.0,0
0.788,6189.0,4960.0,3722.0,6181.5,4954.5,3718.5,8000.0,6000.0,4000.0,0.5,-8.800000000000182,-9.099999999999909,700.0,0.0,0.0,0.43900000000000033,0.0,0.0,2467.0,0
0.789,6197.0,4966.0,3727.0,6189.5,4960.5,3722.5,8000.0,6000.0,5000.0,0.5,-8.399999999999636,-8.300000000000182,700.0,0.0,0.0,0.44000000000000034,0.0,0.0,2470.0,0
0.79,6204.0,4972.0,3732.0,6197.5,4966.5,3727.5,7000.0,6000.0,5000.0,0.5,-8.0,-8.5,700.0,0.0,0.0,0.44100000000000034,0.0,0.0,2472.0,0
0.791,6212.0,4978.0,3736.0,6204.5,4972.5,3732.5,8000.0,6000.0,4000.0,0.5,-8.399999999999636,-9.300000000000182,700.0,0.0,0.0,0.44200000000000034,0.0,0.0,2476.0,0
0.792,6220.0,4984.0,3741.0,6212.5,4978.5,3736.5,8000.0,6000.0,5000.0,0.5,-8.0,-8.5,700.0,0.0,0.0,0.44300000000000034,0.0,0.0,2479.0,0
0.793,6228.0,4991.0,3745.0,6220.5,4984.5,3741.5,8000.0,7000.0,4000.0,0.5,-7.600000000000364,-8.699999999999818,700.0,0.0,0.0,0.44400000000000034,0.0,0.0,2483.0,0
0.794,6235.0,4997.0,3750.0,6228.5,4991.5,3745.5,7000.0,6000.0,5000.0,0.5,-8.199999999999818,-7.900000000000091,700.0,0.0,0.0,0.44500000000000034,0.0,0.0,2485.0,0
0.795,6243.0,5003.0,3755.0,6235.5,4997.5,3750.5,8000.0,6000.0,5000.0,0.5,-8.600000000000364,-8.699999999999818,700.0,0.0,0.0,0.44600000000000034,0.0,0.0,2488.0,0
0.796,6251.0,5009.0,3759.0,6243.5,5003.5,3755.5,8000.0,6000.0,4000.0,0.5,-8.199999999999818,-8.900000000000091,700.0,0.0,0.0,0.44700000000000034,0.0,0.0,2492.0,0
0.797,6258.0,5015.0,3764.0,6251.5,5009.5,3759.5,7000.0,6000.0,5000.0,0.5,-7.800000000000182,-8.099999999999909,700.0,0.0,0.0,0.44800000000000034,0.0,0.0,2494.0,0
0.798,6266.0,5021.0,3769.0,6258.5,5015.5,3764.5,8000.0,6000.0,5000.0,0.5,-8.199999999999818,-8.900000000000091,700.0,0.0,0.0,0.44900000000000034,0.0,0.0,2497.0,0
0.799,6274.0,5027.0,3773.0,6266.5,5021.5,3769.5,8000.0,6000.0,4000.0,0.5,-7.800000000000182,-9.099999999999909,700.0,0.0,0.0,0.45000000000000034,0.0,0.0,2501.0,0
0.8,6281.0,5034.0,3778.0,6274.5,5027.5,3773.5,7000.0,7000.0,5000.0,0.5,-7.399999999999636,-8.300000000000182,700.0,0.0,0.0,0.45100000000000035,0.0,0.0,2503.0,0
0.801,6289.0,5040.0,3782.0,6281.5,5034.5,3778.5,8000.0,6000.0,4000.0,0.5,-8.800000000000182,-9.099999999999909,700.0,0.0,0.0,0.45200000000000035,0.0,0.0,2507.0,0
0.802,6297.0,5046.0,3787.0,6289.5,5040.5,3782.5,8000.0,6000.0,5000.0,0.5,-8.399999999999636,-8.300000000000182,700.0,0.0,0.0,0.45300000000000035,0.0,0.0,2510.0,0
0.803,6304.0,5052.0,3792.0,6297.5,5046.5,3787.5,7000.0,6000.0,5000.0,0.5,-8.0,-8.5,700.0,0.0,0.0,0.45400000000000035,0.0,0.0,2512.0,0
0.804,6312.0,5058.0,3796.0,6304.5,5052.5,3792.5,8000.0,6000.0,4000.0,0.5,-8.399999999999636,-9.300000000000182,700.0,0.0,0.0,0.45500000000000035,0.0,0.0,2516.0,0
0.805,6320.0,5064.0,3801.0,6312.5,5058.5,3796.5,8000.0,6000.0,5000.0,0.5,-8.0,-8.5,700.0,0.0,0.0,0.45600000000000035,0.0,0.0,2519.0,0
0.806,6327.0,5070.0,3805.0,6320.5,5064.5,3801.5,7000.0,6000.0,4000.0,0.5,-7.600000000000364,-8.699999999999818,700.0,0.0,0.0,0.45700000000000035,0.0,0.0,2522.0,0
0.807,6335.0,5077.0,3810.0,6327.5,5070.5,3805.5,8000.0,7000.0,5000.0,0.5,-8.0,-8.5,700.0,0.0,0.0,0.45800000000000035,0.0,0.0,2525.0,0
0.808,6343.0,5083.0,3815.0,6335.5,5077.5,3810.5,8000.0,6000.0,5000.0,0.5,-8.600000000000364,-8.699999999999818,700.0,0.0,0.0,0.45900000000000035,0.0,0.0,2528.0,0
0.809,6351.0,5089.0,3819.0,6343.5,5083.5,3815.5,8000.0,6000.0,4000.0,0.5,-8.199999999999818,-8.900000000000091,700.0,0.0,0.0,0.46000000000000035,0.0,0.0,2532.0,0
0.81,6358.0,5095.0,3824.0,6351.5,5089.5,3819.5,7000.0,6000.0,5000.0,0.5,-7.800000000000182,-8.099999999999909,700.0,0.0,0.0,0.46100000000000035,0.0,0.0,2534.0,0
0.811,6366.0,5101.0,3828.0,6358.5,5095.5,3824.5,8000.0,6000.0,4000.0,0.5,-8.199999999999818,-8.900000000000091,700.0,0.0,0.0,0.46200000000000035,0.0,0.0,2538.0,0
0.812,6374.0,5107.0,3833.0,6366.5,5101.5,3828.5,8000.0,6000.0,5000.0,0.5,-7.800000000000182,-8.099999999999909,700.0,0.0,0.0,0.46300000000000036,0.0,0.0,2541.0,0
0.8130000000000001,6381.0,5114.0,3838.0,6374.5,5107.5,3833.5,7000.0,7000.0,5000.0,0.5,-7.399999999999636,-8.300000000000182,700.0,0.0,0.0,0.46400000000000036,0.0,0.0,2543.0,0
0.8140000000000001,6389.0,5120.0,3842.0,6381.5,5114.5,3838.5,8000.0,6000.0,4000.0,0.5,-8.800000000000182,-9.099999999999909,700.0,0.0,0.0,0.46500000000000036,0.0,0.0,2547.0,0
0.8150000000000001,6397.0,5126.0,3847.0,6389.5,5120.5,3842.5,8000.0,6000.0,5000.0,0.5,-8.399999999999636,-8.300000000000182,700.0,0.0,0.0,0.46600000000000036,0.0,0.0,2550.0,0
0.8160000000000001,6404.0,5132.0,3852.0,6397.5,5126.5,3847.5,7000.0,6000.0,5000.0,0.5,-8.0,-8.5,700.0,0.0,0.0,0.46700000000000036,0.0,0.0,2552.0,0
0.8170000000000001,6412.0,5138.0,3856.0,6404.5,5132.5,3852.5,8000.0,6000.0,4000.0,0.5,-8.399999999999636,-9.300000000000182,700.0,0.0,0.0,0.46800000000000036,0.0,0.0,2556.0,0
0.8180000000000001,6420.0,5144.0,3861.0,6412.5,5138.5,3856.5,8000.0,6000.0,5000.0,0.5,-8.0,-8.5,700.0,0.0,0.0,0.46900000000000036,0.0,0.0,2559.0,0
0.8190000000000001,6427.0,5150.0,3865.0,6420.5,5144.5,3861.5,7000.0,6000.0,4000.0,0.5,-7.600000000000364,-8.699999999999818,700.0,0.0,0.0,0.47000000000000036,0.0,0.0,2562.0,0
0.8200000000000001,6435.0,5157.0,3870.0,6427.5,5150.5,3865.5,8000.0,7000.0,5000.0,0.5,-8.0,-8.5,700.0,0.0,0.0,0.47100000000000036,0.0,0.0,2565.0,0
0.8210000000000001,6443.0,5163.0,3875.0,6435.5,5157.5,3870.5,8000.0,6000.0,5000.0,0.5,-8.600000000000364,-8.699999999999818,700.0,0.0,0.0,0.47200000000000036,0.0,0.0,2568.0,0
0.8220000000000001,6450.0,5169.0,3879.0,6443.5,5163.5,3875.5,7000.0,6000.0,4000.0,0.5,-8.199999999999818,-8.900000000000091,700.0,0.0,0.0,0.47300000000000036,0.0,0.0,2571.0,0
0.8230000000000001,6458.0,5175.0,3884.0,6450.5,5169.5,3879.5,8000.0,6000.0,5000.0,0.5,-8.600000000000364,-8.699999999999818,700.0,0.0,0.0,0.47400000000000037,0.0,0.0,2574.0,0
0.8240000000000001,6466.0,5181.0,3888.0,6458.5,5175.5,3884.5,8000.0,6000.0,4000.0,0.5,-8.199999999999818,-8.900000000000091,700.0,0.0,0.0,0.47500000000000037,0.0,0.0,2578.0,0
0.8250000000000001,6474.0,5187.0,3893.0,6466.5,5181.5,3888.5,8000.0,6000.0,5000.0,0.5,-7.800000000000182,-8.099999999999909,700.0,0.0,0.0,0.47600000000000037,0.0,0.0,2581.0,0
0.8260000000000001,6481.0,5193.0,3898.0,6474.5,5187.5,3893.5,7000.0,6000.0,5000.0,0.5,-7.399999999999636,-8.300000000000182,700.0,0.0,0.0,0.47700000000000037,0.0,0.0,2583.0,0
0.8270000000000001,6489.0,5200.0,3902.0,6481.5,5193.5,3898.5,8000.0,7000.0,4000.0,0.5,-7.800000000000182,-9.099999999999909,700.0,0.0,0.0,0.47800000000000037,0.0,0.0,2587.0,0
0.8280000000000001,6497.0,5206.0,3907.0,6489.5,5200.5,3902.5,8000.0,6000.0,5000.0,0.5,-8.399999999999636,-8.300000000000182,700.0,0.0,0.0,0.47900000000000037,0.0,0.0,2590.0,0
0.8290000000000001,6504.0,5212.0,3911.0,6497.5,5206.5,3907.5,7000.0,6000.0,4000.0,0.5,-8.0,-8.5,700.0,0.0,0.0,0.48000000000000037,0.0,0.0,2593.0,0
0.8300000000000001,6512.0,5218.0,3916.0,6504.5,5212.5,3911.5,8000.0,6000.0,5000.0,0.5,-8.399999999999636,-8.300000000000182,700.0,0.0,0.0,0.48100000000000037,0.0,0.0,2596.0,0
0.8310000000000001,6520.0,5224.0,3921.0,6512.5,5218.5,3916.5,8000.0,6000.0,5000.0,0.5,-8.0,-8.5,700.0,0.0,0.0,0.4820000000000004,0.0,0.0,2599.0,0
0.8320000000000001,6527.0,5230.0,3925.0,6520.5,5224.5,3921.5,7000.0,6000.0,4000.0,0.5,-7.600000000000364,-8.699999999999818,700.0,0.0,0.0,0.4830000000000004,0.0,0.0,2602.0,0
0.833,6535.0,5236.0,3930.0,6527.5,5230.5,3925.5,8000.0,6000.0,5000.0,0.5,-8.0,-8.5,700.0,0.0,0.0,0.4840000000000004,0.0,0.0,2605.0,0
0.834,6543.0,5243.0,3935.0,6535.5,5236.5,3930.5,8000.0,7000.0,5000.0,0.5,-7.600000000000364,-8.699999999999818,700.0,0.0,0.0,0.4850000000000004,0.0,0.0,2608.0,0
0.835,6550.0,5249.0,3939.0,6543.5,5243.5,3935.5,7000.0,6000.0,4000.0,0.5,-8.199999999999818,-8.900000000000091,700.0,0.0,0.0,0.4860000000000004,0.0,0.0,2611.0,0
0.836,6558.0,5255.0,3944.0,6550.5,5249.5,3939.5,8000.0,6000.0,5000.0,0.5,-8.600000000000364,-8.699999999999818,700.0,0.0,0.0,0.4870000000000004,0.0,0.0,2614.0,0
0.837,6566.0,5261.0,3948.0,6558.5,5255.5,3944.5,8000.0,6000.0,4000.0,0.5,-8.199999999999818,-8.900000000000091,700.0,0.0,0.0,0.4880000000000004,0.0,0.0,2618.0,0
0.838,6574.0,5267.0,3953.0,6566.5,5261.5,3948.5,8000.0,6000.0,5000.0,0.5,-7.800000000000182,-8.099999999999909,700.0,0.0,0.0,0.4890000000000004,0.0,0.0,2621.0,0
0.839,6581.0,5273.0,3958.0,6574.5,5267.5,3953.5,7000.0,6000.0,5000.0,0.5,-7.399999999999636,-8.300000000000182,700.0,0.0,0.0,0.4900000000000004,0.0,0.0,2623.0,0
0.84,6589.0,5280.0,3962.0,6581.5,5273.5,3958.5,8000.0,7000.0,4000.0,0.5,-7.800000000000182,-9.099999999999909,700.0,0.0,0.0,0.4910000000000004,0.0,0.0,2627.0,0
0.841,6597.0,5286.0,3967.0,6589.5,5280.5,3962.5,8000.0,6000.0,5000.0,0.5,-8.399999999999636,-8.300000000000182,700.0,0.0,0.0,0.4920000000000004,0.0,0.0,2630.0,0
0.842,6604.0,5292.0,3971.0,6597.5,5286.5,3967.5,7000.0,6000.0,4000.0,0.5,-8.0,-8.5,700.0,0.0,0.0,0.4930000000000004,0.0,0.0,2633.0,0
0.843,6612.0,5298.0,3976.0,6604.5,5292.5,3971.5,8000.0,6000.0,5000.0,0.5,-8.399999999999636,-8.300000000000182,700.0,0.0,0.0,0.4940000000000004,0.0,0.0,2636.0,0
0.844,6620.0,5304.0,3981.0,6612.5,5298.5,3976.5,8000.0,6000.0,5000.0,0.5,-8.0,-8.5,700.0,0.0,0.0,0.4950000000000004,0.0,0.0,2639.0,0
0.845,6627.0,5310.0,3985.0,6620.5,5304.5,3981.5,7000.0,6000.0,4000.0,0.5,-7.600000000000364,-8.699999999999818,700.0,0.0,0.0,0.4960000000000004,0.0,0.0,2642.0,0
0.846,6635.0,5316.0,3990.0,6627.5,5310.5,3985.5,8000.0,6000.0,5000.0,0.5,-8.0,-8.5,700.0,0.0,0.0,0.4970000000000004,0.0,0.0,2645.0,0
0.847,6643.0,5323.0,3994.0,6635.5,5316.5,3990.5,8000.0,7000.0,4000.0,0.5,-7.600000000000364,-8.699999999999818,700.0,0.0,0.0,0.4980000000000004,0.0,0.0,2649.0,0
0.848,6650.0,5329.0,3999.0,6643.5,5323.5,3994.5,7000.0,6000.0,5000.0,0.5,-8.199999999999818,-7.900000000000091,700.0,0.0,0.0,0.4990000000000004,0.0,0.0,2651.0,0
0.849,6658.0,5335.0,4004.0,6650.5,5329.5,3999.5,8000.0,6000.0,5000.0,0.5,-8.600000000000364,-8.699999999999818,700.0,0.0,0.0,0.5000000000000003,0.0,0.0,2654.0,0
0.85,6666.0,5341.0,4008.0,6658.5,5335.5,4004.5,8000.0,6000.0,4000.0,0.5,-8.199999999999818,-8.900000000000091,700.0,0.0,0.0,0.5010000000000003,0.0,0.0,2658.0,0
0.851,6673.0,5347.0,4013.0,6666.5,5341.5,4008.5,7000.0,6000.0,5000.0,0.5,-7.800000000000182,-8.099999999999909,700.0,0.0,0.0,0.5020000000000003,0.0,0.0,2660.0,0
0.852,6681.0,5353.0,4018.0,6673.5,5347.5,4013.5,8000.0,6000.0,5000.0,0.5,-8.199999999999818,-8.900000000000091,700.0,0.0,0.0,0.5030000000000003,0.0,0.0,2663.0,0
0.853,6689.0,5359.0,4022.0,6681.5,5353.5,4018.5,8000.0,6000.0,4000.0,0.5,-7.800000000000182,-9.099999999999909,700.0,0.0,0.0,0.5040000000000003,0.0,0.0,2667.0,0
0.854,6697.0,5366.0,4027.0,6689.5,5359.5,4022.5,8000.0,7000.0,5000.0,0.5,-7.399999999999636,-8.300000000000182,700.0,0.0,0.0,0.5050000000000003,0.0,0.0,2670.0,0
0.855,6704.0,5372.0,4031.0,6697.5,5366.5,4027.5,7000.0,6000.0,4000.0,0.5,-8.0,-8.5,700.0,0.0,0.0,0.5060000000000003,0.0,0.0,2673.0,0
0.856,6712.0,5378.0,4036.0,6704.5,5372.5,4031.5,8000.0,6000.0,5000.0,0.5,-8.399999999999636,-8.300000000000182,700.0,0.0,0.0,0.5070000000000003,0.0,0.0,2676.0,0
0.857,6720.0,5384.0,4041.0,6712.5,5378.5,4036.5,8000.0,6000.0,5000.0,0.5,-8.0,-8.5,700.0,0.0,0.0,0.5080000000000003,0.0,0.0,2679.0,0
0.858,6727.0,5390.0,4045.0,6720.5,5384.5,4041.5,7000.0,6000.0,4000.0,0.5,-7.600000000000364,-8.699999999999818,700.0,0.0,0.0,0.5090000000000003,0.0,0.0,2682.0,0
0.859,6735.0,5396.0,4050.0,6727.5,5390.5,4045.5,8000.0,6000.0,5000.0,0.5,-8.0,-8.5,700.0,0.0,0.0,0.5100000000000003,0.0,0.0,2685.0,0
0.86,6743.0,5402.0,4054.0,6735.5,5396.5,4050.5,8000.0,6000.0,4000.0,0.5,-7.600000000000364,-8.699999999999818,700.0,0.0,0.0,0.5110000000000003,0.0,0.0,2689.0,0
0.861,6750.0,5409.0,4059.0,6743.5,5402.5,4054.5,7000.0,7000.0,5000.0,0.5,-7.199999999999818,-7.900000000000091,700.0,0.0,0.0,0.5120000000000003,0.0,0.0,2691.0,0
0.862,6758.0,5415.0,4064.0,6750.5,5409.5,4059.5,8000.0,6000.0,5000.0,0.5,-8.600000000000364,-8.699999999999818,700.0,0.0,0.0,0.5130000000000003,0.0,0.0,2694.0,0
0.863,6766.0,5421.0,4068.0,6758.5,5415.5,4064.5,8000.0,6000.0,4000.0,0.5,-8.199999999999818,-8.900000000000091,700.0,0.0,0.0,0.5140000000000003,0.0,0.0,2698.0,0
0.864,6773.0,5427.0,4073.0,6766.5,5421.5,4068.5,7000.0,6000.0,5000.0,0.5,-7.800000000000182,-8.099999999999909,700.0,0.0,0.0,0.5150000000000003,0.0,0.0,2700.0,0
0.865,6781.0,5433.0,4077.0,6773.5,5427.5,4073.5,8000.0,6000.0,4000.0,0.5,-8.199999999999818,-8.900000000000091,700.0,0.0,0.0,0.5160000000000003,0.0,0.0,2704.0,0
0.866,6789.0,5439.0,4082.0,6781.5,5433.5,4077.5,8000.0,6000.0,5000.0,0.5,-7.800000000000182,-8.099999999999909,700.0,0.0,0.0,0.5170000000000003,0.0,0.0,2707.0,0
0.867,6797.0,5446.0,4087.0,6789.5,5439.5,4082.5,8000.0,7000.0,5000.0,0.5,-7.399999999999636,-8.300000000000182,700.0,0.0,0.0,0.5180000000000003,0.0,0.0,2710.0,0
0.868,6804.0,5452.0,4091.0,6797.5,5446.5,4087.5,7000.0,6000.0,4000.0,0.5,-8.0,-8.5,700.0,0.0,0.0,0.5190000000000003,0.0,0.0,2713.0,0
0.869,6812.0,5458.0,4096.0,6804.5,5452.5,4091.5,8000.0,6000.0,5000.0,0.5,-8.399999999999636,-8.300000000000182,700.0,0.0,0.0,0.5200000000000004,0.0,0.0,2716.0,0
0.87,6820.0,5464.0,4101.0,6812.5,5458.5,4096.5,8000.0,6000.0,5000.0,0.5,-8.0,-8.5,700.0,0.0,0.0,0.5210000000000004,0.0,0.0,2719.0,0
0.871,6827.0,5470.0,4105.0,6820.5,5464.5,4101.5,7000.0,6000.0,4000.0,0.5,-7.600000000000364,-8.699999999999818,700.0,0.0,0.0,0.5220000000000004,0.0,0.0,2722.0,0
0.872,6835.0,5476.0,4110.0,6827.5,5470.5,4105.5,8000.0,6000.0,5000.0,0.5,-8.0,-8.5,700.0,0.0,0.0,0.5230000000000004,0.0,0.0,2725.0,0
0.873,6843.0,5482.0,4114.0,6835.5,5476.5,4110.5,8000.0,6000.0,4000.0,0.5,-7.600000000000364,-8.699999999999818,700.0,0.0,0.0,0.5240000000000004,0.0,0.0,2729.0,0
0.874,6850.0,5489.0,4119.0,6843.5,5482.5,4114.5,7000.0,7000.0,5000.0,0.5,-7.199999999999818,-7.899999999999636,700.0,0.0,0.0,0.5250000000000004,0.0,0.0,2731.0,0
0.875,6858.0,5495.0,4124.0,6850.5,5489.5,4119.5,8000.0,6000.0,5000.0,0.5,-8.600000000000364,-8.699999999999818,700.0,0.0,0.0,0.5260000000000004,0.0,0.0,2734.0,0
0.876,6866.0,5501.0,4128.0,6858.5,5495.5,4124.5,8000.0,6000.0,4000.0,0.5,-8.199999999999818,-8.899999999999636,700.0,0.0,0.0,0.5270000000000004,0.0,0.0,2738.0,0
0.877,6873.0,5507.0,4133.0,6866.5,5501.5,4128.5,7000.0,6000.0,5000.0,0.5,-7.800000000000182,-8.100000000000364,700.0,0.0,0.0,0.5280000000000004,0.0,0.0,2740.0,0
0.878,6881.0,5513.0,4137.0,6873.5,5507.5,4133.5,8000.0,6000.0,4000.0,0.5,-8.199999999999818,-8.899999999999636,700.0,0.0,0.0,0.5290000000000004,0.0,0.0,2744.0,0
0.879,6889.0,5519.0,4142.0,6881.5,5513.5,4137.5,8000.0,6000.0,5000.0,0.5,-7.800000000000182,-8.100000000000364,700.0,0.0,0.0,0.5300000000000004,0.0,0.0,2747.0,0
0.88,6896.0,5525.0,4147.0,6889.5,5519.5,4142.5,7000.0,6000.0,5000.0,0.5,-7.399999999999636,-8.300000000000182,700.0,0.0,0.0,0.5310000000000004,0.0,0.0,2749.0,0
0.881,6904.0,5532.0,4151.0,6896.5,5525.5,4147.5,8000.0,7000.0,4000.0,0.5,-7.800000000000182,-9.100000000000364,700.0,0.0,0.0,0.5320000000000004,0.0,0.0,2753.0,0
0.882,6912.0,5538.0,4156.0,6904.5,5532.5,4151.5,8000.0,6000.0,5000.0,0.5,-8.399999999999636,-8.300000000000182,700.0,0.0,0.0,0.5330000000000004,0.0,0.0,2756.0,0
0.883,6920.0,5544.0,4161.0,6912.5,5538.5,4156.5,8000.0,6000.0,5000.0,0.5,-8.0,-8.5,700.0,0.0,0.0,0.5340000000000004,0.0,0.0,2759.0,0
0.884,6927.0,5550.0,4165.0,6920.5,5544.5,4161.5,7000.0,6000.0,4000.0,0.5,-7.600000000000364,-8.699999999999818,700.0,0.0,0.0,0.5350000000000004,0.0,0.0,2762.0,0
0.885,6935.0,5556.0,4170.0,6927.5,5550.5,4165.5,8000.0,6000.0,5000.0,0.5,-8.0,-8.5,700.0,0.0,0.0,0.5360000000000004,0.0,0.0,2765.0,0
0.886,6943.0,5562.0,4174.0,6935.5,5556.5,4170.5,8000.0,6000.0,4000.0,0.5,-7.600000000000364,-8.699999999999818,700.0,0.0,0.0,0.5370000000000004,0.0,0.0,2769.0,0
0.887,6950.0,5568.0,4179.0,6943.5,5562.5,4174.5,7000.0,6000.0,5000.0,0.5,-7.199999999999818,-7.899999999999636,700.0,0.0,0.0,0.5380000000000004,0.0,0.0,2771.0,0
0.888,6958.0,5575.0,4184.0,6950.5,5568.5,4179.5,8000.0,7000.0,5000.0,0.5,-7.600000000000364,-8.699999999999818,700.0,0.0,0.0,0.5390000000000004,0.0,0.0,2774.0,0
0.889,6966.0,5581.0,4188.0,6958.5,5575.5,4184.5,8000.0,6000.0,4000.0,0.5,-8.199999999999818,-8.899999999999636,700.0,0.0,0.0,0.5400000000000004,0.0,0.0,2778.0,0
0.89,6973.0,5587.0,4193.0,6966.5,5581.5,4188.5,7000.0,6000.0,5000.0,0.5,-7.800000000000182,-8.100000000000364,700.0,0.0,0.0,0.5410000000000004,0.0,0.0,2780.0,0
0.891,6981.0,5593.0,4197.0,6973.5,5587.5,4193.5,8000.0,6000.0,4000.0,0.5,-8.199999999999818,-8.899999999999636,700.0,0.0,0.0,0.5420000000000004,0.0,0.0,2784.0,0
0.892,6989.0,5599.0,4202.0,6981.5,5593.5,4197.5,8000.0,6000.0,5000.0,0.5,-7.800000000000182,-8.100000000000364,700.0,0.0,0.0,0.5430000000000004,0.0,0.0,2787.0,0
0.893,6996.0,5605.0,4207.0,6989.5,5599.5,4202.5,7000.0,6000.0,5000.0,0.5,-7.399999999999636,-8.300000000000182,700.0,0.0,0.0,0.5440000000000004,0.0,0.0,2789.0,0
0.894,7004.0,5612.0,4211.0,6996.5,5605.5,4207.5,8000.0,7000.0,4000.0,0.5,-7.800000000000182,-9.100000000000364,700.0,0.0,0.0,0.5450000000000004,0.0,0.0,2793.0,0
0.895,7012.0,5618.0,4216.0,7004.5,5612.5,4211.5,8000.0,6000.0,5000.0,0.5,-8.399999999999636,-8.300000000000182,700.0,0.0,0.0,0.5460000000000004,0.0,0.0,2796.0,0
0.896,7020.0,5624.0,4220.0,7012.5,5618.5,4216.5,8000.0,6000.0,4000.0,0.5,-8.0,-8.5,700.0,0.0,0.0,0.5470000000000004,0.0,0.0,2800.0,0
0.897,7027.0,5630.0,4225.0,7020.5,5624.5,4220.5,7000.0,6000.0,5000.0,0.5,-7.600000000000364,-7.699999999999818,700.0,0.0,0.0,0.5480000000000004,0.0,0.0,2802.0,0
0.898,7035.0,5636.0,4230.0,7027.5,5630.5,4225.5,8000.0,6000.0,5000.0,0.5,-8.0,-8.5,700.0,0.0,0.0,0.5490000000000004,0.0,0.0,2805.0,0
0.899,7043.0,5642.0,4234.0,7035.5,5636.5,4230.5,8000.0,6000.0,4000.0,0.5,-7.600000000000364,-8.699999999999818,700.0,0.0,0.0,0.5500000000000004,0.0,0.0,2809.0,0
0.9,7050.0,5647.0,4239.0,7043.5,5642.5,4234.5,7000.0,5000.0,5000.0,0.5,-7.199999999999818,-7.899999999999636,700.0,900.0,0.0,0.5510000000000004,0.001,0.0,2811.0,0
0.901,7058.0,5653.0,4244.0,7050.5,5647.5,4239.5,8000.0,6000.0,5000.0,0.5,-6.600000000000364,-8.699999999999818,700.0,900.0,0.0,0.5520000000000004,0.002,0.0,2814.0,0
0.902,7066.0,5658.0,4248.0,7058.5,5653.5,4244.5,8000.0,5000.0,4000.0,0.5,-6.199999999999818,-8.899999999999636,700.0,900.0,0.0,0.5530000000000004,0.003,0.0,2818.0,0
0.903,7073.0,5663.0,4253.0,7066.5,5658.5,4248.5,7000.0,5000.0,5000.0,0.5,-4.800000000000182,-8.100000000000364,700.0,900.0,0.0,0.5540000000000004,0.004,0.0,2820.0,0
0.904,7081.0,5668.0,4257.0,7073.5,5663.5,4253.5,8000.0,5000.0,4000.0,0.5,-4.199999999999818,-8.899999999999636,700.0,900.0,0.0,0.5550000000000004,0.005,0.0,2824.0,0
0.905,7089.0,5674.0,4262.0,7081.5,5668.5,4257.5,8000.0,6000.0,5000.0,0.5,-2.800000000000182,-8.100000000000364,700.0,900.0,0.0,0.5560000000000004,0.006,0.0,2827.0,0
0.906,7096.0,5679.0,4267.0,7089.5,5674.5,4262.5,7000.0,5000.0,5000.0,0.5,-2.399999999999636,-8.300000000000182,700.0,900.0,0.0,0.5570000000000004,0.007,0.0,2829.0,0
0.907,7104.0,5684.0,4271.0,7096.5,5679.5,4267.5,8000.0,5000.0,4000.0,0.5,-1.800000000000182,-9.100000000000364,700.0,900.0,0.0,0.5580000000000004,0.008,0.0,2833.0,0
0.908,7112.0,5689.0,4276.0,7104.5,5684.5,4271.5,8000.0,5000.0,5000.0,0.5,-0.3999999999996362,-8.300000000000182,700.0,900.0,0.0,0.5590000000000004,0.009000000000000001,0.0,2836.0,0
0.909,7119.0,5695.0,4280.0,7112.5,5689.5,4276.5,7000.0,6000.0,4000.0,-0.125,0.5,-8.875,700.0,900.0,0.0,0.5600000000000004,0.010000000000000002,0.0,2839.0,0
0.91,7127.0,5700.0,4285.0,7119.5,5695.5,4280.5,8000.0,5000.0,5000.0,0.375,0.5,-8.375,700.0,900.0,0.0,0.5610000000000004,0.011000000000000003,0.0,2842.0,0
0.911,7135.0,5705.0,4290.0,7127.5,5700.5,4285.5,8000.0,5000.0,5000.0,-1.375,0.5,-9.625,700.0,900.0,0.0,0.5620000000000004,0.012000000000000004,0.0,2845.0,0
0.912,7143.0,5710.0,4294.0,7135.5,5705.5,4290.5,8000.0,5000.0,4000.0,-3.125,0.5,-10.875,700.0,900.0,0.0,0.5630000000000004,0.013000000000000005,0.0,2849.0,0
0.913,7150.0,5716.0,4298.0,7143.5,5710.5,4294.5,7000.0,6000.0,4000.0,-4.875,0.5,-11.125,700.0,900.0,0.0,0.5640000000000004,0.014000000000000005,0.0,2852.0,0
0.914,7158.0,5721.0,4303.0,7150.5,5716.5,4298.5,8000.0,5000.0,5000.0,-4.375,0.5,-10.625,700.0,900.0,0.0,0.5650000000000004,0.015000000000000006,0.0,2855.0,0
0.915,7166.0,5726.0,4307.0,7158.5,5721.5,4303.5,8000.0,5000.0,4000.0,-6.125,0.5,-11.875,700.0,900.0,0.0,0.5660000000000004,0.016000000000000007,0.0,2859.0,0
0.916,7173.0,5731.0,4311.0,7166.5,5726.5,4307.5,7000.0,5000.0,4000.0,-7.875,0.5,-12.125,700.0,900.0,0.0,0.5670000000000004,0.017000000000000008,0.0,2862.0,0
0.917,7181.0,5737.0,4316.0,7173.5,5731.5,4311.5,8000.0,6000.0,5000.0,-8.625,0.5,-12.375,700.0,900.0,0.0,0.5680000000000004,0.01800000000000001,0.0,2865.0,0
0.918,7189.0,5742.0,4320.0,7181.5,5737.5,4316.5,8000.0,5000.0,4000.0,-9.125,0.5,-12.875,700.0,900.0,0.0,0.5690000000000004,0.01900000000000001,0.0,2869.0,0
0.919,7196.0,5747.0,4324.0,7189.5,5742.5,4320.5,7000.0,5000.0,4000.0,-10.875,0.5,-13.125,700.0,900.0,0.0,0.5700000000000004,0.02000000000000001,0.0,2872.0,0
0.92,7203.0,5752.0,4328.0,7196.5,5747.5,4324.5,7000.0,5000.0,4000.0,-11.625,0.5,-13.375,700.0,900.0,0.0,0.5710000000000004,0.02100000000000001,0.0,2875.0,0
0.921,7211.0,5758.0,4332.0,7203.5,5752.5,4328.5,8000.0,6000.0,4000.0,-12.375,0.5,-13.625,700.0,900.0,0.0,0.5720000000000004,0.022000000000000013,0.0,2879.0,0
0.922,7218.0,5763.0,4337.0,7211.5,5758.5,4332.5,7000.0,5000.0,5000.0,-12.875,0.5,-13.125,700.0,900.0,0.0,0.5730000000000004,0.023000000000000013,0.0,2881.0,0
0.923,7225.0,5768.0,4341.0,7218.5,5763.5,4337.5,7000.0,5000.0,4000.0,-13.625,0.5,-14.375,700.0,900.0,0.0,0.5740000000000004,0.024000000000000014,0.0,2884.0,0
0.924,7232.0,5773.0,4345.0,7225.5,5768.5,4341.5,7000.0,5000.0,4000.0,-14.375,0.5,-14.625,700.0,900.0,0.0,0.5750000000000004,0.025000000000000015,0.0,2887.0,0
0.925,7239.0,5779.0,4349.0,7232.5,5773.5,4345.5,7000.0,6000.0,4000.0,-15.125,0.5,-14.875,700.0,900.0,0.0,0.5760000000000004,0.026000000000000016,0.0,2890.0,0
0.926,7246.0,5784.0,4353.0,7239.5,5779.5,4349.5,7000.0,5000.0,4000.0,-14.625,0.5,-14.375,700.0,900.0,0.0,0.5770000000000004,0.027000000000000017,0.0,2893.0,0
0.927,7253.0,5789.0,4357.0,7246.5,5784.5,4353.5,7000.0,5000.0,4000.0,-15.375,0.5,-14.625,700.0,900.0,0.0,0.5780000000000004,0.028000000000000018,0.0,2896.0,0
0.928,7260.0,5794.0,4361.0,7253.5,5789.5,4357.5,7000.0,5000.0,4000.0,-16.125,0.5,-14.875,700.0,900.0,0.0,0.5790000000000004,0.02900000000000002,0.0,2899.0,0
0.929,7267.0,5800.0,4366.0,7260.5,5794.5,4361.5,7000.0,6000.0,5000.0,-16.875,0.5,-15.125,700.0,900.0,0.0,0.5800000000000004,0.03000000000000002,0.0,2901.0,0
0.93,7274.0,5805.0,4370.0,7267.5,5800.5,4366.5,7000.0,5000.0,4000.0,-16.375,0.5,-15.625,700.0,900.0,0.0,0.5810000000000004,0.03100000000000002,0.0,2904.0,0
0.931,7281.0,5810.0,4374.0,7274.5,5805.5,4370.5,7000.0,5000.0,4000.0,-17.125,0.5,-15.875,700.0,900.0,0.0,0.5820000000000004,0.03200000000000002,0.0,2907.0,0
0.932,7288.0,5815.0,4378.0,7281.5,5810.5,4374.5,7000.0,5000.0,4000.0,-17.875,0.5,-16.125,700.0,900.0,0.0,0.5830000000000004,0.03300000000000002,0.0,2910.0,0
0.933,7294.0,5821.0,4382.0,7288.5,5815.5,4378.5,6000.0,6000.0,4000.0,-18.625,0.5,-16.375,700.0,900.0,0.0,0.5840000000000004,0.03400000000000002,0.0,2912.0,0
0.934,7301.0,5826.0,4386.0,7294.5,5821.5,4382.5,7000.0,5000.0,4000.0,-17.125,0.5,-15.875,700.0,900.0,0.0,0.5850000000000004,0.035000000000000024,0.0,2915.0,0
0.935,7308.0,5831.0,4390.0,7301.5,5826.5,4386.5,7000.0,5000.0,4000.0,-17.875,0.5,-16.125,700.0,900.0,0.0,0.5860000000000004,0.036000000000000025,0.0,2918.0,0
0.936,7315.0,5836.0,4394.0,7308.5,5831.5,4390.5,7000.0,5000.0,4000.0,-18.625,0.5,-16.375,700.0,900.0,0.0,0.5870000000000004,0.037000000000000026,0.0,2921.0,0
0.937,7322.0,5842.0,4398.0,7315.5,5836.5,4394.5,7000.0,6000.0,4000.0,-19.375,0.5,-16.625,700.0,900.0,0.0,0.5880000000000004,0.03800000000000003,0.0,2924.0,0
0.9380000000000001,7328.0,5847.0,4402.0,7322.5,5842.5,4398.5,6000.0,5000.0,4000.0,-18.875,0.5,-16.125,700.0,900.0,0.0,0.5890000000000004,0.03900000000000003,0.0,2926.0,0
0.9390000000000001,7335.0,5852.0,4406.0,7328.5,5847.5,4402.5,7000.0,5000.0,4000.0,-18.625,0.5,-16.375,700.0,900.0,0.0,0.5900000000000004,0.04000000000000003,0.0,2929.0,0
0.9400000000000001,7342.0,5857.0,4410.0,7335.5,5852.5,4406.5,7000.0,5000.0,4000.0,-19.375,0.5,-16.625,700.0,900.0,0.0,0.5910000000000004,0.04100000000000003,0.0,2932.0,0
0.9410000000000001,7348.0,5863.0,4414.0,7342.5,5857.5,4410.5,6000.0,6000.0,4000.0,-20.125,0.5,-16.875,700.0,900.0,0.0,0.5920000000000004,0.04200000000000003,0.0,2934.0,0
0.9420000000000001,7355.0,5868.0,4417.0,7348.5,5863.5,4414.5,7000.0,5000.0,3000.0,-18.625,0.5,-16.375,700.0,900.0,0.0,0.5930000000000004,0.04300000000000003,0.0,2938.0,0
0.9430000000000001,7362.0,5873.0,4421.0,7355.5,5868.5,4417.5,7000.0,5000.0,4000.0,-19.375,0.5,-15.625,700.0,900.0,0.0,0.5940000000000004,0.04400000000000003,0.0,2941.0,0
0.9440000000000001,7368.0,5878.0,4425.0,7362.5,5873.5,4421.5,6000.0,5000.0,4000.0,-20.125,0.5,-15.875,700.0,900.0,0.0,0.5950000000000004,0.04500000000000003,0.0,2943.0,0
0.9450000000000001,7375.0,5884.0,4429.0,7368.5,5878.5,4425.5,7000.0,6000.0,4000.0,-19.875,0.5,-16.125,700.0,900.0,0.0,0.5960000000000004,0.046000000000000034,0.0,2946.0,0
0.9460000000000001,7382.0,5889.0,4433.0,7375.5,5884.5,4429.5,7000.0,5000.0,4000.0,-19.375,0.5,-15.625,700.0,900.0,0.0,0.5970000000000004,0.047000000000000035,0.0,2949.0,0
0.9470000000000001,7388.0,5894.0,4437.0,7382.5,5889.5,4433.5,6000.0,5000.0,4000.0,-20.125,0.5,-15.875,700.0,900.0,0.0,0.5980000000000004,0.048000000000000036,0.0,2951.0,0
0.9480000000000001,7395.0,5899.0,4441.0,7388.5,5894.5,4437.5,7000.0,5000.0,4000.0,-19.875,0.5,-16.125,700.0,900.0,0.0,0.5990000000000004,0.04900000000000004,0.0,2954.0,0
0.9490000000000001,7401.0,5905.0,4445.0,7395.5,5899.5,4441.5,6000.0,6000.0,4000.0,-20.625,0.5,-16.375,700.0,900.0,0.0,0.6000000000000004,0.05000000000000004,0.0,2956.0,0
0.9500000000000001,7408.0,5910.0,4449.0,7401.5,5905.5,4445.5,7000.0,5000.0,4000.0,-19.125,0.5,-15.875,700.0,900.0,0.0,0.6010000000000004,0.05100000000000004,0.0,2959.0,0
0.9510000000000001,7415.0,5915.0,4453.0,7408.5,5910.5,4449.5,7000.0,5000.0,4000.0,-19.875,0.5,-16.125,700.0,900.0,0.0,0.6020000000000004,0.05200000000000004,0.0,2962.0,0
0.9520000000000001,7421.0,5920.0,4456.0,7415.5,5915.5,4453.5,6000.0,5000.0,3000.0,-20.625,0.5,-16.375,700.0,900.0,0.0,0.6030000000000004,0.05300000000000004,0.0,2965.0,0
0.9530000000000001,7428.0,5926.0,4460.0,7421.5,5920.5,4456.5,7000.0,6000.0,4000.0,-20.375,0.5,-15.625,700.0,900.0,0.0,0.6040000000000004,0.05400000000000004,0.0,2968.0,0
0.9540000000000001,7434.0,5931.0,4464.0,7428.5,5926.5,4460.5,6000.0,5000.0,4000.0,-19.875,0.5,-15.125,700.0,900.0,0.0,0.6050000000000004,0.05500000000000004,0.0,2970.0,0
0.9550000000000001,7441.0,5936.0,4468.0,7434.5,5931.5,4464.5,7000.0,5000.0,4000.0,-19.625,0.5,-15.375,700.0,900.0,0.0,0.6060000000000004,0.05600000000000004,0.0,2973.0,0
0.9560000000000001,7447.0,5941.0,4472.0,7441.5,5936.5,4468.5,6000.0,5000.0,4000.0,-20.375,0.5,-15.625,700.0,900.0,0.0,0.6070000000000004,0.057000000000000044,0.0,2975.0,0
0.9570000000000001,7454.0,5947.0,4476.0,7447.5,5941.5,4472.5,7000.0,6000.0,4000.0,-20.125,0.5,-15.875,700.0,900.0,0.0,0.6080000000000004,0.058000000000000045,0.0,2978.0,0
0.9580000000000001,7460.0,5952.0,4479.0,7454.5,5947.5,4476.5,6000.0,5000.0,3000.0,-19.625,0.5,-15.375,700.0,900.0,0.0,0.6090000000000004,0.059000000000000045,0.0,2981.0,0
0.9590000000000001,7466.0,5957.0,4483.0,7460.5,5952.5,4479.5,6000.0,5000.0,4000.0,-19.375,0.5,-14.625,700.0,900.0,0.0,0.6100000000000004,0.060000000000000046,0.0,2983.0,0
0.96,7473.0,5962.0,4487.0,7466.5,5957.5,4483.5,7000.0,5000.0,4000.0,-19.125,0.5,-14.875,700.0,900.0,0.0,0.6110000000000004,0.06100000000000005,0.0,2986.0,0
0.961,7479.0,5968.0,4491.0,7473.5,5962.5,4487.5,6000.0,6000.0,4000.0,-19.875,0.5,-15.125,700.0,900.0,0.0,0.6120000000000004,0.06200000000000005,0.0,2988.0,0
0.962,7486.0,5973.0,4495.0,7479.5,5968.5,4491.5,7000.0,5000.0,4000.0,-18.375,0.5,-14.625,700.0,900.0,0.0,0.6130000000000004,0.06300000000000004,0.0,2991.0,0
0.963,7492.0,5978.0,4498.0,7486.5,5973.5,4495.5,6000.0,5000.0,3000.0,-19.125,0.5,-14.875,700.0,900.0,0.0,0.6140000000000004,0.06400000000000004,0.0,2994.0,0
0.964,7499.0,5983.0,4502.0,7492.5,5978.5,4498.5,7000.0,5000.0,4000.0,-18.875,0.5,-14.125,700.0,900.0,0.0,0.6150000000000004,0.06500000000000004,0.0,2997.0,0
0.965,7505.0,5989.0,4506.0,7499.5,5983.5,4502.5,6000.0,6000.0,4000.0,-19.625,0.5,-14.375,700.0,900.0,0.0,0.6160000000000004,0.06600000000000004,0.0,2999.0,0
0.966,7512.0,5994.0,4510.0,7505.5,5989.5,4506.5,7000.0,5000.0,4000.0,-18.125,0.5,-13.875,700.0,900.0,0.0,0.6170000000000004,0.06700000000000005,0.0,3002.0,0
0.967,7518.0,5999.0,4513.0,7512.5,5994.5,4510.5,6000.0,5000.0,3000.0,-18.875,0.5,-14.125,700.0,900.0,0.0,0.6180000000000004,0.06800000000000005,0.0,3005.0,0
0.968,7524.0,6004.0,4517.0,7518.5,5999.5,4513.5,6000.0,5000.0,4000.0,-18.625,0.5,-13.375,700.0,900.0,0.0,0.6190000000000004,0.06900000000000005,0.0,3007.0,0
0.969,7531.0,6010.0,4521.0,7524.5,6004.5,4517.5,7000.0,6000.0,4000.0,-18.375,0.5,-13.625,700.0,900.0,0.0,0.6200000000000004,0.07000000000000005,0.0,3010.0,0
0.97,7537.0,6015.0,4525.0,7531.5,6010.5,4521.5,6000.0,5000.0,4000.0,-17.875,0.5,-13.125,700.0,900.0,0.0,0.6210000000000004,0.07100000000000005,0.0,3012.0,0
0.971,7544.0,6020.0,4528.0,7537.5,6015.5,4525.5,7000.0,5000.0,3000.0,-17.625,0.5,-13.375,700.0,900.0,0.0,0.6220000000000004,0.07200000000000005,0.0,3016.0,0
0.972,7550.0,6025.0,4532.0,7544.5,6020.5,4528.5,6000.0,5000.0,4000.0,-18.375,0.5,-12.625,700.0,900.0,0.0,0.6230000000000004,0.07300000000000005,0.0,3018.0,0
0.973,7556.0,6031.0,4536.0,7550.5,6025.5,4532.5,6000.0,6000.0,4000.0,-18.125,0.5,-12.875,700.0,900.0,0.0,0.6240000000000004,0.07400000000000005,0.0,3020.0,0
0.974,7563.0,6036.0,4540.0,7556.5,6031.5,4536.5,7000.0,5000.0,4000.0,-16.625,0.5,-12.375,700.0,900.0,0.0,0.6250000000000004,0.07500000000000005,0.0,3023.0,0
0.975,7569.0,6041.0,4543.0,7563.5,6036.5,4540.5,6000.0,5000.0,3000.0,-17.375,0.5,-12.625,700.0,900.0,0.0,0.6260000000000004,0.07600000000000005,0.0,3026.0,0
0.976,7575.0,6046.0,4547.0,7569.5,6041.5,4543.5,6000.0,5000.0,4000.0,-17.125,0.5,-11.875,700.0,900.0,0.0,0.6270000000000004,0.07700000000000005,0.0,3028.0,0
0.977,7582.0,6052.0,4551.0,7575.5,6046.5,4547.5,7000.0,6000.0,4000.0,-16.875,0.5,-12.125,700.0,900.0,0.0,0.6280000000000004,0.07800000000000006,0.0,3031.0,0
0.978,7588.0,6057.0,4555.0,7582.5,6052.5,4551.5,6000.0,5000.0,4000.0,-16.375,0.5,-11.625,700.0,900.0,0.0,0.6290000000000004,0.07900000000000006,0.0,3033.0,0
0.979,7595.0,6062.0,4558.0,7588.5,6057.5,4555.5,7000.0,5000.0,3000.0,-16.125,0.5,-11.875,700.0,900.0,0.0,0.6300000000000004,0.08000000000000006,0.0,3037.0,0
0.98,7601.0,6067.0,4562.0,7595.5,6062.5,4558.5,6000.0,5000.0,4000.0,-16.875,0.5,-11.125,700.0,900.0,0.0,0.6310000000000004,0.08100000000000006,0.0,3039.0,0
0.981,7607.0,6073.0,4566.0,7601.5,6067.5,4562.5,6000.0,6000.0,4000.0,-16.625,0.5,-11.375,700.0,900.0,0.0,0.6320000000000005,0.08200000000000006,0.0,3041.0,0
0.982,7614.0,6078.0,4570.0,7607.5,6073.5,4566.5,7000.0,5000.0,4000.0,-15.125,0.5,-10.875,700.0,900.0,0.0,0.6330000000000005,0.08300000000000006,0.0,3044.0,0
0.983,7620.0,6083.0,4573.0,7614.5,6078.5,4570.5,6000.0,5000.0,3000.0,-15.875,0.5,-11.125,700.0,900.0,0.0,0.6340000000000005,0.08400000000000006,0.0,3047.0,0
0.984,7626.0,6088.0,4577.0,7620.5,6083.5,4573.5,6000.0,5000.0,4000.0,-15.625,0.5,-10.375,700.0,900.0,0.0,0.6350000000000005,0.08500000000000006,0.0,3049.0,0
0.985,7633.0,6094.0,4581.0,7626.5,6088.5,4577.5,7000.0,6000.0,4000.0,-15.375,0.5,-10.625,700.0,900.0,0.0,0.6360000000000005,0.08600000000000006,0.0,3052.0,0
0.986,7639.0,6099.0,4584.0,7633.5,6094.5,4581.5,6000.0,5000.0,3000.0,-14.875,0.5,-10.125,700.0,900.0,0.0,0.6370000000000005,0.08700000000000006,0.0,3055.0,0
0.987,7645.0,6104.0,4588.0,7639.5,6099.5,4584.5,6000.0,5000.0,4000.0,-14.625,0.5,-9.375,700.0,900.0,0.0,0.6380000000000005,0.08800000000000006,0.0,3057.0,0
0.988,7652.0,6109.0,4592.0,7645.5,6104.5,4588.5,7000.0,5000.0,4000.0,-14.375,0.5,-9.625,700.0,900.0,0.0,0.6390000000000005,0.08900000000000007,0.0,3060.0,0
0.989,7658.0,6115.0,4596.0,7652.5,6109.5,4592.5,6000.0,6000.0,4000.0,-15.125,0.5,-9.875,700.0,900.0,0.0,0.6400000000000005,0.09000000000000007,0.0,3062.0,0
0.99,7664.0,6120.0,4600.0,7658.5,6115.5,4596.5,6000.0,5000.0,4000.0,-13.625,0.5,-9.375,700.0,900.0,0.0,0.6410000000000005,0.09100000000000007,0.0,3064.0,0
0.991,7671.0,6125.0,4604.0,7664.5,6120.5,4600.5,7000.0,5000.0,4000.0,-13.375,0.5,-9.625,700.0,900.0,0.0,0.6420000000000005,0.09200000000000007,0.0,3067.0,0
0.992,7677.0,6130.0,4608.0,7671.5,6125.5,4604.5,6000.0,5000.0,4000.0,-14.125,0.5,-9.875,700.0,900.0,0.0,0.6430000000000005,0.09300000000000007,0.0,3069.0,0
0.993,7683.0,6136.0,4612.0,7677.5,6130.5,4608.5,6000.0,6000.0,4000.0,-13.875,0.5,-10.125,700.0,900.0,0.0,0.6440000000000005,0.09400000000000007,0.0,3071.0,0
0.994,7690.0,6141.0,4616.0,7683.5,6136.5,4612.5,7000.0,5000.0,4000.0,-12.375,0.5,-9.625,700.0,900.0,0.0,0.6450000000000005,0.09500000000000007,0.0,3074.0,0
0.995,7696.0,6146.0,4620.0,7690.5,6141.5,4616.5,6000.0,5000.0,4000.0,-13.125,0.5,-9.875,700.0,900.0,0.0,0.6460000000000005,0.09600000000000007,0.0,3076.0,0
0.996,7703.0,6151.0,4624.0,7696.5,6146.5,4620.5,7000.0,5000.0,4000.0,-12.875,0.5,-10.125,700.0,900.0,0.0,0.6470000000000005,0.09700000000000007,0.0,3079.0,0
0.997,7709.0,6157.0,4627.0,7703.5,6151.5,4624.5,6000.0,6000.0,3000.0,-13.625,0.5,-10.375,700.0,900.0,0.0,0.6480000000000005,0.09800000000000007,0.0,3082.0,0
0.998,7715.0,6162.0,4631.0,7709.5,6157.5,4627.5,6000.0,5000.0,4000.0,-12.125,0.5,-8.875,700.0,900.0,0.0,0.6490000000000005,0.09900000000000007,0.0,3084.0,0
0.999,7722.0,6167.0,4635.0,7715.5,6162.5,4631.5,7000.0,5000.0,4000.0,-11.875,0.5,-9.125,700.0,900.0,0.0,0.6500000000000005,0.10000000000000007,0.0,3087.0,0
1.0,7728.0,6172.0,4639.0,7722.5,6167.5,4635.5,6000.0,5000.0,4000.0,-12.625,0.5,-9.375,700.0,900.0,0.0,0.6510000000000005,0.10100000000000008,0.0,3089.0,0
1.0010000000000001,7734.0,6178.0,4643.0,7728.5,6172.5,4639.5,6000.0,6000.0,4000.0,-12.375,0.5,-9.625,700.0,900.0,0.0,0.6520000000000005,0.10200000000000008,0.0,3091.0,0
1.002,7741.0,6183.0,4647.0,7734.5,6178.5,4643.5,7000.0,5000.0,4000.0,-10.875,0.5,-9.125,700.0,900.0,0.0,0.6530000000000005,0.10300000000000008,0.0,3094.0,0
1.0030000000000001,7747.0,6188.0,4651.0,7741.5,6183.5,4647.5,6000.0,5000.0,4000.0,-11.625,0.5,-9.375,700.0,900.0,0.0,0.6540000000000005,0.10400000000000008,0.0,3096.0,0
1.004,7753.0,6193.0,4655.0,7747.5,6188.5,4651.5,6000.0,5000.0,4000.0,-11.375,0.5,-9.625,700.0,900.0,0.0,0.6550000000000005,0.10500000000000008,0.0,3098.0,0
1.0050000000000001,7760.0,6199.0,4659.0,7753.5,6193.5,4655.5,7000.0,6000.0,4000.0,-11.125,0.5,-9.875,700.0,900.0,0.0,0.6560000000000005,0.10600000000000008,0.0,3101.0,0
1.006,7766.0,6204.0,4663.0,7760.5,6199.5,4659.5,6000.0,5000.0,4000.0,-10.625,0.5,-9.375,700.0,900.0,0.0,0.6570000000000005,0.10700000000000008,0.0,3103.0,0
1.0070000000000001,7773.0,6209.0,4667.0,7766.5,6204.5,4663.5,7000.0,5000.0,4000.0,-10.375,0.5,-9.625,700.0,900.0,0.0,0.6580000000000005,0.10800000000000008,0.0,3106.0,0
1.008,7779.0,6214.0,4671.0,7773.5,6209.5,4667.5,6000.0,5000.0,4000.0,-11.125,0.5,-9.875,700.0,900.0,0.0,0.6590000000000005,0.10900000000000008,0.0,3108.0,0
1.0090000000000001,7785.0,6220.0,4675.0,7779.5,6214.5,4671.5,6000.0,6000.0,4000.0,-10.875,0.5,-10.125,700.0,900.0,0.0,0.6600000000000005,0.11000000000000008,0.0,3110.0,0
1.01,7792.0,6225.0,4679.0,7785.5,6220.5,4675.5,7000.0,5000.0,4000.0,-9.375,0.5,-9.625,700.0,900.0,0.0,0.6610000000000005,0.11100000000000008,0.0,3113.0,0
1.0110000000000001,7798.0,6230.0,4682.0,7792.5,6225.5,4679.5,6000.0,5000.0,3000.0,-10.125,0.5,-9.875,700.0,900.0,0.0,0.6620000000000005,0.11200000000000009,0.0,3116.0,0
1.012,7805.0,6235.0,4686.0,7798.5,6230.5,4682.5,7000.0,5000.0,4000.0,-9.875,0.5,-9.125,700.0,900.0,0.0,0.6630000000000005,0.11300000000000009,0.0,3119.0,0
1.0130000000000001,7811.0,6241.0,4690.0,7805.5,6235.5,4686.5,6000.0,6000.0,4000.0,-10.625,0.5,-9.375,700.0,900.0,0.0,0.6640000000000005,0.11400000000000009,0.0,3121.0,0
1.014,7818.0,6246.0,4694.0,7811.5,6241.5,4690.5,7000.0,5000.0,4000.0,-9.125,0.5,-8.875,700.0,900.0,0.0,0.6650000000000005,0.11500000000000009,0.0,3124.0,0
1.0150000000000001,7824.0,6251.0,4698.0,7818.5,6246.5,4694.5,6000.0,5000.0,4000.0,-9.875,0.5,-9.125,700.0,900.0,0.0,0.6660000000000005,0.11600000000000009,0.0,3126.0,0
1.016,7831.0,6256.0,4702.0,7824.5,6251.5,4698.5,7000.0,5000.0,4000.0,-9.625,0.5,-9.375,700.0,900.0,0.0,0.6670000000000005,0.11700000000000009,0.0,3129.0,0
1.0170000000000001,7838.0,6262.0,4706.0,7831.5,6256.5,4702.5,7000.0,6000.0,4000.0,-10.375,0.5,-9.625,700.0,900.0,0.0,0.6680000000000005,0.11800000000000009,0.0,3132.0,0
1.018,7844.0,6267.0,4710.0,7838.5,6262.5,4706.5,6000.0,5000.0,4000.0,-9.875,0.5,-9.125,700.0,900.0,0.0,0.6690000000000005,0.11900000000000009,0.0,3134.0,0
1.0190000000000001,7851.0,6272.0,4714.0,7844.5,6267.5,4710.5,7000.0,5000.0,4000.0,-9.625,0.5,-9.375,700.0,900.0,0.0,0.6700000000000005,0.12000000000000009,0.0,3137.0,0
1.02,7858.0,6277.0,4718.0,7851.5,6272.5,4714.5,7000.0,5000.0,4000.0,-10.375,0.5,-9.625,700.0,900.0,0.0,0.6710000000000005,0.1210000000000001,0.0,3140.0,0
1.0210000000000001,7864.0,6283.0,4722.0,7858.5,6277.5,4718.5,6000.0,6000.0,4000.0,-11.125,0.5,-9.875,700.0,900.0,0.0,0.6720000000000005,0.1220000000000001,0.0,3142.0,0
1.022,7871.0,6288.0,4726.0,7864.5,6283.5,4722.5,7000.0,5000.0,4000.0,-9.625,0.5,-9.375,700.0,900.0,0.0,0.6730000000000005,0.1230000000000001,0.0,3145.0,0
1.0230000000000001,7877.0,6293.0,4730.0,7871.5,6288.5,4726.5,6000.0,5000.0,4000.0,-10.375,0.5,-9.625,700.0,900.0,0.0,0.6740000000000005,0.1240000000000001,0.0,3147.0,0
1.024,7883.0,6298.0,4734.0,7877.5,6293.5,4730.5,6000.0,5000.0,4000.0,-10.125,0.5,-9.875,700.0,900.0,0.0,0.6750000000000005,0.12500000000000008,0.0,3149.0,0
1.025,7890.0,6303.0,4738.0,7883.5,6298.5,4734.5,7000.0,5000.0,4000.0,-9.875,0.5,-10.125,700.0,900.0,0.0,0.6760000000000005,0.12600000000000008,0.0,3152.0,0
1.026,7896.0,6309.0,4741.0,7890.5,6303.5,4738.5,6000.0,6000.0,3000.0,-10.625,0.5,-10.375,700.0,900.0,0.0,0.6770000000000005,0.12700000000000009,0.0,3155.0,0
1.027,7903.0,6314.0,4745.0,7896.5,6309.5,4741.5,7000.0,5000.0,4000.0,-9.125,0.5,-8.875,700.0,900.0,0.0,0.6780000000000005,0.12800000000000009,0.0,3158.0,0
1.028,7909.0,6319.0,4749.0,7903.5,6314.5,4745.5,6000.0,5000.0,4000.0,-9.875,0.5,-9.125,700.0,900.0,0.0,0.6790000000000005,0.1290000000000001,0.0,3160.0,0
1.029,7916.0,6324.0,4753.0,7909.5,6319.5,4749.5,7000.0,5000.0,4000.0,-9.625,0.5,-9.375,700.0,900.0,0.0,0.6800000000000005,0.1300000000000001,0.0,3163.0,0
1.03,7923.0,6330.0,4757.0,7916.5,6324.5,4753.5,7000.0,6000.0,4000.0,-10.375,0.5,-9.625,700.0,900.0,0.0,0.6810000000000005,0.1310000000000001,0.0,3166.0,0
1.031,7929.0,6335.0,4761.0,7923.5,6330.5,4757.5,6000.0,5000.0,4000.0,-9.875,0.5,-9.125,700.0,900.0,0.0,0.6820000000000005,0.1320000000000001,0.0,3168.0,0
1.032,7936.0,6340.0,4765.0,7929.5,6335.5,4761.5,7000.0,5000.0,4000.0,-9.625,0.5,-9.375,700.0,900.0,0.0,0.6830000000000005,0.1330000000000001,0.0,3171.0,0
1.033,7943.0,6345.0,4769.0,7936.5,6340.5,4765.5,7000.0,5000.0,4000.0,-10.375,0.5,-9.625,700.0,900.0,0.0,0.6840000000000005,0.1340000000000001,0.0,3174.0,0
1.034,7949.0,6351.0,4773.0,7943.5,6345.5,4769.5,6000.0,6000.0,4000.0,-11.125,0.5,-9.875,700.0,900.0,0.0,0.6850000000000005,0.1350000000000001,0.0,3176.0,0
1.035,7956.0,6356.0,4777.0,7949.5,6351.5,4773.5,7000.0,5000.0,4000.0,-9.625,0.5,-9.375,700.0,900.0,0.0,0.6860000000000005,0.1360000000000001,0.0,3179.0,0
1.036,7962.0,6361.0,4781.0,7956.5,6356.5,4777.5,6000.0,5000.0,4000.0,-10.375,0.5,-9.625,700.0,900.0,0.0,0.6870000000000005,0.1370000000000001,0.0,3181.0,0
1.037,7968.0,6366.0,4784.0,7962.5,6361.5,4781.5,6000.0,5000.0,3000.0,-10.125,0.5,-9.875,700.0,900.0,0.0,0.6880000000000005,0.1380000000000001,0.0,3184.0,0
1.038,7975.0,6372.0,4788.0,7968.5,6366.5,4784.5,7000.0,6000.0,4000.0,-9.875,0.5,-9.125,700.0,900.0,0.0,0.6890000000000005,0.1390000000000001,0.0,3187.0,0
1.039,7981.0,6377.0,4792.0,7975.5,6372.5,4788.5,6000.0,5000.0,4000.0,-9.375,0.5,-8.625,700.0,900.0,0.0,0.6900000000000005,0.1400000000000001,0.0,3189.0,0
1.04,7988.0,6382.0,4796.0,7981.5,6377.5,4792.5,7000.0,5000.0,4000.0,-9.125,0.5,-8.875,700.0,900.0,0.0,0.6910000000000005,0.1410000000000001,0.0,3192.0,0
1.041,7995.0,6387.0,4800.0,7988.5,6382.5,4796.5,7000.0,5000.0,4000.0,-9.875,0.5,-9.125,700.0,900.0,0.0,0.6920000000000005,0.1420000000000001,0.0,3195.0,0
1.042,8001.0,6393.0,4804.0,7995.5,6387.5,4800.5,6000.0,6000.0,4000.0,-10.625,0.5,-9.375,700.0,900.0,0.0,0.6930000000000005,0.1430000000000001,0.0,3197.0,0
1.043,8008.0,6398.0,4808.0,8001.5,6393.5,4804.5,7000.0,5000.0,4000.0,-9.125,0.5,-8.875,700.0,900.0,0.0,0.6940000000000005,0.1440000000000001,0.0,3200.0,0
1.044,8015.0,6403.0,4812.0,8008.5,6398.5,4808.5,7000.0,5000.0,4000.0,-9.875,0.5,-9.125,700.0,900.0,0.0,0.6950000000000005,0.1450000000000001,0.0,3203.0,0
1.045,8021.0,6408.0,4816.0,8015.5,6403.5,4812.5,6000.0,5000.0,4000.0,-10.625,0.5,-9.375,700.0,900.0,0.0,0.6960000000000005,0.1460000000000001,0.0,3205.0,0
1.046,8027.0,6414.0,4820.0,8021.5,6408.5,4816.5,6000.0,6000.0,4000.0,-10.375,0.5,-9.625,700.0,900.0,0.0,0.6970000000000005,0.1470000000000001,0.0,3207.0,0
1.047,8034.0,6419.0,4824.0,8027.5,6414.5,4820.5,7000.0,5000.0,4000.0,-8.875,0.5,-9.125,700.0,900.0,0.0,0.6980000000000005,0.1480000000000001,0.0,3210.0,0
1.048,8041.0,6424.0,4828.0,8034.5,6419.5,4824.5,7000.0,5000.0,4000.0,-9.625,0.5,-9.375,700.0,900.0,0.0,0.6990000000000005,0.1490000000000001,0.0,3213.0,0
1.049,8047.0,6429.0,4832.0,8041.5,6424.5,4828.5,6000.0,5000.0,4000.0,-10.375,0.5,-9.625,700.0,900.0,0.0,0.7000000000000005,0.1500000000000001,0.0,3215.0,0
1.05,8053.0,6435.0,4836.0,8047.5,6429.5,4832.5,6000.0,6000.0,4000.0,-10.125,0.5,-9.875,700.0,900.0,0.0,0.7010000000000005,0.1510000000000001,0.0,3217.0,0
1.051,8060.0,6440.0,4840.0,8053.5,6435.5,4836.5,7000.0,5000.0,4000.0,-8.625,0.5,-9.375,700.0,900.0,0.0,0.7020000000000005,0.1520000000000001,0.0,3220.0,0
1.052,8066.0,6445.0,4843.0,8060.5,6440.5,4840.5,6000.0,5000.0,3000.0,-9.375,0.5,-9.625,700.0,900.0,0.0,0.7030000000000005,0.1530000000000001,0.0,3223.0,0
1.053,8073.0,6450.0,4847.0,8066.5,6445.5,4843.5,7000.0,5000.0,4000.0,-9.125,0.5,-8.875,700.0,900.0,0.0,0.7040000000000005,0.1540000000000001,0.0,3226.0,0
1.054,8080.0,6456.0,4851.0,8073.5,6450.5,4847.5,7000.0,6000.0,4000.0,-9.875,0.5,-9.125,700.0,900.0,0.0,0.7050000000000005,0.1550000000000001,0.0,3229.0,0
1.055,8086.0,6461.0,4855.0,8080.5,6456.5,4851.5,6000.0,5000.0,4000.0,-9.375,0.5,-8.625,700.0,900.0,0.0,0.7060000000000005,0.1560000000000001,0.0,3231.0,0
1.056,8093.0,6466.0,4859.0,8086.5,6461.5,4855.5,7000.0,5000.0,4000.0,-9.125,0.5,-8.875,700.0,900.0,0.0,0.7070000000000005,0.1570000000000001,0.0,3234.0,0
1.057,8100.0,6471.0,4863.0,8093.5,6466.5,4859.5,7000.0,5000.0,4000.0,-9.875,0.5,-9.125,700.0,900.0,0.0,0.7080000000000005,0.1580000000000001,0.0,3237.0,0
1.058,8106.0,6477.0,4867.0,8100.5,6471.5,4863.5,6000.0,6000.0,4000.0,-10.625,0.5,-9.375,700.0,900.0,0.0,0.7090000000000005,0.1590000000000001,0.0,3239.0,0
1.059,8113.0,6482.0,4871.0,8106.5,6477.5,4867.5,7000.0,5000.0,4000.0,-9.125,0.5,-8.875,700.0,900.0,0.0,0.7100000000000005,0.16000000000000011,0.0,3242.0,0
1.06,8119.0,6487.0,4875.0,8113.5,6482.5,4871.5,6000.0,5000.0,4000.0,-9.875,0.5,-9.125,700.0,900.0,0.0,0.7110000000000005,0.16100000000000012,0.0,3244.0,0
1.061,8126.0,6492.0,4879.0,8119.5,6487.5,4875.5,7000.0,5000.0,4000.0,-9.625,0.5,-9.375,700.0,900.0,0.0,0.7120000000000005,0.16200000000000012,0.0,3247.0,0
1.062,8133.0,6498.0,4883.0,8126.5,6492.5,4879.5,7000.0,6000.0,4000.0,-10.375,0.5,-9.625,700.0,900.0,0.0,0.7130000000000005,0.16300000000000012,0.0,3250.0,0
1.063,8139.0,6503.0,4887.0,8133.5,6498.5,4883.5,6000.0,5000.0,4000.0,-9.875,0.5,-9.125,700.0,900.0,0.0,0.7140000000000005,0.16400000000000012,0.0,3252.0,0
1.064,8146.0,6508.0,4891.0,8139.5,6503.5,4887.5,7000.0,5000.0,4000.0,-9.625,0.5,-9.375,700.0,900.0,0.0,0.7150000000000005,0.16500000000000012,0.0,3255.0,0
1.065,8152.0,6513.0,4895.0,8146.5,6508.5,4891.5,6000.0,5000.0,4000.0,-10.375,0.5,-9.625,700.0,900.0,0.0,0.7160000000000005,0.16600000000000012,0.0,3257.0,0
1.066,8159.0,6519.0,4899.0,8152.5,6513.5,4895.5,7000.0,6000.0,4000.0,-10.125,0.5,-9.875,700.0,900.0,0.0,0.7170000000000005,0.16700000000000012,0.0,3260.0,0
1.067,8165.0,6524.0,4903.0,8159.5,6519.5,4899.5,6000.0,5000.0,4000.0,-9.625,0.5,-9.375,700.0,900.0,0.0,0.7180000000000005,0.16800000000000012,0.0,3262.0,0
1.068,8172.0,6529.0,4906.0,8165.5,6524.5,4903.5,7000.0,5000.0,3000.0,-9.375,0.5,-9.625,700.0,900.0,0.0,0.7190000000000005,0.16900000000000012,0.0,3266.0,0
1.069,8178.0,6534.0,4910.0,8172.5,6529.5,4906.5,6000.0,5000.0,4000.0,-10.125,0.5,-8.875,700.0,900.0,0.0,0.7200000000000005,0.17000000000000012,0.0,3268.0,0
1.07,8185.0,6540.0,4914.0,8178.5,6534.5,4910.5,7000.0,6000.0,4000.0,-9.875,0.5,-9.125,700.0,900.0,0.0,0.7210000000000005,0.17100000000000012,0.0,3271.0,0
1.071,8191.0,6545.0,4918.0,8185.5,6540.5,4914.5,6000.0,5000.0,4000.0,-9.375,0.5,-8.625,700.0,900.0,0.0,0.7220000000000005,0.17200000000000013,0.0,3273.0,0
1.072,8198.0,6550.0,4922.0,8191.5,6545.5,4918.5,7000.0,5000.0,4000.0,-9.125,0.5,-8.875,700.0,900.0,0.0,0.7230000000000005,0.17300000000000013,0.0,3276.0,0
1.073,8205.0,6555.0,4926.0,8198.5,6550.5,4922.5,7000.0,5000.0,4000.0,-9.875,0.5,-9.125,700.0,900.0,0.0,0.7240000000000005,0.17400000000000013,0.0,3279.0,0
1.074,8211.0,6561.0,4930.0,8205.5,6555.5,4926.5,6000.0,6000.0,4000.0,-10.625,0.5,-9.375,700.0,900.0,0.0,0.7250000000000005,0.17500000000000013,0.0,3281.0,0
1.075,8218.0,6566.0,4934.0,8211.5,6561.5,4930.5,7000.0,5000.0,4000.0,-9.125,0.5,-8.875,700.0,900.0,0.0,0.7260000000000005,0.17600000000000013,0.0,3284.0,0
1.076,8224.0,6571.0,4938.0,8218.5,6566.5,4934.5,6000.0,5000.0,4000.0,-9.875,0.5,-9.125,700.0,900.0,0.0,0.7270000000000005,0.17700000000000013,0.0,3286.0,0
1.077,8231.0,6576.0,4942.0,8224.5,6571.5,4938.5,7000.0,5000.0,4000.0,-9.625,0.5,-9.375,700.0,900.0,0.0,0.7280000000000005,0.17800000000000013,0.0,3289.0,0
1.078,8237.0,6582.0,4946.0,8231.5,6576.5,4942.5,6000.0,6000.0,4000.0,-10.375,0.5,-9.625,700.0,900.0,0.0,0.7290000000000005,0.17900000000000013,0.0,3291.0,0
1.079,8244.0,6587.0,4950.0,8237.5,6582.5,4946.5,7000.0,5000.0,4000.0,-8.875,0.5,-9.125,700.0,900.0,0.0,0.7300000000000005,0.18000000000000013,0.0,3294.0,0
1.08,8251.0,6592.0,4954.0,8244.5,6587.5,4950.5,7000.0,5000.0,4000.0,-9.625,0.5,-9.375,700.0,900.0,0.0,0.7310000000000005,0.18100000000000013,0.0,3297.0,0
1.081,8257.0,6597.0,4958.0,8251.5,6592.5,4954.5,6000.0,5000.0,4000.0,-10.375,0.5,-9.625,700.0,900.0,0.0,0.7320000000000005,0.18200000000000013,0.0,3299.0,0
1.082,8263.0,6603.0,4962.0,8257.5,6597.5,4958.5,6000.0,6000.0,4000.0,-10.125,0.5,-9.875,700.0,900.0,0.0,0.7330000000000005,0.18300000000000013,0.0,3301.0,0
1.083,8270.0,6608.0,4966.0,8263.5,6603.5,4962.5,7000.0,5000.0,4000.0,-8.625,0.5,-9.375,700.0,900.0,0.0,0.7340000000000005,0.18400000000000014,0.0,3304.0,0
1.084,8276.0,6613.0,4969.0,8270.5,6608.5,4966.5,6000.0,5000.0,3000.0,-9.375,0.5,-9.625,700.0,900.0,0.0,0.7350000000000005,0.18500000000000014,0.0,3307.0,0
1.085,8283.0,6618.0,4973.0,8276.5,6613.5,4969.5,7000.0,5000.0,4000.0,-9.125,0.5,-8.875,700.0,900.0,0.0,0.7360000000000005,0.18600000000000014,0.0,3310.0,0
1.086,8289.0,6624.0,4977.0,8283.5,6618.5,4973.5,6000.0,6000.0,4000.0,-9.875,0.5,-9.125,700.0,900.0,0.0,0.7370000000000005,0.18700000000000014,0.0,3312.0,0
1.087,8296.0,6629.0,4981.0,8289.5,6624.5,4977.5,7000.0,5000.0,4000.0,-8.375,0.5,-8.625,700.0,900.0,0.0,0.7380000000000005,0.18800000000000014,0.0,3315.0,0
1.088,8303.0,6634.0,4985.0,8296.5,6629.5,4981.5,7000.0,5000.0,4000.0,-9.125,0.5,-8.875,700.0,900.0,0.0,0.7390000000000005,0.18900000000000014,0.0,3318.0,0
1.089,8309.0,6639.0,4989.0,8303.5,6634.5,4985.5,6000.0,5000.0,4000.0,-9.875,0.5,-9.125,700.0,900.0,0.0,0.7400000000000005,0.19000000000000014,0.0,3320.0,0
1.09,8316.0,6645.0,4993.0,8309.5,6639.5,4989.5,7000.0,6000.0,4000.0,-9.625,0.5,-9.375,700.0,900.0,0.0,0.7410000000000005,0.19100000000000014,0.0,3323.0,0
1.091,8323.0,6650.0,4997.0,8316.5,6645.5,4993.5,7000.0,5000.0,4000.0,-9.125,0.5,-8.875,700.0,900.0,0.0,0.7420000000000005,0.19200000000000014,0.0,3326.0,0
1.092,8329.0,6655.0,5001.0,8323.5,6650.5,4997.5,6000.0,5000.0,4000.0,-9.875,0.5,-9.125,700.0,900.0,0.0,0.7430000000000005,0.19300000000000014,0.0,3328.0,0
1.093,8336.0,6660.0,5005.0,8329.5,6655.5,5001.5,7000.0,5000.0,4000.0,-9.625,0.5,-9.375,700.0,900.0,0.0,0.7440000000000005,0.19400000000000014,0.0,3331.0,0
1.094,8342.0,6666.0,5009.0,8336.5,6660.5,5005.5,6000.0,6000.0,4000.0,-10.375,0.5,-9.625,700.0,900.0,0.0,0.7450000000000006,0.19500000000000015,0.0,3333.0,0
1.095,8349.0,6671.0,5013.0,8342.5,6666.5,5009.5,7000.0,5000.0,4000.0,-8.875,0.5,-9.125,700.0,900.0,0.0,0.7460000000000006,0.19600000000000015,0.0,3336.0,0
1.096,8355.0,6676.0,5017.0,8349.5,6671.5,5013.5,6000.0,5000.0,4000.0,-9.625,0.5,-9.375,700.0,900.0,0.0,0.7470000000000006,0.19700000000000015,0.0,3338.0,0
1.097,8362.0,6681.0,5021.0,8355.5,6676.5,5017.5,7000.0,5000.0,4000.0,-9.375,0.5,-9.625,700.0,900.0,0.0,0.7480000000000006,0.19800000000000015,0.0,3341.0,0
1.098,8368.0,6687.0,5025.0,8362.5,6681.5,5021.5,6000.0,6000.0,4000.0,-10.125,0.5,-9.875,700.0,900.0,0.0,0.7490000000000006,0.19900000000000015,0.0,3343.0,0
1.099,8375.0,6692.0,5028.0,8368.5,6687.5,5025.5,7000.0,5000.0,3000.0,-8.625,0.5,-9.375,700.0,900.0,0.0,0.7500000000000006,0.20000000000000015,0.0,3347.0,0
1.1,8381.0,6697.0,5032.0,8375.5,6692.5,5028.5,6000.0,5000.0,4000.0,-9.375,0.5,-8.625,700.0,900.0,0.0,0.7510000000000006,0.20100000000000015,0.0,3349.0,0
1.101,8388.0,6702.0,5036.0,8381.5,6697.5,5032.5,7000.0,5000.0,4000.0,-9.125,0.5,-8.875,700.0,900.0,0.0,0.7520000000000006,0.20200000000000015,0.0,3352.0,0
1.102,8395.0,6708.0,5040.0,8388.5,6702.5,5036.5,7000.0,6000.0,4000.0,-9.875,0.5,-9.125,700.0,900.0,0.0,0.7530000000000006,0.20300000000000015,0.0,3355.0,0
1.103,8401.0,6713.0,5044.0,8395.5,6708.5,5040.5,6000.0,5000.0,4000.0,-9.375,0.5,-8.625,700.0,900.0,0.0,0.7540000000000006,0.20400000000000015,0.0,3357.0,0
1.104,8408.0,6718.0,5048.0,8401.5,6713.5,5044.5,7000.0,5000.0,4000.0,-9.125,0.5,-8.875,700.0,900.0,0.0,0.7550000000000006,0.20500000000000015,0.0,3360.0,0
1.105,8414.0,6723.0,5052.0,8408.5,6718.5,5048.5,6000.0,5000.0,4000.0,-9.875,0.5,-9.125,700.0,900.0,0.0,0.7560000000000006,0.20600000000000016,0.0,3362.0,0
1.106,8421.0,6729.0,5056.0,8414.5,6723.5,5052.5,7000.0,6000.0,4000.0,-9.625,0.5,-9.375,700.0,900.0,0.0,0.7570000000000006,0.20700000000000016,0.0,3365.0,0
1.107,8428.0,6734.0,5060.0,8421.5,6729.5,5056.5,7000.0,5000.0,4000.0,-9.125,0.5,-8.875,700.0,900.0,0.0,0.7580000000000006,0.20800000000000016,0.0,3368.0,0
1.108,8434.0,6739.0,5064.0,8428.5,6734.5,5060.5,6000.0,5000.0,4000.0,-9.875,0.5,-9.125,700.0,900.0,0.0,0.7590000000000006,0.20900000000000016,0.0,3370.0,0
1.109,8441.0,6744.0,5068.0,8434.5,6739.5,5064.5,7000.0,5000.0,4000.0,-9.625,0.5,-9.375,700.0,900.0,0.0,0.7600000000000006,0.21000000000000016,0.0,3373.0,0
1.11,8447.0,6750.0,5072.0,8441.5,6744.5,5068.5,6000.0,6000.0,4000.0,-10.375,0.5,-9.625,700.0,900.0,0.0,0.7610000000000006,0.21100000000000016,0.0,3375.0,0
1.111,8454.0,6755.0,5076.0,8447.5,6750.5,5072.5,7000.0,5000.0,4000.0,-8.875,0.5,-9.125,700.0,900.0,0.0,0.7620000000000006,0.21200000000000016,0.0,3378.0,0
1.112,8460.0,6760.0,5080.0,8454.5,6755.5,5076.5,6000.0,5000.0,4000.0,-9.625,0.5,-9.375,700.0,900.0,0.0,0.7630000000000006,0.21300000000000016,0.0,3380.0,0
1.113,8467.0,6765.0,5084.0,8460.5,6760.5,5080.5,7000.0,5000.0,4000.0,-9.375,0.5,-9.625,700.0,900.0,0.0,0.7640000000000006,0.21400000000000016,0.0,3383.0,0
1.114,8473.0,6771.0,5088.0,8467.5,6765.5,5084.5,6000.0,6000.0,4000.0,-10.125,0.5,-9.875,700.0,900.0,0.0,0.7650000000000006,0.21500000000000016,0.0,3385.0,0
1.115,8480.0,6776.0,5091.0,8473.5,6771.5,5088.5,7000.0,5000.0,3000.0,-8.625,0.5,-9.375,700.0,900.0,0.0,0.7660000000000006,0.21600000000000016,0.0,3389.0,0
1.116,8487.0,6781.0,5095.0,8480.5,6776.5,5091.5,7000.0,5000.0,4000.0,-9.375,0.5,-8.625,700.0,900.0,0.0,0.7670000000000006,0.21700000000000016,0.0,3392.0,0
1.117,8493.0,6786.0,5099.0,8487.5,6781.5,5095.5,6000.0,5000.0,4000.0,-10.125,0.5,-8.875,700.0,900.0,0.0,0.7680000000000006,0.21800000000000017,0.0,3394.0,0
1.118,8499.0,6792.0,5103.0,8493.5,6786.5,5099.5,6000.0,6000.0,4000.0,-9.875,0.5,-9.125,700.0,900.0,0.0,0.7690000000000006,0.21900000000000017,0.0,3396.0,0
1.119,8506.0,6797.0,5107.0,8499.5,6792.5,5103.5,7000.0,5000.0,4000.0,-8.375,0.5,-8.625,700.0,900.0,0.0,0.7700000000000006,0.22000000000000017,0.0,3399.0,0
1.12,8513.0,6802.0,5111.0,8506.5,6797.5,5107.5,7000.0,5000.0,4000.0,-9.125,0.5,-8.875,700.0,900.0,0.0,0.7710000000000006,0.22100000000000017,0.0,3402.0,0
1.121,8519.0,6807.0,5115.0,8513.5,6802.5,5111.5,6000.0,5000.0,4000.0,-9.875,0.5,-9.125,700.0,900.0,0.0,0.7720000000000006,0.22200000000000017,0.0,3404.0,0
1.122,8526.0,6813.0,5119.0,8519.5,6807.5,5115.5,7000.0,6000.0,4000.0,-9.625,0.5,-9.375,700.0,900.0,0.0,0.7730000000000006,0.22300000000000017,0.0,3407.0,0
1.123,8532.0,6818.0,5123.0,8526.5,6813.5,5119.5,6000.0,5000.0,4000.0,-9.125,0.5,-8.875,700.0,900.0,0.0,0.7740000000000006,0.22400000000000017,0.0,3409.0,0
1.124,8539.0,6823.0,5127.0,8532.5,6818.5,5123.5,7000.0,5000.0,4000.0,-8.875,0.5,-9.125,700.0,900.0,0.0,0.7750000000000006,0.22500000000000017,0.0,3412.0,0
1.125,8545.0,6828.0,5131.0,8539.5,6823.5,5127.5,6000.0,5000.0,4000.0,-9.625,0.5,-9.375,700.0,900.0,0.0,0.7760000000000006,0.22600000000000017,0.0,3414.0,0
1.1260000000000001,8552.0,6834.0,5135.0,8545.5,6828.5,5131.5,7000.0,6000.0,4000.0,-9.375,0.5,-9.625,700.0,900.0,0.0,0.7770000000000006,0.22700000000000017,0.0,3417.0,0
1.127,8559.0,6839.0,5139.0,8552.5,6834.5,5135.5,7000.0,5000.0,4000.0,-8.875,0.5,-9.125,700.0,900.0,0.0,0.7780000000000006,0.22800000000000017,0.0,3420.0,0
1.1280000000000001,8565.0,6844.0,5143.0,8559.5,6839.5,5139.5,6000.0,5000.0,4000.0,-9.625,0.5,-9.375,700.0,900.0,0.0,0.7790000000000006,0.22900000000000018,0.0,3422.0,0
1.129,8572.0,6849.0,5147.0,8565.5,6844.5,5143.5,7000.0,5000.0,4000.0,-9.375,0.5,-9.625,700.0,900.0,0.0,0.7800000000000006,0.23000000000000018,0.0,3425.0,0
1.1300000000000001,8578.0,6855.0,5151.0,8572.5,6849.5,5147.5,6000.0,6000.0,4000.0,-10.125,0.5,-9.875,700.0,900.0,0.0,0.7810000000000006,0.23100000000000018,0.0,3427.0,0
1.131,8585.0,6860.0,5154.0,8578.5,6855.5,5151.5,7000.0,5000.0,3000.0,-8.625,0.5,-9.375,700.0,900.0,0.0,0.7820000000000006,0.23200000000000018,0.0,3431.0,0
1.1320000000000001,8591.0,6865.0,5158.0,8585.5,6860.5,5154.5,6000.0,5000.0,4000.0,-9.375,0.5,-8.625,700.0,900.0,0.0,0.7830000000000006,0.23300000000000018,0.0,3433.0,0
1.133,8598.0,6870.0,5162.0,8591.5,6865.5,5158.5,7000.0,5000.0,4000.0,-9.125,0.5,-8.875,700.0,900.0,0.0,0.7840000000000006,0.23400000000000018,0.0,3436.0,0
1.1340000000000001,8604.0,6876.0,5166.0,8598.5,6870.5,5162.5,6000.0,6000.0,4000.0,-9.875,0.5,-9.125,700.0,900.0,0.0,0.7850000000000006,0.23500000000000018,0.0,3438.0,0
1.135,8611.0,6881.0,5170.0,8604.5,6876.5,5166.5,7000.0,5000.0,4000.0,-8.375,0.5,-8.625,700.0,900.0,0.0,0.7860000000000006,0.23600000000000018,0.0,3441.0,0
1.1360000000000001,8618.0,6886.0,5174.0,8611.5,6881.5,5170.5,7000.0,5000.0,4000.0,-9.125,0.5,-8.875,700.0,900.0,0.0,0.7870000000000006,0.23700000000000018,0.0,3444.0,0
1.137,8624.0,6891.0,5178.0,8618.5,6886.5,5174.5,6000.0,5000.0,4000.0,-9.875,0.5,-9.125,700.0,900.0,0.0,0.7880000000000006,0.23800000000000018,0.0,3446.0,0
1.1380000000000001,8631.0,6897.0,5182.0,8624.5,6891.5,5178.5,7000.0,6000.0,4000.0,-9.625,0.5,-9.375,700.0,900.0,0.0,0.7890000000000006,0.23900000000000018,0.0,3449.0,0
1.139,8637.0,6902.0,5186.0,8631.5,6897.5,5182.5,6000.0,5000.0,4000.0,-9.125,0.5,-8.875,700.0,900.0,0.0,0.7900000000000006,0.24000000000000019,0.0,3451.0,0
1.1400000000000001,8644.0,6907.0,5190.0,8637.5,6902.5,5186.5,7000.0,5000.0,4000.0,-8.875,0.5,-9.125,700.0,900.0,0.0,0.7910000000000006,0.2410000000000002,0.0,3454.0,0
1.141,8650.0,6912.0,5194.0,8644.5,6907.5,5190.5,6000.0,5000.0,4000.0,-9.625,0.5,-9.375,700.0,900.0,0.0,0.7920000000000006,0.2420000000000002,0.0,3456.0,0
1.1420000000000001,8657.0,6918.0,5198.0,8650.5,6912.5,5194.5,7000.0,6000.0,4000.0,-9.375,0.5,-9.625,700.0,900.0,0.0,0.7930000000000006,0.2430000000000002,0.0,3459.0,0
1.143,8664.0,6923.0,5202.0,8657.5,6918.5,5198.5,7000.0,5000.0,4000.0,-8.875,0.5,-9.125,700.0,900.0,0.0,0.7940000000000006,0.2440000000000002,0.0,3462.0,0
1.1440000000000001,8670.0,6928.0,5206.0,8664.5,6923.5,5202.5,6000.0,5000.0,4000.0,-9.625,0.5,-9.375,700.0,900.0,0.0,0.7950000000000006,0.2450000000000002,0.0,3464.0,0
1.145,8677.0,6933.0,5210.0,8670.5,6928.5,5206.5,7000.0,5000.0,4000.0,-9.375,0.5,-9.625,700.0,900.0,0.0,0.7960000000000006,0.2460000000000002,0.0,3467.0,0
1.1460000000000001,8683.0,6939.0,5213.0,8677.5,6933.5,5210.5,6000.0,6000.0,3000.0,-10.125,0.5,-9.875,700.0,900.0,0.0,0.7970000000000006,0.2470000000000002,0.0,3470.0,0
1.147,8690.0,6944.0,5217.0,8683.5,6939.5,5213.5,7000.0,5000.0,4000.0,-8.625,0.5,-8.375,700.0,900.0,0.0,0.7980000000000006,0.2480000000000002,0.0,3473.0,0
1.1480000000000001,8696.0,6949.0,5221.0,8690.5,6944.5,5217.5,6000.0,5000.0,4000.0,-9.375,0.5,-8.625,700.0,900.0,0.0,0.7990000000000006,0.2490000000000002,0.0,3475.0,0
1.149,8703.0,6954.0,5225.0,8696.5,6949.5,5221.5,7000.0,5000.0,4000.0,-9.125,0.5,-8.875,700.0,900.0,0.0,0.8000000000000006,0.25000000000000017,0.0,3478.0,0
1.1500000000000001,8709.0,6959.0,5229.0,8703.5,6954.5,5225.5,6000.0,5000.0,4000.0,-9.875,0.5,-9.125,700.0,900.0,0.0,0.8010000000000006,0.25100000000000017,0.0,3480.0,0
1.151,8716.0,6965.0,5233.0,8709.5,6959.5,5229.5,7000.0,6000.0,4000.0,-9.625,0.5,-9.375,700.0,900.0,0.0,0.8020000000000006,0.25200000000000017,0.0,3483.0,0
1.1520000000000001,8722.0,6970.0,5237.0,8716.5,6965.5,5233.5,6000.0,5000.0,4000.0,-9.125,0.5,-8.875,700.0,900.0,0.0,0.8030000000000006,0.25300000000000017,0.0,3485.0,0
1.153,8729.0,6975.0,5241.0,8722.5,6970.5,5237.5,7000.0,5000.0,4000.0,-8.875,0.5,-9.125,700.0,900.0,0.0,0.8040000000000006,0.25400000000000017,0.0,3488.0,0
1.154,8735.0,6980.0,5245.0,8729.5,6975.5,5241.5,6000.0,5000.0,4000.0,-9.625,0.5,-9.375,700.0,900.0,0.0,0.8050000000000006,0.25500000000000017,0.0,3490.0,0
1.155,8742.0,6986.0,5249.0,8735.5,6980.5,5245.5,7000.0,6000.0,4000.0,-9.375,0.5,-9.625,700.0,900.0,0.0,0.8060000000000006,0.25600000000000017,0.0,3493.0,0
1.156,8749.0,6991.0,5253.0,8742.5,6986.5,5249.5,7000.0,5000.0,4000.0,-8.875,0.5,-9.125,700.0,900.0,0.0,0.8070000000000006,0.2570000000000002,0.0,3496.0,0
1.157,8755.0,6996.0,5257.0,8749.5,6991.5,5253.5,6000.0,5000.0,4000.0,-9.625,0.5,-9.375,700.0,900.0,0.0,0.8080000000000006,0.2580000000000002,0.0,3498.0,0
1.158,8762.0,7001.0,5261.0,8755.5,6996.5,5257.5,7000.0,5000.0,4000.0,-9.375,0.5,-9.625,700.0,900.0,0.0,0.8090000000000006,0.2590000000000002,0.0,3501.0,0
1.159,8768.0,7007.0,5265.0,8762.5,7001.5,5261.5,6000.0,6000.0,4000.0,-10.125,0.5,-9.875,700.0,900.0,0.0,0.8100000000000006,0.2600000000000002,0.0,3503.0,0
1.16,8775.0,7012.0,5269.0,8768.5,7007.5,5265.5,7000.0,5000.0,4000.0,-8.625,0.5,-9.375,700.0,900.0,0.0,0.8110000000000006,0.2610000000000002,0.0,3506.0,0
1.161,8781.0,7017.0,5273.0,8775.5,7012.5,5269.5,6000.0,5000.0,4000.0,-9.375,0.5,-9.625,700.0,900.0,0.0,0.8120000000000006,0.2620000000000002,0.0,3508.0,0
1.162,8788.0,7022.0,5276.0,8781.5,7017.5,5273.5,7000.0,5000.0,3000.0,-9.125,0.5,-9.875,700.0,900.0,0.0,0.8130000000000006,0.2630000000000002,0.0,3512.0,0
1.163,8794.0,7028.0,5280.0,8788.5,7022.5,5276.5,6000.0,6000.0,4000.0,-9.875,0.5,-9.125,700.0,900.0,0.0,0.8140000000000006,0.2640000000000002,0.0,3514.0,0
1.164,8801.0,7033.0,5284.0,8794.5,7028.5,5280.5,7000.0,5000.0,4000.0,-8.375,0.5,-8.625,700.0,900.0,0.0,0.8150000000000006,0.2650000000000002,0.0,3517.0,0
1.165,8807.0,7038.0,5288.0,8801.5,7033.5,5284.5,6000.0,5000.0,4000.0,-9.125,0.5,-8.875,700.0,900.0,0.0,0.8160000000000006,0.2660000000000002,0.0,3519.0,0
1.166,8814.0,7043.0,5292.0,8807.5,7038.5,5288.5,7000.0,5000.0,4000.0,-8.875,0.5,-9.125,700.0,900.0,0.0,0.8170000000000006,0.2670000000000002,0.0,3522.0,0
1.167,8821.0,7049.0,5296.0,8814.5,7043.5,5292.5,7000.0,6000.0,4000.0,-9.625,0.5,-9.375,700.0,900.0,0.0,0.8180000000000006,0.2680000000000002,0.0,3525.0,0
1.168,8827.0,7054.0,5300.0,8821.5,7049.5,5296.5,6000.0,5000.0,4000.0,-9.125,0.5,-8.875,700.0,900.0,0.0,0.8190000000000006,0.2690000000000002,0.0,3527.0,0
1.169,8834.0,7059.0,5304.0,8827.5,7054.5,5300.5,7000.0,5000.0,4000.0,-8.875,0.5,-9.125,700.0,900.0,0.0,0.8200000000000006,0.2700000000000002,0.0,3530.0,0
1.17,8840.0,7064.0,5308.0,8834.5,7059.5,5304.5,6000.0,5000.0,4000.0,-9.625,0.5,-9.375,700.0,900.0,0.0,0.8210000000000006,0.2710000000000002,0.0,3532.0,0
1.171,8847.0,7070.0,5312.0,8840.5,7064.5,5308.5,7000.0,6000.0,4000.0,-9.375,0.5,-9.625,700.0,900.0,0.0,0.8220000000000006,0.2720000000000002,0.0,3535.0,0
1.172,8853.0,7075.0,5316.0,8847.5,7070.5,5312.5,6000.0,5000.0,4000.0,-8.875,0.5,-9.125,700.0,900.0,0.0,0.8230000000000006,0.2730000000000002,0.0,3537.0,0
1.173,8860.0,7080.0,5320.0,8853.5,7075.5,5316.5,7000.0,5000.0,4000.0,-8.625,0.5,-9.375,700.0,900.0,0.0,0.8240000000000006,0.2740000000000002,0.0,3540.0,0
1.174,8866.0,7085.0,5324.0,8860.5,7080.5,5320.5,6000.0,5000.0,4000.0,-9.375,0.5,-9.625,700.0,900.0,0.0,0.8250000000000006,0.2750000000000002,0.0,3542.0,0
1.175,8873.0,7091.0,5328.0,8866.5,7085.5,5324.5,7000.0,6000.0,4000.0,-9.125,0.5,-9.875,700.0,900.0,0.0,0.8260000000000006,0.2760000000000002,0.0,3545.0,0
1.176,8880.0,7096.0,5332.0,8873.5,7091.5,5328.5,7000.0,5000.0,4000.0,-8.625,0.5,-9.375,700.0,900.0,0.0,0.8270000000000006,0.2770000000000002,0.0,3548.0,0
1.177,8886.0,7101.0,5335.0,8880.5,7096.5,5332.5,6000.0,5000.0,3000.0,-9.375,0.5,-9.625,700.0,900.0,0.0,0.8280000000000006,0.2780000000000002,0.0,3551.0,0
1.178,8893.0,7106.0,5339.0,8886.5,7101.5,5335.5,7000.0,5000.0,4000.0,-9.125,0.5,-8.875,700.0,900.0,0.0,0.8290000000000006,0.2790000000000002,0.0,3554.0,0
1.179,8899.0,7112.0,5343.0,8893.5,7106.5,5339.5,6000.0,6000.0,4000.0,-9.875,0.5,-9.125,700.0,900.0,0.0,0.8300000000000006,0.2800000000000002,0.0,3556.0,0
1.18,8906.0,7117.0,5347.0,8899.5,7112.5,5343.5,7000.0,5000.0,4000.0,-8.375,0.5,-8.625,700.0,900.0,0.0,0.8310000000000006,0.2810000000000002,0.0,3559.0,0
1.181,8912.0,7122.0,5351.0,8906.5,7117.5,5347.5,6000.0,5000.0,4000.0,-9.125,0.5,-8.875,700.0,900.0,0.0,0.8320000000000006,0.2820000000000002,0.0,3561.0,0
1.182,8919.0,7127.0,5355.0,8912.5,7122.5,5351.5,7000.0,5000.0,4000.0,-8.875,0.5,-9.125,700.0,900.0,0.0,0.8330000000000006,0.2830000000000002,0.0,3564.0,0
1.183,8925.0,7133.0,5359.0,8919.5,7127.5,5355.5,6000.0,6000.0,4000.0,-9.625,0.5,-9.375,700.0,900.0,0.0,0.8340000000000006,0.2840000000000002,0.0,3566.0,0
1.184,8932.0,7138.0,5363.0,8925.5,7133.5,5359.5,7000.0,5000.0,4000.0,-8.125,0.5,-8.875,700.0,900.0,0.0,0.8350000000000006,0.2850000000000002,0.0,3569.0,0
1.185,8938.0,7143.0,5367.0,8932.5,7138.5,5363.5,6000.0,5000.0,4000.0,-8.875,0.5,-9.125,700.0,900.0,0.0,0.8360000000000006,0.2860000000000002,0.0,3571.0,0
1.186,8945.0,7148.0,5371.0,8938.5,7143.5,5367.5,7000.0,5000.0,4000.0,-8.625,0.5,-9.375,700.0,900.0,0.0,0.8370000000000006,0.2870000000000002,0.0,3574.0,0
1.187,8952.0,7154.0,5375.0,8945.5,7148.5,5371.5,7000.0,6000.0,4000.0,-9.375,0.5,-9.625,700.0,900.0,0.0,0.8380000000000006,0.2880000000000002,0.0,3577.0,0
1.188,8958.0,7159.0,5379.0,8952.5,7154.5,5375.5,6000.0,5000.0,4000.0,-8.875,0.5,-9.125,700.0,900.0,0.0,0.8390000000000006,0.2890000000000002,0.0,3579.0,0
1.189,8965.0,7164.0,5383.0,8958.5,7159.5,5379.5,7000.0,5000.0,4000.0,-8.625,0.5,-9.375,700.0,900.0,0.0,0.8400000000000006,0.2900000000000002,0.0,3582.0,0
1.19,8971.0,7169.0,5387.0,8965.5,7164.5,5383.5,6000.0,5000.0,4000.0,-9.375,0.5,-9.625,700.0,900.0,0.0,0.8410000000000006,0.2910000000000002,0.0,3584.0,0
1.191,8978.0,7175.0,5391.0,8971.5,7169.5,5387.5,7000.0,6000.0,4000.0,-9.125,0.5,-9.875,700.0,900.0,0.0,0.8420000000000006,0.2920000000000002,0.0,3587.0,0
1.192,8984.0,7180.0,5395.0,8978.5,7175.5,5391.5,6000.0,5000.0,4000.0,-8.625,0.5,-9.375,700.0,900.0,0.0,0.8430000000000006,0.2930000000000002,0.0,3589.0,0
1.193,8991.0,7185.0,5398.0,8984.5,7180.5,5395.5,7000.0,5000.0,3000.0,-8.375,0.5,-9.625,700.0,900.0,0.0,0.8440000000000006,0.2940000000000002,0.0,3593.0,0
1.194,8997.0,7190.0,5402.0,8991.5,7185.5,5398.5,6000.0,5000.0,4000.0,-9.125,0.5,-8.875,700.0,900.0,0.0,0.8450000000000006,0.2950000000000002,0.0,3595.0,0
1.195,9004.0,7196.0,5406.0,8997.5,7190.5,5402.5,7000.0,6000.0,4000.0,-8.875,0.5,-9.125,700.0,900.0,0.0,0.8460000000000006,0.2960000000000002,0.0,3598.0,0
1.196,9011.0,7201.0,5410.0,9004.5,7196.5,5406.5,7000.0,5000.0,4000.0,-8.375,0.5,-8.625,700.0,900.0,0.0,0.8470000000000006,0.2970000000000002,0.0,3601.0,0
1.197,9017.0,7206.0,5414.0,9011.5,7201.5,5410.5,6000.0,5000.0,4000.0,-9.125,0.5,-8.875,700.0,900.0,0.0,0.8480000000000006,0.2980000000000002,0.0,3603.0,0
1.198,9024.0,7211.0,5418.0,9017.5,7206.5,5414.5,7000.0,5000.0,4000.0,-8.875,0.5,-9.125,700.0,900.0,0.0,0.8490000000000006,0.2990000000000002,0.0,3606.0,0
1.199,9030.0,7217.0,5422.0,9024.5,7211.5,5418.5,6000.0,6000.0,4000.0,-9.625,0.5,-9.375,700.0,900.0,0.0,0.8500000000000006,0.3000000000000002,0.0,3608.0,0
1.2,9037.0,7222.0,5426.0,9030.5,7217.5,5422.5,7000.0,5000.0,4000.0,-8.125,0.5,-8.875,700.0,900.0,0.0,0.8510000000000006,0.3010000000000002,0.0,3611.0,0
1.201,9043.0,7227.0,5430.0,9037.5,7222.5,5426.5,6000.0,5000.0,4000.0,-8.875,0.5,-9.125,700.0,900.0,0.0,0.8520000000000006,0.3020000000000002,0.0,3613.0,0
1.202,9050.0,7232.0,5434.0,9043.5,7227.5,5430.5,7000.0,5000.0,4000.0,-8.625,0.5,-9.375,700.0,900.0,0.0,0.8530000000000006,0.3030000000000002,0.0,3616.0,0
1.203,9056.0,7238.0,5438.0,9050.5,7232.5,5434.5,6000.0,6000.0,4000.0,-9.375,0.5,-9.625,700.0,900.0,0.0,0.8540000000000006,0.3040000000000002,0.0,3618.0,0
1.204,9063.0,7243.0,5442.0,9056.5,7238.5,5438.5,7000.0,5000.0,4000.0,-7.875,0.5,-9.125,700.0,900.0,0.0,0.8550000000000006,0.3050000000000002,0.0,3621.0,0
1.205,9070.0,7248.0,5446.0,9063.5,7243.5,5442.5,7000.0,5000.0,4000.0,-8.625,0.5,-9.375,700.0,900.0,0.0,0.8560000000000006,0.3060000000000002,0.0,3624.0,0
1.206,9076.0,7253.0,5450.0,9070.5,7248.5,5446.5,6000.0,5000.0,4000.0,-9.375,0.5,-9.625,700.0,900.0,0.0,0.8570000000000007,0.3070000000000002,0.0,3626.0,0
1.207,9083.0,7259.0,5454.0,9076.5,7253.5,5450.5,7000.0,6000.0,4000.0,-9.125,0.5,-9.875,700.0,900.0,0.0,0.8580000000000007,0.3080000000000002,0.0,3629.0,0
1.208,9089.0,7264.0,5458.0,9083.5,7259.5,5454.5,6000.0,5000.0,4000.0,-8.625,0.5,-9.375,700.0,900.0,0.0,0.8590000000000007,0.3090000000000002,0.0,3631.0,0
1.209,9096.0,7269.0,5461.0,9089.5,7264.5,5458.5,7000.0,5000.0,3000.0,-8.375,0.5,-9.625,700.0,900.0,0.0,0.8600000000000007,0.3100000000000002,0.0,3635.0,0
1.21,9102.0,7274.0,5465.0,9096.5,7269.5,5461.5,6000.0,5000.0,4000.0,-9.125,0.5,-8.875,700.0,900.0,0.0,0.8610000000000007,0.3110000000000002,0.0,3637.0,0
1.211,9109.0,7280.0,5469.0,9102.5,7274.5,5465.5,7000.0,6000.0,4000.0,-8.875,0.5,-9.125,700.0,900.0,0.0,0.8620000000000007,0.3120000000000002,0.0,3640.0,0
1.212,9115.0,7285.0,5473.0,9109.5,7280.5,5469.5,6000.0,5000.0,4000.0,-8.375,0.5,-8.625,700.0,900.0,0.0,0.8630000000000007,0.3130000000000002,0.0,3642.0,0
1.213,9122.0,7290.0,5477.0,9115.5,7285.5,5473.5,7000.0,5000.0,4000.0,-8.125,0.5,-8.875,700.0,900.0,0.0,0.8640000000000007,0.3140000000000002,0.0,3645.0,0
1.214,9129.0,7295.0,5481.0,9122.5,7290.5,5477.5,7000.0,5000.0,4000.0,-8.875,0.5,-9.125,700.0,900.0,0.0,0.8650000000000007,0.3150000000000002,0.0,3648.0,0
1.215,9135.0,7301.0,5485.0,9129.5,7295.5,5481.5,6000.0,6000.0,4000.0,-9.625,0.5,-9.375,700.0,900.0,0.0,0.8660000000000007,0.3160000000000002,0.0,3650.0,0
1.216,9142.0,7306.0,5489.0,9135.5,7301.5,5485.5,7000.0,5000.0,4000.0,-8.125,0.5,-8.875,700.0,900.0,0.0,0.8670000000000007,0.3170000000000002,0.0,3653.0,0
1.217,9148.0,7311.0,5493.0,9142.5,7306.5,5489.5,6000.0,5000.0,4000.0,-8.875,0.5,-9.125,700.0,900.0,0.0,0.8680000000000007,0.3180000000000002,0.0,3655.0,0
1.218,9155.0,7316.0,5497.0,9148.5,7311.5,5493.5,7000.0,5000.0,4000.0,-8.625,0.5,-9.375,700.0,900.0,0.0,0.8690000000000007,0.31900000000000023,0.0,3658.0,0
1.219,9161.0,7322.0,5501.0,9155.5,7316.5,5497.5,6000.0,6000.0,4000.0,-9.375,0.5,-9.625,700.0,900.0,0.0,0.8700000000000007,0.32000000000000023,0.0,3660.0,0
1.22,9168.0,7327.0,5505.0,9161.5,7322.5,5501.5,7000.0,5000.0,4000.0,-7.875,0.5,-9.125,700.0,900.0,0.0,0.8710000000000007,0.32100000000000023,0.0,3663.0,0
1.221,9174.0,7332.0,5509.0,9168.5,7327.5,5505.5,6000.0,5000.0,4000.0,-8.625,0.5,-9.375,700.0,900.0,0.0,0.8720000000000007,0.32200000000000023,0.0,3665.0,0
1.222,9181.0,7337.0,5513.0,9174.5,7332.5,5509.5,7000.0,5000.0,4000.0,-8.375,0.5,-9.625,700.0,900.0,0.0,0.8730000000000007,0.32300000000000023,0.0,3668.0,0
1.223,9188.0,7343.0,5517.0,9181.5,7337.5,5513.5,7000.0,6000.0,4000.0,-9.125,0.5,-9.875,700.0,900.0,0.0,0.8740000000000007,0.32400000000000023,0.0,3671.0,0
1.224,9194.0,7348.0,5520.0,9188.5,7343.5,5517.5,6000.0,5000.0,3000.0,-8.625,0.5,-9.375,700.0,900.0,0.0,0.8750000000000007,0.32500000000000023,0.0,3674.0,0
1.225,9201.0,7353.0,5524.0,9194.5,7348.5,5520.5,7000.0,5000.0,4000.0,-8.375,0.5,-8.625,700.0,900.0,0.0,0.8760000000000007,0.32600000000000023,0.0,3677.0,0
1.226,9207.0,7358.0,5528.0,9201.5,7353.5,5524.5,6000.0,5000.0,4000.0,-9.125,0.5,-8.875,700.0,900.0,0.0,0.8770000000000007,0.32700000000000023,0.0,3679.0,0
1.227,9214.0,7364.0,5532.0,9207.5,7358.5,5528.5,7000.0,6000.0,4000.0,-8.875,0.5,-9.125,700.0,900.0,0.0,0.8780000000000007,0.32800000000000024,0.0,3682.0,0
1.228,9220.0,7369.0,5536.0,9214.5,7364.5,5532.5,6000.0,5000.0,4000.0,-8.375,0.5,-8.625,700.0,900.0,0.0,0.8790000000000007,0.32900000000000024,0.0,3684.0,0
1.229,9227.0,7374.0,5540.0,9220.5,7369.5,5536.5,7000.0,5000.0,4000.0,-8.125,0.5,-8.875,700.0,900.0,0.0,0.8800000000000007,0.33000000000000024,0.0,3687.0,0
1.23,9233.0,7379.0,5544.0,9227.5,7374.5,5540.5,6000.0,5000.0,4000.0,-8.875,0.5,-9.125,700.0,900.0,0.0,0.8810000000000007,0.33100000000000024,0.0,3689.0,0
1.231,9240.0,7385.0,5548.0,9233.5,7379.5,5544.5,7000.0,6000.0,4000.0,-8.625,0.5,-9.375,700.0,900.0,0.0,0.8820000000000007,0.33200000000000024,0.0,3692.0,0
1.232,9247.0,7390.0,5552.0,9240.5,7385.5,5548.5,7000.0,5000.0,4000.0,-8.125,0.5,-8.875,700.0,900.0,0.0,0.8830000000000007,0.33300000000000024,0.0,3695.0,0
1.233,9253.0,7395.0,5556.0,9247.5,7390.5,5552.5,6000.0,5000.0,4000.0,-8.875,0.5,-9.125,700.0,900.0,0.0,0.8840000000000007,0.33400000000000024,0.0,3697.0,0
1.234,9260.0,7400.0,5560.0,9253.5,7395.5,5556.5,7000.0,5000.0,4000.0,-8.625,0.5,-9.375,700.0,900.0,0.0,0.8850000000000007,0.33500000000000024,0.0,3700.0,0
1.235,9266.0,7406.0,5564.0,9260.5,7400.5,5560.5,6000.0,6000.0,4000.0,-9.375,0.5,-9.625,700.0,900.0,0.0,0.8860000000000007,0.33600000000000024,0.0,3702.0,0
1.236,9273.0,7411.0,5568.0,9266.5,7406.5,5564.5,7000.0,5000.0,4000.0,-7.875,0.5,-9.125,700.0,900.0,0.0,0.8870000000000007,0.33700000000000024,0.0,3705.0,0
1.237,9279.0,7416.0,5572.0,9273.5,7411.5,5568.5,6000.0,5000.0,4000.0,-8.625,0.5,-9.375,700.0,900.0,0.0,0.8880000000000007,0.33800000000000024,0.0,3707.0,0
1.238,9286.0,7421.0,5576.0,9279.5,7416.5,5572.5,7000.0,5000.0,4000.0,-8.375,0.5,-9.625,700.0,900.0,0.0,0.8890000000000007,0.33900000000000025,0.0,3710.0,0
1.239,9292.0,7427.0,5580.0,9286.5,7421.5,5576.5,6000.0,6000.0,4000.0,-9.125,0.5,-9.875,700.0,900.0,0.0,0.8900000000000007,0.34000000000000025,0.0,3712.0,0
1.24,9299.0,7432.0,5583.0,9292.5,7427.5,5580.5,7000.0,5000.0,3000.0,-7.625,0.5,-9.375,700.0,900.0,0.0,0.8910000000000007,0.34100000000000025,0.0,3716.0,0
1.241,9306.0,7437.0,5587.0,9299.5,7432.5,5583.5,7000.0,5000.0,4000.0,-8.375,0.5,-8.625,700.0,900.0,0.0,0.8920000000000007,0.34200000000000025,0.0,3719.0,0
1.242,9312.0,7442.0,5591.0,9306.5,7437.5,5587.5,6000.0,5000.0,4000.0,-9.125,0.5,-8.875,700.0,900.0,0.0,0.8930000000000007,0.34300000000000025,0.0,3721.0,0
1.243,9319.0,7448.0,5595.0,9312.5,7442.5,5591.5,7000.0,6000.0,4000.0,-8.875,0.5,-9.125,700.0,900.0,0.0,0.8940000000000007,0.34400000000000025,0.0,3724.0,0
1.244,9325.0,7453.0,5599.0,9319.5,7448.5,5595.5,6000.0,5000.0,4000.0,-8.375,0.5,-8.625,700.0,900.0,0.0,0.8950000000000007,0.34500000000000025,0.0,3726.0,0
1.245,9332.0,7458.0,5603.0,9325.5,7453.5,5599.5,7000.0,5000.0,4000.0,-8.125,0.5,-8.875,700.0,900.0,0.0,0.8960000000000007,0.34600000000000025,0.0,3729.0,0
1.246,9338.0,7463.0,5607.0,9332.5,7458.5,5603.5,6000.0,5000.0,4000.0,-8.875,0.5,-9.125,700.0,900.0,0.0,0.8970000000000007,0.34700000000000025,0.0,3731.0,0
1.247,9345.0,7469.0,5611.0,9338.5,7463.5,5607.5,7000.0,6000.0,4000.0,-8.625,0.5,-9.375,700.0,900.0,0.0,0.8980000000000007,0.34800000000000025,0.0,3734.0,0
1.248,9351.0,7474.0,5615.0,9345.5,7469.5,5611.5,6000.0,5000.0,4000.0,-8.125,0.5,-8.875,700.0,900.0,0.0,0.8990000000000007,0.34900000000000025,0.0,3736.0,0
1.249,9358.0,7479.0,5619.0,9351.5,7474.5,5615.5,7000.0,5000.0,4000.0,-7.875,0.5,-9.125,700.0,900.0,0.0,0.9000000000000007,0.35000000000000026,0.0,3739.0,0
1.25,9365.0,7484.0,5623.0,9358.5,7479.5,5619.5,7000.0,5000.0,4000.0,-8.625,0.5,-9.375,700.0,900.0,0.0,0.9010000000000007,0.35100000000000026,0.0,3742.0,0
1.2510000000000001,9371.0,7490.0,5627.0,9365.5,7484.5,5623.5,6000.0,6000.0,4000.0,-9.375,0.5,-9.625,700.0,900.0,0.0,0.9020000000000007,0.35200000000000026,0.0,3744.0,0
1.252,9378.0,7495.0,5631.0,9371.5,7490.5,5627.5,7000.0,5000.0,4000.0,-7.875,0.5,-9.125,700.0,900.0,0.0,0.9030000000000007,0.35300000000000026,0.0,3747.0,0
1.2530000000000001,9384.0,7500.0,5635.0,9378.5,7495.5,5631.5,6000.0,5000.0,4000.0,-8.625,0.5,-9.375,700.0,900.0,0.0,0.9040000000000007,0.35400000000000026,0.0,3749.0,0
1.254,9391.0,7505.0,5639.0,9384.5,7500.5,5635.5,7000.0,5000.0,4000.0,-8.375,0.5,-9.625,700.0,900.0,0.0,0.9050000000000007,0.35500000000000026,0.0,3752.0,0
1.2550000000000001,9397.0,7511.0,5643.0,9391.5,7505.5,5639.5,6000.0,6000.0,4000.0,-9.125,0.5,-9.875,700.0,900.0,0.0,0.9060000000000007,0.35600000000000026,0.0,3754.0,0
1.256,9404.0,7516.0,5646.0,9397.5,7511.5,5643.5,7000.0,5000.0,3000.0,-7.625,0.5,-9.375,700.0,900.0,0.0,0.9070000000000007,0.35700000000000026,0.0,3758.0,0
1.2570000000000001,9410.0,7521.0,5650.0,9404.5,7516.5,5646.5,6000.0,5000.0,4000.0,-8.375,0.5,-8.625,700.0,900.0,0.0,0.9080000000000007,0.35800000000000026,0.0,3760.0,0
1.258,9417.0,7526.0,5654.0,9410.5,7521.5,5650.5,7000.0,5000.0,4000.0,-8.125,0.5,-8.875,700.0,900.0,0.0,0.9090000000000007,0.35900000000000026,0.0,3763.0,0
1.2590000000000001,9423.0,7532.0,5658.0,9417.5,7526.5,5654.5,6000.0,6000.0,4000.0,-8.875,0.5,-9.125,700.0,900.0,0.0,0.9100000000000007,0.36000000000000026,0.0,3765.0,0
1.26,9430.0,7537.0,5662.0,9423.5,7532.5,5658.5,7000.0,5000.0,4000.0,-7.375,0.5,-8.625,700.0,900.0,0.0,0.9110000000000007,0.36100000000000027,0.0,3768.0,0
1.2610000000000001,9437.0,7542.0,5666.0,9430.5,7537.5,5662.5,7000.0,5000.0,4000.0,-8.125,0.5,-8.875,700.0,900.0,0.0,0.9120000000000007,0.36200000000000027,0.0,3771.0,0
1.262,9443.0,7547.0,5670.0,9437.5,7542.5,5666.5,6000.0,5000.0,4000.0,-8.875,0.5,-9.125,700.0,900.0,0.0,0.9130000000000007,0.36300000000000027,0.0,3773.0,0
1.2630000000000001,9450.0,7553.0,5674.0,9443.5,7547.5,5670.5,7000.0,6000.0,4000.0,-8.625,0.5,-9.375,700.0,900.0,0.0,0.9140000000000007,0.36400000000000027,0.0,3776.0,0
1.264,9456.0,7558.0,5678.0,9450.5,7553.5,5674.5,6000.0,5000.0,4000.0,-8.125,0.5,-8.875,700.0,900.0,0.0,0.9150000000000007,0.36500000000000027,0.0,3778.0,0
1.2650000000000001,9463.0,7563.0,5682.0,9456.5,7558.5,5678.5,7000.0,5000.0,4000.0,-7.875,0.5,-9.125,700.0,900.0,0.0,0.9160000000000007,0.36600000000000027,0.0,3781.0,0
1.266,9469.0,7568.0,5686.0,9463.5,7563.5,5682.5,6000.0,5000.0,4000.0,-8.625,0.5,-9.375,700.0,900.0,0.0,0.9170000000000007,0.36700000000000027,0.0,3783.0,0
1.2670000000000001,9476.0,7574.0,5690.0,9469.5,7568.5,5686.5,7000.0,6000.0,4000.0,-8.375,0.5,-9.625,700.0,900.0,0.0,0.9180000000000007,0.36800000000000027,0.0,3786.0,0
1.268,9482.0,7579.0,5694.0,9476.5,7574.5,5690.5,6000.0,5000.0,4000.0,-7.875,0.5,-9.125,700.0,900.0,0.0,0.9190000000000007,0.36900000000000027,0.0,3788.0,0
1.2690000000000001,9489.0,7584.0,5698.0,9482.5,7579.5,5694.5,7000.0,5000.0,4000.0,-7.625,0.5,-9.375,700.0,900.0,0.0,0.9200000000000007,0.3700000000000003,0.0,3791.0,0
1.27,9496.0,7589.0,5702.0,9489.5,7584.5,5698.5,7000.0,5000.0,4000.0,-8.375,0.5,-9.625,700.0,900.0,0.0,0.9210000000000007,0.3710000000000003,0.0,3794.0,0
1.2710000000000001,9502.0,7595.0,5705.0,9496.5,7589.5,5702.5,6000.0,6000.0,3000.0,-9.125,0.5,-9.875,700.0,900.0,0.0,0.9220000000000007,0.3720000000000003,0.0,3797.0,0
1.272,9509.0,7600.0,5709.0,9502.5,7595.5,5705.5,7000.0,5000.0,4000.0,-7.625,0.5,-8.375,700.0,900.0,0.0,0.9230000000000007,0.3730000000000003,0.0,3800.0,0
1.2730000000000001,9515.0,7605.0,5713.0,9509.5,7600.5,5709.5,6000.0,5000.0,4000.0,-8.375,0.5,-8.625,700.0,900.0,0.0,0.9240000000000007,0.3740000000000003,0.0,3802.0,0
1.274,9522.0,7610.0,5717.0,9515.5,7605.5,5713.5,7000.0,5000.0,4000.0,-8.125,0.5,-8.875,700.0,900.0,0.0,0.9250000000000007,0.3750000000000003,0.0,3805.0,0
1.2750000000000001,9528.0,7616.0,5721.0,9522.5,7610.5,5717.5,6000.0,6000.0,4000.0,-8.875,0.5,-9.125,700.0,900.0,0.0,0.9260000000000007,0.3760000000000003,0.0,3807.0,0
1.276,9535.0,7621.0,5725.0,9528.5,7616.5,5721.5,7000.0,5000.0,4000.0,-7.375,0.5,-8.625,700.0,900.0,0.0,0.9270000000000007,0.3770000000000003,0.0,3810.0,0
1.2770000000000001,9541.0,7626.0,5729.0,9535.5,7621.5,5725.5,6000.0,5000.0,4000.0,-8.125,0.5,-8.875,700.0,900.0,0.0,0.9280000000000007,0.3780000000000003,0.0,3812.0,0
1.278,9548.0,7631.0,5733.0,9541.5,7626.5,5729.5,7000.0,5000.0,4000.0,-7.875,0.5,-9.125,700.0,900.0,0.0,0.9290000000000007,0.3790000000000003,0.0,3815.0,0
1.2790000000000001,9555.0,7636.0,5737.0,9548.5,7631.5,5733.5,7000.0,5000.0,4000.0,-8.625,0.5,-9.375,700.0,900.0,0.0,0.9300000000000007,0.3800000000000003,0.0,3818.0,0
1.28,9561.0,7642.0,5741.0,9555.5,7636.5,5737.5,6000.0,6000.0,4000.0,-9.375,0.5,-9.625,700.0,900.0,0.0,0.9310000000000007,0.3810000000000003,0.0,3820.0,0
1.281,9568.0,7647.0,5745.0,9561.5,7642.5,5741.5,7000.0,5000.0,4000.0,-7.875,0.5,-9.125,700.0,900.0,0.0,0.9320000000000007,0.3820000000000003,0.0,3823.0,0
1.282,9574.0,7652.0,5749.0,9568.5,7647.5,5745.5,6000.0,5000.0,4000.0,-8.625,0.5,-9.375,700.0,900.0,0.0,0.9330000000000007,0.3830000000000003,0.0,3825.0,0
1.283,9581.0,7657.0,5753.0,9574.5,7652.5,5749.5,7000.0,5000.0,4000.0,-8.375,0.5,-9.625,700.0,900.0,0.0,0.9340000000000007,0.3840000000000003,0.0,3828.0,0
1.284,9587.0,7663.0,5757.0,9581.5,7657.5,5753.5,6000.0,6000.0,4000.0,-9.125,0.5,-9.875,700.0,900.0,0.0,0.9350000000000007,0.3850000000000003,0.0,3830.0,0
1.285,9594.0,7668.0,5761.0,9587.5,7663.5,5757.5,7000.0,5000.0,4000.0,-7.625,0.5,-9.375,700.0,900.0,0.0,0.9360000000000007,0.3860000000000003,0.0,3833.0,0
1.286,9600.0,7673.0,5765.0,9594.5,7668.5,5761.5,6000.0,5000.0,4000.0,-8.375,0.5,-9.625,700.0,900.0,0.0,0.9370000000000007,0.3870000000000003,0.0,3835.0,0
1.287,9607.0,7678.0,5768.0,9600.5,7673.5,5765.5,7000.0,5000.0,3000.0,-8.125,0.5,-9.875,700.0,900.0,0.0,0.9380000000000007,0.3880000000000003,0.0,3839.0,0
1.288,9614.0,7684.0,5772.0,9607.5,7678.5,5768.5,7000.0,6000.0,4000.0,-8.875,0.5,-9.125,700.0,900.0,0.0,0.9390000000000007,0.3890000000000003,0.0,3842.0,0
1.289,9620.0,7689.0,5776.0,9614.5,7684.5,5772.5,6000.0,5000.0,4000.0,-8.375,0.5,-8.625,700.0,900.0,0.0,0.9400000000000007,0.3900000000000003,0.0,3844.0,0
1.29,9627.0,7694.0,5780.0,9620.5,7689.5,5776.5,7000.0,5000.0,4000.0,-8.125,0.5,-8.875,700.0,900.0,0.0,0.9410000000000007,0.3910000000000003,0.0,3847.0,0
1.291,9633.0,7699.0,5784.0,9627.5,7694.5,5780.5,6000.0,5000.0,4000.0,-8.875,0.5,-9.125,700.0,900.0,0.0,0.9420000000000007,0.3920000000000003,0.0,3849.0,0
1.292,9640.0,7705.0,5788.0,9633.5,7699.5,5784.5,7000.0,6000.0,4000.0,-8.625,0.5,-9.375,700.0,900.0,0.0,0.9430000000000007,0.3930000000000003,0.0,3852.0,0
1.293,9646.0,7710.0,5792.0,9640.5,7705.5,5788.5,6000.0,5000.0,4000.0,-8.125,0.5,-8.875,700.0,900.0,0.0,0.9440000000000007,0.3940000000000003,0.0,3854.0,0
1.294,9653.0,7715.0,5796.0,9646.5,7710.5,5792.5,7000.0,5000.0,4000.0,-7.875,0.5,-9.125,700.0,900.0,0.0,0.9450000000000007,0.3950000000000003,0.0,3857.0,0
1.295,9659.0,7720.0,5800.0,9653.5,7715.5,5796.5,6000.0,5000.0,4000.0,-8.625,0.5,-9.375,700.0,900.0,0.0,0.9460000000000007,0.3960000000000003,0.0,3859.0,0
1.296,9666.0,7726.0,5804.0,9659.5,7720.5,5800.5,7000.0,6000.0,4000.0,-8.375,0.5,-9.625,700.0,900.0,0.0,0.9470000000000007,0.3970000000000003,0.0,3862.0,0
1.297,9673.0,7731.0,5808.0,9666.5,7726.5,5804.5,7000.0,5000.0,4000.0,-7.875,0.5,-9.125,700.0,900.0,0.0,0.9480000000000007,0.3980000000000003,0.0,3865.0,0
1.298,9679.0,7736.0,5812.0,9673.5,7731.5,5808.5,6000.0,5000.0,4000.0,-8.625,0.5,-9.375,700.0,900.0,0.0,0.9490000000000007,0.3990000000000003,0.0,3867.0,0
1.299,9686.0,7741.0,5816.0,9679.5,7736.5,5812.5,7000.0,5000.0,4000.0,-8.375,0.5,-9.625,700.0,900.0,0.0,0.9500000000000007,0.4000000000000003,0.0,3870.0,0
1.3,9692.0,7747.0,5820.0,9686.5,7741.5,5816.5,6000.0,6000.0,4000.0,-9.125,0.5,-9.875,700.0,900.0,0.0,0.9510000000000007,0.4010000000000003,0.0,3872.0,0
1.301,9699.0,7752.0,5824.0,9692.5,7747.5,5820.5,7000.0,5000.0,4000.0,-7.625,0.5,-9.375,700.0,900.0,0.0,0.9520000000000007,0.4020000000000003,0.0,3875.0,0
1.302,9705.0,7757.0,5827.0,9699.5,7752.5,5824.5,6000.0,5000.0,3000.0,-8.375,0.5,-9.625,700.0,900.0,0.0,0.9530000000000007,0.4030000000000003,0.0,3878.0,0
1.303,9712.0,7762.0,5831.0,9705.5,7757.5,5827.5,7000.0,5000.0,4000.0,-8.125,0.5,-8.875,700.0,900.0,0.0,0.9540000000000007,0.4040000000000003,0.0,3881.0,0
1.304,9718.0,7768.0,5835.0,9712.5,7762.5,5831.5,6000.0,6000.0,4000.0,-8.875,0.5,-9.125,700.0,900.0,0.0,0.9550000000000007,0.4050000000000003,0.0,3883.0,0
1.305,9725.0,7773.0,5839.0,9718.5,7768.5,5835.5,7000.0,5000.0,4000.0,-7.375,0.5,-8.625,700.0,900.0,0.0,0.9560000000000007,0.4060000000000003,0.0,3886.0,0
1.306,9732.0,7778.0,5843.0,9725.5,7773.5,5839.5,7000.0,5000.0,4000.0,-8.125,0.5,-8.875,700.0,900.0,0.0,0.9570000000000007,0.4070000000000003,0.0,3889.0,0
1.307,9738.0,7783.0,5847.0,9732.5,7778.5,5843.5,6000.0,5000.0,4000.0,-8.875,0.5,-9.125,700.0,900.0,0.0,0.9580000000000007,0.4080000000000003,0.0,3891.0,0
1.308,9745.0,7789.0,5851.0,9738.5,7783.5,5847.5,7000.0,6000.0,4000.0,-8.625,0.5,-9.375,700.0,900.0,0.0,0.9590000000000007,0.4090000000000003,0.0,3894.0,0
1.309,9751.0,7794.0,5855.0,9745.5,7789.5,5851.5,6000.0,5000.0,4000.0,-8.125,0.5,-8.875,700.0,900.0,0.0,0.9600000000000007,0.4100000000000003,0.0,3896.0,0
1.31,9758.0,7799.0,5859.0,9751.5,7794.5,5855.5,7000.0,5000.0,4000.0,-7.875,0.5,-9.125,700.0,900.0,0.0,0.9610000000000007,0.4110000000000003,0.0,3899.0,0
1.311,9764.0,7804.0,5863.0,9758.5,7799.5,5859.5,6000.0,5000.0,4000.0,-8.625,0.5,-9.375,700.0,900.0,0.0,0.9620000000000007,0.4120000000000003,0.0,3901.0,0
1.312,9771.0,7810.0,5867.0,9764.5,7804.5,5863.5,7000.0,6000.0,4000.0,-8.375,0.5,-9.625,700.0,900.0,0.0,0.9630000000000007,0.4130000000000003,0.0,3904.0,0
1.313,9777.0,7815.0,5871.0,9771.5,7810.5,5867.5,6000.0,5000.0,4000.0,-7.875,0.5,-9.125,700.0,900.0,0.0,0.9640000000000007,0.4140000000000003,0.0,3906.0,0
1.314,9784.0,7820.0,5875.0,9777.5,7815.5,5871.5,7000.0,5000.0,4000.0,-7.625,0.5,-9.375,700.0,900.0,0.0,0.9650000000000007,0.4150000000000003,0.0,3909.0,0
1.315,9791.0,7825.0,5879.0,9784.5,7820.5,5875.5,7000.0,5000.0,4000.0,-8.375,0.5,-9.625,700.0,900.0,0.0,0.9660000000000007,0.4160000000000003,0.0,3912.0,0
1.316,9797.0,7831.0,5883.0,9791.5,7825.5,5879.5,6000.0,6000.0,4000.0,-9.125,0.5,-9.875,700.0,900.0,0.0,0.9670000000000007,0.4170000000000003,0.0,3914.0,0
1.317,9804.0,7836.0,5887.0,9797.5,7831.5,5883.5,7000.0,5000.0,4000.0,-7.625,0.5,-9.375,700.0,900.0,0.0,0.9680000000000007,0.4180000000000003,0.0,3917.0,0
1.318,9810.0,7841.0,5890.0,9804.5,7836.5,5887.5,6000.0,5000.0,3000.0,-8.375,0.5,-9.625,700.0,900.0,0.0,0.9690000000000007,0.4190000000000003,0.0,3920.0,0
1.319,9817.0,7846.0,5894.0,9810.5,7841.5,5890.5,7000.0,5000.0,4000.0,-8.125,0.5,-8.875,700.0,900.0,0.0,0.9700000000000008,0.4200000000000003,0.0,3923.0,0
1.32,9823.0,7852.0,5898.0,9817.5,7846.5,5894.5,6000.0,6000.0,4000.0,-8.875,0.5,-9.125,700.0,900.0,0.0,0.9710000000000008,0.4210000000000003,0.0,3925.0,0
1.321,9830.0,7857.0,5902.0,9823.5,7852.5,5898.5,7000.0,5000.0,4000.0,-7.375,0.5,-8.625,700.0,900.0,0.0,0.9720000000000008,0.4220000000000003,0.0,3928.0,0
1.322,9836.0,7862.0,5906.0,9830.5,7857.5,5902.5,6000.0,5000.0,4000.0,-8.125,0.5,-8.875,700.0,900.0,0.0,0.9730000000000008,0.4230000000000003,0.0,3930.0,0
1.323,9843.0,7867.0,5910.0,9836.5,7862.5,5906.5,7000.0,5000.0,4000.0,-7.875,0.5,-9.125,700.0,900.0,0.0,0.9740000000000008,0.4240000000000003,0.0,3933.0,0
1.324,9849.0,7873.0,5914.0,9843.5,7867.5,5910.5,6000.0,6000.0,4000.0,-8.625,0.5,-9.375,700.0,900.0,0.0,0.9750000000000008,0.4250000000000003,0.0,3935.0,0
1.325,9856.0,7878.0,5918.0,9849.5,7873.5,5914.5,7000.0,5000.0,4000.0,-7.125,0.5,-8.875,700.0,900.0,0.0,0.9760000000000008,0.4260000000000003,0.0,3938.0,0
1.326,9863.0,7883.0,5922.0,9856.5,7878.5,5918.5,7000.0,5000.0,4000.0,-7.875,0.5,-9.125,700.0,900.0,0.0,0.9770000000000008,0.4270000000000003,0.0,3941.0,0
1.327,9869.0,7888.0,5926.0,9863.5,7883.5,5922.5,6000.0,5000.0,4000.0,-8.625,0.5,-9.375,700.0,900.0,0.0,0.9780000000000008,0.4280000000000003,0.0,3943.0,0
1.328,9876.0,7894.0,5930.0,9869.5,7888.5,5926.5,7000.0,6000.0,4000.0,-8.375,0.5,-9.625,700.0,900.0,0.0,0.9790000000000008,0.4290000000000003,0.0,3946.0,0
1.329,9882.0,7899.0,5934.0,9876.5,7894.5,5930.5,6000.0,5000.0,4000.0,-7.875,0.5,-9.125,700.0,900.0,0.0,0.9800000000000008,0.4300000000000003,0.0,3948.0,0
1.33,9889.0,7904.0,5938.0,9882.5,7899.5,5934.5,7000.0,5000.0,4000.0,-7.625,0.5,-9.375,700.0,900.0,0.0,0.9810000000000008,0.4310000000000003,0.0,3951.0,0
1.331,9895.0,7909.0,5942.0,9889.5,7904.5,5938.5,6000.0,5000.0,4000.0,-8.375,0.5,-9.625,700.0,900.0,0.0,0.9820000000000008,0.43200000000000033,0.0,3953.0,0
1.332,9902.0,7915.0,5946.0,9895.5,7909.5,5942.5,7000.0,6000.0,4000.0,-8.125,0.5,-9.875,700.0,900.0,0.0,0.9830000000000008,0.43300000000000033,0.0,3956.0,0
1.333,9908.0,7920.0,5950.0,9902.5,7915.5,5946.5,6000.0,5000.0,4000.0,-7.625,0.5,-9.375,700.0,900.0,0.0,0.9840000000000008,0.43400000000000033,0.0,3958.0,0
1.334,9915.0,7925.0,5953.0,9908.5,7920.5,5950.5,7000.0,5000.0,3000.0,-7.375,0.5,-9.625,700.0,900.0,0.0,0.9850000000000008,0.43500000000000033,0.0,3962.0,0
1.335,9922.0,7930.0,5957.0,9915.5,7925.5,5953.5,7000.0,5000.0,4000.0,-8.125,0.5,-8.875,700.0,900.0,0.0,0.9860000000000008,0.43600000000000033,0.0,3965.0,0
1.336,9928.0,7936.0,5961.0,9922.5,7930.5,5957.5,6000.0,6000.0,4000.0,-8.875,0.5,-9.125,700.0,900.0,0.0,0.9870000000000008,0.43700000000000033,0.0,3967.0,0
1.337,9935.0,7941.0,5965.0,9928.5,7936.5,5961.5,7000.0,5000.0,4000.0,-7.375,0.5,-8.625,700.0,900.0,0.0,0.9880000000000008,0.43800000000000033,0.0,3970.0,0
1.338,9941.0,7946.0,5969.0,9935.5,7941.5,5965.5,6000.0,5000.0,4000.0,-8.125,0.5,-8.875,700.0,900.0,0.0,0.9890000000000008,0.43900000000000033,0.0,3972.0,0
1.339,9948.0,7951.0,5973.0,9941.5,7946.5,5969.5,7000.0,5000.0,4000.0,-7.875,0.5,-9.125,700.0,900.0,0.0,0.9900000000000008,0.44000000000000034,0.0,3975.0,0
1.34,9954.0,7957.0,5977.0,9948.5,7951.5,5973.5,6000.0,6000.0,4000.0,-8.625,0.5,-9.375,700.0,900.0,0.0,0.9910000000000008,0.44100000000000034,0.0,3977.0,0
1.341,9961.0,7962.0,5981.0,9954.5,7957.5,5977.5,7000.0,5000.0,4000.0,-7.125,0.5,-8.875,700.0,900.0,0.0,0.9920000000000008,0.44200000000000034,0.0,3980.0,0
1.342,9967.0,7967.0,5985.0,9961.5,7962.5,5981.5,6000.0,5000.0,4000.0,-7.875,0.5,-9.125,700.0,900.0,0.0,0.9930000000000008,0.44300000000000034,0.0,3982.0,0
1.343,9974.0,7972.0,5989.0,9967.5,7967.5,5985.5,7000.0,5000.0,4000.0,-7.625,0.5,-9.375,700.0,900.0,0.0,0.9940000000000008,0.44400000000000034,0.0,3985.0,0
1.344,9981.0,7978.0,5993.0,9974.5,7972.5,5989.5,7000.0,6000.0,4000.0,-8.375,0.5,-9.625,700.0,900.0,0.0,0.9950000000000008,0.44500000000000034,0.0,3988.0,0
1.345,9987.0,7983.0,5997.0,9981.5,7978.5,5993.5,6000.0,5000.0,4000.0,-7.875,0.5,-9.125,700.0,900.0,0.0,0.9960000000000008,0.44600000000000034,0.0,3990.0,0
1.346,9994.0,7988.0,6001.0,9987.5,7983.5,5997.5,7000.0,5000.0,4000.0,-7.625,0.5,-9.375,700.0,900.0,0.0,0.9970000000000008,0.44700000000000034,0.0,3993.0,0
1.347,10000.0,7993.0,6005.0,9994.5,7988.5,6001.5,6000.0,5000.0,4000.0,-8.375,0.5,-9.625,700.0,900.0,0.0,0.9980000000000008,0.44800000000000034,0.0,3995.0,0
1.348,10007.0,7999.0,6009.0,10000.5,7993.5,6005.5,7000.0,6000.0,4000.0,-8.125,0.5,-9.875,700.0,900.0,0.0,0.9990000000000008,0.44900000000000034,0.0,3998.0,0
1.349,10013.0,8004.0,6012.0,10007.5,7999.5,6009.5,6000.0,5000.0,3000.0,-7.625,0.5,-9.375,700.0,900.0,0.0,1.0000000000000007,0.45000000000000034,0.0,4001.0,0
1.35,10020.0,8009.0,6016.0,10013.5,8004.5,6012.5,7000.0,5000.0,4000.0,-7.375,0.5,-8.625,700.0,900.0,0.0,1.0010000000000006,0.45100000000000035,0.0,4004.0,0
1.351,10026.0,8014.0,6020.0,10020.5,8009.5,6016.5,6000.0,5000.0,4000.0,-8.125,0.5,-8.875,700.0,900.0,0.0,1.0020000000000004,0.45200000000000035,0.0,4006.0,0
1.352,10033.0,8020.0,6024.0,10026.5,8014.5,6020.5,7000.0,6000.0,4000.0,-7.875,0.5,-9.125,700.0,900.0,0.0,1.0030000000000003,0.45300000000000035,0.0,4009.0,0
1.353,10040.0,8025.0,6028.0,10033.5,8020.5,6024.5,7000.0,5000.0,4000.0,-7.375,0.5,-8.625,700.0,900.0,0.0,1.0040000000000002,0.45400000000000035,0.0,4012.0,0
1.354,10046.0,8030.0,6032.0,10040.5,8025.5,6028.5,6000.0,5000.0,4000.0,-8.125,0.5,-8.875,700.0,900.0,0.0,1.0050000000000001,0.45500000000000035,0.0,4014.0,0
1.355,10053.0,8035.0,6036.0,10046.5,8030.5,6032.5,7000.0,5000.0,4000.0,-7.875,0.5,-9.125,700.0,900.0,0.0,1.006,0.45600000000000035,0.0,4017.0,0
1.356,10059.0,8041.0,6040.0,10053.5,8035.5,6036.5,6000.0,6000.0,4000.0,-8.625,0.5,-9.375,700.0,900.0,0.0,1.007,0.45700000000000035,0.0,4019.0,0
1.357,10066.0,8046.0,6044.0,10059.5,8041.5,6040.5,7000.0,5000.0,4000.0,-7.125,0.5,-8.875,700.0,900.0,0.0,1.0079999999999998,0.45800000000000035,0.0,4022.0,0
1.358,10072.0,8051.0,6048.0,10066.5,8046.5,6044.5,6000.0,5000.0,4000.0,-7.875,0.5,-9.125,700.0,900.0,0.0,1.0089999999999997,0.45900000000000035,0.0,4024.0,0
1.359,10079.0,8056.0,6052.0,10072.5,8051.5,6048.5,7000.0,5000.0,4000.0,-7.625,0.5,-9.375,700.0,900.0,0.0,1.0099999999999996,0.46000000000000035,0.0,4027.0,0
1.36,10085.0,8062.0,6056.0,10079.5,8056.5,6052.5,6000.0,6000.0,4000.0,-8.375,0.5,-9.625,700.0,900.0,0.0,1.0109999999999995,0.46100000000000035,0.0,4029.0,0
1.361,10092.0,8067.0,6060.0,10085.5,8062.5,6056.5,7000.0,5000.0,4000.0,-6.875,0.5,-9.125,700.0,900.0,0.0,1.0119999999999993,0.46200000000000035,0.0,4032.0,0
1.362,10099.0,8072.0,6064.0,10092.5,8067.5,6060.5,7000.0,5000.0,4000.0,-7.625,0.5,-9.375,700.0,900.0,0.0,1.0129999999999992,0.46300000000000036,0.0,4035.0,0
1.363,10105.0,8077.0,6068.0,10099.5,8072.5,6064.5,6000.0,5000.0,4000.0,-8.375,0.5,-9.625,700.0,900.0,0.0,1.0139999999999991,0.46400000000000036,0.0,4037.0,0
1.364,10112.0,8083.0,6072.0,10105.5,8077.5,6068.5,7000.0,6000.0,4000.0,-8.125,0.5,-9.875,700.0,900.0,0.0,1.014999999999999,0.46500000000000036,0.0,4040.0,0
1.365,10118.0,8088.0,6075.0,10112.5,8083.5,6072.5,6000.0,5000.0,3000.0,-7.625,0.5,-9.375,700.0,900.0,0.0,1.015999999999999,0.46600000000000036,0.0,4043.0,0
1.366,10125.0,8093.0,6079.0,10118.5,8088.5,6075.5,7000.0,5000.0,4000.0,-7.375,0.5,-8.625,700.0,900.0,0.0,1.0169999999999988,0.46700000000000036,0.0,4046.0,0
1.367,10131.0,8098.0,6083.0,10125.5,8093.5,6079.5,6000.0,5000.0,4000.0,-8.125,0.5,-8.875,700.0,900.0,0.0,1.0179999999999987,0.46800000000000036,0.0,4048.0,0
1.368,10138.0,8104.0,6087.0,10131.5,8098.5,6083.5,7000.0,6000.0,4000.0,-7.875,0.5,-9.125,700.0,900.0,0.0,1.0189999999999986,0.46900000000000036,0.0,4051.0,0
1.369,10144.0,8109.0,6091.0,10138.5,8104.5,6087.5,6000.0,5000.0,4000.0,-7.375,0.5,-8.625,700.0,900.0,0.0,1.0199999999999985,0.47000000000000036,0.0,4053.0,0
1.37,10151.0,8114.0,6095.0,10144.5,8109.5,6091.5,7000.0,5000.0,4000.0,-7.125,0.5,-8.875,700.0,900.0,0.0,1.0209999999999984,0.47100000000000036,0.0,4056.0,0
1.371,10158.0,8119.0,6099.0,10151.5,8114.5,6095.5,7000.0,5000.0,4000.0,-7.875,0.5,-9.125,700.0,900.0,0.0,1.0219999999999982,0.47200000000000036,0.0,4059.0,0
1.372,10164.0,8125.0,6103.0,10158.5,8119.5,6099.5,6000.0,6000.0,4000.0,-8.625,0.5,-9.375,700.0,900.0,0.0,1.0229999999999981,0.47300000000000036,0.0,4061.0,0
1.373,10171.0,8130.0,6107.0,10164.5,8125.5,6103.5,7000.0,5000.0,4000.0,-7.125,0.5,-8.875,700.0,900.0,0.0,1.023999999999998,0.47400000000000037,0.0,4064.0,0
1.374,10177.0,8135.0,6111.0,10171.5,8130.5,6107.5,6000.0,5000.0,4000.0,-7.875,0.5,-9.125,700.0,900.0,0.0,1.024999999999998,0.47500000000000037,0.0,4066.0,0
1.375,10184.0,8140.0,6115.0,10177.5,8135.5,6111.5,7000.0,5000.0,4000.0,-7.625,0.5,-9.375,700.0,900.0,0.0,1.0259999999999978,0.47600000000000037,0.0,4069.0,0
1.3760000000000001,10190.0,8146.0,6119.0,10184.5,8140.5,6115.5,6000.0,6000.0,4000.0,-8.375,0.5,-9.625,700.0,900.0,0.0,1.0269999999999977,0.47700000000000037,0.0,4071.0,0
1.377,10197.0,8151.0,6123.0,10190.5,8146.5,6119.5,7000.0,5000.0,4000.0,-6.875,0.5,-9.125,700.0,900.0,0.0,1.0279999999999976,0.47800000000000037,0.0,4074.0,0
1.3780000000000001,10203.0,8156.0,6127.0,10197.5,8151.5,6123.5,6000.0,5000.0,4000.0,-7.625,0.5,-9.375,700.0,900.0,0.0,1.0289999999999975,0.47900000000000037,0.0,4076.0,0
1.379,10210.0,8161.0,6131.0,10203.5,8156.5,6127.5,7000.0,5000.0,4000.0,-7.375,0.5,-9.625,700.0,900.0,0.0,1.0299999999999974,0.48000000000000037,0.0,4079.0,0
1.3800000000000001,10217.0,8167.0,6135.0,10210.5,8161.5,6131.5,7000.0,6000.0,4000.0,-8.125,0.5,-9.875,700.0,900.0,0.0,1.0309999999999973,0.48100000000000037,0.0,4082.0,0
1.381,10223.0,8172.0,6138.0,10217.5,8167.5,6135.5,6000.0,5000.0,3000.0,-7.625,0.5,-9.375,700.0,900.0,0.0,1.0319999999999971,0.4820000000000004,0.0,4085.0,0
1.3820000000000001,10230.0,8177.0,6142.0,10223.5,8172.5,6138.5,7000.0,5000.0,4000.0,-7.375,0.5,-8.625,700.0,900.0,0.0,1.032999999999997,0.4830000000000004,0.0,4088.0,0
1.383,10236.0,8182.0,6146.0,10230.5,8177.5,6142.5,6000.0,5000.0,4000.0,-8.125,0.5,-8.875,700.0,900.0,0.0,1.033999999999997,0.4840000000000004,0.0,4090.0,0
1.3840000000000001,10243.0,8188.0,6150.0,10236.5,8182.5,6146.5,7000.0,6000.0,4000.0,-7.875,0.5,-9.125,700.0,900.0,0.0,1.0349999999999968,0.4850000000000004,0.0,4093.0,0
1.385,10249.0,8193.0,6154.0,10243.5,8188.5,6150.5,6000.0,5000.0,4000.0,-7.375,0.5,-8.625,700.0,900.0,0.0,1.0359999999999967,0.4860000000000004,0.0,4095.0,0
1.3860000000000001,10256.0,8198.0,6158.0,10249.5,8193.5,6154.5,7000.0,5000.0,4000.0,-7.125,0.5,-8.875,700.0,900.0,0.0,1.0369999999999966,0.4870000000000004,0.0,4098.0,0
1.387,10262.0,8203.0,6162.0,10256.5,8198.5,6158.5,6000.0,5000.0,4000.0,-7.875,0.5,-9.125,700.0,900.0,0.0,1.0379999999999965,0.4880000000000004,0.0,4100.0,0
1.3880000000000001,10269.0,8209.0,6166.0,10262.5,8203.5,6162.5,7000.0,6000.0,4000.0,-7.625,0.5,-9.375,700.0,900.0,0.0,1.0389999999999964,0.4890000000000004,0.0,4103.0,0
1.389,10275.0,8214.0,6170.0,10269.5,8209.5,6166.5,6000.0,5000.0,4000.0,-7.125,0.5,-8.875,700.0,900.0,0.0,1.0399999999999963,0.4900000000000004,0.0,4105.0,0
1.3900000000000001,10282.0,8219.0,6174.0,10275.5,8214.5,6170.5,7000.0,5000.0,4000.0,-6.875,0.5,-9.125,700.0,900.0,0.0,1.0409999999999962,0.4910000000000004,0.0,4108.0,0
1.391,10289.0,8224.0,6178.0,10282.5,8219.5,6174.5,7000.0,5000.0,4000.0,-7.625,0.5,-9.375,700.0,900.0,0.0,1.041999999999996,0.4920000000000004,0.0,4111.0,0
1.3920000000000001,10295.0,8230.0,6182.0,10289.5,8224.5,6178.5,6000.0,6000.0,4000.0,-8.375,0.5,-9.625,700.0,900.0,0.0,1.042999999999996,0.4930000000000004,0.0,4113.0,0
1.393,10302.0,8235.0,6186.0,10295.5,8230.5,6182.5,7000.0,5000.0,4000.0,-6.875,0.5,-9.125,700.0,900.0,0.0,1.0439999999999958,0.4940000000000004,0.0,4116.0,0
1.3940000000000001,10308.0,8240.0,6190.0,10302.5,8235.5,6186.5,6000.0,5000.0,4000.0,-7.625,0.5,-9.375,700.0,900.0,0.0,1.0449999999999957,0.4950000000000004,0.0,4118.0,0
1.395,10315.0,8245.0,6194.0,10308.5,8240.5,6190.5,7000.0,5000.0,4000.0,-7.375,0.5,-9.625,700.0,900.0,0.0,1.0459999999999956,0.4960000000000004,0.0,4121.0,0
1.3960000000000001,10321.0,8251.0,6197.0,10315.5,8245.5,6194.5,6000.0,6000.0,3000.0,-8.125,0.5,-9.875,700.0,900.0,0.0,1.0469999999999955,0.4970000000000004,0.0,4124.0,0
1.397,10328.0,8256.0,6201.0,10321.5,8251.5,6197.5,7000.0,5000.0,4000.0,-6.625,0.5,-8.375,700.0,900.0,0.0,1.0479999999999954,0.4980000000000004,0.0,4127.0,0
1.3980000000000001,10334.0,8261.0,6205.0,10328.5,8256.5,6201.5,6000.0,5000.0,4000.0,-7.375,0.5,-8.625,700.0,900.0,0.0,1.0489999999999953,0.4990000000000004,0.0,4129.0,0
1.399,10341.0,8266.0,6209.0,10334.5,8261.5,6205.5,7000.0,5000.0,4000.0,-7.125,0.5,-8.875,700.0,900.0,0.0,1.0499999999999952,0.5000000000000003,0.0,4132.0,0
1.4000000000000001,10348.0,8272.0,6212.0,10341.5,8266.5,6209.5,7000.0,6000.0,3000.0,-7.875,0.5,-9.125,700.0,900.0,900.0,1.050999999999995,0.5010000000000003,0.001,4136.0,0
1.401,10354.0,8277.0,6215.0,10348.5,8272.5,6212.5,6000.0,5000.0,3000.0,-7.375,0.5,-7.625,700.0,900.0,900.0,1.051999999999995,0.5020000000000003,0.002,4139.0,0
1.4020000000000001,10361.0,8282.0,6218.0,10354.5,8277.5,6215.5,7000.0,5000.0,3000.0,-7.125,0.5,-6.875,700.0,900.0,900.0,1.0529999999999948,0.5030000000000003,0.003,4143.0,0
1.403,10367.0,8287.0,6221.0,10361.5,8282.5,6218.5,6000.0,5000.0,3000.0,-7.875,0.5,-6.125,700.0,900.0,900.0,1.0539999999999947,0.5040000000000003,0.004,4146.0,0
1.4040000000000001,10374.0,8292.0,6224.0,10367.5,8287.5,6221.5,7000.0,5000.0,3000.0,-7.625,0.5,-5.375,700.0,900.0,900.0,1.0549999999999946,0.5050000000000003,0.005,4150.0,0
1.405,10380.0,8298.0,6228.0,10374.5,8292.5,6224.5,6000.0,6000.0,4000.0,-8.375,0.5,-4.625,700.0,900.0,900.0,1.0559999999999945,0.5060000000000003,0.006,4152.0,0
1.4060000000000001,10387.0,8303.0,6231.0,10380.5,8298.5,6228.5,7000.0,5000.0,3000.0,-6.875,0.5,-4.125,700.0,900.0,900.0,1.0569999999999944,0.5070000000000003,0.007,4156.0,0
1.407,10393.0,8308.0,6234.0,10387.5,8303.5,6231.5,6000.0,5000.0,3000.0,-7.625,0.5,-3.375,700.0,900.0,900.0,1.0579999999999943,0.5080000000000003,0.008,4159.0,0
1.408,10400.0,8313.0,6237.0,10393.5,8308.5,6234.5,7000.0,5000.0,3000.0,-7.375,0.5,-2.625,700.0,900.0,900.0,1.0589999999999942,0.5090000000000003,0.009000000000000001,4163.0,0
1.409,10407.0,8319.0,6240.0,10400.5,8313.5,6237.5,7000.0,6000.0,3000.0,-8.125,0.5,-1.875,700.0,900.0,900.0,1.059999999999994,0.5100000000000003,0.010000000000000002,4167.0,0
1.41,10413.0,8324.0,6243.0,10407.5,8319.5,6240.5,6000.0,5000.0,3000.0,-7.625,0.5,-0.375,700.0,900.0,900.0,1.060999999999994,0.5110000000000003,0.011000000000000003,4170.0,0
1.411,10420.0,8329.0,6246.0,10413.5,8324.5,6243.5,7000.0,5000.0,3000.0,-7.375,0.5,0.375,700.0,900.0,900.0,1.0619999999999938,0.5120000000000003,0.012000000000000004,4174.0,0
1.412,10426.0,8334.0,6249.0,10420.5,8329.5,6246.5,6000.0,5000.0,3000.0,-9.16666666666606,-0.33333333333393966,0.5,700.0,900.0,900.0,1.0629999999999937,0.5130000000000003,0.013000000000000005,4177.0,0
1.413,10433.0,8340.0,6252.0,10426.5,8334.5,6249.5,7000.0,6000.0,3000.0,-10.16666666666606,-1.3333333333339397,0.5,700.0,900.0,900.0,1.0639999999999936,0.5140000000000003,0.014000000000000005,4181.0,0
1.414,10439.0,8345.0,6255.0,10433.5,8340.5,6252.5,6000.0,5000.0,3000.0,-12.16666666666606,-3.3333333333339397,0.5,700.0,900.0,900.0,1.0649999999999935,0.5150000000000003,0.015000000000000006,4184.0,0
1.415,10445.0,8350.0,6258.0,10439.5,8345.5,6255.5,6000.0,5000.0,3000.0,-13.16666666666606,-4.33333333333394,0.5,700.0,900.0,900.0,1.0659999999999934,0.5160000000000003,0.016000000000000007,4187.0,0
1.416,10451.0,8355.0,6261.0,10445.5,8350.5,6258.5,6000.0,5000.0,3000.0,-14.16666666666606,-5.33333333333394,0.5,700.0,900.0,900.0,1.0669999999999933,0.5170000000000003,0.017000000000000008,4190.0,0
1.417,10457.0,8361.0,6264.0,10451.5,8355.5,6261.5,6000.0,6000.0,3000.0,-15.16666666666606,-6.33333333333394,0.5,700.0,900.0,900.0,1.0679999999999932,0.5180000000000003,0.01800000000000001,4193.0,0
1.418,10462.0,8366.0,6267.0,10457.5,8361.5,6264.5,5000.0,5000.0,3000.0,-16.16666666666606,-8.33333333333394,0.5,700.0,900.0,900.0,1.068999999999993,0.5190000000000003,0.01900000000000001,4195.0,0
1.419,10468.0,8371.0,6270.0,10462.5,8366.5,6267.5,6000.0,5000.0,3000.0,-16.16666666666606,-9.33333333333394,0.5,700.0,900.0,900.0,1.069999999999993,0.5200000000000004,0.02000000000000001,4198.0,0
1.42,10474.0,8376.0,6273.0,10468.5,8371.5,6270.5,6000.0,5000.0,3000.0,-17.16666666666606,-10.33333333333394,0.5,700.0,900.0,900.0,1.0709999999999928,0.5210000000000004,0.02100000000000001,4201.0,0
1.421,10480.0,8381.0,6276.0,10474.5,8376.5,6273.5,6000.0,5000.0,3000.0,-18.16666666666606,-11.33333333333394,0.5,700.0,900.0,900.0,1.0719999999999927,0.5220000000000004,0.022000000000000013,4204.0,0
1.422,10486.0,8386.0,6279.0,10480.5,8381.5,6276.5,6000.0,5000.0,3000.0,-19.16666666666606,-12.33333333333394,0.5,700.0,900.0,900.0,1.0729999999999926,0.5230000000000004,0.023000000000000013,4207.0,0
1.423,10491.0,8390.0,6282.0,10486.5,8386.5,6279.5,5000.0,4000.0,3000.0,-20.16666666666606,-13.33333333333394,0.5,700.0,900.0,900.0,1.0739999999999925,0.5240000000000004,0.024000000000000014,4209.0,0
1.424,10497.0,8395.0,6285.0,10491.5,8390.5,6282.5,6000.0,5000.0,3000.0,-20.16666666666606,-13.33333333333394,0.5,700.0,900.0,900.0,1.0749999999999924,0.5250000000000004,0.025000000000000015,4212.0,0
1.425,10502.0,8399.0,6288.0,10497.5,8395.5,6285.5,5000.0,4000.0,3000.0,-21.16666666666606,-14.33333333333394,0.5,700.0,900.0,900.0,1.0759999999999923,0.5260000000000004,0.026000000000000016,4214.0,0
1.426,10508.0,8403.0,6291.0,10502.5,8399.5,6288.5,6000.0,4000.0,3000.0,-21.16666666666606,-14.33333333333394,0.5,700.0,900.0,900.0,1.0769999999999922,0.5270000000000004,0.027000000000000017,4217.0,0
1.427,10514.0,8406.0,6294.0,10508.5,8403.5,6291.5,6000.0,3000.0,3000.0,-22.16666666666606,-14.33333333333394,0.5,700.0,900.0,900.0,1.077999999999992,0.5280000000000004,0.028000000000000018,4220.0,0
1.428,10519.0,8410.0,6297.0,10514.5,8406.5,6294.5,5000.0,4000.0,3000.0,-23.16666666666606,-13.33333333333394,0.5,700.0,900.0,900.0,1.078999999999992,0.5290000000000004,0.02900000000000002,4222.0,0
1.429,10524.0,8414.0,6300.0,10519.5,8410.5,6297.5,5000.0,4000.0,3000.0,-23.16666666666606,-13.33333333333394,0.5,700.0,900.0,900.0,1.0799999999999919,0.5300000000000004,0.03000000000000002,4224.0,0
1.43,10530.0,8418.0,6303.0,10524.5,8414.5,6300.5,6000.0,4000.0,3000.0,-23.16666666666606,-13.33333333333394,0.5,700.0,900.0,900.0,1.0809999999999917,0.5310000000000004,0.03100000000000002,4227.0,0
1.431,10535.0,8422.0,6306.0,10530.5,8418.5,6303.5,5000.0,4000.0,3000.0,-24.16666666666606,-13.33333333333394,0.5,700.0,900.0,900.0,1.0819999999999916,0.5320000000000004,0.03200000000000002,4229.0,0
1.432,10541.0,8426.0,6309.0,10535.5,8422.5,6306.5,6000.0,4000.0,3000.0,-24.16666666666606,-13.33333333333394,0.5,700.0,900.0,900.0,1.0829999999999915,0.5330000000000004,0.03300000000000002,4232.0,0
1.433,10546.0,8430.0,6313.0,10541.5,8426.5,6309.5,5000.0,4000.0,4000.0,-25.16666666666606,-13.33333333333394,0.5,700.0,900.0,900.0,1.0839999999999914,0.5340000000000004,0.03400000000000002,4233.0,0
1.434,10551.0,8434.0,6316.0,10546.5,8430.5,6313.5,5000.0,4000.0,3000.0,-23.5,-12.0,0.5,700.0,900.0,900.0,1.0849999999999913,0.5350000000000004,0.035000000000000024,4235.0,0
1.435,10557.0,8438.0,6319.0,10551.5,8434.5,6316.5,6000.0,4000.0,3000.0,-23.5,-12.0,0.5,700.0,900.0,900.0,1.0859999999999912,0.5360000000000004,0.036000000000000025,4238.0,0
1.436,10562.0,8442.0,6322.0,10557.5,8438.5,6319.5,5000.0,4000.0,3000.0,-24.5,-12.0,0.5,700.0,900.0,900.0,1.086999999999991,0.5370000000000004,0.037000000000000026,4240.0,0
1.437,10567.0,8446.0,6325.0,10562.5,8442.5,6322.5,5000.0,4000.0,3000.0,-24.5,-12.0,0.5,700.0,900.0,900.0,1.087999999999991,0.5380000000000004,0.03800000000000003,4242.0,0
1.438,10572.0,8450.0,6328.0,10567.5,8446.5,6325.5,5000.0,4000.0,3000.0,-24.5,-12.0,0.5,700.0,900.0,900.0,1.0889999999999909,0.5390000000000004,0.03900000000000003,4244.0,0
1.439,10578.0,8454.0,6331.0,10572.5,8450.5,6328.5,6000.0,4000.0,3000.0,-24.5,-12.0,0.5,700.0,900.0,900.0,1.0899999999999908,0.5400000000000004,0.04000000000000003,4247.0,0
1.44,10583.0,8458.0,6334.0,10578.5,8454.5,6331.5,5000.0,4000.0,3000.0,-25.5,-12.0,0.5,700.0,900.0,900.0,1.0909999999999906,0.5410000000000004,0.04100000000000003,4249.0,0
1.441,10588.0,8461.0,6337.0,10583.5,8458.5,6334.5,5000.0,3000.0,3000.0,-25.5,-12.0,0.5,700.0,900.0,900.0,1.0919999999999905,0.5420000000000004,0.04200000000000003,4251.0,0
1.442,10593.0,8465.0,6340.0,10588.5,8461.5,6337.5,5000.0,4000.0,3000.0,-25.5,-11.0,0.5,700.0,900.0,900.0,1.0929999999999904,0.5430000000000004,0.04300000000000003,4253.0,0
1.443,10598.0,8469.0,6343.0,10593.5,8465.5,6340.5,5000.0,4000.0,3000.0,-25.5,-11.0,0.5,700.0,900.0,900.0,1.0939999999999903,0.5440000000000004,0.04400000000000003,4255.0,0
1.444,10603.0,8473.0,6346.0,10598.5,8469.5,6343.5,5000.0,4000.0,3000.0,-25.5,-11.0,0.5,700.0,900.0,900.0,1.0949999999999902,0.5450000000000004,0.04500000000000003,4257.0,0
1.445,10609.0,8477.0,6349.0,10603.5,8473.5,6346.5,6000.0,4000.0,3000.0,-25.5,-11.0,0.5,700.0,900.0,900.0,1.09599999999999,0.5460000000000004,0.046000000000000034,4260.0,0
1.446,10614.0,8481.0,6352.0,10609.5,8477.5,6349.5,5000.0,4000.0,3000.0,-26.5,-11.0,0.5,700.0,900.0,900.0,1.09699999999999,0.5470000000000004,0.047000000000000035,4262.0,0
1.447,10619.0,8485.0,6355.0,10614.5,8481.5,6352.5,5000.0,4000.0,3000.0,-26.5,-11.0,0.5,700.0,900.0,900.0,1.0979999999999899,0.5480000000000004,0.048000000000000036,4264.0,0
1.448,10624.0,8489.0,6358.0,10619.5,8485.5,6355.5,5000.0,4000.0,3000.0,-26.5,-11.0,0.5,700.0,900.0,900.0,1.0989999999999898,0.5490000000000004,0.04900000000000004,4266.0,0
1.449,10629.0,8492.0,6361.0,10624.5,8489.5,6358.5,5000.0,3000.0,3000.0,-26.5,-11.0,0.5,700.0,900.0,900.0,1.0999999999999897,0.5500000000000004,0.05000000000000004,4268.0,0
1.45,10634.0,8496.0,6364.0,10629.5,8492.5,6361.5,5000.0,4000.0,3000.0,-26.5,-10.0,0.5,700.0,900.0,900.0,1.1009999999999895,0.5510000000000004,0.05100000000000004,4270.0,0
1.451,10639.0,8500.0,6367.0,10634.5,8496.5,6364.5,5000.0,4000.0,3000.0,-26.5,-10.0,0.5,700.0,900.0,900.0,1.1019999999999894,0.5520000000000004,0.05200000000000004,4272.0,0
1.452,10644.0,8504.0,6370.0,10639.5,8500.5,6367.5,5000.0,4000.0,3000.0,-26.5,-10.0,0.5,700.0,900.0,900.0,1.1029999999999893,0.5530000000000004,0.05300000000000004,4274.0,0
1.453,10649.0,8508.0,6373.0,10644.5,8504.5,6370.5,5000.0,4000.0,3000.0,-26.5,-10.0,0.5,700.0,900.0,900.0,1.1039999999999892,0.5540000000000004,0.05400000000000004,4276.0,0
1.454,10654.0,8512.0,6376.0,10649.5,8508.5,6373.5,5000.0,4000.0,3000.0,-26.5,-10.0,0.5,700.0,900.0,900.0,1.104999999999989,0.5550000000000004,0.05500000000000004,4278.0,0
1.455,10658.0,8515.0,6379.0,10654.5,8512.5,6376.5,4000.0,3000.0,3000.0,-26.5,-10.0,0.5,700.0,900.0,900.0,1.105999999999989,0.5560000000000004,0.05600000000000004,4279.0,0
1.456,10663.0,8519.0,6382.0,10658.5,8515.5,6379.5,5000.0,4000.0,3000.0,-25.5,-9.0,0.5,700.0,900.0,900.0,1.1069999999999889,0.5570000000000004,0.057000000000000044,4281.0,0
1.457,10668.0,8524.0,6385.0,10663.5,8519.5,6382.5,5000.0,5000.0,3000.0,-25.5,-9.0,0.5,700.0,900.0,900.0,1.1079999999999888,0.5580000000000004,0.058000000000000045,4283.0,0
1.458,10673.0,8528.0,6388.0,10668.5,8524.5,6385.5,5000.0,4000.0,3000.0,-25.5,-10.0,0.5,700.0,900.0,900.0,1.1089999999999887,0.5590000000000004,0.059000000000000045,4285.0,0
1.459,10678.0,8531.0,6391.0,10673.5,8528.5,6388.5,5000.0,3000.0,3000.0,-25.5,-10.0,0.5,700.0,900.0,900.0,1.1099999999999886,0.5600000000000004,0.060000000000000046,4287.0,0
1.46,10683.0,8535.0,6394.0,10678.5,8531.5,6391.5,5000.0,4000.0,3000.0,-25.5,-9.0,0.5,700.0,900.0,900.0,1.1109999999999884,0.5610000000000004,0.06100000000000005,4289.0,0
1.461,10688.0,8540.0,6398.0,10683.5,8535.5,6394.5,5000.0,5000.0,4000.0,-25.5,-9.0,0.5,700.0,900.0,900.0,1.1119999999999883,0.5620000000000004,0.06200000000000005,4290.0,0
1.462,10693.0,8544.0,6401.0,10688.5,8540.5,6398.5,5000.0,4000.0,3000.0,-23.83333333333394,-8.66666666666606,0.5,700.0,900.0,900.0,1.1129999999999882,0.5630000000000004,0.06300000000000004,4292.0,0
1.463,10698.0,8549.0,6404.0,10693.5,8544.5,6401.5,5000.0,5000.0,3000.0,-23.83333333333394,-8.66666666666606,0.5,700.0,900.0,900.0,1.113999999999988,0.5640000000000004,0.06400000000000004,4294.0,0
1.464,10702.0,8553.0,6407.0,10698.5,8549.5,6404.5,4000.0,4000.0,3000.0,-23.83333333333394,-9.66666666666606,0.5,700.0,900.0,900.0,1.114999999999988,0.5650000000000004,0.06500000000000004,4295.0,0
1.465,10707.0,8558.0,6410.0,10702.5,8553.5,6407.5,5000.0,5000.0,3000.0,-22.83333333333394,-9.66666666666606,0.5,700.0,900.0,900.0,1.115999999999988,0.5660000000000004,0.06600000000000004,4297.0,0
1.466,10712.0,8562.0,6413.0,10707.5,8558.5,6410.5,5000.0,4000.0,3000.0,-22.83333333333394,-10.66666666666606,0.5,700.0,900.0,900.0,1.1169999999999878,0.5670000000000004,0.06700000000000005,4299.0,0
1.467,10717.0,8566.0,6416.0,10712.5,8562.5,6413.5,5000.0,4000.0,3000.0,-22.83333333333394,-10.66666666666606,0.5,700.0,900.0,900.0,1.1179999999999877,0.5680000000000004,0.06800000000000005,4301.0,0
1.468,10722.0,8571.0,6419.0,10717.5,8566.5,6416.5,5000.0,5000.0,3000.0,-22.83333333333394,-10.66666666666606,0.5,700.0,900.0,900.0,1.1189999999999876,0.5690000000000004,0.06900000000000005,4303.0,0
1.469,10727.0,8574.0,6422.0,10722.5,8571.5,6419.5,5000.0,3000.0,3000.0,-22.83333333333394,-11.66666666666606,0.5,700.0,900.0,900.0,1.1199999999999875,0.5700000000000004,0.07000000000000005,4305.0,0
1.47,10732.0,8578.0,6425.0,10727.5,8574.5,6422.5,5000.0,4000.0,3000.0,-22.83333333333394,-10.66666666666606,0.5,700.0,900.0,900.0,1.1209999999999873,0.5710000000000004,0.07100000000000005,4307.0,0
1.471,10736.0,8582.0,6428.0,10732.5,8578.5,6425.5,4000.0,4000.0,3000.0,-22.83333333333394,-10.66666666666606,0.5,700.0,900.0,900.0,1.1219999999999872,0.5720000000000004,0.07200000000000005,4308.0,0
1.472,10741.0,8585.0,6431.0,10736.5,8582.5,6428.5,5000.0,3000.0,3000.0,-21.83333333333394,-10.66666666666606,0.5,700.0,900.0,900.0,1.1229999999999871,0.5730000000000004,0.07300000000000005,4310.0,0
1.473,10746.0,8589.0,6434.0,10741.5,8585.5,6431.5,5000.0,4000.0,3000.0,-21.83333333333394,-9.66666666666606,0.5,700.0,900.0,900.0,1.123999999999987,0.5740000000000004,0.07400000000000005,4312.0,0
1.474,10751.0,8593.0,6437.0,10746.5,8589.5,6434.5,5000.0,4000.0,3000.0,-21.83333333333394,-9.66666666666606,0.5,700.0,900.0,900.0,1.124999999999987,0.5750000000000004,0.07500000000000005,4314.0,0
1.475,10756.0,8597.0,6440.0,10751.5,8593.5,6437.5,5000.0,4000.0,3000.0,-21.83333333333394,-9.66666666666606,0.5,700.0,900.0,900.0,1.1259999999999868,0.5760000000000004,0.07600000000000005,4316.0,0
1.476,10761.0,8602.0,6443.0,10756.5,8597.5,6440.5,5000.0,5000.0,3000.0,-21.83333333333394,-9.66666666666606,0.5,700.0,900.0,900.0,1.1269999999999867,0.5770000000000004,0.07700000000000005,4318.0,0
1.477,10765.0,8606.0,6446.0,10761.5,8602.5,6443.5,4000.0,4000.0,3000.0,-21.83333333333394,-10.66666666666606,0.5,700.0,900.0,900.0,1.1279999999999866,0.5780000000000004,0.07800000000000006,4319.0,0
1.478,10770.0,8610.0,6449.0,10765.5,8606.5,6446.5,5000.0,4000.0,3000.0,-20.83333333333394,-10.66666666666606,0.5,700.0,900.0,900.0,1.1289999999999865,0.5790000000000004,0.07900000000000006,4321.0,0
1.479,10775.0,8614.0,6452.0,10770.5,8610.5,6449.5,5000.0,4000.0,3000.0,-20.83333333333394,-10.66666666666606,0.5,700.0,900.0,900.0,1.1299999999999863,0.5800000000000004,0.08000000000000006,4323.0,0
1.48,10780.0,8617.0,6455.0,10775.5,8614.5,6452.5,5000.0,3000.0,3000.0,-20.83333333333394,-10.66666666666606,0.5,700.0,900.0,900.0,1.1309999999999862,0.5810000000000004,0.08100000000000006,4325.0,0
1.481,10785.0,8621.0,6458.0,10780.5,8617.5,6455.5,5000.0,4000.0,3000.0,-20.83333333333394,-9.66666666666606,0.5,700.0,900.0,900.0,1.1319999999999861,0.5820000000000004,0.08200000000000006,4327.0,0
1.482,10789.0,8625.0,6461.0,10785.5,8621.5,6458.5,4000.0,4000.0,3000.0,-20.83333333333394,-9.66666666666606,0.5,700.0,900.0,900.0,1.132999999999986,0.5830000000000004,0.08300000000000006,4328.0,0
1.483,10794.0,8629.0,6464.0,10789.5,8625.5,6461.5,5000.0,4000.0,3000.0,-19.83333333333394,-9.66666666666606,0.5,700.0,900.0,900.0,1.133999999999986,0.5840000000000004,0.08400000000000006,4330.0,0
1.484,10799.0,8634.0,6467.0,10794.5,8629.5,6464.5,5000.0,5000.0,3000.0,-19.83333333333394,-9.66666666666606,0.5,700.0,900.0,900.0,1.1349999999999858,0.5850000000000004,0.08500000000000006,4332.0,0
1.485,10804.0,8638.0,6470.0,10799.5,8634.5,6467.5,5000.0,4000.0,3000.0,-19.83333333333394,-10.66666666666606,0.5,700.0,900.0,900.0,1.1359999999999857,0.5860000000000004,0.08600000000000006,4334.0,0
1.486,10808.0,8642.0,6473.0,10804.5,8638.5,6470.5,4000.0,4000.0,3000.0,-19.83333333333394,-10.66666666666606,0.5,700.0,900.0,900.0,1.1369999999999856,0.5870000000000004,0.08700000000000006,4335.0,0
1.487,10813.0,8646.0,6476.0,10808.5,8642.5,6473.5,5000.0,4000.0,3000.0,-18.83333333333394,-10.66666666666606,0.5,700.0,900.0,900.0,1.1379999999999855,0.5880000000000004,0.08800000000000006,4337.0,0
1.488,10818.0,8649.0,6479.0,10813.5,8646.5,6476.5,5000.0,3000.0,3000.0,-18.83333333333394,-10.66666666666606,0.5,700.0,900.0,900.0,1.1389999999999854,0.5890000000000004,0.08900000000000007,4339.0,0
1.489,10823.0,8653.0,6483.0,10818.5,8649.5,6479.5,5000.0,4000.0,4000.0,-18.83333333333394,-9.66666666666606,0.5,700.0,900.0,900.0,1.1399999999999852,0.5900000000000004,0.09000000000000007,4340.0,0
1.49,10827.0,8657.0,6486.0,10823.5,8653.5,6483.5,4000.0,4000.0,3000.0,-17.16666666666606,-8.33333333333394,0.5,700.0,900.0,900.0,1.1409999999999851,0.5910000000000004,0.09100000000000007,4341.0,0
1.491,10832.0,8661.0,6489.0,10827.5,8657.5,6486.5,5000.0,4000.0,3000.0,-16.16666666666606,-8.33333333333394,0.5,700.0,900.0,900.0,1.141999999999985,0.5920000000000004,0.09200000000000007,4343.0,0
1.492,10837.0,8666.0,6492.0,10832.5,8661.5,6489.5,5000.0,5000.0,3000.0,-16.16666666666606,-8.33333333333394,0.5,700.0,900.0,900.0,1.142999999999985,0.5930000000000004,0.09300000000000007,4345.0,0
1.493,10842.0,8670.0,6495.0,10837.5,8666.5,6492.5,5000.0,4000.0,3000.0,-16.16666666666606,-9.33333333333394,0.5,700.0,900.0,900.0,1.1439999999999848,0.5940000000000004,0.09400000000000007,4347.0,0
1.494,10847.0,8675.0,6498.0,10842.5,8670.5,6495.5,5000.0,5000.0,3000.0,-16.16666666666606,-9.33333333333394,0.5,700.0,900.0,900.0,1.1449999999999847,0.5950000000000004,0.09500000000000007,4349.0,0
1.495,10852.0,8679.0,6501.0,10847.5,8675.5,6498.5,5000.0,4000.0,3000.0,-16.16666666666606,-10.33333333333394,0.5,700.0,900.0,900.0,1.1459999999999846,0.5960000000000004,0.09600000000000007,4351.0,0
1.496,10856.0,8683.0,6504.0,10852.5,8679.5,6501.5,4000.0,4000.0,3000.0,-16.16666666666606,-10.33333333333394,0.5,700.0,900.0,900.0,1.1469999999999845,0.5970000000000004,0.09700000000000007,4352.0,0
1.497,10861.0,8686.0,6507.0,10856.5,8683.5,6504.5,5000.0,3000.0,3000.0,-15.16666666666606,-10.33333333333394,0.5,700.0,900.0,900.0,1.1479999999999844,0.5980000000000004,0.09800000000000007,4354.0,0
1.498,10866.0,8690.0,6510.0,10861.5,8686.5,6507.5,5000.0,4000.0,3000.0,-15.16666666666606,-9.33333333333394,0.5,700.0,900.0,900.0,1.1489999999999843,0.5990000000000004,0.09900000000000007,4356.0,0
1.499,10871.0,8695.0,6513.0,10866.5,8690.5,6510.5,5000.0,5000.0,3000.0,-15.16666666666606,-9.33333333333394,0.5,700.0,900.0,900.0,1.1499999999999841,0.6000000000000004,0.10000000000000007,4358.0,0
1.5,10876.0,8699.0,6516.0,10871.5,8695.5,6513.5,5000.0,4000.0,3000.0,-15.16666666666606,-10.33333333333394,0.5,700.0,900.0,900.0,1.150999999999984,0.6010000000000004,0.10100000000000008,4360.0,0
1.5010000000000001,10880.0,8702.0,6519.0,10876.5,8699.5,6516.5,4000.0,3000.0,3000.0,-15.16666666666606,-10.33333333333394,0.5,700.0,900.0,900.0,1.151999999999984,0.6020000000000004,0.10200000000000008,4361.0,0
1.502,10885.0,8706.0,6522.0,10880.5,8702.5,6519.5,5000.0,4000.0,3000.0,-14.16666666666606,-9.33333333333394,0.5,700.0,900.0,900.0,1.1529999999999838,0.6030000000000004,0.10300000000000008,4363.0,0
1.5030000000000001,10890.0,8711.0,6525.0,10885.5,8706.5,6522.5,5000.0,5000.0,3000.0,-14.16666666666606,-9.33333333333394,0.5,700.0,900.0,900.0,1.1539999999999837,0.6040000000000004,0.10400000000000008,4365.0,0
1.504,10895.0,8715.0,6528.0,10890.5,8711.5,6525.5,5000.0,4000.0,3000.0,-14.16666666666606,-10.33333333333394,0.5,700.0,900.0,900.0,1.1549999999999836,0.6050000000000004,0.10500000000000008,4367.0,0
1.5050000000000001,10900.0,8718.0,6531.0,10895.5,8715.5,6528.5,5000.0,3000.0,3000.0,-14.16666666666606,-10.33333333333394,0.5,700.0,900.0,900.0,1.1559999999999835,0.6060000000000004,0.10600000000000008,4369.0,0
1.506,10904.0,8722.0,6534.0,10900.5,8718.5,6531.5,4000.0,4000.0,3000.0,-14.16666666666606,-9.33333333333394,0.5,700.0,900.0,900.0,1.1569999999999834,0.6070000000000004,0.10700000000000008,4370.0,0
1.5070000000000001,10909.0,8726.0,6537.0,10904.5,8722.5,6534.5,5000.0,4000.0,3000.0,-13.16666666666606,-9.33333333333394,0.5,700.0,900.0,900.0,1.1579999999999833,0.6080000000000004,0.10800000000000008,4372.0,0
1.508,10914.0,8731.0,6540.0,10909.5,8726.5,6537.5,5000.0,5000.0,3000.0,-13.16666666666606,-9.33333333333394,0.5,700.0,900.0,900.0,1.1589999999999832,0.6090000000000004,0.10900000000000008,4374.0,0
1.5090000000000001,10919.0,8735.0,6543.0,10914.5,8731.5,6540.5,5000.0,4000.0,3000.0,-13.16666666666606,-10.33333333333394,0.5,700.0,900.0,900.0,1.159999999999983,0.6100000000000004,0.11000000000000008,4376.0,0
1.51,10923.0,8739.0,6546.0,10919.5,8735.5,6543.5,4000.0,4000.0,3000.0,-13.16666666666606,-10.33333333333394,0.5,700.0,900.0,900.0,1.160999999999983,0.6110000000000004,0.11100000000000008,4377.0,0
1.5110000000000001,10928.0,8742.0,6549.0,10923.5,8739.5,6546.5,5000.0,3000.0,3000.0,-12.16666666666606,-10.33333333333394,0.5,700.0,900.0,900.0,1.1619999999999828,0.6120000000000004,0.11200000000000009,4379.0,0
1.512,10933.0,8746.0,6552.0,10928.5,8742.5,6549.5,5000.0,4000.0,3000.0,-12.16666666666606,-9.33333333333394,0.5,700.0,900.0,900.0,1.1629999999999827,0.6130000000000004,0.11300000000000009,4381.0,0
1.5130000000000001,10938.0,8750.0,6555.0,10933.5,8746.5,6552.5,5000.0,4000.0,3000.0,-12.16666666666606,-9.33333333333394,0.5,700.0,900.0,900.0,1.1639999999999826,0.6140000000000004,0.11400000000000009,4383.0,0
1.514,10943.0,8755.0,6558.0,10938.5,8750.5,6555.5,5000.0,5000.0,3000.0,-12.16666666666606,-9.33333333333394,0.5,700.0,900.0,900.0,1.1649999999999825,0.6150000000000004,0.11500000000000009,4385.0,0
1.5150000000000001,10947.0,8759.0,6561.0,10943.5,8755.5,6558.5,4000.0,4000.0,3000.0,-12.16666666666606,-10.33333333333394,0.5,700.0,900.0,900.0,1.1659999999999824,0.6160000000000004,0.11600000000000009,4386.0,0
1.516,10952.0,8762.0,6565.0,10947.5,8759.5,6561.5,5000.0,3000.0,4000.0,-11.16666666666606,-10.33333333333394,0.5,700.0,900.0,900.0,1.1669999999999823,0.6170000000000004,0.11700000000000009,4387.0,0
1.5170000000000001,10957.0,8766.0,6568.0,10952.5,8762.5,6565.5,5000.0,4000.0,3000.0,-9.5,-8.0,0.5,700.0,900.0,900.0,1.1679999999999822,0.6180000000000004,0.11800000000000009,4389.0,0
1.518,10963.0,8771.0,6571.0,10957.5,8766.5,6568.5,6000.0,5000.0,3000.0,-9.5,-8.0,0.5,700.0,900.0,900.0,1.168999999999982,0.6190000000000004,0.11900000000000009,4392.0,0
1.5190000000000001,10968.0,8775.0,6574.0,10963.5,8771.5,6571.5,5000.0,4000.0,3000.0,-10.5,-9.0,0.5,700.0,900.0,900.0,1.169999999999982,0.6200000000000004,0.12000000000000009,4394.0,0
1.52,10972.0,8779.0,6577.0,10968.5,8775.5,6574.5,4000.0,4000.0,3000.0,-10.5,-9.0,0.5,700.0,900.0,900.0,1.1709999999999818,0.6210000000000004,0.1210000000000001,4395.0,0
1.5210000000000001,10977.0,8783.0,6580.0,10972.5,8779.5,6577.5,5000.0,4000.0,3000.0,-9.5,-9.0,0.5,700.0,900.0,900.0,1.1719999999999817,0.6220000000000004,0.1220000000000001,4397.0,0
1.522,10983.0,8787.0,6583.0,10977.5,8783.5,6580.5,6000.0,4000.0,3000.0,-9.5,-9.0,0.5,700.0,900.0,900.0,1.1729999999999816,0.6230000000000004,0.1230000000000001,4400.0,0
1.5230000000000001,10988.0,8792.0,6586.0,10983.5,8787.5,6583.5,5000.0,5000.0,3000.0,-10.5,-9.0,0.5,700.0,900.0,900.0,1.1739999999999815,0.6240000000000004,0.1240000000000001,4402.0,0
1.524,10993.0,8796.0,6589.0,10988.5,8792.5,6586.5,5000.0,4000.0,3000.0,-10.5,-10.0,0.5,700.0,900.0,900.0,1.1749999999999814,0.6250000000000004,0.12500000000000008,4404.0,0
1.5250000000000001,10997.0,8799.0,6592.0,10993.5,8796.5,6589.5,4000.0,3000.0,3000.0,-10.5,-10.0,0.5,700.0,900.0,900.0,1.1759999999999813,0.6260000000000004,0.12600000000000008,4405.0,0
1.526,11002.0,8803.0,6595.0,10997.5,8799.5,6592.5,5000.0,4000.0,3000.0,-9.5,-9.0,0.5,700.0,900.0,900.0,1.1769999999999812,0.6270000000000004,0.12700000000000009,4407.0,0
1.5270000000000001,11008.0,8808.0,6598.0,11002.5,8803.5,6595.5,6000.0,5000.0,3000.0,-9.5,-9.0,0.5,700.0,900.0,900.0,1.177999999999981,0.6280000000000004,0.12800000000000009,4410.0,0
1.528,11013.0,8812.0,6601.0,11008.5,8808.5,6598.5,5000.0,4000.0,3000.0,-10.5,-10.0,0.5,700.0,900.0,900.0,1.178999999999981,0.6290000000000004,0.1290000000000001,4412.0,0
1.5290000000000001,11017.0,8815.0,6604.0,11013.5,8812.5,6601.5,4000.0,3000.0,3000.0,-10.5,-10.0,0.5,700.0,900.0,900.0,1.1799999999999808,0.6300000000000004,0.1300000000000001,4413.0,0
1.53,11022.0,8819.0,6607.0,11017.5,8815.5,6604.5,5000.0,4000.0,3000.0,-9.5,-9.0,0.5,700.0,900.0,900.0,1.1809999999999807,0.6310000000000004,0.1310000000000001,4415.0,0
1.5310000000000001,11028.0,8823.0,6610.0,11022.5,8819.5,6607.5,6000.0,4000.0,3000.0,-9.5,-9.0,0.5,700.0,900.0,900.0,1.1819999999999806,0.6320000000000005,0.1320000000000001,4418.0,0
1.532,11033.0,8828.0,6613.0,11028.5,8823.5,6610.5,5000.0,5000.0,3000.0,-10.5,-9.0,0.5,700.0,900.0,900.0,1.1829999999999805,0.6330000000000005,0.1330000000000001,4420.0,0
1.5330000000000001,11037.0,8832.0,6616.0,11033.5,8828.5,6613.5,4000.0,4000.0,3000.0,-10.5,-10.0,0.5,700.0,900.0,900.0,1.1839999999999804,0.6340000000000005,0.1340000000000001,4421.0,0
1.534,11042.0,8835.0,6619.0,11037.5,8832.5,6616.5,5000.0,3000.0,3000.0,-9.5,-10.0,0.5,700.0,900.0,900.0,1.1849999999999803,0.6350000000000005,0.1350000000000001,4423.0,0
1.5350000000000001,11048.0,8839.0,6622.0,11042.5,8835.5,6619.5,6000.0,4000.0,3000.0,-9.5,-9.0,0.5,700.0,900.0,900.0,1.1859999999999802,0.6360000000000005,0.1360000000000001,4426.0,0
1.536,11053.0,8843.0,6625.0,11048.5,8839.5,6622.5,5000.0,4000.0,3000.0,-10.5,-9.0,0.5,700.0,900.0,900.0,1.18699999999998,0.6370000000000005,0.1370000000000001,4428.0,0
1.537,11057.0,8847.0,6628.0,11053.5,8843.5,6625.5,4000.0,4000.0,3000.0,-10.5,-9.0,0.5,700.0,900.0,900.0,1.18799999999998,0.6380000000000005,0.1380000000000001,4429.0,0
1.538,11062.0,8852.0,6631.0,11057.5,8847.5,6628.5,5000.0,5000.0,3000.0,-9.5,-9.0,0.5,700.0,900.0,900.0,1.1889999999999799,0.6390000000000005,0.1390000000000001,4431.0,0
1.539,11068.0,8856.0,6634.0,11062.5,8852.5,6631.5,6000.0,4000.0,3000.0,-9.5,-10.0,0.5,700.0,900.0,900.0,1.1899999999999797,0.6400000000000005,0.1400000000000001,4434.0,0
1.54,11073.0,8859.0,6637.0,11068.5,8856.5,6634.5,5000.0,3000.0,3000.0,-10.5,-10.0,0.5,700.0,900.0,900.0,1.1909999999999796,0.6410000000000005,0.1410000000000001,4436.0,0
1.541,11077.0,8863.0,6640.0,11073.5,8859.5,6637.5,4000.0,4000.0,3000.0,-10.5,-9.0,0.5,700.0,900.0,900.0,1.1919999999999795,0.6420000000000005,0.1420000000000001,4437.0,0
1.542,11082.0,8867.0,6643.0,11077.5,8863.5,6640.5,5000.0,4000.0,3000.0,-9.5,-9.0,0.5,700.0,900.0,900.0,1.1929999999999794,0.6430000000000005,0.1430000000000001,4439.0,0
1.543,11088.0,8871.0,6646.0,11082.5,8867.5,6643.5,6000.0,4000.0,3000.0,-9.5,-9.0,0.5,700.0,900.0,900.0,1.1939999999999793,0.6440000000000005,0.1440000000000001,4442.0,0
1.544,11093.0,8875.0,6650.0,11088.5,8871.5,6646.5,5000.0,4000.0,4000.0,-10.5,-9.0,0.5,700.0,900.0,900.0,1.1949999999999792,0.6450000000000005,0.1450000000000001,4443.0,0
1.545,11098.0,8879.0,6653.0,11093.5,8875.5,6650.5,5000.0,4000.0,3000.0,-8.83333333333394,-7.66666666666606,0.5,700.0,900.0,900.0,1.195999999999979,0.6460000000000005,0.1460000000000001,4445.0,0
1.546,11103.0,8884.0,6656.0,11098.5,8879.5,6653.5,5000.0,5000.0,3000.0,-8.83333333333394,-7.66666666666606,0.5,700.0,900.0,900.0,1.196999999999979,0.6470000000000005,0.1470000000000001,4447.0,0
1.547,11108.0,8888.0,6659.0,11103.5,8884.5,6656.5,5000.0,4000.0,3000.0,-8.83333333333394,-8.66666666666606,0.5,700.0,900.0,900.0,1.1979999999999789,0.6480000000000005,0.1480000000000001,4449.0,0
1.548,11113.0,8892.0,6662.0,11108.5,8888.5,6659.5,5000.0,4000.0,3000.0,-8.83333333333394,-8.66666666666606,0.5,700.0,900.0,900.0,1.1989999999999787,0.6490000000000005,0.1490000000000001,4451.0,0
1.549,11119.0,8896.0,6665.0,11113.5,8892.5,6662.5,6000.0,4000.0,3000.0,-8.83333333333394,-8.66666666666606,0.5,700.0,900.0,900.0,1.1999999999999786,0.6500000000000005,0.1500000000000001,4454.0,0
1.55,11124.0,8900.0,6668.0,11119.5,8896.5,6665.5,5000.0,4000.0,3000.0,-9.83333333333394,-8.66666666666606,0.5,700.0,900.0,900.0,1.2009999999999785,0.6510000000000005,0.1510000000000001,4456.0,0
1.551,11129.0,8904.0,6671.0,11124.5,8900.5,6668.5,5000.0,4000.0,3000.0,-9.83333333333394,-8.66666666666606,0.5,700.0,900.0,900.0,1.2019999999999784,0.6520000000000005,0.1520000000000001,4458.0,0
1.552,11134.0,8908.0,6674.0,11129.5,8904.5,6671.5,5000.0,4000.0,3000.0,-9.83333333333394,-8.66666666666606,0.5,700.0,900.0,900.0,1.2029999999999783,0.6530000000000005,0.1530000000000001,4460.0,0
1.553,11139.0,8912.0,6677.0,11134.5,8908.5,6674.5,5000.0,4000.0,3000.0,-9.83333333333394,-8.66666666666606,0.5,700.0,900.0,900.0,1.2039999999999782,0.6540000000000005,0.1540000000000001,4462.0,0
1.554,11144.0,8916.0,6680.0,11139.5,8912.5,6677.5,5000.0,4000.0,3000.0,-9.83333333333394,-8.66666666666606,0.5,700.0,900.0,900.0,1.204999999999978,0.6550000000000005,0.1550000000000001,4464.0,0
1.555,11150.0,8920.0,6683.0,11144.5,8916.5,6680.5,6000.0,4000.0,3000.0,-9.83333333333394,-8.66666666666606,0.5,700.0,900.0,900.0,1.205999999999978,0.6560000000000005,0.1560000000000001,4467.0,0
1.556,11155.0,8924.0,6686.0,11150.5,8920.5,6683.5,5000.0,4000.0,3000.0,-10.83333333333394,-8.66666666666606,0.5,700.0,900.0,900.0,1.2069999999999779,0.6570000000000005,0.1570000000000001,4469.0,0
1.557,11159.0,8928.0,6689.0,11155.5,8924.5,6686.5,4000.0,4000.0,3000.0,-10.83333333333394,-8.66666666666606,0.5,700.0,900.0,900.0,1.2079999999999778,0.6580000000000005,0.1580000000000001,4470.0,0
1.558,11164.0,8933.0,6692.0,11159.5,8928.5,6689.5,5000.0,5000.0,3000.0,-9.83333333333394,-8.66666666666606,0.5,700.0,900.0,900.0,1.2089999999999776,0.6590000000000005,0.1590000000000001,4472.0,0
1.559,11169.0,8937.0,6695.0,11164.5,8933.5,6692.5,5000.0,4000.0,3000.0,-9.83333333333394,-9.66666666666606,0.5,700.0,900.0,900.0,1.2099999999999775,0.6600000000000005,0.16000000000000011,4474.0,0
1.56,11175.0,8941.0,6698.0,11169.5,8937.5,6695.5,6000.0,4000.0,3000.0,-9.83333333333394,-9.66666666666606,0.5,700.0,900.0,900.0,1.2109999999999774,0.6610000000000005,0.16100000000000012,4477.0,0
1.561,11180.0,8945.0,6701.0,11175.5,8941.5,6698.5,5000.0,4000.0,3000.0,-10.83333333333394,-9.66666666666606,0.5,700.0,900.0,900.0,1.2119999999999773,0.6620000000000005,0.16200000000000012,4479.0,0
1.562,11184.0,8949.0,6704.0,11180.5,8945.5,6701.5,4000.0,4000.0,3000.0,-10.83333333333394,-9.66666666666606,0.5,700.0,900.0,900.0,1.2129999999999772,0.6630000000000005,0.16300000000000012,4480.0,0
1.563,11189.0,8953.0,6707.0,11184.5,8949.5,6704.5,5000.0,4000.0,3000.0,-9.83333333333394,-9.66666666666606,0.5,700.0,900.0,900.0,1.213999999999977,0.6640000000000005,0.16400000000000012,4482.0,0
1.564,11194.0,8957.0,6710.0,11189.5,8953.5,6707.5,5000.0,4000.0,3000.0,-9.83333333333394,-9.66666666666606,0.5,700.0,900.0,900.0,1.214999999999977,0.6650000000000005,0.16500000000000012,4484.0,0
1.565,11200.0,8961.0,6713.0,11194.5,8957.5,6710.5,6000.0,4000.0,3000.0,-9.83333333333394,-9.66666666666606,0.5,700.0,900.0,900.0,1.2159999999999769,0.6660000000000005,0.16600000000000012,4487.0,0
1.566,11205.0,8965.0,6716.0,11200.5,8961.5,6713.5,5000.0,4000.0,3000.0,-10.83333333333394,-9.66666666666606,0.5,700.0,900.0,900.0,1.2169999999999768,0.6670000000000005,0.16700000000000012,4489.0,0
1.567,11209.0,8969.0,6719.0,11205.5,8965.5,6716.5,4000.0,4000.0,3000.0,-10.83333333333394,-9.66666666666606,0.5,700.0,900.0,900.0,1.2179999999999767,0.6680000000000005,0.16800000000000012,4490.0,0
1.568,11214.0,8973.0,6722.0,11209.5,8969.5,6719.5,5000.0,4000.0,3000.0,-9.83333333333394,-9.66666666666606,0.5,700.0,900.0,900.0,1.2189999999999765,0.6690000000000005,0.16900000000000012,4492.0,0
1.569,11219.0,8977.0,6725.0,11214.5,8973.5,6722.5,5000.0,4000.0,3000.0,-9.83333333333394,-9.66666666666606,0.5,700.0,900.0,900.0,1.2199999999999764,0.6700000000000005,0.17000000000000012,4494.0,0
1.57,11225.0,8982.0,6728.0,11219.5,8977.5,6725.5,6000.0,5000.0,3000.0,-9.83333333333394,-9.66666666666606,0.5,700.0,900.0,900.0,1.2209999999999763,0.6710000000000005,0.17100000000000012,4497.0,0
1.571,11230.0,8985.0,6731.0,11225.5,8982.5,6728.5,5000.0,3000.0,3000.0,-10.83333333333394,-10.66666666666606,0.5,700.0,900.0,900.0,1.2219999999999762,0.6720000000000005,0.17200000000000013,4499.0,0
1.572,11234.0,8989.0,6735.0,11230.5,8985.5,6731.5,4000.0,4000.0,4000.0,-10.83333333333394,-9.66666666666606,0.5,700.0,900.0,900.0,1.222999999999976,0.6730000000000005,0.17300000000000013,4499.0,0
1.573,11239.0,8994.0,6738.0,11234.5,8989.5,6735.5,5000.0,5000.0,3000.0,-8.16666666666606,-8.33333333333394,0.5,700.0,900.0,900.0,1.223999999999976,0.6740000000000005,0.17400000000000013,4501.0,0
1.574,11244.0,8998.0,6741.0,11239.5,8994.5,6738.5,5000.0,4000.0,3000.0,-8.16666666666606,-9.33333333333394,0.5,700.0,900.0,900.0,1.2249999999999759,0.6750000000000005,0.17500000000000013,4503.0,0
1.575,11249.0,9002.0,6744.0,11244.5,8998.5,6741.5,5000.0,4000.0,3000.0,-8.16666666666606,-9.33333333333394,0.5,700.0,900.0,900.0,1.2259999999999758,0.6760000000000005,0.17600000000000013,4505.0,0
1.576,11255.0,9006.0,6747.0,11249.5,9002.5,6744.5,6000.0,4000.0,3000.0,-8.16666666666606,-9.33333333333394,0.5,700.0,900.0,900.0,1.2269999999999757,0.6770000000000005,0.17700000000000013,4508.0,0
1.577,11260.0,9010.0,6750.0,11255.5,9006.5,6747.5,5000.0,4000.0,3000.0,-9.16666666666606,-9.33333333333394,0.5,700.0,900.0,900.0,1.2279999999999756,0.6780000000000005,0.17800000000000013,4510.0,0
1.578,11265.0,9014.0,6753.0,11260.5,9010.5,6750.5,5000.0,4000.0,3000.0,-9.16666666666606,-9.33333333333394,0.5,700.0,900.0,900.0,1.2289999999999754,0.6790000000000005,0.17900000000000013,4512.0,0
1.579,11270.0,9018.0,6756.0,11265.5,9014.5,6753.5,5000.0,4000.0,3000.0,-9.16666666666606,-9.33333333333394,0.5,700.0,900.0,900.0,1.2299999999999753,0.6800000000000005,0.18000000000000013,4514.0,0
1.58,11275.0,9022.0,6759.0,11270.5,9018.5,6756.5,5000.0,4000.0,3000.0,-9.16666666666606,-9.33333333333394,0.5,700.0,900.0,900.0,1.2309999999999752,0.6810000000000005,0.18100000000000013,4516.0,0
1.581,11280.0,9026.0,6762.0,11275.5,9022.5,6759.5,5000.0,4000.0,3000.0,-9.16666666666606,-9.33333333333394,0.5,700.0,900.0,900.0,1.2319999999999751,0.6820000000000005,0.18200000000000013,4518.0,0
1.582,11285.0,9030.0,6765.0,11280.5,9026.5,6762.5,5000.0,4000.0,3000.0,-9.16666666666606,-9.33333333333394,0.5,700.0,900.0,900.0,1.232999999999975,0.6830000000000005,0.18300000000000013,4520.0,0
1.583,11290.0,9034.0,6768.0,11285.5,9030.5,6765.5,5000.0,4000.0,3000.0,-9.16666666666606,-9.33333333333394,0.5,700.0,900.0,900.0,1.233999999999975,0.6840000000000005,0.18400000000000014,4522.0,0
1.584,11296.0,9038.0,6771.0,11290.5,9034.5,6768.5,6000.0,4000.0,3000.0,-9.16666666666606,-9.33333333333394,0.5,700.0,900.0,900.0,1.2349999999999748,0.6850000000000005,0.18500000000000014,4525.0,0
1.585,11300.0,9042.0,6774.0,11296.5,9038.5,6771.5,4000.0,4000.0,3000.0,-10.16666666666606,-9.33333333333394,0.5,700.0,900.0,900.0,1.2359999999999747,0.6860000000000005,0.18600000000000014,4526.0,0
1.586,11306.0,9046.0,6777.0,11300.5,9042.5,6774.5,6000.0,4000.0,3000.0,-9.16666666666606,-9.33333333333394,0.5,700.0,900.0,900.0,1.2369999999999746,0.6870000000000005,0.18700000000000014,4529.0,0
1.587,11311.0,9050.0,6780.0,11306.5,9046.5,6777.5,5000.0,4000.0,3000.0,-10.16666666666606,-9.33333333333394,0.5,700.0,900.0,900.0,1.2379999999999745,0.6880000000000005,0.18800000000000014,4531.0,0
1.588,11315.0,9055.0,6783.0,11311.5,9050.5,6780.5,4000.0,5000.0,3000.0,-10.16666666666606,-9.33333333333394,0.5,700.0,900.0,900.0,1.2389999999999743,0.6890000000000005,0.18900000000000014,4532.0,0
1.589,11320.0,9058.0,6786.0,11315.5,9055.5,6783.5,5000.0,3000.0,3000.0,-9.16666666666606,-10.33333333333394,0.5,700.0,900.0,900.0,1.2399999999999742,0.6900000000000005,0.19000000000000014,4534.0,0
1.59,11325.0,9062.0,6789.0,11320.5,9058.5,6786.5,5000.0,4000.0,3000.0,-9.16666666666606,-9.33333333333394,0.5,700.0,900.0,900.0,1.2409999999999741,0.6910000000000005,0.19100000000000014,4536.0,0
1.591,11330.0,9066.0,6792.0,11325.5,9062.5,6789.5,5000.0,4000.0,3000.0,-9.16666666666606,-9.33333333333394,0.5,700.0,900.0,900.0,1.241999999999974,0.6920000000000005,0.19200000000000014,4538.0,0
1.592,11335.0,9071.0,6795.0,11330.5,9066.5,6792.5,5000.0,5000.0,3000.0,-9.16666666666606,-9.33333333333394,0.5,700.0,900.0,900.0,1.242999999999974,0.6930000000000005,0.19300000000000014,4540.0,0
1.593,11341.0,9074.0,6798.0,11335.5,9071.5,6795.5,6000.0,3000.0,3000.0,-9.16666666666606,-10.33333333333394,0.5,700.0,900.0,900.0,1.2439999999999738,0.6940000000000005,0.19400000000000014,4543.0,0
1.594,11345.0,9078.0,6801.0,11341.5,9074.5,6798.5,4000.0,4000.0,3000.0,-10.16666666666606,-9.33333333333394,0.5,700.0,900.0,900.0,1.2449999999999737,0.6950000000000005,0.19500000000000015,4544.0,0
1.595,11351.0,9082.0,6804.0,11345.5,9078.5,6801.5,6000.0,4000.0,3000.0,-9.16666666666606,-9.33333333333394,0.5,700.0,900.0,900.0,1.2459999999999736,0.6960000000000005,0.19600000000000015,4547.0,0
1.596,11355.0,9087.0,6807.0,11351.5,9082.5,6804.5,4000.0,5000.0,3000.0,-10.16666666666606,-9.33333333333394,0.5,700.0,900.0,900.0,1.2469999999999735,0.6970000000000005,0.19700000000000015,4548.0,0
1.597,11361.0,9090.0,6810.0,11355.5,9087.5,6807.5,6000.0,3000.0,3000.0,-9.16666666666606,-10.33333333333394,0.5,700.0,900.0,900.0,1.2479999999999734,0.6980000000000005,0.19800000000000015,4551.0,0
1.598,11365.0,9094.0,6813.0,11361.5,9090.5,6810.5,4000.0,4000.0,3000.0,-10.16666666666606,-9.33333333333394,0.5,700.0,900.0,900.0,1.2489999999999732,0.6990000000000005,0.19900000000000015,4552.0,0
1.599,11371.0,9098.0,6816.0,11365.5,9094.5,6813.5,6000.0,4000.0,3000.0,-9.16666666666606,-9.33333333333394,0.5,700.0,900.0,900.0,1.2499999999999731,0.7000000000000005,0.20000000000000015,4555.0,0
1.6,11375.0,9102.0,6820.0,11371.5,9098.5,6816.5,4000.0,4000.0,4000.0,-10.16666666666606,-9.33333333333394,0.5,700.0,900.0,900.0,1.250999999999973,0.7010000000000005,0.20100000000000015,4555.0,0
1.601,11381.0,9106.0,6823.0,11375.5,9102.5,6820.5,6000.0,4000.0,3000.0,-7.5,-8.0,0.5,700.0,900.0,900.0,1.251999999999973,0.7020000000000005,0.20200000000000015,4558.0,0
1.602,11386.0,9110.0,6826.0,11381.5,9106.5,6823.5,5000.0,4000.0,3000.0,-8.5,-8.0,0.5,700.0,900.0,900.0,1.2529999999999728,0.7030000000000005,0.20300000000000015,4560.0,0
1.603,11391.0,9114.0,6829.0,11386.5,9110.5,6826.5,5000.0,4000.0,3000.0,-8.5,-8.0,0.5,700.0,900.0,900.0,1.2539999999999727,0.7040000000000005,0.20400000000000015,4562.0,0
1.604,11396.0,9118.0,6832.0,11391.5,9114.5,6829.5,5000.0,4000.0,3000.0,-8.5,-8.0,0.5,700.0,900.0,900.0,1.2549999999999726,0.7050000000000005,0.20500000000000015,4564.0,0
1.605,11401.0,9123.0,6835.0,11396.5,9118.5,6832.5,5000.0,5000.0,3000.0,-8.5,-8.0,0.5,700.0,900.0,900.0,1.2559999999999725,0.7060000000000005,0.20600000000000016,4566.0,0
1.606,11406.0,9127.0,6838.0,11401.5,9123.5,6835.5,5000.0,4000.0,3000.0,-8.5,-9.0,0.5,700.0,900.0,900.0,1.2569999999999724,0.7070000000000005,0.20700000000000016,4568.0,0
1.607,11411.0,9131.0,6841.0,11406.5,9127.5,6838.5,5000.0,4000.0,3000.0,-8.5,-9.0,0.5,700.0,900.0,900.0,1.2579999999999723,0.7080000000000005,0.20800000000000016,4570.0,0
1.608,11416.0,9135.0,6844.0,11411.5,9131.5,6841.5,5000.0,4000.0,3000.0,-8.5,-9.0,0.5,700.0,900.0,900.0,1.2589999999999721,0.7090000000000005,0.20900000000000016,4572.0,0
1.609,11421.0,9139.0,6847.0,11416.5,9135.5,6844.5,5000.0,4000.0,3000.0,-8.5,-9.0,0.5,700.0,900.0,900.0,1.259999999999972,0.7100000000000005,0.21000000000000016,4574.0,0
1.61,11426.0,9143.0,6850.0,11421.5,9139.5,6847.5,5000.0,4000.0,3000.0,-8.5,-9.0,0.5,700.0,900.0,900.0,1.260999999999972,0.7110000000000005,0.21100000000000016,4576.0,0
1.611,11431.0,9147.0,6853.0,11426.5,9143.5,6850.5,5000.0,4000.0,3000.0,-8.5,-9.0,0.5,700.0,900.0,900.0,1.2619999999999718,0.7120000000000005,0.21200000000000016,4578.0,0
1.612,11436.0,9151.0,6856.0,11431.5,9147.5,6853.5,5000.0,4000.0,3000.0,-8.5,-9.0,0.5,700.0,900.0,900.0,1.2629999999999717,0.7130000000000005,0.21300000000000016,4580.0,0
1.613,11441.0,9155.0,6859.0,11436.5,9151.5,6856.5,5000.0,4000.0,3000.0,-8.5,-9.0,0.5,700.0,900.0,900.0,1.2639999999999716,0.7140000000000005,0.21400000000000016,4582.0,0
1.614,11447.0,9159.0,6862.0,11441.5,9155.5,6859.5,6000.0,4000.0,3000.0,-8.5,-9.0,0.5,700.0,900.0,900.0,1.2649999999999715,0.7150000000000005,0.21500000000000016,4585.0,0
1.615,11452.0,9163.0,6865.0,11447.5,9159.5,6862.5,5000.0,4000.0,3000.0,-9.5,-9.0,0.5,700.0,900.0,900.0,1.2659999999999714,0.7160000000000005,0.21600000000000016,4587.0,0
1.616,11457.0,9167.0,6868.0,11452.5,9163.5,6865.5,5000.0,4000.0,3000.0,-9.5,-9.0,0.5,700.0,900.0,900.0,1.2669999999999713,0.7170000000000005,0.21700000000000016,4589.0,0
1.617,11462.0,9171.0,6871.0,11457.5,9167.5,6868.5,5000.0,4000.0,3000.0,-9.5,-9.0,0.5,700.0,900.0,900.0,1.2679999999999712,0.7180000000000005,0.21800000000000017,4591.0,0
1.618,11467.0,9175.0,6874.0,11462.5,9171.5,6871.5,5000.0,4000.0,3000.0,-9.5,-9.0,0.5,700.0,900.0,900.0,1.268999999999971,0.7190000000000005,0.21900000000000017,4593.0,0
1.619,11472.0,9179.0,6877.0,11467.5,9175.5,6874.5,5000.0,4000.0,3000.0,-9.5,-9.0,0.5,700.0,900.0,900.0,1.269999999999971,0.7200000000000005,0.22000000000000017,4595.0,0
1.62,11477.0,9183.0,6880.0,11472.5,9179.5,6877.5,5000.0,4000.0,3000.0,-9.5,-9.0,0.5,700.0,900.0,900.0,1.2709999999999708,0.7210000000000005,0.22100000000000017,4597.0,0
1.621,11482.0,9187.0,6883.0,11477.5,9183.5,6880.5,5000.0,4000.0,3000.0,-9.5,-9.0,0.5,700.0,900.0,900.0,1.2719999999999707,0.7220000000000005,0.22200000000000017,4599.0,0
1.622,11487.0,9191.0,6886.0,11482.5,9187.5,6883.5,5000.0,4000.0,3000.0,-9.5,-9.0,0.5,700.0,900.0,900.0,1.2729999999999706,0.7230000000000005,0.22300000000000017,4601.0,0
1.623,11492.0,9195.0,6889.0,11487.5,9191.5,6886.5,5000.0,4000.0,3000.0,-9.5,-9.0,0.5,700.0,900.0,900.0,1.2739999999999705,0.7240000000000005,0.22400000000000017,4603.0,0
1.624,11497.0,9199.0,6892.0,11492.5,9195.5,6889.5,5000.0,4000.0,3000.0,-9.5,-9.0,0.5,700.0,900.0,900.0,1.2749999999999704,0.7250000000000005,0.22500000000000017,4605.0,0
1.625,11502.0,9203.0,6895.0,11497.5,9199.5,6892.5,5000.0,4000.0,3000.0,-9.5,-9.0,0.5,700.0,900.0,900.0,1.2759999999999703,0.7260000000000005,0.22600000000000017,4607.0,0
1.6260000000000001,11507.0,9207.0,6898.0,11502.5,9203.5,6895.5,5000.0,4000.0,3000.0,-9.5,-9.0,0.5,700.0,900.0,900.0,1.2769999999999702,0.7270000000000005,0.22700000000000017,4609.0,0
1.627,11513.0,9211.0,6902.0,11507.5,9207.5,6898.5,6000.0,4000.0,4000.0,-9.5,-9.0,0.5,700.0,900.0,900.0,1.27799999999997,0.7280000000000005,0.22800000000000017,4611.0,0
1.6280000000000001,11518.0,9215.0,6905.0,11513.5,9211.5,6902.5,5000.0,4000.0,3000.0,-8.83333333333394,-7.66666666666606,0.5,700.0,900.0,900.0,1.27899999999997,0.7290000000000005,0.22900000000000018,4613.0,0
1.629,11523.0,9219.0,6908.0,11518.5,9215.5,6905.5,5000.0,4000.0,3000.0,-8.83333333333394,-7.66666666666606,0.5,700.0,900.0,900.0,1.2799999999999698,0.7300000000000005,0.23000000000000018,4615.0,0
1.6300000000000001,11528.0,9223.0,6911.0,11523.5,9219.5,6908.5,5000.0,4000.0,3000.0,-8.83333333333394,-7.66666666666606,0.5,700.0,900.0,900.0,1.2809999999999697,0.7310000000000005,0.23100000000000018,4617.0,0
1.631,11533.0,9227.0,6914.0,11528.5,9223.5,6911.5,5000.0,4000.0,3000.0,-8.83333333333394,-7.66666666666606,0.5,700.0,900.0,900.0,1.2819999999999696,0.7320000000000005,0.23200000000000018,4619.0,0
1.6320000000000001,11538.0,9231.0,6917.0,11533.5,9227.5,6914.5,5000.0,4000.0,3000.0,-8.83333333333394,-7.66666666666606,0.5,700.0,900.0,900.0,1.2829999999999695,0.7330000000000005,0.23300000000000018,4621.0,0
1.633,11543.0,9235.0,6920.0,11538.5,9231.5,6917.5,5000.0,4000.0,3000.0,-8.83333333333394,-7.66666666666606,0.5,700.0,900.0,900.0,1.2839999999999694,0.7340000000000005,0.23400000000000018,4623.0,0
1.6340000000000001,11548.0,9239.0,6923.0,11543.5,9235.5,6920.5,5000.0,4000.0,3000.0,-8.83333333333394,-7.66666666666606,0.5,700.0,900.0,900.0,1.2849999999999693,0.7350000000000005,0.23500000000000018,4625.0,0
1.635,11553.0,9243.0,6926.0,11548.5,9239.5,6923.5,5000.0,4000.0,3000.0,-8.83333333333394,-7.66666666666606,0.5,700.0,900.0,900.0,1.2859999999999692,0.7360000000000005,0.23600000000000018,4627.0,0
1.6360000000000001,11558.0,9247.0,6929.0,11553.5,9243.5,6926.5,5000.0,4000.0,3000.0,-8.83333333333394,-7.66666666666606,0.5,700.0,900.0,900.0,1.286999999999969,0.7370000000000005,0.23700000000000018,4629.0,0
1.637,11563.0,9251.0,6932.0,11558.5,9247.5,6929.5,5000.0,4000.0,3000.0,-8.83333333333394,-7.66666666666606,0.5,700.0,900.0,900.0,1.287999999999969,0.7380000000000005,0.23800000000000018,4631.0,0
1.6380000000000001,11568.0,9255.0,6935.0,11563.5,9251.5,6932.5,5000.0,4000.0,3000.0,-8.83333333333394,-7.66666666666606,0.5,700.0,900.0,900.0,1.2889999999999688,0.7390000000000005,0.23900000000000018,4633.0,0
1.639,11574.0,9259.0,6938.0,11568.5,9255.5,6935.5,6000.0,4000.0,3000.0,-8.83333333333394,-7.66666666666606,0.5,700.0,900.0,900.0,1.2899999999999687,0.7400000000000005,0.24000000000000019,4636.0,0
1.6400000000000001,11579.0,9263.0,6941.0,11574.5,9259.5,6938.5,5000.0,4000.0,3000.0,-9.83333333333394,-7.66666666666606,0.5,700.0,900.0,900.0,1.2909999999999686,0.7410000000000005,0.2410000000000002,4638.0,0
1.641,11584.0,9267.0,6944.0,11579.5,9263.5,6941.5,5000.0,4000.0,3000.0,-9.83333333333394,-7.66666666666606,0.5,700.0,900.0,900.0,1.2919999999999685,0.7420000000000005,0.2420000000000002,4640.0,0
1.6420000000000001,11589.0,9271.0,6947.0,11584.5,9267.5,6944.5,5000.0,4000.0,3000.0,-9.83333333333394,-7.66666666666606,0.5,700.0,900.0,900.0,1.2929999999999684,0.7430000000000005,0.2430000000000002,4642.0,0
1.643,11594.0,9275.0,6950.0,11589.5,9271.5,6947.5,5000.0,4000.0,3000.0,-9.83333333333394,-7.66666666666606,0.5,700.0,900.0,900.0,1.2939999999999683,0.7440000000000005,0.2440000000000002,4644.0,0
1.6440000000000001,11599.0,9279.0,6953.0,11594.5,9275.5,6950.5,5000.0,4000.0,3000.0,-9.83333333333394,-7.66666666666606,0.5,700.0,900.0,900.0,1.2949999999999682,0.7450000000000006,0.2450000000000002,4646.0,0
1.645,11604.0,9283.0,6956.0,11599.5,9279.5,6953.5,5000.0,4000.0,3000.0,-9.83333333333394,-7.66666666666606,0.5,700.0,900.0,900.0,1.295999999999968,0.7460000000000006,0.2460000000000002,4648.0,0
1.6460000000000001,11609.0,9287.0,6959.0,11604.5,9283.5,6956.5,5000.0,4000.0,3000.0,-9.83333333333394,-7.66666666666606,0.5,700.0,900.0,900.0,1.296999999999968,0.7470000000000006,0.2470000000000002,4650.0,0
1.647,11614.0,9291.0,6962.0,11609.5,9287.5,6959.5,5000.0,4000.0,3000.0,-9.83333333333394,-7.66666666666606,0.5,700.0,900.0,900.0,1.2979999999999678,0.7480000000000006,0.2480000000000002,4652.0,0
1.6480000000000001,11619.0,9295.0,6965.0,11614.5,9291.5,6962.5,5000.0,4000.0,3000.0,-9.83333333333394,-7.66666666666606,0.5,700.0,900.0,900.0,1.2989999999999677,0.7490000000000006,0.2490000000000002,4654.0,0
1.649,11624.0,9299.0,6968.0,11619.5,9295.5,6965.5,5000.0,4000.0,3000.0,-9.83333333333394,-7.66666666666606,0.5,700.0,900.0,900.0,1.2999999999999676,0.7500000000000006,0.25000000000000017,4656.0,0
1.6500000000000001,11629.0,9303.0,6971.0,11624.5,9299.5,6968.5,5000.0,4000.0,3000.0,-9.83333333333394,-7.66666666666606,0.5,700.0,900.0,900.0,1.3009999999999675,0.7510000000000006,0.25100000000000017,4658.0,0
1.651,11634.0,9307.0,6974.0,11629.5,9303.5,6971.5,5000.0,4000.0,3000.0,-9.83333333333394,-7.66666666666606,0.5,700.0,900.0,900.0,1.3019999999999674,0.7520000000000006,0.25200000000000017,4660.0,0
1.6520000000000001,11640.0,9312.0,6977.0,11634.5,9307.5,6974.5,6000.0,5000.0,3000.0,-9.83333333333394,-7.66666666666606,0.5,700.0,900.0,900.0,1.3029999999999673,0.7530000000000006,0.25300000000000017,4663.0,0
1.653,11644.0,9316.0,6980.0,11640.5,9312.5,6977.5,4000.0,4000.0,3000.0,-10.83333333333394,-8.66666666666606,0.5,700.0,900.0,900.0,1.3039999999999672,0.7540000000000006,0.25400000000000017,4664.0,0
1.6540000000000001,11650.0,9320.0,6983.0,11644.5,9316.5,6980.5,6000.0,4000.0,3000.0,-9.83333333333394,-8.66666666666606,0.5,700.0,900.0,900.0,1.304999999999967,0.7550000000000006,0.25500000000000017,4667.0,0
1.655,11654.0,9324.0,6987.0,11650.5,9320.5,6983.5,4000.0,4000.0,4000.0,-10.83333333333394,-8.66666666666606,0.5,700.0,900.0,900.0,1.305999999999967,0.7560000000000006,0.25600000000000017,4667.0,0
1.6560000000000001,11659.0,9328.0,6990.0,11654.5,9324.5,6987.5,5000.0,4000.0,3000.0,-8.16666666666606,-7.33333333333394,0.5,700.0,900.0,900.0,1.3069999999999669,0.7570000000000006,0.2570000000000002,4669.0,0
1.657,11665.0,9332.0,6993.0,11659.5,9328.5,6990.5,6000.0,4000.0,3000.0,-8.16666666666606,-7.33333333333394,0.5,700.0,900.0,900.0,1.3079999999999667,0.7580000000000006,0.2580000000000002,4672.0,0
1.6580000000000001,11670.0,9336.0,6996.0,11665.5,9332.5,6993.5,5000.0,4000.0,3000.0,-9.16666666666606,-7.33333333333394,0.5,700.0,900.0,900.0,1.3089999999999666,0.7590000000000006,0.2590000000000002,4674.0,0
1.659,11675.0,9340.0,6999.0,11670.5,9336.5,6996.5,5000.0,4000.0,3000.0,-9.16666666666606,-7.33333333333394,0.5,700.0,900.0,900.0,1.3099999999999665,0.7600000000000006,0.2600000000000002,4676.0,0
1.6600000000000001,11680.0,9344.0,7002.0,11675.5,9340.5,6999.5,5000.0,4000.0,3000.0,-9.16666666666606,-7.33333333333394,0.5,700.0,900.0,900.0,1.3109999999999664,0.7610000000000006,0.2610000000000002,4678.0,0
1.661,11685.0,9348.0,7005.0,11680.5,9344.5,7002.5,5000.0,4000.0,3000.0,-9.16666666666606,-7.33333333333394,0.5,700.0,900.0,900.0,1.3119999999999663,0.7620000000000006,0.2620000000000002,4680.0,0
1.6620000000000001,11690.0,9352.0,7008.0,11685.5,9348.5,7005.5,5000.0,4000.0,3000.0,-9.16666666666606,-7.33333333333394,0.5,700.0,900.0,900.0,1.3129999999999662,0.7630000000000006,0.2630000000000002,4682.0,0
1.663,11695.0,9356.0,7011.0,11690.5,9352.5,7008.5,5000.0,4000.0,3000.0,-9.16666666666606,-7.33333333333394,0.5,700.0,900.0,900.0,1.313999999999966,0.7640000000000006,0.2640000000000002,4684.0,0
1.6640000000000001,11700.0,9360.0,7014.0,11695.5,9356.5,7011.5,5000.0,4000.0,3000.0,-9.16666666666606,-7.33333333333394,0.5,700.0,900.0,900.0,1.314999999999966,0.7650000000000006,0.2650000000000002,4686.0,0
1.665,11705.0,9364.0,7017.0,11700.5,9360.5,7014.5,5000.0,4000.0,3000.0,-9.16666666666606,-7.33333333333394,0.5,700.0,900.0,900.0,1.3159999999999659,0.7660000000000006,0.2660000000000002,4688.0,0
1.666,11710.0,9368.0,7020.0,11705.5,9364.5,7017.5,5000.0,4000.0,3000.0,-9.16666666666606,-7.33333333333394,0.5,700.0,900.0,900.0,1.3169999999999658,0.7670000000000006,0.2670000000000002,4690.0,0
1.667,11715.0,9372.0,7023.0,11710.5,9368.5,7020.5,5000.0,4000.0,3000.0,-9.16666666666606,-7.33333333333394,0.5,700.0,900.0,900.0,1.3179999999999656,0.7680000000000006,0.2680000000000002,4692.0,0
1.668,11720.0,9376.0,7026.0,11715.5,9372.5,7023.5,5000.0,4000.0,3000.0,-9.16666666666606,-7.33333333333394,0.5,700.0,900.0,900.0,1.3189999999999655,0.7690000000000006,0.2690000000000002,4694.0,0
1.669,11725.0,9380.0,7029.0,11720.5,9376.5,7026.5,5000.0,4000.0,3000.0,-9.16666666666606,-7.33333333333394,0.5,700.0,900.0,900.0,1.3199999999999654,0.7700000000000006,0.2700000000000002,4696.0,0
1.67,11730.0,9384.0,7032.0,11725.5,9380.5,7029.5,5000.0,4000.0,3000.0,-9.16666666666606,-7.33333333333394,0.5,700.0,900.0,900.0,1.3209999999999653,0.7710000000000006,0.2710000000000002,4698.0,0
1.671,11735.0,9388.0,7035.0,11730.5,9384.5,7032.5,5000.0,4000.0,3000.0,-9.16666666666606,-7.33333333333394,0.5,700.0,900.0,900.0,1.3219999999999652,0.7720000000000006,0.2720000000000002,4700.0,0
1.672,11740.0,9392.0,7038.0,11735.5,9388.5,7035.5,5000.0,4000.0,3000.0,-9.16666666666606,-7.33333333333394,0.5,700.0,900.0,900.0,1.322999999999965,0.7730000000000006,0.2730000000000002,4702.0,0
1.673,11746.0,9396.0,7041.0,11740.5,9392.5,7038.5,6000.0,4000.0,3000.0,-9.16666666666606,-7.33333333333394,0.5,700.0,900.0,900.0,1.323999999999965,0.7740000000000006,0.2740000000000002,4705.0,0
1.674,11750.0,9400.0,7044.0,11746.5,9396.5,7041.5,4000.0,4000.0,3000.0,-10.16666666666606,-7.33333333333394,0.5,700.0,900.0,900.0,1.3249999999999649,0.7750000000000006,0.2750000000000002,4706.0,0
1.675,11755.0,9404.0,7047.0,11750.5,9400.5,7044.5,5000.0,4000.0,3000.0,-9.16666666666606,-7.33333333333394,0.5,700.0,900.0,900.0,1.3259999999999648,0.7760000000000006,0.2760000000000002,4708.0,0
1.676,11761.0,9408.0,7050.0,11755.5,9404.5,7047.5,6000.0,4000.0,3000.0,-9.16666666666606,-7.33333333333394,0.5,700.0,900.0,900.0,1.3269999999999647,0.7770000000000006,0.2770000000000002,4711.0,0
1.677,11765.0,9412.0,7053.0,11761.5,9408.5,7050.5,4000.0,4000.0,3000.0,-10.16666666666606,-7.33333333333394,0.5,700.0,900.0,900.0,1.3279999999999645,0.7780000000000006,0.2780000000000002,4712.0,0
1.678,11770.0,9416.0,7056.0,11765.5,9412.5,7053.5,5000.0,4000.0,3000.0,-9.16666666666606,-7.33333333333394,0.5,700.0,900.0,900.0,1.3289999999999644,0.7790000000000006,0.2790000000000002,4714.0,0
1.679,11776.0,9420.0,7059.0,11770.5,9416.5,7056.5,6000.0,4000.0,3000.0,-9.16666666666606,-7.33333333333394,0.5,700.0,900.0,900.0,1.3299999999999643,0.7800000000000006,0.2800000000000002,4717.0,0
1.68,11780.0,9424.0,7062.0,11776.5,9420.5,7059.5,4000.0,4000.0,3000.0,-10.16666666666606,-7.33333333333394,0.5,700.0,900.0,900.0,1.3309999999999642,0.7810000000000006,0.2810000000000002,4718.0,0
1.681,11785.0,9428.0,7065.0,11780.5,9424.5,7062.5,5000.0,4000.0,3000.0,-9.16666666666606,-7.33333333333394,0.5,700.0,900.0,900.0,1.331999999999964,0.7820000000000006,0.2820000000000002,4720.0,0
1.682,11790.0,9432.0,7068.0,11785.5,9428.5,7065.5,5000.0,4000.0,3000.0,-9.16666666666606,-7.33333333333394,0.5,700.0,900.0,900.0,1.332999999999964,0.7830000000000006,0.2830000000000002,4722.0,0
1.683,11796.0,9436.0,7072.0,11790.5,9432.5,7068.5,6000.0,4000.0,4000.0,-9.16666666666606,-7.33333333333394,0.5,700.0,900.0,900.0,1.3339999999999639,0.7840000000000006,0.2840000000000002,4724.0,0
1.684,11801.0,9440.0,7075.0,11796.5,9436.5,7072.5,5000.0,4000.0,3000.0,-8.5,-6.0,0.5,700.0,900.0,900.0,1.3349999999999638,0.7850000000000006,0.2850000000000002,4726.0,0
1.685,11806.0,9444.0,7078.0,11801.5,9440.5,7075.5,5000.0,4000.0,3000.0,-8.5,-6.0,0.5,700.0,900.0,900.0,1.3359999999999637,0.7860000000000006,0.2860000000000002,4728.0,0
1.686,11811.0,9448.0,7081.0,11806.5,9444.5,7078.5,5000.0,4000.0,3000.0,-8.5,-6.0,0.5,700.0,900.0,900.0,1.3369999999999636,0.7870000000000006,0.2870000000000002,4730.0,0
1.687,11816.0,9452.0,7084.0,11811.5,9448.5,7081.5,5000.0,4000.0,3000.0,-8.5,-6.0,0.5,700.0,900.0,900.0,1.3379999999999634,0.7880000000000006,0.2880000000000002,4732.0,0
1.688,11821.0,9456.0,7087.0,11816.5,9452.5,7084.5,5000.0,4000.0,3000.0,-8.5,-6.0,0.5,700.0,900.0,900.0,1.3389999999999633,0.7890000000000006,0.2890000000000002,4734.0,0
1.689,11826.0,9460.0,7090.0,11821.5,9456.5,7087.5,5000.0,4000.0,3000.0,-8.5,-6.0,0.5,700.0,900.0,900.0,1.3399999999999632,0.7900000000000006,0.2900000000000002,4736.0,0
1.69,11831.0,9464.0,7093.0,11826.5,9460.5,7090.5,5000.0,4000.0,3000.0,-8.5,-6.0,0.5,700.0,900.0,900.0,1.340999999999963,0.7910000000000006,0.2910000000000002,4738.0,0
1.691,11836.0,9468.0,7096.0,11831.5,9464.5,7093.5,5000.0,4000.0,3000.0,-8.5,-6.0,0.5,700.0,900.0,900.0,1.341999999999963,0.7920000000000006,0.2920000000000002,4740.0,0
1.692,11841.0,9472.0,7099.0,11836.5,9468.5,7096.5,5000.0,4000.0,3000.0,-8.5,-6.0,0.5,700.0,900.0,900.0,1.342999999999963,0.7930000000000006,0.2930000000000002,4742.0,0
1.693,11846.0,9476.0,7102.0,11841.5,9472.5,7099.5,5000.0,4000.0,3000.0,-8.5,-6.0,0.5,700.0,900.0,900.0,1.3439999999999628,0.7940000000000006,0.2940000000000002,4744.0,0
1.694,11851.0,9480.0,7105.0,11846.5,9476.5,7102.5,5000.0,4000.0,3000.0,-8.5,-6.0,0.5,700.0,900.0,900.0,1.3449999999999627,0.7950000000000006,0.2950000000000002,4746.0,0
1.695,11856.0,9484.0,7108.0,11851.5,9480.5,7105.5,5000.0,4000.0,3000.0,-8.5,-6.0,0.5,700.0,900.0,900.0,1.3459999999999626,0.7960000000000006,0.2960000000000002,4748.0,0
1.696,11861.0,9488.0,7111.0,11856.5,9484.5,7108.5,5000.0,4000.0,3000.0,-8.5,-6.0,0.5,700.0,900.0,900.0,1.3469999999999624,0.7970000000000006,0.2970000000000002,4750.0,0
1.697,11866.0,9492.0,7114.0,11861.5,9488.5,7111.5,5000.0,4000.0,3000.0,-8.5,-6.0,0.5,700.0,900.0,900.0,1.3479999999999623,0.7980000000000006,0.2980000000000002,4752.0,0
1.698,11871.0,9496.0,7117.0,11866.5,9492.5,7114.5,5000.0,4000.0,3000.0,-8.5,-6.0,0.5,700.0,900.0,900.0,1.3489999999999622,0.7990000000000006,0.2990000000000002,4754.0,0
1.699,11876.0,9501.0,7120.0,11871.5,9496.5,7117.5,5000.0,5000.0,3000.0,-8.5,-6.0,0.5,700.0,900.0,900.0,1.3499999999999621,0.8000000000000006,0.3000000000000002,4756.0,0
1.7,11881.0,9505.0,7123.0,11876.5,9501.5,7120.5,5000.0,4000.0,3000.0,-8.5,-7.0,0.5,700.0,900.0,900.0,1.350999999999962,0.8010000000000006,0.3010000000000002,4758.0,0
1.701,11886.0,9509.0,7126.0,11881.5,9505.5,7123.5,5000.0,4000.0,3000.0,-8.5,-7.0,0.5,700.0,900.0,900.0,1.351999999999962,0.8020000000000006,0.3020000000000002,4760.0,0
1.702,11891.0,9513.0,7129.0,11886.5,9509.5,7126.5,5000.0,4000.0,3000.0,-8.5,-7.0,0.5,700.0,900.0,900.0,1.3529999999999618,0.8030000000000006,0.3030000000000002,4762.0,0
1.703,11896.0,9517.0,7132.0,11891.5,9513.5,7129.5,5000.0,4000.0,3000.0,-8.5,-7.0,0.5,700.0,900.0,900.0,1.3539999999999617,0.8040000000000006,0.3040000000000002,4764.0,0
1.704,11902.0,9521.0,7135.0,11896.5,9517.5,7132.5,6000.0,4000.0,3000.0,-8.5,-7.0,0.5,700.0,900.0,900.0,1.3549999999999616,0.8050000000000006,0.3050000000000002,4767.0,0
1.705,11907.0,9525.0,7138.0,11902.5,9521.5,7135.5,5000.0,4000.0,3000.0,-9.5,-7.0,0.5,700.0,900.0,900.0,1.3559999999999615,0.8060000000000006,0.3060000000000002,4769.0,0
1.706,11912.0,9529.0,7141.0,11907.5,9525.5,7138.5,5000.0,4000.0,3000.0,-9.5,-7.0,0.5,700.0,900.0,900.0,1.3569999999999613,0.8070000000000006,0.3070000000000002,4771.0,0
1.707,11917.0,9533.0,7144.0,11912.5,9529.5,7141.5,5000.0,4000.0,3000.0,-9.5,-7.0,0.5,700.0,900.0,900.0,1.3579999999999612,0.8080000000000006,0.3080000000000002,4773.0,0
1.708,11922.0,9537.0,7147.0,11917.5,9533.5,7144.5,5000.0,4000.0,3000.0,-9.5,-7.0,0.5,700.0,900.0,900.0,1.3589999999999611,0.8090000000000006,0.3090000000000002,4775.0,0
1.709,11927.0,9541.0,7150.0,11922.5,9537.5,7147.5,5000.0,4000.0,3000.0,-9.5,-7.0,0.5,700.0,900.0,900.0,1.359999999999961,0.8100000000000006,0.3100000000000002,4777.0,0
1.71,11932.0,9545.0,7153.0,11927.5,9541.5,7150.5,5000.0,4000.0,3000.0,-9.5,-7.0,0.5,700.0,900.0,900.0,1.360999999999961,0.8110000000000006,0.3110000000000002,4779.0,0
1.711,11937.0,9549.0,7157.0,11932.5,9545.5,7153.5,5000.0,4000.0,4000.0,-9.5,-7.0,0.5,700.0,900.0,900.0,1.3619999999999608,0.8120000000000006,0.3120000000000002,4780.0,0
1.712,11942.0,9553.0,7160.0,11937.5,9549.5,7157.5,5000.0,4000.0,3000.0,-7.83333333333394,-5.66666666666606,0.5,700.0,900.0,900.0,1.3629999999999607,0.8130000000000006,0.3130000000000002,4782.0,0
1.713,11947.0,9557.0,7163.0,11942.5,9553.5,7160.5,5000.0,4000.0,3000.0,-7.83333333333394,-5.66666666666606,0.5,700.0,900.0,900.0,1.3639999999999606,0.8140000000000006,0.3140000000000002,4784.0,0
1.714,11952.0,9561.0,7166.0,11947.5,9557.5,7163.5,5000.0,4000.0,3000.0,-7.83333333333394,-5.66666666666606,0.5,700.0,900.0,900.0,1.3649999999999605,0.8150000000000006,0.3150000000000002,4786.0,0
1.715,11957.0,9565.0,7169.0,11952.5,9561.5,7166.5,5000.0,4000.0,3000.0,-7.83333333333394,-5.66666666666606,0.5,700.0,900.0,900.0,1.3659999999999604,0.8160000000000006,0.3160000000000002,4788.0,0
1.716,11962.0,9569.0,7172.0,11957.5,9565.5,7169.5,5000.0,4000.0,3000.0,-7.83333333333394,-5.66666666666606,0.5,700.0,900.0,900.0,1.3669999999999602,0.8170000000000006,0.3170000000000002,4790.0,0
1.717,11967.0,9573.0,7175.0,11962.5,9569.5,7172.5,5000.0,4000.0,3000.0,-7.83333333333394,-5.66666666666606,0.5,700.0,900.0,900.0,1.3679999999999601,0.8180000000000006,0.3180000000000002,4792.0,0
1.718,11972.0,9577.0,7178.0,11967.5,9573.5,7175.5,5000.0,4000.0,3000.0,-7.83333333333394,-5.66666666666606,0.5,700.0,900.0,900.0,1.36899999999996,0.8190000000000006,0.31900000000000023,4794.0,0
1.719,11977.0,9581.0,7181.0,11972.5,9577.5,7178.5,5000.0,4000.0,3000.0,-7.83333333333394,-5.66666666666606,0.5,700.0,900.0,900.0,1.36999999999996,0.8200000000000006,0.32000000000000023,4796.0,0
1.72,11982.0,9585.0,7184.0,11977.5,9581.5,7181.5,5000.0,4000.0,3000.0,-7.83333333333394,-5.66666666666606,0.5,700.0,900.0,900.0,1.3709999999999598,0.8210000000000006,0.32100000000000023,4798.0,0
1.721,11987.0,9589.0,7187.0,11982.5,9585.5,7184.5,5000.0,4000.0,3000.0,-7.83333333333394,-5.66666666666606,0.5,700.0,900.0,900.0,1.3719999999999597,0.8220000000000006,0.32200000000000023,4800.0,0
1.722,11992.0,9593.0,7190.0,11987.5,9589.5,7187.5,5000.0,4000.0,3000.0,-7.83333333333394,-5.66666666666606,0.5,700.0,900.0,900.0,1.3729999999999596,0.8230000000000006,0.32300000000000023,4802.0,0
1.723,11997.0,9597.0,7193.0,11992.5,9593.5,7190.5,5000.0,4000.0,3000.0,-7.83333333333394,-5.66666666666606,0.5,700.0,900.0,900.0,1.3739999999999595,0.8240000000000006,0.32400000000000023,4804.0,0
1.724,12002.0,9601.0,7196.0,11997.5,9597.5,7193.5,5000.0,4000.0,3000.0,-7.83333333333394,-5.66666666666606,0.5,700.0,900.0,900.0,1.3749999999999594,0.8250000000000006,0.32500000000000023,4806.0,0
1.725,12007.0,9605.0,7199.0,12002.5,9601.5,7196.5,5000.0,4000.0,3000.0,-7.83333333333394,-5.66666666666606,0.5,700.0,900.0,900.0,1.3759999999999593,0.8260000000000006,0.32600000000000023,4808.0,0
1.726,12013.0,9609.0,7202.0,12007.5,9605.5,7199.5,6000.0,4000.0,3000.0,-7.83333333333394,-5.66666666666606,0.5,700.0,900.0,900.0,1.3769999999999591,0.8270000000000006,0.32700000000000023,4811.0,0
1.727,12018.0,9613.0,7205.0,12013.5,9609.5,7202.5,5000.0,4000.0,3000.0,-8.83333333333394,-5.66666666666606,0.5,700.0,900.0,900.0,1.377999999999959,0.8280000000000006,0.32800000000000024,4813.0,0
1.728,12023.0,9617.0,7208.0,12018.5,9613.5,7205.5,5000.0,4000.0,3000.0,-8.83333333333394,-5.66666666666606,0.5,700.0,900.0,900.0,1.378999999999959,0.8290000000000006,0.32900000000000024,4815.0,0
1.729,12028.0,9621.0,7211.0,12023.5,9617.5,7208.5,5000.0,4000.0,3000.0,-8.83333333333394,-5.66666666666606,0.5,700.0,900.0,900.0,1.3799999999999588,0.8300000000000006,0.33000000000000024,4817.0,0
1.73,12033.0,9625.0,7214.0,12028.5,9621.5,7211.5,5000.0,4000.0,3000.0,-8.83333333333394,-5.66666666666606,0.5,700.0,900.0,900.0,1.3809999999999587,0.8310000000000006,0.33100000000000024,4819.0,0
1.731,12038.0,9629.0,7217.0,12033.5,9625.5,7214.5,5000.0,4000.0,3000.0,-8.83333333333394,-5.66666666666606,0.5,700.0,900.0,900.0,1.3819999999999586,0.8320000000000006,0.33200000000000024,4821.0,0
1.732,12043.0,9633.0,7220.0,12038.5,9629.5,7217.5,5000.0,4000.0,3000.0,-8.83333333333394,-5.66666666666606,0.5,700.0,900.0,900.0,1.3829999999999585,0.8330000000000006,0.33300000000000024,4823.0,0
1.733,12048.0,9637.0,7223.0,12043.5,9633.5,7220.5,5000.0,4000.0,3000.0,-8.83333333333394,-5.66666666666606,0.5,700.0,900.0,900.0,1.3839999999999584,0.8340000000000006,0.33400000000000024,4825.0,0
1.734,12053.0,9641.0,7226.0,12048.5,9637.5,7223.5,5000.0,4000.0,3000.0,-8.83333333333394,-5.66666666666606,0.5,700.0,900.0,900.0,1.3849999999999583,0.8350000000000006,0.33500000000000024,4827.0,0
1.735,12058.0,9645.0,7229.0,12053.5,9641.5,7226.5,5000.0,4000.0,3000.0,-8.83333333333394,-5.66666666666606,0.5,700.0,900.0,900.0,1.3859999999999582,0.8360000000000006,0.33600000000000024,4829.0,0
1.736,12063.0,9649.0,7232.0,12058.5,9645.5,7229.5,5000.0,4000.0,3000.0,-8.83333333333394,-5.66666666666606,0.5,700.0,900.0,900.0,1.386999999999958,0.8370000000000006,0.33700000000000024,4831.0,0
1.737,12068.0,9653.0,7235.0,12063.5,9649.5,7232.5,5000.0,4000.0,3000.0,-8.83333333333394,-5.66666666666606,0.5,700.0,900.0,900.0,1.387999999999958,0.8380000000000006,0.33800000000000024,4833.0,0
1.738,12073.0,9657.0,7238.0,12068.5,9653.5,7235.5,5000.0,4000.0,3000.0,-8.83333333333394,-5.66666666666606,0.5,700.0,900.0,900.0,1.3889999999999578,0.8390000000000006,0.33900000000000025,4835.0,0
1.739,12078.0,9661.0,7242.0,12073.5,9657.5,7238.5,5000.0,4000.0,4000.0,-8.83333333333394,-5.66666666666606,0.5,700.0,900.0,900.0,1.3899999999999577,0.8400000000000006,0.34000000000000025,4836.0,0
1.74,12083.0,9665.0,7245.0,12078.5,9661.5,7242.5,5000.0,4000.0,3000.0,-7.16666666666606,-4.33333333333394,0.5,700.0,900.0,900.0,1.3909999999999576,0.8410000000000006,0.34100000000000025,4838.0,0
1.741,12088.0,9669.0,7248.0,12083.5,9665.5,7245.5,5000.0,4000.0,3000.0,-7.16666666666606,-4.33333333333394,0.5,700.0,900.0,900.0,1.3919999999999575,0.8420000000000006,0.34200000000000025,4840.0,0
1.742,12093.0,9673.0,7251.0,12088.5,9669.5,7248.5,5000.0,4000.0,3000.0,-7.16666666666606,-4.33333333333394,0.5,700.0,900.0,900.0,1.3929999999999574,0.8430000000000006,0.34300000000000025,4842.0,0
1.743,12098.0,9677.0,7254.0,12093.5,9673.5,7251.5,5000.0,4000.0,3000.0,-7.16666666666606,-4.33333333333394,0.5,700.0,900.0,900.0,1.3939999999999573,0.8440000000000006,0.34400000000000025,4844.0,0
1.744,12103.0,9681.0,7257.0,12098.5,9677.5,7254.5,5000.0,4000.0,3000.0,-7.16666666666606,-4.33333333333394,0.5,700.0,900.0,900.0,1.3949999999999572,0.8450000000000006,0.34500000000000025,4846.0,0
1.745,12108.0,9685.0,7260.0,12103.5,9681.5,7257.5,5000.0,4000.0,3000.0,-7.16666666666606,-4.33333333333394,0.5,700.0,900.0,900.0,1.395999999999957,0.8460000000000006,0.34600000000000025,4848.0,0
1.746,12113.0,9690.0,7263.0,12108.5,9685.5,7260.5,5000.0,5000.0,3000.0,-7.16666666666606,-4.33333333333394,0.5,700.0,900.0,900.0,1.396999999999957,0.8470000000000006,0.34700000000000025,4850.0,0
1.747,12119.0,9694.0,7266.0,12113.5,9690.5,7263.5,6000.0,4000.0,3000.0,-7.16666666666606,-5.33333333333394,0.5,700.0,900.0,900.0,1.3979999999999568,0.8480000000000006,0.34800000000000025,4853.0,0
1.748,12124.0,9698.0,7269.0,12119.5,9694.5,7266.5,5000.0,4000.0,3000.0,-8.16666666666606,-5.33333333333394,0.5,700.0,900.0,900.0,1.3989999999999567,0.8490000000000006,0.34900000000000025,4855.0,0
1.749,12129.0,9702.0,7272.0,12124.5,9698.5,7269.5,5000.0,4000.0,3000.0,-8.16666666666606,-5.33333333333394,0.5,700.0,900.0,900.0,1.3999999999999566,0.8500000000000006,0.35000000000000026,4857.0,0
1.75,12134.0,9706.0,7275.0,12129.5,9702.5,7272.5,5000.0,4000.0,3000.0,-8.16666666666606,-5.33333333333394,0.5,700.0,900.0,900.0,1.4009999999999565,0.8510000000000006,0.35100000000000026,4859.0,0
1.7510000000000001,12139.0,9710.0,7278.0,12134.5,9706.5,7275.5,5000.0,4000.0,3000.0,-8.16666666666606,-5.33333333333394,0.5,700.0,900.0,900.0,1.4019999999999564,0.8520000000000006,0.35200000000000026,4861.0,0
1.752,12144.0,9714.0,7281.0,12139.5,9710.5,7278.5,5000.0,4000.0,3000.0,-8.16666666666606,-5.33333333333394,0.5,700.0,900.0,900.0,1.4029999999999563,0.8530000000000006,0.35300000000000026,4863.0,0
1.7530000000000001,12149.0,9718.0,7284.0,12144.5,9714.5,7281.5,5000.0,4000.0,3000.0,-8.16666666666606,-5.33333333333394,0.5,700.0,900.0,900.0,1.4039999999999562,0.8540000000000006,0.35400000000000026,4865.0,0
1.754,12154.0,9722.0,7287.0,12149.5,9718.5,7284.5,5000.0,4000.0,3000.0,-8.16666666666606,-5.33333333333394,0.5,700.0,900.0,900.0,1.404999999999956,0.8550000000000006,0.35500000000000026,4867.0,0
1.7550000000000001,12159.0,9726.0,7290.0,12154.5,9722.5,7287.5,5000.0,4000.0,3000.0,-8.16666666666606,-5.33333333333394,0.5,700.0,900.0,900.0,1.405999999999956,0.8560000000000006,0.35600000000000026,4869.0,0
1.756,12164.0,9730.0,7293.0,12159.5,9726.5,7290.5,5000.0,4000.0,3000.0,-8.16666666666606,-5.33333333333394,0.5,700.0,900.0,900.0,1.4069999999999558,0.8570000000000007,0.35700000000000026,4871.0,0
1.7570000000000001,12169.0,9734.0,7296.0,12164.5,9730.5,7293.5,5000.0,4000.0,3000.0,-8.16666666666606,-5.33333333333394,0.5,700.0,900.0,900.0,1.4079999999999557,0.8580000000000007,0.35800000000000026,4873.0,0
1.758,12174.0,9738.0,7299.0,12169.5,9734.5,7296.5,5000.0,4000.0,3000.0,-8.16666666666606,-5.33333333333394,0.5,700.0,900.0,900.0,1.4089999999999556,0.8590000000000007,0.35900000000000026,4875.0,0
1.7590000000000001,12179.0,9742.0,7302.0,12174.5,9738.5,7299.5,5000.0,4000.0,3000.0,-8.16666666666606,-5.33333333333394,0.5,700.0,900.0,900.0,1.4099999999999555,0.8600000000000007,0.36000000000000026,4877.0,0
1.76,12184.0,9746.0,7305.0,12179.5,9742.5,7302.5,5000.0,4000.0,3000.0,-8.16666666666606,-5.33333333333394,0.5,700.0,900.0,900.0,1.4109999999999554,0.8610000000000007,0.36100000000000027,4879.0,0
1.7610000000000001,12189.0,9750.0,7308.0,12184.5,9746.5,7305.5,5000.0,4000.0,3000.0,-8.16666666666606,-5.33333333333394,0.5,700.0,900.0,900.0,1.4119999999999553,0.8620000000000007,0.36200000000000027,4881.0,0
1.762,12194.0,9754.0,7311.0,12189.5,9750.5,7308.5,5000.0,4000.0,3000.0,-8.16666666666606,-5.33333333333394,0.5,700.0,900.0,900.0,1.4129999999999552,0.8630000000000007,0.36300000000000027,4883.0,0
1.7630000000000001,12199.0,9758.0,7314.0,12194.5,9754.5,7311.5,5000.0,4000.0,3000.0,-8.16666666666606,-5.33333333333394,0.5,700.0,900.0,900.0,1.413999999999955,0.8640000000000007,0.36400000000000027,4885.0,0
1.764,12204.0,9762.0,7317.0,12199.5,9758.5,7314.5,5000.0,4000.0,3000.0,-8.16666666666606,-5.33333333333394,0.5,700.0,900.0,900.0,1.414999999999955,0.8650000000000007,0.36500000000000027,4887.0,0
1.7650000000000001,12209.0,9766.0,7320.0,12204.5,9762.5,7317.5,5000.0,4000.0,3000.0,-8.16666666666606,-5.33333333333394,0.5,700.0,900.0,900.0,1.4159999999999549,0.8660000000000007,0.36600000000000027,4889.0,0
1.766,12214.0,9770.0,7324.0,12209.5,9766.5,7320.5,5000.0,4000.0,4000.0,-8.16666666666606,-5.33333333333394,0.5,700.0,900.0,900.0,1.4169999999999547,0.8670000000000007,0.36700000000000027,4890.0,0
1.7670000000000001,12219.0,9774.0,7327.0,12214.5,9770.5,7324.5,5000.0,4000.0,3000.0,-6.5,-4.0,0.5,700.0,900.0,900.0,1.4179999999999546,0.8680000000000007,0.36800000000000027,4892.0,0
1.768,12225.0,9778.0,7330.0,12219.5,9774.5,7327.5,6000.0,4000.0,3000.0,-6.5,-4.0,0.5,700.0,900.0,900.0,1.4189999999999545,0.8690000000000007,0.36900000000000027,4895.0,0
1.7690000000000001,12230.0,9782.0,7333.0,12225.5,9778.5,7330.5,5000.0,4000.0,3000.0,-7.5,-4.0,0.5,700.0,900.0,900.0,1.4199999999999544,0.8700000000000007,0.3700000000000003,4897.0,0
1.77,12235.0,9786.0,7336.0,12230.5,9782.5,7333.5,5000.0,4000.0,3000.0,-7.5,-4.0,0.5,700.0,900.0,900.0,1.4209999999999543,0.8710000000000007,0.3710000000000003,4899.0,0
1.7710000000000001,12240.0,9790.0,7339.0,12235.5,9786.5,7336.5,5000.0,4000.0,3000.0,-7.5,-4.0,0.5,700.0,900.0,900.0,1.4219999999999542,0.8720000000000007,0.3720000000000003,4901.0,0
1.772,12245.0,9794.0,7342.0,12240.5,9790.5,7339.5,5000.0,4000.0,3000.0,-7.5,-4.0,0.5,700.0,900.0,900.0,1.422999999999954,0.8730000000000007,0.3730000000000003,4903.0,0
1.7730000000000001,12250.0,9798.0,7345.0,12245.5,9794.5,7342.5,5000.0,4000.0,3000.0,-7.5,-4.0,0.5,700.0,900.0,900.0,1.423999999999954,0.8740000000000007,0.3740000000000003,4905.0,0
1.774,12255.0,9802.0,7348.0,12250.5,9798.5,7345.5,5000.0,4000.0,3000.0,-7.5,-4.0,0.5,700.0,900.0,900.0,1.4249999999999539,0.8750000000000007,0.3750000000000003,4907.0,0
1.7750000000000001,12260.0,9806.0,7351.0,12255.5,9802.5,7348.5,5000.0,4000.0,3000.0,-7.5,-4.0,0.5,700.0,900.0,900.0,1.4259999999999537,0.8760000000000007,0.3760000000000003,4909.0,0
1.776,12265.0,9810.0,7354.0,12260.5,9806.5,7351.5,5000.0,4000.0,3000.0,-7.5,-4.0,0.5,700.0,900.0,900.0,1.4269999999999536,0.8770000000000007,0.3770000000000003,4911.0,0
1.7770000000000001,12270.0,9814.0,7357.0,12265.5,9810.5,7354.5,5000.0,4000.0,3000.0,-7.5,-4.0,0.5,700.0,900.0,900.0,1.4279999999999535,0.8780000000000007,0.3780000000000003,4913.0,0
1.778,12275.0,9818.0,7360.0,12270.5,9814.5,7357.5,5000.0,4000.0,3000.0,-7.5,-4.0,0.5,700.0,900.0,900.0,1.4289999999999534,0.8790000000000007,0.3790000000000003,4915.0,0
1.7790000000000001,12280.0,9822.0,7363.0,12275.5,9818.5,7360.5,5000.0,4000.0,3000.0,-7.5,-4.0,0.5,700.0,900.0,900.0,1.4299999999999533,0.8800000000000007,0.3800000000000003,4917.0,0
1.78,12285.0,9826.0,7366.0,12280.5,9822.5,7363.5,5000.0,4000.0,3000.0,-7.5,-4.0,0.5,700.0,900.0,900.0,1.4309999999999532,0.8810000000000007,0.3810000000000003,4919.0,0
1.7810000000000001,12290.0,9830.0,7369.0,12285.5,9826.5,7366.5,5000.0,4000.0,3000.0,-7.5,-4.0,0.5,700.0,900.0,900.0,1.431999999999953,0.8820000000000007,0.3820000000000003,4921.0,0
1.782,12295.0,9834.0,7372.0,12290.5,9830.5,7369.5,5000.0,4000.0,3000.0,-7.5,-4.0,0.5,700.0,900.0,900.0,1.432999999999953,0.8830000000000007,0.3830000000000003,4923.0,0
1.7830000000000001,12300.0,9838.0,7375.0,12295.5,9834.5,7372.5,5000.0,4000.0,3000.0,-7.5,-4.0,0.5,700.0,900.0,900.0,1.4339999999999529,0.8840000000000007,0.3840000000000003,4925.0,0
1.784,12305.0,9842.0,7378.0,12300.5,9838.5,7375.5,5000.0,4000.0,3000.0,-7.5,-4.0,0.5,700.0,900.0,900.0,1.4349999999999528,0.8850000000000007,0.3850000000000003,4927.0,0
1.7850000000000001,12310.0,9846.0,7381.0,12305.5,9842.5,7378.5,5000.0,4000.0,3000.0,-7.5,-4.0,0.5,700.0,900.0,900.0,1.4359999999999526,0.8860000000000007,0.3860000000000003,4929.0,0
1.786,12315.0,9850.0,7384.0,12310.5,9846.5,7381.5,5000.0,4000.0,3000.0,-7.5,-4.0,0.5,700.0,900.0,900.0,1.4369999999999525,0.8870000000000007,0.3870000000000003,4931.0,0
1.7870000000000001,12320.0,9854.0,7387.0,12315.5,9850.5,7384.5,5000.0,4000.0,3000.0,-7.5,-4.0,0.5,700.0,900.0,900.0,1.4379999999999524,0.8880000000000007,0.3880000000000003,4933.0,0
1.788,12325.0,9858.0,7390.0,12320.5,9854.5,7387.5,5000.0,4000.0,3000.0,-7.5,-4.0,0.5,700.0,900.0,900.0,1.4389999999999523,0.8890000000000007,0.3890000000000003,4935.0,0
1.7890000000000001,12330.0,9862.0,7393.0,12325.5,9858.5,7390.5,5000.0,4000.0,3000.0,-7.5,-4.0,0.5,700.0,900.0,900.0,1.4399999999999522,0.8900000000000007,0.3900000000000003,4937.0,0
1.79,12336.0,9866.0,7396.0,12330.5,9862.5,7393.5,6000.0,4000.0,3000.0,-7.5,-4.0,0.5,700.0,900.0,900.0,1.440999999999952,0.8910000000000007,0.3910000000000003,4940.0,0
1.7910000000000001,12341.0,9870.0,7399.0,12336.5,9866.5,7396.5,5000.0,4000.0,3000.0,-8.5,-4.0,0.5,700.0,900.0,900.0,1.441999999999952,0.8920000000000007,0.3920000000000003,4942.0,0
1.792,12346.0,9875.0,7402.0,12341.5,9870.5,7399.5,5000.0,5000.0,3000.0,-8.5,-4.0,0.5,700.0,900.0,900.0,1.4429999999999519,0.8930000000000007,0.3930000000000003,4944.0,0
1.793,12351.0,9879.0,7405.0,12346.5,9875.5,7402.5,5000.0,4000.0,3000.0,-8.5,-5.0,0.5,700.0,900.0,900.0,1.4439999999999518,0.8940000000000007,0.3940000000000003,4946.0,0
1.794,12356.0,9883.0,7409.0,12351.5,9879.5,7405.5,5000.0,4000.0,4000.0,-8.5,-5.0,0.5,700.0,900.0,900.0,1.4449999999999517,0.8950000000000007,0.3950000000000003,4947.0,0
1.795,12361.0,9887.0,7412.0,12356.5,9883.5,7409.5,5000.0,4000.0,3000.0,-6.83333333333394,-3.6666666666660603,0.5,700.0,900.0,900.0,1.4459999999999515,0.8960000000000007,0.3960000000000003,4949.0,0
1.796,12366.0,9891.0,7415.0,12361.5,9887.5,7412.5,5000.0,4000.0,3000.0,-6.83333333333394,-3.6666666666660603,0.5,700.0,900.0,900.0,1.4469999999999514,0.8970000000000007,0.3970000000000003,4951.0,0
1.797,12371.0,9895.0,7418.0,12366.5,9891.5,7415.5,5000.0,4000.0,3000.0,-6.83333333333394,-3.6666666666660603,0.5,700.0,900.0,900.0,1.4479999999999513,0.8980000000000007,0.3980000000000003,4953.0,0
1.798,12376.0,9899.0,7421.0,12371.5,9895.5,7418.5,5000.0,4000.0,3000.0,-6.83333333333394,-3.6666666666660603,0.5,700.0,900.0,900.0,1.4489999999999512,0.8990000000000007,0.3990000000000003,4955.0,0
1.799,12381.0,9903.0,7424.0,12376.5,9899.5,7421.5,5000.0,4000.0,3000.0,-6.83333333333394,-3.6666666666660603,0.5,700.0,900.0,900.0,1.449999999999951,0.9000000000000007,0.4000000000000003,4957.0,0
1.8,12387.0,9907.0,7427.0,12381.5,9903.5,7424.5,6000.0,4000.0,3000.0,-6.83333333333394,-3.6666666666660603,0.5,0.0,900.0,900.0,0.0,0.9010000000000007,0.4010000000000003,4960.0,0
1.801,12392.0,9911.0,7430.0,12387.5,9907.5,7427.5,5000.0,4000.0,3000.0,-7.83333333333394,-3.6666666666660603,0.5,0.0,900.0,900.0,0.0,0.9020000000000007,0.4020000000000003,4962.0,0
1.802,12398.0,9915.0,7433.0,12392.5,9911.5,7430.5,6000.0,4000.0,3000.0,-7.83333333333394,-3.6666666666660603,0.5,0.0,900.0,900.0,0.0,0.9030000000000007,0.4030000000000003,4965.0,0
1.803,12404.0,9919.0,7436.0,12398.5,9915.5,7433.5,6000.0,4000.0,3000.0,-8.83333333333394,-3.6666666666660603,0.5,0.0,900.0,900.0,0.0,0.9040000000000007,0.4040000000000003,4968.0,0
1.804,12410.0,9923.0,7439.0,12404.5,9919.5,7436.5,6000.0,4000.0,3000.0,-9.83333333333394,-3.6666666666660603,0.5,0.0,900.0,900.0,0.0,0.9050000000000007,0.4050000000000003,4971.0,0
1.805,12415.0,9927.0,7442.0,12410.5,9923.5,7439.5,5000.0,4000.0,3000.0,-10.83333333333394,-3.6666666666660603,0.5,0.0,900.0,900.0,0.0,0.9060000000000007,0.4060000000000003,4973.0,0
1.806,12421.0,9931.0,7445.0,12415.5,9927.5,7442.5,6000.0,4000.0,3000.0,-10.83333333333394,-3.6666666666660603,0.5,0.0,900.0,900.0,0.0,0.9070000000000007,0.4070000000000003,4976.0,0
1.807,12426.0,9935.0,7448.0,12421.5,9931.5,7445.5,5000.0,4000.0,3000.0,-11.83333333333394,-3.6666666666660603,0.5,0.0,900.0,900.0,0.0,0.9080000000000007,0.4080000000000003,4978.0,0
1.808,12431.0,9939.0,7451.0,12426.5,9935.5,7448.5,5000.0,4000.0,3000.0,-11.83333333333394,-3.6666666666660603,0.5,0.0,900.0,900.0,0.0,0.9090000000000007,0.4090000000000003,4980.0,0
1.809,12436.0,9943.0,7454.0,12431.5,9939.5,7451.5,5000.0,4000.0,3000.0,-11.83333333333394,-3.6666666666660603,0.5,0.0,900.0,900.0,0.0,0.9100000000000007,0.4100000000000003,4982.0,0
1.81,12442.0,9947.0,7457.0,12436.5,9943.5,7454.5,6000.0,4000.0,3000.0,-11.83333333333394,-3.6666666666660603,0.5,0.0,900.0,900.0,0.0,0.9110000000000007,0.4110000000000003,4985.0,0
1.811,12447.0,9951.0,7460.0,12442.5,9947.5,7457.5,5000.0,4000.0,3000.0,-12.83333333333394,-3.6666666666660603,0.5,0.0,900.0,900.0,0.0,0.9120000000000007,0.4120000000000003,4987.0,0
1.812,12452.0,9955.0,7463.0,12447.5,9951.5,7460.5,5000.0,4000.0,3000.0,-12.83333333333394,-3.6666666666660603,0.5,0.0,900.0,900.0,0.0,0.9130000000000007,0.4130000000000003,4989.0,0
1.813,12457.0,9959.0,7466.0,12452.5,9955.5,7463.5,5000.0,4000.0,3000.0,-12.83333333333394,-3.6666666666660603,0.5,0.0,900.0,900.0,0.0,0.9140000000000007,0.4140000000000003,4991.0,0
1.814,12462.0,9963.0,7469.0,12457.5,9959.5,7466.5,5000.0,4000.0,3000.0,-12.83333333333394,-3.6666666666660603,0.5,0.0,900.0,900.0,0.0,0.9150000000000007,0.4150000000000003,4993.0,0
1.815,12467.0,9967.0,7472.0,12462.5,9963.5,7469.5,5000.0,4000.0,3000.0,-12.83333333333394,-3.6666666666660603,0.5,0.0,900.0,900.0,0.0,0.9160000000000007,0.4160000000000003,4995.0,0
1.816,12473.0,9971.0,7475.0,12467.5,9967.5,7472.5,6000.0,4000.0,3000.0,-12.83333333333394,-3.6666666666660603,0.5,0.0,900.0,900.0,0.0,0.9170000000000007,0.4170000000000003,4998.0,0
1.817,12478.0,9975.0,7478.0,12473.5,9971.5,7475.5,5000.0,4000.0,3000.0,-13.83333333333394,-3.6666666666660603,0.5,0.0,900.0,900.0,0.0,0.9180000000000007,0.4180000000000003,5000.0,0
1.818,12483.0,9979.0,7481.0,12478.5,9975.5,7478.5,5000.0,4000.0,3000.0,-13.83333333333394,-3.6666666666660603,0.5,0.0,900.0,900.0,0.0,0.9190000000000007,0.4190000000000003,5002.0,0
1.819,12488.0,9983.0,7484.0,12483.5,9979.5,7481.5,5000.0,4000.0,3000.0,-13.83333333333394,-3.6666666666660603,0.5,0.0,900.0,900.0,0.0,0.9200000000000007,0.4200000000000003,5004.0,0
1.82,12493.0,9987.0,7487.0,12488.5,9983.5,7484.5,5000.0,4000.0,3000.0,-13.83333333333394,-3.6666666666660603,0.5,0.0,900.0,900.0,0.0,0.9210000000000007,0.4210000000000003,5006.0,0
1.821,12498.0,9991.0,7490.0,12493.5,9987.5,7487.5,5000.0,4000.0,3000.0,-13.83333333333394,-3.6666666666660603,0.5,0.0,900.0,900.0,0.0,0.9220000000000007,0.4220000000000003,5008.0,0
1.822,12503.0,9995.0,7494.0,12498.5,9991.5,7490.5,5000.0,4000.0,4000.0,-13.83333333333394,-3.6666666666660603,0.5,0.0,900.0,900.0,0.0,0.9230000000000007,0.4230000000000003,5009.0,0
1.823,12508.0,9999.0,7497.0,12503.5,9995.5,7494.5,5000.0,4000.0,3000.0,-12.16666666666606,-2.3333333333339397,0.5,0.0,900.0,900.0,0.0,0.9240000000000007,0.4240000000000003,5011.0,0
1.824,12513.0,10003.0,7500.0,12508.5,9999.5,7497.5,5000.0,4000.0,3000.0,-12.16666666666606,-2.3333333333339397,0.5,0.0,900.0,900.0,0.0,0.9250000000000007,0.4250000000000003,5013.0,0
1.825,12518.0,10007.0,7503.0,12513.5,10003.5,7500.5,5000.0,4000.0,3000.0,-12.16666666666606,-2.3333333333339397,0.5,0.0,900.0,900.0,0.0,0.9260000000000007,0.4260000000000003,5015.0,0
1.826,12523.0,10011.0,7506.0,12518.5,10007.5,7503.5,5000.0,4000.0,3000.0,-12.16666666666606,-2.3333333333339397,0.5,0.0,900.0,900.0,0.0,0.9270000000000007,0.4270000000000003,5017.0,0
1.827,12529.0,10015.0,7509.0,12523.5,10011.5,7506.5,6000.0,4000.0,3000.0,-12.16666666666606,-2.3333333333339397,0.5,0.0,900.0,900.0,0.0,0.9280000000000007,0.4280000000000003,5020.0,0
1.828,12534.0,10019.0,7512.0,12529.5,10015.5,7509.5,5000.0,4000.0,3000.0,-13.16666666666606,-2.3333333333339397,0.5,0.0,900.0,900.0,0.0,0.9290000000000007,0.4290000000000003,5022.0,0
1.829,12539.0,10023.0,7515.0,12534.5,10019.5,7512.5,5000.0,4000.0,3000.0,-13.16666666666606,-2.3333333333339397,0.5,0.0,900.0,900.0,0.0,0.9300000000000007,0.4300000000000003,5024.0,0
1.83,12544.0,10027.0,7518.0,12539.5,10023.5,7515.5,5000.0,4000.0,3000.0,-13.16666666666606,-2.3333333333339397,0.5,0.0,900.0,900.0,0.0,0.9310000000000007,0.4310000000000003,5026.0,0
1.831,12549.0,10031.0,7521.0,12544.5,10027.5,7518.5,5000.0,4000.0,3000.0,-13.16666666666606,-2.3333333333339397,0.5,0.0,900.0,900.0,0.0,0.9320000000000007,0.43200000000000033,5028.0,0
1.832,12554.0,10035.0,7524.0,12549.5,10031.5,7521.5,5000.0,4000.0,3000.0,-13.16666666666606,-2.3333333333339397,0.5,0.0,900.0,900.0,0.0,0.9330000000000007,0.43300000000000033,5030.0,0
1.833,12559.0,10039.0,7527.0,12554.5,10035.5,7524.5,5000.0,4000.0,3000.0,-13.16666666666606,-2.3333333333339397,0.5,0.0,900.0,900.0,0.0,0.9340000000000007,0.43400000000000033,5032.0,0
1.834,12564.0,10043.0,7530.0,12559.5,10039.5,7527.5,5000.0,4000.0,3000.0,-13.16666666666606,-2.3333333333339397,0.5,0.0,900.0,900.0,0.0,0.9350000000000007,0.43500000000000033,5034.0,0
1.835,12569.0,10047.0,7533.0,12564.5,10043.5,7530.5,5000.0,4000.0,3000.0,-13.16666666666606,-2.3333333333339397,0.5,0.0,900.0,900.0,0.0,0.9360000000000007,0.43600000000000033,5036.0,0
1.836,12574.0,10051.0,7536.0,12569.5,10047.5,7533.5,5000.0,4000.0,3000.0,-13.16666666666606,-2.3333333333339397,0.5,0.0,900.0,900.0,0.0,0.9370000000000007,0.43700000000000033,5038.0,0
1.837,12579.0,10055.0,7539.0,12574.5,10051.5,7536.5,5000.0,4000.0,3000.0,-13.16666666666606,-2.3333333333339397,0.5,0.0,900.0,900.0,0.0,0.9380000000000007,0.43800000000000033,5040.0,0
1.838,12584.0,10059.0,7542.0,12579.5,10055.5,7539.5,5000.0,4000.0,3000.0,-13.16666666666606,-2.3333333333339397,0.5,0.0,900.0,900.0,0.0,0.9390000000000007,0.43900000000000033,5042.0,0
1.839,12588.0,10064.0,7545.0,12584.5,10059.5,7542.5,4000.0,5000.0,3000.0,-13.16666666666606,-2.3333333333339397,0.5,0.0,900.0,900.0,0.0,0.9400000000000007,0.44000000000000034,5043.0,0
1.84,12593.0,10068.0,7548.0,12588.5,10064.5,7545.5,5000.0,4000.0,3000.0,-12.16666666666606,-3.3333333333339397,0.5,0.0,900.0,900.0,0.0,0.9410000000000007,0.44100000000000034,5045.0,0
1.841,12598.0,10072.0,7551.0,12593.5,10068.5,7548.5,5000.0,4000.0,3000.0,-12.16666666666606,-3.3333333333339397,0.5,0.0,900.0,900.0,0.0,0.9420000000000007,0.44200000000000034,5047.0,0
1.842,12603.0,10076.0,7554.0,12598.5,10072.5,7551.5,5000.0,4000.0,3000.0,-12.16666666666606,-3.3333333333339397,0.5,0.0,900.0,900.0,0.0,0.9430000000000007,0.44300000000000034,5049.0,0
1.843,12608.0,10080.0,7557.0,12603.5,10076.5,7554.5,5000.0,4000.0,3000.0,-12.16666666666606,-3.3333333333339397,0.5,0.0,900.0,900.0,0.0,0.9440000000000007,0.44400000000000034,5051.0,0
1.844,12613.0,10084.0,7560.0,12608.5,10080.5,7557.5,5000.0,4000.0,3000.0,-12.16666666666606,-3.3333333333339397,0.5,0.0,900.0,900.0,0.0,0.9450000000000007,0.44500000000000034,5053.0,0
1.845,12618.0,10088.0,7563.0,12613.5,10084.5,7560.5,5000.0,4000.0,3000.0,-12.16666666666606,-3.3333333333339397,0.5,0.0,900.0,900.0,0.0,0.9460000000000007,0.44600000000000034,5055.0,0
1.846,12623.0,10092.0,7566.0,12618.5,10088.5,7563.5,5000.0,4000.0,3000.0,-12.16666666666606,-3.3333333333339397,0.5,0.0,900.0,900.0,0.0,0.9470000000000007,0.44700000000000034,5057.0,0
1.847,12628.0,10096.0,7569.0,12623.5,10092.5,7566.5,5000.0,4000.0,3000.0,-12.16666666666606,-3.3333333333339397,0.5,0.0,900.0,900.0,0.0,0.9480000000000007,0.44800000000000034,5059.0,0
1.848,12633.0,10100.0,7572.0,12628.5,10096.5,7569.5,5000.0,4000.0,3000.0,-12.16666666666606,-3.3333333333339397,0.5,0.0,900.0,900.0,0.0,0.9490000000000007,0.44900000000000034,5061.0,0
1.849,12638.0,10104.0,7575.0,12633.5,10100.5,7572.5,5000.0,4000.0,3000.0,-12.16666666666606,-3.3333333333339397,0.5,0.0,900.0,900.0,0.0,0.9500000000000007,0.45000000000000034,5063.0,0
1.85,12643.0,10108.0,7579.0,12638.5,10104.5,7575.5,5000.0,4000.0,4000.0,-12.16666666666606,-3.3333333333339397,0.5,0.0,900.0,900.0,0.0,0.9510000000000007,0.45100000000000035,5064.0,0
1.851,12648.0,10112.0,7582.0,12643.5,10108.5,7579.5,5000.0,4000.0,3000.0,-10.5,-2.0,0.5,0.0,900.0,900.0,0.0,0.9520000000000007,0.45200000000000035,5066.0,0
1.852,12653.0,10116.0,7585.0,12648.5,10112.5,7582.5,5000.0,4000.0,3000.0,-10.5,-2.0,0.5,0.0,900.0,900.0,0.0,0.9530000000000007,0.45300000000000035,5068.0,0
1.853,12658.0,10120.0,7588.0,12653.5,10116.5,7585.5,5000.0,4000.0,3000.0,-10.5,-2.0,0.5,0.0,900.0,900.0,0.0,0.9540000000000007,0.45400000000000035,5070.0,0
1.854,12663.0,10124.0,7591.0,12658.5,10120.5,7588.5,5000.0,4000.0,3000.0,-10.5,-2.0,0.5,0.0,900.0,900.0,0.0,0.9550000000000007,0.45500000000000035,5072.0,0
1.855,12668.0,10128.0,7594.0,12663.5,10124.5,7591.5,5000.0,4000.0,3000.0,-10.5,-2.0,0.5,0.0,900.0,900.0,0.0,0.9560000000000007,0.45600000000000035,5074.0,0
1.856,12673.0,10132.0,7597.0,12668.5,10128.5,7594.5,5000.0,4000.0,3000.0,-10.5,-2.0,0.5,0.0,900.0,900.0,0.0,0.9570000000000007,0.45700000000000035,5076.0,0
1.857,12677.0,10136.0,7600.0,12673.5,10132.5,7597.5,4000.0,4000.0,3000.0,-10.5,-2.0,0.5,0.0,900.0,900.0,0.0,0.9580000000000007,0.45800000000000035,5077.0,0
1.858,12683.0,10140.0,7603.0,12677.5,10136.5,7600.5,6000.0,4000.0,3000.0,-9.5,-2.0,0.5,0.0,900.0,900.0,0.0,0.9590000000000007,0.45900000000000035,5080.0,0
1.859,12688.0,10144.0,7606.0,12683.5,10140.5,7603.5,5000.0,4000.0,3000.0,-10.5,-2.0,0.5,0.0,900.0,900.0,0.0,0.9600000000000007,0.46000000000000035,5082.0,0
1.86,12692.0,10148.0,7609.0,12688.5,10144.5,7606.5,4000.0,4000.0,3000.0,-10.5,-2.0,0.5,0.0,900.0,900.0,0.0,0.9610000000000007,0.46100000000000035,5083.0,0
1.861,12698.0,10152.0,7612.0,12692.5,10148.5,7609.5,6000.0,4000.0,3000.0,-9.5,-2.0,0.5,0.0,900.0,900.0,0.0,0.9620000000000007,0.46200000000000035,5086.0,0
1.862,12702.0,10156.0,7615.0,12698.5,10152.5,7612.5,4000.0,4000.0,3000.0,-10.5,-2.0,0.5,0.0,900.0,900.0,0.0,0.9630000000000007,0.46300000000000036,5087.0,0
1.863,12708.0,10160.0,7618.0,12702.5,10156.5,7615.5,6000.0,4000.0,3000.0,-9.5,-2.0,0.5,0.0,900.0,900.0,0.0,0.9640000000000007,0.46400000000000036,5090.0,0
1.864,12712.0,10164.0,7621.0,12708.5,10160.5,7618.5,4000.0,4000.0,3000.0,-10.5,-2.0,0.5,0.0,900.0,900.0,0.0,0.9650000000000007,0.46500000000000036,5091.0,0
1.865,12718.0,10168.0,7624.0,12712.5,10164.5,7621.5,6000.0,4000.0,3000.0,-9.5,-2.0,0.5,0.0,900.0,900.0,0.0,0.9660000000000007,0.46600000000000036,5094.0,0
1.866,12723.0,10172.0,7627.0,12718.5,10168.5,7624.5,5000.0,4000.0,3000.0,-10.5,-2.0,0.5,0.0,900.0,900.0,0.0,0.9670000000000007,0.46700000000000036,5096.0,0
1.867,12727.0,10176.0,7630.0,12723.5,10172.5,7627.5,4000.0,4000.0,3000.0,-10.5,-2.0,0.5,0.0,900.0,900.0,0.0,0.9680000000000007,0.46800000000000036,5097.0,0
1.868,12732.0,10180.0,7633.0,12727.5,10176.5,7630.5,5000.0,4000.0,3000.0,-9.5,-2.0,0.5,0.0,900.0,900.0,0.0,0.9690000000000007,0.46900000000000036,5099.0,0
1.869,12738.0,10184.0,7636.0,12732.5,10180.5,7633.5,6000.0,4000.0,3000.0,-9.5,-2.0,0.5,0.0,900.0,900.0,0.0,0.9700000000000008,0.47000000000000036,5102.0,0
1.87,12743.0,10188.0,7639.0,12738.5,10184.5,7636.5,5000.0,4000.0,3000.0,-10.5,-2.0,0.5,0.0,900.0,900.0,0.0,0.9710000000000008,0.47100000000000036,5104.0,0
1.871,12748.0,10192.0,7642.0,12743.5,10188.5,7639.5,5000.0,4000.0,3000.0,-10.5,-2.0,0.5,0.0,900.0,900.0,0.0,0.9720000000000008,0.47200000000000036,5106.0,0
1.872,12753.0,10196.0,7645.0,12748.5,10192.5,7642.5,5000.0,4000.0,3000.0,-10.5,-2.0,0.5,0.0,900.0,900.0,0.0,0.9730000000000008,0.47300000000000036,5108.0,0
1.873,12757.0,10200.0,7648.0,12753.5,10196.5,7645.5,4000.0,4000.0,3000.0,-10.5,-2.0,0.5,0.0,900.0,900.0,0.0,0.9740000000000008,0.47400000000000037,5109.0,0
1.874,12763.0,10204.0,7651.0,12757.5,10200.5,7648.5,6000.0,4000.0,3000.0,-9.5,-2.0,0.5,0.0,900.0,900.0,0.0,0.9750000000000008,0.47500000000000037,5112.0,0
1.875,12767.0,10208.0,7654.0,12763.5,10204.5,7651.5,4000.0,4000.0,3000.0,-10.5,-2.0,0.5,0.0,900.0,900.0,0.0,0.9760000000000008,0.47600000000000037,5113.0,0
1.8760000000000001,12772.0,10212.0,7657.0,12767.5,10208.5,7654.5,5000.0,4000.0,3000.0,-9.5,-2.0,0.5,0.0,900.0,900.0,0.0,0.9770000000000008,0.47700000000000037,5115.0,0
1.877,12778.0,10216.0,7661.0,12772.5,10212.5,7657.5,6000.0,4000.0,4000.0,-9.5,-2.0,0.5,0.0,900.0,900.0,0.0,0.9780000000000008,0.47800000000000037,5117.0,0
1.8780000000000001,12783.0,10220.0,7664.0,12778.5,10216.5,7661.5,5000.0,4000.0,3000.0,-8.83333333333394,-0.6666666666660603,0.5,0.0,900.0,900.0,0.0,0.9790000000000008,0.47900000000000037,5119.0,0
1.879,12788.0,10224.0,7667.0,12783.5,10220.5,7664.5,5000.0,4000.0,3000.0,-8.83333333333394,-0.6666666666660603,0.5,0.0,900.0,900.0,0.0,0.9800000000000008,0.48000000000000037,5121.0,0
1.8800000000000001,12794.0,10228.0,7670.0,12788.5,10224.5,7667.5,6000.0,4000.0,3000.0,-8.83333333333394,-0.6666666666660603,0.5,0.0,900.0,900.0,0.0,0.9810000000000008,0.48100000000000037,5124.0,0
1.881,12799.0,10232.0,7673.0,12794.5,10228.5,7670.5,5000.0,4000.0,3000.0,-9.83333333333394,-0.6666666666660603,0.5,0.0,900.0,900.0,0.0,0.9820000000000008,0.4820000000000004,5126.0,0
1.8820000000000001,12804.0,10236.0,7676.0,12799.5,10232.5,7673.5,5000.0,4000.0,3000.0,-9.83333333333394,-0.6666666666660603,0.5,0.0,900.0,900.0,0.0,0.9830000000000008,0.4830000000000004,5128.0,0
1.883,12809.0,10240.0,7679.0,12804.5,10236.5,7676.5,5000.0,4000.0,3000.0,-9.83333333333394,-0.6666666666660603,0.5,0.0,900.0,900.0,0.0,0.9840000000000008,0.4840000000000004,5130.0,0
1.8840000000000001,12815.0,10244.0,7682.0,12809.5,10240.5,7679.5,6000.0,4000.0,3000.0,-9.83333333333394,-0.6666666666660603,0.5,0.0,900.0,900.0,0.0,0.9850000000000008,0.4850000000000004,5133.0,0
1.885,12820.0,10248.0,7685.0,12815.5,10244.5,7682.5,5000.0,4000.0,3000.0,-10.83333333333394,-0.6666666666660603,0.5,0.0,900.0,900.0,0.0,0.9860000000000008,0.4860000000000004,5135.0,0
1.8860000000000001,12825.0,10253.0,7688.0,12820.5,10248.5,7685.5,5000.0,5000.0,3000.0,-10.83333333333394,-0.6666666666660603,0.5,0.0,900.0,900.0,0.0,0.9870000000000008,0.4870000000000004,5137.0,0
1.887,12829.0,10257.0,7691.0,12825.5,10253.5,7688.5,4000.0,4000.0,3000.0,-10.83333333333394,-1.6666666666660603,0.5,0.0,900.0,900.0,0.0,0.9880000000000008,0.4880000000000004,5138.0,0
1.8880000000000001,12834.0,10261.0,7694.0,12829.5,10257.5,7691.5,5000.0,4000.0,3000.0,-9.83333333333394,-1.6666666666660603,0.5,0.0,900.0,900.0,0.0,0.9890000000000008,0.4890000000000004,5140.0,0
1.889,12840.0,10265.0,7697.0,12834.5,10261.5,7694.5,6000.0,4000.0,3000.0,-9.83333333333394,-1.6666666666660603,0.5,0.0,900.0,900.0,0.0,0.9900000000000008,0.4900000000000004,5143.0,0
1.8900000000000001,12845.0,10269.0,7700.0,12840.5,10265.5,7697.5,5000.0,4000.0,3000.0,-10.83333333333394,-1.6666666666660603,0.5,0.0,900.0,900.0,0.0,0.9910000000000008,0.4910000000000004,5145.0,0
1.891,12849.0,10273.0,7703.0,12845.5,10269.5,7700.5,4000.0,4000.0,3000.0,-10.83333333333394,-1.6666666666660603,0.5,0.0,900.0,900.0,0.0,0.9920000000000008,0.4920000000000004,5146.0,0
1.8920000000000001,12855.0,10277.0,7706.0,12849.5,10273.5,7703.5,6000.0,4000.0,3000.0,-9.83333333333394,-1.6666666666660603,0.5,0.0,900.0,900.0,0.0,0.9930000000000008,0.4930000000000004,5149.0,0
1.893,12859.0,10281.0,7709.0,12855.5,10277.5,7706.5,4000.0,4000.0,3000.0,-10.83333333333394,-1.6666666666660603,0.5,0.0,900.0,900.0,0.0,0.9940000000000008,0.4940000000000004,5150.0,0
1.8940000000000001,12864.0,10285.0,7712.0,12859.5,10281.5,7709.5,5000.0,4000.0,3000.0,-9.83333333333394,-1.6666666666660603,0.5,0.0,900.0,900.0,0.0,0.9950000000000008,0.4950000000000004,5152.0,0
1.895,12870.0,10289.0,7715.0,12864.5,10285.5,7712.5,6000.0,4000.0,3000.0,-9.83333333333394,-1.6666666666660603,0.5,0.0,900.0,900.0,0.0,0.9960000000000008,0.4960000000000004,5155.0,0
1.8960000000000001,12875.0,10293.0,7718.0,12870.5,10289.5,7715.5,5000.0,4000.0,3000.0,-10.83333333333394,-1.6666666666660603,0.5,0.0,900.0,900.0,0.0,0.9970000000000008,0.4970000000000004,5157.0,0
1.897,12879.0,10297.0,7721.0,12875.5,10293.5,7718.5,4000.0,4000.0,3000.0,-10.83333333333394,-1.6666666666660603,0.5,0.0,900.0,900.0,0.0,0.9980000000000008,0.4980000000000004,5158.0,0
1.8980000000000001,12884.0,10301.0,7724.0,12879.5,10297.5,7721.5,5000.0,4000.0,3000.0,-9.83333333333394,-1.6666666666660603,0.5,0.0,900.0,900.0,0.0,0.9990000000000008,0.4990000000000004,5160.0,0
1.899,12890.0,10305.0,7727.0,12884.5,10301.5,7724.5,6000.0,4000.0,3000.0,-9.83333333333394,-1.6666666666660603,0.5,0.0,900.0,900.0,0.0,1.0000000000000007,0.5000000000000003,5163.0,0
1.9000000000000001,12895.0,10309.0,7730.0,12890.5,10305.5,7727.5,5000.0,4000.0,3000.0,-10.83333333333394,-1.6666666666660603,0.5,0.0,900.0,900.0,0.0,1.0010000000000006,0.5010000000000003,5165.0,0
1.901,12899.0,10313.0,7733.0,12895.5,10309.5,7730.5,4000.0,4000.0,3000.0,-10.83333333333394,-1.6666666666660603,0.5,0.0,900.0,900.0,0.0,1.0020000000000004,0.5020000000000003,5166.0,0
1.9020000000000001,12905.0,10317.0,7736.0,12899.5,10313.5,7733.5,6000.0,4000.0,3000.0,-9.83333333333394,-1.6666666666660603,0.5,0.0,900.0,900.0,0.0,1.0030000000000003,0.5030000000000003,5169.0,0
1.903,12909.0,10321.0,7739.0,12905.5,10317.5,7736.5,4000.0,4000.0,3000.0,-10.83333333333394,-1.6666666666660603,0.5,0.0,900.0,900.0,0.0,1.0040000000000002,0.5040000000000003,5170.0,0
1.9040000000000001,12914.0,10325.0,7742.0,12909.5,10321.5,7739.5,5000.0,4000.0,3000.0,-9.83333333333394,-1.6666666666660603,0.5,0.0,900.0,900.0,0.0,1.0050000000000001,0.5050000000000003,5172.0,0
1.905,12920.0,10329.0,7746.0,12914.5,10325.5,7742.5,6000.0,4000.0,4000.0,-9.83333333333394,-1.6666666666660603,0.5,0.0,900.0,900.0,0.0,1.006,0.5060000000000003,5174.0,0
1.9060000000000001,12925.0,10333.0,7749.0,12920.5,10329.5,7746.5,5000.0,4000.0,3000.0,-9.16666666666606,-0.33333333333393966,0.5,0.0,900.0,900.0,0.0,1.007,0.5070000000000003,5176.0,0
1.907,12930.0,10337.0,7752.0,12925.5,10333.5,7749.5,5000.0,4000.0,3000.0,-9.16666666666606,-0.33333333333393966,0.5,0.0,900.0,900.0,0.0,1.0079999999999998,0.5080000000000003,5178.0,0
1.9080000000000001,12935.0,10341.0,7755.0,12930.5,10337.5,7752.5,5000.0,4000.0,3000.0,-9.16666666666606,-0.33333333333393966,0.5,0.0,900.0,900.0,0.0,1.0089999999999997,0.5090000000000003,5180.0,0
1.909,12940.0,10345.0,7758.0,12935.5,10341.5,7755.5,5000.0,4000.0,3000.0,-9.16666666666606,-0.33333333333393966,0.5,0.0,900.0,900.0,0.0,1.0099999999999996,0.5100000000000003,5182.0,0
1.9100000000000001,12946.0,10349.0,7761.0,12940.5,10345.5,7758.5,6000.0,4000.0,3000.0,-9.16666666666606,-0.33333333333393966,0.5,0.0,900.0,900.0,0.0,1.0109999999999995,0.5110000000000003,5185.0,0
1.911,12951.0,10353.0,7764.0,12946.5,10349.5,7761.5,5000.0,4000.0,3000.0,-10.16666666666606,-0.33333333333393966,0.5,0.0,900.0,900.0,0.0,1.0119999999999993,0.5120000000000003,5187.0,0
1.9120000000000001,12955.0,10357.0,7767.0,12951.5,10353.5,7764.5,4000.0,4000.0,3000.0,-10.16666666666606,-0.33333333333393966,0.5,0.0,900.0,900.0,0.0,1.0129999999999992,0.5130000000000003,5188.0,0
1.913,12960.0,10361.0,7770.0,12955.5,10357.5,7767.5,5000.0,4000.0,3000.0,-9.16666666666606,-0.33333333333393966,0.5,0.0,900.0,900.0,0.0,1.0139999999999991,0.5140000000000003,5190.0,0
1.9140000000000001,12966.0,10365.0,7773.0,12960.5,10361.5,7770.5,6000.0,4000.0,3000.0,-9.16666666666606,-0.33333333333393966,0.5,0.0,900.0,900.0,0.0,1.014999999999999,0.5150000000000003,5193.0,0
1.915,12971.0,10369.0,7776.0,12966.5,10365.5,7773.5,5000.0,4000.0,3000.0,-10.16666666666606,-0.33333333333393966,0.5,0.0,900.0,900.0,0.0,1.015999999999999,0.5160000000000003,5195.0,0
1.9160000000000001,12975.0,10373.0,7779.0,12971.5,10369.5,7776.5,4000.0,4000.0,3000.0,-10.16666666666606,-0.33333333333393966,0.5,0.0,900.0,900.0,0.0,1.0169999999999988,0.5170000000000003,5196.0,0
1.917,12980.0,10377.0,7782.0,12975.5,10373.5,7779.5,5000.0,4000.0,3000.0,-9.16666666666606,-0.33333333333393966,0.5,0.0,900.0,900.0,0.0,1.0179999999999987,0.5180000000000003,5198.0,0
1.9180000000000001,12986.0,10381.0,7785.0,12980.5,10377.5,7782.5,6000.0,4000.0,3000.0,-9.16666666666606,-0.33333333333393966,0.5,0.0,900.0,900.0,0.0,1.0189999999999986,0.5190000000000003,5201.0,0
1.919,12991.0,10385.0,7788.0,12986.5,10381.5,7785.5,5000.0,4000.0,3000.0,-10.16666666666606,-0.33333333333393966,0.5,0.0,900.0,900.0,0.0,1.0199999999999985,0.5200000000000004,5203.0,0
1.92,12995.0,10389.0,7791.0,12991.5,10385.5,7788.5,4000.0,4000.0,3000.0,-10.16666666666606,-0.33333333333393966,0.5,0.0,900.0,900.0,0.0,1.0209999999999984,0.5210000000000004,5204.0,0
1.921,13000.0,10393.0,7794.0,12995.5,10389.5,7791.5,5000.0,4000.0,3000.0,-9.16666666666606,-0.33333333333393966,0.5,0.0,900.0,900.0,0.0,1.0219999999999982,0.5220000000000004,5206.0,0
1.922,13005.0,10397.0,7797.0,13000.5,10393.5,7794.5,5000.0,4000.0,3000.0,-9.16666666666606,-0.33333333333393966,0.5,0.0,900.0,900.0,0.0,1.0229999999999981,0.5230000000000004,5208.0,0
1.923,13011.0,10401.0,7800.0,13005.5,10397.5,7797.5,6000.0,4000.0,3000.0,-9.16666666666606,-0.33333333333393966,0.5,0.0,900.0,900.0,0.0,1.023999999999998,0.5240000000000004,5211.0,0
1.924,13016.0,10405.0,7803.0,13011.5,10401.5,7800.5,5000.0,4000.0,3000.0,-10.16666666666606,-0.33333333333393966,0.5,0.0,900.0,900.0,0.0,1.024999999999998,0.5250000000000004,5213.0,0
1.925,13020.0,10409.0,7806.0,13016.5,10405.5,7803.5,4000.0,4000.0,3000.0,-10.16666666666606,-0.33333333333393966,0.5,0.0,900.0,900.0,0.0,1.0259999999999978,0.5260000000000004,5214.0,0
1.926,13025.0,10413.0,7809.0,13020.5,10409.5,7806.5,5000.0,4000.0,3000.0,-9.16666666666606,-0.33333333333393966,0.5,0.0,900.0,900.0,0.0,1.0269999999999977,0.5270000000000004,5216.0,0
1.927,13030.0,10417.0,7812.0,13025.5,10413.5,7809.5,5000.0,4000.0,3000.0,-9.16666666666606,-0.33333333333393966,0.5,0.0,900.0,900.0,0.0,1.0279999999999976,0.5280000000000004,5218.0,0
1.928,13036.0,10421.0,7815.0,13030.5,10417.5,7812.5,6000.0,4000.0,3000.0,-9.16666666666606,-0.33333333333393966,0.5,0.0,900.0,900.0,0.0,1.0289999999999975,0.5290000000000004,5221.0,0
1.929,13041.0,10425.0,7818.0,13036.5,10421.5,7815.5,5000.0,4000.0,3000.0,-10.16666666666606,-0.33333333333393966,0.5,0.0,900.0,900.0,0.0,1.0299999999999974,0.5300000000000004,5223.0,0
1.93,13045.0,10429.0,7821.0,13041.5,10425.5,7818.5,4000.0,4000.0,3000.0,-10.16666666666606,-0.33333333333393966,0.5,0.0,900.0,900.0,0.0,1.0309999999999973,0.5310000000000004,5224.0,0
1.931,13050.0,10433.0,7824.0,13045.5,10429.5,7821.5,5000.0,4000.0,3000.0,-9.16666666666606,-0.33333333333393966,0.5,0.0,900.0,900.0,0.0,1.0319999999999971,0.5320000000000004,5226.0,0
1.932,13055.0,10437.0,7827.0,13050.5,10433.5,7824.5,5000.0,4000.0,3000.0,-9.16666666666606,-0.33333333333393966,0.5,0.0,900.0,900.0,0.0,1.032999999999997,0.5330000000000004,5228.0,0
1.933,13061.0,10442.0,7831.0,13055.5,10437.5,7827.5,6000.0,5000.0,4000.0,-9.16666666666606,-0.33333333333393966,0.5,0.0,900.0,900.0,0.0,1.033999999999997,0.5340000000000004,5230.0,0
1.934,13066.0,10446.0,7834.0,13061.5,10442.5,7831.5,5000.0,4000.0,3000.0,-8.5,0.0,0.5,0.0,900.0,900.0,0.0,1.0349999999999968,0.5350000000000004,5232.0,0
1.935,13071.0,10450.0,7837.0,13066.5,10446.5,7834.5,5000.0,4000.0,3000.0,-8.5,0.0,0.5,0.0,900.0,900.0,0.0,1.0359999999999967,0.5360000000000004,5234.0,0
1.936,13076.0,10454.0,7840.0,13071.5,10450.5,7837.5,5000.0,4000.0,3000.0,-8.5,0.0,0.5,0.0,900.0,900.0,0.0,1.0369999999999966,0.5370000000000004,5236.0,0
1.937,13081.0,10458.0,7843.0,13076.5,10454.5,7840.5,5000.0,4000.0,3000.0,-8.5,0.0,0.5,0.0,900.0,900.0,0.0,1.0379999999999965,0.5380000000000004,5238.0,0
1.938,13086.0,10462.0,7846.0,13081.5,10458.5,7843.5,5000.0,4000.0,3000.0,-8.5,0.0,0.5,0.0,900.0,900.0,0.0,1.0389999999999964,0.5390000000000004,5240.0,0
1.939,13091.0,10466.0,7849.0,13086.5,10462.5,7846.5,5000.0,4000.0,3000.0,-8.5,0.0,0.5,0.0,900.0,900.0,0.0,1.0399999999999963,0.5400000000000004,5242.0,0
1.94,13097.0,10470.0,7852.0,13091.5,10466.5,7849.5,6000.0,4000.0,3000.0,-8.5,0.0,0.5,0.0,900.0,900.0,0.0,1.0409999999999962,0.5410000000000004,5245.0,0
1.941,13102.0,10474.0,7855.0,13097.5,10470.5,7852.5,5000.0,4000.0,3000.0,-9.5,0.0,0.5,0.0,900.0,900.0,0.0,1.041999999999996,0.5420000000000004,5247.0,0
1.942,13107.0,10478.0,7858.0,13102.5,10474.5,7855.5,5000.0,4000.0,3000.0,-9.5,0.0,0.5,0.0,900.0,900.0,0.0,1.042999999999996,0.5430000000000004,5249.0,0
1.943,13112.0,10482.0,7861.0,13107.5,10478.5,7858.5,5000.0,4000.0,3000.0,-9.5,0.0,0.5,0.0,900.0,900.0,0.0,1.0439999999999958,0.5440000000000004,5251.0,0
1.944,13117.0,10486.0,7864.0,13112.5,10482.5,7861.5,5000.0,4000.0,3000.0,-9.5,0.0,0.5,0.0,900.0,900.0,0.0,1.0449999999999957,0.5450000000000004,5253.0,0
1.945,13122.0,10490.0,7867.0,13117.5,10486.5,7864.5,5000.0,4000.0,3000.0,-9.5,0.0,0.5,0.0,900.0,900.0,0.0,1.0459999999999956,0.5460000000000004,5255.0,0
1.946,13127.0,10494.0,7870.0,13122.5,10490.5,7867.5,5000.0,4000.0,3000.0,-9.5,0.0,0.5,0.0,900.0,900.0,0.0,1.0469999999999955,0.5470000000000004,5257.0,0
1.947,13133.0,10498.0,7873.0,13127.5,10494.5,7870.5,6000.0,4000.0,3000.0,-9.5,0.0,0.5,0.0,900.0,900.0,0.0,1.0479999999999954,0.5480000000000004,5260.0,0
1.948,13137.0,10502.0,7876.0,13133.5,10498.5,7873.5,4000.0,4000.0,3000.0,-10.5,0.0,0.5,0.0,900.0,900.0,0.0,1.0489999999999953,0.5490000000000004,5261.0,0
1.949,13143.0,10506.0,7879.0,13137.5,10502.5,7876.5,6000.0,4000.0,3000.0,-9.5,0.0,0.5,0.0,900.0,900.0,0.0,1.0499999999999952,0.5500000000000004,5264.0,0
1.95,13148.0,10510.0,7882.0,13143.5,10506.5,7879.5,5000.0,4000.0,3000.0,-10.5,0.0,0.5,0.0,900.0,900.0,0.0,1.050999999999995,0.5510000000000004,5266.0,0
1.951,13152.0,10514.0,7885.0,13148.5,10510.5,7882.5,4000.0,4000.0,3000.0,-10.5,0.0,0.5,0.0,900.0,900.0,0.0,1.051999999999995,0.5520000000000004,5267.0,0
1.952,13157.0,10518.0,7888.0,13152.5,10514.5,7885.5,5000.0,4000.0,3000.0,-9.5,0.0,0.5,0.0,900.0,900.0,0.0,1.0529999999999948,0.5530000000000004,5269.0,0
1.953,13162.0,10522.0,7891.0,13157.5,10518.5,7888.5,5000.0,4000.0,3000.0,-9.5,0.0,0.5,0.0,900.0,900.0,0.0,1.0539999999999947,0.5540000000000004,5271.0,0
1.954,13167.0,10526.0,7894.0,13162.5,10522.5,7891.5,5000.0,4000.0,3000.0,-9.5,0.0,0.5,0.0,900.0,900.0,0.0,1.0549999999999946,0.5550000000000004,5273.0,0
1.955,13173.0,10530.0,7897.0,13167.5,10526.5,7894.5,6000.0,4000.0,3000.0,-9.5,0.0,0.5,0.0,900.0,900.0,0.0,1.0559999999999945,0.5560000000000004,5276.0,0
1.956,13178.0,10534.0,7900.0,13173.5,10530.5,7897.5,5000.0,4000.0,3000.0,-10.5,0.0,0.5,0.0,900.0,900.0,0.0,1.0569999999999944,0.5570000000000004,5278.0,0
1.957,13182.0,10538.0,7903.0,13178.5,10534.5,7900.5,4000.0,4000.0,3000.0,-10.5,0.0,0.5,0.0,900.0,900.0,0.0,1.0579999999999943,0.5580000000000004,5279.0,0
1.958,13187.0,10542.0,7906.0,13182.5,10538.5,7903.5,5000.0,4000.0,3000.0,-9.5,0.0,0.5,0.0,900.0,900.0,0.0,1.0589999999999942,0.5590000000000004,5281.0,0
1.959,13192.0,10546.0,7909.0,13187.5,10542.5,7906.5,5000.0,4000.0,3000.0,-9.5,0.0,0.5,0.0,900.0,900.0,0.0,1.059999999999994,0.5600000000000004,5283.0,0
1.96,13197.0,10550.0,7912.0,13192.5,10546.5,7909.5,5000.0,4000.0,3000.0,-9.5,0.0,0.5,0.0,900.0,900.0,0.0,1.060999999999994,0.5610000000000004,5285.0,0
1.961,13202.0,10554.0,7916.0,13197.5,10550.5,7912.5,5000.0,4000.0,4000.0,-9.5,0.0,0.5,0.0,900.0,900.0,0.0,1.0619999999999938,0.5620000000000004,5286.0,0
1.962,13208.0,10558.0,7919.0,13202.5,10554.5,7916.5,6000.0,4000.0,3000.0,-8.875,0.5,-0.125,0.0,900.0,900.0,0.0,1.0629999999999937,0.5630000000000004,5289.0,0
1.963,13213.0,10562.0,7922.0,13208.5,10558.5,7919.5,5000.0,4000.0,3000.0,-9.875,0.5,-0.125,0.0,900.0,900.0,0.0,1.0639999999999936,0.5640000000000004,5291.0,0
1.964,13218.0,10566.0,7925.0,13213.5,10562.5,7922.5,5000.0,4000.0,3000.0,-9.875,0.5,-0.125,0.0,900.0,900.0,0.0,1.0649999999999935,0.5650000000000004,5293.0,0
1.965,13223.0,10570.0,7928.0,13218.5,10566.5,7925.5,5000.0,4000.0,3000.0,-9.875,0.5,-0.125,0.0,900.0,900.0,0.0,1.0659999999999934,0.5660000000000004,5295.0,0
1.966,13228.0,10574.0,7931.0,13223.5,10570.5,7928.5,5000.0,4000.0,3000.0,-9.875,0.5,-0.125,0.0,900.0,900.0,0.0,1.0669999999999933,0.5670000000000004,5297.0,0
1.967,13233.0,10578.0,7934.0,13228.5,10574.5,7931.5,5000.0,4000.0,3000.0,-9.875,0.5,-0.125,0.0,900.0,900.0,0.0,1.0679999999999932,0.5680000000000004,5299.0,0
1.968,13238.0,10582.0,7937.0,13233.5,10578.5,7934.5,5000.0,4000.0,3000.0,-9.875,0.5,-0.125,0.0,900.0,900.0,0.0,1.068999999999993,0.5690000000000004,5301.0,0
1.969,13243.0,10586.0,7940.0,13238.5,10582.5,7937.5,5000.0,4000.0,3000.0,-9.875,0.5,-0.125,0.0,900.0,900.0,0.0,1.069999999999993,0.5700000000000004,5303.0,0
1.97,13248.0,10590.0,7943.0,13243.5,10586.5,7940.5,5000.0,4000.0,3000.0,-9.875,0.5,-0.125,0.0,900.0,900.0,0.0,1.0709999999999928,0.5710000000000004,5305.0,0
1.971,13254.0,10594.0,7946.0,13248.5,10590.5,7943.5,6000.0,4000.0,3000.0,-9.875,0.5,-0.125,0.0,900.0,900.0,0.0,1.0719999999999927,0.5720000000000004,5308.0,0
1.972,13258.0,10598.0,7949.0,13254.5,10594.5,7946.5,4000.0,4000.0,3000.0,-10.875,0.5,-0.125,0.0,900.0,900.0,0.0,1.0729999999999926,0.5730000000000004,5309.0,0
1.973,13264.0,10602.0,7952.0,13258.5,10598.5,7949.5,6000.0,4000.0,3000.0,-9.875,0.5,-0.125,0.0,900.0,900.0,0.0,1.0739999999999925,0.5740000000000004,5312.0,0
1.974,13268.0,10606.0,7955.0,13264.5,10602.5,7952.5,4000.0,4000.0,3000.0,-10.875,0.5,-0.125,0.0,900.0,900.0,0.0,1.0749999999999924,0.5750000000000004,5313.0,0
1.975,13274.0,10610.0,7958.0,13268.5,10606.5,7955.5,6000.0,4000.0,3000.0,-9.875,0.5,-0.125,0.0,900.0,900.0,0.0,1.0759999999999923,0.5760000000000004,5316.0,0
1.976,13278.0,10614.0,7961.0,13274.5,10610.5,7958.5,4000.0,4000.0,3000.0,-10.875,0.5,-0.125,0.0,900.0,900.0,0.0,1.0769999999999922,0.5770000000000004,5317.0,0
1.977,13284.0,10618.0,7964.0,13278.5,10614.5,7961.5,6000.0,4000.0,3000.0,-9.875,0.5,-0.125,0.0,900.0,900.0,0.0,1.077999999999992,0.5780000000000004,5320.0,0
1.978,13288.0,10622.0,7967.0,13284.5,10618.5,7964.5,4000.0,4000.0,3000.0,-10.875,0.5,-0.125,0.0,900.0,900.0,0.0,1.078999999999992,0.5790000000000004,5321.0,0
1.979,13294.0,10626.0,7970.0,13288.5,10622.5,7967.5,6000.0,4000.0,3000.0,-9.875,0.5,-0.125,0.0,900.0,900.0,0.0,1.0799999999999919,0.5800000000000004,5324.0,0
1.98,13298.0,10631.0,7973.0,13294.5,10626.5,7970.5,4000.0,5000.0,3000.0,-10.875,0.5,-0.125,0.0,900.0,900.0,0.0,1.0809999999999917,0.5810000000000004,5325.0,0
1.981,13303.0,10635.0,7976.0,13298.5,10631.5,7973.5,5000.0,4000.0,3000.0,-8.83333333333394,0.33333333333393966,0.5,0.0,900.0,900.0,0.0,1.0819999999999916,0.5820000000000004,5327.0,0
1.982,13309.0,10639.0,7979.0,13303.5,10635.5,7976.5,6000.0,4000.0,3000.0,-8.83333333333394,0.33333333333393966,0.5,0.0,900.0,900.0,0.0,1.0829999999999915,0.5830000000000004,5330.0,0
1.983,13314.0,10643.0,7982.0,13309.5,10639.5,7979.5,5000.0,4000.0,3000.0,-9.83333333333394,0.33333333333393966,0.5,0.0,900.0,900.0,0.0,1.0839999999999914,0.5840000000000004,5332.0,0
1.984,13319.0,10647.0,7985.0,13314.5,10643.5,7982.5,5000.0,4000.0,3000.0,-9.83333333333394,0.33333333333393966,0.5,0.0,900.0,900.0,0.0,1.0849999999999913,0.5850000000000004,5334.0,0
1.985,13324.0,10651.0,7988.0,13319.5,10647.5,7985.5,5000.0,4000.0,3000.0,-9.83333333333394,0.33333333333393966,0.5,0.0,900.0,900.0,0.0,1.0859999999999912,0.5860000000000004,5336.0,0
1.986,13329.0,10655.0,7991.0,13324.5,10651.5,7988.5,5000.0,4000.0,3000.0,-9.83333333333394,0.33333333333393966,0.5,0.0,900.0,900.0,0.0,1.086999999999991,0.5870000000000004,5338.0,0
1.987,13334.0,10659.0,7994.0,13329.5,10655.5,7991.5,5000.0,4000.0,3000.0,-9.83333333333394,0.33333333333393966,0.5,0.0,900.0,900.0,0.0,1.087999999999991,0.5880000000000004,5340.0,0
1.988,13339.0,10663.0,7998.0,13334.5,10659.5,7994.5,5000.0,4000.0,4000.0,-9.83333333333394,0.33333333333393966,0.5,0.0,900.0,900.0,0.0,1.0889999999999909,0.5890000000000004,5341.0,0
1.989,13344.0,10667.0,8001.0,13339.5,10663.5,7998.5,5000.0,4000.0,3000.0,-9.625,0.5,-0.375,0.0,900.0,900.0,0.0,1.0899999999999908,0.5900000000000004,5343.0,0
1.99,13349.0,10671.0,8004.0,13344.5,10667.5,8001.5,5000.0,4000.0,3000.0,-9.625,0.5,-0.375,0.0,900.0,900.0,0.0,1.0909999999999906,0.5910000000000004,5345.0,0
1.991,13354.0,10675.0,8007.0,13349.5,10671.5,8004.5,5000.0,4000.0,3000.0,-9.625,0.5,-0.375,0.0,900.0,900.0,0.0,1.0919999999999905,0.5920000000000004,5347.0,0
1.992,13359.0,10679.0,8010.0,13354.5,10675.5,8007.5,5000.0,4000.0,3000.0,-9.625,0.5,-0.375,0.0,900.0,900.0,0.0,1.0929999999999904,0.5930000000000004,5349.0,0
1.993,13364.0,10683.0,8013.0,13359.5,10679.5,8010.5,5000.0,4000.0,3000.0,-9.625,0.5,-0.375,0.0,900.0,900.0,0.0,1.0939999999999903,0.5940000000000004,5351.0,0
1.994,13369.0,10687.0,8016.0,13364.5,10683.5,8013.5,5000.0,4000.0,3000.0,-9.625,0.5,-0.375,0.0,900.0,900.0,0.0,1.0949999999999902,0.5950000000000004,5353.0,0
1.995,13375.0,10691.0,8019.0,13369.5,10687.5,8016.5,6000.0,4000.0,3000.0,-9.625,0.5,-0.375,0.0,900.0,900.0,0.0,1.09599999999999,0.5960000000000004,5356.0,0
1.996,13379.0,10695.0,8022.0,13375.5,10691.5,8019.5,4000.0,4000.0,3000.0,-10.625,0.5,-0.375,0.0,900.0,900.0,0.0,1.09699999999999,0.5970000000000004,5357.0,0
1.997,13384.0,10699.0,8025.0,13379.5,10695.5,8022.5,5000.0,4000.0,3000.0,-9.625,0.5,-0.375,0.0,900.0,900.0,0.0,1.0979999999999899,0.5980000000000004,5359.0,0
1.998,13390.0,10703.0,8028.0,13384.5,10699.5,8025.5,6000.0,4000.0,3000.0,-9.625,0.5,-0.375,0.0,900.0,900.0,0.0,1.0989999999999898,0.5990000000000004,5362.0,0
1.999,13394.0,10707.0,8031.0,13390.5,10703.5,8028.5,4000.0,4000.0,3000.0,-10.625,0.5,-0.375,0.0,900.0,900.0,0.0,1.0999999999999897,0.6000000000000004,5363.0,0
2.0,13399.0,10711.0,8034.0,13394.5,10707.5,8031.5,5000.0,4000.0,3000.0,-9.625,0.5,-0.375,0.0,900.0,900.0,0.0,1.1009999999999895,0.6010000000000004,5365.0,0
2.001,13405.0,10715.0,8037.0,13399.5,10711.5,8034.5,6000.0,4000.0,3000.0,-9.625,0.5,-0.375,0.0,900.0,900.0,0.0,1.1019999999999894,0.6020000000000004,5368.0,0
2.0020000000000002,13409.0,10719.0,8040.0,13405.5,10715.5,8037.5,4000.0,4000.0,3000.0,-10.625,0.5,-0.375,0.0,900.0,900.0,0.0,1.1029999999999893,0.6030000000000004,5369.0,0
2.003,13414.0,10723.0,8043.0,13409.5,10719.5,8040.5,5000.0,4000.0,3000.0,-9.625,0.5,-0.375,0.0,900.0,900.0,0.0,1.1039999999999892,0.6040000000000004,5371.0,0
2.004,13420.0,10727.0,8046.0,13414.5,10723.5,8043.5,6000.0,4000.0,3000.0,-9.625,0.5,-0.375,0.0,900.0,900.0,0.0,1.104999999999989,0.6050000000000004,5374.0,0
2.005,13424.0,10731.0,8049.0,13420.5,10727.5,8046.5,4000.0,4000.0,3000.0,-10.625,0.5,-0.375,0.0,900.0,900.0,0.0,1.105999999999989,0.6060000000000004,5375.0,0
2.0060000000000002,13429.0,10735.0,8052.0,13424.5,10731.5,8049.5,5000.0,4000.0,3000.0,-9.625,0.5,-0.375,0.0,900.0,900.0,0.0,1.1069999999999889,0.6070000000000004,5377.0,0
2.007,13434.0,10739.0,8055.0,13429.5,10735.5,8052.5,5000.0,4000.0,3000.0,-9.625,0.5,-0.375,0.0,900.0,900.0,0.0,1.1079999999999888,0.6080000000000004,5379.0,0
2.008,13440.0,10743.0,8058.0,13434.5,10739.5,8055.5,6000.0,4000.0,3000.0,-9.625,0.5,-0.375,0.0,900.0,900.0,0.0,1.1089999999999887,0.6090000000000004,5382.0,0
2.009,13444.0,10747.0,8061.0,13440.5,10743.5,8058.5,4000.0,4000.0,3000.0,-10.625,0.5,-0.375,0.0,900.0,900.0,0.0,1.1099999999999886,0.6100000000000004,5383.0,0
2.0100000000000002,13449.0,10751.0,8064.0,13444.5,10747.5,8061.5,5000.0,4000.0,3000.0,-9.625,0.5,-0.375,0.0,900.0,900.0,0.0,1.1109999999999884,0.6110000000000004,5385.0,0
2.011,13454.0,10755.0,8067.0,13449.5,10751.5,8064.5,5000.0,4000.0,3000.0,-9.625,0.5,-0.375,0.0,900.0,900.0,0.0,1.1119999999999883,0.6120000000000004,5387.0,0
2.012,13459.0,10759.0,8070.0,13454.5,10755.5,8067.5,5000.0,4000.0,3000.0,-9.625,0.5,-0.375,0.0,900.0,900.0,0.0,1.1129999999999882,0.6130000000000004,5389.0,0
2.013,13465.0,10763.0,8073.0,13459.5,10759.5,8070.5,6000.0,4000.0,3000.0,-9.625,0.5,-0.375,0.0,900.0,900.0,0.0,1.113999999999988,0.6140000000000004,5392.0,0
2.0140000000000002,13469.0,10767.0,8076.0,13465.5,10763.5,8073.5,4000.0,4000.0,3000.0,-10.625,0.5,-0.375,0.0,900.0,900.0,0.0,1.114999999999988,0.6150000000000004,5393.0,0
2.015,13474.0,10771.0,8079.0,13469.5,10767.5,8076.5,5000.0,4000.0,3000.0,-9.625,0.5,-0.375,0.0,900.0,900.0,0.0,1.115999999999988,0.6160000000000004,5395.0,0
2.016,13479.0,10775.0,8083.0,13474.5,10771.5,8079.5,5000.0,4000.0,4000.0,-9.625,0.5,-0.375,0.0,900.0,900.0,0.0,1.1169999999999878,0.6170000000000004,5396.0,0
2.017,13484.0,10779.0,8086.0,13479.5,10775.5,8083.5,5000.0,4000.0,3000.0,-9.625,0.5,-1.375,0.0,900.0,900.0,0.0,1.1179999999999877,0.6180000000000004,5398.0,0
2.0180000000000002,13490.0,10783.0,8089.0,13484.5,10779.5,8086.5,6000.0,4000.0,3000.0,-9.625,0.5,-1.375,0.0,900.0,900.0,0.0,1.1189999999999876,0.6190000000000004,5401.0,0
2.019,13494.0,10787.0,8092.0,13490.5,10783.5,8089.5,4000.0,4000.0,3000.0,-10.625,0.5,-1.375,0.0,900.0,900.0,0.0,1.1199999999999875,0.6200000000000004,5402.0,0
2.02,13499.0,10791.0,8095.0,13494.5,10787.5,8092.5,5000.0,4000.0,3000.0,-9.625,0.5,-1.375,0.0,900.0,900.0,0.0,1.1209999999999873,0.6210000000000004,5404.0,0
2.021,13504.0,10795.0,8098.0,13499.5,10791.5,8095.5,5000.0,4000.0,3000.0,-9.625,0.5,-1.375,0.0,900.0,900.0,0.0,1.1219999999999872,0.6220000000000004,5406.0,0
2.0220000000000002,13509.0,10799.0,8101.0,13504.5,10795.5,8098.5,5000.0,4000.0,3000.0,-9.625,0.5,-1.375,0.0,900.0,900.0,0.0,1.1229999999999871,0.6230000000000004,5408.0,0
2.023,13514.0,10803.0,8104.0,13509.5,10799.5,8101.5,5000.0,4000.0,3000.0,-9.625,0.5,-1.375,0.0,900.0,900.0,0.0,1.123999999999987,0.6240000000000004,5410.0,0
2.024,13520.0,10807.0,8107.0,13514.5,10803.5,8104.5,6000.0,4000.0,3000.0,-9.625,0.5,-1.375,0.0,900.0,900.0,0.0,1.124999999999987,0.6250000000000004,5413.0,0
2.025,13524.0,10811.0,8110.0,13520.5,10807.5,8107.5,4000.0,4000.0,3000.0,-10.625,0.5,-1.375,0.0,900.0,900.0,0.0,1.1259999999999868,0.6260000000000004,5414.0,0
2.0260000000000002,13529.0,10815.0,8113.0,13524.5,10811.5,8110.5,5000.0,4000.0,3000.0,-9.625,0.5,-1.375,0.0,900.0,900.0,0.0,1.1269999999999867,0.6270000000000004,5416.0,0
2.027,13534.0,10820.0,8116.0,13529.5,10815.5,8113.5,5000.0,5000.0,3000.0,-9.625,0.5,-1.375,0.0,900.0,900.0,0.0,1.1279999999999866,0.6280000000000004,5418.0,0
2.028,13539.0,10824.0,8119.0,13534.5,10820.5,8116.5,5000.0,4000.0,3000.0,-8.375,0.5,-0.625,0.0,900.0,900.0,0.0,1.1289999999999865,0.6290000000000004,5420.0,0
2.029,13544.0,10828.0,8122.0,13539.5,10824.5,8119.5,5000.0,4000.0,3000.0,-8.375,0.5,-0.625,0.0,900.0,900.0,0.0,1.1299999999999863,0.6300000000000004,5422.0,0
2.0300000000000002,13549.0,10832.0,8125.0,13544.5,10828.5,8122.5,5000.0,4000.0,3000.0,-8.375,0.5,-0.625,0.0,900.0,900.0,0.0,1.1309999999999862,0.6310000000000004,5424.0,0
2.031,13554.0,10836.0,8128.0,13549.5,10832.5,8125.5,5000.0,4000.0,3000.0,-8.375,0.5,-0.625,0.0,900.0,900.0,0.0,1.1319999999999861,0.6320000000000005,5426.0,0
2.032,13559.0,10840.0,8131.0,13554.5,10836.5,8128.5,5000.0,4000.0,3000.0,-8.375,0.5,-0.625,0.0,900.0,900.0,0.0,1.132999999999986,0.6330000000000005,5428.0,0
2.033,13565.0,10844.0,8134.0,13559.5,10840.5,8131.5,6000.0,4000.0,3000.0,-8.375,0.5,-0.625,0.0,900.0,900.0,0.0,1.133999999999986,0.6340000000000005,5431.0,0
2.0340000000000003,13570.0,10848.0,8137.0,13565.5,10844.5,8134.5,5000.0,4000.0,3000.0,-9.375,0.5,-0.625,0.0,900.0,900.0,0.0,1.1349999999999858,0.6350000000000005,5433.0,0
2.035,13575.0,10852.0,8140.0,13570.5,10848.5,8137.5,5000.0,4000.0,3000.0,-9.375,0.5,-0.625,0.0,900.0,900.0,0.0,1.1359999999999857,0.6360000000000005,5435.0,0
2.036,13580.0,10856.0,8143.0,13575.5,10852.5,8140.5,5000.0,4000.0,3000.0,-9.375,0.5,-0.625,0.0,900.0,900.0,0.0,1.1369999999999856,0.6370000000000005,5437.0,0
2.037,13585.0,10860.0,8146.0,13580.5,10856.5,8143.5,5000.0,4000.0,3000.0,-9.375,0.5,-0.625,0.0,900.0,900.0,0.0,1.1379999999999855,0.6380000000000005,5439.0,0
2.0380000000000003,13590.0,10864.0,8149.0,13585.5,10860.5,8146.5,5000.0,4000.0,3000.0,-9.375,0.5,-0.625,0.0,900.0,900.0,0.0,1.1389999999999854,0.6390000000000005,5441.0,0
2.039,13595.0,10868.0,8152.0,13590.5,10864.5,8149.5,5000.0,4000.0,3000.0,-9.375,0.5,-0.625,0.0,900.0,900.0,0.0,1.1399999999999852,0.6400000000000005,5443.0,0
2.04,13600.0,10872.0,8155.0,13595.5,10868.5,8152.5,5000.0,4000.0,3000.0,-9.375,0.5,-0.625,0.0,900.0,900.0,0.0,1.1409999999999851,0.6410000000000005,5445.0,0
2.041,13605.0,10876.0,8158.0,13600.5,10872.5,8155.5,5000.0,4000.0,3000.0,-9.375,0.5,-0.625,0.0,900.0,900.0,0.0,1.141999999999985,0.6420000000000005,5447.0,0
2.0420000000000003,13610.0,10880.0,8161.0,13605.5,10876.5,8158.5,5000.0,4000.0,3000.0,-9.375,0.5,-0.625,0.0,900.0,900.0,0.0,1.142999999999985,0.6430000000000005,5449.0,0
2.043,13615.0,10884.0,8164.0,13610.5,10880.5,8161.5,5000.0,4000.0,3000.0,-9.375,0.5,-0.625,0.0,900.0,900.0,0.0,1.1439999999999848,0.6440000000000005,5451.0,0
2.044,13620.0,10888.0,8168.0,13615.5,10884.5,8164.5,5000.0,4000.0,4000.0,-9.375,0.5,-0.625,0.0,900.0,900.0,0.0,1.1449999999999847,0.6450000000000005,5452.0,0
2.045,13625.0,10892.0,8171.0,13620.5,10888.5,8168.5,5000.0,4000.0,3000.0,-9.375,0.5,-1.625,0.0,900.0,900.0,0.0,1.1459999999999846,0.6460000000000005,5454.0,0
2.0460000000000003,13630.0,10896.0,8174.0,13625.5,10892.5,8171.5,5000.0,4000.0,3000.0,-9.375,0.5,-1.625,0.0,900.0,900.0,0.0,1.1469999999999845,0.6470000000000005,5456.0,0
2.047,13635.0,10900.0,8177.0,13630.5,10896.5,8174.5,5000.0,4000.0,3000.0,-9.375,0.5,-1.625,0.0,900.0,900.0,0.0,1.1479999999999844,0.6480000000000005,5458.0,0
2.048,13640.0,10904.0,8180.0,13635.5,10900.5,8177.5,5000.0,4000.0,3000.0,-9.375,0.5,-1.625,0.0,900.0,900.0,0.0,1.1489999999999843,0.6490000000000005,5460.0,0
2.049,13645.0,10908.0,8183.0,13640.5,10904.5,8180.5,5000.0,4000.0,3000.0,-9.375,0.5,-1.625,0.0,900.0,900.0,0.0,1.1499999999999841,0.6500000000000005,5462.0,0
2.05,13650.0,10912.0,8186.0,13645.5,10908.5,8183.5,5000.0,4000.0,3000.0,-9.375,0.5,-1.625,0.0,900.0,900.0,0.0,1.150999999999984,0.6510000000000005,5464.0,0
2.051,13655.0,10916.0,8189.0,13650.5,10912.5,8186.5,5000.0,4000.0,3000.0,-9.375,0.5,-1.625,0.0,900.0,900.0,0.0,1.151999999999984,0.6520000000000005,5466.0,0
2.052,13660.0,10920.0,8192.0,13655.5,10916.5,8189.5,5000.0,4000.0,3000.0,-9.375,0.5,-1.625,0.0,900.0,900.0,0.0,1.1529999999999838,0.6530000000000005,5468.0,0
2.053,13665.0,10924.0,8195.0,13660.5,10920.5,8192.5,5000.0,4000.0,3000.0,-9.375,0.5,-1.625,0.0,900.0,900.0,0.0,1.1539999999999837,0.6540000000000005,5470.0,0
2.054,13670.0,10928.0,8198.0,13665.5,10924.5,8195.5,5000.0,4000.0,3000.0,-9.375,0.5,-1.625,0.0,900.0,900.0,0.0,1.1549999999999836,0.6550000000000005,5472.0,0
2.055,13675.0,10932.0,8201.0,13670.5,10928.5,8198.5,5000.0,4000.0,3000.0,-9.375,0.5,-1.625,0.0,900.0,900.0,0.0,1.1559999999999835,0.6560000000000005,5474.0,0
2.056,13680.0,10936.0,8204.0,13675.5,10932.5,8201.5,5000.0,4000.0,3000.0,-9.375,0.5,-1.625,0.0,900.0,900.0,0.0,1.1569999999999834,0.6570000000000005,5476.0,0
2.057,13685.0,10940.0,8207.0,13680.5,10936.5,8204.5,5000.0,4000.0,3000.0,-9.375,0.5,-1.625,0.0,900.0,900.0,0.0,1.1579999999999833,0.6580000000000005,5478.0,0
2.058,13690.0,10944.0,8210.0,13685.5,10940.5,8207.5,5000.0,4000.0,3000.0,-9.375,0.5,-1.625,0.0,900.0,900.0,0.0,1.1589999999999832,0.6590000000000005,5480.0,0
2.059,13695.0,10948.0,8213.0,13690.5,10944.5,8210.5,5000.0,4000.0,3000.0,-9.375,0.5,-1.625,0.0,900.0,900.0,0.0,1.159999999999983,0.6600000000000005,5482.0,0
2.06,13700.0,10952.0,8216.0,13695.5,10948.5,8213.5,5000.0,4000.0,3000.0,-9.375,0.5,-1.625,0.0,900.0,900.0,0.0,1.160999999999983,0.6610000000000005,5484.0,0
2.061,13705.0,10956.0,8219.0,13700.5,10952.5,8216.5,5000.0,4000.0,3000.0,-9.375,0.5,-1.625,0.0,900.0,900.0,0.0,1.1619999999999828,0.6620000000000005,5486.0,0
2.062,13710.0,10960.0,8222.0,13705.5,10956.5,8219.5,5000.0,4000.0,3000.0,-9.375,0.5,-1.625,0.0,900.0,900.0,0.0,1.1629999999999827,0.6630000000000005,5488.0,0
2.063,13715.0,10964.0,8225.0,13710.5,10960.5,8222.5,5000.0,4000.0,3000.0,-9.375,0.5,-1.625,0.0,900.0,900.0,0.0,1.1639999999999826,0.6640000000000005,5490.0,0
2.064,13720.0,10968.0,8228.0,13715.5,10964.5,8225.5,5000.0,4000.0,3000.0,-9.375,0.5,-1.625,0.0,900.0,900.0,0.0,1.1649999999999825,0.6650000000000005,5492.0,0
2.065,13725.0,10972.0,8231.0,13720.5,10968.5,8228.5,5000.0,4000.0,3000.0,-9.375,0.5,-1.625,0.0,900.0,900.0,0.0,1.1659999999999824,0.6660000000000005,5494.0,0
2.066,13730.0,10976.0,8234.0,13725.5,10972.5,8231.5,5000.0,4000.0,3000.0,-9.375,0.5,-1.625,0.0,900.0,900.0,0.0,1.1669999999999823,0.6670000000000005,5496.0,0
2.067,13735.0,10980.0,8237.0,13730.5,10976.5,8234.5,5000.0,4000.0,3000.0,-9.375,0.5,-1.625,0.0,900.0,900.0,0.0,1.1679999999999822,0.6680000000000005,5498.0,0
2.068,13740.0,10984.0,8240.0,13735.5,10980.5,8237.5,5000.0,4000.0,3000.0,-9.375,0.5,-1.625,0.0,900.0,900.0,0.0,1.168999999999982,0.6690000000000005,5500.0,0
2.069,13745.0,10988.0,8243.0,13740.5,10984.5,8240.5,5000.0,4000.0,3000.0,-9.375,0.5,-1.625,0.0,900.0,900.0,0.0,1.169999999999982,0.6700000000000005,5502.0,0
2.07,13750.0,10992.0,8246.0,13745.5,10988.5,8243.5,5000.0,4000.0,3000.0,-9.375,0.5,-1.625,0.0,900.0,900.0,0.0,1.1709999999999818,0.6710000000000005,5504.0,0
2.071,13755.0,10996.0,8249.0,13750.5,10992.5,8246.5,5000.0,4000.0,3000.0,-9.375,0.5,-1.625,0.0,900.0,900.0,0.0,1.1719999999999817,0.6720000000000005,5506.0,0
2.072,13760.0,11000.0,8253.0,13755.5,10996.5,8249.5,5000.0,4000.0,4000.0,-9.375,0.5,-1.625,0.0,900.0,900.0,0.0,1.1729999999999816,0.6730000000000005,5507.0,0
2.073,13765.0,11004.0,8256.0,13760.5,11000.5,8253.5,5000.0,4000.0,3000.0,-9.375,0.5,-2.625,0.0,900.0,900.0,0.0,1.1739999999999815,0.6740000000000005,5509.0,0
2.074,13770.0,11009.0,8259.0,13765.5,11004.5,8256.5,5000.0,5000.0,3000.0,-9.375,0.5,-2.625,0.0,900.0,900.0,0.0,1.1749999999999814,0.6750000000000005,5511.0,0
2.075,13775.0,11013.0,8262.0,13770.5,11009.5,8259.5,5000.0,4000.0,3000.0,-8.125,0.5,-1.875,0.0,900.0,900.0,0.0,1.1759999999999813,0.6760000000000005,5513.0,0
2.076,13780.0,11017.0,8265.0,13775.5,11013.5,8262.5,5000.0,4000.0,3000.0,-8.125,0.5,-1.875,0.0,900.0,900.0,0.0,1.1769999999999812,0.6770000000000005,5515.0,0
2.077,13785.0,11021.0,8268.0,13780.5,11017.5,8265.5,5000.0,4000.0,3000.0,-8.125,0.5,-1.875,0.0,900.0,900.0,0.0,1.177999999999981,0.6780000000000005,5517.0,0
2.078,13791.0,11025.0,8271.0,13785.5,11021.5,8268.5,6000.0,4000.0,3000.0,-8.125,0.5,-1.875,0.0,900.0,900.0,0.0,1.178999999999981,0.6790000000000005,5520.0,0
2.079,13796.0,11029.0,8274.0,13791.5,11025.5,8271.5,5000.0,4000.0,3000.0,-9.125,0.5,-1.875,0.0,900.0,900.0,0.0,1.1799999999999808,0.6800000000000005,5522.0,0
2.08,13801.0,11033.0,8277.0,13796.5,11029.5,8274.5,5000.0,4000.0,3000.0,-9.125,0.5,-1.875,0.0,900.0,900.0,0.0,1.1809999999999807,0.6810000000000005,5524.0,0
2.081,13806.0,11037.0,8280.0,13801.5,11033.5,8277.5,5000.0,4000.0,3000.0,-9.125,0.5,-1.875,0.0,900.0,900.0,0.0,1.1819999999999806,0.6820000000000005,5526.0,0
2.082,13811.0,11041.0,8283.0,13806.5,11037.5,8280.5,5000.0,4000.0,3000.0,-9.125,0.5,-1.875,0.0,900.0,900.0,0.0,1.1829999999999805,0.6830000000000005,5528.0,0
2.083,13816.0,11045.0,8286.0,13811.5,11041.5,8283.5,5000.0,4000.0,3000.0,-9.125,0.5,-1.875,0.0,900.0,900.0,0.0,1.1839999999999804,0.6840000000000005,5530.0,0
2.084,13821.0,11049.0,8289.0,13816.5,11045.5,8286.5,5000.0,4000.0,3000.0,-9.125,0.5,-1.875,0.0,900.0,900.0,0.0,1.1849999999999803,0.6850000000000005,5532.0,0
2.085,13826.0,11053.0,8292.0,13821.5,11049.5,8289.5,5000.0,4000.0,3000.0,-9.125,0.5,-1.875,0.0,900.0,900.0,0.0,1.1859999999999802,0.6860000000000005,5534.0,0
2.086,13831.0,11057.0,8295.0,13826.5,11053.5,8292.5,5000.0,4000.0,3000.0,-9.125,0.5,-1.875,0.0,900.0,900.0,0.0,1.18699999999998,0.6870000000000005,5536.0,0
2.087,13836.0,11061.0,8298.0,13831.5,11057.5,8295.5,5000.0,4000.0,3000.0,-9.125,0.5,-1.875,0.0,900.0,900.0,0.0,1.18799999999998,0.6880000000000005,5538.0,0
2.088,13841.0,11065.0,8301.0,13836.5,11061.5,8298.5,5000.0,4000.0,3000.0,-9.125,0.5,-1.875,0.0,900.0,900.0,0.0,1.1889999999999799,0.6890000000000005,5540.0,0
2.089,13846.0,11069.0,8304.0,13841.5,11065.5,8301.5,5000.0,4000.0,3000.0,-9.125,0.5,-1.875,0.0,900.0,900.0,0.0,1.1899999999999797,0.6900000000000005,5542.0,0
2.09,13851.0,11073.0,8307.0,13846.5,11069.5,8304.5,5000.0,4000.0,3000.0,-9.125,0.5,-1.875,0.0,900.0,900.0,0.0,1.1909999999999796,0.6910000000000005,5544.0,0
2.091,13856.0,11077.0,8310.0,13851.5,11073.5,8307.5,5000.0,4000.0,3000.0,-9.125,0.5,-1.875,0.0,900.0,900.0,0.0,1.1919999999999795,0.6920000000000005,5546.0,0
2.092,13861.0,11081.0,8313.0,13856.5,11077.5,8310.5,5000.0,4000.0,3000.0,-9.125,0.5,-1.875,0.0,900.0,900.0,0.0,1.1929999999999794,0.6930000000000005,5548.0,0
2.093,13866.0,11085.0,8316.0,13861.5,11081.5,8313.5,5000.0,4000.0,3000.0,-9.125,0.5,-1.875,0.0,900.0,900.0,0.0,1.1939999999999793,0.6940000000000005,5550.0,0
2.094,13871.0,11089.0,8319.0,13866.5,11085.5,8316.5,5000.0,4000.0,3000.0,-9.125,0.5,-1.875,0.0,900.0,900.0,0.0,1.1949999999999792,0.6950000000000005,5552.0,0
2.095,13876.0,11093.0,8322.0,13871.5,11089.5,8319.5,5000.0,4000.0,3000.0,-9.125,0.5,-1.875,0.0,900.0,900.0,0.0,1.195999999999979,0.6960000000000005,5554.0,0
2.096,13881.0,11097.0,8325.0,13876.5,11093.5,8322.5,5000.0,4000.0,3000.0,-9.125,0.5,-1.875,0.0,900.0,900.0,0.0,1.196999999999979,0.6970000000000005,5556.0,0
2.097,13886.0,11101.0,8328.0,13881.5,11097.5,8325.5,5000.0,4000.0,3000.0,-9.125,0.5,-1.875,0.0,900.0,900.0,0.0,1.1979999999999789,0.6980000000000005,5558.0,0
2.098,13891.0,11105.0,8331.0,13886.5,11101.5,8328.5,5000.0,4000.0,3000.0,-9.125,0.5,-1.875,0.0,900.0,900.0,0.0,1.1989999999999787,0.6990000000000005,5560.0,0
2.099,13896.0,11109.0,8335.0,13891.5,11105.5,8331.5,5000.0,4000.0,4000.0,-9.125,0.5,-1.875,0.0,900.0,900.0,0.0,1.1999999999999786,0.7000000000000005,5561.0,0
2.1,13901.0,11113.0,8338.0,13896.5,11109.5,8335.5,5000.0,4000.0,3000.0,-9.125,0.5,-2.875,0.0,900.0,900.0,0.0,1.2009999999999785,0.7010000000000005,5563.0,0
2.101,13906.0,11117.0,8341.0,13901.5,11113.5,8338.5,5000.0,4000.0,3000.0,-9.125,0.5,-2.875,0.0,900.0,900.0,0.0,1.2019999999999784,0.7020000000000005,5565.0,0
2.102,13911.0,11121.0,8344.0,13906.5,11117.5,8341.5,5000.0,4000.0,3000.0,-9.125,0.5,-2.875,0.0,900.0,900.0,0.0,1.2029999999999783,0.7030000000000005,5567.0,0
2.103,13916.0,11125.0,8347.0,13911.5,11121.5,8344.5,5000.0,4000.0,3000.0,-9.125,0.5,-2.875,0.0,900.0,900.0,0.0,1.2039999999999782,0.7040000000000005,5569.0,0
2.104,13921.0,11129.0,8350.0,13916.5,11125.5,8347.5,5000.0,4000.0,3000.0,-9.125,0.5,-2.875,0.0,900.0,900.0,0.0,1.204999999999978,0.7050000000000005,5571.0,0
2.105,13926.0,11133.0,8353.0,13921.5,11129.5,8350.5,5000.0,4000.0,3000.0,-9.125,0.5,-2.875,0.0,900.0,900.0,0.0,1.205999999999978,0.7060000000000005,5573.0,0
2.106,13931.0,11137.0,8356.0,13926.5,11133.5,8353.5,5000.0,4000.0,3000.0,-9.125,0.5,-2.875,0.0,900.0,900.0,0.0,1.2069999999999779,0.7070000000000005,5575.0,0
2.107,13936.0,11141.0,8359.0,13931.5,11137.5,8356.5,5000.0,4000.0,3000.0,-9.125,0.5,-2.875,0.0,900.0,900.0,0.0,1.2079999999999778,0.7080000000000005,5577.0,0
2.108,13941.0,11145.0,8362.0,13936.5,11141.5,8359.5,5000.0,4000.0,3000.0,-9.125,0.5,-2.875,0.0,900.0,900.0,0.0,1.2089999999999776,0.7090000000000005,5579.0,0
2.109,13946.0,11149.0,8365.0,13941.5,11145.5,8362.5,5000.0,4000.0,3000.0,-9.125,0.5,-2.875,0.0,900.0,900.0,0.0,1.2099999999999775,0.7100000000000005,5581.0,0
2.11,13951.0,11153.0,8368.0,13946.5,11149.5,8365.5,5000.0,4000.0,3000.0,-9.125,0.5,-2.875,0.0,900.0,900.0,0.0,1.2109999999999774,0.7110000000000005,5583.0,0
2.111,13956.0,11157.0,8371.0,13951.5,11153.5,8368.5,5000.0,4000.0,3000.0,-9.125,0.5,-2.875,0.0,900.0,900.0,0.0,1.2119999999999773,0.7120000000000005,5585.0,0
2.112,13961.0,11161.0,8374.0,13956.5,11157.5,8371.5,5000.0,4000.0,3000.0,-9.125,0.5,-2.875,0.0,900.0,900.0,0.0,1.2129999999999772,0.7130000000000005,5587.0,0
2.113,13966.0,11165.0,8377.0,13961.5,11161.5,8374.5,5000.0,4000.0,3000.0,-9.125,0.5,-2.875,0.0,900.0,900.0,0.0,1.213999999999977,0.7140000000000005,5589.0,0
2.114,13971.0,11169.0,8380.0,13966.5,11165.5,8377.5,5000.0,4000.0,3000.0,-9.125,0.5,-2.875,0.0,900.0,900.0,0.0,1.214999999999977,0.7150000000000005,5591.0,0
2.115,13976.0,11173.0,8383.0,13971.5,11169.5,8380.5,5000.0,4000.0,3000.0,-9.125,0.5,-2.875,0.0,900.0,900.0,0.0,1.2159999999999769,0.7160000000000005,5593.0,0
2.116,13981.0,11177.0,8386.0,13976.5,11173.5,8383.5,5000.0,4000.0,3000.0,-9.125,0.5,-2.875,0.0,900.0,900.0,0.0,1.2169999999999768,0.7170000000000005,5595.0,0
2.117,13986.0,11181.0,8389.0,13981.5,11177.5,8386.5,5000.0,4000.0,3000.0,-9.125,0.5,-2.875,0.0,900.0,900.0,0.0,1.2179999999999767,0.7180000000000005,5597.0,0
2.118,13991.0,11185.0,8392.0,13986.5,11181.5,8389.5,5000.0,4000.0,3000.0,-9.125,0.5,-2.875,0.0,900.0,900.0,0.0,1.2189999999999765,0.7190000000000005,5599.0,0
2.119,13996.0,11189.0,8395.0,13991.5,11185.5,8392.5,5000.0,4000.0,3000.0,-9.125,0.5,-2.875,0.0,900.0,900.0,0.0,1.2199999999999764,0.7200000000000005,5601.0,0
2.12,14001.0,11193.0,8398.0,13996.5,11189.5,8395.5,5000.0,4000.0,3000.0,-9.125,0.5,-2.875,0.0,900.0,900.0,0.0,1.2209999999999763,0.7210000000000005,5603.0,0
2.121,14006.0,11198.0,8401.0,14001.5,11193.5,8398.5,5000.0,5000.0,3000.0,-9.125,0.5,-2.875,0.0,900.0,900.0,0.0,1.2219999999999762,0.7220000000000005,5605.0,0
2.122,14011.0,11202.0,8404.0,14006.5,11198.5,8401.5,5000.0,4000.0,3000.0,-7.875,0.5,-2.125,0.0,900.0,900.0,0.0,1.222999999999976,0.7230000000000005,5607.0,0
2.123,14017.0,11206.0,8407.0,14011.5,11202.5,8404.5,6000.0,4000.0,3000.0,-7.875,0.5,-2.125,0.0,900.0,900.0,0.0,1.223999999999976,0.7240000000000005,5610.0,0
2.124,14022.0,11210.0,8410.0,14017.5,11206.5,8407.5,5000.0,4000.0,3000.0,-8.875,0.5,-2.125,0.0,900.0,900.0,0.0,1.2249999999999759,0.7250000000000005,5612.0,0
2.125,14027.0,11214.0,8413.0,14022.5,11210.5,8410.5,5000.0,4000.0,3000.0,-8.875,0.5,-2.125,0.0,900.0,900.0,0.0,1.2259999999999758,0.7260000000000005,5614.0,0
2.126,14032.0,11218.0,8416.0,14027.5,11214.5,8413.5,5000.0,4000.0,3000.0,-8.875,0.5,-2.125,0.0,900.0,900.0,0.0,1.2269999999999757,0.7270000000000005,5616.0,0
2.1270000000000002,14037.0,11222.0,8420.0,14032.5,11218.5,8416.5,5000.0,4000.0,4000.0,-8.875,0.5,-2.125,0.0,900.0,900.0,0.0,1.2279999999999756,0.7280000000000005,5617.0,0
2.128,14042.0,11226.0,8423.0,14037.5,11222.5,8420.5,5000.0,4000.0,3000.0,-8.875,0.5,-3.125,0.0,900.0,900.0,0.0,1.2289999999999754,0.7290000000000005,5619.0,0
2.129,14047.0,11230.0,8426.0,14042.5,11226.5,8423.5,5000.0,4000.0,3000.0,-8.875,0.5,-3.125,0.0,900.0,900.0,0.0,1.2299999999999753,0.7300000000000005,5621.0,0
2.13,14052.0,11234.0,8429.0,14047.5,11230.5,8426.5,5000.0,4000.0,3000.0,-8.875,0.5,-3.125,0.0,900.0,900.0,0.0,1.2309999999999752,0.7310000000000005,5623.0,0
2.1310000000000002,14057.0,11238.0,8432.0,14052.5,11234.5,8429.5,5000.0,4000.0,3000.0,-8.875,0.5,-3.125,0.0,900.0,900.0,0.0,1.2319999999999751,0.7320000000000005,5625.0,0
2.132,14062.0,11242.0,8435.0,14057.5,11238.5,8432.5,5000.0,4000.0,3000.0,-8.875,0.5,-3.125,0.0,900.0,900.0,0.0,1.232999999999975,0.7330000000000005,5627.0,0
2.133,14067.0,11246.0,8438.0,14062.5,11242.5,8435.5,5000.0,4000.0,3000.0,-8.875,0.5,-3.125,0.0,900.0,900.0,0.0,1.233999999999975,0.7340000000000005,5629.0,0
2.134,14072.0,11250.0,8441.0,14067.5,11246.5,8438.5,5000.0,4000.0,3000.0,-8.875,0.5,-3.125,0.0,900.0,900.0,0.0,1.2349999999999748,0.7350000000000005,5631.0,0
2.1350000000000002,14077.0,11254.0,8444.0,14072.5,11250.5,8441.5,5000.0,4000.0,3000.0,-8.875,0.5,-3.125,0.0,900.0,900.0,0.0,1.2359999999999747,0.7360000000000005,5633.0,0
2.136,14082.0,11258.0,8447.0,14077.5,11254.5,8444.5,5000.0,4000.0,3000.0,-8.875,0.5,-3.125,0.0,900.0,900.0,0.0,1.2369999999999746,0.7370000000000005,5635.0,0
2.137,14087.0,11262.0,8450.0,14082.5,11258.5,8447.5,5000.0,4000.0,3000.0,-8.875,0.5,-3.125,0.0,900.0,900.0,0.0,1.2379999999999745,0.7380000000000005,5637.0,0
2.138,14092.0,11266.0,8453.0,14087.5,11262.5,8450.5,5000.0,4000.0,3000.0,-8.875,0.5,-3.125,0.0,900.0,900.0,0.0,1.2389999999999743,0.7390000000000005,5639.0,0
2.1390000000000002,14097.0,11270.0,8456.0,14092.5,11266.5,8453.5,5000.0,4000.0,3000.0,-8.875,0.5,-3.125,0.0,900.0,900.0,0.0,1.2399999999999742,0.7400000000000005,5641.0,0
2.14,14102.0,11274.0,8459.0,14097.5,11270.5,8456.5,5000.0,4000.0,3000.0,-8.875,0.5,-3.125,0.0,900.0,900.0,0.0,1.2409999999999741,0.7410000000000005,5643.0,0
2.141,14107.0,11278.0,8462.0,14102.5,11274.5,8459.5,5000.0,4000.0,3000.0,-8.875,0.5,-3.125,0.0,900.0,900.0,0.0,1.241999999999974,0.7420000000000005,5645.0,0
2.142,14112.0,11282.0,8465.0,14107.5,11278.5,8462.5,5000.0,4000.0,3000.0,-8.875,0.5,-3.125,0.0,900.0,900.0,0.0,1.242999999999974,0.7430000000000005,5647.0,0
2.1430000000000002,14117.0,11286.0,8468.0,14112.5,11282.5,8465.5,5000.0,4000.0,3000.0,-8.875,0.5,-3.125,0.0,900.0,900.0,0.0,1.2439999999999738,0.7440000000000005,5649.0,0
2.144,14122.0,11290.0,8471.0,14117.5,11286.5,8468.5,5000.0,4000.0,3000.0,-8.875,0.5,-3.125,0.0,900.0,900.0,0.0,1.2449999999999737,0.7450000000000006,5651.0,0
2.145,14127.0,11294.0,8474.0,14122.5,11290.5,8471.5,5000.0,4000.0,3000.0,-8.875,0.5,-3.125,0.0,900.0,900.0,0.0,1.2459999999999736,0.7460000000000006,5653.0,0
2.146,14132.0,11298.0,8477.0,14127.5,11294.5,8474.5,5000.0,4000.0,3000.0,-8.875,0.5,-3.125,0.0,900.0,900.0,0.0,1.2469999999999735,0.7470000000000006,5655.0,0
2.1470000000000002,14137.0,11302.0,8480.0,14132.5,11298.5,8477.5,5000.0,4000.0,3000.0,-8.875,0.5,-3.125,0.0,900.0,900.0,0.0,1.2479999999999734,0.7480000000000006,5657.0,0
2.148,14142.0,11306.0,8483.0,14137.5,11302.5,8480.5,5000.0,4000.0,3000.0,-8.875,0.5,-3.125,0.0,900.0,900.0,0.0,1.2489999999999732,0.7490000000000006,5659.0,0
2.149,14147.0,11310.0,8486.0,14142.5,11306.5,8483.5,5000.0,4000.0,3000.0,-8.875,0.5,-3.125,0.0,900.0,900.0,0.0,1.2499999999999731,0.7500000000000006,5661.0,0
2.15,14152.0,11314.0,8489.0,14147.5,11310.5,8486.5,5000.0,4000.0,3000.0,-8.875,0.5,-3.125,0.0,900.0,900.0,0.0,1.250999999999973,0.7510000000000006,5663.0,0
2.1510000000000002,14157.0,11318.0,8492.0,14152.5,11314.5,8489.5,5000.0,4000.0,3000.0,-8.875,0.5,-3.125,0.0,900.0,900.0,0.0,1.251999999999973,0.7520000000000006,5665.0,0
2.152,14162.0,11322.0,8495.0,14157.5,11318.5,8492.5,5000.0,4000.0,3000.0,-8.875,0.5,-3.125,0.0,900.0,900.0,0.0,1.2529999999999728,0.7530000000000006,5667.0,0
2.153,14167.0,11326.0,8498.0,14162.5,11322.5,8495.5,5000.0,4000.0,3000.0,-8.875,0.5,-3.125,0.0,900.0,900.0,0.0,1.2539999999999727,0.7540000000000006,5669.0,0
2.154,14172.0,11330.0,8501.0,14167.5,11326.5,8498.5,5000.0,4000.0,3000.0,-8.875,0.5,-3.125,0.0,900.0,900.0,0.0,1.2549999999999726,0.7550000000000006,5671.0,0
2.1550000000000002,14177.0,11334.0,8505.0,14172.5,11330.5,8501.5,5000.0,4000.0,4000.0,-8.875,0.5,-3.125,0.0,900.0,900.0,0.0,1.2559999999999725,0.7560000000000006,5672.0,0
2.156,14182.0,11338.0,8508.0,14177.5,11334.5,8505.5,5000.0,4000.0,3000.0,-8.875,0.5,-4.125,0.0,900.0,900.0,0.0,1.2569999999999724,0.7570000000000006,5674.0,0
2.157,14187.0,11342.0,8511.0,14182.5,11338.5,8508.5,5000.0,4000.0,3000.0,-8.875,0.5,-4.125,0.0,900.0,900.0,0.0,1.2579999999999723,0.7580000000000006,5676.0,0
2.158,14192.0,11346.0,8514.0,14187.5,11342.5,8511.5,5000.0,4000.0,3000.0,-8.875,0.5,-4.125,0.0,900.0,900.0,0.0,1.2589999999999721,0.7590000000000006,5678.0,0
2.1590000000000003,14197.0,11350.0,8517.0,14192.5,11346.5,8514.5,5000.0,4000.0,3000.0,-8.875,0.5,-4.125,0.0,900.0,900.0,0.0,1.259999999999972,0.7600000000000006,5680.0,0
2.16,14202.0,11354.0,8520.0,14197.5,11350.5,8517.5,5000.0,4000.0,3000.0,-8.875,0.5,-4.125,0.0,900.0,900.0,0.0,1.260999999999972,0.7610000000000006,5682.0,0
2.161,14207.0,11358.0,8523.0,14202.5,11354.5,8520.5,5000.0,4000.0,3000.0,-8.875,0.5,-4.125,0.0,900.0,900.0,0.0,1.2619999999999718,0.7620000000000006,5684.0,0
2.162,14212.0,11362.0,8526.0,14207.5,11358.5,8523.5,5000.0,4000.0,3000.0,-8.875,0.5,-4.125,0.0,900.0,900.0,0.0,1.2629999999999717,0.7630000000000006,5686.0,0
2.1630000000000003,14217.0,11366.0,8529.0,14212.5,11362.5,8526.5,5000.0,4000.0,3000.0,-8.875,0.5,-4.125,0.0,900.0,900.0,0.0,1.2639999999999716,0.7640000000000006,5688.0,0
2.164,14222.0,11370.0,8532.0,14217.5,11366.5,8529.5,5000.0,4000.0,3000.0,-8.875,0.5,-4.125,0.0,900.0,900.0,0.0,1.2649999999999715,0.7650000000000006,5690.0,0
2.165,14227.0,11374.0,8535.0,14222.5,11370.5,8532.5,5000.0,4000.0,3000.0,-8.875,0.5,-4.125,0.0,900.0,900.0,0.0,1.2659999999999714,0.7660000000000006,5692.0,0
2.166,14232.0,11378.0,8538.0,14227.5,11374.5,8535.5,5000.0,4000.0,3000.0,-8.875,0.5,-4.125,0.0,900.0,900.0,0.0,1.2669999999999713,0.7670000000000006,5694.0,0
2.1670000000000003,14237.0,11383.0,8541.0,14232.5,11378.5,8538.5,5000.0,5000.0,3000.0,-8.875,0.5,-4.125,0.0,900.0,900.0,0.0,1.2679999999999712,0.7680000000000006,5696.0,0
2.168,14243.0,11387.0,8544.0,14237.5,11383.5,8541.5,6000.0,4000.0,3000.0,-7.625,0.5,-3.375,0.0,900.0,900.0,0.0,1.268999999999971,0.7690000000000006,5699.0,0
2.169,14248.0,11391.0,8547.0,14243.5,11387.5,8544.5,5000.0,4000.0,3000.0,-8.625,0.5,-3.375,0.0,900.0,900.0,0.0,1.269999999999971,0.7700000000000006,5701.0,0
2.17,14253.0,11395.0,8550.0,14248.5,11391.5,8547.5,5000.0,4000.0,3000.0,-8.625,0.5,-3.375,0.0,900.0,900.0,0.0,1.2709999999999708,0.7710000000000006,5703.0,0
2.1710000000000003,14258.0,11399.0,8553.0,14253.5,11395.5,8550.5,5000.0,4000.0,3000.0,-8.625,0.5,-3.375,0.0,900.0,900.0,0.0,1.2719999999999707,0.7720000000000006,5705.0,0
2.172,14263.0,11403.0,8556.0,14258.5,11399.5,8553.5,5000.0,4000.0,3000.0,-8.625,0.5,-3.375,0.0,900.0,900.0,0.0,1.2729999999999706,0.7730000000000006,5707.0,0
2.173,14268.0,11407.0,8559.0,14263.5,11403.5,8556.5,5000.0,4000.0,3000.0,-8.625,0.5,-3.375,0.0,900.0,900.0,0.0,1.2739999999999705,0.7740000000000006,5709.0,0
2.174,14273.0,11411.0,8562.0,14268.5,11407.5,8559.5,5000.0,4000.0,3000.0,-8.625,0.5,-3.375,0.0,900.0,900.0,0.0,1.2749999999999704,0.7750000000000006,5711.0,0
2.1750000000000003,14278.0,11415.0,8565.0,14273.5,11411.5,8562.5,5000.0,4000.0,3000.0,-8.625,0.5,-3.375,0.0,900.0,900.0,0.0,1.2759999999999703,0.7760000000000006,5713.0,0
2.176,14283.0,11419.0,8568.0,14278.5,11415.5,8565.5,5000.0,4000.0,3000.0,-8.625,0.5,-3.375,0.0,900.0,900.0,0.0,1.2769999999999702,0.7770000000000006,5715.0,0
2.177,14288.0,11423.0,8571.0,14283.5,11419.5,8568.5,5000.0,4000.0,3000.0,-8.625,0.5,-3.375,0.0,900.0,900.0,0.0,1.27799999999997,0.7780000000000006,5717.0,0
2.178,14293.0,11427.0,8574.0,14288.5,11423.5,8571.5,5000.0,4000.0,3000.0,-8.625,0.5,-3.375,0.0,900.0,900.0,0.0,1.27899999999997,0.7790000000000006,5719.0,0
2.179,14298.0,11431.0,8577.0,14293.5,11427.5,8574.5,5000.0,4000.0,3000.0,-8.625,0.5,-3.375,0.0,900.0,900.0,0.0,1.2799999999999698,0.7800000000000006,5721.0,0
2.18,14303.0,11435.0,8580.0,14298.5,11431.5,8577.5,5000.0,4000.0,3000.0,-8.625,0.5,-3.375,0.0,900.0,900.0,0.0,1.2809999999999697,0.7810000000000006,5723.0,0
2.181,14308.0,11439.0,8583.0,14303.5,11435.5,8580.5,5000.0,4000.0,3000.0,-8.625,0.5,-3.375,0.0,900.0,900.0,0.0,1.2819999999999696,0.7820000000000006,5725.0,0
2.182,14313.0,11443.0,8586.0,14308.5,11439.5,8583.5,5000.0,4000.0,3000.0,-8.625,0.5,-3.375,0.0,900.0,900.0,0.0,1.2829999999999695,0.7830000000000006,5727.0,0
2.183,14318.0,11447.0,8590.0,14313.5,11443.5,8586.5,5000.0,4000.0,4000.0,-8.625,0.5,-3.375,0.0,900.0,900.0,0.0,1.2839999999999694,0.7840000000000006,5728.0,0
2.184,14323.0,11451.0,8593.0,14318.5,11447.5,8590.5,5000.0,4000.0,3000.0,-8.625,0.5,-4.375,0.0,900.0,900.0,0.0,1.2849999999999693,0.7850000000000006,5730.0,0
2.185,14328.0,11455.0,8596.0,14323.5,11451.5,8593.5,5000.0,4000.0,3000.0,-8.625,0.5,-4.375,0.0,900.0,900.0,0.0,1.2859999999999692,0.7860000000000006,5732.0,0
2.186,14333.0,11459.0,8599.0,14328.5,11455.5,8596.5,5000.0,4000.0,3000.0,-8.625,0.5,-4.375,0.0,900.0,900.0,0.0,1.286999999999969,0.7870000000000006,5734.0,0
2.187,14338.0,11463.0,8602.0,14333.5,11459.5,8599.5,5000.0,4000.0,3000.0,-8.625,0.5,-4.375,0.0,900.0,900.0,0.0,1.287999999999969,0.7880000000000006,5736.0,0
2.188,14343.0,11467.0,8605.0,14338.5,11463.5,8602.5,5000.0,4000.0,3000.0,-8.625,0.5,-4.375,0.0,900.0,900.0,0.0,1.2889999999999688,0.7890000000000006,5738.0,0
2.189,14348.0,11471.0,8608.0,14343.5,11467.5,8605.5,5000.0,4000.0,3000.0,-8.625,0.5,-4.375,0.0,900.0,900.0,0.0,1.2899999999999687,0.7900000000000006,5740.0,0
2.19,14353.0,11475.0,8611.0,14348.5,11471.5,8608.5,5000.0,4000.0,3000.0,-8.625,0.5,-4.375,0.0,900.0,900.0,0.0,1.2909999999999686,0.7910000000000006,5742.0,0
2.191,14358.0,11479.0,8614.0,14353.5,11475.5,8611.5,5000.0,4000.0,3000.0,-8.625,0.5,-4.375,0.0,900.0,900.0,0.0,1.2919999999999685,0.7920000000000006,5744.0,0
2.192,14363.0,11483.0,8617.0,14358.5,11479.5,8614.5,5000.0,4000.0,3000.0,-8.625,0.5,-4.375,0.0,900.0,900.0,0.0,1.2929999999999684,0.7930000000000006,5746.0,0
2.193,14368.0,11487.0,8620.0,14363.5,11483.5,8617.5,5000.0,4000.0,3000.0,-8.625,0.5,-4.375,0.0,900.0,900.0,0.0,1.2939999999999683,0.7940000000000006,5748.0,0
2.194,14373.0,11491.0,8623.0,14368.5,11487.5,8620.5,5000.0,4000.0,3000.0,-8.625,0.5,-4.375,0.0,900.0,900.0,0.0,1.2949999999999682,0.7950000000000006,5750.0,0
2.195,14378.0,11495.0,8626.0,14373.5,11491.5,8623.5,5000.0,4000.0,3000.0,-8.625,0.5,-4.375,0.0,900.0,900.0,0.0,1.295999999999968,0.7960000000000006,5752.0,0
2.196,14383.0,11499.0,8629.0,14378.5,11495.5,8626.5,5000.0,4000.0,3000.0,-8.625,0.5,-4.375,0.0,900.0,900.0,0.0,1.296999999999968,0.7970000000000006,5754.0,0
2.197,14388.0,11503.0,8632.0,14383.5,11499.5,8629.5,5000.0,4000.0,3000.0,-8.625,0.5,-4.375,0.0,900.0,900.0,0.0,1.2979999999999678,0.7980000000000006,5756.0,0
2.198,14393.0,11507.0,8635.0,14388.5,11503.5,8632.5,5000.0,4000.0,3000.0,-8.625,0.5,-4.375,0.0,900.0,900.0,0.0,1.2989999999999677,0.7990000000000006,5758.0,0
2.199,14398.0,11511.0,8638.0,14393.5,11507.5,8635.5,5000.0,4000.0,3000.0,-8.625,0.5,-4.375,0.0,900.0,900.0,0.0,1.2999999999999676,0.8000000000000006,5760.0,0
2.2,14403.0,11515.0,8641.0,14398.5,11511.5,8638.5,5000.0,4000.0,3000.0,-8.625,0.5,-4.375,0.0,900.0,900.0,0.0,1.3009999999999675,0.8010000000000006,5762.0,0
2.201,14408.0,11519.0,8644.0,14403.5,11515.5,8641.5,5000.0,4000.0,3000.0,-8.625,0.5,-4.375,0.0,900.0,900.0,0.0,1.3019999999999674,0.8020000000000006,5764.0,0
2.202,14413.0,11523.0,8647.0,14408.5,11519.5,8644.5,5000.0,4000.0,3000.0,-8.625,0.5,-4.375,0.0,900.0,900.0,0.0,1.3029999999999673,0.8030000000000006,5766.0,0
2.203,14418.0,11527.0,8650.0,14413.5,11523.5,8647.5,5000.0,4000.0,3000.0,-8.625,0.5,-4.375,0.0,900.0,900.0,0.0,1.3039999999999672,0.8040000000000006,5768.0,0
2.204,14423.0,11531.0,8653.0,14418.5,11527.5,8650.5,5000.0,4000.0,3000.0,-8.625,0.5,-4.375,0.0,900.0,900.0,0.0,1.304999999999967,0.8050000000000006,5770.0,0
2.205,14428.0,11535.0,8656.0,14423.5,11531.5,8653.5,5000.0,4000.0,3000.0,-8.625,0.5,-4.375,0.0,900.0,900.0,0.0,1.305999999999967,0.8060000000000006,5772.0,0
2.206,14433.0,11539.0,8659.0,14428.5,11535.5,8656.5,5000.0,4000.0,3000.0,-8.625,0.5,-4.375,0.0,900.0,900.0,0.0,1.3069999999999669,0.8070000000000006,5774.0,0
2.207,14438.0,11543.0,8662.0,14433.5,11539.5,8659.5,5000.0,4000.0,3000.0,-8.625,0.5,-4.375,0.0,900.0,900.0,0.0,1.3079999999999667,0.8080000000000006,5776.0,0
2.208,14443.0,11547.0,8665.0,14438.5,11543.5,8662.5,5000.0,4000.0,3000.0,-8.625,0.5,-4.375,0.0,900.0,900.0,0.0,1.3089999999999666,0.8090000000000006,5778.0,0
2.209,14448.0,11551.0,8668.0,14443.5,11547.5,8665.5,5000.0,4000.0,3000.0,-8.625,0.5,-4.375,0.0,900.0,900.0,0.0,1.3099999999999665,0.8100000000000006,5780.0,0
2.21,14453.0,11555.0,8671.0,14448.5,11551.5,8668.5,5000.0,4000.0,3000.0,-8.625,0.5,-4.375,0.0,900.0,900.0,0.0,1.3109999999999664,0.8110000000000006,5782.0,0
2.211,14458.0,11559.0,8675.0,14453.5,11555.5,8671.5,5000.0,4000.0,4000.0,-8.625,0.5,-4.375,0.0,900.0,900.0,0.0,1.3119999999999663,0.8120000000000006,5783.0,0
2.212,14463.0,11563.0,8678.0,14458.5,11559.5,8675.5,5000.0,4000.0,3000.0,-8.625,0.5,-5.375,0.0,900.0,900.0,0.0,1.3129999999999662,0.8130000000000006,5785.0,0
2.213,14468.0,11567.0,8681.0,14463.5,11563.5,8678.5,5000.0,4000.0,3000.0,-8.625,0.5,-5.375,0.0,900.0,900.0,0.0,1.313999999999966,0.8140000000000006,5787.0,0
2.214,14474.0,11572.0,8684.0,14468.5,11567.5,8681.5,6000.0,5000.0,3000.0,-8.625,0.5,-5.375,0.0,900.0,900.0,0.0,1.314999999999966,0.8150000000000006,5790.0,0
2.215,14479.0,11576.0,8687.0,14474.5,11572.5,8684.5,5000.0,4000.0,3000.0,-8.375,0.5,-4.625,0.0,900.0,900.0,0.0,1.3159999999999659,0.8160000000000006,5792.0,0
2.216,14484.0,11580.0,8690.0,14479.5,11576.5,8687.5,5000.0,4000.0,3000.0,-8.375,0.5,-4.625,0.0,900.0,900.0,0.0,1.3169999999999658,0.8170000000000006,5794.0,0
2.217,14489.0,11584.0,8693.0,14484.5,11580.5,8690.5,5000.0,4000.0,3000.0,-8.375,0.5,-4.625,0.0,900.0,900.0,0.0,1.3179999999999656,0.8180000000000006,5796.0,0
2.218,14494.0,11588.0,8696.0,14489.5,11584.5,8693.5,5000.0,4000.0,3000.0,-8.375,0.5,-4.625,0.0,900.0,900.0,0.0,1.3189999999999655,0.8190000000000006,5798.0,0
2.219,14499.0,11592.0,8699.0,14494.5,11588.5,8696.5,5000.0,4000.0,3000.0,-8.375,0.5,-4.625,0.0,900.0,900.0,0.0,1.3199999999999654,0.8200000000000006,5800.0,0
2.22,14504.0,11596.0,8702.0,14499.5,11592.5,8699.5,5000.0,4000.0,3000.0,-8.375,0.5,-4.625,0.0,900.0,900.0,0.0,1.3209999999999653,0.8210000000000006,5802.0,0
2.221,14509.0,11600.0,8705.0,14504.5,11596.5,8702.5,5000.0,4000.0,3000.0,-8.375,0.5,-4.625,0.0,900.0,900.0,0.0,1.3219999999999652,0.8220000000000006,5804.0,0
2.222,14514.0,11604.0,8708.0,14509.5,11600.5,8705.5,5000.0,4000.0,3000.0,-8.375,0.5,-4.625,0.0,900.0,900.0,0.0,1.322999999999965,0.8230000000000006,5806.0,0
2.223,14519.0,11608.0,8711.0,14514.5,11604.5,8708.5,5000.0,4000.0,3000.0,-8.375,0.5,-4.625,0.0,900.0,900.0,0.0,1.323999999999965,0.8240000000000006,5808.0,0
2.224,14524.0,11612.0,8714.0,14519.5,11608.5,8711.5,5000.0,4000.0,3000.0,-8.375,0.5,-4.625,0.0,900.0,900.0,0.0,1.3249999999999649,0.8250000000000006,5810.0,0
2.225,14529.0,11616.0,8717.0,14524.5,11612.5,8714.5,5000.0,4000.0,3000.0,-8.375,0.5,-4.625,0.0,900.0,900.0,0.0,1.3259999999999648,0.8260000000000006,5812.0,0
2.226,14534.0,11620.0,8720.0,14529.5,11616.5,8717.5,5000.0,4000.0,3000.0,-8.375,0.5,-4.625,0.0,900.0,900.0,0.0,1.3269999999999647,0.8270000000000006,5814.0,0
2.227,14539.0,11624.0,8723.0,14534.5,11620.5,8720.5,5000.0,4000.0,3000.0,-8.375,0.5,-4.625,0.0,900.0,900.0,0.0,1.3279999999999645,0.8280000000000006,5816.0,0
2.228,14544.0,11628.0,8726.0,14539.5,11624.5,8723.5,5000.0,4000.0,3000.0,-8.375,0.5,-4.625,0.0,900.0,900.0,0.0,1.3289999999999644,0.8290000000000006,5818.0,0
2.229,14549.0,11632.0,8729.0,14544.5,11628.5,8726.5,5000.0,4000.0,3000.0,-8.375,0.5,-4.625,0.0,900.0,900.0,0.0,1.3299999999999643,0.8300000000000006,5820.0,0
2.23,14554.0,11636.0,8732.0,14549.5,11632.5,8729.5,5000.0,4000.0,3000.0,-8.375,0.5,-4.625,0.0,900.0,900.0,0.0,1.3309999999999642,0.8310000000000006,5822.0,0
2.231,14559.0,11640.0,8735.0,14554.5,11636.5,8732.5,5000.0,4000.0,3000.0,-8.375,0.5,-4.625,0.0,900.0,900.0,0.0,1.331999999999964,0.8320000000000006,5824.0,0
2.232,14564.0,11644.0,8738.0,14559.5,11640.5,8735.5,5000.0,4000.0,3000.0,-8.375,0.5,-4.625,0.0,900.0,900.0,0.0,1.332999999999964,0.8330000000000006,5826.0,0
2.233,14569.0,11648.0,8741.0,14564.5,11644.5,8738.5,5000.0,4000.0,3000.0,-8.375,0.5,-4.625,0.0,900.0,900.0,0.0,1.3339999999999639,0.8340000000000006,5828.0,0
2.234,14574.0,11652.0,8744.0,14569.5,11648.5,8741.5,5000.0,4000.0,3000.0,-8.375,0.5,-4.625,0.0,900.0,900.0,0.0,1.3349999999999638,0.8350000000000006,5830.0,0
2.235,14579.0,11656.0,8747.0,14574.5,11652.5,8744.5,5000.0,4000.0,3000.0,-8.375,0.5,-4.625,0.0,900.0,900.0,0.0,1.3359999999999637,0.8360000000000006,5832.0,0
2.236,14584.0,11660.0,8750.0,14579.5,11656.5,8747.5,5000.0,4000.0,3000.0,-8.375,0.5,-4.625,0.0,900.0,900.0,0.0,1.3369999999999636,0.8370000000000006,5834.0,0
2.237,14589.0,11664.0,8753.0,14584.5,11660.5,8750.5,5000.0,4000.0,3000.0,-8.375,0.5,-4.625,0.0,900.0,900.0,0.0,1.3379999999999634,0.8380000000000006,5836.0,0
2.238,14594.0,11668.0,8757.0,14589.5,11664.5,8753.5,5000.0,4000.0,4000.0,-8.375,0.5,-4.625,0.0,900.0,900.0,0.0,1.3389999999999633,0.8390000000000006,5837.0,0
2.239,14599.0,11672.0,8760.0,14594.5,11668.5,8757.5,5000.0,4000.0,3000.0,-8.375,0.5,-5.625,0.0,900.0,900.0,0.0,1.3399999999999632,0.8400000000000006,5839.0,0
2.24,14604.0,11676.0,8763.0,14599.5,11672.5,8760.5,5000.0,4000.0,3000.0,-8.375,0.5,-5.625,0.0,900.0,900.0,0.0,1.340999999999963,0.8410000000000006,5841.0,0
2.241,14609.0,11680.0,8766.0,14604.5,11676.5,8763.5,5000.0,4000.0,3000.0,-8.375,0.5,-5.625,0.0,900.0,900.0,0.0,1.341999999999963,0.8420000000000006,5843.0,0
2.242,14614.0,11684.0,8769.0,14609.5,11680.5,8766.5,5000.0,4000.0,3000.0,-8.375,0.5,-5.625,0.0,900.0,900.0,0.0,1.342999999999963,0.8430000000000006,5845.0,0
2.243,14619.0,11688.0,8772.0,14614.5,11684.5,8769.5,5000.0,4000.0,3000.0,-8.375,0.5,-5.625,0.0,900.0,900.0,0.0,1.3439999999999628,0.8440000000000006,5847.0,0
2.244,14624.0,11692.0,8775.0,14619.5,11688.5,8772.5,5000.0,4000.0,3000.0,-8.375,0.5,-5.625,0.0,900.0,900.0,0.0,1.3449999999999627,0.8450000000000006,5849.0,0
2.245,14629.0,11696.0,8778.0,14624.5,11692.5,8775.5,5000.0,4000.0,3000.0,-8.375,0.5,-5.625,0.0,900.0,900.0,0.0,1.3459999999999626,0.8460000000000006,5851.0,0
2.246,14634.0,11700.0,8781.0,14629.5,11696.5,8778.5,5000.0,4000.0,3000.0,-8.375,0.5,-5.625,0.0,900.0,900.0,0.0,1.3469999999999624,0.8470000000000006,5853.0,0
2.247,14639.0,11704.0,8784.0,14634.5,11700.5,8781.5,5000.0,4000.0,3000.0,-8.375,0.5,-5.625,0.0,900.0,900.0,0.0,1.3479999999999623,0.8480000000000006,5855.0,0
2.248,14644.0,11708.0,8787.0,14639.5,11704.5,8784.5,5000.0,4000.0,3000.0,-8.375,0.5,-5.625,0.0,900.0,900.0,0.0,1.3489999999999622,0.8490000000000006,5857.0,0
2.249,14649.0,11712.0,8790.0,14644.5,11708.5,8787.5,5000.0,4000.0,3000.0,-8.375,0.5,-5.625,0.0,900.0,900.0,0.0,1.3499999999999621,0.8500000000000006,5859.0,0
2.25,14654.0,11716.0,8793.0,14649.5,11712.5,8790.5,5000.0,4000.0,3000.0,-8.375,0.5,-5.625,0.0,900.0,900.0,0.0,1.350999999999962,0.8510000000000006,5861.0,0
2.251,14659.0,11720.0,8796.0,14654.5,11716.5,8793.5,5000.0,4000.0,3000.0,-8.375,0.5,-5.625,0.0,900.0,900.0,0.0,1.351999999999962,0.8520000000000006,5863.0,0
2.2520000000000002,14664.0,11724.0,8799.0,14659.5,11720.5,8796.5,5000.0,4000.0,3000.0,-8.375,0.5,-5.625,0.0,900.0,900.0,0.0,1.3529999999999618,0.8530000000000006,5865.0,0
2.253,14669.0,11728.0,8802.0,14664.5,11724.5,8799.5,5000.0,4000.0,3000.0,-8.375,0.5,-5.625,0.0,900.0,900.0,0.0,1.3539999999999617,0.8540000000000006,5867.0,0
2.254,14674.0,11732.0,8805.0,14669.5,11728.5,8802.5,5000.0,4000.0,3000.0,-8.375,0.5,-5.625,0.0,900.0,900.0,0.0,1.3549999999999616,0.8550000000000006,5869.0,0
2.255,14679.0,11736.0,8808.0,14674.5,11732.5,8805.5,5000.0,4000.0,3000.0,-8.375,0.5,-5.625,0.0,900.0,900.0,0.0,1.3559999999999615,0.8560000000000006,5871.0,0
2.2560000000000002,14684.0,11740.0,8811.0,14679.5,11736.5,8808.5,5000.0,4000.0,3000.0,-8.375,0.5,-5.625,0.0,900.0,900.0,0.0,1.3569999999999613,0.8570000000000007,5873.0,0
2.257,14689.0,11744.0,8814.0,14684.5,11740.5,8811.5,5000.0,4000.0,3000.0,-8.375,0.5,-5.625,0.0,900.0,900.0,0.0,1.3579999999999612,0.8580000000000007,5875.0,0
2.258,14694.0,11748.0,8817.0,14689.5,11744.5,8814.5,5000.0,4000.0,3000.0,-8.375,0.5,-5.625,0.0,900.0,900.0,0.0,1.3589999999999611,0.8590000000000007,5877.0,0
2.259,14700.0,11752.0,8820.0,14694.5,11748.5,8817.5,6000.0,4000.0,3000.0,-8.375,0.5,-5.625,0.0,900.0,900.0,0.0,1.359999999999961,0.8600000000000007,5880.0,0
2.2600000000000002,14705.0,11756.0,8823.0,14700.5,11752.5,8820.5,5000.0,4000.0,3000.0,-9.375,0.5,-5.625,0.0,900.0,900.0,0.0,1.360999999999961,0.8610000000000007,5882.0,0
2.261,14710.0,11761.0,8826.0,14705.5,11756.5,8823.5,5000.0,5000.0,3000.0,-9.375,0.5,-5.625,0.0,900.0,900.0,0.0,1.3619999999999608,0.8620000000000007,5884.0,0
2.262,14715.0,11765.0,8829.0,14710.5,11761.5,8826.5,5000.0,4000.0,3000.0,-8.125,0.5,-4.875,0.0,900.0,900.0,0.0,1.3629999999999607,0.8630000000000007,5886.0,0
2.263,14720.0,11769.0,8832.0,14715.5,11765.5,8829.5,5000.0,4000.0,3000.0,-8.125,0.5,-4.875,0.0,900.0,900.0,0.0,1.3639999999999606,0.8640000000000007,5888.0,0
2.2640000000000002,14725.0,11773.0,8835.0,14720.5,11769.5,8832.5,5000.0,4000.0,3000.0,-8.125,0.5,-4.875,0.0,900.0,900.0,0.0,1.3649999999999605,0.8650000000000007,5890.0,0
2.265,14730.0,11777.0,8838.0,14725.5,11773.5,8835.5,5000.0,4000.0,3000.0,-8.125,0.5,-4.875,0.0,900.0,900.0,0.0,1.3659999999999604,0.8660000000000007,5892.0,0
2.266,14735.0,11781.0,8842.0,14730.5,11777.5,8838.5,5000.0,4000.0,4000.0,-8.125,0.5,-4.875,0.0,900.0,900.0,0.0,1.3669999999999602,0.8670000000000007,5893.0,0
2.267,14740.0,11785.0,8845.0,14735.5,11781.5,8842.5,5000.0,4000.0,3000.0,-8.125,0.5,-5.875,0.0,900.0,900.0,0.0,1.3679999999999601,0.8680000000000007,5895.0,0
2.2680000000000002,14745.0,11789.0,8848.0,14740.5,11785.5,8845.5,5000.0,4000.0,3000.0,-8.125,0.5,-5.875,0.0,900.0,900.0,0.0,1.36899999999996,0.8690000000000007,5897.0,0
2.269,14750.0,11793.0,8851.0,14745.5,11789.5,8848.5,5000.0,4000.0,3000.0,-8.125,0.5,-5.875,0.0,900.0,900.0,0.0,1.36999999999996,0.8700000000000007,5899.0,0
2.27,14755.0,11797.0,8854.0,14750.5,11793.5,8851.5,5000.0,4000.0,3000.0,-8.125,0.5,-5.875,0.0,900.0,900.0,0.0,1.3709999999999598,0.8710000000000007,5901.0,0
2.271,14760.0,11801.0,8857.0,14755.5,11797.5,8854.5,5000.0,4000.0,3000.0,-8.125,0.5,-5.875,0.0,900.0,900.0,0.0,1.3719999999999597,0.8720000000000007,5903.0,0
2.2720000000000002,14765.0,11805.0,8860.0,14760.5,11801.5,8857.5,5000.0,4000.0,3000.0,-8.125,0.5,-5.875,0.0,900.0,900.0,0.0,1.3729999999999596,0.8730000000000007,5905.0,0
2.273,14770.0,11809.0,8863.0,14765.5,11805.5,8860.5,5000.0,4000.0,3000.0,-8.125,0.5,-5.875,0.0,900.0,900.0,0.0,1.3739999999999595,0.8740000000000007,5907.0,0
2.274,14775.0,11813.0,8866.0,14770.5,11809.5,8863.5,5000.0,4000.0,3000.0,-8.125,0.5,-5.875,0.0,900.0,900.0,0.0,1.3749999999999594,0.8750000000000007,5909.0,0
2.275,14780.0,11817.0,8869.0,14775.5,11813.5,8866.5,5000.0,4000.0,3000.0,-8.125,0.5,-5.875,0.0,900.0,900.0,0.0,1.3759999999999593,0.8760000000000007,5911.0,0
2.2760000000000002,14785.0,11821.0,8872.0,14780.5,11817.5,8869.5,5000.0,4000.0,3000.0,-8.125,0.5,-5.875,0.0,900.0,900.0,0.0,1.3769999999999591,0.8770000000000007,5913.0,0
2.277,14790.0,11825.0,8875.0,14785.5,11821.5,8872.5,5000.0,4000.0,3000.0,-8.125,0.5,-5.875,0.0,900.0,900.0,0.0,1.377999999999959,0.8780000000000007,5915.0,0
2.278,14795.0,11829.0,8878.0,14790.5,11825.5,8875.5,5000.0,4000.0,3000.0,-8.125,0.5,-5.875,0.0,900.0,900.0,0.0,1.378999999999959,0.8790000000000007,5917.0,0
2.279,14800.0,11833.0,8881.0,14795.5,11829.5,8878.5,5000.0,4000.0,3000.0,-8.125,0.5,-5.875,0.0,900.0,900.0,0.0,1.3799999999999588,0.8800000000000007,5919.0,0
2.2800000000000002,14805.0,11837.0,8884.0,14800.5,11833.5,8881.5,5000.0,4000.0,3000.0,-8.125,0.5,-5.875,0.0,900.0,900.0,0.0,1.3809999999999587,0.8810000000000007,5921.0,0
2.281,14810.0,11841.0,8887.0,14805.5,11837.5,8884.5,5000.0,4000.0,3000.0,-8.125,0.5,-5.875,0.0,900.0,900.0,0.0,1.3819999999999586,0.8820000000000007,5923.0,0
2.282,14815.0,11845.0,8890.0,14810.5,11841.5,8887.5,5000.0,4000.0,3000.0,-8.125,0.5,-5.875,0.0,900.0,900.0,0.0,1.3829999999999585,0.8830000000000007,5925.0,0
2.283,14820.0,11849.0,8893.0,14815.5,11845.5,8890.5,5000.0,4000.0,3000.0,-8.125,0.5,-5.875,0.0,900.0,900.0,0.0,1.3839999999999584,0.8840000000000007,5927.0,0
2.2840000000000003,14825.0,11853.0,8896.0,14820.5,11849.5,8893.5,5000.0,4000.0,3000.0,-8.125,0.5,-5.875,0.0,900.0,900.0,0.0,1.3849999999999583,0.8850000000000007,5929.0,0
2.285,14830.0,11857.0,8899.0,14825.5,11853.5,8896.5,5000.0,4000.0,3000.0,-8.125,0.5,-5.875,0.0,900.0,900.0,0.0,1.3859999999999582,0.8860000000000007,5931.0,0
2.286,14835.0,11861.0,8902.0,14830.5,11857.5,8899.5,5000.0,4000.0,3000.0,-8.125,0.5,-5.875,0.0,900.0,900.0,0.0,1.386999999999958,0.8870000000000007,5933.0,0
2.287,14840.0,11865.0,8905.0,14835.5,11861.5,8902.5,5000.0,4000.0,3000.0,-8.125,0.5,-5.875,0.0,900.0,900.0,0.0,1.387999999999958,0.8880000000000007,5935.0,0
2.2880000000000003,14845.0,11869.0,8908.0,14840.5,11865.5,8905.5,5000.0,4000.0,3000.0,-8.125,0.5,-5.875,0.0,900.0,900.0,0.0,1.3889999999999578,0.8890000000000007,5937.0,0
2.289,14850.0,11873.0,8911.0,14845.5,11869.5,8908.5,5000.0,4000.0,3000.0,-8.125,0.5,-5.875,0.0,900.0,900.0,0.0,1.3899999999999577,0.8900000000000007,5939.0,0
2.29,14855.0,11877.0,8914.0,14850.5,11873.5,8911.5,5000.0,4000.0,3000.0,-8.125,0.5,-5.875,0.0,900.0,900.0,0.0,1.3909999999999576,0.8910000000000007,5941.0,0
2.291,14860.0,11881.0,8917.0,14855.5,11877.5,8914.5,5000.0,4000.0,3000.0,-8.125,0.5,-5.875,0.0,900.0,900.0,0.0,1.3919999999999575,0.8920000000000007,5943.0,0
2.2920000000000003,14865.0,11885.0,8920.0,14860.5,11881.5,8917.5,5000.0,4000.0,3000.0,-8.125,0.5,-5.875,0.0,900.0,900.0,0.0,1.3929999999999574,0.8930000000000007,5945.0,0
2.293,14870.0,11889.0,8923.0,14865.5,11885.5,8920.5,5000.0,4000.0,3000.0,-8.125,0.5,-5.875,0.0,900.0,900.0,0.0,1.3939999999999573,0.8940000000000007,5947.0,0
2.294,14875.0,11893.0,8927.0,14870.5,11889.5,8923.5,5000.0,4000.0,4000.0,-8.125,0.5,-5.875,0.0,900.0,900.0,0.0,1.3949999999999572,0.8950000000000007,5948.0,0
2.295,14880.0,11897.0,8930.0,14875.5,11893.5,8927.5,5000.0,4000.0,3000.0,-8.125,0.5,-6.875,0.0,900.0,900.0,0.0,1.395999999999957,0.8960000000000007,5950.0,0
2.2960000000000003,14885.0,11901.0,8933.0,14880.5,11897.5,8930.5,5000.0,4000.0,3000.0,-8.125,0.5,-6.875,0.0,900.0,900.0,0.0,1.396999999999957,0.8970000000000007,5952.0,0
2.297,14890.0,11905.0,8936.0,14885.5,11901.5,8933.5,5000.0,4000.0,3000.0,-8.125,0.5,-6.875,0.0,900.0,900.0,0.0,1.3979999999999568,0.8980000000000007,5954.0,0
2.298,14895.0,11909.0,8939.0,14890.5,11905.5,8936.5,5000.0,4000.0,3000.0,-8.125,0.5,-6.875,0.0,900.0,900.0,0.0,1.3989999999999567,0.8990000000000007,5956.0,0
2.299,14900.0,11913.0,8942.0,14895.5,11909.5,8939.5,5000.0,4000.0,3000.0,-8.125,0.5,-6.875,0.0,900.0,900.0,0.0,1.3999999999999566,0.9000000000000007,5958.0,0
2.3000000000000003,14905.0,11917.0,8945.0,14900.5,11913.5,8942.5,5000.0,4000.0,3000.0,-8.125,0.5,-6.875,0.0,900.0,900.0,0.0,1.4009999999999565,0.9010000000000007,5960.0,0
2.301,14910.0,11921.0,8948.0,14905.5,11917.5,8945.5,5000.0,4000.0,3000.0,-8.125,0.5,-6.875,0.0,900.0,900.0,0.0,1.4019999999999564,0.9020000000000007,5962.0,0
2.302,14915.0,11925.0,8951.0,14910.5,11921.5,8948.5,5000.0,4000.0,3000.0,-8.125,0.5,-6.875,0.0,900.0,900.0,0.0,1.4029999999999563,0.9030000000000007,5964.0,0
2.303,14920.0,11929.0,8954.0,14915.5,11925.5,8951.5,5000.0,4000.0,3000.0,-8.125,0.5,-6.875,0.0,900.0,900.0,0.0,1.4039999999999562,0.9040000000000007,5966.0,0
2.3040000000000003,14926.0,11933.0,8957.0,14920.5,11929.5,8954.5,6000.0,4000.0,3000.0,-8.125,0.5,-6.875,0.0,900.0,900.0,0.0,1.404999999999956,0.9050000000000007,5969.0,0
2.305,14931.0,11937.0,8960.0,14926.5,11933.5,8957.5,5000.0,4000.0,3000.0,-9.125,0.5,-6.875,0.0,900.0,900.0,0.0,1.405999999999956,0.9060000000000007,5971.0,0
2.306,14936.0,11941.0,8963.0,14931.5,11937.5,8960.5,5000.0,4000.0,3000.0,-9.125,0.5,-6.875,0.0,900.0,900.0,0.0,1.4069999999999558,0.9070000000000007,5973.0,0
2.307,14941.0,11945.0,8966.0,14936.5,11941.5,8963.5,5000.0,4000.0,3000.0,-9.125,0.5,-6.875,0.0,900.0,900.0,0.0,1.4079999999999557,0.9080000000000007,5975.0,0
2.308,14946.0,11950.0,8969.0,14941.5,11945.5,8966.5,5000.0,5000.0,3000.0,-9.125,0.5,-6.875,0.0,900.0,900.0,0.0,1.4089999999999556,0.9090000000000007,5977.0,0
2.309,14951.0,11954.0,8972.0,14946.5,11950.5,8969.5,5000.0,4000.0,3000.0,-7.875,0.5,-6.125,0.0,900.0,900.0,0.0,1.4099999999999555,0.9100000000000007,5979.0,0
2.31,14956.0,11958.0,8975.0,14951.5,11954.5,8972.5,5000.0,4000.0,3000.0,-7.875,0.5,-6.125,0.0,900.0,900.0,0.0,1.4109999999999554,0.9110000000000007,5981.0,0
2.311,14961.0,11962.0,8978.0,14956.5,11958.5,8975.5,5000.0,4000.0,3000.0,-7.875,0.5,-6.125,0.0,900.0,900.0,0.0,1.4119999999999553,0.9120000000000007,5983.0,0
2.312,14966.0,11966.0,8981.0,14961.5,11962.5,8978.5,5000.0,4000.0,3000.0,-7.875,0.5,-6.125,0.0,900.0,900.0,0.0,1.4129999999999552,0.9130000000000007,5985.0,0
2.313,14971.0,11970.0,8984.0,14966.5,11966.5,8981.5,5000.0,4000.0,3000.0,-7.875,0.5,-6.125,0.0,900.0,900.0,0.0,1.413999999999955,0.9140000000000007,5987.0,0
2.314,14976.0,11974.0,8987.0,14971.5,11970.5,8984.5,5000.0,4000.0,3000.0,-7.875,0.5,-6.125,0.0,900.0,900.0,0.0,1.414999999999955,0.9150000000000007,5989.0,0
2.315,14981.0,11978.0,8990.0,14976.5,11974.5,8987.5,5000.0,4000.0,3000.0,-7.875,0.5,-6.125,0.0,900.0,900.0,0.0,1.4159999999999549,0.9160000000000007,5991.0,0
2.316,14986.0,11982.0,8993.0,14981.5,11978.5,8990.5,5000.0,4000.0,3000.0,-7.875,0.5,-6.125,0.0,900.0,900.0,0.0,1.4169999999999547,0.9170000000000007,5993.0,0
2.317,14991.0,11986.0,8996.0,14986.5,11982.5,8993.5,5000.0,4000.0,3000.0,-7.875,0.5,-6.125,0.0,900.0,900.0,0.0,1.4179999999999546,0.9180000000000007,5995.0,0
2.318,14996.0,11990.0,8999.0,14991.5,11986.5,8996.5,5000.0,4000.0,3000.0,-7.875,0.5,-6.125,0.0,900.0,900.0,0.0,1.4189999999999545,0.9190000000000007,5997.0,0
2.319,15001.0,11994.0,9002.0,14996.5,11990.5,8999.5,5000.0,4000.0,3000.0,-7.875,0.5,-6.125,0.0,900.0,900.0,0.0,1.4199999999999544,0.9200000000000007,5999.0,0
2.32,15006.0,11998.0,9005.0,15001.5,11994.5,9002.5,5000.0,4000.0,3000.0,-7.875,0.5,-6.125,0.0,900.0,900.0,0.0,1.4209999999999543,0.9210000000000007,6001.0,0
2.321,15011.0,12002.0,9008.0,15006.5,11998.5,9005.5,5000.0,4000.0,3000.0,-7.875,0.5,-6.125,0.0,900.0,900.0,0.0,1.4219999999999542,0.9220000000000007,6003.0,0
2.322,15016.0,12006.0,9012.0,15011.5,12002.5,9008.5,5000.0,4000.0,4000.0,-7.875,0.5,-6.125,0.0,900.0,900.0,0.0,1.422999999999954,0.9230000000000007,6004.0,0
2.323,15021.0,12010.0,9015.0,15016.5,12006.5,9012.5,5000.0,4000.0,3000.0,-7.875,0.5,-7.125,0.0,900.0,900.0,0.0,1.423999999999954,0.9240000000000007,6006.0,0
2.324,15026.0,12014.0,9018.0,15021.5,12010.5,9015.5,5000.0,4000.0,3000.0,-7.875,0.5,-7.125,0.0,900.0,900.0,0.0,1.4249999999999539,0.9250000000000007,6008.0,0
2.325,15031.0,12018.0,9021.0,15026.5,12014.5,9018.5,5000.0,4000.0,3000.0,-7.875,0.5,-7.125,0.0,900.0,900.0,0.0,1.4259999999999537,0.9260000000000007,6010.0,0
2.326,15036.0,12022.0,9024.0,15031.5,12018.5,9021.5,5000.0,4000.0,3000.0,-7.875,0.5,-7.125,0.0,900.0,900.0,0.0,1.4269999999999536,0.9270000000000007,6012.0,0
2.327,15041.0,12026.0,9027.0,15036.5,12022.5,9024.5,5000.0,4000.0,3000.0,-7.875,0.5,-7.125,0.0,900.0,900.0,0.0,1.4279999999999535,0.9280000000000007,6014.0,0
2.328,15046.0,12030.0,9030.0,15041.5,12026.5,9027.5,5000.0,4000.0,3000.0,-7.875,0.5,-7.125,0.0,900.0,900.0,0.0,1.4289999999999534,0.9290000000000007,6016.0,0
2.329,15051.0,12034.0,9033.0,15046.5,12030.5,9030.5,5000.0,4000.0,3000.0,-7.875,0.5,-7.125,0.0,900.0,900.0,0.0,1.4299999999999533,0.9300000000000007,6018.0,0
2.33,15056.0,12038.0,9036.0,15051.5,12034.5,9033.5,5000.0,4000.0,3000.0,-7.875,0.5,-7.125,0.0,900.0,900.0,0.0,1.4309999999999532,0.9310000000000007,6020.0,0
2.331,15061.0,12042.0,9039.0,15056.5,12038.5,9036.5,5000.0,4000.0,3000.0,-7.875,0.5,-7.125,0.0,900.0,900.0,0.0,1.431999999999953,0.9320000000000007,6022.0,0
2.332,15066.0,12046.0,9042.0,15061.5,12042.5,9039.5,5000.0,4000.0,3000.0,-7.875,0.5,-7.125,0.0,900.0,900.0,0.0,1.432999999999953,0.9330000000000007,6024.0,0
2.333,15071.0,12050.0,9045.0,15066.5,12046.5,9042.5,5000.0,4000.0,3000.0,-7.875,0.5,-7.125,0.0,900.0,900.0,0.0,1.4339999999999529,0.9340000000000007,6026.0,0
2.334,15076.0,12054.0,9048.0,15071.5,12050.5,9045.5,5000.0,4000.0,3000.0,-7.875,0.5,-7.125,0.0,900.0,900.0,0.0,1.4349999999999528,0.9350000000000007,6028.0,0
2.335,15081.0,12058.0,9051.0,15076.5,12054.5,9048.5,5000.0,4000.0,3000.0,-7.875,0.5,-7.125,0.0,900.0,900.0,0.0,1.4359999999999526,0.9360000000000007,6030.0,0
2.336,15086.0,12062.0,9054.0,15081.5,12058.5,9051.5,5000.0,4000.0,3000.0,-7.875,0.5,-7.125,0.0,900.0,900.0,0.0,1.4369999999999525,0.9370000000000007,6032.0,0
2.337,15091.0,12066.0,9057.0,15086.5,12062.5,9054.5,5000.0,4000.0,3000.0,-7.875,0.5,-7.125,0.0,900.0,900.0,0.0,1.4379999999999524,0.9380000000000007,6034.0,0
2.338,15096.0,12070.0,9060.0,15091.5,12066.5,9057.5,5000.0,4000.0,3000.0,-7.875,0.5,-7.125,0.0,900.0,900.0,0.0,1.4389999999999523,0.9390000000000007,6036.0,0
2.339,15101.0,12074.0,9063.0,15096.5,12070.5,9060.5,5000.0,4000.0,3000.0,-7.875,0.5,-7.125,0.0,900.0,900.0,0.0,1.4399999999999522,0.9400000000000007,6038.0,0
2.34,15106.0,12078.0,9066.0,15101.5,12074.5,9063.5,5000.0,4000.0,3000.0,-7.875,0.5,-7.125,0.0,900.0,900.0,0.0,1.440999999999952,0.9410000000000007,6040.0,0
2.341,15111.0,12082.0,9069.0,15106.5,12078.5,9066.5,5000.0,4000.0,3000.0,-7.875,0.5,-7.125,0.0,900.0,900.0,0.0,1.441999999999952,0.9420000000000007,6042.0,0
2.342,15116.0,12086.0,9072.0,15111.5,12082.5,9069.5,5000.0,4000.0,3000.0,-7.875,0.5,-7.125,0.0,900.0,900.0,0.0,1.4429999999999519,0.9430000000000007,6044.0,0
2.343,15121.0,12090.0,9075.0,15116.5,12086.5,9072.5,5000.0,4000.0,3000.0,-7.875,0.5,-7.125,0.0,900.0,900.0,0.0,1.4439999999999518,0.9440000000000007,6046.0,0
2.344,15126.0,12094.0,9078.0,15121.5,12090.5,9075.5,5000.0,4000.0,3000.0,-7.875,0.5,-7.125,0.0,900.0,900.0,0.0,1.4449999999999517,0.9450000000000007,6048.0,0
2.345,15131.0,12098.0,9081.0,15126.5,12094.5,9078.5,5000.0,4000.0,3000.0,-7.875,0.5,-7.125,0.0,900.0,900.0,0.0,1.4459999999999515,0.9460000000000007,6050.0,0
2.346,15136.0,12102.0,9084.0,15131.5,12098.5,9081.5,5000.0,4000.0,3000.0,-7.875,0.5,-7.125,0.0,900.0,900.0,0.0,1.4469999999999514,0.9470000000000007,6052.0,0
2.347,15141.0,12106.0,9087.0,15136.5,12102.5,9084.5,5000.0,4000.0,3000.0,-7.875,0.5,-7.125,0.0,900.0,900.0,0.0,1.4479999999999513,0.9480000000000007,6054.0,0
2.348,15146.0,12110.0,9090.0,15141.5,12106.5,9087.5,5000.0,4000.0,3000.0,-7.875,0.5,-7.125,0.0,900.0,900.0,0.0,1.4489999999999512,0.9490000000000007,6056.0,0
2.349,15152.0,12114.0,9094.0,15146.5,12110.5,9090.5,6000.0,4000.0,4000.0,-7.875,0.5,-7.125,0.0,900.0,900.0,0.0,1.449999999999951,0.9500000000000007,6058.0,0
2.35,15157.0,12118.0,9097.0,15152.5,12114.5,9094.5,5000.0,4000.0,3000.0,-8.875,0.5,-8.125,0.0,900.0,900.0,0.0,1.450999999999951,0.9510000000000007,6060.0,0
2.351,15162.0,12122.0,9100.0,15157.5,12118.5,9097.5,5000.0,4000.0,3000.0,-8.875,0.5,-8.125,0.0,900.0,900.0,0.0,1.4519999999999509,0.9520000000000007,6062.0,0
2.352,15167.0,12126.0,9103.0,15162.5,12122.5,9100.5,5000.0,4000.0,3000.0,-8.875,0.5,-8.125,0.0,900.0,900.0,0.0,1.4529999999999508,0.9530000000000007,6064.0,0
2.353,15172.0,12130.0,9106.0,15167.5,12126.5,9103.5,5000.0,4000.0,3000.0,-8.875,0.5,-8.125,0.0,900.0,900.0,0.0,1.4539999999999507,0.9540000000000007,6066.0,0
2.354,15177.0,12134.0,9109.0,15172.5,12130.5,9106.5,5000.0,4000.0,3000.0,-8.875,0.5,-8.125,0.0,900.0,900.0,0.0,1.4549999999999506,0.9550000000000007,6068.0,0
2.355,15182.0,12139.0,9112.0,15177.5,12134.5,9109.5,5000.0,5000.0,3000.0,-8.875,0.5,-8.125,0.0,900.0,900.0,0.0,1.4559999999999504,0.9560000000000007,6070.0,0
2.356,15187.0,12143.0,9115.0,15182.5,12139.5,9112.5,5000.0,4000.0,3000.0,-7.625,0.5,-7.375,0.0,900.0,900.0,0.0,1.4569999999999503,0.9570000000000007,6072.0,0
2.357,15192.0,12147.0,9118.0,15187.5,12143.5,9115.5,5000.0,4000.0,3000.0,-7.625,0.5,-7.375,0.0,900.0,900.0,0.0,1.4579999999999502,0.9580000000000007,6074.0,0
2.358,15197.0,12151.0,9121.0,15192.5,12147.5,9118.5,5000.0,4000.0,3000.0,-7.625,0.5,-7.375,0.0,900.0,900.0,0.0,1.4589999999999501,0.9590000000000007,6076.0,0
2.359,15202.0,12155.0,9124.0,15197.5,12151.5,9121.5,5000.0,4000.0,3000.0,-7.625,0.5,-7.375,0.0,900.0,900.0,0.0,1.45999999999995,0.9600000000000007,6078.0,0
2.36,15207.0,12159.0,9127.0,15202.5,12155.5,9124.5,5000.0,4000.0,3000.0,-7.625,0.5,-7.375,0.0,900.0,900.0,0.0,1.46099999999995,0.9610000000000007,6080.0,0
2.361,15212.0,12163.0,9130.0,15207.5,12159.5,9127.5,5000.0,4000.0,3000.0,-7.625,0.5,-7.375,0.0,900.0,900.0,0.0,1.4619999999999498,0.9620000000000007,6082.0,0
2.362,15217.0,12167.0,9133.0,15212.5,12163.5,9130.5,5000.0,4000.0,3000.0,-7.625,0.5,-7.375,0.0,900.0,900.0,0.0,1.4629999999999497,0.9630000000000007,6084.0,0
2.363,15222.0,12171.0,9136.0,15217.5,12167.5,9133.5,5000.0,4000.0,3000.0,-7.625,0.5,-7.375,0.0,900.0,900.0,0.0,1.4639999999999496,0.9640000000000007,6086.0,0
2.364,15227.0,12175.0,9139.0,15222.5,12171.5,9136.5,5000.0,4000.0,3000.0,-7.625,0.5,-7.375,0.0,900.0,900.0,0.0,1.4649999999999495,0.9650000000000007,6088.0,0
2.365,15232.0,12179.0,9142.0,15227.5,12175.5,9139.5,5000.0,4000.0,3000.0,-7.625,0.5,-7.375,0.0,900.0,900.0,0.0,1.4659999999999493,0.9660000000000007,6090.0,0
2.366,15237.0,12183.0,9145.0,15232.5,12179.5,9142.5,5000.0,4000.0,3000.0,-7.625,0.5,-7.375,0.0,900.0,900.0,0.0,1.4669999999999492,0.9670000000000007,6092.0,0
2.367,15242.0,12187.0,9148.0,15237.5,12183.5,9145.5,5000.0,4000.0,3000.0,-7.625,0.5,-7.375,0.0,900.0,900.0,0.0,1.4679999999999491,0.9680000000000007,6094.0,0
2.368,15247.0,12191.0,9151.0,15242.5,12187.5,9148.5,5000.0,4000.0,3000.0,-7.625,0.5,-7.375,0.0,900.0,900.0,0.0,1.468999999999949,0.9690000000000007,6096.0,0
2.369,15252.0,12195.0,9154.0,15247.5,12191.5,9151.5,5000.0,4000.0,3000.0,-7.625,0.5,-7.375,0.0,900.0,900.0,0.0,1.469999999999949,0.9700000000000008,6098.0,0
2.37,15257.0,12199.0,9157.0,15252.5,12195.5,9154.5,5000.0,4000.0,3000.0,-7.625,0.5,-7.375,0.0,900.0,900.0,0.0,1.4709999999999488,0.9710000000000008,6100.0,0
2.371,15262.0,12203.0,9160.0,15257.5,12199.5,9157.5,5000.0,4000.0,3000.0,-7.625,0.5,-7.375,0.0,900.0,900.0,0.0,1.4719999999999487,0.9720000000000008,6102.0,0
2.372,15267.0,12207.0,9163.0,15262.5,12203.5,9160.5,5000.0,4000.0,3000.0,-7.625,0.5,-7.375,0.0,900.0,900.0,0.0,1.4729999999999486,0.9730000000000008,6104.0,0
2.373,15272.0,12211.0,9166.0,15267.5,12207.5,9163.5,5000.0,4000.0,3000.0,-7.625,0.5,-7.375,0.0,900.0,900.0,0.0,1.4739999999999485,0.9740000000000008,6106.0,0
2.374,15277.0,12215.0,9169.0,15272.5,12211.5,9166.5,5000.0,4000.0,3000.0,-7.625,0.5,-7.375,0.0,900.0,900.0,0.0,1.4749999999999484,0.9750000000000008,6108.0,0
2.375,15282.0,12219.0,9172.0,15277.5,12215.5,9169.5,5000.0,4000.0,3000.0,-7.625,0.5,-7.375,0.0,900.0,900.0,0.0,1.4759999999999482,0.9760000000000008,6110.0,0
2.376,15287.0,12223.0,9175.0,15282.5,12219.5,9172.5,5000.0,4000.0,3000.0,-7.625,0.5,-7.375,0.0,900.0,900.0,0.0,1.4769999999999481,0.9770000000000008,6112.0,0
2.3770000000000002,15292.0,12227.0,9179.0,15287.5,12223.5,9175.5,5000.0,4000.0,4000.0,-7.625,0.5,-7.375,0.0,900.0,900.0,0.0,1.477999999999948,0.9780000000000008,6113.0,0
2.378,15297.0,12231.0,9182.0,15292.5,12227.5,9179.5,5000.0,4000.0,3000.0,-7.625,0.5,-8.375,0.0,900.0,900.0,0.0,1.478999999999948,0.9790000000000008,6115.0,0
2.379,15302.0,12235.0,9185.0,15297.5,12231.5,9182.5,5000.0,4000.0,3000.0,-7.625,0.5,-8.375,0.0,900.0,900.0,0.0,1.4799999999999478,0.9800000000000008,6117.0,0
2.38,15307.0,12239.0,9188.0,15302.5,12235.5,9185.5,5000.0,4000.0,3000.0,-7.625,0.5,-8.375,0.0,900.0,900.0,0.0,1.4809999999999477,0.9810000000000008,6119.0,0
2.3810000000000002,15312.0,12243.0,9191.0,15307.5,12239.5,9188.5,5000.0,4000.0,3000.0,-7.625,0.5,-8.375,0.0,900.0,900.0,0.0,1.4819999999999476,0.9820000000000008,6121.0,0
2.382,15317.0,12247.0,9194.0,15312.5,12243.5,9191.5,5000.0,4000.0,3000.0,-7.625,0.5,-8.375,0.0,900.0,900.0,0.0,1.4829999999999475,0.9830000000000008,6123.0,0
2.383,15322.0,12251.0,9197.0,15317.5,12247.5,9194.5,5000.0,4000.0,3000.0,-7.625,0.5,-8.375,0.0,900.0,900.0,0.0,1.4839999999999474,0.9840000000000008,6125.0,0
2.384,15327.0,12255.0,9200.0,15322.5,12251.5,9197.5,5000.0,4000.0,3000.0,-7.625,0.5,-8.375,0.0,900.0,900.0,0.0,1.4849999999999473,0.9850000000000008,6127.0,0
2.3850000000000002,15332.0,12259.0,9203.0,15327.5,12255.5,9200.5,5000.0,4000.0,3000.0,-7.625,0.5,-8.375,0.0,900.0,900.0,0.0,1.4859999999999471,0.9860000000000008,6129.0,0
2.386,15337.0,12263.0,9206.0,15332.5,12259.5,9203.5,5000.0,4000.0,3000.0,-7.625,0.5,-8.375,0.0,900.0,900.0,0.0,1.486999999999947,0.9870000000000008,6131.0,0
2.387,15342.0,12267.0,9209.0,15337.5,12263.5,9206.5,5000.0,4000.0,3000.0,-7.625,0.5,-8.375,0.0,900.0,900.0,0.0,1.487999999999947,0.9880000000000008,6133.0,0
2.388,15347.0,12271.0,9212.0,15342.5,12267.5,9209.5,5000.0,4000.0,3000.0,-7.625,0.5,-8.375,0.0,900.0,900.0,0.0,1.4889999999999468,0.9890000000000008,6135.0,0
2.3890000000000002,15352.0,12275.0,9215.0,15347.5,12271.5,9212.5,5000.0,4000.0,3000.0,-7.625,0.5,-8.375,0.0,900.0,900.0,0.0,1.4899999999999467,0.9900000000000008,6137.0,0
2.39,15357.0,12279.0,9218.0,15352.5,12275.5,9215.5,5000.0,4000.0,3000.0,-7.625,0.5,-8.375,0.0,900.0,900.0,0.0,1.4909999999999466,0.9910000000000008,6139.0,0
2.391,15362.0,12283.0,9221.0,15357.5,12279.5,9218.5,5000.0,4000.0,3000.0,-7.625,0.5,-8.375,0.0,900.0,900.0,0.0,1.4919999999999465,0.9920000000000008,6141.0,0
2.392,15367.0,12287.0,9224.0,15362.5,12283.5,9221.5,5000.0,4000.0,3000.0,-7.625,0.5,-8.375,0.0,900.0,900.0,0.0,1.4929999999999464,0.9930000000000008,6143.0,0
2.3930000000000002,15372.0,12291.0,9227.0,15367.5,12287.5,9224.5,5000.0,4000.0,3000.0,-7.625,0.5,-8.375,0.0,900.0,900.0,0.0,1.4939999999999463,0.9940000000000008,6145.0,0
2.394,15378.0,12295.0,9230.0,15372.5,12291.5,9227.5,6000.0,4000.0,3000.0,-7.625,0.5,-8.375,0.0,900.0,900.0,0.0,1.4949999999999461,0.9950000000000008,6148.0,0
2.395,15383.0,12299.0,9233.0,15378.5,12295.5,9230.5,5000.0,4000.0,3000.0,-8.625,0.5,-8.375,0.0,900.0,900.0,0.0,1.495999999999946,0.9960000000000008,6150.0,0
2.396,15388.0,12303.0,9236.0,15383.5,12299.5,9233.5,5000.0,4000.0,3000.0,-8.625,0.5,-8.375,0.0,900.0,900.0,0.0,1.496999999999946,0.9970000000000008,6152.0,0
2.3970000000000002,15393.0,12307.0,9239.0,15388.5,12303.5,9236.5,5000.0,4000.0,3000.0,-8.625,0.5,-8.375,0.0,900.0,900.0,0.0,1.4979999999999458,0.9980000000000008,6154.0,0
2.398,15398.0,12311.0,9242.0,15393.5,12307.5,9239.5,5000.0,4000.0,3000.0,-8.625,0.5,-8.375,0.0,900.0,900.0,0.0,1.4989999999999457,0.9990000000000008,6156.0,0
2.399,15403.0,12315.0,9245.0,15398.5,12311.5,9242.5,5000.0,4000.0,3000.0,-8.625,0.5,-8.375,0.0,900.0,900.0,0.0,1.4999999999999456,1.0000000000000007,6158.0,0
2.4,15408.0,12319.0,9248.0,15403.5,12315.5,9245.5,5000.0,4000.0,3000.0,-8.625,0.5,-8.375,0.0,900.0,900.0,0.0,1.5009999999999455,1.0010000000000006,6160.0,0
2.4010000000000002,15413.0,12323.0,9251.0,15408.5,12319.5,9248.5,5000.0,4000.0,3000.0,-8.625,0.5,-8.375,0.0,900.0,900.0,0.0,1.5019999999999454,1.0020000000000004,6162.0,0
2.402,15418.0,12328.0,9254.0,15413.5,12323.5,9251.5,5000.0,5000.0,3000.0,-8.625,0.5,-8.375,0.0,900.0,900.0,0.0,1.5029999999999453,1.0030000000000003,6164.0,0
2.403,15423.0,12332.0,9257.0,15418.5,12328.5,9254.5,5000.0,4000.0,3000.0,-7.375,0.5,-7.625,0.0,900.0,900.0,0.0,1.5039999999999452,1.0040000000000002,6166.0,0
2.404,15428.0,12336.0,9260.0,15423.5,12332.5,9257.5,5000.0,4000.0,3000.0,-7.375,0.5,-7.625,0.0,900.0,900.0,0.0,1.504999999999945,1.0050000000000001,6168.0,0
2.4050000000000002,15433.0,12340.0,9264.0,15428.5,12336.5,9260.5,5000.0,4000.0,4000.0,-7.375,0.5,-7.625,0.0,900.0,900.0,0.0,1.505999999999945,1.006,6169.0,0
2.406,15438.0,12344.0,9267.0,15433.5,12340.5,9264.5,5000.0,4000.0,3000.0,-7.375,0.5,-8.625,0.0,900.0,900.0,0.0,1.5069999999999448,1.007,6171.0,0
2.407,15443.0,12348.0,9270.0,15438.5,12344.5,9267.5,5000.0,4000.0,3000.0,-7.375,0.5,-8.625,0.0,900.0,900.0,0.0,1.5079999999999447,1.0079999999999998,6173.0,0
2.408,15448.0,12352.0,9273.0,15443.5,12348.5,9270.5,5000.0,4000.0,3000.0,-7.375,0.5,-8.625,0.0,900.0,900.0,0.0,1.5089999999999446,1.0089999999999997,6175.0,0
2.4090000000000003,15453.0,12356.0,9276.0,15448.5,12352.5,9273.5,5000.0,4000.0,3000.0,-7.375,0.5,-8.625,0.0,900.0,900.0,0.0,1.5099999999999445,1.0099999999999996,6177.0,0
2.41,15458.0,12360.0,9279.0,15453.5,12356.5,9276.5,5000.0,4000.0,3000.0,-7.375,0.5,-8.625,0.0,900.0,900.0,0.0,1.5109999999999444,1.0109999999999995,6179.0,0
2.411,15463.0,12364.0,9282.0,15458.5,12360.5,9279.5,5000.0,4000.0,3000.0,-7.375,0.5,-8.625,0.0,900.0,900.0,0.0,1.5119999999999443,1.0119999999999993,6181.0,0
2.412,15468.0,12368.0,9285.0,15463.5,12364.5,9282.5,5000.0,4000.0,3000.0,-7.375,0.5,-8.625,0.0,900.0,900.0,0.0,1.5129999999999442,1.0129999999999992,6183.0,0
2.4130000000000003,15473.0,12372.0,9288.0,15468.5,12368.5,9285.5,5000.0,4000.0,3000.0,-7.375,0.5,-8.625,0.0,900.0,900.0,0.0,1.513999999999944,1.0139999999999991,6185.0,0
2.414,15478.0,12376.0,9291.0,15473.5,12372.5,9288.5,5000.0,4000.0,3000.0,-7.375,0.5,-8.625,0.0,900.0,900.0,0.0,1.514999999999944,1.014999999999999,6187.0,0
2.415,15483.0,12380.0,9294.0,15478.5,12376.5,9291.5,5000.0,4000.0,3000.0,-7.375,0.5,-8.625,0.0,900.0,900.0,0.0,1.5159999999999438,1.015999999999999,6189.0,0
2.416,15488.0,12384.0,9297.0,15483.5,12380.5,9294.5,5000.0,4000.0,3000.0,-7.375,0.5,-8.625,0.0,900.0,900.0,0.0,1.5169999999999437,1.0169999999999988,6191.0,0
2.4170000000000003,15493.0,12388.0,9300.0,15488.5,12384.5,9297.5,5000.0,4000.0,3000.0,-7.375,0.5,-8.625,0.0,900.0,900.0,0.0,1.5179999999999436,1.0179999999999987,6193.0,0
2.418,15498.0,12392.0,9303.0,15493.5,12388.5,9300.5,5000.0,4000.0,3000.0,-7.375,0.5,-8.625,0.0,900.0,900.0,0.0,1.5189999999999435,1.0189999999999986,6195.0,0
2.419,15503.0,12396.0,9306.0,15498.5,12392.5,9303.5,5000.0,4000.0,3000.0,-7.375,0.5,-8.625,0.0,900.0,900.0,0.0,1.5199999999999434,1.0199999999999985,6197.0,0
2.42,15508.0,12400.0,9309.0,15503.5,12396.5,9306.5,5000.0,4000.0,3000.0,-7.375,0.5,-8.625,0.0,900.0,900.0,0.0,1.5209999999999433,1.0209999999999984,6199.0,0
2.4210000000000003,15513.0,12404.0,9312.0,15508.5,12400.5,9309.5,5000.0,4000.0,3000.0,-7.375,0.5,-8.625,0.0,900.0,900.0,0.0,1.5219999999999432,1.0219999999999982,6201.0,0
2.422,15518.0,12408.0,9315.0,15513.5,12404.5,9312.5,5000.0,4000.0,3000.0,-7.375,0.5,-8.625,0.0,900.0,900.0,0.0,1.522999999999943,1.0229999999999981,6203.0,0
2.423,15523.0,12412.0,9318.0,15518.5,12408.5,9315.5,5000.0,4000.0,3000.0,-7.375,0.5,-8.625,0.0,900.0,900.0,0.0,1.523999999999943,1.023999999999998,6205.0,0
2.424,15528.0,12416.0,9321.0,15523.5,12412.5,9318.5,5000.0,4000.0,3000.0,-7.375,0.5,-8.625,0.0,900.0,900.0,0.0,1.5249999999999428,1.024999999999998,6207.0,0
2.4250000000000003,15533.0,12420.0,9324.0,15528.5,12416.5,9321.5,5000.0,4000.0,3000.0,-7.375,0.5,-8.625,0.0,900.0,900.0,0.0,1.5259999999999427,1.0259999999999978,6209.0,0
2.426,15538.0,12424.0,9327.0,15533.5,12420.5,9324.5,5000.0,4000.0,3000.0,-7.375,0.5,-8.625,0.0,900.0,900.0,0.0,1.5269999999999426,1.0269999999999977,6211.0,0
2.427,15543.0,12428.0,9330.0,15538.5,12424.5,9327.5,5000.0,4000.0,3000.0,-7.375,0.5,-8.625,0.0,900.0,900.0,0.0,1.5279999999999425,1.0279999999999976,6213.0,0
2.428,15548.0,12432.0,9333.0,15543.5,12428.5,9330.5,5000.0,4000.0,3000.0,-7.375,0.5,-8.625,0.0,900.0,900.0,0.0,1.5289999999999424,1.0289999999999975,6215.0,0
2.4290000000000003,15553.0,12436.0,9336.0,15548.5,12432.5,9333.5,5000.0,4000.0,3000.0,-7.375,0.5,-8.625,0.0,900.0,900.0,0.0,1.5299999999999423,1.0299999999999974,6217.0,0
2.43,15558.0,12440.0,9339.0,15553.5,12436.5,9336.5,5000.0,4000.0,3000.0,-7.375,0.5,-8.625,0.0,900.0,900.0,0.0,1.5309999999999422,1.0309999999999973,6219.0,0
2.431,15563.0,12444.0,9342.0,15558.5,12440.5,9339.5,5000.0,4000.0,3000.0,-7.375,0.5,-8.625,0.0,900.0,900.0,0.0,1.531999999999942,1.0319999999999971,6221.0,0
2.432,15568.0,12448.0,9345.0,15563.5,12444.5,9342.5,5000.0,4000.0,3000.0,-7.375,0.5,-8.625,0.0,900.0,900.0,0.0,1.532999999999942,1.032999999999997,6223.0,0
2.433,15573.0,12452.0,9349.0,15568.5,12448.5,9345.5,5000.0,4000.0,4000.0,-7.375,0.5,-8.625,0.0,900.0,900.0,0.0,1.5339999999999419,1.033999999999997,6224.0,0
2.434,15578.0,12456.0,9352.0,15573.5,12452.5,9349.5,5000.0,4000.0,3000.0,-7.375,0.5,-9.625,0.0,900.0,900.0,0.0,1.5349999999999417,1.0349999999999968,6226.0,0
2.435,15583.0,12460.0,9355.0,15578.5,12456.5,9352.5,5000.0,4000.0,3000.0,-7.375,0.5,-9.625,0.0,900.0,900.0,0.0,1.5359999999999416,1.0359999999999967,6228.0,0
2.436,15588.0,12464.0,9358.0,15583.5,12460.5,9355.5,5000.0,4000.0,3000.0,-7.375,0.5,-9.625,0.0,900.0,900.0,0.0,1.5369999999999415,1.0369999999999966,6230.0,0
2.437,15593.0,12468.0,9361.0,15588.5,12464.5,9358.5,5000.0,4000.0,3000.0,-7.375,0.5,-9.625,0.0,900.0,900.0,0.0,1.5379999999999414,1.0379999999999965,6232.0,0
2.438,15598.0,12472.0,9364.0,15593.5,12468.5,9361.5,5000.0,4000.0,3000.0,-7.375,0.5,-9.625,0.0,900.0,900.0,0.0,1.5389999999999413,1.0389999999999964,6234.0,0
2.439,15604.0,12476.0,9367.0,15598.5,12472.5,9364.5,6000.0,4000.0,3000.0,-7.375,0.5,-9.625,0.0,900.0,900.0,0.0,1.5399999999999412,1.0399999999999963,6237.0,0
2.44,15609.0,12480.0,9370.0,15604.5,12476.5,9367.5,5000.0,4000.0,3000.0,-8.375,0.5,-9.625,0.0,900.0,900.0,0.0,1.540999999999941,1.0409999999999962,6239.0,0
2.441,15614.0,12484.0,9373.0,15609.5,12480.5,9370.5,5000.0,4000.0,3000.0,-8.375,0.5,-9.625,0.0,900.0,900.0,0.0,1.541999999999941,1.041999999999996,6241.0,0
2.442,15619.0,12488.0,9376.0,15614.5,12484.5,9373.5,5000.0,4000.0,3000.0,-8.375,0.5,-9.625,0.0,900.0,900.0,0.0,1.5429999999999409,1.042999999999996,6243.0,0
2.443,15624.0,12492.0,9379.0,15619.5,12488.5,9376.5,5000.0,4000.0,3000.0,-8.375,0.5,-9.625,0.0,900.0,900.0,0.0,1.5439999999999408,1.0439999999999958,6245.0,0
2.444,15629.0,12496.0,9382.0,15624.5,12492.5,9379.5,5000.0,4000.0,3000.0,-8.375,0.5,-9.625,0.0,900.0,900.0,0.0,1.5449999999999406,1.0449999999999957,6247.0,0
2.445,15634.0,12500.0,9385.0,15629.5,12496.5,9382.5,5000.0,4000.0,3000.0,-8.375,0.5,-9.625,0.0,900.0,900.0,0.0,1.5459999999999405,1.0459999999999956,6249.0,0
2.446,15639.0,12504.0,9388.0,15634.5,12500.5,9385.5,5000.0,4000.0,3000.0,-8.375,0.5,-9.625,0.0,900.0,900.0,0.0,1.5469999999999404,1.0469999999999955,6251.0,0
2.447,15644.0,12508.0,9391.0,15639.5,12504.5,9388.5,5000.0,4000.0,3000.0,-8.375,0.5,-9.625,0.0,900.0,900.0,0.0,1.5479999999999403,1.0479999999999954,6253.0,0
2.448,15649.0,12512.0,9394.0,15644.5,12508.5,9391.5,5000.0,4000.0,3000.0,-8.375,0.5,-9.625,0.0,900.0,900.0,0.0,1.5489999999999402,1.0489999999999953,6255.0,0
2.449,15654.0,12517.0,9397.0,15649.5,12512.5,9394.5,5000.0,5000.0,3000.0,-8.375,0.5,-9.625,0.0,900.0,900.0,0.0,1.54999999999994,1.0499999999999952,6257.0,0
2.45,15659.0,12521.0,9400.0,15654.5,12517.5,9397.5,5000.0,4000.0,3000.0,-7.125,0.5,-8.875,0.0,900.0,900.0,0.0,1.55099999999994,1.050999999999995,6259.0,0
2.451,15664.0,12525.0,9403.0,15659.5,12521.5,9400.5,5000.0,4000.0,3000.0,-7.125,0.5,-8.875,0.0,900.0,900.0,0.0,1.5519999999999399,1.051999999999995,6261.0,0
2.452,15669.0,12529.0,9406.0,15664.5,12525.5,9403.5,5000.0,4000.0,3000.0,-7.125,0.5,-8.875,0.0,900.0,900.0,0.0,1.5529999999999398,1.0529999999999948,6263.0,0
2.453,15674.0,12533.0,9409.0,15669.5,12529.5,9406.5,5000.0,4000.0,3000.0,-7.125,0.5,-8.875,0.0,900.0,900.0,0.0,1.5539999999999397,1.0539999999999947,6265.0,0
2.454,15679.0,12537.0,9412.0,15674.5,12533.5,9409.5,5000.0,4000.0,3000.0,-7.125,0.5,-8.875,0.0,900.0,900.0,0.0,1.5549999999999395,1.0549999999999946,6267.0,0
2.455,15684.0,12541.0,9415.0,15679.5,12537.5,9412.5,5000.0,4000.0,3000.0,-7.125,0.5,-8.875,0.0,900.0,900.0,0.0,1.5559999999999394,1.0559999999999945,6269.0,0
2.456,15689.0,12545.0,9418.0,15684.5,12541.5,9415.5,5000.0,4000.0,3000.0,-7.125,0.5,-8.875,0.0,900.0,900.0,0.0,1.5569999999999393,1.0569999999999944,6271.0,0
2.457,15694.0,12549.0,9421.0,15689.5,12545.5,9418.5,5000.0,4000.0,3000.0,-7.125,0.5,-8.875,0.0,900.0,900.0,0.0,1.5579999999999392,1.0579999999999943,6273.0,0
2.458,15699.0,12553.0,9424.0,15694.5,12549.5,9421.5,5000.0,4000.0,3000.0,-7.125,0.5,-8.875,0.0,900.0,900.0,0.0,1.558999999999939,1.0589999999999942,6275.0,0
2.459,15704.0,12557.0,9427.0,15699.5,12553.5,9424.5,5000.0,4000.0,3000.0,-7.125,0.5,-8.875,0.0,900.0,900.0,0.0,1.559999999999939,1.059999999999994,6277.0,0
2.46,15709.0,12561.0,9431.0,15704.5,12557.5,9427.5,5000.0,4000.0,4000.0,-7.125,0.5,-8.875,0.0,900.0,900.0,0.0,1.5609999999999389,1.060999999999994,6278.0,0
2.461,15714.0,12565.0,9434.0,15709.5,12561.5,9431.5,5000.0,4000.0,3000.0,-7.125,0.5,-9.875,0.0,900.0,900.0,0.0,1.5619999999999388,1.0619999999999938,6280.0,0
2.462,15719.0,12569.0,9437.0,15714.5,12565.5,9434.5,5000.0,4000.0,3000.0,-7.125,0.5,-9.875,0.0,900.0,900.0,0.0,1.5629999999999387,1.0629999999999937,6282.0,0
2.463,15724.0,12573.0,9440.0,15719.5,12569.5,9437.5,5000.0,4000.0,3000.0,-7.125,0.5,-9.875,0.0,900.0,900.0,0.0,1.5639999999999386,1.0639999999999936,6284.0,0
2.464,15729.0,12577.0,9443.0,15724.5,12573.5,9440.5,5000.0,4000.0,3000.0,-7.125,0.5,-9.875,0.0,900.0,900.0,0.0,1.5649999999999384,1.0649999999999935,6286.0,0
2.465,15734.0,12581.0,9446.0,15729.5,12577.5,9443.5,5000.0,4000.0,3000.0,-7.125,0.5,-9.875,0.0,900.0,900.0,0.0,1.5659999999999383,1.0659999999999934,6288.0,0
2.466,15739.0,12585.0,9449.0,15734.5,12581.5,9446.5,5000.0,4000.0,3000.0,-7.125,0.5,-9.875,0.0,900.0,900.0,0.0,1.5669999999999382,1.0669999999999933,6290.0,0
2.467,15744.0,12589.0,9452.0,15739.5,12585.5,9449.5,5000.0,4000.0,3000.0,-7.125,0.5,-9.875,0.0,900.0,900.0,0.0,1.567999999999938,1.0679999999999932,6292.0,0
2.468,15749.0,12593.0,9455.0,15744.5,12589.5,9452.5,5000.0,4000.0,3000.0,-7.125,0.5,-9.875,0.0,900.0,900.0,0.0,1.568999999999938,1.068999999999993,6294.0,0
2.469,15754.0,12597.0,9458.0,15749.5,12593.5,9455.5,5000.0,4000.0,3000.0,-7.125,0.5,-9.875,0.0,900.0,900.0,0.0,1.569999999999938,1.069999999999993,6296.0,0
2.47,15759.0,12601.0,9461.0,15754.5,12597.5,9458.5,5000.0,4000.0,3000.0,-7.125,0.5,-9.875,0.0,900.0,900.0,0.0,1.5709999999999378,1.0709999999999928,6298.0,0
2.471,15764.0,12605.0,9464.0,15759.5,12601.5,9461.5,5000.0,4000.0,3000.0,-7.125,0.5,-9.875,0.0,900.0,900.0,0.0,1.5719999999999377,1.0719999999999927,6300.0,0
2.472,15769.0,12609.0,9467.0,15764.5,12605.5,9464.5,5000.0,4000.0,3000.0,-7.125,0.5,-9.875,0.0,900.0,900.0,0.0,1.5729999999999376,1.0729999999999926,6302.0,0
2.473,15774.0,12613.0,9470.0,15769.5,12609.5,9467.5,5000.0,4000.0,3000.0,-7.125,0.5,-9.875,0.0,900.0,900.0,0.0,1.5739999999999374,1.0739999999999925,6304.0,0
2.474,15779.0,12617.0,9473.0,15774.5,12613.5,9470.5,5000.0,4000.0,3000.0,-7.125,0.5,-9.875,0.0,900.0,900.0,0.0,1.5749999999999373,1.0749999999999924,6306.0,0
2.475,15784.0,12621.0,9476.0,15779.5,12617.5,9473.5,5000.0,4000.0,3000.0,-7.125,0.5,-9.875,0.0,900.0,900.0,0.0,1.5759999999999372,1.0759999999999923,6308.0,0
2.476,15789.0,12625.0,9479.0,15784.5,12621.5,9476.5,5000.0,4000.0,3000.0,-7.125,0.5,-9.875,0.0,900.0,900.0,0.0,1.5769999999999371,1.0769999999999922,6310.0,0
2.477,15794.0,12629.0,9482.0,15789.5,12625.5,9479.5,5000.0,4000.0,3000.0,-7.125,0.5,-9.875,0.0,900.0,900.0,0.0,1.577999999999937,1.077999999999992,6312.0,0
2.478,15799.0,12633.0,9485.0,15794.5,12629.5,9482.5,5000.0,4000.0,3000.0,-7.125,0.5,-9.875,0.0,900.0,900.0,0.0,1.578999999999937,1.078999999999992,6314.0,0
2.479,15804.0,12637.0,9488.0,15799.5,12633.5,9485.5,5000.0,4000.0,3000.0,-7.125,0.5,-9.875,0.0,900.0,900.0,0.0,1.5799999999999368,1.0799999999999919,6316.0,0
2.48,15809.0,12641.0,9491.0,15804.5,12637.5,9488.5,5000.0,4000.0,3000.0,-7.125,0.5,-9.875,0.0,900.0,900.0,0.0,1.5809999999999367,1.0809999999999917,6318.0,0
2.481,15814.0,12645.0,9494.0,15809.5,12641.5,9491.5,5000.0,4000.0,3000.0,-7.125,0.5,-9.875,0.0,900.0,900.0,0.0,1.5819999999999366,1.0819999999999916,6320.0,0
2.482,15819.0,12649.0,9497.0,15814.5,12645.5,9494.5,5000.0,4000.0,3000.0,-7.125,0.5,-9.875,0.0,900.0,900.0,0.0,1.5829999999999365,1.0829999999999915,6322.0,0
2.483,15824.0,12653.0,9500.0,15819.5,12649.5,9497.5,5000.0,4000.0,3000.0,-7.125,0.5,-9.875,0.0,900.0,900.0,0.0,1.5839999999999363,1.0839999999999914,6324.0,0
2.484,15830.0,12657.0,9503.0,15824.5,12653.5,9500.5,6000.0,4000.0,3000.0,-7.125,0.5,-9.875,0.0,900.0,900.0,0.0,1.5849999999999362,1.0849999999999913,6327.0,0
2.485,15835.0,12661.0,9506.0,15830.5,12657.5,9503.5,5000.0,4000.0,3000.0,-8.125,0.5,-9.875,0.0,900.0,900.0,0.0,1.5859999999999361,1.0859999999999912,6329.0,0
2.486,15840.0,12665.0,9509.0,15835.5,12661.5,9506.5,5000.0,4000.0,3000.0,-8.125,0.5,-9.875,0.0,900.0,900.0,0.0,1.586999999999936,1.086999999999991,6331.0,0
2.487,15845.0,12669.0,9512.0,15840.5,12665.5,9509.5,5000.0,4000.0,3000.0,-8.125,0.5,-9.875,0.0,900.0,900.0,0.0,1.587999999999936,1.087999999999991,6333.0,0
2.488,15850.0,12673.0,9516.0,15845.5,12669.5,9512.5,5000.0,4000.0,4000.0,-8.125,0.5,-9.875,0.0,900.0,900.0,0.0,1.5889999999999358,1.0889999999999909,6334.0,0
2.489,15855.0,12677.0,9518.0,15850.5,12673.5,9516.5,5000.0,4000.0,2000.0,-8.125,0.5,-10.875,0.0,900.0,900.0,0.0,1.5899999999999357,1.0899999999999908,6337.0,0
2.49,15860.0,12681.0,9521.0,15855.5,12677.5,9518.5,5000.0,4000.0,3000.0,-8.125,0.5,-9.875,0.0,900.0,900.0,0.0,1.5909999999999356,1.0909999999999906,6339.0,0
2.491,15865.0,12685.0,9524.0,15860.5,12681.5,9521.5,5000.0,4000.0,3000.0,-8.125,0.5,-9.875,0.0,900.0,900.0,0.0,1.5919999999999355,1.0919999999999905,6341.0,0
2.492,15870.0,12689.0,9527.0,15865.5,12685.5,9524.5,5000.0,4000.0,3000.0,-8.125,0.5,-9.875,0.0,900.0,900.0,0.0,1.5929999999999354,1.0929999999999904,6343.0,0
2.493,15875.0,12693.0,9530.0,15870.5,12689.5,9527.5,5000.0,4000.0,3000.0,-8.125,0.5,-9.875,0.0,900.0,900.0,0.0,1.5939999999999352,1.0939999999999903,6345.0,0
2.494,15880.0,12697.0,9533.0,15875.5,12693.5,9530.5,5000.0,4000.0,3000.0,-8.125,0.5,-9.875,0.0,900.0,900.0,0.0,1.5949999999999351,1.0949999999999902,6347.0,0
2.495,15885.0,12701.0,9537.0,15880.5,12697.5,9533.5,5000.0,4000.0,4000.0,-8.125,0.5,-9.875,0.0,900.0,900.0,0.0,1.595999999999935,1.09599999999999,6348.0,0
2.496,15890.0,12706.0,9539.0,15885.5,12701.5,9537.5,5000.0,5000.0,2000.0,-8.125,0.5,-10.875,0.0,900.0,900.0,0.0,1.596999999999935,1.09699999999999,6351.0,0
2.497,15895.0,12710.0,9542.0,15890.5,12706.5,9539.5,5000.0,4000.0,3000.0,-6.875,0.5,-9.125,0.0,900.0,900.0,0.0,1.5979999999999348,1.0979999999999899,6353.0,0
2.498,15900.0,12714.0,9545.0,15895.5,12710.5,9542.5,5000.0,4000.0,3000.0,-6.875,0.5,-9.125,0.0,900.0,900.0,0.0,1.5989999999999347,1.0989999999999898,6355.0,0
2.499,15905.0,12718.0,9548.0,15900.5,12714.5,9545.5,5000.0,4000.0,3000.0,-6.875,0.5,-9.125,0.0,900.0,900.0,0.0,1.5999999999999346,1.0999999999999897,6357.0,0
2.5,15910.0,12722.0,9551.0,15905.5,12718.5,9548.5,5000.0,4000.0,3000.0,-6.875,0.5,-9.125,0.0,900.0,900.0,0.0,1.6009999999999345,1.1009999999999895,6359.0,0
2.501,15915.0,12726.0,9554.0,15910.5,12722.5,9551.5,5000.0,4000.0,3000.0,-6.875,0.5,-9.125,0.0,900.0,900.0,0.0,1.6019999999999344,1.1019999999999894,6361.0,0
2.5020000000000002,15920.0,12730.0,9558.0,15915.5,12726.5,9554.5,5000.0,4000.0,4000.0,-6.875,0.5,-9.125,0.0,900.0,900.0,0.0,1.6029999999999343,1.1029999999999893,6362.0,0
2.503,15925.0,12734.0,9560.0,15920.5,12730.5,9558.5,5000.0,4000.0,2000.0,-6.875,0.5,-10.125,0.0,900.0,900.0,0.0,1.6039999999999341,1.1039999999999892,6365.0,0
2.504,15930.0,12738.0,9563.0,15925.5,12734.5,9560.5,5000.0,4000.0,3000.0,-6.875,0.5,-9.125,0.0,900.0,900.0,0.0,1.604999999999934,1.104999999999989,6367.0,0
2.505,15935.0,12742.0,9566.0,15930.5,12738.5,9563.5,5000.0,4000.0,3000.0,-6.875,0.5,-9.125,0.0,900.0,900.0,0.0,1.605999999999934,1.105999999999989,6369.0,0
2.5060000000000002,15940.0,12746.0,9569.0,15935.5,12742.5,9566.5,5000.0,4000.0,3000.0,-6.875,0.5,-9.125,0.0,900.0,900.0,0.0,1.6069999999999338,1.1069999999999889,6371.0,0
2.507,15945.0,12750.0,9572.0,15940.5,12746.5,9569.5,5000.0,4000.0,3000.0,-6.875,0.5,-9.125,0.0,900.0,900.0,0.0,1.6079999999999337,1.1079999999999888,6373.0,0
2.508,15950.0,12754.0,9575.0,15945.5,12750.5,9572.5,5000.0,4000.0,3000.0,-6.875,0.5,-9.125,0.0,900.0,900.0,0.0,1.6089999999999336,1.1089999999999887,6375.0,0
2.509,15955.0,12758.0,9578.0,15950.5,12754.5,9575.5,5000.0,4000.0,3000.0,-6.875,0.5,-9.125,0.0,900.0,900.0,0.0,1.6099999999999335,1.1099999999999886,6377.0,0
2.5100000000000002,15960.0,12762.0,9581.0,15955.5,12758.5,9578.5,5000.0,4000.0,3000.0,-6.875,0.5,-9.125,0.0,900.0,900.0,0.0,1.6109999999999334,1.1109999999999884,6379.0,0
2.511,15965.0,12766.0,9584.0,15960.5,12762.5,9581.5,5000.0,4000.0,3000.0,-6.875,0.5,-9.125,0.0,900.0,900.0,0.0,1.6119999999999333,1.1119999999999883,6381.0,0
2.512,15970.0,12770.0,9587.0,15965.5,12766.5,9584.5,5000.0,4000.0,3000.0,-6.875,0.5,-9.125,0.0,900.0,900.0,0.0,1.6129999999999332,1.1129999999999882,6383.0,0
2.513,15975.0,12774.0,9590.0,15970.5,12770.5,9587.5,5000.0,4000.0,3000.0,-6.875,0.5,-9.125,0.0,900.0,900.0,0.0,1.613999999999933,1.113999999999988,6385.0,0
2.5140000000000002,15980.0,12778.0,9594.0,15975.5,12774.5,9590.5,5000.0,4000.0,4000.0,-6.875,0.5,-9.125,0.0,900.0,900.0,0.0,1.614999999999933,1.114999999999988,6386.0,0
2.515,15985.0,12782.0,9596.0,15980.5,12778.5,9594.5,5000.0,4000.0,2000.0,-6.875,0.5,-10.125,0.0,900.0,900.0,0.0,1.6159999999999328,1.115999999999988,6389.0,0
2.516,15990.0,12786.0,9599.0,15985.5,12782.5,9596.5,5000.0,4000.0,3000.0,-6.875,0.5,-9.125,0.0,900.0,900.0,0.0,1.6169999999999327,1.1169999999999878,6391.0,0
2.517,15995.0,12790.0,9602.0,15990.5,12786.5,9599.5,5000.0,4000.0,3000.0,-6.875,0.5,-9.125,0.0,900.0,900.0,0.0,1.6179999999999326,1.1179999999999877,6393.0,0
2.5180000000000002,16000.0,12794.0,9605.0,15995.5,12790.5,9602.5,5000.0,4000.0,3000.0,-6.875,0.5,-9.125,0.0,900.0,900.0,0.0,1.6189999999999325,1.1189999999999876,6395.0,0
2.519,16005.0,12798.0,9608.0,16000.5,12794.5,9605.5,5000.0,4000.0,3000.0,-6.875,0.5,-9.125,0.0,900.0,900.0,0.0,1.6199999999999324,1.1199999999999875,6397.0,0
2.52,16010.0,12802.0,9611.0,16005.5,12798.5,9608.5,5000.0,4000.0,3000.0,-6.875,0.5,-9.125,0.0,900.0,900.0,0.0,1.6209999999999323,1.1209999999999873,6399.0,0
2.521,16015.0,12806.0,9614.0,16010.5,12802.5,9611.5,5000.0,4000.0,3000.0,-6.875,0.5,-9.125,0.0,900.0,900.0,0.0,1.6219999999999322,1.1219999999999872,6401.0,0
2.5220000000000002,16020.0,12810.0,9617.0,16015.5,12806.5,9614.5,5000.0,4000.0,3000.0,-6.875,0.5,-9.125,0.0,900.0,900.0,0.0,1.622999999999932,1.1229999999999871,6403.0,0
2.523,16025.0,12814.0,9620.0,16020.5,12810.5,9617.5,5000.0,4000.0,3000.0,-6.875,0.5,-9.125,0.0,900.0,900.0,0.0,1.623999999999932,1.123999999999987,6405.0,0
2.524,16030.0,12818.0,9623.0,16025.5,12814.5,9620.5,5000.0,4000.0,3000.0,-6.875,0.5,-9.125,0.0,900.0,900.0,0.0,1.6249999999999318,1.124999999999987,6407.0,0
2.525,16035.0,12822.0,9626.0,16030.5,12818.5,9623.5,5000.0,4000.0,3000.0,-6.875,0.5,-9.125,0.0,900.0,900.0,0.0,1.6259999999999317,1.1259999999999868,6409.0,0
2.5260000000000002,16040.0,12826.0,9629.0,16035.5,12822.5,9626.5,5000.0,4000.0,3000.0,-6.875,0.5,-9.125,0.0,900.0,900.0,0.0,1.6269999999999316,1.1269999999999867,6411.0,0
2.527,16045.0,12830.0,9632.0,16040.5,12826.5,9629.5,5000.0,4000.0,3000.0,-6.875,0.5,-9.125,0.0,900.0,900.0,0.0,1.6279999999999315,1.1279999999999866,6413.0,0
2.528,16050.0,12834.0,9635.0,16045.5,12830.5,9632.5,5000.0,4000.0,3000.0,-6.875,0.5,-9.125,0.0,900.0,900.0,0.0,1.6289999999999314,1.1289999999999865,6415.0,0
2.529,16055.0,12838.0,9638.0,16050.5,12834.5,9635.5,5000.0,4000.0,3000.0,-6.875,0.5,-9.125,0.0,900.0,900.0,0.0,1.6299999999999313,1.1299999999999863,6417.0,0
2.5300000000000002,16061.0,12842.0,9641.0,16055.5,12838.5,9638.5,6000.0,4000.0,3000.0,-6.875,0.5,-9.125,0.0,900.0,900.0,0.0,1.6309999999999312,1.1309999999999862,6420.0,0
2.531,16066.0,12846.0,9645.0,16061.5,12842.5,9641.5,5000.0,4000.0,4000.0,-7.875,0.5,-9.125,0.0,900.0,900.0,0.0,1.631999999999931,1.1319999999999861,6421.0,0
2.532,16071.0,12850.0,9647.0,16066.5,12846.5,9645.5,5000.0,4000.0,2000.0,-7.875,0.5,-10.125,0.0,900.0,900.0,0.0,1.632999999999931,1.132999999999986,6424.0,0
2.533,16076.0,12854.0,9650.0,16071.5,12850.5,9647.5,5000.0,4000.0,3000.0,-7.875,0.5,-9.125,0.0,900.0,900.0,0.0,1.6339999999999308,1.133999999999986,6426.0,0
2.5340000000000003,16081.0,12858.0,9653.0,16076.5,12854.5,9650.5,5000.0,4000.0,3000.0,-7.875,0.5,-9.125,0.0,900.0,900.0,0.0,1.6349999999999307,1.1349999999999858,6428.0,0
2.535,16086.0,12862.0,9656.0,16081.5,12858.5,9653.5,5000.0,4000.0,3000.0,-7.875,0.5,-9.125,0.0,900.0,900.0,0.0,1.6359999999999306,1.1359999999999857,6430.0,0
2.536,16091.0,12866.0,9659.0,16086.5,12862.5,9656.5,5000.0,4000.0,3000.0,-7.875,0.5,-9.125,0.0,900.0,900.0,0.0,1.6369999999999305,1.1369999999999856,6432.0,0
2.537,16096.0,12870.0,9662.0,16091.5,12866.5,9659.5,5000.0,4000.0,3000.0,-7.875,0.5,-9.125,0.0,900.0,900.0,0.0,1.6379999999999304,1.1379999999999855,6434.0,0
2.5380000000000003,16101.0,12874.0,9665.0,16096.5,12870.5,9662.5,5000.0,4000.0,3000.0,-7.875,0.5,-9.125,0.0,900.0,900.0,0.0,1.6389999999999303,1.1389999999999854,6436.0,0
2.539,16106.0,12878.0,9668.0,16101.5,12874.5,9665.5,5000.0,4000.0,3000.0,-7.875,0.5,-9.125,0.0,900.0,900.0,0.0,1.6399999999999302,1.1399999999999852,6438.0,0
2.54,16111.0,12882.0,9671.0,16106.5,12878.5,9668.5,5000.0,4000.0,3000.0,-7.875,0.5,-9.125,0.0,900.0,900.0,0.0,1.64099999999993,1.1409999999999851,6440.0,0
2.541,16116.0,12886.0,9674.0,16111.5,12882.5,9671.5,5000.0,4000.0,3000.0,-7.875,0.5,-9.125,0.0,900.0,900.0,0.0,1.64199999999993,1.141999999999985,6442.0,0
2.5420000000000003,16121.0,12891.0,9677.0,16116.5,12886.5,9674.5,5000.0,5000.0,3000.0,-7.875,0.5,-9.125,0.0,900.0,900.0,0.0,1.6429999999999298,1.142999999999985,6444.0,0
2.543,16126.0,12895.0,9680.0,16121.5,12891.5,9677.5,5000.0,4000.0,3000.0,-6.625,0.5,-8.375,0.0,900.0,900.0,0.0,1.6439999999999297,1.1439999999999848,6446.0,0
2.544,16131.0,12899.0,9683.0,16126.5,12895.5,9680.5,5000.0,4000.0,3000.0,-6.625,0.5,-8.375,0.0,900.0,900.0,0.0,1.6449999999999296,1.1449999999999847,6448.0,0
2.545,16136.0,12903.0,9686.0,16131.5,12899.5,9683.5,5000.0,4000.0,3000.0,-6.625,0.5,-8.375,0.0,900.0,900.0,0.0,1.6459999999999295,1.1459999999999846,6450.0,0
2.5460000000000003,16141.0,12907.0,9689.0,16136.5,12903.5,9686.5,5000.0,4000.0,3000.0,-6.625,0.5,-8.375,0.0,900.0,900.0,0.0,1.6469999999999294,1.1469999999999845,6452.0,0
2.547,16146.0,12911.0,9692.0,16141.5,12907.5,9689.5,5000.0,4000.0,3000.0,-6.625,0.5,-8.375,0.0,900.0,900.0,0.0,1.6479999999999293,1.1479999999999844,6454.0,0
2.548,16151.0,12915.0,9695.0,16146.5,12911.5,9692.5,5000.0,4000.0,3000.0,-6.625,0.5,-8.375,0.0,900.0,900.0,0.0,1.6489999999999292,1.1489999999999843,6456.0,0
2.549,16156.0,12919.0,9698.0,16151.5,12915.5,9695.5,5000.0,4000.0,3000.0,-6.625,0.5,-8.375,0.0,900.0,900.0,0.0,1.649999999999929,1.1499999999999841,6458.0,0
2.5500000000000003,16161.0,12923.0,9701.0,16156.5,12919.5,9698.5,5000.0,4000.0,3000.0,-6.625,0.5,-8.375,0.0,900.0,900.0,0.0,1.650999999999929,1.150999999999984,6460.0,0
2.551,16166.0,12927.0,9704.0,16161.5,12923.5,9701.5,5000.0,4000.0,3000.0,-6.625,0.5,-8.375,0.0,900.0,900.0,0.0,1.6519999999999289,1.151999999999984,6462.0,0
2.552,16171.0,12931.0,9707.0,16166.5,12927.5,9704.5,5000.0,4000.0,3000.0,-6.625,0.5,-8.375,0.0,900.0,900.0,0.0,1.6529999999999287,1.1529999999999838,6464.0,0
2.553,16176.0,12935.0,9710.0,16171.5,12931.5,9707.5,5000.0,4000.0,3000.0,-6.625,0.5,-8.375,0.0,900.0,900.0,0.0,1.6539999999999286,1.1539999999999837,6466.0,0
2.5540000000000003,16181.0,12939.0,9713.0,16176.5,12935.5,9710.5,5000.0,4000.0,3000.0,-6.625,0.5,-8.375,0.0,900.0,900.0,0.0,1.6549999999999285,1.1549999999999836,6468.0,0
2.555,16186.0,12943.0,9716.0,16181.5,12939.5,9713.5,5000.0,4000.0,3000.0,-6.625,0.5,-8.375,0.0,900.0,900.0,0.0,1.6559999999999284,1.1559999999999835,6470.0,0
2.556,16191.0,12947.0,9719.0,16186.5,12943.5,9716.5,5000.0,4000.0,3000.0,-6.625,0.5,-8.375,0.0,900.0,900.0,0.0,1.6569999999999283,1.1569999999999834,6472.0,0
2.557,16196.0,12951.0,9722.0,16191.5,12947.5,9719.5,5000.0,4000.0,3000.0,-6.625,0.5,-8.375,0.0,900.0,900.0,0.0,1.6579999999999282,1.1579999999999833,6474.0,0
2.5580000000000003,16201.0,12955.0,9725.0,16196.5,12951.5,9722.5,5000.0,4000.0,3000.0,-6.625,0.5,-8.375,0.0,900.0,900.0,0.0,1.658999999999928,1.1589999999999832,6476.0,0
2.559,16206.0,12959.0,9728.0,16201.5,12955.5,9725.5,5000.0,4000.0,3000.0,-6.625,0.5,-8.375,0.0,900.0,900.0,0.0,1.659999999999928,1.159999999999983,6478.0,0
2.56,16211.0,12963.0,9731.0,16206.5,12959.5,9728.5,5000.0,4000.0,3000.0,-6.625,0.5,-8.375,0.0,900.0,900.0,0.0,1.6609999999999279,1.160999999999983,6480.0,0
2.561,16216.0,12967.0,9734.0,16211.5,12963.5,9731.5,5000.0,4000.0,3000.0,-6.625,0.5,-8.375,0.0,900.0,900.0,0.0,1.6619999999999278,1.1619999999999828,6482.0,0
2.562,16221.0,12971.0,9737.0,16216.5,12967.5,9734.5,5000.0,4000.0,3000.0,-6.625,0.5,-8.375,0.0,900.0,900.0,0.0,1.6629999999999276,1.1629999999999827,6484.0,0
2.563,16226.0,12975.0,9740.0,16221.5,12971.5,9737.5,5000.0,4000.0,3000.0,-6.625,0.5,-8.375,0.0,900.0,900.0,0.0,1.6639999999999275,1.1639999999999826,6486.0,0
2.564,16231.0,12979.0,9743.0,16226.5,12975.5,9740.5,5000.0,4000.0,3000.0,-6.625,0.5,-8.375,0.0,900.0,900.0,0.0,1.6649999999999274,1.1649999999999825,6488.0,0
2.565,16236.0,12983.0,9746.0,16231.5,12979.5,9743.5,5000.0,4000.0,3000.0,-6.625,0.5,-8.375,0.0,900.0,900.0,0.0,1.6659999999999273,1.1659999999999824,6490.0,0
2.566,16241.0,12987.0,9749.0,16236.5,12983.5,9746.5,5000.0,4000.0,3000.0,-6.625,0.5,-8.375,0.0,900.0,900.0,0.0,1.6669999999999272,1.1669999999999823,6492.0,0
2.567,16246.0,12991.0,9752.0,16241.5,12987.5,9749.5,5000.0,4000.0,3000.0,-6.625,0.5,-8.375,0.0,900.0,900.0,0.0,1.667999999999927,1.1679999999999822,6494.0,0
2.568,16251.0,12995.0,9755.0,16246.5,12991.5,9752.5,5000.0,4000.0,3000.0,-6.625,0.5,-8.375,0.0,900.0,900.0,0.0,1.668999999999927,1.168999999999982,6496.0,0
2.569,16256.0,12999.0,9758.0,16251.5,12995.5,9755.5,5000.0,4000.0,3000.0,-6.625,0.5,-8.375,0.0,900.0,900.0,0.0,1.6699999999999269,1.169999999999982,6498.0,0
2.57,16261.0,13003.0,9762.0,16256.5,12999.5,9758.5,5000.0,4000.0,4000.0,-6.625,0.5,-8.375,0.0,900.0,900.0,0.0,1.6709999999999268,1.1709999999999818,6499.0,0
2.571,16266.0,13007.0,9765.0,16261.5,13003.5,9762.5,5000.0,4000.0,3000.0,-6.625,0.5,-9.375,0.0,900.0,900.0,0.0,1.6719999999999267,1.1719999999999817,6501.0,0
2.572,16271.0,13011.0,9768.0,16266.5,13007.5,9765.5,5000.0,4000.0,3000.0,-6.625,0.5,-9.375,0.0,900.0,900.0,0.0,1.6729999999999265,1.1729999999999816,6503.0,0
2.573,16276.0,13015.0,9771.0,16271.5,13011.5,9768.5,5000.0,4000.0,3000.0,-6.625,0.5,-9.375,0.0,900.0,900.0,0.0,1.6739999999999264,1.1739999999999815,6505.0,0
2.574,16281.0,13019.0,9774.0,16276.5,13015.5,9771.5,5000.0,4000.0,3000.0,-6.625,0.5,-9.375,0.0,900.0,900.0,0.0,1.6749999999999263,1.1749999999999814,6507.0,0
2.575,16287.0,13023.0,9777.0,16281.5,13019.5,9774.5,6000.0,4000.0,3000.0,-6.625,0.5,-9.375,0.0,900.0,900.0,0.0,1.6759999999999262,1.1759999999999813,6510.0,0
2.576,16292.0,13027.0,9780.0,16287.5,13023.5,9777.5,5000.0,4000.0,3000.0,-7.625,0.5,-9.375,0.0,900.0,900.0,0.0,1.676999999999926,1.1769999999999812,6512.0,0
2.577,16297.0,13031.0,9783.0,16292.5,13027.5,9780.5,5000.0,4000.0,3000.0,-7.625,0.5,-9.375,0.0,900.0,900.0,0.0,1.677999999999926,1.177999999999981,6514.0,0
2.578,16302.0,13035.0,9786.0,16297.5,13031.5,9783.5,5000.0,4000.0,3000.0,-7.625,0.5,-9.375,0.0,900.0,900.0,0.0,1.6789999999999259,1.178999999999981,6516.0,0
2.579,16307.0,13039.0,9789.0,16302.5,13035.5,9786.5,5000.0,4000.0,3000.0,-7.625,0.5,-9.375,0.0,900.0,900.0,0.0,1.6799999999999258,1.1799999999999808,6518.0,0
2.58,16312.0,13043.0,9792.0,16307.5,13039.5,9789.5,5000.0,4000.0,3000.0,-7.625,0.5,-9.375,0.0,900.0,900.0,0.0,1.6809999999999257,1.1809999999999807,6520.0,0
2.581,16317.0,13047.0,9795.0,16312.5,13043.5,9792.5,5000.0,4000.0,3000.0,-7.625,0.5,-9.375,0.0,900.0,900.0,0.0,1.6819999999999256,1.1819999999999806,6522.0,0
2.582,16322.0,13051.0,9798.0,16317.5,13047.5,9795.5,5000.0,4000.0,3000.0,-7.625,0.5,-9.375,0.0,900.0,900.0,0.0,1.6829999999999254,1.1829999999999805,6524.0,0
2.583,16327.0,13055.0,9801.0,16322.5,13051.5,9798.5,5000.0,4000.0,3000.0,-7.625,0.5,-9.375,0.0,900.0,900.0,0.0,1.6839999999999253,1.1839999999999804,6526.0,0
2.584,16332.0,13059.0,9804.0,16327.5,13055.5,9801.5,5000.0,4000.0,3000.0,-7.625,0.5,-9.375,0.0,900.0,900.0,0.0,1.6849999999999252,1.1849999999999803,6528.0,0
2.585,16337.0,13063.0,9807.0,16332.5,13059.5,9804.5,5000.0,4000.0,3000.0,-7.625,0.5,-9.375,0.0,900.0,900.0,0.0,1.6859999999999251,1.1859999999999802,6530.0,0
2.586,16342.0,13067.0,9810.0,16337.5,13063.5,9807.5,5000.0,4000.0,3000.0,-7.625,0.5,-9.375,0.0,900.0,900.0,0.0,1.686999999999925,1.18699999999998,6532.0,0
2.587,16347.0,13071.0,9813.0,16342.5,13067.5,9810.5,5000.0,4000.0,3000.0,-7.625,0.5,-9.375,0.0,900.0,900.0,0.0,1.687999999999925,1.18799999999998,6534.0,0
2.588,16352.0,13075.0,9816.0,16347.5,13071.5,9813.5,5000.0,4000.0,3000.0,-7.625,0.5,-9.375,0.0,900.0,900.0,0.0,1.6889999999999248,1.1889999999999799,6536.0,0
2.589,16357.0,13080.0,9819.0,16352.5,13075.5,9816.5,5000.0,5000.0,3000.0,-7.625,0.5,-9.375,0.0,900.0,900.0,0.0,1.6899999999999247,1.1899999999999797,6538.0,0
2.59,16362.0,13084.0,9822.0,16357.5,13080.5,9819.5,5000.0,4000.0,3000.0,-6.375,0.5,-8.625,0.0,900.0,900.0,0.0,1.6909999999999246,1.1909999999999796,6540.0,0
2.591,16367.0,13088.0,9825.0,16362.5,13084.5,9822.5,5000.0,4000.0,3000.0,-6.375,0.5,-8.625,0.0,900.0,900.0,0.0,1.6919999999999245,1.1919999999999795,6542.0,0
2.592,16372.0,13092.0,9828.0,16367.5,13088.5,9825.5,5000.0,4000.0,3000.0,-6.375,0.5,-8.625,0.0,900.0,900.0,0.0,1.6929999999999243,1.1929999999999794,6544.0,0
2.593,16377.0,13096.0,9831.0,16372.5,13092.5,9828.5,5000.0,4000.0,3000.0,-6.375,0.5,-8.625,0.0,900.0,900.0,0.0,1.6939999999999242,1.1939999999999793,6546.0,0
2.594,16382.0,13100.0,9834.0,16377.5,13096.5,9831.5,5000.0,4000.0,3000.0,-6.375,0.5,-8.625,0.0,900.0,900.0,0.0,1.6949999999999241,1.1949999999999792,6548.0,0
2.595,16387.0,13104.0,9837.0,16382.5,13100.5,9834.5,5000.0,4000.0,3000.0,-6.375,0.5,-8.625,0.0,900.0,900.0,0.0,1.695999999999924,1.195999999999979,6550.0,0
2.596,16392.0,13108.0,9840.0,16387.5,13104.5,9837.5,5000.0,4000.0,3000.0,-6.375,0.5,-8.625,0.0,900.0,900.0,0.0,1.696999999999924,1.196999999999979,6552.0,0
2.597,16397.0,13112.0,9843.0,16392.5,13108.5,9840.5,5000.0,4000.0,3000.0,-6.375,0.5,-8.625,0.0,900.0,900.0,0.0,1.6979999999999238,1.1979999999999789,6554.0,0
2.598,16402.0,13116.0,9846.0,16397.5,13112.5,9843.5,5000.0,4000.0,3000.0,-6.375,0.5,-8.625,0.0,900.0,900.0,0.0,1.6989999999999237,1.1989999999999787,6556.0,0
2.599,16407.0,13120.0,9849.0,16402.5,13116.5,9846.5,5000.0,4000.0,3000.0,-6.375,0.5,-8.625,0.0,900.0,900.0,0.0,1.6999999999999236,1.1999999999999786,6558.0,0
2.6,16412.0,13125.0,9852.0,16407.5,13120.5,9849.5,5000.0,5000.0,3000.0,-6.375,0.5,-8.625,0.0,0.0,900.0,0.0,0.0,1.2009999999999785,6560.0,0
2.601,16417.0,13130.0,9855.0,16412.5,13125.5,9852.5,5000.0,5000.0,3000.0,-5.125,0.5,-7.875,0.0,0.0,900.0,0.0,0.0,1.2019999999999784,6562.0,0
2.602,16422.0,13134.0,9858.0,16417.5,13130.5,9855.5,5000.0,4000.0,3000.0,-3.875,0.5,-7.125,0.0,0.0,900.0,0.0,0.0,1.2029999999999783,6564.0,0
2.603,16427.0,13139.0,9861.0,16422.5,13134.5,9858.5,5000.0,5000.0,3000.0,-3.875,0.5,-7.125,0.0,0.0,900.0,0.0,0.0,1.2039999999999782,6566.0,0
2.604,16432.0,13144.0,9864.0,16427.5,13139.5,9861.5,5000.0,5000.0,3000.0,-2.625,0.5,-6.375,0.0,0.0,900.0,0.0,0.0,1.204999999999978,6568.0,0
2.605,16437.0,13149.0,9867.0,16432.5,13144.5,9864.5,5000.0,5000.0,3000.0,-1.375,0.5,-5.625,0.0,0.0,900.0,0.0,0.0,1.205999999999978,6570.0,0
2.606,16442.0,13154.0,9870.0,16437.5,13149.5,9867.5,5000.0,5000.0,3000.0,-0.125,0.5,-4.875,0.0,0.0,900.0,0.0,0.0,1.2069999999999779,6572.0,0
2.607,16447.0,13159.0,9873.0,16442.5,13154.5,9870.5,5000.0,5000.0,3000.0,0.5,0.0,-4.5,0.0,0.0,900.0,0.0,0.0,1.2079999999999778,6574.0,0
2.608,16452.0,13164.0,9876.0,16447.5,13159.5,9873.5,5000.0,5000.0,3000.0,0.5,-1.0,-4.5,0.0,0.0,900.0,0.0,0.0,1.2089999999999776,6576.0,0
2.609,16457.0,13169.0,9879.0,16452.5,13164.5,9876.5,5000.0,5000.0,3000.0,0.5,-2.0,-4.5,0.0,0.0,900.0,0.0,0.0,1.2099999999999775,6578.0,0
2.61,16462.0,13174.0,9882.0,16457.5,13169.5,9879.5,5000.0,5000.0,3000.0,0.5,-3.0,-4.5,0.0,0.0,900.0,0.0,0.0,1.2109999999999774,6580.0,0
2.611,16467.0,13179.0,9885.0,16462.5,13174.5,9882.5,5000.0,5000.0,3000.0,0.5,-4.0,-4.5,0.0,0.0,900.0,0.0,0.0,1.2119999999999773,6582.0,0
2.612,16472.0,13184.0,9888.0,16467.5,13179.5,9885.5,5000.0,5000.0,3000.0,0.5,-5.0,-4.5,0.0,0.0,900.0,0.0,0.0,1.2129999999999772,6584.0,0
2.613,16477.0,13189.0,9891.0,16472.5,13184.5,9888.5,5000.0,5000.0,3000.0,0.5,-6.0,-4.5,0.0,0.0,900.0,0.0,0.0,1.213999999999977,6586.0,0
2.614,16482.0,13194.0,9894.0,16477.5,13189.5,9891.5,5000.0,5000.0,3000.0,0.5,-7.0,-4.5,0.0,0.0,900.0,0.0,0.0,1.214999999999977,6588.0,0
2.615,16487.0,13198.0,9897.0,16482.5,13194.5,9894.5,5000.0,4000.0,3000.0,0.5,-8.0,-4.5,0.0,0.0,900.0,0.0,0.0,1.2159999999999769,6590.0,0
2.616,16492.0,13203.0,9900.0,16487.5,13198.5,9897.5,5000.0,5000.0,3000.0,0.5,-8.0,-4.5,0.0,0.0,900.0,0.0,0.0,1.2169999999999768,6592.0,0
2.617,16497.0,13208.0,9903.0,16492.5,13203.5,9900.5,5000.0,5000.0,3000.0,0.5,-9.0,-4.5,0.0,0.0,900.0,0.0,0.0,1.2179999999999767,6594.0,0
2.618,16502.0,13213.0,9906.0,16497.5,13208.5,9903.5,5000.0,5000.0,3000.0,0.5,-10.0,-4.5,0.0,0.0,900.0,0.0,0.0,1.2189999999999765,6596.0,0
2.619,16507.0,13218.0,9909.0,16502.5,13213.5,9906.5,5000.0,5000.0,3000.0,0.5,-11.0,-4.5,0.0,0.0,900.0,0.0,0.0,1.2199999999999764,6598.0,0
2.62,16513.0,13222.0,9912.0,16507.5,13218.5,9909.5,6000.0,4000.0,3000.0,0.5,-12.0,-4.5,0.0,0.0,900.0,0.0,0.0,1.2209999999999763,6601.0,0
2.621,16518.0,13226.0,9915.0,16513.5,13222.5,9912.5,5000.0,4000.0,3000.0,0.5,-11.200000000000728,-3.899999999999636,0.0,0.0,900.0,0.0,0.0,1.2219999999999762,6603.0,0
2.622,16523.0,13230.0,9918.0,16518.5,13226.5,9915.5,5000.0,4000.0,3000.0,0.5,-11.200000000000728,-3.899999999999636,0.0,0.0,900.0,0.0,0.0,1.222999999999976,6605.0,0
2.623,16528.0,13234.0,9921.0,16523.5,13230.5,9918.5,5000.0,4000.0,3000.0,0.5,-11.200000000000728,-3.899999999999636,0.0,0.0,900.0,0.0,0.0,1.223999999999976,6607.0,0
2.624,16533.0,13238.0,9924.0,16528.5,13234.5,9921.5,5000.0,4000.0,3000.0,0.5,-11.200000000000728,-3.899999999999636,0.0,0.0,900.0,0.0,0.0,1.2249999999999759,6609.0,0
2.625,16538.0,13242.0,9927.0,16533.5,13238.5,9924.5,5000.0,4000.0,3000.0,0.5,-11.200000000000728,-3.899999999999636,0.0,0.0,900.0,0.0,0.0,1.2259999999999758,6611.0,0
2.626,16543.0,13245.0,9930.0,16538.5,13242.5,9927.5,5000.0,3000.0,3000.0,0.5,-11.200000000000728,-3.899999999999636,0.0,0.0,900.0,0.0,0.0,1.2269999999999757,6613.0,0
2.6270000000000002,16548.0,13249.0,9933.0,16543.5,13245.5,9930.5,5000.0,4000.0,3000.0,0.5,-10.200000000000728,-3.899999999999636,0.0,0.0,900.0,0.0,0.0,1.2279999999999756,6615.0,0
2.628,16553.0,13253.0,9936.0,16548.5,13249.5,9933.5,5000.0,4000.0,3000.0,0.5,-10.200000000000728,-3.899999999999636,0.0,0.0,900.0,0.0,0.0,1.2289999999999754,6617.0,0
2.629,16558.0,13257.0,9939.0,16553.5,13253.5,9936.5,5000.0,4000.0,3000.0,0.5,-10.200000000000728,-3.899999999999636,0.0,0.0,900.0,0.0,0.0,1.2299999999999753,6619.0,0
2.63,16563.0,13261.0,9942.0,16558.5,13257.5,9939.5,5000.0,4000.0,3000.0,0.5,-10.200000000000728,-3.899999999999636,0.0,0.0,900.0,0.0,0.0,1.2309999999999752,6621.0,0
2.6310000000000002,16568.0,13265.0,9945.0,16563.5,13261.5,9942.5,5000.0,4000.0,3000.0,0.5,-10.200000000000728,-3.899999999999636,0.0,0.0,900.0,0.0,0.0,1.2319999999999751,6623.0,0
2.632,16573.0,13269.0,9948.0,16568.5,13265.5,9945.5,5000.0,4000.0,3000.0,0.5,-10.200000000000728,-3.899999999999636,0.0,0.0,900.0,0.0,0.0,1.232999999999975,6625.0,0
2.633,16578.0,13273.0,9951.0,16573.5,13269.5,9948.5,5000.0,4000.0,3000.0,0.5,-10.200000000000728,-3.899999999999636,0.0,0.0,900.0,0.0,0.0,1.233999999999975,6627.0,0
2.634,16583.0,13276.0,9954.0,16578.5,13273.5,9951.5,5000.0,3000.0,3000.0,0.5,-10.200000000000728,-3.899999999999636,0.0,0.0,900.0,0.0,0.0,1.2349999999999748,6629.0,0
2.6350000000000002,16588.0,13280.0,9957.0,16583.5,13276.5,9954.5,5000.0,4000.0,3000.0,0.5,-9.200000000000728,-3.899999999999636,0.0,0.0,900.0,0.0,0.0,1.2359999999999747,6631.0,0
2.636,16593.0,13285.0,9960.0,16588.5,13280.5,9957.5,5000.0,5000.0,3000.0,0.5,-9.200000000000728,-3.899999999999636,0.0,0.0,900.0,0.0,0.0,1.2369999999999746,6633.0,0
2.637,16598.0,13289.0,9963.0,16593.5,13285.5,9960.5,5000.0,4000.0,3000.0,0.5,-10.200000000000728,-3.899999999999636,0.0,0.0,900.0,0.0,0.0,1.2379999999999745,6635.0,0
2.638,16603.0,13293.0,9966.0,16598.5,13289.5,9963.5,5000.0,4000.0,3000.0,0.5,-10.200000000000728,-3.899999999999636,0.0,0.0,900.0,0.0,0.0,1.2389999999999743,6637.0,0
2.6390000000000002,16608.0,13296.0,9969.0,16603.5,13293.5,9966.5,5000.0,3000.0,3000.0,0.5,-10.200000000000728,-3.899999999999636,0.0,0.0,900.0,0.0,0.0,1.2399999999999742,6639.0,0
2.64,16613.0,13300.0,9972.0,16608.5,13296.5,9969.5,5000.0,4000.0,3000.0,0.5,-9.200000000000728,-3.899999999999636,0.0,0.0,900.0,0.0,0.0,1.2409999999999741,6641.0,0
2.641,16618.0,13304.0,9975.0,16613.5,13300.5,9972.5,5000.0,4000.0,3000.0,0.5,-9.200000000000728,-3.899999999999636,0.0,0.0,900.0,0.0,0.0,1.241999999999974,6643.0,0
2.642,16623.0,13309.0,9978.0,16618.5,13304.5,9975.5,5000.0,5000.0,3000.0,0.5,-9.200000000000728,-3.899999999999636,0.0,0.0,900.0,0.0,0.0,1.242999999999974,6645.0,0
2.6430000000000002,16628.0,13313.0,9981.0,16623.5,13309.5,9978.5,5000.0,4000.0,3000.0,0.5,-10.200000000000728,-3.899999999999636,0.0,0.0,900.0,0.0,0.0,1.2439999999999738,6647.0,0
2.644,16633.0,13317.0,9984.0,16628.5,13313.5,9981.5,5000.0,4000.0,3000.0,0.5,-10.200000000000728,-3.899999999999636,0.0,0.0,900.0,0.0,0.0,1.2449999999999737,6649.0,0
2.645,16638.0,13321.0,9987.0,16633.5,13317.5,9984.5,5000.0,4000.0,3000.0,0.5,-10.200000000000728,-3.899999999999636,0.0,0.0,900.0,0.0,0.0,1.2459999999999736,6651.0,0
2.646,16643.0,13324.0,9990.0,16638.5,13321.5,9987.5,5000.0,3000.0,3000.0,0.5,-10.200000000000728,-3.899999999999636,0.0,0.0,900.0,0.0,0.0,1.2469999999999735,6653.0,0
2.6470000000000002,16648.0,13328.0,9993.0,16643.5,13324.5,9990.5,5000.0,4000.0,3000.0,0.5,-9.200000000000728,-3.899999999999636,0.0,0.0,900.0,0.0,0.0,1.2479999999999734,6655.0,0
2.648,16653.0,13332.0,9996.0,16648.5,13328.5,9993.5,5000.0,4000.0,3000.0,0.5,-9.200000000000728,-3.899999999999636,0.0,0.0,900.0,0.0,0.0,1.2489999999999732,6657.0,0
2.649,16658.0,13337.0,9999.0,16653.5,13332.5,9996.5,5000.0,5000.0,3000.0,0.5,-9.200000000000728,-3.899999999999636,0.0,0.0,900.0,0.0,0.0,1.2499999999999731,6659.0,0
2.65,16663.0,13341.0,10002.0,16658.5,13337.5,9999.5,5000.0,4000.0,3000.0,0.5,-10.200000000000728,-3.899999999999636,0.0,0.0,900.0,0.0,0.0,1.250999999999973,6661.0,0
2.6510000000000002,16668.0,13345.0,10005.0,16663.5,13341.5,10002.5,5000.0,4000.0,3000.0,0.5,-10.200000000000728,-3.899999999999636,0.0,0.0,900.0,0.0,0.0,1.251999999999973,6663.0,0
2.652,16673.0,13348.0,10008.0,16668.5,13345.5,10005.5,5000.0,3000.0,3000.0,0.5,-10.200000000000728,-3.899999999999636,0.0,0.0,900.0,0.0,0.0,1.2529999999999728,6665.0,0
2.653,16678.0,13352.0,10011.0,16673.5,13348.5,10008.5,5000.0,4000.0,3000.0,0.5,-9.200000000000728,-3.899999999999636,0.0,0.0,900.0,0.0,0.0,1.2539999999999727,6667.0,0
2.654,16683.0,13357.0,10014.0,16678.5,13352.5,10011.5,5000.0,5000.0,3000.0,0.5,-9.200000000000728,-3.899999999999636,0.0,0.0,900.0,0.0,0.0,1.2549999999999726,6669.0,0
2.6550000000000002,16688.0,13360.0,10017.0,16683.5,13357.5,10014.5,5000.0,3000.0,3000.0,0.5,-10.200000000000728,-3.899999999999636,0.0,0.0,900.0,0.0,0.0,1.2559999999999725,6671.0,0
2.656,16693.0,13365.0,10020.0,16688.5,13360.5,10017.5,5000.0,5000.0,3000.0,0.5,-9.200000000000728,-3.899999999999636,0.0,0.0,900.0,0.0,0.0,1.2569999999999724,6673.0,0
2.657,16698.0,13368.0,10023.0,16693.5,13365.5,10020.5,5000.0,3000.0,3000.0,0.5,-10.200000000000728,-3.899999999999636,0.0,0.0,900.0,0.0,0.0,1.2579999999999723,6675.0,0
2.658,16703.0,13373.0,10026.0,16698.5,13368.5,10023.5,5000.0,5000.0,3000.0,0.5,-9.200000000000728,-3.899999999999636,0.0,0.0,900.0,0.0,0.0,1.2589999999999721,6677.0,0
2.6590000000000003,16708.0,13376.0,10029.0,16703.5,13373.5,10026.5,5000.0,3000.0,3000.0,0.5,-10.200000000000728,-3.899999999999636,0.0,0.0,900.0,0.0,0.0,1.259999999999972,6679.0,0
2.66,16713.0,13381.0,10032.0,16708.5,13376.5,10029.5,5000.0,5000.0,3000.0,0.5,-9.200000000000728,-3.899999999999636,0.0,0.0,900.0,0.0,0.0,1.260999999999972,6681.0,0
2.661,16718.0,13384.0,10035.0,16713.5,13381.5,10032.5,5000.0,3000.0,3000.0,0.5,-10.200000000000728,-3.899999999999636,0.0,0.0,900.0,0.0,0.0,1.2619999999999718,6683.0,0
2.662,16723.0,13389.0,10038.0,16718.5,13384.5,10035.5,5000.0,5000.0,3000.0,0.5,-9.200000000000728,-3.899999999999636,0.0,0.0,900.0,0.0,0.0,1.2629999999999717,6685.0,0
2.6630000000000003,16728.0,13393.0,10041.0,16723.5,13389.5,10038.5,5000.0,4000.0,3000.0,0.5,-10.200000000000728,-3.899999999999636,0.0,0.0,900.0,0.0,0.0,1.2639999999999716,6687.0,0
2.664,16733.0,13396.0,10044.0,16728.5,13393.5,10041.5,5000.0,3000.0,3000.0,0.5,-10.200000000000728,-3.899999999999636,0.0,0.0,900.0,0.0,0.0,1.2649999999999715,6689.0,0
2.665,16739.0,13400.0,10047.0,16733.5,13396.5,10044.5,6000.0,4000.0,3000.0,0.5,-9.200000000000728,-3.899999999999636,0.0,0.0,900.0,0.0,0.0,1.2659999999999714,6692.0,0
2.666,16744.0,13404.0,10050.0,16739.5,13400.5,10047.5,5000.0,4000.0,3000.0,0.5,-8.399999999999636,-3.2999999999992724,0.0,0.0,900.0,0.0,0.0,1.2669999999999713,6694.0,0
2.6670000000000003,16749.0,13409.0,10053.0,16744.5,13404.5,10050.5,5000.0,5000.0,3000.0,0.5,-8.399999999999636,-3.2999999999992724,0.0,0.0,900.0,0.0,0.0,1.2679999999999712,6696.0,0
2.668,16754.0,13413.0,10056.0,16749.5,13409.5,10053.5,5000.0,4000.0,3000.0,0.5,-9.399999999999636,-3.2999999999992724,0.0,0.0,900.0,0.0,0.0,1.268999999999971,6698.0,0
2.669,16759.0,13417.0,10059.0,16754.5,13413.5,10056.5,5000.0,4000.0,3000.0,0.5,-9.399999999999636,-3.2999999999992724,0.0,0.0,900.0,0.0,0.0,1.269999999999971,6700.0,0
2.67,16764.0,13422.0,10062.0,16759.5,13417.5,10059.5,5000.0,5000.0,3000.0,0.5,-9.399999999999636,-3.2999999999992724,0.0,0.0,900.0,0.0,0.0,1.2709999999999708,6702.0,0
2.6710000000000003,16769.0,13426.0,10065.0,16764.5,13422.5,10062.5,5000.0,4000.0,3000.0,0.5,-10.399999999999636,-3.2999999999992724,0.0,0.0,900.0,0.0,0.0,1.2719999999999707,6704.0,0
2.672,16774.0,13430.0,10068.0,16769.5,13426.5,10065.5,5000.0,4000.0,3000.0,0.5,-10.399999999999636,-3.2999999999992724,0.0,0.0,900.0,0.0,0.0,1.2729999999999706,6706.0,0
2.673,16779.0,13434.0,10071.0,16774.5,13430.5,10068.5,5000.0,4000.0,3000.0,0.5,-10.399999999999636,-3.2999999999992724,0.0,0.0,900.0,0.0,0.0,1.2739999999999705,6708.0,0
2.674,16784.0,13438.0,10074.0,16779.5,13434.5,10071.5,5000.0,4000.0,3000.0,0.5,-10.399999999999636,-3.2999999999992724,0.0,0.0,900.0,0.0,0.0,1.2749999999999704,6710.0,0
2.6750000000000003,16789.0,13441.0,10077.0,16784.5,13438.5,10074.5,5000.0,3000.0,3000.0,0.5,-10.399999999999636,-3.2999999999992724,0.0,0.0,900.0,0.0,0.0,1.2759999999999703,6712.0,0
2.676,16794.0,13445.0,10080.0,16789.5,13441.5,10077.5,5000.0,4000.0,3000.0,0.5,-9.399999999999636,-3.2999999999992724,0.0,0.0,900.0,0.0,0.0,1.2769999999999702,6714.0,0
2.677,16799.0,13449.0,10083.0,16794.5,13445.5,10080.5,5000.0,4000.0,3000.0,0.5,-9.399999999999636,-3.2999999999992724,0.0,0.0,900.0,0.0,0.0,1.27799999999997,6716.0,0
2.678,16804.0,13453.0,10086.0,16799.5,13449.5,10083.5,5000.0,4000.0,3000.0,0.5,-9.399999999999636,-3.2999999999992724,0.0,0.0,900.0,0.0,0.0,1.27899999999997,6718.0,0
2.6790000000000003,16809.0,13457.0,10089.0,16804.5,13453.5,10086.5,5000.0,4000.0,3000.0,0.5,-9.399999999999636,-3.2999999999992724,0.0,0.0,900.0,0.0,0.0,1.2799999999999698,6720.0,0
2.68,16814.0,13461.0,10092.0,16809.5,13457.5,10089.5,5000.0,4000.0,3000.0,0.5,-9.399999999999636,-3.2999999999992724,0.0,0.0,900.0,0.0,0.0,1.2809999999999697,6722.0,0
2.681,16819.0,13466.0,10095.0,16814.5,13461.5,10092.5,5000.0,5000.0,3000.0,0.5,-9.399999999999636,-3.2999999999992724,0.0,0.0,900.0,0.0,0.0,1.2819999999999696,6724.0,0
2.682,16824.0,13470.0,10098.0,16819.5,13466.5,10095.5,5000.0,4000.0,3000.0,0.5,-10.399999999999636,-3.2999999999992724,0.0,0.0,900.0,0.0,0.0,1.2829999999999695,6726.0,0
2.6830000000000003,16829.0,13474.0,10101.0,16824.5,13470.5,10098.5,5000.0,4000.0,3000.0,0.5,-10.399999999999636,-3.2999999999992724,0.0,0.0,900.0,0.0,0.0,1.2839999999999694,6728.0,0
2.684,16834.0,13478.0,10104.0,16829.5,13474.5,10101.5,5000.0,4000.0,3000.0,0.5,-10.399999999999636,-3.2999999999992724,0.0,0.0,900.0,0.0,0.0,1.2849999999999693,6730.0,0
2.685,16839.0,13481.0,10107.0,16834.5,13478.5,10104.5,5000.0,3000.0,3000.0,0.5,-10.399999999999636,-3.2999999999992724,0.0,0.0,900.0,0.0,0.0,1.2859999999999692,6732.0,0
2.686,16844.0,13485.0,10110.0,16839.5,13481.5,10107.5,5000.0,4000.0,3000.0,0.5,-9.399999999999636,-3.2999999999992724,0.0,0.0,900.0,0.0,0.0,1.286999999999969,6734.0,0
2.6870000000000003,16849.0,13489.0,10113.0,16844.5,13485.5,10110.5,5000.0,4000.0,3000.0,0.5,-9.399999999999636,-3.2999999999992724,0.0,0.0,900.0,0.0,0.0,1.287999999999969,6736.0,0
2.688,16854.0,13493.0,10116.0,16849.5,13489.5,10113.5,5000.0,4000.0,3000.0,0.5,-9.399999999999636,-3.2999999999992724,0.0,0.0,900.0,0.0,0.0,1.2889999999999688,6738.0,0
2.689,16859.0,13497.0,10119.0,16854.5,13493.5,10116.5,5000.0,4000.0,3000.0,0.5,-9.399999999999636,-3.2999999999992724,0.0,0.0,900.0,0.0,0.0,1.2899999999999687,6740.0,0
2.69,16864.0,13502.0,10122.0,16859.5,13497.5,10119.5,5000.0,5000.0,3000.0,0.5,-9.399999999999636,-3.2999999999992724,0.0,0.0,900.0,0.0,0.0,1.2909999999999686,6742.0,0
2.691,16869.0,13506.0,10125.0,16864.5,13502.5,10122.5,5000.0,4000.0,3000.0,0.5,-10.399999999999636,-3.2999999999992724,0.0,0.0,900.0,0.0,0.0,1.2919999999999685,6744.0,0
2.692,16874.0,13510.0,10128.0,16869.5,13506.5,10125.5,5000.0,4000.0,3000.0,0.5,-10.399999999999636,-3.2999999999992724,0.0,0.0,900.0,0.0,0.0,1.2929999999999684,6746.0,0
2.693,16879.0,13513.0,10131.0,16874.5,13510.5,10128.5,5000.0,3000.0,3000.0,0.5,-10.399999999999636,-3.2999999999992724,0.0,0.0,900.0,0.0,0.0,1.2939999999999683,6748.0,0
2.694,16884.0,13517.0,10134.0,16879.5,13513.5,10131.5,5000.0,4000.0,3000.0,0.5,-9.399999999999636,-3.2999999999992724,0.0,0.0,900.0,0.0,0.0,1.2949999999999682,6750.0,0
2.695,16889.0,13521.0,10137.0,16884.5,13517.5,10134.5,5000.0,4000.0,3000.0,0.5,-9.399999999999636,-3.2999999999992724,0.0,0.0,900.0,0.0,0.0,1.295999999999968,6752.0,0
2.696,16894.0,13526.0,10140.0,16889.5,13521.5,10137.5,5000.0,5000.0,3000.0,0.5,-9.399999999999636,-3.2999999999992724,0.0,0.0,900.0,0.0,0.0,1.296999999999968,6754.0,0
2.697,16899.0,13530.0,10143.0,16894.5,13526.5,10140.5,5000.0,4000.0,3000.0,0.5,-10.399999999999636,-3.2999999999992724,0.0,0.0,900.0,0.0,0.0,1.2979999999999678,6756.0,0
2.698,16904.0,13533.0,10146.0,16899.5,13530.5,10143.5,5000.0,3000.0,3000.0,0.5,-10.399999999999636,-3.2999999999992724,0.0,0.0,900.0,0.0,0.0,1.2989999999999677,6758.0,0
2.699,16909.0,13538.0,10149.0,16904.5,13533.5,10146.5,5000.0,5000.0,3000.0,0.5,-9.399999999999636,-3.2999999999992724,0.0,0.0,900.0,0.0,0.0,1.2999999999999676,6760.0,0
2.7,16914.0,13541.0,10152.0,16909.5,13538.5,10149.5,5000.0,3000.0,3000.0,0.5,-10.399999999999636,-3.2999999999992724,0.0,0.0,900.0,0.0,0.0,1.3009999999999675,6762.0,0
2.701,16919.0,13545.0,10155.0,16914.5,13541.5,10152.5,5000.0,4000.0,3000.0,0.5,-9.399999999999636,-3.2999999999992724,0.0,0.0,900.0,0.0,0.0,1.3019999999999674,6764.0,0
2.702,16924.0,13550.0,10158.0,16919.5,13545.5,10155.5,5000.0,5000.0,3000.0,0.5,-9.399999999999636,-3.2999999999992724,0.0,0.0,900.0,0.0,0.0,1.3029999999999673,6766.0,0
2.703,16929.0,13554.0,10161.0,16924.5,13550.5,10158.5,5000.0,4000.0,3000.0,0.5,-10.399999999999636,-3.2999999999992724,0.0,0.0,900.0,0.0,0.0,1.3039999999999672,6768.0,0
2.704,16934.0,13557.0,10164.0,16929.5,13554.5,10161.5,5000.0,3000.0,3000.0,0.5,-10.399999999999636,-3.2999999999992724,0.0,0.0,900.0,0.0,0.0,1.304999999999967,6770.0,0
2.705,16939.0,13561.0,10167.0,16934.5,13557.5,10164.5,5000.0,4000.0,3000.0,0.5,-9.399999999999636,-3.2999999999992724,0.0,0.0,900.0,0.0,0.0,1.305999999999967,6772.0,0
2.706,16944.0,13566.0,10170.0,16939.5,13561.5,10167.5,5000.0,5000.0,3000.0,0.5,-9.399999999999636,-3.2999999999992724,0.0,0.0,900.0,0.0,0.0,1.3069999999999669,6774.0,0
2.707,16949.0,13570.0,10173.0,16944.5,13566.5,10170.5,5000.0,4000.0,3000.0,0.5,-10.399999999999636,-3.2999999999992724,0.0,0.0,900.0,0.0,0.0,1.3079999999999667,6776.0,0
2.708,16954.0,13573.0,10176.0,16949.5,13570.5,10173.5,5000.0,3000.0,3000.0,0.5,-10.399999999999636,-3.2999999999992724,0.0,0.0,900.0,0.0,0.0,1.3089999999999666,6778.0,0
2.709,16959.0,13577.0,10179.0,16954.5,13573.5,10176.5,5000.0,4000.0,3000.0,0.5,-9.399999999999636,-3.2999999999992724,0.0,0.0,900.0,0.0,0.0,1.3099999999999665,6780.0,0
2.71,16965.0,13582.0,10182.0,16959.5,13577.5,10179.5,6000.0,5000.0,3000.0,0.5,-9.399999999999636,-3.2999999999992724,0.0,0.0,900.0,0.0,0.0,1.3109999999999664,6783.0,0
2.711,16970.0,13586.0,10185.0,16965.5,13582.5,10182.5,5000.0,4000.0,3000.0,0.5,-9.600000000000364,-2.7000000000007276,0.0,0.0,900.0,0.0,0.0,1.3119999999999663,6785.0,0
2.712,16975.0,13590.0,10188.0,16970.5,13586.5,10185.5,5000.0,4000.0,3000.0,0.5,-9.600000000000364,-2.7000000000007276,0.0,0.0,900.0,0.0,0.0,1.3129999999999662,6787.0,0
2.713,16980.0,13594.0,10191.0,16975.5,13590.5,10188.5,5000.0,4000.0,3000.0,0.5,-9.600000000000364,-2.7000000000007276,0.0,0.0,900.0,0.0,0.0,1.313999999999966,6789.0,0
2.714,16985.0,13598.0,10194.0,16980.5,13594.5,10191.5,5000.0,4000.0,3000.0,0.5,-9.600000000000364,-2.7000000000007276,0.0,0.0,900.0,0.0,0.0,1.314999999999966,6791.0,0
2.715,16990.0,13602.0,10197.0,16985.5,13598.5,10194.5,5000.0,4000.0,3000.0,0.5,-9.600000000000364,-2.7000000000007276,0.0,0.0,900.0,0.0,0.0,1.3159999999999659,6793.0,0
2.716,16995.0,13606.0,10200.0,16990.5,13602.5,10197.5,5000.0,4000.0,3000.0,0.5,-9.600000000000364,-2.7000000000007276,0.0,0.0,900.0,0.0,0.0,1.3169999999999658,6795.0,0
2.717,17000.0,13611.0,10203.0,16995.5,13606.5,10200.5,5000.0,5000.0,3000.0,0.5,-9.600000000000364,-2.7000000000007276,0.0,0.0,900.0,0.0,0.0,1.3179999999999656,6797.0,0
2.718,17005.0,13614.0,10206.0,17000.5,13611.5,10203.5,5000.0,3000.0,3000.0,0.5,-10.600000000000364,-2.7000000000007276,0.0,0.0,900.0,0.0,0.0,1.3189999999999655,6799.0,0
2.719,17010.0,13619.0,10209.0,17005.5,13614.5,10206.5,5000.0,5000.0,3000.0,0.5,-9.600000000000364,-2.7000000000007276,0.0,0.0,900.0,0.0,0.0,1.3199999999999654,6801.0,0
2.72,17015.0,13623.0,10212.0,17010.5,13619.5,10209.5,5000.0,4000.0,3000.0,0.5,-10.600000000000364,-2.7000000000007276,0.0,0.0,900.0,0.0,0.0,1.3209999999999653,6803.0,0
2.721,17020.0,13626.0,10215.0,17015.5,13623.5,10212.5,5000.0,3000.0,3000.0,0.5,-10.600000000000364,-2.7000000000007276,0.0,0.0,900.0,0.0,0.0,1.3219999999999652,6805.0,0
2.722,17025.0,13630.0,10218.0,17020.5,13626.5,10215.5,5000.0,4000.0,3000.0,0.5,-9.600000000000364,-2.7000000000007276,0.0,0.0,900.0,0.0,0.0,1.322999999999965,6807.0,0
2.723,17030.0,13634.0,10221.0,17025.5,13630.5,10218.5,5000.0,4000.0,3000.0,0.5,-9.600000000000364,-2.7000000000007276,0.0,0.0,900.0,0.0,0.0,1.323999999999965,6809.0,0
2.724,17035.0,13638.0,10224.0,17030.5,13634.5,10221.5,5000.0,4000.0,3000.0,0.5,-9.600000000000364,-2.7000000000007276,0.0,0.0,900.0,0.0,0.0,1.3249999999999649,6811.0,0
2.725,17040.0,13642.0,10227.0,17035.5,13638.5,10224.5,5000.0,4000.0,3000.0,0.5,-9.600000000000364,-2.7000000000007276,0.0,0.0,900.0,0.0,0.0,1.3259999999999648,6813.0,0
2.726,17045.0,13647.0,10230.0,17040.5,13642.5,10227.5,5000.0,5000.0,3000.0,0.5,-9.600000000000364,-2.7000000000007276,0.0,0.0,900.0,0.0,0.0,1.3269999999999647,6815.0,0
2.727,17050.0,13650.0,10233.0,17045.5,13647.5,10230.5,5000.0,3000.0,3000.0,0.5,-10.600000000000364,-2.7000000000007276,0.0,0.0,900.0,0.0,0.0,1.3279999999999645,6817.0,0
2.728,17055.0,13655.0,10236.0,17050.5,13650.5,10233.5,5000.0,5000.0,3000.0,0.5,-9.600000000000364,-2.7000000000007276,0.0,0.0,900.0,0.0,0.0,1.3289999999999644,6819.0,0
2.729,17060.0,13658.0,10239.0,17055.5,13655.5,10236.5,5000.0,3000.0,3000.0,0.5,-10.600000000000364,-2.7000000000007276,0.0,0.0,900.0,0.0,0.0,1.3299999999999643,6821.0,0
2.73,17065.0,13663.0,10242.0,17060.5,13658.5,10239.5,5000.0,5000.0,3000.0,0.5,-9.600000000000364,-2.7000000000007276,0.0,0.0,900.0,0.0,0.0,1.3309999999999642,6823.0,0
2.731,17070.0,13666.0,10245.0,17065.5,13663.5,10242.5,5000.0,3000.0,3000.0,0.5,-10.600000000000364,-2.7000000000007276,0.0,0.0,900.0,0.0,0.0,1.331999999999964,6825.0,0
2.732,17075.0,13670.0,10248.0,17070.5,13666.5,10245.5,5000.0,4000.0,3000.0,0.5,-9.600000000000364,-2.7000000000007276,0.0,0.0,900.0,0.0,0.0,1.332999999999964,6827.0,0
2.733,17080.0,13674.0,10251.0,17075.5,13670.5,10248.5,5000.0,4000.0,3000.0,0.5,-9.600000000000364,-2.7000000000007276,0.0,0.0,900.0,0.0,0.0,1.3339999999999639,6829.0,0
2.734,17085.0,13679.0,10254.0,17080.5,13674.5,10251.5,5000.0,5000.0,3000.0,0.5,-9.600000000000364,-2.7000000000007276,0.0,0.0,900.0,0.0,0.0,1.3349999999999638,6831.0,0
2.735,17090.0,13682.0,10257.0,17085.5,13679.5,10254.5,5000.0,3000.0,3000.0,0.5,-10.600000000000364,-2.7000000000007276,0.0,0.0,900.0,0.0,0.0,1.3359999999999637,6833.0,0
2.736,17095.0,13686.0,10260.0,17090.5,13682.5,10257.5,5000.0,4000.0,3000.0,0.5,-9.600000000000364,-2.7000000000007276,0.0,0.0,900.0,0.0,0.0,1.3369999999999636,6835.0,0
2.737,17100.0,13690.0,10263.0,17095.5,13686.5,10260.5,5000.0,4000.0,3000.0,0.5,-9.600000000000364,-2.7000000000007276,0.0,0.0,900.0,0.0,0.0,1.3379999999999634,6837.0,0
2.738,17105.0,13695.0,10266.0,17100.5,13690.5,10263.5,5000.0,5000.0,3000.0,0.5,-9.600000000000364,-2.7000000000007276,0.0,0.0,900.0,0.0,0.0,1.3389999999999633,6839.0,0
2.739,17110.0,13698.0,10269.0,17105.5,13695.5,10266.5,5000.0,3000.0,3000.0,0.5,-10.600000000000364,-2.7000000000007276,0.0,0.0,900.0,0.0,0.0,1.3399999999999632,6841.0,0
2.74,17115.0,13702.0,10272.0,17110.5,13698.5,10269.5,5000.0,4000.0,3000.0,0.5,-9.600000000000364,-2.7000000000007276,0.0,0.0,900.0,0.0,0.0,1.340999999999963,6843.0,0
2.741,17120.0,13706.0,10275.0,17115.5,13702.5,10272.5,5000.0,4000.0,3000.0,0.5,-9.600000000000364,-2.7000000000007276,0.0,0.0,900.0,0.0,0.0,1.341999999999963,6845.0,0
2.742,17125.0,13710.0,10278.0,17120.5,13706.5,10275.5,5000.0,4000.0,3000.0,0.5,-9.600000000000364,-2.7000000000007276,0.0,0.0,900.0,0.0,0.0,1.342999999999963,6847.0,0
2.743,17130.0,13714.0,10281.0,17125.5,13710.5,10278.5,5000.0,4000.0,3000.0,0.5,-9.600000000000364,-2.7000000000007276,0.0,0.0,900.0,0.0,0.0,1.3439999999999628,6849.0,0
2.744,17135.0,13718.0,10284.0,17130.5,13714.5,10281.5,5000.0,4000.0,3000.0,0.5,-9.600000000000364,-2.7000000000007276,0.0,0.0,900.0,0.0,0.0,1.3449999999999627,6851.0,0
2.745,17140.0,13722.0,10287.0,17135.5,13718.5,10284.5,5000.0,4000.0,3000.0,0.5,-9.600000000000364,-2.7000000000007276,0.0,0.0,900.0,0.0,0.0,1.3459999999999626,6853.0,0
2.746,17145.0,13726.0,10290.0,17140.5,13722.5,10287.5,5000.0,4000.0,3000.0,0.5,-9.600000000000364,-2.7000000000007276,0.0,0.0,900.0,0.0,0.0,1.3469999999999624,6855.0,0
2.747,17150.0,13731.0,10293.0,17145.5,13726.5,10290.5,5000.0,5000.0,3000.0,0.5,-9.600000000000364,-2.7000000000007276,0.0,0.0,900.0,0.0,0.0,1.3479999999999623,6857.0,0
2.748,17155.0,13734.0,10296.0,17150.5,13731.5,10293.5,5000.0,3000.0,3000.0,0.5,-10.600000000000364,-2.7000000000007276,0.0,0.0,900.0,0.0,0.0,1.3489999999999622,6859.0,0
2.749,17160.0,13738.0,10299.0,17155.5,13734.5,10296.5,5000.0,4000.0,3000.0,0.5,-9.600000000000364,-2.7000000000007276,0.0,0.0,900.0,0.0,0.0,1.3499999999999621,6861.0,0
2.75,17165.0,13742.0,10302.0,17160.5,13738.5,10299.5,5000.0,4000.0,3000.0,0.5,-9.600000000000364,-2.7000000000007276,0.0,0.0,900.0,0.0,0.0,1.350999999999962,6863.0,0
2.751,17170.0,13746.0,10305.0,17165.5,13742.5,10302.5,5000.0,4000.0,3000.0,0.5,-9.600000000000364,-2.7000000000007276,0.0,0.0,900.0,0.0,0.0,1.351999999999962,6865.0,0
2.7520000000000002,17175.0,13750.0,10308.0,17170.5,13746.5,10305.5,5000.0,4000.0,3000.0,0.5,-9.600000000000364,-2.7000000000007276,0.0,0.0,900.0,0.0,0.0,1.3529999999999618,6867.0,0
2.753,17180.0,13754.0,10311.0,17175.5,13750.5,10308.5,5000.0,4000.0,3000.0,0.5,-9.600000000000364,-2.7000000000007276,0.0,0.0,900.0,0.0,0.0,1.3539999999999617,6869.0,0
2.754,17185.0,13758.0,10314.0,17180.5,13754.5,10311.5,5000.0,4000.0,3000.0,0.5,-9.600000000000364,-2.7000000000007276,0.0,0.0,900.0,0.0,0.0,1.3549999999999616,6871.0,0
2.755,17191.0,13762.0,10317.0,17185.5,13758.5,10314.5,6000.0,4000.0,3000.0,0.5,-9.600000000000364,-2.7000000000007276,0.0,0.0,900.0,0.0,0.0,1.3559999999999615,6874.0,0
2.7560000000000002,17196.0,13766.0,10320.0,17191.5,13762.5,10317.5,5000.0,4000.0,3000.0,0.5,-8.799999999999272,-2.100000000000364,0.0,0.0,900.0,0.0,0.0,1.3569999999999613,6876.0,0
2.757,17201.0,13770.0,10323.0,17196.5,13766.5,10320.5,5000.0,4000.0,3000.0,0.5,-8.799999999999272,-2.100000000000364,0.0,0.0,900.0,0.0,0.0,1.3579999999999612,6878.0,0
2.758,17206.0,13774.0,10326.0,17201.5,13770.5,10323.5,5000.0,4000.0,3000.0,0.5,-8.799999999999272,-2.100000000000364,0.0,0.0,900.0,0.0,0.0,1.3589999999999611,6880.0,0
2.759,17211.0,13778.0,10329.0,17206.5,13774.5,10326.5,5000.0,4000.0,3000.0,0.5,-8.799999999999272,-2.100000000000364,0.0,0.0,900.0,0.0,0.0,1.359999999999961,6882.0,0
2.7600000000000002,17216.0,13782.0,10332.0,17211.5,13778.5,10329.5,5000.0,4000.0,3000.0,0.5,-8.799999999999272,-2.100000000000364,0.0,0.0,900.0,0.0,0.0,1.360999999999961,6884.0,0
2.761,17221.0,13786.0,10335.0,17216.5,13782.5,10332.5,5000.0,4000.0,3000.0,0.5,-8.799999999999272,-2.100000000000364,0.0,0.0,900.0,0.0,0.0,1.3619999999999608,6886.0,0
2.762,17226.0,13790.0,10338.0,17221.5,13786.5,10335.5,5000.0,4000.0,3000.0,0.5,-8.799999999999272,-2.100000000000364,0.0,0.0,900.0,0.0,0.0,1.3629999999999607,6888.0,0
2.763,17231.0,13794.0,10341.0,17226.5,13790.5,10338.5,5000.0,4000.0,3000.0,0.5,-8.799999999999272,-2.100000000000364,0.0,0.0,900.0,0.0,0.0,1.3639999999999606,6890.0,0
2.7640000000000002,17236.0,13798.0,10344.0,17231.5,13794.5,10341.5,5000.0,4000.0,3000.0,0.5,-8.799999999999272,-2.100000000000364,0.0,0.0,900.0,0.0,0.0,1.3649999999999605,6892.0,0
2.765,17241.0,13802.0,10347.0,17236.5,13798.5,10344.5,5000.0,4000.0,3000.0,0.5,-8.799999999999272,-2.100000000000364,0.0,0.0,900.0,0.0,0.0,1.3659999999999604,6894.0,0
2.766,17246.0,13806.0,10350.0,17241.5,13802.5,10347.5,5000.0,4000.0,3000.0,0.5,-8.799999999999272,-2.100000000000364,0.0,0.0,900.0,0.0,0.0,1.3669999999999602,6896.0,0
2.767,17251.0,13810.0,10353.0,17246.5,13806.5,10350.5,5000.0,4000.0,3000.0,0.5,-8.799999999999272,-2.100000000000364,0.0,0.0,900.0,0.0,0.0,1.3679999999999601,6898.0,0
2.7680000000000002,17256.0,13814.0,10356.0,17251.5,13810.5,10353.5,5000.0,4000.0,3000.0,0.5,-8.799999999999272,-2.100000000000364,0.0,0.0,900.0,0.0,0.0,1.36899999999996,6900.0,0
2.769,17261.0,13818.0,10359.0,17256.5,13814.5,10356.5,5000.0,4000.0,3000.0,0.5,-8.799999999999272,-2.100000000000364,0.0,0.0,900.0,0.0,0.0,1.36999999999996,6902.0,0
2.77,17266.0,13822.0,10362.0,17261.5,13818.5,10359.5,5000.0,4000.0,3000.0,0.5,-8.799999999999272,-2.100000000000364,0.0,0.0,900.0,0.0,0.0,1.3709999999999598,6904.0,0
2.771,17271.0,13826.0,10365.0,17266.5,13822.5,10362.5,5000.0,4000.0,3000.0,0.5,-8.799999999999272,-2.100000000000364,0.0,0.0,900.0,0.0,0.0,1.3719999999999597,6906.0,0
2.7720000000000002,17276.0,13830.0,10368.0,17271.5,13826.5,10365.5,5000.0,4000.0,3000.0,0.5,-8.799999999999272,-2.100000000000364,0.0,0.0,900.0,0.0,0.0,1.3729999999999596,6908.0,0
2.773,17281.0,13834.0,10371.0,17276.5,13830.5,10368.5,5000.0,4000.0,3000.0,0.5,-8.799999999999272,-2.100000000000364,0.0,0.0,900.0,0.0,0.0,1.3739999999999595,6910.0,0
2.774,17286.0,13838.0,10374.0,17281.5,13834.5,10371.5,5000.0,4000.0,3000.0,0.5,-8.799999999999272,-2.100000000000364,0.0,0.0,900.0,0.0,0.0,1.3749999999999594,6912.0,0
2.775,17291.0,13842.0,10377.0,17286.5,13838.5,10374.5,5000.0,4000.0,3000.0,0.5,-8.799999999999272,-2.100000000000364,0.0,0.0,900.0,0.0,0.0,1.3759999999999593,6914.0,0
2.7760000000000002,17296.0,13846.0,10380.0,17291.5,13842.5,10377.5,5000.0,4000.0,3000.0,0.5,-8.799999999999272,-2.100000000000364,0.0,0.0,900.0,0.0,0.0,1.3769999999999591,6916.0,0
2.777,17301.0,13850.0,10383.0,17296.5,13846.5,10380.5,5000.0,4000.0,3000.0,0.5,-8.799999999999272,-2.100000000000364,0.0,0.0,900.0,0.0,0.0,1.377999999999959,6918.0,0
2.778,17306.0,13854.0,10386.0,17301.5,13850.5,10383.5,5000.0,4000.0,3000.0,0.5,-8.799999999999272,-2.100000000000364,0.0,0.0,900.0,0.0,0.0,1.378999999999959,6920.0,0
2.779,17311.0,13858.0,10389.0,17306.5,13854.5,10386.5,5000.0,4000.0,3000.0,0.5,-8.799999999999272,-2.100000000000364,0.0,0.0,900.0,0.0,0.0,1.3799999999999588,6922.0,0
2.7800000000000002,17316.0,13863.0,10392.0,17311.5,13858.5,10389.5,5000.0,5000.0,3000.0,0.5,-8.799999999999272,-2.100000000000364,0.0,0.0,900.0,0.0,0.0,1.3809999999999587,6924.0,0
2.781,17321.0,13867.0,10395.0,17316.5,13863.5,10392.5,5000.0,4000.0,3000.0,0.5,-9.799999999999272,-2.100000000000364,0.0,0.0,900.0,0.0,0.0,1.3819999999999586,6926.0,0
2.782,17326.0,13871.0,10398.0,17321.5,13867.5,10395.5,5000.0,4000.0,3000.0,0.5,-9.799999999999272,-2.100000000000364,0.0,0.0,900.0,0.0,0.0,1.3829999999999585,6928.0,0
2.783,17331.0,13875.0,10401.0,17326.5,13871.5,10398.5,5000.0,4000.0,3000.0,0.5,-9.799999999999272,-2.100000000000364,0.0,0.0,900.0,0.0,0.0,1.3839999999999584,6930.0,0
2.7840000000000003,17336.0,13879.0,10404.0,17331.5,13875.5,10401.5,5000.0,4000.0,3000.0,0.5,-9.799999999999272,-2.100000000000364,0.0,0.0,900.0,0.0,0.0,1.3849999999999583,6932.0,0
2.785,17341.0,13883.0,10407.0,17336.5,13879.5,10404.5,5000.0,4000.0,3000.0,0.5,-9.799999999999272,-2.100000000000364,0.0,0.0,900.0,0.0,0.0,1.3859999999999582,6934.0,0
2.786,17346.0,13887.0,10410.0,17341.5,13883.5,10407.5,5000.0,4000.0,3000.0,0.5,-9.799999999999272,-2.100000000000364,0.0,0.0,900.0,0.0,0.0,1.386999999999958,6936.0,0
2.787,17351.0,13891.0,10414.0,17346.5,13887.5,10410.5,5000.0,4000.0,4000.0,0.5,-9.799999999999272,-2.100000000000364,0.0,0.0,900.0,0.0,0.0,1.387999999999958,6937.0,0
2.7880000000000003,17356.0,13895.0,10417.0,17351.5,13891.5,10414.5,5000.0,4000.0,3000.0,0.5,-9.799999999999272,-3.100000000000364,0.0,0.0,900.0,0.0,0.0,1.3889999999999578,6939.0,0
2.789,17361.0,13899.0,10420.0,17356.5,13895.5,10417.5,5000.0,4000.0,3000.0,0.5,-9.799999999999272,-3.100000000000364,0.0,0.0,900.0,0.0,0.0,1.3899999999999577,6941.0,0
2.79,17366.0,13903.0,10423.0,17361.5,13899.5,10420.5,5000.0,4000.0,3000.0,0.5,-9.799999999999272,-3.100000000000364,0.0,0.0,900.0,0.0,0.0,1.3909999999999576,6943.0,0
2.791,17371.0,13907.0,10426.0,17366.5,13903.5,10423.5,5000.0,4000.0,3000.0,0.5,-9.799999999999272,-3.100000000000364,0.0,0.0,900.0,0.0,0.0,1.3919999999999575,6945.0,0
2.7920000000000003,17376.0,13911.0,10429.0,17371.5,13907.5,10426.5,5000.0,4000.0,3000.0,0.5,-9.799999999999272,-3.100000000000364,0.0,0.0,900.0,0.0,0.0,1.3929999999999574,6947.0,0
2.793,17381.0,13915.0,10432.0,17376.5,13911.5,10429.5,5000.0,4000.0,3000.0,0.5,-9.799999999999272,-3.100000000000364,0.0,0.0,900.0,0.0,0.0,1.3939999999999573,6949.0,0
2.794,17386.0,13919.0,10435.0,17381.5,13915.5,10432.5,5000.0,4000.0,3000.0,0.5,-9.799999999999272,-3.100000000000364,0.0,0.0,900.0,0.0,0.0,1.3949999999999572,6951.0,0
2.795,17391.0,13923.0,10438.0,17386.5,13919.5,10435.5,5000.0,4000.0,3000.0,0.5,-9.799999999999272,-3.100000000000364,0.0,0.0,900.0,0.0,0.0,1.395999999999957,6953.0,0
2.7960000000000003,17396.0,13927.0,10441.0,17391.5,13923.5,10438.5,5000.0,4000.0,3000.0,0.5,-9.799999999999272,-3.100000000000364,0.0,0.0,900.0,0.0,0.0,1.396999999999957,6955.0,0
2.797,17401.0,13931.0,10444.0,17396.5,13927.5,10441.5,5000.0,4000.0,3000.0,0.5,-9.799999999999272,-3.100000000000364,0.0,0.0,900.0,0.0,0.0,1.3979999999999568,6957.0,0
2.798,17406.0,13935.0,10447.0,17401.5,13931.5,10444.5,5000.0,4000.0,3000.0,0.5,-9.799999999999272,-3.100000000000364,0.0,0.0,900.0,0.0,0.0,1.3989999999999567,6959.0,0
2.799,17411.0,13939.0,10450.0,17406.5,13935.5,10447.5,5000.0,4000.0,3000.0,0.5,-9.799999999999272,-3.100000000000364,0.0,0.0,900.0,0.0,0.0,1.3999999999999566,6961.0,0
2.8000000000000003,17416.0,13943.0,10453.0,17411.5,13939.5,10450.5,5000.0,4000.0,3000.0,0.5,-9.799999999999272,-3.100000000000364,0.0,0.0,900.0,0.0,0.0,1.4009999999999565,6963.0,0
2.801,17422.0,13947.0,10456.0,17416.5,13943.5,10453.5,6000.0,4000.0,3000.0,0.5,-9.799999999999272,-3.100000000000364,0.0,0.0,900.0,0.0,0.0,1.4019999999999564,6966.0,0
2.802,17427.0,13951.0,10459.0,17422.5,13947.5,10456.5,5000.0,4000.0,3000.0,0.5,-9.0,-2.5,0.0,0.0,900.0,0.0,0.0,1.4029999999999563,6968.0,0
2.803,17432.0,13955.0,10462.0,17427.5,13951.5,10459.5,5000.0,4000.0,3000.0,0.5,-9.0,-2.5,0.0,0.0,900.0,0.0,0.0,1.4039999999999562,6970.0,0
2.8040000000000003,17437.0,13959.0,10465.0,17432.5,13955.5,10462.5,5000.0,4000.0,3000.0,0.5,-9.0,-2.5,0.0,0.0,900.0,0.0,0.0,1.404999999999956,6972.0,0
2.805,17442.0,13963.0,10468.0,17437.5,13959.5,10465.5,5000.0,4000.0,3000.0,0.5,-9.0,-2.5,0.0,0.0,900.0,0.0,0.0,1.405999999999956,6974.0,0
2.806,17447.0,13967.0,10471.0,17442.5,13963.5,10468.5,5000.0,4000.0,3000.0,0.5,-9.0,-2.5,0.0,0.0,900.0,0.0,0.0,1.4069999999999558,6976.0,0
2.807,17452.0,13971.0,10474.0,17447.5,13967.5,10471.5,5000.0,4000.0,3000.0,0.5,-9.0,-2.5,0.0,0.0,900.0,0.0,0.0,1.4079999999999557,6978.0,0
2.8080000000000003,17457.0,13975.0,10477.0,17452.5,13971.5,10474.5,5000.0,4000.0,3000.0,0.5,-9.0,-2.5,0.0,0.0,900.0,0.0,0.0,1.4089999999999556,6980.0,0
2.809,17462.0,13979.0,10480.0,17457.5,13975.5,10477.5,5000.0,4000.0,3000.0,0.5,-9.0,-2.5,0.0,0.0,900.0,0.0,0.0,1.4099999999999555,6982.0,0
2.81,17467.0,13983.0,10483.0,17462.5,13979.5,10480.5,5000.0,4000.0,3000.0,0.5,-9.0,-2.5,0.0,0.0,900.0,0.0,0.0,1.4109999999999554,6984.0,0
2.811,17472.0,13987.0,10486.0,17467.5,13983.5,10483.5,5000.0,4000.0,3000.0,0.5,-9.0,-2.5,0.0,0.0,900.0,0.0,0.0,1.4119999999999553,6986.0,0
2.8120000000000003,17477.0,13991.0,10489.0,17472.5,13987.5,10486.5,5000.0,4000.0,3000.0,0.5,-9.0,-2.5,0.0,0.0,900.0,0.0,0.0,1.4129999999999552,6988.0,0
2.813,17482.0,13995.0,10492.0,17477.5,13991.5,10489.5,5000.0,4000.0,3000.0,0.5,-9.0,-2.5,0.0,0.0,900.0,0.0,0.0,1.413999999999955,6990.0,0
2.814,17487.0,13999.0,10495.0,17482.5,13995.5,10492.5,5000.0,4000.0,3000.0,0.5,-9.0,-2.5,0.0,0.0,900.0,0.0,0.0,1.414999999999955,6992.0,0
2.815,17492.0,14003.0,10498.0,17487.5,13999.5,10495.5,5000.0,4000.0,3000.0,0.5,-9.0,-2.5,0.0,0.0,900.0,0.0,0.0,1.4159999999999549,6994.0,0
2.816,17497.0,14007.0,10501.0,17492.5,14003.5,10498.5,5000.0,4000.0,3000.0,0.5,-9.0,-2.5,0.0,0.0,900.0,0.0,0.0,1.4169999999999547,6996.0,0
2.817,17502.0,14011.0,10504.0,17497.5,14007.5,10501.5,5000.0,4000.0,3000.0,0.5,-9.0,-2.5,0.0,0.0,900.0,0.0,0.0,1.4179999999999546,6998.0,0
2.818,17507.0,14015.0,10507.0,17502.5,14011.5,10504.5,5000.0,4000.0,3000.0,0.5,-9.0,-2.5,0.0,0.0,900.0,0.0,0.0,1.4189999999999545,7000.0,0
2.819,17512.0,14019.0,10510.0,17507.5,14015.5,10507.5,5000.0,4000.0,3000.0,0.5,-9.0,-2.5,0.0,0.0,900.0,0.0,0.0,1.4199999999999544,7002.0,0
2.82,17517.0,14023.0,10513.0,17512.5,14019.5,10510.5,5000.0,4000.0,3000.0,0.5,-9.0,-2.5,0.0,0.0,900.0,0.0,0.0,1.4209999999999543,7004.0,0
2.821,17522.0,14027.0,10516.0,17517.5,14023.5,10513.5,5000.0,4000.0,3000.0,0.5,-9.0,-2.5,0.0,0.0,900.0,0.0,0.0,1.4219999999999542,7006.0,0
2.822,17527.0,14031.0,10519.0,17522.5,14027.5,10516.5,5000.0,4000.0,3000.0,0.5,-9.0,-2.5,0.0,0.0,900.0,0.0,0.0,1.422999999999954,7008.0,0
2.823,17532.0,14035.0,10522.0,17527.5,14031.5,10519.5,5000.0,4000.0,3000.0,0.5,-9.0,-2.5,0.0,0.0,900.0,0.0,0.0,1.423999999999954,7010.0,0
2.824,17537.0,14039.0,10525.0,17532.5,14035.5,10522.5,5000.0,4000.0,3000.0,0.5,-9.0,-2.5,0.0,0.0,900.0,0.0,0.0,1.4249999999999539,7012.0,0
2.825,17542.0,14043.0,10528.0,17537.5,14039.5,10525.5,5000.0,4000.0,3000.0,0.5,-9.0,-2.5,0.0,0.0,900.0,0.0,0.0,1.4259999999999537,7014.0,0
2.826,17547.0,14047.0,10531.0,17542.5,14043.5,10528.5,5000.0,4000.0,3000.0,0.5,-9.0,-2.5,0.0,0.0,900.0,0.0,0.0,1.4269999999999536,7016.0,0
2.827,17552.0,14051.0,10534.0,17547.5,14047.5,10531.5,5000.0,4000.0,3000.0,0.5,-9.0,-2.5,0.0,0.0,900.0,0.0,0.0,1.4279999999999535,7018.0,0
2.828,17557.0,14055.0,10537.0,17552.5,14051.5,10534.5,5000.0,4000.0,3000.0,0.5,-9.0,-2.5,0.0,0.0,900.0,0.0,0.0,1.4289999999999534,7020.0,0
2.829,17562.0,14059.0,10540.0,17557.5,14055.5,10537.5,5000.0,4000.0,3000.0,0.5,-9.0,-2.5,0.0,0.0,900.0,0.0,0.0,1.4299999999999533,7022.0,0
2.83,17567.0,14063.0,10543.0,17562.5,14059.5,10540.5,5000.0,4000.0,3000.0,0.5,-9.0,-2.5,0.0,0.0,900.0,0.0,0.0,1.4309999999999532,7024.0,0
2.831,17572.0,14067.0,10546.0,17567.5,14063.5,10543.5,5000.0,4000.0,3000.0,0.5,-9.0,-2.5,0.0,0.0,900.0,0.0,0.0,1.431999999999953,7026.0,0
2.832,17577.0,14071.0,10549.0,17572.5,14067.5,10546.5,5000.0,4000.0,3000.0,0.5,-9.0,-2.5,0.0,0.0,900.0,0.0,0.0,1.432999999999953,7028.0,0
2.833,17582.0,14075.0,10552.0,17577.5,14071.5,10549.5,5000.0,4000.0,3000.0,0.5,-9.0,-2.5,0.0,0.0,900.0,0.0,0.0,1.4339999999999529,7030.0,0
2.834,17587.0,14079.0,10555.0,17582.5,14075.5,10552.5,5000.0,4000.0,3000.0,0.5,-9.0,-2.5,0.0,0.0,900.0,0.0,0.0,1.4349999999999528,7032.0,0
2.835,17592.0,14083.0,10558.0,17587.5,14079.5,10555.5,5000.0,4000.0,3000.0,0.5,-9.0,-2.5,0.0,0.0,900.0,0.0,0.0,1.4359999999999526,7034.0,0
2.836,17597.0,14087.0,10561.0,17592.5,14083.5,10558.5,5000.0,4000.0,3000.0,0.5,-9.0,-2.5,0.0,0.0,900.0,0.0,0.0,1.4369999999999525,7036.0,0
2.837,17602.0,14091.0,10564.0,17597.5,14087.5,10561.5,5000.0,4000.0,3000.0,0.5,-9.0,-2.5,0.0,0.0,900.0,0.0,0.0,1.4379999999999524,7038.0,0
2.838,17607.0,14095.0,10567.0,17602.5,14091.5,10564.5,5000.0,4000.0,3000.0,0.5,-9.0,-2.5,0.0,0.0,900.0,0.0,0.0,1.4389999999999523,7040.0,0
2.839,17612.0,14099.0,10570.0,17607.5,14095.5,10567.5,5000.0,4000.0,3000.0,0.5,-9.0,-2.5,0.0,0.0,900.0,0.0,0.0,1.4399999999999522,7042.0,0
2.84,17617.0,14103.0,10573.0,17612.5,14099.5,10570.5,5000.0,4000.0,3000.0,0.5,-9.0,-2.5,0.0,0.0,900.0,0.0,0.0,1.440999999999952,7044.0,0
2.841,17622.0,14107.0,10576.0,17617.5,14103.5,10573.5,5000.0,4000.0,3000.0,0.5,-9.0,-2.5,0.0,0.0,900.0,0.0,0.0,1.441999999999952,7046.0,0
2.842,17627.0,14111.0,10579.0,17622.5,14107.5,10576.5,5000.0,4000.0,3000.0,0.5,-9.0,-2.5,0.0,0.0,900.0,0.0,0.0,1.4429999999999519,7048.0,0
2.843,17632.0,14115.0,10582.0,17627.5,14111.5,10579.5,5000.0,4000.0,3000.0,0.5,-9.0,-2.5,0.0,0.0,900.0,0.0,0.0,1.4439999999999518,7050.0,0
2.844,17637.0,14119.0,10585.0,17632.5,14115.5,10582.5,5000.0,4000.0,3000.0,0.5,-9.0,-2.5,0.0,0.0,900.0,0.0,0.0,1.4449999999999517,7052.0,0
2.845,17642.0,14123.0,10588.0,17637.5,14119.5,10585.5,5000.0,4000.0,3000.0,0.5,-9.0,-2.5,0.0,0.0,900.0,0.0,0.0,1.4459999999999515,7054.0,0
2.846,17648.0,14127.0,10591.0,17642.5,14123.5,10588.5,6000.0,4000.0,3000.0,0.5,-9.0,-2.5,0.0,0.0,900.0,0.0,0.0,1.4469999999999514,7057.0,0
2.847,17653.0,14131.0,10594.0,17648.5,14127.5,10591.5,5000.0,4000.0,3000.0,0.5,-8.200000000000728,-1.8999999999996362,0.0,0.0,900.0,0.0,0.0,1.4479999999999513,7059.0,0
2.848,17658.0,14135.0,10597.0,17653.5,14131.5,10594.5,5000.0,4000.0,3000.0,0.5,-8.200000000000728,-1.8999999999996362,0.0,0.0,900.0,0.0,0.0,1.4489999999999512,7061.0,0
2.849,17663.0,14139.0,10600.0,17658.5,14135.5,10597.5,5000.0,4000.0,3000.0,0.5,-8.200000000000728,-1.8999999999996362,0.0,0.0,900.0,0.0,0.0,1.449999999999951,7063.0,0
2.85,17668.0,14143.0,10603.0,17663.5,14139.5,10600.5,5000.0,4000.0,3000.0,0.5,-8.200000000000728,-1.8999999999996362,0.0,0.0,900.0,0.0,0.0,1.450999999999951,7065.0,0
2.851,17673.0,14147.0,10606.0,17668.5,14143.5,10603.5,5000.0,4000.0,3000.0,0.5,-8.200000000000728,-1.8999999999996362,0.0,0.0,900.0,0.0,0.0,1.4519999999999509,7067.0,0
2.852,17678.0,14151.0,10609.0,17673.5,14147.5,10606.5,5000.0,4000.0,3000.0,0.5,-8.200000000000728,-1.8999999999996362,0.0,0.0,900.0,0.0,0.0,1.4529999999999508,7069.0,0
2.853,17683.0,14155.0,10612.0,17678.5,14151.5,10609.5,5000.0,4000.0,3000.0,0.5,-8.200000000000728,-1.8999999999996362,0.0,0.0,900.0,0.0,0.0,1.4539999999999507,7071.0,0
2.854,17688.0,14159.0,10615.0,17683.5,14155.5,10612.5,5000.0,4000.0,3000.0,0.5,-8.200000000000728,-1.8999999999996362,0.0,0.0,900.0,0.0,0.0,1.4549999999999506,7073.0,0
2.855,17693.0,14163.0,10618.0,17688.5,14159.5,10615.5,5000.0,4000.0,3000.0,0.5,-8.200000000000728,-1.8999999999996362,0.0,0.0,900.0,0.0,0.0,1.4559999999999504,7075.0,0
2.856,17698.0,14167.0,10621.0,17693.5,14163.5,10618.5,5000.0,4000.0,3000.0,0.5,-8.200000000000728,-1.8999999999996362,0.0,0.0,900.0,0.0,0.0,1.4569999999999503,7077.0,0
2.857,17703.0,14171.0,10624.0,17698.5,14167.5,10621.5,5000.0,4000.0,3000.0,0.5,-8.200000000000728,-1.8999999999996362,0.0,0.0,900.0,0.0,0.0,1.4579999999999502,7079.0,0
2.858,17708.0,14175.0,10627.0,17703.5,14171.5,10624.5,5000.0,4000.0,3000.0,0.5,-8.200000000000728,-1.8999999999996362,0.0,0.0,900.0,0.0,0.0,1.4589999999999501,7081.0,0
2.859,17713.0,14179.0,10630.0,17708.5,14175.5,10627.5,5000.0,4000.0,3000.0,0.5,-8.200000000000728,-1.8999999999996362,0.0,0.0,900.0,0.0,0.0,1.45999999999995,7083.0,0
2.86,17718.0,14183.0,10633.0,17713.5,14179.5,10630.5,5000.0,4000.0,3000.0,0.5,-8.200000000000728,-1.8999999999996362,0.0,0.0,900.0,0.0,0.0,1.46099999999995,7085.0,0
2.861,17723.0,14187.0,10636.0,17718.5,14183.5,10633.5,5000.0,4000.0,3000.0,0.5,-8.200000000000728,-1.8999999999996362,0.0,0.0,900.0,0.0,0.0,1.4619999999999498,7087.0,0
2.862,17728.0,14191.0,10639.0,17723.5,14187.5,10636.5,5000.0,4000.0,3000.0,0.5,-8.200000000000728,-1.8999999999996362,0.0,0.0,900.0,0.0,0.0,1.4629999999999497,7089.0,0
2.863,17733.0,14195.0,10642.0,17728.5,14191.5,10639.5,5000.0,4000.0,3000.0,0.5,-8.200000000000728,-1.8999999999996362,0.0,0.0,900.0,0.0,0.0,1.4639999999999496,7091.0,0
2.864,17738.0,14199.0,10645.0,17733.5,14195.5,10642.5,5000.0,4000.0,3000.0,0.5,-8.200000000000728,-1.8999999999996362,0.0,0.0,900.0,0.0,0.0,1.4649999999999495,7093.0,0
2.865,17743.0,14203.0,10648.0,17738.5,14199.5,10645.5,5000.0,4000.0,3000.0,0.5,-8.200000000000728,-1.8999999999996362,0.0,0.0,900.0,0.0,0.0,1.4659999999999493,7095.0,0
2.866,17748.0,14207.0,10651.0,17743.5,14203.5,10648.5,5000.0,4000.0,3000.0,0.5,-8.200000000000728,-1.8999999999996362,0.0,0.0,900.0,0.0,0.0,1.4669999999999492,7097.0,0
2.867,17753.0,14211.0,10654.0,17748.5,14207.5,10651.5,5000.0,4000.0,3000.0,0.5,-8.200000000000728,-1.8999999999996362,0.0,0.0,900.0,0.0,0.0,1.4679999999999491,7099.0,0
2.868,17758.0,14215.0,10657.0,17753.5,14211.5,10654.5,5000.0,4000.0,3000.0,0.5,-8.200000000000728,-1.8999999999996362,0.0,0.0,900.0,0.0,0.0,1.468999999999949,7101.0,0
2.869,17763.0,14219.0,10660.0,17758.5,14215.5,10657.5,5000.0,4000.0,3000.0,0.5,-8.200000000000728,-1.8999999999996362,0.0,0.0,900.0,0.0,0.0,1.469999999999949,7103.0,0
2.87,17768.0,14223.0,10663.0,17763.5,14219.5,10660.5,5000.0,4000.0,3000.0,0.5,-8.200000000000728,-1.8999999999996362,0.0,0.0,900.0,0.0,0.0,1.4709999999999488,7105.0,0
2.871,17773.0,14227.0,10666.0,17768.5,14223.5,10663.5,5000.0,4000.0,3000.0,0.5,-8.200000000000728,-1.8999999999996362,0.0,0.0,900.0,0.0,0.0,1.4719999999999487,7107.0,0
2.872,17778.0,14231.0,10669.0,17773.5,14227.5,10666.5,5000.0,4000.0,3000.0,0.5,-8.200000000000728,-1.8999999999996362,0.0,0.0,900.0,0.0,0.0,1.4729999999999486,7109.0,0
2.873,17783.0,14235.0,10672.0,17778.5,14231.5,10669.5,5000.0,4000.0,3000.0,0.5,-8.200000000000728,-1.8999999999996362,0.0,0.0,900.0,0.0,0.0,1.4739999999999485,7111.0,0
2.874,17788.0,14239.0,10675.0,17783.5,14235.5,10672.5,5000.0,4000.0,3000.0,0.5,-8.200000000000728,-1.8999999999996362,0.0,0.0,900.0,0.0,0.0,1.4749999999999484,7113.0,0
2.875,17793.0,14243.0,10678.0,17788.5,14239.5,10675.5,5000.0,4000.0,3000.0,0.5,-8.200000000000728,-1.8999999999996362,0.0,0.0,900.0,0.0,0.0,1.4759999999999482,7115.0,0
2.876,17798.0,14247.0,10681.0,17793.5,14243.5,10678.5,5000.0,4000.0,3000.0,0.5,-8.200000000000728,-1.8999999999996362,0.0,0.0,900.0,0.0,0.0,1.4769999999999481,7117.0,0
2.8770000000000002,17803.0,14251.0,10684.0,17798.5,14247.5,10681.5,5000.0,4000.0,3000.0,0.5,-8.200000000000728,-1.8999999999996362,0.0,0.0,900.0,0.0,0.0,1.477999999999948,7119.0,0
2.878,17808.0,14255.0,10687.0,17803.5,14251.5,10684.5,5000.0,4000.0,3000.0,0.5,-8.200000000000728,-1.8999999999996362,0.0,0.0,900.0,0.0,0.0,1.478999999999948,7121.0,0
2.879,17813.0,14259.0,10690.0,17808.5,14255.5,10687.5,5000.0,4000.0,3000.0,0.5,-8.200000000000728,-1.8999999999996362,0.0,0.0,900.0,0.0,0.0,1.4799999999999478,7123.0,0
2.88,17818.0,14263.0,10693.0,17813.5,14259.5,10690.5,5000.0,4000.0,3000.0,0.5,-8.200000000000728,-1.8999999999996362,0.0,0.0,900.0,0.0,0.0,1.4809999999999477,7125.0,0
2.8810000000000002,17823.0,14267.0,10696.0,17818.5,14263.5,10693.5,5000.0,4000.0,3000.0,0.5,-8.200000000000728,-1.8999999999996362,0.0,0.0,900.0,0.0,0.0,1.4819999999999476,7127.0,0
2.882,17828.0,14271.0,10699.0,17823.5,14267.5,10696.5,5000.0,4000.0,3000.0,0.5,-8.200000000000728,-1.8999999999996362,0.0,0.0,900.0,0.0,0.0,1.4829999999999475,7129.0,0
2.883,17833.0,14275.0,10702.0,17828.5,14271.5,10699.5,5000.0,4000.0,3000.0,0.5,-8.200000000000728,-1.8999999999996362,0.0,0.0,900.0,0.0,0.0,1.4839999999999474,7131.0,0
2.884,17838.0,14279.0,10705.0,17833.5,14275.5,10702.5,5000.0,4000.0,3000.0,0.5,-8.200000000000728,-1.8999999999996362,0.0,0.0,900.0,0.0,0.0,1.4849999999999473,7133.0,0
2.8850000000000002,17843.0,14283.0,10708.0,17838.5,14279.5,10705.5,5000.0,4000.0,3000.0,0.5,-8.200000000000728,-1.8999999999996362,0.0,0.0,900.0,0.0,0.0,1.4859999999999471,7135.0,0
2.886,17848.0,14287.0,10711.0,17843.5,14283.5,10708.5,5000.0,4000.0,3000.0,0.5,-8.200000000000728,-1.8999999999996362,0.0,0.0,900.0,0.0,0.0,1.486999999999947,7137.0,0
2.887,17853.0,14291.0,10714.0,17848.5,14287.5,10711.5,5000.0,4000.0,3000.0,0.5,-8.200000000000728,-1.8999999999996362,0.0,0.0,900.0,0.0,0.0,1.487999999999947,7139.0,0
2.888,17858.0,14295.0,10717.0,17853.5,14291.5,10714.5,5000.0,4000.0,3000.0,0.5,-8.200000000000728,-1.8999999999996362,0.0,0.0,900.0,0.0,0.0,1.4889999999999468,7141.0,0
2.8890000000000002,17863.0,14299.0,10720.0,17858.5,14295.5,10717.5,5000.0,4000.0,3000.0,0.5,-8.200000000000728,-1.8999999999996362,0.0,0.0,900.0,0.0,0.0,1.4899999999999467,7143.0,0
2.89,17868.0,14303.0,10723.0,17863.5,14299.5,10720.5,5000.0,4000.0,3000.0,0.5,-8.200000000000728,-1.8999999999996362,0.0,0.0,900.0,0.0,0.0,1.4909999999999466,7145.0,0
2.891,17874.0,14307.0,10726.0,17868.5,14303.5,10723.5,6000.0,4000.0,3000.0,0.5,-8.200000000000728,-1.8999999999996362,0.0,0.0,900.0,0.0,0.0,1.4919999999999465,7148.0,0
2.892,17879.0,14311.0,10729.0,17874.5,14307.5,10726.5,5000.0,4000.0,3000.0,0.5,-7.399999999999636,-1.2999999999992724,0.0,0.0,900.0,0.0,0.0,1.4929999999999464,7150.0,0
2.8930000000000002,17884.0,14315.0,10732.0,17879.5,14311.5,10729.5,5000.0,4000.0,3000.0,0.5,-7.399999999999636,-1.2999999999992724,0.0,0.0,900.0,0.0,0.0,1.4939999999999463,7152.0,0
2.894,17889.0,14319.0,10735.0,17884.5,14315.5,10732.5,5000.0,4000.0,3000.0,0.5,-7.399999999999636,-1.2999999999992724,0.0,0.0,900.0,0.0,0.0,1.4949999999999461,7154.0,0
2.895,17894.0,14323.0,10738.0,17889.5,14319.5,10735.5,5000.0,4000.0,3000.0,0.5,-7.399999999999636,-1.2999999999992724,0.0,0.0,900.0,0.0,0.0,1.495999999999946,7156.0,0
2.896,17899.0,14327.0,10741.0,17894.5,14323.5,10738.5,5000.0,4000.0,3000.0,0.5,-7.399999999999636,-1.2999999999992724,0.0,0.0,900.0,0.0,0.0,1.496999999999946,7158.0,0
2.8970000000000002,17904.0,14331.0,10744.0,17899.5,14327.5,10741.5,5000.0,4000.0,3000.0,0.5,-7.399999999999636,-1.2999999999992724,0.0,0.0,900.0,0.0,0.0,1.4979999999999458,7160.0,0
2.898,17909.0,14335.0,10747.0,17904.5,14331.5,10744.5,5000.0,4000.0,3000.0,0.5,-7.399999999999636,-1.2999999999992724,0.0,0.0,900.0,0.0,0.0,1.4989999999999457,7162.0,0
2.899,17914.0,14339.0,10750.0,17909.5,14335.5,10747.5,5000.0,4000.0,3000.0,0.5,-7.399999999999636,-1.2999999999992724,0.0,0.0,900.0,0.0,0.0,1.4999999999999456,7164.0,0
2.9,17919.0,14343.0,10753.0,17914.5,14339.5,10750.5,5000.0,4000.0,3000.0,0.5,-7.399999999999636,-1.2999999999992724,0.0,0.0,900.0,0.0,0.0,1.5009999999999455,7166.0,0
2.9010000000000002,17924.0,14347.0,10756.0,17919.5,14343.5,10753.5,5000.0,4000.0,3000.0,0.5,-7.399999999999636,-1.2999999999992724,0.0,0.0,900.0,0.0,0.0,1.5019999999999454,7168.0,0
2.902,17929.0,14351.0,10759.0,17924.5,14347.5,10756.5,5000.0,4000.0,3000.0,0.5,-7.399999999999636,-1.2999999999992724,0.0,0.0,900.0,0.0,0.0,1.5029999999999453,7170.0,0
2.903,17934.0,14355.0,10762.0,17929.5,14351.5,10759.5,5000.0,4000.0,3000.0,0.5,-7.399999999999636,-1.2999999999992724,0.0,0.0,900.0,0.0,0.0,1.5039999999999452,7172.0,0
2.904,17939.0,14359.0,10765.0,17934.5,14355.5,10762.5,5000.0,4000.0,3000.0,0.5,-7.399999999999636,-1.2999999999992724,0.0,0.0,900.0,0.0,0.0,1.504999999999945,7174.0,0
2.9050000000000002,17944.0,14363.0,10768.0,17939.5,14359.5,10765.5,5000.0,4000.0,3000.0,0.5,-7.399999999999636,-1.2999999999992724,0.0,0.0,900.0,0.0,0.0,1.505999999999945,7176.0,0
2.906,17949.0,14367.0,10771.0,17944.5,14363.5,10768.5,5000.0,4000.0,3000.0,0.5,-7.399999999999636,-1.2999999999992724,0.0,0.0,900.0,0.0,0.0,1.5069999999999448,7178.0,0
2.907,17954.0,14371.0,10774.0,17949.5,14367.5,10771.5,5000.0,4000.0,3000.0,0.5,-7.399999999999636,-1.2999999999992724,0.0,0.0,900.0,0.0,0.0,1.5079999999999447,7180.0,0
2.908,17959.0,14375.0,10777.0,17954.5,14371.5,10774.5,5000.0,4000.0,3000.0,0.5,-7.399999999999636,-1.2999999999992724,0.0,0.0,900.0,0.0,0.0,1.5089999999999446,7182.0,0
2.9090000000000003,17964.0,14379.0,10780.0,17959.5,14375.5,10777.5,5000.0,4000.0,3000.0,0.5,-7.399999999999636,-1.2999999999992724,0.0,0.0,900.0,0.0,0.0,1.5099999999999445,7184.0,0
2.91,17969.0,14383.0,10783.0,17964.5,14379.5,10780.5,5000.0,4000.0,3000.0,0.5,-7.399999999999636,-1.2999999999992724,0.0,0.0,900.0,0.0,0.0,1.5109999999999444,7186.0,0
2.911,17974.0,14387.0,10786.0,17969.5,14383.5,10783.5,5000.0,4000.0,3000.0,0.5,-7.399999999999636,-1.2999999999992724,0.0,0.0,900.0,0.0,0.0,1.5119999999999443,7188.0,0
2.912,17979.0,14391.0,10789.0,17974.5,14387.5,10786.5,5000.0,4000.0,3000.0,0.5,-7.399999999999636,-1.2999999999992724,0.0,0.0,900.0,0.0,0.0,1.5129999999999442,7190.0,0
2.9130000000000003,17984.0,14395.0,10792.0,17979.5,14391.5,10789.5,5000.0,4000.0,3000.0,0.5,-7.399999999999636,-1.2999999999992724,0.0,0.0,900.0,0.0,0.0,1.513999999999944,7192.0,0
2.914,17989.0,14399.0,10795.0,17984.5,14395.5,10792.5,5000.0,4000.0,3000.0,0.5,-7.399999999999636,-1.2999999999992724,0.0,0.0,900.0,0.0,0.0,1.514999999999944,7194.0,0
2.915,17994.0,14403.0,10798.0,17989.5,14399.5,10795.5,5000.0,4000.0,3000.0,0.5,-7.399999999999636,-1.2999999999992724,0.0,0.0,900.0,0.0,0.0,1.5159999999999438,7196.0,0
2.916,17999.0,14407.0,10801.0,17994.5,14403.5,10798.5,5000.0,4000.0,3000.0,0.5,-7.399999999999636,-1.2999999999992724,0.0,0.0,900.0,0.0,0.0,1.5169999999999437,7198.0,0
2.9170000000000003,18004.0,14411.0,10804.0,17999.5,14407.5,10801.5,5000.0,4000.0,3000.0,0.5,-7.399999999999636,-1.2999999999992724,0.0,0.0,900.0,0.0,0.0,1.5179999999999436,7200.0,0
2.918,18009.0,14415.0,10807.0,18004.5,14411.5,10804.5,5000.0,4000.0,3000.0,0.5,-7.399999999999636,-1.2999999999992724,0.0,0.0,900.0,0.0,0.0,1.5189999999999435,7202.0,0
2.919,18014.0,14419.0,10810.0,18009.5,14415.5,10807.5,5000.0,4000.0,3000.0,0.5,-7.399999999999636,-1.2999999999992724,0.0,0.0,900.0,0.0,0.0,1.5199999999999434,7204.0,0
2.92,18019.0,14423.0,10813.0,18014.5,14419.5,10810.5,5000.0,4000.0,3000.0,0.5,-7.399999999999636,-1.2999999999992724,0.0,0.0,900.0,0.0,0.0,1.5209999999999433,7206.0,0
2.9210000000000003,18024.0,14427.0,10816.0,18019.5,14423.5,10813.5,5000.0,4000.0,3000.0,0.5,-7.399999999999636,-1.2999999999992724,0.0,0.0,900.0,0.0,0.0,1.5219999999999432,7208.0,0
2.922,18029.0,14431.0,10819.0,18024.5,14427.5,10816.5,5000.0,4000.0,3000.0,0.5,-7.399999999999636,-1.2999999999992724,0.0,0.0,900.0,0.0,0.0,1.522999999999943,7210.0,0
2.923,18034.0,14435.0,10822.0,18029.5,14431.5,10819.5,5000.0,4000.0,3000.0,0.5,-7.399999999999636,-1.2999999999992724,0.0,0.0,900.0,0.0,0.0,1.523999999999943,7212.0,0
2.924,18039.0,14439.0,10825.0,18034.5,14435.5,10822.5,5000.0,4000.0,3000.0,0.5,-7.399999999999636,-1.2999999999992724,0.0,0.0,900.0,0.0,0.0,1.5249999999999428,7214.0,0
2.9250000000000003,18044.0,14443.0,10828.0,18039.5,14439.5,10825.5,5000.0,4000.0,3000.0,0.5,-7.399999999999636,-1.2999999999992724,0.0,0.0,900.0,0.0,0.0,1.5259999999999427,7216.0,0
2.926,18049.0,14447.0,10831.0,18044.5,14443.5,10828.5,5000.0,4000.0,3000.0,0.5,-7.399999999999636,-1.2999999999992724,0.0,0.0,900.0,0.0,0.0,1.5269999999999426,7218.0,0
2.927,18054.0,14451.0,10834.0,18049.5,14447.5,10831.5,5000.0,4000.0,3000.0,0.5,-7.399999999999636,-1.2999999999992724,0.0,0.0,900.0,0.0,0.0,1.5279999999999425,7220.0,0
2.928,18059.0,14455.0,10837.0,18054.5,14451.5,10834.5,5000.0,4000.0,3000.0,0.5,-7.399999999999636,-1.2999999999992724,0.0,0.0,900.0,0.0,0.0,1.5289999999999424,7222.0,0
2.9290000000000003,18064.0,14459.0,10840.0,18059.5,14455.5,10837.5,5000.0,4000.0,3000.0,0.5,-7.399999999999636,-1.2999999999992724,0.0,0.0,900.0,0.0,0.0,1.5299999999999423,7224.0,0
2.93,18069.0,14463.0,10843.0,18064.5,14459.5,10840.5,5000.0,4000.0,3000.0,0.5,-7.399999999999636,-1.2999999999992724,0.0,0.0,900.0,0.0,0.0,1.5309999999999422,7226.0,0
2.931,18074.0,14467.0,10846.0,18069.5,14463.5,10843.5,5000.0,4000.0,3000.0,0.5,-7.399999999999636,-1.2999999999992724,0.0,0.0,900.0,0.0,0.0,1.531999999999942,7228.0,0
2.932,18079.0,14471.0,10849.0,18074.5,14467.5,10846.5,5000.0,4000.0,3000.0,0.5,-7.399999999999636,-1.2999999999992724,0.0,0.0,900.0,0.0,0.0,1.532999999999942,7230.0,0
2.9330000000000003,18084.0,14475.0,10852.0,18079.5,14471.5,10849.5,5000.0,4000.0,3000.0,0.5,-7.399999999999636,-1.2999999999992724,0.0,0.0,900.0,0.0,0.0,1.5339999999999419,7232.0,0
2.934,18089.0,14479.0,10855.0,18084.5,14475.5,10852.5,5000.0,4000.0,3000.0,0.5,-7.399999999999636,-1.2999999999992724,0.0,0.0,900.0,0.0,0.0,1.5349999999999417,7234.0,0
2.935,18094.0,14483.0,10858.0,18089.5,14479.5,10855.5,5000.0,4000.0,3000.0,0.5,-7.399999999999636,-1.2999999999992724,0.0,0.0,900.0,0.0,0.0,1.5359999999999416,7236.0,0
2.936,18100.0,14487.0,10861.0,18094.5,14483.5,10858.5,6000.0,4000.0,3000.0,0.5,-7.399999999999636,-1.2999999999992724,0.0,0.0,900.0,0.0,0.0,1.5369999999999415,7239.0,0
2.9370000000000003,18105.0,14491.0,10864.0,18100.5,14487.5,10861.5,5000.0,4000.0,3000.0,0.5,-6.600000000000364,-0.7000000000007276,0.0,0.0,900.0,0.0,0.0,1.5379999999999414,7241.0,0
2.938,18110.0,14495.0,10867.0,18105.5,14491.5,10864.5,5000.0,4000.0,3000.0,0.5,-6.600000000000364,-0.7000000000007276,0.0,0.0,900.0,0.0,0.0,1.5389999999999413,7243.0,0
2.939,18115.0,14499.0,10870.0,18110.5,14495.5,10867.5,5000.0,4000.0,3000.0,0.5,-6.600000000000364,-0.7000000000007276,0.0,0.0,900.0,0.0,0.0,1.5399999999999412,7245.0,0
2.94,18120.0,14503.0,10873.0,18115.5,14499.5,10870.5,5000.0,4000.0,3000.0,0.5,-6.600000000000364,-0.7000000000007276,0.0,0.0,900.0,0.0,0.0,1.540999999999941,7247.0,0
2.9410000000000003,18125.0,14507.0,10876.0,18120.5,14503.5,10873.5,5000.0,4000.0,3000.0,0.5,-6.600000000000364,-0.7000000000007276,0.0,0.0,900.0,0.0,0.0,1.541999999999941,7249.0,0
2.942,18130.0,14511.0,10879.0,18125.5,14507.5,10876.5,5000.0,4000.0,3000.0,0.5,-6.600000000000364,-0.7000000000007276,0.0,0.0,900.0,0.0,0.0,1.5429999999999409,7251.0,0
2.943,18135.0,14515.0,10882.0,18130.5,14511.5,10879.5,5000.0,4000.0,3000.0,0.5,-6.600000000000364,-0.7000000000007276,0.0,0.0,900.0,0.0,0.0,1.5439999999999408,7253.0,0
2.944,18140.0,14519.0,10885.0,18135.5,14515.5,10882.5,5000.0,4000.0,3000.0,0.5,-6.600000000000364,-0.7000000000007276,0.0,0.0,900.0,0.0,0.0,1.5449999999999406,7255.0,0
2.945,18145.0,14523.0,10888.0,18140.5,14519.5,10885.5,5000.0,4000.0,3000.0,0.5,-6.600000000000364,-0.7000000000007276,0.0,0.0,900.0,0.0,0.0,1.5459999999999405,7257.0,0
2.946,18150.0,14527.0,10891.0,18145.5,14523.5,10888.5,5000.0,4000.0,3000.0,0.5,-6.600000000000364,-0.7000000000007276,0.0,0.0,900.0,0.0,0.0,1.5469999999999404,7259.0,0
2.947,18155.0,14531.0,10894.0,18150.5,14527.5,10891.5,5000.0,4000.0,3000.0,0.5,-6.600000000000364,-0.7000000000007276,0.0,0.0,900.0,0.0,0.0,1.5479999999999403,7261.0,0
2.948,18160.0,14535.0,10897.0,18155.5,14531.5,10894.5,5000.0,4000.0,3000.0,0.5,-6.600000000000364,-0.7000000000007276,0.0,0.0,900.0,0.0,0.0,1.5489999999999402,7263.0,0
2.949,18165.0,14539.0,10900.0,18160.5,14535.5,10897.5,5000.0,4000.0,3000.0,0.5,-6.600000000000364,-0.7000000000007276,0.0,0.0,900.0,0.0,0.0,1.54999999999994,7265.0,0
2.95,18170.0,14543.0,10904.0,18165.5,14539.5,10900.5,5000.0,4000.0,4000.0,0.5,-6.600000000000364,-0.7000000000007276,0.0,0.0,0.0,0.0,0.0,0.0,7266.0,0
2.951,18175.0,14547.0,10908.0,18170.5,14543.5,10904.5,5000.0,4000.0,4000.0,0.5,-6.600000000000364,-1.7000000000007276,0.0,0.0,0.0,0.0,0.0,0.0,7267.0,0
2.952,18180.0,14551.0,10912.0,18175.5,14547.5,10908.5,5000.0,4000.0,4000.0,0.5,-6.600000000000364,-2.7000000000007276,0.0,0.0,0.0,0.0,0.0,0.0,7268.0,0
2.953,18185.0,14555.0,10916.0,18180.5,14551.5,10912.5,5000.0,4000.0,4000.0,0.5,-6.600000000000364,-3.7000000000007276,0.0,0.0,0.0,0.0,0.0,0.0,7269.0,0
2.954,18190.0,14559.0,10920.0,18185.5,14555.5,10916.5,5000.0,4000.0,4000.0,0.5,-6.600000000000364,-4.700000000000728,0.0,0.0,0.0,0.0,0.0,0.0,7270.0,0
2.955,18195.0,14563.0,10924.0,18190.5,14559.5,10920.5,5000.0,4000.0,4000.0,0.5,-6.600000000000364,-5.700000000000728,0.0,0.0,0.0,0.0,0.0,0.0,7271.0,0
2.956,18200.0,14567.0,10928.0,18195.5,14563.5,10924.5,5000.0,4000.0,4000.0,0.5,-6.600000000000364,-6.700000000000728,0.0,0.0,0.0,0.0,0.0,0.0,7272.0,0
2.957,18205.0,14571.0,10931.0,18200.5,14567.5,10928.5,5000.0,4000.0,3000.0,0.5,-6.600000000000364,-7.700000000000728,0.0,0.0,0.0,0.0,0.0,0.0,7274.0,0
2.958,18210.0,14575.0,10935.0,18205.5,14571.5,10931.5,5000.0,4000.0,4000.0,0.5,-6.600000000000364,-7.700000000000728,0.0,0.0,0.0,0.0,0.0,0.0,7275.0,0
2.959,18215.0,14579.0,10939.0,18210.5,14575.5,10935.5,5000.0,4000.0,4000.0,0.5,-6.600000000000364,-8.700000000000728,0.0,0.0,0.0,0.0,0.0,0.0,7276.0,0
2.96,18220.0,14583.0,10943.0,18215.5,14579.5,10939.5,5000.0,4000.0,4000.0,0.5,-6.600000000000364,-9.700000000000728,0.0,0.0,0.0,0.0,0.0,0.0,7277.0,0
2.961,18225.0,14587.0,10947.0,18220.5,14583.5,10943.5,5000.0,4000.0,4000.0,0.5,-6.600000000000364,-10.700000000000728,0.0,0.0,0.0,0.0,0.0,0.0,7278.0,0
2.962,18230.0,14591.0,10951.0,18225.5,14587.5,10947.5,5000.0,4000.0,4000.0,0.5,-6.600000000000364,-11.700000000000728,0.0,0.0,0.0,0.0,0.0,0.0,7279.0,0
2.963,18235.0,14595.0,10954.0,18230.5,14591.5,10951.5,5000.0,4000.0,3000.0,0.5,-6.600000000000364,-12.700000000000728,0.0,0.0,0.0,0.0,0.0,0.0,7281.0,0
2.964,18240.0,14599.0,10958.0,18235.5,14595.5,10954.5,5000.0,4000.0,4000.0,0.5,-6.600000000000364,-12.700000000000728,0.0,0.0,0.0,0.0,0.0,0.0,7282.0,0
2.965,18245.0,14603.0,10961.0,18240.5,14599.5,10958.5,5000.0,4000.0,3000.0,0.5,-6.600000000000364,-13.700000000000728,0.0,0.0,0.0,0.0,0.0,0.0,7284.0,0
2.966,18250.0,14607.0,10965.0,18245.5,14603.5,10961.5,5000.0,4000.0,4000.0,0.5,-6.600000000000364,-13.700000000000728,0.0,0.0,0.0,0.0,0.0,0.0,7285.0,0
2.967,18255.0,14611.0,10968.0,18250.5,14607.5,10965.5,5000.0,4000.0,3000.0,0.5,-6.600000000000364,-14.700000000000728,0.0,0.0,0.0,0.0,0.0,0.0,7287.0,0
2.968,18260.0,14615.0,10972.0,18255.5,14611.5,10968.5,5000.0,4000.0,4000.0,0.5,-6.600000000000364,-14.700000000000728,0.0,0.0,0.0,0.0,0.0,0.0,7288.0,0
2.969,18265.0,14619.0,10975.0,18260.5,14615.5,10972.5,5000.0,4000.0,3000.0,0.5,-6.600000000000364,-15.700000000000728,0.0,0.0,0.0,0.0,0.0,0.0,7290.0,0
2.97,18270.0,14624.0,10979.0,18265.5,14619.5,10975.5,5000.0,5000.0,4000.0,0.5,-6.600000000000364,-15.700000000000728,0.0,0.0,0.0,0.0,0.0,0.0,7291.0,0
2.971,18275.0,14628.0,10982.0,18270.5,14624.5,10979.5,5000.0,4000.0,3000.0,0.5,-7.600000000000364,-16.700000000000728,0.0,0.0,0.0,0.0,0.0,0.0,7293.0,0
2.972,18280.0,14632.0,10985.0,18275.5,14628.5,10982.5,5000.0,4000.0,3000.0,0.5,-7.600000000000364,-16.700000000000728,0.0,0.0,0.0,0.0,0.0,0.0,7295.0,0
2.973,18285.0,14636.0,10989.0,18280.5,14632.5,10985.5,5000.0,4000.0,4000.0,0.5,-7.600000000000364,-16.700000000000728,0.0,0.0,0.0,0.0,0.0,0.0,7296.0,0
2.974,18290.0,14640.0,10992.0,18285.5,14636.5,10989.5,5000.0,4000.0,3000.0,0.5,-7.600000000000364,-17.700000000000728,0.0,0.0,0.0,0.0,0.0,0.0,7298.0,0
2.975,18295.0,14644.0,10995.0,18290.5,14640.5,10992.5,5000.0,4000.0,3000.0,0.5,-7.600000000000364,-17.700000000000728,0.0,0.0,0.0,0.0,0.0,0.0,7300.0,0
2.976,18300.0,14648.0,10999.0,18295.5,14644.5,10995.5,5000.0,4000.0,4000.0,0.5,-7.600000000000364,-17.700000000000728,0.0,0.0,0.0,0.0,0.0,0.0,7301.0,0
2.977,18305.0,14652.0,11002.0,18300.5,14648.5,10999.5,5000.0,4000.0,3000.0,0.5,-7.600000000000364,-18.700000000000728,0.0,0.0,0.0,0.0,0.0,0.0,7303.0,0
2.978,18310.0,14656.0,11005.0,18305.5,14652.5,11002.5,5000.0,4000.0,3000.0,0.5,-7.600000000000364,-18.700000000000728,0.0,0.0,0.0,0.0,0.0,0.0,7305.0,0
2.979,18315.0,14660.0,11008.0,18310.5,14656.5,11005.5,5000.0,4000.0,3000.0,0.5,-7.600000000000364,-18.700000000000728,0.0,0.0,0.0,0.0,0.0,0.0,7307.0,0
2.98,18320.0,14664.0,11012.0,18315.5,14660.5,11008.5,5000.0,4000.0,4000.0,0.5,-7.600000000000364,-18.700000000000728,0.0,0.0,0.0,0.0,0.0,0.0,7308.0,0
2.981,18326.0,14668.0,11015.0,18320.5,14664.5,11012.5,6000.0,4000.0,3000.0,0.5,-7.600000000000364,-19.700000000000728,0.0,0.0,0.0,0.0,0.0,0.0,7311.0,0
2.982,18331.0,14672.0,11018.0,18326.5,14668.5,11015.5,5000.0,4000.0,3000.0,0.5,-6.799999999999272,-19.100000000000364,0.0,0.0,0.0,0.0,0.0,0.0,7313.0,0
2.983,18336.0,14676.0,11021.0,18331.5,14672.5,11018.5,5000.0,4000.0,3000.0,0.5,-6.799999999999272,-19.100000000000364,0.0,0.0,0.0,0.0,0.0,0.0,7315.0,0
2.984,18341.0,14680.0,11025.0,18336.5,14676.5,11021.5,5000.0,4000.0,4000.0,0.5,-6.799999999999272,-19.100000000000364,0.0,0.0,0.0,0.0,0.0,0.0,7316.0,0
2.985,18346.0,14684.0,11028.0,18341.5,14680.5,11025.5,5000.0,4000.0,3000.0,0.5,-6.799999999999272,-20.100000000000364,0.0,0.0,0.0,0.0,0.0,0.0,7318.0,0
2.986,18351.0,14688.0,11031.0,18346.5,14684.5,11028.5,5000.0,4000.0,3000.0,0.5,-6.799999999999272,-20.100000000000364,0.0,0.0,0.0,0.0,0.0,0.0,7320.0,0
2.987,18356.0,14692.0,11034.0,18351.5,14688.5,11031.5,5000.0,4000.0,3000.0,0.5,-6.799999999999272,-20.100000000000364,0.0,0.0,0.0,0.0,0.0,0.0,7322.0,0
2.988,18361.0,14696.0,11037.0,18356.5,14692.5,11034.5,5000.0,4000.0,3000.0,0.5,-6.799999999999272,-20.100000000000364,0.0,0.0,0.0,0.0,0.0,0.0,7324.0,0
2.989,18366.0,14700.0,11040.0,18361.5,14696.5,11037.5,5000.0,4000.0,3000.0,0.5,-6.799999999999272,-20.100000000000364,0.0,0.0,0.0,0.0,0.0,0.0,7326.0,0
2.99,18371.0,14704.0,11043.0,18366.5,14700.5,11040.5,5000.0,4000.0,3000.0,0.5,-6.799999999999272,-20.100000000000364,0.0,0.0,0.0,0.0,0.0,0.0,7328.0,0
2.991,18376.0,14708.0,11046.0,18371.5,14704.5,11043.5,5000.0,4000.0,3000.0,0.5,-6.799999999999272,-20.100000000000364,0.0,0.0,0.0,0.0,0.0,0.0,7330.0,0
2.992,18381.0,14712.0,11050.0,18376.5,14708.5,11046.5,5000.0,4000.0,4000.0,0.5,-6.799999999999272,-20.100000000000364,0.0,0.0,0.0,0.0,0.0,0.0,7331.0,0
2.993,18386.0,14716.0,11053.0,18381.5,14712.5,11050.5,5000.0,4000.0,3000.0,0.5,-6.799999999999272,-21.100000000000364,0.0,0.0,0.0,0.0,0.0,0.0,7333.0,0
2.994,18391.0,14720.0,11056.0,18386.5,14716.5,11053.5,5000.0,4000.0,3000.0,0.5,-6.799999999999272,-21.100000000000364,0.0,0.0,0.0,0.0,0.0,0.0,7335.0,0
2.995,18396.0,14724.0,11059.0,18391.5,14720.5,11056.5,5000.0,4000.0,3000.0,0.5,-6.799999999999272,-21.100000000000364,0.0,0.0,0.0,0.0,0.0,0.0,7337.0,0
2.996,18401.0,14728.0,11062.0,18396.5,14724.5,11059.5,5000.0,4000.0,3000.0,0.5,-6.799999999999272,-21.100000000000364,0.0,0.0,0.0,0.0,0.0,0.0,7339.0,0
2.997,18406.0,14732.0,11065.0,18401.5,14728.5,11062.5,5000.0,4000.0,3000.0,0.5,-6.799999999999272,-21.100000000000364,0.0,0.0,0.0,0.0,0.0,0.0,7341.0,0
2.998,18411.0,14736.0,11068.0,18406.5,14732.5,11065.5,5000.0,4000.0,3000.0,0.5,-6.799999999999272,-21.100000000000364,0.0,0.0,0.0,0.0,0.0,0.0,7343.0,0
2.999,18416.0,14740.0,11070.0,18411.5,14736.5,11068.5,5000.0,4000.0,2000.0,0.5,-6.799999999999272,-21.100000000000364,0.0,0.0,0.0,0.0,0.0,0.0,7346.0,0
3.0,18421.0,14744.0,11073.0,18416.5,14740.5,11070.5,5000.0,4000.0,3000.0,0.5,-6.799999999999272,-20.100000000000364,0.0,0.0,0.0,0.0,0.0,0.0,7348.0,0
3.001,18426.0,14748.0,11076.0,18421.5,14744.5,11073.5,5000.0,4000.0,3000.0,0.5,-6.799999999999272,-20.100000000000364,0.0,0.0,0.0,0.0,0.0,0.0,7350.0,0
3.0020000000000002,18431.0,14752.0,11079.0,18426.5,14748.5,11076.5,5000.0,4000.0,3000.0,0.5,-6.799999999999272,-20.100000000000364,0.0,0.0,0.0,0.0,0.0,0.0,7352.0,0
3.003,18436.0,14756.0,11082.0,18431.5,14752.5,11079.5,5000.0,4000.0,3000.0,0.5,-6.799999999999272,-20.100000000000364,0.0,0.0,0.0,0.0,0.0,0.0,7354.0,0
3.004,18441.0,14760.0,11085.0,18436.5,14756.5,11082.5,5000.0,4000.0,3000.0,0.5,-6.799999999999272,-20.100000000000364,0.0,0.0,0.0,0.0,0.0,0.0,7356.0,0
3.005,18446.0,14764.0,11088.0,18441.5,14760.5,11085.5,5000.0,4000.0,3000.0,0.5,-6.799999999999272,-20.100000000000364,0.0,0.0,0.0,0.0,0.0,0.0,7358.0,0
3.0060000000000002,18451.0,14768.0,11091.0,18446.5,14764.5,11088.5,5000.0,4000.0,3000.0,0.5,-6.799999999999272,-20.100000000000364,0.0,0.0,0.0,0.0,0.0,0.0,7360.0,0
3.007,18456.0,14772.0,11094.0,18451.5,14768.5,11091.5,5000.0,4000.0,3000.0,0.5,-6.799999999999272,-20.100000000000364,0.0,0.0,0.0,0.0,0.0,0.0,7362.0,0
3.008,18461.0,14776.0,11097.0,18456.5,14772.5,11094.5,5000.0,4000.0,3000.0,0.5,-6.799999999999272,-20.100000000000364,0.0,0.0,0.0,0.0,0.0,0.0,7364.0,0
3.009,18466.0,14780.0,11100.0,18461.5,14776.5,11097.5,5000.0,4000.0,3000.0,0.5,-6.799999999999272,-20.100000000000364,0.0,0.0,0.0,0.0,0.0,0.0,7366.0,0
3.0100000000000002,18471.0,14784.0,11103.0,18466.5,14780.5,11100.5,5000.0,4000.0,3000.0,0.5,-6.799999999999272,-20.100000000000364,0.0,0.0,0.0,0.0,0.0,0.0,7368.0,0
3.011,18476.0,14788.0,11105.0,18471.5,14784.5,11103.5,5000.0,4000.0,2000.0,0.5,-6.799999999999272,-20.100000000000364,0.0,0.0,0.0,0.0,0.0,0.0,7371.0,0
3.012,18481.0,14792.0,11108.0,18476.5,14788.5,11105.5,5000.0,4000.0,3000.0,0.5,-6.799999999999272,-19.100000000000364,0.0,0.0,0.0,0.0,0.0,0.0,7373.0,0
3.013,18486.0,14796.0,11111.0,18481.5,14792.5,11108.5,5000.0,4000.0,3000.0,0.5,-6.799999999999272,-19.100000000000364,0.0,0.0,0.0,0.0,0.0,0.0,7375.0,0
3.0140000000000002,18491.0,14800.0,11114.0,18486.5,14796.5,11111.5,5000.0,4000.0,3000.0,0.5,-6.799999999999272,-19.100000000000364,0.0,0.0,0.0,0.0,0.0,0.0,7377.0,0
3.015,18496.0,14804.0,11117.0,18491.5,14800.5,11114.5,5000.0,4000.0,3000.0,0.5,-6.799999999999272,-19.100000000000364,0.0,0.0,0.0,0.0,0.0,0.0,7379.0,0
3.016,18501.0,14808.0,11119.0,18496.5,14804.5,11117.5,5000.0,4000.0,2000.0,0.5,-6.799999999999272,-19.100000000000364,0.0,0.0,0.0,0.0,0.0,0.0,7382.0,0
3.017,18506.0,14812.0,11122.0,18501.5,14808.5,11119.5,5000.0,4000.0,3000.0,0.5,-6.799999999999272,-18.100000000000364,0.0,0.0,0.0,0.0,0.0,0.0,7384.0,0
3.0180000000000002,18511.0,14816.0,11125.0,18506.5,14812.5,11122.5,5000.0,4000.0,3000.0,0.5,-6.799999999999272,-18.100000000000364,0.0,0.0,0.0,0.0,0.0,0.0,7386.0,0
3.019,18516.0,14820.0,11128.0,18511.5,14816.5,11125.5,5000.0,4000.0,3000.0,0.5,-6.799999999999272,-18.100000000000364,0.0,0.0,0.0,0.0,0.0,0.0,7388.0,0
3.02,18521.0,14824.0,11131.0,18516.5,14820.5,11128.5,5000.0,4000.0,3000.0,0.5,-6.799999999999272,-18.100000000000364,0.0,0.0,0.0,0.0,0.0,0.0,7390.0,0
3.021,18526.0,14828.0,11133.0,18521.5,14824.5,11131.5,5000.0,4000.0,2000.0,0.5,-6.799999999999272,-18.100000000000364,0.0,0.0,0.0,0.0,0.0,0.0,7393.0,0
3.0220000000000002,18531.0,14832.0,11136.0,18526.5,14828.5,11133.5,5000.0,4000.0,3000.0,0.5,-6.799999999999272,-17.100000000000364,0.0,0.0,0.0,0.0,0.0,0.0,7395.0,0
3.023,18536.0,14836.0,11139.0,18531.5,14832.5,11136.5,5000.0,4000.0,3000.0,0.5,-6.799999999999272,-17.100000000000364,0.0,0.0,0.0,0.0,0.0,0.0,7397.0,0
3.024,18541.0,14840.0,11142.0,18536.5,14836.5,11139.5,5000.0,4000.0,3000.0,0.5,-6.799999999999272,-17.100000000000364,0.0,0.0,0.0,0.0,0.0,0.0,7399.0,0
3.025,18546.0,14844.0,11145.0,18541.5,14840.5,11142.5,5000.0,4000.0,3000.0,0.5,-6.799999999999272,-17.100000000000364,0.0,0.0,0.0,0.0,0.0,0.0,7401.0,0
3.0260000000000002,18552.0,14848.0,11147.0,18546.5,14844.5,11145.5,6000.0,4000.0,2000.0,0.5,-6.799999999999272,-17.100000000000364,0.0,0.0,0.0,0.0,0.0,0.0,7405.0,0
3.027,18557.0,14852.0,11150.0,18552.5,14848.5,11147.5,5000.0,4000.0,3000.0,0.5,-6.0,-15.5,0.0,0.0,0.0,0.0,0.0,0.0,7407.0,0
3.028,18562.0,14856.0,11153.0,18557.5,14852.5,11150.5,5000.0,4000.0,3000.0,0.5,-6.0,-15.5,0.0,0.0,0.0,0.0,0.0,0.0,7409.0,0
3.029,18567.0,14860.0,11156.0,18562.5,14856.5,11153.5,5000.0,4000.0,3000.0,0.5,-6.0,-15.5,0.0,0.0,0.0,0.0,0.0,0.0,7411.0,0
3.0300000000000002,18572.0,14864.0,11158.0,18567.5,14860.5,11156.5,5000.0,4000.0,2000.0,0.5,-6.0,-15.5,0.0,0.0,0.0,0.0,0.0,0.0,7414.0,0
3.031,18577.0,14868.0,11161.0,18572.5,14864.5,11158.5,5000.0,4000.0,3000.0,0.5,-6.0,-14.5,0.0,0.0,0.0,0.0,0.0,0.0,7416.0,0
3.032,18582.0,14872.0,11164.0,18577.5,14868.5,11161.5,5000.0,4000.0,3000.0,0.5,-6.0,-14.5,0.0,0.0,0.0,0.0,0.0,0.0,7418.0,0
3.033,18587.0,14876.0,11167.0,18582.5,14872.5,11164.5,5000.0,4000.0,3000.0,0.5,-6.0,-14.5,0.0,0.0,0.0,0.0,0.0,0.0,7420.0,0
3.0340000000000003,18592.0,14880.0,11169.0,18587.5,14876.5,11167.5,5000.0,4000.0,2000.0,0.5,-6.0,-14.5,0.0,0.0,0.0,0.0,0.0,0.0,7423.0,0
3.035,18597.0,14884.0,11172.0,18592.5,14880.5,11169.5,5000.0,4000.0,3000.0,0.5,-6.0,-13.5,0.0,0.0,0.0,0.0,0.0,0.0,7425.0,0
3.036,18602.0,14888.0,11175.0,18597.5,14884.5,11172.5,5000.0,4000.0,3000.0,0.5,-6.0,-13.5,0.0,0.0,0.0,0.0,0.0,0.0,7427.0,0
3.037,18607.0,14892.0,11178.0,18602.5,14888.5,11175.5,5000.0,4000.0,3000.0,0.5,-6.0,-13.5,0.0,0.0,0.0,0.0,0.0,0.0,7429.0,0
3.0380000000000003,18612.0,14896.0,11180.0,18607.5,14892.5,11178.5,5000.0,4000.0,2000.0,0.5,-6.0,-13.5,0.0,0.0,0.0,0.0,0.0,0.0,7432.0,0
3.039,18617.0,14900.0,11183.0,18612.5,14896.5,11180.5,5000.0,4000.0,3000.0,0.5,-6.0,-12.5,0.0,0.0,0.0,0.0,0.0,0.0,7434.0,0
3.04,18622.0,14904.0,11186.0,18617.5,14900.5,11183.5,5000.0,4000.0,3000.0,0.5,-6.0,-12.5,0.0,0.0,0.0,0.0,0.0,0.0,7436.0,0
3.041,18627.0,14908.0,11189.0,18622.5,14904.5,11186.5,5000.0,4000.0,3000.0,0.5,-6.0,-12.5,0.0,0.0,0.0,0.0,0.0,0.0,7438.0,0
3.0420000000000003,18632.0,14912.0,11191.0,18627.5,14908.5,11189.5,5000.0,4000.0,2000.0,0.5,-6.0,-12.5,0.0,0.0,0.0,0.0,0.0,0.0,7441.0,0
3.043,18637.0,14916.0,11194.0,18632.5,14912.5,11191.5,5000.0,4000.0,3000.0,0.5,-6.0,-11.5,0.0,0.0,0.0,0.0,0.0,0.0,7443.0,0
3.044,18642.0,14920.0,11197.0,18637.5,14916.5,11194.5,5000.0,4000.0,3000.0,0.5,-6.0,-11.5,0.0,0.0,0.0,0.0,0.0,0.0,7445.0,0
3.045,18647.0,14924.0,11200.0,18642.5,14920.5,11197.5,5000.0,4000.0,3000.0,0.5,-6.0,-11.5,0.0,0.0,0.0,0.0,0.0,0.0,7447.0,0
3.0460000000000003,18652.0,14928.0,11202.0,18647.5,14924.5,11200.5,5000.0,4000.0,2000.0,0.5,-6.0,-11.5,0.0,0.0,0.0,0.0,0.0,0.0,7450.0,0
3.047,18657.0,14932.0,11205.0,18652.5,14928.5,11202.5,5000.0,4000.0,3000.0,0.5,-6.0,-10.5,0.0,0.0,0.0,0.0,0.0,0.0,7452.0,0
3.048,18662.0,14936.0,11208.0,18657.5,14932.5,11205.5,5000.0,4000.0,3000.0,0.5,-6.0,-10.5,0.0,0.0,0.0,0.0,0.0,0.0,7454.0,0
3.049,18667.0,14940.0,11211.0,18662.5,14936.5,11208.5,5000.0,4000.0,3000.0,0.5,-6.0,-10.5,0.0,0.0,0.0,0.0,0.0,0.0,7456.0,0
3.0500000000000003,18672.0,14944.0,11213.0,18667.5,14940.5,11211.5,5000.0,4000.0,2000.0,0.5,-6.0,-10.5,0.0,0.0,0.0,0.0,0.0,0.0,7459.0,0
3.051,18677.0,14948.0,11216.0,18672.5,14944.5,11213.5,5000.0,4000.0,3000.0,0.5,-6.0,-9.5,0.0,0.0,0.0,0.0,0.0,0.0,7461.0,0
3.052,18682.0,14952.0,11219.0,18677.5,14948.5,11216.5,5000.0,4000.0,3000.0,0.5,-6.0,-9.5,0.0,0.0,0.0,0.0,0.0,0.0,7463.0,0
3.053,18687.0,14956.0,11222.0,18682.5,14952.5,11219.5,5000.0,4000.0,3000.0,0.5,-6.0,-9.5,0.0,0.0,0.0,0.0,0.0,0.0,7465.0,0
3.0540000000000003,18692.0,14960.0,11225.0,18687.5,14956.5,11222.5,5000.0,4000.0,3000.0,0.5,-6.0,-9.5,0.0,0.0,0.0,0.0,0.0,0.0,7467.0,0
3.055,18697.0,14964.0,11228.0,18692.5,14960.5,11225.5,5000.0,4000.0,3000.0,0.5,-6.0,-9.5,0.0,0.0,0.0,0.0,0.0,0.0,7469.0,0
3.056,18702.0,14968.0,11231.0,18697.5,14964.5,11228.5,5000.0,4000.0,3000.0,0.5,-6.0,-9.5,0.0,0.0,0.0,0.0,0.0,0.0,7471.0,0
3.057,18707.0,14972.0,11234.0,18702.5,14968.5,11231.5,5000.0,4000.0,3000.0,0.5,-6.0,-9.5,0.0,0.0,0.0,0.0,0.0,0.0,7473.0,0
3.0580000000000003,18712.0,14976.0,11237.0,18707.5,14972.5,11234.5,5000.0,4000.0,3000.0,0.5,-6.0,-9.5,0.0,0.0,0.0,0.0,0.0,0.0,7475.0,0
3.059,18717.0,14980.0,11240.0,18712.5,14976.5,11237.5,5000.0,4000.0,3000.0,0.5,-6.0,-9.5,0.0,0.0,0.0,0.0,0.0,0.0,7477.0,0
3.06,18722.0,14984.0,11243.0,18717.5,14980.5,11240.5,5000.0,4000.0,3000.0,0.5,-6.0,-9.5,0.0,0.0,0.0,0.0,0.0,0.0,7479.0,0
3.061,18727.0,14988.0,11246.0,18722.5,14984.5,11243.5,5000.0,4000.0,3000.0,0.5,-6.0,-9.5,0.0,0.0,0.0,0.0,0.0,0.0,7481.0,0
3.0620000000000003,18732.0,14992.0,11249.0,18727.5,14988.5,11246.5,5000.0,4000.0,3000.0,0.5,-6.0,-9.5,0.0,0.0,0.0,0.0,0.0,0.0,7483.0,0
3.063,18737.0,14996.0,11252.0,18732.5,14992.5,11249.5,5000.0,4000.0,3000.0,0.5,-6.0,-9.5,0.0,0.0,0.0,0.0,0.0,0.0,7485.0,0
3.064,18742.0,15000.0,11255.0,18737.5,14996.5,11252.5,5000.0,4000.0,3000.0,0.5,-6.0,-9.5,0.0,0.0,0.0,0.0,0.0,0.0,7487.0,0
3.065,18747.0,15004.0,11258.0,18742.5,15000.5,11255.5,5000.0,4000.0,3000.0,0.5,-6.0,-9.5,0.0,0.0,0.0,0.0,0.0,0.0,7489.0,0
3.0660000000000003,18752.0,15008.0,11261.0,18747.5,15004.5,11258.5,5000.0,4000.0,3000.0,0.5,-6.0,-9.5,0.0,0.0,0.0,0.0,0.0,0.0,7491.0,0
3.067,18757.0,15012.0,11264.0,18752.5,15008.5,11261.5,5000.0,4000.0,3000.0,0.5,-6.0,-9.5,0.0,0.0,0.0,0.0,0.0,0.0,7493.0,0
3.068,18762.0,15016.0,11267.0,18757.5,15012.5,11264.5,5000.0,4000.0,3000.0,0.5,-6.0,-9.5,0.0,0.0,0.0,0.0,0.0,0.0,7495.0,0
3.069,18767.0,15020.0,11270.0,18762.5,15016.5,11267.5,5000.0,4000.0,3000.0,0.5,-6.0,-9.5,0.0,0.0,0.0,0.0,0.0,0.0,7497.0,0
3.0700000000000003,18772.0,15024.0,11273.0,18767.5,15020.5,11270.5,5000.0,4000.0,3000.0,0.5,-6.0,-9.5,0.0,0.0,0.0,0.0,0.0,0.0,7499.0,0
3.071,18777.0,15028.0,11276.0,18772.5,15024.5,11273.5,5000.0,4000.0,3000.0,0.5,-6.0,-9.5,0.0,0.0,0.0,0.0,0.0,0.0,7501.0,0
3.072,18783.0,15032.0,11279.0,18777.5,15028.5,11276.5,6000.0,4000.0,3000.0,0.5,-6.0,-9.5,0.0,0.0,0.0,0.0,0.0,0.0,7504.0,0
3.073,18788.0,15036.0,11282.0,18783.5,15032.5,11279.5,5000.0,4000.0,3000.0,0.5,-5.200000000000728,-8.899999999999636,0.0,0.0,0.0,0.0,0.0,0.0,7506.0,0
3.074,18793.0,15040.0,11285.0,18788.5,15036.5,11282.5,5000.0,4000.0,3000.0,0.5,-5.200000000000728,-8.899999999999636,0.0,0.0,0.0,0.0,0.0,0.0,7508.0,0
3.075,18798.0,15044.0,11288.0,18793.5,15040.5,11285.5,5000.0,4000.0,3000.0,0.5,-5.200000000000728,-8.899999999999636,0.0,0.0,0.0,0.0,0.0,0.0,7510.0,0
3.076,18803.0,15048.0,11291.0,18798.5,15044.5,11288.5,5000.0,4000.0,3000.0,0.5,-5.200000000000728,-8.899999999999636,0.0,0.0,0.0,0.0,0.0,0.0,7512.0,0
3.077,18808.0,15052.0,11294.0,18803.5,15048.5,11291.5,5000.0,4000.0,3000.0,0.5,-5.200000000000728,-8.899999999999636,0.0,0.0,0.0,0.0,0.0,0.0,7514.0,0
3.078,18813.0,15056.0,11297.0,18808.5,15052.5,11294.5,5000.0,4000.0,3000.0,0.5,-5.200000000000728,-8.899999999999636,0.0,0.0,0.0,0.0,0.0,0.0,7516.0,0
3.079,18818.0,15060.0,11300.0,18813.5,15056.5,11297.5,5000.0,4000.0,3000.0,0.5,-5.200000000000728,-8.899999999999636,0.0,0.0,0.0,0.0,0.0,0.0,7518.0,0
3.08,18823.0,15064.0,11303.0,18818.5,15060.5,11300.5,5000.0,4000.0,3000.0,0.5,-5.200000000000728,-8.899999999999636,0.0,0.0,0.0,0.0,0.0,0.0,7520.0,0
3.081,18828.0,15068.0,11306.0,18823.5,15064.5,11303.5,5000.0,4000.0,3000.0,0.5,-5.200000000000728,-8.899999999999636,0.0,0.0,0.0,0.0,0.0,0.0,7522.0,0
3.082,18833.0,15072.0,11309.0,18828.5,15068.5,11306.5,5000.0,4000.0,3000.0,0.5,-5.200000000000728,-8.899999999999636,0.0,0.0,0.0,0.0,0.0,0.0,7524.0,0
3.083,18838.0,15076.0,11312.0,18833.5,15072.5,11309.5,5000.0,4000.0,3000.0,0.5,-5.200000000000728,-8.899999999999636,0.0,0.0,0.0,0.0,0.0,0.0,7526.0,0
3.084,18843.0,15080.0,11315.0,18838.5,15076.5,11312.5,5000.0,4000.0,3000.0,0.5,-5.200000000000728,-8.899999999999636,0.0,0.0,0.0,0.0,0.0,0.0,7528.0,0
3.085,18848.0,15084.0,11318.0,18843.5,15080.5,11315.5,5000.0,4000.0,3000.0,0.5,-5.200000000000728,-8.899999999999636,0.0,0.0,0.0,0.0,0.0,0.0,7530.0,0
3.086,18853.0,15088.0,11321.0,18848.5,15084.5,11318.5,5000.0,4000.0,3000.0,0.5,-5.200000000000728,-8.899999999999636,0.0,0.0,0.0,0.0,0.0,0.0,7532.0,0
3.087,18858.0,15092.0,11324.0,18853.5,15088.5,11321.5,5000.0,4000.0,3000.0,0.5,-5.200000000000728,-8.899999999999636,0.0,0.0,0.0,0.0,0.0,0.0,7534.0,0
3.088,18863.0,15096.0,11327.0,18858.5,15092.5,11324.5,5000.0,4000.0,3000.0,0.5,-5.200000000000728,-8.899999999999636,0.0,0.0,0.0,0.0,0.0,0.0,7536.0,0
3.089,18868.0,15100.0,11330.0,18863.5,15096.5,11327.5,5000.0,4000.0,3000.0,0.5,-5.200000000000728,-8.899999999999636,0.0,0.0,0.0,0.0,0.0,0.0,7538.0,0
3.09,18873.0,15104.0,11333.0,18868.5,15100.5,11330.5,5000.0,4000.0,3000.0,0.5,-5.200000000000728,-8.899999999999636,0.0,0.0,0.0,0.0,0.0,0.0,7540.0,0
3.091,18878.0,15108.0,11336.0,18873.5,15104.5,11333.5,5000.0,4000.0,3000.0,0.5,-5.200000000000728,-8.899999999999636,0.0,0.0,0.0,0.0,0.0,0.0,7542.0,0
3.092,18883.0,15112.0,11339.0,18878.5,15108.5,11336.5,5000.0,4000.0,3000.0,0.5,-5.200000000000728,-8.899999999999636,0.0,0.0,0.0,0.0,0.0,0.0,7544.0,0
3.093,18888.0,15116.0,11342.0,18883.5,15112.5,11339.5,5000.0,4000.0,3000.0,0.5,-5.200000000000728,-8.899999999999636,0.0,0.0,0.0,0.0,0.0,0.0,7546.0,0
3.094,18893.0,15120.0,11345.0,18888.5,15116.5,11342.5,5000.0,4000.0,3000.0,0.5,-5.200000000000728,-8.899999999999636,0.0,0.0,0.0,0.0,0.0,0.0,7548.0,0
3.095,18898.0,15124.0,11348.0,18893.5,15120.5,11345.5,5000.0,4000.0,3000.0,0.5,-5.200000000000728,-8.899999999999636,0.0,0.0,0.0,0.0,0.0,0.0,7550.0,0
3.096,18903.0,15128.0,11351.0,18898.5,15124.5,11348.5,5000.0,4000.0,3000.0,0.5,-5.200000000000728,-8.899999999999636,0.0,0.0,0.0,0.0,0.0,0.0,7552.0,0
3.097,18908.0,15132.0,11354.0,18903.5,15128.5,11351.5,5000.0,4000.0,3000.0,0.5,-5.200000000000728,-8.899999999999636,0.0,0.0,0.0,0.0,0.0,0.0,7554.0,0
3.098,18913.0,15136.0,11357.0,18908.5,15132.5,11354.5,5000.0,4000.0,3000.0,0.5,-5.200000000000728,-8.899999999999636,0.0,0.0,0.0,0.0,0.0,0.0,7556.0,0
3.099,18918.0,15140.0,11360.0,18913.5,15136.5,11357.5,5000.0,4000.0,3000.0,0.5,-5.200000000000728,-8.899999999999636,0.0,0.0,0.0,0.0,0.0,0.0,7558.0,0
3.1,18923.0,15144.0,11362.0,18918.5,15140.5,11360.5,5000.0,4000.0,2000.0,0.5,-5.200000000000728,-8.899999999999636,0.0,0.0,0.0,0.0,0.0,0.0,7561.0,0
3.101,18928.0,15148.0,11365.0,18923.5,15144.5,11362.5,5000.0,4000.0,3000.0,0.5,-5.200000000000728,-7.899999999999636,0.0,0.0,0.0,0.0,0.0,0.0,7563.0,0
3.102,18933.0,15152.0,11368.0,18928.5,15148.5,11365.5,5000.0,4000.0,3000.0,0.5,-5.200000000000728,-7.899999999999636,0.0,0.0,0.0,0.0,0.0,0.0,7565.0,0
3.103,18938.0,15156.0,11371.0,18933.5,15152.5,11368.5,5000.0,4000.0,3000.0,0.5,-5.200000000000728,-7.899999999999636,0.0,0.0,0.0,0.0,0.0,0.0,7567.0,0
3.104,18943.0,15160.0,11374.0,18938.5,15156.5,11371.5,5000.0,4000.0,3000.0,0.5,-5.200000000000728,-7.899999999999636,0.0,0.0,0.0,0.0,0.0,0.0,7569.0,0
3.105,18948.0,15164.0,11377.0,18943.5,15160.5,11374.5,5000.0,4000.0,3000.0,0.5,-5.200000000000728,-7.899999999999636,0.0,0.0,0.0,0.0,0.0,0.0,7571.0,0
3.106,18953.0,15168.0,11380.0,18948.5,15164.5,11377.5,5000.0,4000.0,3000.0,0.5,-5.200000000000728,-7.899999999999636,0.0,0.0,0.0,0.0,0.0,0.0,7573.0,0
3.107,18958.0,15172.0,11383.0,18953.5,15168.5,11380.5,5000.0,4000.0,3000.0,0.5,-5.200000000000728,-7.899999999999636,0.0,0.0,0.0,0.0,0.0,0.0,7575.0,0
3.108,18963.0,15176.0,11386.0,18958.5,15172.5,11383.5,5000.0,4000.0,3000.0,0.5,-5.200000000000728,-7.899999999999636,0.0,0.0,0.0,0.0,0.0,0.0,7577.0,0
3.109,18968.0,15180.0,11389.0,18963.5,15176.5,11386.5,5000.0,4000.0,3000.0,0.5,-5.200000000000728,-7.899999999999636,0.0,0.0,0.0,0.0,0.0,0.0,7579.0,0
3.11,18973.0,15184.0,11392.0,18968.5,15180.5,11389.5,5000.0,4000.0,3000.0,0.5,-5.200000000000728,-7.899999999999636,0.0,0.0,0.0,0.0,0.0,0.0,7581.0,0
3.111,18978.0,15188.0,11395.0,18973.5,15184.5,11392.5,5000.0,4000.0,3000.0,0.5,-5.200000000000728,-7.899999999999636,0.0,0.0,0.0,0.0,0.0,0.0,7583.0,0
3.112,18983.0,15192.0,11398.0,18978.5,15188.5,11395.5,5000.0,4000.0,3000.0,0.5,-5.200000000000728,-7.899999999999636,0.0,0.0,0.0,0.0,0.0,0.0,7585.0,0
3.113,18988.0,15196.0,11401.0,18983.5,15192.5,11398.5,5000.0,4000.0,3000.0,0.5,-5.200000000000728,-7.899999999999636,0.0,0.0,0.0,0.0,0.0,0.0,7587.0,0
3.114,18993.0,15200.0,11404.0,18988.5,15196.5,11401.5,5000.0,4000.0,3000.0,0.5,-5.200000000000728,-7.899999999999636,0.0,0.0,0.0,0.0,0.0,0.0,7589.0,0
3.115,18998.0,15204.0,11407.0,18993.5,15200.5,11404.5,5000.0,4000.0,3000.0,0.5,-5.200000000000728,-7.899999999999636,0.0,0.0,0.0,0.0,0.0,0.0,7591.0,0
3.116,19003.0,15208.0,11410.0,18998.5,15204.5,11407.5,5000.0,4000.0,3000.0,0.5,-5.200000000000728,-7.899999999999636,0.0,0.0,0.0,0.0,0.0,0.0,7593.0,0
3.117,19009.0,15212.0,11413.0,19003.5,15208.5,11410.5,6000.0,4000.0,3000.0,0.5,-5.200000000000728,-7.899999999999636,0.0,0.0,0.0,0.0,0.0,0.0,7596.0,0
3.118,19014.0,15216.0,11416.0,19009.5,15212.5,11413.5,5000.0,4000.0,3000.0,0.5,-4.399999999999636,-7.299999999999272,0.0,0.0,0.0,0.0,0.0,0.0,7598.0,0
3.119,19019.0,15220.0,11419.0,19014.5,15216.5,11416.5,5000.0,4000.0,3000.0,0.5,-4.399999999999636,-7.299999999999272,0.0,0.0,0.0,0.0,0.0,0.0,7600.0,0
3.12,19024.0,15224.0,11422.0,19019.5,15220.5,11419.5,5000.0,4000.0,3000.0,0.5,-4.399999999999636,-7.299999999999272,0.0,0.0,0.0,0.0,0.0,0.0,7602.0,0
3.121,19029.0,15228.0,11425.0,19024.5,15224.5,11422.5,5000.0,4000.0,3000.0,0.5,-4.399999999999636,-7.299999999999272,0.0,0.0,0.0,0.0,0.0,0.0,7604.0,0
3.122,19034.0,15232.0,11428.0,19029.5,15228.5,11425.5,5000.0,4000.0,3000.0,0.5,-4.399999999999636,-7.299999999999272,0.0,0.0,0.0,0.0,0.0,0.0,7606.0,0
3.123,19039.0,15236.0,11431.0,19034.5,15232.5,11428.5,5000.0,4000.0,3000.0,0.5,-4.399999999999636,-7.299999999999272,0.0,0.0,0.0,0.0,0.0,0.0,7608.0,0
3.124,19044.0,15240.0,11434.0,19039.5,15236.5,11431.5,5000.0,4000.0,3000.0,0.5,-4.399999999999636,-7.299999999999272,0.0,0.0,0.0,0.0,0.0,0.0,7610.0,0
3.125,19049.0,15244.0,11437.0,19044.5,15240.5,11434.5,5000.0,4000.0,3000.0,0.5,-4.399999999999636,-7.299999999999272,0.0,0.0,0.0,0.0,0.0,0.0,7612.0,0
3.126,19054.0,15248.0,11440.0,19049.5,15244.5,11437.5,5000.0,4000.0,3000.0,0.5,-4.399999999999636,-7.299999999999272,0.0,0.0,0.0,0.0,0.0,0.0,7614.0,0
3.1270000000000002,19059.0,15252.0,11443.0,19054.5,15248.5,11440.5,5000.0,4000.0,3000.0,0.5,-4.399999999999636,-7.299999999999272,0.0,0.0,0.0,0.0,0.0,0.0,7616.0,0
3.128,19064.0,15256.0,11446.0,19059.5,15252.5,11443.5,5000.0,4000.0,3000.0,0.5,-4.399999999999636,-7.299999999999272,0.0,0.0,0.0,0.0,0.0,0.0,7618.0,0
3.129,19069.0,15260.0,11449.0,19064.5,15256.5,11446.5,5000.0,4000.0,3000.0,0.5,-4.399999999999636,-7.299999999999272,0.0,0.0,0.0,0.0,0.0,0.0,7620.0,0
3.13,19074.0,15264.0,11452.0,19069.5,15260.5,11449.5,5000.0,4000.0,3000.0,0.5,-4.399999999999636,-7.299999999999272,0.0,0.0,0.0,0.0,0.0,0.0,7622.0,0
3.1310000000000002,19079.0,15268.0,11455.0,19074.5,15264.5,11452.5,5000.0,4000.0,3000.0,0.5,-4.399999999999636,-7.299999999999272,0.0,0.0,0.0,0.0,0.0,0.0,7624.0,0
3.132,19084.0,15272.0,11458.0,19079.5,15268.5,11455.5,5000.0,4000.0,3000.0,0.5,-4.399999999999636,-7.299999999999272,0.0,0.0,0.0,0.0,0.0,0.0,7626.0,0
3.133,19089.0,15276.0,11461.0,19084.5,15272.5,11458.5,5000.0,4000.0,3000.0,0.5,-4.399999999999636,-7.299999999999272,0.0,0.0,0.0,0.0,0.0,0.0,7628.0,0
3.134,19094.0,15280.0,11464.0,19089.5,15276.5,11461.5,5000.0,4000.0,3000.0,0.5,-4.399999999999636,-7.299999999999272,0.0,0.0,0.0,0.0,0.0,0.0,7630.0,0
3.1350000000000002,19099.0,15284.0,11467.0,19094.5,15280.5,11464.5,5000.0,4000.0,3000.0,0.5,-4.399999999999636,-7.299999999999272,0.0,0.0,0.0,0.0,0.0,0.0,7632.0,0
3.136,19104.0,15288.0,11470.0,19099.5,15284.5,11467.5,5000.0,4000.0,3000.0,0.5,-4.399999999999636,-7.299999999999272,0.0,0.0,0.0,0.0,0.0,0.0,7634.0,0
3.137,19109.0,15292.0,11473.0,19104.5,15288.5,11470.5,5000.0,4000.0,3000.0,0.5,-4.399999999999636,-7.299999999999272,0.0,0.0,0.0,0.0,0.0,0.0,7636.0,0
3.138,19114.0,15296.0,11476.0,19109.5,15292.5,11473.5,5000.0,4000.0,3000.0,0.5,-4.399999999999636,-7.299999999999272,0.0,0.0,0.0,0.0,0.0,0.0,7638.0,0
3.1390000000000002,19119.0,15300.0,11479.0,19114.5,15296.5,11476.5,5000.0,4000.0,3000.0,0.5,-4.399999999999636,-7.299999999999272,0.0,0.0,0.0,0.0,0.0,0.0,7640.0,0
3.14,19124.0,15304.0,11482.0,19119.5,15300.5,11479.5,5000.0,4000.0,3000.0,0.5,-4.399999999999636,-7.299999999999272,0.0,0.0,0.0,0.0,0.0,0.0,7642.0,0
3.141,19129.0,15308.0,11485.0,19124.5,15304.5,11482.5,5000.0,4000.0,3000.0,0.5,-4.399999999999636,-7.299999999999272,0.0,0.0,0.0,0.0,0.0,0.0,7644.0,0
3.142,19134.0,15312.0,11488.0,19129.5,15308.5,11485.5,5000.0,4000.0,3000.0,0.5,-4.399999999999636,-7.299999999999272,0.0,0.0,0.0,0.0,0.0,0.0,7646.0,0
3.1430000000000002,19139.0,15316.0,11491.0,19134.5,15312.5,11488.5,5000.0,4000.0,3000.0,0.5,-4.399999999999636,-7.299999999999272,0.0,0.0,0.0,0.0,0.0,0.0,7648.0,0
3.144,19144.0,15320.0,11494.0,19139.5,15316.5,11491.5,5000.0,4000.0,3000.0,0.5,-4.399999999999636,-7.299999999999272,0.0,0.0,0.0,0.0,0.0,0.0,7650.0,0
3.145,19149.0,15324.0,11497.0,19144.5,15320.5,11494.5,5000.0,4000.0,3000.0,0.5,-4.399999999999636,-7.299999999999272,0.0,0.0,0.0,0.0,0.0,0.0,7652.0,0
3.146,19154.0,15328.0,11500.0,19149.5,15324.5,11497.5,5000.0,4000.0,3000.0,0.5,-4.399999999999636,-7.299999999999272,0.0,0.0,0.0,0.0,0.0,0.0,7654.0,0
3.1470000000000002,19159.0,15332.0,11503.0,19154.5,15328.5,11500.5,5000.0,4000.0,3000.0,0.5,-4.399999999999636,-7.299999999999272,0.0,0.0,0.0,0.0,0.0,0.0,7656.0,0
3.148,19164.0,15336.0,11506.0,19159.5,15332.5,11503.5,5000.0,4000.0,3000.0,0.5,-4.399999999999636,-7.299999999999272,0.0,0.0,0.0,0.0,0.0,0.0,7658.0,0
3.149,19169.0,15340.0,11509.0,19164.5,15336.5,11506.5,5000.0,4000.0,3000.0,0.5,-4.399999999999636,-7.299999999999272,0.0,0.0,0.0,0.0,0.0,0.0,7660.0,0
3.15,19174.0,15344.0,11512.0,19169.5,15340.5,11509.5,5000.0,4000.0,3000.0,0.5,-4.399999999999636,-7.299999999999272,0.0,0.0,0.0,0.0,0.0,0.0,7662.0,0
3.1510000000000002,19179.0,15348.0,11515.0,19174.5,15344.5,11512.5,5000.0,4000.0,3000.0,0.5,-4.399999999999636,-7.299999999999272,0.0,0.0,0.0,0.0,0.0,0.0,7664.0,0
3.152,19184.0,15352.0,11518.0,19179.5,15348.5,11515.5,5000.0,4000.0,3000.0,0.5,-4.399999999999636,-7.299999999999272,0.0,0.0,0.0,0.0,0.0,0.0,7666.0,0
3.153,19189.0,15356.0,11521.0,19184.5,15352.5,11518.5,5000.0,4000.0,3000.0,0.5,-4.399999999999636,-7.299999999999272,0.0,0.0,0.0,0.0,0.0,0.0,7668.0,0
3.154,19194.0,15360.0,11524.0,19189.5,15356.5,11521.5,5000.0,4000.0,3000.0,0.5,-4.399999999999636,-7.299999999999272,0.0,0.0,0.0,0.0,0.0,0.0,7670.0,0
3.1550000000000002,19199.0,15364.0,11527.0,19194.5,15360.5,11524.5,5000.0,4000.0,3000.0,0.5,-4.399999999999636,-7.299999999999272,0.0,0.0,0.0,0.0,0.0,0.0,7672.0,0
3.156,19204.0,15368.0,11530.0,19199.5,15364.5,11527.5,5000.0,4000.0,3000.0,0.5,-4.399999999999636,-7.299999999999272,0.0,0.0,0.0,0.0,0.0,0.0,7674.0,0
3.157,19209.0,15372.0,11533.0,19204.5,15368.5,11530.5,5000.0,4000.0,3000.0,0.5,-4.399999999999636,-7.299999999999272,0.0,0.0,0.0,0.0,0.0,0.0,7676.0,0
3.158,19214.0,15376.0,11536.0,19209.5,15372.5,11533.5,5000.0,4000.0,3000.0,0.5,-4.399999999999636,-7.299999999999272,0.0,0.0,0.0,0.0,0.0,0.0,7678.0,0
3.1590000000000003,19219.0,15380.0,11539.0,19214.5,15376.5,11536.5,5000.0,4000.0,3000.0,0.5,-4.399999999999636,-7.299999999999272,0.0,0.0,0.0,0.0,0.0,0.0,7680.0,0
3.16,19224.0,15385.0,11542.0,19219.5,15380.5,11539.5,5000.0,5000.0,3000.0,0.5,-4.399999999999636,-7.299999999999272,0.0,0.0,0.0,0.0,0.0,0.0,7682.0,0
3.161,19229.0,15389.0,11545.0,19224.5,15385.5,11542.5,5000.0,4000.0,3000.0,0.5,-5.399999999999636,-7.299999999999272,0.0,0.0,0.0,0.0,0.0,0.0,7684.0,0
3.162,19235.0,15393.0,11548.0,19229.5,15389.5,11545.5,6000.0,4000.0,3000.0,0.5,-5.399999999999636,-7.299999999999272,0.0,0.0,0.0,0.0,0.0,0.0,7687.0,0
3.1630000000000003,19240.0,15397.0,11551.0,19235.5,15393.5,11548.5,5000.0,4000.0,3000.0,0.5,-4.600000000000364,-6.700000000000728,0.0,0.0,0.0,0.0,0.0,0.0,7689.0,0
3.164,19245.0,15401.0,11554.0,19240.5,15397.5,11551.5,5000.0,4000.0,3000.0,0.5,-4.600000000000364,-6.700000000000728,0.0,0.0,0.0,0.0,0.0,0.0,7691.0,0
3.165,19250.0,15405.0,11557.0,19245.5,15401.5,11554.5,5000.0,4000.0,3000.0,0.5,-4.600000000000364,-6.700000000000728,0.0,0.0,0.0,0.0,0.0,0.0,7693.0,0
3.166,19255.0,15409.0,11560.0,19250.5,15405.5,11557.5,5000.0,4000.0,3000.0,0.5,-4.600000000000364,-6.700000000000728,0.0,0.0,0.0,0.0,0.0,0.0,7695.0,0
3.1670000000000003,19260.0,15413.0,11563.0,19255.5,15409.5,11560.5,5000.0,4000.0,3000.0,0.5,-4.600000000000364,-6.700000000000728,0.0,0.0,0.0,0.0,0.0,0.0,7697.0,0
3.168,19265.0,15417.0,11566.0,19260.5,15413.5,11563.5,5000.0,4000.0,3000.0,0.5,-4.600000000000364,-6.700000000000728,0.0,0.0,0.0,0.0,0.0,0.0,7699.0,0
3.169,19270.0,15421.0,11569.0,19265.5,15417.5,11566.5,5000.0,4000.0,3000.0,0.5,-4.600000000000364,-6.700000000000728,0.0,0.0,0.0,0.0,0.0,0.0,7701.0,0
3.17,19275.0,15425.0,11572.0,19270.5,15421.5,11569.5,5000.0,4000.0,3000.0,0.5,-4.600000000000364,-6.700000000000728,0.0,0.0,0.0,0.0,0.0,0.0,7703.0,0
3.1710000000000003,19280.0,15429.0,11575.0,19275.5,15425.5,11572.5,5000.0,4000.0,3000.0,0.5,-4.600000000000364,-6.700000000000728,0.0,0.0,0.0,0.0,0.0,0.0,7705.0,0
3.172,19285.0,15433.0,11578.0,19280.5,15429.5,11575.5,5000.0,4000.0,3000.0,0.5,-4.600000000000364,-6.700000000000728,0.0,0.0,0.0,0.0,0.0,0.0,7707.0,0
3.173,19290.0,15437.0,11580.0,19285.5,15433.5,11578.5,5000.0,4000.0,2000.0,0.5,-4.600000000000364,-6.700000000000728,0.0,0.0,0.0,0.0,0.0,0.0,7710.0,0
3.174,19295.0,15441.0,11583.0,19290.5,15437.5,11580.5,5000.0,4000.0,3000.0,0.5,-4.600000000000364,-5.700000000000728,0.0,0.0,0.0,0.0,0.0,0.0,7712.0,0
3.1750000000000003,19300.0,15445.0,11586.0,19295.5,15441.5,11583.5,5000.0,4000.0,3000.0,0.5,-4.600000000000364,-5.700000000000728,0.0,0.0,0.0,0.0,0.0,0.0,7714.0,0
3.176,19305.0,15449.0,11589.0,19300.5,15445.5,11586.5,5000.0,4000.0,3000.0,0.5,-4.600000000000364,-5.700000000000728,0.0,0.0,0.0,0.0,0.0,0.0,7716.0,0
3.177,19310.0,15453.0,11592.0,19305.5,15449.5,11589.5,5000.0,4000.0,3000.0,0.5,-4.600000000000364,-5.700000000000728,0.0,0.0,0.0,0.0,0.0,0.0,7718.0,0
3.178,19315.0,15457.0,11595.0,19310.5,15453.5,11592.5,5000.0,4000.0,3000.0,0.5,-4.600000000000364,-5.700000000000728,0.0,0.0,0.0,0.0,0.0,0.0,7720.0,0
3.1790000000000003,19320.0,15461.0,11598.0,19315.5,15457.5,11595.5,5000.0,4000.0,3000.0,0.5,-4.600000000000364,-5.700000000000728,0.0,0.0,0.0,0.0,0.0,0.0,7722.0,0
3.18,19325.0,15465.0,11601.0,19320.5,15461.5,11598.5,5000.0,4000.0,3000.0,0.5,-4.600000000000364,-5.700000000000728,0.0,0.0,0.0,0.0,0.0,0.0,7724.0,0
3.181,19330.0,15469.0,11604.0,19325.5,15465.5,11601.5,5000.0,4000.0,3000.0,0.5,-4.600000000000364,-5.700000000000728,0.0,0.0,0.0,0.0,0.0,0.0,7726.0,0
3.182,19335.0,15473.0,11607.0,19330.5,15469.5,11604.5,5000.0,4000.0,3000.0,0.5,-4.600000000000364,-5.700000000000728,0.0,0.0,0.0,0.0,0.0,0.0,7728.0,0
3.1830000000000003,19340.0,15477.0,11610.0,19335.5,15473.5,11607.5,5000.0,4000.0,3000.0,0.5,-4.600000000000364,-5.700000000000728,0.0,0.0,0.0,0.0,0.0,0.0,7730.0,0
3.184,19345.0,15481.0,11613.0,19340.5,15477.5,11610.5,5000.0,4000.0,3000.0,0.5,-4.600000000000364,-5.700000000000728,0.0,0.0,0.0,0.0,0.0,0.0,7732.0,0
3.185,19350.0,15485.0,11616.0,19345.5,15481.5,11613.5,5000.0,4000.0,3000.0,0.5,-4.600000000000364,-5.700000000000728,0.0,0.0,0.0,0.0,0.0,0.0,7734.0,0
3.186,19355.0,15489.0,11619.0,19350.5,15485.5,11616.5,5000.0,4000.0,3000.0,0.5,-4.600000000000364,-5.700000000000728,0.0,0.0,0.0,0.0,0.0,0.0,7736.0,0
3.1870000000000003,19360.0,15493.0,11622.0,19355.5,15489.5,11619.5,5000.0,4000.0,3000.0,0.5,-4.600000000000364,-5.700000000000728,0.0,0.0,0.0,0.0,0.0,0.0,7738.0,0
3.188,19365.0,15497.0,11625.0,19360.5,15493.5,11622.5,5000.0,4000.0,3000.0,0.5,-4.600000000000364,-5.700000000000728,0.0,0.0,0.0,0.0,0.0,0.0,7740.0,0
3.189,19370.0,15501.0,11628.0,19365.5,15497.5,11625.5,5000.0,4000.0,3000.0,0.5,-4.600000000000364,-5.700000000000728,0.0,0.0,0.0,0.0,0.0,0.0,7742.0,0
3.19,19375.0,15505.0,11631.0,19370.5,15501.5,11628.5,5000.0,4000.0,3000.0,0.5,-4.600000000000364,-5.700000000000728,0.0,0.0,0.0,0.0,0.0,0.0,7744.0,0
3.1910000000000003,19380.0,15509.0,11634.0,19375.5,15505.5,11631.5,5000.0,4000.0,3000.0,0.5,-4.600000000000364,-5.700000000000728,0.0,0.0,0.0,0.0,0.0,0.0,7746.0,0
3.192,19385.0,15513.0,11637.0,19380.5,15509.5,11634.5,5000.0,4000.0,3000.0,0.5,-4.600000000000364,-5.700000000000728,0.0,0.0,0.0,0.0,0.0,0.0,7748.0,0
3.193,19390.0,15517.0,11640.0,19385.5,15513.5,11637.5,5000.0,4000.0,3000.0,0.5,-4.600000000000364,-5.700000000000728,0.0,0.0,0.0,0.0,0.0,0.0,7750.0,0
3.194,19395.0,15521.0,11643.0,19390.5,15517.5,11640.5,5000.0,4000.0,3000.0,0.5,-4.600000000000364,-5.700000000000728,0.0,0.0,0.0,0.0,0.0,0.0,7752.0,0
3.1950000000000003,19400.0,15525.0,11646.0,19395.5,15521.5,11643.5,5000.0,4000.0,3000.0,0.5,-4.600000000000364,-5.700000000000728,0.0,0.0,0.0,0.0,0.0,0.0,7754.0,0
3.196,19405.0,15529.0,11649.0,19400.5,15525.5,11646.5,5000.0,4000.0,3000.0,0.5,-4.600000000000364,-5.700000000000728,0.0,0.0,0.0,0.0,0.0,0.0,7756.0,0
3.197,19410.0,15533.0,11652.0,19405.5,15529.5,11649.5,5000.0,4000.0,3000.0,0.5,-4.600000000000364,-5.700000000000728,0.0,0.0,0.0,0.0,0.0,0.0,7758.0,0
3.198,19415.0,15537.0,11655.0,19410.5,15533.5,11652.5,5000.0,4000.0,3000.0,0.5,-4.600000000000364,-5.700000000000728,0.0,0.0,0.0,0.0,0.0,0.0,7760.0,0
3.1990000000000003,19420.0,15541.0,11658.0,19415.5,15537.5,11655.5,5000.0,4000.0,3000.0,0.5,-4.600000000000364,-5.700000000000728,0.0,0.0,0.0,0.0,0.0,0.0,7762.0,0
3.2,19425.0,15545.0,11661.0,19420.5,15541.5,11658.5,5000.0,4000.0,3000.0,0.5,-4.600000000000364,-5.700000000000728,0.0,0.0,0.0,0.0,0.0,0.0,7764.0,0
3.201,19430.0,15549.0,11664.0,19425.5,15545.5,11661.5,5000.0,4000.0,3000.0,0.5,-4.600000000000364,-5.700000000000728,0.0,0.0,0.0,0.0,0.0,0.0,7766.0,0
3.202,19435.0,15553.0,11667.0,19430.5,15549.5,11664.5,5000.0,4000.0,3000.0,0.5,-4.600000000000364,-5.700000000000728,0.0,0.0,0.0,0.0,0.0,0.0,7768.0,0
3.203,19440.0,15557.0,11670.0,19435.5,15553.5,11667.5,5000.0,4000.0,3000.0,0.5,-4.600000000000364,-5.700000000000728,0.0,0.0,0.0,0.0,0.0,0.0,7770.0,0
3.204,19445.0,15561.0,11673.0,19440.5,15557.5,11670.5,5000.0,4000.0,3000.0,0.5,-4.600000000000364,-5.700000000000728,0.0,0.0,0.0,0.0,0.0,0.0,7772.0,0
3.205,19450.0,15565.0,11676.0,19445.5,15561.5,11673.5,5000.0,4000.0,3000.0,0.5,-4.600000000000364,-5.700000000000728,0.0,0.0,0.0,0.0,0.0,0.0,7774.0,0
3.206,19455.0,15569.0,11679.0,19450.5,15565.5,11676.5,5000.0,4000.0,3000.0,0.5,-4.600000000000364,-5.700000000000728,0.0,0.0,0.0,0.0,0.0,0.0,7776.0,0
3.207,19461.0,15573.0,11682.0,19455.5,15569.5,11679.5,6000.0,4000.0,3000.0,0.5,-4.600000000000364,-5.700000000000728,0.0,0.0,0.0,0.0,0.0,0.0,7779.0,0
3.208,19466.0,15577.0,11685.0,19461.5,15573.5,11682.5,5000.0,4000.0,3000.0,0.5,-3.7999999999992724,-5.100000000000364,0.0,0.0,0.0,0.0,0.0,0.0,7781.0,0
3.209,19471.0,15581.0,11688.0,19466.5,15577.5,11685.5,5000.0,4000.0,3000.0,0.5,-3.7999999999992724,-5.100000000000364,0.0,0.0,0.0,0.0,0.0,0.0,7783.0,0
3.21,19476.0,15585.0,11691.0,19471.5,15581.5,11688.5,5000.0,4000.0,3000.0,0.5,-3.7999999999992724,-5.100000000000364,0.0,0.0,0.0,0.0,0.0,0.0,7785.0,0
3.211,19481.0,15589.0,11694.0,19476.5,15585.5,11691.5,5000.0,4000.0,3000.0,0.5,-3.7999999999992724,-5.100000000000364,0.0,0.0,0.0,0.0,0.0,0.0,7787.0,0
3.212,19486.0,15593.0,11697.0,19481.5,15589.5,11694.5,5000.0,4000.0,3000.0,0.5,-3.7999999999992724,-5.100000000000364,0.0,0.0,0.0,0.0,0.0,0.0,7789.0,0
3.213,19491.0,15597.0,11700.0,19486.5,15593.5,11697.5,5000.0,4000.0,3000.0,0.5,-3.7999999999992724,-5.100000000000364,0.0,0.0,0.0,0.0,0.0,0.0,7791.0,0
3.214,19496.0,15601.0,11703.0,19491.5,15597.5,11700.5,5000.0,4000.0,3000.0,0.5,-3.7999999999992724,-5.100000000000364,0.0,0.0,0.0,0.0,0.0,0.0,7793.0,0
3.215,19501.0,15605.0,11706.0,19496.5,15601.5,11703.5,5000.0,4000.0,3000.0,0.5,-3.7999999999992724,-5.100000000000364,0.0,0.0,0.0,0.0,0.0,0.0,7795.0,0
3.216,19506.0,15609.0,11709.0,19501.5,15605.5,11706.5,5000.0,4000.0,3000.0,0.5,-3.7999999999992724,-5.100000000000364,0.0,0.0,0.0,0.0,0.0,0.0,7797.0,0
3.217,19511.0,15613.0,11712.0,19506.5,15609.5,11709.5,5000.0,4000.0,3000.0,0.5,-3.7999999999992724,-5.100000000000364,0.0,0.0,0.0,0.0,0.0,0.0,7799.0,0
3.218,19516.0,15617.0,11715.0,19511.5,15613.5,11712.5,5000.0,4000.0,3000.0,0.5,-3.7999999999992724,-5.100000000000364,0.0,0.0,0.0,0.0,0.0,0.0,7801.0,0
3.219,19521.0,15621.0,11718.0,19516.5,15617.5,11715.5,5000.0,4000.0,3000.0,0.5,-3.7999999999992724,-5.100000000000364,0.0,0.0,0.0,0.0,0.0,0.0,7803.0,0
3.22,19526.0,15625.0,11721.0,19521.5,15621.5,11718.5,5000.0,4000.0,3000.0,0.5,-3.7999999999992724,-5.100000000000364,0.0,0.0,0.0,0.0,0.0,0.0,7805.0,0
3.221,19531.0,15629.0,11724.0,19526.5,15625.5,11721.5,5000.0,4000.0,3000.0,0.5,-3.7999999999992724,-5.100000000000364,0.0,0.0,0.0,0.0,0.0,0.0,7807.0,0
3.222,19536.0,15633.0,11727.0,19531.5,15629.5,11724.5,5000.0,4000.0,3000.0,0.5,-3.7999999999992724,-5.100000000000364,0.0,0.0,0.0,0.0,0.0,0.0,7809.0,0
3.223,19541.0,15637.0,11730.0,19536.5,15633.5,11727.5,5000.0,4000.0,3000.0,0.5,-3.7999999999992724,-5.100000000000364,0.0,0.0,0.0,0.0,0.0,0.0,7811.0,0
3.224,19546.0,15641.0,11733.0,19541.5,15637.5,11730.5,5000.0,4000.0,3000.0,0.5,-3.7999999999992724,-5.100000000000364,0.0,0.0,0.0,0.0,0.0,0.0,7813.0,0
3.225,19551.0,15645.0,11736.0,19546.5,15641.5,11733.5,5000.0,4000.0,3000.0,0.5,-3.7999999999992724,-5.100000000000364,0.0,0.0,0.0,0.0,0.0,0.0,7815.0,0
3.226,19556.0,15649.0,11739.0,19551.5,15645.5,11736.5,5000.0,4000.0,3000.0,0.5,-3.7999999999992724,-5.100000000000364,0.0,0.0,0.0,0.0,0.0,0.0,7817.0,0
3.227,19561.0,15653.0,11742.0,19556.5,15649.5,11739.5,5000.0,4000.0,3000.0,0.5,-3.7999999999992724,-5.100000000000364,0.0,0.0,0.0,0.0,0.0,0.0,7819.0,0
3.228,19566.0,15657.0,11745.0,19561.5,15653.5,11742.5,5000.0,4000.0,3000.0,0.5,-3.7999999999992724,-5.100000000000364,0.0,0.0,0.0,0.0,0.0,0.0,7821.0,0
3.229,19571.0,15661.0,11748.0,19566.5,15657.5,11745.5,5000.0,4000.0,3000.0,0.5,-3.7999999999992724,-5.100000000000364,0.0,0.0,0.0,0.0,0.0,0.0,7823.0,0
3.23,19576.0,15665.0,11751.0,19571.5,15661.5,11748.5,5000.0,4000.0,3000.0,0.5,-3.7999999999992724,-5.100000000000364,0.0,0.0,0.0,0.0,0.0,0.0,7825.0,0
3.231,19581.0,15669.0,11754.0,19576.5,15665.5,11751.5,5000.0,4000.0,3000.0,0.5,-3.7999999999992724,-5.100000000000364,0.0,0.0,0.0,0.0,0.0,0.0,7827.0,0
3.232,19586.0,15673.0,11757.0,19581.5,15669.5,11754.5,5000.0,4000.0,3000.0,0.5,-3.7999999999992724,-5.100000000000364,0.0,0.0,0.0,0.0,0.0,0.0,7829.0,0
3.233,19591.0,15677.0,11760.0,19586.5,15673.5,11757.5,5000.0,4000.0,3000.0,0.5,-3.7999999999992724,-5.100000000000364,0.0,0.0,0.0,0.0,0.0,0.0,7831.0,0
3.234,19596.0,15681.0,11763.0,19591.5,15677.5,11760.5,5000.0,4000.0,3000.0,0.5,-3.7999999999992724,-5.100000000000364,0.0,0.0,0.0,0.0,0.0,0.0,7833.0,0
3.235,19601.0,15685.0,11766.0,19596.5,15681.5,11763.5,5000.0,4000.0,3000.0,0.5,-3.7999999999992724,-5.100000000000364,0.0,0.0,0.0,0.0,0.0,0.0,7835.0,0
3.236,19606.0,15689.0,11769.0,19601.5,15685.5,11766.5,5000.0,4000.0,3000.0,0.5,-3.7999999999992724,-5.100000000000364,0.0,0.0,0.0,0.0,0.0,0.0,7837.0,0
3.237,19611.0,15693.0,11772.0,19606.5,15689.5,11769.5,5000.0,4000.0,3000.0,0.5,-3.7999999999992724,-5.100000000000364,0.0,0.0,0.0,0.0,0.0,0.0,7839.0,0
3.238,19616.0,15697.0,11775.0,19611.5,15693.5,11772.5,5000.0,4000.0,3000.0,0.5,-3.7999999999992724,-5.100000000000364,0.0,0.0,0.0,0.0,0.0,0.0,7841.0,0
3.239,19621.0,15701.0,11778.0,19616.5,15697.5,11775.5,5000.0,4000.0,3000.0,0.5,-3.7999999999992724,-5.100000000000364,0.0,0.0,0.0,0.0,0.0,0.0,7843.0,0
3.24,19626.0,15705.0,11781.0,19621.5,15701.5,11778.5,5000.0,4000.0,3000.0,0.5,-3.7999999999992724,-5.100000000000364,0.0,0.0,0.0,0.0,0.0,0.0,7845.0,0
3.241,19631.0,15709.0,11784.0,19626.5,15705.5,11781.5,5000.0,4000.0,3000.0,0.5,-3.7999999999992724,-5.100000000000364,0.0,0.0,0.0,0.0,0.0,0.0,7847.0,0
3.242,19636.0,15713.0,11787.0,19631.5,15709.5,11784.5,5000.0,4000.0,3000.0,0.5,-3.7999999999992724,-5.100000000000364,0.0,0.0,0.0,0.0,0.0,0.0,7849.0,0
3.243,19641.0,15717.0,11790.0,19636.5,15713.5,11787.5,5000.0,4000.0,3000.0,0.5,-3.7999999999992724,-5.100000000000364,0.0,0.0,0.0,0.0,0.0,0.0,7851.0,0
3.244,19646.0,15721.0,11793.0,19641.5,15717.5,11790.5,5000.0,4000.0,3000.0,0.5,-3.7999999999992724,-5.100000000000364,0.0,0.0,0.0,0.0,0.0,0.0,7853.0,0
3.245,19651.0,15725.0,11796.0,19646.5,15721.5,11793.5,5000.0,4000.0,3000.0,0.5,-3.7999999999992724,-5.100000000000364,0.0,0.0,0.0,0.0,0.0,0.0,7855.0,0
3.246,19656.0,15729.0,11798.0,19651.5,15725.5,11796.5,5000.0,4000.0,2000.0,0.5,-3.7999999999992724,-5.100000000000364,0.0,0.0,0.0,0.0,0.0,0.0,7858.0,0
3.247,19661.0,15733.0,11801.0,19656.5,15729.5,11798.5,5000.0,4000.0,3000.0,0.5,-3.7999999999992724,-4.100000000000364,0.0,0.0,0.0,0.0,0.0,0.0,7860.0,0
3.248,19666.0,15737.0,11804.0,19661.5,15733.5,11801.5,5000.0,4000.0,3000.0,0.5,-3.7999999999992724,-4.100000000000364,0.0,0.0,0.0,0.0,0.0,0.0,7862.0,0
3.249,19671.0,15741.0,11807.0,19666.5,15737.5,11804.5,5000.0,4000.0,3000.0,0.5,-3.7999999999992724,-4.100000000000364,0.0,0.0,0.0,0.0,0.0,0.0,7864.0,0
3.25,19676.0,15745.0,11810.0,19671.5,15741.5,11807.5,5000.0,4000.0,3000.0,0.5,-3.7999999999992724,-4.100000000000364,0.0,0.0,0.0,0.0,0.0,0.0,7866.0,0
3.251,19681.0,15749.0,11813.0,19676.5,15745.5,11810.5,5000.0,4000.0,3000.0,0.5,-3.7999999999992724,-4.100000000000364,0.0,0.0,0.0,0.0,0.0,0.0,7868.0,0
3.2520000000000002,19687.0,15753.0,11816.0,19681.5,15749.5,11813.5,6000.0,4000.0,3000.0,0.5,-3.7999999999992724,-4.100000000000364,0.0,0.0,0.0,0.0,0.0,0.0,7871.0,0
3.253,19692.0,15757.0,11819.0,19687.5,15753.5,11816.5,5000.0,4000.0,3000.0,0.5,-3.0,-3.5,0.0,0.0,0.0,0.0,0.0,0.0,7873.0,0
3.254,19697.0,15761.0,11822.0,19692.5,15757.5,11819.5,5000.0,4000.0,3000.0,0.5,-3.0,-3.5,0.0,0.0,0.0,0.0,0.0,0.0,7875.0,0
3.255,19702.0,15765.0,11825.0,19697.5,15761.5,11822.5,5000.0,4000.0,3000.0,0.5,-3.0,-3.5,0.0,0.0,0.0,0.0,0.0,0.0,7877.0,0
3.2560000000000002,19707.0,15769.0,11828.0,19702.5,15765.5,11825.5,5000.0,4000.0,3000.0,0.5,-3.0,-3.5,0.0,0.0,0.0,0.0,0.0,0.0,7879.0,0
3.257,19712.0,15773.0,11831.0,19707.5,15769.5,11828.5,5000.0,4000.0,3000.0,0.5,-3.0,-3.5,0.0,0.0,0.0,0.0,0.0,0.0,7881.0,0
3.258,19717.0,15777.0,11834.0,19712.5,15773.5,11831.5,5000.0,4000.0,3000.0,0.5,-3.0,-3.5,0.0,0.0,0.0,0.0,0.0,0.0,7883.0,0
3.259,19722.0,15781.0,11837.0,19717.5,15777.5,11834.5,5000.0,4000.0,3000.0,0.5,-3.0,-3.5,0.0,0.0,0.0,0.0,0.0,0.0,7885.0,0
3.2600000000000002,19727.0,15785.0,11840.0,19722.5,15781.5,11837.5,5000.0,4000.0,3000.0,0.5,-3.0,-3.5,0.0,0.0,0.0,0.0,0.0,0.0,7887.0,0
3.261,19732.0,15789.0,11843.0,19727.5,15785.5,11840.5,5000.0,4000.0,3000.0,0.5,-3.0,-3.5,0.0,0.0,0.0,0.0,0.0,0.0,7889.0,0
3.262,19737.0,15793.0,11846.0,19732.5,15789.5,11843.5,5000.0,4000.0,3000.0,0.5,-3.0,-3.5,0.0,0.0,0.0,0.0,0.0,0.0,7891.0,0
3.263,19742.0,15797.0,11849.0,19737.5,15793.5,11846.5,5000.0,4000.0,3000.0,0.5,-3.0,-3.5,0.0,0.0,0.0,0.0,0.0,0.0,7893.0,0
3.2640000000000002,19747.0,15801.0,11852.0,19742.5,15797.5,11849.5,5000.0,4000.0,3000.0,0.5,-3.0,-3.5,0.0,0.0,0.0,0.0,0.0,0.0,7895.0,0
3.265,19752.0,15805.0,11855.0,19747.5,15801.5,11852.5,5000.0,4000.0,3000.0,0.5,-3.0,-3.5,0.0,0.0,0.0,0.0,0.0,0.0,7897.0,0
3.266,19757.0,15809.0,11858.0,19752.5,15805.5,11855.5,5000.0,4000.0,3000.0,0.5,-3.0,-3.5,0.0,0.0,0.0,0.0,0.0,0.0,7899.0,0
3.267,19762.0,15813.0,11861.0,19757.5,15809.5,11858.5,5000.0,4000.0,3000.0,0.5,-3.0,-3.5,0.0,0.0,0.0,0.0,0.0,0.0,7901.0,0
3.2680000000000002,19767.0,15817.0,11864.0,19762.5,15813.5,11861.5,5000.0,4000.0,3000.0,0.5,-3.0,-3.5,0.0,0.0,0.0,0.0,0.0,0.0,7903.0,0
3.269,19772.0,15821.0,11867.0,19767.5,15817.5,11864.5,5000.0,4000.0,3000.0,0.5,-3.0,-3.5,0.0,0.0,0.0,0.0,0.0,0.0,7905.0,0
3.27,19777.0,15825.0,11870.0,19772.5,15821.5,11867.5,5000.0,4000.0,3000.0,0.5,-3.0,-3.5,0.0,0.0,0.0,0.0,0.0,0.0,7907.0,0
3.271,19782.0,15829.0,11873.0,19777.5,15825.5,11870.5,5000.0,4000.0,3000.0,0.5,-3.0,-3.5,0.0,0.0,0.0,0.0,0.0,0.0,7909.0,0
3.2720000000000002,19787.0,15833.0,11876.0,19782.5,15829.5,11873.5,5000.0,4000.0,3000.0,0.5,-3.0,-3.5,0.0,0.0,0.0,0.0,0.0,0.0,7911.0,0
3.273,19792.0,15837.0,11879.0,19787.5,15833.5,11876.5,5000.0,4000.0,3000.0,0.5,-3.0,-3.5,0.0,0.0,0.0,0.0,0.0,0.0,7913.0,0
3.274,19797.0,15841.0,11882.0,19792.5,15837.5,11879.5,5000.0,4000.0,3000.0,0.5,-3.0,-3.5,0.0,0.0,0.0,0.0,0.0,0.0,7915.0,0
3.275,19802.0,15845.0,11885.0,19797.5,15841.5,11882.5,5000.0,4000.0,3000.0,0.5,-3.0,-3.5,0.0,0.0,0.0,0.0,0.0,0.0,7917.0,0
3.2760000000000002,19807.0,15849.0,11888.0,19802.5,15845.5,11885.5,5000.0,4000.0,3000.0,0.5,-3.0,-3.5,0.0,0.0,0.0,0.0,0.0,0.0,7919.0,0
3.277,19812.0,15853.0,11891.0,19807.5,15849.5,11888.5,5000.0,4000.0,3000.0,0.5,-3.0,-3.5,0.0,0.0,0.0,0.0,0.0,0.0,7921.0,0
3.278,19817.0,15857.0,11894.0,19812.5,15853.5,11891.5,5000.0,4000.0,3000.0,0.5,-3.0,-3.5,0.0,0.0,0.0,0.0,0.0,0.0,7923.0,0
3.279,19822.0,15861.0,11897.0,19817.5,15857.5,11894.5,5000.0,4000.0,3000.0,0.5,-3.0,-3.5,0.0,0.0,0.0,0.0,0.0,0.0,7925.0,0
3.2800000000000002,19827.0,15865.0,11900.0,19822.5,15861.5,11897.5,5000.0,4000.0,3000.0,0.5,-3.0,-3.5,0.0,0.0,0.0,0.0,0.0,0.0,7927.0,0
3.281,19832.0,15869.0,11903.0,19827.5,15865.5,11900.5,5000.0,4000.0,3000.0,0.5,-3.0,-3.5,0.0,0.0,0.0,0.0,0.0,0.0,7929.0,0
3.282,19837.0,15873.0,11906.0,19832.5,15869.5,11903.5,5000.0,4000.0,3000.0,0.5,-3.0,-3.5,0.0,0.0,0.0,0.0,0.0,0.0,7931.0,0
3.283,19842.0,15877.0,11909.0,19837.5,15873.5,11906.5,5000.0,4000.0,3000.0,0.5,-3.0,-3.5,0.0,0.0,0.0,0.0,0.0,0.0,7933.0,0
3.2840000000000003,19847.0,15881.0,11912.0,19842.5,15877.5,11909.5,5000.0,4000.0,3000.0,0.5,-3.0,-3.5,0.0,0.0,0.0,0.0,0.0,0.0,7935.0,0
3.285,19852.0,15885.0,11915.0,19847.5,15881.5,11912.5,5000.0,4000.0,3000.0,0.5,-3.0,-3.5,0.0,0.0,0.0,0.0,0.0,0.0,7937.0,0
3.286,19857.0,15889.0,11918.0,19852.5,15885.5,11915.5,5000.0,4000.0,3000.0,0.5,-3.0,-3.5,0.0,0.0,0.0,0.0,0.0,0.0,7939.0,0
3.287,19862.0,15893.0,11921.0,19857.5,15889.5,11918.5,5000.0,4000.0,3000.0,0.5,-3.0,-3.5,0.0,0.0,0.0,0.0,0.0,0.0,7941.0,0
3.2880000000000003,19867.0,15897.0,11924.0,19862.5,15893.5,11921.5,5000.0,4000.0,3000.0,0.5,-3.0,-3.5,0.0,0.0,0.0,0.0,0.0,0.0,7943.0,0
3.289,19872.0,15901.0,11927.0,19867.5,15897.5,11924.5,5000.0,4000.0,3000.0,0.5,-3.0,-3.5,0.0,0.0,0.0,0.0,0.0,0.0,7945.0,0
3.29,19877.0,15905.0,11930.0,19872.5,15901.5,11927.5,5000.0,4000.0,3000.0,0.5,-3.0,-3.5,0.0,0.0,0.0,0.0,0.0,0.0,7947.0,0
3.291,19882.0,15909.0,11933.0,19877.5,15905.5,11930.5,5000.0,4000.0,3000.0,0.5,-3.0,-3.5,0.0,0.0,0.0,0.0,0.0,0.0,7949.0,0
3.2920000000000003,19887.0,15913.0,11936.0,19882.5,15909.5,11933.5,5000.0,4000.0,3000.0,0.5,-3.0,-3.5,0.0,0.0,0.0,0.0,0.0,0.0,7951.0,0
3.293,19892.0,15917.0,11939.0,19887.5,15913.5,11936.5,5000.0,4000.0,3000.0,0.5,-3.0,-3.5,0.0,0.0,0.0,0.0,0.0,0.0,7953.0,0
3.294,19897.0,15921.0,11942.0,19892.5,15917.5,11939.5,5000.0,4000.0,3000.0,0.5,-3.0,-3.5,0.0,0.0,0.0,0.0,0.0,0.0,7955.0,0
3.295,19902.0,15925.0,11945.0,19897.5,15921.5,11942.5,5000.0,4000.0,3000.0,0.5,-3.0,-3.5,0.0,0.0,0.0,0.0,0.0,0.0,7957.0,0
3.2960000000000003,19907.0,15929.0,11948.0,19902.5,15925.5,11945.5,5000.0,4000.0,3000.0,0.5,-3.0,-3.5,0.0,0.0,0.0,0.0,0.0,0.0,7959.0,0
3.297,19913.0,15933.0,11951.0,19907.5,15929.5,11948.5,6000.0,4000.0,3000.0,0.5,-3.0,-3.5,0.0,0.0,0.0,0.0,0.0,0.0,7962.0,0
3.298,19918.0,15937.0,11954.0,19913.5,15933.5,11951.5,5000.0,4000.0,3000.0,0.5,-2.2000000000007276,-2.899999999999636,0.0,0.0,0.0,0.0,0.0,0.0,7964.0,0
3.299,19923.0,15941.0,11957.0,19918.5,15937.5,11954.5,5000.0,4000.0,3000.0,0.5,-2.2000000000007276,-2.899999999999636,0.0,0.0,0.0,0.0,0.0,0.0,7966.0,0
3.3000000000000003,19928.0,15945.0,11960.0,19923.5,15941.5,11957.5,5000.0,4000.0,3000.0,0.5,-2.2000000000007276,-2.899999999999636,0.0,0.0,0.0,0.0,0.0,0.0,7968.0,0
3.301,19933.0,15949.0,11963.0,19928.5,15945.5,11960.5,5000.0,4000.0,3000.0,0.5,-2.2000000000007276,-2.899999999999636,0.0,0.0,0.0,0.0,0.0,0.0,7970.0,0
3.302,19938.0,15953.0,11966.0,19933.5,15949.5,11963.5,5000.0,4000.0,3000.0,0.5,-2.2000000000007276,-2.899999999999636,0.0,0.0,0.0,0.0,0.0,0.0,7972.0,0
3.303,19942.0,15957.0,11969.0,19938.5,15953.5,11966.5,4000.0,4000.0,3000.0,0.5,-2.2000000000007276,-2.899999999999636,0.0,0.0,0.0,0.0,0.0,0.0,7973.0,0
3.3040000000000003,19947.0,15961.0,11972.0,19942.5,15957.5,11969.5,5000.0,4000.0,3000.0,0.5,-3.0,-3.5,0.0,0.0,0.0,0.0,0.0,0.0,7975.0,0
3.305,19952.0,15965.0,11975.0,19947.5,15961.5,11972.5,5000.0,4000.0,3000.0,0.5,-3.0,-3.5,0.0,0.0,0.0,0.0,0.0,0.0,7977.0,0
3.306,19956.0,15969.0,11978.0,19952.5,15965.5,11975.5,4000.0,4000.0,3000.0,0.5,-3.0,-3.5,0.0,0.0,0.0,0.0,0.0,0.0,7978.0,0
3.307,19960.0,15973.0,11981.0,19956.5,15969.5,11978.5,4000.0,4000.0,3000.0,0.5,-3.7999999999992724,-4.100000000000364,0.0,0.0,0.0,0.0,0.0,0.0,7979.0,0
3.3080000000000003,19964.0,15977.0,11984.0,19960.5,15973.5,11981.5,4000.0,4000.0,3000.0,0.5,-4.600000000000364,-4.700000000000728,0.0,0.0,0.0,0.0,0.0,0.0,7980.0,0
3.309,19967.0,15981.0,11987.0,19964.5,15977.5,11984.5,3000.0,4000.0,3000.0,0.5,-5.399999999999636,-5.299999999999272,0.0,0.0,0.0,0.0,0.0,0.0,7980.0,0
3.31,19971.0,15984.0,11990.0,19967.5,15981.5,11987.5,4000.0,3000.0,3000.0,0.5,-7.0,-6.5,0.0,0.0,0.0,0.0,0.0,0.0,7981.0,0
3.311,19974.0,15987.0,11993.0,19971.5,15984.5,11990.5,3000.0,3000.0,3000.0,0.5,-6.799999999999272,-7.100000000000364,0.0,0.0,0.0,0.0,0.0,0.0,7981.0,0
3.3120000000000003,19977.0,15990.0,11996.0,19974.5,15987.5,11993.5,3000.0,3000.0,3000.0,0.5,-7.399999999999636,-8.299999999999272,0.0,0.0,0.0,0.0,0.0,0.0,7981.0,0
3.313,19980.0,15993.0,11998.0,19977.5,15990.5,11996.5,3000.0,3000.0,2000.0,0.5,-8.0,-9.5,0.0,0.0,0.0,0.0,0.0,0.0,7982.0,0
